AABB;5,288,289,293
AABC;278,339,345,348
AABL;27,28,42,419,421,423,449,458,469,471,482,502,599,609
AABR;284,376,384,509,527
AABS;22,24,379,523
AABY;329,331,335,337,408,471,502,538,548,556,599,609,619,639
AACC;56,59,668,676,686,688,694,703
AACI;77,688,716,759,760,929,930,932,934,937,943,985,987,988,994,995,1003,1005,1009,1018,1019,1028,1033
AACM;59,66,281,339,652,718,721,735,751,826,867,935,945,1011,1015,1016,1018,1098,1102
AACP;77,89,327,331,764,987,1028,1048,1053,1054
AACR;101,707,717,1102
AACS;63,67,81,104,720,799,802,810,834,984,1056
AACT;10,20,102,104,345,348,682,688,694,703,708,709,943,1009,1018,1033,1047,1094,1098,1122,1132
AACV;14,82,96,661,684,706,737,741,760,774,846,848,853,864,880,971,1028,1063,1083,1092
AACW;20,101,335,703,717,763,772,882,890,982,1047,1053,1054,1131,1132
AADD;105,350,352,353,716,1133,1134,1137,1138,1139,1142,1149,1150,1156
AADI;110,118,120,305,1150,1190,1203,1209,1334,1342,1351,1352,1357,1373
AADL;110,118,768,1275,1334,1339,1383,1385,1390,1401,1403
AADN;122,738,772,1133,1166,1175,1250,1254,1426,1429,1435
AADT;120,125,381,414,743,744,1172,1176,1184,1188,1276,1288,1299,1312,1357,1415,1418,1426,1429,1450
AADW;122,132,763,772,1176,1214,1254,1286,1410,1451
AAEL;419,423,449,458,460,462,474,477,482,841,1493,1603,1634,1688,1696,1706,1707,1747,1748,1752
AAER;1600,1669,1671
AAES;137,139,653,664,720,728,785,788,791,799,802,818,865,881,1145,1173,1205,1220,1242,1268,1473,1484,1507,1530,1532,1537,1586,1588,1618,1619,1621,1625,1634,1636,1649,1662,1664,1687,1696,1706,1707,1747,1748,1770,1814,1828
AAFH;144,1172,1846
AAFJ;
AAFL;28,143,419,421,423,502,503,505,903,1463,1493,1501,1830,1851,1856,1874,1879
AAFN;146,1832,1880,1881,1882,1883,1884
AAFR;505,905,906,910,1844,1851,1862,1870,1874,1875,1876,1880,1882
AAFS;720,909,1173,1270,1272,1507,1832,1881,1883,1884
AAFV;
AAGG;148,425,426,1513,1514,1886,1887,1888,1895,1896,1898
AAGH;108,149,151,375,749,1162,1521,1886,1913,1915,1920
AAGI;800
AAGJ;
AAGL;921,922
AAGM;1891
AAGN;286,375,1513,1895
AAGR;431,779
AAGS;22,63,379,523,802,1307,1537,1890,1900
AAHH;176,303,318,527,665,925,1135,1594,1903,2048
AAHK;184,534,1147,2086
AAHM;190,721,1193,1913,2049
AAHR;181,384,527,534,1147,1190,1198,1846
AAHS;1313
AAHT;10,190,196,532,542,676,940,943,1172,2049,2079
AAHW;180,184,982
AAHY;117,538,1199,1520,1848,2106
AAIM;548,826,1640
AAIR;209,211,1190,1209,1373,1500,1650,1866
AAIS;1832,2074,2298
AAJP;1045,1668,2178
AAJR;80,121,689,1215,1668,1870,2344,2348
AAJV;
AAKK;1669,1972,2357,2358
AAKL;2343,2374
AAKM;1042,1048,2187,2358
AAKN;122,994,1042,1048,2051,2086,2187,2344,2367,2368,2375
AAKP;331,764,1048,1053,1054
AAKR;159,1147,1381,1475,1669,2086
AAKS;802,1043,1537,1890
AAKT;317,782,835,2358
AAKV;2180,2203
AAKW;38,122,180,184,335,763,1047,1053,1054,1381,1926,2343,2374,2384,2393,2397
AALM;59,83,106,123,839,1225,1387,1476
AALN;2367,2423
AALP;608,1343,2233,2445,2461
AALR;1870,1875,2458
AALS;139,1748,2478
AALT;1,694,703,1009,1937,1942,2205,2266,2413,2469
AALU;680,922,1174,1239,1519,1737
AALV;14,1083,2461
AALX;423,481,482,619,1232,1607,1726,1748,2113,2466
AALY;1,223,329,502,538,619,860,2366,2469
AAMM;190,239,861,1011,1098,1637,1757,2493
AAMN;1476,1676,1764,2344
AAMR;2489,2513,2528,2529
AAMS;216,218,1270
AAMT;190,542,582,1098,1418,2349,2358,2493,2519,2523,2528,2529
AAMY;223,548,556,735,1018,1155,1246,1376,1421,1640,1767,2365,2366,2384,2431,2433,2489,2493,2519,2528,2529
AANN;400,629,1645,2166,2293
AANO;259,400,466,483,504,563,568,620,621,629,772,924,1012,1109,1111,1243,1335,1407,1410,1426,1429,1430,1432,1513,1552,1627,1645,1710,1875,1895,1943,1972,2066,2138,2140,2235,2268,2270,2295,2296,2367,2368,2423,2427,2498,2505,2506
AANP;1048,1072,2408,2445,2536
AANR;49,342,1396,1413,1432,1875,2344,2375
AANS;1832
AANT;1429
AANZ;155,629,738,1024,1109,1111,1175,1208,1254,1690,1720,1722,1795,1927,1955,2021,2166
AAPP;817,1119
AAPR;44,209,266,608,1445,2048,2470
AAPT;156,1565,1801,2079
AAPU;227,271,577,608,775,819,879,1045,1385,1455,1684,1713,1737,1965,2032,2291,2324,2408,2445,2536,2580
AAPW;491,882,1053,1054,1566,1577,2397,2416
AAPY;331,882,1054,1640,1670,1813,1950,2005,2010,2397,2511,2536,2581
AAQU;211,1033,1417,1456,1863,1920,2332
AARR;1008,1844,2258,2564
AARS;2411
AART;
AARU;211,275,384,527,623,707,775,981,1121,1129,1130,1866,1965,2032,2324,2399,2580
AARV;741,880,1807
AARY;101,742,1155,1246,1413,1432,1441,1449,1461,1517,1889,2489,2513,2556
AASU;218,1270,1419,1532,1586,1890,2012,2363,2377,2380,2496
AASV;193,210,256,543,1797,2290
AATU;271,275,643,981,1033,1045,1121,1122,1129,1130,1132,1239,1455,1665,1684,1737,1863,2314,2332,2386,2456,2572,2580
AATV;34,1083,1122,2203,2322,2332,2413
AATW;20,703,1047,1131,1132,1489,1573,1591,1593,2393,2529,2551
AATX;481,501,648,1371,1483,1490,1592,1664,1665,1726,2137,2142,2315,2316,2466
AAWW;1381,1451,1461,1752,1961,2374,2573
AAWY;101,117,132,147,335,882,982,1054,1131,1132,1199,1310,1331,1441,1449,1461,1593,2151,2341,2384,2393,2397,2529,2556,2573,2581
ABBE;278,286,2602,2651,2652,2677,2680
ABBL;5,6,2637,2723,2724,2726
ABBO;2641,2642,2723,2724
ABBR;280,284,290,2641,2704,2728,2733
ABBS;2608,2692
ABBU;2602,2612,2642,2652,2655,2677,2694,2698,2704,2705,2731,2733
ABBY;2724,2737
ABCH;
ABCK;2609,2612,2753,2754,2811,2842,2881,2882,2890,2891,2946,2948,2949,2952,2956
ABCN;309,330,342,2797,2838,2841,2950,2952,2963
ABCR;
ABCS;2600,2807,2837,2864,2865,2872,2880,2961,2965,2971,2974,2976
ABDE;
ABDI;305,352,385,2634,2775,2778,2779,2781,2786,3008,3010,3011,3176,3178,3179,3180,3181,3184,3185,3193,3202,3204,3206,3207,3213,3214,3225
ABDL;
ABDN;2634,2643,3010,3176,3178,3180,3184,3185,3202,3204,3232,3233,3244
ABDO;400,2642,2643,3194,3202,3244,3245
ABDR;21,284,376,384,397,2640,3267
ABDS;22,24,385,2636,2778,3008
ABDU;384,403,2642,2790,3184,3197,3232,3256,3267
ABDW;362,372,397,410,2785,3005,3023,3047,3059,3081,3099,3104,3155,3185,3204,3211,3228,3258
ABEK;2842,3318,3377,3599,3615
ABEL;466,469,482,3534,3642,3653
ABEM;2677,3296,3471,3473,3702
ABEN;309,436,442,459,486,3355,3385,3503,3519,3534,3621
ABEP;454,469,470,471,487,2669,3043,3087,3119,3130,3131,3286,3318,3319,3432,3460,3521,3534,3548,3604,3654
ABER;
ABES;2744,2807,2872,3278,3291,3464
ABET;3380
ABEU;422,450,2602,2655,2793,2813,2856,3289,3339,3388,3415,3419,3466,3467,3481,3587,3599,3606,3660,3671,3761
ABEY;3460,3466
ABFF;420,3377,3380,3783,3785
ABFL;28,504,2883,2886,2887,3788,3794,3801,3802,3803
ABFR;21,307,3383,3404,3405,3406
ABFS;424,2803,2888,3058,3402,3804
ABFT;2686,2882,2884,3175,3277,3380,3383,3391,3791,3801,3802,3803,3806,3807
ABGH;376,2890,3064,3065,3418,3825,3827
ABGI;29,513,2607,2634,2687,2689,2694,3176,3178,3184,3185,3186,3783,3809,3812,3836,3837,3838,3854,3855,3856,3876,3877
ABGL;29,513,2894,3187,3188,3812,3825,3855,3883,3884,3888,3889,3890
ABGM;3828,3837,3856,3883,3884
ABGN;2607,2634,2687,2689,3176,3178,3185,3783,3809,3836,3837,3856,3876
ABGR;284,376,509,3186,3855
ABGS;22,379,523,2807,2808,3278,3291,3384,3435,3464,3815,3816,3845,3881,3906
ABGY;522,3188,3460,3466,3890,3896,3897,3904
ABHI;3922
ABHL;30,538,3821,3825,3826,3922,3924,3942,3944
ABHS;
ABHT;381,538,542,3825,3914
ABHU;384,527,2602,2704,2762,2793,2813,3942,3955
ABIL;4008
ABIM;548,563,3010,3093,3423,3548,3837,3856
ABIN;2634,2687,2689,2706,2714,2996,3010,3066,3099,3176,3178,3185,3202,3423,3548,3783,3785,3809,3836,3837,3856,3876,3918
ABIO;446,563,568,2708,2714,2716,3093,3202,3216,3219,3471,3785,3798,3979,3994,4050
ABIR;3996,4062,4065
ABIS;3816,3964,3986
ABIT;34,328,571,2598,2836,3392,3569,3586,4055,4062,4065
ABJM;548,582,3837
ABJS;24,2837,3594,4069,4073
ABJU;3587
ABKL;4075,4076,4077
ABKN;2952,3232
ABKO;320,588,2753,2811,2839,2842,2890,2894,2900,2945,2956,3234,3318,3377,3604,3615,3914,3994,4075,4077
ABKR;3996
ABKS;3964
ABKU;2612,2754,2952,2956,3232,3482,3599,3615,3844,3915,3994,3998
ABKW;38,335,362,2753,2847,2903,3204,3518,3882,3921,4075,4078
ABLL;28,42,2723,3012,3236,3846,3999,4002,4007,4008,4096,4097
ABLM;43
ABLO;12,466,504,2722,2812,2839,2850,2853,2854,2894,3275,3604,3623,3633,3787
ABLS;
ABLT;
ABLU;2813,2856,3339,3587,3671,3787,3942
ABLW;38,42,482,3294,4008
ABLY;337,502,538,614,619,2973,4125,4146
ABMO;2641,2642,2714,2731,2828,2850,2964,3013,3093,3206,3216,3244,3245,3633,3700,3702,3798,4012,4113,4152,4157
ABMR;2641,2728,3013,3195,3898,4152,4155
ABMS;3247,4084
ABNO;400,504,563,568,621,3202,3244,3245,3254,3785,4108
ABNR;16,49,342,509
ABNS;
ABNT;381,436,530,592,605,3485,3621,3918
ABNU;3232
ABNW;2868,3099,3185,3204,3355,3593,3874,3904
ABOR;2728,2733,3798
ABOS;314,523,2807,2872,3464,4069,4073,4177,4180
ABOT;345,639,2909,3380,3465,3914
ABPR;44,454,470,487,2669,3043,3226,3249,3319,3336,3654,3736,3752,3901,4020,4062,4096,4155
ABPS;32,39,2921,2974,3906,3930,3952,4040,4063,4110,4143,4156,4177,4180
ABPU;577,2856,3130,3226
ABRS;
ABRT;3175,3186,3996,4044
ABRU;384,527,644,2655,2704,2733,2790,3267,3289,3415,3467,3761
ABRW;372,410,2785,3005,3059,3104,3228,3258,3882,3898
ABRY;3972,4106
ABSS;
ABST;
ABSU;3878,4198
ABSW;647,3816,4153,4180,4198
ABSY;2737,2922,3200,3253,3263,3804,3917,4180
ABTT;2598,2909,3872,4044,4179
ABTU;2754,4036
ABTY;408,538,619,2746,3803,3807,3957,3974,4103
ABZZ;3731,3876
ACCE;2742,2744,4201,4210,4211,4213,4219,4220,4237,4240,4241,4266,4273,4274,4278,4286,4287,4288,4289,4290,4301,4303,4307,4309,4310,4313
ACCK;2754,4265,4288,4322
ACCO;4211,4292,4294,4300,4303,4308,4383
ACDE;
ACDH;4224,4445,4702
ACDI;305,2775,4451,4704,4739
ACDK;763,764,4228,4229,4424,4447,4451,4457,4458,4695,4699,4766,4768,4769
ACDL;770
ACDO;772,774,4215,4228,4229,4424,4457,4458,4499,4517,4674,4768,4777,4778,4779
ACDR;717,770,775
ACDS;63,771
ACEF;794,4910,4917,4942
ACEG;278,778,800,801,805,4810,4917,4919,4973,4975,4983,4991,5000,5002,5008,5011
ACEH;4960
ACEK;801,833,835,2842,4265,4286,4288,5160,5163,5286,5287,5314
ACEL;
ACEM;794,864,867,5286
ACEN;661,794,864,4845,5286
ACEP;4286,4288,4917,4983,5160,5162,5287,5517
ACER;
ACES;314,2744,2872
ACET;2821
ACEV;661,864,4303,4795
ACFF;896,4910,4915,5586,5587,5588,5591,5592,5594
ACFL;901,903,904,905,5594,5642,5643
ACFS;2888
ACFT;2882,2884,4688,4691,4692,5586,5588,5594,5610,5621,5642,5643,5645
ACFU;4933,5594,5609,5632,5642,5643,5646
ACGH;749,2890,4955,4960,5659,5664,5665,5666
ACGL;914,921,2894,4699,5667,5729,5732,5739
ACGN;70,804,805,920
ACGR;
ACGS;63,750,911,919,2895,5654,5656,5749,5750
ACGY;279,5683,5739,5746
ACHI;749,4530,4816,4911
ACHK;2890,4447,5822
ACHL;72,957,5837
ACHM;5837
ACHN;5871
ACHO;4817
ACHP;
ACHR;
ACHS;
ACHT;
ACHV;971,5764
ACHW;982,5663,5786
ACHY;4264,5035,5052,5123,5786,5837,5872
ACHZ;72,5047,5094,5105,5109,5799,5836,5849,5855,5889
ACIL;5940
ACIM;1018
ACIN;994
ACIO;1028,4725,4730,4756,4983,5613,5626,5907,5964
ACIP;327,800,1028,2765,4319,4330,4704,4917,4983,5162,5255,5262
ACIR;
ACIS;4356,4391,5656,6097
ACJK;689,763,1042,4845,4988,5286,5676,6100,6101
ACKK;
ACKL;5936,5940
ACKM;944,945,1042,1048,1049,2946,4394,4457,4768,5051,5286,5314,5587,5730,5759,5822,5941,5942,5944,6111,6112,6121,6125
ACKP;331,764,801,833,1048,1051,1053,1054,4265,4286,4395,4458,4770,4847,5162,5314,5943,5944,5954,6132
ACKR;993
ACKS;
ACKT;317,782,835,1047,2609,2754,2882,2920,2945,2946,2956,5942,6103,6125
ACKU;2612,2754,2956,5057,5609
ACKW;763,1047,1053,5944
ACKY;2612,2886,2944,5683,5770,5936,5948,6109
ACKZ;2948,4451,6136
ACLL;2944,5732,6149
ACLM;59,83,84,2963
ACLN;2963,4773,6151,6152,6161,6162,6164,6165,6171
ACLO;2924,4292,4994,5373,5398,5733,6161
ACLP;
ACLR;2780,6193
ACLS;
ACLT;694,703,901,1047
ACLU;701,2849,2963,2973,5409
ACLW;703,1047,4737,5204,5696,5786,5940
ACLX;4866
ACLY;329,337,903,1063,1072,2886,2944,4199,4320,4363,5612,5786,5940,5971,5978
ACMO;281,4457,4768,4779
ACMP;89,1048
ACMR;1066,2947,4406,6123
ACMS;
ACMU;339,867,1100,2963,4406,5089,5456,5851,5852,6105,6153,6156
ACMY;1018,4741
ACNN;5793,5946,5970
ACNR;342
ACNS;81
ACNT;4765,6105
ACNY;706,1072,5035,5052,5247,5348,5393,5683,5872,5948,5978
ACOP;327,1028,4286,4458,4983,5517
ACOR;707
ACOS;314,1044,2872,5656,5749,6286
ACOT;1098
ACOX;2908,4756,5789
ACPR;4398,6193
ACPS;
ACPT;4387,5930,5954
ACPU;775,819,4258,4344,4553
ACPY;331,337,764,1054,1072,1088,5872,5948,5978
ACRR;342,343,1008,2789,2935,2979,4750,6132,6257,6263
ACRS;
ACRT;
ACRW;101,717,890,982,1131,2785,2979,4986,5270,5451,6214
ACRY;101,890,1130,1131,5574,5577,6093
ACRZ;88,1024,1080,4780,4790,5719,5799,5855
ACSS;
ACST;340,4356
ACSV;4791,6097,6225,6262,6278,6286
ACSW;2864,2880,4747,5007,5498,5522,5724,5749,6268
ACSY;4456,4459,4846,5749
ACTT;348,1097,5642
ACUY;1130,1132,2612,2973,4713,5123,5423,5443,5577,5643,5646,5872,5874,6227,6254,6255
ACVY;706,1063,2972,5393,5870,6148
ADDE;1134,1139,6317
ADDO;105,3012,4424,4442,4457,4458,6433,6440,6480
ADDR;4449,4453,6469,6474,6515,6518,6520
ADDS;3011,6466,6497,6498,6499,6500,6501,6515,6516,6519
ADDU;4445,4449,6437,6476,6520
ADDW;6477,6484,6485
ADDY;6317,6491,6494,6502
ADEF;6740,6779
ADEG;6569,6895,6917
ADEH;6585
ADEI;1200,6938,6947,6950
ADEJ;1215,4474,4591,4592,6600,7026,7027,7163,7166
ADEK;1200,6375
ADEL;6728
ADEM;
ADEN;1175
ADEO;4220,4499,4674,6395,6749,6789,6814,6917,7084,7126,7128,7131,7133,7324,7427,7429
ADEP;6731
ADER;
ADES;
ADET;
ADEV;6917,6938
ADEW;
ADEX;1145,6679,7103
ADEY;6317,6823,6917
ADEZ;738
ADFF;6735,6736,6740,7468,7469,7472,7473
ADFN;1175,6465,7481,7482,7488
ADFO;4499,4691,4692,6748,6749,6793,7473,7492,7494,7499,7504,7505
ADFR;7492
ADFS;1270,6463,6464,6466,7483
ADFT;1269,4688,4691,4692,6466,7471,7496,7504,7505
ADFY;107,4689,7482,7483,7488,7498
ADGI;2634,3067,3176,3180,3186,4515,4693,4694,4695,4696,6856,6857,6861,6862,7509,7513,7521,7522,7540,7557,7558,7559,7568,7583,7584,7586
ADGL;1275,1291,1296,4699,7480,7588
ADGN;375,2634,3176,3180,4468,4693,4695,4696,6569,7509,7513,7524,7557,7558,7559,7568
ADGO;1276,1279,4499,4517,4699,4701,6749,6917,7583,7588,7610
ADGR;3186,4701,6469,7512,7521,7522,7527,7550,7554,7583,7586,7588
ADGS;22,63
ADGU;7480,7524
ADGW;1291,1310,6484,7596
ADHJ;1317
ADHK;1147,4447,7651
ADHL;7482,7656
ADHN;4207,4525,6584,6585,6588
ADHO;7627,7673
ADHR;384,1147,1312,7521,7522
ADHS;112,115,1311,1321
ADHU;384,2762,3197,4445,4449,4500,4513,4553,4563,4713,6827,6836,7014
ADIK;2763,3086,6375,6502
ADIL;118,7745
ADIM;305,4690,4739,7704,7745
ADIP;2765,4759,6731,6844,7135,7540,7559,7568,7714
ADIQ;4760,6517,7062,7141,7715,7738
ADIR;7738
ADIS;2636,3011,7813
ADIT;1371,6491,6502,6950,7623
ADIV;1150,6861,6938
ADIW;1352,1373,2785,3211,3214,3228,4737,7696
ADIY;1355,2623,2639,6465,6491,6502,6851,7096,7162,7488,7540,7582,7714,7719,7736,7841
ADKN;122,3232,3233,4228
ADKR;386,1147,1381,7651,7725,7738,7882
ADKS;
ADKU;4599,4603,6772,7185,7192
ADKW;122,763,1381,3204,4229,7651,7883,7885
ADLN;6521,7482
ADLO;7473,7881
ADLR;768,1275,1294,1383,1390,7874,7898
ADLS;
ADLT;6523
ADLU;1385,1401,6562,6646,7875
ADLW;3214,4737,7875
ADLY;1400,1403,7482,7658,7916
ADMN;
ADMP;4778,7495,7559,7704,7755,7946
ADMR;2641,3013,3195,4231,4780,7874,7898,7944,7950,7951
ADMS;115,380,395,752,1425,6525,7618,7932
ADMU;1420,4739
ADMW;1410,1412,4779,7934,7950
ADNO;2643,3254,4228
ADNP;4778,6473,6489,7497,7559,7568,7569,7708,7821,7822,7981
ADNR;
ADNS;7813
ADNT;125,381,1429,4700
ADNU;369,403,1434,3115,7373
ADNW;122,1384
ADOP;1416,1442,1445,4458,4710,4770,4778,7677,7946,7972,7998
ADOR;1306,1390,1445,7874,7898,7945
ADOS;6667,7324,7873,7996
ADOT;1276,1299,1429,6933,6960,6998,7505,7668
ADOW;1451,3081,3259,4229,4779,6484,6998,7133,7429,7505,7883,7997
ADPR;1306,1442,1444,1445,4710,4770,7676,7891,7998
ADPS;1311,1380,6495,7684
ADQU;1456,4629,4760,6312,6646,6699,6700,6740,7062,7141,7374,7449,7715,7738
ADRS;
ADRT;1312,7530
ADRU;384,403,3267,4449,4713,7715,7738
ADRW;2785,3228
ADRY;107,1461
ADSS;1160
ADST;
ADSW;
ADSY;3263
ADTU;1455,6700,6726,7530,7610,8003
ADTW;1269,4737,6523,7505,7581
ADUY;4713,6802,7388,7405,7663,7672
ADVY;6724,6917,7199,7719
ADWY;132,1310,1352,1441,1461,4775,7582,7596,7744,7841,7972
AEEG;778,1162,3014,4812,6577,8091,8129
AEEJ;4845,6600,8285,8286,8287
AEEK;1465,6625,6626,8011,8094,8226,8227,8293,8294
AEEL;4800,4839,8227,8363
AEES;2644,2645,3278,3280,3298,3307,3374,8093,8168,8204,8210,8222,8445,8484,8538
AEEV;4795,4893,8282,8284
AEEW;1487,1489,3023,3286,3355,3374,6538,6625,6626,6675,6676,6722,6725,6727,8024,8033,8038,8059,8074,8222,8277,8325,8523,8528,8530,8531
AEFK;3377,8553,8555
AEFL;1463,6728,6743,6779,8036,8580,8595,8596,8599,8627,8713
AEFM;794,4801,8577,8739
AEFN;4942
AEFR;
AEFS;8628
AEFT;3277,3380,8030,8053,8555,8585,8589,8604
AEFV;4935
AEFZ;8586,8599,8618,8650,8663,8698,8703,8729,8770
AEGG;425,426
AEGL;8595,8985
AEGM;1560
AEGN;134,1524,1566,8937
AEGP;3460,4917,4977,4983,5000,8868,8940,9077
AEGR;
AEGS;1537,3280,3435
AEGT;4975,8823,8828,8917
AEGU;422,1519,1581,3466,4918,4998,8898,8985,9010,9067
AEGV;9145
AEGW;1499,1566,1573,1591,1593,3286,8033,8074,8081,8595,8807,9093,9109
AEGY;1581,1593,3460,3466,6823,8857
AEGZ;8163
AEHK;8178,8825,9197,9275
AEHL;8825
AEHM;9356
AEHN;1195,1614,8074,8851,9360
AEHP;6980,6992,6994,8209,9248,9253,9341,9360
AEHR;9195,9245,9255,9275
AEHS;
AEHT;9248,9253
AEHV;6938
AEHW;4960,8074,9358,9360
AEHY;3303,4264,5046,5093,5115,5123
AEHZ;3478,5047,5094,5109,8174,8833,9253,9356
AEIK;1200,3086,3304,3515,3518,4265,5160,5162,5163,5169,6375,6938,8871,8873,9516,9524,9537
AEIL;8627
AEIM;3471,3473,9686,9691,9702
AEIN;439,1524,3427,3431,9454,9455
AEIV;6395,6861,6938
AEJK;4845,4988,5286,5287,9467,9468,9880
AEJN;1667,3593,4845,5286,5295,6406,7027,7166,9469,9470,9881,9886,9893
AEJP;5287,5288,5298,9880
AEJT;1667,3026,5298,5299,6600,7166,9880
AEKK;1200,1669,1670,3599,4593,8292,8293,8984,9484
AEKL;8011,8094,8985,9904,9914
AEKM;5051,5286,5314,9467,9490,9904
AEKN;5286
AEKP;3616,4265,4288,5155,5162,5163,5301,7178,8871,9490,9915
AEKR;1600
AEKS;1537
AEKT;782,3086,3482
AEKW;3518
AELL;1689,1690,1697,9286,9289,9987,9990,10029
AELM;1688,9987
AELN;
AELO;460,660,1501,1726,2839,3275,4269,4989,4998,5398,8627,8985,9484,9500,10162
AELP;
AELR;
AELS;
AELT;
AELV;
AELW;482,1752,9987
AELX;423,482,1607,4866,8341,9987,10130
AELY;1752
AELZ;1690,1722,8698,8703,10219
AEMM;861,1755,1756,1757,10243,10246,10248
AEMN;794,1676,1756,5286,9886,10260,10261
AEMR;
AEMS;
AEMT;3702,8917,9691,9692,9702
AEMW;1704,8302,8557,8702,8739,8807,9295,9350,9987,10297
AEMX;3531,3591,5178,5221,8341,9087,9691,9702,9987,10349
AEMZ;2677,5094,8703,9886,10261,10319
AENN;486,3355,8307,8408,8809,9096,10260,10261
AENO;8408,10260
AENP;8083,8829,8940,9077,9338
AENR;9893
AENS;
AENT;
AENU;1682,1756,7373,8289,8446,9673,9685,9942,10260,10368,10406
AENV;661,1779
AENW;486,1566,1573,2868,3355,3593,8074,9093
AENY;4880,5226,5247,5295
AENZ;738,1175,1690,1722,1795,6788,6910
AEOR;1803,8147,9393,9893,10364,10391,10397,10398
AEOT;1702,1726,1757,1767,3380,3702,6933,7262,9691,10059
AEOZ;
AEPP;817,4829,5037,5517
AEPR;
AEPS;10548
AEPT;1595
AEPV;4277,5262,8209,10188
AEPX;1607,1630,6994,8341,9596,9818
AERR;
AERS;
AERT;
AERU;5456
AERV;
AERW;
AERY;
AERZ;1741,9893,10148
AESS;9829
AEST;
AESU;7170,8484,8536,9864,10487,10556
AESV;
AESW;5522,8038,8551
AESX;1145,8204,8445
AESY;8538,9979
AESZ;10548
AETT;1591,8143,8163,8474
AETW;1573,1591,1593,3691
AETY;1240,1593,4590,4936,5046,5115,6426,6823,6883,7162,8573,10165
AETZ;1534,3478,3569,5047,5094,7161,7300,9253,9446,9725,9854,10192,10219
AEUV;3761,4563,4674,4795,5057,5562,7373,8209,9767,10406,10418
AEUX;1592,1665,5285,5540,5576,6726,8283,8526,8536,9428,9864,10460
AEVW;8568
AEWW;1752,6727,7133,7429,7461,8530,9856
AFFF;4910,8539,10596
AFFG;3783,7468,10596,10598,10599,10600,10601
AFFH;7469,10603
AFFN;420,1829,1833,3783,3785,7468,7469,7472,10596,10598,10599,10600,10603,10608,10614,10625
AFFO;3377,3380,3785,4910,4915,5595,7469,8553,8554,8555,8568,10616,10623,10624,10625
AFFR;4912,4915,5592,8539,8547,8549,8554,8566,8569,10609,10614,10616,10617,10623,10625
AFFW;8568,10600
AFFY;5592
AFGL;1170,1463,1842,3788,6743,10640,10646,10648,10649,10650,10652,10654,10656,10657,10680,10684
AFGN;
AFGO;4499,6749,8574,8577
AFGR;8029,8575,8602,10684
AFGS;3384,8032,8601,10632,10645
AFHK;10694,10710,10711
AFHL;7481,7482,8615,8617,8618,10603,10695,10697,10715
AFHS;5599,6463,7484,10632,10633,10691,10701,10707,10709
AFHT;144,10638,10711,10715,10718,10719,10720
AFHU;6755,7481,10694,10698,10702,10711,10720
AFIK;2881,2882,5587,5608,5610,10694
AFIL;1830,1856,3784,8036,8654,8655,10697,10756,10763
AFIN;1858,3785,6465,10698
AFIR;7492
AFIT;2882,2884,3392,4238,4688,4691,4935,4936,5586,5588,5610,8589,10606,10676,10730,10739,10742,10755,10763,10773,10793
AFIW;1867,8036,8612,8648,8655,8668,10600,10644,10656,10664,10744,10754
AFIX;3389,8649,8669,10755
AFKL;
AFKN;2881,5608,10678
AFKS;
AFKW;8689,10797
AFLL;28,143,901,902,903,1869,3799,5633,7480,7493,10597,10680,10681,10804,10808
AFLM;1842,1874,4690,7494,7495,7496,10608,10649,10745
AFLN;7472,7481,7482,7497
AFLO;504,1501,3275,7497,8713,10797
AFLP;904,1503,1874,5636,6779,7495,7497,8596,8713,8719,8721,8722,10621,10829,10837
AFLR;905,1874
AFLS;
AFLT;5588,10654,10697,10723,10725,10739,10745
AFLU;1856,3394,8698,8703,10743,10756
AFLW;1505,1869,3802,5636,8036,8045,8595,8648,8713,10697,10754,10815,10828,10835
AFLX;423,1830,3389,8049,8649,10755
AFLY;502,903,4320,5613,5633,7482,10680,10681,10756,10804,10810
AFMO;7494,8577,8739,10812
AFMR;1874,1880,10798,10850
AFNO;504,1875,3785,5603,5621,5622,8706,8745,10812,10859,10861
AFNS;909,1881,1883,1884
AFNU;3390,4933,5603,5646,7481,10861
AFNW;10600,10644,10664,10675,10859,10860,10861
AFOR;10775,10864
AFOS;8628
AFOY;3807,5613,5626,5633,8745,10631,10797,10804,10867
AFPR;1862,1874,5628,7508,10623,10667,10837,10864
AFQW;
AFRS;
AFRT;144,1880,1882,10850
AFRU;10617,10638,10711,10788,10799
AFRY;
AFRZ;8047,8618,8729,8770
AFST;1272,1871,1881,1883,1884
AFSU;8032
AFSW;
AFSY;1884,10699,10709,10790
AFTU;1863,3277,5604,5651,7508,8058,8589,8768,8769,10638,10711,10788,10793,10799,10850
AFTW;3802,7505,10719,10828,10860,10861,10867
AFUX;
AFWY;147,1867,10709,10867
AGGH;108,1274,1886,7510,8780,10879,10892,10893,10894
AGGI;748,3812,10897,10903
AGGJ;1887,10880,10897,10903
AGGM;426,1891,3411,8577,8780,8807,10947
AGGN;148,1513,1886,1898,7510
AGGO;1276,1895,7510,10903,10954
AGGR;
AGGS;1892,10630,10945
AGGU;
AGHN;150,1913,8846
AGHR;3829,5664,7527,7528,11029
AGHS;8075,10632,10961,10973,10991,11012,11020
AGHT;3825
AGHU;1920,6827,7520
AGIL;11063
AGIM;11131,11225,11227
AGIN;2634,2689,2694,11083
AGIO;1963,3838,6853,10676,10903
AGIR;2648,3067,6469,6856,7586,8090,8541,8588,8970
AGIT;3877,4975,8917,11330
AGIV;6861,10888,10941,11207,11232,11265,11321,11323,11327
AGIY;1960,4981,5683,6851,7540,8922,8933,8970,10677,10960,11100,11115,11117,11227,11252,11325,11326,11327,11339
AGJO;3838,10903,11019
AGJS;8093,8981,8982,8983,10645,11089,11093,11347
AGJU;11087,11094
AGKN;8984,10678,11354,11356
AGKO;1972,1974,1975,2890,3434,3882,4517,4991,4992,5730,5731,8984,8989,10679,11117,11358
AGKS;802,1973,3845,8986
AGKU;3433,3844,11087,11113,11119,11128,11349,11355
AGKW;3882,11358
AGLL;3883,5729,5732,7480,11361,11363,11370
AGLM;914,1292
AGLN;3884,11361,11390
AGLO;4955,4993,5739
AGLS;
AGLU;3188,5732,9067,9068,11365
AGLY;5739
AGMN;
AGMO;5730
AGMP;2005,9011,9077,11021
AGMR;11225,11227
AGMS;
AGMU;158
AGMY;10949,11224,11227,11375
AGNN;8809,8846,9096
AGNO;1972
AGNP;8135,9020,9077
AGNR;
AGNS;
AGNT;
AGNU;5726,11087,11119,11128
AGNV;2027,10888,10902,10941,11083,11085,11207,11232,11265,11321,11323,11327
AGNW;1566
AGNY;11252,11327,11390
AGOP;1514,3460,8857
AGOR;7527,8147,11358
AGOS;523,3464,10961,11043
AGOT;1276,1288,3830,3877,11330
AGOY;2010,3460,3466,3890,5739,9087,11375,11395
AGPS;1938
AGPU;1965,5732,11021,11045,11152,11355,11365
AGPW;1566,3286
AGPY;2005,2010,3460,6479,7540,8857,9077,11045
AGQU;1581,1920,11119
AGRS;
AGRT;
AGRU;173,1965,2017
AGRV;1993,2027,5731
AGRY;10677,11227
AGSS;
AGST;
AGSU;919,3878,10602
AGSV;
AGSW;512,1921,1967,10602,10961,11229,11340
AGSY;
AGSZ;523,1897,2009,10944,11407,11432
AGUY;1581,3466,8970,9067,9068,10681,10963,11045,11287,11393,11456
AGYZ;8979,11252,11326,11327
AHHO;3191,3914,5753,5755,6932,6933,7618,10961,11485
AHHS;3191,3913,3916,5012,5014,5754,5755,7617,7618,7619,7620,8168,9181,10632,10891,10959,10961,11472,11478,11482,11483,11490,11494
AHHT;3914,3915,11485,11491
AHIJ;5766
AHIK;8825
AHIL;2057,2058,3922,9223,10603,10695
AHIM;2066,2068,6943,10698,11477,11544,11573
AHIN;181,1846,2050,2058,2066,2068,2070,2071,3922,10603,10695,11532,11533,11604
AHIO;2053,2066,2070,3471,3922,6943,7627,7640,9212,9245,10983,11515,11558,11559,11560,11574,11596,11611,11613
AHIR;181,1846,7521,8612,9195,9245,9246,9255,11474
AHIS;8613,10632
AHIU;4333,9223
AHIY;2701,5035,5795,6491,9204,9231,9266,9268,10694,10699,10709,10960,11608,11613,11626
AHJJ;
AHKL;8825
AHKN;534,2086
AHKO;320,2053,2811,2890,2900,3914,3939,4336,4447,4817,5053,5822,5827,6959,6960,7651,10710,11515,11644
AHKP;11647
AHKR;534,1147,1600,2086,7651,8178,8179,9275,10710,10969,11474,11644
AHKS;
AHKT;3482,3914,3915,6960,8178,11647
AHKU;3915,11647
AHKW;180,184,7651,10971
AHLL;5022,5058,5776,6963,9290,10695,10974
AHLM;5837,7656,11544
AHLO;3942
AHLR;3826,3944,10712
AHLS;
AHLT;
AHLU;3942,11690
AHLY;1848,5837,5839,7482,7655,7658,11657
AHMO;11515,11574,11693,11697,11702
AHMR;11707
AHMS;
AHMT;190,542,11693,11697,11702
AHMU;9356
AHMW;9295,10990
AHNO;2066,2070,2140,9334,9336,9337,9359,9360,11515,11574,11596,11702,11703,11730
AHNR;181,534,1614,1846,2114,2140,2142,2143,3494,3829,7671,9334,9339,11603,11703,11707,11735
AHNS;
AHNT;7671,11680,11702,11730
AHNU;11732,11733
AHNW;2114,4708,9358,9360,11730
AHNY;972,2143,2906,5872,5874,11603,11608,11657,11733,11735
AHOP;2048,2070,2128,6932,6980,6992,6993,6994,7632,7673,7676,7677,8857,9306,9307,9341,9359,9360,9385,10718,10720,11546,11577,11611,11613,11702,11745,11747
AHOR;9245,9275,9392,9393,10994,11611
AHOS;10961,11043
AHOT;3830,3914,3957,6494,6933,6960,6993,7640,7668,7673,9336,9341,9359,10718,10719,10720,11034,11574,11693,11697,11702,11730,11747
AHOW;3081,7526,7528,7651,9270,9360,9393,10961,11020,11617,11730,11747
AHOX;2908,3942,5789,8851,10995,11613,11729
AHOY;3957,5115,6314,6494,7634,7655,7658,9337,11613,11657,11697
AHPR;194,2048,2150,7676
AHPS;11759
AHPT;194,2078,2079,2150,3487,7673,7676,8183,9214,9248,9253,9307,9341,10718,10720,11045,11563,11647,11680,11702,11745,11747,11755
AHPU;819,959,4258,4344,4349,4553,5809,5857,8209,10720,11021,11045,11647,11732,11733
AHPW;2150,2151,5810,6999,9295,9360,9397,11623,11683,11747
AHRS;
AHRT;3944
AHSS;5816,10704,10721,11614,11627,11742
AHST;
AHSW;10961,11748
AHSY;11007,11608,11759
AHTT;196,532,542,2909,5827,11009,11523,11540,11638,11717,11730,11747
AHTU;981,5604,5890,10720,11754
AHTW;10719,11010,11638,11684,11730,11747
AHYZ;9290,11608
AIIL;9194,9430,9437,9438,9439,9441,9442,11497,11771,11800,11808,11809
AIIN;1923,2167,2169,3504,3834,3835,3836,3963,3979,3980,9437,9438,9453,9455,9456,9458,9461,10639,10641,10643,10644,10900,10901,10902,10965,11072,11073,11080,11081,11082,11083,11084,11085,11770,11785,11798,11801,11802,11803,11804,11833,11835,11843,11844
AIIX;546,5927,5933,7714,9438,9461,10606,11082,11771,11813
AIJL;990,2172,3982,3983,8627,9467,9469,11857
AIJO;2919,3838,3984,10903
AIJS;991,1852,2171,2175,2177,2179,10645,11093,11853,11862,11863
AIKK;9484,11099,11100,11864,11869,11870
AIKL;5936,5938,5940,7725,11864,11882
AIKM;2187,5587,5944,7728,11775
AIKN;994,2187,5608,5899,9521,9524,10731,11775,11866
AIKP;4265,5162,5944,8868,9512,11053
AIKR;3304,3515,5770,8873,9524,11474
AIKS;
AIKT;5610,6502,11896
AIKU;11882
AIKV;2180,2203,5682,6938
AIKZ;1927,3996
AILM;11961
AILN;11534,11770
AILP;2256,11781
AILR;11932
AILS;
AILT;1942,2205,10654,10745,10911,11147,11158,11944,12021
AILV;11771
AILW;1352,2257,3211,3214,4008,4009,4737,5786,5940,7696,10744,10754,11784,11944,11949,12014,12026
AILX;4008,11192,11771,12027
AILZ;547,2164,2248,4018,5976,6004,11195,11560
AIMM;1011,1282,2267,3856,5701,7557,10914,10987,11090,11196
AIMN;10698,11477
AIMO;564,2828,3471,4039,4360,4373,9686,10727,10747,10765,11580,11961,11966
AIMP;7704,9686,9702
AIMR;
AIMS;10727,10765,10772
AIMX;2279,5221,8251,9683,9702
AINN;994,1858,2187,2293,5793,11592,11594,11775,11776,11815,11833,11835,11874,12138,12140,12142,12143,12144
AINO;568,2708,3785,9742,9743,10700,11596,11837,12161,12162
AINP;6489
AINR;
AINS;7813
AINT;11770,11803,11835,12148
AINU;1858,6391,7083,9673,10887,10917,10928,10941,11094,11287
AINV;10888,10902,10941,11083,11085,11232,11321,11323,11327
AINW;8265
AINY;1014,1355,1960,4981,5035,5245,5590,5683,5795,5948,6465,6851,7841,8933,9231,9684,11100,11115,11117,11825,11835,12144
AINZ;2169,4018,11506,11596
AIOT;1963,8643,9623,9797,10676,11560,11596,11837,12021,12148,12218
AIPP;2178,5254,5713,6039,7134,7568,7822,9803,10925,11091,11208,11237,11269,11271,11272,11273,11274,11330,12149
AIPR;209,11623,12198
AIPS;
AIPT;156,1371,2079
AIQU;1863,2332
AIRS;
AIRT;12234,12243
AIRV;10766
AIRW;2785,3211,5166,7696,8612,9536,10754,11189,11192,11623,11907,12014,12026
AIRY;2720,2940,6091,6093,11227,12116,12118,12123,12214
AIRZ;2164,3996,4058,6004,10786,11914,11932
AISS;8836,8973,9829,9857,9859,11098
AIST;4281,4356
AISV;
AISW;2159,2661,9859,11773
AISX;1657,3577,8552,11317,12192
AITT;532,2598,4045,7799,10773,10793,11638,12218
AITU;1665,1863,2332,3586,4036,5285,6009,8283,9632,9853,9854,10785,10788,10793,11851,11896,11914,12021,12048,12049,12218,12243
AITV;34,2084,2332,4055,11265,11323,11324,11339,11591,11824,12098,12148,12227,12243
AITW;4737,5810,11638,11944,12218
AITX;1371,2279,2315,2316,2341,5801,5933,7830,10606,11594,12160,12208,12243
AITZ;1534,2079,2308,3478,3569,3996,5047,7161,8174,9253,9446,9692,9725,9854,10786,11266,11326,11506,11560,11590,11591,11596,11844,11914
AIVV;2170,3547,9643,9770,9838,11083,11183
AJKR;689,2086,2344
AJKS;215,2087,4070
AJKU;9880,11087,12250,12251
AJLR;1870,3982,5291,7874,8980,12254
AJMS;216,217,218,991,2342,2346,2350,10645,11342,11853,12259
AJNN;6101,12250
AJOS;2351,2352,3595,4069,4070,4073,5292,5293,6102,7876,7878,9891,12256
AJOT;2349,5294,6103,7722,11855
AJPR;11092
AJPS;6102,7878,11093,12259
AJPU;1045,5298,6106,9880,11094
AJRS;7876,11345,12261
AJRU;7877,7879
AJSS;1043,2345,3598,7170,7880,8285,8287,8982,9884,9888,9894,9895,11098,11858,12252
AJSW;9884,9900
AJSY;2350,7878,11347
AJXY;
AJYZ;
AJZZ;2347,5935,9886,11097
AKKO;1972,3879,6107,7881,8292,8293,8984,9484,11864
AKKR;2357,5819,11099,11474,11866
AKKS;
AKKY;7881,11100,11870
AKLN;2367
AKLO;2722,3989,4075,4076,4077,7725,7881,9484,9499,9500,9904,9912,9914,10730,10797,11864,12278
AKLP;7178,9915
AKLR;3989,4076,4078,4392,5631,5938,6112,6115,6117,6118,7725,7882,11884,12275
AKLT;2945,4076,4077
AKLU;2366,7882,9904,11882
AKLW;38,1047,2343,2374,4075,5940,6100,6118,10797,11106,11107,11881,12275
AKLY;223,2343,2366,2374,5940,6107,11107,11514,11881,11882,11886,12266
AKMO;4457,4768,5730,5822,6111,6121,6125,11354
AKMR;2947,6123,7882,10798,11648,12286
AKMS;12272,12294
AKMW;5944,8302,9516,12285
AKNO;1972,2367,4228,6101,6111,11117,11515
AKNP;1048,11053
AKNR;2086,2344,2375,11866
AKNS;
AKNT;10796,12251
AKNU;1682,2386,3115,3232,6772,7185,7198,9942,12250,12251
AKNW;122,3204,12285
AKNY;5948
AKOP;4395,4458,4770,6132,12304
AKOR;10710
AKOS;4287,7873
AKOT;2358,2945,3914,4077,5827,6103,6125,12267
AKOY;3234,4336,6107,6109,7881,9912,10710,11117
AKPR;3616,4395,4398,4770,6132,12275,12301,12304
AKPS;
AKPU;227,3616,12304
AKPW;1053,5162,5944,9536
AKRR;6132,6134,10799,11358,11644,12304,12305,12306
AKRS;
AKRT;
AKRU;2357,4398,5631,7882
AKRW;1381,2384,2397,4078,11123
AKRY;5770,8987,10710
AKSS;1379,2345,12252
AKST;
AKSU;2363,2377,12270
AKSV;8300,9922,9962,12284
AKSW;11773,11911
AKSY;41,1973,7202,7690,7744,9967,9971,11886,12313
AKTU;2386,2754,3482,3915,9942,11896,12251
AKTY;6502
AKUW;2903,11128
ALLL;2204,2205,4091,7653,11129,11781,11915
ALLM;9987
ALLO;2723,3520,9999,10597
ALLP;4002,5732,10736,10739,11132,11781,11919,12321,12328
ALLS;
ALLT;229,694,901,1058,1697,1977,2205,2210,2725,8040,8294,10739,11361,11919,11944,12335
ALLW;4008,9987,11784,11944
ALLY;10738,11930
ALMM;4107
ALMO;4012
ALMP;12318,12366,12370,12383,12384
ALMR;
ALMS;
ALMT;10745,11147,11769,11792,11919,11955
ALMU;
ALMY;223,2366
ALNO;504,2367,6161,6164,6169
ALNP;1072,2113,11671
ALNR;1396,3982,4019,6521,11801,11991
ALNT;5841,7922,10654,10723,10745,10911,10978,11059,11105,11147,11158,11361,11534,11770,11792,11803,12335
ALNU;
ALNW;1384
ALNX;202,1232,2113,10105,10121,11995
ALOO;2367,2370,6115,6161,6162,6163,6164,6176,6492,11684,11864,12338,12399,12406
ALOP;2461,2462,4129,10621
ALOR;2248
ALOS;
ALOT;9500
ALOV;1394,4113,12405
ALOW;10754,10797,10815,10828,10835,11683,11684,12014,12026,12275,12455
ALOZ;2248,11560,11932,12429
ALPP;6174
ALPS;
ALPT;
ALPU;1385
ALPW;2416,5636,8713,9295,11683,12275,12370
ALPY;4021,5978,7783,10621,11881,11986,12400,12412,12429
ALRS;2473
ALRY;
ALSS;
ALST;
ALSU;11942
ALSV;
ALSW;
ALSY;
ALTU;2439,2446,2456,12048,12049,12335,12393
ALTW;703,1047,1269,1942,3668,3802,4737,6425,7250,7273,10828,11684,11944
ALUU;1877,1992,2445,4115,4145,5641,7875,7919,7922,8711,9067,10028,10107,10117,10149,10839,11688,11948,12328
ALUV;2216,10743,11787,11936
ALUW;4134,7875,12026
ALWW;1752,2374,11184,11944
ALWY;4775,5786,5940,11107,11881
ALYZ;1722,4033,6004,6188,6427,6662,7075,7232,9290,11857,12332,12429
AMMO;1757,10246,10248,11542,11945,12481,12482
AMMR;239,861,1011,2219,2375,8406,10246,10248,11196,11945,12477,12481
AMMS;
AMMU;339,1756,4107,12480,12482
AMNO;4081,8408,8410,10260,10261,12489,12498
AMNS;
AMNU;1756,9673
AMNW;1676,1915,7754,8302,10297
AMNY;4741
AMOR;2641,2728,3013
AMOS;6525,6667,7319,7703,7795,10303
AMOT;1098,1757,2358,2522,2731,3702,4402,4405,8419,9341,11693,12267,12482
AMOU;2522,2731,3702,8739,10260,12482,12495
AMOW;4779,8739,8807
AMOX;8410,9087,12489,12533,12545
AMOY;2010,7325,9087
AMPR;10623,12503,12505
AMPS;216,2350,8412,10268,10303,12479,12534
AMPT;230,1703,4405,8917,9341,9345,9580,9702,10066,10283,10332,10333,11647,11919,12383,12482
AMPU;7946,8427,10330,10333,11425,11487,11647,12482,12507
AMPV;7704,11211
AMRS;
AMRT;582,12396
AMRU;8566
AMRW;1704,11215
AMRY;2508,2513,11216,11707,12258
AMSS;
AMST;
AMSU;218
AMSW;
AMSY;
AMTT;542,2528,4044,4045,7799,10773,12111,12393,12493,12544
AMTU;2731,3702,4036,4118,6105,8427,10854,11896,12251,12389,12393,12482,12544
AMTY;
AMYZ;
ANNO;629,4085,4162,8408,8439,9939,10260,10261,10368,12399,12495
ANNS;7763,7813,7817,10774,10778,11592,11593,11797,11834,11899,12129,12142
ANOR;2140,9893,10391
ANOS;12155,12161
ANOT;1429,7640,7722,11596,12148
ANOV;1394,2140,5870,6164,6169,7970,12405
ANOW;3593,10861,11730
ANOX;2643
ANOZ;1109,1111,11596,12083,12502
ANPS;11701,12479
ANPT;2046
ANPU;6441,7373,11732
ANPW;1566,9595
ANRS;
ANRT;
ANRU;
ANRW;
ANRY;11707
ANSS;12287
ANST;
ANSU;
ANSV;193,256,543,6173,11737
ANSW;
ANSY;2538
ANTU;12335
ANTV;4055,8145,8474,11265,11321,11324,11803,11824,11843,12098,12148
ANTW;2551,10860,10861,11730
ANUU;1877,2445,7607,7919,7922,8711,10107,10117,10406,11609,11700,11732,12099
ANUY;5646,6227,7405,7663
ANVY;706,2410,5393,5870,7199,9955,9998,11301,11327,12164
ANWY;1441,7841
ANYZ;1722,6255,12332,12517
AOPR;266,1442,1445,2048,7842,7844,10623,11577,12198
AOPS;4156,4177,12259,12479,12535,12638
AOPT;3906,10718,10720,11458,11747,12482,12535,12638,12641
AOPU;4344,5485,5523,6211,7946,8448,10388,10720,12482,12507,12641
AORR;1802,6132,6257,6263,10390,10391,10494,12146,12196,12198,12207,12208
AORS;
AORT;
AORU;707,1725,2733,2875,2937,3737,8365,9393,10090,10149,10494,10502,10806,11618,12255,12415,12416,12445,12614,12656
AORV;2140,2296,5731,6045,7124,7828,8147,8482,10274,10306,10391,10505
AORW;8753,9393,10152,10479,10754,10835,11189,12014,12026,12343,12455
AORY;7426,12651
AOSS;2566
AOST;12640
AOSV;2571,4791,6262,6286,7996
AOSY;2736,3263,8002,12461
AOTU;7777,7852,10140,10163,10494,10503,12482,12614
AOTY;639,2469,2572,2573,3807,3957,4103,5115,5408,10165,10867,12352,12353,12354,12461,12621
AOVW;8568,11267
APPR;267,2470,2471,11269,12035,12661
APPS;11458,11731
APPU;227,249,1420,7946,11732,12661
APPY;
APRR;6132,6257,6263,7844,11275,11424,12198,12222,12661
APRS;
APRT;
APRU;2470,4398,6193,12661
APRW;2397,11623,12275
APRY;
APSS;
APST;3906,11458,12638
APSU;
APSV;12443
APSW;3748,5522,7434,7991
APSY;9701,11759
APSZ;5261,5956,10187,10303,10415,10425,10484,10518,10538,12018
APTU;271,1455,10720,11045,11851,12482,12641
APTY;11045
APUY;6080,11045,12636
APUZ;
APWY;882,2151,2416,2581,7972,11288,11623
AQST;6516
AQTU;1863,2332,6220,11896,12048,12049,12292
AQUY;1581,3671,5123,5423,10012,10555,10756,12049,12672
ARRY;11291,12050,12184,12359
ARSS;252,2480,2591
ARST;
ARSU;
ARSV;11737,12284
ARSW;1921,2587
ARSY;
ARTT;
ARTU;7852,12243,12614
ARTW;2307,2551,6214,10860,11298,12159
ARTY;11339
ARTZ;1741,3996,7951,9854,10148,10219,10786,10866,11844,11914,12234
ARUV;644,1129,3761,5562,5575,8466,9767,10418,10447,10586,11618,12056,12243,12655,12656
ARUW;4078,4134,8769,11300,12026
ARVY;2419
ARWY;101,147,982,1310,1331,1441,1461,2397,6253,11302,11623,12592
ARXY;276,9818,10398,10543,12533
ARZZ;1424,3267,11303
ASSS;2152,2584,2740,7723,7807,10768,11449,11480,11530,11723,11762,11768,12235
ASST;
ASSV;
ASSW;2591
ASSY;4459
ASTT;1883
ASTU;
ASTV;4791,6262,6278,12618
ASTW;6135
ASTY;
ASUV;2290,6063,6225,6286,7996,12103
ASUY;2340,2402,3917,10235,10592,10843,12249,12362,12677
ASVV;2570,8485
ASVW;1460,11316
ASWW;10943,11229,11625
ASWY;7744,8538,12313,12646
ASYY;1425,1454,2488,3263,4143,7013,7988,10542,10844,11407,11422,11759,12300
ATTT;196,649,2266,2313,4190,5757,9179,10332,11319
ATTU;271,894,1097,1455,5642,10238,10793,11851,12048
ATTW;1591,1815,4179,5147,9383,11638,11730,11747,12218
ATUV;1122,1129,2332,4764,6098,12243,12655
ATWY;1132,1593,2341,2573,7162,10867
AVWY;
AWXY;2341
AWYY;132
AWZZ;4198,6136,11329
BBBI;2598,12691,12696
BBCO;12697,12702,12710,12717,12720
BBEI;12698,12704
BBEL;12858,12861
BBES;12716,12779,12809,12893,12895
BBIJ;12904,12908,12940
BBIS;2608,2692,2701,2709,2713,12719,12899,12916,12919,12921,12922,12923,12925,12926,12927,12928,12929,12937,12938,12939,12944,12949,12950
BBLO;2722,2723
BBLU;12768,12834,12858,12911,12957
BBMO;281,2641
BBOO;12776,12933,12958,12969
BBOS;12682,12693,12695,12774,12802,12809,12813,12826,12916,12921,12922,12923,12926,12927,12941,12950,12974
BBOU;2698,2722,2733,12720,12873,12921,12933,12957,12962,12969
BBRU;2655,2704,2733,12708,12781,12793,12892,12918,12969
BBSU;12719,12775,12919,12921,12929,12949
BBUU;12768,12858,12970
BCEI;12703,12704,12707,12708,12980,13038,13040,13042,13049,13067,13069,13070,13072,13075,13092,13101,13104,13107,13112,13113
BCEK;2810,2811,2838,2839,2842,12710,12711,13005,13067,13091,13092,13122,13123,13128,13131
BCEU;2793,2813,2849,2856,12980,13058
BCHI;12698,12704,13041,13172,13173
BCHU;2602,2762,2793,2813,13025,13026,13172
BCIR;12699,12703,12707,12708,13027,13040,13049,13216
BCKO;320,2753,2811,2842,2890,2946,2949,12697,12710,13131,13173,13196,13199,13226
BCKU;2612,2754,2948,2952,12711,13054,13058,13161
BCLO;12,2887,2970,13233
BCLU;2813,2849,2856,2963,2966,2973,12701,12980,12984,12985,13136,13187,13221,13222,13230,13231,13233
BCMO;281,13224
BCOS;314,2807,2872,13008,13022,13031,13120,13180,13192,13194,13214,13242
BCRU;2784,2973,13025,13027,13216
BCSU;12989,13031,13035,13159,13210,13238
BDEE;3014,12992,12995,13311,13315
BDEI;13412
BDEL;13509
BDEN;12992
BDEO;13001,13315
BDER;
BDES;
BDET;
BDEU;
BDEY;13473
BDII;3085,3192,13002,13027,13412
BDIN;2634,2764,3010,3098,3099,3176,3180,3185,3204
BDIR;12773,12776,12777,13024,13025,13027,13030,13292,13570,13596,13602,13609,13617,13625
BDIS;3008,3193,13564,13607,13626,13628
BDIU;12777,13025,13027,13248,13473,13561,13625
BDLO;13568,13581
BDLU;12768,13568,13581
BDMU;3197,3232,3246,13561,13576,13611,13612
BDNO;400,2643,3194,3233,3244,3245,3254,13643
BDNU;403,3232
BDOO;13026,13294,13572,13584,13591,13613,13618,13624,13634,13643,13648,13649
BDOR;13024,13030,13292,13596
BDOS;13573,13628
BDOU;13001,13026,13294,13568,13581
BDOY;408,3245,3253,13580,13628
BDRU;384,403,2640,3256,3267,12777,13025,13027,13609
BDSU;12778,13035
BEEF;3014,3277,13038,13039,13310,13311,13651,13655,13658,13690,13691,13695,13696,13699
BEEH;3293,3294,13663,13732,13743
BEEL;13807
BEEN;2797,3356,3357,12995,13038,13063,13654,13699,13775,13776,13778
BEEP;3043,3286,3318,3319,13357,13654,13711,13776,13829,13851,13860
BEER;13651,13655,13699,13754,13776,13778
BEES;2644,2645,3278,3374,12782,12785,13064,13729
BEET;3277,3375,13877
BEGI;13933,13936,13940
BEGO;2651,3435,3457
BEGR;13997
BEGS;2807,2808,3278,3280,3291,3384,3435,3464,3469,12809,14012
BEGY;3416,13932
BEHL;13937,14018,14042,14043,14047,14048
BEHR;12996,13069,13732,13743,13938
BEHT;12817,12997,13075,13377,13407,13933,14015,14017,14047,14057,14058,14059
BEIJ;
BEIK;3420,3510,3514,3516,3518,13067,13091,13092,13945,14018,14019,14110,14111
BEIL;3534,12980,13896,14084
BEIN;439,442,2764,3098,3099,3385,3390,3519,3534,3548,12704,13038,13668,13695,14081,14185
BEIR;14028,14186,14189,14226
BEIS;13878,14241
BEIT;2823,3425,3473,3477,3586,13042,13075,13927,13933,13940,14017,14185
BEIV;3098,3567,3580,13332,13412,13663,13785,13968,13976,14193,14234
BEIX;445,3105,3577,3581,3586,13431,13908,14017,14111,14165,14239,14260
BEIZ;13783
BEJN;3508,3592,3593
BEJO;3588,3593,14262
BEJU;450,3587,3591,14262
BEKM;13091,13945
BEKO;2842,3318,3377,3615,13131,14262,14274,14287
BEKR;
BEKS;12786,13652,13674
BEKU;3433,3482,3599,3615,12711,12858,13054,13058,14262,14287
BEKY;13058,13131,14284
BELL;13122,14042,14043,14291,14292,14293
BELO;460,3275,3623,12861,14042,14043
BELP;310,469,470,2669,2853,2856,3087,3119,3130,3487,3521,3534,3537,3604,3654,3656,3669,12833,13421,13428,13432,13484,13493,14042,14128,14155,14292,14311,14315,14332
BELS;
BELT;13909
BELU;2813,2856,3339,3388,12834,12858,12980,14292
BELW;482,3294,3346,13509,13671,13755,13825,13910,14027
BELY;13818
BEMO;3702,14057
BEMR;12822,13441,13442,14183,14319
BEMW;
BENO;14271
BENR;13045,13063,13077,13699,13830
BENS;12871,14331
BENT;436,13145,14185,14372
BENU;13699,13848,14185,14292,14305,14329,14372,14406,14410,14411,14414
BENW;486,3099,3155,3355,3559,12800,13969
BEOO;3734,13721,13740,13901,13916,13917,14055
BEOP;2853,3318,3460,3604,3656,13428,13493,14030,14042,14156,14201,14223,14227
BEOR;13901
BEOS;314,2807,3464
BEOT;3380,13128,13131,14015
BEOY;12861,13131,13818,14156,14227
BEPU;2856,3130,12892,14058,14292,14451
BERR;14360
BERS;
BERU;3761,12781,12793,12892,13699
BERV;13906,13968,14256
BERW;372,3005,3059,3104,3155,3559,12892,13969,14140
BERY;12684,12794,13906,14198,14255,14256
BEST;
BESW;12785,12839,13509,13686,13825,14027,14097,14179
BESY;14222
BETU;12817,13145,14058,14185
BETY;13131,13469,13698,13749,13788,13818,13909,13927,14198,14256,14420
BEUZ;13783,13823,14175
BEVY;3371,3683,3762
BFFI;3783,3784
BFFO;3377,3380
BFFU;
BFIR;
BFIS;2803,3387,3792,3797,12899,13066,13563,13564,13693,13891,13894,13899,14483,14484,14486,14494,14496,14497
BFLO;504,2883,2887,3275,3786,3787,3801,3802,12731,14472,14476,14488,14501,14502,14504,14505
BFLU;3056,3394,3397,3801,12732,12768,12795,13893,14492,14501,14504
BFMU;13158,13561,14492
BFOR;3404,3405,13373,13916
BFOS;2888,3058,3402,13890,14482,14484,14497
BFOU;3801,14501,14504,14510
BFOY;14474,14495,14505
BFSU;3808,13159,13563,13907,13918,14486,14496,14503
BGGI;2687,3176,3809,3811,3813,3814,13920
BGIL;29,3855,12909,14573
BGIN;2607,2634,2687,2689,2694,2889,3176,3184,3185,3783,3809,3836,3837,3856,3876,12691,12771,12896,12898,12906,12913,12917,13291,13576,13578,14468,14470,14556,14557,14566,14589,14590,14595,14627
BGIO;3838,13292,14530
BGIR;3186,3854,3855,13292,14481,14586,14629
BGIS;515,3845,3858
BGLO;2894,3187,3825,3889,13568,13581,13582,14632,14638
BGNO;14002,14004,14005,14543,14638
BGNU;12771,12898,12913,12917,13291,13576,13578,14470,14556,14566,14589,14590,14595,14598,14627,14638
BGOO;3791,3838,3889,13572,13575,13582,13584,13937,13991,14480,14632
BGOR;13292,14481,14629
BGOS;379,523,2807,3435,3464,3906,12809,14012
BGOY;3896,3904,14530,14629
BGRU;
BGSU;434,2697,2808,2895,3790,13729
BHIS;12693,12811,12813,12923,12925,12926,12929,13587,13733,14020,14021,14023,14025,14027,14032,14038,14039,14484,14486,14514,14515,14531,14532,14537,14538,14657,14658,14674,14677,14678,14682,14685
BHLU;2813,3486,3826,3924,3942,3944,14540,14665
BHOO;3827,12933,13026,13591,13593,13740,13937,14040,14055,14535,14544,14668,14676
BHOS;12693,12813,12816,12818,12923,12926,13176,13739,13741,13742,13744,13745,14023,14032,14049,14060,14062,14067,14070,14484,14515,14682,14686,14688
BHOT;3825,3914,14015,14059,14062,14681
BHRU;384,527,2704,3944,3955,13025,14063,14075,14684
BHSU;12694,13589,13734,13746,14054,14067,14537,14538,14542,14686
BHTU;14063,14075,14684
BIIS;2608,2916,3834,3964,3976,3978,3981,12821,12823,12937,12938,12939,13171,13189,13190,13192,13194,13195,13878,13921,13943,14082,14086,14095,14097,14098,14099,14471,14489,14491,14514,14518,14519,14532,14549,14560,14657,14658,14701,14702,14705,14713,14714,14715,14716,14719,14722,14723,14726,14728,14729,14731
BIJS;
BIKL;13091,13092,14018,14110,14111,14115,14703,14733
BIKN;12797,13067,13161,13318,13945,14019,14566
BIKR;386,3989,3996,14742
BIKS;2921,2922,3964
BIKU;3844,3994,12943,13161,13172,14564,14566,14733
BILL;3846,3999,4000,4002,4003,4007,4008,14550,14572,14573,14708
BILM;14022
BILN;13668,14755,14762,14763
BILO;14493,14665,14703,14734,14735,14761,14762
BILP;12833,13428,13432,13608,13896,14128,14155,14156,14573,14747,14764,14771
BILR;12773,14583
BILS;12899
BILT;14493,14579,14703,14717,14734,14764
BIMN;554,563,2714,3010,3423,3548,3550,3837,3847,3856,3988,3999,12912,13107,13162,13203,13576,13611,13612,13945,13961,14185,14574,14575,14589,14590,14591,14594,14595,14737,14777
BIMR;12822,13441,13442,14183,14186,14189,14190,14555
BIMS;12823,13600,13770,14789
BIMZ;3533
BINR;14709
BINS;12949,13210,14471,14496,14801
BINT;530,571,4055,13695,13777,14185,14221,14763,14803
BINY;13620,14474,14777,14783
BIOR;446,12776,12801,12846,13292,13625,13923,13976,14118,14186,14189,14190,14226,14676,14742
BIOS;12693,12923,12925,13031,13192,13628,13630,14484,14682,14728
BIOT;12696,13199,14493
BIRR;13170,14559,14617,14742,14812,14813
BIRS;
BIRT;571,3175,3186,3222,3231,3996,4055,4062,14561
BISS;13204,13293,14658,14659,14680,14730,14789,14808
BIST;
BISV;14716,14727,14728
BITT;532,2598,3872,4007,12696,13199,14563,14613
BJOS;2943,4069,4070,4073,12930,12941,14825
BKLU;12858,12957,13221,14115,14501,14827
BKNO;12855,12958,13226,14271,14274,14829,14830
BKNU;2952,3232,3844,13054,13161,14566,14569,14704
BKOO;588,3233,12958,13226,13634,14567,14737,14829,14830
BKOR;13602,14568,14742
BKOS;
BKOU;2722,3615,3939,3994,4089,12957,14262,14282,14287,14501,14827
BKOY;2954,13014,13131,13173,14284,14735
BKRU;13033
BKSU;
BLLO;2723,2724,3012,3236,3520,3623,4096,4097,4099,4104,12861,13122,13220,13221,13581,13804,14042,14043,14293,14504,14505,14840
BLLU;13221,13581,14291,14292,14504,14572,14573
BLOO;14476,14857,14863
BLOS;14855
BLOT;13582,14579,14703,14734,14764,14843,14857,14858
BLOW;12954,14476,14504,14844,14861,14863
BLRU;
BLRY;614,3972,4019,4027,4128,12773,14583,14754
BLSU;14584
BMNU;2963,3232,3632,3884,4108,13136,13145,13203,13576,13611,13612,14185,14305,14372,14556,14575,14589,14590,14595,14718,14842,14869,14872
BMOO;13591,13613,14271,14737,14870
BMOR;2641,3013,3898,4155
BMOS;
BMOT;620,2731,3700,3702,4157,12865,14057,14310,14312,14383,14644,14843
BMOU;3702,13203,13230,14057,14305,14383,14718
BMOW;3898,13638,14594,14779,14844,14870,14872
BMOY;3245,3896,4113,14495,14596,14783,14786,14847
BMPU;13611,14595,14738
BMSU;341,2697,2895,4084,12989,14788,14789,14848,14849
BNNU;13163,13640,13963,14000,14524,14566,14590,14600,14601,14850,14869,14881
BNOO;12958,12986,13226,13477,13618,13634,13643,14143,14271,14324,14477,14737,14777,14829,14830,14870,14884
BNOR;14831
BNOS;14855
BNOU;568,3903,4108,14005,14305,14477,14614,14638,14693,14745,14850,14854
BNOY;621,633,3245,3253,3254,3896,3904,14474,14777,14783,14831,14884
BNRU;13063,13699
BNSU;13210,13814,13848,14149,14801
BNTU;13145,14005,14185,14372,14693,14869
BOOR;2755,2934,4056,13901,13916,14676,14893
BOOS;4069,4177,13242,14900
BOOT;12958,13245,13582,13917,13991,14310,14644,14830,14843,14857,14858
BOOY;
BOOZ;13613,14604
BOPR;3249,3901,4020,4096,4155,13179,14606,14670,14676,14893
BOPS;2974,3906,3952,4110,4156,4177,4180,13192,14695,14766,14864,14894,14895,14901
BORS;
BORT;13128
BORW;3258,3882,3898,13030,13638,14650,14742,14813,14833,14844,14861
BORY;
BOSS;14680
BOST;
BOSV;607,4137,4139,13745,13816,14213,14727,14728
BOSW;2955,12922,14482,14497,14611,14682,14697,14818,14894,14899,14900
BOSY;624,633,2736,3200,3253,12948,13214,14750,14783,14786
BOTT;345,2909,3910,4179,4190,12696,13199,13228,13245,14613
BOTU;13228,13229,13245,14644
BOTY;408,4103,13131,13214,13818,14227,14240,14786
BOUY;14446,14614,14840,14847,14860
BOUZ;3994,14510
BOXY;14847
BPRU;3226,12892,14451,14616
BPSU;14864,14901
BPUY;4142
BRRR;3570
BRRU;643,644,2704,3596,3761,3894,14360,14617
BRSU;14478,14788
BRTU;
BRUX;14620,14788
BRUY;13216,14803
BSSU;12975,13204,13293,13632,14651,14789
BSTU;13035,13234,14508
BSUY;4192,4194,13534,13632,13729,14007,14624,14801,14848
BTTU;13228,13245
BUZZ;13247,14510,14627,14631,14692
CCEE;4234,4235,14914,14919,14920,14921,14923,14924,14958,14959,14960,14963,14965,14972,14973
CCEO;660,4234,4269,4273,4285,4292,4295,4302,4303,4307,4309,14958,14972,14981,14983,15031,15045,15048,15049,15056,15061,15067,15068,15074,15075,15079,15080
CCHI;14949,14960
CCHO;
CCKO;12697,15094,15148
CCOO;12986,12988,12990,14945,14956,15080,15097,15149,15152,15156,15177,15178
CCOR;696,2755,4409,4414,12990,14956
CCOY;14983,15114,15155,15157,15185
CDEE;14921,15249,15262,15334,15355
CDEI;
CDEK;14914,15251,15408
CDEO;4499
CDER;
CDEU;4213,4500,4513,4553,4563,4605,15391,15473,15555
CDHI;749,2775,4446,4704,13025,15695,15703,15720,15723,15729
CDIK;2763,4451,4695,15239,15244,15423,15522,15705,15709,15710,15760,15761,15762,15763
CDIO;2775,4704,4756,13029,14916,15244,15423,15440,15762
CDIS;13032,15793
CDIT;
CDIU;4213,4764,13025,13027,15243,15575,15583,15590,15710,15716,15733,15740,15760,15792,15796
CDKO;4228,4229,4424,4447,4457,4458,4699,4766,4768,4770,13033,14955,15244,15247,15248,15709,15736,15761,15762,15799,15800,15802
CDKU;4605,4769,13033,14955,15247,15248,15407,15408,15710,15760,15763,15800
CDLO;15805
CDNO;766,772,2787,4228,4700,4708,4774,4777,4778,13029,14957,15747,15748,15749,15762,15782,15804,15812,15816
CDOO;774,2788,4692,4709,4768,4779,13026,13028,14909,15700,15730,15736,15764,15785,15799,15805,15822
CDOR;
CDOS;
CDOU;13026,14957,15247,15702,15733,15782,15792,15812,15816,15822
CDRU;775,4449,13025,13027,15243,15716,15740
CDSU;15809
CDTU;14957,15768,15792,15796,15812,15816,15822,15823
CEEH;4234,4816,14960,14963,15825,15917,15955
CEEP;16102
CEER;4906,15846,15867,15977
CEES;13061,13064,15895,15999,16029
CEET;782,790,4495,4496,4899,15278,15355,15847,15865,16017,16028,16041,16042,16102,16141,16162
CEEX;4496,4838,4905,15864,15865,16004,16140
CEFH;14980,15368,15377,15378,16163
CEFI;4917,13038,15369,15828,15875,16175,16189,16194,16195,16196,16197,16198,16199
CEFK;4504,4939,15384
CEFL;14925,15369,15878,16194,16195,16209,16211
CEFY;4803,4936,16180,16183,16197,16203,16211,16212
CEGK;778,801,4988,4990,13067,15399,15408,16174,16230,16257,16258,16259,16260,16261
CEGL;15400,15896,15897,15898,16238,16255,16262,16263,16264,16265,16266,16267,16268,16285,16286,16287,16288
CEHH;4242,5017,14984,15415,16304,16305,16306,16311
CEHK;16411,16423
CEHL;16429
CEHM;15467,15468,15473
CEHO;4234,4959,5036,5115,15917,15955,16394
CEHP;15003,15441,15443,15473,15477,16322,16421
CEHR;16178,16183,16339,16347,16442
CEHS;16429
CEHT;13000
CEHW;16335
CEHY;4431,5052,5056,5139,15461,16183,16423
CEHZ;5047,5094,5105,5109,15453,15917,16351,16405,16410,16436,16467,16505
CEIL;12980,15828
CEIM;16706,16714
CEIN;13112,15568,16559
CEIP;800,4917,4983,5160,5162,5163,5262,15048,15441,16259,16322,16388,16568,16609,16799
CEIR;12703,15846,15977,16164
CEIS;16029,16229,16830
CEIT;2821,2823,2832,16028,16041,16042,16758,16795
CEIV;14971,15846,16759
CEIW;4986,5162,5204,5270,15440,16535,16591
CEKK;4593,5300,12710,12711,15592,16257,16411,16838,16839
CEKM;5051,5158,5286,5314,15907,16412,16843,16857
CEKN;833,4593,4845,4847,5286,5314,13067,15061,16048,16230,16257,16258,16259,16609,16610,16831,16857,16858,16863,16868
CEKO;835,2842,5160,5287,12710,13131,14972,15061,16621,16857,16863,16871
CEKP;801,833,4265,4288,5160,5162,5163,5287,5301,5314,15003,16259,16421,16841,16870,16871,16876
CEKR;15004,16411
CEKU;4288,4605,5057,5308,12711,13054,13058,14987,15003,15004,15407,15408,16261,16411,16421,16531,16610,16627
CELL;15837,15849,16058,16061,16428,16431,16842
CELM;13138,15334,16062,16911,16912,16916
CELO;660
CELS;
CELT;
CELU;2849,12980,15849,16058
CELW;5204,13134,13140,16066,16267,16591
CEMO;15640,16706,16714,16857,16968,16970
CEMR;15649,16911,16995
CEMY;16702,16857,16977
CENO;15866
CENS;16429,16444
CENT;15568,16758
CENU;4944,15854,15881,15901,16481
CEOP;2853,4307,4983,5160,5287,5517,15048,16568,16841,16871
CEOR;15977
CEOS;314,2872,15868
CEOT;13072,13131
CEOV;15955,16970
CEOZ;16467
CEPR;
CEPS;
CEPU;819,4258,4288,4553,15003,15473,16421,16799
CERS;
CERT;
CERU;15901,15904
CERW;890,4986,5270,5451,15087
CESS;
CEST;
CESU;16029,16166
CESY;2846,5240,5313,5442,13106,15532,16601,16634,16757,16823,16889
CETU;15865,16162,16972,16984,16989
CETY;875,4590,4936,5482,5500,13131,16795
CFFO;4910,17118,17119,17123
CFFU;5594
CFIL;15696,15699,15828,16194,16195
CFIO;2884,4691,5622,5626,15698,15700,16176,16189,16198,16199,17118,17119,17129,17131,17142,17146,17149,17157
CFIS;17136
CFIU;898,4933,5609,5617,15089,15696,15699,16194,16195,17151,17154
CFKU;5609,5631,13158,17113,17130,17151,17163,17164,17165
CFLO;14925,16209,17168,17169,17170,17171,17172
CFNO;4942,5603,5622,5645,14981,15382,15702,15866,16198,16209,16218,17129,17131,17142,17146,17149,17155,17157,17164,17168,17169,17170,17174,17175,17177
CFOO;2887,4692,15700,15702,17123,17171,17174,17176
CFOR;15698,17131,17157,17160,17168,17172,17174
CFOT;2884,4691,4692,4919,4947,5595,5645,14981,15700,16176,16206,16216,16218,17165
CFRU;14980,15089,16163,16195,16214,17154,17164,17167,17172
CFSU;907,5635,5638
CGHO;2890,4955,4960,5659,5664,15704
CGHU;15391,16228,16248,17191,17200,17202
CGIS;750,919,4516,5654,5656,16229,16272,16281,16282,17203,17204,17249,17269,17283,17305,17306,17309,17311,17312
CGKU;13161,15095,15407,15408,15710,16261,17130,17191,17236,17238,17247,17248,17250,17314
CGLO;921,2894,4519,4699,4955,4989,4993,4994,4997,5729,5733,5734,5735,5739,15896,15898,16285,16286
CGOR;15097,15903,16286,17207,17320
CGOS;5656,5749,15394
CGSU;919,2808,2895,4812,5010,5722,5736,5750,15395,15409,15414,16237,17269,17305
CHIK;15907
CHIL;
CHIM;17133,17185
CHIN;
CHIP;4330,4704,13041,15281,15441,16388,17399
CHIR;16183
CHIS;15695
CHIT;
CHIU;4333,5793,5802,5809,13172,14987,14989,15733,16248,16309,16373,16388,16393,17191,17198,17202,17324,17392
CHIV;5764,5802,17189
CHIW;5786,15440,16335
CHIZ;5047,5799,15917,16405,17396,17413
CHKO;320,2890,2900,4447,5822,17422
CHKU;5057,13172,16411,16423,17422
CHLO;17433
CHLY;5835,5837,5847,13181,15129,17420,17433,17439,17441,17442,17443
CHMO;
CHMU;5089,15467
CHNO;
CHOO;13026,15730,17396
CHOP;17399
CHOR;17457
CHOS;15695
CHOT;16394
CHOU;2900,13026,13172
CHOW;15116,17199
CHRU;981,4449,4713,5604,17331
CHSU;
CHTU;981,5604,5809,5814,5849,5889,5890,17202,17392
CHUY;5869,5874,16423,16487,17208
CHWY;982,5786
CIKK;13196,16257,17118,17210,17550,17551
CIKL;929,992,993,2920,5936,5938,5940,17332,17351,17553,17554,17556,17558,17561,17565,17566,17567,17570
CIKM;5587,5941,5942,5944,15907,16603,17212,17237,17487,17488,17573,17576
CIKN;994,2881,5608,5609,5899,13067,13161,15095,15239,15705,15710,15760,15761,15762,16230,16257,16258,16259,16610,17130,17140,17149,17210,17213,17215,17217,17248,17250,17251,17488,17492,17573,17579,17580
CIKP;4265,5162,5944,15148,15244,16259,17119,17241,17493,17550,17553,17567,17579,17586
CIKR;993,5938,15761,17215,17242,17248,17554
CIKS;13097
CIKT;2609,2823,2882,2920,5942,13199,15148,17151,17217,17244,17250,17490,17492,17550,17551,17586,17589
CIKW;5162,5944,15146,15762,16591,17151,17245,17493,17556,17580,17589
CIKY;5683,5770,5936,17140,17251,17558
CILL;15741,15764,15765,17219,17252,17253,17479,17484,17496,17497,17549,17553,17554,17556,17558,17597,17598,17599
CILO;5907,5964,17549,17553,17565,17567
CILP;15140,15152,15738,17263,17486,17508,17553,17567,17569,17600,17607,17620
CILR;2780,15140
CILT;
CIMO;5964,16649,16650,16705,16706,16711,16712,16714,17152
CIMR;17138,17144,17224,17481,17513,17517
CIMS;
CINO;12720,13029,15762
CINQ;6041,6057
CINU;12720,15760,17501
CINZ;1024,4982,5246,5719,5799,16563,16567,17228
CIOR;15977,16164,16189
CIOT;13072,13199,15041,16393,16394,16621,16711,16712,16795,17313,17551,17589,17685,17700
CIOX;4756,17399,17611,17670
CIOZ;17313,17396,17567,17651
CIPR;15786,17231,17527,17607,17612,17620,17627,17664,17670
CIPS;15142,17232
CIPY;5967,5978,17263,17290,17399
CIRS;17306
CIRT;13216,15163,15796,17117,17307,17541,17627,17706,17709
CIRU;13027,13216,15089,15144,15243,15740,15796,17704,17706,17709
CIRY;2940,4454,5592,5629,5770,5815,6091,6093,13216,15089,15114,15157,15796,17144,17157,17160,17355,17378,17409,17513,17517,17676,17697,17709
CISS;17234,17309,17403,17510,17511,17522,17535,17618
CIST;17523,17705
CITU;4764,5675,5809,15144,15160,15733,15792,15796,17151,17551,17589,17685,17700,17706,17709
CITY;1018,2940,4936,6091,13214,13216,16203,16792,16795,17313,17536,17676,17681,17697,17700,17708,17709,17710
CJKO;6100,6101
CJOO;
CJOU;6104
CKLO;17351,17549,17553,17554,17556,17565,17566,17567,17568,17714,17715,17716,17717,17721,17722,17723,17724
CKLU;13221,17163,17714,17717,17724
CKMO;2946,4394,4457,4768,5730,5822,5941,5942,6111,6112,6121,6125,13224,15799,15800,16412,16843,16857,17237,17421,17422,17573,17576,17714,17727
CKMU;13158,13219,13224,15800,17422,17714,17727
CKNO;2949,4228,6101,13226,15762,16415,16863,17149,17353,17573,17579,17580,17711,17730,17731
CKOO;4768,5941,13220,13223,13226,16863,16871,17123,17240,17565,17715,17724,17730,17735,17736
CKOP;4395,4458,4770,6132,15148,15244,15247,16616,16841,16870,16871,16876,17119,17241,17550,17553,17567,17579,17586,17715,17722,17731,17735,17740,17741
CKOR;15248,15800,17554,17717
CKOS;
CKOT;835,2945,2946,2956,5942,6103,6125,13199,13228,13229,15148,16621,17165,17244,17550,17551,17586,17589,17719,17724,17726,17730,17735,17736,17740,17741
CKOW;15146,15762,16591,16871,16881,17245,17556,17580,17589,17723,17731,17742
CKOY;6107,6109
CKPU;15003,15126,15247,16421,17430,17493,17592,17731,17740,17741
CKRU;5631,13033,15248,15800,16261,16411,16627,17717
CKSU;15168
CKTU;2754,2956,13228,13229,17151,17165,17250,17492,17551,17589,17719,17724,17726,17730,17736,17740,17741
CKUY;2612,13058,17592
CLLO;13220,13221,15764,17163,17219,17252,17351,17549,17553,17554,17556,17597,17714,17716,17717
CLLU;2849,4359,5347,5732,6144,6147,13221,15849,16058,16061,16428,16431,16644,17163,17253,17361,17714,17717
CLMU;2963,4361,5963,6153,13138,13231,17167,17254,17561
CLNO;4773,5733,5734,5735,6165,6169,15804,17168,17169,17170
CLOO;2887,2970,13220,13223,13230,15172,15764,17565
CLOP;16841,17172,17553,17567,17607,17620,17768
CLOS;
CLOT;
CLOU;6169,13221,17163,17169,17170
CLOW;13134,15933,16066,17171,17723,17762
CLOY;17168,17170,17262,17568,17608,17611
CLRU;701,1066,1074,17167
CLSU;
CLTU;
CMMO;13224,15640,15770,16967,16968,16972,17373,17422,17512,17727
CMOO;4402,4768,4779,6151,15175,15799,16100,16703,16984,17174,17176,17273,17638,17644,17782
CMOP;17274
CMOR;15175,17174,17176,17786
CMOS;
CMSU;15642,16106,16981,17000
CMSW;2864,5859,15811
CMSY;13237,15110,17425,17447,17450,17560,17602,17646,17649,17653,17779,17789,17796
CNNO;13226,15801,15812,17711,17799,17800
CNOO;12986,13226,16112,17711,17783
CNOR;
CNOS;
CNOU;6041,6169,15702,15804,17169,17198,17288,17731
CNOY;
CNRU;95,1074,1100,2870,4660,4944,5495,13063,15664,15901,17039
CNSY;16757,17265,17283,17306,17583,17602,17824
CNTU;4765,6105
COOP;5517,6257,13243,16871,17803
COOS;2872,13242
COOT;2756,4402,4414,4692,5518,13245,13246,15080,15672,15700,15785,15822,16493,16984,17176,17685,17736
COPR;15786,17527,17607,17620,17621,17664,17670,17722,17786,17803,17826
COPS;
COPU;6211,15160,15247,17288,17731,17740,17741,17751
COPW;5636,16871,17171,17289,17620,17731,17762
COPY;13243,15805,17399,17764
CORS;
CORT;17786,17826
CORU;
CORW;2979,6118,6214,17267,17320,17620,17723,17742,17791,17833
CORY;15185,17160,17621,17697,17770,17771,17842
COSS;17148,17403,17440,17618,17698,17756
COST;
COSW;5749,13244,15811,17299
COSY;1105,5749,13166,13214,13237,15185,17160,17182,17649,17650,17698,17842
COTT;13199,13246,17268,17301
COWY;4775,15632
COXY;4756,5739,17399,17611,17681
COYZ;17302,17313,17442,17651
CPSU;15117
CRRU;17304,17706
CRSU;
CRSY;13032,13166,13237,14979,15966,16521,16634,17160,17182,17306,17409,17594,17770
CRTU;13216,15144,15796,17307,17331,17627,17706,17709
CRUX;5576
CSSU;13159
CSTU;
CSTY;4776,6091,6197,6280,13214,15824,17327,17391,17409,17414,17689,17705
DDEE;6341,17909,17952,17961,18010,18011
DDEI;17952
DDEO;6440,17900,17970
DDER;
DDEU;6437,15219,18125,18135,18192,18213,18230
DDEY;4431,6403,17883,18024,18131,18238
DDIO;15236,17907,18248,18255,18257,18258,18261
DDIY;6403,6465,6506,6514,15242,17950,17959,18131,18285,18287,18295
DDOO;13273,13294,18058,18217,18247,18250,18267,18274,18297,18299
DDOS;
DDOW;6484,6485,13294,18267
DDRU;4449,6520,15248
DDSU;15245,18298
DEEF;3014,15272,18425
DEEG;3014,3018,4468,6539,6568,18319,18425,18486
DEEH;6584,13315,18531
DEEI;18425,18574,18575,18607,18609,18648,18652,18660
DEEJ;6600,15322,18346,18499,18574,18680,18681,18682
DEEK;14914,15251,18326,18685,18688
DEEL;
DEEM;18500,18552,18574,18607
DEEN;12992
DEEP;12727,18331,18332,18425,18493,18652
DEER;
DEES;
DEET;15278,18011,18648,18652
DEEV;13315,13332,15363,18531,18873
DEEW;18305
DEEX;3053,4496,6659,6679,6698,18368
DEEY;15347,18833
DEFI;18979
DEFL;6728,6743,6779,12731,14925,15371,15383,19005
DEFN;1175
DEFO;6793,14925,15377,15383,18462,18463,18969,18979,18980
DEFS;
DEFT;15386
DEFU;4500,6740,6742,18027,18900,18979,18980
DEFY;19032
DEGI;4516,17863,18041,19096,19117,19190
DEGL;
DEGO;4517,6888,6895,15397,15407,19087,19236
DEGR;
DEGS;18041,19059,19117,19120
DEGU;15397,15407,19087
DEGY;6823,18930
DEHI;3076,6753,13377,18475,18889,19042,19044,19045,19268,19276,19285,19295
DEHL;13404,15396,15462,15463,19042,19088
DEHN;1193,1195,6584,6588,18543,19268,19276,19305
DEHO;13378,18476
DEHR;
DEHS;15498
DEHU;2762,4500,4513,4553,4563,6827,6836,7004,7014,12998,13378,13404,13407,15396,15417,15462,15463,15477,17870,18429,18543,18551,18552,18556,19087,19104,19293,19295,19305,19320,19336,19357,19366,19401
DEHY;15461,15498,18074,18086,19283,19327
DEIJ;6600,7027,18337,18573,18574,18575,19121,19404,19467,19473
DEIK;1200,15522
DEIL;19613
DEIM;17884
DEIN;
DEIP;4528,6731,18425,18649
DEIR;19403,19458
DEIS;
DEIT;18575,19086,19095,19308,19316,19752
DEIV;13332
DEIW;17867,18579,18609,19285,19332
DEKO;18500
DEKR;
DEKS;
DEKU;15407,15408
DEKY;
DELL;18356,18684,18685,18707,18713,19100,19334,19800,19835
DELM;
DELN;
DELO;
DELP;12727
DELS;
DELT;15287,17984
DELU;18125,19935
DELV;
DELW;19935
DELY;
DEMN;19016
DEMO;
DEMR;
DEMS;
DEMY;19550,19551,19860,19936,19944
DENO;19678,19993,20001
DENP;18997
DENR;
DENS;
DENT;
DENU;
DENV;
DENW;
DENY;19247
DEOP;
DEOR;19470
DEOS;
DEOT;
DEOV;6917
DEOW;
DEOY;6792,7324,7426,17902,18784,19032,20081
DEOZ;13504
DEPS;
DEPU;
DERS;
DERU;
DERV;18873
DERW;19842
DERY;19032,19470,19795
DEST;
DESU;
DESV;
DESW;15414
DESY;15589,20081
DESZ;15694,18387,18470,18820,19378
DETU;17870
DETY;6823
DEWY;
DEXY;18966,19551
DFFI;7468,7470,20100,20101,20102,20103,20104
DFFO;7469,7472,7473,20100,20104,20105
DFFU;6740,6742,18900,20101,20105
DFIN;6465,7488,20100,20107,20111,20114,20116
DFIO;4691,15700,18969,18979,20100,20114,20117,20123,20131,20137
DFIS;6463,6464,6466,13563,15697,20120,20121
DFLO;7472,7497,7499,12731,14925,15371,15383,19005,20123,20131,20141,20146,20148
DFNO;20100,20114,20149
DFNU;7481
DFOO;4692,7504,7505,15700,15702,18247,20149
DFOR;7499,18462,18463,20146
DFOU;6749,6793,7499,18979,18980,19034,20105,20129,20140,20141,20143,20144
DFOW;7505,7507,18969,19022,20131,20139,20141,20145,20148
DFRY;107,18972,18982,19032,20146,20151
DFSU;1270,13563,15697,20120,20121
DGIL;13575,15704,18253,20172,20174,20240,20245,20246
DGIN;2634,3176,3180,4693,4695,4696,7509,7513,7557,7558,7559,7568,20107,20153,20200
DGIR;3186,7512,7521,7522,7550,7583,7586,13292
DGIS;13573,18041,19059,19117,19120,19190,20110,20155,20179,20180,20204,20288
DGIU;
DGLO;1293,3187,4699,6480,7587,7588,7589,7591,7592,13568,13581,15704,20292
DGNO;15718,18517,20299,20304
DGNU;7524
DGOO;13572,13584,15280,15713,15718,18247,18250,18267,20168,20175,20234,20299,20300,20304
DGOS;13573,20110,20155,20180,20204,20230,20315
DGOW;6484,7526,7592,7596,13584,18267,20294,20300
DGOY;13580
DGRU;
DGSU;13583,20296,20315
DHIL;19042,19088,19276,19278,20119,20169,20171,20172,20174,20316,20317,20318,20319,20331,20332,20333,20334,20338,20339
DHIN;13588,15721,15725,15728,19268,19276,19305,20171,20175,20176,20178,20321,20323,20334,20349
DHIS;15695,15723,15731,20110,20119,20120,20155,20179,20180,20316,20320,20329,20332,20337,20344
DHIW;6954,17867,18073,18475,18889,19045,19285,19318,19321,19332
DHKU;19333,20362
DHLO;15704,15726,20171,20318,20334,20364,20365
DHNO;13588,15728,20171,20175,20176,20181,20321,20334,20349,20368
DHOO;4709,7673,13026,13591,18250,20168,20175,20362,20364,20365
DHOS;15695,20110,20155,20180,20328
DHOT;6494,7668,7673,7676,7678,20365
DHOW;3081,4708,6998,7526,7528,7651,18476,19356,19365,19381,19385,19387
DHOY;6314,6494,7655,7658,20368
DHOZ;19372,20325
DHSU;13589,20119,20120,20332,20337,20344
DHTU;3197,7530,7668,13407,17870,19349,19360,19401,20365
DIIM;7704,13561,20192,20200,20201
DIIN;20107,20153,20159,20200,20317,20386,20388,20389,20394,20399,20401,20402
DIIR;13562,13596,17872,18431,18571,19403,19410,19444,19458,20325,20408,20430
DIIV;1150,7704,7719,15748,20433
DIIX;7714,20324,20402
DIJN;1338,19121,19467,19468,20160
DIJR;3203,15698,15740
DIKL;1339,4724,7725,7726,7727,18276,20187,20389,20438,20440
DIKN;15239,15709,15762,20231,20234,20391,20444
DIKR;386,7725,7738,20446,20448
DIKS;12772,18268,18270,18275,18276,18277,20390,20436,20437,20439,20440
DILL;1340,7486,7543,7745,15764,18573,20238,20239
DILM;1341,1342,4690,6504,7544,7745,7752,7753,7754,15742,15766,20123,20124,20192,20241,20395,20453
DILN;
DILO;20123,20395
DILR;
DILS;18276,20337,20405,20436,20439
DILV;
DILW;1352,3211,3214,4737,7696,7754,18286,18288,20131,20196,20401,20469,20476
DILY;13560,14954,15699,18253,20174,20248,20406,20411,20412
DIMN;13576,13611,13612,18256,20124,20134,20163,20192,20200,20201,20251,20321,20453,20487,20489,20491,20492
DIMO;20104,20123,20340,20487,20491,20492
DIMP;7559,7704,7755,13611,20203,20251,20252,20340
DIMS;
DIMU;7046,7083,7753,13561,13576,13611,13612,17884,18137,18256,18283,19518,19538,19622,19633,20124,20134,20163,20251,20460
DINO;19678
DINR;
DINS;7813,7816,20386
DINT;20178,20263
DINW;18264,20196
DIOR;12776,13625,19053,19470,20287,20325,20340,20342
DIOT;13388,19615,19732,19753
DIOV;15748,20445
DIOX;20324,20430,20492
DIPR;15786,20216,20287,20340,20504
DIPS;13621,20217,20282,20337,20338,20386,20451,20471,20472,20522
DIPT;1371,4759,7780,15734,15752,20327,20356,20465,20533
DIQU;4760,7715,7738,18280,20422,20466
DIRS;
DIRT;20500
DIRU;7715,7738,7852,12777,13025,13027,13625,15740,15796,20448
DIRY;12777,18295,18446,18982,19470
DISS;13628,18269,20417
DIST;20327
DISU;17889,18028,18179,18903,19312,19532,19607,19751,20332,20336,20337,20436,20440,20537
DISV;
DISY;13462,13628,13632,15532,15589,19190,19508,19516,19771,20290
DITT;4589,18575,18622,18679,20226
DITU;13473,13610,15590,15792,15796,18280,19752,19753,20133,20137,20263,20280,20433,20448,20515,20519
DITY;2639,7719,7736,13610,20227,20356,20433,20461
DITZ;7161,13440,18987,19148,19456,19742
DIXY;4756,7714,18966,19551,19771,20402
DJOO;15799,19795
DJOU;7877,7879,13475,20361
DJSU;18180
DJUY;18181
DKNO;4228,15709,15761,15762,20231,20235,20236,20391,20438,20442,20445
DKNU;3232,13634
DKNY;
DKOO;3234,4768,7883,15799,20362
DKOR;4770,7651,7725,13602,15761,20438,20445
DKOU;7185,7730,13478,13634,14955,15247,15407,19812,20236,20362
DKSU;12772,20121,20436,20439
DKUU;20543
DLLO;13581,15764,18297,19800,19835,19836,19841,20238
DLLU;1385,6520,7480,7486,13581,18707,18713,20239
DLMO;15742,18297,20123,20241,20395
DLOO;6492,15764,18297,20365,20395,20565,20571
DLOP;15805,20146,20556,20562,20565,20566,20567,20568,20572
DLOR;768,1390,7499,7874,7899,7923
DLOS;
DLOT;13582,20144,20145,20148,20365,20561,20565,20566,20571
DLOU;13568,13581,20105,20129,20144,20365,20565,20567,20571
DLOW;20131
DLOY;1400,4230,7881,7916
DLSU;20337,20405,20407,20436,20439
DLUY;15699,18287,19860,20249,20293,20333,20406,20461,20560
DMOO;4768,4779,7494,7898,7944,13591,13613,15799,18297,20395
DMOR;1356,1390,1418,2641,3013,3195,4231,4780,6509,7874,7898,7944,7950,7951,13638,15800,20104,20301,20302,20340,20342,20575,20582
DMOS;7618,7932
DMOU;15800,20301,20302,20582
DMOY;7324,7325,18774,18784,19936,19969,20368
DMPU;1420,7495,7946,13611,20251,20301
DMRU;13638,15800,20301,20575,20582
DMSU;15809,18298
DNOO;13618,13643,20149,20175,20304,20555
DNOP;1393,4778,7346,7497,18997,20000,20304,20577
DNOS;
DNOU;14947,15230,15559,19678,19812,20422
DNOW;13643,20579
DNOY;3254,7593,7890,7916,13580,20243,20349,20368,20470
DNRU;403,1434,20590
DNRY;
DNSU;15809
DNSY;20472
DNTU;20178,20263
DNTY;20227
DNUY;7405,20025
DNWY;1441,19880
DOOP;7504,7673,7821,15805,15817,20304,20562,20565,20566,20567,20568,20577
DOOR;7944,7945,7993,7994
DOOS;20605
DOOW;3258,4779,6484,7505,7883,7993,7997,13294,13584,13618,13643,13648,13649,15822,18267,20139,20300,20444,20579,20583,20594
DOPR;1306,1442,1445,4710,4749,4770,7774,7844,7847,7891,7998,15786,20146,20287,20340,20504
DOPS;
DOPU;7946,15247,20565,20567
DOPW;7998,19356,19381,20568
DOPY;1400,7972,15805,20146,20557,20562,20566,20567,20568,20572
DOQU;17900,18979,19678,19812,20041,20422,20466,20581
DORR;15820,20313,20615
DORS;
DORT;20312,20582,20608,20615
DORU;18294,20129,20342,20475,20582
DORW;13638,20139,20582
DORY;6792,7426,15352,17902,19032,19470,19795
DOSS;13628,20447,20548
DOST;
DOSU;1157,7619,20537
DOSW;15811
DOSY;3262,3263,7324,7878,13462,13585,13628,18784,19969,20072,20074,20081
DOSZ;20278,20547,20564
DOTU;7610,7852,8003,15733,15792,15823,20448,20582
DOTW;7505,15816,15822,20131,20145,20148,20309,20491,20519,20561,20579,20582,20594,20597
DOTY;15824,20148,20186,20356,20480,20566
DOUX;8004,13529,20001
DOXY;4756,20382
DOYZ;7426
DPSU;1380,6495,7982,13621,20282,20289,20337,20359,20471,20522
DPUU;13608,13644,20596,20598
DRRU;20313,20615
DRSU;
DRSY;18303,20573
DRTU;4762,7530,7610,7852,8003,15796,15823,18294,20448,20475,20500,20582,20590,20608,20612,20615
DRUY;6802,12777,13609,20452
DSSU;7921
DSTU;
DSUW;8008,15414,15811,18179,20508,20522
DTUY;7789,7895,13473,13610,15796,19860,20025,20087,20186,20381,20433,20461
DUUW;7875,20589,20598
EEEP;8014,13654,20740,20804
EEEW;6538,8024,13671,18328,18345,18366,18369,20648,20677,20681,20686,20738,20815,20829,20852
EEFJ;
EEFK;20633
EEFL;1463,4800,8025,8028,8036,15878,20862,20879,20904,20946
EEFM;4801,8050,8051,8052,20641,20899,20916,20917,20959,20960,20962,20963,20965
EEFN;13695,20860,20863,20888,20899,20945,20959,20960,20967,20968,20969,20972
EEFR;13651,15867,20633,20861,20963,20968
EEFS;20887
EEFT;3277,8030,8053,13695,20863,20962,20965,20978
EEGH;8072,15825,20994,21024,21031
EEGK;778,21038,21044,21045,21048
EEGL;20862,20879
EEGN;20663,21013,21111,21139
EEGO;8147,13720,15903,20663,20882,21014,21015,21016,21089,21091,21147,21148
EEGP;15889,18425,18493,21042,21139
EEGR;20676,20882
EEGS;3278,3291,8093
EEGU;6574,8069,8086,8090,8128,8138,8144,8159,8160,13708,13720,15892,15898,15901,15904,18499,18516,18526,20668,20676,20862,20879,20994,21015,21031,21070,21096,21100,21131,21132,21133,21139
EEGZ;6564,8087,8097,8113,8160,8163,15894,20652,20875,21023,21033,21073,21091,21111,21132
EEHL;20682,20888,21019,21170,21171,21173,21175,21210,21214,21226
EEHM;15907,21027,21028,21173,21182,21214,21220,21241
EEHR;20633,20896,21165,21279
EEHT;20994
EEHW;8222
EEIN;13695,13774,20863,21170,21173,21182,21189,21381,21445,21492
EEJL;8286,21035,21328,21597
EEJP;20740,21036,21606
EEJR;15977,18499,20738,21037,21332,21336,21598,21600,21602,21606
EEJS;4846,6580,6618,8093,8291,16043,18479,18680,21333,21334
EEJT;3026
EEJZ;
EEKK;8293,13754,17970,18683,21038,21339,21612,21613
EEKL;8227,8294,18576,21171,21210,21617
EEKM;15907,18500,18579,18690,21350,21619
EEKN;15927,21038,21044,21045,21350,21354,21358
EEKP;20754,21045,21350,21354
EEKR;13754,20633,21339
EEKS;12782,13652,13734,16054
EEKT;782,6625,8294,15278,21368,21612,21644
EEKW;21358
EELM;1477,13807,21694
EELP;18717,18725,21214,21416,21689
EELR;20738,21669,21677
EELS;
EELT;18744,20764
EELV;20946
EELW;13807,16066,21416
EELY;13818,20682,20706,20914,20938,21210,21416,21440,21664,21694,21708,21716,21789
EEMM;17987,18574,18607
EEMN;21182,21241,21445
EEMR;21820
EEMS;13061
EEMT;1477,3328,8348,13806,13829,20939,20965,21316,21369
EEMU;8427,13720,18516,20965
EEMV;3351,4871,8337,21668
EEMW;13807,13831,16066,21820
EEMZ;3042,21132,21316,21465,21619,21829
EENN;4825,4880,8247,8307,8408,8440,16108,16109,20663,21189,21241,21381,21389,21445,21802,21856
EENP;8135,13654,13829,20740,20754,21139,21707,21708
EENR;13778,21492,21600,21669
EENS;
EENT;20863
EENV;16109
EENW;3355,8475
EENY;4803,4880,20740,21013,21189,21354,21708
EEOV;4893,8147,8328,8440,16109,18736,18747,20834,20946,20975,21016,21407,21868,21925
EEPP;4829,8088,8135,16021,16142,16143,21076,21150,21750,21830,21882,21962
EEPR;13851,21544,21547,21549,21558,21817,21820,21926
EEPS;
EEPV;8209,18736,21079,21707
EEPW;3286,18493,18630,18836,21080,21547,21557,21820,21926
EERS;
EERT;21938
EERV;21279
EERW;8024,8111,20738,21598,21820
EERY;8024,21992,22007
EESS;20700,20857
EEST;21326
EESV;13745
EESW;2645,8222,20628,20702
EESX;8418,8445,20810,21138
EESY;8093,8407,13717,13729,20791,21996
EESZ;20842,20859,21033,21852,21880,21996
EETT;790,8163,8278,8282,16041,16042,16141,18622,20962,21336,21368,21476,21829,21922
EETV;4893,8053,13877,16080,16162,21612,21749
EETW;
EETY;3303,3375,13698,13749,13788,13818,16090,20914,20938,21789,22007
EEVY;18697,18767,21440,21664,21789
EEWX;8531
EEZZ;21558
EFFI;4911,22049,22053,22061
EFFJ;22042
EFFM;6735,8557,8566,22057
EFFS;1495,3379,4498,4797,8026,8027,8558,8560,8563,8564,8571,8572,13882,13883,15373,15374,15868,16167,16168,18904,18908,18910,18911,18914,20631,20865,20866,22054,22080,22083,22084,22085,22094,22103
EFFT;1496,3380,8555,8573,22053,22078
EFGL;1170,1463,6743,13886,20872,22115
EFGS;1498,3384,8031,8032,8601,13888,20878,22112
EFHM;4920,15377,22112,22166
EFHS;13890,20887,22112,22163,22165,22170,22175
EFHT;22193
EFIK;20902,22115
EFIL;8036,8654,13886,13896,15828,16180,22049,22115,22267
EFIN;13038,15875,16198,20899,22038,22207
EFIR;
EFIS;8613,8628,20887,22112
EFIV;4935,8642,8654,15875,16190,22207,22282
EFIW;8036,8612,8648,8668,16186,22049,22052,22053,22137,22239,22243
EFKR;15877,16207,20633,22351
EFKS;18904
EFKY;
EFLL;16205,22176
EFLO;1501,3275,8713,12731,14925,15383,16205,19005,20946
EFLP;1503,6779,8596,8644,8713,8719,18906,18951,18958,18995,18997,19005,22176,22180,22354,22393
EFLS;
EFLT;
EFLU;3388,3394,8698,13893,15878,16194,22061,22176,22243,22282
EFLW;1505,8036,8595,8648,8713,13910,18993,22049,22186,22243
EFLX;423,8049,22380
EFLY;16180,18024,18966
EFMR;20641,20959,20960
EFMS;13891,22112,22166,22199,22235,22248
EFMU;8739
EFNO;4942,15866,16198,20860,22038
EFNR;20959,20972,22090
EFNS;
EFNT;4943,8030,8603,8734,15386,20959,20972
EFNU;3390,4933,13893,15878,15881,16194,16209,16211,16214,16217,16218,22089,22090,22153,22209,22225,22245,22300,22353,22373,22437,22442,22447
EFOR;18462
EFOS;8628,13890,15868,22094,22472
EFRS;
EFRT;
EFRY;22100,22432
EFSS;
EFST;
EFSU;13883,16166,16225,22094,22153,22175
EFSW;20973
EFSY;18975,20887,20974,22174,22341
EFTT;20962,20965,20978,22378,22384,22400,22409,22431
EFTW;13917,22137,22218,22410
EFUZ;8599,8698,8703
EGGL;22565
EGGS;13921,13929,16229,16232,16234,16237,18471,19056,19059,20992,21001,21010,21011,22490,22491,22492,22498,22509,22512,22530,22550,22554,22559,22561,22563,22564,22566,22572,22574
EGGT;13927,20994,22507,22542,22543
EGGY;6823,8806,13927,13932,21009,21013,22109,22540,22557,22579,22583,22585,22590
EGHP;16240,19096,22495,22613,22619,22627
EGHU;6827,6836,13378,15397,22630
EGIL;
EGIN;22939
EGIS;16229,18041,19059,19117,19120,19190,22112,22509,22649,22712,22737,22740,22883,22994,22997
EGIT;1533,1534,3425,4975,8917,13388,13927,13940,21091,22856,22990
EGIV;
EGKS;1537,3435,8870,8874,8986,8991,13981,13982,19124,22761,22771,22772,22773,23018
EGLN;
EGLO;4955,4989,4993,4998,8985,22663,22671
EGLS;22664
EGLT;13997,22149,22671
EGLU;4998,15898
EGLY;16268,22124,22791,22797,22815,22825,22842
EGMN;
EGMR;
EGMS;21043,22112,22664,22675,22712,22714,22883
EGMU;22856
EGNO;21013,22765
EGNR;
EGNS;23104
EGNT;23081
EGNU;15901,16294,20668,21100,22939
EGOR;4992
EGOS;1537,3435,3464,22599,22649,22675,22688
EGOT;21091,21109
EGOV;6895,9145
EGOY;9086,9087,9108,9109,14983,16302,22500,22649,22921,23124,23154
EGPS;19117,19190,22509,22702,22712,22737,22740,22801,22834,22835,22883,22994,22997,23146
EGRS;
EGRT;13997,16254,22690,23169
EGRU;15901,15904,16261,20668,20676,21096,21100
EGRW;19146,21024,21121,22739,23160
EGRX;3463,20676,21152
EGRY;13932,13970,13997,22109,22158,22500,22540,22557,22590,22637,22690,22815,22900,22954,23154,23177
EGSS;13935,19154,22740,22997
EGST;
EGSU;
EGTU;21096,22856
EGTY;1593,6823,6883,13927,13997,18930,22674,22690,23177
EGVY;9068
EHHS;5012,5014,9181,14984,16304,16306,16311,19265,22597,22599,23181,23182,23183,23185,23191,23192,23193
EHHT;23194
EHIK;8825,14018,14959,14985,14986,14987,15907,16327,16328,21170,21171,22607,23198
EHIL;1596,8825,9223,9224,19276,21170,21173,22602,22612,23198,23202,23224,23248
EHIR;8612,16178,16183,22051,22052,22493,22497,22647,23391
EHIS;8613,9247,9252,9254,20680,20887,22165,22175,23185,23191,23212
EHIV;9223,9224,13663,22606,22617,22652
EHJU;6827
EHKO;21171,22607,23404
EHKS;13734,23411
EHKT;3480,3482,6958,6960,9273,19333,23404
EHKU;13734,14987,15003,15004,16411,16421,16423,16424,19333,23224,23225,23245,23411
EHKY;1600,5052,5056,15461,16423
EHLL;5022,5058,6963,9289,9290,15837,16428,16431,21214,22176,22602,22610,23248,23256
EHLM;14022,16340,20888,21173,21214,22611,23248,23260
EHLO;13937,22179,22180,22666,23402
EHLP;14042,21175,21214,22176,22180,22613,22619,23198,23202,23269,23442
EHLR;12815,13735,15006,15429,16178,16347,16441,16442,19281,21178,21226,22493,22614,22666,23224,23275,23402,23445
EHLU;18429,19336,22176,22180,23224,23225,23289
EHLY;21219
EHMO;21027,21241,22676,23474
EHMP;4540,4822,5027,5081,6980,9341,14058,15470,16462,19288,19355,19356,21214,22627,23258,23304,23306,23487
EHMR;
EHMS;
EHMT;12817,13407,14058,19360,23481
EHMV;23500
EHNO;13738,21182,21241,23221,23249
EHNR;1614,9339,13045,13077,15839,15905,16441,16457,16470,16478,16481,21245
EHNS;13078,16310,16416,16429,16443,16480,16486,22178,23411,23421,23534
EHNT;23441,23480,23533
EHNW;6832,9358,9360,19365,23533
EHNY;16445,16487,22669,23440,23441
EHOP;8857,14042,21175,21274,23345
EHOR;8182,8615,9245,21165,21197,21226,22647,22685
EHOS;
EHOT;5036,5053,5110,5115,14015,16394
EHOV;16394,22652
EHOW;9360,18476,19356,19365,19381,19387,21274,23345
EHPS;23212,23330
EHPT;1595,3487,8183,9214,9248,9253,14058,16398,16421,16515,21200,22619,22627,23213,23214,23273,23368,23480,23495,23581,23582
EHPW;6999,9360,9397,19318,19356,19361,19381,19387,19398,23306,23345,23366,23368,23372,23487,23538,23547,23552,23582
EHPY;
EHRS;
EHRT;22690,23581,23592
EHRU;14075,19320,21165,23224,23375,23581
EHRY;16183,16423,18074,19327,22500,22690,23592
EHSS;20700,23411,23535
EHST;
EHSU;13734,13746,21255,21256,22175,23234,23245,23343,23398,23411,23412,23508
EHSW;20702,22165,22175,22601,23399
EHSY;
EHTT;14075,23577,23581,23586
EHTW;
EHTY;3303,13749,19327,21295,22690,23530,23539
EHWW;22642
EHWY;1199,9262,9322,9358,13750,21206,21306
EIJV;9469
EIKK;1200,9484,13754,16257,19405,21038,21339,23601,23833
EIKL;14018,14110,14115,20902,21171,23198,23225,23841,23866,23867
EIKM;5158,9515,9516,15907,16603,21351
EIKN;439,14019,14985,16315,16610,21358,23616,23623
EIKP;4265,5162,5163,8871,9490,22693,23198,23602,23609
EIKR;9516,9537,21329,21339
EIKS;15026,16615
EIKT;2823,14115,21048,21368,22759,22764,23616,23623,23866,23869,23927
EIKV;6938
EIKY;3518,21358,23926
EILM;14022,14084,23260
EILN;23202,23663
EILP;13896,21416,24134,24157
EILR;23275,24159
EILS;
EILT;24189
EILU;1632,3388,8641,9217,9549,9560,9615,12834,12980,14989,15543,18124,18125,18954,18958,21417,22061,22243,22282,23224,23255,24159
EILV;16542,23643,24043
EILW;13755,16267,16591,21416,22239,22243,22694,22781,22796,23841,24133,24162,24189
EILX;13431,14084,16657,19551,22701,23655
EIMM;16000,16543,21380,23630,23844
EIMN;
EIMR;12822,21467,24306
EIMS;12823,22070,22714,22883,24277
EIMT;1644,3425,3528,9692,13940,21316,21380,22856,24279,24294
EINN;16258,21189,21445,22532,22629,22762,22764,22888
EINO;6386,7103,14991,18044,18149,19674,19678,22038,24319,24357,24370
EINP;22207,23202,23663
EINR;
EINS;
EINT;13774,14087
EINV;22207
EINW;14145
EINX;24370
EINZ;16275,16563,16567,22721,22925,23663,23753,24351,24356,24357,24381
EIOU;7084,9673,9790,13448,14236,15559,16360,16388,16393,16706,16714,16739,16768,16786,18979,19312,19316,19678,19732,19751,19753,22545,22651,22865,22919,23329,24319,24370,24384,24389,24484,24492
EIOW;16591,22239,23841
EIPP;5037,15048,23304,24107,24134
EIPR;21542
EIPS;22509,22549
EIPT;14223,16028,16540,21530,23609
EIPW;5162,9595,21080,21416
EIPY;9555,13896,18982,21416,24134
EIPZ;3569,8940,9253,22721,23663
EIRS;
EIRT;23758
EIRU;12793,13880,14257,21471,22039,22051,22077,22326,22332,22346,22497,22531,22547,22552,22556,22659,22996,22998,23224,23255,23375,23895,24306,24558
EIRV;16550
EIRW;8612,12784,14140,15919,21024,21178,21206,22052,23391
EISS;1530,22974
EIST;23789
EISV;
EISW;2661,9203,16535,23012,23191,23247,23316
EISZ;16830,24277,24571
EITT;16041,16042,16553,16711,16788,16795,16829,18575,18622,18676,18679,19459,19657,21338,21368,21537,22988,23011,23713,23829,24272,24311,24462,24607
EITU;1665,3477,3586,8283,9875,19316,19753,21595,22291,22651,22856
EITV;19731,22652,22924,22969,23643
EITW;24189
EITX;13908,14017,14260,15590,16758,16815,16826,19455,19699,21595,22345,22733,22971,24492
EITY;3392,4936,5046,9531,9785,9786,9837,9853,13788,13927,14198,14255,16352,16795,20914,22169,23226,23256,23311,23826,23869
EITZ;1534,5047,7161,8174,9253,9446,9854,16028,16042,16567,18987,19148,19456,21316,21489,21541,21595,23689,23753,23777,23927,24189,24294
EIVV;3547,13332,13412,15452,16740,16759,18103,19719,24069
EIVW;
EJKO;14262
EJKR;
EJKU;9880,14262,24610,24614
EJLL;449,3505,8286,21597,22742
EJLO;8627,9270,22223,22224
EJNO;3588,3593
EJOS;8628,19796,21605,22562,23015,23822,24633,24636,24637,24638
EJOY;12854,24630
EJPU;19467,21606,23816,24639
EJRU;16834,21606,23825,24614,24623,24626,24627,24639
EJSS;8982,9884,14265,22747,24621,24631
EJST;14104,15512,16582,19471,22748,23015,23798,23800,23804,23807,23810,23820,23822,23824,24633,24636
EJSW;9884,9900,21604,22165,24619
EJTU;5297,7166,8289,9480,23825
EJUV;9881
EJUX;3591,14262
EKKS;14267,19797,19799,24643
EKLL;3510,5301,8094,8294,9487,9903,13122,13673,16205,16841,20704,20745,20902,21039,21617,23841,24647
EKLO;1501,8985,9484,9492,9499,9904,9914,19800,21171,22350,22351,22354,22607,23016,23402,23841,23867,24646,24650
EKLP;3604,5301,5307,7172,7178,9490,9493,9905,9906,9915,16841,19477,19804,22354,22693,22752,23198,23602,23609,23851,23865,23867,24650,24654
EKLS;
EKLT;14115,16854,22759,23225
EKLU;5308,7182,9904,9924,12856,12858,14115,19804,21617,23224,23225,23867,23872,23878,24655,24664,24665
EKLW;14110,15595,16591,22694,23016,23841
EKLY;19205
EKMO;9904,16412,16843,18182,18500,18690,22350,22351,23884,24667
EKMP;5314,9490,9512,9515,21350,22760,24675
EKMR;16604,18690,21619,22351,24667,24668
EKNO;12855,14271,15061,16831,16863,22350
EKNP;15927,19804,20754,24650
EKNR;16858,16868,24695
EKNS;
EKNT;14019,22764,23227,23616,23623
EKNU;1682,13054,16610,16858,21100,22353,24610
EKNW;16868,18352,21358,23623,23888
EKNY;5052,15061,16831,16868,21358,21637,22353,23926,24695
EKOP;16841,16871,22144
EKOR;22351
EKOS;1537
EKOT;13131,14015,14287,16621,21612
EKOW;14110,16591,16871,19826,23841
EKOY;13131,14972,15061,21637
EKPR;454,1683,9906,9944
EKPS;
EKPT;1683,8317,9915,20754,21347,23609,23871,23917
EKPU;4288,15003
EKPY;
EKRS;
EKRT;19822
EKRY;1600,16207,16842,16868
EKRZ;21619,21655,23620
EKST;
EKSU;23245,23878,24664,24665,24666
EKSW;14125,15531,16535,16614,19272,19501,22772,23242,23247,23416,23888,23922,24710
EKSY;
EKSZ;9274,13057,24665
EKTY;9531,13131,21637,23926
EKUY;13058,22774
ELLM;1688,5345,9987,14291,16427,16428,16892,19835,24724,24725,24726,24728,24729
ELLP;14042,14128,14292,16061,16431,16841,21214,22176,23980
ELLS;23021,24723
ELLT;1697,8040,8294,13804,21217,24726,24738,24741
ELLV;1689,1697,3623,9286,9289,10002,10029,14296,19522,19529,19841,23635,23643,23971
ELLW;9987,22243,22781,23839,23841,24739,24771
ELLY;16430,16900,21664
ELMO;
ELMR;
ELMS;
ELMT;13806,14022,15615,16062,16912,20764,20939,21380,23260,24785,24787
ELMU;
ELMW;1704,8557,8702,9987,13807,16066,19847,22796,24790,24791
ELMY;22665
ELNO;
ELNS;
ELNT;16062,16445,20764,23441,24876
ELNU;14292,21716,22353
ELNY;15069,16211,16442,16445,21113,21716,22353,23441
ELOO;8712,20946,21691,22179,22386,22671,23026,23028,23031,23404,24724,24728,24754,24898
ELOP;14042,16841
ELOR;21226
ELOS;
ELOT;24754
ELOV;20946
ELOW;16066,16591,23841
ELPR;
ELPS;
ELPT;19588,20773,23609,24157
ELPU;14292,22176
ELPW;8713,9595,20750,20773,21416,24791
ELPX;1607,10105,16908,22380,23447
ELPY;19588,21416,24026,24134,24157
ELRU;21417,21764,23224,24159
ELRY;16442,16842,16900,24616
ELSS;16434
ELST;
ELSU;
ELSV;
ELSW;24985,24993
ELSY;
ELSZ;14331,14347,16436,24722,24878,24956,24985
ELTT;22186
ELTU;
ELTW;3681,9641,10197,10219,22186,23281,23290,24162,24189
ELTY;1738,10165,13818,21789,23688,23690,24160,24870
ELUX;9658,22282,22380,23655
ELUY;10012,21716,21764,24772,24926,24942,24986
ELVY;18767,21664,21759,21767,21789
ELWY;1752,21416,21598
ELZZ;
EMMO;1757,10030,10033,10246,10248,14301,14359,16968,16969,16970,16972,23075,24782,24998,25004,25005
EMMS;14303,14362,16903,23427,24648,24784,24788,25013
EMMY;19936,25003,25004
EMNN;8247,8846,9570,21381,23845
EMNO;8410,14271,16968
EMNT;13806,20959
EMNU;1756,9673,9685,16968,18137,19016,24249,24609
EMOP;9686,16975,24725,24791
EMOR;
EMOS;
EMOT;1757,1768,3702,9691,9692,25061,25089
EMOU;3702,5456,8739,9673,10260,10273,10279,13720,14057,14381,14383,16360,16464,16706,16714,16968,16972,16984,21824,22431,24279,25002,25036,25061,25065,25072,25088,25089
EMOV;
EMOW;8739,8807,16066,23426
EMOZ;1768,9692,10261,10319,16467,16714,21829,22427,23090,23302
EMPR;15855,16995,20963,24675
EMPT;1703,10066,14058,16912
EMPY;8405,9077
EMRS;
EMRT;
EMRU;5456,24306
EMSS;16434
EMST;
EMSU;24192,24215
EMSW;19631,19652,22877,22884,23316,23888,24246
EMSY;21455,25096
EMTU;3702,8427,12817,14057,14058,14383,16912,16972,16984,16989,22856,24279,24294,25061,25088,25089
EMYZ;
EMZZ;9668,9886,24306
ENNO;9939,20940,22370,23505,24319,24329,25122
ENOP;20001
ENOR;
ENOS;
ENOT;21881,25163
ENOV;
ENOW;9093,9109,25192
ENOX;17036,20001,22252,23325,23516,24221,24370,24748,25147
ENOZ;22925,23090
ENPR;
ENPS;22379,24749,25200
ENPT;17038,18796,20754,20799
ENPY;5500,9077,9338,9371,9992,10097,10284,14368,17037,20740,23480
ENRS;
ENRT;
ENRU;13077,22090
ENRW;16868,23533
ENRY;16280,16868,22540,22770,22815,22900,24046,24409,24623,25047,25103
ENSS;23128,23534,25200
ENST;
ENSW;
ENSY;14007,23104
ENSZ;14331,18820,19378,24878,24883,25215
ENTT;874,17006,17036,19816,25108
ENTU;10368,22437,25163
ENTV;1572,1779,20025,22924,22969,24870
ENTW;1573,9033,12883,17029,22446,23533,24686,24868
ENTX;5244,7386,7403,8672,9375,9461,9786,10105,16758,17036,17038,19699,22733,22971,25147
ENTY;16445,16487,23441
ENVY;5393,7199,9998,20025
EOOS;6789,16615,18978,23236,23536
EOOZ;22427,24104
EOPP;5517,9617,10132,10266,15048,19810,24107
EOPR;22073,22305,24481
EOPS;22094
EOPT;14223
EOPX;5519,16908,23325,24115
EORR;1723,1803,24626
EORS;
EORT;
EORU;1803,9393,13854,14381,21165,21824,25072,25221
EORV;20834,24630
EORW;
EORX;10150,10398,24268
EORY;7426,10003,17902,18063,19081,19470,19795,20834,21226,22500,23154,24616,24630,25076
EORZ;14190,21197,21677,23302,23976,24481,25233
EOSS;
EOST;
EOSV;
EOSW;
EOSX;25060
EOSY;9143,20081
EOTT;20978,21853,21881,23577,25108,25250
EOTV;21612,22652,22924,25061,25250
EOTY;5115,10165,13131,13818,16795,23869
EOTZ;16467,21829,25236
EOVW;8568
EOWY;9109,10479,25076
EOYZ;7426,14327,23042,23090,24277,25085,25326
EPPR;16142,21150,21750,21830,21882,21962
EPPS;24714
EPQU;10521,20041,21752
EPRS;
EPRT;
EPRU;12892,22432,24558
EPRV;17102
EPRX;5519,20771,21152,21750,21758
EPRY;22100,22473
EPRZ;21757,24968,25233
EPSS;
EPST;
EPSU;22094,24526,25161
EPSW;3748,5498,5522,7330,7369,7434,10386,23116
EPSY;1580
EPSZ;1812,7447,9157,10303,10415,10425,10484,10518,10538,10545,10548,20694,23580,24888,25274
EPTW;7273,25289
EPTY;14453,17037,22473
EQUY;1581,3671,5423,10012,16680,22267
ERRS;
ERRU;20841,21562,21607,21992,22326,22332,23375
ERSS;
ERST;
ERSU;
ERSV;
ERSW;24984,24985
ERSY;16823
ERTT;23592
ERTU;21031
ERTV;
ERTW;15087
ERTY;13749,13788,14198,14255,23311,23592,23826
ERTZ;1741,9854,10219,14173,18987,19456,20855,21757,23777
ERUV;3761,10418,14234,22466,22556,22659,24500,24546,24558
ERVY;16783,17053,24568,24630
ERYY;10542,12891,15072,21661,24713,25099
ESSS;23535,24663,24881,25100,25240,25295
ESST;
ESSU;8536,23411
ESSV;20700
ESSW;
ESSY;20081,23144,23163,24631,25326,25352
ESTT;14095,19459,19657,23011,23713,23789,23829,24607
ESTU;
ESTV;
ESTW;14388
ESTX;
ESTY;
ESTZ;20859,21033,23176
ESUY;7459,13534,16823,18790,22016,24215,25017
ESWY;8538,9979,23012
ESXY;5442,9421,10456,25060
ETTX;5573,10238,10349,14260,16758,16826,17036,20785,21438,22971
ETTY;5344,16795,20087,22007,23177,25321,25322
ETVX;
ETWY;1593
FFFU;17113,22039,25366
FFGO;
FFGU;14470,17115,20101,20862,25366,25370,25376,25377,25380
FFHU;25370,25387
FFII;3784,5586,10606,17117,20102,20103
FFIJ;22042
FFIK;5587,17118,17119,25387
FFIM;5587,10608,20102,20104,22057,25371
FFIN;1829,1833,3783,7468,10596,10598,10599,10600,10603,10608,14470,20101,22038,22062,25366,25370,25376,25387,25413,25415
FFIR;5592,10609,10616,10617,20102,20104
FFIT;5586,5588,10606,25413
FFIV;25375
FFIY;5592,7470,10611,22068,25386,25390,25407,25422
FFIZ;25405
FFKO;3377,8553,8554,8555,17113,17118,17119,17123,25425
FFLU;20105,20862,25376,25390,25405,25425,25426,25427,25429
FFMU;8566,25424,25427
FFNU;14470,14477,20101,22090,25366,25370,25376,25387
FFOS;10624,20866,22080,22084,22085,25368,25414,25418,25431
FFOT;3380,8555,10625,25413,25432
FFOY;14474
FFPT;25433
FFPU;
FFRU;10617,25423,25425,25427
FFTU;5594,25423,25432
FGIO;10676,14480,25446,25515,25516
FGIR;10658,25509,25516,25532
FGIS;10632,10645,22112,25453,25455,25457,25470,25482,25489,25490,25497
FGIT;8589,10676,14480,16176,25374,25440,25491,25523,25538,25539
FGLO;25446,25515,25516,25546,25551,25554
FGLU;
FGNU;
FGOO;3791,8604,10687,14480,18247,22144
FGOR;25516
FGOS;
FGOW;8595,25450,25462,25505,25524,25542,25546
FGOY;25463,25466,25467,25506,25516,25518,25521,25546,25554
FGRU;10638,25509,25532,25535
FGSU;8032,8601,10689
FGUU;25451,25545,25550,25553
FHIQ;
FHIS;5599,6463,8613,10632,10633,10691,10692,10696,10701,10707,14484,14485,15695,17135,20110,20120,22112,22165,22170,22175,25384,25391,25439,25452,25455,25560,25564,25566,25567,25571,25572,25576,25577,25581
FHMU;10698,25459
FHNO;5603,7469,17116,25460,25461,25462,25465,25590,25596
FHOO;10718,22179,25460,25465,25599
FHOU;5603,22180,25461,25466,25590
FHOW;20894,25462
FIIN;10643,12896,18941,18944,20107,20899,22058,22195,22206,22207,22209,25436,25440,25454,25491,25492,25602,25604,25618,25623
FIJU;
FIKL;20902,22115,22195,25629,25632
FIKN;2881,5608,10731,10732,17130,17140,17149,25387,25493,25494,25495,25602,25604,25629,25632,25634
FIKR;25495
FIKS;
FIKU;10694,17130,17151,22231,25387,25494
FIKY;5610,10694,10729,17140,25604,25631,25634
FILL;25498
FILM;4690,4927,8634,8636,10608,10649,10745,10746,20123,22118,25647
FILO;14488,14493,20123,20131,25444,25446,25473,25501,25503,25504,25506,25516,25610,25629,25654
FILP;13896,18958,20126,25407,25501,25507,25508
FILR;14492,25474,25509,25516,25667,25669
FILS;25403,25561
FILT;10730,10739,10755,20131,20133,25658
FILX;1830,10755,20130,25477
FIMR;14492,17138,17144,20102,20104,25682,25683,25684,25685
FINO;5611,5622,13900,16198,16199,17142,17146,17149,17157,20137,22038,22292,25413,25415,25629,25647,25654
FINR;17157,25509,25532,25535,25623
FINS;14496,17134,25573
FIOT;2884,4691,8643,10666,10676,10730,10755,10777,14480,14493,15700,16176,20131,20137,22074,22224,22317,22318,25413,25420,25503,25523,25644,25658
FIPS;10701,16201,25455,25563,25576,25577,25581,25582,25624,25625,25688,25689,25697,25698,25699
FIPU;10750,18958,22077,22264,25407,25507,25526,25568,25581,25582,25665,25689,25704
FIRS;17160,25695,25698,25701,25706
FIRT;
FIRZ;7492,25487
FIST;
FITT;1861,10673,10676,10773,10793,25491,25538
FITX;10755,13908,22320,22345,25699
FIZZ;25443,25492,25540
FKLO;1501,10730,22350,22351,22354,25425,25629,25632,25708
FKNU;10798,17130,17164,25387,25494
FKOR;8554,10679,22226,22351,25425,25495,25589,25708
FKSU;
FKSY;25497,25709
FLLU;902,3394,3799,7480,7486,8697,8698,10743,10806,10808,14504,17163,22176,25426,25498,25545,25643,25713
FLOO;14476,17171,20946,22179,25426,25551,25721,25731,25732,25735
FLOP;5636,7497,8713,10621,10829,17171,17172,18997,19005,20126,20146,22180,22256,22354,22393,25501,25732
FLOR;
FLOT;20131,20145,25503,25610,25658,25707,25721
FLOU;14501,17163,17169,17170,20105,20140,25426,25504,25551,25654,25718
FLOW;3802,5636,8595,8713,10754,10797,10815,10828,10835,14476,14505,17171,20131,20145,20148,25546,25658,25725,25732
FLOX;10755,17169,20130,25654,25718,25732
FLRU;14492,17167,25509,25595
FLSU;17173,25726
FLUX;17169,22282,22380,25718
FMOO;7494,10846,17174,17176,20118,20140,22422,22427,25647,25682,25707,25719,25721
FMOR;17174,17176,20104,25682,25683,25684
FMSU;25547,25648,25720,25726,25744
FMUY;17175,25677,25685
FNOS;25720,25728,25729
FNOT;10666,25413,25415,25503,25523
FNSU;14496,16217,17134,20971,22425,25572,25573,25591,25720,25728,25730,25743,25748,25750,25751,25752
FOOP;7504,10718,17171,22144,25732
FOOR;17174,17176,22041,22427,25682,25746,25747,25756
FOOS;
FOOT;13917,14480,15700,17176,20144,20145,22422,25413,25523,25598,25599,25658,25707,25721,25731,25735,25746,25753,25754,25756
FOOW;7505,10828,13917,14476,17171,20139,20145,25524,25658,25732,25735,25747
FOOY;10804
FOPR;4945,8744,8753,10623,17172,20146,22093,22256,22311,22393,22428,22457,25749
FOPS;25414,25419,25576,25577,25624,25699
FOPU;10720,17172,22180,22354,22461,25526,25749
FORS;17160
FORT;25753,25756
FORU;17164,17177,20151,25749
FORW;8753,10754,10815,10835,20139,20894,25542,25708
FOSS;14498,17148,17150,17179,25395,25622,25687,25691,25694
FOST;22472
FOSU;
FOSW;14497,22472
FOSY;17160,25368,25463,25518,25557,25698,25724
FOTT;10676,10687,10821,10829,10873,17165,20962,20978,22378,22400,22409,22431,25754,25756
FOTU;17165,25754
FOWW;10835,22472
FOXY;
FOYZ;14495
FRRU;910,5651,10617,10799,22048,22141,22326,22332,25532
FRSU;20121
FRTU;7508,8769,10799,10850,25432,25749
FRUY;6802,15089,20151,22100,22300,25466
FRUZ;
FSSU;7485,13159,17179,25536,25694
FSTU;14508,25543,25555,25636,25646,25666,25672,25717
FTTU;5642,10788,10873,17165,20965,20978,22291,22384,22409,22431,25538,25754
FTUY;25467
FTUZ;25539
FUZZ;14510,22346,25540
GGHO;7510,8780
GGIM;20162,20163,22531,25777,25778,25811,25815,25816,25817,25841,25856,25857,25858,25859,25860
GGIN;17181,20107,20108,20156,20157,20158,20159,20160,20163,20165,25440,25451,25789,25792,25807,25809,25810,25811,25813,25815,25817,25818,25821,25823,25824,25825,25830,25833,25837,25856,25857,25859,25860,25862,25881,25885
GGIR;16227,16231,17181,20158,22105,22106,22108,22109,22497,22508,22531,22547,22548,22556,25768,25813,25817,25821,25827,25830,25855
GGIS;16229,16232,18471,19054,19059,20155,20992,21001,21004,21005,22509,25772,25790,25791,25794,25797,25802,25803,25808,25852,25854
GGLU;13568,25447,25841
GGMU;20163,25778,25856,25857,25859
GGNO;1513,1895,7510,16235,21012,21013
GGNU;20108,20159,20160,20163,20165,25451,25801,25831,25835,25837,25856,25857,25859,25861,25862,25873,25880,25884,25885
GGOO;25448,25863,25870
GGOR;
GGUV;10941,22556,25880
GHHI;14530,25789
GHHO;14530,20168,25900
GHIN;25370,25459,25764,25789,25792,25905,25909,25912,25916,25918,25928,25933,25942,25948,25949,25963,25966,25994
GHIS;10991,14514,14531,14538,22112,25439,25455,25791,25794,25798,25803
GHIT;
GHIW;10960,17199,25462,25912,25916,25937,25947,25986,25993
GHNO;14543,20181,25465,26028,26030
GHNU;7520,11004,14537,14543,17191,17198,17200,17201,17202,20177,20178,22630,22667,25370,25459,25461,25764,25801,25899,25933,25939,25942,25948,25949,25950,25963,25966,25968,25977,25994,25996,25998,25999,26000,26001,26030
GHOS;11020,20182,20184,22675,22684,26034
GHOT;3825,10983,11042,25900
GHOY;14530,22500,26028
GHPU;11045,14538,25803,25966,25994,25996,26007,26009
GHSU;14537,14538,14542,20177,25798,25801,25803,25899,25939,25968,25996
GHTU;17202,20178,25941,25955,25977,25999,26001,26007,26009
GHUV;22659
GHUY;10963,11045,22690,26026
GIJO;3838,10903
GIJS;8784,10645,11089,11093,18479,22511,22692,22744,22747,22748,25791,25808,25835,26198,26202
GIKN;13161,14564,14569,15095,17130,17191,17210,17218,17236,17238,17248,17250,20231,20234,25493,25836,25933,26204,26205,26208,26211,26214,26216,26217,26221,26222
GILL;12909,13704,14550,14571,14573,17219,17252,20191,20238,21039,25471,25810,25909,26052,26074,26075,26076,26077,26078,26080,26081,26194,26242,26246,26248
GILM;914,11131,14576,17184,17255,25841,26089,26255
GILN;25766,25807,25810,25909,26074
GILR;26089
GILS;25797,25854
GILT;1940,1942,3855,7532,11052,11063,11064,17268,17271,26311,26312
GILU;12909,14576,25841,26255
GIMN;12912,13576,14556,14590,14592,14593,17185,17238,18256,20163,25371,25517,25777,25778,25857,25858,25905,26321,26358
GIMP;20203,22627,22711,26089
GIMR;1284,11068,11225,14592,17275,25517,25858,26089,26257,26329,26333,26339,26344
GIMS;20253,21043,22112,22714,26365
GINN;12906,12913,13163,13578,14517,14524,14558,14590,16258,17186,17226,17228,17257,17278,17282,20115,20165,20255,20264,22532,22535,22628,22629,22762,22764,22892,22906,22907,25520,25780,25792,25821,25825,25843,25857,25862,26048,26131,26204,26218,26245,26265,26268,26270,26369,26371
GINO;22765,22892,26058,26204,26205,26234
GINP;12917,17282,25380,25785,25881,26369
GINR;25967,26324
GINS;25489,25490
GINT;15717,17250,17310,25374,25440,25538,25539,25769,25788,25885,26153,26166,26203,26475
GINW;17218,18264,20264,25770,26251,26393
GINZ;14627,17228,20875,21023,21073,22735,25487,25492,25771,25825,25928,26065,26188,26358,26464
GIOR;13292
GIOS;17311,17312,20247,20288,22545,26234,26314
GIOY;14530,14629,20246,20287,25446,26315
GIPR;26089
GIPS;1938,8899,8959,8962,11012,14538,19117,20180,21001,21055,22509,22549,22702,22737,22740,22834,22993,25455,25794,25803,26003
GIRR;1966,11225,14559,25483,26168,26169
GIRS;
GIRT;
GIRY;8970,10677,11339,13970,14621,14629,22109,22557,22637,22900,22954,26169,26201,26381
GIRZ;7586,14608,25487,25878,26158,26318
GISS;8974,22740,22974,22997,25441,26486
GIST;17312,25772
GISV;17298,25989,26005,26287,26442
GISW;1967,11229,12922,14519,18498,19059,19120,22526,22554,22884,23012,26360,26488
GISZ;8977,8978,8979,10944,22850,25442,26003,26486
GITW;1942,22555,25542,26311,26393
GIZZ;3876,7586,11097,11303,11329,14627,14631,22844,25443,25492,25540,25928,26188,26318,26358
GJNO;11019
GJOS;22559,22562,23015
GJSU;22561,23013,23014,25544,25835,26198,26202,26491
GKNO;1972,8984,8989,10678,11354,11356,20231,20234,20236,21099,22765,26058,26204,26205,26216,26217,26221,26222
GKNU;3844,11119,11128,11349,13161,14564,14569,15095,17130,17191,17236,17238,17248,17250,17314,21100,25493,25836,25933,26211,26214,26236
GKOO;1974,14567,14632,15097,17240,20234,22144,22775,25935,26191,26205,26208,26217,26224,26225
GKOR;1975,3434,3882,4992,5731,8989,10679,11358,15097,16286,21099,22775,23016
GKOS;13981,19063
GKOU;15407,17314,20236,26193,26229,26236,26237
GKOW;3882,11358,17245,23016,25937,26221,26231
GKSU;19064,26241
GLLU;3883,5732,7480,11361,11365,12909,13581,13983,14573,22663,25545
GLMO;
GLMU;25841,26255,26489,26501
GLNO;26512
GLNU;3884,11361,11390,11393,26501
GLOO;13937,13991,14632,22671
GLOP;20246
GLOS;25797,25804,25854
GLOV;
GLOW;14637,14638,20294,25546,26311,26523
GLOY;1983,5735,5739,11375,17262,25506,25554,26020,26259,26280,26289,26296,26315,26494
GLPU;5732,11365,11383
GLRR;3894,19143,21118,22703,22785,22836,23055
GLRU;20292,26504
GLSU;17318,20296
GLTU;
GLUY;7556,11195,11393,25841,25960,26255
GMNO;12912,14592,14593,25517,25777,25858,26321
GMNU;13576,14556,14590,17238,18256,20163,25778,25857,26358
GMOR;14541,14592,17275,20301,20302,25517,25858,26257,26329,26339,26343,26344,26504,26537
GMOS;18266,22675,26024,26495,26527,26535
GMPU;9011,11021,26528
GMPY;2005,2010,9077,11375,22665
GMRU;14541,20302,26023,26504,26530,26536,26537,26539
GMSU;20253,26023,26024,26362,26365,26495,26527,26535,26536
GMSY;3887,11220,11374,11421,11422,11429,11430,23089,26357,26365
GNNO;20303,25481,26048,26058,26130,26131,26204,26218,26265,26379,26542,26544
GNOO;11033,11253,11344,11434,20234,26191,26205,26225,26405
GNOP;
GNOR;14543,25465,25548,25556,26030,26530,26547,26556
GNOS;
GNOT;20309,21109,23081
GNOW;14637,14638,14646,23082
GNOY;14983,21013
GNPU;12917,17282,25380,25785,26136,26156,26369
GNRU;173,2017,15901,16294,20668,21100,25548,25556,26030,26530
GNSU;17319,26490
GNTU;15717,17202,17250,17310,20178,25538,25539,25788,25885,26001,26166,26203,26465,26475
GNYY;11422,20245,22938,23133,26252,26307,26515
GOOP;22144,26476
GOOR;11344,15097,17207,17320,23141,26225,26396,26476,26496,26562
GOOS;26034,26036,26535
GOPR;
GOPU;11365,11383
GOPY;2010,3890,11375
GORS;
GORT;17207
GORW;3882,3898,11358,11427,11462,14650,17320,23160,25542,26537,26562
GORY;14629,16302,20883,22158,22500,22590,26042
GOSS;26486
GOST;17312,20288
GOSU;2012,9043,11336,11368,11401,11468,20296,22831,22919,23100,26419,26527,26543,26551
GOSV;11457,17298,25989,26005,26442
GOSW;5007,5749,9085,9141,10961,12922,14012,22599,25802,26034
GOSY;17315,20298,26494
GOTU;
GPSU;14538,25803,26482
GPSY;26526
GRSU;
GRTU;21031,21096,22690,26317
GRUU;14649,19245,20302,22996,25553,26030,26545,26553,26556
GSSU;
GSTU;
GSTY;25959,26316
GSUV;23135,26485
GSUY;14624,14641,20290
HHHS;11471,25896,25897
HHIS;9181,11472,11478,11482,12923,14653,14654,23181,23182,23187,25384,26571,26572,26575
HHNU;11477,25899,26571
HHOP;2048,6932,11489,25900,26573,26578,26581
HHOS;3191,5755,7618,7619,7620,12923,13167,16312,26572,26573,26574,26575
HHSU;3913,3916,5754,7617,7619,11490,11492,11494,14654,25384,25899,26571
HHUU;
HIIL;9194,10892,11497,11498,20316,20318,20319,22602,23198,23199,23201,23203,25560,25561,25562,25913,26590,26592,26594,26595
HIIM;2049,11500,15720,17184,17185,20321,25905,26590,26597
HIIO;13168,13169,15720,17338,17345,20318,20321,20324,20325,26597,26604
HIKO;2053,7627,11515,14018,21171,22607,26620,26624,26627,26629
HIKS;18268,18270,20329,26585,26621,26622,26626
HIKT;26624
HILL;2057,2058,10695,10974,22602,22610,23248,25909,25942
HILT;26590,26594,26649
HIMS;20120,20344,20345,25391,25798,25969,26625,26626,26677,26678
HIMW;10990,19285,23258,23261,23306
HINS;14657,25571,26571,26700
HINT;14656,26705,26706,26721
HINW;25462,25912,25916,25937,25947,25986,25993,26721
HIOR;2053,9245,11558,14676,18272,20325,20340,20358,21197,25578
HIOS;12693,12923,12925,14484,15695,20346,25566,25571,25577
HIOT;2899,5036,11574,11596,13169,14672,16393,16394,26604,26624,26691,26701,26706
HIOW;14033,15116,17199,23345,25462,25937,25947,25986,25993,26612,26669,26740
HIPS;14538,14666,20180,20337,20338,20344,20359,20360,21176,21184,21199,22632,22644,23212,23264,23295,23307,23330,25455,25568,25577,25794,25803,25997,26003,26593,26611,26617,26637,26646,26672,26677,26723,26729
HIPT;2079,9214,9248,9253,21185,21200,23214,25569
HIPW;11623,19318,23258,23306,23345,23366,26612,26670
HIPZ;2079,9253,26613
HIRS;
HIRT;26701,26706
HIRW;6954,8612,9262,11623,15919,16335,18073,21024,21206,22052,23306,23366,23391,25986,26612
HISS;5816,17335,18269
HIST;12929,14685,26583,26618
HISU;12929,13589,14537,14538,14674,14685,19312,20120,20177,20344,20347,22175,23234,23329,23343,23398,25384,25391,25571,25798,25801,25803,25899,25939,25988,26000,26005,26010,26571,26626,26677,26700,26733,26738,26739
HISV;25924,25989,26005,26583,26667
HISW;22165,22175,23399,25570
HITW;11638,26669,26740
HIWZ;9225,14682
HIZZ;25928
HJNO;3194,11019,23221
HJOS;
HKLO;14018,17351,21171,21210,22607,23402,23404,25932,26620
HKLU;23224,23225,25933
HKNO;11515,17353,26620,26627,26755
HKNU;25387,25933
HKOO;14040,20362,23404,25935,26755,26757
HKOP;26757
HKOR;2053,3939,7651,10710,11644,15736,25589,25936,26627
HKOW;7651,25937,26755
HKRU;8179,15004,16411,16423,23224,25589,25941
HKSU;13734,26626,26751,26758
HLLU;16428,16431,17361,22176,25942
HLMO;17433,20364,26013,26642,26771
HLOO;6492,11684,13937,14047,18935,19101,19340,20364,20365,22179,22671,23404,23442,26013,26778
HLOP;5068,5834,5842,5843,7632,9306,9307,11546,14042,17437,20334,21175,22180,23269,23442,25593,26635
HLOS;25797,25804
HLOT;20365
HLOW;11683,25947
HLOY;5839,7634,7655,7658,11558,17420,17433,17441,25804,26652,26659,26660,26668,26771
HLRU;2109,3826,10712,11675,14540,23224,25590,25949,26670
HLSU;
HLWY;1848,5786,9322,9329,23291,25962
HMMM;11693
HMNY;20368,25964,25967,26768,26785
HMOO;3827,7659,13591,14055,14668,19352,20362,20364,23474,23475,26013,26785
HMOR;
HMOS;26586,26788
HMOT;11548,11693,14672,26624
HMOW;14044,23426,23478,23492,26690
HMOY;7655,20368,26771,26785,26797
HMPU;11021,25966
HMSU;20345,21255,21256,22677,25798,25969,26600,26625,26626,26678,26786
HMTY;26775,26787
HNOO;26785
HNOP;967,2070,11702,13588,20334,26681
HNOR;2140,3829,14543,25590,26030
HNOS;
HNOT;7640,7668,11596,11680,11730,14693,25596,26604,26620,26653,26802,26818
HNSU;13078,14537,15113,16310,16381,16480,16486,17134,17201,17387,17389,17453,23343,23508,25571,25801,25899,26571,26700,26790,26803,26805,26817
HNTU;14693,17202,17324,17392,17460,20178,25596,25999,26001,26721,26814,26818
HOOP;14676,20373
HOOR;14544,14668,14676,17394,17396,23267
HOOS;22643,26036
HOOT;16473,16493,20365,22671,23404,25980
HOPQ;
HOPS;20180,25577,26003,26611
HOPT;10720,11680,11702,11747
HOPU;7677,10720,20361,20373,26835,26836
HOPW;9360,11747,19387,23547,26612,26836
HOPY;8857,11613,16497,17399,23549,23556,26659
HORS;
HORT;20358
HORU;3939,3955,9392,9393,19369,20361,20373,21165,25590
HOSS;10721,11727,15737,25395
HOST;
HOSU;3934,7619,7652,13589,14686,14688,26754,26786,26803
HOSW;10961,11696
HOSY;15125,17420,25592,26750,26797
HOSZ;11712,14682,16505,26003,26760,26832
HOTU;7668,20365,26778,26818
HOTW;11730,11747,14693,15116,26740
HOWW;25993,26669,26755
HPRU;17404,20359,20361,20373,20376,23581,23582,26007,26670,26695,26834,26835,26836,26846
HPSU;13746,14538,15117,16480,17357,20359,25803
HPSY;3958,11626,11759,20360,25997,26617,26694,26720
HPTU;4349,5809,10720,11045,16421,16515,17430,17470,19400,23554,23581,23582,25569,25955,26007,26009,26721,26835,26836,26846
HPUW;19398,23582,26670,26721,26836
HRSU;
HRTU;981,5814,5890,11767,13086,15967,16515,21031,22690,25941,25999,26007
HSSU;11757,26845
HSTU;
HSWY;17414
IIKP;16530,17486,22693,23198,23602,23609,26856,26857,26868
IIKT;3965,7689,11052,11780,14703,16317,16529,16532,17490,17492,20391,23197,23616,23623
IIKW;22694,23623,26064
IILP;2162,2163,5908,5909,11063,11781,11805,11808,15140,17486,17508,25615,26089,26594,26910,26914,26915
IILR;1851,2161,2162,2164,5904,9194,9430,9440,9442,10724,10725,11794,11795,11806,11808,11810,11811,15140,17505,17508,19410,20407,20408,22200,22201,23201,23610,23637,23638,23680,25913,26089,26090,26111,26595,26869,26872,26893,26901,26910,26912,26915,26919
IILW;7696,11784,20401,22694
IIMN;17185,17488,25371,25905,26850,26868
IIMP;7704,9434,20203,23647,23706,26868
IIMR;12822,17138,17144,17513,22057,22204,23691,23707,26090,26869,26893,26936,26937
IIMS;986,2916,10727,12823,14705,15019,16527,16549,17485,22204,22714,26885,26893
IINS;3834,3978,11798,11832,11834,11836,14518,14532,14657,14701,14726,15138,15142,17489,17491,20386,20388,20421,25793,25831,25898,25922,26148,26177,26584,26863,26878,26901,26903,26908,26944,26945,26947,26955
IINT;988,1923,2167,4355,9461,10643,10901,11082,11843,11844,17482,17490,17492,17516,17526,17532,23739,23753,25440,25454,25769,25920,26153,26166,26928
IIPP;11805,26904,26914
IIPT;2163,5908,5930,11063,11799,11818,11851,13193,15752,16540,17482,17490,17504,17541,23214,23609,23647,23706,23754,23775,23776,25615,25920,26162,26163,26164,26594,26905,26910,26975
IIRS;5931,8223,9440,9464,9465,11086,11810,12938,14489,14491,14714,14722,14729,16549,16575,16576,17537,17542,21034,22704,23637,23649,23665,23673,23680,23682,23691,23728,23756,23781,25603,25614,25621,25834,26111,26189,26853,26864,26872,26893,26901,26907,26908,26949,26950,26957,26967,26971,26977
IIST;5912,5931,7716,9444,9464,11499,11810,11852,12937,12938,13194,13195,14093,14097,14715,14729,15722,17339,17348,17506,17537,17538,21326,22059,22217,22221,23595,23640,23675,23680,23686,23756,23781,23787,25772,25930,26110,26111,26569,26614
IISW;9465,10691,11850,11852,14097,14519,18101,19120,20418,20421,21321,23220,23722,23772,23781,23783,26569,26599,26616,26855,26935
IITT;5932,5933,9452,9466,11780,11851,14717,16325,16553,17543,18102,19454,23203,23214,23613,23642,23669,23736,23741,23754,23776,23784,25796,26595,26889,26936,26951,26958,26980
IITZ;9446,11506,11844,16567,19456,21316,23689,23753,23758,23777,26919
IJKN;26046,26856
IJKO;26857
IJLL;3505,11088,18573,19464,22222,22742,23801,23802,25627,26194,26858,26983,26987,26988
IJLT;11855,21328,22224,22745,26047,26195,26988,26991
IJMP;2173,23810,26199,26992
IJMS;991,9474,10645,11853,11859,14102,21333,23597,23810,26981,26994
IJNN;17546,17547,26190,26996
IJNO;2919,26858,26990
IJNS;2175,2177,3508,9477,9479,11089,11093,11096,14103,16582,22744,22747,22748,23819,23820,25835,26198,26202
IJNX;26049,26998
IJOR;15698,15977,19470,23802,23805,23806,23823,26857
IJOS;12826,23803
IJVY;
IJZZ;5935,9482,11097,11857
IKKL;9484,11864,19405,25629,26862,27000
IKKN;11099,11866,16257,16585,17210,21038,23601,23833,25629,26050,26051,26204,26205,27001,27003
IKKR;197,11099,11474,11866,13754,21339,23601,23830,23833,23835,26051,27003
IKLL;3510,3987,5936,9487,10729,11872,14733,17351,17484,17549,17553,17556,17558,20704,20902,21039,23839,23841,25631,26052,26866,26983
IKLM;27013
IKLN;20438,25493,25629,25632,25836,25932,25933,26208,26211,26620,27021,27022
IKLO;3989,5938,7725,9484,9499,9500,10730,11864,13092,14018,14108,14110,14703,14734,14735,15146,15147,16591,17351,17549,17553,17554,17556,17565,17567,17568,20438,21171,21345,22607,23841,23866,23867,23868,23869,25629,25632,25932,26208,26209,26620,27000,27009,27022,27024
IKLP;17486,17553,17567,17569,19483,22693,23198,23602,23609,23865,23866,23870
IKLR;993,2186,3989,5938,7725,11103,11884,20438,26055,26211,26869,27017,27022,27026
IKLS;18276
IKLT;14703,14734,23866,26057,27022
IKMN;2051,2187,2188,3991,7728,10731,11515,11775,11866,17237,17488,17573,20231,26850,26868,27001,27013,27033,27039
IKMO;17237,17573,17576,20231,27001
IKMR;16603,17576,21351
IKMS;
IKNO;11515,15761,15762,17149,17353,17573,17580,20231,20234,20236,20391,20438,20444,20445,25629,25632,26204,26205,26208,26217,26221,26222,26620,26627,26629,27001,27003,27021,27022,27024
IKNP;14738,26856,27039
IKNR;10731,11866,17248,17563,26211,26627,27003,27022,27026
IKNS;
IKNT;14734,17250,17490,17492,20391,21048,22764,23616,23927,27003,27021,27022,27041
IKNW;3204,15762,17245,17580,20444,21358,25632,25937,26064,26221,27024,27026
IKNY;5683,11115,17140,21358,23926
IKOS;14119,14122,19508,23930,27057
IKPP;17586,27039
IKPS;20437
IKRS;
IKRU;16261,16597,16603,16635,17248,20448,22229,22231,22758,22768,23224,23232,23797,23854,23895,26211,27017
IKRY;5770,17355,27026
IKSS;
IKST;27042
IKTU;2192,11896,11914,12943,14126,16635,17151,17250,17492,17551,17589,20448,23927,26236,27041
ILLL;2057,2204,2205,5170,5958,8875,11129,11781,11915,26074,26242,26243,26987,27062
ILLM;17361,25605,25606,25641,26075,26244,26866,26884,27064,27065,27066
ILLN;551,2058,2181,2207,2210,3846,3999,4002,7543,10906,10974,11088,11129,11130,11132,11135,11532,11533,11534,11782,11872,11915,11916,11917,11924,11925,11926,13604,14127,14550,16644,17252,17596,20191,20238,22236,23248,23801,23839,23958,23971,25642,25810,25909,26052,26074,26075,26076,26077,26078,26079,26080,26081,26082,26194,26242,26246,26247,26252,26858,26884,26886,26887,26889,27063,27064,27072,27073,27075,27077
ILLO;1340,4003,4725,5685,11137,11915,11918,11924,11925,11932,15764,17219,17252,17549,17553,17554,17556,17597,17598,20238,26077,26194,26242,26246,26858,26884,26886,26887,26983,26987,26988,27009,27062,27065,27066,27072,27073,27078,27079,27080,27081,27085,27090,27091,27092
ILLP;3521,4002,4004,8878,9555,10736,10739,11132,11781,11919,11925,11926,14747,17553,17598,20331,26078,26246,26635,26636,26886,27078
ILLR;2208,2213,11932,17597,17599,27064,27065,27073,27079
ILLS;
ILLT;2205,2210,4003,10739,11137,11918,11919,17479,25643,26080,26889,27066
ILLV;14751,19522,19529,23971,27092
ILLW;4008,11784,17556,22239,22781,23839,23841,26081,27085
ILLY;2217,9550,9555,11872,11917,11926,11930,17497,17558,17598,17599,21375,23801,26866,26983,26987,27078,27081,27094
ILLZ;23976,26887,27079
ILMN;14755,17600,25647,26868,26884,27103,27104
ILMO;4360,10747,15742,17152,17600,20123,25605,25641,26642,26884
ILMP;17600,26085,26089,26868
ILMS;
ILMT;1342,2061,2224,5177,9575,10745,11147,11919,11955,14022,14759,15766,21380,23260,26258,27066,27103
ILMU;15766,17561,18283,20461,25841,26255,27017,27100,27120
ILMY;11544,25841,26088,26255,26259,27104
ILNN;5969,11874,11924,11950,11982,17256,17257,25842,25843,26245,26264,26265,26266,26267,26269,26270,27123
ILNO;14734,14755,25610,25629,25647,25654,26620,26858,26884,26886,26887,26897,27022,27073,27123,27126,27131
ILNR;3982,11991,14709,14755,17364,17605,17607,20438,20467,27022,27073,27123,27139
ILNS;15138
ILNT;11534,14734,20467,26620,27022
ILNY;25642,26904
ILOO;11864,15764,17503,17565,17597,17617,27000,27071,27079,27080,27121
ILOP;17553,17567,17600,17607,26636,26651,26886,27135
ILOR;27073,27123,27131
ILOS;25797
ILOT;10730,12021,14493,14703,14734,25610,25644,25658,26311,26315,26897,26988,26991,27009,27066,27090,27091
ILOV;14751,27092
ILOY;4021,5613,10747,14156,14493,15147,17152,23869,25446,25627,25641,25644,26315,26659,26987,26988,27000,27062,27078,27080,27084,27091,27093
ILPR;15140,17508,17569,17607,17620,17627,26089,26275,26670,26910,26915
ILPS;20338,20472
ILPU;13608,18124,18958,25407,26670
ILPY;2253,4004,4021,5978,5996,7778,7781,7783,9555,9631,11881,11926,11986,11997,12017,12042,12045,12046,13896,14156,17486,17508,17509,17569,17626,19588,20451,20472,21416,24076,24154,24157,25407,26915,26917,26918,27078,27084,27134,27135,27169,27177,27179
ILRT;14759,17571,17627,26919,27186
ILRV;26915
ILST;
ILSY;12046,15036,17509,22835,24171,26918,27177
ILTT;14717,14773,17268,17507,20481,26107,26290,26312,26889,27029,27152,27155,27186
ILTU;20133,20461,25675,26590,27090,27186
ILTW;1942,4737,12012,18288,20131,23291,24133,24189,25658,25962,26108,26293,26311,26669,27027
ILWY;1352,3214,5786,5940,11107,11569,11881,12012,12046,18286,18288,20401,20469,20476,21416,23291,25962,26668,26918,26922,27024,27026,27027,27144,27160
IMMO;11542,11945,12947,14776,15770,17373,17512,20123,20484,25678,26321,26322,26642
IMMY;11544,17513,22791,24210,25677,26255,26324,27100
IMNO;12912,20492,25777
IMNS;
IMNT;26929
IMNU;7083,10698,10917,11477,13576,13611,13612,14556,14590,18137,18256,19622,20163,22870,24249,25778,25857,26358,27033,27039
IMNX;2279,11813,20492,26598,26928
IMNY;1355,12106,14777,27104
IMOO;7795,9686,10765,12940,13613,14187,14668,14669,17575,17643,17644,17645,18138,18289,19635,20135,25681,25682,26685,27042,27225,27226,27227
IMOR;20104,20342,25682,25683,25684,26691
IMOS;10727,10765,12108,22070
IMOT;15041,15553,16711,16713,17644,19291,19615,19644,24279,26691,27066
IMOX;20492,26928,27214,27225
IMPP;11208,23304,26116,26338,26349,27039,27205,27215
IMPR;26350,26695
IMPS;17646,21184
IMPU;6014,13611,14738,26695,26696,27033,27039
IMPW;5944,23306,23704,24256,26119,27216
IMQU;16706,21467,22870,24294
IMRS;
IMRT;17644,25683,25684,26120,26929,27209,27219
IMRU;14673,21467,22531,24306,27017,27100
IMRV;9450,9696,9705,9713,10766,12098,16550,20501,24267,24268,25682,26121,26937
IMRY;12123,14198,16197,17144,17378,17513,17517,22289,23311,24210,24240,25684,25685,26570,26697,27219,27239,27248,27250
IMSS;
IMST;
IMSU;10771,10772,24192,24215,25391,25798,26981
IMSV;20385,20419,22714,23228,23654,23711,27110,27222
IMSW;14142,14785,19549,19631,19652,20418,21454,22877,22884,23888,24228,24246,26348,26360,26935,27038,27111,27199,27203,27244
IMTT;4044,4045,7799,10773,12111,16553,16711,17519,18622,19644,21476,22291,23260,23310,24266,24279,24303,26692,26936,27232,27250
IMTU;4036,11590,11896,22856,24279,24294,26590,26696
IMTX;2279,17635,26928
IMTY;14198,23706,27250
IMXY;19551
IMZZ;9668
INNO;14761,21445,22892,24329,26204
INNS;567,3978,4046,5619,5922,6036,6037,7813,7817,7820,10774,10778,11834,11899,12129,12142,12949,13616,14496,17637,17663,20347,20443,25412,26223,26371,26571,26700,26945,27002,27263
INNW;17580,20505,21488,23724,24329,24350,26393
INOP;17600,26886,27126
INOR;27073
INOS;12161,26708,27273,27288
INOT;11596,11837,26620,26653,26954
INOV;20445,25880,27126,27145
INOW;4050,12159,14145,14210,14779,14798,17580,27024
INOY;13620,14474,14777,19301,20520,24229
INPR;6054
INPS;13621,15142,20386,20522,25416,26955
INPT;17482,17490,25920,26153,26162,26163
INPY;5978,6054,11926,27293
INQS;7832,12177,25874
INQU;14710,26956
INRS;
INRT;
INRU;25652,26956,27073
INSS;17535,25622,25687,26892,26926,26993,27128,27191,27210,27221
INST;
INSU;12949,14103,14496,14726,14732,14795,23329,23343,23751,25412,25416,26571,26700,26898,27002,27004,27019,27076,27124,27273
INSV;26908
INSW;27076
INSY;14222,14624,17306,21455,24344,24437,25490,25534
INSZ;
INTT;25538,25885,26001,26203,26392,26462,26471,26475,26889
INTU;20178,25788,25885,26001,26203,26475,26998
INTV;4055,11321,11323,11324,11803,11824,11843,12011,12098,12148,15158,22969,26143,27145
INTW;20491
INTY;9531,9786,17393,17681
INVY;11604,12164,27222
INWY;27024,27026,27144
INXY;17611,17681,20402,20470,24096
IOPS;25418,25577,26003,26611,26730,26962
IOPT;14227,21530
IOPV;1028,19725,24363,24454,26414,27126
IOPY;4021,5626,6068,11613,11870,12202,14811,17399,26636,26659,27005,27006,27078,27084,27318
IORS;2317,25418,25695,25698,25701,26864,26964,27303,27314
IORT;22074,25420,25684,26691,27056,27309,27319,27327
IORV;2296,6045,7828,10766,20445,25682
IORZ;4058,7492,11260,11579,12112,14190,14608,17396,20325,21197,22918,23302,23729,24481,25878,26613
IOSS;13628,14498,14808,17148,17698,17699,18162,19445,19715,20506,20517,22974,25622,25687,25694,26486,27259,27272,27287,27288,27320
IOTT;1963,6050,10676,11837,12111,12207,12696,13199,14091,16621,16711,16795,17268,17700,26312,26656,26692,26954,27029,27056,27319,27323
IOVV;7131,16740,19719,24069,24501,26294,27092
IPPR;11269,12035,26151,27309
IPPS;20525,27310,27312,27331
IPPY;2178
IPQU;12166,26156
IPRS;25418,26611,26730
IPRT;17627,26910,27309
IPRU;16025,16805,17404,17627,17704,18170,21542,22077,22547,22996,24557,24558,26478,26670,26695,27164
IPSS;
IPST;
IPSV;21199,21501,27095,27180
IPSW;20522,26161,26461,26882
IPSY;7781,11564,20338,20451,26672
IPSZ;5956,12018,26003
IPTT;17703,26162
IPTU;5809,6080,15160,26695,26696,27196
IPTY;
IPXY;7714,11613,17399,26659
IQTU;1863,2332,11896,18280
IQUZ;5266,13783,19776,24294,24569
IRRT;2281,11225,11289,12222,12234,17706,26168
IRRY;11291,12050,12116,12184,17378,17405,18295,26169
IRSS;27303
IRST;
IRTT;17706,20529,26174,26312,26471,26595,26936,26958,27056,27186,27232,27250,27319,27323,27327
IRTW;2307,11298,12159,25542,26175,26435,27054,27327
IRTZ;2308,3996,6092,9854,11844,11914,12124,12234,12241,14173,19456,23777
IRWY;11623,14754,20476,21206,22557,25855,27026
ISSS;7723,7807,10768,11480,11530,12235,14630,14784,14799,17380,17510,17692,20477,25663,26436,26472,26479,26865,26879,26995,27031
ISST;14808
ISSW;580,7863,20517
ISTT;16829,21338,23011,23829
ISTU;25628,26739,26744,26969,26982
ISTW;14785,14818,20418,27199,27244
ISTZ;
ISWY;2337,7160,7744,7812,9874,10709,11569,12033,17414,23012,23191,23397,26488,26668,27144
ISWZ;14682
ISYZ;4033,8979,11570,24185,24277,24312,26486,27241,27335
ITTW;11638,26447
ITVY;7719,11339,11943,12034,12227,17697,17709,20433,25626,26975
ITZZ;24189
IVYZ;11327,26187
IZZZ;26188
JJUU;24609
JKNU;12250,12251,24610,26856
JKOO;24613,26191
JKOU;14262,24614,26193
JKOY;
JKUU;13219
JLLO;26194,26858
JLOS;11342,11854,12256
JLOT;11855,22224,26195
JLOW;6100,9270,12954,26197
JMOO;4071,12940,15799
JMPU;25424,26199,27345
JNXY;
JORS;3595,7876,11345,12256,12261,12853,16836,21601,21605,22562,24615,24618,24619,24633,24636
JORU;6104,7877,12255,16834,17712,20361,24614,24627,27346
JOSS;14265,21603,24620,24621,24624,24628,24631
JOST;21605,23015,24633,24636
JOSU;
JOSW;2352
JOSY;7878,27349
JRUY;12253,12258,17712,18181,24614,24623,24627,24639,27346
JSTU;11863,25628,26202,26982,27342
KKNO;1972,3879,8984,25629,26204,26205,26206,27001,27003
KKOO;8293,11864,11869,12267,14040,26205
KKUU;
KLNU;25836,25933
KLOO;2367,2370,6115,11864,17565,17716,17723,17724,23404,26208,27363
KLOP;16841,17553,17567
KLOS;
KLOU;2722,9904,12278,12279,12957,13221,14501,14827,14955,17163,17714,17717,17724,25425,25708,27009,27363
KLOV;6117,9914
KLOY;6107,6109,6119,7881,12955,14735,15147,17568,27024
KLPU;
KLRU;2357,4078,5631,7882,9924,17717,22229,22758,23224,25425,25708
KLSU;24664,24665
KMNO;4081,6111,11354,11515,12285,14271,16843,17237,17573,20231,22350,24667,27001
KMOO;4768,9931,12267,12288,14271,15799,17421,20362,25707
KMOS;27361
KMRU;2947,6123,7882,10798,11648,12286,15800
KMSU;2377,3609,9934,12272,12294,14828,24669,26495,27351,27353,27355,27361
KNOO;2367,4081,12958,13226,14271,14275,14567,14829,14830,16863,17240,17353,17711,17730,25935,26191,26205,26208,26217,26224,26755,27021,27373
KNOP;17731,27373
KNOR;13602,20438,20445,26627
KNOS;
KNOT;12958,14734,14830,20391,26620,27021,27373
KNOW;12285,14830,15762,17245,17731,20444,25632,25937,26755
KNOZ;26222
KNPU;14738,17731,26856,27039
KNRU;14569,14704,21100,22768
KNSU;
KNTU;2386,10796,12251,17250,17492
KOOP;14280,16870,16871,17735,21642,22144,24698,24699,26224,26757,27005,27373,27378
KOOR;24699,27378,27379
KOOS;
KOOT;2370,9931,11906,12267,12288,12301,12958,17418,17724,17730,17735,17736,17739,20446,23404,25707,26757,27056,27363,27373
KOPR;4395,4770,6132,12275,12301,12304,17722,26857,27378
KOPS;20437
KOPU;12304,15247,17731,17740,17741,26229
KOPY;26634,26761,27005,27006
KORS;26864,27007
KORU;13129,14282,17717,17739,17742,25425,25589,25708,27379,27385
KORW;14742,14833,17723,17742,25708,27371,27378,27379,27385
KORY;26232,27375
KOSS;27356
KOSU;12270,15166,15168
KOSW;11911,12277
KOSY;26634,26761
KOTU;13228,13229,14287,14827,17165,17551,17589,17724,17726,17736,17739,17740,17741,17742,20448,21644,24708,25589,27009,27363,27379,27385
KOUY;26237
KOUZ;3994
KPUU;15126,17430,17741
KPUY;17592
KRSU;24719
KRSY;
KRTU;14126,20448,25589,27379,27385
KRUU;20543
KSST;
KSSU;
KSTU;24664,24665
KSUY;12313,25711,27008
KTUU;14827,17430,17741
KUUZ;
KUYY;
LLLO;4091,7653,11915,26242,26496
LLLU;4092,14291,16058,26243,27386
LLMO;16427,16892,17714,18297,19835,21665,24724,24725,24726,24728,24729,25605,26884,27065,27066,27390
LLMU;14291,16428,16892,17361,17714,21597,26244,27064,27069,27391
LLNO;16059,16893,17252,17596,20238,24724,24726,24738,24739,26077,26194,26242,26246,26247,26858,26884,26886,26887,27063,27072
LLNU;14292,14745,14836,16644,17596,21674,23971,25545,25642,27063,27064,27072,27075,27077
LLOP;14042,14747,16841,17553,24757,25713,26246,26635,26886,27395,27399
LLOR;17554,17597,17716,17717,26496,27065,27079
LLOT;13804,21217,24726,24738,24741,24757,24770,24771,25643,25713,26635,27009,27066,27090,27399
LLOZ;11932,12332,21677,23976,26887,27079
LLPU;1385,2406,2408,5732,11365,12321,12328,14292,16061,16431,22176,25713,27395,27399
LLUU;10028,12328,21617,24733,25545,27075,27399
LLUW;14504,24771,25716,27085,27090
LLUZ;8698
LMOO;18297,21691,24724,24728,24790,25719,27390
LMOS;
LMOT;26258
LMOY;14847,26259,26771
LMPU;
LMRU;17167,25427,26504,27112
LMSU;25726,27351
LMSY;14848,14849
LNOO;2367,4093,4119,12366,12367,12368,12404,12405,20555,21691,24724,25647,27126,27412,27415
LNOR;14755,17168,17364,17607,17608,20438,20467,25548,25590,26512,26652,26901,27022,27123,27131,27137,27138,27139
LNOU;6165,6169,10822,12255,12415,14745,14850,14854,17169,17170,25590,25652,25654,27123,27131
LNOW;26512,27024,27412
LNOY;20559,26512,26768
LNRU;22373,24847,25548,25590,25652,27123,27139,27420
LNSU;25428,26898,27124
LNTU;2446,2451,2456,5841,6171,7922,11361,12335,26514,27420,27421
LNUV;9881,10118,10128,17501,26270,26306,26906,27145,27420
LNUY;14826,14836,15069,16211,17170,20559,20560,21716,22383,25428,25642,25650,25656,27077,27124,27152
LNXY;17611,20402,20470,23041,24096,24748
LOOP;20565,25732,27395,27415,27424
LOOR;12382,12430,23028,24728,26308,26496,26502,27065,27079,27108,27153,27396,27422
LOOS;27422
LOOT;2370,4127,10828,11684,12338,12404,12406,13582,13991,14047,14269,14764,14857,14858,14863,20144,20145,20365,20561,20565,20566,22671,23404,24898,25658,25731,25735,26311,26518,26778,27363,27393,27415
LOOW;3653,4075,10828,11683,11684,12014,12368,12954,14476,14637,14844,14851,14861,14863,17171,17723,17762,25658,25732,25735,26311,26523,26778,27412
LOPP;6174,9617,10132,11805,17762,24107
LOPS;
LOPT;14858,20566,21693,27393
LOPU;20567
LOPW;5636,8713,11683,12370,14859,17171,17762,20568,24791,25732
LOPY;3890,4021,4129,6182,10621,11375,12444,17768,20146,20572,26659
LORT;17439,17755,17772,22569
LORU;2463,12255,12416,12445,26282,26504,27123,27396
LORY;12875,16076,17433,17439,17770,21226,24616,26781
LOSS;17747
LOST;
LOSU;
LOSV;25739
LOSW;27089,27111
LOSY;10622,14507,25368,25804,26016
LOSZ;14347,20564,24131,24722,24925,25734
LOTT;17268,17507,20481,26290,26312,26514
LOTU;11688,12278,20365,20571,21712,24771,26778,26782,27009,27090,27363
LOTV;
LOTW;3802,4133,10828,12455,14863,20131,20145,20148,20561,25658,25735,26293,26311,26523,27090
LOWY;10797,12377,26296,27024
LPPU;
LPRU;2443,2470,11690,11808,11968,12035,12419,17627,26670
LPSU;
LPUU;2445,4115,10188,12328,13608,14771,14841,14842,24147,24733,24799,24967,25738,27075,27399
LPUY;15070,17768,24926,27164,27169,27432
LRSU;20407,27185
LRUY;18287,20452,21764
LSTU;14508,27366
LSUU;12962,14351,14356,14508,14642,14689,15171,16914,16926,17629,17754,17761,20554,23049,23066,23073,24819,24832,24877,24953,25544,25547,25555,25559,25591,25726,25739,26498,26506,27102,27185,27351,27365,27366,27403,27409,27410,27411,27435
LSUV;19607,24186,25739,27180,27185
LTUZ;10192,23689
LUUZ;
MMMU;17727,26320,26923
MMOS;12947,14776,20484,25678,26327,27199,27441,27442,27443
MMPU;12482,14841,26323,26528,27196
MMSU;14303,16903,17632,23427,24195,24212,24648,26678,26924,27101
MMUU;11948,13235,14841,26528,27193
MNOO;4081,6151,10846,12366,12367,12368,12489,12501,12502,14271,14870,17782,21691,22422,23474,24724,24789,24790,24999,25719
MNOR;
MNOS;26788,27449
MNOU;5851,10260,14305,16968,17175
MNOW;14779,14870,14872,20491,20492,26531,27038,27216
MNOY;17175,20368,27449
MNSU;15809,26790
MNTU;6105,11699,12251
MOOP;9686,12366,12381,20577,26332
MOOR;7898,15175,20575,27065
MOOS;2492
MOOT;4402,9931,10846,12267,12478,12502,16984,17782,22422,24999,25004,25029,25061,27465
MOOV;26336
MOOZ;7935,11423,12502,13613,22427,26337,27452,27465
MOPP;1416,7946,10266,12383,12503,24800,26338,27215
MOPR;6200,10623,11424,12503,12505
MOPS;4110,11701,11962,12081,12369,12479,26992,27015,27067
MOPU;6211,7946,12482,12507,25065,25424,27345
MOPY;2010,6201,11375,12381,12505,12508,17783,20252,26341,27455
MORS;
MORT;14672,25683,25684,27219
MORU;20302,20575,26504
MORW;13638,14779,14844,14872,17791,20582,26344,26504,26531,26537,27216
MOSS;
MOST;
MOSU;26495
MOSV;2518,6023,12516,17793,27222,27231
MOSW;15811,26348,26645,27038,27203
MOSY;12948,13237,14786,17447,17650,26797,27449
MOTT;2522,7799,12111,12393,12493,12544,17519,27232
MOTU;2522,2731,3702,12482,14383,16972,16984,16989,19959,22431,24279,25061,25065,25088,25089,27345
MOUV;17793,25061,27243
MOXY;9087,12533,14847,23493
MOZZ;
MPPU;249,1420,7946,26349,27039,27215
MPRU;11487,11968,21812,24675
MPSU;
MPTU;8427,10066,10283,10333,12482,12507,16912,16989,17751,17785,21813,24671,26352,27196,27345
MPTY;27455
MPUY;26353
MRRU;
MRSU;25891
MRTU;12396
MSSU;
MSTU;27355
MSUU;12294,12380,12398,14371,14387,14828,14879,22368,24819,24832,25547,25726,25744,25891,26536,26981,27070,27351,27355,27407,27409,27410,27411,27475,27476,27479
MSUV;2290,6225,10771,11980,12103,12329,17793,20419,21255,25081,27243
MSUW;14388,15811,24833,27244,27484
MSUY;14848,18790,27248
MTTU;12393,12544,20965,22291,22431,24279,25088,26936,27250
MUZZ;14692,25089
NNOO;4162,4407,6161,11434,12399,13226,13639,14829,17711,20149,20369,20583,23474,25108,25746,27371,27412,27439,27448,27487,27490
NNOU;10260,10368,11031,16108,16917,22370,22437,27448,27450,27490
NNOW;9093,11414,12491,20505,20583,23082,24329,25020,25021,25102,25117,27412
NNSU;16918,17637,17663,20347,20443,20462,20508,20591,22371,23030,25412,26223,26268,26371,26571,26700,26898,26945,27002,27019,27499
NNWY;11250
NOOP;17783,18217,20577,24052,24351,24841,26941,27126,27373,27415
NOOR;11344,12146,25522,25747
NOOS;27273,27501
NOOT;10379,10846,12367,12404,12478,12501,12502,12958,14830,22422,24999,25108,27373,27415
NOOW;12368,13618,13643,14637,14646,14830,14851,14870,17806,17815,17817,20444,20555,20583,22439,24355,25747,26531,27371,27412,27510
NOOZ;4164,7935,12502,27452
NOPR;20556,20596
NOPS;12479,17798
NOPT;27373
NOPU;8448,11383,14854,17731,27215,27490
NOPW;14854,17731,24791,25152,26554
NOPY;
NORS;14855
NORT;
NORU;12255,12416,25548,25590,25652,25876,26030,26282,26379,26814,27123,27490
NORW;27216,27371,27508
NORZ;2021,2503,4164,11260,12416,14608,25878
NOSS;12132,12161,12559,15181,17758,25622,25687,25694,26606,26708,26926,26993,27141,27191,27210,27259,27288,27418,27440
NOST;
NOSU;12161,12163,26438,26490,27273,27288,27500
NOSW;2352
NOSY;
NOTT;14884,17006,17036,19816,21853,21881,25108,26514,26818,26954,27373,27460,27510,27515
NOTU;14693,21712,23530,24869,25163,26814,26818,26943,26954
NOTW;10860,10861,11453,11730,12159,12883,14693,14830,15816,17029,17815,17817,20309,20491,22446,24686,24868,25181,25192,27054
NOTY;26653,27375
NOWY;14646,26512
NOXY;10398,17611,17681,20470,23516,24748,25147
NPSU;13621,20522,22379,24749,25200,25416,26790
NPSW;20522,20809,21267,21889,22935,24394,24405,25199,25204,26161,26461,26558
NPTU;17038,17785
NPUY;15663,26353
NRRU;2447,7605,12184,12522
NRSU;
NRTU;17177,17460,25432,26814,27420
NSSU;7921,7984,12600,15181,17758,18233,20017,25200,25751,27418,27440
NSTU;
NSWY;
NTUY;16487,20025,22585,23530,26033
NUXY;
OOPP;17762,17803,21642,26395
OOPR;6257,14280,14893,24699
OOPS;4177
OOPT;7504,12404,14858,20565,20566,27395,27415
OOPY;17783,26806,27005,27455
OORS;27153,27303,27422
OORT;23142
OORZ;17396,22390,22427,25107,25233,27079
OOST;12620
OOSW;4153,13244,14899,14900
OOSY;12612,17814,26797,27493
OOSZ;6177,20564,27522
OOTT;4179,10687,13245,13246,14884,15080,15785,25108,25250,25754,26405,27510
OOTW;4179,7505,10828,10867,13917,15822,17815,17817,20145,20309,20561,24355,25058,25658,25735,26311,26523,27510
OOTY;17764,20566,25004,26518
OOTZ;5518,10379,12502,12620,24104,24356,26657
OOUZ;
OOYZ;11423,12429,26519,26549,26752,26797,27352,27452
OPPR;17803,27309,27541
OPPS;11458,26551,27310,27312
OPQU;20041
OPRS;26611
OPRT;17837,17840,26910,27309,27541
OPRU;25221,26836,27490,27541
OPRW;26415,26612,26836,27051,27216,27378
OPRY;20146
OPSS;
OPST;3906,11458
OPSU;
OPSW;4180
OPSY;
OPTT;1448,10829,11747
OPTU;5523,6211,10720,12482,15160,15823,16989,17470,17741,17837,17840,26836,27196,27345
OPTY;17764,20356,20566
OPXY;11613,17399,26659
OPZZ;2462,24481,24489
ORRT;17837,27541
ORRY;12888,15820,16302,20065,23154
ORST;
ORSU;14816
ORSV;
ORSW;
ORSY;17160,17770,25724,27493
ORTT;26312,27232,27323
ORTU;7852,18294,20448,25432,27541
ORTV;
ORTW;6214,10860,12159,12455,14650,17742,17791,20582,25542,26435,26537,27054,27327,27385
ORTY;17676,17697,26313,27219
ORUV;11618,12655,12656,14234,16508,17067,22466,24500
ORUX;12027,14381,25319
ORUY;12540,12656,25759
ORVW;
ORXY;10398,12533,14906,20382
OSSS;2520,10495,11449,14630,14784,14799,17440,17692,17698,20477,21956,24502,25240,25295,25663,25755,26436,26479,26995,27474
OSST;26880
OSSU;2566,4187,12161,12975,25694,27259,27288,27497
OSSV;16787,17699,26725,27425
OSSW;27536
OSSY;17698,20081,23144,23163,24631,25326,26486
OSTT;
OSTU;26969
OSTW;6135,11911,14818,14899
OSTY;2736,13214,14786,15791,17650
OSUY;11336,17801,27261,27497
OSVW;26667
OSWW;12350,14900,22472,27089,27262,27383,27535
OSWY;5749,12646
OTTU;14287,20571,20978,22431,25088,25250,25754,25904,26446,26514,26818,26954
OTTW;4179,11730,11747,17815,23577,24868,25192,25289,26447,27385,27460,27510
OTWY;2573,10867,12353,20148
PPSU;14241,21651,21965,21966,22993,24526,24538,26551,27511,27526,27540,27542,27544
PPTY;21962
PPUU;11732,12661,25330
PRRU;12661,17404,17837,20313,26454,26478,27541
PRSU;
PRSY;
PRTY;
PSST;17775,20620
PSSU;11736,12568,26719,26845,27175
PSTU;
PSUY;
PTTU;271,1455,10333,26846
PTUZ;26464
PTYY;12520
QSSU;14427,21765,23583,24410,24564,25071,26829,27097,27181,27247,27340
RRTU;643,4195,10799,12614,14812,17706,17837,20615,27541
RRUU;9163,12661,21842,25210,25330,25339
RSTU;
RSUU;4793,12470,12472,12474,15184,17629,17696,17761,17832,25744,25750,27185,27284,27409,27435,27476,27480,27499,27514,27520,27537,27551,27552
RSUY;22016,25017,27248
RTUY;12953,13216,15796,17709,26787
SSSU;2740,10874,11723,11762,11768,12235,12674,26472,27031,27474,27546,27549
SSUU;10857,11470,16226,17179,17744,19035,20548,20620,22103,23502,25018,25751,26756,26820,26845,27288,27297,27381,27475,27483,27485,27551
SSUW;3961,5896,8007,8008,14651
STTU;17412,23011,23829,24608
STUU;4189,4196,10876,11753,12398,12472,12601,13035,13218,14356,14508,14652,14822,14892,14905,14907,14908,20085,20315,20591,23073,24832,24953,24972,25130,25191,25203,25543,25555,25717,25744,25750,26043,26546,26557,26839,26842,26982,27334,27342,27403,27409,27411,27419,27435,27445,27499,27514,27517,27537
STXY;12461,14906
SZZZ;10548
TTUU;26818,26819,26846,27515
TUYZ;12672
TUZZ;13247,25089
UUYZ;
