AABB;34,465,466,485,501
AABC;549,586
AABL;820,824,854,862,939,958,1061,1143,1148,1154
AABR;
AABS;
AABY;581,650,787,862,996,1081,1148,1154,1163,1164
AACC;4,1199,1200,1240,1252
AACI;154,1252,1403,1425,1427,1429,1444,1751,1803,1900,1926,1927
AACM;119,120,563,653,1347,1352,1461,1462,1484,1518,1591,1609,1866,1948,1999
AACP;517,1751,1778,1779,1900
AACR;4,6,1201,1446,1461,1462,1981
AACS;1379,1472
AACT;48,134,187,203,469,513,521,613,633,647,1241,1244,1444,1776,1845,1982
AACV;134,584,1214,1252,1476,1701,1771,1792,1927
AACW;520,581,634,1499,1503,1629,1749,1985
AADD;668,1307,2121
AADI;532,710,1441,1444,2146,2173,2192,2233,2565,2567
AADL;129,229,1421,2606
AADN;1206,2147,2308,2381,2447,2571
AADT;9,11,65,118,134,220,545,766,803,1323,1324,1359,1436,1441,1468,2135,2163,2202,2236,2256,2311,2403,2422,2491,2492,2565,2571,2572
AADW;205,743,2353
AAEL;456,486,490,581,824,902,3068,3178,3180,3192
AAER;
AAES;1318,1516,1726,2092,2171,2225,2257,2295,2311,2703,2704,2746,2757,2762,2935,2960,2969,3086,3091,3160,3163,3192,3325,3326,3336,3342,3343
AAFH;1327,2383,2764,3355,3375,3384
AAFJ;2173
AAFL;286,594,3387,3399
AAFN;3364,3405,3433
AAFR;1239,1737,1739,1745,1749,3364,3365,3375,3384,3399,3416,3421,3423,3432,3433
AAFS;596,853,1218,1516,2754,2762,2781
AAFV;284,3405
AAGG;1019,1020,1750,1751,2800,3435,3442,3445,3448,3453
AAGH;1759,2397,2819,3477
AAGI;1751,2856
AAGJ;
AAGL;2436
AAGM;1788
AAGN;762,1478
AAGR;598,821,1220
AAGS;2935,3583
AAHH;58,61,62,215,702,1199,1200,1245,1316,1336,1549,1800,2226,3374,3642,3643,3644
AAHK;3701
AAHM;2113,2484,3642
AAHR;13,75,684,703,2091,2683
AAHS;106,1251
AAHT;262,2135,2397
AAHW;2691,2764,3663
AAHY;63,300,363,1052,2478,2819,3475,3477,3740
AAIM;119,366,383,1050,1347,3642
AAIR;2146
AAIS;3408,3776
AAJP;3700,3753
AAJR;6,17,1283,1446,1981,3135
AAJV;2572,3134
AAKK;18,20,21,396,633,1629,1838,3701,3995
AAKL;
AAKM;1591,1903,2698,3019
AAKN;14,176,235,1447,1903,2573,2574,3755
AAKP;
AAKR;17,237,250,1981,2683,3701
AAKS;2704,3583
AAKT;18,1244,2698,3704
AAKV;20,237
AAKW;21,520,634,1061,1903,1985,2579,2580,3663,3704
AALM;3194
AALN;
AALP;
AALR;405,2392,4072
AALS;
AALT;1241,3767
AALU;2335,2600,2606,2983
AALV;
AALX;405,1566,2042,2394,2978,3248,4079
AALY;129,1163
AAMM;25,112,366,383,2698,2728,3150,3642
AAMN;
AAMR;287
AAMS;
AAMT;9,18,3704
AAMY;181,498,996,1999,2965,3194,3683,3926
AANN;3364,3405,3643,3755,3932
AANO;132,191,438,762,1069,1131,1138,1375,1683,1691,1750,2441,2485,3258,3298,3299,3364,3405,3419,3477,4065,4075,4142
AANP;
AANR;2573,3364
AANS;
AANT;2571,4148
AANZ;438,1601,1701,2841,3011,3759,4142
AAPP;28,2642,3753
AAPR;405,3780,4087
AAPT;262,2994,3545
AAPU;262,449,2069,2606,2777,2983,3337,3338,3742
AAPW;643,970,2439,2580,3213,3242,3469,3561
AAPY;55,2819
AAQU;2,287,449,1446,2125,2428,2447,2606,2637,3597,3923,3950
AARR;317,388,3533
AARS;
AART;
AARU;87,148,287,449,1129,1201,1419,1446,1755,1760,1800,3742,3923,3976
AARV;237,2380,3331
AARY;1201,2067,2380,2637,2645,3135,3789
AASU;3605
AASV;27,2117
AATU;87,262,449,803,1069,1138,1441,1881,1906,2163,2527,2571,2600,3208,3485,3740,3742,3976,4071
AATV;9,11,134,752,3783,4097
AATW;265,279,446,2697,3274,3350,3351
AATX;268,1112,2042,2065,2394,2741,2779,2798,2978,3000,3006,3069,3083,3132,3221,3248,3280,3765,3783,3867,3935,4079
AAWW;21,446,2043,2747,3351
AAWY;205,265,363,446,1801,1992,2856,3740
ABBE;4316
ABBL;34,4180,4217,4220,4221,4230,4260,4359,4362,4365,4399,4405
ABBO;501,4176,4245,4277,4283,4399,4405
ABBR;4222,4275,4276,4277
ABBS;
ABBU;4205,4222,4277,4315,4396
ABBY;4230,4266,4406
ABCH;4787
ABCK;4187,4191,4204,4205,4415,4424,4430,4442,4516,4527,4529,4541,4575,4584,4780,4845
ABCN;458,514,529,538,540,549,586,636,655,656,4188,4416,4486,4532,4542,4752
ABCR;
ABCS;
ABDE;4466
ABDI;532,534,4230,4267,4415,4512,4515,5261,5294,5316,5324,5329
ABDL;
ABDN;4191,4527
ABDO;778,4191,4527,4947
ABDR;530,541,681,769,790
ABDS;535,677,5293
ABDU;681,766,803,5391
ABDW;541,743,4275,4501,4527,4529,4531,4969,5185,5193,5228,5244,5259,5303,5361,5366
ABEK;4424,4541,4575,4584,5733
ABEL;970,978
ABEM;4424,4602
ABEN;1,485,969,970,4627,5828,5893
ABEP;77,844,970,5095,5240,5459,5608,5685,5782,5911,5915,6001,6046,6067,6166
ABER;
ABES;
ABET;
ABEU;4419,4570,4607,4657,4720,5782,5918,6000
ABEY;
ABFF;5412
ABFL;592,593,594,595,755,1018,4358,4506,4736,4737,4738,4739,4744,4746,5262,5266,5267,6212,6225,6228,6232,6234,6239
ABFR;5625,6232,6247
ABFS;853,4740,4960,5057,5261,5638
ABFT;4358,4542,4571,4961,5266,5267,5635,6210,6220,6228,6234,6246,6247
ABGH;71,5671,5693
ABGI;4213,4262,4749,6285,6304,6321,6349
ABGL;84,760,1041,4760,4762,6262,6285,6304,6353,6356,6365
ABGM;4760
ABGN;84,760,1019
ABGR;598,760,6304
ABGS;4373,4764,5441,5760,5761,5762,6213
ABGY;74,83,84,598,4586,5438,5693,5710,6352,6353,6367,6379
ABHI;892,1051,1053,4943,4972,5294,5450,5783,6217,6396
ABHL;42,62,80,592,603,607,755,768,1061,4508,4769,4770,4777,4778,4787,5294,5303,6262,6402,6406,6423,6424,6427
ABHS;
ABHT;6220,6420,6423
ABHU;42,43,4610,4787,4974,5103,5107,5671,5782,5795
ABIL;6262
ABIM;4749,5717,6525
ABIN;5673,5776,5942,6217,6269,6525
ABIO;710,921,4262,4943,4947,5783,5936,5942,6217,6396
ABIR;6270,6396
ABIS;
ABIT;46,48,4396,5698,5999,6550
ABJM;
ABJS;6007
ABJU;4657,6000,6472
ABKL;1061,1133,6232
ABKN;
ABKO;539,4424,4440,4441,4442,4506,4508,4529,4575,4746,4778,4780,4845,4853,5324,5515,5770,5853,5855,6000,6015,6420,6570
ABKR;
ABKS;
ABKU;1138,4205,4584,6020
ABKW;520,541,634,643,831,939,1061,4220,4527,4529,4531,4622,4746,4756,4778,4847,4853,5193,5788,6011,6016,6397,6573,6574,6582
ABLL;518,594,634,1061,1143,4518,4736,4805,5294,5327,6232,6262,6304,6397,6402,6475
ABLM;1131,1143
ABLO;856,1131,4176,5540,5549,5550,6000,6056
ABLS;
ABLT;
ABLU;4570
ABLW;520,634,939,1061,5578,5788,6397
ABLY;84,655,657
ABMO;4176,4187,4245,4424,4447,4947,5196,5375,5936,6452,6465
ABMR;5354,5375,6374,6436,6568
ABMS;
ABNO;4947,6217
ABNR;
ABNS;
ABNT;46,65,514,791,969
ABNU;
ABNW;4527,4756,5228,6269
ABOR;
ABOS;5760,6007
ABOT;553
ABPR;55,77,642,643,794,844,1115,1133,1149,4405,4530,4536,4564,5095,5169,5240,5375,5608,5730,5911,5914,5915,5975,6166,6613,6619,6620,6655
ABPS;627,637,641,644,805,1076,1150,4766,4870,5381,6368,6578,6581,6605
ABPU;4536,4720,4820,5782
ABRS;
ABRT;
ABRU;
ABRW;541,643,4501,4531,4638,4847,5193,5259
ABRY;
ABSS;
ABST;
ABSU;
ABSW;57
ABSY;6383
ABTT;5319,6220,6655
ABTU;4396,4803
ABTY;1163,5333,5394,6367,6623
ABZZ;1074,5336
ACCE;4418,6667,6679,6718,6770,6780,6781,6787,6863,6894
ACCK;517,4430,4431,6781,6993,6995
ACCO;6664,6675
ACDE;
ACDH;4415,4509,7551,7581,7583,7586,7589,7603
ACDI;4415
ACDK;129,458,529,538,539,1447,4191,4415,4506,4508,4516,4527,4529,7153,7563,7583,7585,7618,7643,7645,7709
ACDL;538,1309,1393,1407,1447
ACDO;132,1463,4170,4191,4527,4529,6664
ACDR;118,1446,1462,7735
ACDS;130
ACEF;4541,4575,6780,6781,8114
ACEG;136,1542,1543,4578,6752,8140,8165
ACEH;
ACEK;1591,4575,4584,6781,8538
ACEL;
ACEM;4584,7924
ACEN;549,586
ACEP;8165
ACER;
ACES;
ACET;
ACEV;
ACFF;4570,4735,6780,6781,8055,9098,9104
ACFL;1393,6913,9130
ACFS;
ACFT;6914,9116,9137,9143
ACFU;4735,4744,6781,7555,7557,9116,9151,9154,9166
ACGH;1309,1754,1756,1759,6723,6752,9209,9251,9252,9253
ACGL;1241,1309,1752,1756,1757,4760,6933,9197,9251,9252,9253,9309,9385
ACGN;5,151,152,1543,1792
ACGR;5,147,152,598,1792,9255
ACGS;1786,4751,4764,9377,9396
ACGY;598,1786,1792,6930,6933,9113,9246,9253,9255,9336,9346,9352,9361,9375,9385
ACHI;1305
ACHK;4780
ACHL;30,1309
ACHM;
ACHN;
ACHO;1838
ACHP;9422
ACHR;
ACHS;106
ACHT;
ACHV;1252,1816,9455
ACHW;4548,7783,9119,9460
ACHY;7783,9224,9253
ACHZ;511,1252,1253,1559,1759,1803,1838,8492,9484
ACIL;
ACIM;
ACIN;6993
ACIO;1198,1602,1887,1899,6664,6675,7035,7557,7666,8082,8563,8573,8726,8728,8733,9098,9275,9684,9692,9699,9838
ACIP;1751,6675,7035,8516,8728,9422
ACIR;
ACIS;9659
ACJK;1981,4657,4845,6992,9275,9869,9871
ACKK;517,633,1629,1838,4659,4846,4847,7709,8792,9508,9876,9877
ACKL;9287
ACKM;176,1591,1631,1632,1903,4187,4857,4858,7285,7711,7924,8538,8813,9281,9288,9427,9876
ACKP;517,643,4780,6807,7051,7563,9117,9422,9876
ACKR;9287
ACKS;
ACKT;633,1591,1742,4442,4845,6995,6996,7052,7643,9143
ACKU;1906,6781,7266,9292,9512
ACKW;520,634,1903,4516,4756,7645,7709
ACKY;4221,7646,9287
ACKZ;1253,1803,1838,4622
ACLL;4532,4744,4787,4850,9176,9921
ACLM;4760,9128,9176
ACLN;9922,9927,9949
ACLO;4446
ACLP;9406
ACLR;7556
ACLS;
ACLT;595,633
ACLU;9909,9922
ACLW;520,581,634,1629,4548,6892,7709,8282,8531,8864,9130,9426
ACLX;1566,2042,7973
ACLY;650,1927
ACMO;
ACMP;7924,9871
ACMR;1462,7048,9176
ACMS;
ACMU;43,1245,1462,1863,6936,7604,8151,9128,9176,9909,9922,9979
ACMY;4512,9476,9616,9759,9967,9972
ACNN;6993,7150,9460,9512
ACNR;
ACNS;
ACNT;
ACNY;549,586,1927,4683,4812,6667,6880,8579,8700,9683,9821
ACOP;1751,4720,6675,7035,7051
ACOR;
ACOS;8043
ACOT;4845
ACOX;1948,4788,4792,6749,7638,7697
ACPR;
ACPS;
ACPT;
ACPU;4536,4720,6675,9850
ACPY;1911,4880,7634,7649,9821
ACRR;4,6,466,1314,1780,4793,4868,7157,9877
ACRS;
ACRT;
ACRW;1499,1503,1749,4638,4728,4840,6976,7705,7993,9094
ACRY;1279
ACRZ;1977,9634
ACSS;
ACST;57,203,4802
ACSV;9378,9625,9653
ACSW;4565,7733,8213,8777
ACSY;203,1786,4802,7698,7699,7707,9848
ACTT;
ACUY;1385,1863,8700,8969,9454,9570,9572,9821
ACVY;1214,1927,2022,7421
ADDE;
ADDO;2121,4953,6678,7098,7153,10072,10276,10342,10343,10350
ADDR;7148,10271,10272,10293,10301,10334,10339
ADDS;10320,10338
ADDU;4951,7150,10272,10278,10311,10333,10339
ADDW;7148,7157,10301,10308,10321,10324,10325,10334,10342,10343,10351,10353
ADDY;
ADEF;2173,5056
ADEG;
ADEH;
ADEI;2173
ADEJ;714,715,1356,2173
ADEK;11606
ADEL;
ADEM;
ADEN;
ADEO;2173,11838,11864
ADEP;
ADER;
ADES;
ADET;
ADEV;
ADEW;
ADEX;7372
ADEY;
ADEZ;
ADFF;2165,7551,10270
ADFN;755,2388,7551,10272,11906,11907,11909,11912
ADFO;2173,2392,2393,2394,2395,4259,4506,5056,5266,7554,7557,10270,10436,11895,11915,11926,11930
ADFR;5263,7556,11904,11915,11923,11926,11934
ADFS;
ADFT;2394,5266,11898,11902
ADFY;2395,2396,4259,11915,11924,11930,11937
ADGI;4262,5082,5279,7563,7570,7575,11071,11073,11077,11881,11952,11964,11975,11988,12044
ADGL;1309,2431,2436,2438,2439,5290,11895
ADGN;2447
ADGO;7562,10278,11895,11944,11952
ADGR;7575,11881,11952,11975,11988,12083
ADGS;11972
ADGU;766,2447,11895,12088
ADGW;2436,2439,2456,7562,11895,11964
ADHJ;
ADHK;530,1396,1405,1406,5301,7600
ADHL;
ADHN;7167,10367
ADHO;2397,5306,12133
ADHR;769,2464,2466,2467,2492,4265,5271,10301,12110,12139,12149
ADHS;216
ADHU;5102,5114,5122,7303,7324,7352,7355,7598,7610,10178,10558,10561
ADIK;4514,7285,7563,7618,7646,12194,12246,12247
ADIL;
ADIM;1424
ADIP;5082,5171,7429,10630,11561
ADIQ;2428,10288,10333
ADIR;
ADIS;
ADIT;11164,11964,12150
ADIV;
ADIW;7148,7589,7705,11964,12149,12150,12246,12276,12332
ADIY;63,2233,5282,10333,11077,11190,11995,12044,12136,12150,12258
ADKN;65,235,458,538,1447,4191,4527,7141,7153,11921
ADKR;237,2503,2575,2580,12246,12429,12431,12435
ADKS;5358,12075
ADKU;2575,7266,7324,10339,11214,11602,12420,12432
ADKW;541,2580,4527,4529,4531,7645,7709,12246,12429,12430,12435
ADLN;
ADLO;
ADLR;769,795,1393,2390,2573,5267,5290,7722,7723,11926
ADLS;
ADLT;
ADLU;2335
ADLW;5361,7709,10286,10321,10324,11909,11912,12010,12018,12210
ADLY;2395,2479,11930,12466
ADMN;
ADMP;5375,7732,11926,12133,12452,12500,12501
ADMR;5354,5375,7711,7732,11926,12159,12452
ADMS;2432,7154
ADMU;2125,4252,4924
ADMW;7589,12345,12430,12502
ADNO;4191
ADNP;7632,11979,12109,12441
ADNR;10272
ADNS;
ADNT;65,791,12490
ADNU;2637,10272,10333,10339,11319
ADNW;5361
ADOP;1411,4536,5375,7732,7746,12500,12501,12542
ADOR;11926,12083
ADOS;
ADOT;11614,12490
ADOW;4529,7562,7608,10495,11614,11864
ADPR;1449,2580,5375,7732,7746,11926,11969,12452,12501,12543
ADPS;
ADQU;123,1446,2125,2335,2428,2447,7352,7544,10288,11708
ADRS;
ADRT;118,220,1406,1449,2492
ADRU;1446,2637,12420
ADRW;12149,12246
ADRY;
ADSS;5371
ADST;
ADSW;
ADSY;5358,5393,11937
ADTU;766,2202,5391,5394,11007,12558
ADTW;2492,7562,7589,7608,11964,12139,12149,12150,12210,12458
ADUY;1444,2380,6743,7690,10782,11290,11801,12413,12420,12558,12559
ADVY;1214,7421,10676,11635,11706
ADWY;2395,2632,11930,11937,12417,12562
AEEG;6752,10365
AEEJ;2695,10574,10575,10576,13036,13194,13196,13197
AEEK;2697,10527,12590,12662,12663,12752,12942,13037,13040,13198
AEEL;
AEES;475,5587,5590,5610
AEEV;1509,1510,12589,12718,13170,13174
AEEW;7783,7878,7989,7993,10365,10495,10527,13031,13197,13419
AEFK;4541,4575,6781
AEFL;13538,13648,13649
AEFM;7787,12680
AEFN;
AEFR;
AEFS;853,13572
AEFT;5635,12680
AEFV;13690
AEFZ;5649,8084,8092,13674,13678,13768
AEGG;
AEGL;
AEGM;
AEGN;
AEGP;14240,14241
AEGR;
AEGS;
AEGT;8140,14083
AEGU;5717,12787
AEGV;4578,12589,12789
AEGW;2806,2856,12584,12789
AEGY;2856,10985,11077
AEGZ;7814,12728,12850
AEHK;12590,12914,12941,13544,14517,14518,14531,14537,14663,14664
AEHL;
AEHM;14504
AEHN;75,2811,2976,10367,12906,14595
AEHP;5782,12921,12928,14525,14591,14595,14622,14664
AEHR;
AEHS;
AEHT;
AEHV;
AEHW;7783,14664
AEHY;7783,13544,14590
AEHZ;8492,14527,14581,14591
AEIK;3019,5127,5770,7285,7883,13051,14997
AEIL;
AEIM;12921,14505,14525,14590
AEIN;14595
AEIV;
AEJK;4657,6000,10574,14933
AEJN;715,935,2300,2695,3017,3133,3135,3136,5072,5840,8785,8788,10193,11078,11588,11590
AEJP;2695,3017
AEJT;1628,11213,13196,13197,15547
AEKK;264,1629,4659,13037,13039,13040,13198,14530,14951,14953,15553
AEKL;12590,12942,13204
AEKM;4584,5733,7285,11606,13696,14664
AEKN;
AEKP;4667,13694
AEKR;
AEKS;
AEKT;2698,6791,11606
AEKW;
AELL;15629,15630,15645
AELM;
AELN;
AELO;4283,4322,6000,6015,12723
AELP;
AELR;
AELS;
AELT;
AELV;
AELW;6892
AELX;252,3180,3184,15754
AELY;15861
AELZ;3243,15919
AEMM;6129,15926
AEMN;15554
AEMR;
AEMS;
AEMT;13593
AEMW;2911,7993,8413,13419,13611,14018,14505,14664,15270,15560,15938
AEMX;252,268,996,2815,3030,3039,3180,3196,3278,5717,8192,14132,14872,14873,16039
AEMZ;6057,6061,12850,13366,15630,15737,15949
AENN;1,15756
AENO;3299,15367,15370,16079
AENP;
AENR;
AENS;
AENT;
AENU;1206,11319,14595,14756,16048
AENV;
AENW;2806,6132
AENY;6667,8700
AENZ;2184,2347,12906
AEOR;3094,13009,14790,14948,15341,15367,16054
AEOT;5635,11838,15075,15637,15920,15992
AEOZ;14948
AEPP;13155,13230,14064
AEPR;
AEPS;
AEPT;
AEPV;2983,3199,3247,8728,12789,13170,15451,15506
AEPX;3196,3278,5489,11708,13730,14065,14601,14767,16046
AERR;
AERS;
AERT;
AERU;
AERV;
AERW;
AERY;
AERZ;3138,3318,15814,15831
AESS;
AEST;
AESU;10052
AESV;
AESW;
AESX;936
AESY;
AESZ;
AETT;12589,12601
AETW;
AETY;8251,15861
AETZ;2236,3129,8492,8523,8524,11164,14928,15070,15210,15233
AEUV;2380,11319,11802
AEUX;1578,1587,3277,9007,11708,11877,12832,12991,13095,13430,13782,13818,15269,15852,16039,16054,16060,16099,16246
AEVW;
AEWW;2747,3351,10527,11567,13472,15613,15650,15675,16093,16160
AFFF;16254,16255
AFFG;3354,9095,16261,16262,16264,16269
AFFH;3355,13544,13545
AFFN;3358,3364,6210,7551,9097,10271,10272,13558,16254,16261,16262,16265,16269,16284,16303
AFFO;3354,3364,3365,5412,6210,9097,9104,11889,13542,13567,16272,16285
AFFR;3364,3365,9097,9104,16255,16293,16297,16298,16303
AFFW;3365
AFFY;3355,6780,13544
AFGL;2767,3371,10273,13538,13592,16256,16304,16342
AFGN;
AFGO;1238,6214
AFGR;6214,9110,9118,12647,16348
AFGS;853,2770,8061,12655,13575,13578,13583,13585,13604
AFHK;592,854,3355,7266,10892,13544,16407
AFHL;6913,13645,13648,13649,16316,16323
AFHS;5261,11897
AFHT;3375,3384,5635,6220,13582,13655,16420
AFHU;
AFIK;3355
AFIL;13538,13548,16276
AFIN;284,16254
AFIR;11881
AFIT;4571,6228,6914,7787,9116,9137,9143,9151,16449
AFIW;3409,9119,11894,11909,11912,12666,12676,13669,13698,13703,13757,16319
AFIX;1015,13648,13695,16438,16498
AFKL;6232,16510
AFKN;5265
AFKS;596
AFKW;4746,9173,12663,12666,13669,13698,13703,13800,16510,16514
AFLL;286,594,2389,3421,4744,4745,6212,6234,6239,16291,16292,16323,16375
AFLM;2390,3387,3389,6223,9177,11907,11910
AFLN;10276,11923,16529,16540
AFLO;856,2395,11924,13832
AFLP;1471,1512,1518,1741,1745,3421,10419,11926,12693,13606,13610,13616,13814,13828,13834,13835,13851,13852,16529,16532,16540,16550
AFLR;1393,2390,3371,3421
AFLS;
AFLT;4739,6914,9143,16466
AFLU;858,4744,6239
AFLW;4746,13669,13860,16510
AFLX;1015,2394,13623,13648,13695,13818
AFLY;3420,6225,16424
AFMO;2783,9177,9186,13610,13611,13696,13827
AFMR;287,2383,2390,2396
AFNO;3403,5412,6210,13764,16284,16438,16441,16458,16464,16478,16479,16481,16482,16529,16540,16541
AFNS;
AFNU;6210,7551,9107,11891,13574,16269,16271
AFNW;3409,9119,11894,16319
AFOR;3364,3365,3375,3384,6214,16309
AFOS;5626,8043
AFOY;2395,4259,11930,13832,16570
AFPR;1745,3399,3421,3432,3433,9110,11926,16371,16435,16460,16481,16500,16508,16529,16532,16540,16541,16550,16565,16575
AFQW;
AFRS;
AFRT;3375,3384,3421,3433
AFRU;287,16440,16486
AFRY;
AFRZ;2176,8092,13768
AFST;
AFSU;853,10887
AFSW;11937,13890
AFSY;16390
AFTU;2769,2792,5656,9116,9167,12718,13582,13782,16440
AFTW;9130,16415,16510,16537
AFUX;1015,13623,13782,13818
AFWY;205,7783,11937
AGGH;2397,9197,11944,12719,13933,13937,13938,16598,16606,16608,16610,16611
AGGI;
AGGJ;6256,16610,16629
AGGM;2804,4749,16693
AGGN;1019,2400,3450,3453
AGGO;3453,16691,16692
AGGR;
AGGS;
AGGU;10278,16689
AGHN;
AGHR;9251,11944,11952,16784,16799
AGHS;11970,11971,11972,16705
AGHT;2135,2397,16611
AGHU;13938,16748,16774
AGIL;
AGIM;16809,16816
AGIN;
AGIO;2800,8209,9275
AGIR;11881,12647,16809
AGIT;7570
AGIV;2200,2856,4578,12789,16672,17099
AGIY;2856,3549,6930,7572,9116,11073,11077,11995,12059,13975,16596,16669,16672,16884,17062,17064,17065,17099,17178
AGJO;9275,9278,9376
AGJS;8214,9277,16881,16885
AGJU;6295,9279,12007,16883,16885,16887
AGKN;
AGKO;3582,9275,9288,9293,16915,17184
AGKS;1023,2667,3504,3581,8214,9302,12570,12797,14104,14105
AGKU;4584,4760,8222,9286,12752,16902,16920
AGKW;
AGLL;6356,16323,16375,16783
AGLM;2413,16816
AGLN;6356
AGLO;1756,12723,16691
AGLS;
AGLU;6353,6356
AGLY;6933,9253,16785
AGMN;
AGMO;
AGMP;151,1543,2868,3545,12807
AGMR;6926,16809
AGMS;
AGMU;1781,4584,5717,9339
AGMY;
AGNN;6259,13988,14340
AGNO;
AGNP;
AGNR;
AGNS;
AGNT;
AGNU;16269,16271,16774
AGNV;316,762,1792,2452,6290,16672,17099,17211
AGNW;6356,16700
AGNY;84,3475,3549,16884,17064,17099
AGOP;1759,16805
AGOR;
AGOS;4373
AGOT;
AGOY;3585,3590,6352,6933,10980,10985,16691,16692,17018
AGPS;295,16317,16845
AGPU;3545,6360,9258,12787,16748
AGPW;2439,12789,16371,16694,17191
AGPY;10985,11126,16793,16805
AGQU;2428,2447,3597,9317,10288,12787,13971,14147,14207,14242,14490,16269,16833,16952,17062,17084,17144
AGRS;
AGRT;
AGRU;
AGRV;
AGRY;598,11974,17062,17178
AGSS;
AGST;
AGSU;4373,4764
AGSV;
AGSW;150,6377,16807,17241,17260
AGSY;
AGSZ;4764,12074,17177
AGUY;6259,6353,14478,16967,17178
AGYZ;3631,11067,16596,16685
AHHO;3460,3646,3650,6790,6935,6936,9403,10298,10989,12101,12908,16706,17269,17276,17279,17284,17285,17287
AHHS;6390,6391,6935,7136,9403,17269,17270,17272,17287,17288
AHHT;12103,17276,17278,17279,17280,17283,17284,17287
AHIJ;
AHIK;5770,12914,13544,14517,14531
AHIL;13545,13648,17289
AHIM;2113,3642,10299,12114,12131,12133,14504,14525,17289,17295,17299
AHIN;3643,6217,14591,14598,17289,17295,17386
AHIO;3673,6217,6396,6398,10304,11188,11190,11199,12109,12131,12133,12136,13648,14525,14549,14595,14597,14621,14622,17295,17299,17303,17304,17315,17347,17384,17386,17400
AHIR;767,6270,6396,10301,12110
AHIS;14655
AHIU;5782,9450
AHIY;63,345,1052,2233,3355,3694,3698,7139,7595,9485,10302,11190,12136,12142,12145,12148,12150,13544,14504,14590,14598,14655,16401,17370,17371,17383,17386,17410
AHJJ;
AHKL;10515,11167,11168,11214,12590,12914,12941,12942,14517,14530,14531,16407,17426
AHKN;5301,12151
AHKO;1253,1838,3646,4777,5104,5789,6398,6790,7323,8353,14531,17426,17431,17432
AHKP;4779,6792,6807,7583,8359,9422
AHKR;2683,2964,3701,3702,6398,12914,12941,14517,14518,17322,17426
AHKS;
AHKT;3704,6420,14663,17276,17426
AHKU;9512,16407,17431,17432
AHKW;1061,5788,6397,17426
AHLL;5098,5105,5294,5452,5453,5771,5788,6262,6397,9426,10529,11226,11953,12114,12119,12590,12941,14005
AHLM;6264,12114,16723,17278,17289
AHLO;
AHLR;16415,17278,17459,17467
AHLS;
AHLT;
AHLU;
AHLY;6424,9253,10307,16785
AHMO;10299,12133,17295,17299,17480
AHMR;
AHMS;
AHMT;3704,6423,6433,17276,17451,17476,17480
AHMU;4779,4924,8359
AHMW;7589,8413,9460,12950,14505
AHNO;3725,14595,14597,14768,17303,17304,17431,17432,17497
AHNR;13,75,903,10301,12110,12140,13003,14757,17440,17449,17497
AHNS;
AHNT;17280,17438
AHNU;13,14756,14757
AHNW;2971,9119,9399,9460,10301,12110,12140,12151,12162,12164,12950,13003,17334,17438,17439
AHNY;300,3475,3740,9485,16401,16412,17280,17459,17497
AHOP;3483,3673,3691,3700,3709,3742,10093,10180,10182,10555,11188,11238,11969,12109,12133,12738,12908,13008,14046,14063,14525,14595,14621,14622,14676,14784,16794,16805,17299,17303,17384,17400,17447,17451,17480,17507
AHOR;13008,13009,14621,14790
AHOS;3743
AHOT;2397,2988,3725,5635,6220,6420,10547,11185,11199,14597,14622,14663,14755,16751,16781,17276,17303,17304,17384,17400,17431,17432,17476,17480
AHOW;3743,5303,5799,6429,10183,11238,12162,12164,14666,14795,14801,14802,16806,17498
AHOX;3725,8319,9536,9554,13648,14041,14065,14755,14767,16408,17299,17504
AHOY;4196,6433,7139,11190,11280,17432,17447,17480
AHPR;3700
AHPS;11972
AHPT;262,3700,3709,3718,6402,12921,12928,14622,14690,16776,16781,17280,17293,17341,17400,17451,17476,17480,17507
AHPU;262,2983,3721,5782,7610,8359,9258,9450,9570,14595
AHPW;3469,9422,11238,14664,16758,17293
AHRS;
AHRT;
AHSS;6954,16404
AHST;
AHSW;
AHSY;
AHTT;363,6220,9532,11964,16418,16713,17304
AHTU;7610,17287
AHTW;11964,17276,17438
AHYZ;2493,9524,12181,14652,16805,17453,17507
AIIL;12746,13538,13669,14846,16385,16386,17520,17527,17571
AIIN;1051,3007,3010,3011,3488,3494,3643,3755,3759,3760,3771,4381,5697,12660,13681,13682,13684,14084,14831,14850,14852,14853,14891,14907,16262,16277,16437,16438,16626,16627,16875,17308,17524,17527,17547,17611,17612,17616
AIIX;3356,3760,3765,3766,3767,3769,3783,4803,6990,8516,11987,13690,14856,14872,14873,16262,16438,16830,17299,17524
AIJL;1072,1899,3784,5312,6472,7617,17641
AIJO;1899,1900,5840,9275,9278,17523,17644
AIJS;3790,9656,9657,9658,9659,16612
AIKK;12246,12247,13037,13039,13040,14951
AIKL;9426
AIKM;14,7285,10310
AIKN;14,3755,6993,17670,17672
AIKP;7563,9422
AIKR;4514,5323,6479,9287
AIKS;
AIKT;
AIKU;6476,12752
AIKV;4578,8552
AIKZ;3019,3023,4622,10580,13044,14933,17536
AILM;
AILN;
AILP;
AILR;17527
AILS;
AILT;16449,17014
AILV;
AILW;6397,7148,9426,17553,17554,17654,17656,17666,17735,17790
AILX;17018
AILZ;154,3676,17345,17520,17812
AIMM;112,305,366,383,1776,3537,3642,16480,17029,17363
AIMN;
AIMO;1887,1899,4816,8573,13126,14525,14881,15028,15099,17371
AIMP;1050,2275,3545,4182,12133,12921,14525,17299
AIMR;
AIMS;
AIMX;1610,3769,5717
AINN;388,1817,3406,3643,3755,3939,6993,9445,16254,16442,16445,17383,17972
AINO;13764,14597,16285,17389
AINP;
AINR;17527
AINS;
AINT;
AINU;284,2777,11319,16271,16627,16851,17887
AINV;17099
AINW;9119,15270
AINY;3549,4219,5505,8700,9400,9580,9643,10329,11190,11995,12136,12258,14598,16669,16672,16884,17064,17065,17099,17370,17386,17644,17649,17672,17907
AINZ;17960
AIOT;2800,13087,13764,14597,15193,15368,15382,16438,16449,17719
AIPP;3753,7035,13155,17644
AIPR;16500
AIPS;
AIPT;3545,12240
AIQU;12787,13174
AIRS;
AIRT;
AIRV;17608,17937
AIRW;3663,4840,7148,7705,12666,13703,16371
AIRY;6531,6559,7038,17062,17534,17643,17687,17897
AIRZ;3676,6396,16689,17520
AISS;13585,13977,14655
AIST;
AISV;
AISW;5865,17650
AISX;1127,3694,8550,17405
AITT;
AITU;925,3119,3976,4396,4803,5656,8506,8675,9151,9626,13115,13174,13749,13782,15070,15335,15509,16440,16457,17686
AITV;17612,17911
AITW;4840,7589,7705,12150,12332,17713,17732,17790,18045
AITX;1112,3765,3783,3935,4803,6539,6990,9820,9857,9858,16438,17524
AITZ;3116,3129,3778,3976,8523,8524,11164,13073,13107,13162,14652,14913,14928,15070,15185,15193,15210,15233,16689,17014,17812,17960
AIVV;15169,17099,17608
AJKR;17,6992,12420,16440
AJKS;346,3989
AJKU;4657,6000,9871,12420,16440,17638,18066
AJLR;5312,9869,15547
AJMS;175,234,1980,16780
AJNN;8785,18066,18068
AJOS;3139,3418,6007,6567,9870,9872,11591,14661,15551
AJOT;3700,11213,13196,15547,17523,17642,17643,18070
AJPR;3700
AJPS;9656,17181
AJPU;6001,9871
AJRS;6231,9658,12424
AJRU;1283,1446,6231,9658,12007,12420
AJSS;3140,3141,9658,9868
AJSW;346,1445,3417,3989,6006,6007,9657,9870,12422,14661
AJSY;1077,3787,3790,3989,5322,12111,18069
AJXY;
AJYZ;3789
AJZZ;3134,14933
AKKO;1838,4397
AKKR;2683,3754,4659,5845,6994,8792,12246,12247,13039,14955,15552,17653
AKKS;
AKKY;12247,13198,15553
AKLN;235,18077
AKLO;4322,5186,5324,5355,5515,5853,6000,6011,6015,6016,6232,6478,6569,6574,11329,11335,11600,11921,12429,13696,13784,14531,15574,15575,18077
AKLP;
AKLR;4514,4848,6232,9169,9869,12429,16443,16510,16890,17426,17655
AKLT;18078
AKLU;12752,12942,13536,13553,15561,18076
AKLW;520,634,1061,1985,4220,4746,4778,4853,6397,6574,9426,9884,12429,17654,18077
AKLY;1985
AKMO;4187,18077,18085
AKMR;7048,18076
AKMS;17429
AKMW;15560,15589,16514,17654,17656,18077
AKNO;7141,7153,11921,17670,17672,18077,18095
AKNP;
AKNR;
AKNS;
AKNT;
AKNU;1138,9512,15597,17431,17432,18066
AKNW;7645,12151,18077
AKNY;18095
AKOP;
AKOR;
AKOS;7086,12434
AKOT;3704,4442,4845,6420,7052,17276
AKOY;4221,6015,6030,16900,17184,17672,18095
AKPR;9876,15570,15588,18100
AKPS;
AKPU;
AKPW;643,2580,7645,9422,10650
AKRR;17,237,2580,4858,7600,9877,10339,12436,16514
AKRS;
AKRT;
AKRU;7048,13553
AKRW;2580,12246
AKRY;14833,17184,17534
AKSS;
AKST;
AKSU;
AKSV;6422,9378,9887,15577,15608
AKSW;17650
AKSY;3989,4009,5865,10659
AKTU;6020
AKTY;948,14833
AKUW;
ALLL;649,1038,1143,1996,1997,2508,3817,6304,6475,9684,11906,11953,16816,17190,17434,17537,17538,17654
ALLM;
ALLO;14314
ALLP;16783,17539,17548
ALLS;10341
ALLT;1909,2389,3421,3511,3825,5327,9587,9921,13260,16292,16337,17537,17548,17723
ALLW;5361,5788,6356,6397,9426,17553,17554,17654,17656
ALLY;
ALMM;9922,9923,18132,18133
ALMO;
ALMP;1143,11926,12452,16529,17191
ALMR;
ALMS;
ALMT;6979,9592,17537,17544
ALMU;
ALMY;
ALNO;4064
ALNP;2479,2585,3475
ALNR;2390,6459
ALNT;17014
ALNU;
ALNW;4079
ALNX;2978,3760,4079,12960,13304,15812,15813
ALOO;1851,2600,4037,6884,6957,7469,7722,8387,8908,9446,9525,9955,10241,11235,11236,11680,11681,11682,12101,12429,12439,12475,15645,15754,15817,17689,17791,18116,18154,18185
ALOP;17447
ALOR;12429,12475
ALOS;
ALOT;
ALOV;4064,12101
ALOW;
ALOZ;18185
ALPP;
ALPS;
ALPT;
ALPU;
ALPW;970,2439,2604,4079,4853,9884,12452,12466,12477,15774,16694
ALPY;6570,7663,11905,12466,18167
ALRS;102
ALRY;
ALSS;
ALST;
ALSU;
ALSV;
ALSW;
ALSY;
ALTU;4071
ALTW;4079,9130,11681,12210,12458,15774,17011
ALUU;656,1938,2335,2592,4071,4435,4691,4787,5747,6127,6600,7017,7661,8945,9197,9921,11888,13749,16292,16298,16323,16375,16528,16546,17219,18132,18179
ALUV;1154,1939,9699,12157
ALUW;3601,4951,17553,17790,18113
ALWW;11912,17553,17554,17735
ALWY;6892
ALYZ;1681,3243,6087,6607,9524,12333,15187,15210,15638,15738,15831,15851,15861,17453,18185
AMMO;407,3180,3990,10473,10538,15075,16480,17363
AMMR;407,1859,3150,7048,7711,9923,16478,16480,17363,17586,18132
AMMS;
AMMU;1462,1998,2125,5580,7048,8865,9922,10252,11588,12486,13805,18132,18213
AMNO;15554,18086
AMNS;
AMNU;1272,17887,18086
AMNW;1861,8413,9460,10755
AMNY;10329
AMOR;5375
AMOS;10204,15291
AMOT;15920
AMOU;3618,18257
AMOW;13611
AMOX;2618,3180,3184,3278,3725,4788,18236
AMOY;10980
AMPR;5375,11926,12452,12501,16529,16565,18114,18141
AMPS;18230
AMPT;3545,8872,14690,15725,17451,17480,17660
AMPU;4779,9871,14204,16748,16902,17891,17943,18086,18213
AMPV;3199,9620,13383,17563,17911
AMRS;
AMRT;
AMRU;287,7048
AMRW;7993,15560
AMRY;17062,17920
AMSS;
AMST;
AMSU;
AMSW;
AMSY;
AMTT;17485,17544,17954
AMTU;9626,9759,18213,18257,18262
AMTY;
AMYZ;9972
ANNO;1172,3207,4065,6643,15753,15938,16044,16048,16054,18154,18271
ANNS;12257,17533,17679
ANOR;3299,3364,16054
ANOS;
ANOT;10312,12227
ANOV;762,3419,4064,4075,7740,16521,18295
ANOW;6577
ANOX;
ANOZ;438,4142,9972,17904,17960,18095
ANPS;
ANPT;
ANPU;2777,3721,14595,14756,16048
ANPW;970,4079,7645
ANRS;
ANRT;
ANRU;
ANRW;
ANRY;
ANSS;
ANST;
ANSU;
ANSV;27
ANSW;
ANSY;
ANTU;
ANTV;10314,12628,17612
ANTW;1175,4079,6132,12534,12535,15774,17438
ANUU;444,656,2592,4071,4691,7661,9256,9512,10983,11677,14426,15440,16098,16303,16528,16544,16545,16546,16684,16804,17737,18132,18179,18295
ANUY;6960,10782
ANVY;1792,2022,4835,7421,7518,8710,11524,12821,12961,13311,13392,14267,15962,16055,16672,18293,18294
ANWY;12140
ANYZ;3631,6087,6160,9972,18095,18168
AOPR;5375,12501,16500,16565
AOPS;
AOPT;
AOPU;4607,4720,5782,6675,7074,7610,11122,14595,16048,17103,18086
AORR;4144,12881,13009,13231,13482,16184
AORS;
AORT;
AORU;1048,1800,3976,6643,8072,14790,15367,16054,18159
AORV;3331,7636,7740,7988,8362,8460,8828,10557,10785,10816,11259,11282,13009,13213,13231,13994,14057,14948,16184,17937
AORW;3365,4037,9955,13322,13617,13812,13860,13906,14375,14680,15666,15675,15817,16169,16170
AORY;447
AOSS;3731
AOST;
AOSV;1467,2070,2077,18075
AOSY;447,4166,4939,7699,7726,8931,11863,15549
AOTU;2600,3976,12339,15920,16706
AOTY;6092,9071,9833,9848,9919,15676,15854,17410,17508,18052
AOVW;8728
APPR;28,2033,2604,3433,9401,17943,18013
APPS;17498,18230
APPU;12542
APPY;
APRR;9497,9850,12415,12501,16500,16565,16712,16776,17281
APRS;
APRT;
APRU;
APRW;643,2439,2580,2604,12452,12477
APRY;17634
APSS;
APST;
APSU;
APSV;2070,4091,18166
APSW;
APSY;
APSZ;5977,14635,15365,15479,18304
APTU;3545
APTY;12240
APUY;9570,12559
APUZ;
APWY;12477,12482,17995
AQST;17674
AQTU;6464
AQUY;6623,15824,17062
ARRY;12247,12417
ARSS;4106
ARST;
ARSU;
ARSV;
ARSW;3638
ARSY;
ARTT;
ARTU;3976
ARTW;1749
ARTY;
ARTZ;435,1977,3129,3778,3976,3986,6142,13030,13107,13531,14928,15233,15298,15375,16186,16689,17812,18185,18305
ARUV;1939,2380,7517,9728,11576,12394,13018,16226,17823
ARUW;9094,9173,13739,13817
ARVY;4106,18131
ARWY;447,1992,10023,12140,12417
ARXY;2645,3835,9958,16203,16251
ARZZ;435,14914,15510,16186
ASSS;56,201,329,2646,3634,3635,3638,4160,6415,6585,7056,9515,12549,12561,17242,17301,17479,17522,18334
ASST;
ASSV;27,436
ASSW;
ASSY;9868
ASTT;3455,3623
ASTU;
ASTV;
ASTW;
ASTY;7707
ASUV;2631,4842,17395
ASUY;4181,15549,15694,15918,16390,17525,17734
ASVV;2128
ASVW;
ASWW;12175,12395,12546,17165,17424,18102,18103,18264
ASWY;5393,5865,11937
ASYY;2752,9559,9831,9920,10008,11972,12165,12190,14452,16557,17489,17493,17506,18175,18267,18302,18345
ATTT;1161,17719
ATTU;12718,13192,15506
ATTW;363,4138,9567,17666,18336
ATUV;9626
ATWY;
AVWY;1164
AWXY;6192
AWYY;454
AWZZ;16700
BBBI;4180,4182,4183,18361
BBCO;18387
BBEI;4316,18356,18463,18464,18466,18469,18494
BBEL;18539
BBES;18372,18455,18497,18568
BBIJ;
BBIS;4218,4376,18399,18400,18401,18402,18581,18582,18617,18629,18630,18636
BBLO;4220,4399
BBLU;18557,18642
BBMO;501,4187
BBOO;18562
BBOS;18364,18527,18532,18608
BBOU;4186,4195,4386,18403,18546,18557,18642
BBRU;4192,4222,4277,4286,4315,18365
BBSU;18497,18609,18615
BBUU;18350,18409,18443
BCEI;18650,18651,18764,18787,18810,18813,18814,18815,18824,18825,18855,18882
BCEK;505,563,564,4205,4575,4582,4584,18652
BCEU;4419,4570,4636,4689,4706,4720,18770
BCHI;18389,18395,18648,18684,18813,18814,18825,18937,18940,18966
BCHU;42,43,4772
BCIR;18390,18650,18674,18720,18810
BCKO;4187,4191,4442,4527,4529,4575,4780,4845,18648,18652,18759,19027,19035
BCKU;4205,4584,4744,4760,4808,18750
BCLO;607,4446,18676,18933,18975
BCLU;4462,4509,4532,4570,4689,4691,4706,4744,4760,4787,4850,4856,4880,18392,18675,18687,18695,18706,18750,18770,18933,18948,18966,18975,19007,19009
BCMO;4187
BCOS;665,18746,18887,18888,19021,19051
BCRU;53,18674
BCSU;18393,18402,18680,18749,19051,19057
BDEE;4466,18690,19164,19195
BDEI;
BDEL;
BDEN;19378
BDEO;
BDER;
BDES;
BDET;
BDEU;
BDEY;
BDII;773,4478,4512,4513,5312,5313,5314,5320,5321,18451,18721,19129,19215,19218,19380,19385,19583,19598
BDIN;
BDIR;18449,18649,18753,18757,19538,19547,19576,19583,19598,19614,19616,19617,19628,19636,19638
BDIS;535,677,4515,4519,5332
BDIU;710,4997,5102,5184,18721,19538,19607,19638
BDLO;18753,19549,19618
BDLU;19549,19647
BDMU;681,788,790,5279,18451,18452,19607
BDNO;4191,4527,18759
BDNU;788,4532,5361
BDOO;18759,19539,19655,19656,19660
BDOR;18649,19598,19617
BDOS;
BDOU;710,5324,19554,19604
BDOY;5346,19550,19639
BDRU;681,790,18350,18449,18757,19538,19547,19581,19607,19614,19628
BDSU;
BEEF;4454,4541,4542,4961,4963,4964,5412,18763,18770,19164,19165,19166,19167,19172,19176,19181,19728,19734
BEEH;824,827,4278,5450,5451,5452,18459,19690,19753,19792,19800
BEEL;18459,19728
BEEN;549,4560,5412,5594,18465,19672
BEEP;844,4466,4564,5045,5459,5608,5609,18466,18805,19164,19218,19311,19789,19905,19954,19968
BEER;19734
BEES;475,5610
BEET;5513,5609,5624
BEGI;
BEGO;
BEGR;
BEGS;5441,5761,20164
BEGY;461,880,4586,5438,5693
BEHL;19690,19753,19792,19800,19801,20063,20073,20178,20181,20182,20216
BEHR;19344,19753,19800,20178,20182,20198
BEHT;18837,20075,20208,20224
BEIJ;5698,5842
BEIK;20292,20294,20303
BEIL;4616,4618,4627
BEIN;559,5828,18855,19378,20247,20274
BEIR;18651,18764,20198
BEIS;19735
BEIT;5698,18499
BEIV;4578,4643,5431,5689,5783,18431,19894,20310,20395
BEIX;5480,5489,5929,19450,19462,19755,20042
BEIZ;
BEJN;715,935,936,5072,5840,20289
BEJO;935,5840,6000,20288,20289
BEJU;4657,6000
BEKM;830,4584,20247,20302
BEKO;
BEKR;
BEKS;
BEKU;4584,6000,6020,18539,19777
BEKY;18499,19777,20305
BELL;18897,20209,20496,20498
BELO;4283
BELP;730,969,970,4618,5685,5911,5915,6001,6046,6067,6068,18480,18856,18875,19417,20063,20185,20339,20360,20373,20374,20496
BELS;
BELT;
BELU;4419,20496
BELW;874,902,939,970,990,5578,5788,18909,19154,19237,19273,19396,19690,19919,20116
BELY;19801
BEMO;19791
BEMR;20267,20302
BEMW;
BENO;19809
BENR;19672
BENS;20505
BENT;
BENU;19980,20268,20274,20433,20434,20503,20544,20625
BENW;743,970,5893,18416,19396,20094,20116
BEOO;4606,6129,18841,19809,19984,20189,20198,20225,20581,20627,20628
BEOP;4607,4720,5549,5782,5894,6046,18837,18856,19968,20216,20234,20360,20509,20601
BEOR;
BEOS;
BEOT;4602,4606,5635,19954
BEOY;4196,4283,4694,5801,6050,6051,18346,18658,19801,20033,20509
BEPU;4607,4720,5782,6001,6067,18875,20185,20339,20373,20496
BERR;
BERS;
BERU;
BERV;20374
BERW;4638,5259,18909
BERY;
BEST;
BESW;19703,19735
BESY;20625,20656
BETU;
BETY;18464,18499,18805,18809,18833,18847,19385,20177,20180,20299,20509
BEUZ;19473,19862,19928,19964,20288,20389
BEVY;6051,6066,18809,19801
BFFI;
BFFO;5412
BFFU;
BFIR;
BFIS;4740,4741,4742,4743,5057,5261,5638,5651,6211,6216,18811,19545,19735,20019,20024,20670,20673,20674,20675,20676,20679,20684,20685
BFLO;856,1018,4358,4469,4506,4576,4746,5059,5061,5266,5267,5658,5661,6212,6228,6232,6234,6235,6240,18569,18930,18933,19549,19746,20665,20672,20682
BFLU;859,4419,4744,6239,18770,18933,19071,20043,20669,20672
BFMU;18931,20659,20669,20686,20687
BFOR;5625,5661,6214,6232,6235,6246,20046,20048,20672,20697
BFOS;4743,4748,6213,6219,19343,20024,20037,20670
BFOU;5268,6214,6235,6246,18931,18933,19539,19546,19549,20672,20686,20687
BFOY;20033
BFSU;853,5269,5426,6221,18811
BGGI;4749,19750
BGIL;6262,6304
BGIN;6269,18575
BGIO;597,4749,6270,20718
BGIR;4213,4262,6270,6304,18595,20718,20796
BGIS;18943
BGLO;1041,4762,6365,20672,20851
BGNO;20735
BGNU;19539,20735
BGOO;6212,6365,18945,20156,20736
BGOR;20796
BGOS;886,4751,5761
BGOY;
BGRU;87,5279
BGSU;4764,5291,6354
BHIS;18606,18608,18609,19204,19588,19688,19732,19796,20673,20674,20675,20676,20716,20726,20866,20868,20869,20893
BHLU;42,603,4509,4787,4974,5103,5107,5671,5800,18966,18975,20073,20721,20877,20881,20899,20903
BHOO;607,5809,6424,18363,19554,19800,19809,20189,20210,20216,20225,20234,20873,20900,20901
BHOS;18606,18608,18960,19594,20024,20195,20197,20211,20662,20674,20675,20893,20915
BHOT;896,6423,20674
BHRU;5822,20881,20899,20903,20919
BHSU;18609,18615,19588,19594,20676,20716,20892,20915
BHTU;19143,20187,20668,20728
BIIS;4374,4429,4765,4766,4798,5696,6446,6466,6469,6470,18359,18479,18576,18581,18617,18618,18943,18962,18985,18991,19735,19756,19818,19822,19825,19826,20257,20258,20285,20673,20764,20866,20869,20922,20942,20944
BIJS;
BIKL;18621,18669,18750,18859,19001,20291,20292,20294,20682,20873,20958
BIKN;
BIKR;
BIKS;677,18943,19004
BIKU;4808,5324,6478,18750,20958
BILL;4736,4805,5294,6262,6397,6402,6475,18621,18669,18750,19543,19600,20873,20877,20958
BILM;
BILN;18768
BILO;19613,19618,20935,20988
BILP;18480,18856,19417,19614,19617,19759,20063,20181,20185,20360,20373,20374,20682,20753,20801,20877
BILR;
BILS;
BILT;18958,18967,18988,19001,20756,20757,20930,20935,20983
BIMN;559,4553,5776,6525,18878,18953,18954,19750,19766,20124,20189,20389,20724,20992,20996,20997
BIMR;18953,20267,20302,20395,20796,20925,20996,20997
BIMS;19588
BIMZ;20389
BINR;
BINS;20866
BINT;46,6529,19633,20874
BINY;4219,5346,20944,20951
BIOR;4262,4943,5783,6270,19638,20718
BIOS;20963
BIOT;18967
BIRR;18635,18673,18971,20880,20972,20996
BIRS;
BIRT;
BISS;18962,19591,20731
BIST;18943
BISV;93,1124,4842,4844,6462,6470,6516,6522,6558,21022
BITT;48,90,1097,6228,18972,18981,20988
BJOS;6231,6296,6567,18620,18637
BKLU;18675,18750,20899,20958
BKNO;18759,19641,20900,20901
BKNU;6020
BKOO;4397,4442,4529,4780,4845,6420,18759,20923,20964
BKOR;20899
BKOS;20922
BKOU;5324,6000,20477,20490,20493,20899,20964
BKOY;5194
BKRU;18973,20899,21028
BKSU;
BLLO;6036,6039,6232,18621,18642,18669,19543,19831,20103,20209,20292,20498,20509,20672,20851,20852,20873,20903,21033,21034,21035,21036
BLLU;18750,18859,18897,19843,19912,20099,20496,20672,20683,20877,20903,20958,21035
BLOO;18676,18933
BLOS;
BLOT;18988,19001,19592,20930,20935
BLOW;20899
BLRU;19038,20672,20899,20903
BLRY;657,1103,4217,4405,4888,6619,6620,18930,19610,19616,19617,20796,20856,20880
BLSU;20936
BMNU;788,5374,6600,18953,18954,19621,20268,20334,20686,20724,20910,20992,20996,20997,21061
BMOO;1172,6129,20189,20225
BMOR;800,1043,20796,20925
BMOS;
BMOT;5306,6433,6436,19791,19954,20592,20911,21060
BMOU;18670,19007,20911,21040
BMOW;6588,20859,21027
BMOY;6240,6433,6531,20796,20930
BMPU;
BMSU;19026
BNNU;18641,19655,20268,20992,21071
BNOO;18622,18759,18989,19037,19809,20189,20538,20581,20900,20933,20967
BNOR;
BNOS;
BNOU;1069,6210,20073,20735
BNOY;20900,20951,21075
BNRU;
BNSU;20505,20936
BNTU;20735,20874,20910
BOOR;19984
BOOS;19051
BOOT;18933,20556,20634,21060
BOOY;18841,18969
BOOZ;20964,21028
BOPR;101,794,4405,4530,4536,5375,6613,6619,6620,6655,19617
BOPS;627,4870,5381,6368,6513,6554,6578,6581,6621,6622,20902,21045
BORS;
BORT;18792,19954
BORW;4531,4847,19050,19643,19665,20718,20899,21025,21027,21031
BORY;19610,19617,20796,20856,20880,20881
BOSS;19051,19591
BOST;
BOSV;6462,20157,20402
BOSW;6577,18615,18756,19133,19582,19630,19659,19663,21030,21074
BOSY;813,1189
BOTT;1045,6220,6655,18972,18981,20911,20988
BOTU;
BOTY;5333,6065,6602,18627,18988,18995,20299,20509,20930,20935,20951
BOUY;18546,18642,19031,19554,20033,20166,20231,20881
BOUZ;6110,19473,19638,19665,20288,20964,21028
BOXY;4888,18366,18566,20051,20581
BPRU;4536,18875,19538,19614,20185,20373
BPSU;
BPUY;4880,19005
BRRR;1008,1185,1190,4351,5594,5611,5815,6171,6189,19312,19823,20627
BRRU;20996
BRSU;
BRTU;
BRUX;
BRUY;1129,4871,6559,19550,21032
BSSU;18962,19051,19591,20731,21003
BSTU;19057,19646
BSUY;5376
BTTU;18972,20911
BUZZ;19638,19665,19928,20958
CCEE;1215,1216,4417,6751,6754,6759,6762,6768,6770,6774,6779,21090,21108,21189,21195,21197,21208,21212,21215,21217,21225,21229,21231,21235,21237,21238,21241
CCEO;6790,6821,6858,6902,21189,21217,21235,21244,21249,21256,21258,21322,21329,21366,21368,21381,21382,21389,21403
CCHI;
CCHO;
CCKO;21185,21512
CCOO;18671,21177,21185,21256,21345,21360,21367,21380,21381,21414,21443,21535,21544,21549,21559
CCOR;7075,7081
CCOY;21091,21376,21387,21389,21419,21508,21529,21530,21535
CDEE;21908,21915
CDEI;
CDEK;21771
CDEO;
CDER;
CDEU;
CDHI;1399,1403,4415,6726,7137,7139,7561,7582,7583,7593,18648,21168,21173,21661,22369,22371,22393,22399,22402,22407,22409
CDIK;4415,4514,4516,4517,6695,7306,7563,7583,7584,7585,7618,7643,7644,7645,18648,18649,18750,21168,22359,22376,22423,22453
CDIO;7139,18648,22402
CDIS;
CDIT;
CDIU;1441,1444,4507,6731,6743,7691,18721,18757,21747,21862,21864,22113,22114,22369,22371,22373,22474
CDKO;539,4191,4506,4508,4527,4528,4529,4531,7153,7156,7584,7585,7600,7711,18648,18649,18759,21089,21185,22361,22376,22423,22453,22492,22494,22499,22500
CDKU;4517,7643,7709,18750,21156,22359,22361,22500
CDLO;21089,22385,22413,22492,22494,22501,22502,22505,22507
CDNO;132,1463,4191,4527,7141,7153,7744,7745,21178,22423,22431
CDOO;4529,6723,6740,6749,7554,7691,7722,7732,7746,7748,21089,21185,21675,22361,22396,22402,22417,22418,22464,22467,22485,22494,22499,22501
CDOR;22494
CDOS;
CDOU;1441,7610,7691,7741,21674,22361,22371,22387,22510
CDRU;1446,1462,7735,18757
CDSU;
CDTU;22361,22387,22430,22448,22500
CEEH;7783
CEEP;
CEER;22962
CEES;22594,23012
CEET;1326,1509,1510,6688,6751,7104,7209,7924,21108,21225,21565,21604,21876,22806,22829,22968,23077,23123
CEEX;1510,7801,21926,21927,22541,22699,22705,22706,22935,22962,22973,23005,23156
CEFH;21244,22651,23193
CEFI;6780,18810,18812,21979,22639,22655,22658,23162,23197,23198,23211,23216
CEFK;4541,4573,4575,6781,7790,18763,21244,22640,23193
CEFL;18768,18812,21249,21726,21972,21986,22639,22665,23162,23197,23198,23211,23216,23237
CEFY;6780,7173,7783,7798,8087,8097,8133,21977,21983,21986,22674,23201,23239
CEGK;1538,4578,4582,4584,4586,7285,7803,7809,7810,8222,21252,21254,22681,22689,23266,23267
CEGL;21254,21255,21256,21750,21996,22639,22686,22689,22693,22695,23176,23177,23180,23293,23297,23299,23313,23314,23323,23324,23375,23379
CEHH;1316,1336,6790,8256,8257,21263
CEHK;
CEHL;
CEHM;22727
CEHO;
CEHP;21129,23425,23573
CEHR;
CEHS;
CEHT;21134
CEHW;
CEHY;1336,7337,23573
CEHZ;140,1559,8492,22731,23497,23615,23634,23644,23663
CEIL;
CEIM;
CEIN;21368
CEIP;1622,7269,8165,8516,21129,23346,23351,23423,23425
CEIR;
CEIS;
CEIT;8516
CEIV;
CEIW;4622,4638,4651,7916,8282,8531,18881,22156,22173,22980,23825
CEKK;1629,4616,4659,8792,21338
CEKM;1591,1631,1632,4584,7924,8359,8538,8813,23685,23829
CEKN;4188,4486,8538,22592,24148
CEKO;4575,22992
CEKP;564,8359,21269
CEKR;
CEKU;4584,6781,8359,8366,21156,21298
CELL;18897,22593,23021,23377
CELM;23030
CELO;
CELS;
CELT;
CELU;21208
CELW;581,1629,6892,8531,8864,22129,24211,24212,24226
CEMO;21235,21647,22714,23072
CEMR;
CEMY;21255,23077,23337,23339,23706,23952,24300
CENO;21235
CENS;
CENT;
CENU;
CEOP;
CEOR;
CEOS;8043
CEOT;21189
CEOV;
CEOZ;23663
CEPR;
CEPS;
CEPU;8359,21129,22968
CERS;
CERT;
CERU;
CERW;4638,4728,9094
CESS;
CEST;
CESU;
CESY;6894,22169,23333,23345,23891
CETU;
CETY;7522,8251,8960,21917,21977,22117,24300
CFFO;9097,9104,21244,24419
CFFU;4735,6781,24418
CFIL;18768,21726,21972,22639,22655,22657,24449
CFIO;1198,4574,7558,9123,21438,21440,24423,24432,24433,24473
CFIS;
CFIU;9116,9151,18931,21248,21439,21441,22661,23164,23216,24470,24472,24473
CFKU;4735,4744,6781,21437,22359,22361,22644,24414,24475
CFLO;18933,21249,21444,21986,22665,23239,24440,24478,24482
CFNO;7275,8114,9117,21436,21438,21440,23198,23241,24419,24423,24427,24432,24482,24489
CFOO;1238,4575,6916,6917,8114,8120,8121,9177,9178,18933,21443,21444,22361,23231,23241,23247,24419,24465,24478,24482,24489,24491
CFOR;1745,9129,9182,21438,24433,24473,24478,24483
CFOT;4748,8120,8122,9175,9186,9189,18933,21189,21443,22361,23239,23241,24416
CFRU;18931,21248,21439,22648,22651,22661,23164,23167,23237,24470,24473,24478
CFSU;
CGHO;1756,1759,8153,9251
CGHU;18937,18940,22369,23276,23289,24405,24493,24513,24534,24555,24556,24561,24566
CGIS;1786,8061,18393,18943,21260,21660,21743,22000,22001,22011,22384,22540,22696,23318,23325,24410,24497,24506,24507,24563,24597,24609,24661,24696,24697,24706,24730,24738
CGKU;4584,4760,8222,9292,9295
CGLO;1756,4762,9251,22686,23379
CGOR;22709,22713,23376,24746,24747
CGOS;9269,9377,21091
CGSU;4764,8063,9329,9379,9396,18393,21660,22384,22725,23371,24410,24497,24507,24617,24624,24628,24664,24668,24697,24706,24730,24738
CHIK;21756
CHIL;18394
CHIM;
CHIN;
CHIP;9422,21168,22402
CHIR;
CHIS;
CHIT;
CHIU;9196,9450,18395,18937,18940,18972,21445,22369,24493,24513,24566,24821,24858
CHIV;1252,1816,9494,24579,24796
CHIW;8282,9125,9422,9425,9426,9435,22402
CHIZ;511,1252,1559,1803,1822,21473,22731,23497
CHKO;1838,4508
CHKU;8359
CHLO;18975,21437,24440
CHLY;6913,9253,9407,21470,22414,24886
CHMO;
CHMU;43,1245,8151,23289
CHNO;18973,18975,24889
CHOO;22418,24900
CHOP;
CHOR;
CHOS;
CHOT;
CHOU;1800
CHOW;21472,22402,22415,22417
CHRU;1800,7604
CHSU;
CHTU;9570
CHUY;1885,8150,9454,9476,9570,9572,18849,23289,23576,23583,24863
CHWY;1801,6976
CIKK;21500,21512,22452,22453,24641
CIKL;4514,7618,7643,9426,9427,9429,9660,18750,19001,22376,24925
CIKM;1591,1903,8538,9281,21475,22423,23685,23827,23829
CIKN;1903,4516,6993,8538,21440,21514,22423,24442,24931
CIKP;7563,7618,9143,9422,9429,21168,21269,21475,21500,21511,24444,24925
CIKR;7646,22376
CIKS;
CIKT;1591,6995,6996,7643,9143,19001,21512,22457,24925,24931
CIKW;1903,4516,4622,4756,7645,8282,8531,9219,9422,9426,21500
CIKY;
CILL;18398,18669,18750,19005,21100,21459,21517,24505,24937,24938,25053,25055,25058
CILO;1887,1899,9684
CILP;21511,22464,24444,24679
CILR;7148,7556,21454
CILT;
CIMO;1887,1899,23864,25124
CIMR;18984,24704,24971,25061
CIMS;21505,22419
CINO;22931
CINQ;9295,9317,9821,22474,25142
CINU;21174,22474,25142
CINZ;1601,1822,8092,24542
CIOR;
CIOT;18972,23501,25124
CIOX;
CIOZ;22464,24691,24778,24812,24949,24968,25124,25167,25169
CIPR;24450,24718,24720,24918,25001,25178
CIPS;18402,24919,24992
CIPY;1911,7595,7634,7649,8700,9821,19005,22526
CIRS;
CIRT;18674,24620,24958,24971,25001
CIRU;18674,21439,24704,24971,25001,25178
CIRY;1279,1443,7038,7641,7646,7705,18969,21510,24418,24704,24756,24970,24987,25120
CISS;18962,21481,24866,25105
CIST;9648,24919
CITU;1441,7691,9626,9840,22448,24858,24971,24998,25001,25046
CITY;1279,1786,6987,7031,8758,9165,9616,9631,9643,9795,9797,9830,9831,9833,9848,18668,21508,21510,21535,24418,24917,24920,24990,25000,25010,25141
CJKO;9275,9869,22992
CJOO;8785,18895,25182,25183
CJOU;23313
CKLO;22376,24925
CKLU;18750,24475
CKMO;4187,4857,4858,7711,9876,22423,23829,25202,25203,25204
CKMU;21475,21485,21540,25202
CKNO;4191,7141,9117,9513,18759,22423,24931
CKOO;4442,4529,4575,4664,7046,7051,7052,8812,9884,18759,19001,19027,21089,21185,21443,22361,22492,24117,24419,24931
CKOP;4780,7051,8825,8826,9117,9876,21511,21514,21544,22453,23005,24925
CKOR;22376,22453,25202
CKOS;24404
CKOT;4442,4845,6996,7052,9662,18675,19001,21443,21512,22361,22457,22992,24925,24931
CKOW;19003,21105,21185,22492,22499,24155,25186,25202
CKOY;1985
CKPU;21475,23573
CKRU;25202
CKSU;
CKTU;4808,7643,18675,22361,23805,23816
CKUY;23576
CLLO;18669,24478,24479,24802,24938,25053,25055,25058
CLLU;4532,4744,4787,4813,4850,8055,9176,9909,9921,18750,18859,18897,24478,24479,24937
CLMU;4760,9176,21208,23212,25061
CLNO;9927,18975,22491
CLOO;4446,4664,4882,18676,21089,21444,23046,24117,24171
CLOP;21511,22595,23031,23034,23048,23239,24208,24416,24440,24679
CLOS;
CLOT;
CLOU;1997,18975,21437,24440,25225
CLOW;22505,24226
CLOY;
CLRU;24475
CLSU;
CLTU;24475
CMMO;21235,21541,21674,22495,23024,25202
CMOO;2047,9970,9971,9976,9978,9979,23965,24465,25114,25124,25203,25204,25250
CMOP;24454
CMOR;24746,25203,25204,25247,25250
CMOS;
CMSU;22605
CMSW;7733,9672,18881,23029,23973,25257
CMSY;21505,24563,24767,24836,24942,24968
CNNO;19049,21539,22362,22513,22514,24747,25182,25258
CNOO;9788,9972,18989,24419,24972
CNOR;
CNOS;
CNOU;25245
CNOY;
CNRU;21929,21931,21932,24109,24343
CNSY;23891
CNTU;
COOP;7035,7051,7746,19035
COOS;18888,19051
COOT;2065,4845,7052,7691,9833,9976,9978,19050,21535,21559,22361,24491,25124,25166,25167
COPR;21514,21544,22453,24450,24454,24718,25014,25236,25247
COPS;
COPU;6675,9840,21549
COPW;4853,9884,22402,22405,22417,23094
COPY;18995,22406,24851,25169
CORS;
CORT;19050,25236
CORU;1800
CORW;4840,4847,9508,9877,9923,9963,19003,19050,21105,24491,24999,25171,25186,25202
CORY;25102
COSS;
COST;
COSW;7733,18756,22516,22521,25272,25273
COSY;9546,9848,24968
COTT;25166
COWY;1985,9908,18346
COXY;4888,6749,8934,9071,9554,9958,21389,21535,23361,24217,24300,25000
COYZ;9833,9972,24891,24900,24968,25169,25280
CPSU;18402,24731,24861,24992,25002
CRRU;25001,25178
CRSU;21563,25184
CRSY;18808,23948,24881,24970
CRTU;18674,24620,24958,24971,25001
CRUX;2042,4568,8983,9858,21439,21904,22632,22973,23137,23156,25071,25158,25255
CSSU;18962,21481,24439
CSTU;19057
CSTY;203,647,1786,1941,1982,2038,2046,2071,2081,2082,7079,9757,24696,25108
DDEE;10056,10076,18405,25380
DDEI;
DDEO;
DDER;
DDEU;25380,25743
DDEY;10256
DDIO;19130,25788,25822,25823,25824
DDIY;10203,10302,10333,25587,25797
DDOO;10276,10343,19130,21675,25338,25583,25743,25778,25800,25801,25802,25815,25816,25823,25824,25828,25829
DDOS;21672,21673,25826
DDOW;7157,10308,10325,10342,10343,10353,19130,21675,25802,25816,25822,25824
DDRU;681,2111,7158,10272,10278,10339,25794
DDSU;19133,21672,25751,25752,25790,25793,25811
DEEF;19167,25389,25848
DEEG;10510
DEEH;19141,26079,26280
DEEI;26079,26534
DEEJ;10443,10574,10575,10576,18412,21805,21865,25307,26362,26363,26580,26581
DEEK;7204,21771
DEEL;26610
DEEM;26079
DEEN;
DEEP;19164,19218,21712,26534
DEER;
DEES;
DEET;21108,21604,21712,21876,21886,26338,26610
DEEV;21771
DEEW;
DEEX;4464
DEEY;
DEFI;2173,25535,25848,26079,26887,26905
DEFL;
DEFN;1330,26130
DEFO;2173,7275,10436,25535,25845,26130,26145,27037
DEFS;
DEFT;
DEFU;19334,26933,27035
DEFY;26863,26884
DEGI;11016,27107
DEGL;
DEGO;
DEGR;
DEGS;
DEGU;26166
DEGY;10477
DEHI;702,2233,26079,26150,27087,27355
DEHL;21131,25587,27072,27392,27398,27410
DEHN;10367,25874
DEHO;
DEHR;27096
DEHS;
DEHU;4924,5102,5114,10178,10185,10561,11006,19143,21775,21778,21784,26166,26337,27077,27081,27087,27384
DEHY;27293,27354,27355,27410
DEIJ;21804
DEIK;
DEIL;
DEIM;26079
DEIN;
DEIP;7269,21129
DEIR;
DEIS;
DEIT;
DEIV;
DEIW;
DEKO;
DEKR;
DEKS;
DEKU;11606,21156
DEKY;
DELL;25961,25967
DELM;
DELN;
DELO;
DELP;
DELS;
DELT;
DELU;2335
DELV;22293
DELW;27392
DELY;
DEMN;25721,27967
DEMO;
DEMR;
DEMS;
DEMY;25636,26884,26962,27188,27329,27355,28058,28064
DENO;
DENP;28041,28042
DENR;
DENS;
DENT;
DENU;
DENV;
DENW;
DENY;
DEOP;27546
DEOR;
DEOS;
DEOT;
DEOV;
DEOW;25955
DEOY;26145,26962,27882
DEOZ;19235,19473
DEPS;
DEPU;21129
DERS;
DERU;
DERV;
DERW;
DERY;26962
DEST;
DESU;
DESV;
DESW;
DESY;25742
DESZ;26036,26040,27995
DETU;2202,11007
DETY;
DEWY;
DEXY;11439,22169,27485
DFFI;7552,10270,10271,11881,19538,28170
DFFO;10270,28176
DFFU;7551,10272,11888,19538,28170,28176
DFIN;2385,11906,11907,11909,11912,25748,28184,28197,28206
DFIO;2173,10270,25535,28178,28197,28208,28210
DFIS;2386,11896,11899,11916,19548,28199
DFLO;2392,2393,2394,2395,4506,5267,7557,10270,11895,11921,11922,11923,11926,19549,25845,28192,28210
DFNO;26130,28197,28227
DFNU;7551,10272
DFOO;5265,19539,22361,28197,28201,28235
DFOR;2392,11926,26145,27037,28192,28231
DFOU;10963,11895,19549,22361,26145,26883,27035,27037,28176,28192,28224
DFOW;2392,2393,2395,7275,11895,11922,11930,11937,27014,27037,28176,28210,28227,28236,28237
DFRY;2396,11915,21983,21986,26957,26962,26983,28181,28182,28209
DFSU;19548,28199
DGIL;22376,28277,28352,28361
DGIN;2399
DGIR;4262,5279,7575,11952,22376,28277
DGIS;28388
DGIU;2428,5279,28326
DGLO;2431,2438,11895,11965,22376,25794,28192,28307
DGNO;28435
DGNU;2447
DGOO;19539,22387,25583,28402
DGOS;19127,28388,28414,28429
DGOW;2436,7562,11895,28361,28416
DGOY;12059,28283,28408
DGRU;
DGSU;19553,19579,28427
DHIL;25587,25588,25762,25797,26890,27072,27077,27320,27330,27331,27334,28272,28275,28277,28440,28445,28465,28470,28475
DHIN;21173,22369,22371,25762,28197,28272,28275,28279,28281,28445,28456,28462,28465,28479,28489,28490,28495,28496
DHIS;19588,22393,28441,28452,28459,28460
DHIW;2233,10301,12110,12140,19583,21766,22028,22402,22405,25760,28266,28283,28462,28465
DHKU;26303,27384
DHLO;19592,21169,22396,22413,25801,25802,28200,28277,28440,28470,28475,28509,28512
DHNO;21173,22415,25802,28197,28283,28462,28465,28479,28489,28490,28505,28515
DHOO;6723,7554,12101,19592,21173,22396,22402,22413,22415,22417,25800,25801,25802,28200,28448,28462,28505,28515,28516
DHOS;28441,28458,28459
DHOT;2397,2475,5306,11902,12159,12187,19592,28200,28513,28515,28524
DHOW;5303,7562,7608,10308,12162,12164,22402,22405,22415,22417,25802,28440,28462,28465,28489,28495
DHOY;28507
DHOZ;12181,21762,26289,28498
DHSU;18746,19588,19594,22399,22409,28452
DHTU;10894,11007,19143,26337,27412
DIIM;10310,18451,25807,28194,28326,28445,28550,28561,28589
DIIN;25755,28351,28442,28445,28454,28532,28546,28550
DIIR;19129,19583,25338,25534,26914,26916,27314,28457,28569,28574,28577,28598
DIIV;28202,28539
DIIX;11987,28589
DIJN;7368,10514,21804
DIJR;5312,12007
DIKL;2502,2503,4514,5323,5324,7618,12008,12193,12194,18750,22375,22376,28251,28352,28445,28605,28606,28608,28610
DIKN;22423,28445,28606,28608
DIKR;2503,2504,4514,4517,7646,12246,12247,18649,22376,22453,28610
DIKS;
DILL;776,5294,10321,11906,11907,11908,11909,11953,12012,12114,12115,12118,12268,12269,18750,19543,22460,28208,28210,28361,28465,28615
DILM;1422,1424,2514,2516,11907,11911,12114,25776,28203,28364,28445,28549,28550,28561,28605,28615
DILN;28445,28549,28550
DILO;28210,28307,28361,28605
DILR;
DILS;21176
DILV;
DILW;7148,10286,10321,10324,10325,11909,11912,12010,12018,12023,12210,12311,12332,12333,19600,19613,22389,25816,28210,28361,28369,28373,28378,28440,28465,28550,28605,28606,28621
DILY;21087,28170
DIMN;22423,28264,28382,28383,28445,28479,28549,28550,28584,28615
DIMO;28479,28605,28615
DIMP;2420,2516,12133,28326,28484,28584,28589,28615,28664,28665
DIMS;
DIMU;2544,12035,12040,18451,18452,25807,28326,28383,28561,28589
DINO;
DINR;
DINS;
DINT;19633,28259
DINW;19561,19600,25760,28456,28550
DIOR;19638,28412,28457,28497,28498
DIOT;26218,27242
DIOV;
DIOX;
DIPR;19538,19583,19614,19617,22405,22453,25787,28400,28403,28457,28490,28497,28498,28636,28664,28665,28694
DIPS;19619,22410,22424,28603
DIPT;2546,7597,12148,12239,12240,12285,12399,12405,22424,22483,28584,28603,28642
DIQU;2428,10288,10333,22474,25788
DIRS;
DIRT;
DIRU;2428,2567,19538,28457
DIRY;19432,26962,28665
DISS;19637,28270,28451,28459,28461,28503,28600
DIST;
DISU;2566,25752
DISV;28675
DISY;21668,28414
DITT;2524,11310,11326,11964,12066,21803,27501
DITU;18721,21864,22430,28205
DITY;12150,19540,28376,28539,28542
DITZ;2201,2548,5171,10523,11164,11470,11549,19380,21854,26218,26346,26524,26538,26555,27107,27498,27542,27730
DIXY;2570,7707,11439,22169,26978,28589
DJOO;5354,22118,27923,27924
DJOU;26883,27570,27572
DJSU;22451,25948,28250
DJUY;12420,22491
DKNO;4191,4527,7141,7153,11921,12151,12428,12430,12432,22423,28606,28613,28708
DKNU;
DKNY;
DKOO;4529,21089,21185,22361,28352,28605
DKOR;4531,7584,7600,7711,12428,12430,18649,22376,22453
DKOU;5324,21156,22235,22238,22361,27383,27384,27928,27929,28224
DKSU;
DKUU;11606,22248,28610,28708
DLLO;19543,22460,26116,26601,28208,28210,28307,28361,28551,28615
DLLU;4532,5361,7648,12157,12204,12268,18750,22460,28307,28533,28551,28712
DLMO;25801,28557,28605,28615
DLOO;2600,12101,21089,22396,22413,25800,25801,25815,28639
DLOP;22396,22494,25815,28419,28507,28732
DLOR;794,795,2437,2603,5267,11926,25794,28192,28231
DLOS;
DLOT;19549,19592,22413,28200,28509,28717
DLOU;19549,19604,25794,28192,28307
DLOW;28210,28440
DLOY;
DLSU;21176,22462,25797,28417
DLUY;22295,22428,22430,25797,26441,27293,27497,27706,28025,28170,28205,28226,28568,28607,28632,28634,28638
DMOO;4271,5354,5375,7732,12120,12431,12500,12501,12502,25801,28605,28737,28745
DMOR;1461,2618,5354,5375,7711,7732,11926,11988,12159,12452,22511,28712,28737,28745
DMOS;2486,2617,7154,28429
DMOU;21674,28224,28517,28746,28747,28748
DMOY;10980,28429,28747,28748
DMPU;22510,28224,28516,28746
DMRU;28517,28712
DMSU;28417
DNOO;19539,25802,25824,28256,28594,28751
DNOP;28042
DNOS;
DNOU;
DNOW;22415,28754
DNOY;5346,12059,12304,28435
DNRU;10272
DNRY;
DNSU;
DNSY;28567,28597
DNTU;28259
DNTY;22482,22514,28376,28435,28539,28686,28687,28717,28725
DNUY;11833,28125
DNWY;26650
DOOP;7748,12500,19656,22396,22402,22510,28419,28516,28732
DOOR;6740,12502,21675,22485,25338,25830,28737,28745
DOOS;
DOOW;2454,4529,7608,10308,10353,12435,12502,19643,21185,21675,22402,22415,22499,25824,25828,25829,28176,28236,28666,28679,28710,28745,28754,28763,28781
DOPR;794,11926,12452,19617,22405,22406,22453,25787,28403
DOPS;28429
DOPU;7610,28224,28516,28732,28746,28747,28748
DOPW;12452,12477,22402,22405,25955,28134,28732,28781
DOPY;2649,7748,12453,28507,28741,28747,28748,28764,28784
DOQU;19412,19604,25788,26696,26708,27690
DORR;22418,25794,28291,28712,28755,28781
DORS;
DORT;22500,25829,28737
DORU;28712
DORW;19643,19665,28176,28236,28666,28709,28710,28745,28781
DORY;2650,10352,12412,21983,22216,27882
DOSS;19591,22512,28177
DOST;
DOSU;28414
DOSW;
DOSY;2649,2650,11863,12412,18454,19524,19639,27575,27882,28414,28429,28788
DOSZ;7734,7755,12075,12509,28414
DOTU;1441,2603,7610,12558,22500
DOTW;2393,7562,7608,12458,22457,22500,25829,28440,28489,28666,28754,28758,28781
DOTY;19639,22509,22514,28376,28435,28559,28673,28686,28717
DOUX;5248,11798,19658,27775,28201
DOXY;2645,6749,12533,28422
DOYZ;
DPSU;2626,2653,12138
DPUU;11715,19132,25721,27951,27967,28231,28746,28750
DRRU;22418,25794,28712,28755
DRSU;
DRSY;
DRTU;4539,5391,7158,12483,12558,22500,22520
DRUY;2380,2483,18350
DSSU;5367,5371,12485
DSTU;19646
DSUW;11616,11869,19133,19594,19654,21617,22521,22523,26051,26247,26719,26817,26825,27899,28220,28427,28529,28711,28749,28778
DTUY;1444,5394,6743,11724,11801,11974,12413,12483,12558,12559,22257,22430,22432,22448,25812,26441,27398,27435,27497,27706,28025,28064,28077,28205,28381,28453,28591,28647,28725
DUUW;28769
EEEP;28832,29111
EEEW;10365,10366,12567,12588,12618,19154,19690,21682,21689,22561,25881,25897,25924,28896,28972,29044,29066
EEFJ;
EEFK;4541,12680,18763,22640,29200,29288,29289,29345
EEFL;1471,12687,29229,29250,29346
EEFM;7787,12680,12681,21727,26099,28817
EEFN;19666,19747,28832,29227,29228,29229,29233,29289,29345,29346,29359
EEFR;29233
EEFS;29196
EEFT;12680,12718,22653,22673
EEGH;7802,12719,12735,12737,12738,12739,12745,19753,29422,29474,29486,29494,29495
EEGK;22681
EEGL;
EEGN;22717
EEGO;7819,12728,12858,22706,22713,29474,29495,29621,29680,29685,29686
EEGP;22717,29494,29537
EEGR;
EEGS;
EEGU;5446,10365,12787,19072,19076,21747,22717,25413,26073,26166,26201,26263,29510,29537,29540,29591,29592,29615
EEGZ;7814,12728,12822,12850,19773,26215,29540,29547,29616,29656,29674
EEHL;824,5451,5452,12906,12916,12942,19792,19800,28908,28916,29422,29702,29715,29722,29818
EEHM;22727,22787,25910,28910,29463,29714,29818
EEHR;19800,29422
EEHT;29494,29777
EEHW;2692,7783,12719
EEIN;18465,29288,29986
EEJL;10574,29444,29981,29982,29983
EEJP;2695,13196,26226,26582,29508
EEJR;10575,13196,13197,18412,19828,22861,25307,26151,26363,29020,29425,29444,29508,29712,29982,29985,29986,30404,30407
EEJS;7919,30403
EEJT;13196,13197,26580,30404
EEJZ;
EEKK;5468,13037,13040,13198,26366,26583,28946,29701,30417,30418
EEKL;12590,12942,13037,13204
EEKM;21807,21871,26588,29288,30013,30014,30433
EEKN;22592,22681,22734,29288,29289,30417
EEKP;26379,29289,30438
EEKR;
EEKS;29802
EEKT;2697,2698,7204,7209,7924,13214,21592,21604,21811,21817,21876,22992,30014
EEKW;22734
EELM;29818
EELP;30053,30454
EELR;30473
EELS;
EELT;
EELV;
EELW;19913,19940,30120,30480
EELY;19801,19936,28800,29818,30061
EEMM;19078,22915
EEMN;22727
EEMR;
EEMS;21237
EEMT;830,7928,12668,12685,13073,19911,28862,29271,29298,30080,30221
EEMU;18405,19062,21777,25413,26079,26099,30667
EEMV;13277,13383,13389,13391,13392,13402,29099
EEMW;7989,7993,12984,13419,23076,29853,30510
EEMZ;10612,12850,13366,13376,19850,19964,26344,26401,26449,29093,29095,29276,29818,30075,30163,30181,30221
EENN;1485,12977,22566,22572,22715,22727,22809,22881,22918,26001,28929,29667,29754,30417,30614
EENP;30524,30615
EENR;18465,19672,28803
EENS;
EENT;
EENV;
EENW;
EENY;549,19691,28832,29490,29667,30402
EEOV;5602,13313,13323,13484,19984,21217,26612,29321,29349,29581,29621,29650,29651,29668,29680,30050,30129,30131,30479,30482,30809
EEPP;4466,5459,10126,10548,10558,13445,19851,22658,23103,26534,29859,29912,29924,29948,30026,30097,30257,30329
EEPR;18472,30756
EEPS;
EEPV;12789,13170,13383
EEPW;5488,10823,12789,25505,26614,30257,30628
EERS;
EERT;
EERV;
EERW;30480
EERY;
EESS;29175
EEST;
EESV;30809
EESW;
EESX;29676
EESY;5405
EESZ;23092
EETT;12589,18463,22992,29935,30208
EETV;1326,1509,1510,7104,12718,29368
EETW;2692
EETY;2675,5438,5609,7878,13214,18464,18466,18809,22608,22806,22922,23077,26299,26441,26668,26684,28798,28870,29661,29777,29796,29882,30061
EEVY;2727,10676,19801,26397,26612,28800,30061
EEWX;
EEZZ;26215,26567
EFFI;6780,8050,13538,13544,13545,13548,29200,30867
EFFJ;
EFFM;13549,13550,29206,29207
EFFS;851,2757,5626,8047,10870,12642,13562,13565,13568
EFFT;2165,12644,30867
EFGL;2767,13538,13592,26865,29213,29228,30946
EFGS;853,2770,8061,8064,12655,13572,13575,13577,13581,13583,13585,13633,13637,13638,29196,30936,31023
EFHM;10891,10895,13645,13651,13654,13664,13665,31033
EFHS;25531,29242,30866,30951,31033,31036
EFHT;5635,30954
EFIK;29200,29268,29284,30972,31092
EFIL;13538,13548,13669,29268,29284,30946
EFIN;22658
EFIR;
EFIS;13583,29242,31033,31036
EFIV;13548,23216,26901,26904,26905,26932,29301,30971
EFIW;12666,12676,13603,13698,13703,13757,29293,30989
EFKR;23193,23231,29345,31315,31323,31325
EFKS;
EFKY;29200
EFLL;21249,26985,29346,31315
EFLO;856,1217,25845
EFLP;1471,1512,1518,7791,8082,10419,12693,13606,13610,13616,13694,13814,13816,13828,13834,13835,13851,13852,25542,25855,26890,26908,27002,29369,31364
EFLS;
EFLT;
EFLU;13548,29301,29346,31177
EFLW;13669,13698,23234,26909,26916,29250,29268,30988,30989
EFLX;13623
EFLY;
EFMR;28817,28826
EFMS;23181,30962,31086,31112
EFMU;31394
EFNO;4574,5412,7275
EFNR;23237
EFNS;31021
EFNT;1330,4542,12645,12680,25863,27031,28812,28834,28837
EFNU;23237,29301,29346,30915,30954,31021,31061,31064,31078,31177,31205,31267,31344,31394,31419
EFOR;
EFOS;5626,8064,8122,13572,13633
EFRS;
EFRT;
EFRY;
EFSS;
EFST;
EFSU;853,18811,21245,31078
EFSW;13568,13890,25866
EFSY;31131
EFTT;23241,31407
EFTW;31335
EFUZ;5649,31419
EGGL;5677
EGGS;20061,23253,31453
EGGT;13960,13979
EGGY;10980,20057,30945,31454
EGHP;20063,27096,29466,29467,29468,29475,29488,29490,29494,30952,31570,31613,31675,31677
EGHU;11000,11001,23276,31612,31675
EGIL;30946
EGIN;31953
EGIS;31559,32079
EGIT;2800,14083,22542,27107,28862,28873,30971,31010,31738,31785
EGIV;2856,4578,30971
EGKS;14104,14299,27109,31702,31786,31812,31818,31825,32084
EGLN;
EGLO;23375
EGLS;
EGLT;23381,31015,32123
EGLU;23375
EGLY;21255
EGMN;
EGMR;
EGMS;31559
EGMU;8151,31675
EGNO;27131,27142,29674,31511
EGNR;
EGNS;
EGNT;
EGNU;
EGOR;
EGOS;21091
EGOT;29514,31010
EGOV;
EGOY;8202,8237,21091,31454,31616,31794
EGPS;
EGRS;
EGRT;31684
EGRU;
EGRW;31564
EGRX;2815,12832,14132,14152,14253,14256,22706,29604,30968,31734,31757,31770,32003,32006
EGRY;18483,20146,30969,31003,31454,31651,31666,31842,32121,32131
EGSS;20080,31742,32079
EGST;
EGSU;
EGTU;30971,31785
EGTY;2675,5438,8149,27118,31785
EGVY;2856,12821,14123,22723,29651,32108
EHHS;5768,14510,26267,29705,32216
EHHT;19791,29704
EHIK;5770,13544,14531,22681,23266,29200,29711,29715,29719,31040,32285,32288,32290,32293
EHIL;13545,13649,18492,19792,20063,20181,25587,27072,29711,29715,29722,30946,32288
EHIR;18374,18492,31049
EHIS;29784,30866,32226,32499
EHIV;20068,29711,29749
EHJU;
EHKO;14531,14663,14664,29701,31040,32285,32289,32293
EHKS;
EHKT;14663,20208
EHKU;20172,20175,20208,21294,21298,27384,31061,31658,32286,32290,32531
EHKY;13544,29200,32288
EHLL;824,893,2239,5105,5452,5788,11226,12590,12942,14005,19799,22735,22736,29250,29713,29722,31029
EHLM;22030,23418,29715,32204,32288
EHLO;19800,20073,28908,29422,31061,31463,31658,31665,31670
EHLP;20063,28911,29715,29722,32290,32293,32349,32547
EHLR;19792,19800,20178,21274,26270,29422,30868,31070,31463,31665,31666,31670,31671,32575
EHLU;27398,31061,31064,32341,32562
EHLY;25587,32288
EHMO;20225
EHMP;2989,8359,12738,14525,14664,23423,23425,23489,25910,29838,31570,32290,32419,32613
EHMR;
EHMS;
EHMT;
EHMV;23618,27305
EHNO;32246,32248
EHNR;75,2686,2976,14757,21200,22816,28933
EHNS;31663
EHNT;
EHNW;2971,2976,32606,32645
EHNY;
EHOP;12738,12908,14525,14664,28917,32293,32320,32349,32355
EHOR;5815,14790,19800,31665,31666
EHOS;
EHOT;5635,20208,29882
EHOV;
EHOW;14664,26324
EHPS;20175,32226,32301
EHPT;262,14690,20200,22751,23425,23474,23489,28928,29466,29777,30952,32321,32419
EHPW;8336,14664,32446,32477
EHPY;23409,23573,23576,29494,29777
EHRS;
EHRT;
EHRU;29863,32341,32454,32642
EHRY;27093,31070,31666,32325,32377,32575
EHSS;32555
EHST;
EHSU;29784,32439,32462,32499,32525
EHSW;30866
EHSY;
EHTT;20208,23663
EHTW;
EHTY;27435,29494,29777,29796,31679
EHWW;19690,27381
EHWY;2691,13003,26324
EIJV;22564
EIKK;3019,13037,13039,13040,14530,14951,14956,21338,22863,31154,31155,31156,31799,32722,32724
EIKL;20292,29268
EIKM;3019,14997,23829,30013,30014,33102
EIKN;28952
EIKP;13694,32290,33041,33062
EIKR;14997
EIKS;
EIKT;18499,20292,20294,20303,28952,30014,31156,31157,31162
EIKV;4578,8540,8552,20310
EIKY;13544,18499,29200
EILM;
EILN;
EILP;20181,32321
EILR;
EILS;
EILT;
EILU;3027,18506,25324,31177
EILV;23673,33156
EILW;20116,29268,29505,30989
EILX;27485,31838,33046
EIMM;22915,23875,29934,29935,32716,32854
EIMN;
EIMR;
EIMS;
EIMT;13073,18522,28862,29935,30208
EINN;22572,22918,23486,29288,31953
EINO;15368,21368,31953
EINP;2777,3017
EINR;
EINS;
EINT;18356
EINV;
EINW;
EINX;33046
EINZ;21368,23893,31203,31953,33304
EIOU;710,925,5782,7428,14595,15368,19462,19890,20288,20443,21153,22108,22762,22931,23941,23987,23993,24028,25666,27242,27570,27741,27785,27807,27819,29618,30024,30898,31511,31642,32067,32473,32908,32910,33458,33466
EIOW;
EIPP;13155,20360,22658
EIPR;
EIPS;
EIPT;
EIPW;5488,12789,20360,29728,31594,32228
EIPY;22526,31292
EIPZ;3017,3057,14591,14895,15210
EIRS;
EIRT;
EIRU;30039,31651
EIRV;
EIRW;12666,13703,28907,32244
EISS;13970
EIST;
EISV;
EISW;5865
EISZ;
EITT;21225,21803,22924,27501,29630,29935,30371,32997
EITU;925,15335,30971,31785
EITV;26932,27496,30971,32970
EITW;28974
EITX;26978,27894,29791,30317,31785,32275
EITY;4653,5505,14590,14652,18464,18833,31189,32486,33813
EITZ;3116,3129,8523,8524,11164,13073,13107,14913,14928,15070,15210,15233,22731,26555,27107,28997,29341,29616,30392,31725,32991,33091,33814
EIVV;14932,20144,22854,26905,28873,29003,30046
EIVW;20310
EJKO;6000,22992
EJKR;29020
EJKU;4657,6000,29978
EJLL;29021
EJLO;5840,14295
EJNO;935,3133,5840,8785
EJOS;3139,11591,14946,14947,22860,29631,33028
EJOY;8783
EJPU;26226
EJRU;24109,25947
EJSS;3140,3141,33010,33018
EJST;31467,33027,33028
EJSW;3141,6006,6007,11016,14661,14937,33017,33027
EJTU;1628,24109,27249,33008,33022
EJUV;33825
EJUX;
EKKS;27927,33837,33838
EKLL;938,939,3023,4582,5788,7879,8079,8530,12590,12941,12942,13037,13693,13694,13695,13784,14300,14531,14532,14958,18859,19831,19832,20292,23805,29713,29989,29995,30886,30972,31154,31157,31315,33040,33041,33047
EKLO;11596,11600,14531,15571,15575,28908,29632,29989,29991,29996,29999,30005,30006,31323,31481,31695,32729,32737,33049,33059,33060,33081
EKLP;564,8354,11602,13694,14955,14979,15571,32290,33041,33062,33081
EKLS;18538,18541
EKLT;
EKLU;6000,12942,13043,14982,15561,18539,20172,27929,29978,29995,30425,30430,32286,32290,32531,32748,33035,33041,33051,33062,33091,33855
EKLW;22129,23234,31164,31323,33060,33081
EKLY;19777
EKMO;13213,13696,14664,14956,15554,23829,26369,27595,29033,29714,29989,29996,30013,30014,30433,31317,32289,32532,33040,33056,33059,33060,33097,33102
EKMP;1631,3150,14664,15590,32290,33041,33062
EKMR;30433,32532,33102,33861
EKNO;
EKNP;22592,22997,33871
EKNR;
EKNS;
EKNT;
EKNU;30417,30425
EKNW;21227,26594,30440,32756
EKNY;20305,23838,32288,33045,33046
EKOP;
EKOR;
EKOS;13200
EKOT;22992,30014
EKOW;20310,25955,33852
EKOY;13214,23838
EKPR;3150
EKPS;
EKPT;13056,13224,14979,15022,15023,15566,15581,30027,30028,32763
EKPU;32290,33041,33062
EKPY;
EKRS;
EKRT;
EKRY;3146,15561
EKRZ;14997,20250,33091
EKST;
EKSU;29025,30423,30430,32286,32297,32748,33035,33051,33153,33855,33892
EKSW;20492,22013,24153,27942,31457,32756,33863
EKSY;
EKSZ;12604,15577,20251,32529,33838
EKTY;13214,18499
EKUY;14982,15561,19777,33045
ELLM;1637,2860,13805,14306,14676,15630,20498,32544
ELLP;20496,20509,22875,23455,28799,29047,29048,30037,30053,30454,31659,32088,32315,32320,32321,32544,32547,33047,33186
ELLS;
ELLT;15645,20209,29713
ELLV;958,20103,20321,31182,31337,33156,33926,33933
ELLW;939,5788,18909,19919,29021,29803,32548
ELLY;23864,23870,28800,32316,32320,32544
ELMO;29054
ELMR;
ELMS;
ELMT;23418,23705,29638,29920,32204,32733,32791,32794
ELMU;
ELMW;13611,13824,15560,15696,20527,27966,30510,33060
ELMY;
ELNO;
ELNS;
ELNT;28913,28914
ELNU;29046,29346,30402,30425,31177
ELNY;21229,23044,29069,30402,30499,31664,34027
ELOO;8370,13615,14364,15753,15754,23046,23375,24117,24171,30553,31016,31329,31344,31371,31665,32101,32547,33917,33926,33994
ELOP;32547
ELOR;
ELOS;
ELOT;
ELOV;
ELOW;
ELPR;
ELPS;
ELPT;32321
ELPU;20496
ELPW;970,5488,6046,15774,20360
ELPX;3196,3248,24235
ELPY;29078
ELRU;
ELRY;31666,32121
ELSS;
ELST;
ELSU;29025,30423
ELSV;32142
ELSW;
ELSY;
ELSZ;33986
ELTT;27975
ELTU;
ELTW;2788
ELTY;31902
ELUX;13095,30494,31838,33171
ELUY;15655,15661,15824,15861,28025,30402,30522,33924
ELVY;22293,23021,28800,29085,29089,30492
ELWY;6892,13983
ELZZ;22283
EMMO;3180,6129,7978,8865,8960,14393,15926,23024,24265,34120
EMMS;
EMMY;22915,23875,24265,30614,32387,34120
EMNN;8262,8303,8538,12977,22572,22727,22918,23486,28924,29094
EMNO;15554,18387
EMNT;30645,30647
EMNU;25721,26922,27505,33466
EMOP;12738,13610,14525,14664,23423,29054,29637,29996,30075,30628
EMOR;
EMOS;
EMOT;18522
EMOU;3283,5936,15920,18387,20288,23943,30658,31675,33438,33458,33466,33504,33824,34125
EMOV;
EMOW;13611,14664,23501,30510
EMOZ;6057,6061,6142,13376,15097,15263,15270,15630,15638,15730,15737,15738,15949,23072,23968,29095,29818,30075,30181,32248,32612,32881,33243,33492,34167
EMPR;
EMPT;14690
EMPY;2298,2868,3194,10748,33910
EMRS;
EMRT;
EMRU;
EMSS;
EMST;
EMSU;
EMSW;26927,27308,27512,32251,32416,32425,32892,32896
EMSY;31546
EMTU;30658
EMYZ;20400,29818,34167
EMZZ;2353
ENNO;15753,15756,30461,32910,33994,34196
ENOP;28041,30615,30628
ENOR;28803
ENOS;
ENOT;
ENOV;
ENOW;2806,22809
ENOX;21926,28086,28803,30708,32168
ENOZ;29674,30181,31419,31953
ENPR;32609
ENPS;34025
ENPT;30685
ENPY;1655,6667,13450,16117,32609,33910
ENRS;
ENRT;
ENRU;
ENRW;
ENRY;33026
ENSS;31021,32162
ENST;
ENSW;
ENSY;
ENSZ;
ENTT;21415,22324,23241,31407
ENTU;31419
ENTV;1706,28089,28115,32659,33472,34144,34203,34246
ENTW;6132,15774,32606,32645,34145
ENTX;2978,3221,4718,12960,12993,14161,14253,14553,14593,14755,15395,16060,28086,30688,31896,32168,32873,34156
ENTY;24170,31333,32946
ENVY;
EOOS;9042,13200,27868
EOOZ;30752,32612,34271
EOPP;14064,14762,20360
EOPR;
EOPS;
EOPT;
EOPX;3278,9007,16046,23005,24235,30688,31259
EORR;
EORS;
EORT;
EORU;20640,33824
EORV;
EORW;
EORX;15852,16046,16054,23005,28803
EORY;11134,11276,13982,14365,30564,31454,31541,31666,32121
EORZ;13323,14621,14948,15097,15175,15186,15187,15449,15814,15831,20370,33348,34068
EOSS;
EOST;
EOSV;20439
EOSW;13568
EOSX;34188
EOSY;
EOTT;31407
EOTV;32970
EOTY;5801,6092,9071,21389,29882,33374
EOTZ;20634,24311,32612
EOVW;8728,20310
EOWY;13914,13983,15710,16187,18346,34145
EOYZ;15187,15638,15831,20400,29818,31356,33348,33986,34068
EPPR;
EPPS;28165
EPQU;3338,13446,23104,30815
EPRS;
EPRT;
EPRU;
EPRV;
EPRX;2981,3059,3196,10795,11787,13273,14601,16046,23005,26007,31757,33395
EPRY;
EPRZ;14415,15814,15831,26793,29406,34068,34162,34270
EPSS;
EPST;
EPSU;
EPSW;2916,3342,24153,24354
EPSY;
EPSZ;30557,34162,34270,34290
EPTW;10966,15774,34207
EPTY;23576,30685,34215,34345
EQUY;1385,14982,15824
ERRS;
ERRU;
ERSS;
ERST;
ERSU;
ERSV;
ERSW;27962
ERSY;
ERTT;
ERTU;
ERTV;
ERTW;
ERTY;30228
ERTZ;3129,13107,13531,14928,15233,19964,20250,23150,29341,29942,30334,30392,30451,31725,32848,32991,33091,33814
ERUV;2380,25627
ERVY;
ERYY;2752,3317,4352,6191,10857,13532,14445,15605,15963,16133,20595,23391,27282,27985,32020,32609,32632,33978,34066,34067,34068,34110
ESSS;34100,34258
ESST;
ESSU;29175
ESSV;32142
ESSW;
ESSY;20656,32079
ESTT;32997
ESTU;
ESTV;
ESTW;
ESTX;
ESTY;
ESTZ;
ESUY;5260,5768,20625,20656,25605,27916
ESWY;5865
ESXY;5819,9034,15694,18561,20494,20633,21097,33672,33684
ETTX;994,1014,2798,5624,20491,34156
ETTY;8251,15992,23861,33813
ETVX;1510
ETWY;34145,34207
FFFU;34366
FFGO;3354,16272,34395
FFGU;16269
FFHU;16276
FFII;3356,9098,11881,13538,16263,30867,34408
FFIJ;
FFIK;3355,13544,24414,29200,30886,30887,34413
FFIM;16279,34408
FFIN;3358,10271,16254,16265,16269,16284
FFIR;10271,16255,19538,34408
FFIT;
FFIV;13548
FFIY;3355,6780,13544,29200,34364,34388,34402
FFIZ;
FFKO;9104,21244,24419,30886,34413
FFLU;24414,28170,29203,34430,34431,34432
FFMU;20659,34366,34430
FFNU;6210,7551,10272,13558,16269,16271,16303,29203,30915,34430,34431
FFOS;16285,16287,16299,34412,34422,34429
FFOT;3354,6210,9104,16272,16291,16293,16294,16295,16297,20665,34366,34395,34431
FFOY;16302,24412,34402
FFPT;3361,16288,30908
FFPU;19538
FFRU;10272,11888,16297,19538,28175,28176,34419
FFTU;6210,16292,16297,20665,34366,34395,34431
FGIO;16308,16348,28178,34444
FGIR;9110,16348,34441,34537,34539
FGIS;5629,8061,13583,13585,16317,20019,29196,30947,34380,34509
FGIT;2766,9116,30971,31010
FGLO;34444,34556
FGLU;34461,34462,34464,34556
FGNU;3367
FGOO;1238,3354,6212,31016
FGOR;9118,16348
FGOS;
FGOW;11895,16348,16381,34542,34561
FGOY;
FGRU;3367,34441,34449,34464,34537
FGSU;853,13637
FGUU;6214,16323,16375,34473
FHIQ;
FHIS;5261,6216,9120,11897,13640,16273,16274,16317,16391,16392,20024,20673,20676,24434,24437,28198,29242,31033,31036,34372,34374,34399,34568,34569,34579,34589,34590,34591
FHMU;34462,34584,34602,34603
FHNO;6217,9097,9121,9131,9132,24432,28197,28201,34466,34473,34580
FHOO;6220,16420,28197,28200,28201,31040,34581,34595,34606
FHOU;8072,21437,22651,24440,28201,31061,31064,34471,34602
FHOW;
FIIN;2385,10904,12660,13681,25532,26867,26902,26904,26920,28206,34498,34619
FIJU;16440
FIKL;20682,29268,29285,31092,34413,34578
FIKN;16442,21440,22359,24414,24427,34580
FIKR;24459,34413,34580
FIKS;34568
FIKU;13703,16440,22359
FIKY;3355,13544,21440,29200
FILL;34461,34625
FILM;11907,11910,13696,16279,24465
FILO;18569,34408,34444,34629,34663,34677
FILP;20682,24416,24436,24444,26890,34376,34416,34487,34670
FILR;28182,34388,34408,34670,34676,34677
FILS;
FILT;16449,28203,28208,34625
FILX;1015,16282
FIMR;28216,34408,34539,34584,34629,34637,34682,34687
FINO;3404,4574,7558,9123,11917,13764,16284,19546,20688,21440,24432,28197,29321,31047,31259,31261,34618
FINR;19546,19547,20688,28206,34441,34593
FINS;20676
FIOT;6228,13764,16449,20039,28178,28197,28208,31010,31047,31054,31156,31157,31259,34444,34467,34581,34595
FIPS;3411,8061,8077,9138,9140,9163,12673,16496,21246,24463,26071,28198,28222,28823,30997,31036,31126,31127,31255,31272,34469,34544,34591,34638,34692
FIPU;2777,19538,22661,24451,24463,26933,30908,30990,31002,31056,31136,31138,31252,31255,31294,31295,34537,34591
FIRS;
FIRT;
FIRZ;20688,34676,34677
FIST;
FITT;9108,34595
FITX;16498,26978,29298,31259
FIZZ;
FKLO;6232,11921,13784,16507,16510,31061,34413,34578
FKNU;22359
FKOR;6232,12682,13803,16443,16510,16513,16514,29345,31315,31325,34413,34580,34705,34706,34711,34712,34714
FKSU;16410,16515,20690,34428,34599
FKSY;4747,16390,16409
FLLU;4744,6239,8055,16292,16323,16375,20672,20683,21249,21441,24478,24479,29346,34461,34556,34600,34625,34716,34718
FLOO;18933,21444,31016,34556,34559,34606,34730,34732
FLOP;1745,3399,8082,11926,13606,13610,13616,13834,13835,13851,13852,13853,16308,16460,16529,16532,16540,16541,16550,20682,23239,24416,24440,24450,26890,29369,31364,31376,34416,34622,34629,34670,34730,34732
FLOR;34408,34629
FLOT;21442,21443,24482,28200,28208,34444,34559,34581,34709,34730
FLOU;21437,21441,24440,34556
FLOW;2392,2393,2395,4746,11930,16510,28210,34677,34705,34711,34722
FLOX;2394
FLRU;24475,34419,34464,34584,34633
FLSU;
FLUX;1015,13623
FMOO;8114,9177,16513,16565,20048,27009,28216,31246,34366,34556,34681,34685,34712,34738,34739
FMOR;28216,34408,34629,34637,34687,34712,34738
FMSU;24471,24480,28225,34538,34636
FMUY;16451,16518,16539,16561,16568,31196,31343,31394,34690
FNOS;20666,20667,34717
FNOT;28197,34559,34709
FNSU;20676,22669,24483,31078,31405,31414,34604,34636,34717
FOOP;8120,13631,20682,34595,34718,34730,34739
FOOR;3365,20048,20697,24491,31403,34436,34681,34685,34706,34712,34714,34738,34744
FOOS;
FOOT;18933,20697,21443,22361,23241,24482,24491,28197,28200,28208,28235,31407,34366,34559,34581,34595,34606,34685,34706,34709,34714,34730,34739,34744,34749
FOOW;3365,20697,24491,28176,28236,34705,34706,34711,34712,34714,34722,34744,34749
FOOY;
FOPR;1745,3399,3432,11926,12682,13616,13853,16460,16529,16532,16541,16550,22675,23202,24450,24454,24473,26961,28231,29406,31375,31376,34629,34637,34687
FOPS;8122,9189,13895,16372,16403,16496,24415,28198,34403,34469
FOPU;16541,16550,24440,24473,28224,28233,31376,34739,34745
FORS;
FORT;5267,16510,20687,34706,34714,34736
FORU;5268,19546,24473,28176,34641,34699
FORW;2392,3365,13888,16510,24491,28176,28236,34609,34705,34706,34711,34712,34714,34722
FOSS;24437,24471,28217,28218,34403,34425,34596,34653,34683
FOST;
FOSU;
FOSW;13890,16573
FOSY;28204,34402,34696
FOTT;1018,6228,9183,9186,13636,13764,16295,16549,16570,20039,23224,23241,29369,31010,31282,31407,31441,34730,34732,34736
FOTU;20687,22361,34366,34395,34689,34739
FOWW;28210,28227,34711
FOXY;20051,26978
FOYZ;20688,31356
FRRU;21248,31136
FRSU;28220
FRTU;2769,2792,34567,34736,34749
FRUY;26145
FRUZ;
FSSU;24471,34607
FSTU;
FTTU;9186,12718,13582,16549,34593,34606,34608,34613,34736
FTUY;9116,16497,34643
FTUZ;31419
FUZZ;6239,31419
GGHO;2397,11944,13937,16610,16611,28178,34444
GGIM;4749,34870,34871
GGIN;24500,25755,28241,34367,34445,34446,34805,34812,34827,34839
GGIR;34791
GGIS;31457,31467,31480,34804,34814,34888
GGLU;34919
GGMU;
GGNO;3450,3453,12728,13994
GGNU;24499,24507,24510,34445,34454,34803,34820,34855,34900,34905
GGOO;3453,16611,16693,23259,34905
GGOR;
GGUV;34855
GHHI;20718,21445,24511,24513,34926
GHHO;11952,20718,26149,26164,31563
GHIN;20721,25762,28281,34369,34761,34763,34957,34958
GHIS;295,24563,28278,35038
GHIT;
GHIW;20718,25760,34369,34763,34957,34971,34973,34987,35029,35034,35049,35055,35072
GHNO;35088,35089,35090,35094,35098,35100
GHNU;16608,16774,18937,18940,20668,20721,20724,22369,23276,24513,24534,24556,24566,25762,28279,28281,31600,31612,31629,31639,34445,34803,34817,34958,34968,35030,35040,35046,35089
GHOS;2407,11971,25764,26175,26177,27101
GHOT;2397,16611,28178,34444,34954,35000
GHOY;27093,27099,29483,29490,31666,31671,31672,31675,35087,35090,35092,35094,35100
GHPU;6279,9258,14070,18940,20736,24566,24573,24581,31642,31675,35097,35107
GHSU;20716,34372,35040
GHTU;20668,20724,34445,34461,34462,34464,35033
GHUV;9247,24579,31681,34968
GHUY;11974,23289,29485,31651,31675
GIJO;9275,23313,29508
GIJS;9277,16881,16885,18576,27140,27141,31445,31467,34766,35334
GIKN;35340
GILL;20103,28307,34461,34512,35000,35175,35340
GILM;2413,9309,16816,24672,34462,34946,35371,35372,35411
GILN;35230
GILR;
GILS;
GILT;303,1241,3511,24690,35112
GILU;
GIMN;18575,18954,24556
GIMP;1779,2420,9337,31570,31738
GIMR;1780,3466,3504,3513,3537,6926,9337,12015,16267,16354,16809,16890,16956,28294,34539,34842,34961
GIMS;24597,28294,31559
GINN;22369,24507,24513,24556,28280,28281,34389,35046,35275,35340,35421,35538
GINO;31726,35275,35355
GINP;18940
GINR;
GINS;
GINT;
GINW;21451,25760,34957,34987,35034,35072,35471
GINZ;20758,28281,29616,34839,34887,35190,35316,35421,35461,35471
GIOR;20718
GIOS;28379,32067
GIOY;11036
GIPR;
GIPS;295,8061,16317,16845,24609,24661,26071,26220,27244,35176
GIRR;1780,3533,3537,24535,24704,34973
GIRS;
GIRT;24620,28299
GIRY;31651,32023,35075
GIRZ;16689,17168,17177,24737,28336,35299,35300,35329
GISS;6349,7291,12073,13585,13970,20080,32079,34863,35328
GIST;18943,24609,35632
GISV;34913
GISW;20847,24694,27176,31782,35176
GISZ;12074,14120,17025,17168,17177,20847,27172,28414,28859,29623,32079,35329,35632
GITW;13603,16371
GIZZ;12025,16774,17142,28351,34887,35190,35225,35316,35325,35404,35421,35453,35461,35471
GJNO;9376,32081,32082,35633
GJOS;35634
GJSU;16885,35334
GKNO;3582,27142,35355
GKNU;31658,35155
GKOO;3582,28416,35365
GKOR;3582,16890,16900,17184,22376,28416,30973,35349
GKOS;26228
GKOU;20779,31658,35355
GKOW;8220,28356,28416,29632,35349,35365
GKSU;
GLLU;3370,6356,6357,16323,16375,16783,20672,23375,28307,34461,34556
GLMO;20796
GLMU;34462,35649
GLNO;
GLNU;6356,35649
GLOO;20156,31016,31665
GLOP;24693,28424,35175,35388
GLOS;
GLOV;35112,35389,35476
GLOW;18605,22686,28361,29632,34869,34918,35000,35175,35386,35388,35641
GLOY;35330,35663
GLPU;6360,35633
GLRR;317,3523,3533,3598,3601,20150,20810,25794,29526,29650,31500,31881,31900,31913,34532,35349
GLRU;25794,35089,35093,35649,35665
GLSU;
GLTU;35649
GLUY;17215,17220,34888
GMNO;20741,35248
GMNU;24556,34958
GMOR;20859,24747,34539
GMOS;28193,28427,28429
GMPU;6360,31675,35633
GMPY;2868,16793,31675,35651
GMRU;20859,24704,24747,34539,35649
GMSU;28427,35683
GMSY;6376,24669,28193,31546,35189
GNNO;24747,28425,35098,35275,35340,35355,35538
GNOO;3453,3582,28402,34905
GNOP;
GNOR;20857,24747,34558,35089,35091
GNOS;
GNOT;28435,29670,29674,34559,35645,35658
GNOW;19785,29632
GNOY;22721,23261,23379,23393,26249,29646
GNPU;18940,35633
GNRU;24747,35089
GNSU;
GNTU;34445
GNYY;4371,9255,14445,17158,23391,23393,24688,27282,32109,32116,34915,35090,35100,35459,35465,35515,35521,35661,35663
GOOP;13631,28412,35696
GOOR;3582,24676,24692,29447,31665,34934,35089,35105,35696
GOOS;17235
GOPR;
GOPU;6360,14364,20736,28379,29537,31675,35633
GOPY;3590,35388
GORS;
GORT;
GORW;8220,14202,14411,20718,20859,31564
GORY;
GOSS;
GOST;
GOSU;10295,10887,12041,17235,28379,28414,28427,32067,34913,35528,35688
GOSV;9378,17043,28337,34913
GOSW;14458,16806,31948
GOSY;21091
GOTU;
GPSU;24661
GPSY;
GRSU;
GRTU;24620,31649,34464
GRUU;19581,28431,30995,32111,35093,35105,35649,35696
GSSU;
GSTU;
GSTY;
GSUV;27179,31894,31918
GSUY;28414,34888
HHHS;221,2225,12904,14502,20716
HHIS;17269,17272,34568,35703
HHNU;3644,11157,14511,29705,34803,34926
HHOP;12908,17279,17285,17287,23409,24757,24759,26164,28441,29704,32205,32207,32208,32217,35701,35702,35707,35713,35718
HHOS;3650,6390,6935,9403,11159,11160,17269,17285,17287,20168,23401,24753,28441,29705,29706,32206,32208,32222,35706,35709,35713,35714
HHSU;1049,6391,7136,17272,17287,17288,20716,21661,24754,29705,32221,34804
HHUU;21471
HIIL;14520,16385,16386,20673,20869,27299,27300,27302,28446,29711,30864,30946,30947,31029,31031,31032,32232,32233,32234,32238,32240,32241,32242,34571,34576,34920,34945,34946,34954,34955,35702,35734,35735,35736,35737,35739,35741,35745,35747,35748,35749
HIIM;1050,3642,8273,14520,14521,14525,17289,17297,17299,23417,23418,23423,23425,24777,28194,28261,28264,28453,31570,31571,32244,32248,34946,34957,34958,35734
HIIO;6396,7137,12109,14520,14525,17296,17299,17304,21169,21171,21172,21474,22020,22024,22365,22391,22392,23417,23423,24432,24433,24778,32248,34954,35701,35734
HIKO;5770,6398,14531,17315,20873,28462,31040,32285,32289,32293,34578,34580,35779,35780
HIKS;
HIKT;
HILL;1053,2464,5294,6262,6397,11953,12114,13545,14005,29722
HILT;
HIMS;19588
HIMW;7589,9460,14505,17374,20178,23486,23501,24828,29463,31586,32244,34957,35029,35034,35837
HINS;20866
HINT;20884,28197,28479,28495,28496,34593,35794,35861
HINW;10301,12110,12139,17334,25760,28462,28465,28489,28495,34369,34763,34957,34971,34973,34987,35029,35034,35049,35053,35055,35072,35707
HIOR;6270,6396,6398,17322,18611,20718,20880,28277,28497,28498,31049,31563,35780,35837,35865
HIOS;
HIOT;17304,20725,23493,23501,34580,35844,35861
HIOW;17374,20718,22402,23501,28283,28440,28462,28465,28489,28495,31648,32435,32477,32480,35000,35029,35049,35053,35055,35707,35815,35816,35837
HIPS;20175,29784,31041,31588,32226,32334,32499,35038,35084,35802,35879
HIPT;6402,32227,32419
HIPW;3469,9422,16758,19583,20877,22402,22405,29467,29475,29728,31594,32228,34971,35029,35034,35049,35055,35072,35707,35837
HIPZ;14591,14621,28498,29468,29785,32349,35780,35807,35865,35870
HIRS;
HIRT;
HIRW;3663,10301,12110,12140,16319,16711,19583,20718,24765,28907,32244,35837
HISS;
HIST;
HISU;19588,20716,26892,27322,29784,31619,31642,32499,34372,34399,34804,34932,35771,35777,35778,35846,35879
HISV;34988,35843
HISW;
HITW;35815
HIWZ;6269,28907,29473,29739
HIZZ;3681,16774,32451
HJNO;6417,27318
HJOS;14661,28504,35880,35881
HKLO;3646,4777,4778,6398,6955,9428,14531,17426,20873,20899,21437,28908,31040,31061,31658,32285,32289,32293,34578
HKLU;603,12942,16407,20899,21437,31061,31658,32290
HKNO;5301,7141,9430,9513,12151,16781,17431,20901,24794,28462,28505,34580,35779,35887,35890
HKNU;11214,27383,31061,31658,35887
HKOO;20873,20901,28462,28505,29701,31040,32285,32293,35780,35888,35890,35894
HKOP;21491,24794,24797,32293,35731,35780,35885
HKOR;3701,6398,17322,17426,20899,20901,34580,35731,35773,35780,35887,35888,35890,35894
HKOW;17426,20899,28462,35888,35890,35894
HKRU;20899,35887,35894
HKSU;
HLLU;34461
HLMO;25801,34602,34603,35734,35794,35795,35897
HLOO;11235,12101,16611,19592,19800,20906,25801,27399,27401,28200,28277,28509,31665,32556,34606
HLOP;3673,3709,3713,9450,11238,14039,17447,20216,22396,22414,24440,24770,24813,24816,24884,26890,27323,28470,28917,29823,31067,31671,32205,32293,32349,32547,35005,35702,35707,35795,35797,35807,35904
HLOS;
HLOT;19592,20906,28200,28509,34600,34603,34606,34608,35093
HLOW;4778,12164,25802,28465,35707
HLOY;9405,9531,17447,20880,24816,24820,25796,28475,28476,28512,34402
HLRU;20899,20903,31463,31670,32341,34471,34602,35089
HLSU;
HLWY;17459,17467
HMMM;
HMNY;20900,35094,35914
HMOO;5809,6436,10177,10299,11248,14663,16791,17427,20189,20225,20900,25801,27393,27416,28448,28482,28505,28515,29849,31672,32331,32532,32556,32596,32606,32607,32618,35094,35794,35888,35897,35914,35915,35923
HMOR;35888
HMOS;19594,35709
HMOT;1864,3704,4788,6423,6436,9541,12159,17276,17476,17485,24777,35795,35834,35844
HMOW;19594,19805,23501,24828,27416,29853,32412,32532,32535,32556,32606,35888,35915
HMOY;3477,16785,16791,16793,17447,18607,20900,28482,28484,35087,35094,35900
HMPU;3721,28516,32290,35825
HMSU;19594,29423
HMTY;1862
HNOO;20900,28197,28448,28505,28515,35094,35098,35914
HNOP;12109,16781,17303,17384,24896,35707,35935
HNOR;18973,20903,24889,35887
HNOS;18608
HNOT;3672,3737,16416,17303,17304,17384,17431,17432,17438,17500,20913,28197,28489,28495,35779
HNSU;22817,31619,34372
HNTU;20668,20910,28495,28496,34445,34593,35924,35929
HOOP;12908,16805,28497,28498,32293,32349,35701,35780,35807,35865,35885
HOOR;3701,5809,9129,16784,17427,19800,23644,24900,31665,31666,32548,32556,32596,35092,35780,35865,35888,35894
HOOS;
HOOT;12171,14663,16611,23493,28200,28515,29856,32612
HOPQ;
HOPS;28458
HOPT;3709,16781,17480,20911
HOPU;3742,20736,20911,28516,35028
HOPW;11238,22405,28917,32477,35055,35707
HOPY;16793,16794,16805,17447,17480,17507,22414,23409,24797,24851,29494,29886,31671,31675,35797,35807,35885,35921
HORS;
HORT;
HORU;1048,1800,9550,14790,20899,20903,35894
HOSS;3731,24897
HOST;
HOSU;3743,6428,18615,19594,35793
HOSW;3743
HOSY;34402,35895
HOSZ;29773,32409,32529,35775,35809,35855,35870
HOTU;17431,28495
HOTW;17276,28489,28495
HOWW;17502,21472,22415,35837
HPRU;20185,24779,24785,24895,32454,34591,35763,35821,35929,35954
HPSU;20175,21299,21493,24861,29784
HPSY;3694,3739,3746,11972,12148,12190,17489,35038,35704
HPTU;262,7351,7610,9258,9570,11263,20736,21491,23536,23629,24581,24858,35763,35929
HPUW;20877,35072
HRSU;
HRTU;3688,9560,31649
HSSU;
HSTU;
HSWY;
IIKP;7563,7618,12196,17531,17532,21168,21500,22845,24444,24925,29904,29912,35731
IIKT;3654,14518,14833,17523,17534,17536,18499,20923,23696,24765,24925,24927,24931,32719,35960
IIKW;13669,21500,24765,29268,29913,32228,32741
IILP;6463,17293,17539,17563,24444,24907,35175,35702,36047
IILR;1888,1889,3655,3765,3766,6981,9267,9601,9602,14862,16385,16429,16843,17520,17527,17571,22095,22428,23162,23683,23726,23727,23728,23730,24618,24620,24927,24942,24957,24958,25534,25614,28549,28574,28577,29907,31109,32746,32848,34408,34576,34628,34633,34634,35234,35747,35970,35972,35999,36010,36012,36035,36047,36052,36055,36056
IILW;12210,12746,13669,17293,17553,17554,19600,22389,28550,29268,32228,35175
IIMN;28445,28550,35967,35968,35977,36079
IIMP;1050,4182,8165,9592,14525,17299,17539,17563,21796,23423,23425,23737,23743,24777,24907,24939,28326,28584,28589,29934,31570,31738,32862,32881,34622,35967,36079
IIMR;18666,18928,18984,18990,18991,20925,24455,24942,32244,32251,34408,35263,35726,35970,36010,36035,36063
IIMS;5696,9269,13583,18617,18985,24611,24908,24941,24942,24968,32750,32886,32894,35263,35970,36026,36027
IINS;3776,17549,18359,18576,20866,20924,21099,21506,28567,34766,35755,35961,35969,35978,35985,35986,36016,36017
IINT;3771,17524,34802,36061
IIPP;3753,27514,27523,28557,28577
IIPT;1896,5829,6463,6988,8516,9639,12234,12238,12240,14856,16860,17605,21499,22439,22448,23425,23737,23743,24907,28598,29965,31738,32881,35254,36007,36079,36110
IIRS;1898,3013,3764,3781,3782,9267,20932,23728,24921,24942,24957,25003,29931,29951,29954,29956,32721,32844,32894,32942,32950,33001,34510,34638,34842,35191,35263,35327,35970,35975,36052,36112
IIST;3782,7642,12106,17313,17628,17637,18479,19756,19825,20084,20283,20940,24921,25811,25813,28172,29503,29970,30936,31467,31480,32999,33004,34397,34398,34510,34576,34577,34920,35327,35747,35768,35984
IISW;3782,17313,23778,26356,26358,27512,29977,31480,32251,32253,32274,32277,32859,32892,32949,32994,33007,35759,35762,35769,36090
IITT;8523,9654,11015,14079,14862,16713,17536,17544,17579,17583,17602,17631,21336,21803,23732,26938,27501,27541,27561,28537,28591,29935,29969,30867,32831,32839,34864,34954,35234,35763,35977,36033,36084
IITZ;3778,8523,8524,11164,14895,14913,14928,20758,22731,23719,24949,24981,27107,29965,31725,32881,32991,34504,34839,35178,35299
IJKN;
IJKO;9275,17523,17638
IJLL;3784,17639,17640
IJLT;1072,6472,17641,17642
IJMP;33018,33019,36123
IJMS;1077,5843,8526,18620,35334,36123
IJNN;24640
IJNO;1900,5840,16441,17638,17644,23799
IJNS;3016,3785,6471,9423,14936,14937,16888,18576,29507,31445,33018,33027,34766,35961
IJNX;17524
IJOR;19828,23796,29508
IJOS;18620
IJVY;17640,17642
IJZZ;14933
IKKL;5468,5845,13037,13038,13039,13040,14530,14951,14955,20291,29904,29905,31154,31155,31156,32285,32722,32724,35128,35960,36126
IKKN;3488,3755,6993,9280,22452,31799,34865,35128,36126
IKKR;3754,5845,6994,12246,12247,13039,14955,17647,22453,31155,31799,34865,36126,36129
IKLL;4736,4805,6397,6475,6915,7879,8079,8530,9426,12193,13037,13693,13694,13695,14531,14532,14958,17654,17656,18621,18669,18750,18859,19831,19832,20292,20873,20958,28546,29713,29989,29991,30886,30972,31154,31157,31800,31801,31802,33040,33041,33047,34578,35340,36134
IKLM;
IKLN;28606,35340,36126
IKLO;2502,5324,6996,14531,16900,17666,18621,18622,18669,19831,19833,20290,20292,20682,20873,21338,21511,22376,22863,23802,23816,24925,28352,28606,28608,29991,29999,30005,30006,31481,31695,32291,32729,32737,33033,33043,33049,33064,33081,34413,34578,35340,35349,36126,36148
IKLP;20682,21511,24444,24925,33081
IKLR;2504,4514,5323,6479,16442,16443,16890,16900,17527,22376,24644,28610,34413,35347,35349,35773,35999,36126,36142
IKLS;
IKLT;20292,20294,24925,31156,31157,34413,35960,36142
IKMN;14,17531,22423,28445
IKMO;22423,23829,30013,30014,33102,36129
IKMR;33102,36129,36133,36142
IKMS;
IKNO;21440,22423,24931,28606,28613,34580,35340,35355,35779,36148
IKNP;
IKNR;16442,17527,34580,35362
IKNS;
IKNT;20303,20923,24931,28613,28952
IKNW;7645,28606
IKNY;9580,17672,17681,20305,21440,23838
IKOS;20963,20965,26384
IKPP;29912,33062
IKPS;
IKRS;
IKRU;25046,28357,28610,33091,33127
IKRY;2504,7646,12247,16900,17534,17681,35773
IKSS;
IKST;
IKTU;1906,16440,20874,22132,24793,25046,33127,35779
ILLL;909,1081,2508,3027,3817,4305,5639,5846,5866,5867,5868,6225,6304,6475,6489,9684,11906,11953,12265,13693,15028,15030,16424,16449,16816,17537,17538,17654,18506,19543,19693,19840,20099,20785,22875,23211,24766,30036,32314,32727,32769,33154,33155,33156,34578,36006,36007,36008,36181,36182,36184
ILLM;20683,20925,25053,28549,28550,28615,35371,35734,35966,35967,36133,36181,36189
ILLN;2509,3829,5294,12114,12193,12200,12267,17548,19600,25053,28465,28546,28549,28550,28615,31177,33045,33046,34512,34998,35340,35966,35967,35968,36012
ILLO;3828,9584,9684,9688,9689,9694,9697,9698,11977,12201,12202,12248,12269,12272,16818,16930,17639,17640,17709,17714,17719,18621,18669,21517,25053,25058,28307,28615,35340,36012,36020,36021,36133,36134,36182,36184,36214
ILLP;13694,14958,16942,17539,17548,22875,28615,30047,30053,32315,32321,33047,33186,34416,34658,35383,35967,36182,36184
ILLR;1809,9439,9689,17639,25053,36012
ILLS;
ILLT;371,1909,3511,9587,16337,16449,17537,17548,17714,17723,22460,24937,25058,28208,34625,36007,36134
ILLV;20103,20321,31182,31802,31830,33049,33171,35381,35389,36134
ILLW;6397,9426,17553,17554,17654,17656,19600,20877,28361,28465,28550,34512,34869,36133
ILLY;17640,21100,23864,23870,25017,36184
ILLZ;20958,20971,30053,35178
ILMN;25053,28445,28549,28550,28615,28621,34628,35966,35967,36028
ILMO;1887,1899,28557,28559,28615,35734,36033
ILMP;24907,28615,35795,35967,36189
ILMS;35970
ILMT;1909,14965,20795,24670,32204,34462,34584,35795,35801,36142
ILMU;25071
ILMY;24672,24803,35371,35411
ILNN;16442,16462,17792,18588,18589,19563,21478,25777,28185,28273,28606,35340,35343,35421
ILNO;18622,20934,35707,36012,36028,36126
ILNR;6459,6507,16442,17527,17792,17806,20875,20934,25053,28549,28621,36012,36126,36194,36233,36238
ILNS;35961
ILNT;
ILNY;
ILOO;17689,22467,24812,25058,25816,36012
ILOP;21511,34416,34622,34629
ILOR;34670,36012,36047,36126,36199
ILOS;
ILOT;16449,17719,20930,20935,20988,36033,36148
ILOV;36021
ILOY;17640,18658,18967,18988,20033,20930,21277,21517,23864,23927,24821,33155,33374,35810,36033,36214
ILPR;34670,34948,35206,35212,35459,35801,36047,36233
ILPS;
ILPU;
ILPY;1911,6463,6520,7012,7649,11905,12265,15210,19005,20984,25020,26425,28648,30052,30144,33173,34411,36055
ILRT;20811,24620,24958,35464,35972
ILRV;35972
ILST;
ILSY;17025,24443,34411,34888
ILTT;20813,20983,20988,24689,34886,35234,35464,36033,36201,36221
ILTU;16457,28203,28205,34584,34625,34633,36010
ILTW;12210,17014,17790,22389,28440,28974
ILWY;17664,17790,19837,29719,29739,34677,35741,36027
IMMO;4816,16480,17363,20945,28479,34682,34870,35709,35734,35825,36061,36064
IMMY;9685,9759,15073,17029,17585,17589,22915,23875,24598,24803,25807,28383,32387,35485,36062
IMNO;28615
IMNS;
IMNT;
IMNU;12040,20268,20992,20997,31728,31930,34958
IMNX;2534,3769,3841,17369,17595,35829
IMNY;10328,10329,12337,12347,12348,17672,20944,28650,35710,36294
IMOO;5154,10299,14199,17371,18633,19625,20998,23493,23964,23965,24832,25124,27733,28482,28483,28667,30013,32403,32404,33493,34685,36129,36303,36304,36305,36306,36307,36308,36309,36310,36312
IMOR;34539,34682,36129,36307,36311
IMOS;17371
IMOT;23493,23501,25124,27187,28559,28666,30014,36033,36142,36307
IMOX;35411,35829
IMPP;12133,28484,28557,31570,36181,36227
IMPR;
IMPS;
IMPU;3913,17891,17943,21475,24779,24792,36079,36085
IMPW;35029,35034,35837,36189
IMQU;29749,30080,32335,33160
IMRS;
IMRT;24455,28666,35396,36028,36073,36142,36307,36311
IMRU;20997,24779,30039,34666,35412,35825
IMRV;8540,9620,17608,17905,17937,20395,20997,35501,36294,36311
IMRY;3683,3926,6531,17643,19432,20400,23976,24970,25120,26962,28650,28672,30228,32400,32420,33521,36080,36282,36294,36311,36329
IMSS;
IMST;
IMSU;13958
IMSV;27512,32876
IMSW;18881,20397,20993,23973,26377,26927,27512,31948,33518,33520,35240
IMTT;17544,18463,20270,27501,28537,28591,29935,32419,33015,33260,33261,35248,35400,35844,35977,36033,36073,36084,36221,36286,36307
IMTU;8506,8675,9476,9626,9759,15335,24937,35392,36193
IMTX;1112,1948
IMTY;18464,30228,36085
IMXY;28589,33521,35411
IMZZ;3681,35190,35404
INNO;28606,35340
INNS;1904,3406,3408,3936,3938,3939,9478,12257,17615,17972,20866,21506,24507,24780,24976,28189,28257,28583,34794,35046,36095
INNW;23486,28606
INOP;36219
INOR;36012
INOS;
INOT;15368,35779,36148
INOV;35144,36294
INOW;3907,15262,15270,15370,24828,31261,36238
INOY;5346,17649,17672,17902,17907,27522
INPR;17920,22438,24918
INPS;
INPT;
INPY;7634,9821,22438,25791,36079
INQS;
INQU;20952,22474,25142
INRS;
INRT;
INRU;
INSS;
INST;
INSU;34399,35778
INSV;36258
INSW;
INSY;20944,34917
INSZ;
INTT;34593,35779,36221,36286
INTU;35779
INTV;10314,17612,17797,17808,17817,17911,17989,24920,28539,33472,34977,35228,36041
INTW;21451,36238
INTY;5505,7031,9400,17649
INVY;4835,24920,24965,28539,36294
INWY;6511,6543,17664,17836
INXY;33046,33303,33326,33588,33684,34643,35861,36252
IOPS;
IOPT;36110
IOPV;3932,8728,15338,17567,17705,23916,28694,30308,36021
IOPY;17016,17172,18995,24473,24797,24851,25169,35807
IORS;36132,36387
IORT;34699,36279,36401
IORV;17905,17937,28694
IORZ;6396,14621,15263,19638,20418,20688,24778,28336,28498,30163,32451,33433,35780,35865
IOSS;19637,26852,28596,31135,31519
IOTT;1097,1929,3910,3934,3943,6228,8209,9697,15302,17631,17717,17719,17817,17818,17861,17866,17919,17958,17966,17982,20456,20988,25166,34954,35844,36033,36084,36148,36201,36221,36286,36307,36381
IOVV;24955,29621,30124,30324,36403
IPPR;9401,17170,18013,24785,24918,24932,25178,35456,36047,36366
IPPS;36202
IPPY;
IPQU;9821
IPRS;
IPRT;21499
IPRU;19538,24779,24785,25178,30357,35412,36314
IPSS;
IPST;
IPSV;31126
IPSW;17082,17124,35176
IPSY;2566,35879
IPSZ;1932,2564,25027,35870,35879
IPTT;
IPTU;3545
IPTY;6463,12240,36079,36193
IPXY;28589,36205
IQTU;
IQUZ;13096,13172,34645,35316
IRRT;1099,16776,36086
IRRY;7646,12247,12380,12417,18635,20880,20972,24704,24733,28475,35075,35588
IRSS;24735,28637,35474,36259
IRST;
IRTT;35080,35763,35866,36201,36307,36381
IRTW;4840,7705,21004,24765,28666
IRTZ;1977,3116,3129,3986,5975,13107,14913,14928,15233,16689,20250,28997,29942,30334,30392,31725,32848,32953,33091,33814
IRWY;6543,7705,12140,12417,18045,23559,28502,28672,32310,32504,33368,33813,34677
ISSS;6415,17522,20872,20986,22446,24462,24639,24988,25112,34642,34695,34979,36049,36099,36111,36361
ISST;
ISSW;12264,12398,12414,19637
ISTT;22989,22990,29630,30371,30400
ISTU;
ISTW;25050
ISTZ;
ISWY;3698,3988,5865,6500,12395,14651,15532,16705,17410,17664,20970,25799,25821,28502,28672
ISWZ;
ISYZ;11440,15069,17025,21359,24968,25131,28414,32079,35632,35879
ITTW;
ITVY;16846,17580,17583,24912,24920,28534,28539,28541,28542,35972
ITZZ;20456
IVYZ;
IZZZ;
JJUU;
JKNU;17638,18066
JKOO;18066
JKOU;6000,17638,18066
JKOY;
JKUU;
JLLO;9869,17639
JLOS;3418,6567,36122,36415
JLOT;32082
JLOW;
JMOO;5354,6004
JMPU;6001,9871,35633
JNXY;
JORS;3139,3418,8782,11591,15551,33830,35634
JORU;1283,26883,32081
JOSS;24111,32083,35882
JOST;24111,35634
JOSU;34427,36122
JOSW;6006,6007
JOSY;25005,25010,36121
JRUY;12420,18069,18070,31533,33029,33823
JSTU;1983,9875,22451,25009,35989,36123
KKNO;4397,15554,33032,33033,34865,36126,36422
KKOO;3701,3995,4397,4846,6568,15554,17647,19027,21025,24419,25185,25186,29701,34705,34706,36129,36420,36422,36423
KKUU;30417
KLNU;25953,30425
KLOO;7046,12429,18077,21089,22492,24117,28416,28605,28706,36428
KLOP;21511,24925,29996,30005,30006,33081
KLOS;
KLOU;4856,5324,6000,6478,18675,20477,20899,21437,22235,23816
KLOV;8216,8353,14968,15574,15575,20477,24117,24126,26375,27144,29991,29999,33049,33059,33851,36134
KLOY;1985,6574,16900,36148
KLPU;
KLRU;2575,13553,20899,28610,33080,33091,35999
KLSU;
KMNO;8812,14956,15554,18077,18084,18085,18086,20096,20741,20900,22423,25203,28505,28707,30433,35887
KMOO;3995,8812,12431,15554,17427,18077,18084,18085,18086,19467,20900,21028,28505,28605,30013,30433,32532,33040,34712,36420
KMOS;
KMRU;7048,21028,21541,25202,35887
KMSU;3999,17429,36425
KNOO;4397,8812,9513,15554,18077,18085,18086,18622,20923,24419,24931,32526,34709,35365
KNOP;
KNOR;
KNOS;
KNOT;20923,22457,24931,34709
KNOW;12151,18077,22492,28706,34709,35365,35890,36422
KNOZ;18095
KNPU;
KNRU;35155
KNSU;
KNTU;
KOOP;19035,21544,28709,33871,33884,35780,35885
KOOR;34705,34706,34711,34712,34714,35894,36428
KOOS;
KOOT;4442,4845,6420,7052,9513,18085,20923,21443,21544,22361,24931,35636,36423
KOPR;9876,18100,21544,22453,25014,28709,35731,35780
KOPS;
KOPU;18086,28224
KOPY;35885,36164,36171
KORS;
KORU;20477,20490,20493,20899,21028,21541,25046,25202,33080,33887,35894
KORW;19643,20899,21025,21027,21031,21105,22499,25186,25202,28416,28709,28710,34705,34706,34711,34712,34714,35349,35888,35890,35894,36133,36142,36422,36428,36432
KORY;16900,17184,17534,35773
KOSS;
KOSU;24404,25201
KOSW;6571,12434,17650,33852
KOSY;
KOTU;18675,20490,20493,21298,21491,22361,23816,25046
KOUY;17432,18095
KOUZ;4012,18095,20964,21028
KPUU;17686,24148
KPUY;
KRSU;
KRSY;
KRTU;20490,20493,30451,31167,33091,33887
KRUU;24148,28610,28708
KSST;
KSSU;33009,33901
KSTU;
KSUY;17525
KTUU;28708
KUUZ;
KUYY;
LLLO;649,1038,1996,1997,2508,3707,9684,15028,17190,19543,23211,29702,29803,31329,32314,34578,34600
LLLU;1846,1997,3027,3817,4324,5736,14306,17538,18106,18107,18471,18506,20099,20496,20785,29346,33156,34600,36006,36007,36008,36181
LLMO;20498,20499,20925,21034,25053,25473,28615,28712,34556,35734,35897,36133,36189,36448
LLMU;19912,20683,28712,34556,35897,36181,36448
LLNO;20693,25053,28465,28615,33909,34512,34716,34998,34999,35897,36012
LLNU;18641,18897,19843,20319,23015,24170,29046,29346,30465,31177,31333,33045,33175,33924,34716,35785,35897,35968
LLOP;3709,14676,23699,28615,31659,32315,32547,33047,34416,34622,34718,36020,36021
LLOR;20672,21034,24478,25053,36012,36133
LLOT;20148,20209,22460,24802,25058,25222,28208,34581,34600,35000,36134
LLOZ;8567,14314,15630,15638,19473,20971
LLPU;16783,20496,31659,34718
LLUU;4787,9921,16292,16323,16375,17701,18115,18131,19912,21036,30978,31341,34657,34919,36011,36448
LLUW;5361,6356,17439,17553,17656,18113,18127,18909,19919,20877,31338,34716,34718
LLUZ;6239,19473,20958
LMOO;21549,25801,32556,35897
LMOS;
LMOT;36028,36142
LMOY;20796
LMPU;
LMRU;25071,28712,34584,34602,34721,35649,35801,36010,36448
LMSU;
LMSY;35902
LNOO;15753,15754,16521,17689,17736,18154,18622,20538,20933,20967,28706,33961,33994,36219
LNOR;20875,20934,24483,24945,25022,25053,25056,28621,34721,35091,35648,35662,35664,35665,36014,36028,36126,36252,36427
LNOU;4075,6508,16541,17439,17709,18975,20934,34431,34704,35897
LNOW;35647,35648,35665,35707,36126,36238
LNOY;22491,22504
LNRU;20934,25078,25233,35089,35648,35649,35665
LNSU;20936,21038,21520
LNTU;4052,4071,17440,18179,21495,34431,34562,34710,34729,35649,35665
LNUV;4075,12157,16545,17211,25067,28565,35402
LNUY;18966,19009,19648,20939,21047,21479,21520,22491,24170,24182,24210,25086,25235,28226,28568,28607,28632,28634,30402,30497,30499,30522,31333,31664,32103,32120,33903,33910,33924,34024,34704,34717,36257,36414
LNXY;24217,33046,36252
LOOP;28732,32547,34718,34730
LOOR;4037,18184,18185,29447,30553,31665,32575,33926,35653,35675,36428,36461
LOOS;36415
LOOT;793,2600,4329,4358,5266,6092,6234,16291,16294,18154,18183,18185,19592,28200,28208,28639,34559,34709,35640,35674
LOOW;4037,9884,34705,34711,34722,34869,35386,35647,35653,36199,36238,36428
LOPP;3673,4065,20360,22426,24950,25815,28557,34416,36047,36182
LOPS;
LOPT;21403,34730,35640,35670,35674,36467
LOPU;24440
LOPW;4853,9884,12466,15774,16694,28732,28917,35641
LOPY;17447
LORT;34608,34609,34610,34736,35093,35665,36459
LORU;18159,20899,20934,25794,28712,35089,35093,35665
LORY;20520,36427
LOSS;
LOST;
LOSU;36454
LOSV;36454
LOSW;36207
LOSY;
LOSZ;19865,21551,25027,27490,30477,30557,33986,34883,35453,35809,36017
LOTT;20988,24818,34608,34736,34954,36033,36148,36221
LOTU;2600
LOTV;
LOTW;2393,12458,12481,34709,35665,36142,36204,36238
LOWY;1985
LPPU;
LPRU;1930,16508,17357,28647,35801
LPSU;
LPUU;27951,34027,34028,34919,36227,36266,36448
LPUY;24210
LRSU;
LRUY;12482,35999
LSTU;34737
LSUU;18446,18496,18541,19545,19615,20908,21047,21055,28417,28578,33259,33403,33422,34098,34611,34667,35650,35675,35814,36414,36473
LSUV;19372,25110,36058,36059,36225,36454
LTUZ;15070,15230,35455,35470
LUUZ;15919,33969,34028
MMMU;34101
MMOS;20945,28211,35709,36064,36481,36482
MMPU;17891,18213,28224,35825
MMSU;23485,29636
MMUU;12486,18132,27267
MNOO;15554,18086,19037,30615,33961,34125,34127,35897
MNOR;
MNOS;
MNOU;17471,18086,18387,25245,32554,33909,34125,35897
MNOW;24828,25250,28621,28622,28662,28715,35648,35915
MNOY;24965,28650
MNSU;36425
MNTU;7603
MOOP;12500,18086,30615,34739,35651,36219,36455,36456
MOOR;9979,17647,28745
MOOS;17235
MOOT;12490,12851,14398,17237,18085,18236,23077,23493,25124,28515,28739,32612,32614,34127,34366,34739,35914,35921,36486
MOOV;17237
MOOZ;3905,9972,17904,21028,23965,25114,25124,33492,34167,35654
MOPP;4054,12133,12500,17476,28516,28557,28746,29054,34739,36314
MOPR;9876,11926,12452,16529
MOPS;2486,4055,17601,18111,28324,35246
MOPU;18086,20911,22510,28224,28516,28746,28747,28748,31675,34739
MOPY;16793,16794,17451,28741,34687,35651,36455
MORS;
MORT;24455,35396,36028,36073,36142
MORU;
MORW;20859,21027,21058,24828,25202,28666,28745,34722,35653,35837,35888,36494
MOSS;
MOST;
MOSU;
MOSV;16488,17043
MOSW;28225,28427,28715
MOSY;24968,34639
MOTT;3910,17485,20911,35248,35400,35844,36073,36509
MOTU;3618,15920,18257,30658,34366,34739
MOUV;17937
MOXY;18236,24300,33521,35411,36463,36495
MOZZ;35404
MPPU;9871,17943,28516,28746,28747,28748,28750,34739,36314
MPRU;4029,17943,18114
MPSU;
MPTU;3545,3913,17660,17762,17891,30458,34739,36227
MPTY;1950,17451,17480,35921,36464
MPUY;
MRRU;
MRSU;
MRTU;35649
MSSU;
MSTU;
MSUU;4061,11747,15744,18261,19624,19959,28586,30680,33259,33819,33914,33968,34152,34154,34188,36220,36230,36287,36425,36512
MSUV;28675,32631,34171,36088
MSUW;19594,19654,21063,25257,26247,26719,28225,28427,28662,28749,32550,34184,35655,35677,35683,36090
MSUY;20966,31546
MTTU;9186,9547,18257,20910,20911,28591,30658,32419,33015,33261,36509
MUZZ;
NNOO;1172,3453,3594,9389,15753,16044,16379,18068,18116,18154,18218,18271,19967,20538,20600,22362,25182,25258,28751,29856,33994,34125,34126,34127,34196,34199,35098,36417,36486,36519
NNOU;8992,9550,17246,17471,18066,18225,18271,21071,23622,24747,25245,25258,33960,34102,34125,36417
NNOW;9968,10342,12456,15938,17248,22809,24274,28751,30628,33265,34196
NNSU;21506,24507,24628,28189,28257,28583,34495,34667,34794
NNWY;18160,28751
NOOP;19656,27806,28594,30615,33961,36219
NOOR;
NOOS;17616
NOOT;18085,18154,18271,29856,31407,34127,34199,34559,34709,35645
NOOW;9968,18562,19785,20697,22492,22502,24274,25824,25828,25829,28679,28706,28751,28763,33871,34195,34196,34224,34744,36167,36238,36422
NOOZ;3905,4142,9972,11934,17904,17960,18095,36347,36468
NOPR;
NOPS;
NOPT;
NOPU;16541,18086,25064,34745,36219
NOPW;23094,30628,33871
NOPY;28741
NORS;
NORT;35665
NORU;4075,16541,17996,18159,35665
NORW;35890,35915,36238,36422,36494
NORZ;438,4142,11917,11934,17812,28336,35299,35300
NOSS;3731,16400,35882,36485
NOST;
NOSU;
NOSW;
NOSY;
NOTT;24990,31407,34143,34156,35779,35924,36286,36528
NOTU;20599
NOTW;1175,6132,12534,12535,15774,16093,17438,20697,21064,22457,25829,34709,34744,35665,36238,36422
NOTY;20935,28725,35668,36252
NOWY;20693,24212
NOXY;9554,17961,18167,18236,24217,30708,33303,35861,36252,36495
NPSU;
NPSW;23904,26493,28454,33176,35758
NPTU;
NPUY;25791,28409,31002,33910,35608
NRRU;3950,16303,17996,18000,18159,18179,18286,18300,21061,21078,24889,25183,28755,34745,36366,36417
NRSU;
NRTU;
NSSU;9948,12485,18138,18139,25266,27030,36470
NSTU;
NSWY;
NTUY;24170,27398,30499,31333
NUXY;34643
OOPP;24849,28516,28732,28761,34201,36182
OOPR;
OOPS;
OOPT;13631,19656,35640,35674
OOPY;7748,17386,17507,24851,25169,28741,35885,35921
OORS;36383,36387
OORT;30754
OORZ;21028,28498,30700,35780,35865,35919
OOST;
OOSW;6659,17650,17685,19053
OOSY;7066,12513,22476,28638,35949
OOSZ;25280,35809
OOTT;12373,17958,17982,20491,20634,21559,25166,31407,34291,36423
OOTW;11681,19511,21074,27867,28079,28089,28237,28767,31276,31335,33333
OOTY;7748,15992,17200,17215,17237,18257,21535,22467,22509,24745,25227,31902,35640,35674,36463
OOTZ;6617,17960,20634,21382,24311,24949,24981,25124,25144,25167,32612,34199,35569,36347
OOUZ;18095,20964,21028,23965,30700
OOYZ;9972,16805,18095,24900,25280,35654,35895,36468
OPPR;35953,36047,36314
OPPS;3969,12399,17498,25044,36437
OPQU;
OPRS;
OPRT;36204
OPRU;34745
OPRW;22405,25828,28709,28763,28781,35837
OPRY;22406
OPSS;
OPST;
OPSU;
OPSW;
OPSY;
OPTT;9532,10017
OPTU;2069,3742,7610,20736,21491
OPTY;18995,24797,24851,25169,35640,35670,35674,35921
OPXY;18167
OPZZ;18169,27546
ORRT;1185,4144
ORRY;18635,19363,19456,23132,27574,28291,31454,35953
ORST;
ORSU;36387
ORSV;
ORSW;
ORSY;447
ORTT;
ORTU;3976
ORTV;4096
ORTW;16510,16537,18133,21004,21064,21070,28758,35665,36142,36204
ORTY;35773,36252
ORUV;17937
ORUX;5248,8983,11798,15852,16054,23137,25071,25158,25255,27775,30779,31376,36387,36397,36401
ORUY;4871
ORVW;
ORXY;4888,9554,12533,16203,18566,20051,33521,35861,36252,36401,36495
OSSS;2646,3634,3635,4160,7056,9515,12549,12554,17479,18334,18645,19653,20861,20986,21043,22446,24462,24988,25112,34642,34695,35687,36049,36075,36099,36111,36361,36462,36516,36522,36535,36545
OSST;
OSSU;
OSSV;7756,20439,32884,33440,36536
OSSW;12398,12414,12549
OSSY;27613,35874,35886,36132
OSTT;
OSTU;
OSTW;25050
OSTY;
OSUY;
OSVW;35451
OSWW;4166,11863,12546,18102,18103,18202,18264,19663,20839,21050,25273,28128,28784,33356,36461,36472
OSWY;447,10023,25821
OTTU;20988,34606
OTTW;4138,9567,16169,18336,32477,34300,35700
OTWY;12481,18045,18204,18254,36214
PPSU;36437
PPTY;4148,34215,34345
PPUU;17943,24393,25178,28746,28750,36227,36266,36366
PRRU;9850,12559,17281,25178,34745,36314,36366
PRSU;
PRSY;
PRTY;
PSST;
PSSU;36137
PSTU;
PSUY;
PTTU;2039
PTUZ;30736,33723
PTYY;12190,17480,17489,18124,18267,18333,35674,35921,36498
QSSU;22976,29175,30370,32843,33797
RRTU;12483,12559,17879,18000,18070,18179,18262,18286,18300,18325,36086
RRUU;9184,9850,15797,18179,20996,21078,25178,28075,28105,28755,30815,33314,33991,34335,34357,36366
RSTU;
RSUU;21563,24492,25184,28756,28787,34701,36274,36387,36400,36408,36473
RSUY;
RTUY;21510
SSSU;3981,4135,4160,6585,6652,12561,17242,18008,18023,18334,20861,20986,34715,36361,36462,36535
SSUU;9040,10027,14488,16096,16581,18261,23671,24110,27856,28702,28787,31021,31691,32198,32660,33901,34188,34554,35524,35682,35958,36118,36119,36413,36512
SSUW;4875,6663,10022,17514,17886,22512,22523,35615,36090,36325,36374
STTU;32997
STUU;4168,4734,5372,5389,9069,9849,10025,15691,18196,18927,19057,19521,19646,20908,21047,21055,24492,25177,25277,28674,28702,32198,32506,32680,34434,34611,35912,36400,36408,36453,36473
STXY;20633,32591,34231
SZZZ;1013,5623,18345
TTUU;15440,16098,16804,17219,18295,21564,34291,34613,34702,34736,34864
TUYZ;35470
TUZZ;4396,31419
UUYZ;
