AAABC;9,10,11,15,18,20
AAABK;
AAABR;9,11,15,16,18,21,49,51
AAABY;
AAAFR;21,107,144,145,147
AAAGM;158,160,161,165,166,168
AAAKM;225
AAALP;44,229,234
AAANN;91,188,233,258
AAANS;67,81,93,116,129,130,146,163,193,208,220,260,263
AAANT;70,73,85,92,151,175,233,234
AAATT;196,271,274,275
AAAYY;132,237
AABBD;284
AABBG;278,279,284,286,290
AABBK;6,280
AABBS;7,277,282,283,287,291,294,296,298
AABBY;
AABCC;8,9,303,304
AABCH;10,303,318,319,320,322,323
AABCI;327,328
AABCK;317,320,329,330,331,334,335
AABCL;300,309,310,311,325,329,337
AABCR;9,15,16,18,301,307,312,315,316,318,322,323,342,343,344
AABCS;282,313,314,334,340
AABDE;349,350,356,357,358,362,363,365,366,367
AABDH;375,376,381,382,384
AABDL;349,354,356,364,365,387,397
AABDN;26,350,354,358,369,375,381,382,400
AABEM;312,366,450
AABER;301,307,308,312,315,427,429,431,446,454,456,487,491,492
AABES;287,314,424,440,443,453,462,468,476,477
AABET;302,436,489
AABFT;317
AABGM;377
AABHM;542
AABHS;291,292,437,510,511,533,537,543
AABIL;29,293,387,513,547,557,559,560
AABIN;439,442,530,551,554,563,568
AABIR;446,552,576
AABIS;287,361,385,440,443,515,553,555,561,564
AABIZ;547
AABJN;
AABJR;582
AABKN;439
AABKR;386,454,456
AABKS;334,440,457,584
AABLN;309,354,387,442,463,466,467,504,554,605
AABLR;397,505,559,608,610,611,613,614
AABLS;7,36,45,291,294,296,443,462,472,476,477,537,553,559,561,583,595,598,607,611,612
AABLT;538,605,606,614,619
AABMM;339,366,562
AABMN;554,563
AABMO;281,377,563,620,623
AABMP;
AABMR;15,312,429,582,623,626
AABMS;341
AABNS;424,510,543,631
AABNU;369,403,568
AABNW;486
AABNY;382,489,593
AABOR;18,323,446,623
AABRR;315,332,342,431,492,644
AABRS;383,402,412,506,537,611
AABRT;571,582,587,613,626
AABRV;406,644
AABRY;456,507
AABRZ;
AABST;414,511,536,648
AABSU;374,412,414,434,495,561,611,617,640,642,648
AABSY;338,477,598,604,616,624,628,646
AABTT;345,478,497,532,542,605,639
AACCE;651,652,653,658,659,661,662,663,664
AACCO;675,685,707,709
AACCS;58,62,653,656,657,662,663,664,669,672,674,679,681,683,692,698,700,702,705,711,712
AACCY;706
AACDE;652,653,718,721,723,735,737,738,739,744
AACDH;721,749
AACDU;775
AACEI;800,808,809,825,826,827,828,829,830
AACEP;739,800,801,866,876,878,879,880,881,882
AACER;301,308,315,659,779,797,829,847,849,853,879,880,890
AACET;302,658,782,790,835,876
AACFI;746,899
AACFT;317,658,792,901,904,905,908
AACHK;320,810,929
AACHN;808,815,969
AACHP;671,676,938,940,957,959,962,967,969
AACHR;74,318,319,323,668,675,933,935,938,982
AACHY;74,943,950,972,982
AACIR;76,79,668,685,687,809,931,935,941,942,996,1011,1015,1034,1035
AACIS;58,79,656,679,728,750,756,762,915,917,919,941,998,1004,1036
AACJL;990
AACKL;329,929,992,993,1047
AACKY;329,331,335,764,950,1054
AACLL;82,693,694,729,838,901,903,1060,1061,1063
AACLN;83,985,1001,1072
AACLO;12,768,847,848,922,932,1060,1061,1077,1080
AACLP;337,904,957,1072,1078,1088
AACLR;84,88,732,768,812,840,847,853,905,906,1061,1066,1079,1080,1091,1092
AACLS;679,897,915,923,1000,1067,1094
AACMN;83,89,794,839,862,864,1042,1048,1064,1065
AACMS;90,313,340,341,704,771,785,865,868,911,1067,1068,1103,1105,1108
AACMW;
AACNN;91,330,994,1019,1069,1070,1109
AACNT;70,759,916,920,988,995,1019,1111
AACPR;99,775,866,878,879,880,1051,1112,1119
AACPS;100,739,771,870,1052,1113,1124
AACPT;676,699,851,876,878,904,1045,1051,1078,1085,1088,1124
AACRS;62,79,90,93,692,711,762,773,776,777,917,1022,1034,1036,1050,1055,1103,1107
AACRT;344,905,996,1051,1079,1085,1091,1121,1128,1130,1131
AACSS;19,102,324,346,711,776,788,854,872,883,973,983,1043,1089,1093
AACSU;657,919,975,1044,1118
AACSV;664,807,892,1036,1096,1127
AACSW;334,857,1124
AACUV;895,1096,1122,1129
AADDH;715,1135,1147
AADDR;715,1146,1147,1148,1155,1158
AADDS;355,1143,1145,1151,1152,1154,1159
AADDU;
AADDX;1145
AADEG;1162,1171,1177,1178,1184,1185,1186,1187
AADEH;359,721,722,723,1135,1162,1172,1178,1190,1191,1193,1194,1195,1196,1197,1198,1199
AADEL;106,363,365,1201,1217,1223,1225,1226,1227,1228,1229,1231,1232,1233,1236
AADEM;106,368,652,718,721,735,1194,1204,1205,1215,1226,1227,1228,1246,1247
AADER;1166,1177,1178,1181,1186,1187,1190,1191,1201,1204,1206,1209,1215,1217,1219,1227,1229,1236,1237,1246,1249,1262
AADFL;
AADFR;21,107
AADGG;748,1177,1274,1275,1276
AADGR;284,1171,1177,1181,1185,1186,1275,1306
AADHL;1320
AADHN;375,381,1193,1316
AADHW;117,1197,1198,1199,1331
AADIK;352,386,1149,1200,1339
AADIN;716,726,1208,1286,1316,1335,1343,1359,1360
AADIP;1210,1316,1337,1343,1345,1360,1361,1370,1371
AADIS;361,385,393,656,728,750,756,762,1152,1173,1205,1210,1211,1285,1287,1315,1337,1358,1374
AADIZ;1208,1370
AADLN;123,387,730,1225,1229,1230,1231,1232,1294,1343,1344,1382,1384,1387,1396
AADLS;769,1391,1402,1405
AADLT;1269,1342,1347,1351
AADLW;365,397,1231,1291,1352,1384
AADMM;66,1282
AADMN;123,125,1322,1387,1388,1389,1407,1409,1410,1412,1413,1415
AADMP;126,1416,1420
AADMR;399,1155,1181,1215,1219,1227,1246,1297,1376,1383,1390,1409,1412,1413,1418,1421
AADNP;1139,1316,1343,1361,1393
AADNS;67,128,1183,1251,1252,1253,1272
AADNV;737,1156,1249,1440
AADNY;1305,1355,1396,1413,1432,1436,1439,1441
AADPT;1142,1234,1257,1361,1371,1444,1448,1455
AADPY;764,1400
AADRR;1255,1261,1262,1271,1362,1373,1404,1421,1435,1436,1442
AADRW;397,410,1310,1331,1366,1373,1381,1412,1435,1441,1449,1461
AADSW;404,1253
AADSY;413,765,1265,1268,1309,1332,1350,1425,1459
AADSZ;777,1330,1423
AADTY;408,1240
AAEER;418,779,780,784,1161,1166,1168,1462,1469,1475,1478,1487
AAEFN;794,1175
AAEFR;1464,1500,1508,1509,1510,1511
AAEGL;27,421,1519,1520,1546
AAEGP;800,801,1514,1524,1546,1561,1564,1565,1566
AAEGT;806,1184,1185,1499,1516,1533,1534,1557,1560,1585,1591,1593
AAEGV;1526,1572
AAEGZ;1534
AAEHK;1600
AAEHP;1196,1595,1596,1606,1607,1615,1619
AAEKL;452,1217,1465,1501
AAEKN;439,833,1536,1598
AAEKP;454,801,833,1221,1222,1670,1683,1684
AAEKW;1475
AAELN;442,459,463,466,467,468,1225,1229,1231,1232,1476,1624,1627,1689,1690,1701,1710,1714,1715,1717,1721,1722
AAELP;138,471,1546,1596,1607,1630
AAELR;732,812,852,1217,1229,1237,1695,1714
AAELT;1726
AAELV;846,848,1689,1710
AAEMR;1204,1215,1219,1246,1641,1643,1677,1753,1759,1764
AAEMT;1468,1483,1560,1637,1644,1754,1757,1767,1768
AAEMZ;1768
AAENP;134,487,1139,1524,1561,1565,1566,1614,1647,1782,1787
AAENR;467,487,488,1166,1206,1229,1249,1250,1525,1543,1553,1567,1568,1569,1614,1667,1711,1759,1763,1764,1782,1788,1791,1792,1793,1794,1795
AAENS;468,843,872,1183,1207,1544,1562,1616,1708,1715,1717,1777,1781,1797
AAENT;488,489,1667,1775,1778,1779,1787,1788,1791,1792,1793
AAEOZ;1768,1801
AAEPR;454,487,491,866,879,880,1668
AAEQU;828,867,1509,1581,1770
AAERR;315,370,431,795,1262,1500,1529,1547,1567,1582,1641,1677,1723,1803
AAERS;1487,1515,1548,1574,1584,1724
AAERT;1516,1568,1597,1659,1660,1667,1793
AAERU;879,885,1509,1643,1764,1794,1795,1803
AAERW;491,1475,1487,1489,1505,1558,1569,1577,1660,1661,1704,1794,1824
AAEVW;1661
AAFFJ;
AAFGN;1842
AAFHL;1845,1848
AAFHS;1841,1849,1850
AAFIM;
AAFIT;145,1862,1863
AAFJL;1869,1870
AAFJS;1852
AAFKN;
AAFLN;504,1829,1842,1855,1875
AAFLS;897,907,1504,1836,1853,1872,1878
AAFLT;792,901,904,905,1269,1855,1873
AAFLV;
AAFNU;1858
AAFRS;1836,1837,1839,1843
AAFRY;107,147,1511,1866,1867
AAFSV;
AAFTW;1176,1269,1499
AAGGR;1274,1275,1889,1893
AAGGW;1899
AAGHL;150,1278,1519,1520,1905,1910
AAGHR;152,1905,1921
AAGHS;512,799,1280,1921
AAGIL;29,110,513,514,913,914,1278,1928,1942
AAGIM;1928
AAGIN;155,1286,1524,1527,1887,1950,1961
AAGIR;1529
AAGIS;750,919,1532
AAGIT;156,1288,1533,1534,1937,1940,1942,1963
AAGJN;920,1887
AAGJR;1889
AAGJS;
AAGJU;158,1535
AAGKN;159,1536,1972
AAGLL;913,1291,1538,1539,1978
AAGLN;148,150
AAGLR;1275,1296,1893,1990,1992,1993
AAGLS;1892,1979
AAGLV;1978,1993
AAGLX;1551,1993
AAGLY;1292,1520,1893,1928,1935,1978,1983,1989
AAGLZ;
AAGMM;1282,2000
AAGMN;1913,1914,1915,2003,2005
AAGMR;1284
AAGMS;911,1182,1559,2012
AAGMT;168,1299,1468,1541,1555,1557,1560,1945,2003,2007
AAGMY;522,1292,1928,2000,2005,2010
AAGNN;1913,2001,2017
AAGNP;134,1524,1561,1564,1565,1566,1931,1950,2005
AAGNR;159,172,173,804,1568,1569,2017,2027
AAGNS;378,1183,1897,2031
AAGNT;70,151,172,175,920,1304,1886,1898,1909,2007,2027
AAGNU;173,924,2017
AAGOR;1279,1306,1844,1975,1990,2032
AAGPR;152,1306,2032
AAGRS;1498,1576,1584,1921,2036,2037,2038
AAGRT;172,806,1185,1304,1557,1568,1585,1953,1975,2007,2027
AAGRZ;1955,2021
AAGSS;1559,1578,1586,1587,1588,1901,2033
AAGST;1998,2035
AAGSV;1941,1958
AAGUV;
AAHHS;112,525,526,528,927,1311,1904,2040,2041,2042,2043,2044,2047
AAHHT;928,1312,1904
AAHIK;180,929,930,1845
AAHJL;
AAHJR;1191
AAHKL;176,929,1845
AAHKM;944,945
AAHKS;185,669,946,948,951,1318,1908,2055,2087,2090,2095,2096
AAHKY;950,1319,1600
AAHLL;
AAHLM;187,2059
AAHLN;150,188,1605,1910,2062,2113,2114
AAHLO;932
AAHLP;811,957,959,1596,1607,2063,2113
AAHLR;187,812,933,1320,1905,2059,2109,2114
AAHLT;538,1910
AAHLV;2063
AAHLW;1848,2114
AAHMO;2066,2128
AAHMR;935,2059,2109
AAHMS;115,1321,2120
AAHMU;1914,2123
AAHMW;1915
AAHMZ;2068
AAHNP;815,962,967,969,1316,1324,1614,2046,2070,2071,2072,2113,2138
AAHNS;193,529,533,543,544,1616,2074,2088,2096,2135,2144
AAHNT;151,381,1886,1910,2139,2142,2143
AAHNZ;2068
AAHOR;323,675,1279,2048,2053,2128,2138,2139,2140
AAHPS;182,1196,1311,1328,1618,1619,2077,2129,2148,2149
AAHPX;969,1607,1619,2113
AAHRR;978
AAHRS;185,437,1917,1921,2148
AAHRT;144,194,195,1312,1471,1597,2056,2078,2084,2139,2142,2143,2150,2155
AAHRY;74,950,972,982,1320,1331,1600,2143
AAHST;183,292,536,755,821,984,1601,1621,2076,2087,2090
AAHSW;1602,1618,1921,2074,2144
AAHSY;1327,1332,1616,1922,2065
AAHTV;2084
AAHTW;195,2150,2151,2155
AAIIL;513,546,547,985,1333,1334,1851,2161,2162,2163,2164
AAIJV;
AAIKK;197,1200,2180
AAIKL;198,929,993,1339,2186
AAIKR;197,386,993,2186,2189,2197,2198
AAIKS;440,550,1924,2052,2054,2159,2160,2190,2196
AAIKT;198,2192,2203
AAILM;201,1341,1342,1928,2059,2061,2161,2206,2208,2209,2219,2221,2229
AAILN;202,387,442,551,985,997,1001,1343,1627,1829,2058,2172,2211,2233,2235
AAILR;552,1851,2059,2161,2164,2208,2213,2219,2246,2247,2248,2258,2262
AAILS;200,443,553,560,561,679,897,998,1004,1636,2064,2215,2249
AAILV;1334,2063,2211,2216,2226,2235,2247,2258
AAILX;118,202,1005,1830,2221
AAILY;556,1339,1352,1928,2217,2253,2262
AAIMN;563,2051,2066,2068,2173,2187,2268,2270
AAIMR;76,201,935,999,1011,1015,1016,1643,2059,2161,2189,2191,2208,2219,2283
AAIMS;564,565,1152,1205,1358,2190,2191,2280
AAIMT;682,1018,1342,1357,1637,1644,2049,2061,2267
AAIMZ;1946,2068
AAINP;77,987,1001,1316,1343,1360,1524,1931,1950,2172,2173,2184,2291
AAINR;181,2293,2295,2296
AAINV;684,2211,2235,2293,2296
AAIPS;32,182,210,1210,1337,1649,1651,1964,2054,2077,2317,2323,2326,2327,2329,2330
AAIRS;79,762,1031,1034,1358,1374,2179,2280,2283,2317,2320,2321,2323,2327,2336,2337,2338
AAIRT;120,145,576,687,942,1212,1597,1654,1658,1659,1660,2084,2322
AAIRV;1289,1365,1633,1659,1661,2170,2247,2258,2261,2293,2296,2306,2319,2322
AAISS;1372,1655,1864,2069,2081,2269,2286,2310,2331
AAIST;183,214,1662,1663,1664,2076,2249,2254,2329,2339,2340
AAITW;1214,1660,1942,2341
AAJLP;990,2172
AAJNN;
AAJNP;2172
AAJNW;
AAJNZ;2176,2347
AAJPS;216,2350,2355
AAJQQ;
AAJRS;832,2171,2175,2342,2354
AAJRT;582,1667,2349
AAJSV;
AAKKP;1670
AAKKS;35,220,221,1473,2090,2356,2359,2360,2361,2362,2363
AAKKY;1216,1670,1671
AAKLM;2364,2365,2366
AAKLO;1501,2367,2368,2369
AAKLP;2184,2186,2364,2369
AAKLR;993,1217,2186,2357,2365
AAKLS;583,1041,1973
AAKLT;198,452,1047,1674
AAKLV;37
AAKMR;1219,1376,1677,2188,2189,2344,2365,2375,2384
AAKMS;584,1679,2190,2376,2377,2378,2380
AAKNS;220,946,1050,2096,2185,2193,2360,2378,2387,2388,2392
AAKNT;1536,1674,2386,2393
AAKOP;2369,2394
AAKPP;227,2197,2394
AAKPR;454,1051,1221,1683,2186,2197,2198,2397
AAKPS;39,1052,1222,1380,2362,2388
AAKPT;1051,1683,1684
AAKRS;185,221,692,948,1050,1055,2099,2387
AAKRT;949,1051,1975,2399
AAKRY;456,950,1376,1600,1671,2365,2384,2397,2399
AAKST;137,215,457,536,584,1601,2087,2090,2402
AAKSV;
AAKSW;334,951,2159,2391,2392
AAKTZ;
AAKUW;1682
AALLM;1383,1688,2207,2208,2209,2406
AALLN;1384,1689,1690,2181,2207,2210,2211,2407,2408
AALLP;229,596,1385,2406,2408,2416
AALLS;200,294,462,553,595,597,1692,2182,2214,2215,2411,2412,2414,2417,2420
AALLU;1385,2216,2406,2408,2421
AALLV;82,1063,1502,1689,1697,1978,2211,2214,2216,2410,2413
AALLW;42,599,1291,1384,1869,2416
AALLY;599,903,1063,1224,1695,1873,1978,2106,2217,2415,2416,2418,2419
AALMM;1698,1699,2218,2219,2221,2423,2425
AALMO;1064,1226,1388,1891,2423,2427
AALMR;84,187,201,999,1341,1383,2059,2161,2208,2219,2222,2229,2365
AALMS;1706,1707,1980
AALMT;43,230,1342,2224,2229,2425,2439
AALMU;2364,2366,2406,2439
AALMV;2226
AALMW;1704
AALMX;1228,1706,2209,2221
AALNN;188,233,1069,1387
AALNS;1673,1714,2424,2426,2428,2449
AALNT;233,592,2425,2446
AALNU;1713,2368,2408,2445,2446,2456
AALNV;846,1689,1710,1934,2211,2226,2235,2243,2410
AALNY;1072,1396,1719,1721,1722,1983,1989
AALOS;296,595,607,1724,1892,1936,1982,2245,2249,2411,2412,2458,2459,2460,2464,2465,2467,2468
AALPP;957,2250,2457,2471
AALPS;1402,1984,2458,2473,2474
AALPT;87,229,230,596,699,904,1007,1085,1088,2163,2250,2252,2255,2476
AALPY;337,471,609,1072,1088,1403,1738,2415,2416
AALPZ;2256,2462
AALQT;2446
AALRT;613,614,905,1085,1091,2476
AALRU;505,608,613,701,906,1990,1992,2246,2357,2463,2470
AALRV;1092,1993,2247,2258,2261
AALRY;236,614,1091,1092,1237,1320,1396,1695,1742,1893,2239,2262,2365,2418,2419,2431
AALRZ;88,1080,1741,2164,2248
AALSS;232,854,1089,1093,2110,2117,2437,2480,2486
AALST;1081,1095,1878,2249,2487
AALSU;561,583,617,1878,2372,2373,2485,2487
AALSV;607,1096,1399,2468,2487
AALSY;338,477,604,616,1707,2093,2438
AALWY;599,1352,1721,1752,1848,2106,2262,2343,2374,2416
AAMMM;2267,2489
AAMMN;1756,2218,2268,2375,2423
AAMMS;2122,2376,2377,2492,2494,2495,2496
AAMNN;398,1387,1407,1758,1913,2001,2187,2270,2271,2498
AAMNS;2378,2426,2429,2499,2501
AAMNT;1065,2003,2506
AAMNX;
AAMNY;247,1355,1413,1414,2005,2498,2506,2508,2511,2513
AAMNZ;2068,2347
AAMOR;248,623,1015,1102,1104,1356,1418,2189,2348,2349,2379,2517,2519
AAMOS;704,865,1105,1419,1507,2002,2012,2190,2272,2376,2380,2492,2499,2504
AAMPP;126,249,1416,1420,1760
AAMPR;239,250,866,1016,1769,2507,2508,2523
AAMPU;249,1420,2364,2406
AAMRR;251,1102,1106,1421,1677,2014,2348,2435,2500,2517,2523
AAMRS;1107,1108,2275,2282,2342,2495,2512,2525
AAMSS;232,252,2230,2269,2285,2286,2434,2437,2524,2525,2526,2530
AAMST;217,253,255,1108,1998,2381,2495,2525
AAMSY;604,624,628,966,1101,1105,1414,1425,1707,2350,2438,2524
AAMTU;1999
AAMTZ;1768
AANNN;1359,1775
AANNS;567,585,630,1428,1680,1777,2135,2538
AANNT;233,241,1248,1426,1563,1758,1775,1779,2386
AANNU;1858,2291,2386,2536
AANNW;486,2535
AANOS;631,633,1071,1780,1781,1949,1982,2002,2016,2020,2135,2272,2294,2298,2351,2352,2353,2387,2426,2499,2501,2504,2532,2539
AANOX;
AANPP;261,1760,1782
AANPR;487,1614,1782,2138
AANPS;1113,2388,2444
AANPV;
AANPX;969,1786,2113
AANQT;
AANRS;93,146,586,631,970,1050,1073,2088,2124,2387,2501
AANRT;488,1568,1667,1793,2027,2142
AANRU;403,1100,1764,1794,1795,2513,2556
AANRV;96,971,1249,1365,1440,1793,2027,2140,2293,2296,2306
AANRW;2,259,1250,1366,1440,1441,1569,1794,2307,2556
AANSS;872,1025,1116,1379,1797,1798,2309,2310,2345,2390,2542,2557,2558,2559,2560
AANST;1272,1883,1884,2547,2557,2561
AANSU;975,1118,2096,2144,2360,2378,2514,2562
AANSZ;257,574,1777,1781,1897,2392,2538
AANTV;1572,1779,1793,2027
AANZZ;2169,2347
AAORT;248,1104,1121,1418,1444,1975,2318,2322,2349,2519
AAOTW;2573
AAPPS;1484,1649,1805,2036,2148,2323
AAPPT;267,1729,1806,2250,2325,2457
AAPPW;
AAPPY;2178,2415,2471
AAPRR;1442,2198,2523,2576
AAPRS;269,1328,1402,1443,1837,1964,2036,2077,2115,2148,2149,2251,2317,2323,2327,2458,2474,2475
AAPRT;194,250,267,1051,1085,1444,2150,2476,2523,2580,2581
AAPST;100,1113,1784,2302,2329,2510
AAPSU;1380,1447,2098,2355,2362,2546,2575
AAPSW;1618,2474,2535
AAPSY;1580,1811,2149,2327,2329,2350,2388,2524,2579
AAPSZ;1052,1812,2330
AAPTT;271,1448,1455,2255,2325
AAPTW;2150,2151,2581
AAPWW;1259
AAQSU;640,1900,2331,2566
AARRS;3,1055,1126,2080,2089,2320,2567,2568,2586
AARRU;642,643,644,1404,2435,2447
AARRY;236,1262,1421,1817
AARST;1158,1273,1458,2495,2527
AARSU;412,495,642,1308,1374,1458,1823,1865,1971,2034,2038,2146,2201,2321,2336,2398,2567,2575,2586
AARSV;273,1127,1460,1584,2038,2518,2568,2570
AARSY;1309,1968,2015,2327,2337
AARTT;274,275,1128,2155,2260,2528
AARTY;276,1091,1130,1131,1813,2399,2476,2519,2528,2529,2581
AASST;102,297,627,634,1160,1826,1885,2390,2400,2530,2542,2557,2558,2559,2592
AASSY;616,628,1268,1453,1822,1827,2310,2385,2524,2560
AASTU;414,617,648,891,1095,1118,1458,1589,1823,1878,2029,2035,2340,2373,2398,2402,2454,2477,2482,2485,2487,2562
AASTV;273,1127,2289,2339,2487,2571
AASTW;647,1590,1800,1824,2391
AASTY;299,1884,1922,2329,2340,2402,2438,2455
AASWW;2478
AASWY;1332,2031,2337,2563,2587
AATXY;276,619,2341
AATZZ;1751
ABBBU;2597
ABBCO;
ABBCY;2612,2614
ABBDE;
ABBEK;
ABBEL;288,2657
ABBER;
ABBES;2644,2645,2647
ABBEY;2676
ABBFY;
ABBGY;279,2695
ABBIJ;2689
ABBIM;2706,2714
ABBIR;2637,2710
ABBKO;2696,2708,2722
ABBLS;7,291,294,296,2707,2709,2711,2727
ABBLU;2722,2725
ABBNO;2643,2651,2708,2714,2716
ABBOO;2696,2698,2733
ABBOS;277,296,2711
ABBOT;2680,2712,2731
ABBRS;
ABBRY;2720,2726
ABBSU;283,298,2632,2644,2685,2688,2697,2702,2715,2737,2740
ABBTY;299,2639,2720,2721
ABBYY;2615
ABCCO;2753,2755,2756
ABCCY;2746
ABCEE;2759,2793,2797,2799,2800
ABCEH;2601,2602,2793,2811
ABCEI;2764,2765,2821,2824,2827,2830,2832,2836
ABCEL;300,309,310,2838,2839,2853,2854,2856,2857
ABCEP;310,2765,2853,2856,2857
ABCER;301,307,316,2797,2806,2866,2876
ABCHI;319,2601,2741,2745,2775,2809,2889,2896,2897
ABCHO;320,2811,2812,2890,2899,2900,2909
ABCHR;318,319
ABCHS;2897,2901,2910
ABCHT;10,321,2746,2902,2907,2909
ABCIN;326,2607,2749,2764,2829,2830,2881,2889,2891,2892,2893,2912,2915
ABCIO;327,2775,2779,2828,2832,2883,2884,2899,2918,2924,2938
ABCIR;2748,2893,2925
ABCIS;2608,2610,2778,2782,2885,2897,2913,2916,2921,2922,2925,2927,2929,2939
ABCKL;329,2767,2810,2838,2839,2840,2886,2894,2920,2944,2945
ABCKR;
ABCKS;334,2822,2845,2846,2901,2921,2922,2951,2955,2957,2959,2960
ABCNO;2949
ABCNS;17,2798,2871,2951,2969
ABCOR;18,343,344,2755,2770,2788,2789,2790,2806,2873,2875,2876,2979
ABCOV;2854,2876,2938,2972
ABCOZ;2869
ABCRS;2610,2782,2885,2925
ABCRT;316,344,2772,2818,2844,2907
ABCRY;2906,2940,2973
ABCSS;19,324,2801,2879
ABCSU;2757,2774,2802,2808,2862,2871,2878,2895,2901,2910,2951,2957,2958,2960,2969
ABDDE;3006
ABDDY;
ABDEG;357,3014,3018,3063
ABDEI;2763,2764,2765,3063,3066,3093,3098,3099
ABDEK;362,3086
ABDEL;
ABDEM;357,3093,3094,3145
ABDEN;369,2764,3080,3097,3098,3099,3125,3156,3157
ABDEO;2770,3019,3057,3081,3093,3142,3143,3147,3149,3161,3163
ABDER;
ABDES;3007,3150,3158
ABDET;
ABDEU;3080
ABDEY;2623,3041,3110
ABDHN;375,381,382,3080,3194,3198
ABDIR;3175,3186,3203,3216,3218,3231
ABDIT;2639,2783,3175,3186,3192,3209,3231
ABDLN;354,387,2999,3032,3069,3112,3124,3125,3179,3187,3235,3237
ABDLO;2779,3012,3187,3206,3207,3208,3209,3236,3237,3238,3240
ABDLS;3193,3210
ABDLU;2640,3188,3213,3241
ABDLY;3188,3213,3214,3240
ABDNR;3256
ABDNS;2781,2787,3011,3097,3144,3150,3156,3157,3158,3189,3224,3251,3252,3253,3257
ABDNY;382,3235,3245,3253,3254,3257
ABDOO;2788,3160,3207,3233,3234,3248,3258,3259
ABDOR;2641,2770,2776,2788,2790,3003,3013,3126,3162,3163,3195,3208,3216,3236,3258
ABDOS;379,2777,2787,2988,3189,3191,3200,3225,3251,3252,3253,3263
ABDOT;392,408,3209,3220
ABDRS;383,409,411,413
ABDRY;3203,3218,3231
ABDSU;414,2786,2791,3009,3196,3199,3225,3247,3251
ABDSW;404,2633,3109,3247
ABDUY;3188,3213
ABDWY;3214,3259
ABEEL;3270,3293,3294,3324,3325,3335,3339,3340,3342
ABEER;2797,2800,3293,3324,3331,3336
ABEFL;423,3397,3398
ABEGI;2648,2804,3066,3067,3381,3420,3421,3422,3423,3424,3425,3426,3427,3428,3430,3431,3432
ABEGL;27,3420,3422
ABEGM;2805,3411
ABEGN;286,2651,2652,3412,3426,3427,3430,3431,3455
ABEGR;431,2804,3383,3419,3467
ABEGT;3383,3384,3430,3455,3465,3468
ABEHJ;
ABEHK;2811,3480,3481,3482
ABEHL;435,3294,3487
ABEHO;2811,2812,3019,3064,3081,3418,3471
ABEHR;3065,3279,3301,3418,3419,3481,3494
ABEHS;3280,3295,3298,3302,3417,3472,3474,3476
ABEHT;435,436,3296,3299,3303,3473,3477,3478,3480,3482,3485,3487
ABEIR;446,3304,3408,3428,3515,3559,3581
ABEIS;440,3310,3376,3476,3509,3566,3568,3583,3584,3585
ABEIZ;3478,3569
ABEJL;449,3587
ABEJM;450,3591
ABEKL;452,2838,2839,3420,3433,3510,3511,3514,3603,3604
ABEKN;439,453,2838,3316,3317,3511,3613
ABEKR;454,3434,3481,3614,3616
ABEKS;440,453,2822,2846,3320,3435,3509,3607,3609,3613
ABEKY;2846,3317,3518
ABELL;449,458,459,460,3325,3600,3623
ABELM;3631,3633
ABELR;3336,3669
ABELS;468,476,3640,3655,3664,3665
ABELT;3485,3487,3603,3631,3639,3651
ABELY;471,2676,2857,3270,3325,3395,3587,3671
ABELZ;3329
ABEMN;3525,3548,3619,3632
ABEMR;
ABEMS;2865,3402,3609,3692,3701
ABEMW;
ABEMY;3041,3271
ABENO;466,2651,3072,3149,3427,3593,3642,3643
ABENR;487,2797,2815,2829,3356,3559
ABENS;424,453,468,2667,2798,2871,3150,3156,3157,3158,3298,3332,3484,3613,3648,3649,3650,3718
ABENU;369,2652,3080,3115,3157,3390,3412,3613,3698,3718
ABENY;489,3317,3431,3716,3717
ABEOR;446,2770,2831,2873,2875,2876,3003,3057,3161,3163,3404,3405,3406,3614,3737
ABEOV;2854,2876,3163,3623,3633
ABEPS;3150,3320,3337,3407,3495,3655,3718,3735,3748,3749,3750
ABEPT;3338,3487,3537,3556,3569,3656,3670,3736,3751,3752
ABERR;431,3404,3413,3461,3467,3596
ABERS;3407,3750
ABERT;2844,3383,3751
ABERV;2876,3580
ABERY;3406,3416
ABERZ;
ABESS;2801,3352,3701
ABEST;2647,2660,2837,2880,3384,3454,3566,3584,3733,3747
ABESU;434,2644,2802,2808,2871,3476,3554,3585,3609,3613,3698,3718
ABESW;2633,2645,2661,2675,2683,2880,3109,3346,3366,3374,3459,3544,3584,3665,3677,3690,3748,3750,3770,3774
ABESY;2846,3007,3110,3158,3716
ABETT;2836,3465
ABETU;3277,3477,3482,3586,3615,3628,3639,3702
ABETY;489,3303,3375,3717
ABEUX;501,3581,3586,3591,3726,3777
ABEUZ;2677,3682
ABFFL;502,3784,3786,3787
ABFFS;3376
ABFFU;3787
ABFFY;502
ABFIR;2646,2686,3175,3386,3391,3789,3794,3795,3796,3798
ABFLS;3790,3793,3797,3800
ABFRS;3399,3403,3407
ABFRU;
ABFST;2647,3060,3384,3401,3792,3808
ABGGY;3812
ABGHI;2889,3821,3823
ABGHN;375,509,2889,3821,3823,3829
ABGHS;511,512,3280
ABGLS;3790,3848,3850,3885,3887,3891,3893,3895
ABGMO;377,2805,3411,3450,3827,3897,3898
ABGMS;2697,2895,3848,3857,3858,3887
ABGNO;2651,3903,3904
ABGNS;378,521
ABGNU;2652,2694,3184,3844,3873,3884,3903
ABGOR;3882,3898,3907
ABGRS;506,520,524,3857,3865,3895
ABHIJ;
ABHIM;2898,3471,3473
ABHIS;2701,2809,2897,3008,3193,3476,3919,3923,3929,3930,3934
ABHIT;530,532,3076,3192,3473,3477,3478,3823,3918,3924,3932
ABHLS;291,537,2897,3193,3919,3923
ABHMO;3195,3471,3827
ABHNU;2905,3080,3486
ABHOR;3195,3198,3418,3829,3939
ABHOS;2703,3191,3200,3923,3929,3930,3934,3949,3952
ABHRS;383,537,540,3201,3940,3947,3960
ABHST;292,511,536,3958
ABHSU;2702,2901,2910,3009,3084,3201,3476,3913,3917,3934,3940
ABHTU;2705,2902,3197,3477,3482,3915,3924,3944,3957
ABIIL;513,546,547,3784,3794,3968,3971,3972
ABIIM;2706,3795,3967,3968,3975,3976,3977
ABIIT;2918,3192,3810,3835,3918,3965
ABIIV;3971
ABIJR;3203,3507,3982
ABIJS;3506,3508
ABIKL;549,2920,3420,3510,3511,3512,3514,3839,3987,3988,3989
ABIKN;439,2708,2881,3204,3511,3515,3988,3991
ABIKT;2609,2823,2882,2920,3086,3514,3965,3996
ABILM;3206,3967,3988,3999,4001,4012,4014
ABILN;387,442,551,554,3385,3511,3519,3525,3534,3982,3988,3999,4002,4011,4019
ABILO;558,2779,2883,2924,3206,3207,3923,3971,3990,4012,4021
ABILP;3087,3521,3534,3537,4002,4004,4020,4021
ABILQ;3969
ABILR;552,3794,3849,3972,3982,4014,4019,4027
ABILS;553,561,2707,2709,2711,2713,2897,3193,3797,3923,4005
ABILT;4007,4034
ABILY;556,3212,3213,3214,3812,3972,3974,3987,4001,4004,4009,4014,4019,4021,4027,4034
ABIMR;2748,3216,3218,3795,3798,4013,4014,4044
ABIMS;515,564,2916,2927
ABIMT;2898,3473,3550,4036,4044,4045
ABINQ;3969
ABINR;2829,2931,3515,3557,3558,3559,3560,3963,3979,3982,4047,4049,4050,4055
ABINS;3011,3224,3978
ABINU;568,2694,2749,3184,3223,3390,3844,3873
ABINV;3098,3866,4055
ABIOO;2934,3207,3838,4047,4048,4056
ABIOS;564,2711,3225,3536,3565,3923,3930,3934,3981,3990,4039
ABIOT;392,2884,2899,2918,3877
ABIRR;3864
ABIRS;2939,3995
ABIRU;2937,3581
ABIRV;3580,3866,4024,4055,4061
ABISS;3981
ABIST;2939,3107,3224,3310,3562,3568,3576,3583,3584,3815,3870,4054,4063,4064,4067
ABIWZ;
ABJMO;3588,4071
ABJMS;4070
ABJMU;450,3591
ABJNO;2919,3194,3588,3593,3984
ABJOT;3984
ABJSU;2702,2943,3597,3598,3913,3985
ABKLN;2838,3112,3511,3602,3603,3839,3988
ABKLS;36
ABKLU;2722,3113,3433,3606,4078
ABKLY;329,2886,2944,3987
ABKNO;2708,2949,3233,4081,4085
ABKNR;3842,3991
ABKNS;2951,3607,3612,3613
ABKOR;3434,3882,3939,3989,4076,4089
ABKOS;2955,3435,3881,3990,4070,4082,4083
ABKRS;3205,3992,3995
ABKRU;3606,3616,4078,4089
ABKRY;2954
ABKSS;535,590,3618,4079,4090
ABKSU;2901,2951,2957,2959,2960,3609,3613,3986,4084,4090
ABKSW;334,2955,2960
ABLLS;294,394,553,591,595,597,2709,2961,3800,3966,4005,4094,4095,4100,4101,4102,4105
ABLLU;2725,3799,3800,3883,4000,4092,4099,4101,4106
ABLLY;593,599,2724,2944,2962,3325,3395,3600,3987,4001,4004,4009,4074,4092,4103,4104,4106
ABLMS;2965,3885,3887,3941,4110,4111,4112,4117
ABLMU;336,2963,2966,3883,3884,4118
ABLMY;556,604,3941,4001,4112,4113
ABLNU;2963,3884,4011,4108
ABLNW;3642,3852
ABLOO;2887,2970,3207,3653,3786,3888,3889,4075,4119
ABLOR;3236,3237,3238,4076,4096,4097,4098
ABLOS;296,595,607,2711,2961,2967,3536,3622,3640,3655,3662,3664,3665,3885,3893,3923,3990,4016,4094,4101,4102,4110,4120,4139
ABLOT;606,3801,3802,3803,3825,3889,3892,4076,4077,4121,4122,4127,4133,4140
ABLOW;3129,3642,3653,3665,3668,3802,4075,4140
ABLOX;2723,2970,3942,4012,4077
ABLOY;2724,2962,2964,2968,2972,3238,3240,3643,3803,3890,4021,4103,4104,4113,4122,4128,4129
ABLRT;606,614,3892,4076,4098,4127,4133
ABLRU;2859,2973,3135,3241,3606,3625,3646,3682,4078,4106
ABLRW;397,3211,4078
ABLSS;
ABLST;4124
ABLSU;561,617,3790,3797,3800,3893,4032,4101,4105,4139,4147
ABLSW;2675,3346,3544,3638,3665,4005,4102
ABLSY;338,604,2965,3887,4143
ABLTT;605,618,4007,4034
ABLTU;2725,3141,3628,3639,3687,3801,4118,4140,4147
ABLWY;599,3214,4009
ABMMO;3142,4107
ABMOS;2729,2730,2974,2975,2976,3402,3694,4070,4082,4083,4110,4111,4112,4149,4153,4156,4158,4159
ABMOZ;
ABMRS;4111
ABMRU;623,2947
ABMRY;3218
ABMSY;604,624,2965,3887,3941,3948,4112,4117,4151
ABMUY;3948,4118
ABNNS;50,567,585,630,3707,3709,3710,3978
ABNNU;
ABNOO;3233,3248,4047,4081,4093,4119,4163,4164,4165
ABNOR;2716,3979,4047,4050,4164
ABNOS;633,3251,3252,3253,3804,3945,3949,4094,4120,4148,4149
ABNOT;620,3903,4121
ABNOZ;629,2869,3714,4164
ABNRS;
ABNRT;571,587,3222,4055
ABNRU;403,2905,3223
ABNRW;3155,3559,3713,4050
ABNRY;2906
ABNSS;3156,3727,3805
ABNST;3224,3257,3870,3928,3993,4176
ABNSU;2871,2951,3157,3251,3613,3718,4170
ABNSW;3459,4149,4175
ABNTU;2952,3873,3903,4171
ABNTY;489,3257,3652,3875,4125
ABNUY;4125,4171
ABOOT;2756,3160,3732,3734,3791,3806,3807,3889,3905,4109,4127,4178,4179
ABOOY;3234,3259,3807,3897,4128
ABOOZ;588,4164
ABORR;2873,3404,3461,3657,3739,4097,4152
ABORS;
ABORT;3806,4076,4098,4127,4155
ABORV;406,2876,3163,4024,4061
ABORX;407,3405,3463,3743
ABORY;3406,4128
ABOSS;2734,2980,2983,3261,3565,3662,3981,4059,4187,4188
ABOST;2976,3747,3906,4083,4156
ABOTU;2731,2956,3165,3615,3702,3801,3830,3903,3910,3957,4026,4121,4140,4171,4190
ABOTW;3668,3802,4140,4179
ABOUY;3466,3957,4171
ABPRS;3407,3495,3735,3750,3953
ABPSU;2910,2957,3718,3753,4105,4114,4142
ABQRU;
ABQSU;640,2737
ABRRY;4194,4195
ABRSS;2734,3261
ABRST;2719,3995,4042
ABRSU;
ABRSW;2683,3366,3704,3750,3770,3774,4182,4185
ABRSY;4192,4194
ABRTU;643,4195
ABRTY;2720,2940,3231,4062,4146,4195
ABRWY;
ABRXY;
ABSST;297,627,634
ABSSU;2740,3805,4170,4187,4197
ABSSW;545,580,2984,3961,4188,4197
ABSSY;646,4197
ABSTT;3808,3936,3997,4063,4067
ABSTU;414,617,648,3808,4032,4067,4147
ABSTY;299,2721,2736,3257,4176
ABTTU;2705,3808,3910,4067,4147,4174,4190
ABTTY;639,4034,4045
ABTWY;3691
ABUZZ;3267,4198
ABWYY;
ACCDY;4218,4220,4230
ACCEH;4233,4234,4242,4243,4244,4246,4248,4258,4264
ACCEL;4233,4239,4248,4291,4295
ACCEM;652,4244,4272,4285
ACCHI;666,667,668,2741,2745,4224,4243,4244,4245,4246,4321,4328,4329,4330,4331,4332,4333
ACCHK;4205
ACCHL;670,4206,4224,4233,4243,4247,4248,4339
ACCHO;4208,4234,4248,4330,4332,4347
ACCHT;676,4329,4332,4347
ACCIM;2748,4244,4272,4327,4360,4361,4372,4373,4374
ACCIR;304,655,668,685,2742,2748,2750,4266,4272,4331,4364,4367,4368,4374,4377,4380
ACCIT;682,686,4356
ACCIW;
ACCKL;690,4392,4393
ACCKO;2753,4215,4228,4229,4285,4286,4287,4336,4392,4394,4395,4396,4397
ACCKR;4216,4266,4283,4289,4290,4357,4392,4394,4395,4398
ACCKS;4287,4396,4397
ACCKY;
ACCMO;4231,4285,4360,4372,4373,4394,4402
ACCOO;2755,2756,4402,4403,4414
ACCOS;4241,4287,4301,4323,4399,4416
ACCOT;709,2756,4219,4295,4309,4347,4402,4405,4414,4415,4418
ACCOY;4220,4307,4415
ACCSY;4298,4318,4338,4382
ACCUY;4348
ACDDE;713,4422,4431,4437,4442
ACDDY;4429,4431,4459
ACDEE;718,2759,2760,4467,4469,4472,4474,4476,4480,4481,4483,4485,4495,4496
ACDEF;4499,4501,4503
ACDEG;4468,4499,4514,4517,4520,4521
ACDEH;721,4431,4469,4470,4525,4527,4528,4530,4536,4540,4550,4553,4563
ACDEI;2763,2765,4210,4213,4528,4530,4565,4566,4574
ACDEK;4517,4593,4603,4605
ACDEL;4422,4426,4432,4469
ACDEM;652,718,721,735,4482,4484,4485,4541,4542,4543,4572,4573,4574,4600
ACDEN;737,738,4510,4521,4525,4592,4593,4603,4644,4666
ACDEP;2765,4528,4552,4553
ACDER;4221,4642,4645
ACDES;653,2600,4643
ACDET;743,4466,4474,4495,4496
ACDEV;737,4485,4489,4563,4666,4674
ACDEW;
ACDEY;735,4220,4429,4431,4562,4574,4590
ACDGY;
ACDHO;4447,4704,4708,4709
ACDHR;4449,4713,4714
ACDHS;4446
ACDHY;4431,4559,4562,4705,4713,4714
ACDIL;725,757,2779,2780,4223,4224,4432,4566,4567,4568,4570,4571,4690,4702,4726,4728,4729,4731,4732,4734,4737
ACDIN;759,760,4693,4695,4696,4715,4717,4729
ACDIR;4454,4722,4734,4735
ACDIS;656,750,756,2778,2786
ACDIT;759,2783,4688,4716,4722,4723,4734,4737,4738,4759,4762,4764
ACDIY;4574,4590,4689,4705,4723,4755,4756,4759
ACDKR;4770
ACDKS;765,4724,4767
ACDLO;766,768,769,2779,4230,4699,4706,4725,4726,4728,4730,4731,4732,4766,4771,4773,4774,4775
ACDLS;767,769,4767,4776
ACDLU;4733,4772
ACDLY;4230,4767,4772,4775
ACDNS;67,767,773,2787,4784
ACDNU;4521,4592,4603,4644,4650,4657,4660,4664,4665,4666,4745,4765,4785
ACDNY;
ACDOR;768,2770,2788,2789,2790,4522,4604,4623,4645,4669,4670,4671,4701,4770,4771,4780,4787,4788,4790
ACDOS;769,2787,4232,4624,4652,4667,4670,4784,4788,4789
ACDOT;4692,4700,4701,4709,4774
ACDOY;4220,4230,4755,4756,4775
ACDRS;747,773,776,777,4232,4784,4787,4788,4789,4792,4793
ACDRY;4454,4705,4713,4714,4735
ACDSS;776,4459,4557,4662
ACDSU;657,2786,4781,4788,4793
ACDTU;743,4495,4665,4685,4762,4764,4765
ACEEK;778,782,4475,4845,4847
ACEEP;4822,4826,4829,4832,4847,4850,4857,4867,4877,4899
ACEES;789,4812,4820,4836,4844,4846,4849,4863,4864,4865,4892,4909
ACEEZ;4906
ACEFH;4798,4911
ACEFL;4503,4937,4938
ACEFR;4915,4937,4943,4945
ACEFS;
ACEFT;658,792,4238,4506,4919,4935,4936,4938,4943,4949
ACEGL;4806,4918,4955,4967,4970,4972,4988,4989,4990,4993,4997,4998
ACEGR;779,797,804,806,2806,4807,4954,4990,4992,4995,5001,5005,5009
ACEGS;802,807,2808,4808,4811,4812,4979,4987,5003,5010
ACEGY;
ACEHK;2811,5051,5052,5053,5057
ACEHL;812,4206,4247,4248,4536,4537,4955,5063,5064,5066,5069
ACEHM;721,4540,4543,4822,4824,5061,5062,5092,5093,5094
ACEHN;814,4525,4536,4545,5052,5063,5064,5096,5106,5108,5109
ACEHP;4258,4470,4540,4550,4553,4822,4829
ACEHR;4819,5016,5077
ACEHS;5145
ACEHT;5030,5034,5036,5046,5047,5053,5084,5092,5093,5094,5096,5106,5107,5108,5110,5115,5146,5147
ACEHV;4563,4816,5057,5145
ACEIL;4432,4569,4806,4971,5149,5151,5156,5186,5188,5199
ACEIM;4272,4573,4574,4973,4974,5158,5211,5212,5213,5214
ACEIN;5247
ACEIR;4272,4280,5211,5215,5251,5276
ACEIS;830,4971,4987,5149,5154,5156,5168,5172,5186,5200,5202,5252,5264,5280
ACEIV;4277,4816,5212
ACEKL;2839,4988,4989,5155,5301,5308
ACEKR;659,4992,5315
ACEKS;802,834,2822,2846,4287,5154,5167,5316,5318,5324
ACEKW;2847,5162
ACEKY;2846,5052
ACELL;836,837,4291,5058,5059,5301,5346,5347,5348,5352,5353
ACELM;5062,5345,5346
ACELN;5064,5065,5348,5377,5381,5393
ACELP;2853,2857,5301,5353,5377
ACELR;812,5077
ACELS;4849,5149,5172
ACELT;
ACELV;846,859,5393
ACELY;2857,4291,4298,5179,5198,5346,5348,5353,5356,5367,5376,5388,5393,5402,5414,5418,5423,5442
ACEMO;2805,2828,2850,4973,5212,5345,5363
ACEMR;4272,4642,4974,5158,5216,5445
ACEMS;313,863,869,2864,2865,4600,4643,4647,5449,5464,5465,5470
ACEMY;735,4574,5062,5093,5179,5214,5346,5465
ACENN;4825,4877,4879,4880,5096,5482
ACENO;814,4250,4292,4303,4994,5064,5097,5295,5377,5381,5485
ACENP;4847,4877,5377
ACENR;2870,4944
ACENS;834,863
ACENT;5084,5096,5106,5108,5482
ACEOR;2770,2806,2831,2875,2876,4522,4604,4915,4945,4992,5005
ACEOT;835,2832,4919,5036,5053,5110,5115,5253,5518
ACEOX;2842,5253,5475,5540
ACEPR;880,4310,4945,5519
ACEPS;
ACEPT;4899,5255,5262
ACEPX;4898,5163,5519
ACEPY;882,2857,4307,4310,5214,5353,5414,5419,5463,5500
ACERR;4954,5445
ACERS;
ACERT;4280,4984,5276,5299,5571,5573,5574
ACERV;880,889,2876,4906,5532,5575
ACERX;4905,5573,5576
ACERZ;2834,4906,5271
ACESS;869,2879,5006,5457
ACEST;2837,2880,4281,4987,5218,5281
ACESU;2802,2808,4812,4966,5343
ACESV;664,807,892,4687,4887,5537
ACETT;790,822,874,887,894,4262,4837,4899,5011,5019,5092,5106,5136,5146,5147,5299,5499,5508,5559,5571,5572,5573,5574
ACETU;4263,4495,5011,5146,5265,5285
ACETX;4496,4905,5221,5244,5253,5284,5285,5444,5533,5540,5573,5576
ACFFH;4497,4911,4912
ACFFS;4498,4797,4914,4916,5589,5595
ACFHT;
ACFHU;5602,5603,5604
ACFIL;2883,4223,4320,4690,5588,5606,5611,5612,5613,5614
ACFIM;4690,4927,5587,5616,5617
ACFIN;899,2881,5609,5611,5612,5621,5622
ACFIR;746,5592,5614,5616,5617,5628,5629
ACFIS;2885,5599,5601,5629
ACFKL;2886,4503,4937,4938,5631
ACFKR;4504,4937,4939,5631
ACFLO;2883,2887,5613,5633,5636
ACFLS;907,5634,5635,5637,5638,5639
ACFNR;4943,4944,5647
ACFNY;4803,5590,5612,5620,5625,5646
ACFRS;2885,5629,5639
ACFRT;905,4506,4943,4949,4952,5640,5647,5651
ACFRU;910,5604,5617,5647,5651,5652
ACFRY;5592,5614,5625,5628,5629
ACFST;909,5595,5637,5644,5648
ACGHN;
ACGHT;4512,4963,4965,5662
ACGHU;
ACGIM;4694,4974,4975,5687
ACGIN;2607
ACGIR;5665
ACGLN;5733,5734
ACGLS;923,5738
ACGNO;4520,4700,4994,5002,5733,5735,5740,5742
ACGNS;4808,5003
ACGOR;2806,4522,4701,4992,5731,5746
ACGOT;921,4700,4701,4810,4919,4997,5002,5008,5699,5711,5727,5742
ACGOU;
ACGRS;5657,5672
ACGSS;5006,5673,5720,5744
ACGUY;
ACGWY;
ACHHN;4525,5014
ACHHT;928,5753,5755
ACHIK;929,930,931,5658,5759,5770
ACHIL;929,4224,4702,5776,5786
ACHIM;666,2898,5659,5759,5787,5789
ACHIN;667,930,4328,5787,5793,5795,5802
ACHIO;2775,2899,4328,4330,4332,4333,4704,5036,5659,5787,5789,5794,5795,5804
ACHIR;319,668,931,938,942,5665,5764,5770,5813,5815
ACHIS;4446,5654,5816
ACHIT;942,4332,4815,5030,5036,5042,5047,5805,5813,5814
ACHKL;929
ACHKN;5051,5052,5658
ACHKR;5770
ACHKS;947,2901,5820
ACHKT;949,4534,5053,5827
ACHKW;2903,4535,5055
ACHLN;4247,4536,5063,5066,5067
ACHLO;2812,4248,4955,5068,5834
ACHLR;812,4537,4819,5048,5066,5075,5076
ACHLS;5835,5836
ACHLT;5667,5841,5849
ACHLU;959,2813,4340,5667,5849
ACHMO;5659,5777,5787,5789,5822,5834,5851
ACHMP;671,945,962,4540,4822,5027,5081,5085,5834,5853,5857
ACHMR;5852
ACHMS;5836
ACHMT;2898,4543,4824,5030,5061,5084,5088,5092,5093,5094,5857
ACHNO;4708,5097,5787,5794
ACHNR;5873
ACHNT;4253,4545,5084,5096,5101,5106
ACHNU;975,5793,5802
ACHOO;5830,5861
ACHOP;967,4330,4344,4704,5794,5804,5834,5843
ACHOR;5886
ACHOS;5113,5670,5883,5886
ACHOT;2899,2909,4332,4549,5036,5053,5115,5804,5827
ACHOV;5870
ACHOW;4708,4960
ACHPR;938,5665
ACHPS;2910,5848,5871,5887
ACHPT;676,4349,5843,5848,5857,5880,5889
ACHRR;978,4350,5671,5813,5890
ACHRS;4342,4352,5672,5844,5862,5886,5893
ACHRT;5813,5814,5815,5873,5890
ACHRY;74,950,972,982,2906,4705,4713,4714,5056,5120,5135,5138,5139,5605,5770,5815,5873,5874,5881,5892
ACHST;755,984
ACHSU;975,2901,2910,4966,5104,5131,5145,5670,5672,5820,5828,5866,5886,5887,5893
ACHSV;5132,5145,5752
ACHSW;
ACHSY;4559,5135,5785,5867,5882
ACHTW;2820,4561,5137,5147,5810
ACHTY;4562,5093,5115,5138,5605,5847
ACHUV;4563,5057,5145,5802
ACIIL;985,2911,2912,4354,4702,4925,5148,5151,5606,5674,5901,5902,5904,5909,5910
ACIIM;986,5148,5759,5761,5902,5903,5917,5919,5920
ACIIN;985,988,2912,4715,4718,4719,5674,5762,5901,5904,5926,5927
ACIKK;
ACIKS;2822,2922,4358,4724,5154,5156,5164,5168,5680,5900,5937,5945,5949,5950,5953,5957
ACILL;2911,4359,5772,5775,5776
ACILM;4360,4361,4690,4726,5686,5902,5962,5963,5964,5965
ACILN;985,2912,4354,4363,5606,5612,5906,5971
ACILP;5909,5964,5967
ACILS;679,2925,4270,5156,5194,5202,6000
ACILT;1009,1010,4737,4738,5588,5939,6008,6009
ACILU;680,898,4359,4361,4733,5909,6009
ACILV;1010,4366,5695,5984,5988,5991,6003,6009
ACILX;5776
ACIMN;4741,5963,6014
ACIMP;1016,5027,5207,5213,5214,5703,5943,5944,5964,5967,6011,6014,6025
ACIMR;76,999,1011,1015,1016,2748,4272,4374,4974,5175,5211,5213,5216,5616,5617
ACIMS;2916,2927,5917
ACIMU;4361,4374,4739,5617,5704,5963,6014,6017
ACINO;5794,5795,5921,6039,6041
ACINP;77,4376,6011,6014,6039,6053,6054
ACINR;
ACINS;6037
ACINT;759,899,988
ACINU;2749,5609,5704,5793,5927,6014,6041
ACINV;684,760
ACIOR;685,1015,5211,5616
ACIOT;2832,2884,2899,2918,5036,5253
ACIOZ;4373
ACIPR;5665,5714,5929,5930,5943,5954,5993,6024,6052,6053,6076
ACIPS;6066,6079
ACIPZ;5261
ACIRS;79,2610,2885,2925,5629,5900,6000
ACIRT;942,996,5042,5165,5258,5815,5954
ACIRU;2937,4374,5617
ACIRV;5718,5764,5988,6045
ACISS;5720,5791,5817,6021,6032,6046,6072,6073,6094,6095
ACITT;1009,5933,6008
ACITV;4764,5991,6009,6097
ACJKS;1041,1043,5154,5289,5290,5765,6102
ACJKY;
ACJNO;2919,5293,5294,5295,6101
ACJNU;4765,6105
ACKKN;4593,5300
ACKKS;5820
ACKKY;6107
ACKLN;6111,6113
ACKLO;2839,2894,2945,4392,4596,4699,4989,5305,5729,5938,6100,6107,6109,6111,6112,6113,6115,6117,6118,6119
ACKLP;5155,5301,5307
ACKLS;1041,4724,4767,6110
ACKLU;4599,5308,5311,5631,6113
ACKMS;4600,5302,5316,5317,6122,6124
ACKMU;2947,2948,4769,6123
ACKNR;2950,6123,6130
ACKNS;834,2951,4602,5318,5324,5680,5947,6122,6127,6129
ACKOR;4392,4394,4395,4604,4770,4992,5305,5315,5325,5731,5938,6112,6115,6117,6118,6132,6134
ACKOW;2753,4229,6100,6118,6136
ACKPS;947,1052,2957,5329,5823,6102,6129,6138
ACKPU;4288,4398,4769,6138
ACKQU;4605,5308,5330
ACKRS;1055,5900
ACKRT;949,996,1049,1051,5954,6130,6134
ACKRW;6118
ACKSS;1043,4396,5333,6137
ACKST;1056,2959,4397,6124,6135,6138
ACKSU;2901,2951,2957,2958,2959,2960,4337,5324,5335,5343,5820,5828,6129,6131,6138
ACKSW;334,2960
ACKSY;2846,2922,4767,5313,5337,6110
ACKSZ;1052,5956
ACKTY;5610
ACKWY;335,1054,5940
ACLLO;693,4725,5633,5685,5729,6109,6139,6147,6148
ACLLS;2848,4612,4849,5059,5352,5355,5357
ACLMO;1064,2850,2964,4360,4726,5345,5359,5362,5363,5777,5962,5965,6111,6151
ACLMP;6152
ACLMS;954,1067,2965,5835,5836
ACLMY;5062,5367,5835,5837,6153,6160
ACLNS;2967,2969,5634,5635,5838,5840,6166,6167,6168,6170,6172,6173
ACLOP;695,1077,1078,2853,4622,4730,5068,5377,5394,5396,5636,5842,5843,5985,6174,6175,6178,6182
ACLOR;696,768,1077,1080,4392,4773,5734,6115,6117,6118,6162,6175
ACLOS;2967,4400,5634,6166,6168
ACLOT;6147,6182
ACLOV;1083,2972,4366,5907,5988,5991,6117,6148,6164,6169,6187
ACLOW;4775,5636,6100,6118
ACLOX;2970,5739
ACLOY;2962,2964,2968,2972,4775,5408,5613,5633,5735,5739,5839,5847,5975,6107,6109,6139,6148,6181,6182
ACLOZ;1080,5188,5381,5976,6188
ACLPS;
ACLPT;87,699,904,1078,1085,1088,5843,6178,6182,6192
ACLPU;4733,5732,5909,6152
ACLRS;2925,5700,5782,5979,5997
ACLRT;905,1085
ACLRW;6118
ACLRY;1092,2973,4393,5356,5367,5388,5414,6114,6149
ACLSS;1089,1093,5593,6166,6194
ACLST;1067,1075,1094,4776,6172
ACLSU;2969,5635,5736
ACLSW;857,4638
ACLSY;338,923,2965,4298,4400,4767,4776,5313,5418,5439,5442,5737,5785,5835,6007,6160,6172,6181
ACLTU;2926,4340,5594,5642,5643,5667,5841,5849,5982,6009,6147
ACLTY;1088,5643,5847,5915,5983,5996,6008,6172,6182
ACLXY;5442,5444,5739
ACMMO;1098,4777,5730,5822,6010,6121
ACMNO;1064,4401,4777,4778,5740,5851,6111,6151,6201
ACMOP;4778,5740,5853,6011,6020,6200,6201,6208,6211
ACMOR;1015,4231,4394,4780,5616
ACMOS;1105
ACMPR;1016,5853,5943,6024,6200,6208
ACMPS;771,4647,5449,5464
ACMPY;5214,6201
ACMRS;90,1108
ACMRY;6203
ACMSS;4875,5217,5368,5457,5618,6021,6032,6204,6215
ACMSU;341,2895,6225
ACMSY;1101,1105,2965,6160
ACNNO;1069,1109,2949,4375,4407,4744,5733,5741,5921,5969,6035,6101,6126,6161
ACNNS;5619,5707,5922,6036,6037,6231
ACNNY;4880,5376,5482,5646,6227
ACNOP;967,4376,4778,5097,5227,5377,5484,5485,5740,5794,6011,6039,6040,6200
ACNOR;
ACNOS;1071,4410,5634
ACNOT;1111,4700,5742
ACNOW;772,2868,4708
ACNOX;5475
ACNOY;2968,4401,5295,5490,5735,5975,6049
ACNPU;6053
ACNRS;93,773,970,1073,4342,6231,6248,6249,6252,6253
ACNRY;2906,5873,5874,6248,6252,6253,6254,6255
ACNSS;973,1025,1116,5720,5871,6055
ACNST;
ACNSY;1101,4382,4748,5240,5490,5506,5737,5867,6037,6049,6230,6231,6241,6248,6252,6253
ACNTY;875,5245,5392,5482,5500,5510,5983,6254
ACOPR;1077,4395,4770,4945,5394,5453,5519,6132,6175,6179,6200,6257
ACOPS;5952,6102,6259
ACOPT;1078,4405,4415,5843,6103,6182,6211,6260
ACOPY;4307,4415,5626,6068,6182
ACORS;4712,5883
ACORT;344,4414,4701
ACORY;5650,5746,5881,6272
ACOSS;2983,4891,5006,5403,5457,5534,5627,5989,6021,6073,6120,6216,6284
ACOST;2613,5595,6135,6262
ACOTT;345,709,1082,2909,5827,6067,6260
ACOTU;1122,2956,6147
ACOUY;4348,5869
ACPPU;
ACPRS;6248,6287
ACPRY;4310,5120,5414,5881,6192,6248
ACPST;100,1113,1124,5808,6027,6056,6078,6079
ACPSU;2910,2957,6259
ACPSY;6075,6248,6287
ACPTU;1045,4349,5809,5889,6080,6106
ACRRS;1055,1125,1126,6183,6212,6236,6249,6269,6291
ACRRU;4350,5671
ACRRY;5746,6238,6272
ACRSS;711,776,1089
ACRST;
ACRSU;2958,4352,4793,5672,5828,5893,6249
ACRSW;980,4316,5133,6090,6253
ACRSY;5629,5657,5892,6075,6091,6231,6248,6253,6287
ACRSZ;777,6031,6092,6282
ACRTT;887,1128,4684,5136,5299,5338,5432,5508,5559,5571,5572,5573,5574
ACRTU;981,1129,1130,5604
ACRVY;1092,5563
ACRYZ;6004,6255
ACSST;102,1038,4763,5630,6032,6078
ACSSU;1093,6006
ACSSW;
ACSTT;104,984,1056,1094,1117,5750
ACSTU;5750,6082,6096,6097
ACSUY;5898,6007,6150,6160
ACTTY;5344,5574,6008
ADDDE;4421
ADDDY;6308,6314
ADDEF;4425,6318
ADDEH;1135,4430,4431,6359,6372
ADDEI;6375,6395
ADDEJ;2990,6362,6405,6406,6407
ADDEL;6357,6428
ADDER;
ADDES;1145,2992,3006,3007,6336,6346,6436,6461,6462
ADDET;1142,2993,3006,6332,6346,6374,6423,6426,6436,6454,6461
ADDEV;6392,6395,6401
ADDEW;6430,6437
ADDEZ;2994,6427,6428
ADDFY;6352,6465
ADDGI;6360,6469
ADDHO;4447,4448,6314,6359,6372,6494
ADDIM;3010,6471,6504,6508
ADDIO;6386,6393,6394,6395,6508,6509,6513
ADDLY;6506,6521
ADDNY;6340,6447,6465,6506,6514,6521
ADDOR;3013,4448,6295,6485,6509,6513,6526
ADDOS;1157,2988,6315,6482,6483,6522,6524,6525,6528,6530
ADDPY;6479,6528
ADDRY;1155,4454,6514,6521
ADDSU;4444,4460,6446,6462,6530,6531
ADDSW;1159,6402,6424,6458
ADDSY;3007,4456,4459,6403,6447,6512,6528,6531
ADDWY;
ADEEL;4476,6646
ADEEM;718,1164,4485,6676
ADEEN;6556
ADEER;6699
ADEES;6323,6538,6578,6580,6599,6618
ADEET;4474,4495,4496,6341,6570,6625,6700,6726
ADEEV;4485,6617
ADEFG;1170,3014,4499,6539,6748,6749
ADEFK;4504,6542
ADEFM;6761,6762,6784
ADEFR;6756
ADEFS;1173,3058,6733,6762,6765,6785,6787,6789
ADEFT;3055,6748,6778
ADEFX;6734,6769
ADEFY;6532
ADEFZ;1175,6788
ADEGG;6816
ADEGJ;6362,6827,6863
ADEGL;6299,6360,6828,6842,6843,6865,6868,6878
ADEGM;3068,6829,6867,6886
ADEGP;6816,6844,6876,6886
ADEGR;1178,1181,6825
ADEGS;6848,6859,6860,6906
ADEGT;6561,6883
ADEGU;4513,6539,6562,6749,6827,6828,6836,6859,6862,6864,6930
ADEGW;6576,6836,6913
ADEGZ;3018,6852,6862,6910,6920
ADEHJ;1191,6827
ADEHK;6938,6960
ADEHL;4206,4531,6805,6963
ADEHM;721,1193,4540,4543,6584,6829,6943,6980
ADEHO;3019,3064,3081,6359,6829,6932,6933,6943,6960,6980,6992,6993,6996,6998
ADEHR;1178,1191,1198,3065,6756
ADEHS;6599,7013
ADEHT;6933,6960
ADEHW;1197,1198,1199,3023,3081,6756,6832,6836,6954,6999
ADEHX;1195,4530
ADEHY;1199,4431,4559,6599,6942
ADEHZ;7014
ADEIL;725
ADEIM;3093,4572,4574,6943,7084,7085,7095,7096
ADEIN;7103
ADEIR;6807,6857,7023
ADEIS;1173,1210,6733,6768,6808,6858,7121,7127
ADEIU;4213,4435,6391,6809,6861,6862,7083,7084,7135
ADEIW;7085,7133
ADEIZ;6857,6862,7023,7161
ADEJP;
ADEJS;3025,6618,7165,7169,7170
ADEJW;
ADEKL;7176,7178
ADEKN;4593,4603,6326,6619,7185,7186
ADEKO;4215,4517,4596,4604,6959,6960,7176,7185,7200
ADEKR;7200
ADEKS;1222,7202
ADEKW;6625,6626
ADELL;1224,6629,6773,6962,7211
ADELM;106,1225,1228,6866,7219,7232
ADELN;1225,1232,7219
ADELO;7210,7211,7262,7263
ADELP;
ADELR;7287,7288
ADELS;7295
ADELT;6425,6426,6778,6782,6783,6877,6883,7262,7263,7296,7297,7298,7299,7300
ADELV;
ADELW;6650,6813,7277,7284,7288,7297,7300
ADELX;1228,1232,6583,6651,6659,7052,7285,7288,7299
ADELY;6976,7211,7232
ADELZ;6427,6656,6660,6662,7232,7300
ADEMM;
ADEMN;
ADEMP;6844,7301,7328,7330
ADEMR;1181,1215
ADEMS;4647,6785,7319,7322,7323,7324,7330
ADEMT;4543,4572,7078,7095,7096
ADEMW;6430,6437,6674,6675,6676,7330
ADEMX;1228,6385,7094
ADEMY;735,3041,3123,4574,6637,6666,6676,7096,7232,7316,7324,7325
ADEMZ;3042,7224,7232
ADENO;3072,3147,6309,6386,6438,6888,6891,6892,6895,6896,7100,7102,7103,7104,7346,7348,7349,7352
ADENP;1139,6441,7346,7373
ADENR;1249
ADENS;1183,6746,6815
ADENT;
ADENV;737,1249,4666,6895,7199,7373
ADENW;7308
ADENY;6851
ADEOP;6449,6689,6816,6891,6932,6992,6993,6994,7122,7167,7346,7349,7351,7409,7410,7411,7412
ADEOR;2770,3147,3163,4604,4651,7167,7349,7354,7412,7426
ADEOZ;7104,7129,7348,7417,7426
ADEPR;7412
ADEPS;7301,7330,7447
ADEPT;1142,4668,6449,7122
ADEPU;4553,4657,6441,7135,7366,7373,7409
ADEPV;7139,7373,7412
ADEPW;1197,1259,7002,7330
ADEPY;
ADERR;
ADERS;
ADERT;
ADERU;1266,4221,4685,6699,7004,7424,7443
ADERV;1249,6791,7412,7421,7460
ADERW;3059,3136,4634,6756,7287,7288
ADERX;3105,7125,7148,7285,7288,7386
ADERY;7151,7426
ADERZ;7023,7417,7426
ADESS;6451,6456,7170,7418,7453,7454
ADEST;6400,7127
ADESV;1189,3170,4682
ADESW;2633,4611,6538,6674,6725,7323,7330,7434
ADESY;3007,3110,6403,6599,6618,6724,7013,7324
ADESZ;7295,7400,7447
ADETW;6625,6675,7273,7300
ADETX;3053,4496,6659,6698,6714,6726,7285,7299,7386,7403
ADEVW;
ADEWX;6348,6716,6725,6727,7288,7404
ADEWY;1199,6626,6676,7162,7325,7429
ADFFR;1169,6729,6732,6737
ADFFS;4498,6733,6741,7471
ADFFY;7470
ADFIV;
ADFLU;7480,7481,7495,7496,7499
ADFNO;7469,7472,7497
ADFNS;1272,6549,6746,6765,6786,6787,7479,7489,7498
ADFOS;3058,6785,6789,6790,7475,7484,7491,7501,7506
ADFRS;7489,7491,7506
ADFRT;7508
ADFRU;7499,7508
ADFRW;3059,6356,6552,6756,6797,7507
ADGGY;6823
ADGIL;110,1278,6360,6837,6840,6841,6842,6843,7512,7532,7554,7555,7556
ADGIS;750,1285,1287,4516,6808,6826,6841,6845,6848,6854,6858,6859,6860,7479,7519,7523,7537,7541,7548,7551,7555,7562,7566,7570,7572,7577,7578,7579,7585
ADGJO;
ADGLN;1293,1294,3187,6480,7587,7589,7590,7591,7592
ADGLS;7551,7555,7595
ADGLY;1292,3188,7554,7556
ADGMO;377,1283,1299,6814,6829,6886
ADGNO;1293,4520,4700,6480,6870,6888,6894,6895,6896,7587,7592,7593
ADGNR;7594
ADGNS;378,1183,1298,1302,6475,6746,6815,6831,6848,6884,6898,6905,6906,7479,7519,7537,7562,7570,7577,7578
ADGNW;7526,7592
ADGNY;1305,6851,7576,7582,7604
ADGOO;7527,7608
ADGOP;6816,6886
ADGOS;379,1287,3190,6478,6483,7551,7609
ADGRS;3190,7523,7609
ADGRU;7610
ADGSU;1290,6859,6906,6930,7555,7578
ADGSW;7609
ADGUY;3188,6928,7556
ADHIJ;2635
ADHIK;6938,7627
ADHIL;4224,4702,7631,7635
ADHIN;1316,6489,7631,7640,7642
ADHIP;1316,4528,4704,6489,6940,6945,6947,6948,6950,7521,7627,7632,7642
ADHIS;1315,7625,7644,7646
ADHJO;3194
ADHKS;1318,7617,7648,7649,7650,7652
ADHLO;6492,7653,7654,7655,7658
ADHLS;7483
ADHLU;7481
ADHNO;3194,4708,7469,7640,7654
ADHNS;
ADHNU;7481,7520
ADHNY;7482,7631,7663,7671,7672
ADHOR;1279,3195,7528,7651,7661,7676
ADHOS;3191,3200,6996,6997,7484,7618,7619,7644,7646,7652,7678
ADHRS;3201,7529,7669,7683,7685
ADHRY;1331,4713,4714,7661,7671,7672
ADHSS;
ADHST;755,7615,7646,7678
ADHSU;3196,3201,7529,7617,7619,7629,7649,7652,7680,7683,7684,7685
ADHSY;3200,4559,6599,7013,7483,7636
ADHWY;117,1199,1331
ADIIL;1334,3085,4702,7532,7699
ADIIN;1335,1336,3202,4715,4717,4718,4719,7018,7019,7687,7708
ADIIO;1335,3202,4718,4720,7535,7693,7695
ADIIR;1281,1336,4564,4719,4721,4722,6469,7018,7022,7023,7536,7687,7715,7716,7717
ADIKN;3204,4695,7028,7031,7542,7626,7724,7728,7734
ADIKO;7627,7725
ADIKS;3205,4724,6499,6501,7029,7031,7032,7690,7727,7731,7733,7734,7737,7744
ADIKU;7730,7738
ADILN;387,1343,6504,6506,7631,7724,7754
ADILO;2779,3209,4725,4732,6507,7695,7726,7777
ADILP;1343,7778,7783
ADILR;4734,7512
ADILS;6507,7551,7726,7747,7776
ADILT;1342,1347,1351,3209,4732,4734,4737,7532,7552,7775
ADILU;3213,7556,7757
ADILV;1334,1351,7553,7694,7772
ADILY;1339,1350,1352,3213,3214,6506,7556,7631,7634,7636,7724,7781
ADIMN;3010,4741,6471,6504,7488,7544,7557,7558,7559,7728,7753,7754
ADIMO;1283,1356,3093,3216,6509,6943,7084,7085,7795,7796
ADIMR;3216,7796
ADIMS;1285,1315,7625,7638,7700,7703,7729,7795
ADIMT;1342,4572,6607,7090,7095,7096
ADIMX;6385,7094
ADINN;3180,4696,4717,4744,7477,7513,7518,7534,7558,7561,7562,7563,7564,7701,7728,7790,7815,7817,7818,7819
ADINO;1335,3202,3220,6386,7102,7104,7640,7814,7821,7822,7824
ADINR;6514,7687,7708,7819
ADINT;7640,7722,7830
ADINV;7828
ADINW;3204,7754,7841
ADIOP;1370,4704,4749,7121,7122,7627,7814,7821,7822,7823,7824,7842,7844,7845,7846,7847,7848
ADIOR;1356,3216,6509,7492,7796,7842,7844,7847
ADIOS;1287,7055,7121,7126,7541,7551,7633,7644,7695,7703,7756,7795,7798,7843
ADIOT;392,1288,3209,3220,7552,7567,7640,7722,7777,7824,7830
ADIOU;7056,7084,7730,7757,7777,7852
ADIOV;6395,7102,7124,7131,7132,7553,7772,7828,7847
ADIOX;4756,7125,7130
ADIOZ;1370,7104,7492
ADIPR;3226,7521,7569,7584,7774,7778,7800,7823,7842,7844,7846,7847
ADIPS;1210,1337,6396,6498,6499,7106,7121,7570,7733,7816,7831,7848
ADIPV;7087,7139,7704,7783,7847
ADIQS;6516,7784,7801,7832,7857
ADIRR;1362,1373,4750,7522,7571,7796,7825,7844
ADIRS;
ADIRT;120,1347,2783,3186,3231,4722,4734,4762,7717,7786
ADIRX;3105,7125,7148
ADIRY;3203,3231,4454,6514,7151,7576,7717,7819
ADIRZ;6857,7023,7492
ADISS;1372,3229,7740,7858,7861,7862,7863
ADIST;3107,6400,6466,6516,6519,6614,6768,6858,7158,7471,7615,7872
ADISV;
ADISW;7744,7812,7843,7854
ADISY;1350,1369,3110,4456,4748,6403,7073,7160,7636,7744,7747,7781,7788,7872
ADITU;4762,4764,7580,7837,7852
ADITV;1351,4764,7719
ADIVV;
ADIYZ;7075
ADJNU;4592,4765,6406,7166,7877
ADJSU;1290,7169,7170,7873
ADKKU;
ADKLS;4724,7650,7726,7727
ADKLY;1339,7030,7881
ADKMU;3232,4769,7730,7882
ADKNR;1378,7542,7734
ADKNS;7626,7732,7733,7734
ADKNY;1319
ADKOV;
ADKRS;3205,7628,7734,7737,7886
ADKRY;1376,7885,7886
ADKSU;1380,7195,7617,7652,7873,7884
ADKSW;4611,7196,7744,7886
ADLLO;1340,3012,4725,6962,7210,7211,7587,7653,7654,7887,7888,7889,7890
ADLLY;1224,6629,7211,7493,7888,7890,7894
ADLMO;1390,7494,7655,7874,7888,7898,7899
ADLMU;1389,7495,7753,7757,7882,7899
ADLMW;7754
ADLMY;3123,6637,7232,7655,7888,7897
ADLNO;3187,6480,7472,7497,7587,7592,7593,7654,7889,7890
ADLNS;7498
ADLNU;7481,7922
ADLOP;4766,7497
ADLOS;769,6507,6522,7551,7595,7695,7726,7776
ADLOT;3128,3209,4625,4732,6778,6877,6968,7254,7256,7259,7262,7263,7552,7775,7777
ADLOU;7056,7257,7263,7499,7757,7777,7899
ADLOW;3129,4775,7210,7592,7596,7889,7925
ADLPS;1391,1402,7595,7892
ADLRS;1402
ADLRU;2640,3241,6520,7499,7882,7899,7923
ADLRW;397,3136,3211,4634,6420,6650,7277,7284,7287,7288,7696,7925
ADLRY;1396,6521,7594,7920
ADLST;4776,7911
ADLSU;
ADLSW;
ADLSY;1350,4776,7483,7498,7636,7747,7762,7781,7788,7914
ADLTU;1239,3141,6783,7249,7263,7298,7299,7895,7915,7922
ADLUY;3188,3213,3241,7556,7789,7920
ADMNO;1407,1410,3244,4778,7934,7935,7936
ADMNS;
ADMNU;1389,1415,3232,7753,7936
ADMOU;2642,7084,7730,7757,7936,7946
ADMPS;4647,4781,7225,7301,7309,7319,7326,7328,7329,7330,7638,7759
ADMPY;
ADMRS;4707,7937,7947,7948
ADMRU;3246,7882
ADMRY;1155,1376,1413,1421,3246,7661,7939,7945
ADMSU;1270,3196,4781
ADMSW;6674,7323,7330,7334,7804,7812
ADMTU;1415,3197,7095,7317,7335,7338
ADMUW;6437
ADNNO;400,1407,3244,4744,6888,7339,7790,7814
ADNNU;7961,7962
ADNNY;7339,7345,7663,7819,7955
ADNOO;1429,3233,7346,7347,7348,7821,7935
ADNOR;1431,6438,7352,7353
ADNOS;2787,3252,3253,7971,7979
ADNOW;772,1410,4708,6896,7308,7526,7592,7889,7972
ADNOZ;1395,7104,7348,7360,7935
ADNPS;7570,7601,7641,7733,7816,7831,7917,7968,7971,7982
ADNPY;7240,7371,7972
ADNRS;7670
ADNRT;7671,7908,7938,7957,7965,7976
ADNRW;1412,1435,1440,1441
ADNRY;1305,1396,1413,1436,1439,1441,6514,6521,7576,7594,7670,7671,7672,7768,7819,7920
ADNSS;1379,1397,1437,7769,7793,7910,7921,7940,7978,7984
ADNST;1272,7503,7911,7958,7971,7979
ADNSU;
ADNSW;404,1326,7966,7974,7986
ADNSY;3253,4748,7498,7914,7942
ADNTU;1415,4765,7580,7668,7915,7922,7960
ADNTY;1439,7387,7671,7916,7976
ADOPS;6528,7845,7848,7878,7892,7924,7968,7989,7990,7991
ADOPT;1444,1448,4668,6449,6689,6993,7122,7254,7411,7504,7673,7676,7846
ADOQU;1417,7409,7936
ADORR;1442,4711,4750,7674,7825,7844,7925,7973,7998
ADORS;1443,4232,7475
ADORT;1418,1431,1444,4701,7610,7676,7908,7938,7944,7951,7957,7965,7975,7976
ADORU;2790,4790,7257,7424,7499,7610,7852,7923,8003
ADORW;3258,7507,7651,7925,7998
ADOSS;6914,7126,7940,7978
ADOST;6530,6915,6996,7259,7355,7503,7911,7932,7958,7980
ADOSW;7323,7843,7854,7966,7991
ADOTT;1448,4673,6916,7262,7423,7428,7799
ADOTY;408,4755,6494,7736,7916,7976
ADPRS;1328,1402,1433,1443,7968,7989
ADPRU;775,1434,3226,7366,7923,7969
ADPRY;7778,7800
ADPSY;6528,7781,7878
ADQSU;3166,4678,6531,7003,7448,7784,7801,7857
ADQUY;6531
ADRRU;1404,6922,7168,7276,7331,7605
ADRSS;776,1437,1457,3167,3229,3265,6456,6706,6923,7278,7378,7439,7453,7802,7855,7858,7861,7862,7984
ADRST;411,1158,1458,1459,3266,4792,7612,7952,8005
ADRSU;1458,4792,4793
ADRSW;
ADRSY;413,1309,1459,3262
ADRTY;3172,3231,6926,7009,7151,7286,7387,7458,7671,7717,7786,7864,7976
ADRVY;
ADSSW;1452,7011,7392,7463,7681,8008
ADSTU;414,1458,3266,6530,7612,8005
ADSTW;8000,8008
ADSUY;6531
AEEFN;8028,8029,8030,8041,8050
AEEFR;8009,8029,8044,8045,8046,8047,8050,8054,8059
AEEFS;3276,8032,8038,8042,8048,8060
AEEFZ;8047
AEEGL;4806,8011,8028,8077,8078,8081,8098
AEEGN;6559,8028,8074,8078,8083,8086,8087,8103,8134,8135
AEEGP;3286,6571,8014,8083,8088,8089,8125,8131,8135,8150
AEEGR;779,8014,8072,8089,8090,8150,8160
AEEGT;8033,8163
AEEHM;3295,4822,6584,8180
AEEHR;780,3279,4828,8176,8179
AEEHT;3303,8174
AEEHV;4816,8209
AEEIN;4799,4841,4842,8019,8078,8083,8084,8085,8086,8087,8169,8234,8235,8236,8238,8260,8265
AEEIR;3304,3306,3309,4841,8020,8082,8084,8090,8225,8231,8232,8235,8242,8243,8244,8248,8255,8261,8266,8278,8279
AEEIY;6605
AEEKM;8295,8302
AEEKN;3315,3316,4845,4847,6326,6619,6620,8176,8177,8228,8292,8307,8308,8310
AEEKP;3318,3320,4847,8308
AEEKR;8176
AEEKS;1473,1474,3029,3314,3320,3323,8230,8285,8298,8300,8324,8325
AEELL;3030,3325,6627,6629,8025,8040,8286,8294,8328,8332
AEELN;8019,8028,8078,8103,8238
AEELR;3342,8009,8035,8044,8045,8046,8047,8244,8376
AEELS;1474,4820,4864,8018,8048,8190,8377
AEELT;8040,8049,8226,8245,8294
AEELV;8286,8328
AEELW;6650,8036,8045,8081,8111
AEELY;3270,3325,3342,8046,8112,8338
AEELZ;6564,6662,8047,8097,8113,8244
AEEMM;1164,3326,6630,8404,8405,8406
AEEMN;8302,8408
AEEMR;8402,8428
AEEMS;8197
AEENR;3356,3357,8169,8176,8443,8466
AEENT;8474
AEENV;3316,3356,8264,8265,8440,8459,8465,8474
AEEOZ;8477
AEEPR;8014,8150
AEEPS;1484,3320,8270
AEEPT;4832,8271,8477
AEEPY;8405,8424,8498
AEEPZ;8477,8499
AEERR;
AEERS;1487,8528
AEERT;8020,8266,8278,8279,8482,8529,8530,8531
AEERV;4906,8279,8465,8466,8482
AEERZ;4906,8047,8113,8160,8244,8499
AEESS;8140,8166,8220,8285,8312,8450,8468,8469,8536
AEEST;789,4892,8325,8506
AEESV;4844,8230,8270,8281,8291,8485,8504
AEESZ;3291,8075,8258,8473
AEETX;1490,3053,3375,4496,4838,4905,6659,6698,6714,6726,8049,8271,8283,8387,8529,8531
AEETZ;8163,8174,8477,8499
AEEVW;8265,8401,8475
AEFFG;
AEFGN;8029,8030,8542,8582,8583,8585,8586,8602,8603
AEFHS;8545,8613,8614
AEFIK;8629,8632
AEFIN;3390,8585,8586,8672
AEFIR;1492,2646,8539,8541,8547,8549,8575,8588,8612,8658,8673
AEFKL;1501,4938,8632,8689
AEFKN;8690
AEFKR;4504,4939,6771,8554,8690
AEFKS;
AEFKY;
AEFLL;1493,6774,8025,8040,8556,8590,8693,8696,8697,8698
AEFLM;4927,8557,8634,8702,8703
AEFLN;3398,8706,8710
AEFLR;8009,8045,8047,8618,8719,8729
AEFLS;8048,8563,8718
AEFLT;792,4938,6546,6782,8040,8049,8696,8710
AEFLV;8642,8647,8654
AEFLY;3395,3398,8654,8655
AEFMR;1508,4920,8050,8052,8566,8656,8734,8735
AEFMS;1507,3402,6548,6762,6785,8601,8657
AEFNR;4943,8029,8050,8592,8603,8683,8707,8734,8748
AEFNS;6786,8742,8747,8748,8750
AEFNY;3398,4803,8745
AEFOR;3404,3405,3406,4915,4921,4945,4946,8554,8691,8753,8754,8755,8756,8757,8758
AEFOV;6791,8568,8608,8754,8758
AEFPR;1503,4804,4945,8547,8664,8721,8744,8753
AEFRR;1510,3404,8559,8605,8754
AEFRS;8543,8572,8606,8742
AEFRT;1508,3383,4943,4952,8603,8607,8734,8738,8758
AEFRU;1509,8058,8566,8569,8673,8768,8769
AEFRV;6791,8608,8647,8754,8758
AEFRW;1505,1510,3059,6356,6552,6756,6797,8045,8562,8612,8648,8753
AEFRY;3406
AEFSS;8772
AEFST;2647,3384,8545,8760
AEFSV;
AEFSX;8552,8680
AEFSZ;8572,8613
AEFTT;1496,8573,8653,8696
AEFTW;1499,8033
AEFUV;
AEGGI;8575,8783,8790,8792,8793
AEGGO;1513,1514,3411,6814,6816,8067,8574,8577,8780,8798,8807
AEGGR;4954,8575,8790
AEGGS;1512,1518,3278,8063,8066,8070,8071,8774,8779,8782,8800,8805,8808,8822
AEGGU;8775
AEGHP;6830,6834,8829,8857
AEGHR;1178,3065,3279,3419,6834,8778,8841
AEGIL;3381,3420,4806,4967,6360,6837,8076,8081,8825,8875,8882,8884,8885
AEGIM;3425,4973,4975,8828
AEGIS;1530,4516,8091,8959,8979
AEGJR;8824,8980
AEGJU;6362,6827
AEGLL;1538,4967,4993,8875,8876,8878,8879,8883,8885,8999
AEGLM;6558,6865,6868,8100,9010,9011
AEGLN;8104
AEGLP;1546,6876,9020
AEGLR;
AEGLS;8774,8805,8982,9041,9061
AEGLT;6883
AEGLV;9066,9068
AEGLY;1520,8907,9051,9067,9068
AEGLZ;8097,8599,8885,9036
AEGMM;
AEGMN;8846
AEGMO;2805,3411,4973,4991,5000,6814,6886,8577,8807,9010,9087
AEGMR;8987
AEGMS;8601,8850,9090
AEGMY;8922,8987,9087
AEGNO;1513,1564,2651,3072,3427,4520,4976,5002,6891,6894,6895,6896,8134,8851,8936,8984,9101,9109
AEGNR;804,8542
AEGNS;1183,1562,1571,4957,5003,6815,6831,6898,6906,8812,8855,9094
AEGNT;5002,9101,9123
AEGNU;1571,2652,8144,9082,9099,9123
AEGNV;1572,6895
AEGNY;3431,6851,8933,9109
AEGOT;4919,5002,8604,9076,9092
AEGPR;8014,8125
AEGPS;8939,8959,8962,9094,9155,9156,9157
AEGRR;431,1529,1575,2653,3413,3461,4954,4961,8605,8790,8918,8960
AEGRS;1498,8543
AEGRT;806,1557,3383
AEGRU;2655,3289,3419,4964,4985,8090,8160,8970,8971
AEGRV;8608
AEGRW;3290,6576,6913,8111,8155
AEGRY;8922,8970,8987
AEGRZ;8160
AEGSS;432,1530,1578,1587,3447,5006,8091,8114,8140,8903,8947,8974,8982,9026,9041,9049,9121
AEGST;3384,4965,8862
AEGSU;434,1571,2808,4812,4966,5003,6906,8032,8601,8850,9089
AEGSV;9143
AEGSW;1590,3459,5007,8782,8805,8822,9029,9065,9081,9085,9141
AEGSY;1580,8093,8979,9143
AEGSZ;3291,3464,8075,8837,8951,8977,8979
AEGTU;6907,8144,9082,9099
AEGUV;9066,9068,9146
AEGUZ;6910,8160,8599,9147
AEHHP;1595,6932
AEHHT;1595,6933,8164,8823
AEHJR;1191
AEHJS;
AEHKN;1598,3480,5051,5052,8177
AEHKS;
AEHKU;3481,3482,5057,8179
AEHLM;5062,9291,9292
AEHLO;2812,4248,4955,5068,5069,8182,8615,9206,9212,9270,9286,9293,9306
AEHLP;1596,1607,3487,6940,6963,6969,8183,9213,9214,9306,9307
AEHLR;812,5048,5066,5069,5077,8615,8618,8778,9306
AEHLS;8018,8190,8614,9284
AEHLT;3487,8620
AEHLU;1519,2813,8620,9223,9289
AEHLV;9223,9224,9286,9289
AEHLW;9270,9295
AEHLY;1520,6942,9208,9211,9224,9290,9292,9322
AEHLZ;8618,9225,9290
AEHMN;1193,3492,6584,6979,8846,8847,9291,9292,9334,9337,9338
AEHMO;3471,3492,6943,6980,6981,9206,9291,9293,9334,9336,9337,9341,9342
AEHMR;8848,9334,9339,9342,9349,9350
AEHMS;3295,8197,8850,9333,9355
AEHMT;3473,4543,5030,5088,5092,5093,5094,8828,9341,9342,9345,9350
AEHNN;3297,4825,5031,5063,5095,5096,6585,8846,9357,9358
AEHNS;3298,3417,3493,8200,8204,8852,9186,9362,9364
AEHNT;3480,4253,5034,5096,5106,5108,8831
AEHNV;
AEHNY;3494,4255,5035,5052,5108,8854,9211,9231,9292,9337,9338,9358,9361,9371
AEHOV;9286,9392
AEHPR;9213,9236,9246,9306,9397
AEHPS;1599,1619,9199,9232,9247,9278,9398
AEHPY;8857,9338,9361
AEHRS;
AEHRT;1597,9342,9384,9391
AEHRU;3419,3481,4923,4964,5016,5089,5119,6987,7004,8179,8853,9339,9392,9393
AEHRV;9392
AEHRW;1198,6756,6954,8612,9262,9393,9397
AEHRY;1600,3494,3497,5056,5077,5120,5128,5139,8854,9322
AEHRZ;1617,8618
AEHSS;
AEHST;1601,8545,8860,9394,9428
AEHSU;3476,4924,4966,5145,8197,8210,8850,9254,9354,9355,9394,9398,9427,9428
AEHSV;5145,9429
AEHSW;1602,8168,8222,8782,9203,9283,9355
AEHSY;4559,6599,7013,8222,9193,9266,9268,9333,9407
AEHSZ;6956,8075,8613,8837,9267
AEHTT;822,1610,1613,4262,4837,5019,5080,5092,5106,5146,5147,8192,9221,9269,9383
AEHTU;823,3477,3482,4263,5146,8620,9394,9427,9428
AEHTW;2820,5147,9269
AEHVY;9224,9268
AEHYY;
AEIJS;3506,3508,5154,6936,8628,8784,9196,9471,9474,9475,9476,9477,9479,9481
AEIJX;
AEIKL;3420,3510,5155,8224,8825,9467,9468,9484,9487,9488,9490
AEIKS;440,2822,3509,5154,5167,5168,8230,8874,9485,9486,9511,9517,9518,9544,9545
AEILL;1623,8076,8231,8875,8878,8879,8882,8884,8885,9488,9552,9554,9555,9556,9557,9560
AEILM;9467,9586
AEILN;442,1626,8019,9436,9587,9597
AEILP;1596,1630,3521,8224,9554,9555
AEILR;8231,8243,9441,9560,9620,9643
AEILS;1636,4270,5186,5202
AEILT;8245,8246,9446,9623,9632
AEILV;8243,8246,8647,8654,9224,9441,9504,9620,9623,9628,9643,9644,9657
AEILW;5204,8036,8081,8655,9468,9510
AEILX;3389,3531,8649,9566,9658
AEILZ;5151,5188,8885,9225,9446
AEIMM;9668
AEIMN;9685
AEIMR;1641,4272,5158,5211,8253,8658,8659,9450,9688,9703,9705
AEIMS;9700,9701,9724
AEIMV;1644,5212,9450,9678,9685,9705,9713
AEIMZ;9668,9692,9725
AEINN;1626,3503,8247,9436,9570,9587
AEINR;3515,3557,9456,9521
AEINS;9782
AEINT;8672,9461,9786
AEINV;8265,9685
AEINX;7103,8251,8669,8672,9461,9683,9746,9786
AEINZ;5247
AEIPR;8547,9246,9798,9802,9803,9818
AEIPS;1210,1649,6396,6949,8548,8916,8959,9199,9232,9247,9485,9662,9701,9799,9806
AEIPT;3569,5039,5262,6950,8271,8917,9253,9702,9827
AEIRR;1529,1641,8790,8918,8941,8963,9255,9663,9675,9703
AEIRS;9465
AEIRT;1597,4280,5042,8020,9853,9854
AEIRU;1632,3581,8090,8588,8646,8673,8793,8970,8971,9217,9537,9541,9560,9640,9732,9765,9767,9768,9769,9812,9828,9841,9846,9853,9854
AEIRV;1633,8171,8243,8647,9441,9450,9504,9620,9628,9643,9644,9696,9828
AEIRY;7151,8970,9802,9818,9837,9853,9855
AEIRZ;5271,7023,9482,9803,9854
AEISV;3585,8230,8281
AEISZ;5261,8613,8837,8977,8978,8979,9267,9796
AEITT;1533,3563,7117,8245,8263,8653,9221,9737
AEITV;3567,8246,9623,9657
AEITW;9784
AEITX;1665,3586,5221,5244,5253,5285,8271,8283,9461,9683,9691,9702,9786,9827
AEIVW;5204,8265,8955,9784
AEIVZ;
AEJKR;
AEJKS;5154,5289,8285,9879
AEJKY;
AEJLP;
AEJLV;8286,9469,9881
AEJMS;8287,9474,9475,9885,9889
AEJNS;3508,3589,3592,5293,8981,9475,9476,9477,9879,9891,9892
AEJPR;1668
AEJPS;
AEJRS;832,5289,7169,8290,9471,9477,9481,9879,9885,9887,9898,9899
AEJST;2837,8983,9900
AEJSY;4846,6618,8093,8291,9890,9892,9897,9898,9900
AEKKM;
AEKKS;1473,3509,7171,9485,9486,9901,9902
AEKLN;9905
AEKLR;9912
AEKLS;8300
AEKLT;452,8294,9915
AEKLW;8689,9468,9487,9510
AEKLY;7030,9488,9506,9912
AEKMM;9511,9927
AEKMR;5158,5315,8987,9491,9513,9515,9516,9878,9927
AEKMS;1672,1679,3601,3607,3609,5302,5316,9511,9514,9518,9928,9930,9932,9934
AEKNO;7185,8292,8984,8989,9492,9939
AEKNP;833,4847,5314,5319,6619,7172,7186,7187,8308,8868,9493,9512,9520,9905,9906,9939,9944,9947
AEKNR;8869,8989,9513,9520,9927,9944
AEKNS;3607,3612,3613,5323,5324,9930,9941
AEKNT;1536,1598,8177,9947
AEKNV;3316,7199,9498,9908,9955
AEKNW;
AEKOP;3318,3604,4286,5160,5287,7176,8553,9939
AEKOR;1669,3434,3614,4604,4992,5305,5315,5325,6959,8315,8554,8989,9275,9912
AEKOT;835,3615,5053,6960,8555,9500,9963
AEKOW;5326,8315
AEKPS;1222,1599,3320,5329,7202,9199,9278,9485,9934,9964,9968
AEKPY;1670,9967
AEKQU;5308
AEKRR;8319
AEKRS;9969
AEKRT;
AEKRW;9516,9536
AEKSS;5167,8285,8324,9432,9544
AEKST;137,1601,9202,9486,9518,9526,9545,9941,9968
AEKSU;3609,3613,5324,5335,5343,7195,8321,9541,9926,9930,9934,9938,9946,9951,9964,9968,9976
AEKSW;8874,9203,9283,9979
AEKTW;2847,6625,7197,8323
AELLL;458,1688,5170,8875
AELLP;3521,5058,5301,8329,8878,9552,9554,9988,10007
AELLS;837,1696,5059,5350,5355,9285,9287,9981,9995,10000,10016
AELLY;1224,3325,3395,3600,4291,6629,7041,7211,8556,9290,9488,10012
AELMM;1699,10030,10032,10033
AELMN;463,1225,1701,3619,3632,7219,9980
AELMO;1702,2850,3633,5345,5362,5363,9010,9206,9904,10033,10051,10052,10059
AELMP;138,1703,10052
AELMR;
AELMS;1672,1706
AELMT;3328,3528,8100,9580,10059
AELMU;1701,8702,8703,9010,9576,9904,9980
AELMY;5062,5179,6637,7232,9208,10033,10052
AELNO;466,1709,1710,3642,3643,4292,5373,5377,5381,8706,9988,9990,9991,10088,10095
AELNP;5065,5377,9905,9988,9992,10097
AELNR;
AELNS;468,1708,2667,3650,9995
AELNT;3621
AELNU;1701,9497,9576,9597,9614,9877,9881,10095,10107
AELNV;846,1689,1710,5393,8706,9881,9990,9998
AELNW;1721,3642,10120
AELNY;1721,1722,5376,5393,9211,9587,9616,10097
AELOP;1546,1709,2853,3604,5068,5377,5397,8713,9988,10051,10052,10088
AELOR;9212,9499,9620,9912,10149,10150,10151,10152
AELOS;3536,3622,3662,8685,8897,9041,9043,9621,9882,10004,10153
AELOV;1710,3623,3633,3667,8328,9286,9551,9620,9623,9914,9990,10002,10055,10091,10093,10136,10146,10150,10151,10163,10165
AELOW;3129,3642,3653,3661,3668,7210,8595,8713,9270,10152
AELOZ;5188,5381,9883,9914,10095
AELPP;9905,10132
AELPR;2669
AELPS;
AELPT;3487,3670
AELPU;9554,10188
AELPY;471,1738,2857,3670,5418,5419,9051,9631,10052,10106,10186
AELQU;3671,10012,10107,10189
AELRS;10214
AELRT;10219
AELRU;2672,3606,3660,3682,8365,8376,9640,9924,10145,10149,10189,10216
AELRV;7067,8647,9441,9620,9628,9644,10002,10019,10136,10150,10151
AELRW;1505,1704,6420,6650,7277,7284,7287,8045,8111,8356,8562,8803,9024,10197,10219
AELRX;6651,7285,8380,8385,8387,8649,9603,10150
AELRY;1742,5077,5402,9912,10151
AELSS;8982,9041,10056,10157
AELST;
AELSU;8048,9882,10160
AELSV;
AELSW;857,1696,1748,2675,3638,3690,8563,8805,9029,9995,10027,10127,10236
AELSX;1551,1636,1706,1748,8190,8385,9610,10121,10138,10212
AELSY;4298,5418,5442
AELSZ;139,1746,5371,7282,10113,10126,10187,10191,10234
AELTT;1610,6657,6782,7262,8118,8192,8245,8653,9221,10059,10162,10238
AELTU;479,1239,1749,3141,7263,7298,9632,9640,10145,10162,10163,10192,10216,10217,10239
AELTV;3667,7298,9045,9066,9623,9657,10163,10164,10165,10239
AELTX;481,1726,5444,6659,7285,8049,8387,10105
AELUV;1749,5409,9066,9068,9289,9881,10128,10163
AELVV;1750,3547
AELVY;1742,3683,5393,8654,9060,9068,9224,9616,9644,9657,10151,10165
AELZZ;1751
AEMMS;3692,3693,5446,9330,9331,9332,9885,10240,10244,10247,10249,10250,10253
AEMMY;8405,10033
AEMNR;9878
AEMNS;5449,10264
AEMNT;10284,10297
AEMNV;864,4871,8337,9678,9685,10274
AEMNX;
AEMNY;6666,7312,9231,9338,9684,10284,10297
AEMOR;9687,10246,10302
AEMOV;3633,5212,10055,10274,10306
AEMPR;1556,9933,10246
AEMRR;1641,3551,3634,8918,9581,9675
AEMRS;9885,10240
AEMRT;9350
AEMRY;8424,8434,8741,8987,10275,10321,10337,10350
AEMRZ;
AEMSS;3701,5368,5457,10056,10063,10314
AEMST;5464,10358
AEMSU;3554,3609,8197,8601,8850,9089,9090,9355,10317,10359
AEMSW;1679,7231,7330,7334,9081,9355,9682,9700,9710,9719,10256,10264,10328,10341,10347,10354
AEMSX;1706,2865,5220,5472,7094,8438,9724,10312
AEMSY;5465,7324,9701,10318
AEMSZ;4876,5371,8347,9090,10303,10317,10358,10359
AEMTT;1560,1613,5092,10048,10059,10278,10319,10332
AEMTY;1767,5093,7096,8434,9345,9684,9725,10284,10297,10350
AEMUV;9685
AEMYZ;7232,9725
AENNP;9939,10361
AENNS;1562,1680,1708,1777,3709,6677,7304,7343,7344,8133,8442,8445,8705,8742,9892,9940,10038,10080,10262,10264,10372
AENNT;1775,1779,5096,5474,5482,9357,10084,10361,10368,10370
AENNX;5475
AENOP;5097,5227,5377,5485,6891,7346,7349,8134,8447,8448,8744,9454,9588,9739,9939,9988,10088,10380
AENOS;1781,8451,9744,9745
AENOT;8439,9092,9727,10368
AENOV;1710,4303,6895,7102,8706,9744,9990,10091,10274,10391,10405,10406
AENOX;5475,7103,8410,8851,9746,10398
AENOZ;2869,3714,5381,5477,7348,9893,10095,10261,10269,10397
AENPP;1760,8135,9905,10097,10266
AENPR;487,1614,8744,10418
AENPS;3718,10282
AENPT;1565,1762,10284,10361
AENPV;7373,10418
AENQU;9455,9597,10107
AENRR;5099,5233,5493,9456,9598,9675,10270,10286,10391
AENRS;8742,9186
AENRT;1667
AENRU;1795,5495,8466,9732,9767,9769,10409,10418
AENRV;1249,3356,6683,8459,8466,9955,10274,10391,10418
AENRW;3713,10397
AENRY;10275,10364,10398
AENSS;1797,8140,8469
AENST;10457
AENSU;3613,3718,8812,8949,9946,10384
AENSV;1797,1799,10366,10404
AENSW;3459,5498,8360,8455,8671,9029,9081,9609,9682,9735,9754,9778,9995,10127,10264,10378,10423
AENSY;3716,5240,5490,9892,10367,10387
AENSZ;1777,1781,3650,3725,5507,7382,9954,10113,10415
AENTY;489,875,3717,5108,5245,5482,5500,9371,9531,9684,9757,9785,9786,10284
AENTZ;
AENVW;8265,8475,8955,9784
AENWX;7404
AENWY;1721,9109,9358
AENWZ;10397
AENZZ;3731,5109,9886
AEOOZ;5248,5518,7348,10379
AEOPR;1668,4945,5111,5453,5519,7167,7349,7412,8447,8744,8753,9687,10246,10267,10469,10478,10479
AEOPS;10303,10470
AEOPT;1801,6449,6689,6993,8419,8477,9341
AEORS;8481,8756,8757,10500,10501
AEORT;8482,8758,9384,9390,9391,10485,10494,10503,10504,10505
AEOSS;3565,3662,3701,4891,5006,5114,5403,5457,5534,6451,6914,7126,7258,8859,9041,9138,9139,9276,9310,9621,9794,10004,10056,10153,10154,10156,10157,10313
AEOST;3164,3566,3733,6996,7127,7427,8759,8760,9394,9794,9795,10507
AEOSV;8481,8485,9143,9744,9793,10366,10385,10405,10492,10499,10500,10501,10508
AEOSZ;3464,3745,7129,9745,10303,10317,10493,10508
AEOTV;8053,8482,8758,9045,9145,9146,9623,10146,10163,10164,10165,10477,10503,10505
AEOTW;3668,10504
AEOTZ;1768,1801,5518,8477,9147,9692,9797,10319
AEPPR;9246,9798
AEPPS;1484,1649,3748,5116,8959,9247,9398,9799,9804,9805,9964,10519,10520
AEPPU;7135,7436,9964
AEPRR;
AEPRS;
AEPRT;3751
AEPRU;7366,9933,10418,10469
AEPRV;880,1733,1807,7139,7412,9628,9816,10136,10418,10467,10473,10477,10478
AEPRW;8753,9536,9817
AEPRY;4310,5120,5463,8424,9818,10478
AEPSS;1578,10545
AEPST;1814
AEPSU;3718,8454,9157,9278,9370,9398,9946,9964,10384,10470
AEPSV;1579,8504
AEPSX;1619,1786,7370,10138
AEPTT;10332,10333
AEPTU;8427,10333
AEPTX;6698,8271,9702,9827,10105
AEPTY;1738,3670,5419,5500,7274,9757,9827,10011,10106,10186,10284,10424
AEPVY;10478
AEQRU;1509,5263,5421,7141,8569,8673,10469
AEQTU;5265,7449,9632,10192
AERRR;3570,5267,5553,8674,9255,9807,9830,9831,10522
AERRS;10195,10563
AERRT;10342,10494,10550
AERRU;1803,3596,3721,3761,7004,7168,7276,9412,10013,10494
AERRV;8754,10391,10473
AERRW;5426,10195,10197
AERRY;1817,10337
AERRZ;5271,7417
AERSS;6456
AERST;
AERSU;9541,9976
AERSV;7421,9898,10501
AERSW;1487,2683,3366,3704,4316,5529,8277,8512,9465,9710,10311,10341
AERSX;1657,3577,3743,5134,5530,6710,7148,8385,8526,9389,9421,10312
AERSY;9898,10501
AERSZ;1812,8572,9954,10113,10415,10518
AERTT;5299,5338,5573,8529
AERTU;7424,8058,8728,8769,9640,9853,9854,10145,10217,10494,10503,10504
AERTV;889,5532,5575,8482,8514,8758,10477,10503,10505
AERTW;1489,3681,3751,8323,8515,8530,8531,10197,10219,10504,10529
AERTX;1490,4905,5533,5573,5576,6714,7285,7386,8387,8433,8529,8531,9375,9391,9852,10349,10505
AERTY;5339,5577,7151,9853,9855
AERUZ;1795,3682,7389,8160,8971,9715,9769,9854
AERVV;9770,9838
AERVW;
AERVY;1742,3371,3683,3762,5563,9644,9855,9955,10019,10211,10555,10583
AERWX;6716,8531
AERWY;8024,8821
AERWZ;8770,10219,10397
AESSS;5277,9544,9772,9859,9860,9977,10399,10556
AESST;
AESSV;1587,1797,8469,8772
AESSW;1827,9719,9822,9859,10354
AESSX;6718,8535,8536,10121,10225,10452,10456
AESSY;1827,4318,5581,9282
AESSZ;3766,9379,10157,10454
AESTT;9122,10377,10402,10459
AESTU;8760,9394,9428
AESTV;8221,10358
AESTW;1590,1800,1814,2880,10256,10378,10423,10595
AESTX;9142,9428
AESTY;9193,9407,10483
AESTZ;499,1746,8977,9267,9655,9722,10187,10234,10358
AESUV;3585,9863,10508
AESVW;
AESVX;
AESVY;6724,8291,8504,9143,9174,9268,9898,10501,10583
AESWW;8822
AESWX;1748,3374,6725,8538,9873
AESXZ;
AETUV;895,1749,5575,9066,9146,9783,10128,10163,10217,10239,10447,10503,10586
AETVW;8401,9784
AETZZ;1751,3731,9797
AEVWY;
AEVYZ;
AEWYY;
AFFFL;6728,8540,10597
AFFFS;
AFFFY;
AFFGR;
AFFGS;10602
AFFHS;8545,10604,10605
AFFIX;1830,6734,8549,8552,10606
AFFLO;3786,3787,6736,7472,7473,10597,10609
AFFLU;3787,5594,8561,8565
AFFNS;1832,5589,8026,8546,8558,8567,10624
AFFNY;5590,6739,10601,10615
AFFPU;
AFFQU;6740,8569
AFFRS;1495,1834,1836,1837,1838,1839,8027,8560,8571,8572,10604,10607,10612,10619,10620,10624
AFFST;1835,4916,5595,6741,7471,8545,8550,8567,10605,10613
AFFSW;8551,8563
AFFSY;1838,8564,8571,10611,10622,10626
AFFTY;8573,10615
AFFUW;6742
AFGGY;8578,10631
AFGHU;10636,10637,10638
AFGIN;3783,3788,8579,10596,10598,10600,10628,10640,10644,10648,10651,10655,10656
AFGLO;8580,8594,8595
AFGLS;3382,3790,8593,8597,10636,10653,10683
AFGLU;4918,7480,8590,8596,8599,10636,10637,10681
AFGNO;10666,10678
AFGNS;10683
AFGOS;8606,10686,10688
AFGOT;3791,4919,6748,8594,8604,10666,10676,10687
AFGRS;1498,1843,6750,8031,8597,8606,8610,10635,10669,10686,10688
AFGRT;3383,6751,8587,8603,8609,10638,10670,10677
AFHIT;6753,8611,10634,10697,10702
AFHIZ;8613
AFHKS;10692,10693
AFHLS;3793,6754,8614,8616,8619,10636,10692,10696,10713,10714,10716
AFHRW;6756,8612
AFHST;1849,1850,6757,8545,8622,10716,10717
AFHSU;3793,10636,10713,10716
AFIKL;6758,8629,8630,8632,10646,10729,10730
AFIKR;10731,10732
AFIKS;10733
AFILL;7486,10729,10739,10740,10741,10742,10743,10744
AFILN;1829,1855,3788,5611,10603,10608,10646,10649,10650,10651,10652,10654,10656,10745
AFILO;2883,5611,5613,8580,8627,8643,10651,10730,10747,10755
AFILP;8644,10736,10739,10740,10748,10750
AFILR;1851,3794,3796,10652,10658,10725
AFILS;3797,10696,10749,10761
AFIMR;3795,3798,5616,5617,8637,8658,8659,10746,10766
AFINR;10732,10775,10779
AFINS;1832,1859,7489,10700,10701,10728,10764,10774,10776,10779
AFINT;5621,5624,6766,7490,8640,8667,8672,10723,10732,10745
AFIQR;
AFIRR;10616,10617,10668
AFIRS;5623,5629,7489,7491,10619,10620,10669,10779,10780
AFIRT;145,1862,2686,10670,10725,10732,10781,10788
AFIRY;1867,5592,5625,5628,5629,10671
AFIST;6466,7471,10613,10761,10762,10770,10789,10790,10791,10792
AFISW;8038,8551,8671,10691,10707,10709
AFITW;10675,10697
AFKLN;10646,10795,10796
AFKLS;
AFKLY;2886,10729,10795,10797
AFKNR;6771,8683,8690,10731,10732,10795,10798
AFKNS;10733
AFKOT;8555,10679,10730
AFKRT;8687,10679,10711,10732,10799
AFKSW;
AFLLS;1847,1872,3800,10801,10802,10803,10805,10807,10809
AFLMM;6775
AFLMS;10713,10735,10749,10801,10813,10816,10817,10818,10819
AFLMY;
AFLNS;5634,5635,7498,10682,10683,10802,10803,10823,10825
AFLNW;10656
AFLOO;2887,3786,7473,7494,8712,10804,10828
AFLOR;1870,1875,7499,10820,10835
AFLOS;5634,8685,8718,10802,10807,10836
AFLOT;3801,3802,10730,10755,10808,10828,10829
AFLOU;3787,3801,7499,10806,10808,10812,10814,10822,10831,10833,10836
AFLPS;8720,10838
AFLRS;1836
AFLRU;1876,7499,10806,10833
AFLRY;10684,10795,10834,10837,10840
AFLST;
AFLSU;907,3790,3793,3797,3800,4941,5632,5635,8048,8709,8732,10636,10683,10713,10801,10803,10819,10843
AFLSW;8563,8718,10807
AFLSY;7498,10622
AFLTU;3801,5594,5642,7496,10808
AFLTY;10753,10759,10837
AFLUW;10843
AFLWY;1848,8655,10797,10811
AFLXY;
AFMNU;6784,8735,10698,10798,10850
AFMOR;3798,5616,10623,10766,10845
AFMOS;1507,3402,6785,7500,10717,10727,10816,10848,10855
AFMOY;10747
AFMRS;10817,10849
AFMSU;1270,5644,8601,10713,10771,10772,10801,10817,10818
AFNNO;4942,10845
AFNNY;5620,5646,10665
AFNOS;2888,3804,5634,10624,10700,10779,10802,10848
AFNRS;146,1843,1859,6786,7489,8666,8707,8742,8747,8750,10624,10669,10764,10779,10862
AFNRU;1876,5647,10798,10824,10850
AFNSU;5635,5648,10683,10803,10823,10825
AFNSW;8671,8750
AFNWY;
AFOOT;3791,3807,4692,7504,7505,8604,10687,10718,10719,10827,10828,10846,10867
AFORR;3404,4946,8736,8746,8754,10616
AFORS;5649,6790,7475,7491,8606,8691,8756,10624,10779,10784,10865,10871
AFORV;6791,8608,8754,8758,10766
AFORY;3406,5650,6792,8716,10710,10834
AFORZ;7492,10786,10866
AFOSS;5627,10851
AFOST;5595,5649,7503,10717,10784,10848,10852,10855,10865
AFOSY;3804,10622,10626
AFOTU;3801,4947,6793,10720,10808,10822,10861
AFPRS;1837,10862
AFQSW;
AFRSS;1864,10627,10704,10734
AFRST;10852,10865
AFRSU;1865,10619,10787,10853,10872
AFRSW;10868
AFRSY;5629,10862
AFRSZ;1839,8572,10620,10758
AFRTY;10837,10840
AFSST;1868,5630,10789,10790,10841,10863
AFSTU;3808,4953,5644,5648,10783,10792,10863,10877
AFSTW;10877
AFSUV;10771,10792,10842
AFTTY;8573,10773,10793
AGGGO;8574
AGGHS;6806,8779,8781,8782
AGGIN;1887,2687,3176,3813,6467,7476,7513,7516,10598,10629,10894,10900,10902,10918,10922,10941
AGGIR;3408,6807,7512,8575,8783,8790,8791,8792,8793
AGGIS;3815,5656,10898,10913,10942,10944
AGGIW;
AGGJS;8784,8796
AGGJY;1889,8797
AGGLU;8775
AGGMS;911,1894,8786,8808,10916,10946,10948
AGGMU;10917
AGGNS;1894,1896,1897,3817,6815,8066,8800,8811,10946,10952,10953
AGGNU;7516,10887,10917,10922,10941
AGGNY;1895,1899,8806,10935
AGGOR;3177,3819,10947
AGGRS;5657,10931,10950,10956,10957
AGGRY;1889,1893,10935
AGGSU;1890,1900
AGGSY;5657,8819,10957
AGGTY;6823,8820,10631,10949
AGHHI;8823,10632,10891,10958,10959,10960
AGHHU;
AGHIL;1278,1905,7517,8825,8827,10892
AGHIN;10879,10894,10965,10968,10996
AGHIT;8823,8828
AGHIZ;
AGHKU;
AGHLU;1519,3826,6828,8841
AGHMO;3827,5659,11019,11029
AGHNO;3829,8838,8847,8851,11019,11033
AGHNP;6830,8829,10996,10997,10999
AGHNS;6831,8852,11023,11032,11037,11040
AGHNT;151,1521,1886,1909,1910,8073,8839
AGHNW;1915,6832,7526,8074,11033
AGHOY;8857,11029
AGHPR;152,5665,6834,7521,10997
AGHRT;11042,11044
AGHSS;5673
AGHST;4965,5669,6835,8843,8860,8862,11028
AGHSU;4966,5670,5672,7529,8850,11032,11035,11037,11043,11046
AGHTU;11045
AGHUW;6836
AGIIT;1923,3810,3835,5675,7532,10643,10901,11052,11059,11063,11064,11081,11082
AGIIV;10902,11060,11062,11083,11084,11085
AGIJR;8783,11092,11095
AGIKL;3420,8825,8867,11052,11107
AGIKN;10968,11053,11087,11100,11113,11115,11117,11119
AGILL;3846,6837,7543,8076,8875,8876,8877,8878,8879,8880,8881,8883,8884,8885,10648,10906,10974,11088,11129,11130,11132,11134,11135,11136,11137,11140
AGILN;10648,10651,10654,11129,11162
AGILO;10651,10975,11102,11154,11160,11164
AGILR;3855,7512,10985,11192
AGILS;3848,10898,11142,11151
AGILU;7556,8898,8906,11152,11195
AGILW;1942,8081,11107,11189,11192
AGILY;3812,7556,8884,8907,11064,11107,11140,11193,11194,11195
AGIMN;3837,3856,6471,7557,11090,11207
AGIMO;1283,1943,10659,11068,11200,11204,11206,11207,11223
AGIMS;3848,3857,10645,10991,11151,11226,11229
AGINN;7513,7518,7534,7561,10883,10894,10900,10918,10920,10965,10968,11071,11074,11110,11115,11232,11244,11252
AGINO;1930,1943,8936,10651,10659,11102,11117,11143,11160,11163,11164,11207,11253,11254,11267
AGINP;1524,6473,7568,8083,8829,8868,8937,8940,10996,11053,11254,11268,11274
AGINR;
AGINS;6475,7537
AGINT;11059,11180,11319,11320,11321,11323,11326
AGINW;1961,10600,10644,11329
AGINX;5712,10995
AGINZ;155,519,1927,3836,3876,11074,11085,11097,11236,11251,11252,11266,11274,11326,11327,11329
AGIOP;3877,4983,11160,11187,11254,11255,11330
AGIOR;7583,8956,11068
AGIOS;5656,6478,7541,8789,8834,8957,11011,11335,11336
AGIPR;5665,7521,7584
AGIRS;3857,7585,11226
AGIRT;1940,3186,3855,7583,10677,11225,11227,11339
AGIRV;918,11339
AGIST;3815,3845
AGISV;1941,11018,11341
AGISY;1968,8976,8979,11017,11193,11194,11224,11336
AGITT;1533,1963,3872,5725,10673,10676,11009,11221,11285,11297,11319,11320,11321
AGITU;3873,5675,7580,10674,11248,11286,11320,11323
AGJLU;
AGJOS;11342,11345
AGKLN;11349
AGKLO;2894,4699,4989,5729
AGKNR;159,8989
AGKNS;3880
AGKNY;5683,11100,11115,11117,11124
AGKOP;10678,11354,11356
AGKOS;1537,3435,3880,3881,11020,11116
AGKSS;8988,8992,11125
AGKSU;1890,11353,11357
AGKSW;8874,8991,10973,11020,11127
AGKWY;11107
AGLLS;1976,11360,11364,11366,11367,11369,11372
AGLLY;1978,10680,10681,11135,11140,11371
AGLMO;1891,7589,9010,11375
AGLMS;1979,1980,3848,3887,11142,11146,11151,11153,11374
AGLMU;3883,3884,3886,6868,9010,9011,9013,11131,11148,11152,11377
AGLNO;3187,5689,5734,5735,6480,7546,7589,7591,7593,10908,10975,11143,11161,11162,11163,11164
AGLNR;5734,7591
AGLNS;10683,11023,11379
AGLOO;9036
AGLOP;1546,3890,9037,11187,11375
AGLOR;1981,5734,7591
AGLOS;1892,3893,5738,9043,11368
AGLOT;921,3825,3892,11370
AGLOV;
AGLOW;8595,11189
AGLPY;3890,11170,11371,11375,11395
AGLRU;1296,1992,11343
AGLRY;1893
AGLSS;1994,3447,6882,8114,8842,8982,9049,9053,9061,9062
AGLSU;1988,3790,3893,5736,5738,10683,11353,11379,11387
AGLSY;3887,11194,11372,11374,11402,11407
AGLTU;11361,11393
AGLYY;11407
AGLYZ;11140,11186,11195,11407
AGMMU;1999,2000,9071
AGMMY;2000,11410
AGMNO;1943,2003,5702,5740,11019,11143,11206,11207,11354
AGMNS;11421,11422
AGMNU;1914,3884,5704,6885,9082,10917,11148
AGMNY;522,2005,3896,11421,11422
AGMOP;2010,5000,5740,6886,11354,11375,11424,11425
AGMOR;3898,10947,11068,11223,11424,11425,11426,11427
AGMOS;2012,11430
AGMOT;1299,2003,9076,11206,11413
AGMPR;8125,8915,11209,11355,11424,11425
AGMPS;10991,11151,11432
AGMRS;3857,11213
AGMRU;3828,11030,11355,11377,11425,11426
AGMSU;2012,2697,2895,8601,8850,9089,9090,11432
AGMTU;1999,9082
AGMUY;2000
AGNNO;5741,11031,11434,11435
AGNNW;9093,11414
AGNOP;1564,2019,3901,5740,8134,9101,10678,11254,11255,11354,11356
AGNOR;11435
AGNOS;2016,10953,10954,11437
AGNOT;4700,5002,5742,6894,9017,9076,9101,9104,11356,11444
AGNOU;
AGNOW;6896,7526,9093,11033,11267,11414,11453
AGNOY;1895,1983,3896,5735,7593,9108,10954,11117
AGNOZ;2021,8936,11164,11236,11260,11266
AGNPR;3901,6897,9018,9111
AGNPS;6898,9019,9094,11389
AGNPU;6899,11094,11286,11287,11383,11390
AGNRR;7605
AGNRS;
AGNRT;172,1304,2007,2027,11444,11448
AGNRW;
AGNRY;
AGNSS;8140,9114
AGNST;
AGNSU;5003,5736,6906,9028,10683,11023,11040
AGNSV;
AGNSW;2008,2018,2031,3459,9029,9081,11440
AGNSY;2030,2031,11040,11422,11437
AGNTU;3873,6907,7580,8144,8952,9032,9082,9118,9123,10674,11286,11320,11323,11361,11393,11456
AGNTW;1573,6908,9033,9119,11453
AGNTY;175,1960,3875,11041,11325,11326
AGOOZ;1974,9036,11423
AGOPR;1306,2019,3901,9037,9125,11255,11424
AGOPS;2033,3906,11458
AGORS;7609,10688,11457
AGORT;1975,4701,5727,7583,11044,11259
AGORU;3907,11426
AGORY;5746,9137,11463,11466
AGOSS;1962,2033,5006,6914,8859,9138,9139,11331
AGOST;3906,11011,11458
AGOSY;5749,9086,9108,9143,10954,11224,11336,11402,11437
AGOTT;1963,10676,10687,11370
AGOTV;9145,9146,11265
AGOTY;10631,10949,11463
AGOYZ;
AGPPY;11273
AGPRS;2036,7611,10957
AGPRY;11279
AGPSS;1578,2033,9049,9155,11331
AGPSU;7611,9050,9153,9155,9156,9157,11431,11432,11460
AGPSW;9154,11012
AGPSY;1580,10957,11284
AGQSU;1900,11013,11043,11442
AGRSS;1901,2026,11191
AGRST;
AGRSU;1971,2038,5672,11016,11046
AGRSV;2038,11405,11457
AGRSY;1309,1968,2015,2037,5657,10957,11017,11048,11296,11372
AGRTU;11456
AGRUU;1992,5748,6927,7607,9163,11343,11392,11406
AGRVY;11301,11339
AGSST;3911,11470
AGSSU;3911,11470
AGSSW;5673,11098,11307,11400
AGSSY;
AGSTY;1922,11028,11048,11194,11347
AGSUV;11018,11341
AGSUY;2030,9089,11336,11468
AGSWY;2031,5749,11318,11402
AGTTU;2039,11320
AGUWY;
AGUYZ;11195,11468
AGYYZ;11407
AHHIT;8823,9183,11478,11482
AHHKP;
AHHOR;2048
AHHPY;
AHHRS;11486,11492
AHHSS;528,10962,11484
AHHSY;3917,7621,9193,11486,11493
AHIIS;7622,7624,7625,10690,10691,11472,11495,11496,11497,11499,11502,11504,11507
AHIJJ;
AHIJR;2050
AHIJS;5765
AHIKK;11474
AHIKM;5759,11515
AHIKN;930,2051,5658,10968,10969,10971,11515,11523
AHIKS;2054,10973,11495,11525,11526
AHIKT;2056,11523
AHIKU;10694
AHIKZ;
AHILP;1596,2063,6940,7632,9213,9214,11546,11562,11563
AHILR;1905,2059,7635,10984,10985,11498,11511,11536,11558,11563
AHILS;2064,2065,3923,10696,11551,11553,11555,11556,11557,11569,11570
AHILT;11548,11554,11559,11560,11563
AHILY;5783,5785,5786,6942,7634,7635,7636,9208,9222,9224,11498,11514,11541,11544,11558,11559,11562,11564,11568,11569
AHIMR;2059
AHIMS;6488,7625,7637,10989,11472,11501,11502,11572,11580,11589
AHIMT;2049,2061,2898,3473,5030,5792,8828,9235,11502,11548,11582,11589,11590,11591
AHINS;2067,10700,10701,11545,11551,11552,11557,11572,11575,11608
AHINT;7640,9240,10702,11523,11534,11554,11594,11595,11596,11603,11609
AHINU;5793,5802,7520,7642,10698,10702,11477,11505,11573,11609
AHIOS;2076,3923,3929,3933,3934,7633,7644,7646,8834,11011,11525,11535,11547,11551,11580,11610
AHIPP;2071,5037,6947,9246,9248,10996,11562
AHIPS;182,2054,9199,9237,9251,9252,10701,10998,11012,11495,11598,11625,11626
AHIRS;
AHIRT;942,1597,2056,2078,2084,5042,5813,5814,5815,6953,8611,9216,9240,11536,11554,11563,11603
AHIRU;9217,11618
AHIRY;5770,5783,5815,11017,11498,11558,11603,11604,11623
AHIST;183,2076,2085,7615,7646,11502,11582,11589,11610
AHISU;3476,3934,9254
AHISV;11018,11518,11583,11589
AHISW;2064,2085,9203,9220,9252,10691,10709,10896,10973,11012,11476,11519,11525,11569,11584,11625,11626,11636
AHITU;3477,5809,5814,10702,11505,11590,11609
AHJKO;
AHJPU;
AHJTU;
AHKLS;3479,3938,7650,11641,11642
AHKNS;1318,1908
AHKNT;3480,6958,8177,9273,11523
AHKNY;1319,5052
AHKOO;9275
AHKOP;7627
AHKOS;7650,7652,11020,11524,11525
AHKPS;9199,9277,9278,11495,11510,11526,11527,11642,11649,11650
AHKRS;185,2091,3940
AHKSS;11484,11640
AHKST;536,1601,2087,2090,2092
AHKSU;2098,2901,3940,4337,5828,7617,7652,11642,11650,11652,11653
AHKSW;1602,9203,9281,9283,10973,11020,11476,11519,11525,11529,11646
AHKSY;3938,11514
AHLLO;6962,7653,7654,9286,11657
AHLLS;5059,8614,9284,9287,9288,11655,11658,11665,11666,11668,11669
AHLLU;9289,11665,11669
AHLMO;5834,7655,9291,9293,11675
AHLMS;3941,5835,5836,11672,11677
AHLMU;9298,11675
AHLNO;3922,7654,10975,11532,11657,11681
AHLNU;7481,11673
AHLOR;8182,8615,9212,9293,9306,9308,11558,11675,11679
AHLOS;3923,10714,11641
AHLOT;3825,10983,11548,11560,11680,11684,11688
AHLPR;5842,6969,9213,9306,11563,11679
AHLPS;5848
AHLPY;7656,11562,11671
AHLRS;5782,5844,7657,10984,11511,11553,11668,11685
AHLSS;2104,2117,10696,11512,11537,11555,11565,11566
AHLST;11028,11668,11677
AHLSU;11662
AHLSW;5846,11569,11663
AHLSY;2065,2093,5785,5835,7636,11514,11557,11568,11569,11570,11672
AHLTU;3944,4340,5841,11688
AHLTY;538,11028,11541,11568
AHMMU;11694
AHMMY;11544,11697
AHMNU;1914,5851,5852,10698,11477,11673
AHMNY;9231,9337,11703,11707
AHMOR;2128,3195,6981,8848,9293,9334,9342,11644,11675,11710
AHMOS;7618,10717,11696,11708,11715
AHMOU;5851,11549,11675,11710
AHMOW;11705
AHMPR;5853,11487,11577
AHMPS;9294,11701,11708
AHMRS;
AHMRT;5088,8195,9297,9342,9349,11648
AHMRU;2109,5089,5852,9298,9339,9349,10712,11487,11648,11675
AHMSS;11501,11585
AHMST;10717,11502,11582,11589,11677,11715
AHMSU;8197,8850,9355
AHMSW;5859,9355,11519,11584,11587,11646,11696,11705,11716,11721
AHMSY;2094,3941,3948,10699
AHMTU;3197,5857,11590,11647,11648,11699
AHNNO;10992,11031
AHNOS;3493,3949,3950,9364,10700
AHNRS;970,1325,1917,2088,2124,4342,5100,6986,7669,8200,8852,9186,9366,9373,11036,11037,11706,11734
AHNSS;5864,11704,11724
AHNST;3950,11728
AHNSU;975,2144,5866,11037,11040
AHNSW;544,1326,2144,11705,11740
AHNTU;7668,10702,11505,11609,11699
AHNTX;2127,2137,2142,5801,9375,11594
AHOOW;10719,11033,11683,11684
AHOOY;5861
AHOPS;3952,11639,11701,11708
AHORS;5824,5844,5883,5886,11748
AHORT;7676,9342,9384,9385,11042,11745
AHORY;5881,10710,11558,11745,11752
AHOST;2076,6996,7646,8860,9394,10717,11011,11610,11714,11753
AHOSY;3200,5867,5882,7682
AHOTZ;11560,11596
AHPPY;11562,11733
AHPRS;1328,2148
AHPRU;5119,11487,11690
AHPRY;5120,5881,9404,11623,11735,11745,11755
AHPSS;
AHPST;2116,3958,5808,5848,11582,11598,11758
AHPSU;2098,2910,5887,6495,7684,9278,9398,11490,11650,11758
AHPSW;11012,11584,11622,11625,11626,11746
AHPUW;
AHQSU;2130,5812,7003,8210,9254,9408,11013,11043
AHRRU;2704,3955,4350,5890,9412
AHRRY;3497,11755
AHRST;3960,11668
AHRSU;2146,3201,3940,3960,4352,5672,5828,5886,7529,7669,7680,11037,11047,11653,11750
AHRSY;11017,11743,11761
AHRTW;195,2150
AHRTY;2143,5605,5815,5873,7671,11603,11745,11752,11755
AHRUU;9422
AHRUW;9393,11767
AHRXY;5139,9421,11735
AHSST;11651,11763
AHSSW;3961,7681
AHSSY;5895,9282,9325,11484,11692,11713,11760
AHSTT;984
AHSTW;3962,11049,11636,11740
AHSTY;1922,3958,9193,9266,9407,11028,11568
AHSWY;8222,9283,9328,9420,10709,11569,11626,11716
AHTTU;2705,5146
AHTUY;3957,10963,11041,11045,11767
AHTWY;2151
AHUZZ;7014,9356
AIIKR;9430,11054,11779,11780
AIILL;5901,9433,11781,11785,11786,11787
AIILM;2161,3968,5148,5902,9434,9435,11769,11795,11796
AIILO;3971,5907,7693,10724,11062,11790,11805,11806
AIILT;2163,7532,7698,8624,9433,9444,9446,10723,10725,11052,11059,11063,11064,11769,11770,11792,11795,11799,11802,11803,11804,11810,11811
AIIMN;2706,3975,11775,11816
AIIMR;2161,3795,3975,5918,9435,9449,9450,11795,11796,11819
AIINP;9454,11053,11799,11800,11836,11840
AIIPR;2162,5930,9462,11808
AIISX;
AIJKN;5676,11087
AIJLS;2707,3506,9471,9472,11089,11854
AIJLW;9468,9470
AIJNN;7027
AIJOR;11860
AIJOS;5934,7541,7721,8628
AIJOU;
AIKKM;11866,11867
AIKKS;3509,3964,3986,9485,11773,11865,11871
AIKKT;3965,11867
AIKLM;9467,9490,9491
AIKLN;7724,11872
AIKLP;2184,2186,5155,8224,9490,9493,11876,11881
AIKLS;4724,11883
AIKLT;198,2920,5939,10730,11052,11105,11884
AIKLV;9498,9504
AIKMO;2189,5942,11515,11867,11894
AIKMR;2188,2189,2191,9491,9513,9516,10731,11108,11866,11887,11890
AIKMS;2191,3992,11895
AIKMU;2192,7730,11896
AIKMV;
AIKNS;2193,5949,7732,7734,11868,11899
AIKNT;11523
AIKNU;3844,9497,11087,11119,11128
AIKOP;7627,11870
AIKOR;2053,2189,2195,3989,5767,5938,5953,7725,11524,11907
AIKOS;2196,5768,5953,11116,11524,11525,11909
AIKOT;5942,9500,10730,11867,11894
AIKPP;2197,8871
AIKPQ;
AIKPR;2186,2197,2198,5954
AIKPS;2054,6499,9199,9485,11495,11778
AIKPU;11876
AIKRR;2198,4357,11120,11779
AIKRS;3205,3992,4358,5949,5953,7734,11121,11883,11887,11890
AIKRT;3996,5954,11780,11884,11914
AIKRU;7738,9537,11779,11914
AIKSS;7740,9432,9539,9544,10734,11912
AIKST;5168,8633,11778
AIKSU;3986
AIKSV;8230,11522
AIKSZ;2160,5956,6501,7742,9529,9543
AIKTT;5169,5951,11523,11780,11884
AIKUZ;3994,3998,11914
AILLM;2206,2207,2208,2209,3999,4001,7745,11130,11917,11918,11919
AILLS;200,553,2215,2709,3966,4005,4006,7691,7747,11139,11929,11933,11935,11937,11938
AILLV;2216,7749,10743,11787,11936,11943
AILLZ;8885,11932
AILMM;2206,2218,2219,2221,5902,7745,11542,11544,11788,11873,11945,11948,11949
AILMN;3999,6504,7754,10608,10745,11955
AILMP;5967,10748,11919,11955
AILMR;201,999,1341,2059,2161,2208,2219,4014,10746,11796,11945
AILMS;11150
AILMU;4361,7046,7757,11948,11949
AILMX;2209,2221,3531,4012
AILNO;1930,2235,10651,10908,10975,11154,11161,11163,11164,11532,11915,11924,11987
AILNP;1343,2172,2184,4002,10736,11533,11926,11991
AILNS;11553,11797
AILNU;9497,9549,9597,9615,11987
AILNV;2226,2235,2243,5906,7694,11793,11803
AILNW;7754,11991,12012
AILNY;4019,4363,5971,5975,5978,6506,7724,7768,9550,9587,9604,11801,11872,11926,11986
AILOP;4020,4021,5985,11187,11805,12015,12019,12020
AILOU;558,2924,4026,5974,7056,7757,7777,8898,11549,11987,11990,12021,12031
AILOV;2235,2247,3971,4024,4366,5907,5988,5991,7772,9551,9620,9623,11806,11961,12020,12028,12034
AILPP;2212,2250,11165,11562,11805,12035,12038
AILPR;4020,5993,7774,7778,11166,11563,11808,11991,12015,12035
AILPS;
AILPT;2163,2250,2252,2255,10739,11063,11187,11563,11919,11963,12015,12019,12020,12038
AILPU;5192,5909,11808,12035
AILPW;9595,11169,11881,11991
AILQU;10756,11786,11882,11987,11999,12021,12048,12049
AILRS;5782,5979,5997,11511,11553
AILRT;10725,10985,11536,11563,11811,11884
AILRU;1632,7066,8646,9217,9560,11808,11934,12035
AILRV;1633,2247,2258,2261,4024,5197,5988,6003,7067,8243,8647,9441,9504,9601,9620,9628,9643,9644,11806,11811,12028,12050,12056
AILRY;2239,2253,4014,4019,4027,11558,12028,12050
AILSS;10696,10760,11537,11565,12047,12058,12059
AILST;10762,11856,12063
AILSV;
AILSW;2064,4005,11569,11922,12033,12064
AILSX;1636,2215,5202,9610,11995
AILSZ;4031,4033,7776,7785,10758,11570,12018
AILTT;1009,2255,2260,2266,4034,5203,6008,8245,8653,9221,9639,10763,11884,12019,12030,12048,12051,12054,12055,12063,12066
AILTV;5991,6009,8246,9613,9623,9657,11803,11811,11943,12011,12020,12034,12056
AILTY;3974,4034,5915,5939,5996,6008,10742,10762,10763,11064,11194,11541,11568,11941,11943,12038,12045,12049,12063,12066
AILZZ;2256,11857
AIMMS;2927,4035,11571,11853
AIMMU;2928,4036,4739,11948,11949,12069
AIMMX;11813,12068
AIMNO;563,1943,2066,2714,10659,11207,11515
AIMNP;2173,6014,11956
AIMNR;11866
AIMNS;
AIMNT;10745
AIMNV;9678,11207,11211,12098
AIMNZ;2068,12083
AIMOR;1015,1356,2189,3216,3798,5211,5616,6509,7796,8658,9577,9687,9688,10746,10766,11223,11945,12109,12111,12112
AIMOT;9691,9692,11867,11894,12111
AIMOU;7084,7730,7757,9673,11223,11549,12086,12088,12109,12112
AIMOW;7085
AIMOX;4012,5789,9691
AIMPR;1016,6025,7800,11209,11577,12080,12116
AIMPS;4040,8916,9662,9698,9699,9700,9701,12107,12108
AIMQU;2228,11896
AIMRR;3551,7088,7796,8253,8659,8918,9581,9663,9675,9688,9693,9703,9705,11212,11225,12094,12109,12116
AIMRS;2191,11887
AIMRT;4044,11225,11227,12111
AIMRU;4374,5617,12109,12112
AIMRZ;11579,12112
AIMSS;1017,2069,2286,5791,6021,11501,11580,11588,11820,11858,12076
AIMST;10613,11582,11589,12115
AIMSV;2289,2290,6023,11583,11589,11980
AIMSW;7804,7812,9682,9700,9710,11229,11519,11584,11587,11892,11922,12091,12122
AIMSX;5220,7094,9724
AIMTY;1018,4045,7096,9684,9725,10773,11227,11825,12093,12123
AINNO;4375,4744,5921,5969,6035,7815,11924
AINNP;
AINNW;7818,9735,11593
AINOP;4376,5227,5794,6039,6040,7821,7822,7824,9454,9739,11254,12149,12153,12154
AINOR;2295,2296,2716,3979,4047,4050,9589,10775,12146
AINOV;2235,2296,7102,7828,11163,11207,11265,11267,12148
AINOX;9746,10995,12160
AINPS;7641,10701
AINPT;12131,12149,12151,12153,12171,12173
AINPV;11998
AINQU;9455,9597,11119,11833
AINRS;
AINRT;4055,11603,11843,11844,12140,12171,12173,12183,12188
AINRU;9767,9768,9769,12179,12184
AINRV;1365,2293,2296,2306,4055,6045,7828,11604,11843,12098
AINRW;2307,4050,12159
AINRY;2239,6514,7768,7819,9604,9771,11603,11604,11801,11842,12003,12179,12183,12184,12189
AINRZ;1024,2176,2308,5799,11844
AINSS;1025,2310,6046,7793,10782,11820,11846,11858,12076,12132,12161,12180,12192
AINST;4052,12129,12133
AINSU;12161
AINSV;11848
AINSW;573,4381,8671,9527,9682,9735,9754,9782,11892,12091,12134
AINSY;1369,2310,4382,4748,5240,6037,6049,9528,9782,11842,12077,12092,12105,12164,12182,12192
AINSZ;574,7712,11834
AINTT;3563,3872,7117,7840,8263,9737,9755,9764,10673,11009,11285,11297,11319,11320,11321,11322,11523,12140,12153,12171,12188,12193
AINTU;2314,3873,7580,11248,11264,11320,11323,11505,11609,12144
AINTW;9766,9784,12012,12159,12173
AINUX;5927
AINXY;9786,11325,12192
AINYZ;5247,9532,11252,11326,11327
AIOPS;2317,6064,7845,7848,12108,12200
AIOPT;2318,3877,7824,7846,11187,11330,12015,12019,12020,12131,12149,12151,12153,12197,12201,12202
AIORT;2318,12111,12197,12201,12202,12207,12208
AIORX;7125,12027,12160,12198,12208
AIOSS;1962,3565,3981,4039,4051,4059,5627,6021,6046,6072,7126,9742,9788,9794,11261,11331,11580,11612,11614,12071,12132,12152,12161,12195,12209,12210,12216,12217
AIOST;2076,2297,8957,9743,9794,9796,11011,11262,11335,11610,12133
AIOSV;
AIPPP;9747,9798,9799,11268
AIPPS;1649,2299,2323,8959,9749,9799,9800,9804,9806,11270,12165,12219
AIPPU;2324,7135,12035
AIPRS;2317,2323,2327,12219
AIPRT;4387,5930,5954,5993,6052,6065,6076,7846,11277,11563,12015,12151,12171,12172,12173,12197,12201,12222
AIPRU;1965,2324,3226,7584,11808,11934,11968,12035,12203
AIPSS;11331,12224
AIPST;2329,4040,5808,6027,11582,11778,11863
AIPSV;210,11583
AIPTT;2255,2328,11285,11851,12019,12153,12171,12201,12222
AIPZZ;
AIQRU;211,4760,5263,5811,6081,7141,7715,7738,9537,9828,12178,12179
AIQSU;2331,7857,11013
AIRRS;2320,12219,12233
AIRRU;10617,11779,12094,12184
AIRRW;1373,3228,11290,12194,12205
AIRSS;1864,2081,2199,7647,7855,7862,7863,10704,10734,11191,11528,11614,11619,12022,12040,12195,12211,12224
AIRST;2719
AIRSU;1865,2336,9846,10619
AIRSV;
AIRSW;1967,2179,2336,2337,6090,8277,8967,9465,9542,9710,9845,9848,11861,12122
AIRSZ;579,2338,4031,6092,10620,10758,12233,12241
AIRTT;2260,2328,4044,10788,11297,11780,11884,12002,12054,12111,12140,12171,12201,12207,12222
AIRVX;12243
AIRVY;9644,9855,11301,11339,11604,11939,12028,12050,12227,12242
AIRWZ;
AISST;5630,6072,6094,6095,10789,10790,12058,12216,12246,12247
AISSV;7862,10769
AISTT;581,2339,7872,10789,10791,11940,12063,12246,12248
AISTU;2340,4391,6082,6095,6097,9824,10792,11852,11863,12204,12249
AISTV;2289,2312,2339,6097,10792,11311,11341,11589,11848,12248,12249
AISTW;6090,11340,11632,11636,11852,11856,11911,12064,12122
AISTX;214,1040,11313
AISTZ;6092,6519,7742,8977,9267,9655,9722,9780,9796,11637,12124,12241
AISVV;5282,8281,9656,9781,9847,9865,12065
AITTV;2339,11321,12193,12248
AITVV;2203
AITZZ;9797,12234
AIUWX;
AJKOR;
AJKRS;2171,5289,9879
AJKSU;7873
AJLOP;
AJLOU;6104,9883,12255
AJLRS;9471,11854,12256
AJLRU;3983,6104,11343,12253,12255
AJMMY;
AJMNO;3588,11019
AJMNU;6105,12250,12251,12258
AJMOR;2348,2349,7163,7874,12254
AJMRU;7164,12258
AJNNS;9891,9892
AJNNY;
AJNOY;5295,11346
AJNTU;4765,5297,6105,7166,8289,9480,12251
AJNTY;
AJOOP;
AJORW;
AJOSS;
AJOST;5934,12259,12261
AJOSU;1044,2355,2943,7873
AJPRS;2354,11862
AJPSS;
AJPSU;2355,11862,11863
AJRTU;
AJYZZ;11857
AKKLU;2357
AKKMO;2358,11867,12267
AKKNS;220,2360,7171,9901,11868,12268
AKKOP;11870
AKKOR;1669
AKKOS;12263,12270
AKKOW;11869
AKKPU;
AKKRS;221,2359,9901,9902,12265,12268
AKKSY;9902,12265,12266
AKKTY;
AKLLY;2944,3600,3987,5936,6109,9488,10729
AKLNP;2184,7172,9493,9905,9906
AKLNR;11103
AKLNS;12274
AKLNU;9497,10796,11349
AKLNY;11880
AKLOP;2369,3604,7176,12275
AKLOS;7177,7650,8685,11641,12273,12274
AKLPS;12280
AKLPU;2364,11876
AKLRS;11511,11883,12265,12280,12283,12284
AKLRY;2365,4393,6119,9506,9912,11883,12265,12283
AKLST;5821
AKLSU;2371,2372,11353,12272
AKLSW;12266,12277
AKLTU;10796,12278,12279
AKLTY;
AKLUW;4078,7182,8689,9924,12279
AKMNY;
AKMOR;2189,2379,4394,5315,6112,11644,12285,12288
AKMOS;2376,4070,4082,4083,5316,6122,6124,9928,9932,12289
AKMOU;2379,7730,9904
AKMRS;3992,11517,11887,11890,11895,11897,12291,12293
AKMSS;11645,12287,12289
AKMSW;1679,11519,11646,11892
AKMUZ;2383
AKMWY;2384
AKNOP;9939,10678,11354,11356
AKNOR;8989,12285
AKNOS;2387,6122,6127,7732,11116,11350,11868,11879,11901,12273,12274,12295,12296,12297,12299
AKNOT;11356,12298,12299
AKNPR;7187,9906,9944
AKNPS;2388,12300
AKNPU;9947
AKNRS;2193,2387,7734,11890
AKNRT;6130,12286,12298
AKNRU;6123,6130,10798,12286
AKNRY;11124
AKNRZ;9954
AKNST;3612,7194,9909,9941,12299
AKNSU;2360,2951,3613,5324,6131,7195,9956,12299
AKNSW;2392,6127,11127,11892
AKNSY;2388,11880,12300
AKNTW;7197
AKNTY;9531
AKNUZ;
AKNWY;
AKOOP;2369,2394,12301
AKOOR;6115,9275,11906,11907,12288,12301
AKOOZ;588,1974
AKOPP;2394
AKOPS;6102
AKOPW;12275
AKOPY;11870
AKORS;2387,2395,11524,11909,12297
AKORT;1975,4076,4089,6134,10679,12288,12298,12301,12305
AKORU;2195,2379,3939,4089,12304
AKORW;3882,6118,7651,7885,8315,11358,11907,12275,12285,12305,12306,12307
AKOSS;4396,12289,12308
AKOST;4083,4397,6124,6135
AKOSY;2196,12297
AKOTU;2956,3615,4089,9963,12278,12279,12298
AKOTY;7736
AKOWY;7885,10797
AKPRS;12291
AKPRY;2397
AKPSU;1380,2098,2362,2957,7884,9278,9934,9964,11650,12291
AKPSW;12282
AKPTU;11647
AKPWY;1054,2397,11881
AKQRU;7738
AKQUY;9971,11882,12313
AKRRS;1055,12302
AKRSS;2199,10734,11912,12311
AKRST;12283
AKRSU;2371,2382,5335,5828,8321,9938,9976,11652,12291
AKRSW;7886,11529
AKRSY;7886,11883,12265,12283,12284
AKRTU;2399,4089,6130,10799,11914,12286,12298
AKRUU;4087
AKRUY;2399
AKRYZ;
AKSST;4090,12308
AKSSU;590,2372,4090,7740,11640,11652,11885,12287,12308,12311,12312,12314
AKSSV;
AKSSW;12312,12315
AKSTT;5341,12309
AKSTU;2402,2959,4090,6131,11905,12294
AKSTY;2402,9975
AKSUW;2960,5343,9976
ALLLS;12316
ALLLY;4092,5958,6139,10680,12317
ALLMO;5345,7888,12318,12320
ALLMS;3620,7205,8327,9981,9983
ALLMU;2406,3883,7206,9980,12321,12328
ALLMY;4001,7888,11917,12320,12324
ALLNO;2407,7654,7889,7890,9989,9990,9991,11532,11657,11915,11924,12319,12320,12331,12332
ALLNU;1059,2408,11133,11361,11916,12321
ALLOR;4097,4098,4099,11931,11932
ALLOS;595,2412,3622,4095,4101,11364,11368,12336
ALLOT;5351,6147,8693,9000,10001,10808,11137,11363,11931,12331,12338,12354
ALLOV;3623,8328,9286,9551,9990,10002
ALLOW;7210,7889,12343
ALLOY;2724,2962,4103,5633,6109,6139,7211,7888,7890,9991,10804,11657,11664,12317,12320,12331,12332,12352,12353,12354
ALLPS;2103,2414,4105,6142,7892,10809,11364,11660,11665,11933,11935,12330,12336,12339,12341,12355
ALLPY;2415,2416,4004,10810,11371,11926,12340
ALLRY;2419,6149,7894
ALLST;597,2420,11668,11669,12360
ALLSW;4005,9564,9995,10016,10022,10024,11922,11929
ALLSY;7747,11372,12358,12361,12362
ALLTY;4103,7748,7895,11371,11541,11664,11943,12331,12352,12353,12354
ALLWY;599,2416,4009,7894,10811,12343,12353
ALLXY;2217
ALMMS;11670,12272,12363
ALMMY;10033,11544
ALMNO;1064,2423,2427,6111,6151,12318,12319,12320,12366,12367,12368,12370,12377
ALMNU;2963,3632,3884,6152,6153,9980,10049,11673,12321,12365
ALMNY;6153,7897,12320,12365,12373,12376,12377
ALMOO;6151,7494,7898,11961,12366,12367,12368,12381
ALMOR;7874,7898,11945,12254
ALMOS;4110,4112,11962,11966,12392
ALMOT;5362,10041,10059,12367,12383,12393
ALMOU;5363,7757,9010,9904,10051,11549,12393
ALMOY;2427,2431,2964,4112,4113,7655,7758,7888,7897,10033,10052,10058,10747,11375,11953,11966,12254,12320,12324,12373,12376,12377,12381
ALMPS;4110,12369
ALMPU;2364,2406,6152,7495,10800,11021,12321,12328
ALMPY;2433,10052,10062,10748,11375,11671,11971,12381
ALMQU;2228
ALMRS;
ALMRU;7882,12396
ALMRY;2365,2431,2433,11796,12254,12324,12373
ALMSS;232,602,2437,5368,7228,8344,10045,10056,10068,10075,12374,12386,12397
ALMST;4117,6158,7901,10818,11677,12394,12398
ALMSU;10818,10819,12272,12363,12398
ALMSY;604,2438,2965,3887,3941,4112,4117,5835,11672,12376,12392
ALMTY;12394
ALNNU;5375,7234,10079,10082,10084,12365
ALNOP;1393,1709,4119,5377,7497,7906,10088,12366,12370,12400,12405,12408,12412
ALNOR;1875,1981,5734,5972,6162,6165,11161,11384,12255,12399,12415,12416
ALNOS;1071,2967,5634,6168,12273,12274
ALNOT;4121,4122,12319,12331,12367
ALNOW;3642,7889,12368,12370,12377
ALNOX;
ALNOY;1983,2427,2968,3643,4122,5735,5839,5975,7238,7593,7890,7897,7916,9991,10094,11657,11953,11986,12320,12331,12332,12373,12377,12400,12408,12412,12415
ALNOZ;5381,5976,11164,12332
ALNPS;1984,2428,6170,7917,10823,11389,12378
ALNPT;12422
ALNPU;2408,2443,2445,6152,6170,11383,11390,12321,12378,12419
ALNRS;1073,2449,5979,7766,11553,11957,12000
ALNRT;6171,10824
ALNRU;6165,6171,10824,12255,12333,12416
ALNST;
ALNSU;5635,5736,6170,6173,10683,10823,11387,12418,12427
ALNSW;2449,7247,8360,9029,9910,9995,10120
ALNUW;11182
ALNUY;11024,11390,11673,12365
ALNWY;1721,11185,12012,12377
ALNXY;12422
ALOOP;2369,4119,6174,6175,12366,12381,12403,12404,12405,12429
ALOOS;6141,6177,6522,10129,11641,11659,12013,12256,12337,12430
ALOPR;1077,4020,5842,6175,6179,7774,7923,12275
ALOPS;2460,4110,7892,12341
ALOPT;5843,5985,6182,10829,11187,11963,12019,12020,12444
ALOPU;10051,10088,10140,11365,11383,12411,12432,12436,12444
ALORR;1723,2463,3657,4097,10141,12385,12430,12445,12448
ALORS;12256,12430,12449
ALORT;3892,4076,4098,4127,4133,12455,12456
ALORV;2247,4024,5988,6117,9040,9620,10002,10055,10091,10146,10150,11806
ALORY;2431,3238,4128,8716,9912,10147,10152,11558,12025,12254,12373,12415,12456
ALOSS;3662,5403,10056,10156,10157,10836
ALOST;12447,12459,12460
ALOSU;3893,4101,4139,9043,10160,10836,11026,11353,11368,11387,11401,11662,11687,12031,12273,12347,12418,12447,12458,12459,12460
ALOSV;607,2468,4139,12443
ALOSW;2468,4132,12033,12277,12391,12442,12449,12459
ALOSZ;2412,7776,12018
ALOTT;1082,2469,5406,7262,10059,10139,10144,10162,10821,10829,12019,12278,12393
ALOTV;1083,5991,9623,10146,10163,10164,10165,12020,12034
ALOTX;1726,2466,4077,12338
ALOVV;2461
ALOZZ;2462
ALPPS;12431,12434
ALPPU;12035,12432
ALPPY;2415,2471,11562,12037,12038,12257,12408,12433
ALPRY;7778,12042,12419,12468
ALPSS;
ALPST;
ALPSU;4105
ALPSW;7270,12282,12341
ALPSY;4143,5418,6181,7271,7781,9631,9918,10178,11971,12017,12037,12042,12046,12280,12439,12468
ALPTT;2255,10829,12019
ALPTU;12444
ALPTY;1088,1738,3670,5419,5996,6182,7274,10011,10106,11371,11997,12038,12421,12422,12444
ALPUY;10181,10810,11690,12419,12421,12444
ALRRU;1404,2435,2447,2463,3894,7276,9052,10013,10189,12359,12385,12445
ALRST;11668
ALRSU;12361,12470,12474
ALRSY;11372,12265,12280,12284,12361,12468
ALRTU;2451,9058,10073,10115,10216,10217,12396
ALRTW;3681,4133,7284,9641,10197,10218,10219,12455
ALRTY;614,4146,10840,12456
ALRWW;7287,10835,12455
ALRWY;12343,12468
ALSST;11565,12059
ALSSU;1093,2372,2437,2486,6006,7921,11885,12047,12060,12357,12397,12451
ALSSW;2480,6194,11400,12345
ALSSY;10760,11886,11977,12397
ALSTU;617,4147,12347,12398,12447,12458,12459,12460,12469
ALSTW;6191,11856,12064,12277,12349,12391,12426,12459
ALSTY;2438,4776,7788,11028,11194,11568,11979,12460,12461,12469
ALSUU;3243,5440,6159,10819,11404,11678,12362,12380,12395,12398,12402,12427,12466,12472
ALSUV;4139,12329,12443,12454
ALSUW;10843,12064,12363,12459
ALSVY;12284
ALSWW;2478,12350
ALSWY;6198,7294,8399,9328,10213,11402,11569,12033,12046,12266,12468
ALTTY;2469,4034,6008,12010,12066,12352
ALTUV;6009,7298,9066,10128,10163,10217,10239,12011,12056
ALTWY;3691,6523,9329,10218,12012,12353
ALTWZ;7300,10219,10234
ALUUV;
ALUVV;
ALVVY;12065
AMMMO;6121,11693
AMMMY;2489
AMMNO;2423,10030,10243
AMMOS;2376,2492,7932,10247,11695,11696,12483
AMMOY;2493,10033,11410,11697
AMMRS;1406,1997,2494,2495,3693,4035,5446,7302,9070,9331,9664,9885,10034,10240,10247,10249,10250,10251,10253,11571,11887,12070,12483
AMMRY;2489,11410,12480
AMMSU;2377,2496,7931,12272,12364
AMMSY;
AMMTY;2493,11697
AMNNU;7305,10260,10265,12250,12365,12495
AMNOR;12285,12503
AMNOS;2499,2504,12492,12497,12517
AMNOT;620,2003,12319,12367,12478,12501,12502
AMNOW;1410,7308,7934,11414,12285,12368,12370,12377,12495
AMNOY;621,2427,3896,4401,6201,11953,12320,12376,12377,12517
AMNRU;1100,2513,5852,6123,10798,12258,12480,12522
AMNSU;2514,12515,12525,12526
AMNSW;246,2008,9081,9682,10264,11892,12091
AMNSY;1101,1414,7942,11220,11421,11422,12077,12092,12105,12106,12376,12492,12512,12517,12519
AMNTY;247,9684,10295,10297,11421,11825,12527
AMNUY;2513,6153,11673,12258,12365,12480,12518,12522,12527
AMOQR;
AMORR;2348,2517,4152,10947,11424,11644,12481
AMORS;12528,12529,12532
AMORT;248,1418,2349,2519,4155,4157,7944,7950,7951,12111,12288,12530,12544
AMORU;623,2379,4157,5456,10273,10854,11223,11416,11425,12086,12112,12513,12544
AMORW;3898,6214,7950,10815,12285,12545
AMORY;2431,2519,7945,12254,12324,12533
AMOSS;5457,6021,6209,6216,10056,10314,10851,12071,12289,12325
AMOST;2730,4083,4156,4158,7932,10717,10855,10856,11714,12259,12535
AMOSU;2012,4158,10317,12515,12547,12548
AMOSW;4153,7900,11646,11696,11716,12327
AMOSX;10312,12392,12484
AMOSY;624,1105,4112,7324,7798,7942,9086,10058,10318,11224,11430,11966,12108,12376,12392,12492,12517,12534,12548
AMOTW;6214,7950
AMOTY;1767,2493,2519,10949,11697,12539
AMOTZ;1768,7951,9692,12502
AMPRS;12291,12529,12550
AMPRT;250,2507,2523,4155,6208,12384,12504,12530
AMPSS;2509,2524,7328,10280,10331
AMPST;2510,4040,4156,5464,6027,6210,7329,8425,9698,10064,10281,11582,11969,12090,12107,12115,12259,12506,12519,12535
AMPSU;11431,11432,12291
AMPSV;9699,10327,11583
AMPSW;7330,8426,9700,10328,11584,12091
AMPVY;
AMPYY;12520
AMRRU;2435,12094
AMRRY;1421,2014,8741,10337,12116
AMRST;253,1108,2381,2495,2512
AMRSU;12291,12550
AMRSW;3704,7334,7804,9710,10328,10341,10347,11587,11721,12122,12550
AMRSY;2015,7805,12118,12553
AMRTY;2519,2528,2529,8434,10350,11227
AMRUU;4406,10351,12099,12396
AMRUV;
AMRVY;
AMRWY;2384,2529,12541
AMSST;627,2132,2530,6223,12488
AMSSU;2286,2437,2530,7809,11419,12127,12287,12397
AMSSW;10354
AMSSY;2385,2524,6219,11713,12397
AMSTT;255,2521,2531,6217,10855,12525,12535,12556
AMSTU;4150,4158,10818,10856,12294,12398,12496,12515,12525,12526,12546
AMSTY;2438,4117,11421,11979,12519
AMSUW;5859,9355,10354
AMSUY;3948,9089,12487,12548,12553
AMSWY;7812,10318,11716
AMSYZ;11430,12106,12517,12548
AMTUZ;11590
AMUYZ;12548
ANNNY;6227,12557
ANNOS;2016,2351,2532,11378,11412,12295,12490,12491,12563
ANNOY;7955,12400
ANNSU;5481,12139
ANNTU;2386,6038,7960,7961,8446,9357,9942,10084,10265,10368,10370,11699,12138,12141,12144
ANOOP;4119,7346,7821,7963,11254,11725,12145,12366,12403,12404,12405,12498,12574
ANOPR;2019,3901,6200,8447,8744,10267,10380,12503,12505
ANOPT;6040,11356,12149,12154
ANOPW;7972,12370
ANOPY;7972,11986,12400,12408,12412,12505,12508,12561
ANORS;2387,10624,12296,12591
ANORT;11444
ANORW;259,3713,4050,10397,10860,12159,12285,12592
ANORY;10398,12415,12592
ANOST;7503,11901
ANOSV;10366,10385,10404,10405,12516
ANOSX;3252,7913,10953,11729,12274
ANOSY;633,2539,3253,3716,3804,5490,5867,6049,7357,7942,9108,10954,12164,12517
ANOSZ;1781,2504,9745,12517
ANOTT;10821,11730,11837,12501
ANOTU;4121,4171,7668,7915,7960,10368,10388,10822,10861,11990,12154,12411
ANOTX;7830,12160
ANOTY;5868,7916,10094,12331
ANOUY;4171,5869,12415,12518
ANOWY;7972,7977,12377,12592
ANPPY;261,10097,11273,11733,12408
ANPRU;5495,7366,7969,10409,10418
ANPRW;
ANPRY;6054,11279,11735,12505
ANPSS;12410,12559,12568,12578,12596
ANPST;1113,2510,2545,2547,7982,12519,12569,12597,12601
ANPSU;3718,7917,7982,8454,10103,10282,10384,10422,10823,11994,12176,12378,12420,12583,12601
ANPSW;2535,5498,7369,8455,9754,10423,12091
ANPSY;2388,7371,10420,10424,11284,11389,12092,12300,12519
ANPTU;7982,12507,12583,12597
ANPTY;5500,9371,10106,10424,12421,12422,12561
ANPUY;5872,11287,11390,11733,12421
ANPUZ;
ANQRT;2548
ANQTU;12521
ANRSS;7984,11454,11455,12596,12603
ANRST;
ANRSU;6240,6249,12591
ANRSW;6253,7986,12606
ANRSY;2550,6231,6253,11296,11842
ANRTT;6060,11297,12002,12140,12171,12188
ANRTU;10824,11456
ANRTY;5873,6254,7671,11603,12003,12183,12189
ANRUY;2513,5874,6254,6255,7388,7672,11038,11456,12179,12184,12189,12258,12480,12522
ANRUZ;1795,6255,7389,9769,12416
ANSST;634,2547,2557,2558,2559,12572
ANSSW;
ANSSY;2310,2560,12192,12252,12425,12572
ANSTU;2514,12526,12601
ANSTV;7395,9777,10124,10404,10439,11311,11848,12516
ANSTW;1800,4175,6247,10378,10423,10461,11740,12426,12565
ANSTY;1884,4176,12519
ANSUU;4173,5515,12380,12402,12427,12526,12591,12601
ANSUW;2144,4175,7398,7986,9381,10442,11740,12606
ANSUY;2030,11040,11741,12182
ANSWY;2031,2563,6253,11318,12606
ANTTU;2314,2456,11320
ANTTY;7840,12010,12193,12567
ANTUV;7402,9783,10128,10447,11323,12011
ANTUX;7403,10460
ANTUY;4171,6254,11041,11456,11741,12144,12189,12518,12527
ANTWY;12012
ANVVY;
ANWYY;
AOOPP;2394,5517,6174,10463,10864,12498,12608
AOORS;2515,4126,4163,6233,10129,10464,11396,11457,12256,12382,12430,12499,12528,12529,12531,12532,12573,12608,12612
AOORT;3732,4127,4178,4414,6176,6258,6261,7407,7944,7993,9384,10298,11906,12288,12301,12530
AOORZ;4164,10866
AOOWZ;
AOPPP;
AOPPR;7967,10864,12196,12503
AOPPZ;
AOPRS;1443,2317,2395,2516,7845,7989,12529,12627
AOPRT;1444,2318,4155,7676,7846,11745,12201,12202,12301,12530,12609,12634,12635
AOPRU;6179,7677,7923,7969,10469,11611,12432,12634,12635
AOPRV;7412,7970,10467,10473,10477,12581
AOPRY;5881,10479,11745,12202,12505,12628,12635
AOPSS;2033,11331,11612,12152,12559
AOPSU;1447,2355,6259,7848,7884,7990,10384,10470,12584,12622
AOPSY;2460,4180,6528,7878,10483,10626,12017,12108,12534,12639,12640
AOPTY;4415,6068,6182,11745,12202,12508,12561,12628,12640
AOPTZ;1801,8477,10484
AOQTU;
AORRS;2320,2567,2568,5883,6069,6183,6236,11443,11909,12206,12302,12430,12435,12577,12626
AORRW;2564,7416,11358,12194,12205,12306
AORRY;5746,6238
AORRZ;2517,4058,7417
AORSS;2734,4059,11614,12210,12651
AORST;
AORSU;2146,2567,4181,12644,12651
AORSV;2518,2568,2570,6278,7421,8481,10492,10500,11457,12532,12618
AORSW;4132,4185,8756,10500,11617,11751,12632,12652
AORTT;10873,12111,12201,12207,12544,12634
AORTX;2466,10505,12160,12208
AORTY;2519,5650,6186,10147,11745,11752,12025,12202,12456
AORVY;12656
AOSST;9138,9794,10506,12308,12658
AOSSY;10870,11713,12217,12543,12651,12658
AOSTT;2521,2571,10315,10482,10855,12535,12610,12638
AOSTU;6530,7853,9394,11687,11714,11753,12031,12347,12547,12620
AOSVW;2468,7854,10405,10500
AOSVY;9143,10161,12164
AOTTU;2522,2572,4190,10873,12218,12278,12393,12544,12634,12641
AOWYZ;
APPPY;
APPRS;2036,2148,2323,6287,12165,12219,12220,12662,12663,12664
APPSU;9398,9964,10515,10520,11490,12595,12663
APPSY;6287,12037,12534,12662
APPUY;7436,11733
APPUZ;
APPYY;
APPYZ;
APRRS;12219,12435,12462,12577,12625,12626,12627
APRRY;11755,12116,12628
APRSS;269,7855,12040,12167,12224,12463,12464,12596,12665
APRST;4191,8005,12597
APRSU;2575,11431,12291,12550,12663,12664,12665,12667,12669
APRSW;8006,12550,12627,12632,12663
APRSY;2327,2475,4192,6075,6287,10957,12042,12118,12226,12664
APRTT;6076,12171,12201,12222,12609,12634
APRTU;2580,12172,12225,12597,12631,12634,12635,12667
APRTW;2150,2581,3751,9817,10417,10529,12173,12632
APRTY;2581,11745,11755,12628,12635
APSST;
APSSW;1452,6288,8502,9822,12224,12229,12666
APSSY;2524,6137,6219,12670,12671
APSTU;4191,7982,8005,10877,11758,11863,12176,12225,12569,12597,12601,12667
APSTW;6268,10423,10877,11746,12632,12640
APSTY;2329,9407,10424,10483,12519,12640
APSUY;4192,10540,12226
APSUZ;9157,11432,11758
APSWY;4180,7446,11626,12046,12640
APSZZ;7447,10545,10548
APTTY;12668
APZZZ;10548
AQRTU;1456,2548,6081,12178
AQSSU;2331,2566,2583,5551,9829,9970,10190,10335,10551,10556,12047,12180,12311,12357
AQSTU;6082,7857,12469,12673
AQSUW;
AQSUY;2737,6531,11760,12182,12313,12358,12469,12673
ARRST;6291,11469,12551
ARRSU;1126,2567,2575,2586,6249,6291,11469,12626
ARRSY;3759,4194,7452,10430,10563,11761,12553
ARRTY;4195,11755
ARSST;10627
ARSSU;7984,8007,12311,12451,12463,12470,12596,12603,12630,12650,12651,12665
ARSTT;12471
ARSTU;1458,8005
ARSTW;4185,6090,8000,12122,12632,12645
ARSTY;6091,7864,12240,12242
ARSTZ;2555,6092,12124,12241
ARSUV;2038,11405,12474
ARSUW;2336,2586,9976,10442,12550,12598,12606,12663,12669
ARSUY;4192,4194,10540,11761,12226,12361,12487,12553,12651,12654,12664,12669
ARSXY;9421
ARTTT;274,1128
ARTTU;275,10788,10873,12054,12544,12634
ARTTY;2528,11752,12668,12676
ARTUY;1130,2399,4146,4195,5577,6093,6254,9853,10840,11456,11767,12189,12672
ARTWY;1131,2529,2581
ARUYZ;6255,12672
ASSSY;12125
ASSTT;2557,10789,11633,12126,12190,12228,12246
ASSTU;2530,11470,12127,12308,12488,12658
ASSTV;2558
ASSTW;8008
ASSTY;5895,7987,10790,12572,12658,12670,12677
ASSWY;1827,4197,10455,10574,12315,12666,12671
ASTTT;2401,2561,10791,12246
ASTTU;3808,4147,12673
ASTTW;647,7465,9869,10231,10578,10595,11340,11636,11765,12659
ASTTY;7872,9871,10579,11347,12240,12248,12605,12668,12673,12676,12677
ASTUV;6097,10792,11341,12249
ASTUX;648,9428,10233,10460
ASTVY;10583,12242,12248,12249
ASTWY;12310,12640
ASVVY;12065
ATTTY;10585,12066
BBBEU;
BBBIS;12681,12682,12683,12685,12693,12695
BBBOY;12690
BBBUY;
BBCEU;2602,12708,12711,12714
BBCOS;12713,12715,12716
BBCOY;2614
BBCUY;2612,12721
BBDEE;12725,12726,12727,12730
BBDEY;2623
BBDIS;2636,12726,12743,12745,12746,12748,12772,12774,12775
BBDOU;2642
BBDOY;
BBEER;12730,12781
BBEET;
BBEIK;12797
BBEIL;2657,12832,12834
BBEIR;12706,12708,12842,12843,12846,12850
BBEIS;12682,12726,12745,12746,12785,12802,12804,12812,12813,12823,12826,12841,12844
BBEKO;12710,12749,12855,12859
BBELS;12686,12688,12713,12755,12758,12786,12787,12788,12806,12816,12857,12862,12864,12867,12869,12870,12871,12872,12876,12877,12879,12880
BBEMO;
BBEOP;
BBEOR;12801,12842,12846,12859,12891
BBESY;12840,12871,12886
BBEUZ;2677
BBEWY;
BBFUY;12796
BBGIO;12801,12802,12921
BBGOO;2696,2698,12914
BBGOY;
BBHOY;12927
BBHUY;12934
BBIIK;12819,12936
BBIJS;12826,12827,12941
BBILO;12741,12832,12910,12946
BBILY;12773,12840
BBIMO;2714,12912,12940
BBIRY;2720,12684,12773,12777,12794,12846,12848,12951,12953
BBISS;12837,12851,12942
BBLOO;12754,12954,12957
BBLOS;296,12686,12713,12755,12806,12816,12857,12864,12869,12872,12876,12877,12962
BBLOY;2724,12861,12875,12946,12955
BBLRU;
BBLSU;12688,12758,12862,12867,12870,12880,12899,12944,12961,12962
BBMOO;12940,12965
BBMOS;2730
BBMOU;2642,2731
BBMOY;12948
BBNOY;12946,12951
BBNUY;12970
BBOOS;12844,12925,12930,12932,12967,12968,12971,12973
BBOOY;
BBOYY;12891
BBRSU;12721,12765,12849,12884,12893,12895,12928,12934,12974
BBRUY;12721,12777,12796,12894,12934,12953,12970
BBSUU;12694,12939,12961,12962,12973
BBSUY;2737,12721,12778,12934
BBTUY;12953
BCCEO;12983
BCCIO;12697,12984,12986
BCCIU;12980,12984,12985
BCCIY;12981,12985
BCDEI;2763,2764,2765,2766,12698,12699,12993,12996,12997,13003,13005,13006
BCDEU;13001,13016,13022,13023
BCEEH;2759,2792,2793,12991,12992,13036,13037,13041,13042,13044,13046
BCEEK;13039,13058
BCEEL;12991,12993,13039,13043
BCEER;2795,2797,2799,2800,12703,13040,13049,13052,13063
BCEEX;
BCEEZ;
BCEHL;12991,13043,13044,13076
BCEHN;2815,12704,12992,12998,13036,13045,13046,13069,13070,13077,13078
BCEHO;2811,2812,13000,13072
BCEIP;2765,13041
BCEIS;12709,12982,13097,13109,13111
BCEKS;2822,2843,2845,2846,13004,13013,13015,13089,13095,13096,13097,13125,13126,13127,13130,13132,13133
BCELO;2769,2812,2839,2853,2854,12979,13007,13010,13092,13101,13122,13134,13140
BCEMO;2805,2828,13107
BCENO;13101,13107,13110,13112,13140
BCENU;13054,13063,13077,13113,13136,13145
BCEOR;2770,2806,2866,2873,2875,2876,13012,13020,13021,13128,13129,13151
BCERU;12708,13063,13113,13118,13151
BCERY;
BCESU;2774,2802,2808,2862,13015,13022,13023,13064,13084,13087,13097,13121,13125,13130,13133,13135,13139,13142,13144,13157
BCHIM;2898,13175,13177
BCHIR;319,12996,13024,13025,13069,13071,13073,13177,13178,13179
BCHIS;2809,2897,12719,13073,13074,13171,13174,13176,13180
BCHIT;12997,13042,13070,13072,13074,13075,13169
BCHNU;12998,13078
BCHOR;13024,13177,13178,13179
BCHOT;2899,2907,2909,13000,13072,13080,13083,13169,13185
BCHSU;2901,2910,12719,13078,13084,13085,13087,13174
BCHTU;2902,13086,13087
BCHUU;
BCIKR;13198
BCILM;325,13175,13200
BCILO;2779,2883,2923,2924,12979,12984,13007,13092,13098,13101,13102,13104,13188
BCIMO;2828,13098,13107,13162,13203
BCIOR;13024,13030,13179,13188,13198,13201,13211
BCIOX;13196
BCIPU;
BCIRS;2610,2782,2885,2925,2939,13032,13171,13209,13215
BCITU;2926,13118,13216
BCKLO;2839,2894,2945,13010,13092,13122,13123,13220,13221,13222,13223
BCKOR;13012,13033,13123,13128,13129,13198
BCKOS;2955,13013,13126,13127,13197
BCKOU;2900,2956,13033,13129,13172,13221,13222,13224,13228,13229
BCKSU;2901,2951,2957,2958,2959,2960,13015,13097,13125,13132,13133,13174
BCKUU;13158,13219
BCLMO;2964,13230
BCLOS;2961,2967,2971,13232
BCLOY;2962,2964,2968,2972,13181
BCLSU;2862,2969,13125,13135,13139,13142,13143,13144,13202,13232,13234
BCMOO;12988,13230
BCMOR;
BCMOS;2974,2976,13225,13238
BCMOY;2964
BCMRU;2947,13235
BCNOR;13151
BCNOU;12720,13203,13208,13222
BCOPU;
BCORS;13166
BCORU;2790,2875,2937,13020,13033,13129,13151,13208,13233
BCORY;
BCRSU;2958,12721,13209,13215,13241
BDDEI;13248,13267,13270,13277
BDDEO;13250,13285,13286,13287
BDDEU;13262,13287
BDDEY;
BDDIY;
BDDUY;
BDEEI;13324,13332
BDEEL;12727,13338,13340,13344,13345,13349
BDEEM;13302,13303,13323,13324,13340,13351,13352
BDEER;12730,13299,13307,13308,13312,13346,13362
BDEES;12729,12994,13252,13261,13304,13314,13356,13364,13368
BDEET;13316
BDEEW;3023,13253,13345,13351
BDEEY;3036,3041
BDEGI;3063,13377
BDEGO;13313,13397
BDEGU;
BDEGY;13313,13397
BDEIJ;13413
BDEIK;2763,3086,13003,13004,13005,13318,13416,13417,13418
BDEIL;13432,13439,13440
BDEIM;3093,3094,13322,13323,13324,13416,13441,13443
BDEIO;3093,13416,13417,13448
BDEIP;2765,3087,13421,13428,13432
BDEIR;12996,13003,13403,13441,13469
BDEIS;12745,13267,13402
BDEIT;12997,13005,13377,13388,13403,13435,13440,13446,13459,13468,13469,13473
BDEJO;13475
BDEKO;13335,13416
BDEKY;13014
BDELN;2999,3069,3112,3124
BDELO;13010,13344
BDELU;13369
BDEMO;3093,3142,3143,13335,13352,13416,13511,13512
BDEMU;13407
BDENO;3143,13511
BDENS;3097,3144,3150,3152,3156,12729,12745,13304,13356,13359,13402,13451,13453,13521,13525
BDENU;369,3080
BDENY;13427,13452
BDEOO;13397
BDEOR;2770,3003,3057,3163,12999,13250,13362
BDEOS;13013,13356,13364,13525,13527,13542
BDEOW;3081
BDEOX;13311,13352,13364,13431,13529,13539
BDEOY;3004,13014,13397,13462
BDERS;
BDERU;13367
BDERY;13452,13469,13556
BDEST;12762,13409,13499,13525,13538,13542,13546
BDESU;
BDESY;3007,3110,3171,13462,13509,13556
BDETU;13262,13287,13407,13446,13473
BDFII;13560,13561,13562,13563
BDHIO;2775,13024,13588
BDHNU;3080,12998
BDIIN;3202,13594
BDIIS;385,2778,13267,13411,13563,13573,13595,13597,13599,13600,13601
BDILN;387,3179,13574,13604,13605,13606
BDILU;13605,13606,13608
BDIMO;3093,3206,13416,13420,13613
BDINO;3202,3219,3220,13029,13447,13588,13617,13618
BDINS;390,2781,3011,3097,3221,3224,12745,12775,13402,13451,13453,13454,13616,13621,13622,13623
BDINU;3184,3223,13291,13567,13576,13606,13612,13622,13623
BDIOP;13428,13588
BDIOV;13460,13624
BDIRS;13032,13565,13590,13599,13614,13622,13627,13631
BDISU;2786,3225,3230,12772,12775,13031,13563,13589,13600,13616,13619,13621,13622,13623,13629,13630,13631,13632
BDLNO;3187,3237,13574
BDLOO;13582,13636
BDLOS;13564,13597
BDLSU;
BDLUY;3188,3241
BDMOU;2642,13512,13638
BDMSU;3196,3247,13583,13600
BDNOR;13602,13617,13641,13645,13646
BDNOS;2787,3189,3252,3253,13356,13525,13527
BDNOU;13634,13640,13641,13644,13646
BDNSU;3255,12775,13616,13621,13622
BDNTU;3256
BDNUU;13606,13612,13640,13644
BDNUY;13534
BDOOR;2788,3248,3258,12776,13617,13625,13641
BDOOS;13585,13626
BDOOY;3234,3259,13593
BDORS;13565,13614,13627,13650
BDORU;2790,13033,13625,13638,13641,13645,13646
BDOSU;3225,3239,13031,13589,13630
BDOTU;3165,13287,13503,13549
BDRSU;13622,13631
BEEEL;3270,13667,13668,13669,13671,13672,13675,13677
BEEES;12779,13037,13252,13296,13305,13309,13652,13659,13665,13686
BEEFS;3276,13657,13693,13697,13701
BEEFY;13700
BEEGI;13691
BEEGL;13660,13718
BEEGM;13709,13719,13720
BEEGR;13662
BEEGT;3284,13691,13714,13726
BEEHN;12992,13036,13045,13738
BEEHS;2792,3020,3280,3292,3295,3302,12977,13037,13044,13047,13665,13734,13741,13742,13745,13746,13748
BEEHT;3021,3296,3299,3303,13042
BEEIL;13667,13668,13753,13759,13763,13767
BEEJL;13671,13672,13753
BEEJM;
BEEKN;3315,3316,3317,13318,13797
BEELL;3281,3324,3325,13667,13673,13704,13756,13758,13803,13804
BEELN;13668,13718,13761,13803,13806,13811,13812,13813
BEELP;13298,13675,13759
BEELR;3033,3282,3293,3313,3324,3331,3335,3336,3340,13043,13299,13341,13656,13675,13677,13823
BEELS;12786,12788,13817,13824,13825
BEELT;13698,13767,13806,13827
BEELV;13301,13677
BEELZ;3329,13672,13763,13812,13823
BEEMN;13302,13719,13803,13806,13829,13830
BEEMR;13737,13830,13831
BEENN;3297,3354,3355,13683,13710,13738,13772,13811
BEENS;2798,3307,13062,13356,13359,13713,13722,13723,13725,13773,13779,13842,13848
BEENT;13343,13695,13714,13777,13806,13813,13829,13845
BEEOR;12730,13362,13363,13743,13831,13857
BEEOS;13047,13059,13061,13062,13350,13356,13364,13679,13739,13741,13744,13745,13762,13773,13782,13796,13798,13815,13816,13817,13832,13833,13844,13849,13850,13859
BEEPS;3320,3360,13050,13665,13685,13686,13741,13746,13798,13850,13852,13861
BEERR;13662,13670,13696,13732
BEERS;13697,13787,13838,13861,13869,13873
BEERT;13836,13846
BEERV;13307,13362,13677,13765
BEERW;12784,13743,13750,13831,13858
BEERY;13830,13867
BEESS;2801,3049,3352,3363,12788,12789,13330,13347,13368,13795,13810,13820,13824,13825,13832,13837,13869
BEEST;13056,13682,13849
BEESZ;3051,3291,3368,13688,13793
BEETW;13658
BEEUV;13877
BEFFU;
BEFGO;
BEFIR;3386,13655,13692,13696,13887,13898,13900,13901,13903,13906
BEFIT;3392,13695
BEFOU;
BEGIL;3381,3420,3422,13886,13948
BEGIN;3423,3431,13067,13920,13945
BEGIO;12801,13923,13976
BEGIR;2804,13976
BEGIS;12804,13391,13888,13921,13925,13926,13980
BEGIW;12800,13969
BEGIY;3431,13927,13948,13954,13965,13970
BEGLO;3442,13937,13983,13984,13995
BEGLU;13708,13983,13986,13995
BEGLY;13948,13954,13997
BEGMO;2805,3411,3450,13720,13984
BEGMU;3453,13720,13985,13986
BEGNU;3412,14000,14005
BEGOR;12801,12805,13955,13976
BEGOT;3465,13388,14004
BEGOU;3466,13720,13983,13995
BEGOY;3460,3466,13313
BEGRS;
BEGRU;2655,3419,3453
BEGSY;13717,13729,14007
BEHKO;2811,14015,14018,14040
BEHLS;12816,13044,13405,13736,14021,14023,14025,14027,14049
BEHOW;3081,13081,13743,14033
BEHRS;12818,13073,13079,13742,13748,14020,14041,14056,14060
BEHRT;13086,13403,14024,14034,14063,14075
BEHRY;3494,3497,3500,13408
BEHST;13074,13083,13087,13409,14016,14025,14031,14032,14038,14039,14053,14062,14072
BEIIK;12819,14077
BEIJR;3507
BEIJS;3506,3508,12826,14101,14102,14103,14104
BEIKR;3304,3517,13754,14118,14121,14126
BEIKS;440,2822,3509,3513,13004,13096,14105,14107,14109,14114,14119,14122
BEIKU;13415,14113,14115,14126
BEILL;13667,13704,13758,13947,13948,14127
BEILO;12831,12979,13092,13103,13104,13762,13763,14018,14023,14109,14111,14156,14157,14165
BEILR;13898
BEILS;13891,13894,13899,14021,14023,14026,14027,14086,14101,14105,14107,14109,14114,14135,14137,14141,14142,14144,14149,14150,14154,14164,14165,14176
BEILT;13439,13440,13767,14115,14181
BEILV;14086
BEILZ;13440,13763,14173,14175
BEIMO;2828,3093,3471,13107,13108,13416,13443,14028,14029,14184,14186,14189,14193
BEIMU;3529,14185
BEIMX;3531,13324,13770,14084
BEINN;3503
BEINO;3555,13107,13417,13448,13774,14030,14087,14208,14216
BEINR;2829,3549,3558,3559,3560,13069,13776,13777,13778,14220
BEINS;12745,12830,13426,13453,13454,13779,14090,14103,14107,14117,14135,14148,14149,14150,14222
BEINY;3431,13965,14222
BEINZ;3560,13326,13778,13780
BEIOS;3536,12682,12813,12826,12831,12844,12982,13103,13762,13894,14023,14109,14119,14122,14154,14165
BEIOT;13388,14087,14091,14193,14216,14227
BEIOW;14033,14189,14210
BEIRR;13670,13696,13732,13785,14034,14183
BEIRS;13768,13787
BEIRT;12850,13403,13468,13469,14034,14126,14221,14244,14248,14256
BEIRZ;13461,13778,14173,14175,14190,14224,14257
BEISS;12837,13330,13437,13971,14176,14222
BEIST;2660,3562,3583,3584,12804,12852,13925,13972,14016,14031,14038,14090,14095,14096,14097,14259
BEISV;3585,13090,14086,14096,14098,14213
BEISZ;14192
BEITT;2836,3583,13767,13790,14181,14238,14259,14260
BEITZ;3569,13440,14152,14173
BEIVX;
BEIVY;13906,14256
BEJNU;
BEJOS;3592,3595,12826,12853,14265,14266
BEJOT;
BEJSU;3597,3598,13121,13795,14101,14102,14261,14264,14266
BEKLO;2839,3604,12855,13010,13092,13122,13123,14018,14108,14110,14111,14269
BEKMO;13335,13416,14271
BEKMS;3601,3607,3608,3609,14105
BEKOO;14040,14271
BEKOR;3434,13123,13128,13129,14108,14121,14282,14285
BEKOS;3435,13013,13127,13130,13798,14122,14267
BEKRS;
BEKRU;3481,3616,14126,14282
BEKSU;3609,3613,13125,13130,13734,13982
BEKSY;2846,14114,14122
BELLS;12862,13135,14294,14295,14298,14299,14300
BELLY;3325,3395,3600,12861,13909,13910,13948
BELMO;3633,13807,13984,14044,14301,14305,14308,14310,14311,14312
BELMU;13136,13986,14291,14305
BELNO;466,3641,3642,3643,13140,13811,14305,14306,14321,14324
BELNT;3333,3485,3603,3621,3631,3641,3645,13343,13806,13813,14325
BELOO;3653,13937,13984,13991,14047,14269,14301,14310
BELOR;13928,14311
BELOS;3536,3622,3655,3664,12686,12816,12831,13762,13816,13817,13894,14023,14165
BELOT;14047,14269,14310
BELOU;13995,14157,14305,14321
BELOW;3642,3653,3668,13140,13807
BELPS;2855,3655,14335
BELPY;471,2857,3131,3670,13896,14156
BELRT;
BELRU;3646,3669,3682,13823,13881
BELRY;12875,14147,14162
BELSS;12788,12837,13347,13437,13810,13820,13824,13825,14168,14176,14177
BELST;
BELSU;12688,12862,12870,13125,13135,13814,13899,14101,14133,14149
BELSY;12840,12871,13106,13509,13817,14114,14150,14314,14331
BELTU;479,14115
BELUY;2676,3587,3671
BEMOP;14311,14373
BEMOR;3450,3700,14136,14184,14190,14311,14312,14359,14381
BEMOS;485,3402,3692,3694,13679,13833,14357,14358,14366
BEMOW;13807,14044
BEMOX;13352,13833,14381
BEMOY;13999,14029,14055,14383
BEMRS;13962,14138,14195
BEMRU;14381
BEMSU;3609
BEMSW;14142,14388
BENNO;13511,13738,13811,14274,14390,14391
BENNY;
BENOR;14363,14364,14390,14405
BENOS;13356,13526,13527,13722,13739,14001,14003,14267,14357,14366,14406,14410
BENOT;12883,14005,14087
BENOW;2868,3593,3642,3713,12883,13140,14145,14210,14274,14390,14400,14405
BENOX;13529,14410
BENOY;3643,3716,13843,14306,14324,14327,14364,14405,14412
BENOZ;2869
BENRS;12884,13359,13530,13723,13838,14006,14279,14369,14413,14414
BENRT;13777,13813,13845,14220
BENSS;3156,3561,3727,12789,12885,13532,13971,14211,14222,14329,14394,14406,14407,14414,14416
BENST;13453,13972,14031,14090,14148
BENSW;3459,13779
BENTY;489,14368
BEOOS;2872,3733,12844,12886,13146,13150,13849,14187,14207,14225,14358,14397
BEOOZ;
BEOPR;3654,3736,14066,14155,14280,14311,14332,14373
BEOPS;3655,13741,13798,13850,14067,14335
BEORR;2873,3404,3461,3739,13916,14068,14359,14433
BEORS;
BEORV;2876,3163,13362,13460,13550,13976,14234,14423
BEORW;3713,13081,13743,14210,14285,14390,14400
BEORX;3405,3463,14381
BEORY;3744,12690,12846,12854,12875,12888,12891,14162,14233,14284,14340,14420
BEOST;3164,3733,3747,12762,12809,13083,13409,13538,13744,13849
BEOSU;13084,13130,13152,14067,14366,14393,14410,14411
BEOSW;12716
BEOSX;13364,13833,14065,14165,14214,14239,14410
BEOSY;3716,3744,12886,13462,13527,13817,13856,14122,14233,14240,14340,14429
BEOTT;3465,14091,14287
BEOTU;3165,3615,3702,13287,13503,13549,14057,14287,14342,14430
BEOTW;3668,12883,13917,14033
BEPSU;3718,3753,13551,13746,13883,14067,14241,14243,14335,14426,14454
BEPUY;14454
BERRS;12893,13155,13552,13918,14013,14073,14288,14348,14413,14457,14458
BERRY;12888,13867,14284,14433
BERSU;12884,12893,13864,13884,13918,14413,14455,14457,14463
BERSV;14462
BERSW;2683,3677,3704,3750,3770,3774
BERSY;13787,13856,14219,14233,14380,14445
BERTU;13086,13118,13836,14126,14197,14244
BERUX;3581,3726,3777,14381
BERUY;3173,13932,14446
BESST;
BESSU;12885,13795,13919,14394
BESTU;12852,13087,13121,13885,13907,14454,14456
BESTY;13752,14240,14454,14456
BESUZ;14411,14443
BETTU;13877,14287,14372
BETTY;3776,14255,14464
BEVVY;
BEYZZ;
BFFIO;14472
BFFIS;3376,13878,13879,14471
BFFIU;13880,14470
BFFIY;14474
BFFLU;3787,14475
BFFOO;3786,14472,14476,14477
BFFOS;
BFFOU;3787,14477
BFFSU;13883,13884,13885
BFFUY;14475
BFIOR;13900,13901,13903,14481,14490
BFIRS;14489,14491
BFIRU;3796,12793,13880,13887,14492
BFLOS;13564,13894,13913,14507
BFLSU;3790,3793,3797,3800,12899,13889,13899,13912,14483,14487,14494,14508
BFLYY;
BFMSU;13912
BFOOY;3807,14502,14509
BFORS;14478
BFORY;
BFOSU;14499
BFOSY;14479,14507
BFSUY;14479,14487,14494
BFTUY;14500
BGGIS;3409,3815,3816,13921,13925,13926,14514,14515,14518,14519,14525,14527
BGGIY;3812,13927,14520
BGGOY;
BGGUY;13932
BGHIT;3823,13377,13933,13934,13936
BGHOR;3418,3829,14536
BGHOU;13378
BGHRU;13938,14540
BGIIL;513,13886,13939
BGILN;
BGILO;3854,13575,14576,14586,14587
BGILS;3848,14533,14588
BGILY;3812,14534,14587
BGINO;13162,14469,14593,14605,14613
BGINR;12907,12918,13164,13570,14553,14555,14558,14559,14561,14569,14582,14583,14600,14616,14617,14619,14620,14621
BGINS;13571,14518,14532,14549,14562,14625
BGINY;13970,14625
BGIOS;12921,12922,13573,14515,14596,14628
BGIOT;3863,3877,13388,14480,14481,14579,14593,14603,14613,14629
BGIRS;520,3857,14539,14588,14628
BGISU;3878,12921,13391,13926,13978,13979,13980,14538,14588,14628
BGLOS;3885,3891,14578,14634,14636
BGLOY;3890,14581,14587,14641
BGLUY;3188,14635,14641
BGMOO;3827,3897,14591,14644
BGMOU;3886,13720,14541,14576,14644
BGNOO;13721
BGNOS;13722,13987,14003,14529,14647
BGNRU;12918,13164,14543,14569,14582,14600,14616,14617,14618,14619,14620,14621
BGNSU;14529,14647
BGNUY;
BGOOR;3899,3905,14586
BGOOS;3881,13585,14482,14639
BGOOY;3897,14587
BGORS;13166,14607,14633
BGORU;3907,3909,14649,14650
BGOSU;3878,12921,14529,14610,14647,14652
BGOSY;13166,13585,14596,14633,14641
BGRSU;3895,14588,14618,14642
BGRUY;13932,14621,14635
BHIMO;3471,14029
BHIRT;3932,13403,14024,14034,14672,14684
BHLSU;14487,14687,14688,14689
BHMOR;3195,14541
BHMPU;14058
BHMRU;14045,14541,14673
BHMTU;3197,12817,13407,14057,14058
BHOOS;2703,3929,3949,3952,12925,12930,12931,12932,13184,14661,14669,14677,14690,14694,14696,14698
BHOOT;14047,14064
BHORT;14546,14672
BHOTU;3957,14057,14665,14693
BHOTY;3957
BHRSU;3201,3940,3960,14689,14700
BHSTU;12929,13087,14053,14486,14683,14685
BHSUY;3917,3948,14487,14667
BIIKR;14704
BIILM;3967,3968,12935,13595,14083,14084,14488,14551,14705
BIILN;13186,14077,14081,14706,14709,14710,14711,14712
BIILR;3972,12820,13188,13596,13939,14078,14083,14085,14553,14709,14714
BIIMN;2706,2915,3967,3975,13598,14551,14555,14556,14718,14719
BIIMZ;
BIINT;3504,3918,14656,14711
BIIOR;2917,3979,13188,13562,13596,14490
BIIOT;14091,14703
BIJOU;
BIKLN;3839,3988,13186,14548,14564,14734,14735
BIKLS;12828,14105,14109,14112,14114,14660,14736
BIKMO;13416,14737
BIKNO;2708,14734,14735,14737
BIKNR;3842,3991,13602,14568,14569,14704
BIKNS;14549,14701
BIKRS;3205,3992,3995
BIKRU;14113,14126,14569,14704
BIKRY;
BIKSS;12942,14662,14740,14741
BIKSU;3986,14743
BILLR;552,14753,14754
BILLS;553,2709,3966,4005,4006,12944,14664,14705,14744,14749,14750
BILLY;3987,4001,4004,4006,4009,13604,14733,14753,14754
BILMO;3206,4012,14488,14574,14576,14755
BILMP;13200,13421,13759,14757
BILMS;13422,13595,13760,13891,14021,14105,14135,14138,14142,14705
BILMU;13187,13200,14575,14576
BILMY;556,4001,4014,13175
BILNS;12830,14135,14144,14146,14148,14149,14150,14151,14744
BILNY;4019,13604,14712,14735,14761
BILOO;14472,14577,14586,14587,14746,14764,14765
BILOR;13188,13201,13596,14586,14755
BILOS;3536,3923,3990,4016,4025,13430,13564,13597,13607,13762,13894,13956,14023,14109,14144,14154,14163,14164,14165,14578,14660,14713,14744,14749,14750,14766,14768,14769,14770
BILOX;4012,13431,14111,14165,14770
BILPS;13202,14666,14766
BILRS;14489,14588,14714,14736,14758,14772
BILRU;13609,14582,14588,14753,14774
BILSS;12837,13437,14168,14176,14768
BILST;12937,14533,14715,14767,14770,14772
BILSY;12840,13106,13189,14114,14150,14714,14716,14736,14750,14772
BILTU;13610,14115,14171,14181,14585,14665,14711,14759,14762,14763,14771,14774
BILTZ;13440,14173,14180
BIMNS;4037,13598,14135,14702
BIMOS;564,14596,14775,14776
BIMOT;14193,14672
BIMOZ;13613,14495
BIMRS;13599,13614,13768,13962,14138,14188,14195,14196,14722,14758,14776,14778,14787,14788
BIMSZ;3927
BINOR;3219,3979,4047,4049,4050,13602,13617,14490,14724,14793,14798
BINOS;12695,12941,14473,14497,14726,14732,14744,14791,14795
BINOT;13774,14209,14216,14579,14613,14734,14762
BINOX;
BINRS;14491,14657
BINRU;3223,12918,14569,14582,14600,14616,14617,14619,14620,14621,14704,14798,14803
BINRY;14583,14621,14803
BINSS;13971,14222,14622,14741
BINST;572,3224,3562,3870,3928,3993,4054,13453,13623,13972,14031,14148,14623,14802,14804,14805
BIOOT;13211,14480,14764
BIORS;13614,13627,14628,14677,14776,14806,14807,14816
BIORT;12952,13198,13211,14481,14672,14793,14812,14813
BIOST;12926,13194,13214,14681,14770
BIOTU;4026,12952,14665,14762,14812,14817
BIOZZ;
BIPSU;13202,13621,14241,14243,14538,14666,14766,14801
BIQSU;
BIQTU;14244
BIRRS;13215
BIRSS;13212,14498,14814
BIRST;578,2719,2939,3995,4029,4042,4054,12938,14772
BIRSY;13032,13787,14219,14233,14714,14772
BIRTT;4044,4065,14773
BIRTU;13118,13216,14126,14171,14197,14221,14244,14248,14500,14619,14759,14774,14803,14812
BISSY;13628,13632,14222
BISTT;581,3583,3936,3997,4063,13601,13790,14038,14095,14238,14731
BISTU;3937,12852,12929,13472,13623,13907,14486,14623,14805,14822
BISTY;2721,13214,14240,14772,14786
BITTY;4034,4045,4065,14255,14717,14773
BIVVY;
BIYZZ;
BJMOU;
BJMUY;
BJNUY;
BKLNU;12856,12956,13222,13476,14268,14564,14826
BKLOO;4075,12957,13220,13223,14269,14501,14502,14632
BKLSU;13125,14270
BKLUY;12956,14733,14826
BKMOU;13224
BKNOS;13127,14267,14276,14278,14831
BKNOU;13222,13478,13634,14277
BKNSU;2951,3613,4086,12860,13227,13479,13982,14279,14828
BKOOR;14833
BKOOS;3881,4082,14661,14832
BKOOY;3234,14502
BKORS;14633,14831,14834
BKOSS;12942,12960,14272,14286,14740
BKOSU;
BKOSY;14122,14633,14831,14834
BKRSU;14835
BKSSU;590,4090,14289,14290,14503,14662,14741
BKSUY;12778
BLLOS;595,2961,3622,4094,4095,4100,4101,4102,14294,14295,14744,14748,14749,14750,14837,14838,14839
BLLSU;3800,4101,4105,12862,12944,12961,13135,14133,14294,14298,14299,14300,14664,14838,14839
BLLUY;4092,4106,14475,14733,14753,14836,14839,14840
BLMOO;13230,13483,14301,14308,14310,14843,14844
BLMPU;13200,13484,14315,14757,14841,14842
BLNOW;3642,13140,14145,14580,14637,14638,14850,14851,14854
BLNOY;2968,3643,4122,12946,12955,14306,14324,14327,14581,14735,14761
BLNTU;14585,14711,14763,14836
BLOOP;4119,13493,14332,14764,14858
BLOOR;13201,14586,14844,14851,14861
BLOOS;14837,14862
BLOOY;4128,14502,14587,14746,14765,14860
BLOSS;4135,14640,14768,14769,14845,14846,14852,14867
BLOST;14767,14770
BLOSU;3239,4101,4131,4139,12962,14688,14713,14756,14766,14768,14838,14865
BLOSW;4102,4132,14688,14749,14865
BLOTU;3801,4026,4140,13503,14665,14827,14863
BLOWY;14505,14752
BLRSU;14588,14642,14689,14758,14848
BLRSY;14714,14736,14772,14848,14855
BLRTU;14759,14774,14868
BLRUY;2973,3241,4106,4146,13609,14753,14774,14868
BLSSU;14640,14768,14867
BLTUY;4118,4125,4146,13610,14353,14774,14836,14868
BMNSU;14828,14871,14873
BMOOR;2728,4152,14668,14844,14874
BMOOS;4082,4153,4154,13515,14187,14358,14669,14775,14823,14871,14876
BMOOY;3897,14055,14777
BMORS;4111,13614,14776,14778
BMORU;623,4157,13638,14381,14541,14673,14872
BMOST;2730,2976,4083,4156,4158,4159,13236,13238,14873,14876,14877
BMOSU;4158,13238,14313,14366,14756,14782,14871,14873
BMOSW;4149,4153,4159,14785
BMOUX;14381,14847
BMOWY;
BMPSU;14384
BMPUY;14757
BNNOY;13639,14761
BNNSU;12949,13616,14496,14791,14880
BNNUY;
BNOOR;3248,3899,4047,4164,12969,13617,13641,14793,14824,14851
BNOOS;2732,3949,12932,12967,12968,13150,13206,14207,14795,14871
BNORU;12969,13208,13641,13646,14543,14798,14824,14872
BNORW;3713,4050,13523,13646,14210,14363,14390,14400,14779,14798,14851,14872
BNOSS;14407
BNOSU;4053,14366,14393,14409,14410,14411,14529,14610,14726,14732,14782,14791,14795,14825,14853,14856,14871,14873,14883,14890
BNOUX;13529,14410
BNRSU;12884,13241,13530,14006,14279,14369,14413,14414,14880
BNRTU;14619,14803,14881
BNSSU;3805,12885,13532,14329,14394,14414,14416,14622,14741
BNSTU;13240,14623,14804,14805,14825,14873,14883,14890,14892
BNTUY;4125,14803,14836
BOOPY;13243
BOORS;13184,14677,14806,14807,14897
BOORT;3806,3905,4127,4178,13211,14793,14898
BOORU;2733,12969,13625,13641,14824
BOOST;13236,13538,13849,14876,14877,14894,14895,14896,14899
BOOSY;13585,14009,14862
BOOSZ;14807
BOOTY;3807,13246,14420,14509,14884,14898
BOOWX;13649,14833
BOOYZ;14765
BOPPY;
BOPRS;3953,14810
BOPUW;
BORRU;13544,13854,14812
BORSS;2734,3261,4059,4183,14498,14699,14814,14878,14903
BORST;14906
BORSW;4132,4182,13627,14897,14902
BORSY;13166,13237,13856,14233,14340,14380,14633,14831,14855,14875,14906
BORTU;13549,14546,14650,14812
BORTY;14420,14898,14906
BORTZ;14441
BOSST;14699,14800,14814,14878,14903
BOSSW;4188,14651,14889,14903
BOSSY;12972,12975,13628,14769,14846
BOSTT;4136,14815,14876,14890,14904
BOSTU;13238,13240,14652,14825,14873,14883,14890,14899,14907
BOSUY;14429,14479,14907
BOSUZ;14411,14443
BOSWY;4180,13244
BOSYY;3263,14507
BOTTY;639,13246,14884,14891
BOTUY;3957
BOTXY;14906
BPPUY;
BPRSU;14700,14908
BRRSU;12893,13155,13215,13552,13864,13918,14013,14073,14247,14288,14348,14413,14457,14458
BRRUY;4194,4195
BRSTU;14835,14908
BRSUU;3773,4173,4196,13241,13555,14351,14442,14455,14460,14642,14689,14700,14816,14835,14879,14880,14887,14905,14908
BRUUU;
BSSTU;
BSSUU;4187,12976,13159,13558,13919,14387,14460,14503,14645
BSTTU;3808,4147,14890,14904
BSTUY;14454,14456,14907
BTTUU;
BTTUY;14464,14891
BUYZZ;
CCCIO;
CCCOO;14909,14911
CCDEO;4208,4211,4220,14916,14920,14922,14925,14930,14931,14938,14944,14945,14947
CCEER;4236,4237,14967,14971,14974,14975
CCEHK;4205,14914,14928,14929,14959,14961,14985,14986,14987,14999,15001,15002,15003,15004
CCEHY;4255,4264
CCEIR;2742,4266,4272,4275,14917,14936,14967,14971,15028
CCEKL;14919,14935,14942,14999,15023,15024,15059
CCELY;4291,15068,15069,15070
CCEMU;
CCEOR;4294,4300,4308,12983,15073,15076,15077,15081,15082,15083,15085
CCEOS;4241,4287,15058,15062,15066
CCERY;4310,14975,14979,15028
CCESU;14924,15007,15014,15016,15035
CCHHI;14984,15100
CCHIK;14959,14985,14986,14987
CCHIN;667,4245,4321,4329,14927,14985,14992,14993,14994
CCHIO;4330,4333
CCHIS;14984,14988,14990,14992,14997,14998,15098,15100,15104,15110,15113,15117,15118,15120
CCHKO;14928,14986,15002
CCHKU;14929,14987,14999,15001,15003,15004,15126
CCHLU;
CCHNO;
CCHOO;
CCHOS;
CCHOU;15135
CCHRU;4350,4352,14980,15004,15006,15015
CCHTU;
CCHTW;4347,14932,15017,15116
CCHUY;4348,15103,15119,15129,15132
CCIIT;4355,14934,15093,15099
CCIIV;
CCIKL;14935,15023,15024,15146,15147
CCIKR;4266,4357,14936,15023,15025,15027
CCILO;12979,12984,14950,14953,15029,15031,15139,15146,15147,15152
CCIMO;4360,4372,4373,15109,15154,15155
CCIMU;4361,4374,15154
CCINO;12986,15039,15043,15045,15094,15154,15156,15157,15158
CCINT;14993,15045,15046,15093,15156,15158
CCINY;14982,15101,15157
CCIOR;685,4364,4377,4383,4385,14952,15157
CCIOS;14910,15162
CCIPY;15118,15119,15163
CCIRS;15120
CCISU;4371,4391,15035,15055,15113,15117
CCKLO;4392,14955,15146,15147
CCKLU;14942,14955,14999,15059
CCKOR;4392,4394,4395,15097
CCKOS;4287,4396,4397,15026,15062,15066,15165,15166,15167,15168,15169,15170
CCKOY;14972,15061,15147
CCKRU;4398,15004,15059
CCLOY;14953,15068,15147
CCOOS;15159,15165,15168,15176,15182
CCOOZ;15172
CCORS;15182
CCORU;707,4418,15083
CDDEE;15196,15197,15206
CDDEI;
CDDEO;4442,15219,15223,15230
CDDUY;
CDEEH;2759,12992,14914,15282,15284,15289
CDEEI;15272
CDEER;
CDEES;12994,14923,15209,15276,15289,15296,15323,15326,15329,15330,15335,15353,15354,15356,15366
CDEEU;4495,12995,15336,15340
CDEHI;4528,4530,12698,15281,15423,15440,15441,15453
CDEHN;4207,4510,4525,4536,4545,12992,12998,14930,15217,15290,15417,15456,15463,15464,15468,15476,15477,15479,15480
CDEHO;13000,14930,15378,15418,15427,15435,15465,15476,15481,15482,15484
CDEIL;725,4432,4565,4566,4567,4571,13006,14933,15369,15400,15401,15534,15536,15544
CDEIM;4566,4572,4573,4574,13006,15555
CDEIR;12699,15570,15575,15577,15583
CDEIS;15504,15511,15565,15566,15567,15589
CDEIT;15568,15569,15590
CDEIV;
CDEIY;4574,4579,4590,15589
CDEKO;4517,15407,15522
CDEKR;
CDEKS;12994,15326,15328,15330
CDELO;12700,13016,14925,14944,15371,15392,15612,15621,15622
CDELU;12701,13016,14944,15336,15340,15372,15543,15544,15622,15631
CDELY;15636
CDENO;13019,14930,14945,14947,15230,15591,15640
CDENS;15437,15504,15518,15562,15566,15567
CDENU;4521,4592,4644,4650,4660,4665,4666,14947,15417,15468,15478,15591,15657,15662,15664,15665
CDEOO;14945,15378,15570,15650,15653,15669,15670,15672
CDEOP;15348,15483,15484
CDEOR;2770,4671,15506,15570,15571,15574,15576,15670,15673
CDEOS;15209,15354,15373,15394
CDEOT;13000,15355,15387,15418,15484,15486,15646,15668,15672
CDEOU;4674,13016,13019,14944,14947,15227,15230,15407,15559,15591,15610,15617,15631
CDEOV;4626,4674,15350,15355,15492,15670,15672
CDEOW;
CDEOX;15354
CDEOY;4220,15210,15347,15352
CDEOZ;15343
CDERS;
CDERU;4221,4585,4660,15563,15649,15664
CDERY;15352,15691
CDESU;13023,15195,15224,15374,15390,15395,15414,15511,15556,15642
CDETU;743,4495,4665,15386,15569,15590
CDHIL;4224,4702,14949,15704,15724,15725,15726
CDHIT;15721,15733,15734,15735
CDHNU;12998,15217,15417,15456,15463,15468,15477,15478,15479,15725,15729
CDHNY;15464,15480
CDHOR;15736
CDHOT;4549,4709,13000,15418,15459,15465,15476,15484,15486,15491,15733
CDHTU;15733
CDHUY;4713,15461
CDIIN;4715,4717,4718,4719,15239,15503,15743,15746,15748,15749
CDIIO;4718,4720,13002,14950,14952,15238,15240,15241,15501,15506,15507,15706,15720,15739,15742,15744,15745,15746,15747,15748,15749,15752,15753,15755,15756
CDIIR;4719,4721,4722,13027,14952,15243,15740,15746,15753,15754,15758,15759
CDIIS;756,2778,4450,4720,4721,15221,15241,15500,15510,15511,15697,15722,15745,15753,15755,15759
CDIKS;4724,15723
CDIKY;
CDILO;2779,4725,4726,4730,4731,4732,13028,14950,14953,15704,15726,15727,15742,15744,15764,15768,15769
CDILU;4729,4733,14951,15401,15534,15536,15543,15544,15546,15548,15549,15696,15699,15725,15765,15766,15768
CDIMO;15720,15742
CDIMU;4739,15555
CDIOR;13030,14952,15405,15506,15539,15570,15571,15574,15575,15577,15698,15754,15786
CDIOS;13031,14910,15241,15695,15701,15715,15727,15756,15767,15779,15781
CDIOT;15700,15733,15739,15747,15752,15768,15780,15782,15792
CDIPU;4733,15543,15555,15763
CDISS;15588,15589,15783,15798
CDIST;15750,15778,15784
CDISU;2786,13031,15224,15245,15449,15511,15530,15548,15565,15585,15697,15701,15723,15729,15759,15784,15795
CDITY;4590,4723,4738,4759,15734,15735,15796
CDKOS;15803
CDKSU;15723,15803
CDKUY;
CDLOS;769,15727,15767
CDLOU;13016,14944,14955,15227,15610,15617,15622,15624,15630,15768,15804
CDNOO;14945,15616,15650,15652,15702,15718
CDNOY;15619,15661,15781,15815
CDNUY;15663,15665
CDOOS;15719,15774,15810,15818,15819,15821
CDORS;4232,4784,4787,15813,15821
CDORU;2790,4790,13033,15248,15800,15823
CDORW;13030
CDOSU;13031,13034,15701,15776,15803,15811,15824
CDOSY;15719,15781,15791,15824
CDRSU;4792,4793,15759,15795
CDRUY;4713,15795,15796
CDSSU;
CDSTU;13035,15778,15784,15806,15824
CEEEM;15854,15855
CEEEP;15253,15256,15260,15263,15840,15844,15845,15850,15855,15858
CEEFN;13038,15866,15875,15878
CEEFS;15276,15830,15868,15869,15872,15874,15885
CEEGR;779,4807,15899,15901,15902,15903,15904
CEEHK;14914,14959,14961,15251,15907,15927
CEEHL;
CEEHN;12992,13036,13045,13046,15839,15887,15905,15913,15914,15927,15928,15945,15946
CEEHP;4814,4822,4826,4829,4830,4832,13041,15840,15927,15945,15946,15956,15958
CEEHR;780,4823,4830,4833,15839,15840,15841,15905,15956
CEEHS;2792,4827,12977,13046,15949,15960
CEEIN;4799,4841,4842,13038,14965,14967,15887,15890,15892,15908,15913,15974,15975,15984,15985,15988
CEEIP;13041,15889,15990,15991,16017,16028
CEEJT;
CEEKL;13039,15877,15973
CEEKP;4847,15927
CEEKR;14961,15877,15925,16057
CEELP;4839,4850,4856,4857,15850,15990,15991,16061,16082,16083
CEELR;15261,15325,15829,15877
CEELT;4480,4821,4854,4857,15262,15274,15287,15827,15897,15987,15990,15998,16062,16065,16069,16079,16080,16081,16093
CEELV;15910
CEELX;4866,15340,15983,15991,16081
CEELY;15337,15850
CEEMR;15855,16094,16096,16097,16100,16101
CEENP;4826,4847,4867,4877,15927,15945,15946
CEENR;13045,13063,14967,14975,15832,15839,15890,15901,15902,15905,15913,15947,15974,16014,16096,16097
CEENS;13046,13053,13062,15833,15900,15928,15931,15949,15950,16043,16068
CEENT;15897,16048,16126
CEEOO;16063,16100,16111,16112
CEEPR;15840,15855,15858,15956,15958,16083,16101,16127,16143,16144
CEEPS;14923,15356,16128,16129,16148,16149,16150
CEERS;16131,16137
CEERT;14978,15266,15332,15362,15859,15864,15903,16132,16138,16139,16140
CEERW;16057,16097,16135,16139
CEESS;15886,16047,16050,16053,16077,16091
CEEST;789,4892,4897,4908,4909,13056,15276,15317,15353,15356,15366,15869,16005,16020,16027,16039,16106,16107,16128,16149
CEESX;4898,15268,15354,15944
CEESY;4846,14979,16054,16107,16149,16150
CEEUV;4795,15363,15955,16153,16162
CEEVZ;4906
CEFHI;4911,15375,15376,15870,16173,16178,16180,16183
CEFHL;15375,16178,16179,16180
CEFHS;15872
CEFHT;15271,15873
CEFIS;13066,16166,16200,16201,16202,16204
CEFIT;4238,4935,4936,15379,15381,16176,16188,16190,16203
CEFKL;4503,4937,4938,13039,15273,15383,15877,16205,16206
CEFKS;16208
CEFLS;15830,15872,16167,16168
CEFLT;792,4938,15274,15381,15879,16188,16193,16206,16210
CEFOR;4921,4945,16189,16196,16212
CEFSY;16201
CEGIN;13067,14982,15891,16174,16175,16230,16255,16256,16257,16258,16259,16262,16264,16267,16268,16272,16281
CEGIO;4973,4983
CEGIR;16231,16261,16283
CEGKO;4517,4989,4991,4992,15406,15407,16285,16286
CEGKS;802
CEGLS;13068,15409,16234,16249,16289,16290
CEGNO;4994,14983,16285,16287,16291
CEGOU;4959,4998,5005,15397,15407,15898,16251,16294
CEGRY;15902,16280,16295,16297,16302
CEHHN;4525,5014,15417,15905,16310
CEHHT;15416,15418,15419,16307,16309
CEHHU;5016,15417,15419,16309
CEHIL;16178,16180,16339,16340,16344,16347,16353
CEHIM;15907,16340,16357
CEHIN;12704,14985,14991,16327,16356,16366,16374
CEHIS;14984,14996,16245,16316,16330,16331,16337,16386,16410
CEHIT;5030,5036,5039,5046,5047,13072,13075,16248,16309,16317,16387,16393,16394
CEHIV;4816,5043,14960,15910,16347,16394
CEHKN;5051,5052,14985,15422,15927,15928,16315,16326,16327
CEHKO;2811,4817,5053,14986,16328,16415
CEHKS;15460,16316,16331,16333,16337,16414,16416,16422
CEHKT;4534,5050,5053,15425,15459,16317,16326,16334,16338,16421
CEHLO;2812,4955,5068,15427,15933,16427,16430
CEHLP;15286,15428,16344
CEHLT;15287,15938,16445
CEHLU;2813,13076,15463,15466,15932,16187,16350,16438,16441,16443,16455,16456
CEHLW;
CEHLY;16180,16340,16352,16353,16430,16437,16442,16445
CEHMO;16412,16427
CEHMR;15941,15942,16457,16468
CEHMS;15000
CEHMY;5062,5093,16340,16357,16437
CEHNO;814,5097,15435,15475,15945,16239,16366,16367,16368,16370,16475
CEHNT;4253,4545,5084,5096,5106,5107,5108,16445,16487
CEHNW;15438,16243,16327,16383,16385
CEHOO;5110,15378,15457,15469,15481,16305,16328,16417,16460,16490,16493
CEHOP;15470,15481,15482,15483,15485,15945,16367,16388,16462,16471,16494,16497
CEHOR;16472,16475,16494
CEHOS;16245,16252,16312,16392
CEHOW;4960,13081,15933,16507
CEHPR;15292,15483,15840,15956,15957,16462,16494,16495,16496
CEHPS;16331,16372,16397,16480,16513
CEHRT;13086,16254,16468,16515
CEHRU;4923,4964,5016,5089,14980,15004,15006,16163,16228,16254,16363,16411,16423,16441,16455,16457,16468,16470,16481,16483
CEHSS;16348,16379,16434,16452,16516
CEHST;13083,16252,16450
CEHSU;4924,4966,5104,5145,13078,15007,15960,16249,16414,16416,16443,16453,16454,16480,16486
CEHSW;
CEHSY;4559,5135,15480,16337,16420,16492,16504
CEHTU;823,4263,5107,5146,13086,15951,15967,16187,16248,16254,16309,16421,16483,16487,16515
CEHTV;16394
CEHTW;2820,4561,5147,13075,14932,15451,16186,16385
CEHTY;4562,5046,5093,5108,5115,16352,16445,16487
CEHVY;
CEHWY;
CEHYY;
CEIIL;4925,5148,5151,15420,15501,15973,16255,16537,16538,16539
CEIIR;15021,15976,16189,16323,16524,16569,16571,16572,16574,16575,16576,16577
CEIIV;5153,15421,15507,15509,16190,16542,16550,16558,16580
CEIJU;
CEIKL;13092,15973,16591
CEIKR;16261,16603,16627
CEILL;15426,15534,16262,16339,16536,16644,16647,16648
CEILM;15029,15535,15983,16263,16340,16649,16650,16651
CEILN;14965,15300,15400,15985,16255,16262,16265,16267,16537
CEILO;4269,5188,12979,13092,13098,13104,15029,16591
CEILP;15990,15991,16263,16344,16539,16540,16651,16673,16678
CEILR;16178,16265,16339,16344,16347,16651,16673
CEILS;4971,5172,5202
CEILT;15990
CEIMN;16357,16702
CEIMR;4272,4974,5158,5175,5211,5213,13099,13108,16196,16197,16587,16604,16651,16694,16703,16704,16707,16709,16715
CEIMS;13109,15019,15040,15999,16527,16548,16551,16606,16693,16710
CEIMT;15041,15433,15553,16543,16546,16553,16650,16699,16705,16711,16712,16713
CEIMX;5178,5220,5221,15983,16004,16710,16713
CEINR;13113,14967,15985,16014,16746,16752
CEINS;15566,15567,16272,16281
CEINU;13113,16011,16373,16731,16739,16746,16752
CEINW;15975,16243,16267,16385
CEINX;15566,16758
CEINY;4579,4981,5226,5240,5247,14982,15564,16280,16609,16702,16733,16742,16759
CEIOS;13109,15916,16330,16359,16615,16693,16710
CEIOV;5212,16394,16712
CEIOZ;13112,15917,16275,16559,16568,16714
CEIPR;16547,16651,16717
CEIPS;15020,16331,16372,16548,16560,16718
CEIRR;12707,15032,15314,16030,16694,16813,16815
CEIRS;
CEIRT;4984,5269,5276,16203,16813,16815,16826
CEIRU;12708,13113,15527,15563,16261,16637,16797
CEIRX;16004,16037,16807,16815,16826
CEIRY;5198,15920,16183,16197,16203,16280,16686,16733,16783,16823
CEISS;15047,16281,16379,16533,16551,16564,16578,16612
CEIST;830,4281,5168,5280,16040,16639,16640,16641
CEISV;15318,16016
CEITU;5242,5265,5285,15569,15590,16248,16309,16393,16580,16799
CEITV;15320,15587,15847,16190,16394,16542,16580,16712,16780
CEITW;13075,15451,16186,16385,16409,16790
CEKKS;16046,16047,16586,16840
CEKLO;2839,4989,13092,13122,16205,16591,16841
CEKLR;15325,15877,15925,16207,16842
CEKMS;4600,5302,5316,5317,13126,15000,15517,15599,16527,16588,16602,16605,16606,16845,16856,16859,16861
CEKNS;834,4602,5304,5318,5321,5323,13053,13127,15328,15601,15928,16052,16846,16856,16865,16867
CEKOR;4992,13129
CEKOS;4287,5316,5318,5326,13126,13127,13130,15026,15062,16053,16054,16615,16617,16832,16840,16856,16875
CEKPS;5306,5328,5329,15062,16331,16593,16617,16623,16626,16840,16852,16877,16883
CEKPY;16609
CEKRS;16884
CEKRT;15332
CEKRW;15333,16057,16868,16881
CEKSU;5343,13097,13130
CELLO;13122,13134,15896,16059,16205,16427,16430,16841,16893
CELLS;837,2848,4612,4849,5059,5172,5352,5355,5357,16429,16432,16536,16642,16647
CELMO;5345,5359,5362,5363,15029,15535,16412,16427,16650,16843,16892
CELMS;16067
CELNO;4292,4994,5359,5373,5377,5380,5381,13140,15068,16059,16069
CELNU;14973,15069,15878,15932,16211
CELOR;16233
CELOS;16167,16234,16932
CELOT;16065,16069,16079,16080,16081,16923,16935,16952
CELOU;4998,5363,5407,14944,15227,15630,15631,16952
CELOV;
CELOY;5402,15068,16076,16288,16430,16946
CELOZ;5188,5381
CELPT;15990,16082,16540,16666,16678,16912,16935
CELPU;15070,15336,15543,15613,16061,16678,16912
CELPY;2857,5074,5353,5414,15070,15850
CELRU;15006
CELST;
CELSU;13144,15007,16092,16168,16249,16454
CELSW;857,4638,5431,15628,15939,16088,16927,16942,16961
CELTU;16079,16187,16912,16916,16935
CELTY;16090,16352,16445
CELUX;5441,15340,16092
CELUY;5423,15069,15070,15631,15636,16211,16680,16900,16955
CEMOR;16100,16196,16212,16697,16703,16708,16709
CEMOS;15040,15552,15599,16693,16710
CEMOT;15041,15553,16065,16546,16650,16699,16708,16711,16712,16713,16910,16967,16969,16972,16974,16984
CEMRS;13149,16861,16973,16979,16998
CEMRY;16104,16197,16212,16604,16860,16997
CEMSY;5465,5468,16067,16099,16107,16606,16915
CENNO;16108,16109,16917
CENOP;5097,5227,5377,5484,15075,15945,16113,16367,16654,16727
CENOR;15077,16475
CENOS;16043
CENOT;14981,15056,15075,16967,17019,17036
CENOU;14947,15230,15559,16108,16739,16968
CENOV;4303,16109,16475,16863,17030
CENOY;5295,5476,14983,15061,15068,15619,16295,16733,16831,16857,16977
CENOZ;2869,5381,5477,13112,15343,15560,16112,16116,16275,16559
CENPU;15946,16011,16373,16478,17038
CENST;16981,17041
CENSU;16124,16310,16458,16482,16484,16979,16981,17008,17041,17043
CENTU;15386,15569,15951,16126,16483,16484,16487,16755,17038,17039,17041,17044
CEOOR;15669,16100,16460
CEOOY;15347,16288,16977,17047,17053
CEOOZ;5248,5518,16112
CEOPR;4945,5111,5394,5519,15348,15483,16876
CEOPS;15062,16128,16840,16877,16907,16932,16982,16987,17068
CEOPU;5523,16388
CEORR;14976,15083,15952,16133,16134,16929,16937,17055,17061
CEORS;16236
CEORT;14978,15085,15387,15903,16044,16139,16170
CEORU;2875,5005,5456,13129,15083,16133
CEORV;2876,16475,16508,17030,17067
CEORW;13081,15077,15085,16139,16507,16881,17029,17052
CEORY;5402,15352,16076,16212,16295,16302,16733,16783,16860,16874,16879,16946,17053,17078
CEORZ;16116
CEOSS;4891,5006,5457,16053
CEOST;13083,13120,16128,16252,16312,16498,16511,17070
CEOSU;5536,13130,17070,17093
CEOSV;16512
CEOSW;5007,5326,5522,12716,16769,16790
CEOSX;15354,16710,16791
CEOSY;16054,16420,16832
CEOSZ;
CEOTT;15080,16621,16672,16711,16737,16795,17006,17036
CEOTV;15355,15672,16080,16394,16712
CEOVY;16783,16946,17053
CEOYZ;
CEPRS;
CEPRT;15691,17037,17100
CEPRU;15649,16025,16144,16717,16995,17102
CEPRY;4310,5414,5463,15691,17037
CEPSS;16120,16145,16452,16516,17097,17098
CEPST;15356,16121,16128,16146,16148,16149,16877,16987,17063,17068,17100
CEPSU;16150,16237,16718
CERRU;15083,16481,16995,16997,17061,17094
CERRY;16104,16302,16879,16997,17078
CERSS;
CERST;16959,17100
CERSU;16171,16225,16973,16979,17008,17042,17043
CERSW;4316,5133,5431,16225,16750,16821,16961,17043,17101
CERTU;13086,15087,15967,16254,16483,17044
CERTY;5339,5433,5561,5570,5574,5577,15691,16090,16203,16636,16806,16959,16965,17078,17100,17111
CERUV;5562,16153,16508,17030,17067,17102
CESST;16091,16160
CESSU;13144,15886,16161,16226,16855,16901,16913,16999,17112
CESSY;4318,5580,5581,16516,16523,17045
CESTU;13121,16106,16172,16981,16994,17033,17070
CESTY;16107,16149,16641,17100
CESUZ;
CETUY;5577,16487,17044
CFFHU;15368,16163
CFFIL;896,5588,15369
CFFLO;
CFFOS;5595,15373,15868,16165,16169,17121,17124,17126
CFFOU;17113,17124
CFFSU;15374,16166,16168,16172,17122,17124,17125,17126
CFHIL;15375,16178,16179,16180,17132
CFHIN;5596,15376,16173,16181,16182,17116,17134
CFHIT;5600
CFHIU;
CFHOO;15378
CFIIN;17129,17140,17141,17142,17145,17146,17147
CFIKL;
CFILO;2883,5611,5613,17152
CFILS;17153
CFILT;5588,15381,16188,16193,17141
CFIOS;15695,15701,17121,17135,17148,17150,17153,17156,17158,17159,17160
CFISS;16202,16204,17120,17148,17150,17162
CFISU;15697,15701,16166,16204,17122
CFKLO;15383,16205,16206,17163
CFKOR;15384,17164
CFKSU;5632,16208,17166
CFLOS;5634,5637,15090,17153
CFMOY;16212,17152,17175
CFNOS;2888,5634,16213,16215,16216,16217,17121,17158
CFOOS;
CFORT;15387,16170,16221,17137,17176,17177
CFOSU;15090,15701,17124
CFRSU;4951,5639,16208,16223,16225
CFRTU;4952,5604,5640,5647,5651,15389,17137,17177
CFSTU;4953,5644,5648,16172
CFSUU;13159,15390,16226,17125,17166,17173
CGGIY;
CGHIN;15091,17190,17191,17194,17195,17198,17199,17202
CGHIT;5662,16242,16247,16248,17188,17202
CGHLU;
CGHNO;15091,16239,16250,17190,17194,17195,17196,17197,17198,17199,17205
CGHOO;17207
CGHOS;5669,15888,16245,16250,16252,17197,17203,17204,17205
CGHOT;16252,17207
CGHOU;15397,17198
CGHSU;4966,5672,16249,17201
CGIIN;5674,16255,16256,17209,17210,17211,17213,17214,17218,17221,17223,17227,17228
CGILN;15400,15711,16238,16255,16262,16264,16265,16267,17211,17220,17221,17235,17252,17256,17258,17260,17261
CGILO;15704,15711,17219,17220,17235,17252,17256,17258,17260,17261,17262,17266,17267,17268
CGIMO;
CGINO;12717,15091,17114,17180,17198,17252
CGINU;5704,5722,5726,15095,15710,15717,17191,17198,17201,17202,17209,17238,17247,17249,17250,17251,17272,17278,17282,17288,17297,17303,17309,17310
CGIOR;15405,16231,16244,16283,17267
CGIOY;17204,17313
CGKSU;17249
CGKUY;17251
CGLNU;
CGLOO;16287,16288,17258,17266
CGLOS;5738,13068,16234,16289,16290,17205,17206,17315,17317
CGNOO;5742,15718,16287,16291
CGOOS;15411,15719,16300,17311,17312
CGORS;13165,13166,15412,16236,16293,16300,16301,16303,17182
CGOSS;5006,5744,17295
CGOSU;13165,17297,17317,17318,17319
CGSSU;16298,17309
CHHIL;15100,15415,16304
CHHIS;14984,15098,15100,16304,16306,17321
CHHIT;15099,15416,16307,16309,17324
CHHIW;
CHHNU;15417,16310,17324
CHHOO;16305
CHHOT;5753,5755,15418,16312,17328
CHHTU;15419,16309,16314,17324,17328,17331
CHIIL;4702,14949,15420,17184,17332
CHIKN;930,5658,14985,15422,16315,16327,17190,17191,17334,17353
CHIKO;13172,13173,14986,15423,16328,17190,17351,17353
CHIKR;931,5770
CHIKS;13174,15723,16316,16331,16337,17321,17333,17335,17357
CHIKT;15425,16317,16334,16338
CHILL;5022,5772,5773,5775,5776,15426,16339,17351,17361
CHILM;13175,16340,17184,17332,17361
CHILN;17337,17363,17364,17365
CHILO;15427,15704,16341,17338,17351,17363
CHILP;15428,16344,16345
CHILR;15429,16178,16339,16344,16346,16347
CHILT;17352,17362,17368
CHILY;5785,5786,13175,16180,16340,16352,16353,17132,17193,17340,17352,17365,17372
CHILZ;16351
CHIMO;5659,5787,5789,15720,17194
CHIMP;5027,17375,17376
CHIMR;17378
CHIMS;15105,15110,17333,17342
CHIMT;2898,5030,15433,16362
CHIMU;17342,17361
CHINO;5787,5795,13178,15435,15728,16239,16341,16366,16368,16370,17116,17190,17194,17195,17196,17198,17199,17323,17353,17363,17364,17382
CHINP;17343
CHINS;15113,15729,17134,17365,17388,17389,17390
CHINT;17202,17324,17392
CHINW;5663,15438,16243,16327,16378,16383,16385,17199,17392
CHIOR;13178,17196,17323,17382,17396
CHIPR;938,5665,17404
CHIPS;13180,15117,16331,16345,16372,16386,16399,17357,17383,17398
CHIPT;15443,16398,16399
CHIQU;17389
CHIRR;5813,13170,17378,17404,17405
CHIRT;942,5813,5814,5815,15735
CHIRU;13025,16363,17404
CHIST;15104,15115,17203,17348,17398,17413
CHISU;12719,13174,15113,15117,15723,15729,17201,17342,17357,17372,17387,17389
CHISV;5752,17413
CHITT;
CHITW;5810,13075,15116,15451,16186,16385,17392
CHITY;15735,16352,17193,17340,17362,17391,17393,17409
CHIVY;
CHIZZ;15453,16410,17415
CHKNU;17191,17426
CHKOO;15457,15736,16328,16417,17353,17421
CHKOS;17429
CHKOT;5053,5827,15459,16419,17418,17428
CHKOW;
CHKOY;13173,17355,17420
CHKSU;2901,5820,5828,13174,15460,15723,16414,16422,17357,17429
CHKTU;16421,17430
CHLMU;17361,17434
CHLNU;15463,15932,16438,16441
CHLNY;5839,15464,16442,16444,16445,17365
CHLOO;5830,17363
CHLOS;17205,17440
CHLOT;17338,17368,17439,17442
CHLRU;13076,15006,15466,16441,16449,16455
CHLSU;16249,16350,16414,16435,16453,16454,17372,17434
CHMNU;5851,5852,15468,16356,16457,16458
CHMOO;15469,17421
CHMOP;5834,5853,15470,16462,17376
CHMOS;
CHMOU;5851,15472,16360,16464,17422
CHMOY;17447,17449
CHMPU;5857,15473
CHMSU;17342
CHMTU;5857
CHNOO;5861,17353,17363
CHNOS;17205,17453,17457,17458,17459
CHNOT;17456,17460,17462
CHNPU;15477,15946,16373,16478,16480
CHNRU;15478,16441,16457,16470,16478,16481,16483,17460
CHNSY;5867,5876,15480,16444,16459,16485,17365,17388,17391,17459
CHOOP;15481,16488,17394,17464
CHOOS;13184,17395,17464,17466
CHOPR;15483,16462,16494,16495,16496,16497
CHOPS;13180,17383,17398,17437,17454,17464
CHOPT;5843,5880,17437,17468,17470
CHOPU;4344,15485,16388,16499,17468,17470
CHORT;13185
CHORY;5881,15114,15732,17208,17355
CHOST;13083,13185,16252,16312,16392,16419,16476,16498,16502,17203,17348,17356,17386,17398,17400,17402
CHOSU;4346,5866,17387,17453
CHOSW;
CHOTT;2909,5827
CHOTU;15733,17462,17468,17470
CHOUV;15492,15955,16508,16512
CHOUX;
CHPSY;
CHRRU;4350,5671,5890,15494,16455,16481,17404
CHRSU;4352,5672,5828,5893
CHRTW;
CHSTU;
CHSUY;17372,17425,17441,17449,17476
CIILT;17141,17479,17496,17503,17504,17505,17506,17507
CIILV;16542,17480,17497,17501,17502
CIILY;5910,5915,13189,15741,15743,17340,17483,17496,17497,17502,17508,17509
CIIMM;5902,5916,16543,17212,17487,17512,17513
CIINO;4718,5921,5924,15747,15748,15749,16554,16558,16559,17142,17145,17146,17345,17512,17514,17516,17524,17526
CIINR;4719,5904,5918,17481,17517
CIINV;15748,16558,17480,17501,17502
CIIPP;5929,16539,16569
CIIRR;13170,17349
CIJUY;17483
CIKKL;17484,17549
CIKKS;16586,17485,17552
CIKKY;
CIKLN;13186,17211,17236,17563
CIKLS;4724,17555,17559,17572
CIKMS;15105,15517,16527,16588,16602,16605,16606,17333,17485,17560,17575
CIKMY;17560,17561
CIKNS;5680,5947,5949,5950,13197,17216,17243,17249,17489,17491,17574,17581,17582,17583,17585
CIKOS;5952,5953,13197,15026,15520,16615,16617,16620,17243,17545,17555,17562,17575,17581,17587,17588
CIKOY;13173,15147,15521,17246,17355,17566,17568
CIKPR;5943,5954
CIKPS;16331,16593,16617,16626,17357,17489,17552,17582,17583,17590,17591
CIKPY;17486,17566,17592
CIKQU;16531,16610,16627
CIKRS;5900,5949,5953,17545,17587
CIKRT;996,5954,13198
CIKRW;
CIKSS;15981,16533,16630,17335,17358,17577
CIKST;5168,5950,13096,15529,16599,16605,16613,16620,16626,16639,16640,17572,17578,17585,17588,17591
CIKSW;15531,16535,16614,16640,17491,17581
CIKSY;2922,15532,16337,16606,16634,17583
CIKTY;5610
CIKWY;5940,17592
CILLS;16536,16642,16646,16647,17555,17557,17595
CILMS;17559,17560,17601,17602,17603,17604
CILNO;17220,17252,17256,17260,17261,17262,17364,17498,17600,17607,17608,17611
CILNT;17141,17260,17337
CILOR;13188,13201,17267,17554,17568,17597,17605,17607,17608,17617,17620,17621
CILOS;17506,17555,17603,17618,17619,17623
CILOT;15139,15769,17260,17268,17338,17369,17503,17504,17506,17507,17616,17619
CILOU;2924,12984,13104,16669,17154,17617
CILOW;15146,16591,17261,17267,17556,17620,17623
CILPS;17370,17500,17509,17623,17626
CILPT;15990,16540,16666,16678,17270,17271,17504,17614,17616,17627
CILPU;4733,5192,5909,15543,16594,16678,17627
CILRS;2925,5700,5979,5997,5998,5999,17628,17629
CILRU;17154,17264,17599,17612,17617,17627,17628,17629,17630
CILRY;17508,17599,17608,17621
CILST;15141,15153,17506,17572,17604,17619,17624,17625,17631
CILSU;17371,17559,17564,17572,17604,17615,17628,17629,17631
CILTU;2926,6001,6009,15766,17270,17371,17572,17604,17627,17631
CILTY;4738,5915,5983,5996,6002,6008,15153,15769,16352,17193,17271,17340,17362,17496
CILXY;16353,17611
CIMNO;15771,17142,17512,17516,17600
CIMNU;5704,5963,6014,17254
CIMNY;1014,4741,16702,17517
CIMOR;1015,5211,16703,16704,16707,16708,16709,17576,17644
CIMOS;16710,17575,17603,17646
CIMOX;5789,16710,16713
CIMPR;1016,5213,5943,6024,15554,16547,16651,16704,16715,16717,17376
CIMRS;17521,17642,17655
CIMSU;17342,17647,17655
CIMYZ;16702,17651
CINNO;4375,4744,5921,5969,6034,6035,17149,17524,17546,17579,17580
CINOR;15111,15157,17157,17323,17364,17382,17605,17607,17608,17660,17664,17670
CINOS;15781,17121,17581,17669
CINOT;13191,15156,15158,15747,15780,15782,17516,17524,17526,17610,17662,17681
CINOV;15158,15748
CINOY;5795,5975,6049,15157,15781,16733,17146,17157,17384,17608,17611,17676,17681
CINOZ;13112,15560,15749,16559
CINQS;16745,17389
CINRU;15563,16731,16746,16752,17612,17660,17675
CINSU;13210,15113,15245,15729,17122,17134,17201,17249,17309,17389,17564,17582,17613,17663
CINSZ;15567,16384
CINTT;15568,16737,16751,16758,17301,17310
CINTU;17202,17250,17307,17310,17324,17392,17492,17525,17532,17536,17547,17584,17662,17675
CINYZ;5247,16702,17147,17302,17393
CIOPS;5803,5952,13180,13192,17287,17383,17528,17622,17623,17646,17665,17669,17684
CIOPT;13193,15148,15160,15752,17504,17550,17586
CIOQU;6041,16706,17685
CIORR;2935,4750,5986,6042,6069,15786,17671,17691
CIORS;17160,17545,17587
CIORT;13198
CIORU;2937,13208,17154,17292,17617,17660,17675
CIOST;13194,13214,15115,15162,17203,17312,17348,17356,17369,17506,17619
CIOTX;5992,17635,17681
CIPRS;
CIPRY;15163,17508,17541,17621,17703,17704
CIPSS;17406
CIPSY;17509,17583,17646,17689,17705
CIPTY;15163,17271,17541,17689,17703,17705
CIRST;15143,17521,17533,17542
CIRSU;15759,17629,17654,17655,17702
CISST;1038,4763,5630,6032,6078,6086,6094,15798,17657,17701
CISSY;15783,15798,17406,17649,17657,17698,17710
CISTU;4391,6082,6096,6097,17572,17591,17631
CIVVY;16759
CJKOO;15799,17711
CJKOS;6102,16832,17350,17545
CJKOY;
CJNOU;
CJOOS;17548
CJOSU;1044,2943
CKKNO;15592,16839
CKLNO;6111
CKLNU;17236
CKLOS;17555,17725
CKLPU;
CKLSU;17559,17572
CKLUY;17558,17561,17570
CKMOS;5316,6122,6124,13126,13225,15165,15166,15599,16856,16859,17575,17728
CKMSU;13225,15166,16845,16861,17728
CKMUY;17425,17561
CKNOR;15761,15802,17242,17729
CKNOS;5318,6122,6127,13127,13197,15167,15601,15803,16856,16865,16867,17243,17427,17581,17732,17733
CKNOY;15061,16831,16857,17246
CKNRU;2950,6123,6130,15602,16847,16858,17248
CKNSU;2951,6129,6131,13227,15167,15803,17249,17574,17582,17585,17733,17734
CKOOR;6115,15097,15736,15802,17716,17722,17723,17729,17739
CKOOS;15165,15168,16615,16875,17575,17737
CKOOY;17721
CKOPS;5823,5952,6102,6116,6133,15062,15169,16617,16840,16877,17725,17728,17737
CKOPY;17566
CKORS;17354,17429,17545,17587,17732
CKORT;6134,13198,17739,17742
CKORY;16860,16874,16879,17355,17568
CKOSS;4396,6120,16053
CKOST;4397,6124,6135,15170,17356,17428,17588,17733
CKOSW;17581
CKOSY;6133,16054,16420,16832,16875,17420
CKOTY;13131,16850
CKOUY;
CKPSU;2957,6129,6138,15169,16883,17166,17357,17552,17582,17590,17591,17728
CKRSU;2958,5828,17429,17738
CKRTU;6130,17739,17742
CKSSU;16869,16887,17577
CKSTU;2959,6131,6138,15170,17572,17578,17585,17588,17591,17733,17734
CKSUY;16889,17425
CKUYY;
CLLOS;17315,17555,17595,17745,17746,17748
CLLOY;2962,5633,6109,6139,6148,16430,16897,17598
CLLSU;17745,17748
CLLUY;15765,16900,17558,17599
CLMOP;17600,17750,17751
CLMOU;5363,6156,13230,16892,17714,17751
CLMOY;2964,17152,17433
CLMPU;6152,13200,15613,16911,16912,17751
CLMSU;15171,17559,17754
CLMTU;15615,15766,16912,16916,17751
CLNOO;6151,6161,6162,6163,6164,17755
CLNOS;1071,2967,5634,5838,6166,6167,6168,17205
CLNOW;13140,15618,17261
CLOOP;6174,6175,15152,15805,16928,17171,17722,17762
CLOOR;6115,6140,6162,6175,6176,13201,17597,17605,17716,17722,17723,17755
CLOOS;6141,6177,13232,17603,17618
CLOOT;6163,6176,17503,17724,17755
CLOOY;15805,16288,17721,17764,17767
CLOPS;15173,16665,16932,16934,17437,17622,17623,17725
CLORU;13233,17154,17172,17717,17772
CLOST;17506,17624
CLOSU;13232,15090,17318,17725
CLOSW;15628,17623
CLOSY;6181,17315,17420,17441,17770,17771
CLOTU;5407,6147,13233,15630,16079,16935,16945,16952,17724,17726,17751,17768,17772
CLOTY;5847,6182,6186,13181,15769,17439,17442,17764,17768,17772
CLOYY;
CLPSU;17173,17774
CLRSU;17628,17629,17630,17761,17774
CLRUY;2973,13231,15636,16900,17599,17630,17753,17766,17771
CLSSU;1093,5436,6006,6199,13144,16690,16913,16948,17758,17773
CLSTU;17572,17615,17631
CLTUY;5643,15129,17443,17768
CMMOO;15641,15807,16970,17421
CMMOS;16971,17779
CMMOY;17779
CMOOP;16975,17783
CMOOS;6019,6207,15165,15774,15808,15810,17575,17603,17643,17645,17781,17789
CMOOY;4403,16977,17447,17783,17789
CMOPS;16985,16988,17646,17728,17779
CMOPT;4405,6020,6208,6211,17751
CMORS;17444,17777
CMORU;5456,6156,15648,15800,16464,17791
CMOSU;13225,15166,15776,15811,17124,17641,17728
CMPRU;15649,16717,16911,16995,16996
CMRSU;16720,16861,16973,16979,16998,17642,17655,17780
CMSSU;16913,16992,17424,17792
CMSUU;6159,6225,12989,15171,15809,16914,17655,17754,17795
CNNOS;17453,17781,17797,17798,17801
CNOOR;17174,17605,17638,17664,17729,17803,17804,17806
CNOOS;4410,6232,15176,17776,17781,17802,17805,17813
CNOOT;5742,6163,14911,15156,15178,15780,16111,16473,16725,17003,17526,17730,17782,17817
CNOOV;6164,16863
CNOPY;15179,17290,17384,17783,17818
CNORS;17457
CNORT;17177,17460,17799,17818,17822
CNORU;13208,17177,17292,17460,17660,17675,17799,17800,17804,17809
CNORW;15077,15658,15815,17022,17029,17293,17800,17806
CNORY;15157,15815,16295,16733,17157,17168,17294,17608,17676,17818
CNOSU;5745,5866,15167,15181,15803,17319,17453,17801,17805,17813
CNOSY;5867,6049,6230,15781,17300,17798,17801,17814
CNOTU;14957,15178,15782,15812,15816,17177,17460,17462,17662,17675,17730,17799,17809
CNOTY;17019,17676,17681,17818
CNOUY;5869,15179,17170,17175,17801
CNRSU;5504,6249,6252,13241,16124,16924,16979,17008,17042,17043,17761
CNRUY;5874,6252,6254,6255,15132,17824
CNSSY;15783,17040,17045
CNSTU;16484,16981,17463,17734
CNSUU;13210,13227,13241,15809,17125,17463,17663,17734,17761,17813
CNTUU;17785
COOPS;6232,6259,15667,16488,17009,17454,17464,17665,17684,17737,17802,17805,17830
COOPT;6258,6260,15668,15817,17735,17826
COORS;13184,15133,15159,15182,15821,17395,17444,17465,17466,17643,17686,17687,17777,17788,17825,17831,17832
COOST;6207,6262,13236,15671,15810,15818,15821,16762,17049,17312,17645,17686,17778,17831
COPPY;
COPRS;17838
COPRU;6179,15823,17172,17804,17828,17837,17840
COPSS;17469,17836
COPSU;6180,6259,6267,15169,17622,17684,17725,17728,17805,17819,17829
COPSW;5522,6235,6268,15677,16769,17623
COPSY;15173,17017,17068,17646,17689,17779,17798,17838
COPUY;17768
CORRU;6237,6271,15083,16133,16771,16937,17061,17077,17837
CORSS;17438,17747,17770,17836
CORST;13185,15821,17465,17838
CORSU;17738,17832
CORSW;17401
CORTU;13233,15823,17177,17675,17742,17791,17799,17837,17840
CORWY;
COSST;17474
COSSU;2983,6216,17179,17330,17678,17699,17758
COSSW;17474
COSTT;15162,15790,17693,17811,17835
COSTU;15687,15824,17070,17829
COTTU;13228,13245,17165,17700,17740
CPPUY;
CPRTY;6192,15163,15691,16806,17037,17541,17703
CPSSU;17097,17103,17475,17476,17794
CPSUY;16150,16955,17476
CPTUU;6106,17430,17470,17741,17785,17840
CRRSU;1126,6249,6291
CRRUY;16997
CRSSU;17702
CRSTU;
CRSUY;12721,15185,16889,17771,17780
CRUVY;17704,17709
CSSTU;17475,17478,17775
CSSTY;5580,5895,15798,16523,17045,17478,17657,17710,17834
CSUZZ;
CTTUY;17700
DDDEU;15191,15193,15195,17855,17858,17862,17865,17869,17870,17896,17900,17903,17906
DDDIY;
DDDOY;6314,17902
DDDUY;17905
DDEEG;17934,17939
DDEEK;6326,6327,17850,17970
DDEEL;15203,17913,17980
DDEEN;15205,17995
DDEER;15211,17989,18015
DDEES;2992,4428,6323,6336,6343,13260,17848,17850,17944,18012,18014,18015,18017
DDEEW;15213
DDEEY;4429,6317,6333,6340,15210,17924,17950,17959,17980,18003
DDEGO;
DDEHI;17867,18038,18070
DDEII;13266,15198,17863,17872,17926,18039,18040,18089,18104
DDEIK;
DDEIL;12722,13270,15214,18125
DDEIN;18093,18145
DDEIO;6386,6393,17885,18025,18043,18044,18049,18070,18138,18139,18146,18149,18160,18161,18167
DDEIR;18025,18027,18098,18139,18141,18158,18159,18161,18175
DDEIS;13275,13277,17887,17889,18028,18169,18171,18173,18175,18176,18178,18179
DDEIT;18143
DDEIV;6392,6401,17948,17966,17969,18172
DDEKU;18051
DDEKY;
DDELO;17979
DDEMO;6433,18140,18182,18211,18212,18213
DDENY;6340,17959,18048
DDEOP;4442,6433,6449,18006,18235,18240,18241
DDEOR;13286,18156,18161,18184,18239
DDEOS;13281,15226,18076,18200
DDEOT;17988,17992,18010,18011,18212
DDEOV;17993,18010
DDEOW;17979,18070,18167
DDEOX;18011,18095
DDEOZ;17995,18096,18161
DDEPU;6455,17903,18013,18171,18172
DDERS;13260,13275,17887,17941,17944,17965,17983,17998,18014,18015,18016,18017,18071,18086,18109,18127,18173,18176
DDERU;18018,18027,18184,18236
DDERY;17902,17905,18086,18181
DDEST;3006,6374,6400,6423,6436,6454,6457,18099,18129,18143,18152
DDESU;4444,15195,15224,15229,17889,17903,18028,18032,18054,18057,18144,18171,18179,18189,18206,18210
DDETY;6426,18134
DDFUY;
DDGIY;18048,18253,18265
DDGOY;18063
DDHUU;
DDIIO;15238,15240,15242,18274,18278
DDIKO;15244
DDIKY;6502
DDILO;18278,18286
DDIMY;18283
DDINU;
DDIOR;6393,6509,6513,13292,15237,17885,18049,18119,18139,18146,18156,18159,18160,18161,18259,18272,18294
DDIOS;18260,18289,18290,18293
DDIRU;13276,15243,17888,18027,18151,18170,18174,18263,18287,18294,18295
DDIST;1153,4455,6400,6466,6500,6516,6519,17968,18099,18129,18143,18152,18163,18178,18293
DDITY;6491,6502
DDIWY;18286,18288
DDLOY;18285,18286
DDMUY;
DDNOY;
DDNUY;
DDOOS;6315,6483,6493,6522,6525,6527,18266,18282,18289,18302
DDOOY;18238
DDOPY;
DDOSW;18301
DDOSY;18229,18285,18290,18303
DDOTY;6494,18303
DDOVY;
DDOWY;18238,18286
DDPUY;18265
DDRSU;18300
DDRUY;17905,18181,18287,18295
DDSSU;6496,13293,18292,18296
DDUWY;
DEEER;6537,13308,18399
DEEEV;15257,18392,18415
DEEFF;4462,15269,18418,18419,18421,18422
DEEFL;15249,15270,15273,18307
DEEFR;15275,18427,18454,18458,18462,18463
DEEFS;15276,17930,18421,18469
DEEFT;18421,18440,18448
DEEFU;6539,18427,18467
DEEFX;13311,17909,18313,18441,18445
DEEFY;6532
DEEGG;
DEEGH;1162,6554,18473,18475,18476
DEEGK;18480,18500
DEEGL;18314,18317
DEEGO;6570,13312,13313,15279,15280,18476,18500,18505,18517,18519,18523,18526
DEEGR;13312,18427,18499,18523,18527
DEEGS;6566,18324
DEEGW;18476,18516
DEEHL;18428,18429,18539,18543,18547
DEEHR;18550,18551,18558,18559,18566
DEEHS;3020,6323,6540,6578,6580,6582,6586,6595,6596,6597,6598,6599,15255,15282,15296,17848,17942,18327,18329,18334,18428,18532,18537,18541,18546,18560,18567
DEEHT;13316,18326,18334,18335,18533,18536,18537,18538,18558
DEEHW;3023,18328,18331,18336,18475,18476,18539,18542,18545
DEEHX;18552
DEEHY;6599,18553,18556,18560
DEEIK;13317,13318,18480,18481,18531,18576,18577,18578,18579,18580,18581,18582
DEEIL;18337,18482,18573,18576,18577,18586,18589,18604
DEEIN;18577,18586,18591,18646
DEEIR;18341
DEEIS;18537,18572,18676
DEEIX;13324,17958,18441,18445,18620,18635,18645,18649,18656
DEEJW;18345
DEEKN;6326,6619,6621,6622,13318,18480,18577,18581,18684,18689,18694
DEEKR;18683,18687,18690,18691,18700,18701,18702
DEEKS;3029,6621,6623,12994,15326,15328,15329,15330,15331,17850,18350,18353,18355,18581,18686,18687,18692,18698,18700,18701,18703
DEEKU;13336,18699,18701
DEEKW;6622,6624,6625,6626,15333,18352,18579,18702
DEEKY;6626,18697
DEELM;15334,18714
DEELN;15300,18433,18451,18543,18577,18586,18590,18684,18714,18725
DEELR;13346,15325,18455,18710,18742
DEELS;15326,15335,18541,18686,18706,18732,18735
DEELU;6646,6661,15336,18543,18707,18725
DEELV;13344,18685,18736,18744,18747,18767
DEELW;13345,18328,18345,18545,18606,18747
DEELY;17980,18742,18767
DEEMN;13302,18372,18778
DEEMR;
DEEMS;
DEEMT;
DEEMV;4485
DEEMW;6675,6676,18369,18372,18516,18579,18609,18778
DEEMY;3041,6666,6676,18774
DEENO;17976,17994,17995,18553,18586,18681
DEENP;18725
DEENR;
DEENS;12729,18692,18813
DEENT;
DEENU;12995,18346,18378,18543,18626,18725,18772,18778
DEENW;15290,18491,18630,18634,18644,18646,18778,18807
DEENY;14921,17959,18492,18553,18681,18774
DEEOP;6689,15348,18648,18649,18834,18836,18839,18840
DEEOR;6691,12730,13312,13360,13363,18391,18420,18523,18696,18734,18739,18741,18742,18834,18836,18841,18855
DEEOX;13311,13352,18011,18649,18737,18781,18840,18851,18855
DEEPR;18834,18836
DEEPS;14923,15330,15356,17982,17996,18507,18686,18698,18706,18751,18786,18813,18860,18861,18870
DEERR;15314,15357,18442,18523,18527,18662,18663,18753,18788,18834,18841,18843,18863,18873
DEERS;
DEERT;13316,13346,15294,15332,15362,18566,18683,18702,18867,18868
DEERU;6574,6699,13336,13367,17859,18018,18399,18427,18467,18499,18527,18682,18853,18873,18882,18883
DEERW;18566,18702,18807,18836,18850
DEERY;4494,6652,15352,18600,18710,18742,18854
DEESS;13347,17921,18412
DEEST;15276,15296,15317,15353,15356,18324,18334,18355,18398,18421,18448,18497,18537,18572,18658,18860
DEESU;18861
DEESV;18829
DEESW;6538,6725
DEESX;15268,17923,18313,18412,18813
DEESY;6599,6618,6724,18525,18560,18567,18603
DEETU;4495,6616,6700,6726,15362,18467,18526,18660,18671,18858,18882,18883
DEETW;6625,6675,6713,18702,18850,18858
DEEUX;6726,18552,18832,18883
DEEVX;18645,18767,18832
DEEWX;6348,6716,6725,6727
DEEWY;6626,6676,17924,18411,18606
DEEXY;18767,18840
DEFFI;15369,18889,18892,18893,18895,18899,18900,18903
DEFFO;6736,18418,18890,18891,18904,18912,18914
DEFGI;18424,18425,18921,18923,18924
DEFGO;4499,6748,6749,18931
DEFGU;6539,6749,18427,18888,18923,18928,18931,18932
DEFIK;15380
DEFIL;15369,15375,15380,18893,18941,18954,18957,18958,18967
DEFIN;15376,18924,18941,18945,18953
DEFIR;18025,18027,18933,18980,18982
DEFIS;1173,6733,6767,18028,18898,18899,18901,18903,18978
DEFIT;15379,18440
DEFIW;18889,18943,18956,18969,18990
DEFIX;6734,6769,18441,18445,18945,18976
DEFIY;18024,18446,18924,18930,18965,18966,18972,18975,18977,18982
DEFJL;
DEFKY;
DEFLS;18032,18908,18936,18994,18999,19006,19009,19010
DEFLT;3055,6782
DEFLU;12732,18936,18954,18958,18963,19015
DEFMR;19018
DEFMU;6784,19016,19018
DEFNS;6549,6746,6786,6787,17930,18035,18310,18450,18459,18910,18911,18999,19023,19024,19026,19027
DEFNU;18911,19016,19027
DEFNY;18924,18972,18975,18977
DEFOS;3058,6785,6789,6790,15373,15388,18036,18898,18904,18910,18913,18978,18994,18999,19006,19010,19017,19024,19029,19030
DEFOX;13311
DEFSU;6787,15374,15388,15390,18028,18032,18035,18903,18908,18911,18936,18963,18974,19010,19024,19027
DEFUZ;6788
DEGGI;
DEGGU;
DEGHY;
DEGIK;18481,19123
DEGIL;6839,6842,6843,19089,19123,19139,19148
DEGIM;18043,18486
DEGIN;18923,19182
DEGIO;6839,6853,18043,18044,18049,18925,19091,19095,19123,19125,19132,19139,19140,19142,19151,19165,19166,19168,19169,19185,19186,19187
DEGIR;6857,19183
DEGIU;6809,6861,6862,15404,18923,19153,19161,19182
DEGIV;6843,6849,6860,6861,18486,18490,18495,19137,19149,19162
DEGJU;6827,19201
DEGKY;19205
DEGLO;18505,19100,19123,19125,19142,19206,19208,19225
DEGLS;
DEGLU;6828,6868,19208,19225,19228,19229
DEGLY;
DEGMO;6829,6886,18500,19206,19207,19208
DEGMU;18502,18516,19208
DEGNU;15404,18923,18931,19180,19182,19242,19247
DEGOP;6816,6886
DEGOR;19183
DEGOS;15413,19106
DEGOT;13388,19095
DEGOW;18476
DEGOY;6917,13313,13397,18063,18505,19081
DEGPU;
DEGRS;
DEGRU;18427,18527,18888
DEGRY;19174
DEGSU;6930,15413,15414
DEGSY;19179,19190
DEGUY;6928,19247
DEGVY;6917,19247
DEGWY;
DEHHO;6932,6933,15418,19087,19265
DEHIK;6937,6938,15422,15424,18531,19271,19272
DEHIO;15427,19095,19273,19277,19316
DEHIR;19278,19281,19320,19321
DEHIS;19284,19331
DEHIV;6938,18531,18538,19305,19313,19324,19325,19331
DEHKO;6960
DEHLO;15427,18540,18544,18935,19100,19101,19273,19334,19335,19336,19341
DEHLP;6940,6963,6969,15428,19276,19278,19341
DEHMO;6829,6980,6981,18550,19336,19355,19356,19357
DEHNO;14930,15476,19102,19372
DEHNS;18329,18549,18555
DEHNY;15464,18556
DEHOO;15469,19101,19334
DEHOP;4546,6932,6980,6993,6994,15470,15483,15484,15485,19288,19355,19356
DEHOR;13408,18550,18559,19103,19104,19355,19357
DEHOS;6997,18560,19046
DEHOT;4549,6933,6960,6993,6998,15418,15459,15476,15484,19095,19102,19372
DEHOV;13315,15492,18544,18559
DEHOX;
DEHOY;13408,18560
DEHPT;15484,19360,19380,19400
DEHPY;19353
DEHRS;18086
DEHRT;13316,15294,18566,19349,19374,19401
DEHSS;18478,19399
DEIIM;7017,15502,18940,18943,19404,19413,19414,19415,19421,19422,19423,19426
DEIIN;7017,7018,7020,15503,18089,18941,18944,18945,19268,19413,19430,19433,19435
DEIIT;19415
DEIIV;13412,15421,15507,15509,19420,19426,19443,19457
DEIIX;18095,18945,19421,19448,19455
DEIJO;19464,19470
DEIJR;7026,13413,19465,19470
DEIJS;6936,15512,18479
DEIJV;
DEIKL;19405
DEIKM;13416,18578,18579,19490,19491,19492
DEIKN;7031,13318,18581,19493
DEIKP;19483
DEIKR;18481,19506
DEIKS;6937,7031,18578,18581,19124,19272,19408,19474,19490,19493,19494,19501,19502,19503,19508
DEIKT;3086,7033
DEIKY;7030,19508,19515,19516
DEILM;19551,19552
DEILN;15300,15536,18433,18590,18591,18941,18954,19276,19559,19561,19568
DEILO;19142,19418
DEILP;18594,18893,18958,19133,19276,19278,19477,19561,19584,19585,19588
DEILR;19278,19580,19585,19590,19601
DEILS;19411,19532,19608
DEILT;13440,18605,19148,19582,19588
DEILV;19137,19149,19568,19611
DEILW;12744,18956,19050
DEILY;17883,18024,18134,18965,18966,19283,19543,19551,19588
DEIMM;18574,18607,18608,18609,19284,19285,19404,19421,19490,19535,19536,19615,19620
DEIMN;19622,19633
DEIMO;3093,7084,13416,13444,18043,18138,18140,18607,18896,19615,19635,19637,19641,19642,19644,19645
DEIMP;7087,19288,19491,19637
DEIMR;13445,18141,19654
DEIMS;19284,19290,19490,19491,19635,19637,19643
DEIMT;4572,7078,7096,15433,15553,19291,19615,19644,19645
DEIMX;6385,7094,13324,18620,19295,19421,19551,19633
DEINN;15434,19268
DEINP;15436,19276
DEINR;19430
DEINS;12745,15518,15566,19474
DEINT;
DEINU;7050,7083,19136,19182,19287,19305,19481,19538,19558,19568,19633,19678,19711
DEINV;19137,19162,19305,19568,19711
DEINW;18630,18644,18646,19691,19711
DEINX;7052,7103,15566,17958,18441,18635,18640,18645,18945,18976,19182,19633,19699
DEINZ;13326,17960,18627,18646,19429,19674
DEIOS;7126,7129,18898,18978,19508,19635,19641,19643,19715,19717,19718
DEIOV;7131,7132,19645,19719,19731,19752
DEIOW;7132,7133,18149,18165,18167,18956,19169,19685,19748,19753
DEIOX;7103,7125,7130,13431,18095,18649,19448,19726
DEIPP;7135,19755
DEIPR;18982,19278,19523,19585
DEIPS;1210,6396,18899,19117,19190,19771
DEIPT;7061,18617,19588
DEIPW;18493,18630,19318,19691
DEIPZ;19770
DEIQU;7062,15444,15544,18125,18900,18979,19525,19678,19776
DEIRR;15314,15445,15524,18341,18442,18535,18631,18664,19321,19430,19498,19506,19526,19638,19679,19734,19756
DEIRS;17887,18901
DEIRT;13469
DEIRU;15546,15575,17888,18027,18141,18170,18960,18980,19293,19528,19585,19619,19640,19648,19654
DEIRV;18098,19457
DEIRW;15528,19321
DEISS;15578,15589,19715
DEIST;6400,6614,17968,18676,18678
DEISV;19331
DEISW;15531,18101,18165,18179,19059,19120,19643,19717,19791
DEISZ;19425,19447,19462,19608,19718,19739,19770,19791
DEITW;19753
DEITY;4590,7096,7151,7162,13469,13473,18134,18930,18965,19283,19327,19515,19588,19597,19606,19659,19700,19709
DEIVW;19426,19711
DEJKO;
DEJKU;
DEJLO;4591,19061
DEJOW;
DEJOY;18681,19470,19795
DEKKO;17970,19203
DEKNO;7185,19800,19812
DEKNU;7185,7198,19333,19481,19804,19812,19817,19818
DEKNY;
DEKOP;
DEKOR;18184,18690,18695,19484,19506
DEKOS;18108,18904,19063,19508,19831
DEKOT;6960
DEKOY;18697,19508,19831
DEKPU;18699,19804,19819,19832
DEKRS;18353,18501,18687,18691,18700
DEKRY;
DEKSS;7193,19823,19830,19834
DEKST;18355,18703
DEKSU;19064
DEKSY;7181,7202,15532,19508,19516,19831
DEKUY;19205
DEKYY;
DELLS;13337,15611,18541,18584,18704,18705,18706,18711,19274,19411,19476,19521,19524,19530,19531,19532,19801,19802,19840,19843
DELLW;19836,19841
DELLY;1224,7211
DELMO;15612,19206,19856
DELMS;
DELMU;19538,19860,19861
DELNO;19800,19803,19862
DELNS;19215,19876,19879
DELNU;18451,18543,18725,18954,18991,19481,19538,19554,19561,19804,19879,19881
DELNY;13427,15464,15619,19862,19872,19874
DELOO;19334
DELOP;15612,18997
DELOR;18740
DELOS;17894,19919
DELOT;6877,19068
DELOU;7056,14944,15227,15631,19142
DELOV;13344,18544,18736,18740,19855,19873,19913
DELOW;7210,17979
DELOX;13431,18737
DELOY;7211,7238,18505,19862,19872
DELPS;17982,18360,18507,18686,18706,18748,18751
DELPU;15336,15543,15596,18725,18906,18958,19561,19804,19929
DELRU;19590,19595,19930,19931,19932
DELRY;18455,18710,18750,19842
DELSS;13347,18512,18727,18754,18759,18760
DELST;
DELSU;18032,18207,18908,18963,19532,19607,19876,19930
DELSV;
DELSW;13509
DELSY;13509,18722,19928
DELTU;1239,7298,7299,19228,19349,19860,19932
DELTV;6658,7298,18605,19611
DELTW;6425,7250,7273,7284,7297,7300
DELTY;1240,6426,6883,6976,7274,7286,18134,19283,19588,19597,19860,19872
DELUX;7299
DELWY;13509,19880
DEMMO;3142,15640,15641,17987,18607,19206,19936
DEMMU;18209,19937
DEMNO;13511,13513,15640,15643,15644,18212,19936
DEMNS;19354,19949
DEMOO;
DEMOP;19288,19356,19540,19623
DEMOR;
DEMOS;6667,6785,7322,7324,15552,18140,18784
DEMOT;15553,15646,18212,19645,19942,19947,19960
DEMOU;7084,15472,18182,19359,19959
DEMOV;19645,19855,19948
DEMOW;19356,19847,19940
DEMOZ;7224,19856
DEMPT;15646,19647,19960,19961
DEMPU;
DEMRS;
DEMRU;19293,19619,19628,19654
DEMSU;
DEMSY;7316,7324,19653,19852
DEMTU;7335,7338,13407,13486,15474,15615,19359,19854,19860,19959
DEMUX;18552,19295,19633
DENNO;6888,7339,13511,19209,19862
DENOO;7346,7347,13477,14945,15652,15653,18217,18801,19019,19990
DENOR;
DENOS;18910,19075,19239
DENOT;18212,19372,20000
DENOV;6895,7359,19873,19948
DENOW;7308
DENOY;15619,18681,18774,18794,19862,19872,19874,19936,20000
DENOZ;7104,7360,13524,15343,15560,17995,18795,18808,19372,19429,19980
DENPS;17996,18219,18377,18803,18811,18813,19239,19985,19994
DENPU;6899,7373,18725,19213,19366,19804,19993,20001
DENPW;18221,18630,19691
DENPY;7240,15663,19353,19998,20000
DENRS;
DENRT;
DENRU;
DENRY;13452,15564,18972,19174
DENSS;13532,18233,19246,19823,19879,19982,20018,20019,20023
DENST;
DENSU;18911,19879
DENSV;18385,18819
DENSW;
DENSY;
DENTU;15386,20025
DENTY;19872,20000,20025
DENUU;18461,19016,19216,19984
DENUV;4666,7373,7402,19247,19305,19711,19948,20025
DENUW;18778,19691,19711,19880
DEOOP;7346,18217
DEOOR;15620,15653,15669,18801,19364,19795,19886
DEOOW;19381,19383,19385,19826,20030,20036
DEOOZ;19004,20039
DEOPR;7167,15348,15483,17899
DEOPS;18219
DEOPT;4668,6449,6689,6993,7351,15484,15646,18804,20000
DEOPU;7409,18220,19366,20001
DEOPX;6994,18649,18737,18838,18840,19726,20001
DEOPY;18833,18840,20000,20057
DEORR;18841,19506
DEORS;18913
DEORT;
DEORU;18184,18236,18980
DEORV;3163,6791
DEORW;18391
DEORX;7125,18781,18847,18855,19726
DEORZ;7417,7426,13524
DEOSS;7126,15578,19445,20081
DEOST;3164,12762,18857
DEOSU;19751
DEOSV;19831
DEOSW;19717
DEOSX;6997,19392
DEOSZ;7129,15689,19447,19718,19750,19919,20039
DEOTT;6916,7358,19816
DEOTU;18858,19753,19959
DEOTV;15672,19645,19731
DEOTW;6998,18858,19385,19753,19826
DEOTX;7130,13539,18011,18857,19749
DEOTY;19872,19969,20000,20057,20072,20087
DEOTZ;18852,19372,19742,19750,19904,20039
DEOVW;
DEOWW;7133,7429,18167,19720,19744
DEOWY;7325,7429,18238
DEOXY;18840
DEPPU;7135,7436,19755
DEPRS;
DEPRU;7443
DEPRY;15691,18982
DEPSU;17903
DEPSY;19190,19771
DEPTY;7274,15691,18868,19588,20000,20057
DEPXY;18840,19771
DERRU;6922,7004,7168,7276,18527,18753,18815,18873,19083,19259,19347,19401,19820,19930,20093
DERRY;19906,20065
DERSS;3167,6456,6923,7278,7378,7454
DERST;
DERSU;19930
DERSV;3170,4682,7456,7460
DERSY;13556,18086,19594,19653,19910,20074
DERTU;1266,7335,7443,18018,18867,18883,19349,19401,19971
DERTY;3172,6926,7009,7151,7286,13469,15691,18868,19327,19597
DERUX;18883,19780
DESST;13557,19261,19834,19933,20095
DESSU;6930,7170,7391,7462,19246,19261,19823,19834,19982,20023
DESTU;
DESTY;15498,15688
DESUX;
DETTU;15638,18020
DETUV;20025
DETWY;7162
DFFIS;6733,7471,18892,18895,18897,18898,18899,18901,18902,18903
DFFOS;7475,15373,18898,18904,18910,18913,18914,20106
DFFSU;15374,18422,18903,18908,18911,18915,18916,20106
DFGUY;
DFILU;15696,15699,18958,18960,20122,20129,20133
DFINS;7479,7489,20127
DFINU;20101,20108,20115,20117,20134,20137
DFIOR;7492,15698,18925,18968,18980,20104,20116,20138,20139
DFIOS;13564,15695,15701,18898,18978,18981,20110,20125,20127,20130,20135
DFIRT;20128
DFJOR;15698
DFLOO;7473,7494,20105,20140,20143,20144,20145
DFLOS;13564,18994,18999,19006,19009,19010,20125,20127,20130,20142,20147
DFNOR;20116,20151
DFNOS;18910,18999,19023,20127
DFNOU;15702,20117,20137,20151
DFNSU;6787,18035,18911,19026
DFNUY;18977,20134,20151
DFOOR;7474,20138,20139,20143
DFOOS;6789,7484,18978,19029,19030,20109,20135,20152
DFOOY;19032,20118
DFORS;6790,7475,7506,18036,18913,19006,19017,19030,19033,20152
DFOSU;7501,15388,15701,19010,20106,20147
DFRSY;6801
DFSUU;15390,19035
DGGOO;19065,19074
DGGOY;19081
DGHIT;13377,18038,19044,19086,19089,19093,19095,19096,19097,19099,20178
DGHOU;13378,15397,19087,19104
DGIIR;1281,6469,20229
DGIIT;7532,20229
DGILS;7548,7551,20173,20195,20198,20247
DGILU;7556,20248,20249
DGIMY;20252
DGINO;17907,18044,18248,18249,19091,20100,20154,20175,20234
DGINR;
DGINS;6475,7479,7519,7548,7562,7570,7577,7579
DGINU;12771,13567,13576,13578,15404,15717,18923,19161,19180,19182,20101,20108,20115,20159,20160,20163,20165,20178,20209,20255,20263,20264,20265
DGINY;7582,20112,20197,20227,20228,20243,20245,20265
DGIRS;7523,7585,20289
DGIRY;7554,20199,20249,20287
DGISU;7585,20230,20253,20289,20290,20291
DGJUY;
DGLOO;7590,13575,13582,20294
DGLOS;7551,7595,20173,20247,20297,20298
DGLOY;18505,20240,20243,20246,20293,20297,20298
DGNOS;18059,19075,19211,19239
DGNOU;18060,18931,19212,19236,19242,20293
DGNRU;
DGNSU;7606
DGNUU;7607,19216,19245
DGNUY;19247,20265,20293
DGOOR;7527,19183,19231,19248,20312
DGOOS;6483,7608,13585,15719,18266,20109,20179,20182,20183,20184
DGOOY;20118
DGOPY;20246,20252,20287,20297
DGORU;7610,20185,20301,20302,20313
DGORY;7604,18063,19081,20287
DGOSW;7609,20184,20277,20288,20308
DGPUY;18265,20248
DGRSU;20283,20289
DGRUY;6928,20249
DHIKR;15424
DHIMU;19287,19293,19295,20120,20333,20342,20344,20345
DHINS;13587,15729,18271,20170,20177,20317,20346,20347,20348,20350,20351,20353
DHIOT;7640,15733,19095,19277,19291,19310,19316,20318,20356,20358
DHIOY;7634,15732,18272,19301,20358
DHIRT;15735,20339,20358
DHISW;20357
DHISY;7636,20338
DHITU;15733,19316,20178
DHITW;
DHKSU;7617,7629,7649,7652,15723,18270,20329
DHLLO;6962,7653,7654,18540,19100,19273,19334,19335
DHLOS;
DHNOS;18271,20346,20348,20350,20370
DHNOU;18080,19366,19369
DHNSU;15729,20177,20347,20351,20353
DHNUZ;18083,19378
DHOOR;15730,15736,19306,19364,20181,20373
DHOOS;6493,7484,7644,7664,20179,20182,20183,20184,20354,20370,20371,20372
DHOOY;13593
DHORY;7661,13408,15732,18272,20358,20381,20382
DHOSW;20184
DHOSY;3200,7682,18560,19371
DHOSZ;
DHOVZ;
DHOWY;7682
DHRSU;3201,7529,7669,7683,7685
DHSTU;20379
DIILL;15741,20191,20393
DIILP;15738
DIILV;1334,7694,7699,19420,20393,20411
DIIMO;15720,15742,19422,20203,20321,20395,20413
DIIMR;15502,19111,19423,20102,20384,20413
DIIMS;7625,7692,7700,7702,7707,13595,13598,13600,20202,20316,20320,20322,20385,20394,20397,20414,20417,20418,20419
DIIMT;19415,19423,19424,20397
DIINO;1335,3202,4718,7693,13594,15746,15747,15748,15749,20321,20391,20400,20413,20420,20422,20424
DIINR;1336,4719,7018,7687,7708,15503,15746,19407,19430,19433,19434,19435,20323,20413
DIINT;7709,20391,20400,20420
DIIOT;7689,15739,15747,15752,15757,19428,19442,20229,20318,20391,20400,20420,20424,20430
DIIRS;4721,7713,7716,15753,15759,20407,20428,20429,20432
DIIRV;15509,18098,19420,19434,19457,20221
DIISV;7711,18277,20225,20385,20419,20429,20431
DIITX;19455,20430
DIIVV;13412,18103,19457,19461,20411
DIJNN;7027
DIJNS;7721,19469,20387
DIJRS;
DIKNR;7542,13602,15761,20189,20438,20445
DIKNS;7031,7626,7732,7733,13603,15518,18281,18581,19124,19408,19474,19479,19493,19494,19497,19500,19501,19502,19503,20190,20235,20237,20388,20389,20441,20442,20443
DIKNU;15763,19481
DIKNY;
DIKRS;3205,7737,20121
DIKSS;7731,7739,7740,20329,20447
DILLR;7746,20452
DILLS;7037,18584,19274,19476,19521,19524,19530,19531,19532,19533,20330,20332,20449
DILLY;13604,15724,15741,15765,20122,20240,20331,20452
DILMS;13595,20125,20316,20394,20396,20397,20449,20455,20456,20457,20458,20459
DILMY;18283,19543,19550,19551,20333,20398,20454,20459,20461
DILNO;20400,20438,20466,20467,20469,20470
DILNS;18284,20195,20317,20389,20394,20472
DILNU;13606,15536,15725,19481,19538,19558,19561,19568,20453,20466
DILNY;6506,7631,7768,13427,13604,15743,18591,19565,20172,20197,20243,20245,20401,20402,20469,20470,20472
DILOR;13596,15726,20242,20438,20467,20475,20476
DILOS;7551,7726,7756,7776,13564,13607,20125,20130,20450,20458,20459
DILOT;3209,4732,7775,15769,20128,20131,20318,20400,20465,20467,20481
DILOV;7553,7772
DILOY;7634,7758,14953,15769,18285,18286,19543,19578,20240,20243,20450,20454,20459,20469,20476,20480,20481
DILRS;18284,20198,20407
DILRT;1347,4734,7775,7786,20128,20339,20408,20467,20475
DILRU;7066,7767,13436,13609,15546,18287,18960,19145,19528,19585,19590,19595,20129,20249,20407,20452,20453,20475
DILRY;12773,13609,18287,20199,20249,20339,20408,20452,20476,20482
DILSS;20132,20409
DILSW;20319
DILSY;1350,7636,7762,7781,7788,18285,20338,20410,20440,20459,20472,20480,20483
DIMNS;13598,20202,20394,20486,20488,20490
DIMOS;7729,7756,7791,7795,18140,18289,19542,19625,19635,19637,19639,20125,20135,20136,20455,20486,20488,20490
DIMOU;7084,7730,19640,20342
DIMOY;19543,20252,20454
DIMPS;7638,7759,18616,19491,19546,19626,19637,19649,20322,20341,20344,20494
DIMRU;13445,19293,19619,19628,19640,19648,19654,20342,20384,20453,20500,20501
DIMST;15778,20253,20397,20418
DIMSU;13600,20120,20253,20344,20419,20449
DIMSY;19653,19659
DIMTU;7811,20461,20500
DINOP;7814,7821,7822,7823,7824,13588,20349,20504,20505
DINOR;13602,20424,20438,20445,20467,20504,20516
DINOS;15779,15781,18271,18281,18293,20488,20511,20512
DINOT;3220,7640,7722,7824,7827,7830,15747,15780,15782,18293,20137,20391,20400,20420,20424,20465,20467,20487,20491,20503,20510,20511,20515,20519
DINOW;13029,13618,15762,18149,19682,20444,20469,20491,20492,20505,20507,20519
DINRS;18284
DINRU;20323,20453
DINRY;6514,7768,7819,13452,15564,18972,19700
DINSS;7643,7769,7793,15783,20223,20274,20285,20352,20493,20506,20517,20523,20524
DINST;15750,18293,20224,20275,20426,20511
DINSU;12775,13616,13619,13621,15245,15729,20347,20443,20508,20513,20522
DINSW;20421,20508,20522
DINWY;7582,7841,20401,20469,20520
DIOOT;15700,15780,15785,20503
DIOOV;7772,13624,19719
DIOOZ;7773,13613
DIOPS;7845,7848,20180,20341,20355,20403,20428,20437,20494,20531
DIOPY;20252,20287,20532
DIORR;4750,7796,7825,7844,13457,15786,19186,19506,19638,19679,19734,20269
DIORS;13614,13627,20328,20357,20415,20428,20429,20495,20526
DIORT;18294,20128,20229,20271,20358,20424,20430,20448,20467,20475,20515
DIOST;18293,20275,20288
DIOSV;15756,15788,20429,20537
DIOSX;18279,20130,20425,20530
DIOTT;7799,20279,20481,20529
DIOTV;15792,19645,19731,19752
DIOWW;7133,18167,19720,19744
DIPPY;
DIPRS;15793,20289,20359,20360,20428,20526,20531,20538
DIPRT;7856
DIPTU;7782,20474
DIQSU;7784,7801,7857,20290,20405
DIRST;20426,20432
DIRSU;15759,15795,20121,20289,20407
DIRSY;13032,15793,15795,19594,19653,19764,20284,20541
DIRTY;3231,7151,7717,7786,7864,13469,15735,15796,19327,19597,19700,20339,20358,20408,20532,20541
DIRUZ;
DIRVY;19598
DISSU;7740,7809,7870,13293,13632,18292,20132,20285,20291,20329,20434,20478,20493,20497,20524,20536,20539
DISTT;7741,7838,7872,13601,18676,19329,19459,19603,19657,19707,19767,19790
DISTU;15778,20253,20291,20439,20483
DISTY;7788,7864,7872,19515,19606,19659,19709,20410,20480,20483,20541
DITTY;20481
DITYZ;
DIVVY;20411
DIYZZ;20412,20482
DJLOS;
DJOOS;20542
DJOSU;7873,19796,20230,20435
DKMUY;
DKNOO;3233,13477,13634,15802,20234,20444
DKNOY;
DKNRU;20543
DKNSU;15803,20237,20441,20443,20545
DKNSY;
DKOOR;15736,15802,20446
DKOOS;13633,20546,20547
DKORS;20328
DKORU;13033,15248,15800,18184,20448
DKORY;7885
DKOSU;7652,7873,7884,15803,20545
DKOSY;19508,19831
DKSSU;7740,19823,19830,19834,20329,20548
DKSTY;
DKSUU;
DKSUY;12778,19833
DKUUZ;
DLLOR;
DLLOS;19521,19801,19840,20450,20549
DLLOY;7211,7888,7890,20240,20450
DLLSU;7216,15611,19532,19802,19840,19843,20332,20449
DLLUY;15765,20122,20452
DLMOS;20125,20396,20455,20456,20457,20459
DLMOU;7899,20141
DLMOY;7655,7758,7888,7897,20454,20459,20551
DLNOU;15804,20293,20466
DLNOW;7592,7889,20469,20555
DLOOR;7898,7904,13494,15620,18195,19002,19885,19886
DLOOS;6522,7905,20463,20570
DLOOW;20145,20294,20555,20561,20568
DLOOY;15805,20454,20551,20562,20566,20567,20568
DLOPS;7595,7892,20297,20403,20464,20557
DLORS;20558,20573
DLORW;7925,20476,20550
DLORY;3238,20146,20476
DLOSS;20563
DLOST;7911,15806,20295,20570,20573,20574
DLOSU;20296,20478,20479,20569,20570
DLOSW;
DLOSY;7914,18285,20297,20298,20450,20459,20480,20557,20560,20573
DLOUW;20141
DLOWY;4775,7596,18286,20148,20469,20476,20550,20568
DLOYY;3240,7658,20298
DLPUY;19928,20248,20460,20567,20572
DLRYY;3242
DMMUY;
DMNOO;7597,7659,7934,7935,20299,20577,20579
DMNOU;7936,20489
DMOOS;6525,7795,15774,15810,18266,18289,20135
DMOOU;19959,20300,20362,20575,20581
DMOOY;7945,20118,20454
DMORS;7937,7947,7948,13614,20136,20415,20455,20490,20495
DMORY;7661,7939,7945,19944
DMOSU;15811
DMPSU;4781,20344,20494
DMPUY;20460
DMRSU;
DMRUU;19654,20302,20500,20501
DNNOU;13615,13640,15801,15812,20259,20303,20369,20507,20585,20586,20587,20588,20589
DNNOY;7339,7955,13639,18794,19862
DNNUY;7663,18800,20265
DNOOR;13641,18801,19019,19364,20583,20592
DNOOS;20370,20463,20512,20542
DNOOT;1429,7347,7965,15780,19990,20309,20510,20579,20592,20594
DNOPS;7350,7601,7968,7971,18219,18803,19239,19985,19994,20544,20557
DNOPU;7906,7969,13644,15655,18220,19366,19993,19996,20001,20556,20596,20597,20598
DNOPW;7972,18221,20505,20597,20598
DNORU;13641,13646,20151,20585,20586,20596
DNORW;13646,15815,20273,20516,20583,20586
DNORY;15815,20151,20559
DNOSS;7910,7940,20274,20506
DNOST;7503,7911,7958,7971,7979,18293,20275
DNOSU;15803,20587
DNOSW;7966,20308
DNOSY;3253,7914,7942,15781,20557,20560
DNOTU;7668,7960,14957,15782,15812,15816,20137,20280,20519,20594,20597
DNOUV;19873,19948
DNOUW;13646,15816,20507,20519,20586,20589,20594,20597,20598
DNOUY;19818,20151,20293,20559,20560
DNOWY;7972,7977,15815,19874,20469,20520
DNRSU;
DNRSY;7670,20284
DNRUY;7672,7920,20151,20559
DNSSY;15783,18825,19376,19706,20019,20022,20352
DNSTU;20591
DNSWY;7399
DOOPR;7842,7963,20609
DOOPS;7608,7990,7991,15819,20182,20544,20606,20613
DOORS;15821,20152,20528
DOORU;13625,13641,18236,20035,20575,20592,20608,20615
DOOST;7995,15810,15818,15819,15821,20183,20295,20374,20570,20613
DOOSW;7843,7966,7991,19383,19717,19988,20030,20184,20308,20606
DOOTU;15822,19959,19990,20035,20038,20144,20365,20565,20570,20571,20592,20594,20608,20612,20613,20615
DOOUV;
DOOWY;3259,7994,18238,20568
DOOYZ;
DOPRS;1443,7845,7968,20428,20531
DOPRT;1444,7676,15823,20609,20612
DOPRU;7677,7923,7969,15823,20301,20313,20361,20556,20572,20596
DOPSS;20563
DOPSU;1447,7848,7884,7990,20494,20613
DOPSW;7991,20606
DOQSU;
DORRS;20534
DORSS;20599,20614
DORST;15821,18303,20374,20573
DORSU;
DORSW;13627,20495
DORTY;7976,18303,20072,20358,20381,20532
DORUY;20151,20381
DORWY;20476,20550
DOSTU;6530,15806,15824,20106,20315,20570,20574,20613
DOSTW;8000,20288,20574
DOTTY;20057,20087,20481
DPPUY;7436
DPRUY;20572
DPSSU;7929,15794,20539,20620
DPSUU;7684,20091
DPSUY;
DRRSU;13552,15692,18245,19778,19930,19973,20062,20088,20093
DRRUY;18295
DRSSU;3265,7984,8007
DRSTU;1458,3266,4792,7612,7952,7985,8005
DRSUY;13556,15795,19833,20092
DRUXY;
DSSTU;13557,19261,19788,19834,19933,20095,20291,20524,20536,20539,20540,20601,20617,20620
DSSUY;13632
DSTUY;15824
DSUUW;
EEEFS;13657,15830,20631,20634,20636,20638,20642,20644,20645
EEEFZ;
EEEGL;8011,8012,13660,18314,18316,18317,20650,20652,20657,20659,20660
EEEGS;8015,13659,15833,18324,20665,20670
EEEHZ;
EEEIR;8020,15835,15846,17911,18325,18338,18339,18342,18343,20653,20655,20679,20718,20719,20721,20722,20723,20734,20735,20736
EEEJZ;13672,20739
EEEKV;20757
EEEKW;18352,20750
EEELM;20659,20746,20763,20764
EEELN;20659,20660,20681,20746,20747,20749,20763,20764
EEELP;15850,20684,20750,20765,20773
EEELS;8018,8021,15830,15838,15852,20638,20685,20687,20751,20774,20782,20783,20784
EEELV;8022,13669
EEELZ;13672,20652,20688,20739
EEEMR;15855,20717
EEEMS;20715,20752,20791
EEEMX;20795
EEENS;15833,20678,20690,20691,20715,20724,20752,20829
EEENT;8013,20660,20799
EEENV;
EEENZ;13683
EEEPP;
EEEPS;8015,13685,20727,20730,20741,20758,20836,20840
EEEPT;18361,18394,20754,20770,20773,20792,20799,20805,20831
EEEPV;
EEEPW;18331,20684,20750,20773
EEERS;8021,20631,20634,20636,20638,20644,20645,20647,20685,20692,20695,20696,20711,20727,20734,20736,20741,20742,20769,20774,20833,20835,20837,20839,20840,20844,20848,20850,20852
EEERV;3272,13689,15846,20757,20834
EEETW;13658,20773
EEFHM;20888
EEFHT;15871,15874
EEFIR;20877,20915,20917
EEFJS;
EEFKL;13039,15273,15877,20902
EEFKS;8039
EEFLM;20888,20939
EEFLR;6544,8047,15877,20880
EEFLS;3276,8048,13657,15830,15872,20640,20881,20891,20934,20957
EEFLT;8040,8049,13698,20938,20939,20945,20948
EEFMM;20915
EEFMS;6548,18437,20961,20964
EEFNS;17930,18310,18439,20866,20874,20919,20923,20924,20973,20974
EEFRR;20867,20882,20896,20969,20975,20976
EEFRS;20631,20634,20644,20647,20897,20961,20977
EEFRT;20877,20917,20922,20959,20967,20972
EEFRV;18312,18462,20643,20972,20975
EEFRW;6552,8059,18465,20894
EEFRY;8059,13700,20883,20960,20969
EEFSS;20891,20897,20912,20923,20929,20944,20970,20973,20974,20986
EEFST;6553,15276,15869,15874,18421,18448,20868,20870,20878,20933,20991
EEFSU;8032,8048,20957
EEFSZ;20932
EEFTW;8033,13658
EEFUZ;
EEGGL;
EEGGR;21012,21014,21015,21016,21017
EEGHN;8073,15887,18473,21019,21020,21021,21022,21023,21027,21029,21030
EEGHS;3280,8075,15888,21018,21025,21033
EEGIL;4806,8076,8077,8079,8081,20652,21039,21040,21042
EEGIN;8084,8086,8087,15887,15890,15892,20655,21020,21023,21038,21046,21060,21063,21083
EEGIR;8072,8084,8089,8090,20649,20655,20656,20873,20876,20877,21020,21024,21037,21046,21067,21077,21082,21089,21095,21096
EEGIS;20878,20992,21001,21004,21018,21043,21090
EEGIV;18486,18490,21071,21079,21086
EEGKL;1465,8011,8094,13660,18314,20995,21039,21040,21041,21042
EEGKR;20649,20658,21025,21046,21099,21100
EEGKS;15895,21006,21018,21025,21043,21047
EEGKY;20658
EEGLM;6558,8077,8099,8100,21040,21105
EEGLO;8105,13705,13718,15896,15898,18505,20880,21105,21108,21109,21110,21111
EEGLR;20880,21105
EEGLS;21101,21102,21107,21115,21117
EEGLT;18317,18508
EEGLY;8112,21113
EEGMN;21009,21063
EEGMR;21105,21123,21131,21132
EEGNR;15890,15901,20873,20999,21020,21037,21046,21067,21077,21100,21133
EEGNS;13722,13725,15833,15900,18503,18521,20665,20670,21011,21101,21107,21115,21136,21138,21144
EEGNT;13726,20671
EEGNV;21071,21079,21086
EEGNW;
EEGOS;8146,8148,15888,15895,15900,21075,21090,21124,21129,21136,21137,21138,21149
EEGOY;13313,18505,20883,21013
EEGPR;6571,8014,8089,8106,8125,18506,20656,20664,21000,21077,21089,21135,21147,21150
EEGPS;18507,20665,21001,21055,21078,21117,21136
EEGRS;20884,21025
EEGRT;15903,20877,21031,21096,21131,21147,21148
EEGRV;21016,21148
EEGRY;8112,20658,20883,21122,21123
EEGSS;8114,8129,8140,8161,20670,21008,21102,21116,21117,21146
EEGST;18324,18497,18530,20878,21004,21033,21090,21097,21129
EEGSU;4812,8032,8116,13725,13728,13729,20884,21010,21106,21115,21120,21127,21145,21151,21155,21162
EEGSV;8117
EEHIR;20679,21024,21172,21178,21183,21197,21206
EEHKT;8177,8178,18326
EEHLS;6582,8018,8180,8184,8190,8191,17942,18327,18428,18532,18541,20683,20685,20889,20890,21176,21177,21180,21215,21216,21218,21221,21224,21225,21227,21234
EEHLT;15287,18533,21174,21217,21228
EEHLV;8186,15910
EEHLW;18328,18539,18542,18545,20677,20681,20684,20686,20688,21178,21220
EEHMR;13737,15911,18548,18551,21183,21245,21246,21253
EEHMS;3295,8175,8180,8197,21184,21255,21256
EEHMT;
EEHMV;
EEHNP;15927,15945,15946,18554,21261
EEHNS;4827,6586,8202,8203,8204,15914,15928,15931,15948,15949,18329,20678,20689,20690,20889,21169,21188,21195,21215,21224,21257,21265,21270,21271
EEHNT;21269,21270,21271
EEHNW;8205,20681,21194,21264
EEHOV;15955,18544,18559,21279,21286
EEHPR;15292,15956,15958,18554,21183,21276,21292
EEHPS;13746,21176,21184,21199,21250,21291
EEHPW;18331,18545,20684,21274
EEHRS;20634,20685,20695,20890,20895,21218,21232
EEHRT;21031
EEHRW;13743,13750,20686,20698,20894,21024,21178,21194,21206,21264
EEHRX;6594,20679,21253
EEHRY;21030,21206,21219,21226,21246,21259,21292,21295,21306
EEHST;21033,21270,21271,21275,21278,21291,21296
EEHSX;6598,8190,8204,15944,20690,21180,21256
EEHSY;6599,8191,8222,18560,18567,20887
EEHTT;4837,8192,15297,18568
EEIJT;6600,18575,21328,21336
EEIJW;
EEIKV;18531,18582
EEILM;13759,15982,15983,21173,21369,21380,21381,21384,21385
EEILR;8225,8244,21178,21413,21417
EEILS;21176,21437
EEILT;8245,13767,15998,18533,18604,21369,21380,21438,21439
EEILV;15910,21391,21403
EEILX;8227,8238,15983,15991,20904,21438,21439
EEIMS;13769,13770,15912,15999,16005,20714,21043,21181,21184,21315,21333,21352,21444,21457,21466
EEIMV;21387,21450,21461
EEINP;21354
EEINS;3307,13730,13771,20678,20919,21169,21188,21317,21334,21503
EEINV;8265,21079,21403
EEINW;8265,17957,18630,18644,18646,21358,21488
EEINX;8238,8251,17958,18441,18645,21063
EEINZ;8087,13326,13772,13775,13778,13780,17960,18627,18646,20875,21023,21073,21489,21498,21516
EEIPS;8270,20729,20731,21001,21055,21176,21184,21199,21323,21346,21352,21361,21371,21415,21457,21466,21528,21529,21539,21560,21561
EEIPZ;16028,21465,21498,21530,21541,21549,21558
EEIRS;12783,21563
EEIRT;8020,8269,8278,20877,21095,21096,21336,21555,21556,21564
EEIRV;8171,14971,15846,16019
EEIRY;15920,18446,21206,21365,21556
EEISS;13789,21207,21326,21536,21591
EEISV;4844,8173,8270,8281,15923,21199
EEISW;8038,8277,12785,15924,20731,21361,21379,21436,21553,21570,21586
EEISX;21529,21591,21594
EEISZ;8258,13793,20680,21437
EEITV;8282,15847,21461
EEIWZ;13780,21516
EEJLS;20703,21331
EEJLW;13671,18345,20738,21598
EEJLY;21598
EEJNU;8289,18346,21604
EEJPS;20741
EEJRS;3312,8092,8290,18348,20741,20742,21330,21335,21596,21601,21608
EEJSS;8285,8287,20743,21603,21609,21610
EEJST;8288,21599
EEJSU;13794,21604,21608
EEKKS;1473,16046,16047,20744,21308,21340,21611
EEKLN;16048,18349,18577,18684,20746,20749,21041,21170,21342,21343,21615
EEKLP;20750
EEKLR;15325,15877,15925,21619
EEKLS;1474,3314,12786,13674,18350,21626
EEKLV;18685,21615
EEKLW;13755,20750
EEKMS;13796,20752,20753,21043,21352,21618,21628
EEKNO;21099,21634
EEKNR;8176,8310,8311,21099,21100,21634
EEKNS;15328,15928,18581,18689,18692,18694,20752,21047
EEKNT;3315,8177,8228,8297,8310,15979,16048,21048,21343,21356
EEKOP;3318,21642,21644
EEKOV;21612
EEKPR;
EEKPS;3320,18698,21352,21361,21651
EEKRS;18501,18700,21006,21596
EEKRT;15332,18683,18702,21356,21613
EEKRV;
EEKRW;15333,16057,18702
EEKRY;20658,21365
EEKSS;8285,8324,16047,21614
EEKST;3323,8325,13056,16051,18355,18703,20753,21340,21349,21367,21626,21627
EEKSW;8313,8325,21361,21662
EEKSX;
EELLM;13803,15982,21214,21369,21597
EELLS;16060,18541,18705,18706,18711,18712,20934,20937,21101,21103,21215,21216,21616,21672,21673,21675,21680
EELLV;8286,8328,18356,18685,20762,21615,21664,21668,21670,21674
EELMM;6630,15334,21104,21220,21380,21688,21689
EELMN;13803,13806,16062,18714,20746,20763,20764,20888,21173,21381,21382,21383,21384,21690,21691
EELMR;20763,21105,21619,21692
EELMS;16064,21690
EELMU;20939,21597,21689
EELNO;13718,13811,13812,15930,16059,16069,17976,18714,18724,20940,21108,21109,21110,21111,21669,21691,21708,21711,21712
EELNS;15931,16071,21101,21107,21215,21225,21671,21690,21728
EELNV;18590,21397,21402,21615
EELNW;20681
EELOP;8363,21175,21404,21688,21693,21694,21707,21708,21736
EELPR;16083,20908,21410,21413,21750,21752,21758
EELPS;17982,18507,18595,18706,21055,21176,21371,21751
EELPX;8341,8363,15991,20765,20771,21734,21750,21758
EELRS;20685,20774,21233,21234,21718,21776
EELRT;17984,18362,20777,21742
EELRV;21668,21742,21759
EELRY;6652,8112,8386,18742,21113,21122,21226,21234,21598,21740,21764,21767,21773
EELSS;12788,13347,16077,18512,21008,21116,21765
EELST;20783
EELSV;21748
EELSW;16088,21379,21436,21685,21702
EELSX;8190,8385,8396,20766,20783,21728,21780
EELSY;13817,13822,18603,18730,20781,20957,21225,21234,21400,21686,21710,21728,21740
EELSZ;21774
EELTT;8118,8192,8245,8400,13767,13827,16093,20785,21438
EELTU;13827,15998,16079,16089,16093,20939,20948,20954,21439,21736,21749
EELTW;20773
EELTX;6659,8049,8387,8396,16081,18368,18766,20783,20785,21434,21438,21439
EEMMN;8404
EEMMR;8402,8406,20915,21059,21332
EEMMS;13805,15999,18608,21333,21796,21797
EEMMT;8121,8404,8406,16000,21380,21791
EEMMW;18369,18609,21220
EEMNR;13830,16096,16097,20959,20960,21245,21246,21814
EEMNS;16098,16099,20752,20789,21628,21690,21804,21810,21811,21815
EEMNU;15854,16096,18772,18778,21245,21812
EEMNW;8302,16095,16097,18372,18778,21451
EEMNY;6666,8338,13830,20960,21009,21246
EEMOT;20962,21461,21829
EEMOV;21461
EEMOX;8410,13352,18781
EEMQU;8428,21467
EEMRR;
EEMRS;20961,21822
EEMRT;13836,20959,21131,21814
EEMRU;8128,8428,16096,20963,21131,21132,21245,21253,21467,21812,21814,21836
EEMRX;8433,16004,18620,18781,20795,21253,21472,21475,21845
EEMRY;8434,13737,13830,16104,20960,21246,21809
EEMSS;13832
EEMST;13769,16005,16098,16107,20964,21126,21315,21453,21466,21838,21839
EEMSU;8197,21010,21255,21256,21796
EEMSV;21255
EEMSW;20964,21702,21816
EEMSZ;4876,8258,8347,21815
EEMZZ;
EENNP;20799
EENNR;4878,8132,8443,21133,21850,21858
EENNS;6677,8133,8445,15880,16006,18624,18692,18792,20801,20919,20941,21011,21068,21107,21188,21242,21257,21317,21334,21487,21620,21690,21706,21803,21851,21852,21861
EENNT;20799,20802,21853,21854
EENPR;20664,20804,20806
EENPS;17996,18813,21888,21889,21890
EENQU;18378,20811,21856
EENRS;13842,21601,21671,21872
EENRT;20959,20967
EENRU;8138,8466,13063,13724,15901,16096,16115,20668,20823,21100,21133,21245,21483,21502,21812,21850,21858,21896
EENRV;3356,8466,21720,21808,21858,21874
EENRW;15947,16097,18382,20815,20821
EENRY;3357,8460,13830,14975,20960,20969,21246,21259,21895
EENSS;8140,12789
EENST;21810,21865
EENSU;13725,13794,21604
EENSV;15949
EENSW;8313,8455,8473,20809,21604
EENSY;8314,21400,21455,21710,21715,21728
EENTT;8143,8474,16126,21633,21853,21866,21881
EENTU;4888,8144,8289,8446,15951,16126,21504
EENTV;8145,8474
EENTW;21087,21488
EENTY;8361,21637,21854,21867,21886,21895
EENUV;20823,21896,21906
EENVY;
EENWY;21358
EEOPP;21526,21642,21862,21863,21922,21923
EEOPT;6689,8476,8477,16017,18648,20831,21147,21404,21526,21530,21922,21929
EEOPY;18833,18840,21694,21708
EEORS;4889,8449,14977,16114,16136,20644,20833,20961,20977,21137,21601,21793,21807,21871,21953
EEOWW;
EEOWZ;
EEOXY;18840
EEPPS;1484,8487,18698,18861,21494,21651,21751,21958,21961,21965,21966
EEPRS;13685,20741,20835,21958
EEPRT;18394,18654,21147
EEPRU;8371,15958,16025,16083,16127,16143,20963,21276,21413,21542,21752,21758,21812
EEPRV;13860,21759,21819,21885,21925,21971,21972
EEPRY;21959,21985
EEPSS;
EEPST;15356,16027,16121,16148,18658,18870,21250,21323,21466,21500,21839,21888
EEPSU;8373,8454,13746,16129,16150,18861,18870,21651,21751,21763,21888,21935,21964,21965,21966,21989
EEPSV;8270,8504,21199,21501
EEPSW;21361,21965
EEPSY;16150,21884,21966,21970,21985
EEPTW;20773,21937,21991
EEPWY;21416,21987
EEQRU;15904,15959,18399,18659,20841,21417,21467,21502,21542,21562,21564,21681,21752,21764,21938,21992
EEQSU;8210,13064,15960,16029,20842,21543,21996
EEQUU;20811,21856
EERRS;16103,16151,16152,20695,20742,20759,20774,20812,21297,21596,21654,21841,21893
EERSS;21610
EERST;
EERSU;13728,13864,13873,20852,21120,21155,21422,21584,21684,21776
EERSV;15964
EERSW;1487,8277,8512,8528,20852,21570,21685,21702
EERSX;6710,8385,8526,8528,13873,16158,18847,20977,21776,21845,21953
EERSY;3367,8386,8520,13822,13856,14979,20833,21686,21740,21755,21799,21970,21985,22016
EERSZ;13688,18820,20647,20675,20819
EERTV;8217,15968,20777
EERTW;1489,6713,8323,8515,8530,8531,16139,18702,18850,21572,21944,21955
EERTX;1490,4905,8387,8433,8531,15864,16037,16140,20795
EERUV;8466,15363,20823,21858
EERVV;
EERVX;
EERVY;3371,18854,20834,21306,21426,21759
EESSS;20846,21648,22008,22009,22029
EESSW;15970
EESSX;6718,8535,8536,18412,21288,21432,21591,21780,21913,21934,22032
EESSY;20781,21160,21610,21614,21625,21659,21663,21783,22016,22033
EESTT;13790,21338,21367,21537,21593,21920
EESTU;16039,20870,21307,21964
EESTV;8221,15971
EESTW;8325
EESTX;20783,20827,21434,21524,21591,21594,21839
EESTY;16107,21593,22033
EESVX;21594
EESVY;6724,8291,8504
EESWX;3374,6725,8528,8538
EESXY;8538,21728,21985
EESXZ;
EESZZ;13793,22037
EETTU;13827,13874,13877,16093,16126,16159,16162,18020,18882,20965,20978,21729,22006,22028
EETTW;21991
EFFFO;4910,18418,20629,20860,20861,22038,22041
EFFIO;22038,22062,22073,22074,22075
EFFIR;1492,8539,8547,8549,16164,22039,22051,22052,22073,22074,22075,22077,22078
EFFIS;13878,16166,18892,18897,18899,18902,18903,22044,22046,22056,22059,22072
EFFJS;22056
EFFMS;22070,22082
EFFOR;8554,20630,20861,20867,22041,22073,22092,22093
EFFRU;8544,8566,8569,22039,22048,22090
EFFST;4916,6741,8545,8550,8567,8570,15869,18421,18902,22059,22072,22079
EFFTU;8565
EFGIN;8586,16173,16174
EFGIO;8580,16176,18925,22106,22131,22138,22139
EFGIR;8575,8581,20876,22105,22106,22107,22109,22138,22139
EFGIU;8589
EFGLO;8580,8594,8595
EFGLS;3382,8593,8597,18426,22120
EFGLU;4918,8596,8598,8599,20862,22125
EFGNO;18931,22131,22152
EFGOR;20883,22131,22139,22151
EFGOY;20883,22158
EFGRU;18888,18920,18932,22048,22157,22162
EFGUU;
EFHIT;6753,8611,20886,22053,22113,22114,22169
EFHLS;6754,8614,8616,15872,18428,18936,20889,20890,22054,22178,22182
EFHLT;8617,8620,22168,22169,22185,22186
EFHNO;22187
EFHRS;18430,18939,20634,20890,20892,20895,20897,20898,22055,22182,22183,22188,22190,22191,22192,22194
EFHST;6757,8545,8622,20898,22185,22191
EFHTT;16185,22186
EFHTW;16186,22053,22186
EFHTY;22169,22185
EFIIR;8625,16189,22105,22198,22200,22201,22203,22206,22208,22209,22214,22215,22216,22218,22219
EFIIW;18943,22218
EFIKN;8629,22195,22225
EFIKR;16191,22226,22229,22232
EFIKS;16192,22060,22196,22227
EFILL;20902,20904,22061,22117,22237,22239,22243
EFILN;13893,16194,18941,18952,18954,22195,22225,22245
EFILO;8580,8627,8643,20907,22223,22224,22239,22246,22256,22257,22258
EFILR;12791,16178,16191,22119,22223,22226,22275,22276
EFILS;13891,22199,22263,22281
EFILT;16188,22169,22224
EFILX;8649,20904,22123,22228,22252,22282
EFIMR;8656,8658,16196,16197,20915,20916,22057,22284
EFIMT;22126,22285,22291
EFINR;13900,16199,22208,22209,22284
EFINS;16181,20919,20923,20924,22163,22170,22210,22213,22304
EFINT;6766,8662,8667,8672,13695,18440,20922,22285
EFINX;8669,8672,18441,18945,18976,20924,22123,22213,22252,22303
EFIOX;22228,22252
EFIPR;8547,18982,22073,22077,22214,22305,22311,22312,22322,22323,22325
EFIQU;8673,18900,18979,22267
EFIRR;18983,22078,22107,22140,22141,22215,22216,22232,22306,22311,22313,22314,22322,22326,22329,22330,22331
EFIRS;
EFIRT;20886,20922,20928,22074,22078,22208,22214,22216,22218,22308,22312,22313,22317,22318,22323,22330,22344,22345
EFIRV;8647,22139,22275,22318,22344
EFIRX;8549,8649,8669,18445
EFIRY;12794,16183,16197,18446,18982,22109,22174
EFIRZ;8650
EFISS;16204,20923,22135,22210,22220,22302
EFIST;20878,20933,22059,22196,22221
EFISV;20933,22220
EFISW;8038,8551,8671,18990,22165,22175,22338
EFISX;8552,8680,20924,22213,22303
EFITT;8653,16185,22136,22285,22291
EFIWY;
EFKLS;18947,22060,22227
EFKLU;8689,22225,22229,22352,22354
EFKNS;22356
EFKRS;22357
EFKSY;
EFLLS;20935,20937,22145,22177,22362,22364,22365
EFLLY;3395,8556,8695,13909,13910,20938,22177,22363,22364
EFLMU;8702,8703,20939,22245,22367
EFLNO;8706,16209,20940,22350,22370,22373,22374
EFLOR;20907,22223,22226,22256,22351,22375,22389,22390,22393,22403
EFLOS;8685,8718,13913,16167,18994,19009,22084,22181,22392,22406
EFLOT;16206,20948,22224,22246,22409,22410
EFLOU;16209,20948,22180,22354,22370,22409
EFLOX;22179,22228,22252
EFLOY;8716,22403,22405
EFLPS;8720,22065,22084,22263,22265,22355,22379,22412,22414
EFLPY;8722,13896,22266,22413
EFLRU;12795,13911,22352
EFLRY;16207,22375,22389,22403,22405
EFLSS;19009,20640,20944,22150,22364,22395,22406
EFLST;
EFLSU;4941,8048,8732,16168,18032,18456,18908,18936,20957,22054,22421
EFLSW;8563,8718,22361,22398
EFLSY;20957,22364,22383
EFLTU;13915,16187,20939,20948,22409,22410
EFLTY;13698,13909,20914,20938,22169,22274
EFLUY;16211,22267,22383
EFLYY;
EFMMY;
EFMOR;16196,16212,22351,22427,22429
EFMOS;1507,3402,6785,18994,22070,22286,22366,22424
EFMRS;
EFMRU;8566,13911,19018,20963,22081,22367,22432,22434
EFMSU;8601
EFMTU;20939,20965,22291,22426,22431
EFNNY;
EFNOR;13900,20967,22131,22152,22187,22292,22296,22372,22373,22374,22375,22435,22436,22439,22445,22446
EFNOS;16215,16217,18910,19024,20866
EFNOT;14981,16218,19020,20967,22187,22435,22437,22441,22445,22446
EFNOY;8745
EFNRS;6786,8707,8742,8747,8748,8749,8750,19026,22089,22356,22425,22449
EFNRY;20960,20969,22375
EFNST;
EFORR;3404,8755,20867,20976,22093,22095,22189,22311,22313,22314,22465
EFORS;6790,8691,8756,18036,19030,20644,20977,22188,22190,22357,22451,22453,22455,22458,22464
EFORT;8738,8758,16221,20967,22313,22318,22435,22441,22465
EFORU;16214,18980,19021,22436,22447
EFORX;3405,20977
EFORY;6792,8716,8755,16212,19032,20883,22158,22375,22389,22403,22405,22457,22462,22465
EFORZ;18463,20976,22390,22427
EFOSS;16215,16222,16224,22098,22150,22181,22190,22259,22315,22319,22395,22407,22448,22458,22467,22468,22471
EFOSX;20977
EFOTU;4947,6793,16218,19011,20948,20978,22409,22410,22431,22437
EFRRY;20969,20985,22158,22270,22331,22465
EFRSS;16222,20897,20970,20986,22190,22395,22458,22467
EFRST;22102,22417,22449,22476,22479,22480
EFRSW;16225,18465,20990,22097,22161,22338,22398,22455,22470
EFRTY;22434,22462,22465,22473
EFRUZ;22332,22346,22447
EFSST;20986,20991,22098,22448,22467,22471,22481
EFSSU;8772,13919,16204,16224,16226,22103,22302,22481
EFSTT;
EFSTU;4953,8766,13907,20989,20991,22337,22474,22476,22480
EFSTW;18990,22221,22338,22470,22472
EFSTY;22474
EFSUZ;
EFTTY;8573
EFYZZ;
EGGHI;16227,19043,19044,19045,22495,22496,22497
EGGHY;22500
EGGIL;
EGGIN;13922,16230,22495,22532,22535,22542,22543
EGGIU;6809,8793,13924,19058,22108,22497,22531,22537,22552,22556
EGGKS;19063,19064,21006
EGGLO;22498
EGGLY;8804,22520,22567
EGGNU;13702,22519
EGGOP;1514,6816,8067
EGGOR;21012,21016
EGGOU;
EGGPY;
EGGRU;21017,22108,22547,22556,22591
EGGST;6821,8070,8794,8813,8816,13925,21004,22501,22524,22553,22571,22577,22584,22588,22593,22594
EGGSY;8819
EGHHI;22596
EGHHU;19087
EGHHW;22599
EGHIN;21023,22495,22596,22624,22628,22630
EGHIT;8828,13377,13936,16248,18038,19044,19089,19096,19097,22114,22496,22619,22620,22627,22653,22658
EGHIW;18475,19045,21024
EGHLU;1519,6828,8841,21026,22618,22623,22663
EGHLY;1520,22665,22669
EGHNO;8838,8847,8851,19102,21027
EGHNT;1521,8073,19102,21029,22682
EGHOT;8860,16252,19102,19105,19107,22671,22682,22686
EGHPS;22632,22644,22664,22673,22684
EGHRU;3419,4964,8841,13938,16251,16254,19104,21031,22647,22659,22685,22686,22690
EGHST;4965,6835,8843,8860,8862,8863,8864,16252,19105,21033,22501,22687
EGHSU;4966,8850,16249,16253,22623,22673,22677,22681,22688
EGHTU;16248,16254,19107,20994,21031,22651,22674,22682,22686,22690
EGIIN;13943,13944,16255,22698,22700,22701,22727,22729,22730,22731,22734,22735
EGIJR;8824,19122,21037,22741,22743
EGIKL;3420,8825,8867,19123,20995,21039,21040,21042,22115,22607,22691,22693,22694,22751,22759
EGIKN;12797,13067,13945,16174,16230,16257,16258,16259,21038,21044,21045,21047,21048,22482,22760,22761,22762,22764,22765,22766,22771
EGIKR;8872,8873,16261,18481,19108,20649,22775
EGILM;21040,22751,22790,22791,22798,22800
EGILN;16255,16267,16268,22700,22701,22825
EGILO;19123,19125,22607
EGILR;22790,22844
EGILS;22692,22695,22702,22835
EGILT;19089,19148
EGILU;13708,22751
EGIMM;22527,22624,22789,22791,22856
EGIMN;13945,16269,16270,21063,22596,22624,22865,22870
EGIMR;22531,22711,22713,22798,22878
EGINP;1524,4977,8829,8868,8940,16240,16259,22486,22495,22937
EGINR;20655,21037,21083,22953,22954
EGINS;22731,22968
EGINT;22542,22749,22764,22906,22907,22937,22969,22971
EGINV;13968,18490,19137,19162,21071,21079,21083,21086,22488,22535,22538,22606,22617,22700,22718,22724,22732,22734,22765,22769,22892,22899,22907,22917,22924,22931,22951,22953,22969
EGINW;12800,16267,22734,22735,22781
EGINX;19182,21063,21088,22123,22701,22733,22811,22971
EGINY;3431,4981,8896,8933,13954,13965,13970,14982,16268,16280,22520,22540,22782,22815,22824,22888,22900
EGIOR;12801,13386,13923,15405,16231,16244,18049,18925,19053,22106,22647
EGIOV;22652,22765,22866,22892,22924,22990
EGIPR;20656,21000,22508,22547,22711,22739,22996
EGIRR;1529,8900,8918,8963,20876,21064,22140,22141,22653,22703,22713,22785,22836,22852,22998,23002
EGIRS;22554
EGIRT;21095,21096,22653,22658,23002,23009
EGIRV;13968,22538,22556,22659,22724,22769,22899,22931,22953,22954
EGIRZ;15894,22844,22985
EGIST;12804,13716,13888,13925,20878,21004,21097
EGISU;13978,22855,22882,22993,23012
EGISV;22714
EGKLU;3433,8985,22751,22758,22759
EGKNR;8989,21099,21100
EGKRY;8987,20658,22770
EGKSS;8988,8992,23017
EGLLY;13948,19128,22782,23020
EGLMO;9009,9010,13984,19206,19207,19208,21105,22798,22800,23026,23027,23028
EGLMU;6868,9010,9011,9013,13985,13986,19208,22751,22795,22800,23025
EGLNO;16285,16287,21109,21111,23026,23031,23032,23041,23042
EGLNS;18503,21101,21107
EGLNT;
EGLNU;
EGLOP;1546,23054
EGLOR;12805,16286,21105,23028
EGLOS;9043,16234,16289,22490,22559,22566,22572
EGLOV;23031
EGLOY;18505,23041,23042
EGLOZ;9036,21111,23042
EGLRU;23025,23070
EGLST;
EGLSU;16249,16289,22491,22561,22574,22673,23062,23074
EGLSY;22835,22840,23068
EGLTU;19225,22674,23054
EGLUY;9051,9067,9068,22824
EGMMY;22791
EGMNO;16269,22858,22864,22866,22867,23081,23082
EGMNS;
EGMNU;16270,22795,22870
EGMOR;21105,22798,22878,23028,23093
EGMOT;9076,22864,23081
EGMRS;
EGMRU;13985,21132
EGMRY;8922,8987,23086
EGMSU;8601,8850,9089,9090,21010,22855,22882
EGNNO;18517,19209,20663,22858,22890,22891,22892,23081,23082,23099
EGNNY;8933,19164,22888,22900,22905,22908,23103
EGNOP;1564,9101,23114
EGNOR;14002,23117
EGNOS;13722,14001,14003,18059,19075,19237,21138,22492,23018,23109,23110,23125,23126
EGNPU;6899,23101
EGNRS;14006,19243,22582,22683,23045,23102,23127,23131,23132,23133
EGNST;16296,16299,23087,23109,23119
EGNSU;1571,9116,21144,22153,22681,22683,23100,23102,23120,23132,23135
EGNTU;6907,8144,9099,9123,13726,23101,23105
EGNTY;22585
EGOOS;16292,16300,22155,22566,22670,22678,23050,23098,23107,23139
EGOOY;
EGOPR;9125,9127,21135,21147
EGOPY;3460,8857
EGORR;3461,9102,9130,23093,23138
EGORS;16300
EGORT;15903,21147,22686,23141,23153,23160
EGORU;16251,16294,22162,22647,22680,22686,22978,22983,23123,23141,23160
EGORV;8147,8608,9137,21016
EGOSS;5006,8859,9138,9139,13977,22880,22987,23161,23162,23163
EGOST;12809,14012,16252,16296,22501,22687,23015,23146
EGOSV;9143
EGOSX;9142,21138,23126
EGOTU;22162,22651,22686,22983,22990,23054,23097,23141,23153,23160
EGOTY;22590
EGOUV;9146,22990
EGPRU;22547,22591,22978,22996
EGPRY;23064
EGPSU;9050,9157,16237,22549,22574,22673,22882,22993
EGPTU;23054,23101
EGQSU;19191
EGRRU;18066,19193,19259,22048,22141,22836,22998,23077,23130
EGRSU;23102,23132
EGRSW;18528,22161,22554,22884,22946,23059,23152
EGRSY;23067,23132,23172,23174
EGSST;19256,23061,23143,23156,23162
EGSSU;16298,19235,19246,23017
EGSTU;
EGSTY;16299,22661,23169
EGSUY;9089,13729,14007,23012,23132,23135,23172
EGSVY;9143,9174,23135
EHHIT;15416,16309
EHHKT;14015
EHHST;21168
EHHTY;
EHIKR;22608,23200,23224,23231,23232
EHIKS;12811,16316,16330,16331,16337,19272,23199,23228,23229,23234,23236,23247
EHIKT;9197,14019,16317,16326,16334,16338,23197,23225,23226,23227,23231
EHILO;9206,14018,15427,16341,19273,21171,21175,22607,22618,23249,23257,23262
EHILS;14021,14026,21176,21180,23181,23199,23259,23288
EHILT;21174,22169,22616,22619,23203,23225,23226,23256,23260,23266,23289,23290,23291
EHILW;20677,21178,22049,23258,23261,23275,23281,23290,23291
EHILX;16353,21180
EHIMN;16357,21173,21182,22596,22611,22624,23248
EHIMO;3471,9206,14029,21182,23257
EHIMR;21183,23306
EHIMS;14021,19275,21184,22112,22166,23228,23316
EHIMT;3473,5030,8828,14022,15433,19291,21185,22627,23260,23317
EHINR;23200,23209,23232
EHINS;20678,21169,22163,23229,23234,23324,23329,23330,23343
EHINT;9238
EHINW;16327
EHINZ;8833,21023,23209
EHIOS;8834,12813,14996,15916,16245,16330,16386,22631,22643,22644,22649,23229,23236,23324,23329
EHIRR;6951,9195,9245,9255,14034,19320,19321,22633,22653,23275,23326,23353,23375,23379,23380
EHIRS;14036,23187
EHIRT;1597,8611,14034,22114,22496,22653,23213
EHIRV;5043,8171,16347,22659
EHISS;5044,8836,9234,15921,16407,23204,23313
EHIST;14039,23367
EHISV;19313,19331,21199,21209,23228,23343
EHITT;9221,22641,23203,23214,23260,23289
EHITW;13075,14033,16186,22053,23368
EHJSU;
EHKLW;18539
EHKMS;15000,23228,23406,23407
EHKNO;16415,23403
EHKOS;9276,23229,23236,23237,23403,23406,23407,23409,23414,23418
EHKOY;21210,23407
EHKST;1601,23405,23420
EHKSY;16337,16420,23243,23247,23407,23409,23412,23414,23417
EHKTY;16426,23226
EHLLO;6962,9286,14042,14043,16427,16430,18540,19100,19273,19334,19335,21217,22663,23249,23251
EHLLS;5059,8614,9284,9287,9288,16429,18541,19274,21215,21218,23181,23250,23253,23421,23425
EHLMO;9206,9291,9293,14044,16412,16427,16433,19336,23257,23426,23429
EHLMS;14021,14046,19275,19337,21221,21223,22166,22664,23259,23427,23431,23434,23435
EHLMW;9295,14044,18542,21220,23258,23261,23426,23428
EHLOS;12816,23403,23436,23446,23447
EHLOT;14047,21217,22671,23404,23429,23442,23460
EHLOV;9286,18544
EHLOW;9270,15933,23426
EHLOY;16430,20682,21210,21226,23452,23460
EHLPS;20683,21176,21227,22664,22673,23264,23272,23405,23433,23436,23438,23447,23448,23463
EHLPW;9295,18545,20684,23258
EHLPY;22665,23448,23462
EHLRS;15934,16447,19342,20685,20890,21218,21221,21227,21231,21232,21233,21234,22183,23423,23449,23450
EHLSU;15007,16249,16350,16414,16435,16443,16453,16454,21224,22054,22178,22623,22673,23259,23421,23427,23431
EHLSW;
EHLSY;21225,21234,23438,23462,23468
EHLTY;16352,16445,19283,22169,22669,22674,23226,23256,23266,23291,23440,23441,23452,23460
EHLXY;16353,23460
EHMMO;16354,23257,23426
EHMNS;23476,23477,23478
EHMNY;9231,9292,9337,9338,16357,21246,23299,23430,23480
EHMOR;6981,8848,9293,9334,19355,19357,23475,23487
EHMOS;21244,22677,23406,23476,23478,23484,23485,23486
EHMOT;9341,14057,23493
EHMOY;9337,14029,14055,23491,23493
EHMPS;9232,9294,9344,21184,21250,22664,23295,23307,23433,23476,23479,23494
EHMPY;9338,9345,19353,22665,23480
EHMRS;
EHMRT;5088,9297,9349,9350,16468,23495,23497,23500
EHMRU;5089,9298,9339,9349,14045,16457,16464,16468,18551,19357,21245,21253,23490,23497,23500
EHMRY;13737,21246,23311,23491
EHMST;16469
EHMSY;9333,23293,23316
EHMTY;5093,9345,23299,23311,23317,23480,23491,23493
EHNNY;9358,21189,21259,23322,23505
EHNOO;22678,23474
EHNOP;5097,9359,9360,14030,15945,16367,16471,21261,23325
EHNOR;9334,16475
EHNOS;3493,9300,9335,9364,13739,21244,21257,21265,23229,23294,23403,23478
EHNOT;9301,9359,14059,19102,19372,22682,23530
EHNOV;16475
EHNOY;9337,23430,23519,23530
EHNRS;5100,6986,8852,9186,9272,9366,9372,9373
EHNRY;3494,8854,16442,21030,21246,21259,22637,23512,23519,23533
EHNST;19377,20689,21268,21269,21270,21271,23507,23532
EHNSW;23478,23508,23523
EHNSY;16444,23192,23322,23412,23438,23535
EHNTT;5106,9383,22641,23440,23481
EHNTU;15951,16484,16487,21270,22682,23344,23481,23507,23530
EHOOV;13740
EHOOY;14055
EHOPR;5111,9306,15483,16462,16497,19355,23487,23549
EHOPS;22644,23433,23447,23448,23536
EHOPT;6993,9307,9341,9359,19380,21261,23442,23539
EHOPU;15485,16388,22180
EHORS;12818,22188,22499,23423
EHORT;
EHORV;9392,16475,16508,18559,21279,21286
EHORW;9393,13081,13743,20894,21264,21286,23487,23538,23547
EHOSS;8859,9276,21288,23193,23544
EHOST;8860,9394,13083,13744,14072,16252,16312,16419,16511,21290,22501
EHOSU;9394,14072,22677,22688
EHOSV;13745,16512
EHOSW;22599,23478,23484,23492,23544
EHOSX;14065,19315,19392,23447,23485,23570
EHOSY;16420,18560,21290,22649,23364,23559
EHOTW;14033,19385,23577
EHOWW;
EHPRY;9404,21292,21295,23512,23549,23555,23556
EHPSS;
EHPST;21250,21291,21294,23367,23370,23373,23405
EHPSY;9315,9407,23185,23192,23438,23448,23462,23514,23559
EHRRY;3497,21292,23519,23549
EHRST;23420,23467,23532,23585,23588
EHRSU;22055,23385,23588,23590,23591
EHRSW;
EHRSY;18086,22174,22183,22657,23243,23389,23468
EHRTW;23533
EHRTZ;21303
EHSST;23470
EHSSW;15970,16510,21237,23544
EHSTT;16520,23588,23589
EHSTU;9354,9394,9427,9428,14072,21270,21296,21307,23420,23507,23532,23568,23585,23588,23590,23591
EHSTW;
EHSTY;9266,9407,22661,23364,23397,23559
EHSWW;21273
EHSWY;8222,9283,9328,9420,23191,23247,23316,23397,23492,23571
EHTTY;23440,23592
EHTWY;23533
EIIKR;9430,23604,23615
EIILP;9434,16538,16540,22693,22702,23198,23202,23608,23609,23646,23647,23662,23663,23678
EIIMN;7017,19413,19422,23631,23644
EIINS;9453,9457,13943,14089,21169,21317,21321,22163,22212,22506,22717,22729,22730,23205,23206,23619,23716,23722,23738
EIINX;9438,9461,18945,22701,22733
EIIPX;
EIISS;9432,9443,16533,16551,21326,22202,22740,23204,23219,23611,23625,23639,23651,23692,23702,23710,23712,23787,23788
EIISV;22714,22729
EIITY;23688,23690,23701,23706
EIJMO;
EIJNN;7027,9476
EIJRR;21329,21335,23818
EIJRV;
EIJSV;9483
EIJUV;
EIJVY;
EIKKS;3509,9485,9486,14076,19474,21308,21340,23793,23831,23832
EIKLM;9467,9490,22751
EIKLN;21170,21342,21344,22195
EIKLR;22226,22229,23224,23794,23868,23870
EIKLS;12828,14109,22060,22227,23840,23872
EIKLV;9504,23614
EIKLY;7030,9506,20706,21344,23226,23614,23794,23868,23869,23870
EIKMN;13945,21350,22760,23227
EIKMS;9511,15517,16527,18578,19490,19491,21043,21352,23228
EIKNO;9492,16607,16608,23884,23911
EIKNP;8868,9493,9512,16259,21045,21342,21350,22752,22760
EIKNR;9521,23232,23903,23907,23910
EIKNS;18581,19124,19408,19474,19493,19500,19501,19502,21047,22771,22772,22773,23622,23798,23925
EIKNV;22769
EIKNZ;23620,23927
EIKOP;5160,19483,23865,23866,23867
EIKOR;14108,14121,19484,22226,23884,23903,23910,23911
EIKOZ;15522
EIKPR;21351,21359,23870
EIKPS;9199,9485,16331,16593,16626,21346,21352,21361,23608,23871,23872,23892,23893,23941,23945
EIKPY;16625,23870
EIKRS;
EIKRT;14121,14126
EIKRY;9506,22770,23794,23870
EIKSS;5167,9432,16533
EIKST;5168,8633,9486,9526,9533,13096,16534,16613,16620,16626,16641,21340,22196,22771,23622,23798,23800,23917,23930,23935,23941,23945,23956
EIKSV;23228
EIKSY;9204,9528,14122,15532,16337,16641,19502,19508,19515,19516,22773,23247,23955,23956
EILLM;14127,22776,23248
EILLO;3520,9551,22237,22239,23251,23841
EILLR;9547,9552,9557,9560,23980
EILLS;16648,19274,19476,19524,19532,19533,22779,22788,23181,23250,23983,23995
EILMN;21173,21381,22244,23248,23631,23644
EILMO;9206,15029,16649,22800,23257,24008
EILMP;13759,16649
EILMR;24027,24028
EILMS;13891,14021,14142,22166,24042
EILMU;3529,7046,22751,22800,23998,24027,24043
EILMY;5179,9208,16340,19543,19550,19551,22791,24019,24028,24035
EILNN;1626,5180,8638,9436,9570,16537,21381,21391,23967
EILNO;23660,23661,24069
EILNR;24046,24081
EILNS;12830,14151
EILNT;
EILNV;18590,19137,21391,21397,22617,22700,22825,23635,23644,23660,24055,24069,24081,24096
EILNY;8896,9211,9550,9604,9616,22520,22782,22812,22815,22825,23801,24081,24096
EILOO;24008
EILOP;14155,14156,21175,22256,23671,23865,23867,24009,24097,24105,24107
EILOR;1629,9499,9618,22223,22226,22256,22257,24105
EILOS;3536,9621,12831,13762,14109,14164
EILOT;8643,9500,22224,23869
EILOU;7056,13104,14157,19558,19573,23867,23961
EILOV;9551,23660,24008,24055,24069
EILPR;12833,14128,14155,16592,16664,18122,18594,19523,19570,21410,23851,24057,24097
EILPS;21055,21176,21346,21371,22065,22702,22835,23608,23636,23873,24156
EILPX;1630,9596,15991,22811,24115,24146
EILRS;23682,24161,24172
EILRT;24162
EILRV;1633,5197,8647,9504,9601,9628,9643,16347,22275,24174
EILRY;14147,14174,16686,22815,22840,23794,24028,24033,24046
EILSS;12837,24101
EILST;23595,23686
EILSU;14026,14101,14133,19532,19607,21422,21429,21435,23278,23284,23679,23875,23878,23991,24161,24169,24170,24186
EILSV;24186
EILSW;12839,14142,14164,14179,21379,22526,22819,22849,23641,23686,23860,23979,23994,24050,24090,24103,24130,24187
EILSX;1636,5202,9610,23682,24093
EILSZ;16351,22820,22850,24041,24131,24185
EILTT;5203,8245,8653,9221,13767,21438,22851,23203,23260,23290
EILTU;9632,14115,21439,23225,23688,23689,24160
EILTX;21438,21439,23690,24115,24146
EILUY;14174,16680,22267,23688,24160
EILUZ;7074,14175,23689
EILVX;9566,9658,22282,24096
EILVY;8654,9224,9616,22825,23614,24095,24096
EILZZ;19601,22844,24189
EIMMO;18607,19615,23257,23996
EIMMR;20915,21332
EIMMS;15999,18608,19490,19536,19621,20714,21333,21441,21443,24192,24195,24212
EIMMW;18609,19285
EIMNO;21182,21445,21448,22858,22864,22865,22866,22867,24217,24220,24221,24229
EIMNR;
EIMNS;24195,24234,24241,24242,24243,24244,24245,24246
EIMNT;16699,22244,23887,24001,24220,24227,24242,24246
EIMNV;9685,23644,23700
EIMNX;8251,9683,21063,24221
EIMNY;9231,16357,16702,24240
EIMNZ;16702
EIMOR;5211,8658,9688,13108,14189,14190,16196,16707,16709,22878,24261,24268
EIMOV;5212,22866,24008,24255,24268
EIMOX;9691,16713,24221,24268
EIMPR;16547,22711,22868,23306,23696,23704
EIMPT;8917,9698,9702,18617,21185,21466,22627,23705,23706,23810,23892,24288,24291
EIMPU;
EIMRR;1641,3551,7088,8918,9581,9675,9688,9703,9705,16707,19638,22878,24010,24027,24028,24235,24250,24261
EIMRS;14196
EIMRT;
EIMRX;16004,18620,21472,24268
EIMSS;16551,22874,23204,23692,23711,23712,24231
EIMST;21453,21466,23810,24232,24244,24245,24246,24290,24293,24311
EIMSX;5220,7094,9724,13770,23694,23714,24024,24311
EIMTX;5221,9683,9691,9702,16713,23714,24275,24311
EINNP;14201,23967,24045
EINNR;16555,24046
EINNS;16006,16722,20919,21317,21334,23695,23716,23717,23722,23811,23883,23904,24314,24316,24324,24327,24344,24349
EINNU;23719,24319,24350
EINNV;16723,19162,22535,22718,22892,22899,22908,24323,24329,24341
EINOP;5227,9454,9739,14030,14201,16367,23325,24351
EINOR;23729,23907,23911
EINOS;23329,23811,24314,24316,24327
EINOV;22866,22892,22924,23660,24055,24067,24069
EINPR;
EINPS;16372
EINPT;
EINPY;9757,16744,24076,24334,24406
EINQU;9597,19678,22870,24319,24370
EINRS;
EINRT;
EINRU;9769,16731,22209,22231,22300,23232
EINRV;13968,22538,22769,22899,22931,22953
EINRW;14210
EINRX;8669,9603,19699
EINSS;14222,15047,16754,22302,24243,24343,24344,24410
EINST;23798,23887
EINSV;16382,23343
EINSW;8671,9527,9609,9682,9735,9754,23722,23860,23888,24050,24394
EINSX;14214,15566,24388
EINSZ;22304,22820,22948,22965,22968,24413
EINTT;5241,16758,22136,22542,22641,22749,22969,22970,22971,23821,24450
EINTU;23344,23752,23753,23927,24350,24369
EINTW;9784,20725,21488,23623,23724,23821,24350,24450
EINVW;8265,8955,9784,18644,22734
EINVX;18645,24096
EINVY;9616,9785,16759,24095,24096
EINWY;21358
EINWZ;13780,18646,21516,22735
EIOOR;24452,24454
EIOPS;21529,24456,24489
EIOPY;14156,14227
EIOPZ;16568,21530,24107,24351,24481,24489
EIORR;19638,22257,23672,23755,24010,24501
EIORS;
EIORU;18980,19640,19681,22647,22986,23356,24264,24322,24374,24504
EIORV;14234,22318,23361,23755,24255,24267,24268,24454,24480,24500,24501,24514,24515
EIORW;14189,14210,23911,24256,24460
EIOST;9533,9795,21537,23800,24520
EIOSW;16769,18165,19314,19643,19717,23979,24103,24456
EIOSX;14214,14239,16791,21529,24388,24487
EIOTW;14033,19753,24133,24490
EIOTZ;9692,9797,19742,21091,21409,21530,21535,22925,22985,23758,24104,24356,24381,24459,24516,24517
EIOWY;
EIOWZ;24460,24517
EIOZZ;9797,24357,24481
EIPPR;9798,14226,21538,24252,24452,24464
EIPPS;1649,8959,9247,9799,9806,14241,22737,22993,22994,23212,23765,24526,24538
EIPPT;23368
EIPQU;24470,24527
EIPRR;20726,20925,21359,21410,21495,21544,21546,21547,21548,23767,23768,23914,24395,24545
EIPRS;
EIPRT;21198,24544
EIPRV;7139,9628,9696,19725,22931,23768,24255,24363,24454,24546,24558
EIPRW;9536,9817,20728,21547,21557,22739,23306,23366,23704,23773,24256,24558
EIPRZ;21465,21498,21558,23773,24481
EIPSS;22740,22997
EIPST;20729,21466,23810,23892,24291
EIPSW;16769,20731,21361,22935,24366,24394,24456
EIPSX;21529,21554,24259,24477,24487,24554
EIPSY;9631,9701,9806,19190,19764,22835,22883,22936,22994,22997,23185,23765,24025,24154,24291,24292,24334,24533,24538,24555,24563
EIPSZ;5261,24151,24156,24489,24560
EIPTT;23214,23775,24157
EIPTU;16805,24400,24544
EIPTW;23368,24490
EIPTY;9757,9827,19588,23706,24026,24076,24157,24291,24406,24488,24563
EIPXY;9827
EIQRU;8673,9537,21417,21467,21542,21562,24159,24470,24527,24569
EIQTU;5265,9632,23984,24294,24492
EIRRS;24161,24578
EIRRT;14034,14248,16402,16629,16814,16815,22078,22140,22216,22269,22330,22331,22551,22653,23379,23767,23777,23985,24395,24418,24529,24544,24545
EIRRV;16816,23379,23755,23768,24500,24501,24546
EIRRW;19321,22941,23275
EIRRY;9837,22270,22331,24028,24545
EIRSS;
EIRST;
EIRSU;9541,9708,9846,21422,21584,23187,23241,23278,23309,23356,23377,23875,23898,24031,24120,24161,24169,24170,24208,24264,24296,24593,24594
EIRSV;24566
EIRSW;8277,8967,9465,9542,9710,16633,22554,22884,23783,24209
EIRSX;1657,3577,7148,23682,24554
EIRSZ;24172,24578
EIRTT;16035,16825,16826,21095,21476,23009,24303,24567
EIRTU;9853,9854,12850,14126,14248,14254,21096,22330,22343,22345,23009,23825,24544,24557,24579
EIRTV;16780,22318,24125,24267
EIRTW;22218,22555
EIRVV;9643,9770,9838,19457,22275,22953,24501
EIRVW;24558
EIRVZ;19743
EISSS;3582,5277,9839,9858,9860,14235,14249,16784,24502,24580,24600
EISST;21326,23788
EISSU;9648,9829,9863,9864,21429,22302,23245,23284,23828,23878,23924,23991,24084,24343,24384,24410,24442
EISSV;16787,19766,23828
EISSW;9719,14237,24606
EISSX;16038,21432,22958
EISSZ;23712,23746,23788,24385,24560,24561,24606
EISTU;9867,12852,13907,14200,14259,22290,23790,23902,23956,24213,24607,24608
EISTV;
EISTW;14097,14179,22221,22849,23686,23994
EISTX;14239,16040,16791,18678,19749,21524,21594,22320,22964,23714,24275,24311,24388,24487,24554
EISTY;14240,16641,16792,19515,22661,23364,23397,23955,23956,24488,24555,24604
EISTZ;8977,9267,9655,9722,9780,22850,22965,23342,23788,24041,24185,24214,24312,24560
EISVV;5282,7159,8281,9656,9781,9865,13792,19331,24186,24525
EISVW;
EISWZ;23783
EITTW;14260,22851,22970,23821,24450
EITVX;21594
EIVWY;
EJKOP;5287
EJKOR;24613,24614
EJKOS;16832,23800
EJKOY;24613,24614
EJKRS;5289,9879,21330,21596,23796,24611
EJKRY;23794,24613,24614
EJKSU;23793,23799,24611,24612
EJLLO;
EJLLS;21331,23804
EJLLY;22222,23801
EJLOP;
EJLOS;5292,14265,22559,24619,24621
EJLOU;9883
EJLPU;
EJLRU;14263,22560
EJMMY;
EJNNY;
EJNOR;9893,16834,21600,21601,21602,24626,24627
EJNOS;3592,5293,9891,16043,16833,16835,18680,21601,21603,22746,23811,23812
EJNOT;5294,15056,19466,23813
EJNOY;5295,16831,18681,21602,23814,24627
EJOSY;16832,24617,24621
EJPSU;23817,24625
EJPTU;5298,9880
EJRRY;24639
EJRSU;3597,7169,14266,18180,19202,21608,24611,24625
EJSST;9888,9894,20743,21609,23827,24620,24622,24624,24628,24640,24641
EJSSU;3598,7170,9895,23827,23828,24622,24640,24641
EJSTU;13121,24612,24638,24641
EJSUV;
EJTTY;23826
EKKOP;
EKKOR;1669,16839,19203,23835
EKKRY;
EKLLN;18684,19800,21615,23839,24646
EKLLS;19476,19801,19802,21341,23603,23840,23842,23843,24645
EKLLV;18685,21615
EKLLY;3600,16842
EKLMS;1672,3601,5302,21618
EKLNT;16048
EKLOS;8685,22227,23840,24658
EKLOT;9500,14269,21345,23404,23869
EKLOY;9912,16850,21210,23868,23869,24642
EKLPS;16593,16852,22355,23405,23608,23871,23872,23873,24655,24659
EKLPY;23870,23873
EKLST;16051,21624,21627,23405,24665
EKLSW;23860
EKLSY;24663
EKLTT;
EKLTW;21627,23864
EKLTY;16850,23226,23869
EKMOS;5316,9928,9932,16856,21628,23406,24669,24672
EKMPS;9934,19491,21352,21618,21629,23892,23893,24672
EKMPT;23892,24671
EKMPY;
EKMRS;16861,24666,24676
EKNOR;8989,19811,21099,23884,23907,23910,24646,24650,24651,24680
EKNOS;13127,14267,14276,16856,16865,23018,23408,23409,24669,24670,24680,24684,24690
EKNOT;
EKNOW;14274
EKNPS;19819,24655,24691,24692,24693
EKNRS;14276,16865,23408,24651,24680,24682,24683,24684
EKNSS;19823,23411,24657,24694,24696
EKNST;3612,5323,7194,9526,9941,9950,16613,19500,22771,23622,23798,23887,23917,23921,23925
EKNSU;3613,9930,9946,9956,12860,13982,23411,23412,24653,24655,24669,24681,24690,24693
EKNSY;22773,23018,23409,23412,23861,23919,24684,24689,24690,24693
EKNTU;9530,19333,19817,19822,23863,23927,24695
EKOPR;14280,14282,16870,24650,24698,24699,24707
EKOPS;15062,24672
EKOPT;21644,24698,24708
EKOPU;14282,21644,22354,23867,24707,24708
EKOPY;24707
EKORR;21645
EKORS;21647,24651,24658,24680,24683
EKORT;14121
EKORW;14285,16881,23016,24703
EKORY;9912,16860,16874,24613
EKOSS;9276,9960,19830,23415
EKOST;23237,23800,23930
EKOSY;14122,16054,16420,16832,16875,19508,19815,19831,23018,23409,23414,24689,24690
EKPRS;16884,24715
EKPRU;3616,9933,14282,24675,24707
EKPRY;23870,23943,24707,24715
EKPSS;24715
EKPSU;9278,9934,9946,9964,16852,19819,21651,22355,23872,23893,23918,24655,24693,24714
EKPSY;7202,9918,9967,24693,24715
EKPTU;16421,21644,24708
EKPUY;16885,24707
EKRRU;16886,19820
EKRRY;
EKRSS;14289,16887,22358,23415,23419,24662,24694,24712,24717
EKRST;
EKRSY;16884,16889,24719
EKRSZ;9543,9954
EKRTW;8323,16881,18702,24686,24703
EKRTY;5339,16636
EKSST;14290,16890,19834,24657,24677,24696,24717
EKSSW;21658,21662,23954
EKSSY;9282,9967,21614,21625,23901,24663,24674,24678
EKSTY;16641,23956,24689
EKSUY;9971,16889,19833,23412,23956,24678,24690,24693,24718,24719
EKSYY;9979,21661
EKUYY;24713
ELLMS;3620,7205,9981,9983,9984,24645,24727,24730,24732,24734,24735,24736
ELLNS;8996,9548,9995,16429,18705,21101,21215,21370,21671,21672,21673,22779,23250,23968,23970,24740,24742,24743,24745,24746
ELLNY;22236,22782,23801
ELLOR;21665,21677,22359,24728,24763
ELLOS;3622,14294,14295,19801,19840,21666,24722,24730,24744,24745,24746,24752
ELLPS;18706,19524,21371,21678,21680,23636,23981
ELLQU;9556,10012,18707,19525,21681,23984
ELLSS;16901,22364
ELLST;18711,20937,21103,21672,21680,21683,21687
ELLSV;7217,10026,23978,24745,24768
ELLSW;1696,9564,9995,10016,10024,10027,14295,21379,21673,21685,22361,23641,23979,23988,23994,23995,24730,24746,24752,24769,24778
ELLSY;14300,21686,22364,23024,23995,24779
ELLTU;24754,24770,24771,24772
ELLTY;13909,20938,23256
ELLWY;13910
ELMMU;16903,19844,21104,23025,23998,24786,24787,24788
ELMNO;14305,16843,16904,21691,22350,23026,24724,24725,24790,24791
ELMNU;1701,3632,10044,10049,14305,24795
ELMOR;14308,14311,21105,21665,21692,21695,22351,23028,24728,24729,24806
ELMOS;21666,24730,24780,24822
ELMOT;1702,5362,12865,14310
ELMOU;5363,9010,9904,10054,14305,16892,22800,23961,24795,24813
ELMOY;10033,24731
ELMPU;16912
ELMRS;24827
ELMRU;16844,22081,23025,23998,24027,24787,24813,24828,24829,24830
ELMST;14320,23435,24735,24788,24827,24832,24833
ELMSU;23427,24735,24788,24832,24833,24834
ELMSW;3638,7231,14142,19549,21702,24023,24730,24833
ELMSY;23435,24827
ELMTY;
ELMUV;24043
ELMUY;24826
ELMXY;19551
ELNOP;1709,5377,18997,19803,21707,24650,24791
ELNOR;22373,22374,22375,23402,24650,24847,24848
ELNOS;
ELNOT;16069,16440,16923,21109,21712,24738,24869,24870
ELNOU;10090,14305,14321,21712,22370,22373,24066,24795
ELNOV;1710,8706,10091,10093,23031,23660,24055,24067,24069
ELNOW;3642,13140,14145,22374,24068,24791,24868
ELNOY;3643,7238,10094,14327,15068,15619,19862,19872,19874,21710,23038,23040,23041,23042,24855
ELNOZ;5381,21111,23042,23661
ELNSU;12870,13491,24655,24883
ELNSY;12871,14331,16444,21225,21710,21715,21726,22383,23038,23438,24794,24845,24850,24866,24873,24876
ELNTU;24795,24869
ELNWY;1721,19874,19880
ELOOS;22391,22566,24895,24896
ELOOY;24642
ELOPR;14155,14311,16664,16933,22256,23671,24009,24057,24650,24847
ELOPS;16907,22084,23433,23447,24659,24780,24922,24925
ELOPU;22180,22354,23867,24905
ELOPY;14156
ELORS;
ELORU;1725,8365,10054,10090,10149,24847,24905
ELORV;10002,10055,10091,10150,18740,21743
ELORW;21695
ELOSS;9621,10056,10157,22259,24013,24950
ELOST;24887,24901,24925
ELOSU;9043
ELOSV;13816
ELOSW;22361,22572,23979,24730,24769,24957,24958
ELOSX;10138,23447,24913
ELOSY;13817,21710,24957
ELOTT;5406
ELOTV;3667,9045,10093,10164,10165,16080,24870
ELOTW;3668,22410,24068,24133,24771,24868
ELOTX;1726,16081,23460,24115
ELOTZ;19904,21409,24104,24131,24925
ELOUV;14296
ELOUZ;9883
ELOVV;24069
ELOVW;24773
ELOVX;10150
ELOVY;10165
ELPRS;
ELPRU;21752,21758,24654,24847,24916,24967,24968
ELPRY;
ELPST;23405,24659,24887,24901,24909,24922,24924
ELPSU;22355,22379,22574,22673,23044,24655,24962
ELPSW;7270,10177,24778,24912
ELPSY;7271,9315,9631,9918,10186,22835,23438,23462,23873,24025,24873
ELPTU;16912,24785,24967
ELPUZ;
ELRRU;7276,9052,10013,10189,18753,21118,24975
ELRSU;18207,18755,21422,21684,21776,24170,24723,24985
ELRSY;19594,21234,21686,22840,23068,24033,24171
ELRTU;10073,10217,24787,24828,24829,24967,24987
ELRTY;16090,16965,21122
ELRUV;22843,24174,24987
ELRUX;21758,21776
ELSST;23470,24657
ELSSU;16690,16855,16901,21429,21765,21784,23878,23991
ELSSW;
ELSSY;16957,20781,21625,22364,24039,24663
ELSTU;24788,24832,24833
ELSTW;14179,19605,22849,23287,23686,23994,24090,24833,24983
ELSTY;24873
ELSUX;24093
ELSUY;10235,20957,21785,22383
ELSWY;3690,7294,8399,9328,10027,10213,10229,13509,21788,24769,24897,24940,24957,24983,24984
ELTUX;18766,21439
ELTWY;3691,9329,10218,23291,24983
ELYZZ;
EMMOS;3692,14357,14358,21790,21797,24780,24997,25011
EMMRY;24210,24996
EMMSY;25011
EMNNO;8408,9073,10257,10259,10260,10261,13511,21241,21445,21802,22858,23081,23082,23474,24216,24217,25019,25021
EMNNS;7304,10038,10262,10264,21242,21690,21803,22860,23695,23883
EMNNU;7305,10260,10265,19622,24610
EMNOR;14363,14364,24667,24668,25000,25030,25036
EMNOS;14357,14366,14367,21244,21628,21790,21804,23476,23478,24669,25027,25033
EMNOT;16699,16974,18212,19947,22864,23081,24217,24220
EMNOV;10274,19948,22866
EMNOW;7308,19940,22867,23082,23478,24228,24667,24790,24791,25020,25021,25027
EMNOY;13513,14364,16977,19936,19944,25000
EMNPT;1762,8413,10281,10283,10284,13829,14368,21813,23480,24671
EMNRU;19943,21245,21812,24623
EMNSU;16978,16981,19946,19949,24195,24234,24245,24247,24669,25042
EMNTU;14370,24671,24795,25042
EMNTY;10284,10295,10297,14368,23480
EMNUW;18778
EMNYZ;16702,23090
EMOOR;9083,10299,16100,16460,22427,23028,24728,25052
EMOOS;10300,14187,14358,21804,21816,23406,23483,23484,23485,23486,24219,24672,25026,25027,25028,25057,25058,25059,25060
EMOOV;16970,24008,25061
EMOPR;10050,10246,10267,14311,14373,21692,21806,21819,21820,23487
EMOPS;5454,10268,10303,16907,16982,16988,23433,23476,24672,24780,24801,24807,25033,25069
EMOPT;9341
EMOPY;
EMORR;14359,22878,24010,24729,25036,25072
EMORS;
EMORT;
EMORV;10055,10274,10306,19955,24255,24267,24268
EMORW;16709,21695,21820,23487,24256,24667
EMOSS;5457,10056,10313,10314,21828,24624,24814,25009,25084
EMOST;25058,25087
EMOSU;10317,14366,24669,25033,25042
EMOSV;24820,25087
EMOSW;21816,23478,23484,23492,24228,24730,25020,25027,25058
EMOSY;7324,9086,10318,18784,20791,24277,25011,25060
EMOSZ;10303,10317,14192,23486,24276,24277,25008,25011,25085,25087
EMOTT;10278,10319,16711,20962,21829,22431,24266,24279,25039
EMOTY;1767,14383,23491,23493,25004
EMOZZ;25089
EMPRS;14384,19970,23494,24625,24825,25012,25090
EMPRT;16996,19971,23495,25093
EMPRY;5463,10062,10321,22432,24019,24826
EMPST;5464,7329,8425,9698,10064,10281,21250,21466,21698,21839,23705,23810,23892,24021,24232,24288,24291
EMPSU;14384,16988,23494,24625,25012,25068,25090
EMPSY;5465,9701,22883,24025,24291,24292
EMPTT;10329,10332,10333,18787,21699,21835,25093
EMPTY;9345,10284,14368,23480,23706,24026,24291
EMRRU;13148,14316,16995,23497,24027,24282,25072
EMRRY;8741,10337,16104,24028,25076
EMRST;24827,25099
EMRSU;16720,16861,23898,24285,24625,25090
EMRTU;13836,14318,19971,21836,22434,23495,23497,23500,24787,24828,24829
EMRUX;14381,21253,21845,24305
EMSST;24624,25009,25041,25078,25084
EMSSU;16999,23017,25018
EMSSW;9719,10354
EMSSY;23901,24039
EMSTU;16469,16981,16994,23091,23314,24213,24245,24273,24293,24735,24788,24832,24833,25042
EMSTY;16107,24827,25099
EMSUX;5472,21256,21845,24247
EMSYZ;24277,24312,25011,25085
ENNOR;3706,10257,10364,14391,18216,18791,23504
ENNOS;21257,21852,23717,23811,23904,24314,24316,24317,24320,24326,24327,25101,25102,25105,25112
ENNOT;8439,9092,10259,10368,21853,21854,22437,23081,24738,25108
ENNOX;5475
ENNPU;10079,22894,24045
ENNPY;23505,24334
ENNRU;21858,25103
ENNTY;5482,10375,21854,25120,25131,25132
ENNWY;7345,9358,24349
ENOOR;18801,19019,21600,22439,23907,24053
ENOOS;14001,14207,14397,21804,22440,22678,22910,23083,23098,23106,23109,23110,23908,24219,24316,24353,25026,25027,25028,25135,25145,25146
ENOOZ;10379,16112,23112,24351,24356,24357,25107
ENOPR;8744,10267,10380,10382,24650,25030,25031,25157
ENOPS;18219,19985,19999,25033,25101,25149,25161
ENOPT;15075,17018,17019,19995,20000,25158
ENOPY;20000,21867
ENORS;21601
ENORT;20967,21873,22446,25158
ENORU;10090,10273,22373,22442,22680,23035,23085,23123,24626,24627,24687,25036
ENORV;10091,10274,10391,10396,16475,17028,21808,21868,21873,21874
ENORW;3713,9105,10397,14210,14363,14405,15077,17029,22374,22439,22446,24380,25181
ENORY;10275,10364,10398,14364,14405,16733,22375,23814,24627,24855,25000,25182
ENORZ;9893,10397,22918,23729,24381,25107
ENOSS;
ENOST;21877,21878,21879,23109,23125,25146,25191
ENOSU;8451,10384,10403,14366,14409,14410,14411,21877,22153,22919,23088,23125,24669,24681,24690,25033,25042,25146,25149,25161,25190,25191
ENOSV;10366,10385,10404,23121
ENOSW;21879,23116,23478,25020,25027,25102,25119,25162
ENOSX;14214,14410,21138,21265,24377,25161
ENOSY;3716,9108,10367,14003,14412,21710,22921,23018,23038,23110,24327,24690,24845
ENOSZ;1781,21852,21880,25121
ENOTY;10094,17019,19872,20000,21637,21854,21867,23530,24855,24870,25147,25158,25182
ENOVW;21874
ENOVY;
ENOWX;
ENPRS;23531,25199
ENPRT;17037,19995,25031,25157,25158
ENPRU;5495,10418,16478,21812
ENPST;16121,16479,20808,21889,21890,25205
ENPSY;10420,10424,21715,21884,21890,22936,23192,23438,23531,23919,24334,24693,24873,25199,25205
ENQRU;17020
ENQUY;24409
ENRRU;16481,18815,19820,20003,21896,22442,22581,24626,25168
ENRST;
ENRSU;12884,14006,17043,22089,22582,25215
ENRSW;17043,25127,25199,25213,25216
ENRSY;23133,25199,25216
ENRTU;17044,24695
ENRTY;21886,21895,23533,24695,24855,25158,25182,25211,25217
ENRTZ;23338,24381
ENRVY;9955
ENSST;24657,24871
ENSSY;14222,17045,19376,19706,20022,22959,23535,24344,24437,24441,24443
ENSTT;3728,5513,7393,8752,9122,10122,10377,10421,10437,10457,10458,10459,20024,24697,24882,25129,25202,25214
ENSTU;16484,16981,17033,25042,25146,25190,25191
ENSTV;1799,7395,10124,10404,10439,17034,24863
ENSTW;1800,10378,10423,10461,25119,25186,25204
ENSTX;18828,20827,21524,21903,21915,22964
ENSTY;24873,25131,25205
ENSUV;23135,23343,24092,24448
ENSUW;9381,10127,10442,16927,17043,21604,21917,25204
ENSUX;10460,14410,18831,21913,23129,25161
ENSVY;23135,24095,25216
ENSWY;14412,25162,25199,25213,25216
ENTTY;25132,25217
ENTUW;10448,21917,23344,24350,24433,25181,25192
EOOPV;24454,24699,25222,25230,25232
EOORS;22155,22188,23139,23140,23413,23541
EOORW;10299,17052,18237,19713,20036,23538,24460,24703,25231,25239,25244
EOOSS;16491,23193,24631,25223,25246
EOOST;3733,10300,13849,14397,16931,17054,21920,22391,22440,24895,24896,25026,25057,25058,25059,25145,25146
EOOSW;19383,19717,19988,20030,21816,23484,24456,25027,25058,25249
EOOSY;12886,25028,25059,25060,25135
EOOSZ;19718,20034,23486
EOOYZ;23112,25233,25236
EOPPR;21862,23931,24358
EOPPS;25064
EOPPT;20831,21863,21922,21923
EOPPU;17057,21923,25065,25221
EOPRR;22093
EOPRS;
EOPRT;21147
EOPRV;10467,10477,10478,17067,21819,24255,24454,24480,24699,25222,25230,25232,25280
EOPRW;8753,10479,21820,23487,23538,23547,24256
EOPRY;10478,10479,23556,24707,25232,25233
EOPSS;23115,25223,25235
EOPST;24922,24923,24925,25286,25287,25288
EOPSX;10138,20031,23447,24259,24477,24913,25161
EOPSY;
EOPTT;21922,25287
EOPTY;14227,20000,20057
EOPXY;18840,23516
EOQRU;3737,10469,10486,17020,24470
EOQTU;14430,24492,25163
EORRR;18841,25072
EORRS;25303
EORRT;1802,3739,9130,10141,22095,22465,24759
EORRV;10306,10391,16134,21279,21645,21825,21868,22981,23138,23755,24500,24501,25168,25239
EORRW;14433,23562,25239
EORSS;
EORST;
EORSU;21951,25320
EORSV;10499,10501,25176,25179,25320
EORSW;8756,22097,22161
EORSX;5530,9389,10312,18847,19392,20977,21928,21946,21953,22399,24913
EORSY;3744,10501,13856,14380,14445,20074,20833,25082,25320
EORSZ;3745,10493,14419,14443,25008,25303
EORTT;
EORTU;9135,10504,23141,23160,25244
EORTV;8758,10396,10477,22318,24267,24480,24514,25230,25280
EORTW;10504,15085,16139,16881,17029,17052,21944,21955,23160,24686,24703,25181,25244
EORTX;
EORTY;14420,17078,22465,22590,25182,25292,25321,25322
EORTZ;10148,18852,19742,21535,22985,23758,24381,24459,24516,24517
EORVW;25239
EORXX;18855,21953
EOSST;8759,9138,10313,22098,22471,23162,24624,25009,25084
EOSSU;9139,25326
EOSSW;
EOSTT;9795,10482,21537,21920,22988,23015,24462,24485,24520,24522,25247,25287,25327
EOSTU;5536,9394,10403,16511,16994,17033,25042,25118,25146,25191,25288
EOSTV;25087,25288
EOSTW;21879,22472,25058,25119,25287,25327
EOSTX;9142,14239,16791,18857,19749,20086,22320,24275
EOSTY;14240,21290,23364
EOSTZ;23165,24925,24956,25087,25121
EOSUY;14429,24690,24938,25320,25326
EOSWY;10318,23492,23571,24769,24897,24940,24957,25162
EOTUZ;9147,24516,25089
EOTWZ;24517
EPPPY;24134
EPPRS;20835,21958,21960,21961,23166
EPPRU;25221,25329,25330
EPRRU;14451,16995,17094,24639,24675,25329,25330,25339
EPRRY;24545,24639
EPRSS;
EPRST;17100,23169
EPRSU;22099,24625,25012,25348
EPRSV;24966,25348
EPRSW;25199
EPRSY;14452,21884,21983,21985,23943,24533,24555,25199,25347,25348
EPRTU;14451,14453,19971,22473,23495,23582,24286,24544,25329
EPRTW;3751,9817,10417,10529,23582
EPRVY;10478,21759,21972,24919,25232,25280
EPRXY;10543,21985
EPSST;
EPSSU;
EPSSW;9406,25235
EPSSY;22997
EPSTT;20055,24922,25160,25202,25270,25286,25287,25345
EPSTU;14426,14454,21935,21989,22474,25286,25288
EPSTW;1814,10423,25204,25287,25333
EPSTY;9407,10186,10424,10537,14454,17100,22474,23169,24291,24555,24563,24873,25205,25342,25347
EPSUY;10540,14452,14454,16150,21966,22474,24292,24538,24693,25338,25347,25348
EPSWY;7446,10541,25162,25199
EPSXY;21985
EPTTY;20057,21990,24157,24406,24563
EPTYY;25205
EQRUY;10555,21764,21992,24409,24568,25292
EQSTU;16517
EQSUU;10487,14455,24412,24962
EQSUY;14429,21996
EQTUU;14430,24415,25163
EQTUY;25292
ERRSS;17104,17105,22475,23171,23584,24716,25206,25335,25350,25351,25352
ERRSU;12893,13552,13864,14247,14457,18245,19778,22003
ERRSY;3759,10430,10563,22005
ERRTU;10342,10528,10550,19259,24544,25329,25339
ERRTY;17078,20985,21895,22007,22331,22465,24545,25211
ERRVY;3762,5563,20065
ERRWY;13867,14433,25076
ERSST;
ERSSU;25352
ERSTT;16520,23589
ERSTU;22102,23590
ERSTV;
ERSTW;
ERSTY;17100,23169,24302,24555,25099
ERSUU;14351,14442,14455,21994,23066,23499
ERSUV;20073,23159,24566,24593,24594,25081,25176,25276
ERSUX;8526,10539,21776,21845,22015,22340,25319,25365
ERSVY;9174,9898,10211,10501,20074,22341,23389,24171,25179,25216
ERTTU;23825,24567,24596
ERTUV;10217,10447,10586,23500,24987
ERTUY;5577,9853,16965,17044,22434,22473,22690,23177,23572,24829,24942,24986,25182,25211,25217,25279,25292,25322
ERTWY;23533,24434
ESSSU;9176,10556,10566,21164,22009,25357
ESSTT;14448,22471,23470,23575,25084,25247
ESSTU;19834
ESSTV;18885,20857,21910
ESSTW;
ESSTX;8535,10225,10452,16160,22013,22032,25362
ESSTY;17045,20022,23162,24441,24604
ESSTZ;10454,22014,22034,23788,24560,25248,25312
ESSUW;10354,13559,24587,25344
ESSWY;1827,10229,10455,10574,14450,24443,25213
ESTTX;9870,10459,14467,24311,25317,25365
ESTTY;5583,21916,21990
ESTUX;9428,10460,14467,20086,25319,25365
ESTUY;10592,14454,21307,21785,22474,23956,24604
ESTWY;23397,24447
ESTYY;24992,25099,25131,25205
ESTYZ;23165,24185,24312,24956
FFFLU;18887,22040
FFFSU;
FFFUY;
FFGIL;25376
FFGIR;25373,25378,25381
FFGOS;22047,25379,25382
FFGRU;8544,18888,22048,25381
FFGSU;10602,22046
FFHIT;22053,25389
FFHIW;18889,22049,22052,22053
FFHOU;18890
FFHOW;18891
FFHSU;22054,22055,25384,25388,25391
FFHUY;25390
FFIIS;13878,14471,22056,22059,25385,25386,25398,25399
FFIJS;22056
FFIJY;
FFIKS;10607,18892
FFIMS;1831,10612,10613,22070,25391,25411
FFIMY;25397
FFINS;1832,5589,8546,14471,14473,17121,17122,18897,22044,22063,22071,22072,25379,25385,25398,25411,25412,25414,25416,25417
FFINY;5590,10601,10615,14474
FFIPS;8548,18899,25414,25416,25418,25419
FFIQU;18900
FFIRS;1834,10604,10607,10612,10618,10619,10620,25417,25418
FFIRT;17117,20103,22074,22078,22079,25408,25420,25423
FFIST;1835,7471,8550,10613,10618,18902,22059,22072,22079,25398,25409
FFISV;
FFISZ;10620,25399
FFITY;10615,25389,25408,25420,25423
FFKOS;18904
FFLPU;18906
FFLSU;16168,18908,22054,22082,22083,22085,22087,25388,25402,25409,25428
FFMSU;17124,22082,25391,25411
FFNSU;17122,17125,18911,22083,22089,22091,25411,25412,25416,25417,25431
FFOPU;25424
FFOST;5595,17126,20106,25396,25430,25433,25434
FFOSW;18914,22097
FFOTY;25420
FFPSU;13883,22099,25416
FFPUY;22100
FFRSU;10619,14478,25417,25431,25435
FFSTU;17126,20106,25396,25409,25434
FGGIY;22109,25446,25447
FGGOY;10631,25446
FGGUY;25447
FGHIT;10634,22113,25454
FGILN;3788,10646,10648,10649,10650,10651,10652,10654,10656,20113,25444,25500,25501,25502,25503,25505
FGILT;10654,20872,22121,25476,25503,25512,25513
FGINO;10651,10659,10666,12897,17129,20113,20114,20117,25437,25444,25448,25450,25460,25461,25462,25473,25481,25500,25501,25503,25504,25505,25506,25519,25521,25523,25524,25525,25526
FGINU;10674,12898,14470,20101,20108,20115,20117,25366,25370,25380,25381,25438,25451,25461,25494,25520,25526,25532,25535,25538
FGIOS;20110,25452,25463,25518,25541
FGIOU;20117,25461,25504,25526
FGIRS;10635,10669,25484,25527,25533,25534
FGIRT;10670,10677,25485,25535
FGIST;10672,13888,18929,20878,25488,25529,25537,25543
FGLNO;20113,25444,25473,25500,25501,25502,25503,25504,25505,25506,25548
FGLNU;25545,25548,25549,25550
FGLOS;25382,25552
FGLSU;3790,10636,10683,25457,25510,25544,25547,25549,25552,25555
FGLUY;10681,25383,25551,25554
FGNOO;22152,25448,25460,25465,25500,25522,25523,25524,25556
FGNOU;18931,20117,25461,25504,25526,25548,25556
FGNSU;10683,22146
FGOOR;25465,25522,25556
FGOOS;14482,20109,25382
FGOOU;25551,25556
FGOOY;20118,25515,25551
FGORS;10686,10688,25527,25541,25557
FGORU;22157,22162,25466,25556
FGOSW;14482,22161,25530
FGRSU;25533
FGSUU;25543,25544,25547,25555
FHILT;10697,25569
FHIQS;
FHIRT;8611,20886,25586
FHIST;25575
FHISY;10699,10709,20887,22174,25386,25463,25561
FHITW;10697,16186,22053
FHLOS;10714,22181,25564,25566,25567,25592
FHLSU;3793,10636,10713,10716,18936,22054,22178,22182,22184,25559,25591,25594
FHMSU;10713,20120,25391
FHNOS;10700,25571
FHOOS;7484,10714,13890,22188,25566,25575,25592,25597
FHOOW;10719,18937
FHORS;22188,22190,25597,25600
FHORT;25598
FHOSU;25571
FHOSW;17135,25567
FHOTT;25599
FHOTU;10720,25596
FHOTW;10719
FHRSU;14485,18939,22055,22182,22192,22194,25572,25601
FHRTU;5604,10638,10711,22193,25586,25595
FIIIL;
FIILM;14488,18940,22198,25397,25472,25605,25606
FIINS;10722,14471,14491,22210,22211,22212,22213,25398,25470,25475,25482,25484,25488,25489,25490,25603,25607,25611,25619,25621,25622
FIINX;18945,22213
FIITX;10606
FIJSU;25628
FIKLS;18947,22227,25564
FIKLU;22225,22229,25493,25631,25634
FIKNS;10733,25470,25496,25497,25603,25633
FIKRS;20121,25603,25635,25639
FIKSS;1854,17150
FIKSU;10733,20121,25496,25639
FILLO;18949,22237,22239,25605,25627,25641,25643,25644
FILLR;
FILLS;25402,25565,25607,25608,25609,25630,25645,25646
FILLY;10729,10738,10742,20122,25606,25627,25631,25641,25642,25644
FILMP;10748,18951
FILMS;10735,10749,13891,20125,22166,22235,22247,22248,22249,25648,25649
FILMU;14492,20124,22245,25499,25649
FILMY;17152,25397,25606,25641
FILNT;1855,10654,10745,25503
FILOO;14472,25500,25515,25647,25658
FILOS;13564,17153,20125,20127,20130,25404,25564,25567,25613,25648,25651,25653,25659,25660,25664
FILPS;22263,22265,25568,25608,25614,25645,25666
FILRS;14489,17153,25614,25635,25651,25660
FILRT;10725
FILST;10761,10762,25404,25409,25410,25613,25636,25646,25649,25664,25666,25672,25673,25674
FILSU;3797,10761,12899,14494,25402,25409,25645,25646,25648,25649,25657,25664,25666,25671,25672,25673
FILTT;8653,10763,18964,22272,25675
FILTY;10742,10762,10763,14493,18965,20914,25410,25644,25673,25674,25675
FILUZ;25676
FIMOT;25683,25684
FIMRS;20136,25619,25678,25679,25681
FIMTU;22291,25685
FIMTY;10773,22289,25684,25685,25686
FINNY;5620,10665,25521,25650
FINOS;10700,10776,10779,14473,14497,17121,17158,20127,22251,25414,25621,25622,25651,25653,25679,25688,25691,25692
FINRS;1859,5623,7489,10669,10764,10779,10780,14491,25417,25484,25527,25533,25534,25572,25603,25619,25621,25651,25679,25688,25691,25692
FINST;17158,25398,25488,25529,25692
FINTU;20137,25535,25538,25539
FINTY;25623
FINUX;18976,22303
FINUY;18977,22300,25634,25642,25650,25656
FIOQU;18979
FIOST;17158,25529,25580,25664,25699,25702
FIPSS;
FIRRY;22270,22331,25578,25667,25700
FIRST;
FIRTT;10788
FIRTU;10781,10785,10788,18986,22273,22317,22330,22343,22344,22345,25535,25661
FIRTY;25420,25585,25623,25626,25684,25693,25700
FIRTZ;10786,18987,22339
FIRZZ;
FISST;1868,5630,10789,10790,17162,25620
FISTT;10708,10770,10789,10791,25702
FISTW;18990,22221,22338,25672
FISTY;10762,10790,25625,25628,25668,25673,25686
FITWY;
FIYZZ;25617,25676
FKLNU;10796,18991,22225,22352,25493
FKLOO;14501,14502,25707
FKLOS;8685,22227,25564
FKLOY;10797,14502
FKLUY;25631
FKNSU;10733,22356,25496
FKNUY;
FKORS;8691,22357,25710
FKORY;10710
FKSSU;14503,22358,25711
FKSSY;25711
FLLOY;5633,10804,14505,25546,25627,25641,25644
FLLSU;3800,10801,10803,10809,22145,22362,22365,25402,25565,25609,25630,25645,25646,25715,25717
FLLUY;10681,10810,10811,14475,20122,22363,25631,25642
FLMPU;7495,10800,18995,22367
FLNOW;22374
FLNOY;17168,17170,25506
FLOOR;19002,20143,22386,22388,22389,22390,25727
FLOOS;13913,22391,22392,25382,25712,25728,25729,25734
FLOPS;20147,22084,25593,25736,25737
FLORS;17153,25651,25659,25660,25724
FLORU;7499,10806,10814,10833,17154,17172,20129,20143,25425,25427,25590,25652,25661,25708,25723
FLORY;8716,10834,17168,20146,22375,22389,22403,22405,25516,25662
FLOSS;10830,10836,19009,22150,22181,22395,22406,22407
FLOST;25404,25613,25659
FLOSU;10836,15090,20142,20147,25549,25648,25657,25715,25720,25728,25734,25737,25739
FLOSW;8718,10807,22361,22398,25567,25653,25712,25729,25733,25737
FLOTU;3801,10808,10822,19011,20144,20948,22401,22409,22410,25731,25735
FLOTY;20148,25644,25662
FLOUW;14504,20141,25708,25716,25735
FLRRU;
FLRSU;25635
FLTUY;25656,25675
FMOOS;20135,25681,25722
FMORS;20136,25678,25679,25681,25722,25724
FMORU;10814,10854,25427,25723
FMPRU;19018,20963,22367
FNNUY;5646,25650,25745
FNORR;10859,25727,25747
FNORS;10624,10779,25431,25527,25557,25621,25651,25679,25688,25691,25743,25748
FNORT;17177,19020,20967,22187,22372,22435,22441,22445,22446,25432,25746,25749
FNORW;10859,10860,19022,22374,22439,22443,22446,25747
FNOST;7503,10848,17158,25529,25709
FNOTU;10822,10861,16218,17177,20137,22437,22445,25432,25596,25749
FOOPR;10864,19028,22305,22450,22452,25753
FOOPS;19029,25433
FOOPY;
FOORS;10865,19030,20152,22188,22307,22453,22454,22455,25597,25600,25681,25695,25710,25748
FOORY;19032,22389
FOOST;10827,10865,22391,22440,22454,25433
FOOSW;14482,22455,25712,25729,25733
FOOSY;
FOOTY;3807,10867,14509
FOOWY;10867
FOPRS;16219,22458,22459,22460,25418,25688,25697,25698
FOPSU;20147,22460,25593,25689,25736,25737,25757
FORRU;
FORRY;22158,22465,25578,25700,25759
FORST;10852,10865,10871
FORSU;10871,10872,14478,14499,25431,25601,25695,25748
FORSW;8756,10868,22097,22161,22398,22455,25600,25733,25758
FORTY;5650,22462,22465,25420,25662,25684,25693,25700
FORWY;22405,25725,25759
FOSST;17178,22098,22448,22471,25757
FOSSW;25760
FOSTT;10855,10875,25702
FOSTU;20106,25434,25702,25757
FOSTY;25709
FRRSU;25435
FRRUY;25759
FRSSU;25706,25711,25741
FRSTU;20989,22102,22417,22449,22469,22476,22479,22480,25601,25744,25750
FRSUY;25706,25711,25742
FRSUZ;
FRTUY;10840,22434,22473
FRUYZ;
FSSTU;10841,10863,20991,22481,25588,25757
FSSUY;25670,25706,25711,25751
FSTTU;3808,10875,25671,25702,25752
FSTUY;22474,25628
FTTUY;10793,25675
FUYZZ;25676
GGGLO;25775
GGHOS;14515,19046,20155,22498,22499,22501,25790,25797,25800,25802,25804,25805,25806
GGHUY;
GGIJY;
GGIMS;8786,10916,22515,22530,25798,25861
GGINO;17180,18248,20154,20162,25369,25437,25448,25450,25773,25777,25783,25784,25870,25873,25880
GGINS;14518,14527,25787,25793,25801,25822,25828,25829,25831,25832,25835,25850,25861,25883,25884
GGIOT;10924,25783,25867
GGIPY;22548,25860,25881,25887
GGIRS;8791,10931,10942,19056,21002,22512,22522,22536,22544,22550,22553,22554,25795,25829,25834,25875,25883,25886,25887
GGIWY;22557
GGLOY;25446,25804,25854
GGLSU;19072,22491,22525,22561,22563,22565,22574,22575,22577,25850,25889
GGMOY;10949
GGMSU;19073,21010,22563,22578,25798,25861,25891
GGMUY;25841
GGNOS;3817,10946,10951,10952,10953,10954,14528,14529,19075,20167,22492,22564,22580,25892,25893
GGNUY;22585,25889
GGOOS;14528,20109,22566,25852,25871,25886,25888,25890,25892,25893,25894
GGORS;17182,25805,25875,25886,25892
GGOSY;10954,17182,25804,25854,25893
GGPUY;
GGRUY;13932
GGSUV;
GGUVY;
GHHIS;10632,10891,10959,22597,25452,25790,25896,25898,25899
GHHIT;25900
GHHOS;10961,22599,25452,25790
GHHOU;19087
GHIKT;25941
GHILT;19089,22616,22620,25911,25944,25946,25952,25957,25961,25962
GHIMT;8828,22626,22627
GHINO;12903,14536,15091,17196,17198,17199,18249,20176,25461,25462,25986,25993
GHINS;14532,14537,20170,20177,25453,25793,25801,25898,25899,25907,25914,25919,25921,25922,25924,25925,25939,25950,25968,25996,25998
GHINT;17188,17202,20178,25454,25911,25915,25920,25926,25927,25977,25999,26001
GHINY;25964,25967
GHIOS;8834,11011,14515,16245,17203,20110,20155,20173,20179,20180,22643,22644,22648,25452,25790,25797,25802,25953,26003,26005
GHIPT;10999,19096,22627,25900,25920,26007,26009
GHIRS;25795,25913,25921,25969,25998
GHIRT;19097,22496,22620,22635,22653,22658,25941,25999,26007
GHISS;8836,11002,13935,22621,22654,25922
GHIST;17203,26010
GHISW;10896,10973,11006,11012,25802,25925,25990
GHITT;11009,13936,22641,22650,22658,25796,25926,25961,25991,26001,26002,26009
GHITW;11010,25927,25962
GHLLY;25944
GHLOU;22618,22663
GHLPU;11021,25948,25955
GHLPY;17192,20174,22665,25956
GHNOS;26027
GHNOT;19102
GHORU;19104,22647,22680,22685,26030
GHOSS;8859,22672,26015,26037
GHOST;5669,8860,11011,16252,17203,19105,20183,22501,22648,22687,26035,26039
GHOSU;11043,22677,22688,26005,26036
GHOSY;25804,26016,26021
GHOTU;22651
GHOTY;26042
GHRSU;5672,7529,11016,11037,11046,11047,25969,25998,26025
GHSSU;
GHSTU;26000,26010
GHSUV;11018,26005
GHSUY;25960,26021
GHUVY;
GIILS;10898,20198,22505,22692,22695,22702,22704,25913,26111
GIILV;11062
GIINP;25920,26156,26162,26164
GIINR;12907,14558,14559,25768,25821,26126,26139,26165,26169
GIJNO;22746,25773,25931,26048,26200
GIJOS;7541,20230,22746,25931,26192
GIJOT;26195,26200
GIKLS;26056,26210,26212
GIKNS;14570,17243,17249,19124,20235,20237,21047,22754,22761,22772,25496,25839,25939,26192,26210,26212,26213,26215,26219,26223,26226,26228,26234
GIKOP;
GILLR;11138,26079
GILLS;8880,11139,21049,22695,22779,22784,22787,22788,25943,26250,26253
GILLY;8884,11135,11140,19128,22782,25944,26082,26252
GILMS;3848,11142,11146,11150,11151,11153,26086,26263
GILNO;1930,5689,10651,11102,11154,11164,17235,17252,17256,17262,25506,26242
GILNP;
GILNS;
GILNT;3851,5693,10654,10911,10978,11105,11147,11158,11168,11171
GILNU;25933,26270,26306
GILNY;20197,20243,20245,22782,22797,22815,22825,26082,26088,26095,26252,26259,26283,26307
GILOO;13575,14586,17266,26311
GILOR;14586,17267,26312
GILPU;11152,14573,20248,22833,25955
GILPY;17192,17271,20174,20246,20248,25956,26263
GILRS;20198,25913,26102,26111
GILRU;20249,26317
GILRY;14583,20199,20249,22815,25855,26318
GILST;20247,25853,26110,26111,26310,26314,26316
GILSU;
GILTU;17270,25955
GILTZ;19148,22850
GIMMU;22854,22856,26255
GIMNS;20202,26086,26114,26118,26122,26123,26124,26357
GIMNY;25964,25967,26088,26324,26357
GIMOS;20204,26362
GIMOY;20252
GIMOZ;
GIMPS;8916,10991,11151,22712,22801,22883,26118,26263
GIMPU;11152
GIMPY;20252,26263
GIMRY;8922,11216,11227,25967,26324
GIMSS;19154,22874,22885,25970,26122,26355,26363
GINNY;8933,10665,11115,11244,11250,11252,19164,20233,20265,22888,22900,22908,25964,26095
GINOP;14605,25525,25864,26130,26377,26406,26410
GINOR;25974,26329,26333,26343,26367,26379,26381
GINOT;14593,14603,25523,25783,26321,26335
GINOW;25450,25462,25937,26410
GINOY;20243,25506,26280,26283,26416
GINOZ;8936,11164,11260,14608,22918,25847,25878
GINPS;
GINQU;11119,22870,22939,26156,26165,26166,26424,26465
GINRS;17306,25534,26238
GINRU;12918,14569,14620,14621,25381,26165,26201
GINRW;
GINSS;17234,20223,25922,26070,26122,26159,26170,26179,26455,26458
GINST;14623,20286,25537,25884,26202,26356,26391,26459,26473
GINSU;17201,17249,17297,25787,25801,25831,25835,25884,25899,25939,25988,26000,26181,26202,26223,26234,26239,26371,26391,26441,26473
GINSW;26461
GINSZ;22820,22948,22965,22968
GINTY;1960,3875,11325,11326,20227,26465
GINVY;11301,11327,20228,26187,26307
GINWY;
GINYZ;11186,11252,11326,11327,17302,26187
GIOPP;11330,14605,17286,20267,22911,25525,25982,26274,26338,26395,26406,26408,26409,26410
GIOPR;20287,26476,26478
GIORR;11257,20269,26425,26426,26476
GIORS;25886
GIORT;5727,7583,14629,20229,26312,26313
GIORU;17292,22647,22978,25876,26282,26343,26379,26413
GIORV;
GIOSY;11336,25854,26481,26486
GIPPY;11273,25881,25995,26154
GIPRS;20289,25887,26006,26487
GIPRT;11277,26006,26412
GIPRY;20287,25887
GIPSY;19190,22835,22883,22994,22997,25887,26263,26481
GIRRS;11014,25834,26167,26466
GIRST;26111,26241,26316,26487
GIRSY;1968,11017,11296,17306,20284,25534,25887,26238,26432,26457,26469
GISST;26480
GISSW;11098,22847
GISTU;14623,20253,20286,25537,25543,25884,26000,26010,26181,26202,26239,26241,26356,26365,26391,26459,26468,26473,26487
GISTW;11312,11340,19200,20288,22849,22963,26183,26443
GJMUU;26489
GJNOS;11345,22746,25931,26192,26490
GJOSU;20230,26490
GKLNO;16285,17235,17314,25932,26208,26209
GKNOS;3880,11116,17243,20235,23018,25839,26192,26213,26219,26226,26228,26233,26234,26235,26493
GKNSU;11357,13982,14570,17249,20237,25496,25939,26212,26215,26223,26234,26239
GKNUY;
GKOOS;3881,11351,26226,26493,26495
GKOOY;
GKORS;14633
GKOSS;
GKOSU;11353,26234,26495
GKOSW;11020,26494
GKSSU;23017
GLLOO;11359,11362,11363,26496
GLLOY;23020,25546
GLLSU;22145,22788,23021,23023,23024,25943,26250
GLLUY;10681
GLMOO;19207,23028,26013,26502
GLMOS;
GLMOU;3886,9010,11377,14576,19208,22800,26504
GLMSU;25547,26498
GLNOO;16287,23031,23032,26505,26509,26510
GLNOP;26509,26510
GLNOS;
GLNOU;14638,20292,25548,26514
GLNSU;1988,5736,10683,11023,11379,11391,26506,26516
GLOOP;19217,26271
GLOOS;13990,14639,22566,23050,23051,25382,25890,26522
GLOOY;25551,26016
GLOPS;20297,26017,26524
GLORW;11189,17267,26504
GLORY;26018,26525
GLOSS;14640,26015,26019
GLOST;20247,20295,25853,26020,26110,26285,26310,26314
GLOSV;26287
GLOSW;13994,22572,26288,26494,26513
GLOTU;19225,25554,26022,26291,26315,26514
GLOUV;11401
GLPSU;9050,19226,22574,23044,23063,26516,26524,26526
GLPUY;20248,23064,26300,26526
GLRRR;
GLRRS;
GLRSU;14642,25552,26526
GLRUY;20249,25383,26018,26317,26521,26526
GLSSU;14640,26019
GLSTU;25555
GMMUY;2000,26255
GMNOO;7597,20299,26530,26531
GMNOS;
GMNOU;11416,26530
GMNSU;
GMNUU;26501
GMOOR;9083,19231,23028,23093,26333,26502,26530,26531
GMORS;26023,26536
GMORY;23086
GMOSS;23094
GMPRU;11355,11425,19233,20301,26350
GMPSU;11432
GMPSY;22883,26263
GMPYY;
GMSSU;11419,11433,14645,19235,23017,23029,26355,26363,26538
GNNOS;2016,11378,11412,11436,11437,26529,26540,26543
GNNUY;20265,23103,26394,26544
GNNYY;26542
GNOOP;20304,26509,26510
GNOOS;22678,23098,23107,23109,23110,25892,25893,26490,26493,26540,26547,26548,26550
GNOOY;26404,26508,26510,26549
GNOOZ;23112,26549
GNOPR;2019,3901,19238,21135,23114,26028,26509
GNOPS;26551,26555
GNOPY;17290,23114,25984,26028,26280,26341,26377,26416,26510
GNORW;19241,23117,26512,26531,26541,26554
GNORY;17294,26028,26232,26283,26381,26416,26512,26542
GNOSS;14647,20307,20311,26015,26031,26548
GNOST;16296,23036,23109,23125,26555,26557
GNOSW;20308,23116,26513,26543
GNOSY;9108,10954,11437,14003,23018,23038,23089,23110,23124,23126,25893
GNOTU;26514
GNOUY;14614,23123,26033,26237,26544
GNOYZ;17302,23042,23090,23112,26549
GNPSU;26516,26551,26555,26558
GNRSU;14006,19243,20310,22582,22683,23045,23102,23120,23132,26491
GNRTU;11448,11456,26552,26556
GNRUW;11300,26541,26545,26554
GNSSU;14647,16298,19246,20311,21144,23047,23128,26031
GNSTU;14623,20286,25537,25884,26000,26032,26181,26202,26239,26303,26356,26391,26441,26459,26473,26532,26546,26555,26557
GNSUW;11440,26461,26513,26543,26558
GOOPS;7608,20182,26035,26534,26560
GOOPY;
GOORS;11396,11457,16300,22973,23050,23107,23136,23139,23140,25886,25892,25894,26308,26399,26477,26520,26540,26547,26550,26559,26560,26561
GOORY;23108,23140,26563
GOOSY;13585,15719,25893,26016,26404
GOOTU;23111,23141,23145,26562,26563
GOPPY;
GOPRS;26520,26534,26560
GOPRU;19250,20301,20313,22978,23148,26478
GOPRY;20287,26028,26416
GOPSY;20297,26481
GORSS;26427,26525
GORST;26039,26560,26561
GORSW;7609,22161,23152,26039,26360,26564
GORSY;13166,14633,17182,26525
GORSZ;
GORTU;14649,14650,19255,22162,23097,23141,23160,26537,26552,26556,26562
GORUY;23123,23154,26521
GORVY;9137
GOSSU;9139,11464,14640,14647,14651,20311,23157,26438
GOSTU;14652,20315,26535,26555,26557
GOSTY;26444
GOTUY;25554,26315
GPPUY;
GPPYY;
GPRSU;7611,20289,26487,26526
GPRTY;23169
GPSSU;26538
GPSYY;
GRRUY;21157,23154,23172
GRSTU;26241,26487
GRSUU;14642,23066,23170,25891,25895,26364,26470,26491
GRSUY;23067,23132,23172,23174,26526
GSSTU;3911,11470
GSSUY;26538
GSTUY;26319,26365
GTTUY;23177
HHIPS;11479,19262,23183,23184,23185,26568,26573
HHISS;26576
HHISW;7616,11476,19263,23190,23191,26574
HHMPU;11487,19264
HHOOS;11483,11488,19265,26580
HHPPT;26581
HHPYY;
HHSSU;10962,17330,25903
HHSUU;25559,26577
HHSUY;3917
HIIKO;19267,25906
HIILN;10964,17337,20169,22603,23202,25909,25910,25911,25912
HIIMS;5761,7625,11472,11501,17333,17342,20316,25560,26585,26586,26600,26601
HIIOS;17348,20326,26611,26614
HIIRS;10690,11496,11507,13171,14657,17349,25795,25913,25921,25930,26582,26600,26605,26611,26614
HIJOS;17350,25931
HIKLT;17352,23225,23226,26620
HIKLW;
HIKNS;23229,23233,23234,25907,25939,26584,26587,26588,26589,26623,26630,26631
HIKNT;11523,14019,23227,23231,26620,26628
HIKNY;25940
HIKOS;11524,11525,20328,23229,23236,23237,25564,26623,26630,26633,26634
HIKRS;26582,26625,26633
HIKST;
HIKSW;9203,10973,11476,11519,11525,11529,19272,23242,23246,26630
HILLO;17351,19273,23249,23251,26635
HILLS;14664,19274,20332,23181,23250,25565,25943,26637
HILLT;17362,23256,25944,26635
HILLY;11541,20331,23256,25944,26640,26641
HILMU;17361,20333,26590,26642,26649
HILOT;10983,11548,11559,11560,14665,17338,20318,25946,26620,26635,26653,26669
HILPY;11562,11564,20174,20331,20338,25956,26594,26636,26651,26659,26672
HILRT;10985,11554,11563,20339,25957,26595
HILRW;19281,21178,23275,23281,26670
HILSS;10696,11512,11555,11565,11566,25958,26621,26644,26662,26663
HILST;
HILSU;11556,11567,16350,17371,17372,20332,20336,20337,23278,23284,26593,26621,26622,26637,26664,26672
HILSY;2065,5785,7636,11514,11557,11564,11569,11570,14667,17365,17370,17372,20338,25561,25951,25960,26591,26622,26640,26660,26668,26672
HILTT;9221,11540,23203,23260,23289,23290,25961,26595,26656
HIMRT;14672,26570,26691,26695
HIMSS;2069,9234,11501,11580,11581,11585,11588,20343,23204,23313,26596,26601,26644,26647,26682,26687,26693
HIMST;11582,11589,14674,26683,26688
HIMSW;11519,11584,11587,26599,26645,26690
HIMSY;10699,15110,26694
HIMTY;23299,23311,23317,26570,26696
HINNT;10993,11594,19297,22629,23319,25915,25976,26604,26650,26701
HINNY;21189,25964,26650
HINOR;10994,11595,13178,14536,15111,15728,17196,17323,17364,17382,20176,25936,25974,25986,26627,26652,26681,26701,26706,26707
HINPU;7642,16373,25948,25966,25994,26721
HINSS;20352,25573,25922,26606,26608,26609,26619,26632,26682,26708,26711,26715,26716,26719
HINST;20353,25574,26610,26654,26683,26722
HINSW;25990,26630,26716,26717
HINSY;11557,11608,17365,17388,26591,26714
HINWY;
HIOPP;23348,25982
HIOPT;20356,25900,26635,26705
HIORS;14677,20328,20357,26574,26611,26614,26633,26660,26723,26730,26735
HIORU;11618,14673,20342,22647,23360,26661,26691
HIOSS;11580,11612,14680,17403,20343,26606,26644,26687,26708,26711,26725,26728,26732
HIOST;2076,3933,5806,11011,11610,11615,12926,14678,15115,17203,17348,17356,17400,25392,25575,25580,26575,26614,26689,26738
HIOSW;11525,11617,14682,19314,20357,23357,25802,25990,26574,26630,26690,26730
HIPPY;11562,25995
HIPRT;2078,11563,16398,21198,23213,23273,26007,26695
HIPSS;14658,14680,26008,26608,26616,26687,26693,26711,26719,26728,26731
HIPST;5808,9251,11582,11598,16399,20327,23367,23373,25582,26720,26741
HIPSW;9252,11012,11584,11622,11624,11625,11626,23372,26599,26616,26730
HIPTW;5810,23368,26615,26721
HIPTY;20356,26594,26696
HIPZZ;23374
HIRRS;
HIRRW;19321,23275,23380
HIRSS;2081,7647,10704,11585,11599,11619,17379,26638,26693
HIRST;26614,26712,26722
HIRSU;22656,23187,23241,23278,23309,23371,23377,23385,25969,26600,26625,26678,26744
HIRSW;17401,20357,26011,26574,26690,26730
HIRTY;5815,11603,15735,19327,20339,20358,23311,25586,26570,26641
HISST;14659,26671,26673,26746
HISSU;11588,11634,14037,14662,16407,17411,20329,23245,23284,23313,23395,26619,26621,26682,26698,26719,26734,26746
HISSV;26725
HISSW;26609,26616
HISSY;20352,26742
HISTW;2085,11632,11636,26610
HISTX;26676
HITWY;25962,26675
HIWZZ;19332,23391,23399
HJNOS;25931,26747
HJOOS;11639,12930,26747
HKKOU;26751
HKLOS;7650,11641,14660,23403,25564,26748
HKLSU;11642,16414,26621,26622
HKLUY;26622
HKMOU;17422,20362
HKNOS;14686,23229,23403,23408,26588,26623,26630
HKNOY;
HKNSU;14686,23234,23411,23412,25939,26631,26754
HKNTU;19333,26628
HKNUY;
HKOOS;12931,14661,23236,23406,23413,23414,26633,26748,26750,26758,26760
HKOOY;26750,26752
HKOPS;26634,26758,26761
HKORS;5824,11524,17354,17429,20328,20363,26633,26762
HKOSS;23415,23418,26761
HKOSW;11020,11525,11646,23416,26630,26762
HKRSU;3940,5828,11652,11653,17429,26625
HKSSU;11640,11652,14662,20329,23245,23411,23419,26621,26756
HKSUY;17425,23412,26622
HLLOO;19334,23251
HLLOU;19335,22663
HLLOY;11657,11664,16430
HLLSU;11655,11658,11665,11669,14664,20332,23421,23425,25565,25943,26637
HLLUY;
HLMOS;26014,26772
HLMPY;7656,11671,22665,26769
HLMSU;14046,16435,19337,23427,23431,23434,26014
HLMUY;20333,26648,26775
HLNOO;17363
HLNSU;21224,22178,23421,23431,25591,25950
HLOOS;10714,11641,11682,25566,25592,26748
HLOOY;25592,26016,26752,26777
HLOPX;23447,26659
HLORS;7657,9308,11685,19342,23423,23449,26660,26781
HLORW;
HLOSS;17419,17440,26015,26019,26644,26663
HLOST;
HLOSW;5846,11663,14688,26765
HLOTW;11684,26669,26778
HLOTY;13181,17439,17442,23452,23460,26022,26653,26782
HLPSU;14666,16453,19346,20337,20366,23463,25568,25593,25594,26593,26637,26783
HLPSY;17370,20338,23438,23462
HLRSU;14689,26783
HLRTU;3944,25595,26661,26775
HLRUY;11690,26775
HLSSU;26019,26621
HLSUY;14667,17372,17441,23468,25960,26021,26622,26648
HLSWY;9328,11569,26668,26675
HLSYY;
HMNOT;11574,11702,26768
HMNPY;17375,19353,23480,26769
HMNSY;26684
HMOOP;
HMOOS;14669,23406,23485,26680,26796
HMOOZ;
HMOPR;2128,5853,11577,14670,16462,17376,19355,20340,23487,26681
HMOPW;19356,23487
HMORR;11644,11710,26771
HMORS;
HMORU;11675,11710,14541,14673,16464,19357,20342,23490,26691
HMOST;5856,10717,11711,11715,26688,26689
HMOTU;14057,19359,23490,26691
HMOTY;11697,23491,23493
HMPSU;20344,23307,23479,23494,26025,26677,26790
HMPTU;5857,11647,14058,19360,23495,26695
HMPUW;19361
HMPUY;
HMRRY;17378,26771
HMRTU;9349,11648,16468,23490,23495,23497,23500,26691,26695,26775,26787
HMSSU;17424,26682
HMSTU;23314,26683
HMSTY;11722,26579
HMSUU;11678,14542,23499,23502
HMSUY;3948,17425,17449,26648,26774,26790
HMTYY;
HNOOP;11725
HNOOR;11725,20181,25465,26707
HNOOS;3949,7664,12932,20370,20371,22678,25979,26680,26708,26709,26747,26810
HNOOW;11033,19365,26755
HNOPS;11701,11726
HNOPY;17384,20349,25984,26028
HNORS;17457,17459
HNORT;17460,26701
HNORY;11703,23512,23519,23524,26028,26652,26714
HNOSW;11705,23478,23523,25990,26630,26716,26717,26803,26817
HNOSY;5867,17459,26714,26802,26813,26817
HNSSU;9378,11724,11736,19375,23411,23526,23534,25573,26031,26619,26682,26719,26756
HNSTU;16484,19377,20353,21270,23507,23532,25574,26000,26683,26722
HNSTY;26802,26812,26813
HOOPS;3952,11639,11682,16488,17464,20182,23536,23537,26723,26758,26821
HOOPT;7673,10718,19380,23442,23539,26757
HOOPW;11683,19381,21274,23345,23538
HOORS;13184,14677,15133,16489,17395,17466,22188,23413,23537,23541,25597,25600,26633,26723,26724,26822,26830,26832
HOORT;11042,25598
HOOSS;11742,26037,26708,26725,26807,26829
HOOST;11610,20183,20354,25575,26709,26810
HOOSW;14698,19383,20184,26034,26765
HOOTT;19384,25599,26656
HOOTW;10719,11684,19385,26778
HOOTY;23539,26777,26795,26806,26828
HOPPY;
HOPQS;
HOPRT;5880,7676,26835,26836
HOPSS;11612,11744,14680,26687,26711,26728,26731,26838
HOPST;17437,26780,26812
HOPSU;20366,20376,25593,26017,26729,26758,26805
HOPSW;11746,23552,26730
HOPSY;20377,23553,23559,26840
HOQTU;
HORST;17400,26614,26689
HORSU;2146,26832
HORSW;11617,11748,17401,25600,26574,26690,26730,26762
HORSY;11743,17459,26660,26714,26762
HORTT;26835
HORTU;26661,26691,26814,26835,26836
HORTW;26836
HOSST;
HOSSU;17330,26829
HOSSW;16510
HOSTT;26575
HOSTU;9394,11753,11754,19396,26739,26751
HOSTW;
HOSTY;21290,23528,23559,26802,26812,26828
HOSUY;17441,17449,20380,26021,26817
HOSWW;
HOSWY;7682,11716,23492,23571,26668,26762,26817
HOTTY;11752,26692
HOTUY;3957,20381,23530,23572
HPSSY;
HPSTU;11758,25582,26741
HPSUW;
HPSUY;17476,26790
HQRSU;9408,23583
HRRUY;
HRSTU;3960,11047,11653,14683,23385,23420,23532,23585,23590,23591,26722
HRSUU;14689,17477,23499,26798,26842
HRSUY;11761,20380,23468,23591,26848
HRTTU;14075,14684,17331,23581,23586,26819,26835,26846
HRUUU;
HSSTU;17411,17431,17478,25588,26746
HSSUY;11760,17476,17478,26742,26848
HSTUY;21307,23591,26848
HSUUW;
HUYZZ;
IIJNN;26046,26048,26049,26861
IIKKO;
IIKLM;23604,26053,26866,26868,26869
IIKLN;13186,14077,22195,23600,23606,23607,26862,26868
IIKNN;5899,11775,11776,17334,17488,23616,25602,26850
IIKPS;11495,11778,17489,23608,23618,23624,23625,26067,26589,26863,26871,26874,26878,26882
IIKRR;11779,14079,23615
IIKST;11777,11778,19409,20390,22196,23612,23622,23629,26071
IIKSW;2159,11773,16535,17491,26882
IILLV;11785,11787,17497,20393,23635,23643
IILMT;11769,11792,11795,19415,20398,22696,23634,23647,23650,26087,26590
IILMU;3968,26590,26895
IILNN;14709,16537,26897,26899
IILNP;11799,11800,23202,23663,26868,26886,26900,26904,26905,26906
IILNT;11770,11792,11799,11802,11803,14711,17337,20400,26889,26897,26900,26905
IILPS;11497,17509,22702,23608,23636,23646,23677,25608,25614,26593,26871,26890,26918
IILSW;9445,14715,20319,23641,23686,26106,26918
IIMMN;17512,26859
IIMMT;16543
IIMMX;11813,19421,23694
IIMNO;11790,11816,17142,17512,17515,17516,19422,20321,20413,26084,26860,26873,26884,26891,26926,26928
IIMNR;3975,5918,11816,11819,17481,17517,20413,26873,26929
IIMNS;13598,14702,14719,17515,20202,20414,26114,26118,26122,26123,26124,26860,26925,26926,26927
IIMPR;14722,16547,21313,22711,23598,23645,23696,23703,23704,26089,26117,26929
IIMPS;14722,26118,26874,26930
IIMSS;3976,7707,11501,11814,11820,11827,11829,11830,16551,17522,23204,23651,23692,23707,23710,23711,25620,26122,26596,26602,26875,26892,26933,26934,26939,26940
IIMST;14723,17518,17523,20418,26123,26931,26940
IINNO;5921,16554,17225,17524,20420,25481,25819,26048,26131,26133,26604,26861,26897,26943
IINNT;11776,11835,17524,17525,20420,26604,26861,26897,26899,26943,26946
IINST;15750,17346,17533,20426,25398,26948,26949,26957,26960
IINTW;23623,23724,23743
IINTY;11825,11835,17536,20227,23701,25623,26164,26958
IIORT;17505,17537,19442,20229,20430,23756,23758,26614,26910,26912,26967
IIPPS;22737,23212,23677,23765,26152,26568,26607,26878,26955,26962,26970
IIPPT;23762,26153,26615
IIPST;11778,11840,11850,20327,25624,25625,26160,26948,26965
IIRSS;11841,26170,26933,26934,26964,26966,26972
IIRVZ;
IISTT;11847,13601,14095,14731,17495,19459,23629,23684,23747,23774,23789,26180,26618,26854,26855,26920,26960,26961,26977,26979
IISTV;11848,17523,17542,20431,26182,26583,26913,26967,26969,26976
IISTZ;23759,23791,26979
IITZZ;23791,26979,26980
IJKMU;
IJKNS;23796,23798,23799,26584
IJKOS;17350,17545,23800,26984
IJLLS;21331,23803,23804
IJLST;11856,23804,23807,23808
IJMMY;26859
IJMPY;
IJMSS;7720,11858,20434
IJNNS;21334,23811
IJNOS;7721,12941,14732,17548,20387,22746,23811,23812,25931,26997
IJNOT;3984,7722,11860,19466,23813,26195,26200,26861,26991,26996,26998
IJNPU;11094,19467,23816,26199,26856
IJORS;17545,23812,26997
IJOSS;26986
IJOST;5934,19471,20435,23800,23822,26994
IKKLS;11865,20436,23831,23832
IKKNS;11868,19474,20388,23831,23834,26863,27002,27004
IKKNY;11100,26206,26207,26862
IKKOS;20437,27007
IKKRS;26864,27007
IKKRU;23838
IKLLR;17554
IKLLS;17555,19476,21341,23603,23840,23843,25630,27010,27011
IKLMO;
IKLMS;17559,17560,27018
IKLMY;17560,17561,26866,26869,27016,27017,27018
IKLNP;2184,9493,19477,21342,22752,23851,26209,26868
IKLNS;25633,26210,26212,27019,27020,27023
IKLNY;11872,14735,17563,21344,25634,26862,27024,27026
IKLOS;14109,14660,17555,17562,19485,22227,23840,23850,25564,26210,26870,27020,27023,27028,27030
IKLPS;16593,21346,23608,23871,27015
IKLPU;11876,16594,23867
IKLRS;11511,11883,14736,25635,26872
IKLSS;
IKLST;20390,27028
IKLSY;11514,11883,11886,14736,20440,26622,26872,27016,27018
IKLTU;14115,22759,23225,23863
IKLTY;23226,23869
IKLXY;23880
IKMNS;14739,17574,20441,26213,26215,26623,27036,27037,27038,27040
IKMOS;17575,26213,26586,26623,27036,27037,27038,27042
IKMPS;19491,21352,23892,23893,26874,27015
IKMRS;2191,3992,11517,11887,11890,11897,26625,27037,27040
IKMRY;16604,26869,27017
IKMSS;26875
IKMSU;14739,20441,26215,26625,26626,27018,27040
IKNOP;17579,27051
IKNOS;7732,11116,11868,11879,17243,17562,17581,18281,20235,20442,25839,26210,26213,26219,26226,26234,26235,26623,26630,27020,27023,27036,27037,27038,27046,27053
IKNPR;26227,27051
IKNPS;17489,17582,17583,26067,26589,26631,26863,26874,26878,27047,27055
IKNPY;
IKNRS;2193,5949,11121,11890,11904,25603,26068,26238,27037,27040,27053
IKNSS;26632
IKNST;16613,17585,19500,23622,23798,23857,23887,23917,23921,23925,27049,27055
IKNSW;9527,11127,11892,16614,17491,17581,19501,22772,23860,23888,23922,26630,27038,27053
IKNSY;9528,17583,19502,23919
IKNTW;19505,23623,23864,27054
IKNYZ;9532,25604
IKOOR;11906,11907,20446,27056
IKOSS;12942,20447,26880,27030,27058
IKPPS;17590,19509,23932,23940,23941,26878
IKPSS;27059,27060
IKPSY;17583,26634,27060
IKPTU;
IKQRU;7738,9537,16627,19510
IKRRS;17587,27007
IKRSS;2199,27059,27060
IKRST;
IKRSU;16632,19514,20121,23241,23875,23898,25635,26625,27040
IKRSY;11883,17594,26238,26872,27060
IKSST;26880,27045,27058
IKSSY;11886,23901,23955,27060
IKSTU;11905,17585,17588,23956,26239,27049,27058
IKSVY;19516
IKTTY;23926
ILLLS;23957,26883
ILLMS;14705,20449,27067,27068,27070
ILLNS;9548,10737,11927,11928,11929,14744,17595,21370,22779,23250,23968,23969,23970,25607,26250,26888,27074,27076
ILLOS;14744,14748,14749,14750,17555,17595,20450,26253,26254,27067,27068,27074,27082,27083,27086,27087,27088,27089
ILLPR;14128,19523,23980,27081
ILLPS;9553,11935,19524,20451,21371,23636,23972,23983,25608,25645,26637,26890,27010,27067,27082,27083,27095
ILLPU;14573,26249,27010,27069,27075,27094
ILLQU;9556,11786,19525,23984,27072,27085
ILLRS;11938,27098
ILLRT;
ILLSS;5961,27097
ILLST;20392,25646,26888,27011,27074,27082,27086
ILLSV;21378,23978
ILLSW;4005,9564,11922,11929,14749,19533,21379,23641,23979,23988,23995,27076,27083,27089
ILLSY;4006,14750,23995,26640,26883,27088,27098
ILLSZ;
ILLTW;11944,14708,27090
ILLTY;7748,10742,11541,11943,17362,17496,23256,25644,25944,26641,26988,27077,27091
ILLWY;4009,14752,14754,27062,27080,27084,27093
ILMNS;17601,17602
ILMNU;20124,27013
ILMOO;20395,20454,23999,25647,26256,27065,27066,27103,27104,27108
ILMOR;10746,11945,14755,26257,27065,27108,27112
ILMOS;7756,11150,11952,11962,11965,11966,17601,20125,20396,20457,20459,26891,27067,27113
ILMPS;26643,26646,27015,27067,27116
ILMPU;13200,14757,20460,26260,26646,26989,27013,27069,27116
ILMPY;5967,10748,14757,24026
ILMRY;4014,11796,24028,24035,26869,27017,27100,27108
ILMSS;26892
ILMST;20457,27113
ILMSU;17559,20449,27018,27070,27102
ILMSY;17560,17602,20459,26896,27016,27018,27113,27114,27119
ILMTY;20398,20461,26896,27113,27119
ILMTZ;24041
ILNNS;2232,7763,11157,11981,11984,20462,26268,27019,27122,27124
ILNNY;5971,14761,25650,26095,26650,26899,27121,27124
ILNOS;14744,25651,25653,26870,26891,26901,26902,27122,27130
ILNOY;5975,11953,11986,12946,14581,14735,14761,17262,17608,17611,20243,20469,20470,25506,26259,26280,26283,26296,26651,26652,26653,26991,27024,27104,27121,27135
ILNPU;26905,26906,27075
ILNRS;5979,7766,11553,11957,12000,12001,18284,25651,26102,26281,26301,26901,26907,26908,27106,27127,27137,27138,27146,27149
ILNRY;2239,4019,7768,9604,11173,11801,14147,14583,17563,17608,22815,24046,24081,26283,26652,27026
ILNST;27149
ILNSY;15151,17365,17602,20472,25403,26591,27124,27149
ILNTU;14711,14763,26905,27077,27152
ILNTY;26991,27077,27143,27152
ILNUX;24093
ILNVY;14712,17502,22825,24081,24096,26307
ILOOP;14764,15152,17616,23865,24052,24097,26271,27078,27126,27155
ILOOS;12013,13607,17366,17618,27153
ILOOV;7772,24055,27126
ILOPS;20403,20464,26276,27015,27067,27122,27130,27134,27161,27163
ILOPT;5985,11187,11963,12015,12019,12020,14764,17504,17616,26635,26910,27155
ILOPU;23867,26278,27131,27164
ILOPW;17620,26279
ILOPX;14747,24115,26659
ILORS;25651,26901,27127,27138,27153,27170
ILORT;20467,26312,26313,26910,26912,27022
ILORV;2247,4024,5988,11806,12028,26912
ILORY;11558,12025,12028,17568,17608,20476,25662,26652,27108,27157
ILORZ;2248,11932,23976,27079
ILOSS;14769,16670,17618,23270,24063,24101,24118,24126,26662,26663,27128,27140,27158,27173
ILOST;14770,17506,17625,25404,25613,25664,25853,26110,26314,27086,27113,27173
ILOSU;12024,12031,14713,20336,20479,25657,25664,25953,26664,27086,27087,27088,27170,27172
ILOSV;26287,26667,26902,27087,27110
ILOSY;14750,14769,18285,19578,20450,20459,20480,25854,26666,26668,27016,27088,27113,27114,27159,27161,27169,27173
ILOTV;5991,12020,12034,26292,26912,27145
ILPPU;12035,25665,26297,27094
ILPPY;11562,12038,24134,26904,26914,27094
ILPRS;17626,25614,27146,27163,27177
ILPSS;25406,27115,27175
ILPST;27179
ILPSU;14666,20337,25568,25645,26593,26637,26646,26672,26890,27095,27177,27180
ILPTU;14771,17270,17614,17627,25955,26905
ILQTU;9632,11999,12021,12048,12049,19589,23984,24158,24160
ILRST;26111,26907
ILRSV;26908,27185
ILRSW;27111
ILRTW;9641,19596,23281,24162
ILSST;11565,11975,12004,12059,20409,25958,26662,26673,26909,27140,27158,27173,27183
ILSSY;10760,11193,11886,12057,12061,24177,25670,27173,27183,27188
ILSTT;11940,12006,12030,12051,26314,26920,27167
ILSTU;17371,17625,20479,20483,25409,25646,25664,25672,25673,26664,27086,27099
ILSTW;9653,11856,12064,14179,14715,19605,22849,23686,24090,24176,25672
ILSTY;7788,10762,11194,11979,12008,12045,15153,20410,20480,20483,25410,25673,26304,26319,26896,26917,27113,27119,27143,27159,27173
ILTTW;19612,22851,23290
IMMOY;
IMMSY;11947
IMNNY;25964
IMNOO;14777,23999,24221,25647,27104,27205,27214
IMNOR;25858,26257,26329,26339,26343,26344,26681,27216,27218,27219
IMNOS;20486,26891,26925,26926,27038,27203
IMNOT;16699,17516,20487,20491,21448,22864,24001,24217,24224,24229,26258,26321,26928,27219
IMNOU;9673,12086,12088,20489,25680,27001,27201,27214,27215,27218
IMNPS;26118,26351,26874,26992,27217
IMNST;19630,21453,22875,23699,23887,24232,24236,24242,24244,24245,24246,26123,26356,26357,26683,26684,27204,27224
IMNSU;24195,24234,24237,24243,24245,24247,25411,26924,27040,27204,27223,27224
IMNTY;11825,12093,26357,26684,27219
IMNUX;27214
IMOPR;11577,12080,14670,17376,20340,26339,26681,27216,27225
IMOPT;27196,27206
IMOPU;26340,27196,27215,27233
IMORS;13614,14776,20136,20415,20495,25678,25681,27194,27237,27239
IMOSS;11580,12071,26687,27190,27191,27195,27197,27210,27226,27227,27229
IMOST;26689,26994,27042,27113,27199,27239,27242
IMOSX;
IMOSZ;24276,24277,24278
IMOTV;17520
IMPPR;19646,24252
IMPPS;24015
IMPRS;14722
IMPRY;7800,12116
IMPSS;24020,24231,24257,24288,24289,26687,27115,27234,27246
IMPST;4040,6027,9698,11582,11969,12090,12115,12117,21466,23705,23810,23892,24021,24232,24284,24288,24291
IMPSU;11970,20344,26646,26677
IMPSW;9700,11584,12091,24023,26599
IMPUX;
IMPWY;
IMQSU;24234,24293
IMRRS;
IMRRU;12109,21471,23895,24027,24205,24282
IMRSS;26359,26363,26934,27117,27247
IMRST;27230,27239
IMRSU;14196,14758,14788,16720,17642,17654,23309,23898,24031,24208,24237,24298,26625,26678,27040,27106
IMRSV;27231
IMRTU;14759,20500,25685,26691,26695,26936,26937,27112,27233,27250
IMSST;17657,25620,26939
IMSSU;2286,7809,11588,18292,20434,20493,20497,26355,26363,26682,26932,26934,27197,27227,27245,27247
IMSSW;20498
IMSSY;17657,23901,24310
IMSTT;19657,24040,24244,24272,24300,24311,25971,26699,27242
IMSTU;19658,20253,23314,24245,24293,26356,26365,26683,27204
IMSTY;11979,12123,14786,25686,26357,26365,26896,27113,27119,27239
IMUZZ;24249,24306,26358,27120
IMYZZ;
INNNO;12128,17659,27201,27251,27252
INNNY;22888
INNOO;17546,20485,26941
INNOP;14201,17279,17579,19662,20256,20504,20505,22890,24318,25864,25973,26218
INNOR;7815,10775,12074,17280,17660,20257,20504,25865,25974,26131,26329,26367,26379,26381,26627,27123,27252,27256
INNOS;14203,23811,23904,24324,24326,24327,25637,27203,27262
INNOT;17524,17662,20420,20487,26604,26861,26897,26943,26996
INNOU;20259,20507,24319,24322,26265,26379,26943,26996,27123,27201,27252
INNPU;17282,22894,24045,24332,26136,26369,26387,26388
INNPY;
INNRU;17660,27123,27252
INNSW;9735,11247,11593,12134,19670,20421,20508,22904,23321,23722,24050,24339,24348,24349,26140,26384,27203,27262
INNTU;6038,12137,12138,12144,17525,17547,17662,19672,24350,26943,26946,26996
INNTY;11835,12144,26650,26899
INOOT;12147,12148,15156,15780,17526,20510,25413,25523,25980,26400,26405,26706,27271
INOPP;7822,12149,14605,20267,25525,25982,26338,26395,26406,26408,26409,26410,27205,27215
INOPR;17527,17607,17664,17670,20504,26681,27051,27216,27256
INOPS;17528,25414,25689,26992,27133,27134,27217
INOPT;7824,12082,12131,12149,12154,25415
INOPW;17289,20505,26279,26410,26415,27051,27216
INOPY;11986,17290,17384,20349,25984,26280,26341,26416,26421,26651,27134,27135
INOQU;19678,20422,24319,24370,26424
INORS;25621,25651,26901,26950,26997,27053,27138,27284,27285
INORT;14793,20467,20510,26706,27003,27022,27054,27209,27219
INORY;15157,16733,17157,17294,17608,17676,23814,25693,26232,26283,26381,26416,26652,27219,27256
INOST;2297,18293
INOSV;25989,26287,26430,26442,27222
INOSW;12134,12157,14497,17581,25653,26630,26716,26717,27038,27053,27144,27203,27262,27289
INOSY;6049,12164,15781,24327,24367,27257,27261
INOSZ;20512,27270
INOTX;7830,17681,26928,26998
INPPU;27039,27215
INPPY;11273,25881,25995,26154,26904
INPRS;17531
INPRT;6052,11277,12089,12171,12173
INPRU;
INPSS;26159,26455,26458,26608,26719,27147,27290
INPST;26160,26460,26720
INPSY;12092,17388,17583,20472,23919,24367,26720,27134,27292
INPTU;17614,24233,24369,26721,26905
INPUZ;26464
INQSU;17389,26945
INQTU;17532,26166,26424,26465,26946
INRST;17533,20426,26907,27149
INRSU;25417,26997,27040,27106,27138,27223,27284,27285
INRTU;14803
INRTY;11603,12183,12189,14803,17676,25623,25693,26958,27219,27292,27293
INSST;14800,17677,26715,27140,27147,27220,27272,27278
INSSU;10782,12161,12180,16754,17678,19703,20493,20523,22302,24084,24243,24343,24384,24402,24410,24420,24436,24442,25573,25694,26619,26682,26719,27107,27141,27259,27279,27288
INSTT;14804,26180,26473,26960,26961,27296,27298
INSTU;14623,14804,25884,26000,26181,26202,26239,26356,26473,26683,26960
INSTV;2312,11311,11848,26182,26442
INSTW;26443,26717
INSTY;27143,27149,27292,27295
INTTY;7840,12010,12193,26002,26958,27152,27299
INTUW;17392,23344,24350,24433,26393,26721,27299
INTUY;12144,12189,14803,17536,24451,25656,26394,26463,26465,27077,27152,27293,27295,27299
INTWY;12012,27299
INTYY;
IOOPR;7842,12145,14676,16760,17394,17664,22305,22972,24097,24452,24453,24454,26396,26476,27225
IOOPT;14223,14764,24455,27154,27155,27302
IOPPZ;24107
IOPQU;24470
IOPRR;7844,12196,12197,12198,15786,26476,26478
IOPSS;11612,14680,26687,26728,26964,27229,27300
IOPST;25419,25624,25699,26965,27302,27310
IOPSU;7848,16768,17684,20513,24476,24484,25689,26419,26729,27277,27279
IOPSV;12200,19729,24113,27231,27301
IOPSY;12017,12108,17646,17689,25698,26421,26965,27134,27161,27163,27169,27257,27302
IOPTT;12019,12201,27155,27232,27318
IOPTV;12020,19731,24480
IOQTU;12021,17685,19732,24491,24492,26424,27319
IORRS;2320,6069,11909,12206,17587,17691,26853,27007,27171,27322
IORRT;12197,12207,12208,14812,17671,26425,27323
IORST;26614,26689,26735,26967,27239,27305,27326
IORSV;14727,15788,17695,20429,26950,26967,27231,27301
IORSZ;14807,17674,27270,27322
IORTV;22318,22984,23361,24125,24267,24480,24510,24514,24515,26912,26967
IORTZ;10786,19742,21535,22985,23758,24381,24459,24516,24517
IORVY;12028,16783,17697
IORVZ;19743
IOSTT;14238,14815,15162,16788,17693,21537,22988,23363,24127,24272,24462,24508,24520,24522,26314,26575,27174,27242,27305,27326
IOSTV;12213,17695,26442,26967,26969
IOSTZ;
IPPPY;24134
IPPRS;2323,12165,12219,12220,27311
IPPSY;9806,22994,23765,24533,24538
IPPTY;12038
IPPYY;25704
IPPYZ;26914
IPQSU;12039
IPQUU;
IPRSS;7855,11619,12040,12167,12224,26964,27275,27300
IPRST;
IPRSU;20289,20359,26729,26971
IPRSY;2327,12042,19764,20360,23943,24533,25698,25887,26457,27163
IPRTW;9817,12173
IPRTY;14811,15163,17541,17703,20532,26975
IPRVY;6077,12227,17704,26915,26975
IPSST;26008,27336,27337
IPSSV;9821,12175,19766
IPSSW;11624,12224,12229,26616
IPSSY;22997,26458,27115,27336,27337
IPSTU;11863,25582,26741
IPSTY;2329,12045,17689,24291,24488,25625,26720,26917,26965,27302,27336
IPSTZ;24560
IPSWY;11626,12046,26918
IPSXY;26617
IPTTU;11851,26009,26462
IQRTU;6081,12178,27319
IQSTU;6082,7857,17407,26010,26976
IQSUZ;24413,24571
IRRST;26977,27332
IRRSY;27171
IRSST;
IRSSU;17654,25706,26363,26934,27181,27247,27340
IRSTT;20535,26854,26977,27282,27296,27305,27325,27326
IRSTW;6090,11632,12122,26011,26935,27321,27326
IRSUV;16822,24169,24566,24586,24593,24594,27185
IRTUV;12056,12243,17709,26937
IRTYZ;26919,27335
ISSST;19786,24307,24435,24580,24599,24600,26959,26978,27308,27328,27336
ISSSW;
ISSSY;12057,12125,17698,24437,27336
ISSTU;7870,11634,12247,20536,25588,26746,27058,27329
ISSTW;
ISTTW;11340,11636,26012,26855,26961,27298,27326,27330
ISTVY;12242,12248,12249,24184
ISTXY;26676
ISWZZ;
ITTTU;25703,26475
ITTTY;12066,27339
ITTWX;14260
ITTWY;17416,26922,27299
ITYZZ;
JJSUU;14261,26981,26982,27342
JKLOO;
JKNSU;23799,24611,24612,27343
JKNUY;
JKOOS;27343
JKOSU;7873,26984,27343
JKSUU;
JLLOS;27344
JLLOY;25627,26983,26987,26988
JLOST;
JLOSW;24619
JLOTY;26988,26991
JLOWY;
JMNOO;
JMOOS;14823,26994
JMORU;
JMPSU;24625
JMPUY;26989
JNOPU;
JNOTU;26998
JNOTY;26991
JORRU;7879,24626
JORSU;14266,24637,26997,27348
JOSSU;
JOSTU;19796,20435,24637,24638,27350
JOSUW;
JOTTY;
JSSTU;7880,23827,24622,24640,24641,26999
JTTUY;
KKLSU;19797,20436,24643,27351
KKMOU;27001
KKNOS;11868,14267,21611,26493
KKNRU;19798
KKNSU;2360,19799,27002,27004
KKOOS;12263,12269,26493,26748,26750,27354,27358
KKOOY;24642,26750,27000,27005,27352
KKSUU;27004,27008,27351,27353,27355,27357,27359
KKUYY;
KLLNO;19800,24646
KLLSU;19802,24645,25630,27010,27011,27012,27361
KLNOP;19803,24650,26209
KLNPU;19804,24654
KLNRU;26211
KLNSU;23858,24653,26212,27019,27023
KLOOP;2369,17715,17722,23865
KLOOS;11351,11641,24658,26748,27014,27020,27028
KLOOY;14502,17721,24642,26752,27000,27352
KLOPS;24659,27015
KLOPU;22354,23867
KLOSS;17419,24652,27030
KLOSU;11353,12273,17718,24653,27023,27030,27361,27365
KLOSV;24660
KLOSY;17420,26494,27016
KLOUY;
KLOYY;
KLPSU;22355
KLRSU;2371,25635,27366
KLSSU;2372,24649,24662
KLSUY;26622,27012,27018
KLTUZ;24665
KMNOS;6122,9928,16856,21628,24669,24670,26213,26623,27036,27037,27038
KMOOS;4082,11893,15165,17575,23406,24672,26495,27014,27036,27042,27354,27367
KMOSS;11645,27368
KMOSY;27016
KMRSU;2382,9938,11897,12293,16861,23898,24666,24676,26625,27040
KMRUY;
KMSSU;12287,17424,23017,24649,24677,24678,27368,27369
KMSUY;17425,24678,27018
KNNOW;6126,14274,17580,26221,27370,27371
KNOOR;15802,17729,27371
KNOOS;12295,23908,26226,26493,27020,27036,27050,27343,27362
KNOOY;
KNOPR;19811,24650,26227,27051,27374
KNOPS;20544,20545
KNOQU;19812
KNORS;2387,12296,12297,14276,14831,16865,17732,23408,24651,24683,24684,27037,27053,27376
KNORT;12298,26230,27003,27022,27054,27374,27375
KNORU;14277
KNOST;25709
KNOSU;12273,12296,15167,15803,17718,17732,20545,24653,24669,24681,24690,26234,26754,27023,27343,27376
KNOSW;6127,17581,26630,27038,27053,27376
KNOSY;12297,14831,23018,24670,24684,24689,24690,25709,26235
KNOSZ;
KNOTU;12298,17719,17730,19817,26236
KNOWY;24688,27024
KNPSU;17582,19819,20545,23918,24681,24691,24692,26631,27047,27055
KNPUY;
KNRRU;19820
KNRSU;27040,27376
KNRTU;6130,12286,12298,19822,24695,27041
KNSSU;9956,12287,16869,19823,23411,24694,24696,26756
KNSTU;6131,11905,17585,17734,26239,27049,27055
KOOPS;17737,19824,20544,24672,26758,27358
KOORS;23413,24658,24700,25710,27367
KOORY;16874,24613,24701
KOOSS;12960,20447
KOOST;12303,19825,23930,27028,27042,27050,27382
KOOSY;16875,23414,26750
KOOSZ;20547,26760
KOOTW;14830,19826,24703,27378,27379
KOPRS;2395,27384
KOPRY;24707,27374
KOPSU;7884,15169,17728,20545,26758,27358,27384
KORST;27057
KORSU;17429,17732,27057,27376,27384
KORSW;14834,23416,24683,24710,26762,27053,27376,27384
KORSY;12297,14633,14831,14834,26762
KOSSU;12308,17743,19830,20548,27030,27043,27058,27368
KOSTU;15170,17588,17743,27057,27058,27365,27382
KOSUY;24690
KOSUZ;
KPSUU;11650,17166,24714
KRSSU;11652,12311,12314,14289,16887,21657,22358,23419,24662,24694,24717,25711,27059,27369
KRSSY;25711,27060
KRSTU;14835,27366
KRSUU;14835,27357,27366
KSSTU;4090,12308,12314,14290,19834,24677,24696,24717,27045,27058
KSTUU;12294,14835,17734,17744,27355,27359,27365,27366
KSTUY;2402,23956,24718
KSUUZ;14743
KTTUU;
LLLOS;12316,23957,24721,24722,27387
LLLOY;6139,12317,26987,27062,27388
LLLSU;24723
LLMOS;17745,21666,23959,24730,27067,27068,27361
LLMOY;7888,12320,12324,24731,25641
LLMSU;17745,20449,23965,24645,24727,24732,24734,24735,24736,24737,27068,27070,27361,27389
LLNOS;14744,17595,23968,24740,24742,24743,24744,24745,24746,27074,27392
LLNSU;26250,27076,27392
LLOPR;27390,27393
LLOPS;6142,7892,11364,11660,12330,12336,12341,17746,20549,26497,26766,27067,27082,27083,27344,27387,27394
LLOPY;17598,27084
LLOQU;27072,27085
LLORS;14748,26254,27392
LLORT;4098,27393,27396
LLOST;27074,27082,27086,27397
LLOSY;14750,14839,17315,20450,26766,27088,27394
LLOTY;4103,11664,12331,12352,12353,12354,25644,26988,27091
LLOWY;12343,12353,14505,14752,20550,25546,25716,27062,27084,27093
LLOXY;24748,27091
LLPSU;4105,10809,11665,11935,12355,25645,26637,26767,26890,27010,27095,27398
LLPUY;10810,26767,27069,27094,27391
LLRTU;27396
LLSTU;11669,12347,25646,25717,27011,27086,27099,27397,27401
LLSUU;12362,12961,14838,17748,24751,25715,25717,27070,27389
LLSUW;24778,27076
LLSUY;6150,12358,12361,12362,14300,14839,23024,24737,24779,27012,27088,27098,27099,27401
LLSYY;17316
LLXYY;
LMMUY;26255,27100
LMOOS;25722,27404,27405
LMOOT;4109,12367,14310,14843,17750,24789,24802,25707,25721,27066,27103,27406
LMOOY;12381,20454,20551,27104,27108
LMOPU;17751,27407
LMORS;25722,25724
LMOST;20457
LMOSU;25720,27361,27407
LMOSY;11966,12376,12392,20459,25724,27016,27114
LMOTU;12389,12393,17751,19854,24795,24813
LMOTY;
LMPPU;
LMPSU;27116,27407
LMPUY;14757,20460,26989,27069
LMRSU;14758,14848,27106,27409
LMRUY;24829,26775,27100
LMSSU;2437,12397
LMSTU;7901,10076,10818,12398,14320,14849,24735,24788,24832,24833,27403,27409,27410,27411
LNNOY;12400,14761,19862,27121
LNOOR;6162,7904,12399,12403,12406,14323,14851,16919,17605,17755,24053,25727,26505,26509
LNOOS;25728,25729,27362,27414
LNOOY;20551,26508,27071,27104,27121
LNOPY;11986,12400,12408,12412,26280,27135
LNOST;
LNOSU;12273,12375,12414,12418,14853,25720,25728,27392,27413,27414
LNOSW;25653,25729,26288,26513,27144
LNOSY;14855,20560,21710,23038,24794,24845,24866
LNRSU;17761,20558,25730,26301,27106,27138,27146,27392
LNSTU;27419
LNSUV;6173,12009,21727,24092,24864
LOOOV;
LOOPR;6175,12403,17722,27390,27393
LOOPS;27344,27387,27394,27414
LOOPY;12381,12429,15805,17764,20562,20566,20567,20568
LOOSS;17618,26309
LOOST;10827,11397,12337,19888,20295,20570,22391,24887,24890,24896,26522,27397,27423
LOOSW;14862,25712,25729,25733,26765
LOOTT;20571,26656,27029,27155,27424
LOOWY;20568,24897,27160
LOPPS;12431,12434,27130
LOPPU;12432
LOPPY;12257,12408,20562
LOPRU;6179,7923,12432,12436,16933,17172,19898,20556,20572,24847,24905,24916,27131,27164,27432
LOPRW;12275,17620
LOPSS;27433
LOPST;17437,17763,24659,24849,24887,24901,24909,24920,24922,24924,24925,26780,27430,27433
LOPSU;14865,25593,25737,26017,27413,27414
LOPSW;12341,12442,14865,25737
LOPSY;2460,6181,12017,12439,15173,20297,27163,27169,27394,27429,27430,27431,27433
LOPTU;12444,17726,17751,17768,20565,27395,27399,27424,27432
LOPTZ;19904,24925
LORRY;19906,26771,27171
LORST;14866,20573,26781,27423,27430,27434,27435
LORSU;14866,20558,20569,27138,27170,27172,27392,27435
LORUY;12415,12457,17766,17772,24942,26521,27164,27432
LORWY;12343,20476,20550,25725
LOSST;14867,17773,27140,27165,27400
LOSSU;10836,12441,12451,14640,14867,17758,17773,26019,27418
LOSSW;11400,12345,12442,26663
LOSSY;14769,14846,17770
LOSTT;26314,27167,27174,27434,27436
LOSTU;12031,12347,12447,12453,12458,12459,12460,20479,20570,20574,27086,27172,27365,27397,27401,27435,27436
LOSTV;
LOSTW;6191,12277,12349,12391,12459,20574
LOSTY;12460,12461,20480,20573,27143,27430,27434,27436
LOSUY;12460,17441,20560,26021,27088,27114,27169,27401,27428,27436
LOSWY;11402,12033,24897,24940,24957,26494,26668,27144
LOTYZ;17442
LOUUV;25739
LPPSU;27402
LPPUY;25665,27094
LPRSU;17774,25740,26783,27146
LPSUU;12466,16954,17173,17774,24962,24970,24972,25594,25740,26516,26783,27180,27419,27438
LRRUY;12359
LRSSU;11403,12451,12470,25741,27181,27182,27408
LRSUY;12361,12423,14848,17630,25742,27098
LRTUY;4146,10840,14353,14774,14868,24829,24942,24986,26317,26775,27186,27421,27432
LRWYY;
LSSTU;14867,17773,17775,27437
LSSUU;22419,24970,24989,25741,27418,27438
LSTUY;12460,12469,21785,26319,27099,27119,27401
LSUUZ;
LUVVY;
MMMOY;
MMMSU;12067,12476,24192,24995,26784
MMMUY;24996,25677
MMNUY;12480
MMOPY;17779,27443
MMOSU;26527,26786
MMOTY;2493,11697,25003,25004,27443
MMOUY;
MMPSU;12485,24784,25012,25013,26677
MMRUY;12480,12487,24210,24996,25017,26787,27100
MMSTU;14362,19938,24788,25013,25016,27403,27445
MMSUU;18298,20576,26498,26527,27102,27353,27389,27403,27444,27445,27446
MMSUY;12487,24215,25017
MMTUY;26787
MMUYY;
MNOOR;17174,26531
MNOOS;2499,12497,12500,14871,16976,17776,17781,21804,25025,25026,25027,27447,27453,27454,27457,27458
MNOOY;14777,16977,17783,21805,25029,26785,27104,27439,27452,27455
MNORS;
MNORU;10273,11416,12086,12372,12513,14872,19943,23085,25036,25040,26343,27218
MNOSU;12375,14366,14871,16978,17749,24669,25033,25720,27459
MNOTU;19947,24795,25002,25040,27450
MNOTY;26768,27219,27455,27463
MNOUV;19948
MNOWY;12377
MNSTU;2514,4150,6206,7943,10294,11420,12102,12496,12523,12525,14370,16981,19949,23091,24245,25049,26356,26683,27204,27224
MNTUU;14869,17785,27450
MOOPR;12530,14373,17786,19951,25051,27225,27390
MOOPS;19952,24672,24801,27441,27453,27454,27464,27466,27469
MOORR;4152,12481,27207
MOORS;2515,12382,12528,12531,17643,17777,17788,25681,25722,27194,27367,27405
MOORT;7944,12288,12530,17176,17644,17786,27209
MOORV;19955,25682
MOORY;7945,12533,27108
MOOSS;10851,27195,27210,27226
MOOST;6207,10300,12500,13236,15810,17645,17778,17787,19957,25026,25058,26535,26994,27042,27211,27228,27454,27457,27458
MOOSV;27110,27228
MOOSZ;4154
MOOTT;19958,27460
MOPPS;12534,25062,25063,25064,27441,27453,27464,27466,27472
MOPPY;
MOPRS;2516
MOPRT;4155,6208,12384,12504,12530,17786
MOPRU;11425,20301
MOPST;4156,12259,12506,12535,27454,27469
MOPSU;16988,17728,24807,25033,27407,27466
MOPSY;12108,12534,17646,17779,26788,27467
MOPYY;25035,26789
MORRU;19963,21824,25036,25072,27218
MORST;26689
MORSU;26536,27476
MORSW;20495,26360,26690,27111,27470
MORTU;4157,10854,12389,12513,12544,17791,20582,26537,26691,27112
MORWY;12541,25076,25725
MOSST;21828,24624,25009,25041,25084
MOSSU;6216,20497,20580,26932,27043,27197,27368,27440
MOSSW;20498
MOSSY;11713,12543,14846,17784,27368
MOSTT;2521,6217,10855,12113,12535,27242
MOSTU;4158,10856,12546,12547,19968,26535
MOSTW;14785,25058,27199,27244,27458,27484
MOSUY;12548,12966,27114,27459
MOSXY;12392,12484,24821,25044,25060
MOTTY;26692,27463
MPPSU;25090,25091,27466
MPRSU;10326,12550,14384,19970,21834,23494,24625,24825,25012,25090
MPRTU;10330,16996,19971,21836,23495,24286,25093,26695
MPRUY;
MPSSU;17794,26538,27245,27369
MPSTU;
MPSTY;12519,24291
MPSUY;17796,24292,26790
MPTUY;
MRRSU;27444
MRRUY;
MRSSU;26363,26934,27245,27247,27369,27408
MRSTU;25744,27409
MSSTU;2530,6223,12488
MSSUY;12397,26538,27118,27368
MSTTU;2531,12525,12556,27410
MSTUY;14849,26365,27119
MSTYY;25099,25686
MUYZZ;27120
NNNOY;12557
NNNUY;6227,25103,25745,27486
NNOOS;7953,12295,12967,17002,17781,17797,20542,20584,23098,25105,26529,26540,26747,26800,27447,27489,27491,27492,27493,27494
NNOST;20584,26802,27347,27372,27492,27494,27495,27498
NNOSU;7959,17453,17801,20587,26801,27347,27372,27413,27495,27497
NNOSY;17798,17801,24327,25120,26802,27257,27261,27449,27493,27497,27498
NNOUW;14850,19979,20507,20589,25122,27370
NNOUY;17801,26544,27261,27346,27497
NNPUY;
NNRUY;23103,25103,27346
NNSSU;14394,19982,21860,24343,25116,25128,27259,27497
NNSUY;17801,27124,27261,27263,27486,27497
NNSWY;24349
NNTUY;12144,25132,26394
NOOPR;7963,11725,12145,12403,17664,17803,17804,26396,26509,27487,27490
NOOPS;17009,17802,17805,19985,20544,27362,27414,27453,27454,27492
NOORS;25748,25892,26540,26547,27348,27493
NOORT;14793,20510,25746,27209,27271
NOOST;12500,22440,23109,25026,25145,25146,26804,26810,27454,27457,27458,27492,27494,27509
NOOSW;19988,20308,24844,25027,25139,25729,26403,27458,27494
NOOSZ;20512,27270,27500
NOOTY;14884,25029,25147,26806,27455,27510
NOPRS;27511
NOPRY;12505,17818,26028,26416,27256,27374
NOPST;26804,27454,27492,27503
NOPSU;10384,17016,17805,23513,24681,25033,25149,25155,25161,25689,26419,26551,26805,27133,27217,27277,27279,27413,27414,27511
NOPSW;23116,25162,27513
NOPTU;10388,12154,12507,24369
NOPTY;12508,12561,17019,17818,20000,21867,25158,27374,27455
NOPUY;15179,23515
NOPUZ;
NOPWY;7972
NORSS;26807,27356,27502
NORST;14886,27461,27495,27514
NORSU;11447,12296,12414,12589,12591,25431,25748,26429,26997,27138,27277,27283,27284,27285,27348,27376,27392,27495,27496,27507,27511,27514
NORSW;27053,27376,27496
NORUY;12415,20151,20559,23123,24627,25182,27346
NOSST;14800,17677,26437,26715,27140,27220,27278,27286
NOSSW;26439,26716
NOSSY;27221,27497,27504
NOSTU;14409,14883,14886,14890,21877,23125,25118,25146,25174,25190,25191,26557,27495,27507,27509,27514
NOSTW;6247,12565,21879,24387,25119,25186,26443,26717,27458,27494
NOSTY;25709,26444,26802,27143,27498
NOSUW;17760,26513,26817,27376
NOSWY;14412,25162,26817,27144
NOTWY;27510
NPRSU;27511
NPRTU;
NPRUU;20596,26553
NPSTU;7982,12420,12569,12601,27419
NPSUU;12601,25203,26516,26558,27419
NPTUY;12421,26463,27293
NRRSU;6249,26466,27223
NRSTU;20600,25750,27461,27495,27499,27507,27514,27519
NRTTU;26471,26819,27515
NRTUY;6254,11456,12189,14803,17044,17822,17824,24695,25182,25211,25217,27293,27421
NSSTU;17823,27519
NSTTU;14804,14890,20024,24444,24697,24882,25129,25190,25202,25752,26473,26960,27298,27462,27509
NSTUY;11741,17824,27295
NTTUY;14891,24451,25132,25217,27152,27299,27463
OOOPT;15817,17735,25753,26757,27488,27521,27523
OOPPS;12608,17464,17737,20525,26962,27349,27441,27453,27464,27466
OOPPY;20562
OOPPZ;
OOPRS;12608
OOPRT;6258,12301,12530,12609,17786,25753,27378,27393,27521
OOPRY;17047,25232,25233
OOPSS;20527,25223
OOPST;14894,14895,14896,20613,25433,27154,27267,27302,27454,27492
OOPSW;7991,14894,20030,20606,24456,25228,27535
OOPSY;20611,23137,27302,27349,27394,27467
OOPTT;27155,27373
OOPUY;20567
OOPVY;25232
OOPWY;14859,20568
OORRT;14898,20615
OORRZ;
OORST;15821,17686,20528,25894,26561,27156,27305,27423
OORSZ;14419,14807,17825,20034,25140,25242,26832,27270
OORTT;17808,20529,25756,27056,27271,27305,27524,27531,27539
OORTU;12614,20035,20608,20615,23141,26563,27396,27524,27539
OORTW;4178,7993,17052,20036,22456,24703,25231,27378
OORTY;12615,14420,14898,26563,27157
OORTZ;10866,24459,25242
OOSST;25696,27308
OOSTT;7995,12616,12619,17811,20037,21920,24462,25145,25241,25247,26561,26963,27305,27382,27509
OOSTY;14896,26828,27302
OOSUZ;12620,25734,26832,27500
OOTWZ;25249
OOTYZ;12621,25236,27465
OOWYZ;27160
OPPPY;
OPPRS;27311,27426,27472,27511,27540,27542,27543,27544
OPPSY;12534,25064,25258,27349,27543,27544
OPPTU;21923,25065,27541,27542
OPPTY;27543
OPQSU;10470
OPRSS;17836,26964,27229,27275,27314
OPRST;
OPRSU;26729,27277,27384,27511,27540,27544
OPRSW;12580,12627,12632,26564,26730,27384
OPRSY;25698,27163,27314,27426,27429,27431,27467,27544
OPRTY;12202,12628,12635,14811,20532,27374
OPRUY;12635,12636,20572,23556,24707,25279,27164,27431,27432,27544
OPRXY;
OPSST;27433
OPSSU;12441,12630,27279,27528
OPSSW;12442,25268
OPSSY;27433,27504
OPSTT;10482,12535,12582,12638,20055,24922,25160,25270,25286,25287,27547
OPSTU;14426,17829,20056,20613,21935,25286,25288,25434,27526,27534,27547
OPSTW;6268,11746,12632,12640,14894,25272,25287,27513
OPSTY;12640,14896,17689,26780,26828,26965,27302,27433
OPSUY;27169,27428,27431,27544
OPTTU;17740,27317,27318
OPTTY;20057,25278,27318
OPTUY;17768,24926,25279,27318,27432
OPYZZ;
ORRST;26565,27478,27548
ORRSY;17842,27171,27429
ORRTY;14898,17078,22465,25302,27375
ORRWY;14433,25076,25759
ORSST;27400
ORSSU;11464,12451,12630,12644,12650,12651,27408,27528,27551
ORSTT;14815,17693,20535,26561,27282,27305,27315,27326,27434
ORSTU;27435,27495,27514
ORSTW;8000,12632,12645,12652,27321,27326
ORSTY;14906,18303,20573,27434
ORSUV;20073,20618,21951,23159,24937,25081,25176,25276,25320
ORSUY;12651,12654,15185,17842,25082,25320,27544
ORSVW;
ORTTU;10873,12544,27319,27327,27385,27515,27524,27539
ORTUY;20381,23572,24942,25182,25279,25292,27432
ORUVW;
OSSST;27308,27328,27481,27546,27549
OSSTT;14448,22471,25084,25184,25247,27533
OSSTU;12308,12658,20536,27058,27320
OSSTW;20602,27516
OSSTY;12658,17834,23162
OSTTT;17092,20082,23576,24520,25086,25314,25327,27242
OSTTU;14890,27350,27382,27436,27509,27534,27547
OSTTW;12659,20084,24522,25287,25316,25327,26841,27174,27326,27330
OSTTY;24952,25318,27434,27436,27553
OSTUY;14907,15824,27401,27436
OSTWY;12310,12640,25761
OSUYZ;11468,12548,25326
OTTTY;25321
OTUYZ;
OTWYZ;
PPPUY;
PPRUY;12664,27544
PPSTY;12662,27543
PPSUU;24714,26970,27331,27402,27427
PPUYY;25704
PRRSU;2575,12462,12626,26971,27332
PRSSU;12630,12665,17794,27369,27528
PRSTU;4191,8005,12667,14908
PRSTY;21983,23169,25342
PRSUU;12466,14908,17774,17839,25740,27334
PRSUY;4192,10540,12599,12664,12669,14452,20092,25348,27544
PRTUY;12635,14453,22473,25279,27432
PSSUY;12670,12671,17476,26538
PSTTU;10547,12667,21989,25202,25286,25345,27534,27547
PTTUY;
RRSTU;6291,11469,12551,26565,27332,27478,27548
RRSUU;17477,25435,25895,27444,27479
RSSTU;
RSTTU;14819
RSTTY;12240,12471,12605,12668,26745,27434
RSTUW;23590,27538
RSTUY;26848
RSUUY;25742
RTTUY;14464,23177,24986,25217,27186,27250
SSSUU;15188,24989,25357,27554
SSTXY;25362
SSUWY;4197,12671
STTUU;2593,17844,25752,26844,27189,27350,27410,27520,27547,27552
SUUYZ;
TTTUY;27339
TTUVY;
