AAABC;69,70,86
AAABK;84,89,130
AAABR;62,70,100,117,124,129,130,131
AAABY;7,124,159,166
AAAFR;306,307,424,426
AAAGM;307,367,382,446,452,454,463
AAAKM;185,290
AAALP;31,40,102,356,376,390,407,441,450,490,500
AAANN;178,267,424,518
AAANS;308,416,417,429,497,544,571
AAANT;112
AAATT;189
AAAYY;
AABBD;60,588,591,609,610,611,612,613,614,616,617,621
AABBG;584,586,599,628,629
AABBK;586,604,612,613,623,624
AABBS;600,602,655,659,661
AABBY;609,616,620,646,657
AABCC;66,663,680,683,684,687,689,691,695
AABCH;64,594,666,667,680,684,705,729,732,761,762,764,765,798,801,804,805,806,807,808,809,810
AABCI;69,86,87,588,599,662,686,687,729,788,801,817,821,822,891,909,925,930,934
AABCK;84,604,664,670,680,689,715,742,916,950,952,959
AABCL;588,594,604,683,687,689,700,707,729,742,750,752,761,772,792,795,852,891,909,950,951,974
AABCR;70,726,750,752,756,765,970,971,974
AABCS;590,712,714,727,783,893,942
AABDE;99,588,705,707,709,716,717,724,1008,1018,1064
AABDH;705,709,988,996,1044,1124
AABDL;60,99,588,707,709,716,717,1008,1064,1136,1137
AABDN;755,1008,1076
AABEM;
AABER;593,765,1206,1329,1363,1365
AABES;3,665,670,783,1204,1361,1375,1414,1424
AABET;598
AABFT;789,887,1025,1170,1255,1259,1261,1267,1450,1451,1453
AABGM;
AABHM;
AABHS;120,1269,1306,1510
AABIL;85,646,687,930,1136,1137,1139,1470,1472,1518,1520,1548
AABIN;918,930,1493
AABIR;1324,1325,1520,1570
AABIS;1139
AABIZ;801
AABJN;585,1128,1527
AABJR;835,1128,1325
AABKN;586,837,918,1008,1377
AABKR;613,623,624,1073,1074,1147,1206,1286,1325,1376,1578
AABKS;670,690,692,744,888,949,952,1204
AABLN;1,64,85,92,899,918,930,1008,1023,1081,1222,1224,1265,1410,1413,1470,1472,1518
AABLR;935,1470,1518
AABLS;151,1181,1204,1269,1414,1424,1573
AABLT;687,1575
AABMM;9,852,1218,1260,1398
AABMN;1493
AABMO;90,938,1124,1450,1536,1578
AABMP;742,819,938,950,958,1536,1537
AABMR;605,958,1092,1578
AABMS;67
AABNS;1456
AABNU;5,755,853,857,858,860,896,1134,1224,1265,1377,1399,1410,1413,1476,1487,1561
AABNW;896,1115,1487
AABNY;620,805,878,930,943,1410,1472
AABOR;938,944
AABRR;1227,1232,1245,1425,1487
AABRS;
AABRT;691,951,1570
AABRV;100,879,935,971,1232,1236,1266,1324,1363,1365,1416,1454,1504,1525,1548
AABRY;124,695,878,898,924,943,1178,1229,1425,1454
AABRZ;
AABST;
AABSU;4,153,1397
AABSY;1139,1436,1604
AABTT;974,1244,1479,1524
AACCE;176,1617,1625,1635,1652,1658,1660,1668,1669,1670,1672,1702,1705
AACCO;684,1620,1651,1658,1769,1774
AACCS;1619,1621,1667,1701
AACCY;695,1624,1635,1646,1669,1736,1740,1755,1767,1783,1786,1787,1789,1792,1796
AACDE;195,724,1625,1635,1804,1810,1812,1823,1829,1858,1863,1865,1872,1920,1947,1948,1951,1953,1958
AACDH;173,709,729,1644,1804,1823,1829,1990,1992,1993,2000
AACDU;70,754,755,2046,2048,2050,2053,2054,2070
AACEI;71,176,227,231,593,662,801,814,815,834,1617,1683,2202,2227,2308,2309,2366,2374,2376,2388,2389,2398
AACEP;235,236,670,842,1660,1884,1920,2134,2148,2223,2388,2396,2417
AACER;593,792,815,2300,2351,2419
AACET;598,1822,1860,2366
AACFI;2534
AACFT;183,789,1713,1822,1971,1972,1975,2082,2084,2157,2160,2169,2529,2530,2535,2540
AACHK;20,208,2267,2535,2640
AACHN;
AACHP;259,261,1620,1993,2688,2693,2706
AACHR;11,259,2562,2638,2686
AACHY;261,805,810,1646,1669,1736,1740,1992,2280,2286,2294,2562,2686,2688,2693,2702,2705,2709
AACIR;22,2157,2169,2389,2741,2827,2829
AACIS;19,814,1667,1685,2048,2299,2349,2355,2802,2807
AACJL;2868
AACKL;20,604,664,715,951,952,1659,2111,2266,2536,2681
AACKY;695,1783,2206,2749,2751
AACLL;604,772,950,951,2088,2118,2430
AACLN;
AACLO;806,968,1808,1817,2406,2616
AACLP;
AACLR;260,951,2419,2467,2616,2681
AACLS;2728
AACMN;290,1944,2133,2413,2912
AACMS;202,969,2067,2068,2070,2173,2878,2914
AACMW;2136,2697
AACNN;267,755,1978,2004,2041,2538,2603,2702,2732,2915
AACNT;89,2053,2813
AACPR;256,746,842,958,1713,2283,2496,2497
AACPS;235,670,959,2134,2417,2530,2919
AACPT;959,1713,2134,2530,2919
AACRS;23,2865,2872
AACRT;279,728,951,2050
AACSS;27,245,607,696,758,845,890,964,1782,1793,2058,2528,2685,2715,2917,2927
AACSU;21,264,1619,1718,1776,2047,2048,2070,2714,2715
AACSV;876,2070,2150,2269,2316,2728,2743
AACSW;1779,1962,2074,2144,2152,2417,2555,2611,2859,2866,2870,2872,2906
AACUV;1759,2054,2070,2421,2609,2891
AADDH;305,980,988,996,1804,2935,2938,2950
AADDR;610,703,996,998,1001,1820,3001,3007
AADDS;984,999,1800,2949,3002
AADDU;993,2950,2956,2957,2978,2986,2989,2991
AADDX;
AADEG;1628,3121,3153
AADEH;988,1044,1803,1804,1823,1829,2962,3010,3012,3025,3029,3077,3102,3103,3162,3171,3181,3187,3190,3191,3197,3198,3201,3203
AADEL;60,1008,3187,3191,3224,3231,3234,3243
AADEM;204,722,1945,3012,3035,3062,3303,3351
AADER;312,3025,3121,3153,3342,3343,3351
AADFL;326,1108,1969,1971,1972,3401
AADFR;1108
AADGG;1109,1110,1858,3097,3414,3418
AADGR;329,1628
AADHL;338,709,1044,1048,1124,1644,1645,1803,1875,1969,2000,2003,2004,3010,3028,3029,3162,3181,3183,3186,3187,3190,3191,3431,3502,3503,3504
AADHN;173,729,1804,3014,3162,3171,3187,3190,3397
AADHW;732,3190
AADIK;208,1990,3034,3224
AADIN;1990,3171,3544
AADIP;337,737,1884,1902,1914,1915,1973,1993,2031,2049,3114,3173,3218,3222,3281,3285,3286,3429,3501,3527,3541,3556,3607,3612
AADIS;106,109,311,2048,2995,3017,3177,3429,3501,3612
AADIZ;336,1121,1870,1904,3176,3213,3224,3243,3257,3259,3271,3427,3589
AADLN;1008,1990,2003,2004,2014,2030,3074,3187,3231,3234,3440
AADLS;334,338,1814,1969,3505,3621,3641
AADLT;326,353,1131,1971,1972,2014,2030,3446,3543,3562,3564
AADLW;3137,3291,3332,3623,3642
AADMM;3523
AADMN;173,3646
AADMP;3093,3344,3346,3355,3356,3527
AADMR;722,1843,1945,3060,3093,3355
AADNP;1953,3222,3344
AADNS;1951,2071,3395,3478,3617
AADNV;2054
AADNY;353,755,1624,1635,1927,2030,2044,2053,2054,3052,3310
AADPT;324,1915,1953,2049,3007,3146,3281,3344,3361,3556
AADPY;354,2049,3007,3286,3527
AADRR;198,1949,1954,3040,3070,3086,3153,3219,3299,3389,3423,3455,3484,3485,3521
AADRW;
AADSW;310,362,3290,3383
AADSY;109,310,340,1999,2051,2065,3186,3317,3408,3505,3615
AADSZ;3159,3179
AADTY;353,362,1131,2030,2044,2053,3615
AAEER;363,767,782,1166,1168,1177,1192,1193,1200,1206,1211,1215,1232,1251,1653,1654,1837,2118,2122,2938,2941,2942,3025,3037,3042,3045,3062,3674,3676,3677,3691,3696,3713,3718,3737,3742,3772,3776,3789,3792
AAEFN;2078,2167,2174,3080,3896
AAEFR;
AAEGL;1280,3961
AAEGP;3014,3023,3940
AAEGT;4098
AAEGV;3962
AAEGZ;1181,3925,3978,3988
AAEHK;1659,2266,2268,3675
AAEHP;1316,3014,3187,3724,3911,3940,3948,4127,4143,4144,4151,4154,4182,4191
AAEKL;390,623,664,715,717,1203,1286,1325,1659,1919,2406,2407,3291,4112,4228,4381
AAEKN;312,612,767,1045,2114,2308,2413,4229
AAEKP;390,670,1203,1204,1920,2406,2407,2411,2417,3755,3761,4227,4231,4394
AAEKW;131,802,844,2206,3675,4135,4381
AAELN;303,1023,1265,3238,3241,3310,3772,3850,4146,4204,4411,4456
AAELP;
AAELR;1654,3337,3718,3772,4381
AAELT;3845
AAELV;772,2421
AAEMR;2961,3012,3346,3351,3879,4178
AAEMT;3810,3811
AAEMZ;3809,3811,4199,4255,4265,4314,4434,4438,4441
AAENP;3014,3023,3361,3362,3368,3761,3847,4542
AAENR;129,312,369,612,617,1094,1304,1329,1363,1365,2931,2961,2988,3145,3198,3346,3362,3371,3701,3772,4116,4166,4197,4204,4411,4434,4456,4540
AAENS;3,783,987,1277,1360,2106,2225,3197,4217
AAENT;3761,3829
AAEOZ;864,1417,4441,4482
AAEPR;2302,3847
AAEQU;235,393,399,407,1231,1251,1254,1316,3121,3313,3351,3684,3776,3908,3961,4354
AAERR;198,234,637,1206,1232,1329,1363,1688,1949,1954,2260,2303,2382,3891,4506
AAERS;4502
AAERT;3848,4540
AAERU;399,1670,1954,2950,3062,3075,3121,3148,3153,3351,3371,3701,3703,3830,3936,4022,4133,4401,4527
AAERW;765,844,1318,1376,1422,2252,2296,2471,3772,3947,4061,4173,4301,4422,4522
AAEVW;1240,3137,3154,3208,3730,4564
AAFFJ;
AAFGN;
AAFHL;1659,2533,2536,3866,3868
AAFHS;2535,4588
AAFIM;1450,2534,3879,3880,4625,4635
AAFIT;326,789,1255,1450,1971,1972,2169,2539,2542,3876,4635,4639
AAFJL;
AAFJS;2535,2549,3079
AAFKN;1258,3891
AAFLN;788,1258,2158,2174,2531,2533,2538,3074,3401,3891,3896,3897
AAFLS;431,433,888,889,1263,1267,1449,1455,1661,2077,2080,2173,2549,2949,3092,3408,3862,3878,3890,3895,4582,4612,4624,4632
AAFLT;326,432,1025,1255,1971,2540,3845,3856,3866,3867,3868,3876,3890,3897,3898,4582
AAFLV;427,1454,2543
AAFNU;
AAFRS;4596,4597,4612,4643,4647,4648
AAFRY;1454,2531,2532,3401,3877,3893
AAFSV;429
AAFTW;4649
AAGGR;2560,4655,4668
AAGGW;4665
AAGHL;1462,2183,3417,3675,3937,3941,3945,3947,4684,4688,4689,4704
AAGHR;2188,2562,3945,3947,3958,4687,4704,4717
AAGHS;239,2567,2568,2574,2575,3429,4687,4702,4716
AAGIL;17,1825,3937,3961
AAGIM;446,454,3676,3937,3959,4684,4695,4696,4800
AAGIN;
AAGIR;454,3676,3682,4029,4800
AAGIS;3429,4031
AAGIT;17,454,1284,2202,2600,2601,3679,3682,3683,4800
AAGJN;1466,4735
AAGJR;3423,3676
AAGJS;
AAGJU;
AAGKN;4675
AAGLL;244,446,447,457,1273,1275,1280,1462,2611,3419,3464,4611,4750,4843,4844
AAGLN;4675
AAGLR;1484,2616,3465,4704
AAGLS;457,460,895,1480,2613,3470
AAGLV;460,4856
AAGLX;3941,4775
AAGLY;1462,3464,3465,3467,4845,4854
AAGLZ;3978,3988,4745,4767,4772,4851
AAGMM;
AAGMN;
AAGMR;454,2582,2588,2617,4800
AAGMS;
AAGMT;454,463,2570,2600,2601,2617,3477,4710,4769,4800,4801
AAGMY;4679,4845
AAGNN;4675,4836
AAGNP;441,2557,2578,4675,4712,4735,4739
AAGNR;3701
AAGNS;
AAGNT;
AAGNU;5,367,1036,1487,2956,3139,3701
AAGOR;450,1463,1484,1488,2560,2570,2573,2588,2616,2617,3437,3447,3455,3456,3484,3485,4611,4613,4704,4710,4750,4800,4832,4833,4861,4878
AAGPR;31,468,1463,2573,4704
AAGRS;239,468,894,897,1173,1664,2189
AAGRT;454,2570,2598,2601,2617,3477,3484,3485,3682,4098,4104,4613,4710,4717,4800,4878
AAGRZ;3925
AAGSS;245,468,2093,3396,3432,4058,4870
AAGST;4587
AAGSV;459,460,1116
AAGUV;2609,4810
AAHHS;425,471,472,1619,1718,1827,2225,2226,2629,2630,2995,3024,3163,4614,4615,4881,4883,4885,4886
AAHHT;798,2094,2626,3415,4885,4890
AAHIK;208,385,477,478,1490,4113
AAHJL;
AAHJR;4135
AAHKL;20,1659,2000,2266,2681,3675
AAHKM;185,2267,2268,2681,2683,4949
AAHKS;476,2682,4945
AAHKY;
AAHLL;630,1273,1275,1462,3866
AAHLM;1124,1721,1992,2003,2681,2686,4684
AAHLN;490,3183,3187,3424,3715,3941,4146,4947,4948,4957,4960,4961
AAHLO;490,666,806,1124,1644,2266,3191,3941,3944,4109,4119,4146,4157,4917,4947,4948,4960,4961
AAHLP;259,490,1993,2564,2649,2693,3187,3424,3944,3945,4110,4151,4154,4157,4684,4692,4961
AAHLR;259,490,1645,2003,2004,2681,2686,2690,3942,4157,4704,4706
AAHLT;489,4960,4961
AAHLV;222,4118
AAHLW;802,809,1309,3190,3675,3717,3947,4948
AAHMO;1124,1721,1723,2234,2268,2696,2697,3169,3512,3948,4146,4174,4695,4710,4895,4931,4949,4965
AAHMR;1670,2268,2681,2683,2686,3869,4931,4949
AAHMS;
AAHMU;251,480,1509,1670,2180,2185,2244,3722,4930,4949
AAHMW;2697,3717
AAHMZ;28,336
AAHNP;261,441,498,1493,2636,2706,3014,3187,3948,3953,4143,4144,4151,4154,4182,4712,4937,4961,4970
AAHNS;36,125,1315,4140,4883
AAHNT;498,4961,4976
AAHNZ;3427,3727,4712,4973
AAHOR;337,988,996,1121,1124,1278,1463,1877,1994,2268,2649,2655,2690,2696,2697,3077,3172,3202,3499,3512,3957,3958,4119,4157,4704,4710,4917,4931,4933,4949,4981
AAHPS;389,3429,3724,3728,4175
AAHPX;
AAHRR;11,198,256,259,996,1192,1509,2011,2712,3515,3517,3718,3731,4148,4178,4194,4972
AAHRS;36,3712,3729,3731
AAHRT;484,1509,2964,3203,3499,3512,3869,4188,4192,4710,4898,4931,4981
AAHRY;305,1646,1736,2294,2562,2686,3170,3512,4710,4981
AAHST;389,1717,3032
AAHSW;3731,3733,4905
AAHSY;109,485,1048,1496,3429,3505,4165,4707,4709,4964,4966,4978
AAHTV;2284,4118
AAHTW;2964,3717,3947
AAIIL;500,501,632,909,1054,1515,1517,1518,1520,1711,1719,1971,1976,1986,3210,3845,3937,3959,3960,3961,4199,4202,4208,4684,4721,4988,4999,5001,5003,5004,5005
AAIJV;
AAIKK;38,385,477,478,686,1752,5040,5041
AAIKL;1325,4112,4228,4988
AAIKR;4223,5041
AAIKS;39,1490,2717,2750,4886
AAIKT;84,208,385,478,2747,4112,4228,4988
AAILM;446,3540,5086
AAILN;427,2647,3241,3874
AAILR;
AAILS;19,2355,2626,4235,4251,5036
AAILV;159,427,1137
AAILX;4920,5146
AAILY;159,1131,1137,1515,1520,1767,1977,2768,2811,3252,3257,3522,3540,3561,4208,4271,5009,5061,5070,5086,5107
AAIMN;1493
AAIMR;3676,4267,4311,4768,4882,5037
AAIMS;42,1199,1322,1357,4211,4342,5037
AAIMT;4889
AAIMZ;336,528,530,3259,3271,3589,4199,4255,4265,4314,4911,4931,5015
AAINP;1493,2557,2578,4735,4739
AAINR;
AAINV;1363,1365,2852
AAIPS;42,3429,4005,4986
AAIRS;42
AAIRT;1570,2157,2169,2202,2741,3531,4639,5229
AAIRV;453,1146,1363,3532,4339,4782,5015
AAISS;2995,3590,3593,3614,4213,5037,5185
AAIST;
AAITW;
AAJLP;2405,2406,2407
AAJNN;348,1466,4735
AAJNP;2405,4735
AAJNW;
AAJNZ;
AAJPS;4944,4986
AAJQQ;
AAJRS;23,45,1780,2055,2865,4385
AAJRT;2868,4388
AAJSV;3618,4383
AAKKP;1752,4389
AAKKS;46,48,49,549,949,2410,2682,4389,4945,5238
AAKKY;
AAKLM;742,950,2681
AAKLO;1073,1147,1286,2266,2406
AAKLP;1203,3755,4112,4393,4394,4675
AAKLR;507,623,951,1147,1258,1286,1325,1376,2111,2536,2550,2681,3623,3891,4223,4381,4392,4393
AAKLS;692,694,743,888,953,2056
AAKLT;951,4228,4392,4393,4988
AAKLV;4228
AAKMR;605,835,958,1578,2111,2268,4832,4833
AAKMS;2307,2717,2750,3758,4221,4406
AAKNS;39,289,2717,2750,4989
AAKNT;1575,2413,3761
AAKOP;2406,5050
AAKPP;34,842,1203,1380,1752,2407
AAKPR;256,958,1467,4394,4743,4990
AAKPS;670,2417
AAKPT;838,3761,4112,4743,4990,5050
AAKRS;45,350,2865,4945
AAKRT;691,728,747,951,2059
AAKRY;695,2206,2751,3623,4032,4231,4381,4832,4833
AAKST;46,553,1717,2529,3758,4950
AAKSV;48,350,2269
AAKSW;49,1506,1779,2750,2866,2870,2872,2873,3624,3625,4905,4950
AAKTZ;
AAKUW;1577
AALLM;133,446,916,950,2117,2583,3046,3540,4143,4414,4416,5064
AALLN;403,3046,3302,3305,3306,3307,3309,3771,3772,4239,4414,4418
AALLP;950,2880,2881,5245,5247,5250,5256
AALLS;51,1573,3890,3969
AALLU;1462,4836,5056,5253
AALLV;127,158,159,772,1889,2421,3315
AALLW;511,1149,1386,1532,2425,2430,3772,3894,4422
AALLY;146,159,166,489,555,1131,1384,1462,1515,2583,2688,2881,3419,3465,3540,3940,4416,4955,5061,5070,5084,5256
AALMM;9,351,5262
AALMO;446,1537,1721,2234,3540,3959,4845,5064,5089,5263
AALMR;2003,2681
AALMS;3019
AALMT;
AALMU;3928
AALMV;2323,2772,3035,3781,4267,4271
AALMW;3717
AALMX;558,1264,3716
AALNN;2004,4675,4960,5250,5279
AALNS;4382
AALNT;353,4957
AALNU;1224,1413,5125,5135,5288
AALNV;427,563,2891,3781,3791,4856,5282
AALNY;805,1410,1789,2531,4854,4961
AALOS;151,460,566,1154,1155,1157,1267,1414,1604,3135,3408,3470,3471,3628,3636,3862,4382,4420,4642,4842,5079
AALPP;5001
AALPS;
AALPT;31
AALPY;166,555,3940,5140
AALPZ;4296,4441,5081
AALQT;1231,2803
AALRT;951
AALRU;279,2804,2868,2894,2905,5303
AALRV;1454,1790,2891,4782,4856
AALRY;1133,1454,1736,1789,1977,2531,2616,2768,3465,3522,3561,3623,3639,3642,3804,3877,4208,4381,4469,4854,4856,5009,5061,5070,5303
AALRZ;2330,4223,4255,4434,4441,4456
AALSS;245,3806,4058
AALST;1747,2540,2728
AALSU;1606,3336,3574,3636,5047
AALSV;51,459,460,2897
AALSY;1604,3505,4165
AALWY;1090,3465
AAMMM;3449,4861
AAMMN;233,1398,2132,2633,3879,4166,4506
AAMMS;52,3758,4398
AAMNN;3720,4434,4757,4994,5306
AAMNS;
AAMNT;
AAMNX;
AAMNY;3720,3904,4679,4726,4924,4966
AAMNZ;530,3346,3589,3809,4199,4265,4434,4438,5015
AAMOR;1450,1578,1820,2268,3351,4335,4635,4649,4800,4832,4833,4861,4931,5160,5180
AAMOS;3141,4005,4526
AAMPP;4889,4895,4970,4972,5017,5064
AAMPR;958,1713,3346,3527,4339,5017
AAMPU;292,5097,5111,5262,5309,5314
AAMRR;415,605,958,1245,1509,2136,3817,4083,4178,4649,4972,5311
AAMRS;
AAMSS;5037,5185
AAMST;29,46
AAMSY;340,557,568,1436,2490,2828,2878,3505,3626,3904,4171,4385,4532,4932,4966,5069
AAMTU;
AAMTZ;530,3271,3809,3811
AANNN;1475,3975,4735,5188
AANNS;3665,4596,4883,4989
AANNT;89,2915,3479,4542,4836,4873,5282,5306
AANNU;5,725,755,1036,1476,4545,4810,5021,5188
AANNW;1740,5162
AANOS;215,571,1116,1360,1523,1741,1865,1951,2492,2916,3509,3599,3651,3652,4140,4596,4642,4969
AANOX;3366,4976
AANPP;332,1953,3023,3361,4151,4418,4970
AANPR;2479
AANPS;
AANPV;2836,5321
AANPX;4282,4819,5210
AANQT;
AANRS;557,4596
AANRT;
AANRU;1487,1954,3371,3646,3701
AANRV;453,1363,1365,2852,2891,3701,4782,5015
AANRW;1365,2252,4608
AANSS;4196,5042
AANST;3617,5326
AANSU;576,3509,3617
AANSZ;571,2506,4018,4215,5002
AANTV;
AANZZ;4438,4456,5130,5285,5288,5321
AAORT;2072,2751,3484,3485,3531,4635,4639,4649,4800,4878,4931,4981,5180,5328
AAOTW;1422,1527,1577,4649,5162,5323
AAPPS;57,3655,4986
AAPPT;1953,2512,3361,4889,5223,5328
AAPPW;34,3834,4422
AAPPY;4168,4192,4970
AAPRR;256,445,958,1463,1504,1727,2675,4972,5017,5328
AAPRS;
AAPRT;31,1713,5328
AAPST;389,2134,2396,3724
AAPSU;235,389,468,580,581,582,1776,2388,2396,2860,3703,3830,3885,4102,4133,4572,4573,4979
AAPSW;963,2411,2417,4751,4816
AAPSY;96,3766,4552,5207
AAPSZ;571,2574,3268,4018,4219,4526,4866,5173,5205
AAPTT;498,4937
AAPTW;
AAPWW;
AAQSU;4,207,235,3336,3478,3641,4853,4992,5036
AARRS;461,4790
AARRU;1285,3153,3371,3955,4497,4577,4858,5311
AARRY;695,1425,1613,2294,2468,2905,3836,4178,4488,5257,5296
AARST;
AARSU;153,580,581,3392,3703,3830,4133
AARSV;350,2150,2269,3388,3392,4568
AARSY;544,2051,2928,3584,3602
AARTT;974,1570,1729,2829
AARTY;2294,3734,3804,4032,4104,4413,4981,5303
AASST;105,132,696,845,890,1106,1793,3096,3820,3828,3892,4511,4529,4544
AASSY;280,554,572,965,2051,2928,3614,3658,3766,5152,5156,5185
AASTU;153,389,580,581,1367,1368,1510,1579,2047,3574,3636,4145,4190,4941,4974,4978,4979,5194,5230
AASTV;29,30,217,2728,4752,5302
AASTW;362,402,578,2866,3757,4505,5291
AASTY;362,402,578,1604,2618,2630,2698,2882,3694,3878,4165,4190,4391,4966,4978,5326
AASWW;49,578,3383,4425,4969
AASWY;362,578,2630,2872,2928,4978
AATXY;2466,4555,4819,4976,5210
AATZZ;
ABBBU;
ABBCO;5337,5355,5357,5362,5370,5385,5408
ABBCY;
ABBDE;
ABBEK;612,613,623,624,5344,5354,5385,5467,5468
ABBEL;594,625,5379,5385,5386,5523,5524
ABBER;
ABBES;5477
ABBEY;616,640,5431,5492,5523
ABBFY;5547
ABBGY;5492
ABBIJ;
ABBIM;5379,5453,5502,5503,5554,5559
ABBIR;5453
ABBKO;591,613,5357,5370,5385,5403,5468
ABBLS;600,601,651,652,654,5404,5583
ABBLU;5358,5402,5406,5408,5452,5456
ABBNO;585,610,617,621,5337,5362,5497,5553
ABBOO;598,5411,5547
ABBOS;659,5432,5583
ABBOT;5434,5446,5495,5510
ABBRS;
ABBRY;5547
ABBSU;5389,5398,5460,5568,5569,5581
ABBTY;616,646
ABBYY;609,5564
ABCCO;666,683,684,5355,5357,5591,5610,5612,5620,5621,5622,5638,5641,5644
ABCCY;695,697,5356,5595,5612,5616,5629
ABCEE;704,765,5595,5598,5599,5671,5783,5785,5809,5811
ABCEH;5354,5355,5589,5898
ABCEI;662,801,821,5607,5649,5652,5699,5798,5870,5881,5882,5894,5898,5961
ABCEL;5961
ABCEP;797,842,5598,5663,5773,5799,5849,5882,5894,5898,5924,5950,5991,6068
ABCER;5595
ABCHI;729,5394,5617,5733,5893,5894,5897,5898,6082,6117,6119,6127,6132
ABCHO;684,5355,5621,5898,6137,6149
ABCHR;5394,5735
ABCHS;5593,5617,5737,6082,6094,6099,6117,6148
ABCHT;732,5621,6083,6137,6149
ABCIN;729,788,817,821,918,930,5752,5798,5882,5961,6167,6172,6197,6198,6214
ABCIO;919,5898,6174,6189
ABCIR;5629,6154,6167,6176,6198
ABCIS;88,5593,5617,5627,6084,6094,6155,6173
ABCKL;604,664,689,742,916,950,951,5357,5358,5406,5591,5606,5629,5754,5755,6134,6152,6175,6176,6222
ABCKR;5394,5629,5741,6176
ABCKS;590,670,690,730,959,5359,5364,5369,5388,5593,5609,5617,5627,5642,5659,5716,5740,5769,5815,5817,5886,6094,6117,6183,6219
ABCNO;684,896,975,5621,5638,5641,6262
ABCNS;590,685,727,730,745,955,5364,5396,5716,6102
ABCOR;750,752,971,5781
ABCOV;971,5607,5939,5977
ABCOZ;864,961,5709,5964
ABCRS;5764
ABCRT;691,728,951,974,5644,5760,5779,6065
ABCRY;695,872,878,898,924,943,974,5595,5616,5629,5741,5791,5835,5841,5845,5907,6063,6065,6109,6164
ABCSS;607,673,696,751,758,850,890,956,960,964,6005,6044,6091,6143,6228,6240
ABCSU;5396,6089,6148,6247
ABDDE;702
ABDDY;609,5411,6331
ABDEG;
ABDEI;
ABDEK;
ABDEL;
ABDEM;722,6511,6615,6683
ABDEN;6541,6654
ABDEO;724,1018,5362,6564,6686
ABDER;6564
ABDES;
ABDET;
ABDEU;6513
ABDEY;1043
ABDHN;729,5592,6332,6365,6379,6382,6539,6541,6560,6733,6759,6769
ABDIR;
ABDIT;6789,6792,6820
ABDLN;1076,6541,6572,6592,6600,6654,6658,6661,6769,6781,6786,6804
ABDLO;1124,1137,1147,5368,5446,5456,5754,5755,5763,6339,6735,6758,6769,6830,6831,6832
ABDLS;6785,6789
ABDLU;1134,5456,6735,6758,6804,6826,6832
ABDLY;1137,1139,5368,5456,5457,6738,6746,6772
ABDNR;
ABDNS;5364,5716,6341,6696
ABDNY;755,5752,6733,6738,6745,6772,6786
ABDOO;5411,5446,5748,6339,6501,6654,6661,6683,6686,6704,6729,6801,6814,6830,6837,6838
ABDOR;5738,6564,6830,6832
ABDOS;754,6336
ABDOT;747,1001,5446,5448,5456,5760,6729
ABDRS;748
ABDRY;5741
ABDSU;754
ABDSW;748,1125,1155,1163,5459,5682,5756,5758,5761,6355,6469,6696,6700,6780,6818,6828,6834
ABDUY;755,5456,5457,5752,6682,6772
ABDWY;1090
ABEEL;625,1217
ABEER;5342,5775
ABEFL;664
ABEGI;1172,1280,1284,1285,5344,5486,7239,7245,7260,7273
ABEGL;
ABEGM;
ABEGN;5344,5882,7330
ABEGR;124,797,5889
ABEGT;6854,7330
ABEHJ;
ABEHK;5354,5589,5903,5907
ABEHL;1275,7340,7397
ABEHO;988,1316,5355,5691,5785,5898,5900,5924,6555,6564,6963,6966,7340,7352,7356,7391,7397,7398,7399,7400
ABEHR;988,5484
ABEHS;
ABEHT;7161,7226,7343,7397,7411
ABEIR;7371
ABEIS;7346
ABEIZ;5511,7583
ABEJL;5770,6368,7029,7030,7031,7032,7636
ABEJM;
ABEKL;664
ABEKN;5344,5354,7037,7038,7253,7383,7643
ABEKR;
ABEKS;670,5609,5769,5815
ABEKY;
ABELL;7029
ABELM;
ABELR;
ABELS;1424
ABELT;
ABELY;
ABELZ;
ABEMN;
ABEMR;6683,7752
ABEMS;5609,5919
ABEMW;6467,6934,6946,7325,7748
ABEMY;5839
ABENO;585,6654,7029,7439,7584,7667
ABENR;
ABENS;3,987,994,1096,5364,5716,6341,7643
ABENU;6513,7582,7610,7767
ABENY;5892,7583
ABEOR;5924,6564,7371,7472,7752
ABEOV;1266,5607,7521,7647,7693,7713
ABEPS;139,1246,6702,6961,7223,7227,7372,7393,7690,7739,7769,7784
ABEPT;134,797,838,5663,5991,6354,6615,7456
ABERR;7752
ABERS;
ABERT;
ABERV;879,1365,7278
ABERY;124
ABERZ;
ABESS;6005,6885,7769
ABEST;5605
ABESU;791,5906,5926,6069,6954
ABESW;994,1095,1096,1279,5948,6696,6700,7382,7782
ABESY;783,5892
ABETT;7155,7343,7783
ABETU;6998,7191
ABETY;5839,7109,7155,7583,7783
ABEUX;1071,1264,5836,5974,6055,6555,6883,7509,7746
ABEUZ;1265,5997,7118,7597,7766
ABFFL;7794
ABFFS;6888
ABFFU;1254,6491,7794
ABFFY;7157
ABFIR;1451,6499,6500,6720,6724,6893,7194
ABFLS;886,888,889,1107,1448,1455,5546,5730,6081,6084,6085,6086,6087,6090,6722,6726,6727,7812,7817,7819
ABFRS;1259,6083,6362,6504,6507,6727,6728,6730,6903,7158,7800,7819,7829
ABFRU;5862,6083,6730,6904,7211,7213,7811
ABFST;1170,1259,1455,5546,5782,5867,6083,6726,6727,6848,7177,7196,7797,7807,7817,7829
ABGGY;6092
ABGHI;6080,6093,6733,7852,7853,7854,7856
ABGHN;5484,6365,6733,7232,7853,7854
ABGHS;120,1269,6101
ABGLS;149,1114,1448,1480,1481,1483,6101,6115,7799,7848,7894,7899,7932,7933,7940
ABGMO;
ABGMS;7855
ABGNO;896
ABGNS;149,1456
ABGNU;5,896,1036,1477,1487,6096,6919,7290,7298,7869,7904,7918,7928
ABGOR;1463,6100
ABGRS;894,897,1114,1481,7866,7894
ABHIJ;
ABHIM;7849,7853,7962,7963
ABHIS;5593,5617,6082,7357
ABHIT;631,646,6332,6943,6951,7226,7228,7343,7360,7376,7852,7948,7949,7968
ABHLS;108,143,906,1107,1122,1448,5736,6101,6135,6136,7848,7953,7961,7971,7979,7985
ABHMO;5355,6137,7391,7392,7963
ABHNU;5619,6096,6147,6334,6776,7411,7412,7854,7962,7992
ABHOR;988,1121,7395,7983
ABHOS;6780,7802,7980
ABHRS;7866
ABHST;154,685
ABHSU;1490,5929,6954
ABHTU;1509,5930,6966,7411,7412,7995
ABIIL;1512,5626,6152,6158,7952,7954
ABIIM;1321,1512,1514,6310,6784,6791,7434,7450,7835,7849,7877,7953,7999,8035,8036
ABIIT;69,915,1522,1524,1525,7877,8035,8036,8037,8038
ABIIV;1324,1525,5939,6309,7459,7882,7885,7947,8001,8002,8037,8038
ABIJR;1128,1325,5485,7460,8042
ABIJS;1513,7837
ABIKL;6,5629,6152,6175,6176
ABIKN;
ABIKT;6174
ABILM;6158,6189,7963
ABILN;899,930,6172,6990
ABILO;1137,6163,7896,7952,8057,8063
ABILP;819,930,1470,5799,5894,6153,6995,7348,7952,8074
ABILQ;1134,6175,6989,6998,7547,8057
ABILR;1512,1518,5629,6176
ABILS;7848
ABILT;158,646,1131
ABILY;646,924,930,1131,1516,5552,5629,5633,6172,6738,6746,7852,7898,7957,8064,8074
ABIMR;6158
ABIMS;6204,6336,8095
ABIMT;827,1450,5937,5977,5981,6205,6763,6811,7181,7959,8035,8036,8098
ABINQ;6989
ABINR;6167,6894,6978,8009,8114
ABINS;
ABINU;1061,1134,5752,6096,6167,6172,6198,6214,6571,6786,6905,6919,7290,7298,7465,7488,7597,7869,7928,8056,8114
ABINV;1281,1363,1365,1472,5607,5959,7253,7475,7521,7882,8002,8016,8037,8066,8081
ABIOO;653,5634,6801,6814,7276,7584,8016,8050,8057
ABIOS;6784
ABIOT;6174
ABIRR;5394,6167,7959,8002,8035,8114
ABIRS;
ABIRU;1285,1477,5608,5997,6167,6919,7290,7298,7371,7375,7928,7947
ABIRV;935,1146,1363,1365,1504,5710,5806,6865,6980,6995,7002,7008,7009,7023,7475,7515,7558,7947,8002,8123
ABISS;
ABIST;6218
ABIWZ;
ABJMO;
ABJMS;1572,6822
ABJMU;
ABJNO;585,1128,7029,7032,7636,7886,8004
ABJOT;7306,8130
ABJSU;6001,6002,7033,7307,7462,7634
ABKLN;918,1377,7037
ABKLS;1506,1573,7819,8133,8134
ABKLU;1377,1577,5358,5406,6134,6175,7465,8045
ABKLY;5629
ABKNO;5468,5621,5638,5641,6141,6424,6645,7037
ABKNR;6141
ABKNS;5364,5716
ABKOR;613,1073,1147,1206,5468,6424,6588,7472,7647
ABKOS;744,5609,5642,5730,5736,5815,6183,6219,6641,6646,6954,7040,7346,7634,7648,7977,8049,8133,8135
ABKRS;
ABKRU;
ABKRY;695,898,5629,5741
ABKSS;157,607,696,890,956,960,964,1148,1528,1529,1580,5643,5702,6005,6012,6015,6091,6143,6146,6179,6181,6182,6228,6240,6586,6644,6825,6942,7385,7386,7476,7642,7643,7960,7975,7978,8044,8137,8138
ABKSU;6183,6954,7890,8049
ABKSW;1207,1506,5817,5948,6106,6648,7046,7382,7956,8136,8141
ABLLS;692,888,953,1573,1582,5743,5762,6084,6148,6173,6177,6247,6761,6803,6828,7819,7848,7894,7896,7933,8043
ABLLU;1462,1586,5402,5632,6134,6175,6247,6338,6735,7794,7869,8055,8057
ABLLY;146,159,166,924,1384,1395,1462,1516,5492,7659,7810,7898
ABLMS;5455,6250,7979,8145
ABLMU;
ABLMY;7,7814,7963
ABLNU;1134,6096,6147,6172,6193,6198,6255,6786,6826,7869,8056,8158
ABLNW;6249,6769,6872,7087,8080
ABLOO;5634,6661,7340,7397,7644,8016
ABLOR;
ABLOS;1483,1572,5866,6188,6203,7634
ABLOT;1575,5446,5456
ABLOW;1155,5913,6249,6769,7635
ABLOX;1507,6676,7727
ABLOY;1137,1454,1583,1595,5456,5612,5865,6149,6746,7647,7673,7721,7722,8018,8071,8072,8143
ABLRT;155,951
ABLRU;
ABLRW;6176
ABLSS;6229,6243,6261,6771,6774,6827,7820,7826,7975,7981,7986,8148
ABLST;
ABLSU;1606,6203,6247,6256,6259,8094
ABLSW;694,904,953,1155,1424,1483,6828,7382,7933,7939
ABLSY;149
ABLTT;974,5406
ABLTU;5406,5456,6149,6256,6259
ABLWY;
ABMMO;1435,5973,6088,7063,7450,7501,7673,8063
ABMOS;5359,5432,5609,5647,6204,6250,6336,6784,6822,6839,7034,7512,7637,8012,8031,8174,8175
ABMOZ;5511,8072
ABMRS;6822,6839,7942,8131,8175
ABMRU;
ABMRY;5646,6209,8098
ABMSY;907,5586,5647,6209,6263,7814
ABMUY;1601,7814,7877
ABNNS;856,1000,1456,5555,5716,5955,6618,6662,6986,7463,7643,7802,7837,7843,7921
ABNNU;5,725,755,857,1036,1399,6688,7695,7696,8158,8159
ABNOO;976,5634,6204,6661,6686,6814,6837,7584,8016
ABNOR;7992
ABNOS;
ABNOT;92,5641
ABNOZ;5511
ABNRS;
ABNRT;5551,7968,8009
ABNRU;1477,6334,6776,6826,8158
ABNRW;1487,6872,6934
ABNRY;
ABNSS;5587,6006,6844,7038,7413,7643,7989
ABNST;
ABNSU;
ABNSW;5756,6106,6696,6828,7206,7857,7931,7933,7939
ABNTU;5752,6214
ABNTY;1587,5752,5845,5988,6065,6214,6477,6962,7109,7957,7968,8000,8084
ABNUY;755,1410,5752,6172,6214,6745,6786,7203,7302,8056
ABOOT;598,5403,5446,5448,5744,6131,6137,7397,7644,7944,7993,7995,8117,8130,8176,8183,8185
ABOOY;5411,5536,5547,6746,7330,7993,8130,8183
ABOOZ;6706,7973,8050
ABORR;8183
ABORS;
ABORT;5760,8176
ABORV;971,1266,1454,7647,7687,7693,7713
ABORX;5476,6676,7727,8071
ABORY;1454,5547,7647,7673,7687,7722,7860,8071,8072,8143
ABOSS;1580,5498,6143,6538,6567,6774,7235,7380,7385,7769,7820,7969,7978
ABOST;1438
ABOTU;5456,7411
ABOTW;1527
ABOUY;1613,5456,6252,6331,7722,8143,8155
ABPRS;96,139,162,962,963,1156,1246,1560,1573,1589,5759,5850,5947,6015,6237,6839,7139,7304,7784,8119,8126,8166,8184
ABPSU;934,6069,6196,7372,7950
ABQRU;117,944
ABQSU;4,5561,8024
ABRRY;170,695,1165,8183
ABRSS;7978,7990
ABRST;
ABRSU;7800
ABRSW;170,1125,1163,1495,8188
ABRSY;6337
ABRTU;
ABRTY;7852,7968,8025,8084
ABRWY;170
ABRXY;5835,8071
ABSST;696,890,964
ABSSU;5575,7813,7916,8094
ABSSW;1088,1446,5851,6005,6567,6628,6644,6678,6712,6731,6774,6805,6885,7132,7379,7608,7616,7730,7996,8137,8148
ABSSY;964,965
ABSTT;6170,6795,7807,8039,8184,8187,8188
ABSTU;5581
ABSTY;6213,6218
ABTTU;5406,6140,6214,8093,8128,8171,8185,8187,8188
ABTTY;1587,6214,7155,7721,7733,7783,7941
ABTWY;
ABUZZ;6247
ABWYY;
ACCDY;1624,1646,8291,8294
ACCEH;1659,1668,1669,5355,5589,8434
ACCEL;8199,8339,8473,8559
ACCEM;669,1669,1676,1694,5355,8223,8277,8278,8279,8280,8281,8339,8348,8349,8416,8465,8475,8492,8496,8497,8517,8518,8527,8571,8572,8573,8574
ACCHI;8189,8201,8462,8612,8642,8643,8646,8648,8656,8669
ACCHK;5354,5589,5596,5620,5621,8209,8210,8348,8349,8465,8466,8671,8672,8676
ACCHL;184,1644,1645,1659,1721,8633,8642,8646,8648
ACCHO;1644,1721,5355,5620,8209,8303,8646,8648,8671,8672,8677
ACCHT;10,185,5621,8209
ACCIM;8416,8492,8496,8497,8518,8527,8605,8702,8703,8705,8750,8754
ACCIR;1677,8246,8253,8264,8270,8422,8462,8615,8618,8633,8642
ACCIT;8645
ACCIW;8270,8635,8644,8722
ACCKL;689,5357,5358,5591,5620,5625,8671,8672,8722
ACCKO;1783,5357,5591,5620,5621,5622,5638,5639,5641,5644,8197,8209,8210,8371,8670,8671,8672,8676,8723
ACCKR;5639,5644,8210,8327,8465,8644,8676,8722
ACCKS;670,5359,5627,5628,8403,8718,8720,8723,8781
ACCKY;1783
ACCMO;5355,5618,8209,8277,8311,8671
ACCOO;1644,1774,8193,8210,8278,8303,8322,8482,8598,8646,8648,8676,8730
ACCOS;8395
ACCOT;183,5620,5622,8209,8431,8487,8574,8671,8672,8677
ACCOY;1796,5356,8216,8576,8631,8632,8807
ACCSY;5603,5616,8196,8214,8546,8654,8692
ACCUY;8216,8568,8734,8793
ACDDE;195,1813
ACDDY;1798,1819,8836
ACDEE;5671,8962,9002,9036,9063
ACDEF;5362,8248,8834,8835,9126,9136,9139,9142,9150
ACDEG;1858,8960,9153,9154
ACDEH;8962
ACDEI;5699,8234,8962,9113
ACDEK;9113,9309,9426
ACDEL;
ACDEM;204,711,722,1858,1904,1923,1946,8993,9113,9309
ACDEN;
ACDEP;1915,9299,9300
ACDER;
ACDES;1958
ACDET;
ACDEV;1627,1958
ACDEW;1846,1950,5682,8270,9109,9402,9491
ACDEY;8835,8937
ACDGY;1977,1982,9551,9552
ACDHO;1644,1995,8303,9549,9551,9573,9586
ACDHR;8302
ACDHS;5593,5737,8296,9534,9537,9552,9572,9578,9581,9602
ACDHY;1646,1992,8881,8937,8971,8978,9242,9251,9551,9552,9584,9586,9602,9607
ACDIL;729,1971,1990,2014,5683,5699,8193,8309,8889,9174,9621,9624,9644
ACDIN;729,1990,9560
ACDIR;9624
ACDIS;5593,8296
ACDIT;69,208,5732,8306,9560,9562,9621
ACDIY;2038,2051,8325,8326,9418,9551,9552,9602,9629,9647,9669,9716
ACDKR;591,728,747,1650,2059,2061,5370,5657,5738,8327,9667,9669,9721,9725
ACDKS;590,730,731,743,745,748,1650,1983,2001,2002,2056,2058,2060,5369,5593,5730,5736,5740,5742,5756,5758,5761,8899,8900,9554,9581,9582,9604,9662,9664,9665,9666,9667,9668,9669,9720,9722,9724,9725
ACDLO;1644,5368,5754,5755,5763,8193,8888,8901,9607,9640,9693,9721,9727,9728
ACDLS;214,1814,1969,5730,5736,8899,9538,9570,9607
ACDLU;8309,8329,8889,9584,9592,9644
ACDLY;5368,9607,9727,9731
ACDNS;590,730,2058,2071,5737,5762,5764,8880,8886,8899,9534,9570,9724,9735,9752
ACDNU;755,2043,2054,5751,8302,8820,8830,8880,8898,8935,9546,9666,9698,9709
ACDNY;755,1982,2053,2054,9546,9718,9727,9731,9735
ACDOR;591,747,1820,2072,8836,9571,9719,9721,9757,9760
ACDOS;215,754,2066,2070,5730,5758,8899,8900,9427,9481,9570,9571,9722,9724,9742,9743,9755,9757
ACDOT;747,1651,2072,5760,8305,9617,9620,9719,9721,9726,9747,9760
ACDOY;1646,2038,5368,8836,9181,9440,9463,9478,9480,9526,9551,9586,9607,9655,9672,9674,9685,9690,9725,9727,9760
ACDRS;175,197,214,748,2055,2060,2066,2068,5764,9571,9722,9742,9755,9757
ACDRY;1646,1798,1982,2038,8329,9541,9629,9647,9704,9712,9760
ACDSS;758,1848,1850,1984,2058,5680,8274,8331,8887,9432,9571,9618,9754,9757
ACDSU;754,2018,2048,2055,2068,2070,8315,9534,9601,9603,9666,9743
ACDTU;9299,9411,9546,9617,9719,9760
ACEEK;767,2112,5598,5672,5673,5812,5813,8237,8371,8943,8999,9784,10002,10003,10009,10014,10124
ACEEP;760,769,777,9788,9799,9980,10245
ACEES;8345,8366,8369
ACEEZ;5811,8347,9856,9927,10009,10049,10115
ACEFH;1659,8406,9819,10320,10321,10330
ACEFL;5781,8197,8406,9149,9765,9814,9820,9821
ACEFR;5865
ACEFS;5863,10417
ACEFT;789,2169,8406,9126,9130,10320,10330,10342,10344,10373,10380,10384,10393,10396
ACEGL;793,795,10483
ACEGR;795,2206,9895
ACEGS;5873
ACEGY;2206,9876,10471,10477
ACEHK;1668,2267,5354,5589
ACEHL;2271,10322
ACEHM;1669,2180,2267,2271,5355,9936
ACEHN;222,805
ACEHP;
ACEHR;
ACEHS;
ACEHT;
ACEHV;2284,9218,9778,10445,10710,10752
ACEIL;9174
ACEIM;8849,9113,10068
ACEIN;
ACEIR;
ACEIS;2355,11142
ACEIV;
ACEKL;2406,2407
ACEKR;
ACEKS;670,2408,5886,8403,10993
ACEKW;802
ACEKY;11313
ACELL;2421,11324,11380
ACELM;8339,9936
ACELN;
ACELP;
ACELR;
ACELS;
ACELT;
ACELV;2421
ACELY;851,5835,6028,8561,11011,11142
ACEMO;5355,8517,9936
ACEMR;
ACEMS;
ACEMY;1669,1694,5839,6028,8339,9885,10546,10813,11144,11165,11458,11464,11487
ACENN;9769
ACENO;2425
ACENP;10587
ACENR;
ACENS;
ACENT;
ACEOR;8836,9295
ACEOT;598,10306
ACEOX;8517,11041
ACEPR;
ACEPS;2417
ACEPT;9300,9780,10943
ACEPX;236,2285,2341,2417,2466,9219,10044,10198,10249
ACEPY;2496,2497,6068,9300,9401,10566,10587,11346,11546
ACERR;
ACERS;
ACERT;
ACERV;
ACERX;236,2341,5775,5835,10027,10097,11035
ACERZ;864,2300,2474,8462,8504,9927,10049,10115,10396,10729
ACESS;2408,6005,8875
ACEST;
ACESU;5906
ACESV;1958,9778,9993
ACETT;10215,10220,10232,10260
ACETU;5909,8856
ACETX;5803,10044,10177,10198,10220,10249,10260
ACFFH;8596
ACFFS;2529,2530,6079,8403
ACFHT;6080,8406,9819,10320,10330,10332
ACFHU;
ACFIL;8599,9539,9540,11577,11588,11591,11614,11617,11626,11627,11631,11634,11647,11649,11650,11651,11658
ACFIM;2534,10352,11626,11636,11651
ACFIN;2533,9545
ACFIR;2543,8599,9541,11618,11626,11627,11631,11632,11639,11640,11671
ACFIS;5617,6082,11598
ACFKL;664,1659,2536,8197
ACFKR;728,2170,2536,2550,10308,10345,10367,11587,11642,11674,11675
ACFLO;5781,5865,5866,8197,8599,8607,9128,9136,9149,11588,11627,11631,11649,11650,11677,11681
ACFLS;1969,1974,9538,11621,11677
ACFNR;1970,2158,2159,2531,2532,9765
ACFNY;2531,2532,9545,9546,10316,10327,11597,11674
ACFRS;9542,11598,11618,11621,11624,11639,11671
ACFRT;728,1713,2082
ACFRU;9541,11603,11607,11624,11642,11671,11692
ACFRY;2531,2532,5595,5865,8836,9541,10403,11665,11674,11681
ACFST;1712,2529,2530,8597,11688,11691
ACGHN;8620
ACGHT;6080,6093,6094,11729,11730
ACGHU;
ACGIM;9562
ACGIN;
ACGIR;8612,11709
ACGLN;2614,8620
ACGLS;1814,2569,2612,6101,6115,11699,11765,11766,11937,11939
ACGNO;10593
ACGNS;18,246,2618,11932
ACGOR;1981,2160,2210,2570,2573,2617,8337,9895,10444,10475,11594,11769,11771,11941
ACGOT;1860,2600,2617,8631,10601,11891,11930,11938,11941
ACGOU;1658,2600,8960
ACGRS;18,238,894
ACGSS;245,2610,6116,9893,11702,11772,11945
ACGUY;5892,9885,10546,11923,11932,11944
ACGWY;2206,2611,9876
ACHHN;2628,10616,11963
ACHHT;2626,11946,11952,11953,11963
ACHIK;208,5394,6080,6093,11965,11989
ACHIL;729,2533,6119,11577
ACHIM;251,2633,11743,12044
ACHIN;251,729,2533,2633,2647,6119
ACHIO;1995,5898,9156,9212,11714,11748,11756,11953
ACHIR;2562,5394,8612,8644,11709
ACHIS;
ACHIT;208,8189,9195,12043
ACHKL;20,2000,2681,6134,12083
ACHKN;5354,5619,5621,6141,8438,9206,10647,11965,11989,11997,12083,12089
ACHKR;5394,8644
ACHKS;
ACHKT;185,208,2267,5621,6080,6137,6141,8209,8349,11989
ACHKW;8644
ACHLN;9848,11969,12004
ACHLO;1644,9936
ACHLR;259,260,1645,1969,2003,2004,2536,2681,2689
ACHLS;11961
ACHLT;
ACHLU;1645,2271,6134,6149,8449,9584,10629,10684,12024,12028,12104
ACHMO;1723,5355,6137,8209,8671,9229,9609,9935,9936,9955,10617,10695,10817,11770,12044,12083,12107
ACHMP;11746
ACHMR;2681,2683,2686
ACHMS;
ACHMT;6137,6140,8209,8660,8671,9593,9609,12011,12040,12043,12044
ACHNO;9156,9212,11732
ACHNR;
ACHNT;
ACHNU;251
ACHOO;1644,5898,5924,8210,8303,8482,8598,8620,8648,8676,9588,9606,9608,9936,10688,11744,11746,12083
ACHOP;11746
ACHOR;
ACHOS;264
ACHOT;5622,8209,12124
ACHOV;2284,8482,8487,9973,9978,10824,10875,11732
ACHOW;684,2697,5913,8303,8635,9606,10679
ACHPR;256,259,2706,8302,8644,11617,11982
ACHPS;
ACHPT;12115,12122
ACHRR;11,256,259,1727,2638,2653,5394,8612,11735
ACHRS;
ACHRT;5735,11729
ACHRY;1646,2562,8618,8640,9954,10471,10691,10696,11974,12046,12078,12128
ACHST;
ACHSU;21,264,5396,12087
ACHSV;9218,9778,9950,9993,10752,11981,11986
ACHSW;11968
ACHSY;5375,8477,8885,9552,9602,9607,9826,11961,12078,12093,12128
ACHTW;5735,9819
ACHTY;810
ACHUV;10684
ACIIL;1711,1719,1976,5626,6158,8211,8308,8309,8599,8633,8693,8889,8992,9632,9639,10480,10628,11631,11783,11786,11787,11791,12183
ACIIM;8435,8497,8705,10632,10634,10937,10943,10944,11626,11722,11791,11974,12162,12204
ACIIN;5870,6167,8877,10628,11718,11816,11817,12223,12233
ACIKK;1752,5738,6174,8506,10366,10645,10982,11989,12254
ACIKS;2717,2750,5740,5742,6084,6183,8510,8604,8721,8723,9310,9666,9668,10993,11599,11645,11820,12261
ACILL;6175,6176
ACILM;6158,6184,9621,11588,11626,11649,11650,11791,12162
ACILN;729
ACILP;8722,11631
ACILS;
ACILT;17,12274
ACILU;2033,2803,2811,8653,9584,9671,12011,12162,12183,12312,12354,12366
ACILV;1759,2775,12312
ACILX;9622
ACIMN;12007
ACIMP;819,2719,9779,11664,11746
ACIMR;711,2013,5806,6158,6184,9703,10068,11626,11791,11871
ACIMS;
ACIMU;251,2600,2772,2813,2823,2825,2829,8703,8890,9562,9584,9698,9703,12008,12011,12162,12312,12402
ACINO;
ACINP;
ACINR;12139
ACINS;
ACINT;
ACINU;251,2623,8759,9698
ACINV;2758,2852
ACIOR;11586
ACIOT;6174,10306,11279,12465
ACIOZ;12024,12035,12046,12073,12459
ACIPR;11787
ACIPS;8215
ACIPZ;11097,11814,12073,12141,12238,12429,12459
ACIRS;
ACIRT;
ACIRU;
ACIRV;9624,9644,11640
ACISS;11702,12055,12202
ACITT;2825,12299,12402,12465
ACITV;11914,12446
ACJKS;2529,2535,2865,2866,6001,6219,8717,8776,11310,11820,12479,12480
ACJKY;11313
ACJNO;2746,10400,11698,11930,11931
ACJNU;2054,6172,11698,11930,11931,12483
ACKKN;5638,10366,11989,12254
ACKKS;949,2410,2682,6004,6220,6221,8670,9720,11310,11322,11323,12082,12486,12487
ACKKY;
ACKLN;
ACKLO;2266,2747,5357,5591,5755,8197,8371,8671,9721
ACKLP;8722,12257
ACKLS;
ACKLU;5358,5402,5406,6134,6175,9721,10002,11324,12257
ACKMS;289,959,1784,2307,2640,2717,2750,5359,6232,6233,8623,8717,9722,10128,10993,11987,11993,12486
ACKMU;6140,8777,11324,11337,12086
ACKNR;606,6141,8327,12089
ACKNS;590,2717,2750,5369,5740,9666,10993,11610
ACKOR;2871,8327,9721,11003,12267
ACKOW;11348,11675
ACKPS;670,959,2417,2530,5817,8781,10761,11610,12480
ACKPU;11350,12257
ACKQU;5945,6175,9784
ACKRS;9668
ACKRT;691,728,747,951,5644,5760,6141,6145,9721,11587,11642,12086,12091,12143
ACKRW;6145,6176,8327,8644,8676,8722,9583,11674,11675,11997,12089,12091
ACKSS;1781,6012,8778,8914
ACKST;949,952,959,2529,2530,2551,6219,8720,9663,11599,11644,11645,12261,12263
ACKSU;6183,8403,9120,10766,11932,12087,12271
ACKSW;2750,5740,9665,9720
ACKSY;5405,6241,6242,8900,9668,9669,9725
ACKSZ;1733,2682,5948
ACKTY;2061,2751,6241,9669,9725
ACKWY;2206,9876,11674,12494
ACLLO;2747,2760,8727
ACLLS;
ACLMO;5408,6249,8671,9936,10483,10909,12510
ACLMP;742,950,2719
ACLMS;2878
ACLMY;1694,1787,1788,8339,9727,11681,11767,11933
ACLNS;12501,12511
ACLOP;8735,10041,11097,11631,12538
ACLOR;
ACLOS;5645,9570
ACLOT;12510
ACLOV;1790,2775,12312
ACLOW;5755,5913,6249,9606,9728,9730,10679
ACLOX;
ACLOY;2760,6260,9607,9672,9692,9727,10772,11367,11846,11851,11939,12002,12180,12354,12364,12366,12549
ACLOZ;9149,12024,12178
ACLPS;11961
ACLPT;12503
ACLPU;6147,11852,12003,12341
ACLRS;9542
ACLRT;258,260,951,2689
ACLRW;6176,8722,9606,9730,11622,12534
ACLRY;1786,2531,5366,5835,8918
ACLSS;245,2691,6261,11686,11959,12514,12521
ACLST;889,949,952
ACLSU;
ACLSW;694,904,953,2611,8570,9720,10530,10650,11142,11381,11968,11991,12032
ACLSY;1788,2870,5405,6162,8876,9607,10517,11417,11939,12180,12263,12300,12549
ACLTU;5406,6149,6254,12021,12104,12354,12366
ACLTY;1788,2877,6254,11939,12095,12274,12354,12364
ACLXY;2760,5835,8978,11011,11035,12296
ACMMO;1783,5973,6088,9470,10211,10593,11384,11457,11744,11871,12035,12107,12299,12510,12550
ACMNO;12107
ACMOP;11664,11746,11770
ACMOR;1820,8795
ACMOS;
ACMPR;958,1713,11664
ACMPS;959
ACMPY;
ACMRS;1784
ACMRY;1787,1982,5646,6252,11681,11933
ACMSS;
ACMSU;
ACMSY;1788,8560,10517,11456,11487,12277,12300
ACNNO;940
ACNNS;8718,11932,12087
ACNNY;755,1740,2282,2618,9731,11932
ACNOP;1810,2732,2890,11856,12560,12580
ACNOR;
ACNOS;8899
ACNOT;9747
ACNOW;684,896,2425,9449,9491,9730,10076,11943
ACNOX;
ACNOY;2044,2606,8275,9727,11503,12229,12378
ACNPU;8216,8894,11856
ACNRS;5396,5764
ACNRY;6255
ACNSS;9701,12055,12202
ACNST;
ACNSY;783,2282,5892,6162,6185,8196,8560,9092,12554
ACNTY;2044,2053,2606,2877,6214,6254,8793,9546,9657,9718,11503,11923,12233,12378,12388
ACOPR;6068,8579,8795,8807,9895,11492
ACOPS;1776,8215,8781
ACOPT;9747,12124,12503
ACOPY;2881,6068,6169,6189,8795,8807,11476,11546,11851,11936,11941,12538
ACORS;
ACORT;
ACORY;1646,1796,2038,8281,8756,8795,8807,8836,9478,9704,10471,10696,10874,11476,11586,11665,11941,11974
ACOSS;2610,9536,11589,11702
ACOST;6219
ACOTT;11970,12124
ACOTU;6149,8653,12021,12104,12354
ACOUY;1796,6149,6252,6254,8216,8329,8568,8793,8807,11367,11692,12104,12354,12366,12471,12537,12544
ACPPU;8869,11447,11904
ACPRS;
ACPRY;2075,2497,2706,2881,2903,6068,8807,8808,11346,11526,11546,11547,11936,12128,12575
ACPST;959,2530,2701,12247
ACPSU;1776,8215
ACPSY;96,2075,2762,2903,9552,9602,11961,12128,12297,12370
ACPTU;12104,12543,12544
ACRRS;12,23,897,1794,1821,6238,8904,9571,9757,12487
ACRRU;8807,11944,12567,12591
ACRRY;695,943,2532,2768,2852,2905,8807,11665,11693,12233,12357,12494,12506
ACRSS;
ACRST;
ACRSU;5396
ACRSW;2144,2152,2555,11303,11576
ACRSY;96,894
ACRSZ;12226,12459
ACRTT;974
ACRTU;299
ACRVY;
ACRYZ;2474,9109
ACSST;
ACSSU;2610,12448
ACSSW;245,302,2528,5851,11275,11309,11589,12450
ACSTT;
ACSTU;
ACSUY;21,2699,6218,11932,12424
ACTTY;974,2886,6214,8603,8716,9546,11503,11679,11692,12210,12471
ADDDE;
ADDDY;609,1798,2933
ADDEF;2935,8834,8835,12768
ADDEH;2950,12780,12806
ADDEI;
ADDEJ;12714,12715
ADDEL;
ADDER;
ADDES;
ADDET;702,2935
ADDEV;995,1813,2954,2969,6309,8856,8874
ADDEW;
ADDEZ;2948,12690,12701,12745,12814,12868
ADDFY;8835,8836,8876,12947,12948,12950
ADDGI;2951,2954,6281,12782
ADDHO;996,1804,6334,12676,12686,12761,12808,12955,12980
ADDIM;8890,12964,12988
ADDIO;1817,6330,8222,8225,8849,8890,8891,8897,8898,12808,12845,12972
ADDLY;3005,8225,8876,8881,12948,12975,12986
ADDNY;1624,2933,2988,3007,12867,12868,12931,12947,12950
ADDOR;610,703,996,998,1820,5657,6330,6331,6334,12955
ADDOS;3002,8899,13001,13006
ADDPY;1819,3007,12719,12856,12871,12986
ADDRY;1798,2933,3007,5411,6331,12947,12986
ADDSU;8903,12674,12675,12946,12954,12968,12969,12997,12999,13011
ADDSW;994,8895,8904,12625,12635,12641,12760,12943,12981,12990,12992,12993,12998,13001,13002,13006,13007,13009
ADDSY;12682,12948,12975,12978
ADDWY;1798,1819
ADEEL;
ADEEM;8909
ADEEN;
ADEER;
ADEES;13291
ADEET;
ADEEV;13041
ADEFG;3073,13737,13757
ADEFK;
ADEFM;9113
ADEFR;
ADEFS;310
ADEFT;
ADEFX;6494,13019
ADEFY;8835,8937
ADEFZ;6498,9139,9146,9149,13801
ADEGG;
ADEGJ;6368,13184,14025,14026
ADEGL;14026
ADEGM;
ADEGP;6370,12660,13887
ADEGR;
ADEGS;
ADEGT;13041,13737,14026
ADEGU;13259,14018,14026
ADEGW;3137,3154,13214,13224,13967
ADEGZ;13982
ADEHJ;1044,14184
ADEHK;13044
ADEHL;
ADEHM;13313,14103,14131,14132
ADEHO;3171,3197,6538,12614,12685,12761,13330,13903,13904,14189,14221,14224,14241
ADEHR;
ADEHS;
ADEHT;
ADEHW;14221
ADEHX;
ADEHY;1043,1048,3103,3186,8937,8971,8978,12812,13264,13903,14173,14176,14184,14241
ADEHZ;199,13904,14202
ADEIL;
ADEIM;6615,9113,14139
ADEIN;
ADEIR;
ADEIS;
ADEIU;3259,5422,6513,8962,9143,9214,13209,13750,13890,13925
ADEIW;13864
ADEIZ;1904,3259,3271,9305,9413,13351,13457,13865,13866,14296,14605
ADEJP;1920,3221,3222
ADEJS;1072,1922,3079,3221,6639,9420,12714,14342,14344
ADEJW;3291
ADEKL;
ADEKN;9309,13357
ADEKO;8813,9229,9426,13357,13497,14654,14655,14659
ADEKR;
ADEKS;
ADEKW;
ADELL;3306,13044,13068
ADELM;
ADELN;
ADELO;
ADELP;
ADELR;
ADELS;
ADELT;14026
ADELV;14715
ADELW;3137,13224
ADELX;3191,6555,9209,14122,14284
ADELY;14737
ADELZ;1942
ADEMM;14751
ADEMN;
ADEMP;
ADEMR;722
ADEMS;
ADEMT;12826
ADEMW;
ADEMX;13313,13531,13613,14294,14296,14305,14535,14536
ADEMY;3138,3186,3303,9235,14393,14656,14682,14685
ADEMZ;13348,13351,13375,13382,13607,13789,14132,14270,14296
ADENO;991,1018,3171,3366,6686,12761,12775,13263,13357,14087,14221,14796
ADENP;
ADENR;
ADENS;
ADENT;
ADENV;13846,14659,14669,14806
ADENW;3366,9491,14796
ADENY;3103
ADEOP;324,13895,14166,14849
ADEOR;613
ADEOZ;5709,6706,9525,13904,14166,14343,14606
ADEPR;
ADEPS;
ADEPT;324,9300,12768
ADEPU;6317,6633,9407,12941
ADEPV;3335,9402,14669
ADEPW;9402,14139
ADEPY;9300,9401,13264,13903
ADERR;
ADERS;
ADERT;
ADERU;8987,13105
ADERV;3388,14659
ADERW;
ADERX;3375,3378,9200,14305,14535,14536
ADERY;
ADERZ;3271,12814,14166,14343,14523,14605,14606
ADESS;1965,8274
ADEST;
ADESV;3388,3392
ADESW;3383,12625,14837
ADESY;13589
ADESZ;3179,13759
ADETW;1090
ADETX;319,13636
ADEVW;3137,3154
ADEWX;3366,3383,14796,14837
ADEWY;8937
ADFFR;8934,12647
ADFFS;3393,9534,12944
ADFFY;
ADFIV;3394,9142,14896
ADFLU;
ADFNO;5362,6724,9543,13827,13845,13846,14868,14873,14875,14878,14896
ADFNS;1107,1974,3398,3405,3407,3410,9534,12946,14887,14889,14891,14897
ADFOS;3079,3408,5442,5730,6726,6727,9138,12944,13761,14908
ADFRS;6723,9542,14883,14909,14913
ADFRT;6729,9547,12952,14914
ADFRU;9541,12949
ADFRW;9547,12952,13793,13794,13832
ADGGY;13172
ADGIL;1111,1825,1976,3448,14926
ADGIS;311,3429,3439,6755,9552,9554,9561,9565,14867,14926,14932,14936,14938,14952,14964,14984,15030,15032,15053
ADGJO;14025
ADGLN;
ADGLS;1814,3439,3441,3470,3471,3472,6757,14926,14932,14936,14938,15057
ADGLY;3417
ADGMO;6372,9190,9551,13982,14025,15062,15063
ADGNO;
ADGNR;
ADGNS;1642,3478
ADGNW;1115
ADGNY;3103,6733,13903,14982,15006
ADGOO;6746,9174,9192,13224,13757,13760,14045,14931,15026,15062,15063
ADGOP;8960,13895,14930
ADGOS;3470,3486,8292,9553,9571,12954,14918,14927,15057
ADGRS;6755,9561,9571,14867,14918,14964,14984,15053,15057
ADGRU;6331,15062
ADGSU;1119,3144,3478,9193,13040,13259,14035,14957,15064
ADGSW;3470,3472,3487,9553,14952,15054
ADGUY;3103,3138,3464,6331,14954,14956
ADHIJ;3423
ADHIK;208,1990,9195,14931,15097,15101
ADHIL;9584
ADHIN;729,1990,3397,6332,6759,12971,15082,15099,15101,15131
ADHIP;337,12660,15073,15095,15108,15131
ADHIS;109,8296,8299,9572,9601,15129
ADHJO;14102,14184
ADHKS;731,1983,2001,2002,6768,9604
ADHLO;1644,5446,6735,6769,14954
ADHLS;108,334,338,1107,1122,1123,1814,1969,2005,3431,3502,3503,3504,3506
ADHLU;1645,2006,6735,9584,9592,12979,14933,14954,15086,15111
ADHNO;1804,3171,6769,9212,9237,9586,13263,14087,14199,14221
ADHNS;
ADHNU;
ADHNY;6733,8971,12810,13264,13903,14089,14159,14228,15130,15148,15163
ADHOR;996
ADHOS;5423,6386,6775,15094,15126
ADHRS;
ADHRY;305,1646,15080,15148
ADHSS;
ADHST;341,2998,2999,3494,3503,3510,3514,3517,5445,6764,6767,6779,9553,9572,9575,9619,14879,14938,14952,15078,15100,15125,15128,15129,15138,15144,15145,15146,15153,15162,15176,15178
ADHSU;9578,9601,9616,15094
ADHSY;109,1048,3186,3429,3501,9552,9602,9607,12978,14173,14176,14183,15096,15129
ADHWY;8937,15148
ADIIL;1971,8992,9540,9623,13784,13917,14094,14281,14282,14284,14285,14886,15086,15087
ADIIN;3528,6759,8994,9111,12610,15186,15232
ADIIO;3434,3531,6574,8297,9128,9133,9295,9574,9623,12983,13916,13917,14280,14308,14322,14323,14324,14325,14866,14886,14930,15085,15086,15087,15088,15094,15095,15182,15184,15213,15226,15231,15232,15233,15234,15240
ADIIR;3219,3220,3531,6514,6720,6759,9541,9629,14099,14330,14335,14336,15186,15188,15231,15232,15233
ADIKN;1990,6366,9662,9666,13794,15006,15186,15191,15249
ADIKO;5738,6393,6801,14931
ADIKS;9554,9668,15189,15190,15248,15249
ADIKU;6801,13932,14346,15186,15191
ADILN;1990
ADILO;9693
ADILP;15108
ADILR;15283
ADILS;
ADILT;326,1971,9621
ADILU;8309,8889,9584,9592,9671,14933
ADILV;3493,3554,3575,9624,15296
ADILY;6738,6746,14974,14976
ADIMN;15108
ADIMO;13811,15073
ADIMR;
ADIMS;8299
ADIMT;6615,9562,9621,9648,12826,12985,12988,14139,14270
ADIMX;9636,14294,14296
ADINN;112,6759,15006,15072,15130,15181,15226,15323
ADINO;3171,6814
ADINR;
ADINT;8306,8897,8898,9544
ADINV;
ADINW;6332,15252
ADIOP;337,347,8314,8322,8849,9133,9154,9402,9702,12983,13895,14166,14930,15073,15095
ADIOR;347,1146,6819,14866
ADIOS;3079,15126
ADIOT;3543,3566,14895,15095,15117
ADIOU;1146,3281,3456,5751,6743,6749,6801,8890,8898,9388,9684,9703,12879,12967,13997,14018,14145,14570,14615,14873,15015,15018,15026,15035,15048,15086,15207,15208,15220,15261
ADIOV;1137,1146,3573,9344,14324,14525
ADIOX;1071,9219,14122,15087,15297
ADIOZ;1121,6631,14166,14343,14605,14606,15220
ADIPR;337,347,3001,15073,15131
ADIPS;13456,14625
ADIPV;9402
ADIQS;9403,9666,12968
ADIRR;3448
ADIRS;14867
ADIRT;
ADIRX;3612,9660,9716,13112,13471,14305,14535,14536,15297
ADIRY;3610,6816,9418,9541,9629,9712
ADIRZ;336,1121,1870,1904,3271,3427,5709,6381,6626,9146,9600,12814,14159,14166,14523,14605,14963
ADISS;6793,15184,15350
ADIST;14101,14952,15146
ADISV;1139
ADISW;
ADISY;109,3429,5747,9552,14176,15134,15146,15255
ADITU;5751,8898,9562,15124,15306
ADITV;3394,15233
ADIVV;
ADIYZ;3586,6810,9600,12814,14159,14976
ADJNU;2054,6640,12953,14103,15082,15186
ADJSU;2055
ADKKU;9421
ADKLS;349,743,2056,3502,3535,3619,3620,3621,3622,5730,6797,6823,8899,9720,14904,15005,15189,15190,15249,15354,15355
ADKLY;717,3291,3294,5368,15097
ADKMU;5715,9421,14027,15099
ADKNR;1650,3502,8327,15186,15358
ADKNS;5369,5756,8886,8899,9662,9666,9724,12999,14904,15147,15189,15249,15253,15351,15354,15356
ADKNY;12950,15006,15148
ADKOV;6427,13497,14659
ADKRS;350,731,745,748,749,1650,1983,2001,2002,2060,2061,3502,3535,3537,3620,3621,3622,3625,5761,8900,9604,9668,9669,9722,9725,12999,15248,15351,15354,15355,15356,15357,15359
ADKRY;2061,9669,9725
ADKSU;3622,6546,6548,9120,9233,12999,15351
ADKSW;748,3296,3625,5756,5758,5761,6648,9665,9720,9724,13291,13486,14653,14662,14663,15355,15356,15359
ADLLO;3306,6369,6589,6654,6735,8901,13757,14359,14360,14361,14366,14906
ADLLY;13823,14680
ADLMO;
ADLMU;213,3541,8309,9584,15283
ADLMW;
ADLMY;9235,9440,13823,14667,14682,14691
ADLNO;6769
ADLNS;9735
ADLNU;
ADLOP;9728,15368,15380
ADLOS;15383
ADLOT;5446,5456,9721,9726,12979,14361,14379,14692,14908,15097,15117,15370,15383
ADLOU;5456,6492,6555,6653,6735,8329,9721,9726,12979,15026,15387
ADLOW;1147,1149,5755,6769,9606,9730,13224,13301,13832,14199,14202,14697,14724,14906,15289
ADLPS;1152,2005,3506,3627,9732,15354,15371,15378,15381,15384
ADLRS;214,338,1123,1150,1158,1969,1974,3005,3407,3502,3504,3619
ADLRU;5746,8329,8889,9592,9627,9644,9721,9726,15283,15387,15388
ADLRW;3137,6831,9606,9730,13793,13967,14670,14697,15289
ADLRY;354,3005,3419,3464,3639,8329,15361,15380,15386,15388
ADLST;6726,6727,6834,14908,15153,15383
ADLSU;
ADLSW;6828,9720,12961,12990,12992,14891,14897,15008
ADLSY;355,1150,1158,2065,3005,3408,3506,3626,3627,3641,5454,5457,5747,6335,6772,8876,9607,12978,14910,14974,15057,15384,15386
ADLTU;5456,12979,13075,13227,13228,13306,14026,15387
ADLUY;3639,5456,5457,6682,6772,8329,9063,9584,9592,9718,9731,12723,12795,12854,14682,14730,14735,14737,14747,14894,14954,15111,15386,15387,15388
ADMNO;9723
ADMNS;
ADMNU;15220
ADMOU;6466,6653,8890,13173,14751,15076,15220
ADMPS;6839,9702,9742,15061,15180,15310,15371,15404
ADMPY;9251
ADMRS;6822,6839,9722,9742,15061,15371
ADMRU;
ADMRY;340,354,15361,15389
ADMSU;3006
ADMSW;9724,15406
ADMTU;3477,6466,13313,14751,15124,15317
ADMUW;14756,15317,15372
ADNNO;3171,6769,9078,12718,12919,14087,14221,14875,14965
ADNNU;755,9731,12950
ADNNY;355,755,9698,9731,12950,14682,14696,14699,15006,15011,15130,15226,15271,15306,15392
ADNOO;5748,8277,8891,9150,9747
ADNOR;
ADNOS;622
ADNOW;1115,3366,6668,6769,9452,9724,9728,13006,13847,14189,14199,14221,14224,14569,14803,14812,14814,15252,15410
ADNOZ;13904,14036,14805,15163,15220
ADNPS;15363
ADNPY;3007,13264,13903,14797,15049,15108,15333,15380,15414
ADNRS;
ADNRT;12952,14914,15165
ADNRW;
ADNRY;9657,12947
ADNSS;3607,6793,9707,15052,15065,15326,15403,15410,15411,15413
ADNST;113,622,1000,1152,2998,3503,3510,3631,6824
ADNSU;
ADNSW;362,3003,3632,5756,6828,9724,13006,15410
ADNSY;14974,14982,15226,15255,15351
ADNTU;2043,5751,6804,8898,9546,15196,15306
ADNTY;353,2053,6471,9546,9718,13609,14699,14712,14797,14814
ADOPS;5767,9613,12983,15092,15126,15134,15214,15371,15384,15404
ADOPT;324,5760,8314,8322,9686,14751,14849,15095,15117,15430
ADOQU;117,9095,9403,14850,15173,15208,15230
ADORR;3485,15414,15422
ADORS;2066,9722
ADORT;747,2072,3485,5760,6729,8304,9617,9719,9721,9726,9760,15389,15430
ADORU;117,1146,6331,8329,9719,9721,9726
ADORW;1147,1149,15422
ADOSS;1951,2039,6687,6694,6793,8274,8324,8331,9432,9481,9713,9714,9754,9761,14870,14994,15184,15234,15323,15338,15350,15410,15413
ADOST;3382,3636,13081,13617,14662,14908
ADOSW;3383,5756,5758,6696,9151,9724,12625,13006,13251,14065,14569,14661,14662,14803,14812,14837,14859,15410
ADOTT;3572
ADOTY;3485,3512,3610,3639,5448,5456,6471,6506,6659,9463,9480,9526,9760,13858,14093,14193,14242,14522,14614,14692,14737,14797,14814,14842,14845,14846,14849,15063,15080,15095,15117,15130,15389,15430
ADPRS;2060,2075,3625,15371,15384
ADPRU;3330,9407,12941,13148,13571,14739,14774,15388
ADPRY;354,2049,2075,3007,3612,9716,15049,15388
ADPSY;9552,9716,15049,15134,15255,15384
ADQSU;2055,3006,3336,3462,3478,3641,9666,12968,15064
ADQUY;9063,15267,15388
ADRRU;1954,3371,8871,9413,12657,12934,13441,13660,13663,13711
ADRSS;3396,3549,8325,14924
ADRST;214,331,2002,2060,3517
ADRSU;175,2055
ADRSW;
ADRSY;15057
ADRTY;9480,9526,9619,9704,9712,9725,9760,13011,14842,14845,14846,15063,15080,15178,15389
ADRVY;3155,3388,9418,13582,13583,14182,14228,14614,14622,14715,15003
ADSSW;1088,3253,6644,9754,13366,13710,14352,14377,15266,15374,15385,15410,15413
ADSTU;
ADSTW;362,1144,3514,6806,6818,9553,9615,13006,14952,15054,15138,15145,15146,15212,15330,15376
ADSUY;3373,3615,3641,5457,5747,6772,13679,14024,14067,14735,14860,14894,15244,15267,15432
AEEFN;3666,3667,15440,15647,15648,15662,15687
AEEFR;1168,6891,15615
AEEFS;6848,15444,15621,15666,15673
AEEFZ;
AEEGL;8339
AEEGN;3014,6365,6366,13184
AEEGP;3014,3695,12660,15805
AEEGR;8337,9895
AEEGT;
AEEHM;9904,9935,9936,15983,15990,16038,16045,16081,16083
AEEHR;9811
AEEHT;15701
AEEHV;9938
AEEIN;1652,3665,3666,9914,9915,9999,15648,15724,15759,15995,16149,16166,16367,16370,16382,16383,16391,16395
AEEIR;3683,5342,10068,10115,16155
AEEIY;8346,10040,13184,13463,15987,16166,16201,16230,16249,16329,16462
AEEKM;3684,9998,15627,16189,16190
AEEKN;767,5468,5812,6366,8348,9784,10007
AEEKP;3761,5598,9932,10009,15969,16210,16507
AEEKR;8342
AEEKS;3024,6942,6954,12605,13291,15485,15526,15621,16029,16187,16475,16500,16507
AEELL;1217,3738,7029,7030,13068,13141,15440,15487,15508,15966,15971,16150,16194,16230,16233,16234,16239,16240,16518,16520,16525
AEELN;15440
AEELR;5342
AEELS;2077
AEELT;9814,15522
AEELV;1217,16308
AEELW;3797,6289,7059,12728,13224
AEELY;777,3792,7032,8339,10173,15710,16028,16045,16230,16525
AEELZ;3792,9856,13131,15747,15758
AEEMM;1241,2132,3811,10051,10211,13346,13414,16032,16243,16546
AEEMN;
AEEMR;
AEEMS;15736
AEENR;
AEENT;3829,15585
AEENV;16335
AEEOZ;13454,15936,16045,16382,16681
AEEPR;
AEEPS;16411,16500
AEEPT;8365,10009
AEEPY;777,1229,9980,10245,12719,13264,15957,16071,16108,16230,16525,16681
AEEPZ;3811,10009,15995,16234,16382,16420,16681
AEERR;
AEERS;
AEERT;16830,16831
AEERV;9840,16335
AEERZ;3792,3802,9927,10115,15482,15739,15936,16146,16176,16209,16420,16547
AEESS;3767,7142
AEEST;9828
AEESV;2154,2155,15483,15698,16185,16464
AEESZ;15717
AEETX;781,1239,3667,5476,5803,6883,7131,10177,10198,10249,10260,12707,13636,15574,15585,15918,15940,16106,16240,16520,16581,16831
AEETZ;3727,3811,5811,7155,10009,10115,15739,15903,16146,16176,16209
AEEVW;
AEFFG;628
AEFGN;7167
AEFHS;1256,7177,15621,16886,16894,16965,16973,16974,16975,16978,16990
AEFIK;10366
AEFIN;368,3889,16982
AEFIR;
AEFKL;664,1659,8197
AEFKN;10366
AEFKR;2170,7200
AEFKS;5659,5769,5863,8403,9120
AEFKY;
AEFLL;13757,17120
AEFLM;16936
AEFLN;2174,3897,9765
AEFLR;9821
AEFLS;
AEFLT;9814
AEFLV;9142,15617
AEFLY;16989,17137
AEFMR;2170,10308
AEFMS;3870,3904,9833,10417,15656,15684,16965,17023
AEFNR;9765
AEFNS;9151,10417,10420,16877
AEFNY;2167,7168,10316,10324,16989,17137
AEFOR;2169,9841,10395,10396,15695,16866,16867,16983,16999,17000,17112
AEFOV;
AEFPR;2170,3668,10318,15607,16999,17006,17068,17124
AEFRR;17216
AEFRS;
AEFRT;17202
AEFRU;17114
AEFRV;1266,10363,16992,17098,17181
AEFRW;17184
AEFRY;5595
AEFSS;12772,13728
AEFST;7177
AEFSV;17025,17098
AEFSX;3858,6494,6903
AEFSZ;3088,3888,7190,10376,10388,13759,17109
AEFTT;10365,10416,17173
AEFTW;9819,16963
AEFUV;368,9142,15617,17050,17114
AEGGI;3911,3916,8412,17236,17237
AEGGO;3928,5483,6907,7160,10438,10441,12775,13872,13882,17241,17245,17281,17313
AEGGR;17245
AEGGS;
AEGGU;1171,1272,3928,15702
AEGHP;2184,3911,3940,3952,3957,9767,9852,10444,10451,10454,10475,12660,13898,17245,17389,17393,17396,17397,17414,17415
AEGHR;17414
AEGIL;1280,3961,8404,8412
AEGIM;15794
AEGIS;17787
AEGJR;5485,7306,17507,17509,17511
AEGJU;6368,15844
AEGLL;
AEGLM;
AEGLN;
AEGLP;3940,17389,17804,17808,17813
AEGLR;
AEGLS;
AEGLT;
AEGLV;
AEGLY;6933,17399
AEGLZ;9856,15758
AEGMM;17467
AEGMN;
AEGMO;985,12612,13982,14025
AEGMR;17414
AEGMS;
AEGMY;10471,17414
AEGNO;4011,7330,12775,13904,15818,15917,15918,17487,17743
AEGNR;
AEGNS;
AEGNT;7330
AEGNU;367,15930,17422
AEGNV;
AEGNY;3103,7330,15918
AEGOT;4011,7330
AEGPR;9852,9887,9895,10444,10475,15931,17245,17406,17869,17887
AEGPS;
AEGRR;17245,17869,17887
AEGRS;
AEGRT;
AEGRU;124
AEGRV;
AEGRW;3137,3154,3947,4104
AEGRY;124,2206,9876,10471
AEGRZ;15482,15739
AEGSS;17897
AEGST;
AEGSU;2161,3144,13040,17886
AEGSV;15483
AEGSW;3933
AEGSY;4031,14024,17427
AEGSZ;9890,15717,15901,17688,17921
AEGTU;
AEGUV;15617,17365,17726
AEGUZ;
AEHHP;7340,15956,17945,17946,17949,17964
AEHHT;13261,17964
AEHJR;4135,15952
AEHJS;8464,10644,17998
AEHKN;2266,5354
AEHKS;15485,16031
AEHKU;14187,18001
AEHLM;9936,16038,16045
AEHLO;2230,7340,9936,16038,16045,17398,17945
AEHLP;3187,3945,4110,4144,4151,4154,7340,17945,18174,18179
AEHLR;3942,17396,17398
AEHLS;
AEHLT;
AEHLU;2271,4114,10629,17980
AEHLV;4118,17345
AEHLW;802,5913
AEHLY;14184,16028,16045
AEHLZ;9904,14202,16045,17985,18030
AEHMN;4143,4166,16079,16083,18231
AEHMO;2268,4174,5355,7392,9936,9937,9955,10617,10688,10696,10760,16032,16038,16045,16083,18073,18156
AEHMR;3869
AEHMS;
AEHMT;14139,14141,18157
AEHNN;3171,3183,3187,3719,13889,14087,14142,14221,15492,15956,16083,16989,17240,17322,17331,17333,17356,18029,18057,18173,18192
AEHNS;125
AEHNT;
AEHNV;222,2284,14221,18263
AEHNY;9954,12810,13264,14089,14158,14159,14228,15958,16108,16989,18108,18231
AEHOV;2284,8482,8487,10824,10875,14221,18132,18263,18281
AEHPR;17246,17396,17429,18179,18263,18281
AEHPS;7372
AEHPY;4178,14169,14173,14176,14215,14241,15987,16081,16108,17380,17414,17423,18073,18119,18141,18271,18281,18282
AEHRS;
AEHRT;
AEHRU;2950,5665,7367,7418,8479,9923,14086,18095
AEHRV;18263,18281
AEHRW;18231
AEHRY;3958,4178,7398,9954,10471,16028,16046,16067,16108,17246,17388,17414,17429,18231,18263,18281
AEHRZ;199,15739,16142,16146
AEHSS;
AEHST;
AEHSU;389,5926,8458
AEHSV;
AEHSW;
AEHSY;5375,5603,7408,10889,14173,14176,17427,17950,18141,18282
AEHSZ;3179,9959,10890,15990
AEHTT;1305,3725,7345,7397,7411,10732,17970,17993,18291
AEHTU;4145,7389,9160,10629,10809,13306,14093,14126,17344,18183,18291
AEHTW;6946,9819,15701
AEHVY;14228,18263,18281,18301
AEHYY;10810,17414
AEIJS;9307,9308,10979,14344,18324
AEIJX;
AEIKL;10645,16194,17974,18331
AEIKS;4221,18588
AEILL;16150,17945,18521
AEILM;
AEILN;
AEILP;18331
AEILR;16155
AEILS;
AEILT;18315,18716
AEILV;18315
AEILW;11118
AEILX;14122,15636,15773,16325,16328,17652,18315,18804,18820,18825,18862,18863,18866,18869
AEILZ;2358,3978,3988,4290,11096,15747,15758,16234,17050,17059,17633,17985,18030,18329,18331,18535
AEIMM;
AEIMN;18891
AEIMR;
AEIMS;
AEIMV;5806,7436,7501,8497,10068,15794,16264,16350,18318,18897
AEIMZ;3259,5511,9911,10549,10694,13348,13351,15802,15991,15994,16336,18898
AEINN;
AEINR;129
AEINS;
AEINT;17994
AEINV;368
AEINX;4362,13988,14294,17470,18999
AEINZ;4199,4265,9911,10694,11096,17985,18361
AEIPR;
AEIPS;15836,18588
AEIPT;9300,9780,10009,12768
AEIRR;
AEIRS;
AEIRT;
AEIRU;399,1285,4022,5515,7290,7375,7625,7631,16155,16164,16173,16274,16415,16420,16452,17105,17114,17316,17383,17511,17601,17639,17650,17747,17791,18095,18460,18462,18491,18738,18849,19090,19106,19114,19145,19146,19151,19153,19162
AEIRV;
AEIRY;4231,8545,9418,10956,11200,11231,11248,17732,17738,17776,18992,19045
AEIRZ;8504,10396,13472,14605,16414,19082
AEISV;
AEISZ;10973,16441,19148
AEITT;1305,3889,5341,17292,17743
AEITV;15794,17345,18315,18534
AEITW;2309,9819,11118,15701,15968,15971,16239,17345,18023,18024,18535,18984
AEITX;4282,4350,4362,5803,5972,16240,18315,18863,18999
AEIVW;16239,17345
AEIVZ;3988,8462,11096,17050,17654,18437
AEJKR;1325,4135,4381,7460,16465
AEJKS;2408,6001,6639,7634,11310
AEJKY;3291,4135,4381,11313
AEJLP;2405,2406,2407
AEJLV;
AEJMS;3753,4385,11310,11316,13482
AEJNS;3753,3754,4382,4385,4386,10122,10977,11319,12714,18515
AEJPR;
AEJPS;3753,10977,19170
AEJRS;3754,4385,10122,11319,16466,16474
AEJST;2409,7307,7462,13171,14185,14344,16473,16474,17034,18324,19170
AEJSY;4385,11319,16472
AEKKM;6638,7640,8465,11320,17512
AEKKS;401,2410,4389,6004,9420,11323,16186,16187,16475,17513,18000,18523,18524,18526,19172,19175
AEKLN;17804
AEKLR;
AEKLS;15485,16029,16478
AEKLT;7644,15522
AEKLW;802,3675,7635,15968
AEKLY;16028
AEKMM;2267,4392,9190,9426,11324,16032,17037,18156,18157
AEKMR;8465,18156
AEKMS;4406,11338
AEKNO;5468,6424,7037,14656,16204,16494,17122,17804,18563,18573,19182,19193,19194,19195
AEKNP;3761,15969,17804,18309
AEKNR;
AEKNS;
AEKNT;3761
AEKNV;7253,7475,16494
AEKNW;
AEKOP;8813,9229,9428,9431,11346,17124,17804,18156,18336,18543,18550,19220,19222
AEKOR;613,1073,1206,5468,6424,14664,16032,17124,17388,18156,19195,19202,19220
AEKOT;7644,8371,14655,16188
AEKOW;7635,11348,14655,14663,14664,18165,18551,19220
AEKPS;670,2417,8467,16507,16859
AEKPY;4231,11346,19222
AEKQU;3684,5945,9784,19194
AEKRR;
AEKRS;
AEKRT;
AEKRW;131,19220
AEKSS;2408,6005,6012,8914,13358,13366
AEKST;3758,4406,15526,16507
AEKSU;4406,5387,6001,6009,7312,7634,8403,16195,16478,16848,17136,18567,19229
AEKSW;13291,18159
AEKTW;2309,3761,4404,7646,11348,14655,15968,18165,18325,18535,19225
AELLL;375,2421,7430,11354,18594,19234
AELLP;5521,16150,17945,18520,18530
AELLS;19238,19239
AELLY;
AELMM;11324,16546
AELMN;4143
AELMO;5502,7392,8517,9936,9937,10515,10909,16038,16045,16223,18602
AELMP;19303
AELMR;
AELMS;
AELMT;
AELMU;18602
AELMY;16045
AELNO;2425,5386
AELNP;17804
AELNR;
AELNS;
AELNT;
AELNU;4275
AELNV;7677
AELNW;19370
AELNY;8561,10316,16989
AELOP;2406,7340,15460,16525,17804,17813
AELOR;
AELOS;7159,18524,19406
AELOV;7521,7713,18719
AELOW;1386,2425,5913,7635,10679,11118,13224,13301,14199,14202,14697,16038,16963,17141,17184,17808,17825,18538,18551,18626,18669,19180,19317,19370,19394
AELOZ;864,1417,3978,4441,4456,7260,7439,16045,18329,18356
AELPP;15538
AELPR;
AELPS;
AELPT;
AELPU;
AELPY;7083,7739,8561,10587,16567,18804
AELQU;1254,3313
AELRS;
AELRT;
AELRU;
AELRV;
AELRW;3137,14697,16574,19317,19370
AELRX;1215,2472,3716,3868,4063,5775,5835,6996,7727,10027,11035,18179,18820,18862,18863,19385,19410
AELRY;
AELSS;
AELST;
AELSU;16848
AELSV;
AELSW;1424,8570
AELSX;7512,14348,14397,17585,19348
AELSY;19406
AELSZ;19440
AELTT;4045,4228
AELTU;4497,19430
AELTV;11143,17345,18315,18534
AELTX;3868,3875,5803,7727,16240,16546,17049,17061,17959,18315,18804,18820,18862
AELUV;2421,7667,7677,15617
AELVV;16194
AELVY;6933,13583,14715,19377
AELZZ;4438,18331
AEMMS;
AEMMY;3138,7109,9285,11144,16546
AEMNR;
AEMNS;
AEMNT;
AEMNV;7677,14266,14386
AEMNX;5879,7509,14294,17470,17572
AEMNY;1901,9954,10214,10218,11144,18231
AEMOR;7640,16032
AEMOV;10824,17096,18897
AEMPR;
AEMRR;4083,18959,18960
AEMRS;
AEMRT;
AEMRY;4178,17414,18231,18245,19456,19473,19491,19507
AEMRZ;3346,4434,4441,7118,15739,16547
AEMSS;
AEMST;
AEMSU;17886
AEMSW;4088,4173,11338,19340
AEMSX;1436,3950,4526,7512,13589,15804,17585,17886,18236,18888,19495
AEMSY;
AEMSZ;7675,15901,16666,19239
AEMTT;2413
AEMTY;2984,3810,4032,4520,5839,7109,7753,7756,18157,18219,19441,19491,19507
AEMUV;7677,16264
AEMYZ;4265,16045,16681,18898
AENNP;11498
AENNS;3
AENNT;11498,18173,19354
AENNX;4317,4319,13988,17470,18973,19353,19514
AENOP;5497,7368,13263,14087,17804,18192,18255
AENOS;
AENOT;15918,16188
AENOV;5959,7677,10076,11083,11407,13846,16586,17739
AENOX;3366,14796,15574,15918,16106,16270,16581,16956,17042,17061,17092,17599,17959,18453,18999,19011,19461,19514
AENOZ;7704,13904,14036,14805
AENPP;15538
AENPR;5497,18255
AENPS;
AENPT;
AENPV;16588,17365,18377,18766
AENQU;407,9784,13634,13660,15821,17760
AENRR;234,18255,18258
AENRS;
AENRT;
AENRU;8479,11490,16164
AENRV;13846,18263
AENRW;
AENRY;
AENSS;
AENST;
AENSU;
AENSV;
AENSW;
AENSY;783,8196
AENSZ;9890,12745,13607,13759,15717,16683,19239,19372
AENTY;7109,7168,7302,7583,14797,15918,18219,19441
AENTZ;3727
AENVW;1365,14221,14806,17211,19370
AENWX;3366,14796
AENWY;
AENWZ;17777,18984
AENZZ;4438,4456,16336,17110,17777
AEOOZ;4174,6706,19082,19575
AEOPR;3952,3958,5497,6963,8579,9023,9295,9895,13895,17246,17429,17484
AEOPS;15961
AEOPT;14751
AEORS;
AEORT;
AEOSS;5498,5519,6538,6567,7781,9432,11565,14092,14217,16133,16811,17920,17972,18074,19204,19230,19622,19623
AEOST;7137,7781,16133,16811
AEOSV;11265,11344,17306
AEOSZ;9525,9890,15717,16683,18125,18519,19097
AEOTV;3773,19102
AEOTW;7768,11118,11348,13847,14615,14795,14814,16805,17211,18626,18910,18984,19082,19225,19277,19370,19394,19403,19596
AEOTZ;10396,10729,15903,18133,19082,19575
AEPPR;
AEPPS;
AEPPU;8869
AEPRR;
AEPRS;
AEPRT;
AEPRU;12941,14086,16164,16338,18101
AEPRV;8545
AEPRW;
AEPRY;
AEPSS;
AEPST;
AEPSU;3885,7372,15835,15836
AEPSV;2515,3730,4162,14721
AEPSX;2417,4526,6702,7769,14176,18141,18257,18973
AEPTT;
AEPTU;
AEPTX;2466,10198,10249,16106,17489,18453
AEPTY;3810,8546,9300
AEPVY;8545,18050,18845
AEQRU;393,3313,12941,14739,18038
AEQTU;19102
AERRR;7788,10432,17647
AERRS;
AERRT;19484
AERRU;3371,4497,6319,6716,7418,12934,13441,13663,19153
AERRV;
AERRW;8590,11348,18165
AERRY;
AERRZ;3086,4314,4377,4488,16146,18121,18689,18797,18960,19091
AERSS;
AERST;
AERSU;
AERSV;
AERSW;
AERSX;141,3950,4063,15570,16342,16383,17585,18417,19528
AERSY;
AERSZ;19401
AERTT;
AERTU;
AERTV;372,15566
AERTW;844,2471,4404,6018,11348,15566,19225,19277
AERTX;3868,4350,4362,14305,14535,14536,15574,16831,16956,17049,17435,18863,18999,19461
AERTY;2984,11542
AERUZ;7766,11519,16420,18632
AERVV;4216,7459,11304,17217,18483,19114
AERVW;3137,3154
AERVY;3388,8545,9418,13583,14182,14715,19377
AERWX;19226
AERWY;9876
AERWZ;6706,6884,9109,10888,14639,17777,19082
AESSS;4380,8595
AESST;
AESSV;
AESSW;6005
AESSX;141,3806,5931,6694,6885,7769
AESSY;17920
AESSZ;4107,17916,18308
AESTT;
AESTU;
AESTV;15483,15571,16690
AESTW;15567
AESTX;18236
AESTY;
AESTZ;3179,10809,10890,10973,18191,19148
AESUV;
AESVW;
AESVX;2155,4063,4310,16391,16464,16604,16810,17033,19033,19117
AESVY;3388,3392,11487,14591
AESWW;3383,3838,4185,4425,13291,14629,14678,14726,14837,14854,16782,17958,18229,18916,19224,19259,19283,19414,19455,19554,19595
AESWX;2417,3383,14837
AESXZ;4526,13479,14339,16328,18421,19083
AETUV;11143,15584,17791,18351,18509,18534,19102
AETVW;10875,15566,16805,17211,17345,18501,19370,19596
AETZZ;14738,17110,19072,19148
AEVWY;
AEVYZ;
AEWYY;
AFFFL;7794
AFFFS;19643,19644
AFFFY;
AFFGR;4584,4585,11581,14868,19648
AFFGS;4582,4587,19651,19652,19653
AFFHS;3393,4588,16849,16854
AFFIX;16863,19662
AFFLO;4589,6887,16872,19662,19670
AFFLU;1254,3850,6491,7794,9815,10316,19663,19670,19674
AFFNS;3393,4586,7797,9534,12945,12946,16877,19643,19652,19653,19679
AFFNY;4593,12947
AFFPU;10318
AFFQU;1254
AFFRS;4597,19644,19677,19679
AFFST;2529,2530,3393,4582,4587,6889,7797,8597,19669,19672,19673,19675
AFFSW;4594,4597,19653,19659,19675
AFFSY;4588,16854
AFFTY;11587,16871
AFFUW;
AFGGY;19685,19686,19692
AFGHU;9117,10322,10323
AFGIN;
AFGLO;3861,4611,6891,7160,13757,15615
AFGLS;1448,4582,11599,16882,16886,16904,16915,19700,19749
AFGLU;
AFGNO;11581,14868,14875,19758,19761
AFGNS;
AFGOS;1710,2161,4609,7800,11609
AFGOT;
AFGRS;4609,4612,7800,11598,11611,19748,19777
AFGRT;3662,15439,19775
AFHIT;3397,9819,10320,10330,10332,11614,11617,16982
AFHIZ;19792
AFHKS;886,1256,2535,4588,5617,6082,9120,11620,13775,16854,16965,16966,16987
AFHLS;16886,16973,16974,16975,16990,19788,19797
AFHRW;11622,16993
AFHST;7177,7807,16894,16990,19797
AFHSU;4599,16894,16997,19794
AFIKL;
AFIKR;
AFIKS;5617,6082
AFILL;326,8291,19828
AFILN;14895,19843
AFILO;1972,4589,7815,9128,9136,11647,14885,14886,14895,14896,17042,19662,19788,19802,19804,19807,19808,19809,19829,19843
AFILP;1711,2165,6721,9540,9831,11617,11631,11651,11656,13781,13796,14886,15607,17006,17068
AFILR;11617,11626,11658
AFILS;7817,12944
AFIMR;11626,19854
AFINR;19860,19861
AFINS;19643
AFINT;10330,10392,14895,16982,19843
AFIQR;
AFIRR;1451,4639,6720,11666,19828
AFIRS;11598,11639,11671,14867
AFIRT;1451
AFIRY;4593,14880
AFIST;7817,19720,19826,19865
AFISW;4637,10398,14891,14897,17048,17058,17097,17098,17116,19653
AFITW;9819,15640,15653
AFKLN;
AFKLS;7819,19868,19869
AFKLY;
AFKNR;11674,19667,19668
AFKNS;6725
AFKOT;7200,11675,17122,19667
AFKRT;728,2536,2550,3668,7200,8944,10345,10367,11587,11675,19667
AFKSW;6090,17123,19869,19871
AFLLS;431,888,3406,14908,19669,19877
AFLMM;1260,17037,17051
AFLMS;432,3407,4601,4621,4624,9542,14894
AFLMY;11681,13823,17156,19796,19883
AFLNS;12951,14909,19880,19886
AFLNW;15616,17141
AFLOO;6501,9543,11654,11681,11685,13757,13760,14886,14895,14896,14906,17046,17124,17173,19808,19843,19879,19887
AFLOR;1453,7806,7827,11622,11685,14878,14881,14911
AFLOS;1661,3408,5686,5730,5866,6090,13822,16973,19809
AFLOT;
AFLOU;3899,4633,5866,7806,7827,10375,11616,13827,14873,17074,19662,19829,19894
AFLPS;2080,2162,2173,2549,4621,13778,16938,16939,17166,17175,19675,19880,19881,19886
AFLRS;1969,1974,3407,4643
AFLRU;4633
AFLRY;2531,11681,11685,14878,14881,14911,19796,19875,19883
AFLST;432,889,4582,4590,4618,6087,11599,11644,11645
AFLSU;1263,8601,17017
AFLSW;6090,17048,17058,19675,19869
AFLSY;19893
AFLTU;11651
AFLTY;
AFLUW;4633,7827
AFLWY;13832,14911,17156,19741
AFLXY;
AFMNU;367,2176,3880,19752
AFMOR;19854
AFMOS;10404,16939,16940,17090
AFMOY;11665,11681,17156,19756,19873,19883,19900
AFMRS;434,3398,3407,3411
AFMSU;434,1263,13800,14894,17201,19720
AFNNO;3896,13827
AFNNY;12950
AFNOS;4646,6888,7797,7828,10417,10420,11623,16877,16990,17090,17106,17163,17166,17170,19809,19819,19867,19880,19886,19888
AFNRS;3398,3407,3412,4650,7829,14909,14913,19777,19880,19886
AFNRU;19668,19707,19798
AFNSU;9534
AFNSW;4637,9151,19777
AFNWY;4608,11674,19741,19901
AFOOT;11654,11663,11688,11691,14895,15671,17046,17101,17173,19801,19808,19843,19887
AFORR;4639,7806,11666,17068,17069,19667,19828
AFORS;4597,6728,6903,7800,7811,10395,10424,11639,11671,14913,15695,19777
AFORV;11640
AFORY;5547,11586,11674,11681,14878,14880,14881,17219,19756,19838,19861,19875
AFORZ;9149,17057,19792
AFOSS;7820,9536,11589,11683,19809,19816,19876
AFOST;7177,7196,7807,7829,11663,11688,13162,15695,17106,19819
AFOSY;3408,5442,7196,19889,19896
AFOTU;
AFPRS;4632,4643,4648,11598,11618,11639,19771,19777,19813,19837,19863,19880,19881,19886,19888,19892,19893,19899
AFQSW;19794
AFRSS;435,3396,4623,14912,19757,19779,19815,19858,19897
AFRST;433,4643,4650,7829,19797
AFRSU;434,7800,7811,11671
AFRSW;2555,4597,4637,19771,19777,19869
AFRSY;19657,19784
AFRSZ;3088,7172,10388,14913,15625,17109,19792
AFRTY;4650,19875,19900,19901
AFSST;890,1452,4644,14912,19757,19779,19810
AFSTU;3908,15698,16894,17032,19720
AFSTW;11590,19675,19869,19885
AFSUV;429
AFTTY;4650,8603,9546,10344,11692
AGGGO;13164,19681,19910
AGGHS;11699,19926,19928
AGGIN;
AGGIR;3916,4667,17236,17237
AGGIS;4667,11706,20006
AGGIW;13170
AGGJS;7837,13171,19926,19930,19950
AGGJY;
AGGLU;1171,1272,3928,10436
AGGMS;3931,4667,20009
AGGMU;3928,13173,15702
AGGNS;1456,3420,4680
AGGNU;19645,19687,20005
AGGNY;19685,19943
AGGOR;3421,6907,13882,15715,15719,17245,17246,17313,19927
AGGRS;20006
AGGRY;
AGGSU;12954,20006
AGGSY;
AGGTY;19943
AGHHI;2562,11709,11715,14926,15724,20016,20017,20018,20019,20020,20021,20023
AGHHU;2180,11713,11715,20021,20023
AGHIL;3937,4684,6908,10451,11735,11742,19918,20073
AGHIN;
AGHIT;6080,15701
AGHIZ;17243
AGHKU;6100
AGHLU;6735,14933
AGHMO;2570,4695,7853,11594,11770,14939,19701,19706,20025,20061,20078,20123,20126,20135,20139
AGHNO;4712,8620,17417,20127,20135,20136
AGHNP;441,2184,3424,4712,11736,14955,17396,20028,20054,20078,20135,20136
AGHNS;
AGHNT;20127
AGHNW;
AGHOY;4718,6733,7860,9551,11722,11741,11755,11770,11771,11772,14954,14956,17392,17399,19918,20074,20079,20099,20122,20127,20129,20130,20131,20132,20152,20154,20155,20157
AGHPR;1463,2571,2573,3942,3945,3957,3958,4692,4704,4717,7861,9767,9852,10444,10475,10476,11771,14959,15732,17245,17246,17393,17396,17397,17406,17414,17415,17429,19927,20024,20025,20124,20130,20132,20135,20139,20150,20151,20152,20153,20154,20155
AGHRT;2570,4710,20154
AGHSS;1461,3432,11772,19699,20113,20120
AGHST;19928
AGHSU;17247
AGHTU;
AGHUW;
AGIIT;3962,7239,7241,7877,8877,9560,10490,11778,11805,11807,11813,11815,13866,17321,17487,17499,17500,20029,20033,20163,20172,20238,20249,20255,20270,20283
AGIIV;3962,7882,7885,11725,11778,11782,11815,13928,15003,17441,17494,17500,20172,20267
AGIJR;3676,5485,17509,17511,19951
AGIKL;6093,9167,10480,11730,13185,13932,15755,15756
AGIKN;
AGILL;446,447,1273,1280,4745,4751,5486,7896,14968,20029,20052,20182,20186,20189,20195,20322
AGILN;
AGILO;5553,20322
AGILR;20182
AGILS;20181
AGILU;3961,8404,20019
AGILW;17345
AGILY;6746,19918,20019,20322
AGIMN;
AGIMO;4695,7276,12964,12965,13982,16918,17273,19756,20078,20085
AGIMS;20159,20181
AGINN;
AGINO;
AGINP;14945
AGINR;
AGINS;
AGINT;20341
AGINW;
AGINX;1466,11781,13988
AGINZ;
AGIOP;450,3911,4695,11746,11851,11873,11898,13895,14922,14930,17633,17703,20043,20085,20310,20322,20451
AGIOR;3455,13895,14866,14930,19756,20085,20284
AGIOS;11609,11820,19770
AGIPR;11787,20085
AGIRS;14867,20159
AGIRT;
AGIRV;
AGIST;
AGISV;19980
AGISY;147,3429,4031,4694,4829,9552,10517,11706,14021,14024,14936,20048,20195,20307,20344,20525,20528
AGITT;4658,11928,13993,14022,15805,15818,17292,17487,17511,17701,17789,20029,20227,20247
AGITU;7877,9562,11763,19925,20019,20072,20218,20312,20341,20355
AGJLU;6368,15844
AGJOS;11820,20289
AGKLN;4675
AGKLO;1286
AGKNR;
AGKNS;
AGKNY;7887,20305,20531
AGKOP;17804,20118
AGKOS;4834,11820,17806,20120,20313,20535,20536
AGKSS;1461,4741,11838,17514,17517,20120,20308,20313,20536
AGKSU;5886,6115,7312,7890,10582,11828,11932,17518,20309,20311,20318,20534
AGKSW;
AGKWY;2206,9876
AGLLS;145,244,457,1480,2569,2611,3438,3439,4676,4751,4752,4843,7799,7848,7894,7896,11784,14932,14967,20008,20181,20194
AGLLY;146,1462,2581,2583,2611,4835,11839,11846,20122,20322,20540
AGLMO;4845,20123,20126,20531
AGLMS;3441,11784,20181
AGLMU;377,4045
AGLNO;
AGLNR;20538
AGLNS;7933
AGLOO;6746,9174,11845,11846,13224,13757,15026,19918
AGLOP;450,4857,10451,10515,20130,20131,20132,20415,20555
AGLOR;20130,20132
AGLOS;1480,20008,20560
AGLOT;4611
AGLOV;
AGLOW;13224
AGLPY;3940,10587,11742,17389,17396,17645,17837,20130,20131,20132,20322
AGLRU;
AGLRY;20130,20132,20550,20553
AGLSS;245
AGLSU;20560
AGLSY;11937,11939,15057,20307,20553
AGLTU;2615,3446,4855,19750,19775,20218,20304,20355,20379,20416,20418,20541
AGLYY;4708,4786,14874,20131,20368,20382
AGLYZ;
AGMMU;
AGMMY;11743,17659,20076,20421
AGMNO;20078,20123,20136,20531
AGMNS;
AGMNU;367,377,5559,20123,20312
AGMNY;1982,4679,11940,20136,20531
AGMOP;4068,4695,4846,11746,11770,11941,17411,20025,20078,20123,20124,20139,20425
AGMOR;2570,2617,3455,4861,11871,20025,20139
AGMOS;
AGMOT;2570,2600,2617,4042,4710,4800,11889,11891,11941,12964,13982,15063,15861,16918,17829,17888,19706,19755,19756,20061,20126,20139,20247
AGMPR;17393,17406,20025,20124,20139
AGMPS;246,19940,20311
AGMRS;8623,20159,20248
AGMRU;
AGMSU;2602,3144,11890,17886,20445
AGMTU;2600,3477,4045,4800,7877,9562,10549,11879,15808,19755,20126,20312,20355,20572
AGMUY;7877
AGNNO;
AGNNW;15616,15911
AGNOP;4712,10551,11898,17703,20136,20146,20451,20576
AGNOR;
AGNOS;
AGNOT;7330,15056,15917,15918,20127
AGNOU;6749,15035
AGNOW;896,1115,7325,7886,11831,15917,20452,20501
AGNOY;2606,4795,6733,7330,11755,13998,15710,15918,17837,19737,19970,19972,20079,20127,20136,20499,20531,20540,20571
AGNOZ;13904,14036
AGNPR;9887,10599,14955,17406,17415
AGNPS;
AGNPU;7290,15037,15051,17590,17608,17751,17902,20383,20395,20481,20487,20576
AGNRR;
AGNRS;
AGNRT;4855,19775
AGNRW;1487
AGNRY;
AGNSS;
AGNST;
AGNSU;
AGNSV;459,1116,3481
AGNSW;7933,20014
AGNSY;4709
AGNTU;11817,19775,20218,20312,20355
AGNTW;15917
AGNTY;7330,11923,15918,17420,19943,20453
AGOOZ;15903
AGOPR;450,1463,2560,2573,3957,3958,4704,7861,8424,9895,10444,10475,11771,11936,13895,14930,15931,17245,17246,17406,17429,19927,20024,20025,20124,20130,20132,20152,20153
AGOPS;2574,11772
AGORS;
AGORT;2570,4710,4750,20061,20227,20247
AGORU;6331
AGORY;3958,6331,7860,11741,11771,17246,17429,20130,20132,20152,20153,20154,20155,20532,20550,20555
AGOSS;7864,7916,11702,11772,12970,17476,17920,20012,20087,20445
AGOST;
AGOSY;4709,4841,11772,11939,15047,17427,20008,20074,20571
AGOTT;7941,11707,11910,11928,15032,20000,20227,20247,20478,20501
AGOTV;15935
AGOTY;2606,4710,7330,8631,10477,11891,11941,15063,15918,17317,17420,17692,17893,19756,20154,20453,20464
AGOYZ;8631,13998
AGPPY;11771,17380,20130,20131,20154,20555
AGPRS;3472,20534
AGPRY;7860,11742,11771,11936,20130,20132,20152,20153,20154,20155,20525,20528,20550,20555,20584
AGPSS;4829,11772,11945,17384,19699,20551
AGPSU;468,4693,4869,7937,15835,15836,20534
AGPSW;3472,4751,15838,19771,19777,20010,20539
AGPSY;3429,4829,9552,11772,14067,17419,17427,20140,20525,20528
AGQSU;3462,3478,4853,5561,12968,15836,17294,17614,17940,20217,20337,20353,20514,20529
AGRSS;1461,3432,4741,15052,20443
AGRST;
AGRSU;
AGRSV;
AGRSY;894
AGRTU;438,4855,19775
AGRUU;14959,16947,19707
AGRVY;
AGSST;20012,20551
AGSSU;1474,2610,6116,7916,11945,12970,20445
AGSSW;245
AGSSY;4829,11772,17920,20012
AGSTY;4829,4831,11939,20528,20553
AGSUV;20494
AGSUY;5892,7846,11932,14067,17308,20354,20421,20510,20571,20573
AGSWY;2611,4031,14021,15927,19920,20048
AGTTU;4855
AGUWY;
AGUYZ;20572
AGYYZ;
AHHIT;2626,4885,4889,4890,4891,4892,7948,7949,8428,10610,11946,11950,11952,11953,15947,17946,17947,20017,20018,20019,20593,20596,20597,20598
AHHKP;
AHHOR;9200,10444,11950,14089,15073,15080
AHHPY;4891,15080
AHHRS;
AHHSS;474,1984,1985,2996,3489,4683,4893,4894,4896,11959,20600,20611
AHHSY;2630,11956,17950,19912,20602
AHIIS;476,1494,1495,3490,4883,7953,14101,15092,15093,15094,17978,17982,17983,17989,17995,17996,19693,19914,20039,20040,20044,20614,20622,20627,20630,20640
AHIJJ;
AHIJR;
AHIJS;17998
AHIKK;385,477,478,10645,11989,17974
AHIKM;15099,18001
AHIKN;7957,11965,11989,11997,15099,15101,19781
AHIKS;4588
AHIKT;208,385,478,9195,10652,11989,13268,15969,17239,20613
AHIKU;18001
AHIKZ;
AHILP;3424,4684,7952,15108,20069,20621,20677
AHILR;1492,4917,7954,15088,15089,19657,20073,20622,20624,20626,20667,20670,20673,20693
AHILS;19657,20622,20692
AHILT;7948,7949
AHILY;7359,7949,7963,9584,10656,12001,12002,18004,19657,19918,20019,20591,20592,20692
AHIMR;4696
AHIMS;15129,20696,20713
AHIMT;1723,4889,7964,12043,12044,14139,15129,20052,20089,20618,20677,20713
AHINS;4883,20696,20727
AHINT;6332,7344,7957,12971,13766,16006,18029
AHINU;251,4930,10723,11759,11763,14103,15082,16006,17362,17365,19921,19922
AHIOS;12614,14135,14943,15983,17998,18042,18043,18044,18045,18093,18134,20079,20101,20627,20636,20690,20696,20703
AHIPP;4889,18031,20043,20638,20739
AHIPS;19659
AHIRS;
AHIRT;484,7376,11614,12971,15131,16007,16012,20638
AHIRU;4917,7367,7947,17316,18084,20018,20746
AHIRY;2562,4942,6132,7860,8618,11974,12046,12078,19657,19793,20085,20099,20638,20667,20702,20715,20722,20739,20745,20746,20750
AHIST;15129,15146,20743
AHISU;5568,7950,14174,15094,17998,19794,20664,20692
AHISV;9601
AHISW;7956,11968,11988,11991,17958,19659,20625,20659,20663
AHITU;4126,4923,4930,10723,11763,14947,15124,16006,17316,17383,19925,20105,20746
AHJKO;
AHJPU;
AHJTU;
AHKLS;13289,14186,15485,16027,16029,16030,16031,18155,20754
AHKNS;6768
AHKNT;5621,6141,7957,11989,17239,20017
AHKNY;7957,8613,15148,20644
AHKOO;6137,8210,8676,14931
AHKOP;8466,8672,9229,12091,18156,19781,20118
AHKOS;6547,6954,7383,7384,16030,16987,20754,20757,20758
AHKPS;8467,8645,9232,9581,9932,11988,16031
AHKRS;4945
AHKSS;7975
AHKST;4950,7977,18158,20599,20752,20755
AHKSU;20752
AHKSW;1506,7382,7956,13291,16031,20754,20759
AHKSY;20758
AHLLO;
AHLLS;5545,6148,6549,6550,7382,7804,13292,13294,15485,16029
AHLLU;1275,1462,4114,5545,6134,7174,7804,14933,16962,16988,20664
AHLMO;1124,7392,8671,16045,20123
AHLMS;
AHLMU;5910,7392,10774
AHLNO;4947,4948,4960,6769,7983,20127,20679,20778,20779
AHLNU;4957,19798
AHLOR;4704,7395,7806,7861,7954,7983,17398,19927,20024,20073,20130,20132,20133,20622,20670,20679,20762,20772
AHLOS;20622
AHLOT;4947,4948,4960,5446,7948,12979,20126
AHLPR;259,2564,3942,3945,4704,7861,9821,10785,15488,17393,18179,19927,20024,20124,20762,20772
AHLPS;
AHLPY;2693,4961,7963,12104,14954,20069,20129,20131,20681,20780
AHLRS;6770,7971,20125,20133,20622,20626,20693
AHLSS;902,3431,4622,4705,12029
AHLST;20602
AHLSU;20622
AHLSW;7956,7971,7985,11968,11991,12032,15155,15157,20625,20654,20663,20754,20771,20783
AHLSY;20692
AHLTU;4164,4957,6149,12104,12979,13306,18199,18207
AHLTY;2688,2693,7949,7957,7968,20019,20069,20072
AHMMU;8474,18220,20698
AHMMY;
AHMNU;251,480,4930,7854,7962,19798,20051,20123,20620,20698,20708
AHMNY;9954,11743,12107,18231
AHMOR;4949,16032,18156,19706,20025,20135,20139,20762,20772,20791
AHMOS;12976,15126,20713
AHMOU;4949,15076,15702,17411,20123,20698
AHMOW;2697,9609,15158,16038,18238,18239,20603,20792
AHMPR;20025,20124,20135,20139,20675,20762,20772,20791
AHMPS;3724,4171,4621,15736,16081,18159,20769,20775
AHMRS;
AHMRT;1509,2683,3512,3869,4710,18157,18245,19706,20139,20791
AHMRU;480,4949,20077,20675,20698,20708,20791
AHMSS;7972,19790,20710
AHMST;7979,15129,20084,20599,20713,20755,20775,20788
AHMSU;
AHMSW;10823,11968,12042,14216,16042,16089,16094,20603
AHMSY;1496,15129,16050,17950,18085,18172,20643,20676
AHMTU;1509,4930,6140,7962,20620,20675,20677,20708
AHNNO;2696,2702,3171,3496,4960,4973,6769,9212,10668,10811,11953,12980,14087,14221,15130,16083,18029,18057,18173,18192,20605,20702,20795,20796
AHNOS;18093,18265,18267,18269,20606,20634,20636,20727,20730,20757,20758,20802
AHNRS;36,125,5396,20766
AHNSS;7989
AHNST;
AHNSU;36
AHNSW;8685,12090,15147,15155,20608,20765,20804
AHNTU;4930,7962,20685,20796,20798
AHNTX;4976,16106,17959,20778,20779
AHOOW;8303,8676,9606,14202,14931,15158,18176
AHOOY;7993,8681,17399,19918,20122,20127,20129,20774,20780,20786,20795,20798,20809
AHOPS;4181,4191,12684,12820,15736,15961,17427,17430,18257,18265,18282,20145
AHORS;20133,20759
AHORT;3512,4710,16892
AHORY;1646,1736,3958,4981,7398,7860,10870,10872,14089,14203,14228,14956,15135,15148,15166,15167,17246,17429,18119,18263,18281,18301,19793,20130,20132,20609
AHOST;4167,4974,18093,18158,18236,18249,20636,20757,20758
AHOSY;264,5375,10872,14245,14918,15134,15166,15176,15178,17427,18282,18284,18290,18301,19793,20157,20740,20758,20802
AHOTZ;4973,10724,10729,18133,20779
AHPPY;4168,4192,4964,4970,14241,14242,16108,17380,18119,18201,18202,18281,18282,20130,20131,20154,20638,20739,20740,20780
AHPRS;
AHPRU;17393,18179,20155
AHPRY;7860,14169,14215,15987,16108,17246,17380,17414,17429,18119,18263,18281,20152,20153,20155,20638,20739
AHPSS;6146,11772,20611
AHPST;485,19659,19789,20602,20615,20625
AHPSU;389,7372,7950,9616,12123,15094,17430
AHPSW;11988,19659,20625,20663,20785
AHPUW;18101
AHQSU;18267
AHRRU;10337,12063
AHRRY;4178,4942,13336,14169,14177,16067,18108,18231,20722
AHRST;15162
AHRSU;36,3508,5396,20766
AHRSY;
AHRTW;2689
AHRTY;3512,4710,15118,20638
AHRUU;4949,7992,10304,14959,19707,19798,20612,20708
AHRUW;8640,16120
AHRXY;17429,20132
AHSST;
AHSSW;20759
AHSSY;7408,9602,10721,11772,14173,14183,15096,16979,18141,18247,18282,20665,20666,20740
AHSTT;648,7807,19799,19801,20808
AHSTW;19659,20625,20654,20663
AHSTY;485,7402,15129,16050,16078,18172,20717,20743,20775
AHSWY;20761
AHTTU;1305,4164,4930,6140,7411,12125,13306,16994,17993,18291,20596,20677,20685,20746,20791,20806
AHTUY;12104,14093,15167,16988,17961,18199,18291,20746,20798
AHTWY;
AHUZZ;
AIIKR;3519,7429,10345,10899,12143,15186,15188,18336,20613
AIILL;1719,8211,8692,8693,8694,10481,10482,11783,12152,16150,17438,17442,17445,18326,18344,19931,19932,19933,20027,20028,20029,20184,20186,20188,20193,20619,20816,20830,20846
AIILM;3937,4684,6158,11626,11791,12162
AIILO;5004,5626,6158,6574,7180,7434,7439,7952,7954,8004,8008,8018,8696,9128,9573,9574,9623,10628,10902,10922,11783,11786,11791,11970,12149,12150,12152,12176,12178,13916,13917,14267,14280,14886,15085,15086,15087,15088,16150,17981,18328,18329,18367,18368,18372,18373,18396,19802,19804,19807,19808,20027,20186,20227,20621,20828,20830,20873,20876,20878,20880
AIILT;3521,3522,4202,4208,4988,14280,14285,15199,16154,18315,18368,18396,18403,20227,20815,20828,20864,20872,20878,20879,20893,20894
AIIMN;16159
AIIMR;4726,5015,8035,8036,8435,10632,10937,11626,16159,18418,19648,19719,19814,20173,20182
AIINP;5001,7836,7884,14095,17489,19781,19931,20028
AIIPR;4990,6169,7455,7456,9901,11631,11640,11787,15963,16171,18336,18482,18483,20948,20951,20958
AIISX;5007,5008,6494,9636,12247,14322,14339,15184,17033
AIJKN;10366,15186
AIJLS;1513,5036,6782,18324
AIJLW;
AIJNN;1466,4735,7886,10978,14965,19951,20291
AIJOR;1128,9661,17507,17509,19951
AIJOS;2744,2745,11820,20827,20965
AIJOU;9661,18513
AIKKM;507,5040
AIKKS;15248,16186,16187,18523,18526
AIKKT;385,477,478,4988,6174,10982,11989,12254,16188,18325
AIKLM;15627,16190
AIKLN;7957,15191
AIKLP;8722,18331,18550,20304,20977
AIKLS;
AIKLT;2747,4988,20815
AIKLV;4228,16194,18534
AIKMO;16204,18538,20310
AIKMR;507,14354,16207,16209,18334
AIKMS;8623,8717,13363,17039,17523,20159
AIKMU;15099,20312
AIKMV;
AIKNS;4989,8718,8723
AIKNT;
AIKNU;15186
AIKOP;18543,18550,19781,20977
AIKOR;5041,5738,6800,7891,12267,15101,19728,20977
AIKOS;6183,8049,8723,11820
AIKOT;478,919,2747,6174
AIKPP;1752,12838,13364,14356
AIKPQ;
AIKPR;4990,8644,8722
AIKPS;16859
AIKPU;11833
AIKRR;5394,7959
AIKRS;20297,20966
AIKRT;7959,11587
AIKRU;10367,13932,15186,18547,18569,18573
AIKSS;13358,13366,20829
AIKST;
AIKSU;6183,8049
AIKSV;5873,6183,11006,18585
AIKSZ;4221,4225,5948,20838
AIKTT;4228,4988,5051,18325,20319
AIKUZ;15758
AILLM;446,916,2583,3540,5064,6802,8727,9672,12002,19828,21001
AILLS;3438,4751,5079,7894,20195,20852,20853,20964,21041
AILLV;158,159,8694
AILLZ;1320,4745,5081,8008,16226,16234,18535,19933,20186,20830
AILMM;5086,12299,21042,21049
AILMN;
AILMP;15108,15203
AILMR;6123,6158,6802,11626,11791,20182,21084
AILMS;
AILMU;21042
AILMX;15773,17572,21042,21084
AILNO;5130,19662,19829,20679
AILNP;15108
AILNS;
AILNU;
AILNV;8016
AILNW;5095,5125,8080,15289
AILNY;6172,6786
AILOP;450,1756,5082,5143,7952,8730,11631,20322,20591
AILOU;2796,5125,6743,7537,8057,8653,8743,9693,11103,11116,12161,12312,12350,12366,14873,15010,15015,15018,15026,15086,15207,15261,18602,19662,19829,20055,20289,20308,21023,21049,21121,21133
AILOV;1137,5959,7501,7521,8063,8066,10041,11103,12312,12849,14386,18719,19839,20873,21065,21111
AILPP;5143,11656,12173,12351,21067
AILPR;8722,11631,11742,12173,20882
AILPS;
AILPT;5081,15117,15199,20818,20867
AILPU;
AILPW;5125,8722
AILQU;6175,8057,12162,12183
AILRS;20832
AILRT;
AILRU;16155,16305,18849
AILRV;4782,8084,8642,9624,9644,15283,17654,19742,19839,21065
AILRY;
AILSS;20889
AILST;
AILSV;
AILSW;3575,11968,11991,12032,20659,20852,20853,20982,21041
AILSX;5008,16325,16328,17652,20403
AILSZ;12362,15023,20411
AILTT;1352,4228,4988,7564,7948,8076,11645,11970,12032,12186,12299,12319,18868,20227,20596,20677,20975,21049,21052,21095,21096
AILTV;8001,8084,8700,13971,17345,18315,18534,20333
AILTY;646,12274,20019,20815,20894
AILZZ;5130,12183,18331,19745
AIMMS;
AIMMU;3259,4754,8096,10937,15029,17658,19982,20291,20698,21049,21172
AIMMX;5974,11041
AIMNO;
AIMNP;513
AIMNR;
AIMNS;
AIMNT;
AIMNV;14386,16350,18897
AIMNZ;528,530,4199,4265,5015,5511,9911,10694,11165,12392,13348,16336,18356,18898
AIMOR;515,1536,4635,5065,5160,5180,8071,8072,8756,9704,11871,12275,13422,15317,17273,19756,19854,21084
AIMOT;1450,4635,4800,4931,5180,17273,18937,19755,19756,19857,20911
AIMOU;2600,2823,2825,4635,8890,11168,11649,12312,12402,15220,15317,18602,18687,18944,21003,21049,21082
AIMOW;5162,11169,12409,15252,15317,18538,18938,20435,21176
AIMOX;11041,12385,12391,16332,18073,21084
AIMPR;4696,11664
AIMPS;3268
AIMQU;5945,12162,18602,18891
AIMRR;7959,8035,11871,18959,18960,19814,19828,21172
AIMRS;
AIMRT;20911
AIMRU;
AIMRZ;336,5015,8072
AIMSS;
AIMST;
AIMSV;15260,20896,20915,20916,20918,21211
AIMSW;7901,11968,12042
AIMSX;
AIMTY;7877,8756,9648,9704,11884,11891,12044,12210,12378,12405,15129,15306,17692,18959,20717,21172,21197
AINNO;940,6814,8104
AINNP;
AINNW;16370
AINOP;7368,7584,19781
AINOR;129,5130,8104,20679
AINOV;7521,8016,8038,8066,8081,16271,17731,18373,18456,18719,18909,19022,20826,20934,21065,21178
AINOX;16270,16332,17042,17061,17092,17599,18453,19662,19829,20298,20329,20927,21246
AINPS;
AINPT;
AINPV;2836,18377
AINQU;1134,5115,11816,15821,17760,18891
AINRS;19823
AINRT;
AINRU;
AINRV;2852,5015,8002,8081,21065,21178,21225
AINRW;11997,21176
AINRY;544,4593,5167,5206,14159,14564,16401,18992,19007,19045,19814,19861,20702,21021,21187,21231
AINRZ;5015,5130,20679
AINSS;
AINST;
AINSU;18998
AINSV;
AINSW;
AINSY;544,4129,6622,15134,15136,15226,15255,19007,20727,20965,20985,21229
AINSZ;8765,21228
AINTT;8114,17292,21235,21242,21246
AINTU;5021,19925,20920,20940,21218,21246
AINTW;6332,17994,18984,21235
AINUX;5021,7509,12435,14570,19662,19829,21129,21246
AINXY;544,5210,11860,21121
AINYZ;3586,7583,14159,18898,18992
AIOPS;1776,8215,9702,12983,19863,20912,20949
AIOPT;5081,8054,15095,15117,20728
AIORT;4800,5180,20284
AIORX;8071,10092,15297,18820,21084
AIOSS;3590,5030,5042,5200,5227,8120,11702,12270,12468,15141,15184,15234,15338,15346,17094,20445,20747,21273
AIOST;19117,19819,20939
AIOSV;18945,19101,19117
AIPPP;
AIPPS;4986,12456,16411,20965
AIPPU;11904,16415,16420,16425,17362,17747,18095,18594,20684
AIPRS;162,19863
AIPRT;15131
AIPRU;5224,5231,8757,9407,11285,16415,16420,17791,19129
AIPSS;20949
AIPST;
AIPSV;20656,20916,20959,20960
AIPTT;4937,20677,21089
AIPZZ;12141,12238
AIQRU;944,5198,5224,11816,15821,16155,18038,18849,19146,19147
AIQSU;5568,19794
AIRRS;4790,5006,5027,20525,20847
AIRRU;1285,3448,5150,5231,6319,6633,7367,7920,8035,8114,8128,13441,16415,16439,17763,18849,18881,18957,19129,19153,20383,20506,21172
AIRRW;511,8048,20995
AIRSS;3549,5156,20949
AIRST;
AIRSU;
AIRSV;20918
AIRSW;5517,10398,11303,19103,20995,21288
AIRSZ;5031,5230,12362,12459
AIRTT;538,1524,3403,4935,8114,20227
AIRVX;4362,21084
AIRVY;8084,8124,14182,20936
AIRWZ;17777,18912,19082
AISST;21030
AISSV;2742,6217,20916
AISTT;4594
AISTU;1368,5581,16458,18504,19117,19148
AISTV;
AISTW;15146,15299,20659,21288
AISTX;5193,5202,5210,12247,12452,12475,19819,20738,20743,20939
AISTZ;639,5031,5230,8765,10120,10973,16441,16445,20269,21228
AISVV;12181,12245,20918
AITTV;2858,20826,20957,21204
AITVV;1354,4216,7459,9036,11304,13354,13450,16350,18322,18396,18483,19114
AITZZ;12141,12238,17110,20270
AIUWX;
AJKOR;7460,20530
AJKRS;45,2866,8717,15351,19822,20617
AJKSU;6001,7634,12480,15351,19822,20963,21294
AJLOP;2406
AJLOU;15844
AJLRS;6782,7305,12479
AJLRU;9627,12483
AJMMY;
AJMNO;4384,14102,21296
AJMNU;506,14103,15082,20291
AJMOR;15352,16468,21296
AJMRU;506
AJNNS;21294,21295
AJNNY;
AJNOY;7032,7636,21296
AJNTU;11930
AJNTY;16472
AJOOP;
AJORW;21296
AJOSS;7380,8041,8776,16470,18511,18517,18518
AJOST;4384,4944,14185,16473,19170,19821,20827
AJOSU;19170,21294
AJPRS;4944,12481,20641
AJPSS;2864
AJPSU;12480,14647,19169,19170
AJRTU;2868,4388,7306,9661,9719,12484,17511
AJYZZ;
AKKLU;5358
AKKMO;5040,6638,11320,12485
AKKNS;4989,5582,16186,19174,19175
AKKOP;12485
AKKOR;5041,5738,11320
AKKOS;2682,5582,8670,11323
AKKOW;5041
AKKPU;19175
AKKRS;3712,4389,4987,6004,8719,11322,12255,15248,18000,19171,20642,20968
AKKSY;15248
AKKTY;
AKLLY;16028,17120,20751,21299
AKLNP;837,2405,3755,4675,17804,20304,20977
AKLNR;20977
AKLNS;349,21301
AKLNU;1377,8045,14650,15191,20304,20305
AKLNY;20305,20531
AKLOP;17124,17804,18543,18550
AKLOS;6823,7634,7819,8132,14904,15355,16030,19189,21301
AKLPS;
AKLPU;14650
AKLRS;5739,6223,7819,12479,12495,15355,19824,20297,20533,20534,20971,21304
AKLRY;4381,16028,20532
AKLST;
AKLSU;16029,16848,19181
AKLSW;694,904,953,1506,2870,7956,11991,15355,20048,20533,20590,20643,20969,21301
AKLTU;5406,9721
AKLTY;15097,18533,20815
AKLUW;6134,7635
AKMNY;2749,6231,12485,14656,18528,20531,21302
AKMOR;1578,4832,4833,6231,7472,12086,14905,16032,17387,17388,18156,18563,19193,19195,19202,20118
AKMOS;5359,21301
AKMOU;11337,12086,19194
AKMRS;7976,8623,8717,8780,20159,20971
AKMSS;
AKMSW;9724,11338,15356,16485,17523,19198,19206,19871,20969,20972,21301,21314
AKMUZ;
AKMWY;20643,20751,21299,21302,21314
AKNOP;5050,9428,12267,12485,17804,18543,19781,20977,20991,21316
AKNOR;5468,6141,6424,6645,7891,8327,10401,10759,11997,12089,12267,12491,15358,16494,17122,18543,18563,19182,19193,19195,19196,19209,19213,19667,19728,20536,20977,20991
AKNOS;8886,8899,12084,12088,12491,14904,15147,15356,20983,20984,20985,21301,21307,21317
AKNOT;1575,4947,4948,5243,5621,5641,6141,6824,7044,11314,12090,12491,16494,17122,19182,19193,19209,19213,19667,20536
AKNPR;
AKNPS;
AKNPU;14650
AKNRS;15356,21307
AKNRT;6141,19667,19668
AKNRU;5052,15186,19668
AKNRY;
AKNRZ;
AKNST;6824,15656,19175,19200,21303
AKNSU;11932,21294
AKNSW;9665,15147,15356,21301
AKNSY;15255,20758,21317
AKNTW;2309,3761,4948,11734,16487,20017,20991
AKNTY;7957,12260
AKNUZ;
AKNWY;11674,15148,21302
AKOOP;7644,12267,17124,17804,21316
AKOOR;8210,8676,12267,14905,17124,18563,20532,21311
AKOOZ;8050
AKOPP;19220
AKOPS;
AKOPW;12091,19220,20991
AKOPY;19222,20118,21316,21319
AKORS;3621,15354,19728,20307
AKORT;747,5760,6141,6145,9721,12086,12091,19667
AKORU;5370,5657,9721,11337,12086
AKORW;1147,5041,6145,8048,8327,8676,11674,11997,12089,12091,14663,18551,19220,20759,20991,21314
AKOSS;554,5519,6012,6091,6240,9432,10581,11000,11676,12270,19218
AKOST;4950,5243,6219,6824,7977,12088,20599,20755
AKOSY;5405,6242,8900,20307,20535,20978,20985,21317
AKOTU;4400,5051,7892,9721,11337,12086,12488,20319
AKOTY;2751,11346,12260,19222,21319
AKOWY;11674,12494,20751,21299,21302
AKPRS;20534,21320
AKPRY;4231,11346,19222,20118,21319
AKPSU;11350,12480
AKPSW;963,2411,2417,3625,5817,6016,9665,11988,13486,16031,16476,18009,18576
AKPTU;
AKPWY;
AKQRU;5052
AKQUY;
AKRRS;45,350,3625,6233,7976,9604,12487,12999,15360,19871,21314
AKRSS;6181,8778,15247
AKRST;
AKRSU;8780,20534
AKRSW;3625,8141,15355,15356,15359,19871,20759,21314
AKRSY;6241,6242,8900,9668,9669,9725,15248,20535,20837,21314
AKRTU;4400,4407,5052,6010,6018,9721,10367,11337,12488,13494,18569
AKRUU;4949
AKRUY;16509
AKRYZ;
AKSST;
AKSSU;6146,7960,7975,8778,12265,12489,20829,21306
AKSSV;7978,20981
AKSSW;554,4894,6644,7975,13366,14352,19228,20759,21298,21305
AKSTT;15526,16505,16507,17806,19868,21304
AKSTU;4406,7649,11338,18567
AKSTY;402,2061,2873,9669
AKSUW;
ALLLS;7894,8043,14887,14932,20181,20537,20760,20839,20969
ALLLY;555,1581,1583,4835,14888,19872,19952,20321,20322
ALLMO;446,5064,8727,14360,18602,19237,21003
ALLMS;10768,18168
ALLMU;2117,5521,7056,11324,11354,15361,21321
ALLMY;3542,5061,5062,5067,5070,5071,5248,19796,20751,21299
ALLNO;3306,3543,14360,14366,15362,16227,18173,19260,20830,21019,21329
ALLNU;3463,4840,5253,5254,6826,8055,8056,8901,15196,15261,15264,21020,21321,21328,21329
ALLOR;
ALLOS;5079,18622,21023
ALLOT;2747,2754,3306,3543,4611,5072,5073,5081,5256,11647,12152,12281,12503,15508,16227,16518,18609,18611,18623,21019,21331
ALLOV;19670
ALLOW;
ALLOY;1583,2760,5082,5250,8316,8727,10772,11846,12002,12150,15105,16230,16525,17813,19237,20122,20322,20540,20591,20751,21299
ALLPS;1573,1582,4751,5066,5245,20841,21022
ALLPY;166,555,5082,5248,5250,12289,12298,15199,20322,20540,21006,21026,21031,21326,21327
ALLRY;1591,4956
ALLST;3406,3503
ALLSW;6828,7382,7933,11991,13067,13294,16476,20663,20852,20853
ALLSY;
ALLTY;166,555,1587,2688,2759,2763,4835,5070,5253,5256,12274,12298,20816,21331
ALLWY;6338,20193,21299
ALLXY;11011,11035,12296,13517,13520,14680,18645,19292,21029
ALMMS;12509,21342
ALMMY;5061,5062,5086,8063,16546,20840,21001,21299
ALMNO;20531
ALMNU;
ALMNY;8155,20531,21341,21348
ALMOO;2438,10150,11384,11681,11933,12490,14032,17824,18652,19178,19309,20346,20531,20538,21005,21350
ALMOR;20772,21084
ALMOS;
ALMOT;8671,8787,12510,20126,21346
ALMOU;12312,12510,18602,20126
ALMOY;1537,4845,7963,8072,8727,8787,11681,11933,12002,12516,16045,17156,17829,18185,19883,20531,20751,21299,21322,21358
ALMPS;15371,20539,20769,20775,21358
ALMPU;5262,15372,21351
ALMPY;1537,7393,7963,8074,16567,17389,19341,20865,20867,21006,21351,21358
ALMQU;12162,18602
ALMRS;
ALMRU;
ALMRY;2768,3542,3561,5061,5067,5070,5071,11681,11933,19796,19838,19883,21084,21341
ALMSS;12521
ALMST;
ALMSU;
ALMSY;12516,20775,21358
ALMTY;8787,12516,21348,21358
ALNNU;8159,9731
ALNOP;5288,13524,14685
ALNOR;1789,5130,7983,8018,20679
ALNOS;
ALNOT;20127,20778,20779,21346
ALNOW;2425,4948,5095,5125,6249,6769,8080,9449,9730,14199,14697,15289,17141,18538,18669,19317,19352,19370,20977
ALNOX;7703,16270,16581,17042,17061,17599,17959,19353,19662,19829,20329,20778,20779,21121
ALNOY;1789,4961,5129,7983,8018,8155,8561,12504,15710,17165,19352,19970,20127,20373,20375,20531,20540,20778,20779,21348
ALNOZ;14036,18329,18356,18670,20779,20830
ALNPS;2005,3506,3627
ALNPT;
ALNPU;5288,6147,21370
ALNRS;520,561,564,3407,3504,4627,5002
ALNRT;
ALNRU;8158,21370
ALNST;
ALNSU;
ALNSW;3632,5290,5291,19381
ALNUW;5125,6249,21347
ALNUY;1410,3310,6745,6786,7203,8056,8155,12723,12854,14672,15009,15111,15258,19265,19734,19831,19847,20305,20321,20684
ALNWY;5291,7087,12343,19352,19354
ALNXY;11095,11423,11860,20778,20779
ALOOP;4473,7644,9336,9686,11097,14720,14886,15368,17124,17173,19386,21133,21378
ALOOS;3636,5255,8679,8680,9460,9607,12100,12101,12350,12535,12536,14201,14719,14725,14726,15075,15355,15383,18792,21304
ALOPR;356,450,7861,11631,19927,20024,20124,20772
ALOPS;5245
ALOPT;15117,20129,20541
ALOPU;4054,5125,5288,21133,21351
ALORR;150,1484,5141,7806,8088,15883,16582,17398,17579,18688,18689,19330,19811,19828,19839,20373,20557,20558,21142,21143
ALORS;
ALORT;
ALORV;1790,7713,10183
ALORY;3639,5303,7673,7722,8018,8071,8072,14878,14881,14911,17821,19883,20373,20532
ALOSS;6260,11589
ALOST;3636
ALOSU;7537,16586,17170,19406,20560,21121
ALOSV;15075
ALOSW;19675
ALOSZ;20560,21377,21383
ALOTT;3566,3572,4947,5128,11970,12105,12170,12299,12333,12340,12366,12525,12543,20227,20554,20683,20689,20878,20880,21083,21143
ALOTV;3573,3669,5005,5148,15671,21384
ALOTX;6676,7727,16581,17959,20778,20779
ALOVV;12171
ALOZZ;4456,5130,14738
ALPPS;8164
ALPPU;20684
ALPPY;4964,8164,20131,20780
ALPRY;11863,15388,20389,20865
ALPSS;
ALPST;
ALPSU;
ALPSW;1424,2411,3632,5290,6227,7717,10796,12492,15381,16031,16476,19365,19675,20010
ALPSY;7083,8135,8164,15381,21367,21368
ALPTT;5287,5298,12370,12543,12545,20677,21089,21328,21366,21373,21376,21382
ALPTU;12543,20541
ALPTY;166,555,4955,4961,8074,15117,15199,16071,17962,18202,18804,20129,20780,21006,21026,21326,21348
ALPUY;1410,5248,5262,8056,8074,15388,20684,21035,21333
ALRRU;4497,7806,7827,17179
ALRST;
ALRSU;
ALRSY;
ALRTU;4487,4497,16629,16643,19425,19430
ALRTW;2689,3782,3947,9946,11622,12534,15289,16574,19180,19277,19370
ALRTY;3639,4856,19875,21374,21384
ALRWW;3623,3642,19317
ALRWY;
ALSST;20891,20892
ALSSU;1138,1554,5575,6243,6260,6808,15385,21017
ALSSW;245,6229,11589,12493,15374,15385,21305,21392
ALSSY;4622,5246,20665,20692,21030,21151,21322,21391
ALSTU;5270
ALSTW;5290,5291,6806,12032,15212,15376,19675,20224,20408,20410,20411,20625,20654,20663
ALSTY;11939,12180,12364
ALSUU;2807,3336,4853,6148,6257,9693,11699,12535,12548,14717,15386,17085,19168,19298,19372,19406,19677,21376
ALSUV;1606,15151
ALSUW;11142,20852,21323
ALSVY;12549
ALSWW;4425,14726,14897,20852,20853,21041
ALSWY;8570,11142,15381,20771
ALTTY;1587,7941
ALTUV;18351,18534
ALTWY;4505,5291,11118,19354,20815
ALTWZ;18535
ALUUV;20395
ALUVV;
ALVVY;7558
AMMMO;4845,4861,19854
AMMMY;4845,5086,21042
AMMNO;4506,5305
AMMOS;556,4429,5237,16543,19295
AMMOY;1783,4845,5160,8063,12107,12378,15389,19443,19448,21001,21163,21165,21299
AMMRS;556,2908,8791,9722,12509,20562,20895,20896,21307
AMMRY;5061,5160,5262,15389,21001,21165,21172
AMMSU;2876,3006,3629
AMMSY;20421
AMMTY;3810,5086,7109,8064,12378,15389,16546,18157,19300,19441,19443,19448,19450,21163,21165,21172,21394
AMNNU;15680,21346
AMNOR;
AMNOS;5586,21310
AMNOT;
AMNOW;5162,15252,15683,17141,17193,17825,17875,17879,18538,19317,20435,21176,21296
AMNOY;4679,4795,4924,8155,12107,20079,20136,20531,20571
AMNRU;
AMNSU;
AMNSW;3632,4173,7901,12042
AMNSY;557,568,5586,12554,20861,20902,21185,21197
AMNTY;1597,4520,4966,7109,13605,15306,20442,20572
AMNUY;18220,19241,19316,19473,20899,21321,21351
AMOQR;3351,18687
AMORR;4972,19828
AMORS;
AMORT;4800,4931,8176,20911
AMORU;2823,16709,21296
AMORW;2697,6831,21176,21296
AMORY;2038,5646,6252,7673,7687,7753,8071,8072,8281,8756,8795,9704,11681,14522,17156,19448,19838,21084
AMOSS;13005,13237,14777,15276,16703,20445
AMOST;20755,20788,21394
AMOSU;16680,16703,17886,20571,21398
AMOSW;
AMOSX;3648,4429,4526,4968,17886,18236,19495
AMOSY;5586,11487,12516,12554,16489,19494,19495,20571,20902,20985,21185,21197,21322,21323,21358
AMOTW;4649,5162,9609,18238,18239,18910
AMOTY;5839,7753,8756,8787,9704,9955,10617,11487,11891,11941,12044,12210,12405,12516,14522,15063,17692,17829,17893,19448,19494,19495,19756,19900,20717,21087,21358,21394
AMOTZ;11891,15903,20238
AMPRS;15371,19880
AMPRT;1713,5314,20791
AMPSS;3816,15403,15559,19207,21413
AMPST;959,4959,19495,20755,20775,20788,21358
AMPSU;20311,21170,21207,21208,21215,21310,21393,21407,21416
AMPSV;4447,5315,16690,20896,20915,20916
AMPSW;3632,8146,15371,18159,20539,20785,21401
AMPVY;15203,20676
AMPYY;11770,17414,19341,20141,21354,21358
AMRRU;8035
AMRRY;2768,4178,5067,18231,19814
AMRST;
AMRSU;
AMRSW;
AMRSY;568
AMRTY;357,2984,3561,4032,5070,8756,9648,9704,14522,14536,15063,15397,17829,18157,18171,20572
AMRUU;970,3646,4949,14758,15283,19798
AMRUV;2772,15283,21065,21178,21350
AMRVY;7687,18681,19483,21084
AMRWY;7748,18231,21296
AMSST;
AMSSU;7916,15403,20445
AMSSW;19319,19454
AMSSY;13005,15392,20012,20571,21322
AMSTT;21411
AMSTU;
AMSTY;2698,4966,12405,12516,15129,20717,20775,20902,21185,21197,21358,21394
AMSUW;11338,20972
AMSUY;11488,12569,12570,14219,18085,21394,21416
AMSWY;16726,20643,21314,21323,21395,21410
AMSYZ;
AMTUZ;10549,18716,18953,20572
AMUYZ;20572
ANNNY;2491,4540,5187,8104,11895,12216,12382,14696,14782,19986,20454,20795
ANNOS;21344
ANNOY;
ANNSU;12417,12424,16737,21234,21294
ANNTU;5021,5282,8159,12523,12927,18452,20796,20920,21218,21346
ANOOP;4712,5321,7368,7584,17804,18174,20136,20540,20605,20723,20786,20798,21316
ANOPR;8579,12575,21316
ANOPT;20146,20728,20798
ANOPW;5125,20328
ANOPY;15414,19861,20451,20540,21316,21326
ANORS;
ANORT;
ANORW;2697,10815,11674,11997,15683,17193,19317,19370,21296
ANORY;17165,18263
ANOST;12989,15133,15228,15330
ANOSV;1116,4642,11417,15400,16586,19874,21433
ANOSX;
ANOSY;4709,4795,5586,20079,20985
ANOSZ;571,16683,21184,21317,21422
ANOTT;20000,20319,20478,20500,20501,21242,21246
ANOTU;5051,5282,7411,14570,20798,20920,20940,21218,21242,21246
ANOTX;4976,12391,12435,15574,15918,16106,16581,16956,17061,17092,17959,18453,19461,20778,20779,21246
ANOTY;2044,2606,2783,4961,4976,11211,11503,11510,12229,12260,14797,14814,15918,17420,17965,20127,20728,20778,20779,20798
ANOUY;8155,12931,13597,14672,14782,14956,15167,19873,20380,20799,21296,21347
ANOWY;7748,11674,14814,19352,21296
ANPPY;2496,4168,4970,10245,11656,14797,16108
ANPRU;8302,16495,16760,16766,17902,18261,21370
ANPRW;
ANPRY;12114,12575,15380
ANPSS;6841,15403,21375
ANPST;5326
ANPSU;3885
ANPSW;3632,4185,5290,9665
ANPSY;562,3506,3627,5210,7083,20602
ANPTU;574,20798
ANPTY;261,562,4961,12116,12527,14797,20798,20802,21326
ANPUY;1410,8056,18220,19831
ANPUZ;5288,7597
ANQRT;7123,11511
ANQTU;
ANRSS;5587
ANRST;
ANRSU;
ANRSW;
ANRSY;544
ANRTT;
ANRTU;19668,19707
ANRTY;8711,9657
ANRUY;12947,19692,19727,20472,20799
ANRUZ;7766,8179,10850,11519,20572
ANSST;
ANSSW;5291
ANSSY;20736
ANSTU;21393
ANSTV;12338,15571,16690,21114
ANSTW;362,578,1607,3514,5290,5291,6696,7749,14812,19258,21401
ANSTY;578,5326
ANSUU;576,4853,7610,8630,12087,12399,12438,12454,14717,14824,14829,17851,19074,19168,19372,19383,19556,19679,20429,20522,21180,21234,21433,21434
ANSUW;7931,7988,16685,20014,20320
ANSUY;11932
ANSWY;362,578,4978,5218,5291,15136
ANTTU;6214,9546,11682,20880,20940,21242,21246,21328
ANTTY;1587,4937,4976,6214,9546,21197,21199
ANTUV;12446,15584
ANTUX;1413,5021,7131,10177,10260,11423,12435,15585,20519,21129,21246
ANTUY;6214,7302,9546,11923,15167,19473,20499,20510,20573,20798,21419
ANTWY;362,5291,19901,20609
ANVVY;
ANWYY;20368
AOOPP;566,4895,5328,8164,9613,12426,12457,13681,18932,19516,19534,19568,20150,20780,21238,21273
AOORS;4597,5255,7637,8791,12535,12536
AOORT;4473,5142,6131,16787,19079,19082,19269,19575,20807,21331
AOORZ;1578,5142,6706,14793,16787,19082,19575,20153,20679,21381
AOOWZ;6706,14202,14795,19082
AOPPP;14241
AOPPR;347,579,4972,19992,20479
AOPPZ;579
AOPRS;19863,20912
AOPRT;4898,20807
AOPRU;5198,5224,5309,8109,14774,18207,18261,19009,20807,21351
AOPRV;
AOPRY;3958,5547,6068,6169,7753,7860,8579,8795,8807,11346,11476,11941,12575,17246,17429,18119,19222,19575,20152,20153,20155,20739,21316
AOPSS;5315,20145,20611,20800,21425
AOPSU;1776,2388,4869,5926,6069,7372,8215,8395,12438,12552,15835,16703,20145,20718,21310
AOPSY;7984,8164,15432,17427,18201,18210,18282,19889,20740,20768,20769,20775,21336,21358,21382,21383
AOPTY;4955,4961,5256,5294,7984,11941,12116,12124,15095,15117,19889,20129,20550,20717,20728,20743,20780,20802,20809,21006,21026,21326,21331,21358,21382,21383
AOPTZ;5081,12238,12429,14605,18805,19575,21383
AOQTU;15230,19102,21242
AORRS;1794,20558
AORRW;15422
AORRY;5257,6068,8807,11552,12357,20264,20373
AORRZ;961,1417,12073,15936,18121,18689,18797,19091
AORSS;
AORST;
AORSU;
AORSV;4568,10765
AORSW;4597,5255,16619,16809,17860,18205,19388
AORTT;8171,20227
AORTX;5476,6676,7727,15574,16709,16956,18820,19461
AORTY;2751,4981,5256,5294,8756,9704,11346,11941,14522,14845,15063,17219,19222,19448,19575,19756,20550,21331
AORVY;
AOSST;5335
AOSSY;554,3657,5335,6260,6825,8147,8157,8593,9618,11547,11772,12270,12468,12597,13005,15177,15318,15346,15428,15432,17920,18282,18299,18811,19588,19608,20012,20740,20747,21030,21146,21322,21336
AOSTT;648,7807
AOSTU;3636,5270,13617,19117
AOSVW;11265
AOSVY;11487,12549
AOTTU;1603,5051,8171,8181,8185,20746,20880,20940,21133,21242,21246,21328
AOWYZ;17921
APPPY;4964,14241
APPRS;57,2900,3640,11957,20534
APPSU;581,15423
APPSY;8164,20740
APPUY;20555,21333
APPUZ;16420
APPYY;20131,20382
APPYZ;
APRRS;12476,15053,19863,19899,20045,20115,20604,20847,20912,21293
APRRY;8807,12575,20152,20155,20739,21316
APRSS;20914
APRST;
APRSU;468,581,582,21416
APRSW;3625
APRSY;96
APRTT;20958,21089
APRTU;574,581,5111,5224,5231,5309,8757,20958,21035,21089,21416
APRTW;3332,12091,13098,19277,19403
APRTY;
APSST;
APSSW;21439
APSSY;4829,4943,11772,20469,20740,20960,21425
APSTU;581,582
APSTW;6016,19675,21401
APSTY;5326,8546,12116,12405,20717,20743,20802,20960
APSUY;12128,15432
APSUZ;11130,19136
APSWY;
APSZZ;21369
APTTY;4937,5140,5206,7721,12124,12232,12248,12370,12471,12545,14845,16071,16532,17970,19494,20809,20958,21199,21382
APZZZ;
AQRTU;
AQSSU;5278,12265
AQSTU;8024
AQSUW;21443
AQSUY;3641
ARRST;8188
ARRSU;11944,12591,19679
ARRSY;6337,15248,16670,19173,19288,20108,20441
ARRTY;2905
ARSST;
ARSSU;
ARSTT;
ARSTU;581
ARSTW;2555,2866,19771
ARSTY;
ARSTZ;5031,5230,21452
ARSUV;12373,15342,20944,21125
ARSUW;11303,16825,17116
ARSUY;5239,16509,19181,19893
ARSXY;544,3612,6258,9716,12542
ARTTT;12125
ARTTU;1570,1603,2829,5231,5303,8128,8171,8185,12125,20746,20958
ARTTY;11692,21457
ARTUY;3804,5254,6535,11693,16643,18199,19266,19430,19473,19507,19628,20418,20958,21172
ARTWY;21453
ARUYZ;20572
ASSSY;12595,12598,15428,15432,20811,20814,20997
ASSTT;20891,20892
ASSTU;
ASSTV;2922,21444
ASSTW;302,583,5291,5335,21318
ASSTY;8157,12376,12597,15244,15318,15346,20012,20665,20747,20960,21030
ASSWY;302,554,583,965,5235,5335,13710,15428,17920,21425
ASTTT;
ASTTU;
ASTTW;2859,4594,5320,8188,12126,15567,19530,20982
ASTTY;569,5326,7140,15597,16768,21199
ASTUV;
ASTUX;2520,7153,11568,19117,19170,21119
ASTVY;11487,18507,20960
ASTWY;362,578,5291,20410
ASVVY;
ATTTY;7155,7783,8716,12597,21281,21457
BBBEU;
BBBIS;5349,5350
BBBOY;21459
BBBUY;
BBCEU;21492,21500
BBCOS;21459,21490,21502,21506,21508
BBCOY;21459,21492
BBCUY;21500
BBDEE;611,5360,5361,5413,5416,5417,5419,5420,21460,21522,21525,21526,21527
BBDEY;616,5366,5431
BBDIS;5425,5444,21490
BBDOU;5370,5456,21523,21556
BBDOY;5368,5411,5456,21523,21556
BBEER;624,5339,5360,5413,5417,5467,5470,5476,21460,21560
BBEET;624,5419,5476,21525,21527,21576
BBEIK;21536,21617
BBEIL;
BBEIR;
BBEIS;21573,21574,21579,21583,21641
BBEKO;613,5385,21473
BBELS;
BBEMO;5355
BBEOP;5497,21604
BBEOR;
BBESY;21574,21578,21579,21583,21616,21618
BBEUZ;21582
BBEWY;
BBFUY;
BBGIO;5486,5550,5558,21665,21670,21679
BBGOO;5558,21534,21595
BBGOY;21679
BBHOY;21492,21614
BBHUY;5569
BBIIK;
BBIJS;
BBILO;21515,21523,21556,21623
BBILY;646,5452,21523,21556,21688,21692,21693
BBIMO;5453,21665
BBIRY;5383,5489
BBISS;603,656,658,5563,5568,5575,5576,5580,21517,21519,21567,21600,21640,21641,21643,21695,21700,21705,21707
BBLOO;21668,21682
BBLOS;5404,5583
BBLOY;5456,21492,21523,21556
BBLRU;21698
BBLSU;
BBMOO;21489,21664,21696
BBMOS;659,5359
BBMOU;5408,21550,21665
BBMOY;
BBNOY;
BBNUY;
BBOOS;21660
BBOOY;5411,5536,5547,21489
BBOYY;21692
BBRSU;21484,21658
BBRUY;
BBSUU;5437,5457,21557
BBSUY;21465
BBTUY;5452,5456,21500,21556
BCCEO;666,5355,5610,5612,21716,21725,21738,21739
BCCIO;21714
BCCIU;21735,21748
BCCIY;5356,5629,21741,21743,21746
BCDEI;588,710,5652,5699,5705,21765,21770,21782,21791,21804,21805,21812,21817
BCDEU;21765,21792,21817,21819
BCEEH;761,764,21877,21880
BCEEK;5596,5598,5787
BCEEL;21866,21870,21877,21892,21897,21899,21921
BCEER;704,5360,5595,5678,5771,5773,5775,5781,5799,5829,5835,21720,21763,21782,21788,21866,21870,21895,21897,21921,21930
BCEEX;781,5775,5803,5835,21721
BCEEZ;5811
BCEHL;21492,21722,21809,21961,21962,21966,21980,21984
BCEHN;668,5354,21724,21972,21982
BCEHO;5355,5898,21716,21722,21723,21725,21972,21980,21986
BCEIP;819,821,5598,5799,5882,5894,5898,5950,5991,21724,21808,21819,21962,21972,21996,22004,22010,22021
BCEIS;21737,21861,21908,21932,22014,22045
BCEKS;665,670,5364,5389,5714,5716,5884,22014,22056
BCELO;846,848,5966
BCEMO;5355,21723,21968,22076
BCENO;21728,21772,21909,21947,21995,21997,22078
BCENU;21950,22060
BCEOR;21930,22061,22077,22078,22080,22081
BCERU;21930,22086
BCERY;872,878,5366,5383,5595,5612,5616,5791,5835,5841,5845,5865,5907,5922,6043,6061,6063,6065,6068,21887,21899,21921,21936,21938,22036,22040,22050,22060,22071,22075,22078,22080,22081
BCESU;791,882,5867,5920,6000,6003,6069,6072,21775,21786,21908,21932,21978,22003
BCHIM;21723,21968
BCHIR;5394,5733,6097,6127,22093
BCHIS;78,901,5593,5617,5733,6082,6094,6099,6117,6130,6133,21718,21764,21970,21978,22094,22096,22097,22098,22116,22128
BCHIT;21962
BCHNU;5619,5910,6096,6147,21844,21877,22087,22133
BCHOR;
BCHOT;5621,5622,6137,22130,22131,22136
BCHSU;81,5396,5920,6083,6129,21978,22094,22097,22098,22116,22120
BCHTU;5916,6083,6149,21880,22120,22130,22131
BCHUU;21844,21976,21981
BCIKR;677,921,5394,5738,6176,21841,22138
BCILM;6184,6189,21748,21850,22106,22109,22160
BCILO;919,5877,5966,6189,21515,21841,21850,22160,22164
BCIMO;926,6189,21714,21723,21850,22160
BCIOR;21841,22172
BCIOX;21714
BCIPU;21978,22177
BCIRS;6129,21752,22163,22177
BCITU;86,5732,5752,5981,6174,6214,21950,22033
BCKLO;5357,5591,5754,5755,6222,21841,21854,22178
BCKOR;21841,21878,21982,22013,22061,22114,22178
BCKOS;5359,5369,5642,5815,6219,21459,21715,21718,21855,22014,22156,22179,22182
BCKOU;21844,22114
BCKSU;6089,6115,21849
BCKUU;21500,21939,21958,21981
BCLMO;90,926,5763,6158,6249,6251,21850,22109,22160
BCLOS;895,906,5645,6101,6250,6251,6257,21755,22188
BCLOY;5612,5865,21492,22020,22068,22125
BCLSU;697,753,895,5747,6089,6115,6180,6203,6224,6230,6247,6251,6257,6259,6260,21507,21518,21753,21775,21786,21849,21851,22028,22105,22107,22162,22163,22166,22188
BCMOO;5763,21489,22089,22109,22190
BCMOR;22190
BCMOS;699,754,5359,6265,22193
BCMOY;5839,21986,22020,22068,22076,22145,22167
BCMRU;91,970,6184,6206,22127
BCNOR;21909,21982,22078,22114
BCNOU;896,6193,6249,22114,22133,22164
BCOPU;21857,21858,22114,22133,22164
BCORS;22195
BCORU;971,5644,6252,21757,21857,21858,21930,22029,22039,22073
BCORY;21731,21858,21938,22071,22078,22080,22081,22172,22176
BCRSU;95,5396,5637,5764,6083,21512,21752,22120
BDDEI;
BDDEO;21759,21763,22245
BDDEU;21759
BDDEY;21765,22279,22282
BDDIY;21523,21765,21767,22291,22293
BDDUY;6331,21523,21765,22279,22282
BDEEI;
BDEEL;21460,21522,21762,21773,22356,22370,22465
BDEEM;21525,21799,22219,22238,22323,22365,22370,22385,22386,22465
BDEER;21460
BDEES;21769,21780,22313
BDEET;21525,21799,22355,22358,22385,22386
BDEEW;6289,21777,21779,22303
BDEEY;
BDEGI;
BDEGO;
BDEGU;
BDEGY;99,1041,6376,6519,6522,6535,22511,22545,22548,22549,22550,22556
BDEIJ;5699,6579,6580,22604,22605,22606
BDEIK;6515,6585,21463,21804,21815,22543,22544,22607
BDEIL;
BDEIM;6615
BDEIO;22433,22517,22605
BDEIP;6411,6615,21808,22341
BDEIR;
BDEIS;22597
BDEIT;22522,22625
BDEJO;6580,6638,6639,22577,22604,22605,22606
BDEKO;21463,22673
BDEKY;717,22545
BDELN;1076,5431
BDELO;
BDELU;
BDEMO;985,6638,22517,22605
BDEMU;6466,22530
BDENO;724,5362,5441,6686,6694,21462
BDENS;987,994,1095,1096,5364,5441,5656,5716,6547,21783,21822,22435,22597
BDENU;
BDENY;
BDEOO;6686,22280
BDEOR;
BDEOS;
BDEOW;21458,21779
BDEOX;1071,5419,5441,6555,6676,6694,6702,21815,22653,22723
BDEOY;21810,21838,22549,22578
BDERS;
BDERU;
BDERY;22545,22569,22570
BDEST;
BDESU;
BDESY;6652,22279,22545,22569,22578,22619,22635,22671,22728
BDETU;
BDFII;21840,22341,22342,22343,22344,22345,22517,22732
BDHIO;1121,6541,6733,6762,21807,22255,22535,22781
BDHNU;6334,6776,22255,22388,22581,22582,22583,22733
BDIIN;1054,6391,6571,6572,6781,6786,21811,21812,22399,22593,22734,22788
BDIIS;5425,6575,6577,6782,6783,6788,6789,6796,22290,22342,22396,22402,22586,22595,22600,22601,22602,22603,22773,22775,22787,22798
BDILN;6781,6786,6804,21850,22287,22294,22759,22802,22803
BDILU;1134,6804,22294,22759
BDIMO;6811,21531,21850,22433,22517,22605,22802
BDINO;5704,6541,6814,21772,21811,22287,22613,22734,22781,22802,22803
BDINS;21783,22435
BDINU;1134,5752,6786,6804,22758
BDIOP;737,5734,5745,6721
BDIOV;1137,1146,22433
BDIRS;21719,21851,22730,22773,22790,22794,22808,22820
BDISU;22730,22758,22820
BDLNO;1132,6769,21850,22287,22294,22803
BDLOO;5446,5763,6339,6830,6831,21768,22298,22739,22741,22828,22832,22833
BDLOS;21851,22742,22801,22808,22809,22810
BDLSU;22742,22826,22829,22830,22834
BDLUY;5457,6682,6772,22279,22680
BDMOU;6466,6653,6684,21550,22288,22385,22605
BDMSU;1151,6748,6813
BDNOR;22734,22766,22781,22803,22836,22838
BDNOS;622,6547
BDNOU;22288,22299,22733
BDNSU;1151,5762,6828,22752,22758
BDNTU;5732,5752,6804,22816
BDNUU;6640,21830,22283,22288,22460,22681,22682,22693,22718,22746
BDNUY;755,5752,6671,6745,6772,6777,6786
BDOOR;6339,6729,6830,6838,21843,22741,22828,22832,22833,22836
BDOOS;22777
BDOOY;21489,21838
BDORS;21719,22808
BDORU;117,1146,6334,6826,6832,21858,22741
BDOSU;22748,22834
BDOTU;5456,21832,21858,22358,22385
BDRSU;21465,22730,22796
BEEEL;760,1166,5775,6856,6857,6858,6872,21466,21560,21561,21866,22867,22876
BEEES;5769,6355,6848,6863,22307,22313
BEEFS;1170,5659,5769,5782,6341,6360,6848,6888,6902,6903,21861,21862,22214,22307,22353,22354,22852,22916,22934,22936,22937
BEEFY;5595
BEEGI;6281,22217,22361
BEEGL;21560,21773,22309,22356,22357,22370,22862,22949
BEEGM;1172,6372,6917,22219,22370
BEEGR;21560
BEEGT;6854,22217,22358,22361,22860,22862,22943,22953
BEEHN;21877,22363,22387,22388,22951,22952,23000,23005,23009,23016
BEEHS;1185,1188,1192,1193,5464,6861,6942,6955,21568,22313,22379,22380,22870,22954,23002,23003,23004,23006,23007,23017,23020,23031
BEEHT;21525,21880,22217,22361,22363,22378,22386,22951
BEEIL;21721,22876,23037,23088
BEEJL;5770,7029,7030,7031,7032
BEEJM;
BEEKN;1008,5468,7037,22233,22888
BEELL;625,626,768,769,772,1196,1208,1217,5772,5818,7029,7030,7053,22867,23016,23035,23055
BEELN;21892,22957,22963,23016,23037,23088
BEELP;22341,22406,22422,23022,23088,23091,23182
BEELR;5775,21460,21471,21560,21866,22867,22935,22949,23182
BEELS;21568
BEELT;23037
BEELV;772,1217,1232,1236,1240,6857,6859,6928,6933,7086,7091,7097,22896
BEELZ;1179,6851,7009,22876
BEEMN;21799,21901,22219,22238,23036,23077,23110,23111,23160,23196,23197,23203
BEEMR;22991
BEENN;1222
BEENS;6296,6472,6888,7126,22441
BEENT;22328
BEEOR;21720,21885,21895,21930,22239,22245,22325,22867,23071,23164,23182,23227
BEEOS;5815,5848,6386,6480,6888,6954,7065,7137,21568,22228,22313,22354,22501,22906,23017,23031,23048,23134,23143,23161
BEEPS;1246,6961,21579,21927,23048
BEERR;23058
BEERS;22999
BEERT;22240
BEERV;21782,22344
BEERW;21875,22949
BEERY;22907
BEESS;6942,7142,21882,21886,21908,21918,22376,22983,22985,22994,23006,23031,23048,23129,23134,23157,23158,23215
BEEST;
BEESZ;7122,22926,23210
BEETW;1237,1240,6946,7007,21777,21875,22355
BEEUV;1217,22474,22878,22919
BEFFU;
BEFGO;6891,7160,7167,22512,23254,23262,23263
BEFIR;21935
BEFIT;21937,22522
BEFOU;22939,23290
BEGIL;1280
BEGIN;5882,23261
BEGIO;21598
BEGIR;
BEGIS;
BEGIW;6908,7218,7244,21598,22564,22858,22963,22987,23261,23303
BEGIY;22511,22545,22549,23261,23376,23378,23401,23414,23425
BEGLO;
BEGLU;
BEGLY;1178,5492,6928,6933,22511,22549,23348,23401,23414,23452
BEGMO;985,7317,23401
BEGMU;7263,7317,21532,21603,22251,22530,23309,23321
BEGNU;
BEGOR;21953
BEGOT;7289,7330,7334,21947,23351,23384,23416,23428,23432,23438,23441,23443
BEGOU;
BEGOY;22549,23401
BEGRS;
BEGRU;124,5889
BEGSY;122,1294,5888,6936,7221,7318,22545,23394,23447
BEHKO;21716,21864,21980
BEHLS;21764,22380,22870,22954,23017,23021,23276,23330,23484,23517
BEHOW;21779,22582,23342,23523,23533,23537
BEHRS;21566,21596,22569,22575,22847,22954,22999,23003,23481,23503
BEHRT;23470
BEHRY;7359,7398,21616,22569,22570,22573,23337,23348,23494,23500,23506,23518,23538
BEHST;
BEIIK;
BEIJR;23385
BEIJS;
BEIKR;22607
BEIKS;22014,22855,23386
BEIKU;22544,22607
BEILL;23055,23609
BEILO;
BEILR;
BEILS;
BEILT;
BEILV;23476,23652
BEILZ;22004,22876
BEIMO;1355,7167,7275,7276,7472,21723,21968,22550,22974,23305,23321,23416
BEIMU;5945,5974,5981,21603,22022,22032,22034,23321,23475,23480,23550,23602
BEIMX;5879,5974,5976
BEINN;
BEINO;7450,7584,21772,23472
BEINR;21558,21729,23470
BEINS;21737,21783,21861,21869,22009,22852,23540,23541
BEINY;6622,7583,22044,23261,23376,23378,23425,23472,23696
BEINZ;7597,22657
BEIOS;7372,21932,22014
BEIOT;21464,21937,21947,21996,23416,23428
BEIOW;7584,21546,22444,22564,22658,23696
BEIRR;
BEIRS;
BEIRT;23470,23697
BEIRZ;21582,22570,22860,23013
BEISS;22852,22880
BEIST;21618
BEISV;1066,1353,5873,7270,7533,21544,22261,23396,23431,23476,23599
BEISZ;22602
BEITT;7564
BEITZ;5811,7583,21576,22860
BEIVX;
BEIVY;23506
BEJNU;6640,21650
BEJOS;6003,6639,7634,22606,22886,23143,23586
BEJOT;6580,7306,21650
BEJSU;6001,7307,7634,23143
BEKLO;1073,1286,6393,7037,7039,7308,22608,22673
BEKMO;6638,7472,7640,7650,23588,23592
BEKMS;1205,22058,23540
BEKOO;21980
BEKOR;7647,22013
BEKOS;5815,22014,22274,23143,23594
BEKRS;
BEKRU;
BEKSU;7634,22988,23143,23510,23511,23726
BEKSY;6649,7656,21618,22545,22671,22988,23145,23728
BELLS;21613,22578,22674,22677,23277,23452,23512,23741,23742,23743,23745
BELLY;640,1384,1395,5431,5492,5522,6594,6656,7498,7499,7500,7659,22463,22578,22589,22674,23016,23055,23292,23452,23546,23611
BELMO;7063,7317,7392,23295,23467,23515
BELMU;23550
BELNO;23761
BELNT;23761
BELOO;7340,21980,23307,23761
BELOR;22867,23022
BELOS;23017
BELOT;23295,23467,23515,23761
BELOU;7317,23101,23467,23480,23515
BELOW;7635
BELPS;1085,1424,7227,7690,7691,7735,21601,22003,22031,22072,22571,22614,22632,23330,23471,23487,23488,23608,23625,23640,23643,23658,23741,23745,23751
BELPY;7072,23022,23292
BELRT;
BELRU;
BELRY;23348
BELSS;21882,22861,22894
BELST;
BELSU;22003,23741
BELSY;21614,22463,22578,22619,23414,23452,23482,23728
BELTU;6998,7547
BELUY;1272,21492,21765
BEMOP;6025,7348,7753,22021,23468,23550
BEMOR;7063,7069,7472,23196,23781
BEMOS;
BEMOW;21968
BEMOX;1435,5976,7512,21657,23782
BEMOY;1435,5839
BEMRS;23565
BEMRU;23309
BEMSU;23528
BEMSW;
BENNO;22280,22863,23196
BENNY;6522,7284,7583,23376,23664
BENOR;
BENOS;22906,23511
BENOT;21947,23633
BENOW;7584,21595,21982,23533,23696,23723,23760
BENOX;5441,6694,7703,23028,23531
BENOY;21916,21986,22078,23016,23472,23531,23762
BENOZ;
BENRS;22847,22849,22907
BENRT;21729,23470
BENSS;6006,7038,7413,7643,21867,21882,21974,22008,22009,22318,22615,22621,22852,22895,22903,22906,22994,23215,23572,23746
BENST;
BENSW;994,1095,1096,5844,6700,7046,22563,22616,23383,23413
BENTY;7109,7168,7302,7583,23376,23378
BEOOS;21657,23786
BEOOZ;
BEOPR;5497,5924,6963,22010,22889,23022,23685
BEOPS;6069,6702,7223,7769,23040,23504,23517,23534,23608,23643,23791
BEORR;
BEORS;
BEORV;1266,7693,7713,22932,23012
BEORW;7768,23533
BEORX;5476,6676,7727,22063,22889,23187,23227
BEORY;5612,6068,7671,7722,22078,22080,23348,23518,23538,23811,23815,23816
BEOST;
BEOSU;6069,6954,23143,23147,23511
BEOSW;
BEOSX;5441,5815,5931,6040,6694,6702,7089,7648,7703,7731,7769,21657,22014,22056,22064,22723,23017,23143,23272,23302,23739,23807
BEOSY;5375,5529,7402,7714,7733,21732,21991,22578,22871,23289,23517,23529,23728,23791,23811,23816
BEOTT;7783,23328,23535
BEOTU;5930,6966,7411,7697,7766,21650,21930,22039,22063,22073,22582,23101,23119,23294,23295,23533,23535,23602,23633,23781
BEOTW;7757,7768,22582,23197,23533,23696
BEPSU;6069,7492,7690,7739,21927,22003,22571,23741,23745,23751
BEPUY;1410,7706,7739
BERRS;
BERRY;22078,22080,22335,22907,23145,23192,23239,23518,23783
BERSU;
BERSV;
BERSW;6700,22066
BERSY;21991,22050,22545,22569,22907,23811,23815
BERTU;22063,22073
BERUX;6883,22063
BERUY;124,22282
BESST;
BESSU;
BESTU;
BESTY;21574,21579,21583,21618,22050,23179,23482,23613,23728,23788,23815,23816
BESUZ;22602,22679,23098,23210,23556,23585,23669
BETTU;21880,21958,22076,23328,23535
BETTY;7155,7362,7721,7733,7783,21838,22076,22081,23696,23734
BEVVY;7558
BEYZZ;7788
BFFIO;23821
BFFIS;22730
BFFIU;21932
BFFIY;7157
BFFLU;7794
BFFOO;
BFFOS;6888
BFFOU;
BFFSU;22730
BFFUY;
BFIOR;21938,22932,23280,23828
BFIRS;
BFIRU;5862,21870,23288,23290
BFLOS;1267,1455,5546,5686,5730,5864,6090,6726,6727,7206,7817,7819,22740,22937,23835
BFLSU;1268,5602,7199,22214,23293
BFLYY;
BFMSU;23819,23840
BFOOY;5547,22740,22941
BFORS;6727,6728,6730,6903,7158,7800,7819,7822,7829,22527,22936,22937,22940,23298,23300,23301,23827
BFORY;1454,5547,22088,23833,23838
BFOSU;6728,6730,7800,22743
BFOSY;5442,7196,23289,23838
BFSUY;23293
BFTUY;7209,23299
BGGIS;5549,7837,7839,7841,7843,22945
BGGIY;6092
BGGOY;
BGGUY;
BGHIT;6080,21598,23870
BGHOR;1463,7861,23348,23351
BGHOU;6735,23875
BGHRU;22093,23309
BGIIL;7239,7241,7874,23887
BGILN;
BGILO;7896,7899,21688,21841,23862,23888,23894
BGILS;1449,7848,7894,7899,7913,21688,23939
BGILY;7874,21688,22511,22549,23414
BGINO;
BGINR;
BGINS;
BGINY;23261,23376,23378
BGIOS;22101,23856,23888
BGIOT;21598,21671,21947,23397,23428,23441,23862,23871,23902,23949,23963
BGIRS;7859,7894,23856
BGISU;1449,6748,23390,23868
BGLOS;1480,1483,6101,7799,7899,7932,7940,21690,22101,23894,23939,23965
BGLOY;22549,23348,23414,23452,23875,23967,23968
BGLUY;1462,23410,23875,23918,23929,23937,23967
BGMOO;7325
BGMOU;21665,23321,23940,23967
BGNOO;22115
BGNOS;23973
BGNRU;1477,1487,22114,22115,23973
BGNSU;23973
BGNUY;
BGOOR;1484,7845,7861,22095,23955
BGOOS;6101,7799,7940,21690,22101,23876,23894,23939
BGOOY;7845,23875,23967,23968
BGORS;
BGORU;
BGOSU;1119
BGOSY;21679,21685,21690,23863,23907,23939,23968
BGRSU;153,6748
BGRUY;124,6331,6535
BHIMO;7853,7963,21723,21968,23480,23864,23994
BHIRT;6948,7342,7365,7959,7968,22774,22776,22781,23001,23009,23470,23473,23828,23978,23991,24004,24005
BHLSU;24013,24016
BHMOR;
BHMPU;
BHMRU;21981,23025,23309
BHMTU;1509,6140,7962,23475
BHOOS;906,6101,7980,7994,21483,22134,22748,22786,24009,24010,24018
BHOOT;5446,5448,6131,6137,7965,7993,7995,21696,22131,22135,22136,23535,23862,23874,23877,24004
BHORT;21671,22130,22135,22781,23828,23978,23991,24004,24005
BHOTU;5622,5930,6966,7411,7995,22130,22131,22583,23535
BHOTY;5448,7984,22583,23994,24000
BHRSU;5396,21512,22786,23977,24008,24012,24013,24025
BHSTU;22098,22316
BHSUY;5569,6772,22748,23529,24016
BIIKR;7867,21767,22138,23880
BIILM;1512,7435,7999,8014,22921,23549,23550,23887,23888
BIILN;21698,21811,21812,22001,22593,22922,23036,23037,23038,23278,23549,23831
BIILR;1492,1512,1518,7430,7432,7446,7954,7999,8009,8010,8014,8017,8026,8027,21698,22138,22142,22794,23038,23547,23887,24031
BIIMN;1321,1493,7450,7835,7849,22102,22249,22541,22753,23036,23472,23549,23895,23898,24041,24044
BIIMZ;7871,21699
BIINT;1522,1524,1525,8000,8009,21729,23037,23549,24027
BIIOR;7434,7455,21620,22005,22010,22149,22260,22292,22795,23280,23377,23473,23547,23552,23558,23821,23832,23833,23887,23897,23978,23981,24045
BIIOT;6787,7180,7455,8034,8039,21679,22795,22798,23050,23280,23473,23894,24039,24045
BIJOU;21665
BIKLN;918,7957,21680,24052
BIKLS;21701,21745,21849,22123,22609,23835,24051
BIKMO;23588,23592
BIKNO;
BIKNR;921,22138
BIKNS;21783,22855
BIKRS;
BIKRU;22607
BIKRY;23058
BIKSS;157,1528,1529,6179,6182,8044,22155,22158,24055
BIKSU;6180,6183,6799,21849,24051
BILLR;6176,7868,8009,23831
BILLS;6084,6173,6177,6761,7848,7896,8043,21701,21745,21849,22735,22791,23984,24051
BILLY;159,924,1131,1516,5633,6398,7810,21817,23055,23546,23611,23613,23979,23989
BILMO;926,1536,1537,6158,6189,7963,8063,8072,21850,22109,22160,22802,23887,23994,23995,24064
BILMP;819,1536,1537,6189,7348,7963,22021,23550,23995
BILMS;21674
BILMU;21748,21818,22160,23475,23480,23550,23602,24064
BILMY;6189,6191,7963,8063,23833,24062,24066
BILNS;21869
BILNY;930,6162,6172,6786,7957,8000,8056,24061
BILOO;653,8057,8067,8085,23862,23888,23894,23985,23995,23996,24038,24058,24071
BILOR;21841,22289,23832,23833,23995,24069
BILOS;22807,22809,22810,23835,23894,23939,24035,24053,24071
BILOX;21721,23088
BILPS;21572,21601,22122,22380,22614,22632,22808,22923,23040,23330,23471,23484,23608,23643,23658,23835,24058
BILRS;21693,22794
BILRU;21693,21698,23838,24069,24072
BILSS;21517,21687,21700,22159,22793,22805,23006,23007,23488,23634,23830,23867,23927,24063
BILST;21743,22794,23892,23894,23939
BILSY;22108,22635,22808,23414,23482,23624,23921,23939,23985,23996
BILTU;21667,22141,23268,23397,23602,23823,24039,24069
BILTZ;
BIMNS;825,1321,5805,7012,7463,21674,22100,22108,22429,22856,22945,23112,23565,23664
BIMOS;23840
BIMOT;1450,5502,22795,23480,23592,23602,24045
BIMOZ;8072
BIMRS;23565,23840,24078,24079
BIMSZ;23669
BINOR;22781,23978,24084
BINOS;24035
BINOT;21671,21947,21971,22552,22781,22818,23428,23871,23949,23963,23991
BINOX;24083
BINRS;
BINRU;1477,1561,8096,8114,21698,22788,22814,24084
BINRY;
BINSS;21642,21645,21974,22008,22009,22103,22318,22441,22615,22621,22789,22805,22852,22883,23572,23905,24037,24042
BINST;23112,23125,23700,23986
BIOOT;8117,22148,23862,23938,24004
BIORS;22783,22820,23856
BIORT;21671,22770,22781,23828,23871,23949,23978,23991
BIOST;
BIOTU;6174,7892,22039,23101,23119,23397,23602,23652,23871,23940,23945,23949,23951,23957,23963,24039,24069
BIOZZ;
BIPSU;7372,7492,7527,7596,7950,8061,22177,22632,22661,22666,22730,23135,23717,24081
BIQSU;5561,21678,24048
BIQTU;86,6998,7547,24027,24039
BIRRS;24078
BIRSS;21707,22103,22177,22738,22769,22789,23891,23961,23982,24028,24088
BIRST;22790
BIRSY;5383,6171,6209,6335,6337,6821,8119,21734,22050,22635,22808,23717,23838,24075
BIRTT;1479,1524,7909,23893
BIRTU;24069
BISSY;7628,7929,8101,21695,22455,23675,24042,24046
BISTT;7817,8028,23934
BISTU;1367,5581,7596
BISTY;6191,6209,6218,6767,6821,7017,7221,8028,8119,21574,21579,21583,21618,21679,21743,22050,22121,22775,23482,23613,23717,23939,24034,24054
BITTY;6214,22799,22818,23696,24054
BIVVY;7558
BIYZZ;6810,23937,24006
BJMOU;21665
BJMUY;
BJNUY;6172
BKLNU;1377,7465,8045,21877,24052
BKLOO;5403,7308,22178,23144,23588,23862
BKLSU;21753,21849,22123,22609,22671,22988,23726,24008,24051
BKLUY;22123,24052
BKMOU;
BKNOS;21855,22822,24009,24010
BKNOU;5641,7892,22114,23731,23734
BKNSU;
BKOOR;21856,22178
BKOOS;5642,5758,6219,7977,21715,21855,22156,24029
BKOOY;23144
BKORS;24008,24012
BKOSS;1580,5643,6012,6091,6143,6228,6240,6825,7385,7978,8137,8138,21520,21754,22132,22155,22158,22181,22825,23594,23964,24011,24055,24097
BKOSU;6799,6954,7634,23143,23451,23726,23729,23740,24008,24012
BKOSY;5405,6013,6241,6242
BKRSU;21512,21754,22129,22183,24008,24012,24093
BKSSU;6146,7975,21498,21513,21520,21754,21957,22132,22181,22825,23510,24055,24097
BKSUY;6242,22123,22671,22988,24054
BLLOS;7819,7896,21613,21701,21745,21896,22578,22674,22677,22735,22826,23017,23396,23452,23512,23742,23743,23827,23965,23984,24013,24098
BLLSU;1391,1397,1586,5762,6148,6247,6550,6828,7222,7313,7641,7933,7935,21849,22382,22464,22826,23153,23741,23745,23827,24013,24051,24091
BLLUY;1462,1586,5402,6338,7804,8056,8061,23989
BLMOO;22802,23617,23995
BLMPU;23550,23967
BLNOW;6249,6769,8080,21850,22294,22803,24053
BLNOY;8155,21916,22187,22740,23016,23994,24061
BLNTU;
BLOOP;7340,7644,7861,23874,23995
BLOOR;22135,22178,22741,22832,22833,23995,24069
BLOOS;21755,22101,22134,23894,23939,24017
BLOOY;8130,22134,22187,23985,23996,24071
BLOSS;6229,6260,6774,6827,7820,7969,7986,8068,8069,8148,21520,22155,22159,22181,22188,22793,22834,22835,23829,23830,23842,23927,23969,24101
BLOST;22784,23894,23939,24017,24066
BLOSU;21851,22166,22188,24013,24101
BLOSW;1155,1483,22807,22831,24053
BLOTU;5456,6149,7317,21556,23101,23294,23295,23467,23515,23602,24039
BLOWY;1583,23297
BLRSU;21851,22165,22166,22185,23827,23838,24008,24013,24036
BLRSY;21693,22808,23838,23996
BLRTU;
BLRUY;7987,8163,23838,23929
BLSSU;1138,1593,1601,1606,6190,6243,6260,6261,6829,7813,7816,7818,7826,8094,22181,22188,22792,22805,22827,22834,24033,24037,24057,24063,24067,24105
BLTUY;5456,6149,7547,22141,24039
BMNSU;24019
BMOOR;1578,5763,6339,6830,8176,21664,22089,22190,22836,23843
BMOOS;24044,24106
BMOOY;21489
BMORS;1485,8033
BMORU;6206,6252,21757,22039,22073,23025,23781
BMOST;7979,24020,24106,24108
BMOSU;6265,7988,22193,24020,24081,24100
BMOSW;8146,23971,24092
BMOUX;23782
BMOWY;7748,23200
BMPSU;23668,24081
BMPUY;23967,24016
BNNOY;8104,23944
BNNSU;21710,22094,22839,23852,23954,23987,24074,24111
BNNUY;755,7696,8159,23918,23929,23944,23953,23954
BNOOR;7983,22836,22838,23955,24084
BNOOS;7747,8095,23027,24009
BNORU;1477,6334,6826,7992,22114,24084
BNORW;21982,23533,23955
BNOSS;22906,23215,23746
BNOSU;1510,7797,23347
BNOUX;23957,24083
BNRSU;
BNRTU;22816
BNSSU;5587,6844,7989,8099,21974,22009,22805,22903,24037
BNSTU;23986,24019
BNTUY;5752,6065,6214,7302,24054
BOOPY;5547,22080,22172,23350,23531,23783
BOORS;22173
BOORT;7995,8117,8176,8179,8185,22115,22135,22832,22833,22840,23938,24004,24069,24118
BOORU;7995,8158,8165,8179,8185,22694,22741,23288,23704,24069,24084,24118
BOOST;22826,23451,23739,23767
BOOSY;22740,23939,23996,24024,24071
BOOSZ;24056,24093
BOOTY;5448,7330,8130,23728,23938,23939,24024,24096
BOOWX;
BOOYZ;
BOPPY;8164,23228,23811
BOPRS;167,1156,5759,5767,6237,6839,7945,8166,8184,22173,22808
BOPUW;
BORRU;21659,21757,22029,23704,24118
BORSS;1580,7978,7990,22769,22837,23961,24028
BORST;
BORSW;1125,5761,6221,22786,22823,22843,23856,24008,24090,24092
BORSY;21991,22128,22783,22808,23463,23811,23816,23838,23996,24024,24075,24096
BORTU;21858,22039,22063,22073,24118
BORTY;21858,23237,23816,24096
BORTZ;7766,8179
BOSST;21695,21705,22155,22158,23829
BOSSW;6774,8137,8148,22785,22835,23830,23961,24112
BOSSY;6260,6825,8101,21695,22744,24024,24046,24113
BOSTT;648,7807,8184,23934,24017,24020
BOSTU;
BOSUY;22192,22748,22783,23463,23529,23816
BOSUZ;7734,22679,22820,22843,23302,23585,24056,24093
BOSWY;24006
BOSYY;21703,21712,23791,23811,23968
BOTTY;7783,22076,23237,23696,23816
BOTUY;1613,5456,21556,21858,24039
BOTXY;
BPPUY;
BPRSU;22174,22177,22730
BRRSU;24078
BRRUY;21757
BRSTU;
BRSUU;6257,7800,7866,21740,21752,22058,22163,22796,23221,23777,24048,24078,24079,24104
BRUUU;
BSSTU;22827,24105
BSSUU;1444,6261,6844,7142,7826,7866,7989,7997,8094,21513,22188,22193,22827,22834,23353,23974,24055,24101,24103,24119
BSTTU;1616,8187,8188,24020
BSTUY;6218,23788,24054
BTTUU;8171,21661,21958,22086,23766,23804,23877
BTTUY;6214,8093,8128,22076,22799,24054
BUYZZ;23937
CCCIO;1620,1622,5588,8198,8200,8204,8205,8208,8213,21714,24130,24131,24133,24134,24135,24136,24137,24139
CCCOO;8210,21714,24130,24133,24137
CCDEO;1628,8250,8278,24201,24221,24229,24247
CCEER;1653,5595,8367,24279,24310,24313,24335
CCEHK;1659,1668,5354,5589,5596,8348,8349,8465,8466,21725,24387,24389,24416
CCEHY;1669,8346,8473,8488,24296,24306,24429,24439
CCEIR;1630,1633,8422,24279,24310,24451
CCEKL;
CCELY;8199,8339,8473,8564,8568,24346,24528
CCEMU;24374,24390,24494
CCEOR;1705,8278,8281,8572,8574,24150,24247,24526
CCEOS;1661,8395,8398,8557,8589,24287,24345,24371,24529
CCERY;1707,5595,5616,8281,8488,8571,8574,8586,8593,24429,24439,24495,24514,24519,24541,24552
CCESU;21737,24338,24371,24468,24530,24531,24539,24545
CCHHI;24252,24386,24618
CCHIK;24135,24576
CCHIN;8643,8658,24577,24641
CCHIO;
CCHIS;24252,24579,24618
CCHKO;5620,5621,5622,8209,8466,8671,8672,24135,24388,24389,24416,24562
CCHKU;24258
CCHLU;1645,24136
CCHNO;24619
CCHOO;1644,8303,8482,8598,8646,8648,24410,24429,24583
CCHOS;
CCHOU;24136,24258
CCHRU;1645,1670,24374,24394
CCHTU;24308,24415,24440
CCHTW;
CCHUY;
CCIIT;8497,8603,8716,21728,24467,24657
CCIIV;8202,8497,8642,8690,8694,8697,8700,8703
CCIKL;5606,5625,5629,8506,8722,24395,24662
CCIKR;677,1753,8644,8722,24451
CCILO;24131,24172,24221,24604,24609,24610,24662,24663,24683,24689,24694
CCIMO;1649,1768,5618,8311,8750,21714,24122,24136,24567,24604,24664,24681,24698
CCIMU;8529,8703,8705,21748,24122,24136,24374,24567,24618,24682,24683
CCINO;21735,24133,24234,24251,24326,24498,24611,24612,24613
CCINT;24168,24293,24582,24589,24591,24592,24607,24615,24629,24641,24652,24657,24659,24673,24702
CCINY;24174,24332,24498,24696
CCIOR;24565,24567,24597,24609,24613,24674,24685,24689,24698,24703
CCIOS;24705,24708
CCIPY;8545,8546,8655,24127,24698
CCIRS;
CCISU;1776,8215,8315,8529,8705,24324,24338,24468,24575,24615,24654,24682,24693,24699
CCKLO;5357,5591,5620,8671,8672,24662,24713
CCKLU;5358
CCKOR;5639,5644,8210,8327,8676,24265,24713
CCKOS;5359,8723,8781,24266,24569,24678
CCKOY;1783,24263,24265,24720
CCKRU;5644,8273,24265
CCLOY;24131,24263,24265,24346,24528,24533,24604,24609,24610,24617,24649,24665,24681,24683,24684,24687,24694,24725
CCOOS;21755,24222,24266,24269,24486,24493,24505,24530,24542,24568,24569,24571,24666,24670,24691,24699,24707,24708,24714,24724,24731,24732
CCOOZ;24343,24703
CCORS;24731
CCORU;5636,8329,8607,8807,21739,21757,24199,24247,24265,24270,24567
CDDEE;24806
CDDEI;24147,24742,24816,24828
CDDEO;1804,1813,5656,8222,8867,8874,24147
CDDUY;8830
CDEEH;8950,8962,8971,25001,25011
CDEEI;8962
CDEER;
CDEES;25030,25198
CDEEU;5658,8935,8957,8960,8962,9049,9063,24165,24894,24908,24916,24956,24957,25039,25053,25075,25102,25103,25104,25137,25139,25169,25228,25247
CDEHI;24162
CDEHN;1804,8910,8971,24875,25399
CDEHO;
CDEIL;5699,21765,24807,25422
CDEIM;25440
CDEIR;
CDEIS;25278
CDEIT;
CDEIV;25421,25422,25452,25457,25475,25583
CDEIY;8835,8840,21765,21817,24174,24220,24238,24739,25011,25100,25101,25269,25270,25291,25314,25389,25457,25513,25553,25605
CDEKO;
CDEKR;
CDEKS;24164
CDELO;
CDELU;24957
CDELY;21765,21817,24739,24980,25100,25455,25456,25457
CDENO;25661
CDENS;
CDENU;24916,25229
CDEOO;5697,9254,9265,9491,9512,21838,25300,25564,25661,25687
CDEOP;
CDEOR;
CDEOS;
CDEOT;24928,24931,25154,25240,25650
CDEOU;9194,9486,24827
CDEOV;1958,8874,9268,21809,25178,25181,25638,25642,25694
CDEOW;9491,21458
CDEOX;24931,25171,25661
CDEOY;8836,25661
CDEOZ;9149,9525,25408
CDERS;
CDERU;24200,25312
CDERY;24837
CDESU;
CDETU;9299,9370,9411,21799,24916,25139,25228
CDHIL;729,1990,1992,1993,9584,9586,9592,24847,25753,25765
CDHIT;208,1995,1998,5735,9593,24849,25748,25750,25770
CDHNU;2006,8302,8880,9214,9611,21844,25379,25381,25412,25751,25784,25791,25794
CDHNY;8971,9586,25011,25711,25766,25773
CDHOR;25787,25790,25792,25796
CDHOT;1995,8305,9593,9617,9619,9620,25748,25749,25750,25752,25770,25780,25787,25789,25792,25794,25796,25797
CDHTU;9617,24849,25789,25794,25797
CDHUY;9584,25414,25766
CDIIN;8994,9111,21812,24167,24213,25001,25273,25276,25277,25433,25442,25753,25819
CDIIO;8890,9133,21846,24122,24950,25276,25701,25724,25754,25807,25813,25817,25830
CDIIR;733,1987,9541,9550,9556,9644,21767,24259,25701,25754,25755,25763,25817,25830
CDIIS;8296,8993,9125,9554,9631,21814,21846,24214,24253,24882,24978,25052,25265,25278,25310,25354,25455,25463,25486,25712,25807,25811
CDIKS;5593,5740,5742,9554,9581,9582,9662,9664,9665,9666,9667,9668,9669,21718,21719,21849,24253,25705,25731,25732,25764,25808,25836,25837
CDIKY;21767
CDILO;8193,8888,9640,9693,24847,25701,25723,25724,25732,25740,25844,25850
CDILU;2021,2035,5699,5747,8889,9142,9584,9592,9644,9693,21765,24957,25722,25754,25813,25841,25847,25850
CDIMO;21850
CDIMU;8309,9584,21847,25312
CDIOR;21788,24939,25135,25701,25830,25840
CDIOS;21718,25740,25807
CDIOT;25750,25810
CDIPU;9027,9299,9407,25139,25388,25746,25819
CDISS;25077,25119,25278,25368,25420,25424,25431,25450,25800,25809,25832
CDIST;25831,25868
CDISU;2047,2048,8315,9603,9663,9666,9675,9691,9693,9710,21826,21842,21849,24252,25718,25739,25768,25807,25813,25843,25847,25850,25859,25866,25868
CDITY;24260,24959,25100,25291,25457,25513
CDKOS;5369,5730,5736,5756,5758,5761,8899,8900,9582,9604,9664,9722,9724,9725,21718,21719,21855,24123,24266,25731,25732,25764,25785,25808,25836,25872,25873,25876,25877
CDKSU;5742,9663,9666,9720,21849,25705,25837,25877
CDKUY;24263,24265
CDLOS;5730,5736,8888,8899,9538,9570,9607,9641,9642,24123,25731,25732,25740,25786,25872,25873,25878,25879,25881
CDLOU;8901,9721,9726,25754,25841,25880
CDNOO;8838,9254,9491,9747,25661,25751,25791,25794,25870,25880,25892
CDNOY;2044,9586,9727,24233,24854,25661,25699,25736,25824,25826,25833,25860
CDNUY;755,2053,2054,8830,9546,9698,9718,9731,24220,25291,25414,25766,25819,25833
CDOOS;5753,5758,8292,8323,9538,9607,9613,9710,9742,9743,9755,9757,24123,24266,24269,24856,25775,25776,25785,25795,25798,25848,25865,25873,25876,25878,25894,25895
CDORS;2066,8900,9722,9742,9755,25873
CDORU;1820,8329,9617,9661,9679,9703,9719,9721,9726,9760,24265,25754,25817
CDORW;24843,25796,25840
CDOSU;754,2047,2048,2070,8315,9616,9710,9743,9752,24269,24855,25715,25747,25807,25885
CDOSY;2065,8900,9607,9690,9725,21490,25760,25883,25891,25895
CDRSU;175,2055,2068,5764,9603,24252,25837,25868,25869
CDRUY;8329,9541,9629,9760,21858,24265
CDSSU;21845,25882
CDSTU;25747,25831,25866,25868,25877
CEEEM;5776,9779,9780,9797,24286,25902,25958,25969,25978,25992,26024
CEEEP;760,5773,9773,9779,9780,9788,9799,25901,25969,26015
CEEFN;25915,26081,26125
CEEFS;25910,26092,26096,26098,26105,26107,26108,26112,26127,26134,26149
CEEGR;5783,8337,9895,9899
CEEHK;21864,21878,21880,25005,25007,25008,26242,26244,26245,26308
CEEHL;
CEEHN;24160,24165,24306,25001,25011,25034,26241,26289
CEEHP;9980,25901,26233,26237,26245,26266,26267,26317
CEEHR;
CEEHS;
CEEIN;1652,9999,24326,25915,26120,26157,26176,26180,26289,26367
CEEIP;25901,25969,26015,26237,26267
CEEJT;21890,21893,26024,26215,26364
CEEKL;5813,10003,10124,24339,25915,26428
CEEKP;5598,10009,24277,25903
CEEKR;10014,24313,26371,26426,26428
CEELP;760,769,777,25901,26462,26630,26643,26649
CEELR;
CEELT;780,781,2131,5770,5772,9814,9816,10021,25100,25914,25954,26030,26039,26234,26643
CEELV;21892,24957,25047
CEELX;781,5775,5803,5835,8978,10177,10198,21721,24285,25100,25171,26030,26180,26649
CEELY;707,777,2131,9012,9063,9792,10040,10178,24346,24739,25100,26184,26474,26617
CEEMR;25172,25195,26218
CEENP;
CEENR;25907
CEENS;24351,26641
CEENT;26030
CEEOO;9895,10210,10262,21878,24343,26086,26514,26578,26579,26622,26659,26674,26746,26748
CEEPR;
CEEPS;25198
CEERS;
CEERT;
CEERW;10068,25921,26442
CEESS;24353
CEEST;5682,9828,26750,26762
CEESX;9851,10237,26624
CEESY;10288,25262,25904,26127,26750,26751,26768
CEEUV;10272,24894,24957,25957,26023,26271,26466,26485
CEEVZ;26597
CEFHI;10337,24364,26811
CEFHL;1659,5855,9122,10323,24364
CEFHS;24362,26103,26826,26831,26832
CEFHT;10342,10344,26830
CEFIS;21861,24367,25278,25910,25920,26105,26107,26108,26123,26126,26834,26836
CEFIT;789,2157,2169,5862,9115,9764,9828,10306,10313,10346,10367,10373,10379,10380,10393,10394,10396,10397,21937,24866,25911,25917,25922,26118,26795,26855,26867,26868,26878
CEFKL;664,1659,8197,21939
CEFKS;5659,5769,5858,5863,8403,9120,9838,10346,21862,24362,24962,25286,26096,26817,26826,26854
CEFLS;26131,26133,26134,26136,26137,26893,26895,26896
CEFLT;9814,9816,10373,10377,10405,10411,10416,21939
CEFOR;2160,2169,5781,5865,9839,9841,10373,10396,24288,26139,26828,26830
CEFSY;26133,26812,26815,26891,26894,26904
CEGIN;21946,26969,26974
CEGIO;5876,10532,27031,27051
CEGIR;
CEGKO;21948,21949,24377,26178,26215,26961,27010,27018,27020,27022,27023,27024,27025
CEGKS;5873,5884,5888,9874,9875,10501,10503,10505,10582,24372,24376,26179,26930,26931,27012,27017,27028,27029,27113
CEGLS;21942,24376,24995,25340,26169,26170,26187,26188,26930,27012,27016,27035,27052,27053,27054,27116
CEGNO;10593
CEGOU;1658,8960,9194,10561,10577,25301,26228,26933,26962,27031,27046,27056,27061,27065
CEGRY;2206,9876,10471
CEHHN;10616,24384,24390,26159
CEHHT;27127,27131,27137
CEHHU;2180,8434,24386,24388,24390,27137
CEHIL;26921,26933,26940,27144,27158,27194,27218
CEHIM;26267,27164,27270
CEHIN;26241
CEHIS;
CEHIT;26929,27164,27175,27177,27270
CEHIV;26231,27201
CEHKN;2266,5354,10647,21864,21982,24416,26241,26308,27338,27339
CEHKO;21725,21864,24387,24389,26241,27203
CEHKS;26930
CEHKT;2267,8349,21880,24389,24416,27193
CEHLO;2230,26921,27158,27218,27219,27354
CEHLP;21962,25901,26317,26921,27142,27219,27350,27354
CEHLT;21985
CEHLU;10629,10675,10684,10809,25957
CEHLW;802,809,5913,10679,10796,27146
CEHLY;21492,21985,26962,27354
CEHMO;5355,9935,9937,21986,27354
CEHMR;21981
CEHMS;
CEHMY;1669,9251,9954,10471,10696,10760,10813,21986,24429,25270,25958,26266,26267,26270,27164,27260,27261,27269,27270,27274,27354,27376
CEHNO;21864,21982,26241
CEHNT;
CEHNW;9263,10816
CEHOO;5898,5924,8482,21725,21779,21980,24387,24410,26940,26941,26962,27158,27218,27302,27350,27354
CEHOP;24410,26347,26921,27219,27261,27302,27354
CEHOR;
CEHOS;
CEHOW;5913,10679,10733
CEHPR;
CEHPS;21978,26810
CEHRT;25347
CEHRU;10684,24386
CEHSS;26813,27394
CEHST;
CEHSU;
CEHSW;
CEHSY;2282,5375,26927,27394
CEHTU;5909,10338,10629,21880,24404,24415
CEHTV;2284,8487,10747,10752,10824,10875,10887,25390,26939,27335
CEHTW;27146,27336
CEHTY;810,8473,21810,26267,26317,26959,27164,27177,27251,27260,27270,27387
CEHVY;25958
CEHWY;27336
CEHYY;10810,27270,27376,27394,27400
CEIIL;8992,9283,10480,10628,10929,21812,21998,22004,24807,26232,26372,26792,26811,26840,27144,27158,27435,27439,27478
CEIIR;814,815,2299,2300,5936,8408,10307,10350,10931,21936,24391,24393,24394,24471,26092,26235,26236,26408,27412,27413,27478,27568
CEIIV;8202,10909,10917,10929,21890,24977,25061,25452,25970,26175,26364,26392,26395,27420,27478,27568
CEIJU;5940
CEIKL;5606,10645,24395,24474,25943
CEIKR;
CEILL;21897,24475,25069,25082,25496,25943,26251,26426,26428,26450,26453,26792,27210,27411
CEILM;24944,25440,25978,26372,26459,26466,26818,26934,27216,27218,27635,27636
CEILN;25273,26372
CEILO;10909,11103,24131,24364
CEILP;22004,25901
CEILR;27413
CEILS;
CEILT;
CEIMN;26969
CEIMR;
CEIMS;
CEIMT;22033,25440,25459,26934,26943,27216,27420,27626
CEIMX;5879,5974,25101,25991,27261
CEINR;
CEINS;
CEINU;21735,26125,26289,26847,27611,27795
CEINW;10076,27520
CEINX;24331,25129,25326,25991,26006,26180,26205,26210,26211,26212,26213,26396,27536
CEINY;24174,24498,25314,25553,26554,26557,26575,26969,27010,27073,27492,27619,27746,27831
CEIOS;22014,27570
CEIOV;5939,10041,11103,21893,26458
CEIOZ;26517,27051,27158,27218
CEIPR;
CEIPS;26810
CEIRR;
CEIRS;
CEIRT;2157,27568
CEIRU;27067
CEIRX;2341,9926,10097,10748,11035,22011,26377,27104,27536
CEIRY;5383,8454,10608,10691,10696,10956,11200,11247,11248,24332,24514,26535,27274,27537,27539,27540,27568,27685
CEISS;25278
CEIST;
CEISV;21908,26022
CEITU;8825,8856,9027,9299,10549,11279,21950,22033,24415,25137,25493,25509,26023,26125,26213,26271,26279,26795,26847,27722,27795
CEITV;21890,21893,24232,25583,26271,26364,26392,26395,26403,26458,26484,26932,26939,27106,27201,27420,27568,27749,27833
CEITW;10733,11118,27336
CEKKS;2410,6004,10983,11310,11322,11323,22014,27012,27579,27889
CEKLO;2406
CEKLR;
CEKMS;10128,10761,10993,11338,27605
CEKNS;26026,26216
CEKOR;
CEKOS;5815,22014,27410
CEKPS;670,2417,10761
CEKPY;27894
CEKRS;
CEKRT;
CEKRW;21982
CEKSU;8403,10761,27346
CELLO;24343,26630,26632,27915
CELLS;11380,24475,25009,25368,25496,26029,26130,26251,26252,26449,27116
CELMO;10909
CELMS;26031
CELNO;773,2425
CELNU;
CELOR;
CELOS;
CELOT;26039
CELOU;27934
CELOV;
CELOY;8199,11367,21492,24131,24474,27043
CELOZ;864,9149,24343,25499,27051,27158,27218
CELPT;25372,25406,25643,26036,27350,27365
CELPU;22004
CELPY;8561,10587,27894,27915,27962
CELRU;
CELST;
CELSU;
CELSW;8570,10530,10650,10796,11142,11381,24476,26882,27945
CELTU;21939,27137
CELTY;25100,25457,26629,27443,27473
CELUX;2472,10177,10198,11423,25326,26892,27680,27938,27986
CELUY;6055,11142,11359,21492,21765,21817,21921,26962,27685,27717,27894,27962
CEMOR;26695,26712,28002,28009,28013,28029
CEMOS;27500
CEMOT;22068,22076,24528,25294,26139,26696,26710,26712,26898,27900,27940,28013,28026,28029
CEMRS;
CEMRY;22036,24429,25546,25556,25939,26218,26266,26270,26712,27269,27273,27274,27646,27931,28009,28013,28026,28028,28029
CEMSY;8560,10517
CENNO;
CENOP;27520
CENOR;
CENOS;
CENOT;27924
CENOU;9194,24323,27056,27061,28004
CENOV;
CENOY;2481,6023,8571,10817,11503,22020,24306,24356,24498,24541,25661,26474,27387,27723,28013,28053
CENOZ;11221,11519,27387,27724
CENPU;22060,26146,26620,26667,27027,27098,27834,27894,27962
CENST;22052,24531,27963
CENSU;
CENTU;21913,21927,21950,26146,26213,26620,26847,26956,27611,27795
CEOOR;8278,9470,25649
CEOOY;24429,24525,24541,25661,27384,28033
CEOOZ;24343,26329,26578,27051,27158,27218,27387,27545,27754,27844
CEOPR;26347
CEOPS;
CEOPU;
CEORR;22080
CEORS;
CEORT;
CEORU;10429
CEORV;11552
CEORW;
CEORY;2481,8281,8571,8836,9478,10235,11552,21731,22081,24541,24837,25482,25546,26712,26776,27923,27975,28009,28013,28029,28053
CEORZ;864,9149,11519,26329
CEOSS;
CEOST;24287
CEOSU;
CEOSV;1958
CEOSW;24476,26729,26882,27945
CEOSX;22014,22064,22085,24560,26274,26624,26751,27810,27826,28030,28060
CEOSY;5375
CEOSZ;26334,27407
CEOTT;24389,26680,27376,27940,28019
CEOTV;21893
CEOVY;11552
CEOYZ;27062,27387
CEPRS;
CEPRT;
CEPRU;27098,27834
CEPRY;2496,2497,27962
CEPSS;27943
CEPST;
CEPSU;21978
CERRU;27371,28045
CERRY;22078,22080,24490,26129,27834,27964
CERSS;
CERST;
CERSU;
CERSW;11576
CERTU;
CERTY;11542,22081,25155,25482,26712,27568,27733,27891,28029
CERUV;
CESST;
CESSU;21957
CESSY;8875,10780,26886,27394
CESTU;
CESTY;24238,25605,27110,27561,27733
CESUZ;2355,10809,10890,11037,11130,27378,27407,27544,27769
CETUY;21500,22076,25291,27274,27856,27884
CFFHU;
CFFIL;11577,11588,24363,25696,26792
CFFLO;11588
CFFOS;11582,24362,28109,28114
CFFOU;21932,26084,28109,28115
CFFSU;6079,8403,8597,28101,28109
CFHIL;6081,9537,24364
CFHIN;2534,8596,25700,26789,28119,28143
CFHIT;6080,24562,28143,28145
CFHIU;10337,10338,22087,24364
CFHOO;8598,26791,26828,26830,28148
CFIIN;25273,25276,25277,25282,26804,26811,26833,28119,28123,28124,28129
CFIKL;28160,28161
CFILO;1972,9128,9136,10377,11647,25697,26853,28132,28146,28154,28160,28162
CFILS;28117,28146,28167
CFILT;237,1971,1972,2539,10377,11634,11647,11651,25696,28160,28168
CFIOS;25702,28109,28111,28128,28130,28131,28142,28147,28156,28159,28162,28175
CFISS;24365,25272,25278,26108,26813,26824,26864,28107,28122,28138,28147
CFISU;8410,8601,10375,10395,11607,11609,11632,11662,11671,24367,25705,26126,26874,26876,28109,28112,28167,28171,28175
CFKLO;8197,10401,28160,28161
CFKOR;10401,11674,11675,24288,26887,28144,28161,28164
CFKSU;6079,8403,9120,25705,26099,28110,28178
CFLOS;1661,5686,5866,9538,11621,11677,24566,24571,26131,26134,26136,26137,26856,26860,26891,26894,26895,26896,28146,28149,28184,28185
CFMOY;11665,11681,22088,25707,28174
CFNOS;9151,10417,11582,11610,11613,11623,11625,26835,26882,28114,28128,28130,28131,28142,28146,28162,28175,28179,28184,28188
CFOOS;1710,5863,8608,10417,10424,10425,11663,11684,11688,11691,24568,24569,24571,26134,26149,26876,26883,26901,26904,26905,26909,28109,28114,28159,28166,28175,28179,28180,28184,28185,28188,28189
CFORT;26828
CFOSU;11624,28109,28113,28115,28171,28175
CFRSU;11607,11624,11662,11671,24367,25704,26126,26132,26832,26893,28171
CFRTU;11692,26146
CFSTU;1712,8597
CFSUU;10414,26893,28167,28178
CGGIY;6092,8412
CGHIN;25697,28233
CGHIT;6080,6094,11729
CGHLU;
CGHNO;8414,8620,11695,11698,11719,25697,26961,26963,28233,28261
CGHOO;8620,11744,11746,22095,24583,24586,26940,26941,26948,26962,26963,28206,28230,28233,28237,28238,28261,28262,28263
CGHOS;2569,2572,2574,10469,11740,11765,11772
CGHOT;28261
CGHOU;28240
CGHSU;6102,11699,11764
CGIIN;11596,11597,11700,21741,24596,26969,28124,28266,28268,28295
CGILN;21504,24578,28124,28268
CGILO;21951,22109,24583,24609,24610,25309,25327,26933,26940,26941,26984,27031,28212,28238,28239,28306,28393
CGIMO;22109,26192,27031,28214,28230,28240
CGINO;
CGINU;11817,11923,24251,24580,25718,28317
CGIOR;22109,24609,28212,28237,28238,28239,28260,28306,28360
CGIOY;9551,11722,11741,11839,11846,11851,24609,24610,25329,25740,26959,28120,28238,28239,28260,28392,28393
CGKSU;6115,10582,11932,27113
CGKUY;11932
CGLNU;25936,26091
CGLOO;2614,8620,9174,9192,10532,11705,11846,22109,24583,24609,24610,24617,25309,25327,26940,26941,26984,28238,28261,28262,28263,28306,28393,28435
CGLOS;2569,2612,11765,25340,26169
CGNOO;8620,8838,10593,10600,26963,28261
CGOOS;1710
CGORS;26217,26220,27115,28436,28437,28440
CGOSS;11702,11772,24990,25723,26985,27035,28296,28307,28432
CGOSU;28437
CGSSU;6116,11945,21957,27109
CHHIL;2626,8633,11712,11947,11948,11950,24847,25749,27131,28442
CHHIS;22116,24252,24575,24618,26810,26917
CHHIT;11950,11953,25750,27127,27131
CHHIW;8635,25750,26159,26231
CHHNU;24390,24573,24574,24619,25751
CHHOO;24847,25345,25346,28445
CHHOT;8431,10617,11953,24389,25748,25749,27131
CHHTU;
CHIIL;8633,8642,10628,11719,21722,24576,24578,25754,26233,26811,26921,27144,27154,27158,28212,28448,28461,28464
CHIKN;10647,11997,24135,24576,26241,28486
CHIKO;24135,26241,27194,28453
CHIKR;5394,8644,28486
CHIKS;25004
CHIKT;208,6080,6093,11730
CHILL;2533,11735,22087,25943,26933,27131
CHILM;21961,26248,26934,27130,27151,27216,28486
CHILN;249,729,899,1990,2647,6119,9586,11695,11719,12004,12007,12013,25753
CHILO;24847,26921,26933,26941,27131,27158,27194,28455,28461,28464
CHILP;21962,22122,22126,24583,25901,26233,26921,27142,27156,27194,27222,28448,28461,28468,28508,28516
CHILR;26160,28449,28486
CHILT;24137,28505
CHILY;1992,8840,9584,9586,25711,28226,28233,28451,28505,28515
CHILZ;2647,9904,12011,12024,27158,27218,28460,28461,28463
CHIMO;1723,12044,25770,28240,28518,28521,28522,28532
CHIMP;11746,12009,12044,26266,26267,27219,27260,27261,27269,27270,28498,28522,28532
CHIMR;28486
CHIMS;28489
CHIMT;1723,2662,8660,9593,12011,12040,12043,24627,26271,26934,27216,27268,28457,28521,28522,28531
CHIMU;251,9584,11951,12008,12011,22127,24136,24618,28240,28486,28504
CHINO;2647,11695,11719,11997,12063,25697,26241,28453,28504,28518
CHINP;24580,28143
CHINS;28548
CHINT;
CHINW;11997,12042,25753,25942,28494
CHIOR;
CHIPR;8644,11617,11982
CHIPS;21978,22097,24253,25762,25767,25775,25776,26810,28143,28218,28220,28257,28468,28565
CHIPT;21962,25762,26237,27142,27156,27168,27175,28143,28468,28565
CHIQU;
CHIRR;1727,2638,2653,5394,6127,8612,11735,12063,12073,24632,25763,28212
CHIRT;11729,24591,24623,28198,28449
CHIRU;24386,24394,25360,25754,26960,28239,28465,28514
CHIST;
CHISU;22116,22126,24575,28489
CHISV;11981,11986,12076,28493
CHITT;24623,28449,28462,28495
CHITW;5735,25750,27146
CHITY;26283
CHIVY;27201
CHIZZ;2265,2660,9927,10694
CHKNU;2623,5619,21844,25784,28486
CHKOO;6137,22131,28495
CHKOS;
CHKOT;5621,5622,6137,6141,6145,8209,8671,8672,8674,11620,12086,12090,12091,22130,22131,24389,24416
CHKOW;21982,24258,28494
CHKOY;28226,28445
CHKSU;27346
CHKTU;21880,22130,22131
CHLMU;12008,12011,24136,28486,28504,28570
CHLNU;22133,28570,28576
CHLNY;805,12004,12007,12016,24649,25711,28226,28233,28460,28575,28576
CHLOO;1644,8620,9588,9606,21983,22125,24583,24847,26940,26962,27158,28237,28238,28262,28263,28461
CHLOS;
CHLOT;24636,28578
CHLRU;1645,8656,10684,12024,12028,12097,24637,25754,25957,28239,28465,28486,28570
CHLSU;
CHMNU;251,5910,8474,10774,10821,22127,28486,28504,28570
CHMOO;6137,9609,10688,11744,11746,12043,12107,21986,22136,25770,28518,28521,28522,28532,28580
CHMOP;10695,11746,11770,12044,27219,27260,27261,27354,28498,28522,28532,28580
CHMOS;
CHMOU;12008,22127,24136,28240,28504,28570
CHMOY;8662,9551,10617,10813,10817,11722,11767,11770,12002,12038,12044,12107,21986,25770,27219,27221,27260,27261,27354,27376,28498,28505,28518,28532,28580
CHMPU;12008,27269
CHMSU;24618
CHMTU;6140,12011
CHNOO;12058,12083,25791,25794,28261,28518,28521
CHNOS;28584
CHNOT;25794,28261
CHNPU;22133,24580,28508,28545
CHNRU;25784,26961,28570
CHNSY;2282,2699,8477,8658,26927
CHOOP;5898,5924,9614,11746,12071,12092,12109,12117,22125,24583,24620,24645,25776,25787,27350,27354,27370,28263,28461,28495,28551,28577,28586,28587,28588
CHOOS;25775,25776,25795
CHOPR;24622,25787,26336,26347,28587,28588
CHOPS;24620,25767,25775,25776,25778,25795,28149,28447
CHOPT;12115,12116,12122,12124,24620,25787,28577,28578,28586,28588
CHOPU;10861,12121,22126,22133,24622,28508,28545,28555
CHORT;
CHORY;1646,1736,11741,11768,28238,28262,28554,28556,28587
CHOST;26333,26334
CHOSU;264
CHOSW;24621,25793,25795
CHOTT;2705,10621,10732,10733,10802,11774,11970,12105,12124,12125,21885,22131,22136,24308,24389,25410,26331,27268,27376,27386,28148,28462,28483,28494,28495,28572,28588
CHOTU;5622,11774,22131,25794,25797
CHOUV;
CHOUX;
CHPSY;11961
CHRRU;10337,21888,24386,24441
CHRSU;12128,21512
CHRTW;2689,5735,6145,8305,9620,11622,12091,22135,25796
CHSTU;
CHSUY;21,264,2699,12078
CIILT;21515,21516,22140,22141,22142,25696,25811,28594,28625,28630
CIILV;25452,27478,28306,28599
CIILY;8211,8692,11629,12150,21741,22141,22142,24127,24138,24139,24140,24141,24214,24260,24457,24461,24595,24596,24665,25269,25457,26812,26983,27473,28292,28299,28455,28464,28596,28625,28630,28643
CIIMM;9285,10937,21847,25817,26380,27492,28152
CIINO;10628,11583,12149,12150,25276,28453
CIINR;6167,22138,24259
CIINV;25475,25970,26106,26364,26392,26395,28453,28674
CIIPP;11813,24599,27520,27556
CIIRR;915,2638,2741,6167,8612,11983,12233,24632,24674,24675,25763,25830,28157,28212,28319
CIJUY;6172,9629,25833
CIKKL;8506,10645,10982,21998,22138,26426,27580,28329
CIKKS;22014,24660,24661,24678,25836,28690
CIKKY;
CIKLN;28486,28691
CIKLS;11991,11995,12261,21849,25731,25732,25764,28339,28487,28696,28699
CIKMS;2640,2717,2750,8623,8717,10993,11987,25808,28487
CIKMY;2640,2749,28331
CIKNS;2717,2750,5740,9666,24679,25808,28615
CIKOS;6183,8721,10981,11820,12261,21719,22014,24676,24677,24678,25731,25732,25808,25836,26852,27410,27579,28339,28615,28690,28696,28699
CIKOY;2751,12260,28614
CIKPR;8644,8722,12267,25840,28144,28164
CIKPS;22122,24253,24660,24676,28151,28496
CIKPY;6092,12263,12270,25364,27198,28488
CIKQU;5945,6175
CIKRS;9668,25731,28696
CIKRT;11642,12143,28144
CIKRW;6176,8644,8722,9583,11997,25840
CIKSS;22117,25366
CIKST;8720,8721,11599,11644,11645,12261,22151,22156,24678,25732,25839,28339
CIKSW;2750,5740,5948,9665,10650,11988,11991,24660,28339,28496
CIKSY;2640,9668,27619
CIKTY;28614
CIKWY;
CILLS;22159,24475,24680,25496,26449,28721
CILMS;24138,25799,28291,28487,28727
CILNO;28594,28625
CILNT;24652,24665,24687,25812,28160,28594,28625
CILOR;24609,28306,28360,28713
CILOS;28111,28600,28700
CILOT;21515,24137,24610,24687,24694,25732,28160,28339,28505,28594,28625,28700,28733,28738,28744
CILOU;11103,12024,22160,24136,24364,25754,28239
CILOW;10679,11118,21850,24172,28162,28339,28467,28699
CILPS;22122,24676,28111,28151,28390,28640
CILPT;22140,22141,25372,25815,27634,28468,28732,28744,28745
CILPU;25815
CILRS;278,8895,9542,24594,28308
CILRU;24637,25754,28239,28465,28486,28513,28514
CILRY;22142,24140,24259,24609,24980,27685,28360
CILST;21516,22140,25732,28308,28339,28700,28753
CILSU;21507,24846,28105,28167,28308,28727
CILTU;2803,2810,2811,9645,12011,12162,12368,22140,22141,22142,25696,28630,28716,28753
CILTY;11010,11118,12274,12354,22141,22142,24140,24141,24260,24484,24610,24665,24683,24687,24694,25100,25457,25513,26474,27473,27634,28389,28505,28511,28515,28596,28625,28630,28722,28732,28733,28738,28744,28745
CILXY;2760,5972,11011,11035,11095,12296,24131,25100,28464,28746
CIMNO;21850,24681,28518,28521,28522,28757,28768
CIMNU;251,8703
CIMNY;8752,11144,12378,12382,12388,22036,25460,25553,25819,27492,27723,27746,28646,28759,28766,28774,28777
CIMOR;8756,11791,11871,12207,12275,12409,24698,28360
CIMOS;27570,27579,27762
CIMOX;12385,12391,21714,27261,28772
CIMPR;11664,25857,26119,26190,28763
CIMRS;25837
CIMSU;24618
CIMYZ;12046,27164,28361
CINNO;940,21744,24134,24639,28140,28453
CINOR;28798
CINOS;
CINOT;28757,28759,28764
CINOV;28453
CINOY;2044,11211,12378,12440,22020,22147,24483,24681,24684,24687,24854,25824,25833,25860,26474,26554,26557,27723,27746,27831,28478,28518,28523,28625,28646,28672,28711,28736,28738,28759,28774,28795,28798,28804
CINOZ;
CINQS;9666,12220,12424,25859
CINRU;26840,27611,28674,28798
CINSU;25718,28167
CINSZ;2335,10086,10388,11243,11814,24630
CINTT;25992,26125,26456,26847,26918,26974,27174,28494,28665,28797
CINTU;22033,26125,26213,26279,26847,27611,27722,27749,27794,27795,28398,28404,28759
CINYZ;11811,24457,24596,26557,27473,27540
CIOPS;1776,2745,6200,8215,12438,24676,24705,28390
CIOPT;28732,28744
CIOQU;944,11103,12354,21976,27476,27620
CIORR;11871,12073,22089,22172,24567,24613,24632,24674,25708,25744,25758,25830,28157,28169,28170,28172,28177,28212,28328,28422,28480,28554,28760,28791,28810,28811
CIORS;28680,28809
CIORT;
CIORU;2795,8736,8741,9661,9684,12024,12063,12335,25754,28239,28465,28514,28798
CIOST;24680,28339,28609
CIOTX;12043,12391,12435,12465
CIPRS;
CIPRY;22172,28177,28798
CIPSS;28304,28441
CIPSY;2762,6200,11882,12263,12270,12297,12331,28739
CIPTY;22141,25804,28596,28624,28732,28744,28745,28770
CIRST;
CIRSU;25869
CISST;25832,28602,28644,28661
CISSY;280,2051,2808,8325,11929,12029,12270,12376,12468,24668,24688,25849,28451,28458,28470,28548,28629,28644,28686,28688,28715,28736,28751,28795
CISTU;2810,9645,12368
CIVVY;
CJKOO;27884
CJKOS;8776,11310,11314,11820,12479,26612,27885
CJKOY;
CJNOU;11698,11930,11931,28328
CJOOS;28815,28816
CJOSU;25807,27011,27885
CKKNO;5638,12254,12485,25870,25871
CKLNO;
CKLNU;28486
CKLOS;25731,25732,28339,28696,28699,28700
CKLPU;12257
CKLSU;21849,22123,28178,28696
CKLUY;5402,22123,26617
CKMOS;5359,6232,6233,9722,12486,25808,27570,27579,28825,28826,28827,28828
CKMSU;24712,28825
CKMUY;24715
CKNOR;6141,8327,11674,11997,12089,12267,12491,28179,28566,28829
CKNOS;5369,6235,8886,11610,11996,11998,12268,21855,24478,24679,25808,26216,26437,27410,27612,28179,28615
CKNOY;11674,12485,28614,28706
CKNRU;22060,26438,26620,27611,28486
CKNSU;9666,11932
CKOOR;8210,8676,12267,25840,28164,28829
CKOOS;5642,5758,8779,8781,8782,9427,11335,21459,21831,21855,22056,22154,22179,22182,24123,24266,24568,24569,24714,25872,26216,27893,27908,28114,28180,28615,28819
CKOOY;21459,24645,24720,28445
CKOPS;6237,8781,11344,11345,11610,12486,22122,22182,24645,24676,25836,26624,27885,28496
CKOPY;24645,24720
CKORS;25731,25836,28825
CKORT;747,2751,2871,5644,5760,6141,6145,9721,12086,12091,22130,28144
CKORY;24265,27891
CKOSS;6012,11349,12498,21520,21754,22181,24523,24723,25621,27909
CKOST;6219,12261,21521,22151,22156,24568,24569,24678,24714,25732,25839,28180,28339,28615,28819
CKOSW;22157,24144,24266,24524,25164,25872,25876,26882,27910,28179,28339,28690,28699,28820,28821,28825
CKOSY;2870,2872,5405,6013,6235,6242,8900,21459,22182,25614
CKOTY;2751,11346,12260,27884,28614
CKOUY;24263,24265,26617,27884
CKPSU;10761,12480
CKRSU;28825
CKRTU;5644,9721,11642,12086,12488,22130,25875
CKSSU;8778,21754,21957,22152,24723
CKSTU;21521
CKSUY;6242,11932,22123,27619,28488
CKUYY;
CLLOS;24680,25843,28500,28501,28502,28721
CLLOY;2760,2881,8727,11367,12002,12150,21746,22124,24474,26632,27915,27923,28501,28502,28711,28713
CLLSU;28182
CLLUY;24263,28502,28503,28623,28711
CLMOP;24664,28595
CLMOU;12008,12312,24136,24264,24683,25515,25629,25841,26647,27649,27934,28713
CLMOY;1787,8727,9672,9727,11681,11767,11933,12002,24681,24683,28331,28505,28625,28713,28733
CLMPU;12008,12312,27582
CLMSU;22163,28727
CLMTU;24683,26032,26646,26647,26934,27216,27626,27641,27649,27928,27934,28630,28716
CLNOO;8620,28261
CLNOS;
CLNOW;2425,9728,9730,21850,27587
CLOOP;9336,11097,22125,24836,25178,25327,25629,27659,28263,28435,28461
CLOOR;5763,9588,9606,11705,22135,24565,24638,24689,25701,25787,28237,28306,28509,28572,28731,28838,28842
CLOOS;5645,6163,6250,21755,24123,24571
CLOOT;5403,5744,24610,24687,24689,25880,28168,28731,28842
CLOOY;8681,9607,22068,22125,22134,24528,24610,25740,27934,28263,28392,28433,28434,28505,28728,28739
CLOPS;22122,24676,26035,26036,26656,26661,26679,26894,27953,28111,28149,28394,28640
CLORU;24265,25754,28239,28465,28713
CLOST;24566,25732,28111,28339,28382,28700
CLOSU;
CLOSW;25881,28339,28467
CLOSY;2065,2870,9607,11937,12093,12500,12536,12549,28852
CLOTU;2868,9721,12484,12510,12543,27934
CLOTY;2783,6254,11859,12260,12354,24610,24649,24665,24683,24687,24725,28505,28576,28578,28624,28625,28722,28733,28744,28745
CLOYY;12103,12538,24694,26653,27940,27987,28263,28352,28577,28578,28733,28738,28744,28745,28746,28750,28839
CLPSU;28850
CLRSU;28178,28308
CLRUY;1786,2903,8329,21921,24265,24637,27685,27962,28239
CLSSU;6260,11686,21517,21519,24688,24726,26671,28358,28597,28601,28628,28751
CLSTU;28308
CLTUY;2811,6149,6254,9718,12341,12354,12366,22141,24683,28389,28576,28630
CMMOO;11744,25707
CMMOS;24351,24716,24855,25874,26642,26693,28825,28837
CMMOY;1783,12107,12378,22088,25546,25707,27723,28518,28646,28759,28761
CMOOP;8795,11746,11886,12383,24698,25629,25857,27750,28768
CMOOS;2887,2909,12511,12555,28433,28438,28826,28827,28828,28859
CMOOY;9727,11681,11767,11933,12107,21489,21756,22068,22192,24429,24528,24681,24698,25707,25770,25888,27934,28019,28433,28434,28438,28505,28518,28523,28532,28728,28761,28778,28841
CMOPS;25461,27500,28156,28779
CMOPT;24664,28595,28860
CMORS;24718,28436,28826,28827,28828,28857,28858,28859,28863
CMORU;1820,9738,21757,27900,27925,27935,28013,28187,28570,28862
CMOSU;
CMPRU;8757,10318,28763
CMRSU;24618,25837,28656
CMSSU;21957,22059,28823
CMSUU;2602,22058,22110,22139,24643,27113,27254,28359,28727
CNNOS;24711,25709,25890,25891,28437,28573,28583,28815,28868
CNOOR;28183
CNOOS;28114,28868
CNOOT;6262,8578,9747,12058,12377,12390,12391,12392,12429,12435,25794,25880,25892,27952,28261,28372
CNOOV;8578,12577,24544,27952,28048,28052
CNOPY;24684,25824,25860,28575,28774,28798
CNORS;
CNORT;28875
CNORU;28183,28187,28570,28649,28849,28875
CNORW;2697,8327,9730,10815,11674,11943,11997,12089,21982,24843,25893,27587
CNORY;22078,25173,25824
CNOSU;12552,28868
CNOSY;22187,28852
CNOTU;28398,28439
CNOTY;2044,2606,2783,8576,11859,12260,12285,12378,12388,25334,26474,27723,28614,28625,28646
CNOUY;27061,27831,28369,28711,28795,28841,28852
CNRSU;5764
CNRUY;6255,28674
CNSSY;9092,24668,24688,27619,27663
CNSTU;21913,21927,22052,24531,25209,26740,27963,28064
CNSUU;8630,12307,12438,12454,22188,22194,24268,24643,24697,28167,28359,28669,28727,28802
CNTUU;11682,12425,12483,22194,24268,28387,28767,28853,28875,28876
COOPS;6142,8781,22182,24645,24705,25775,25776,25795
COOPT;2512,24553,26086,27383,28044,28586,28588
COORS;2920,6264,12561,12563,22195,24856,25865,25895,28189,28809,28884
COOST;2920,6219,8782,9710,11691,12464,22195,24569,24718,24732,27908,28180,28189,28819,28821,28828,28831
COPPY;24720,25182,27672,28033,28744
COPRS;
COPRU;12580,22114,24622,28763
COPSS;
COPSU;1776,8215,12438,12552,24724,28149,28560,28679,28780,28846
COPSW;6227,12492,25775,25778,25795,26729,28496
COPSY;22182,24552,24731,27125,28069,28394,28878
COPUY;12471
CORRU;6201,8807,9703,10429,21757,24567,24613,28045,28172,28183,28328,28422,28741,28862
CORSS;
CORST;22195,28854,28863,28883
CORSU;
CORSW;22157,22195,24144,28189,28680,28690,28809,28820,28821,28825,28884
CORTU;
CORWY;11674,12494,28381
COSST;
COSSU;2796,21520,22193,28506,28601,28823,28847,28868
COSSW;12450
COSTT;28180,28185,28382,28695,28781,28819,28831
COSTU;22064
COTTU;24728,28439
CPPUY;24555,28798
CPRTY;2706,26138
CPSSU;
CPSUY;11236,28488
CPTUU;11498,11528,12316,22086,25875
CRRSU;
CRRUY;2905,8807,11693,21757,24441,24675,27834,27964,28855
CRSSU;
CRSTU;
CRSUY;22192,24536
CRUVY;
CSSTU;
CSSTY;302,964,2808,2867,2907,12376,12596,12597,26713,27987,28470,28644,28686,28688
CSUZZ;6247
CTTUY;2811,2886,6214,9546,11679,11692,22076,24728,25816,28389,28630,28687
DDDEU;28908
DDDIY;
DDDOY;28922
DDDUY;
DDEEG;2936
DDEEK;22233,28923,28947,29024
DDEEL;21522
DDEEN;
DDEER;
DDEES;
DDEEW;
DDEEY;
DDEGO;29171
DDEHI;28909
DDEII;8834,8835,12610,12690,24807,24812,24818,28909,29120
DDEIK;
DDEIL;
DDEIN;24147
DDEIO;8222,29038,29041,29186
DDEIR;
DDEIS;
DDEIT;
DDEIV;2954,2969,8823,8856,24780
DDEKU;12898
DDEKY;
DDELO;
DDEMO;8867,12864,12919
DDENY;2988,12810,12867,12868
DDEOP;12715,24841
DDEOR;
DDEOS;
DDEOT;29132,29287
DDEOV;1813,8874,28953,29287
DDEOW;28960
DDEOX;29063,29093,29186
DDEOZ;22275,29033,29246,29253,29277
DDEPU;
DDERS;24821
DDERU;
DDERY;22282,24837,29127,29271
DDEST;
DDESU;29200
DDETY;2984,12806,12867,24806,29081
DDFUY;12947,12950
DDGIY;29312,29315
DDGOY;6331,29315
DDHUU;
DDIIO;8890,8891,22292
DDIKO;
DDIKY;21767,29330
DDILO;1817,6330,8225,12963,21523,22287,22289,22293,22294,24847,24854,28921
DDIMY;
DDINU;12982,12997,22294,22295,22296,29340
DDIOR;12963,12972,22292,22293,22295
DDIOS;22297,29339,29340
DDIRU;8884,12949,28946,29170
DDIST;
DDITY;12867,29169
DDIWY;29330
DDLOY;21523,22293,28922,29315
DDMUY;
DDNOY;24854,29315
DDNUY;12947,12950
DDOOS;22297,24856,28920,29326,29327,29328,29335,29336,29338,29339,29342,29343
DDOOY;5411,24854,28922
DDOPY;28922
DDOSW;8904,12981,12993,13001,13002,13006,13009,13010,22297,24856,29328,29336,29339,29343
DDOSY;8900,13008,13010,29343
DDOTY;29081
DDOVY;29081
DDOWY;24837,29272
DDPUY;
DDRSU;2994,8903,8905,12946,12954,12999,13011,29323
DDRUY;6331,12795,12931,12947,13011,22282,29271
DDSSU;12970,13011,29294,29321,29322
DDUWY;29272
DEEER;
DEEEV;
DEEFF;22339,29630,29632
DEEFL;29386
DEEFR;
DEEFS;22354
DEEFT;
DEEFU;
DEEFX;
DEEFY;8937,29678
DEEGG;29769,29771
DEEGH;8229,8950,22361,22362,29787
DEEGK;13185,29802,29881
DEEGL;22370
DEEGO;6369,8229,8957,8960,12659,13173,13176,13193,13224,21773,22356,22357,22370,24997,28979,28980,29397,29404,29656,29820,29822,29824,29881,29882,29885,29886,29887,29894,29904
DEEGR;
DEEGS;13171
DEEGW;13224,22309,22357,29881
DEEHL;29989,29994
DEEHR;29990
DEEHS;8972,21780,22313,22389,22392,25023,29950,30023,30026
DEEHT;22217,22361,22378,22389,22392,29993,30023,30025,30026
DEEHW;13262,28887,29947
DEEHX;22378,29952
DEEHY;1828,8937,8971,8978,25011,25025,29446,29661,29950,29986
DEEIK;3034,8230,8939,13124,13357,13361,24159,24160,24161,24162,24169,24767,24883,24884,24954,25005,25073,25075,29802,30092
DEEIL;29802,29820,29822,29824,30086,30142
DEEIN;30029
DEEIR;
DEEIS;30317
DEEIX;29018,29841,30074
DEEJW;30089
DEEKN;1008,13357,22233,29881,30336,30341
DEEKR;30112
DEEKS;3024,3026,24161,30092,30344
DEEKU;13490,13494,13495,24165,25023,25075,25159,29468,29630,29802,30094,30336,30338,30341,30348
DEEKW;3034,22462,24162
DEEKY;8971,30096
DEELM;22323,22370,22465,25171,29533
DEELN;30029,30086,30364,30393
DEELR;24963,25028,25179
DEELS;
DEELU;6429,22474,29529,30086,30338,30393
DEELV;
DEELW;13224
DEELY;
DEEMN;29369,30379
DEEMR;
DEEMS;24187,25198
DEEMT;
DEEMV;
DEEMW;29947
DEEMY;25011,25101
DEENO;13357,28980,29366,29418,29629,29881,30001
DEENP;30445,30488
DEENR;
DEENS;
DEENT;
DEENU;6429,13549,13629,24165,25075,25104,30001,30338,30364
DEENW;30089,30431,30470
DEENY;25011,29904
DEEOP;8237,8960,12715,13176,22461,29392,30012,30018,30069,30528
DEEOR;29656
DEEOX;5419,9078,13587,25135,29018,29093,29696,30074,30478
DEEPR;
DEEPS;
DEERR;24198,25179,25251
DEERS;
DEERT;
DEERU;6481,12657
DEERW;30470
DEERY;30327,30545
DEESS;
DEEST;
DEESU;6386,22313,29969
DEESV;
DEESW;
DEESX;
DEESY;
DEETU;6466,6482,21525,22385,25039,25137,25247,29895,29998
DEETW;30089,30431,30470
DEEUX;13629,25129,25228,30077,30262,30478
DEEVX;1853,13480,13690,29592,29606,30224
DEEWX;
DEEWY;8937,9109
DEEXY;8978,13517,13520,25100,25101,30327
DEFFI;29632,30556,30561
DEFFO;
DEFGI;
DEFGO;13746
DEFGU;
DEFIK;30633
DEFIL;30626
DEFIN;25277,30575
DEFIR;24200,30606,30613,30664
DEFIS;9125,22518,22520,25278,30630,30664,30671
DEFIT;24866,25291,30610
DEFIW;29708,30674
DEFIX;
DEFIY;6496,8248,8835,13796,22511,25269,25270,29678,30564,30593,30610,30651,30655,30657,30667,30671,30672,30678,30680,30704
DEFJL;29669,30631
DEFKY;
DEFLS;
DEFLT;
DEFLU;30626
DEFMR;29636
DEFMU;13749,29702,30650
DEFNS;9151,24965,30729,30743
DEFNU;30729
DEFNY;29726,30651,30729
DEFOS;3079,9138,13770,22307,29371,29393,29664,30608,30615,30636,30664
DEFOX;29696,30622,30684,30691,30693,30712,30723
DEFSU;13821
DEFUZ;6498
DEGGI;
DEGGU;
DEGHY;3103,13903,30752,30792,30799,30800
DEGIK;5688,9167,13185,22544,22545,29400,29802,30792,30904
DEGIL;1825,25309,25311,29400
DEGIM;
DEGIN;
DEGIO;30555,30595,30792,30956
DEGIR;
DEGIU;13209,29783,29852,30765
DEGIV;13980,25336,29801,29876,30806,30895,30994
DEGJU;6368,14026,29802
DEGKY;22545,30792
DEGLO;
DEGLS;
DEGLU;14026
DEGLY;
DEGMO;9190,13982
DEGMU;
DEGNU;
DEGOP;8960
DEGOR;
DEGOS;
DEGOT;
DEGOW;
DEGOY;13903,13998,14054,22549,22550,22556,29904,30792,30799,30998
DEGPU;
DEGRS;
DEGRU;
DEGRY;22511,30593,30792,30998
DEGSU;
DEGSY;13234,14024,14067
DEGUY;3103,3138,30819
DEGVY;3155,13960
DEGWY;
DEHHO;6538,9200,13266,14089,25345,25346,29915,31036,31037,31038,31039,31040,31042,31043
DEHIK;24159,24161,24162,25348,25364,25366,29180
DEHIO;5691,12808,21807,25357,29932
DEHIR;22570
DEHIS;29948
DEHIV;13283,29773,29927,31120
DEHKO;
DEHLO;29986,31049
DEHLP;3187,3191,28909,31049,31152,31155
DEHMO;29986
DEHNO;13904,14221,22582,30622,31198
DEHNS;
DEHNY;3101,3103,8971,12810,14158,14159,22573,29959,30752
DEHOO;14202,31156
DEHOP;13895,14166,29990
DEHOR;30015
DEHOS;
DEHOT;30002
DEHOV;14221,30806,31120
DEHOX;30622
DEHOY;12806,12808,14093,14123,14184,14193,14206,14245,21716,21810,22578,25025,25029,25363,25393,29186,29986,30792,31066,31094,31095,31171,31173,31174,31179,31180
DEHPT;30002,31168,31199
DEHPY;9222,9242,9251,14169
DEHRS;
DEHRT;25347
DEHSS;22315,29451,29978,29993
DEIIM;3211,9285,13346,13350,14267,25433,25460,29676,30035,30044,30045,30650,30651,31222,31256,31285,31290,31299,31304
DEIIN;1054,6571,8994,9111,9131,12610,14095,21812,24167,25277,25442,29676,30028,30029,30037,31222,31223,31285
DEIIT;6357,6576,13346,13866,13916,14285,14324,14325,22378,30604,30781
DEIIV;3220,14094,14324,25047,25061,25452,25457,30672
DEIIX;9282,14284,14324,22378,25480,25483,30077
DEIJO;14343,22605
DEIJR;14343
DEIJS;3221
DEIJV;8998,13355,14342,14343,14344,25067
DEIKL;29802
DEIKM;12837,13933,29150,30104,31400
DEIKN;31399
DEIKP;
DEIKR;
DEIKS;21463
DEIKT;30674
DEIKY;30096
DEILM;31256
DEILN;
DEILO;
DEILP;29480
DEILR;31216
DEILS;31217
DEILT;
DEILV;25422,25452,25457,28911,31415
DEILW;24172,30172,31482
DEILY;24220,25269,25457,25517,31382
DEIMM;22637,25101
DEIMN;30651
DEIMO;22517,22605,31304,31546
DEIMP;8849,14137,31304
DEIMR;
DEIMS;
DEIMT;6615,12826,14139,29209,30610,31304
DEIMX;14305,14535,14536,25101,29945,30205,30216,31293
DEINN;25433
DEINP;
DEINR;
DEINS;
DEINT;
DEINU;29783,29852,29931,30765,31285,31512
DEINV;
DEINW;
DEINX;13988,14294,24873,25128,25129,25564,29497,29841,29847,29952,30249,30926,31293,31564
DEINZ;22657,29504,29676,30146,30150,31222,31285
DEIOS;
DEIOV;14324
DEIOW;24172,30089,30172
DEIOX;1071,22653,29696,30224,30684,30926,31264,31386
DEIPP;8234
DEIPR;
DEIPS;
DEIPT;29480
DEIPW;9402,14572,29510,30284,30973,31096
DEIPZ;3114,3222,9381,14313,14470,25499,30826,31304,31341,31465,31487,31488,31582
DEIQU;25075,29674,29852,30626,31218,31223,31256
DEIRR;30606,31281
DEIRS;
DEIRT;
DEIRU;24200
DEIRV;
DEIRW;
DEISS;
DEIST;
DEISV;
DEISW;
DEISZ;22602,30649,31446
DEITW;
DEITY;3257,14183,14437,22549,24233,24238,24959,25100,25291,25334,25389,25457,25513,25596,25605,29723,30159,30327,30610,30672,30702,30998,31056,31066,31070,31245,31290,31310,31369,31373,31374,31379,31382,31541,31636
DEIVW;29232,31482,31498
DEJKO;6638,6639
DEJKU;29802
DEJLO;14025,22577
DEJOW;30089
DEJOY;14184,25155,31382
DEKKO;6638,21815,22607,25493
DEKNO;14659,29881,30348,31670,31686
DEKNU;31410
DEKNY;31678
DEKOP;
DEKOR;14659,31670,31686
DEKOS;21463
DEKOT;
DEKOY;
DEKPU;31395,31410
DEKRS;
DEKRY;
DEKSS;6644,8274,8914,13487,25394,25621,29978,29979,30349,30719
DEKST;
DEKSU;
DEKSY;9420,22671,25393
DEKUY;
DEKYY;30337
DELLS;21539,21540,21548,22578,22677,25623,30371,30721,30722,31154
DELLW;
DELLY;5431,6652,13823,14667,14680,22578,22680,30720,31008,31700
DELMO;29533
DELMS;
DELMU;31085,31256
DELNO;29536
DELNS;30619,31706
DELNU;28895,30568,30619
DELNY;31155
DELOO;
DELOP;
DELOR;
DELOS;
DELOT;
DELOU;
DELOV;
DELOW;
DELOX;3191,6555,13531,14122,29696,30684,30691,30693,30723,30926,31264,31708
DELOY;14737,22549,30375,31264
DELPS;
DELPU;
DELRU;31216
DELRY;
DELSS;
DELST;
DELSU;31217,31260
DELSV;
DELSW;
DELSY;22279,22463,22671
DELTU;14026
DELTV;14481,14715,25192,25457
DELTW;1090,13825
DELTY;6659,6682,13381,14437,14692,14737,21810,22549,25100,25457,29081,30159,30375,30386,30411,30423,31173,31245,31728,31737
DELUX;6555,25326,31441
DELWY;29538
DEMMO;3318,3342,9190,9426,12612,13522,13587,13811,13826,14750,21550,22465,24186,24997,25395,25546,30723
DEMMU;30723
DEMNO;
DEMNS;31706
DEMOO;
DEMOP;29886,31304
DEMOR;
DEMOS;
DEMOT;30654,30700,30701,30702,31304,31672
DEMOU;3354,22605,24827
DEMOV;
DEMOW;
DEMOZ;22517,22591,22605,25375,25557,29946,29986,30189,31053,31294,31304,31455
DEMPT;31255,31304
DEMPU;
DEMRS;
DEMRU;
DEMSU;
DEMSY;3129,3186,9235,13823,14219,22265,29173,30600,30680,31104,31179,31182,31756,31762
DEMTU;6466,13313,29895,29998
DEMUX;14535,30723
DENNO;1094,14087
DENOO;6325,24808,25564,25661,30738,31390,31584,31793
DENOR;
DENOS;
DENOT;30738
DENOV;14221,14669,25638
DENOW;3366
DENOY;24233,25661,29418,31264,31704
DENOZ;13904,14805
DENPS;31691
DENPU;13829,31729
DENPW;30973,31028,31617,31691,31716,31784
DENPY;13903,25227,30386,30927,31681,31728
DENRS;
DENRT;
DENRU;
DENRY;
DENSS;
DENST;
DENSU;
DENSV;
DENSW;
DENSY;
DENTU;
DENTY;6471,13609,13806,14437,14699,14712,14814,22583,24233,25291,25334,30007,30159,30386,31056,31290
DENUU;9446,9488,12886,13549,21830,22281,22283,22579,22682,22707,24834,25379,25412,25611,25639,28895,29231,29284,29852,30265,30364,31198,31417,31707,31729
DENUV;3148,12879,22714,25475,25583,28913,30982,31404,31686,31797
DENUW;25381,29783
DEOOP;31315,31390
DEOOR;31007,31024
DEOOW;14837,21779,22462,22723,25686,29593,30511,30513,31682,31767,31768,31822
DEOOZ;14202
DEOPR;29392
DEOPS;
DEOPT;324
DEOPU;13176,22707
DEOPX;3375,3378,30712,30926
DEOPY;
DEORR;29367,30606
DEORS;
DEORT;
DEORU;
DEORV;3381
DEORW;
DEORX;3375,3378,25135,25483,30478,30691,31708
DEORZ;9149,22678,31174,31740
DEOSS;8274
DEOST;
DEOSU;
DEOSV;
DEOSW;3383,14837
DEOSX;1100,3378,3383,5441,6694,14800
DEOSZ;22679,25092,30139,31446
DEOTT;
DEOTU;
DEOTV;24232,25574,30806,31319,31793
DEOTW;22355
DEOTX;5419,25564,30249,30283,31564
DEOTY;6471,6506,6659,12806,13858,14093,14193,14242,14522,14614,14692,14735,14737,14814,14842,14846,22549,22583,29081,30007,30375,30411,30486,30528,30702,30998,31066,31173,31204,31369,31527,31737,31745
DEOTZ;29946,30207,31304
DEOVW;29593,29605,30511,30994,31797,31822
DEOWW;3366,3383,14796,14837,14854,22696,25686,30513,31806
DEOWY;13330,14814
DEOXY;13587,25661,29186,31264
DEPPU;14816,29576,30667
DEPRS;
DEPRU;9407
DEPRY;31374
DEPSU;
DEPSY;25605
DEPTY;3286,9300,14242,14622,14842,25605,30386,30998,31070,31204,31373,31374,31737
DEPXY;31506
DERRU;13711,13715
DERRY;22335,25251
DERSS;1641,1963,1965,14863
DERST;
DERSU;
DERSV;3388,3392
DERSY;22569,30671,31179
DERTU;
DERTY;2984,9480,9526,13025,13858,14842,14845,14846,24959,25155,25251,25596,30327,30545,30672,30702,30998,31173,31204,31310,31374
DERUX;13556,14535,25483,30077,30262,30478,30991
DESST;30572
DESSU;
DESTU;
DESTY;22728,25605,31066,31070,31359
DESUX;14339,14624
DETTU;
DETUV;25475,25583,31326
DETWY;1090,14814,14864
DFFIS;12944,12945,14867,22730,30556,31848
DFFOS;12944,31848,31851
DFFSU;9534,12946,22730,31848,31851
DFGUY;30593,31859
DFILU;22346,24956,29674,30561,30626,30633,31885
DFINS;3400,14887,14889,14891,14897,22732,29292,31860,31872,31879,31880,31894
DFINU;
DFIOR;1973,13729,14866,14880,24939,25700,25708,30558,30606,30659,30665,30674
DFIOS;3079,9138,12944,13770,25286,25703,30608,30636,31848,31869,31872,31886
DFIRT;29295,31897
DFJOR;
DFLOO;9543,14881,14886,14895,14896,14906,22739,25701,31850,31870,31874
DFLOS;3408,5686,5730,6727,9138,12944,13761,14904,14907,14909,22742,29371,29664,30608,30636,31867,31886
DFNOR;6724,12952,14878,14914,22734,24843,25700,31893
DFNOS;22740,24965,30660,31872,31900
DFNOU;22733,24843
DFNSU;3410,9534,12946,30729
DFNUY;9545,9546,12947,12950,29726,30729,31859
DFOOR;6724,6729,9547,14880,14881,14905,22737,25701,25708,31850,31870,31904
DFOOS;5442,6725,14913,22354,22737,29738,31868,31902
DFOOY;14880,14881,22740,25707,31850,31870,31899
DFORS;6727,29393,29642,29658,29747,31851,31867,31902,31904
DFOSU;6730,14902,22742,29658,30599,30616,31867,31898
DFRSY;3411,14898,29723,30671,30719
DFSUU;22742,31867
DGGOO;29132,30753,31909,31910,31923
DGGOY;31908
DGHIT;14941,14948,14949,14951,31909,31930,31931,31941,31947,31950,31951,31952,31957
DGHOU;6735,12955,13904,30811,31910,31946
DGIIR;9550,14930,15003,32020
DGIIT;13866,15003,25724,25729,29645,30781,31989,32020
DGILS;3439,3441,14926,14932,14938,22760,25723,25731,25740,29316,32021,32031,32032,32039,32042,32045,32048
DGILU;3448,14933,31952,31989,32038
DGIMY;22550,22753,29312,29838,31858
DGINO;
DGINR;
DGINS;1642,3436
DGINU;29783,29852
DGINY;3440,12959,15011,31921
DGIRS;3439,6755,15053,25731
DGIRY;15003,22511,22545,30792,32020
DGISU;
DGJUY;31921
DGLOO;12963,31987,32027,32034
DGLOS;3471,14953,22760,22764,25723,25731,29316,29323,31867,32021,32042
DGLOY;22549,25329,30945,31008,31908,31952
DGNOS;22310,24999,29906,30817,31031
DGNOU;13904
DGNRU;
DGNSU;3478,32074
DGNUU;14945,22746,29852,29909,31022,32067,32070,32074,32077
DGNUY;3103,6745,14956,15009,30819,31921
DGOOR;9192,12963,15062,15063,21534,22374,30602,30753,31007,31032,31959,31987,31999
DGOOS;8292,31868
DGOOY;15063,31958,31961
DGOPY;13903,14954,29904,31958,31961
DGORU;3456,15062
DGORY;3485,15063,22556,30792,31959,31978,31999,32055
DGOSW;3470,9553,32031,32072
DGPUY;14954
DGRSU;
DGRUY;3464,32020
DHIKR;15101,30792,31077
DHIMU;9578,14135,15082,15099,25355,30793,31085,32083
DHINS;24257,31869,31872,31943,32097,32102,32107
DHIOT;3499,5691,9593,15097,21807,22781,25357,25748,25752,31931,31947,31951,31952,31957,32137
DHIOY;6733,6762,9551,14880,15130,25363,25748,25770,30792,31870,31952,32110,32119,32127
DHIRT;1998,3499,5735,9593,12971,14947,14949,14951,15131,15132,22774,22776,22781,31951,31957,32094,32137
DHISW;25775,32102,32107
DHISY;109,3177,3429,3501,9552,9602,14173,14176,14183,15096,15129,15146,25364,25389,25771,31070,31146,32086,32101,32106
DHITU;14131,15124,24849,25343,25381,30607,30796,30809,31085,31110,31952
DHITW;5735,6332,14951,25750,31941,31947,31950,31957,32137
DHKSU;
DHLLO;6735,15149,32145
DHLOS;22784,25786,25788,29327,29328,31875,32080,32149,32152
DHNOS;24257,29328,31872,31943,32102,32107
DHNOU;21844,22582,22583,25379,25401,25412,29787,30007,30622,31040,31198,31946,32119
DHNSU;
DHNUZ;13904,14132
DHOOR;22577,25790,31156,31870,31959,32148,32155
DHOOS;6780,8292,9613,15075,15173,22777,22784,24257,25775,25776,25785,25786,25795,29326,29327,29328,31875,32091,32102,32153
DHOOY;14880,25363,25770,25774,31180,31204,32081,32133,32155,32164,32165
DHORY;1646,14089,14123,14203,14228,14880,14881,14956,15080,15148,25029,30015,30018,30792,31064,31173,31174,31180,31204,31870,31959,32119,32127,32128,32155,32164
DHOSW;25775,25785,25795,29328,31872,32078,32102,32107,32129,32143,32156
DHOSY;22578,25393,31154
DHOSZ;3516,25776,32142
DHOVZ;
DHOWY;15148,25781
DHRSU;3508
DHSTU;9616,15162,25789,31960
DIILL;25753,31987,32182
DIILP;8308,9639,9643,12986,15199,25815
DIILV;6309,9624,14094,15203,15213,22586,22787,25047,25421,25422,25452,25457,28911,31267,31283,31915,31996,31998
DIIMO;22517,22591,22753,22795,30634,31057,31253,31304,31305,31858,32170,32206
DIIMR;24255,25755,25817,30035,30655,31299,31989,32206,32211
DIIMS;
DIIMT;3523,9621,12826,12984,12985,12987,12988,13346,13350,14983,15219,15222,25050,25703,25810,25820,25821,30044,30858,31304,31989,32169,32204,32210,32211
DIINO;15220,22734,32084,32095,32182
DIINR;6759,15186,22734,22788,24259,29672,30028,31261,32084,32089,32093,32218
DIINT;3528,15196,32095
DIIOT;3523,3531,13916,14325,15095,21807,22795,24950,25810,29009,29203,31304,31878,31975,32095,32206
DIIRS;6782,6783,6788,14883,22290,22773,22775,22794,28920,32088
DIIRV;3220,3532,9624,9644,14334,14336,15003,30671,30672,30895,31072,31379
DIISV;15245,22787,29329,29333,32192
DIITX;9660,14284,14324,14995,15229,22378,31975
DIIVV;13354
DIJNN;25491,25492,30086,31384
DIJNS;3221,15004,31075
DIJRS;6782
DIKNR;15101,15186
DIKNS;9662,9666,15249,25808,32227
DIKNU;9666,15186,22800,25075,31079,31410
DIKNY;29330
DIKRS;3535,3537,9668,9669,15248,21719,25731,25836,25837,31883,32169,32228
DIKSS;15098,25706,25809,25838,29305,32104,32168
DILLR;2021,3539,5450,6802,9673,22293,31987
DILLS;111,1129,1130,1991,3438,3534,14887,14889,14890,14891,14932,15008,15010,15249,15260,21539,21849,22735,25843,31886,32031,32232
DILLY;22293,31911,32234
DILMS;32111,32189,32225,32232
DILMY;30680
DILNO;22294,32170
DILNS;
DILNU;22294,29035,29931,32240
DILNY;2024,2030,3440,3544,6745,6786,13806,14437,15011,15258,15271,15293,24220,24854,25517,25766,31382,31441,31470,31884,31921,32112,32113,32233
DILOR;22293,31951,31987,31999
DILOS;3575,9693,22810,25740,31886,32031,32048,32225
DILOT;3543,3566,14895,15097,15117,25810,25844,31845
DILOV;1137,3573,3575,15296
DILOY;3544,9674,9685,15026,15262,24854,25517,25521,25740,31382,31845,31870,31878,31908,31952,31999,32048,32112,32113
DILRS;22794,31948,32117,32228
DILRT;15292,22794,31951,31989,31991,31995,32038,32043
DILRU;2021,2025,2035,3448,6808,8889,9592,9627,9644,15283,25754,25847,25850,29933,30177,31216,31479,31989,32038,32117
DILRY;22293,24259,31870,32113,32117
DILSS;22805,32037,32101
DILSW;3575,8895,12961,12990,12992,12993,14891,14897,15008,15120,15299,22791,22801,22807,29336,31886,32031,32045,32078,32107,32184,32225,32226
DILSY;5747,6335,8876,14974,22787,22808,22810,25740,25766,31908,32042,32047,32048,32112,32113
DIMNS;25808,32205,32232
DIMOS;32232,32258
DIMOU;3456,22605,31512
DIMOY;31108,31512,31527,31541,31546,32119,32206,32261
DIMPS;3268,3457,9702,13813,14526,15180,15310,31308,32187,32205,32232
DIMRU;25312,25817,25855,30116,31989,32253,32263
DIMST;25771,32169
DIMSU;32181
DIMSY;22772,25771,29678,30680
DIMTU;6804,15306,32181
DINOP;25824,25860,31893,32084,32218,32269
DINOR;22734,22781,32084,32218
DINOS;31869
DINOT;2044,3543,3566,3567,8897,9544,14895,15234,15323,22781,22818,31872,31894,32095,32133,32137
DINOW;14503,15101,15252,15289,22294,30089,31400,31893,32269
DINRS;
DINRU;22788
DINRY;6816,9657,14159,15135,24259,25826,25856,25860,29218,31537,31570,32093,32113,32119,32128,32218,32274
DINSS;3605,3607,6793,9707,15052,15254,15326,15338,22789,22805,24261,25800,31882,32085,32096,32168,32177,32215,32217,32237,32270
DINST;25839,31872,31894,32097,32129,32205,32273
DINSU;25859,32178
DINSW;22757,22791,32097,32139,32184
DINWY;29330,32098
DIOOT;8322,9686,14895,25529,25587,25810,25853,29125,32049,32248
DIOOV;25587,29232,30970,31482,32066,32067,32277
DIOOZ;32246
DIOPS;12983,32032
DIOPY;25556,25804,25824,25860,30699,31546,31636,32218,32251
DIORR;6819,13729,25130,25131,25708,28893,30167
DIORS;22783,22820
DIORT;22795,32137
DIOST;
DIOSV;32192
DIOSX;32245
DIOTT;3497,3566,3572,22818,32274
DIOTV;3573,24180,24232,25574,30806
DIOWW;22292,29325
DIPPY;
DIPRS;22730,22773,22808,25778,25836,29320,31880,32018,32068,32088
DIPRT;2049,3001,15131
DIPTU;
DIQSU;3462,9666,12968,25859,29313,31920
DIRST;22794,32169
DIRSU;21851,22730,25847,25850,32228
DIRSY;22545,22808,25126,25581,25856,29723,30671,31365,31379,31570,31620,31655,32209,32250,32260,32273
DIRTY;3610,9704,9712,22774,22775,22776,22795,22799,25596,25826,30327,31310,31373,31374,31379,31541,32020,32206,32221,32223,32261,32274
DIRUZ;6626,9413,14473,22657,29763,29831,30091,30647,31645,31656
DIRVY;9418,14182,14614,14622,14638,15003,25603,30671,30672,31379,31655,31665,31996,32277
DISSU;1138,3613,15350,22780,22792,22805,32276
DISTT;2020,3594,14903,14952,24238,32082
DISTU;
DISTY;3615,14183,15129,15146,15244,22775,29723,31066,31070,31359,31365,31369,31373,31379,32086,32120,32139,32273
DITTY;22799,22818,24238,25389,25816,30327,31310,31369,31436,31481,31620,31636,32020,32220,32221,32223,32274
DITYZ;3257,14470,25729,31374
DIVVY;
DIYZZ;
DJLOS;
DJOOS;6822,31671,31673
DJOSU;22604,22606,25807,30599,31673
DKMUY;
DKNOO;9723,14658,25870,31685
DKNOY;15148
DKNRU;15186,21856,25784
DKNSU;9666
DKNSY;15351,31983
DKOOR;14905,25840
DKOOS;5758,24123,24266,25785
DKORS;3621,5761,6800,9604,9722,15354,15356,21719,25731,25836
DKORU;6650,9721,22607,24265,25619,25620,25784,30348,30903,31670,31685,31686,31689
DKORY;24265
DKOSU;6799,31898
DKOSY;25393
DKSSU;22825,25394,30719,32289
DKSTY;2061,9669,9725
DKSUU;32228
DKSUY;15351
DKUUZ;
DLLOR;31987
DLLOS;22677,22735,22826,25843,29883,30722,31691,31886,32031,32185,32232
DLLOY;28922,31008,32145,32234
DLLSU;3628,5762,6828,9675,15010,15151,15267,15364,21548,21849,22382,22464,22826,25843,29981,30359,30363,30376,32233
DLLUY;22680,29661,29726,31425,31700,32106
DLMOS;29327,32225,32232
DLMOU;
DLMOY;32296
DLNOU;22294,31946
DLNOW;6769,9728,9730,15289,21850,22294,25880,31874,31947,32029,32148,32292
DLOOR;5754,9588,9606,9673,12963,15213,22828,22832,22833,25701,25787,30381,30402,31007,31708,31987
DLOOS;9607,15075,15110,15383,24123,25786,25848,29326,29327
DLOOW;5755,6831,9606,14906,21854,22298,22828,25880,31874,32148,32248
DLOOY;24854,25637,28922,31899,32246
DLOPS;1156,9732,15296,15354,15371,15378,15384,22808,32108
DLORS;29323,31867,32152
DLORW;1147,1149,6831,9606,9730,15289,22828,22833,32029,32148
DLORY;14878,14911,15297,15380,32113
DLOSS;22834,22835,32291,32293,32300
DLOST;1154,6726,6727,6834,14908,15153,15383,22742,22784,25786,31875,32080,32149,32294
DLOSU;22742,22810,22834,29323,31867
DLOSW;31886,32078
DLOSY;2065,3408,5454,9607,12978,14910,15057,15384,15386,22740,22808,22810,22829,25740,31908,32042,32047,32112,32113,32152,32302
DLOUW;14671,15372,15387,22294,25880,29272,30728,31017,31167,31717,31874,32148,32248,32292
DLOWY;14911,15120
DLOYY;15380,31959,32110
DLPUY;14730,14954,15388,25815,30411,30423,31506,31700,31728,32117
DLRYY;3642,15380,31171,31173,31174,31739,31740,31959
DMMUY;3138,21847,31512,32251
DMNOO;
DMNOU;9738,15076,15220,25855,32052,32119,32305
DMOOS;5455,15404,22777,29327,32121,32225,32258
DMOOU;15062,15076,15405,22581,24827,25855,31769,32052,32263,32305
DMOOY;21489,25707,25770,25888,31899,32206,32261,32296
DMORS;2066,3648,9722,15316,15371
DMORY;2038,8281,9440,9478,9480,9704,12922,14522,15361,15389,22795,25546,25556,25856,25888,30383,31108,31179,32119,32127,32206,32209,32261,32296
DMOSU;31898,32310,32311
DMPSU;3629,25885,31898,32153,32308,32309,32310,32311
DMPUY;25819,32251
DMRSU;
DMRUU;3646,14758,14768,15275,25875,31705,31755,32253
DNNOU;22299,32190,32212
DNNOY;15066,15130,15226,15271,15392,25736,29315,30799,31570,31756,31863,32041,32042,32055,32112,32128,32297
DNNUY;755,9698,9731,12950,14682,14782,15306,31678,32131,32297
DNOOR;22838,29286,29341,31717,31793,31797,32148,32155,32157
DNOOS;29328,29339
DNOOT;9747,14895,14941,15056,24121,25637,25792,30738,31793,31909,31930,32133,32147,32157
DNOPS;
DNOPU;21857
DNOPW;6689,9728,14761,15415,30973,31028,31784,31893,32269
DNORU;29341,32305
DNORW;25893,31893,32148,32157,32269,32292,32305,32322
DNORY;22838,25824,25826,25856,25860,31978,32055,32113,32119,32128,32155,32218,32274
DNOSS;6793,9707,15065,24261,32177,32217
DNOST;622,32205
DNOSU;
DNOSW;5756,9724
DNOSY;15134,15166,15226,22740,25891,32042,32047,32112,32113,32120,32250,32273
DNOTU;
DNOUV;12879,13643,25220,30348,30485,30982,31404,31686
DNOUW;15415,22294,22299,24843,25751,29341,31874,32148,32305
DNOUY;12931,13597,14672,14782,14956,15166,15167,25833,30007,30331,30333,30432,30486,30819,31194,31512,31704,31762,32119,32274
DNOWY;14814
DNRSU;
DNRSY;25827,25856,32113,32250,32273
DNRUY;12947,32119,32274
DNSSY;
DNSTU;
DNSWY;362,15136,30006,30400,32139
DOOPR;9614,25787,25840,31893,32269
DOOPS;9613,15404,25885,32153
DOORS;24856,28920,29343,31902
DOORU;9719,15062,15077,22374,25615,25784,25855,29341,31797,31897,31910,32263,32305
DOOST;1154,6726,6845,14908,15068,15424,22784,31846,31868,31875,32304
DOOSW;3483,5758,6780,9615,12625,13009,14662,14837,15359,15406,22354,22823,22839,24266,24269,24856,25686,25775,25785,25876,25894,29339,30511,30513,31682,31767,31768,31822,31851,31902,32143,32156,32262,32268,32288,32307
DOOTU;9719,15370,22743,25039,25587,25618,25866,30748,31017,31679,31825,31830,31846,31853,31897,32081,32263
DOOUV;25587,31827
DOOWY;32277
DOOYZ;32155,32246
DOPRS;15371,25778,25836,29320,32068
DOPRT;5760,15414,15430,25787,32151,32167
DOPRU;15430,25746,32272
DOPSS;32075,32159,32320
DOPSU;9616,31898,32153,32276,32309,32310,32311
DOPSW;15371,15384,25775,25778,32303
DOQSU;9403,15064,15173,30439,30448,31205,31550,31551
DORRS;25758,29323,32015,32290
DORSS;22769,22782
DORST;32167,32304
DORSU;
DORSW;22823,22843,31851,31902,32287,32288,32307
DORTY;3485,3512,3610,6506,9480,9526,9619,9704,9712,9725,9760,13858,14522,14614,14842,14845,14846,15063,15080,15178,15389,15430,21858,22795,25155,25245,25251,25596,25826,25888,30486,30528,30545,30702,31204,31527,32164,32167,32206,32221,32261,32274,32329
DORUY;9526,9760,12931,13858,14846,15430,21858,22282,30333,30486,30545,32119,32127,32274
DORWY;32277
DOSTU;9616
DOSTW;9553,9615,32078,32125,32143,32262
DOTTY;9712,14814,15178,21838,22818,31369,32220,32221,32274
DPPUY;30667,31546,32165
DPRUY;15388,21858,32117,32223
DPSSU;3613,9756,15403,15425,29321,32050,32159,32276,32320
DPSUU;25542,29288,29340,29969,31706,31721,32309,32327
DPSUY;3641,15432,32111,32117,32224,32251,32310,32311
DRRSU;22819,25798,25868,25895,29323,30747,31782,31814,31844,32283,32290,32308
DRRUY;9760
DRSSU;3396,13011,14924
DRSTU;
DRSUY;21465,32117
DRUXY;32127
DSSTU;22780,22825,22827,25259,25882,29627,30026,30572
DSSUY;3373,3613,3615,3657,13011,13679,14626,14694,15244,15432,22744,30572,30719,32101
DSTUY;3615,14860,15244,22728,25414,32139,32224
DSUUW;
EEEFS;5769,6848,15444,15447,15448,21861,21862,32378,32411
EEEFZ;
EEEGL;1166,6343,6855,6857,6858,13030,15453,15458,15460,21560,22309,29418
EEEGS;13040,15483,22310,25935,29406,32341,32427,32431,32433,32436,32449,32465
EEEHZ;
EEEIR;6866,15512,21558,22860,24283,32618
EEEJZ;
EEEKV;6867,29523,32562,32573
EEEKW;32568
EEELM;6276,6869,9779,15488,15536,21466,21561,22321,22876,28950,29369,29469,29472,29534,32354,32581,32728
EEELN;6872,8333,9765,9788,9791,9792,15440,15460,15538,24271,25912,25923,26030,26033,32356,32403,32527,32528,32706,32707,32730,32733
EEELP;760,9779,9788,15460,15487,15536,15538,15544,25901,25980,32356,32498,32499,32527,32528,32583,32600,32707,32718,32730,32733
EEELS;32519
EEELV;32600
EEELZ;6851,13074,22876,22894,25987,29463,32496,32583,32602,32610
EEEMR;5776,6869,22899,24286,32581,32722
EEEMS;32433,32504
EEEMX;32628,32779
EEENS;8195,24280,32427,32433,32549
EEENT;9781,9791,9792,9799,26030,32356,32358,32451,32707
EEENV;15584,25902,25919,25958
EEENZ;32496,32779
EEEPP;9799,15538
EEEPS;
EEEPT;9773,9780,9781,9799,15487,15498,15516,15536,15544,22329,24890,24897,25969,26013,26015,29442,32499,32528,32583,32600,32628,32667,32671,32707,32718,32733,32827,32837,32841
EEEPV;25919,26015,32600,32628
EEEPW;
EEERS;15447
EEERV;
EEETW;6877,32754
EEFHM;3012,8936,9822,29659,32884,32931
EEFHT;25914,32869,32923,32926,32947
EEFIR;32899
EEFJS;32927,32928,32958
EEFKL;6898,13140,22920,22935,25915,29670,32889,32923,32959,33058,33059
EEFKS;5659,5769,6848,15656,21862,24961,24962,26096,32868,32990,32991,33061
EEFLM;33000,33063,33068
EEFLR;1168,5781,6887,9821
EEFLS;2077,2080,15666,32943
EEFLT;2081,3669,9814,9816
EEFMM;22350
EEFMS;9833,15656,15657,15684,26105,32395,32884
EEFNS;32411,32936,33094
EEFRR;
EEFRS;33061,33107
EEFRT;
EEFRV;9840,15629,25922,32394,32899,32912
EEFRW;15683,15694,24869,25921,29346,32409,33022,33041,33049,33087,33103
EEFRY;5595,26147,32935,33093
EEFSS;26108,32884,32928,33083,33094
EEFST;1170,5782,6848,9828,9833,15650,15656,15691,22934,26145,26149,32926,33038,33094
EEFSU;15698,22929,22934,32936,32940,32967,33008,33016,33062,33064,33073
EEFSZ;32926,32974
EEFTW;9819,33009
EEFUZ;
EEGGL;
EEGGR;32428
EEGHN;3014,6909,9848,33204,33212,33213
EEGHS;9854,15700,15725,15731,15736,15737,15744,15745,22954,32434,33115,33117,33185,33200,33211,33220
EEGIL;29400,29802,29820,32889,33229
EEGIN;33182
EEGIR;3683
EEGIS;15700,15804,15836,25935,32465,33250
EEGIV;13214,15794,33256
EEGKL;24993,26215,29802,32889
EEGKR;2087,6922
EEGKS;1173,9874,9875,15457,15846,15847,32339
EEGKY;9876,33152
EEGLM;8339,22370,29805,33169
EEGLO;6369,13224,15460,15614,15705,15710,15844,21773,22356,22357,22370,22949,24993,26182,26215,28979,29820,29882,29885,32469,33128,33133,33152,33204,33207,33208,33209,33229,33256,33257,33426
EEGLR;
EEGLS;
EEGLT;26215,33208,33209
EEGLY;8339,15710,26184,32891,32916,33152,33284,33293,33301,33433,33440
EEGMN;32437
EEGMR;
EEGNR;
EEGNS;26224,33154,33465
EEGNT;29787,33216
EEGNV;32474
EEGNW;6934,15616,15917,29350,29902
EEGOS;9896,15804,15908,26214,26220,32434,33115,33219,33412,33416,33484,33486
EEGOY;15918,22979,33152,33213,33359,33367,33372,33426,33433,33458
EEGPR;2087,3695,9852,9887,9895,15931,32481,33169,33231
EEGPS;26224,33220
EEGRS;
EEGRT;22943,22953,29894
EEGRV;
EEGRY;9876,22953,33433
EEGSS;
EEGST;25935,28981,32465,33250
EEGSU;6941,15744,15836,26224,33214,33381,33382,33467
EEGSV;15483,33429
EEHIR;33492,33551,33552
EEHKT;8349,13267,13268,15947,15968,21880,25005,25008,26242,26244,32923,33526
EEHLS;1188,6955,15725,15953,22383,23021,33117,33539,33659
EEHLT;26234,26317,29666,32923,33207,33208,33209,33502,33511,33554,33668
EEHLV;9938,22919,33538,33654
EEHLW;33528,33643,33654,33655
EEHMR;29914
EEHMS;15736,33536,33659
EEHMT;26271
EEHMV;6945,9938,25902,25958
EEHNP;26233,29919,29951,29952,32384,32498,32499,32527,32935,33204,33497,33585
EEHNS;15953,32518,32549,32936,33599,33666
EEHNT;
EEHNW;6958,13262,33606,33691
EEHOV;24302,33586,33590,33620
EEHPR;32935,33680
EEHPS;
EEHPW;29947,33570
EEHRS;
EEHRT;32537
EEHRW;28887,29947,29990,33570,33643,33655,33691
EEHRX;2103,3716,9850,15491,23001,25964,33552,33744,33755
EEHRY;15987,16046,16108,32935,33638,33677,33697,33702
EEHST;
EEHSX;8345,33569,33605
EEHSY;29446,32943
EEHTT;3721,3725,21880,24308,33208,33668,33683,33689,33717,33718
EEIJT;21890,21893,26364,30089,33253,33885
EEIJW;30089,32568
EEIKV;26247,32573,33768,33769
EEILM;22876,22877,24296,32587,33000,33285,33491,33528,33538,34003
EEILR;15963
EEILS;
EEILT;6998,13381,15971,25100,26234,29007,33975
EEILV;9830,10041,16308,32573
EEILX;5803,15636,15773,16240,21721,23088,26180,32587,32600,33000,33275,33542
EEIMS;33909,34172
EEIMV;3745,5806,10068,15794,16264,16350,26271,32628,32899,33334,33538
EEINP;3666,15969,16379,16382,33494,33497,33583,33584,33585,33586,34233,34240
EEINS;
EEINV;32573,33586
EEINW;15972,16382,30089,33009,33586,33606
EEINX;23088,26180,26531,29841,29952,33275,33372,33542
EEINZ;9911,13348,13391,13439,15995,16006,16153,16287,16288,16336,16382,26204,26289,26367,26372,26398,26517,26551,29403,30146,32496,33120,33227,33295,33297,33362,33372,33497,33584,33585,33795,34233,34240,34256
EEIPS;16008,16411,21579,22923,23040
EEIPZ;7020,15995,16234,16302,16382,16420,26415,32505,32583,32671,33229,33497,33585,33955,34080
EEIRS;
EEIRT;3683,32671,34374
EEIRV;5806
EEIRY;15987,24332,26129,26535,29914,30327,32935,33359,33367,33622,33638
EEISS;23129,34357
EEISV;
EEISW;15700,15838,16008,16187,26434,32940,33123,33523,33536
EEISX;15804,32465,32674,33569,33864,33868,33909
EEISZ;15768,16307,16328,16441,26240,32602,32926,33250,33319,33860,34186
EEITV;8365,9813,10094,15794,21890,21893,32628
EEIWZ;15815,16382,33955
EEJLS;16178,26419,29877,33151,33877,33878,33879
EEJLW;32568
EEJLY;7031,7032,33873
EEJNU;29878,30331,30332,30333,34382
EEJPS;3753,16473,29880,33254
EEJRS;3754,13482,16178,16466,21559,21570,22886,26425,33151,33254,33519
EEJSS;
EEJST;
EEJSU;13482,21584,21792,21911,23143,26425,30335,33151,33876,33877,33879,33882,34376
EEKKS;16186,16187,29923,30336,33500,33886,34385,34388
EEKLN;21877,24339,25915,26367,32572,32959,33888
EEKLP;
EEKLR;22920,22935,23056,23058,23144,26428,32862,33059,33769,33890
EEKLS;12605,16478
EEKLV;32573,33768,33769,34391
EEKLW;3675,15966,15968,32568
EEKMS;26429,26430,26436,33886,33894,33908,33909
EEKNO;5468,6424,7037,21864,22233,24339,26241,26308,30104,30348,33257,33888
EEKNR;5468,33060,34402
EEKNS;26026,30336,33911,34385
EEKNT;3761,26620
EEKOP;8237,22461,22889,23150,25160,26442,26622,30355,32699
EEKOV;
EEKPR;
EEKPS;16210,16507,33525,33911,33918,33928,34406
EEKRS;
EEKRT;21914,24313,26371,26620,30346,30352,32693,33060,33922,34401,34402,34403
EEKRV;6867,15756,16196,33768,33769,34391
EEKRW;29357
EEKRY;16028,16493,16504,23058,23144,23150,33059,33152,33904,34386,34401
EEKSS;3767,8914,15520
EEKST;3758,10128,15521,15526,16507
EEKSW;5817,26243
EEKSX;5815,16507,23143,26624,30101,32351,32578,33909
EELLM;26629,26632,32917,33063,33255,33528,33889
EELLS;32352,32708,32943,33062,33064,34431
EELLV;772,1217,15458,29884,33428
EELMM;15769,16242,16243,16542,16543,16544,16546,26641,29031,29805,29980,33648,33977,33978,34438
EELMN;23160,24339,26372,26641,26645,29074,29671,30133,30379,32721,33063,33888,33932,33933,33976,34438,34439,34443,34444,34445,34446,34447
EELMR;
EELMS;33659
EELMU;21466,21561,26032,26645,26647,33538,33889,34389,34438
EELNO;21797,23016,23162,24339,24907,25173,26033,26645,29418,29987,29988,29989,32356,32469,32717,32718,33063,33204,34439
EELNS;
EELNV;21892
EELNW;26645,32734,33009,33301,34023
EELOP;9788,9937,10041,15460,23088,32356,33229,33502,33668
EELPR;26377,33231,33273,33989
EELPS;
EELPX;10198,16275,16520,23088,32600,32707,33000,33275,33542
EELRS;
EELRT;32332,32537
EELRV;33075,33654,34391
EELRY;3792,3804,16599,16622,29538,32332,33152
EELSS;
EELST;
EELSV;
EELSW;22937,33079,34520
EELSX;3806,23017,32351,34426
EELSY;22463,32943,33440,33974,34436,34437,34487
EELSZ;29463,30139,32602,32610,33314,33319,33323,33803,33988,33997,34031,34033,34070
EELTT;780,1239,26039,26234,32754,33208,33511,33975
EELTU;23102,26643,32392,32501,32537,33058,33209,33271,33538,33804,33970,33971,33975,34072,34389
EELTW;32754,33009,33777,33954
EELTX;781,1239,5803,10177,10198,16240,16520,16546,16581,23187,25100,26030,30166,30176,32587,32600,32707,32729,33080,34055,34447,34452,34458
EEMMN;10051,22328,23111,26380,29031,32541,33976,34096
EEMMR;16243,29895,30191,33808
EEMMS;22484,33774
EEMMT;3810,3811,13346,16546,22328,22428,23110,23111,26643,29894,29895,30191,30377,32541,32693,32768,33449,33808,34096,34097,34101,34541
EEMMW;23197
EEMNR;
EEMNS;
EEMNU;2133,7066,12732,13602,15680,16340,23160,25102,25104,26645,29042,29074,30379,32408,32873,34141
EEMNW;6934,15683,23197,23200,30431,30437,32409,33063,33087,33681,33691
EEMNY;7109,15684,15900,16698,16700,32524,32541,32782,33689,34563
EEMOT;5839,26513
EEMOV;
EEMOX;13587,16709,25171,26649,29945,32779,32786,34447,34452,34458,34547
EEMQU;3684,26715,34137
EEMRR;22897,33691
EEMRS;
EEMRT;
EEMRU;15680,16668,16708,16709,26715,32408,32873,32899
EEMRX;3716,26649,26714,33001,34194,34452,34458
EEMRY;10214,25939,26270,26712,32782,33697,33701,33702,34192,34401,34563,34578
EEMSS;24353
EEMST;
EEMSU;
EEMSV;16556,16690
EEMSW;26269,32546,33536,34002,34162,34410,34460
EEMSZ;13607,15901,16666,16683,23081,23210,26334,30049,30139,30206,32615,32770,32778,32974,33658,33988,33997,34134,34171,34186,34197
EEMZZ;16336
EENNP;32527
EENNR;16547,26694
EENNS;16367,24301,29573,32589
EENNT;32360,34544
EENPR;34484
EENPS;
EENQU;6473,7084,7123,7124,9784,13549,13634,13660,25212,25928,26033,26730,30001,30364
EENRS;
EENRT;34535
EENRU;10078,16164,16340,16395,16754,26559,34141,34382
EENRV;9840
EENRW;29101,30470,33691
EENRY;3792,10214,10240,15958,16249,16523,23047,23122,26147,26283,26535
EENSS;
EENST;
EENSU;23147,26288,33360,33467,33581
EENSV;
EENSW;
EENSY;15916,32411,33241,33371
EENTT;3721,3725,3829,7124,8387,10215,10232,33683
EENTU;3727,3829,15584,16006,33354,34256
EENTV;22896,32358,32360,32474
EENTW;30470,33009,33606,33847,33848
EENTY;5845,6471,6477,7109,9091,10240,10245,13605,15918,23047,23162,24293,24332,24356,26474,26532,26535,26629,30159,30386,30486,32443,32468,32730,32903,32975,33075,33286,33311,33942,33984,34442
EENUV;34241
EENVY;25958,33028
EENWY;7087,23122,23200,29538,32554,33301,33691
EEOPP;16351,16788,26752,34574
EEOPT;24197,25154,26086,26674,30369,33668,33734,34418
EEOPY;16230,16525,16681,23022,23150,30015,32362,32824,33359,34552
EEORS;32363,34388
EEOWW;29066,30513,33643,33655,34135,34520,34548
EEOWZ;16382,33955
EEOXY;13587,15918,26771,26776,32779,33372,33744,34458,34503
EEPPS;6961,16008,23082,29966,30173,33569,33624,33729,34333
EEPRS;
EEPRT;
EEPRU;16164,16420,16668
EEPRV;34391
EEPRY;23228,33752
EEPSS;
EEPST;
EEPSU;23147,26101,26224,26616,26741,29903,30376,30480,32520,33064
EEPSV;3730,16690,34302
EEPSW;33952
EEPSY;25904,26127,32411,33241
EEPTW;3761
EEPWY;
EEQRU;21866,25212,25928,26147,26730,32537
EEQSU;33924
EEQUU;7084,34314
EERRS;24349
EERSS;
EERST;
EERSU;21472
EERSV;
EERSW;33079,33103,33123
EERSX;15570,24863,32363
EERSY;
EERSZ;32770
EERTV;15566,34391
EERTW;30470,33847,33848,34131
EERTX;5476,6883,16831,23001,33001,33080,34189,34458
EERUV;29058,29862,32899
EERVV;26748
EERVX;30224,32394
EERVY;3688,13583,16622
EESSS;
EESSW;
EESSX;3806,6885,29710,30216,34629,34650
EESSY;23158,23192,33203,33661,34192,34197
EESTT;33812
EESTU;2154
EESTV;2154,2155,15698
EESTW;
EESTX;22934,33868,33909,34597,34629,34650
EESTY;21574,26750,26751,34195,34197
EESVX;2155,16391,16604,26022,29592,32644,34059,34084
EESVY;3808,15666,16329,33558,33974
EESWX;3806,29700
EESXY;13589,16078,34298,34437
EESXZ;13479,16328,26596,32674,33864
EESZZ;
EETTU;3829,6421,6482,7124,9960,13306,15584,15585,16322,16538,16573,16708,16830,21880,24308,25137,29768,30330,32407,32677,33058,33620,33970,33975,34225,34256,34273,34377,34626
EETTW;15917,32754
EFFFO;34719
EFFIO;23252
EFFIR;10308,34767
EFFIS;26082,30556,32868,34730,34734,34738,34754,34770,34780
EFFJS;
EFFMS;16864,30565,32880,34746
EFFOR;6887,23252,34767,34781,34786
EFFRU;32873
EFFST;32377
EFFTU;26795,30562
EFGIN;7167,23254,30574
EFGIO;7167,13746,16918,22512,23254,23262,23263,29112,30555,30574,30578,30589,30591,30595,32885,34808,34820,34821,34823,34837,34870,34876,34896
EFGIR;32885,34803,34805,34837,34870
EFGIU;8404,32889
EFGLO;7160,23262,23263,34808,34900
EFGLS;16882,16886,16904,16915,32887,32898
EFGLU;32889,32919,34728
EFGNO;10329,23254,23262,23263,30555,30574,30589,34897,34900
EFGOR;
EFGOY;34864
EFGRU;34825,34897
EFGUU;16947,32889,34825,34874,34896
EFHIT;3865,7161,16982,23268,30604,30607,30610,32869,32923,34808,34820,34923,34928
EFHLS;1256,2162,5855,16990,23276,23277,34961,34963,34964
EFHLT;3865,7161,13766,13778,16963,23268,29666,30604,32923,32947,34807,34808,34814,34824,34954,34960,34970
EFHNO;12761,26791,30622,32384,34965
EFHRS;26103,34964
EFHST;3870,7177,16990,34960
EFHTT;3664,3869,10344,15626,16982,16994,25914,30623,32389,32869,34820,34923,34977
EFHTW;16963,16993
EFHTY;10344,16988,30610,34962
EFIIR;7178,9124,9132,10352,16897,17012,17016,21936,23278,24200,24366,25275,30581,30606,30607,30629,30647,30655,30672,34803,34837,34981,35037
EFIIW;23261
EFIKN;
EFIKR;26855
EFIKS;32868,32929,34734,34911
EFILL;26792,35074
EFILN;35001
EFILO;17051,17057,26818,34808,34999
EFILR;23278,34803
EFILS;
EFILT;34808
EFILX;3875,15636,32394,33000,33007,35085
EFIMR;10308,34767
EFIMT;13790,16863,30610
EFINR;35096,35144,35148
EFINS;21861,26123,26835,26836,26864,32874
EFINT;3889,16982,30697,34928,35115,35119,35134,35136,35144,35148
EFINX;33007,35037
EFIOX;15636,17092
EFIPR;
EFIQU;13784,17009,26838,29674,30626,32966,34981,35106
EFIRR;22248,30606
EFIRS;
EFIRT;25922,34928
EFIRV;10363,25922,32394,32899,34767,35084,35088,35106,35117
EFIRX;32394,32897,33001
EFIRY;26127,30655
EFIRZ;34883
EFISS;12772,13728,17090,22520,24365,25278,25286,26108,26864,30630,34754,34780,34880
EFIST;34852
EFISV;16968,17033,29378,30560,30605,30666,32874,33008,34773,34780,34852,35009,35055,35059,35172
EFISW;10398,13814,16986,17048,17058,17097,17098,17116,26817,26824,29382,29700,30614,30683,30707,30710,32941,33049,34734,34868,34929,35064,35087,35154
EFISX;22934
EFITT;3889,10365,10384,10392,16982,26125,26847,32869,34820,35005
EFIWY;30655
EFKLS;23276,34994,35066,35174,35176
EFKLU;6898,21939,22935,32889,32988,33058,34718
EFKNS;21862,26882,34953,35179,35180
EFKRS;26826,26883,35174,35180
EFKSY;32868,35066,35183
EFLLS;23277,23293,26130,33062,33064
EFLLY;3893,16988,17120,17137,23292,29661,29726,30720,32916,34955,34959,34962,35186,35196
EFLMU;16936,17142,17160,35074,35088,35089
EFLNO;17141,33063,34899,34900,34965,35203
EFLOR;23278,26818,34999
EFLOS;1661,5686,29371,29664
EFLOT;23295,34808
EFLOU;17167,34954
EFLOX;15636,30723
EFLOY;23292,34870,34959,35173
EFLPS;2080,2162,2173,13778,16938,16939,17007,17166,17175,22923,26101,29664,35009,35213,35214,35216
EFLPY;16989,23292,26138,32994,33000,34955,34959
EFLRU;
EFLRY;29127
EFLSS;33083,35200
EFLST;
EFLSU;7174,13821,23293,26101
EFLSW;16991,17048,17058,17172,26882,29657,29700,30637,30646,30683,30734,32927,32943,32971,34868,34929,35205,35210,35216
EFLSY;23293,30564
EFLTU;26884,33058,34954
EFLTY;26138,33075,34962
EFLUY;7203,30564,30720,34955,34959,35186
EFLYY;
EFMMY;
EFMOR;26830,34767,34999,35084,35085,35088,35089
EFMOS;10404,10417,16939,16940,17090,23283,26864,30600,35000,35176
EFMRS;32402
EFMRU;17160,29110,33069
EFMSU;30609,35022
EFMTU;13838,17055,17160,23295,26868
EFNNY;2167,16989,17137,30651,33028,34833,34883,35036,35235
EFNOR;32384,33005,35237
EFNOS;5861,9151,10417,16877,17090,26835,30660
EFNOT;10312,13847,24958,25289,26794,26844,26845,30622,34885,34905,35034
EFNOY;24370,35235
EFNRS;26893
EFNRY;26133,26147,33075,35235
EFNST;32377,32404,32413,32415,32944
EFORR;13729,22248,30606,30615,32420,34920
EFORS;
EFORT;2169,10396,26867,35115
EFORU;23290,29110
EFORX;16956,34975
EFORY;17219,29127,35173,35235
EFORZ;9149
EFOSS;23271,23272,26824,26881,33083,34739,34769,34799,34806,34819,34880,34886,34976,35024
EFOSX;22307,23302
EFOTU;17167,23295,26795,26884,30622,30716,30748,34954
EFRRY;23297,29127,33093
EFRSS;32405
EFRST;
EFRSW;26143,26817,30646,30707,32379,33049,35251
EFRTY;34782
EFRUZ;30647,35089
EFSST;30572,32947,32948,33083,34787,34969,35201
EFSSU;34754,34950,34976,34992,35172
EFSTT;
EFSTU;34852,34992
EFSTW;35154,35191,35193,35205
EFSTY;26904
EFSUZ;7190,30649,34754
EFTTY;34962
EFYZZ;
EGGHI;3911,17239,17240,17241,23308,33114,33115,35272,35273,35274,35280,35281,35289
EGGHY;30752
EGGIL;8412
EGGIN;23317,35274,35337
EGGIU;6905,22529,22534,23317,23321,30765,30769,35264,35274,35338
EGGKS;17254
EGGLO;3928
EGGLY;8412,13172,15710,33152,35361
EGGNU;23317,23321,35263,35274,35337,35361
EGGOP;35304
EGGOR;17281,35341,35342
EGGOU;3928,15702,23321,35296,35362
EGGPY;
EGGRU;
EGGST;17297,28981,30760,35306,35311
EGGSY;7221,17282,17308,26916,35365
EGHHI;15724,16884,26159,26917,33160,34806,35273,35274,35373
EGHHU;2180,17316,17319,23328,35275,35377,35379,35382
EGHHW;15724,26159,33160
EGHIN;
EGHIT;7161,7226,35385
EGHIW;
EGHLU;17326,17391,17403,23349,30795,33209,34824,34825,35505,35508,35511
EGHLY;17327,17396,30752,34805,34815,35392,35426,35506,35510
EGHNO;12775,23350,33204,33213,35506,35510,35524,35525,35530
EGHNT;33213,35524,35530
EGHOT;10477,16892,17317,30814,33213,33219,35530,35539,35542
EGHPS;23330,29752,30789,30790,33198,33220,34811,35376,35461,35462,35523,35528,35536
EGHRU;2950,16893,17316,17319,24374,30809,35451,35497
EGHST;33211,33220,35540
EGHSU;35461,35536
EGHTU;13737,16893,17316,17319,17372,23328,30795,30796,30802,30809,33209,34824,35377,35451,35497
EGIIN;7244,15747,23261,23367,27005,32435,35546,35572
EGIJR;3676,5485,17507,17509,17511,21599,23385,26967,35550,35551,35720
EGIKL;29400,29802,32889
EGIKN;
EGIKR;5688,30792
EGILM;23402
EGILN;
EGILO;30578,33256,34808,35419,35427
EGILR;34805
EGILS;
EGILT;26941,26984,34808
EGILU;3961,8404,32889
EGIMM;13935,15794,17657,35856
EGIMN;22974
EGIMR;24374,35884
EGINP;
EGINR;
EGINS;
EGINT;
EGINV;25336,26932,27101,35546
EGINW;23261,23303
EGINX;5879,13988,17470,26180,27081,29841,35337,35350,35755
EGINY;17732
EGIOR;30792,32885
EGIOV;33256
EGIPR;35497
EGIRR;
EGIRS;
EGIRT;
EGIRV;25336
EGIRZ;22860,35840
EGIST;32465,33250
EGISU;
EGISV;30779,34852
EGKLU;32889,33260
EGKNR;312,26961
EGKRY;2206,9876,30792,33152
EGKSS;17514,17517,23355,32439,33167,35990
EGLLY;32468,33426,35426,35992
EGLMO;10515,23361,32469,33257,33431,35419,35505,35740,35770,35775,36003
EGLMU;377,4045,26934,35504,35505,35998
EGLNO;32469
EGLNS;
EGLNT;
EGLNU;
EGLOP;
EGLOR;23457,33207
EGLOS;
EGLOV;33256,35427,35820
EGLOY;8199,15710,17821,17837,22549,23401,27041,27043,33152,34864,34870,35717,35757,35758,35775,35815,35820,35992
EGLOZ;3978,7260,15885,17581,23367,27051,33133,33229,35840
EGLRU;
EGLST;
EGLSU;
EGLSY;33284,35719,35798
EGLTU;33209
EGLUY;1272,35361
EGMMY;3138,35363
EGMNO;35770
EGMNS;
EGMNU;367,377,34816,35361
EGMOR;33334
EGMOT;13982,35377,35419,35745,36003
EGMRS;
EGMRU;24374,32899
EGMRY;10471,10584,17414,17828,17829,17892,17893,23337,23401,25939,26218,33433,35877,35884,35885,36001,36032
EGMSU;3932,35633
EGNNO;21949,23375,26163,26176,26194,26935,30555,30784,30956,33212,33213,35525,35549
EGNNY;10587,14054,17900,23376,33213,33293,33458,34833,35373,35664,35730,35732,36037
EGNOP;23350,35520,35525,35530
EGNOR;
EGNOS;33477,36040
EGNPU;
EGNRS;34729
EGNST;
EGNSU;33467,34729,36040,36048
EGNTU;
EGNTY;7330,15918,17420,33213,33466,35530
EGOOS;27114,34902,36011,36040
EGOOY;
EGOPR;36062
EGOPY;17837,26959,30927,35380,35463,35525,35530,35539,35775,35864
EGORR;17398,32479,32485,33212,33457,35512,35991
EGORS;
EGORT;23351,23457,33207,35515,36017,36020,36062
EGORU;26228,36033,36062
EGORV;
EGOSS;23353,34806
EGOST;33219,33476
EGOSV;3141
EGOSX;6939,10533,15804,16942,17886,27054,34902,36047
EGOTU;33209,35362,35745
EGOTY;7330,10477,15918,17317,17420,17837,17923,33213,33426,35530,36001,36003,36017
EGOUV;
EGPRU;23352,35497,35884,35987,36062
EGPRY;
EGPSU;15836
EGPTU;15940,17582,17791,22375,23352,30796,35451,35497,35680,35721,35884,35987,36062
EGQSU;15836,17294,17531,17614,17940,27005,33340,33382,33483,35267,35498,35652,35691,35722,35963
EGRRU;35690,36034
EGRSU;
EGRSW;22567,35381,35990,36035,36051,36057
EGRSY;
EGSST;35534
EGSSU;23462,36031
EGSTU;
EGSTY;27110,29169,35629,35719,35798,35876,35969,35973,35997
EGSUY;14067,17308,17937,35536,35885,35934,36048
EGSVY;4031,33445
EHHIT;13261,15947,17946,17947,17949,27127,27131
EHHKT;9195,15947,24389,27127
EHHST;22998,33505
EHHTY;33502,36074,36088,36090,36092
EHIKR;
EHIKS;32493,32868,32929,34734,36159
EHIKT;385,15969,27193,32923,36167,36168,36180
EHILO;2230,8441,10451,12808,14122,17331,17945,21722,22535,23334,24364,26921,27194,27219
EHILS;36112,36159
EHILT;32923,35385,36102
EHILW;23334,27146,33528
EHILX;9209,10661,10680,14122,33542,33552
EHIMN;23472
EHIMO;4122,18057,18073,23480,33491,35419,36068,36194,36241,36246
EHIMR;23494,36199
EHIMS;
EHIMT;14139,27260,27268,27270,30610,35385,35419
EHINR;36165
EHINS;32936,33496,33594
EHINT;17993,36102
EHINW;25942,33586
EHINZ;14147,14159,17985,18030,18060,32496,33497,33585
EHIOS;7372,10710,32940
EHIRR;7367,18108,22573,23494,23500,23506,30606,34821,34923,36236,36260,36267,36309
EHIRS;
EHIRT;
EHIRV;18050,23012,23506,26231,29927,31120,33163,33195
EHISS;
EHIST;
EHISV;31055,36293
EHITT;17993
EHITW;6946,15968,15971,18023,27146
EHJSU;8464,17998,30790
EHKLW;802,3675,15966,15968,27146,33643
EHKMS;27202,36158,36162
EHKNO;2266,7383,21864,23511,24416,27338
EHKOS;18159,32519,32520,33500,33645,36360,36363
EHKOY;36353
EHKST;18155,18158,18160,36360
EHKSY;32868,36159
EHKTY;18157,36353
EHLLO;2230,4144,8441,16038,17945,18017,18173,18174,21980,23016,26312,27131,27193,27350,33204,34954,34959,35419,35427,36104
EHLLS;1306,3182,6549,6550,7382,15485,15965,16029,18014,23277,25391,26252,32929,33520
EHLMO;7392,16038,23467,23480,23515,27218,33654,33655,35419,35505,36194
EHLMS;29446,33660,36067,36162,36202
EHLMW;3717,16038,33528,33654,33655
EHLOS;
EHLOT;23467,23515,33502,34954,36090,36353
EHLOV;22919,27211,33654,35427,35449
EHLOW;16038
EHLOY;7398,10802,12808,14123,14184,14193,14203,17962,18202,18203,21492,21810,23016,26317,29989,31174,33502,33554,33663,34959,35510,36090,36222,36223,36353
EHLPS;23330,23471,36112,36159,36182,36187,36214,36229,36366
EHLPW;5913,31096
EHLPY;23022,26317,27198,27219,27354,33502,33554,33558,34955,34959,36086,36090,36112,36159,36199,36222,36223,36229
EHLRS;23021,29994,33117,33670,34963,35513,35518
EHLSU;
EHLSW;
EHLSY;29182,29446,36069,36112
EHLTY;21810,21985,26317,33502,33554,33663,34962,36090,36222,36223,36353
EHLXY;8978,17401,36377
EHMMO;16032,18156,18219,18221,23490,25395,26325,33677,36086,36406
EHMNS;
EHMNY;18231,21986,23337,23472,25958,32524,32541,34816,36192,36406,36414
EHMOR;18156,36427
EHMOS;36440
EHMOT;4174,35377,35419,36194
EHMOY;10471,10617,10696,10760,17388,18073,23025,24429,27260,27261,27376,33677,36406,36414
EHMPS;2278,4170,4171,9775,10761,15736,16081,17409,18159,31182,33660,33678,35523,36162,36409,36421,36423,36428,36429,36430,36440,36443
EHMPY;1669,4178,7393,9251,15987,16046,16081,17414,18073,26266,26267,27219,27260,27261,27269,27270,27354,33660,33695,36072,36086,36160,36192,36199,36261,36442,36443
EHMRS;
EHMRT;3869,18157,18245
EHMRU;7234,21981,23309
EHMRY;10471,10691,10696,10760,10827,15987,16046,17388,17414,18157,18171,23337,24429,26266,33677,36192,36199,36406
EHMST;36413
EHMSY;7393,7408,16979,17950,29446,33660,36443
EHMTY;18157,18219,26267,27260,32541,33690,33702,36442
EHNNY;2282,16989,18224,32527,33213,35373,36414,36448
EHNOO;7368,17394,18030,18174,18225,18254,18257,23350,23531,33683,35506,35524,36091,36241,36376,36377,36380,36417,36450,36460,36462
EHNOP;4127,33586,36450
EHNOR;
EHNOS;32529
EHNOT;7411,14088,22582,30622,31191,31198,35524,35530,36450,36462
EHNOV;2284,10710,14221,18263,31120,33586,33590,36293
EHNOY;21986,23016,23472,24306,27387,33213,33686,36303,36406,36414
EHNRS;125,4155
EHNRY;10620,10691,10844,12810,14089,14158,14159,14228,15958,16108,18108,18199,18231,22573,23500,24306,26283,26789,27170,29959,32554,32935,36165,36192,36303,36309,36406,36448
EHNST;32944
EHNSW;36461
EHNSY;26927,34958
EHNTT;3721,3725,4154,4188,7345,7411,17993,25410,27174,27386,31191,31198,32523,32869,33514,33583,33606,33683,33689,33717,33718,33720,35379,35524,36108,36307,36452,36462,36463
EHNTU;26943,27216,27386,34824,35442,36308
EHOOV;
EHOOY;24429,27387,31180,33677,36406,36414,36433
EHOPR;18156,23022,26347,29990
EHOPS;7353,17409,17989,18159,36182,36214
EHOPT;17317,17970,18291,23535,33502,35530,35539,36090,36450
EHOPU;1316,18291,23535
EHORS;35513
EHORT;
EHORV;18263,18281,23506,24302,27211,31120
EHORW;23342,35521
EHOSS;
EHOST;8354
EHOSU;6954,32940,34979,36264,36337
EHOSV;36293
EHOSW;17972,18159,32940
EHOSX;23272,34739,36212
EHOSY;5375,17427
EHOTW;22582
EHOWW;18229,18239,33643,33655
EHPRY;3958,4178,7398,14169,14203,15987,16046,16108,17246,17380,17396,17414,17429,18004,18050,18119,18281,23022,31064,32935,36165,36192,36199,36218,36309,36442,36448
EHPSS;
EHPST;23471,32548,33189,36187,36404
EHPSY;17427,35536,36112,36145,36159,36187,36229
EHRRY;13336,14169,14177,18108,22573,23506,23518,31099,31138,33638,36309
EHRST;
EHRSU;36147
EHRSW;
EHRSY;22569
EHRTW;
EHRTZ;10888,15739,16142,16146
EHSST;35534
EHSSW;23520,32555,33740,33746,36495
EHSTT;36413
EHSTU;389,4190,33645,34979,36439
EHSTW;
EHSTY;31070
EHSWW;4185,13291,17958,18229,22870,31074,34734
EHSWY;30006,32943,36186
EHTTY;7362,17970,18022,18291,33638,33689,33718,33755,34962,36222,36353,36431,36475
EHTWY;34962
EIIKR;18336,36529,36545
EIILP;15964,17452,18331,18367,18372,18377,22003,22004,22923,23040,23550,24127,33229,35009,36109,36110,36111,36112,36596,36637,36646
EIIMN;4199,7450,18311,18361,23472,36596
EIINS;
EIINX;14294,17470,24467,26396,35007,35037,36596
EIIPX;17489,18453,25480,26377,26396,30072,30077,35037,36596
EIISS;10364,10970,24365,24448,26093,26108,26985,27481,34730,34754,34987,34992,36111,36516,36659,36797,36824,36828
EIISV;
EIITY;4208,9300,10906,10956,17461,18346,18384,18390,18403,18464,21936,23047,23281,23376,23378,24461,25457,26837,27164,27174,27177,27443,27473,27539,27540,27556,27568,30672,31245,31310,35021,35392,35604,35664,35709,36523,36608,36725
EIJMO;36834
EIJNN;10978,17505,17506,25492,26966,31384,35547,35716,36832
EIJRR;17507,33762
EIJRV;25972
EIJSV;
EIJUV;18323
EIJVY;
EIKKS;4221,16187,17513,18523,18524,18525,18526,22014,27579,33886,35058,36525,36849,36850
EIKLM;23475
EIKLN;
EIKLR;33768,33769
EIKLS;
EIKLV;4228,16194,18534,27201,33768,33769
EIKLY;10496,27443,27584,30096,33904,36878,36880
EIKMN;25433,25504,26241,26969,29150,31400,32437,35730
EIKMS;4221
EIKNO;16188,16204,18573,21473,23389,27010,33257,33888,36536
EIKNP;15969,24277,25903
EIKNR;
EIKNS;32578
EIKNV;7253,7475,26932
EIKNZ;26367,33770
EIKOP;27023,31390,36497
EIKOR;22607,30674,36529,36854,36859,36877
EIKOZ;18329,33922,36168,36854
EIKPR;33768
EIKPS;7469,16859,18588
EIKPY;4231,36878,36880
EIKRS;
EIKRT;30674,33922
EIKRY;4231,23058,33904,36912
EIKSS;
EIKST;21618,21626,32578
EIKSV;5873,23599
EIKSY;21618,27619,32868
EILLM;33528
EILLO;16230,17945,18521,23609,33955,36830
EILLR;11035
EILLS;36159
EILMN;26372,32587,33933,33976
EILMO;10909,18652,27218,33491,36068
EILMP;33491,36068,36160
EILMR;
EILMS;
EILMU;23056,26466,30094,31454,35088,35089
EILMY;18652,31243,33000
EILNN;16265,16266,32498
EILNO;
EILNR;
EILNS;
EILNT;
EILNV;35321
EILNY;36165,36207
EILOO;18652
EILOP;23550,33955,34051,35074,36068,36963
EILOR;
EILOS;
EILOT;
EILOU;11103,23550,24481,27639,30094,31454,36625,36830,37020
EILOV;5959,7501,7521,10041,10909,11103,18719,27629
EILPR;36963
EILPS;22923,36112
EILPX;23088,32600,33542,33552
EILRS;
EILRT;
EILRV;35106
EILRY;36568
EILSS;
EILST;
EILSU;29468
EILSV;
EILSW;24476
EILSX;17585,17652
EILSZ;26986,27415,27489,27670,27695,29463,30139,31446,31487,33314,33802,33803,33988,33997,34031,34033,34070,35768,35838,36112,36214,36503,37030,37092
EILTT;4268,4294
EILTU;
EILTX;3875,4282,5803,5972,11095,15636,16240,17049,17061,18315,18764,18820,18862,18863,25100,31506,32587,32600,35755,36942
EILUY;11131,13810,18708,18849,21765,21817,23609,25513,25543,30593,31099,31506,33960,35113,36878,36880
EILUZ;2358,4275,11096,15758,16287,17050,17059,17654,18361,18632,18716,22004,27696,31218,33971,34080,35089
EILVX;18315,32394,32600
EILVY;12860,18713,18845,18867,28911,31095,31503,32573,33558
EILZZ;
EIMMO;18652,31512,32612,35856,36564,37125
EIMMR;33808
EIMMS;33980
EIMMW;35429
EIMNO;22974,23305,23472,36703,37125,37182
EIMNR;
EIMNS;23664
EIMNT;
EIMNV;3745,14386,16350,18897,30133,31530
EIMNX;5879,14294,17572,32587,32619,36596
EIMNY;1901,11144,18895,18898,22036,23472,23664,25553,27492,27746,30651,31104,31512,31537,36072,36170,36883,37132,37167
EIMNZ;4199,4265,5511,7265,9911,13348,15798,15802,18356,18361,18898,26372,26517,27496,27724,30199,35545,37144
EIMOR;
EIMOV;7501,13980,14386,31454,33334,34767,35088,35117,36597
EIMOX;8517,11041,16332,18073,27261,29945,35085,36596
EIMPR;
EIMPT;6615,9780,10943,10944,14139,25969,27270,32628
EIMPU;18893,32505,36246
EIMRR;23494
EIMRS;
EIMRT;
EIMRX;
EIMSS;23664,34746
EIMST;
EIMSX;4257,29948,33003,33569
EIMTX;29945,32587,32628,33329,36241,36942
EINNP;27659,27735,36204
EINNR;
EINNS;34226
EINNU;18452,18891,18893,21735,22032,22033,23119,27247,27735,27795,37125,37151,37244
EINNV;31404
EINOP;33585,36497
EINOR;
EINOS;
EINOV;18456,18719,36738
EINPR;
EINPS;
EINPT;32903
EINPY;4129,14388,18676,25553,33028,33496,33497,34041,34198,36072
EINQU;18891
EINRS;
EINRT;
EINRU;
EINRV;
EINRW;
EINRX;34866,35350,35975
EINSS;
EINST;
EINSV;
EINSW;
EINSX;37029
EINSZ;
EINTT;17994
EINTU;23119
EINTW;2309
EINVW;
EINVX;26531,27833
EINVY;22002,27833,30159,32573,33028,36293,36644,36954
EINWY;23261,33301,35075,35572,35758
EINWZ;15815,16382,18984
EIOOR;36281,36839
EIOPS;33857
EIOPY;10725,14369,14393,16230,18073,18119,18804,18805,19099,25514,25556,26959,27219,27260,27261,27308,27311,27315,27646,27851,27856,30699,30998,31064,31253,31546,33554,33994,36222,36223,36261,37200,37354
EIOPZ;25499,26540,27844,30069,30072,30146,30163,31358,31487,31488,33229,33314,33585,33955,34237,34300,34305,35669,35840,36294,36576,36588,37098,37200,37296,37343
EIORR;28893,30606,34102,35117
EIORS;
EIORU;18423,29170,31655,33148,34241,35158,37167
EIORV;23012,23506,34303,34767,35117
EIORW;33195,34209,35888,37141
EIOST;
EIOSW;18043,24476,32940,33536,33923,34057
EIOSX;8510,18970,18973,19083,19117,22014,26274,33371,34242,37351
EIOTW;10733,11118,31131,33954
EIOTZ;18805,18984,29946,34256,36168,36294,36703,37182,37200
EIOWY;11118,23696,31495,33958,35075,35081,35758
EIOWZ;16382,18984,23657,33955,37284
EIOZZ;31488
EIPPR;
EIPPS;18588,33569
EIPPT;35678
EIPQU;35674,35679
EIPRR;
EIPRS;
EIPRT;
EIPRV;8545
EIPRW;14572,17749,18101,26442,27278,30284,31096,34351,35326,36316,36587,36963
EIPRZ;4015,16012,16302,17757,18437,18632,18953,19012,26415,27560,27844,32671,34080,35840,36588,36714,37200
EIPSS;
EIPST;
EIPSW;
EIPSX;16391,18100,18973,29512,32644,32674,33339,33569
EIPSY;4129,13463,14173,14329,21579,31070,33558,33624,33625,34041,36112,36187,36971,37402
EIPSZ;3268,4018,4219,4293,18848,31446,31487,36776,37076,37098,37296
EIPTT;
EIPTU;
EIPTW;35929,36316,36765
EIPTY;18047,18533,31070,32903,32994,33554,36223,36228,36274,36294,37402
EIPXY;18073,27261,31506,33000
EIQRU;393,18849,34981,35016
EIQTU;19102,32677
EIRRS;
EIRRT;24490
EIRRV;27621,35117,37099
EIRRW;23494,23500
EIRRY;4231,10608,17732,17764,18849,24490,27311,27820,27834,33622,33638,36912,36924,37116,37208,37379
EIRSS;
EIRST;
EIRSU;
EIRSV;
EIRSW;11303
EIRSX;17652,22011,27567
EIRSZ;
EIRTT;34374
EIRTU;17316,17383,34374
EIRTV;
EIRTW;33904
EIRVV;4216,7459,11304,18483,19114,27478
EIRVW;31498,37099
EIRVZ;8462,13472,17654,26597,34024,34080,34305,37006
EISSS;
EISST;
EISSU;34754,34780
EISSV;34780
EISSW;
EISSX;22665,23272,25544,29710,34739
EISSZ;22602,22647,27883,31545,34754,35155,37186
EISTU;
EISTV;
EISTW;
EISTX;22011,22934,27536,27567,32465,33868,34115,34319,37383
EISTY;21579,25605,27110,27136,32464,33625,37402
EISTZ;10120,10973,16441,26240,27110,32517,32610,32658,32926,33250,34294,36882
EISVV;32466,33950
EISVW;23599
EISWZ;5948,14639,23657,35169,36333,37408
EITTW;23696
EITVX;4362,14324,16240,18315,19117,26015,26023,27567,27833,32600,32628,34331
EIVWY;
EJKOP;
EJKOR;31670
EJKOS;6639,7634,11310,11314,23143,26612
EJKOY;
EJKRS;36831
EJKRY;4135,4381,11311
EJKSU;6001,7634,23143,27885,33876,36831
EJLLO;7029,36830,36834
EJLLS;32688,34927
EJLLY;7031,32689,33873
EJLOP;2406
EJLOS;17800,18511,36837
EJLOU;15844,35173,35362,36830
EJLPU;
EJLRU;7461,14645,35173
EJMMY;
EJNNY;30331,34381
EJNOR;10400,12897,14645,15845,21650,21909,23723,31670,31673
EJNOS;4382,17800,19168,22606,29195,31075,31232,31673,35988,36835,36837
EJNOT;21650,21909,21947,21997,22012,27430,34381,36834
EJNOY;7032,7636,31382,34381,35717
EJOSY;
EJPSU;19169,27885,29880,30790,37418
EJPTU;31672,35721
EJRRY;34382
EJRSU;19169,27885,29520,31673,37418
EJSST;14105,18517,23722,33883
EJSSU;8464,19169,23584,27431,30900,35317,36832
EJSTU;7307
EJSUV;
EJTTY;
EKKOP;31390,37420
EKKOR;7640,11320,22013,22607,31388,31676,34386,37420
EKKRY;27891,34386,34387
EKLLN;9999,13930,18520,18528,18530,18531,27013,31391,33888,34993
EKLLS;3890,5884,7381,7382,15485,16027,16029,16476,17036,17119,17803,18523,35174,36350
EKLLV;16194,18534
EKLLY;16028,17120
EKLMS;16481,16482,17121,22672,25609,35176
EKLNT;24416,29417,37422
EKLOS;3756,4390,16030,18524,19186,19189,32519,33263,33886,33894,34390,35177,36350,36857,36874
EKLOT;7646,14654,14655,17122,19178,19180,19182,22673,31394,31679,34389,36163,36168,36353,36529,36859,36860,36877,37423
EKLOY;24474,33059,33152,36353,37423
EKLPS;36862,36874
EKLPY;27584,27894,36160,36878,36880,37422
EKLST;
EKLSW;24476,26882,31398,35064,35177,36874
EKLSY;
EKLTT;14654,36353
EKLTW;7646,14655,15968,18535,19180,27146,33904
EKLTY;18533,18558,23728,27443,33904,35066,36353,36880,37422,37423
EKMOS;18159,35176
EKMPS;2414,4398,10128,18006,18159,19196,19197,19205,19207,27434,34399
EKMPT;4393,16490,34391,37431
EKMPY;4394,31681,36160,37422,37430,37431,37432
EKMRS;
EKNOR;18572,19196,30348,31388,31408,31670,36903,37442
EKNOS;23511
EKNOT;17515,18328,36536,36558,37431
EKNOW;31400,35175
EKNPS;26026
EKNRS;
EKNSS;
EKNST;
EKNSU;23511
EKNSY;27619
EKNTU;21950,23733,27030
EKOPR;11346,17124,18156,19222,22889,32699
EKOPS;
EKOPT;18336,19222,36896,37431
EKOPU;9428,25619,37442
EKOPY;11346,19222,23150,31681,37431,37432
EKORR;
EKORS;35177,35990
EKORT;32693,34401,36168,36529,36859,36877,37461
EKORW;23738,35990,36893
EKORY;11346,19222,23144,33059,33152
EKOSS;4390,6012,24523,27343,27909,35990,36363
EKOST;36360
EKOSY;
EKPRS;
EKPRU;
EKPRY;4231,4394,19222,23150
EKPSS;
EKPSU;
EKPSY;
EKPTU;26884,36530,36880
EKPUY;36878,36879,36880
EKRRU;37452,37461
EKRRY;23058,36912
EKRSS;24523,27909,35990,37458
EKRST;
EKRSY;
EKRSZ;23545,35564
EKRTW;844,4404,6018,7646,18165,19225,30674,33904,37461
EKRTY;4032,16493,18157,19222,33904,34401,36907,36912
EKSST;
EKSSW;6005,6644,11349,13366,14352,18161,18163,19210,19228,19231,30102,33923,35284,35990,36356,36557,36893,36900,37427,37458
EKSSY;19183,25621,26886,27619,33644
EKSTY;402,4391,19187,21618,23728
EKSUY;19181,22671,22988,27619,33925,35183,36879,37456
EKSYY;
EKUYY;
ELLMS;10768,18168,18169,19239,21548,21613,23743
ELLNS;641,2975,6549,15663,18175,19239,21539,22614,36578
ELLNY;22589,26629,29726,31421,31425,32468,33942,36568,36585
ELLOR;
ELLOS;19232,19239
ELLPS;27634,32352,34409,36159,36187
ELLQU;3313,7053,23609
ELLSS;
ELLST;
ELLSV;2316,4249,4252,8516,11034,16968,18349,18640,37479
ELLSW;7382,16040,16476,22066,23159,32943,33647,33651,36350
ELLSY;22463,27116,33974,34434,34436,34437,36971
ELLTU;30360,33058,34413,34782,34954
ELLTY;23611,26629,31245,31421,32468,32712,33942,34782,34962,35739,35743,35761,36585
ELLWY;32689,34962
ELMMU;19298,30723,31437,36974,36975,36979
ELMNO;26645,32469,33063,33431
ELMNU;14682,22682,23160,29074,31704,33431,35361,35998
ELMOR;
ELMOS;32723,34390
ELMOT;7392,23295,23467,23515
ELMOU;7392,22022,23295,23467,23480,23515,26645,26647,27925,27934,32945,33425,33431,34389,35089,35505,35998,36161,37423
ELMOY;17156
ELMPU;
ELMRS;
ELMRU;27925,35088,35089,36619,37006
ELMST;
ELMSU;
ELMSW;15537,16560,16940,17058,17154,18603,19294,19297,19319,19340,23757,30380,34002,34460,35087,36993,37501
ELMSY;
ELMTY;
ELMUV;16264,26466,33538
ELMUY;7680,14682,19316,31441,31704,35361
ELMXY;16546,16566,32729,33000
ELNOP;13524,14683,19307,32717,37517
ELNOR;32731,32734,37517
ELNOS;
ELNOT;
ELNOU;34760,36625,37020
ELNOV;7521,12849,14386,18719,23760,23761,35204,35321,37517
ELNOW;2425,17141,17808,17825,18538,18669,19317,19352,19370,26645,27038,27587,32734,33063,34023,34856,34900,35075,35740,35756,35758
ELNOY;10784,15710,18725,19352,23762,26474,27043,29271,29418,29989,31264,31722,36213,37045,37526
ELNOZ;3978,18030,18670
ELNSU;
ELNSY;23762,26133,37526
ELNTU;
ELNWY;7087,17623,19352,19354,29538,33301,33310,35075,35572,35758,36993,37463
ELOOS;
ELOOY;14724,19386,25613,27919,27975
ELOPR;
ELOPS;
ELOPU;4054,33551
ELOPY;10772,16230,23292,34959
ELORS;
ELORU;
ELORV;1266,7713
ELORW;19317
ELOSS;
ELOST;
ELOSU;19406
ELOSV;
ELOSW;24476
ELOSX;4429,19348,19353,23017
ELOSY;18725,19406
ELOTT;26039,32754
ELOTV;3669,3773,23761,32738
ELOTW;32754,33954
ELOTX;7727,15636,16581,17061,17959,18820,23187,33080,34447,34452,34458,34503
ELOTZ;34419,36168,37528
ELOUV;
ELOUZ;27696,31710,35089
ELOVV;23761,27478
ELOVW;35756
ELOVX;
ELOVY;29081,34003
ELPRS;
ELPRU;
ELPRY;
ELPST;24529,25406
ELPSU;
ELPSW;1424,2411,7717,16476,19340,19365,29531,31691,31716,35216
ELPSY;4043,4442,36112,36187,36229
ELPTU;
ELPUZ;18632,22004,34080
ELRRU;4497,31722
ELRSU;
ELRSY;
ELRTU;4487,4497,16629,16643,19430
ELRTY;32332,33075,34782
ELRUV;35106
ELRUX;2472,13556,18179,18863,27986,33233
ELSST;
ELSSU;
ELSSW;
ELSSY;22463,23158,23192,25544,33661,34436,34437
ELSTU;
ELSTW;
ELSTY;
ELSUX;27986
ELSUY;8558,19268,19286,19406,31745,34436,35196,36402,37477,37526,37539
ELSWY;8570,30400,32943
ELTUX;31506,36942
ELTWY;4505,19354,34962,36973
ELYZZ;31700
EMMOS;4429
EMMRY;
EMMSY;
EMNNO;4315,4317,14656,19303,30343,30431,30432,31018,31400,31755,31757,32469,33431,34381,34544,34547,37429
EMNNS;3692,4318,7463,18223,18224,23664,29556,30194,30433,32772,34122,37127
EMNNU;1399,2133,2435,2478,11045,15680,18223,18536,18661,18891,22032,22033,27247,27735,27739,30432,31755,31757,32408,32771,34121,34544,35119,36691,36974,37125,37140,37151,37152,37586
EMNOR;37412
EMNOS;
EMNOT;36703,37182
EMNOV;7677,14386,18897,36597
EMNOW;15683,17141,17193,17825,17875,17879,18538,19294,19317,19319,30431,30437,31400,32409,33022,33063,33087,33681,35521,37141,37412
EMNOY;23472,36414,37167,37412
EMNPT;10818
EMNRU;28896,29074,31705
EMNSU;31301,36702,37150
EMNTU;
EMNTY;4520,7109,13605,26328,26629,32524,32541,32782,33690,34563,37422
EMNUW;14756,22067,26645,37412
EMNYZ;4265,18898
EMOOR;11384,33677
EMOOS;18225,19174,21657,37187
EMOOV;32785,33334,34767,35999,37188
EMOPR;
EMOPS;15736,17409,18159,32723,33432,34399,34534,35523,36440
EMOPT;14751,31672
EMOPY;18073,27260,27261,28019
EMORR;
EMORS;
EMORT;28029
EMORV;10824,11169,13980,34767,35117,35999,36597
EMORW;32409,33022,33087,33681,35521,37141,37412,37598
EMOSS;24353
EMOST;
EMOSU;4530,16685,36440
EMOSV;
EMOSW;33536,34002,34460
EMOSY;30600
EMOSZ;4515,7675,14502,16683,17688,18692,18908,18917,19239,19249,19332,19337,26334,26702,27760,30139,30206,31446,32778,33658,33988,33997,36032,37011,37155
EMOTT;10224,11457,16468,16667,16705,17197,19448,22076,26331,26712,27376,28019,28029,33683,35377,36431,36725,37182,37587,37613,37618
EMOTY;5839,7753,7756,10617,16706,19448,19491,26710,26712,27376,28019,28026,28029,34401,34541,34575,37613,37618,37626
EMOZZ;
EMPRS;36421
EMPRT;
EMPRY;4178,4532,12871,14528,17414,17677,18245,18436,18950,19456,19473,19506,27269,35884,37223,37224
EMPST;
EMPSU;36440
EMPSY;4043,4171,4442,4448,4532,7393,13601,16567,18244,19341,19472,19506,33660,34462,36072,36421,36443
EMPTT;4268,10943,15805,18426,28019,33688,33689,36431,36941,37587,37613
EMPTY;3810,4532,7753,19341,19491,19494,19495,19506,26267,27260,27270,27744,28019,33695,34178,34575,35884,36261,37200,37422,37613,37626,37627
EMRRU;27371,37620,37625
EMRRY;7756,9478,11476,11481,12922,16493,16706,18958,18959,18960,19491,23783,28026,33457,34178,34401,34575,34578,37208,37626
EMRST;
EMRSU;
EMRTU;
EMRUX;16709,26714,32784
EMSST;37436
EMSSU;
EMSSW;17413,19319,19340,19454,23676,31690,31763,36263,36356,36690,36706,36734,36893,37171,37178,37216,37496
EMSSY;23664,27731,31111,33660,33661,35877,36443
EMSTU;35633,36439,36623
EMSTY;32782,34563
EMSUX;17886,18712,18888,23782,27938,31556
EMSYZ;33658,35885,36032
ENNOR;22863,23196,33212,34595
ENNOS;32796
ENNOT;19514,34544
ENNOX;4317,16332,19514,26194,26531,27072,27776,35007
ENNPU;27894
ENNPY;10587,14696,14699,16989,18730,18899,19349,19354,19456,26532,27584,27894,28033,30386,32527,32730,33028,34198,34216,34600,35235,35373,35906,36006,36448
ENNRU;
ENNTY;7696,14699,18224,19354,19441,30386,32730,34600,36448,37429
ENNWY;19352,19354
ENOOR;29286,31717,31797,35203
ENOOS;7747,18225,18257,18998,19174,23027,33467,33704,37635,37636
ENOOZ;18030,27387,33295,35342
ENOPR;
ENOPS;
ENOPT;27383,31784,35530,36450,37651
ENOPY;
ENORS;32363
ENORT;
ENORU;37167
ENORV;23760,33708,35204,36451
ENORW;10815,19317,19370,23723,23760,35378,35521,37412,37598
ENORY;24541,28053,36303,37167,37279
ENORZ;11189,14793,27668
ENOSS;
ENOST;
ENOSU;17308,33467,34242,35241,36040,36048,36846
ENOSV;7653,19212,37642,37649
ENOSW;
ENOSX;26892,30205,31293,32363,34242,37029,37649
ENOSY;37463
ENOSZ;15717,33477,35241
ENOTY;8576,11503,14814,15918,17420,17965,24356,25334,26474,27387,27820,27833,28053,35530,35732,35948,36274,36294,36303,36907,37233,37251,37279,37475
ENOVW;14221,14806,17211,19370,23760,35204
ENOVY;
ENOWX;3366,14796
ENPRS;
ENPRT;37638,37640
ENPRU;
ENPST;
ENPSY;18676,19472,32411
ENQRU;7123,13634,13660,19476,25928,26147
ENQUY;19265,19476
ENRRU;1954,3371,3955,8871,10167,12934,26730,28045
ENRST;
ENRSU;
ENRSW;
ENRSY;
ENRTU;
ENRTY;33075,33686,36448
ENRTZ;7766,11519,14793,17109,17110,17757,18992,19052,27540,36786
ENRVY;14715,17849,19377,19483,19562
ENSST;
ENSSY;27619,37132
ENSTT;
ENSTU;
ENSTV;31798,37600,37642
ENSTW;6696,7749,14065,14661,14812,19258,22715,31786,31798,35205,36419,36461,37589
ENSTX;27536
ENSTY;
ENSUV;23431,34773
ENSUW;
ENSUX;4464,16737,19353,19528,26892,33073,33467,36047
ENSVY;14591,19483,19562
ENSWY;37463
ENTTY;23734,37665
ENTUW;13847,14066,22582,29254,30470,30984,31424,33009,36461
EOOPV;25178,34643,35237,35242,37517,37633
EOORS;
EOORW;22462,25652,25666,29593,31024,31759,31797,33681,35521,37141,37433,37439,37598
EOOSS;36363
EOOST;19254,23739,23767,27908,37698
EOOSW;12625,14662,14837,22354,22723,23599,30513,31682,31767,31768,31822,36461,37636
EOOSY;7656,14772,19203,37342,37456,37657,37686,37696,37700
EOOSZ;34300,36060,36363
EOOYZ;17921,27387
EOPPR;
EOPPS;
EOPPT;2512,27383,36450,36454
EOPPU;36062
EOPRR;
EOPRS;
EOPRT;
EOPRV;34303
EOPRW;15572,26442,33713
EOPRY;
EOPSS;
EOPST;
EOPSX;3378,4526,7769,14800,18257,18973,19520,19573,23608,23805,27938,35216,37029
EOPSY;
EOPTT;26066,28019,36431
EOPTY;35530,35539,36274,36294
EOPXY;18073,18290,18804,19495,27261,27915,37432
EOQRU;3351,18687,26067,27476,27620,34241,37167
EOQTU;36646
EORRR;22061,22077,26068,26141,26746,32881,33468,34507,35203,35231
EORRS;
EORRT;19225
EORRV;7713,11552,23506,27966,36451
EORRW;
EORSS;
EORST;
EORSU;
EORSV;
EORSW;
EORSX;3378,14800,19520,19528,19573,26686,32363
EORSY;14772
EORSZ;19401,37553
EORTT;32428
EORTU;
EORTV;
EORTW;19225,37461
EORTX;4350,5476,15574,16709,16956,18999,19461,33080,34458
EORTY;6506,7756,11542,13858,14522,14614,16706,19448,25155,26712,26776,28029,28053,30702,34401,34541,35948,36907,37251,37279,37379
EORTZ;7766,10396,11519,14793,34419,34541
EORVW;31797
EORXX;
EOSST;
EOSSU;
EOSSW;17413,17972,33740,33923
EOSTT;16811,37686
EOSTU;19170,36439
EOSTV;
EOSTW;
EOSTX;2520,11567,11568,18236,19083,19117,22064,23739,26751,28030
EOSTY;14860,31369
EOSTZ;26334
EOSUY;6062,11568,14813,14860,17308,19229,19286,19406,19601,19621,21654,23289,23463,27831,31502,31503,31745,33925,35934,36037,36048,37456,37526,37539,37542,37707,37712,37719
EOSWY;13330,19621,30006
EOTUZ;7766,11519,34256
EOTWZ;18984
EPPPY;14241,30514,31674
EPPRS;
EPPRU;31834,32837,33751,36062
EPRRU;
EPRRY;27834,35954
EPRSS;
EPRST;
EPRSU;
EPRSV;
EPRSW;
EPRSY;
EPRTU;31434,35451,36658
EPRTW;3332
EPRVY;8545,18050,35954
EPRXY;16566,18271,33755
EPSST;
EPSSU;
EPSSW;11507,19340,31804
EPSSY;37402
EPSTT;37567,37686
EPSTU;
EPSTW;6016,18289,37589
EPSTY;8546,25605,27239,27634,31070,36187,36228,37402,37567
EPSUY;11236,19601,35536,35934,37591
EPSWY;
EPSXY;18271,37552
EPTTY;7721,16071,16532,17970,19494,26352,26680,27556,28019,33689,33718,36431,37567,37665
EPTYY;11510,19222,19341,23538,27270,27400,34530,35530,35539,36024,36090,36223,36396,37486,37626
EQRUY;7722,16509,17079,18849,19430,19476,19507,19628,23773,26147,35016,36523,37394
EQSTU;
EQSUU;3336,4573,11451,14824,37555
EQSUY;23773,34505
EQTUU;16831,19143,26715
EQTUY;19430,19507,19628
ERRSS;
ERRSU;32682
ERRSY;4082,16670,22907,23192
ERRTU;4497
ERRTY;23518,23697,24441,24490,30181,31138,33457,33697,33702,34401,34575,34659,36433,36912,37379,37626
ERRVY;3155,3388,19377,19562,19640,37700
ERRWY;23697,31495,34386,36924
ERSST;
ERSSU;
ERSTT;
ERSTU;
ERSTV;
ERSTW;
ERSTY;
ERSUU;21740,22058,24492,24536,27113,35112,37555
ERSUV;29217,31127,35158,36279
ERSUX;19528,31556,34373,35228
ERSVY;3388,14591,14640,19152,27974
ERTTU;
ERTUV;
ERTUY;13858,17149,18199,19266,19430,19473,19507,19628,27274,31728,34782,35113,35884,36448,36523,36640,36658,37394
ERTWY;
ESSSU;16785
ESSTT;
ESSTU;30572
ESSTV;
ESSTW;
ESSTX;34528
ESSTY;30572,32806,37402,37712
ESSTZ;4107,10120,16324,18191,18308,19158,27378,27883,32610,32658,34197,34294,37108
ESSUW;2528,12943,17972,18304,19231,19618,19623,23247,23520,27399,30458,33424,34680,35990,36495,37489,37720
ESSWY;13710,15507,17920,36925,36973
ESTTX;11567,23739,27555,37605
ESTTY;19494,26750,37605,37607,37665,37686
ESTUX;2520,11568,19117,19170,22064,22934,32660,33409,33868,34373,34543,36047,36846,37181
ESTUY;4190,18085,18787,18869,23613,23788,30729,31745,35997,36402,36439,37010,37526,37712
ESTWY;36973
ESTYY;27110,28030,30500,30704,34530,36024,36396,37486,37543
ESTYZ;2477,4108,18150,18507,27110,36818,37258
FFFLU;7794,26786
FFFSU;28101,29631,31846,37724
FFFUY;
FFGIL;11577,37726,37730
FFGIR;4584,4585,37730
FFGOS;4587,19656,37748
FFGRU;22915,34728,37730
FFGSU;37737,37747
FFHIT;32869,34722,37730
FFHIW;
FFHOU;
FFHOW;
FFHSU;34738
FFHUY;
FFIIS;10305,10307,11584,13726,14867,16855,16856,19646,19650,25265,28101,28104,28109,30556,30560,31847,31848,32871,34730,34752,37728,37737,37752
FFIJS;
FFIJY;
FFIKS;4588,16854,16859,32868,34734
FFIMS;19661,30565,34746
FFIMY;
FFINS;12945,19643,19652,19653,31848,32874,37737,37752
FFINY;4593,19663,26789,37739
FFIPS;4592,19659,22730,32877
FFIQU;
FFIRS;12945,19644,22730,28112,37750,37753
FFIRT;29633,32374,34722,37730,37741,37750
FFIST;28101
FFISV;30560,32874,34773,34780
FFISZ;
FFITY;11587,31845
FFKOS;24362,28114,34755,37753
FFLPU;
FFLSU;28110,28112,37758,37760
FFMSU;23819,30565,37724,37758
FFNSU;4586,7797,9534,12946,19679,31848,37737,37752,37758
FFOPU;
FFOST;4587,7797,19669,19671,19672,19673,19675,19676,19678,23822,37724
FFOSW;4597,19675,31851
FFOTY;34789
FFPSU;6079,22730
FFPUY;
FFRSU;12946,19676,22730,31851
FFSTU;7797,8597,19676,23822,28101,37724,37748
FGGIY;19685,19686,19692,37772
FGGOY;
FGGUY;19692
FGHIT;6080,24562,28120,34820
FGILN;11577
FGILT;16912,19717,19750,34874,37808
FGINO;28136,31858,34876
FGINU;19692,19721,19727,19764,23826,37836,37866,37871
FGIOS;4609,19689,19748,19770,37769
FGIOU;11605,19752,19755,19764,26809,28134,28136,34821,34823,34895,34896,37742,37863,37864,37866,37871,37872
FGIRS;4609,11598,19748
FGIRT;31856,37808
FGIST;3859,19720,19770,34852,34893
FGLNO;34899,34900
FGLNU;
FGLOS;37769,37861
FGLSU;19749,37861
FGLUY;32916,34898,37877
FGNOO;
FGNOU;11605,19752,19764,26809,28134,28136,34900,37742,37863,37864,37871,37872
FGNSU;4586,4599,34729
FGOOR;
FGOOS;1710,4587,7799,31868,34796,34819,34901,34902,34907
FGOOU;31853,37796,37797,37846,37871
FGOOY;
FGORS;4609,11611,11613,19748,19777
FGORU;4613,19752,19755,19764,26809,28134,37742,37796,37863,37864,37872
FGOSW;19748,19774,19777,34858
FGRSU;4599,19749,19779
FGSUU;7800,11609
FHILT;13766,19783,23268,30604,32923
FHIQS;19794,32936
FHIRT;19791,23828,30607,37906
FHIST;28143
FHISY;4588,6082,16854,19657,26815,37749,37895,37897,37898,37900,37902
FHITW;4598,37884
FHLOS;16973,16990,19788,19797,23257,23276,29371,29664,29665,31875,34931,34963,34964,37769,37896,37900,37916
FHLSU;26099,26101,37918
FHMSU;11624,16997,37914
FHNOS;11582,11623,11625,28142,28146,31872,31876,37731,37790,37891,37920
FHOOS;7807,19801,31875,31876,34819,34968,37920
FHOOW;31874
FHORS;26103,26821,28147,29665,30615,31873,34920,34964,34971,34972,37795,37910
FHORT;11622,19706,23828,28144,37884,37906
FHOSU;10343,11624,16997,26103,26831,31876,32939,32940
FHOSW;31873,32940,34964,34972,37910
FHOTT;32389,34820,37786,37787,37791,37797,37884
FHOTU;32945
FHOTW;11622,16963,16993,37884
FHRSU;4599,11624,16997,26103,26831,32939,34924,37795,37903,37910,37918
FHRTU;7175,16994,30607,34924,37892,37903
FIIIL;9539,9540,11626,11627,19708,19709,19802,23831,24363,30580,30604,30626,34826,34910,34981,34982,37798,37799,37800,37801,37885,37923
FIILM;14884,35005,37935
FIINS;14872,17025,19819,28967,29679,31847,31848,31877,31880,34980,37752,37926
FIINX;35007,35037,37752,37937
FIITX;32963
FIJSU;19822,30632,34991,34992
FIKLS;23835,32929,34994,37929
FIKLU;30633,32889,32988
FIKNS;11600,11646,19823,25705,28150,37892,37929
FIKRS;28131,31883,37753,37891,37893
FIKSS;10333,16966,28165,31882,34911,35068,37882
FIKSU;25705,35068
FILLO;11647,17042,19804,19828,19829,22287,28160,28161,35074
FILLR;19828,23831,28161,37808,37928,37931
FILLS;
FILLY;7812,8291,37895,37897,37898,37934,37964
FILMP;11651,17006,33000,35074,35084,35085
FILMS;2164,4601,9542,9829,13800,14893,19833,19840,28166
FILMU;30641,37958
FILMY;31884,33000
FILNT;14895,19843,28160
FILOO;9543,11654,14886,14895,14896,19808,19843,24565,25701,28161,28168,31870,37755,37786
FILOS;4632,7817,11584,12944,19689,19788,19833,23838,24566,28130,37769,37900,37982
FILPS;22923,23835,28151,35009,37818,37900
FILRS;23838,28112,37740,37857,37860,37965,37979,37982
FILRT;11617,37741,37808,37928
FILST;19826,31891,37923
FILSU;28112,37982
FILTT;19843,35005,37786,37787,37889
FILTY;31845,31887,31891,34872,37923,37934
FILUZ;13131,17050,17059
FIMOT;1450,4635,19701,19755,31885,37932,37935,37966
FIMRS;28173,28174,37936,37970,37971
FIMTU;4635,11651,17055,19755,19835,19857,26868,31885,34879,35119,37935,37949,37966,37985
FIMTY;30610,30657,34879,35033,37924
FINNY;19834,30651,31855,33028,34833,34883,35036,37772,37803,37805
FINOS;5861,17090,17091,19819,26835,26864,30707,31872,32874,34938,34940,37926
FINRS;19823,31880
FINST;28143,31872,31880
FINTU;23250,25291,26125,26847,26875,34879,35119,35134,35144,35148
FINTY;25291,26837,28123,28129,32903,34879,37837,37908
FINUX;37737,37752
FINUY;9545,19692,19727,19847,23826,37739,37775,37836,37859,37875,37908,37977
FIOQU;
FIOST;7817,19770,19788,19826,31852,31872,31891,37769
FIPSS;11637,11641,11669,13773,16981,17062,17078,19699,24365,26108,28165,31871,31896,33050,34811,34911,34917,34935,34950,34987,35044,35157,35161,37792,37870,37901,37947,37969
FIRRY;28177
FIRST;
FIRTT;3403,4607,37989
FIRTU;31897,35119,37922,37949,37985
FIRTY;
FIRTZ;17110,32970,35144
FIRZZ;19745
FISST;37923
FISTT;2546,4594,37728,37883,37909
FISTW;31894
FISTY;28174,31891,37923,37954
FITWY;
FIYZZ;
FKLNU;
FKLOO;14905,17124,28161,33059,35175
FKLOS;7819,14904,19867,19869,34953,35177,37753,37910
FKLOY;33059
FKLUY;
FKNSU;25705,35068,37892
FKNUY;12950
FKORS;7819,19728,19821,19824,19869,19870,19871,31883,35174,35177,35180,37753,37891,37893,37910,37992,37993,37997,37999,38001
FKORY;11674,33059
FKSSU;28165,35068
FKSSY;26886
FLLOY;19875,23292,35075,35081,38004
FLLSU;10315,11678,13797,13821,15665,23293,23827,28182,33062,33064,34958,34961,35073,35186,37911,38005,38007
FLLUY;2552,7203,7804,11679,15665,16871,16988,19796,23836,29661,29726,34958,35196,37898,37911,37912,37934,37964
FLMPU;11651,35074
FLNOW;17141,26882,33063,34900,35210
FLNOY;19834,19873,19875,37967,38004
FLOOR;11685,14881,17124,23288,24565,25701,28161,28168,31850,31870,34899,37759
FLOOS;24571,28185,34902,34968,35216,38012
FLOPS;4632,16938,16939,16944,17164,17166,17175,17176,17177,19675,19689,19851,19880,19881,19886,19888,19889,19892,19893,23835,26894,28111,29664,33078,35009,35213,35214,35216,35221,35222,37754,37900,37930,37939
FLORS;
FLORU;1453,4633,7806,7827,28183,37972
FLORY;11685,14878,14881,14911,19875,29127,31850,31870,35221,38004
FLOSS;7796,7820,7823,9536,11589,11683,14882,17163,17185,19876,23842,26881,28186,33072,33083,35200,37876,37879,38010,38011,38014
FLOST;24566,24568,28184,28185,31875,37769,37894,37995,38012
FLOSU;
FLOSW;3408,6090,14910,19675,19774,19869,26882,30734,31886,35210,35216,37910
FLOTU;23295,26890,37794
FLOTY;
FLOUW;4633,7827,31874,38013
FLRRU;2553,7806,7827,28183
FLRSU;28112,37740,37857,37942
FLTUY;31887,37912,37934
FMOOS;23300,30737,37724,37998,37999,38015,38017
FMORS;28174,37999,38015
FMORU;24567,26866,26868,28172,29110,35088,35089,37796,37935,37949,37966,37972,37984,37985
FMPRU;10318
FNNUY;12950,35235
FNORR;11666,19667,19762,19860,19898,23841,28170,37872
FNORS;11611,11623,11625,19880,19886,19888,38015
FNORT;34905,37794
FNORW;15683,17089,24843,31893,32409,33022,37789,37872
FNOST;4646,19788,19819,31872,37878,37995
FNOTU;11605,19791,23837,28154,37794,37871
FOOPR;5547,17124,21664,28164,28177,31893,35237,37759,37906,37987,37989,38016
FOOPS;10425,16957,23835,26149,34968,35216,37909,38007,38017
FOOPY;5547,28177
FOORS;4597,14913,22737,23300,26909,28179,28189,31851,31902,35234,37761,37993,37999,38001,38015
FOORY;5547,11681,11685,14880,14881,17219,19900,22941,28177,31850,31870,34789,38004
FOOST;4587,7177,7807,10425,11688,11691,19801,22743,24568,24569,26149,28180,28184,28185,28189,31846,31868,31875,31904,34907,37724,37920,37993,37995,38000,38001,38012,38017,38020,38022
FOOSW;4597,22354,28179,28189,30734,31851,31902,35216,37993,37999,38000,38001,38020
FOOSY;5442
FOOTY;11685,22941,31850,34789
FOOWY;
FOPRS;4632,4648,11639,16944,17177,19777,19880,19881,19888,19892,19893,30664,33039
FOPSU;19888,19892,19893,31898,31904,38017,38022
FORRU;4639,7806,19820,24567,28172,28183,37949
FORRY;23297,28177,29127,38004
FORST;433,6727,31904,38022
FORSU;6728,19818,25704,31851,31904,37952,37954
FORSW;4597,31851,31873,31902,37910,37999
FORTY;6506,13858,17219,19875,22941,31850
FORWY;14911,17219
FOSST;31868,31903,33083,34969,35201,37751,37879,38011,38021
FOSSW;17223,19876,23830,26824,31873,31903,32956,34978,35210,37904,37959,37960
FOSTT;1455,4646,7817,19673,19770,19864,19868,19877,28180,28185,37976,38012
FOSTU;31904,37724,37748,38017,38022
FOSTY;7196
FRRSU;19779,19866
FRRUY;11693,33093,35183
FRSSU;3396,4623,6731,19858,22738,22744,23820,23842,31849,31895
FRSTU;31904,38020,38022
FRSUY;19893,23838,35057,35254,37902,37954
FRSUZ;
FRTUY;11692,11693,13858,34782,37912
FRUYZ;
FSSTU;17228,34992,35135,35172,35201,37953,37983,38011
FSSUY;22744,30572,35254,38006,38008,38023
FSTTU;19866,37907,37917
FSTUY;
FTTUY;9546,11679,11692,33086,37908
FUYZZ;
GGGLO;38037
GGHOS;14918,19926,19928
GGHUY;38069
GGIJY;
GGIMS;4667,22945,38056,38085,38090,38091,38122
GGINO;30769,35312
GGINS;37725
GGIOT;16883,17273,30769,30773,31909,35280,35289,35312,35340,35358,38111
GGIPY;6092,38055,38097,38118,38130
GGIRS;4667,20006
GGIWY;
GGLOY;4678,15710,19972,33152,38069,38126
GGLSU;
GGMOY;4679,38123
GGMSU;
GGMUY;35361
GGNOS;4677,4680,33154
GGNUY;17308,35361
GGOOS;4680,19928,20009,33154
GGORS;
GGOSY;14918,17299,20008,26916,35365,38141,38149
GGPUY;38118
GGRUY;17313
GGSUV;
GGUVY;17313
GHHIS;7848,11711,14927,20016,23856,24575,30779,33160,34804
GHHIT;20017,20018,20019,31930
GHHOS;14927,23856,29751,29772
GHHOU;
GHIKT;6080,6093,11730,23862,24562
GHILT;31950,31952,35385,35419,35427,38044
GHIMT;7849,19701,20052,20061,23859,26934,35385,35419,38241,38242,38267
GHINO;
GHINS;38310
GHINT;38060
GHINY;37781
GHIOS;21597,21670,23257,23868,24575,38238,38261
GHIPT;11729,35468,35489
GHIRS;
GHIRT;
GHISS;19699,28259,29138,32884,34811,35284,35485,38310,38316
GHIST;
GHISW;23856,38307
GHITT;20029,33158,37786,37787
GHITW;31947,31950,38068,38075
GHLLY;1462,3940,17327,17389,20058,20122,35426,38049,38175,38235,38236,38317
GHLOU;6735,33209,37794
GHLPU;
GHLPY;3940,14954,17396,20122,20129,20130,20131,20132,23875,28263,35506,35510,38155,38236,38257,38258,38317,38322,38323,38328
GHNOS;38333
GHNOT;17394,28261,35524,38318
GHORU;12955,38283
GHOSS;4683,11772,26964,28264,29789,33217,35522,35523
GHOST;19928,21670,31852,31945,33211,37769,38238,38261,38279
GHOSU;35536
GHOSY;4709,11772,14918,17392,17395,17408,17419,17427,22748,30813,30817,31961,35518,35536,38330
GHOTU;11774,33209
GHOTY;4710,10477,17317,20129,20154,26959,28120,28260,35539,38237,38320,38328
GHRSU;38156
GHSSU;28259,38073,38212,38310
GHSTU;38156
GHSUV;
GHSUY;22748,35536,38311
GHUVY;38264
GIILS;9165,9855,10484,11784,15748,15749,17436,17464,20181,20195,30783,30851,31934,35614,35615,38055,38190
GIILV;17441,28306,33231
GIINP;11597,11815,24580
GIINR;
GIJNO;17507,17509,19951,20295,26176,26967,28328,38574
GIJOS;11820,20289,27011,33254,38568
GIJOT;21947
GIKLS;25731,25732,28339,38590
GIKNS;24372,34853,35736
GIKOP;
GILLR;447,2582,11735,11787,20057,20182,37808
GILLS;145,3438,4751,4752,7848,7896,11784,14932,20181,20194,32032,37842,38083,38238,38623
GILLY;2581,2583,14968,20195,38176
GILMS;3441,11784,20181,23888,31945,38411,38611,38632
GILNO;
GILNP;
GILNS;
GILNT;12962
GILNU;
GILNY;38605
GILOO;12963,20073,23862,24583,28306,37786
GILOR;28212,28237,28306,31951,38071
GILPU;20415
GILPY;11851,20322,20415,38055,38155,38236,38257,38258,38620,38677
GILRS;
GILRU;28239,31989,32038
GILRY;22511,34805,37859,38092,38097,38456,38641,38663
GILST;28339,38625
GILSU;21688
GILTU;20018,21667,31989,32038
GILTZ;33227,38352,38475,38675
GIMMU;28240
GIMNS;37804,38085,38344
GIMNY;23901,23918,29312,37781,37803,37828,38191,38197,38268,38488
GIMOS;21670,23888,28214,31945
GIMOY;9551,11722,11851,11891,19756,20085,20448,38123,38705
GIMOZ;11891,13982,17581,28361,38123
GIMPS;3457,11888,20446,38273,38278,38704
GIMPU;38705
GIMPY;11851,20085,38705
GIMRY;20085,23901,28281,35877,35884,35885,38705
GIMSS;31969,32884,38100,38358,38434
GINNY;15011,19908,23918,23929,23953,28362,31855,33293,37772,37803,37805,38641
GINOP;
GINOR;38289
GINOT;
GINOW;
GINOY;13998,17732,19970,33367,33372,38605
GINOZ;23367,33372,38544
GINPS;
GINQU;11759,17760,20512,21676,23890,29309
GINRS;
GINRU;
GINRW;
GINSS;37735
GINST;
GINSU;38207
GINSW;
GINSZ;33194,33382,38649
GINTY;19943,28123,28129
GINVY;1472,4749,15006,28411,37801,37805,37806,38373
GINWY;23261
GINYZ;23937,24596,33372,33401,34883,38197,38472
GIOPP;19992,20043,20479,38258,38517
GIOPR;450,2560,20085,20446,20525,28260,31951,38071,38155,38676,38677,38704,38705,38766
GIORR;3455,11871,20284,23955,28212,38493,38544,38610
GIORS;
GIORT;4750,7912,20247,20284
GIORU;28239,29170,30903,33317,35744,38705
GIORV;
GIOSY;20307,20525,21679,21688,23414,25329,25740,28392,28394,30945,32032,32048,34872,35768,38623,38624,38766
GIPPY;38258,38575,38654,38662
GIPRS;28394,38676,38704,38766
GIPRT;2601,4692,11729,11889,14020,15053,20228,20285,20528,27108,28260,31951,34846,35489,35688,35689,38676,38677,38704,38766
GIPRY;7860,11742,20085,20525,20528,28260,38155,38677,38705,38766
GIPSY;3429,4694,9552,20344,20525,28394,31958,32032,38055,38623
GIRRS;4667,4790,4793,15053,20441
GIRST;38637
GIRSY;20525,20528,38107,38311,38313,38766
GISST;28289,38625
GISSW;17384,17794,33424,35284,38262,38425
GISTU;38114
GISTW;16934,19771,28339,33424,38766
GJMUU;
GJNOS;20289,35988,35989,38568,38767
GJOSU;20289,27011,30599,35988,35989,38577,38767
GKLNO;21680,30901,33257,38584
GKNOS;4834,20536,23857,26216,34853,35418,35736
GKNSU;11932,35501,38403,38604
GKNUY;11932
GKOOS;4834,20120,23451,26216,32072,33263
GKOOY;20531,20532,38586
GKORS;4834,17806,19728,20120,20297,20307,20313,20535,20536,25731,32023,32026,32072,34853,35418,35736,35990,38588,38590,38594
GKOSS;10581,20120,20308,20313,20536,23964,28346,28431,35990,37876,38231,38401,38599,38601,38603,38768
GKOSU;23451,35501,35990
GKOSW;10580,28339,28347,32024,32025,32072,35990,38590
GKSSU;20308,28431,35990,38399,38578
GLLOO;13757,24617,28261,33426
GLLOY;20122,33426,38317
GLLSU;23827,23966,27114,37877,38622
GLLUY;1462,3464,4840,4844,37877,38774
GLMOO;20126,38610
GLMOS;31945,38611,38632
GLMOU;23967,33425,33431,35998,38776
GLMSU;38779
GLNOO;28261,29175
GLNOP;
GLNOS;
GLNOU;
GLNSU;7933,38779
GLOOP;23874,24583,28391
GLOOS;21690,34902
GLOOY;11939,20127,24617,38781
GLOPS;28394,38261,38424,38623
GLORW;32029
GLORY;11612,14878,17821,20130,20132,20555,33152,35992
GLOSS;37876
GLOST;28339,38238,38771,38775,38782
GLOSV;38264,38354,38624
GLOSW;21690,26169,28339,32031,34858,38119,38149,38238,38424,38621,38623,38772
GLOTU;2213,2615,10591,34728,35362,35745,35848,37794
GLOUV;20378,38264,38452,38652
GLPSU;20534
GLPUY;23875,36006,38266,38774
GLRRR;17647
GLRRS;461,4778,4790,4858,4859,17843,17844,17862,20557,20558,23454,29323,33302,33442,35329,35366,35853,38590
GLRSU;29323,38329,38779,38785
GLRUY;23929,37859,38641,38656,38659,38663,38666
GLSSU;38783
GLSTU;38779
GMMUY;20421,38268,38683
GMNOO;4679,20136
GMNOS;
GMNOU;20123,38776
GMNSU;
GMNUU;11885,37864,38134,38275,38629,38681,38700
GMOOR;11933,15062,15063,19706,20011,20538,26963,28360,33334,37796,38610
GMORS;23971,28437
GMORY;28360,33433,36001,36032,38630,38705
GMOSS;7327,13237,17413,20012,20571,32075,33452
GMPRU;
GMPSU;4071,4869
GMPSY;4043,11882,20140,36032,38330,38497
GMPYY;11770,17414,20141
GMSSU;1474,3932,7916,17896,20445,22993,36031,38073,38434
GNNOS;15064,28437,32073,38333,38781
GNNUY;11932,20472,23918,23929,23944,23953,23954,28362,28369,33293,36037,38126,38534,38640,38641
GNNYY;4809,20368,32044
GNOOP;17804,38791
GNOOS;4680,4834,32484,33154,33467
GNOOY;15055,15056,20099,20127,20136,20531,20547,28411,28438,38245,38330,38575,38608,38651,38781,38790,38791
GNOOZ;
GNOPR;14955,16953,17406,35520,38334,38791
GNOPS;
GNOPY;17837,20136,23350,35525,35529,35530,38575,38791
GNORW;35378,38335,38337
GNORY;31978,38302,38303,38791
GNOSS;28431,37876,38768,38781,38783,38784,38788,38793
GNOST;25747,33470,33476,33477,37878,38782
GNOSW;
GNOSY;4709,28438,33477,38781
GNOTU;22115,23973,28439
GNOUY;14956,24612,27061,28426,35871
GNOYZ;13998,33372
GNPSU;38767
GNRSU;28437,28440,34729,38778
GNRTU;438,4855,19707,19775,22115,37794
GNRUW;1487,11943,23959,23973,30818,30968,33398,35378,35484,35957,36057,37872,38301,38337
GNSSU;28431,34729,36031,36036,36037,36038,38783,38793
GNSTU;25747
GNSUW;7931,7933,20014,20320,22563,23413,23973,33398,35443,35487,36057,38207
GOOPS;4869,32071,38278
GOOPY;20152,31958,31961,38330,38575,38713,38790,38791
GOORS;4834,28440
GOORY;15063,20099,20152,20153,38790,38791
GOOSY;11937,11939,15057,20553,21690,23968,28392,28433,28434,28438,31958,31961,38149,38330,38771,38772,38781,38790
GOOTU;7944,22115,23877,23945,23957,28439,31853,32077,37797,37871,38714,38731,38738
GOPPY;11771,20154,35380,35864,38575
GOPRS;28394,38766,38797
GOPRU;23352,23878,36062
GOPRY;7860,11771,11936,11941,20130,20132,20152,20153,20154,20525,20550,28260,28435,38155,38677,38766,38786,38790
GOPSY;4841,11772,20140,20525,28394,31958,31961,38623,38766,38771,38772,38797
GORSS;38262,38324,38565
GORST;38797
GORSW;10580,17889,22567,23856,23971,29790,35381,35990,38766,38797,38798
GORSY;28394,38313,38624,38766,38797
GORSZ;19778
GORTU;22115,27120,36033
GORUY;38618
GORVY;11915,33367
GOSSU;7916,12970,20308,20445,20571,23974,32050,33318,35844,36031,36037,36043,38673,38783
GOSTU;25747
GOSTY;11939,20553,21679,38625,38766,38771,38782,38797
GOTUY;23963,35871,38774
GPPUY;20555,38662
GPPYY;20131,20382,35380
GPRSU;20534
GPRTY;4092,11941,17923,20154,20528,20550,20584,28260,30998,33469,35884,36020,38296,38461,38677,38766,38786,38791,38797
GPSSU;11945,20137,20145,29321,32050,38434,38478,38703
GPSYY;31961,36024,38797
GRRUY;4854,11944,17818,20155,20416,20512,20581,20584,23448,37859,38604,38663,38666,38798
GRSTU;28308,38156,38435,38479,38637
GRSUU;27113,38779
GRSUY;28429,28430,35885,38311,38604,38666
GSSTU;19779,20142,20158
GSSUY;20571,20573
GSTUY;20510,20573,20581,28430,35973,35997
GTTUY;20554,20587,28389,32020
HHIPS;7950,17951,20594,26810,38151,38800,38804,38811
HHISS;32079,37882,38152,38153,38157,38160,38808,38810
HHISW;33160,38804
HHMPU;
HHOOS;15075,15961,31932,32080,33500,38163,38799,38800,38817,38818
HHPPT;4889,17969,36078,38805,38818
HHPYY;11962,35380,36090,38812
HHSSU;7950,20600,20611,22117
HHSUU;38820
HHSUY;37749,38820
HIIKO;19781,20613,27144,28453
HIILN;6119,10628,17984,17985,19783,20620,23980,24576,24578,25351,25753,26232,26811,32089,36108,38801,38824,38828,38829,38835,38836
HIIMS;7953,22772,25756
HIIOS;11966,15094,17989,20622,24393,24631,25352,25712,25756,25757,25758,25760,26235,32090,33515,34920,36122,38800,38827,38830,38839,38840,38849
HIIRS;1495,2635,4882,4900,9577,15090,15093,20622,20640,21663,22290,22772,22773,22775,24631,25756,25757,25760,32088,38802,38823,38839,38856
HIJOS;17998,20641,31075,36158
HIKLT;23862,24396,27146,27193,27196,28487,32494,32923,33524,35383,35416,36100,36162,36166,36167,36168,38859
HIKLW;15966,15968,18005,20048,20590,20643,27146,33524
HIKNS;23863,23987,32087
HIKNT;7957,15969
HIKNY;4686,7957,20644,23863,36165,36170,38858,38864
HIKOS;20645,32103,37891,38859,38860,38865
HIKRS;38860
HIKST;32103,38859,38866
HIKSW;7956,11988,11991,28454,28496,34734
HILLO;23980,26933,27131,27211,35419,35427,38824,38828,38829,38871
HILLS;32929,36159
HILLT;21667,23268,23980,25350,27131,27193,30781,35385,35419,35421,35427,36102,38824,38828,38829,38868
HILLY;12975,17327,18019,20058,20059,20662,23979,23989,32106,36066,36159,38049,38876
HILMU;24136,28486,28504,38240
HILOT;2650,7948,11949,12021,20660,23980,24636,31952,37787,38806,38824,38828,38829
HILPY;7963,15108,18004,18050,32114,33554,33558,36112,36159,36160,36165,36192,36199,36222,36223,36229,38055,38155,38257,38258,38806
HILRT;8656,11614,12028
HILRW;32089,38047,38871
HILSS;11967,12010,28512,38165,38821,38822,38892
HILST;
HILSU;12020,17998,20622,20664,20692,28516,33522,33544,36213,38839,38886,38887,38893,38896,38897
HILSY;7359,19657,23985,29182,31094,31908,32105,32106,32112,33558,34736,36066,36069,36112,36159,36213,37749,37895,37898,38046,38055
HILTT;7948,7949,11970,20596,20677,20683,20685,20689,28469,28471,29437,36222,37787,38806
HIMRT;24627,28457,28531,38267,38906
HIMSS;21694,23004,31111,32884,32931,33529,35460,37904,38821,38833,38913
HIMST;4928,20651,20713,38878
HIMSW;1500,11968,12042,23481,26269,27253,36118
HIMSY;1496,2640,14140,17950,18066,20079,22772,26815,31104,31953,32122,32124,36170,38899,38913
HIMTY;30610
HINNT;3496,10704,11953,15130,15131,18029,18057,21971,27203,27276,33514,36274
HINNY;15111,15130,20669,20702,20725,32093,32128,35373,36274
HINOR;4933,11997,12063,15101,20698,20702,20726,22781,23978,32084,32119,32128,32137,37788,38208,38289,38296,38302,38801,38835,38836,38916
HINPU;12003,17365,18101,19922,20684,24580,31124,33585,36246,38281
HINSS;28259,28526,28529,28548,32085,38310,38821,38822,38825,38848,38857,38887
HINST;
HINSW;28528,32107,38804
HINSY;4129,8658,18066,20727,28548,33496,36170,36191,36213,36235,36293,38858,38870,38879
HINWY;32098,38837
HIOPP;2673,4127,18031,20043,20739,27234,27281,28554,29932,31057,32114,38258,38805,38916,38921
HIOPT;37787,38805,38806,38888
HIORS;38924
HIORU;12024,12063,19791,20105,20698,20746,23871,24403,25360,25754,28239,29933,38208,38301,38302
HIOSS;21694,28529,37882
HIOST;23868,38924
HIOSW;32940
HIPPY;17380,18119,20638,20739,20740,32114,33622,33624,36143,36145,36199,38258,38916,38921
HIPRT;11729,11982,15131,20036,20638,36309,38183
HIPSS;28565,38316
HIPST;485,19659,28143,28536,28565,36138
HIPSW;11988,19659,20625,20663,22773,23992,25762,25775,26290,28496,33547,36328,38211,38290,38295,38307,38804
HIPTW;14139,19659,20663,25762,28496,36316
HIPTY;18047,19789,20638,20717,20743,20750,31070,32086,33554,36222,36223,36228,36229,36261,36342,38806,38888
HIPZZ;
HIRRS;38311,38313,38855,38907,38928
HIRRW;24005,33570
HIRSS;12029,38316
HIRST;
HIRSU;36147,38156,38897
HIRSW;22773,28454
HIRTY;20638,20745,22774,22776,26283,27315,28466,28514,36309,38906
HISST;23993,32085,38822
HISSU;7950,11984,12055,17374,17386,23993,28506,33632,35490,36085,38316,38833,38857,38887
HISSV;
HISSW;
HISSY;4701,10721,14183,15144,16979,18148,20712,21694,21695,27288,27332,28529,28548,32508,36314
HISTW;
HISTX;2680,18131,20713,20738,20743,33605,36212,38919
HITWY;20745,32098,38303
HIWZZ;7858
HJNOS;7974,31075
HJOOS;7974,24007
HKKOU;
HKLOS;16030,20754,23276,24008,32519,35416,36350,37910,38858,38859,38860
HKLSU;903,6546,8675,14186,16029,20752,24008,31148,32519,33522,34953,35501,37910
HKLUY;
HKMOU;4949,12086,36161,38931
HKNOS;6547,7383,8886,11996,11998,12090,14188,15147,20119,20757,28492,37891,38865,38933
HKNOY;15148,28226,38864
HKNSU;31148,34953,35501
HKNTU;22130
HKNUY;
HKOOS;23276,33500,38934,38938
HKOOY;23985,24645,28445
HKOPS;22122,24423,24635,24645,28492,28496,32103,32520,33645,38866,38935
HKORS;4945,20120,20754,20759,24008,24010,24012,28566,37891,37910,38860,38933,38934,38936,38938
HKOSS;23510,29979,31078,32104,33644,38867
HKOSW;20754,20759,24008,24012,37910,38934,38936,38938
HKRSU;24008,24012,37910,38938
HKSSU;647,7975,18166,23510
HKSUY;20758,27348
HLLOO;21980,27350,28261,28445,32145,38236,38237
HLLOU;24564,34959
HLLOY;14184,20763,22578,23016,28445
HLLSU;5545,6148,6550,7174,16029,20664,22382,25391
HLLUY;1462,16988,19796,20763,29661,34955,34959,37912
HLMOS;37914
HLMPY;2693,7963,12009,16046,27219,27354,28498,31155,36086,36160,36192,36199,38812,38944,38945
HLMSU;37914,38939
HLMUY;
HLNOO;7395,7965,7983,8620,12083,13899,17394,18030,18174,20127,20679,21668,21983,24649,27338,28261,28570,31874,32147,32148,35506,35509,36377,38244,38245,38318,38322,38943
HLNSU;23347,24013,31148,35501,35508,36211,36213,38325,38326,38870,38886,38887,38939,38940
HLOOS;15075,23985,23996,37916,38949
HLOOY;7983,8681,19918,20122,20127,20129,20773,20774,20780,22125,22134,23875,23985,23996,24649,28233,28238,28263,28445,28505,28511,28575,28577,38081,38236,38237,38245,38257,38258,38317,38320,38322,38328,38812,38879,38881,38882,38888,38943,38944,38945,38949
HLOPX;3191,14122,15087,17401,20132,33542,33552,36377,38945
HLORS;7958,20064,20125,20622,20670,23021,23990,24013,31949,32080,32149,32152,33117,33521,33543,34933,34963,35286,35290,35431,35444,35513,35517,35518,36193,37795,38321,38329,38839,38941,38949
HLORW;9606,11622,22135,32148,38871
HLOSS;
HLOST;
HLOSW;15157,20771,29328
HLOTW;4948,11622,22135,31947,31950,38068
HLOTY;24636,24649,28576,36353,38237
HLPSU;38890
HLPSY;33558,36112,36159,36187,36229,38842
HLRSU;3508,6770,7967,7982,7987,20133,20622,21693,24008,24013,32117,37795,37910,38263,38839,38893
HLRTU;8656,12028,12097,20018,20685,32151,37794,38161,38266
HLRUY;19796,21693,23997,24637,28517,32117,37912,38266,38886,38896
HLSSU;38892
HLSUY;3508,6772,31094,36213
HLSWY;20761,20771,32943,37898,38837
HLSYY;5564,31171,32152,38876,38946
HMNOT;28521,28522,38241,38318,38828
HMNPY;36160,36192
HMNSY;24009,38191,38858,38879,38899
HMOOP;21696,23468,27354,28522,28532,28580,36068,36091,38812,38815,38943,38945,38953
HMOOS;12817,12976,24009,24018,29941,32121,32122,32144
HMOOZ;4174,26329,27218,38906
HMOPR;18156,20791,32543,33565,33684,36260,36261
HMOPW;
HMORR;4972,11594,16085,17352,18238,27371,31107,32544,33566,33697,36260,36427,36433
HMORS;
HMORU;20698,20791,23025,28570,37796,38931,38960
HMOST;4950,7979,20599,21670,28214,28487,31945
HMOTU;32146,32945,36161,38960
HMOTY;3512,4710,10617,10817,27376
HMPSU;32153,36440,38274
HMPTU;20677,20791,33688,38960
HMPUW;
HMPUY;
HMRRY;
HMRTU;1509,20708,20791,37796,38267,38960
HMSSU;22785,28506,38950
HMSTU;
HMSTY;2698,4966
HMSUU;23528,24019,24643,27254
HMSUY;2699,14219,36235,38951
HMTYY;15129,25771,28536,28537,38320,38946
HNOOP;18174,23531,36091,36377,36449,36453,38815,38943
HNOOR;4933,7983,15163,20020,20099,32155,38245,38289,38334
HNOOS;24018,33704,36460,38331,38333
HNOOW;8685,15158,20785,25751,25794,31874,32148,32156,32157,33681,35521,36417,36461,38234,38335,38336,38975
HNOPS;20119,20145,20606,28584
HNOPY;38916
HNORS;
HNORT;22781,23978,23991,38801,38836
HNORY;7983,14089,14228,14956,15148,15163,15166,20099,32119,32128,32155,36406,38864,38916
HNOSW;8685,12090,15147,15155,18269,20608,20733,20765,20804,28528,29328,30006,32107,32156,32529,33664,33728,36461,38336,38804,38936,38955,38973
HNOSY;4709,15166,20079,20771,28478,32112,38226,38879,38899
HNSSU;7989,15169,19705,20107,21974,24434,26285,27296,27358,28259,28567,32159,32160,32946,33730,34967,38212,38310
HNSTU;36308
HNSTY;
HOOPS;15961,17377,25767,25776,34968,36214,38800,38977
HOOPT;7993,12092,17964,20774,20780,20805,20807,21696,25787,27301,28531,28577,28586,36316,37919,38805,38888,38960,38978
HOOPW;38871
HOORS;23021,28587,33507,38938,38949
HOORT;7995,20805,20807,37796,38906,38960,38978
HOOSS;5498,13907,23031,23536,29116,30624,30822,31206,33737,34743
HOOST;
HOOSW;25785,29328,32102,33738,36361,36362,38936,38938
HOOTT;7397,10621,22131,22136,23877,27386,33208,33683,34820,35524,36180,36462,37797
HOOTW;22135,25750,25794,25796,25797,31950,32157,36316,36486,38335,38979
HOOTY;5448,7993,8681,20127,20129,20774,20780,20795,24024,24649,25770,27387,28505,28577,28586,31180,32081,32164,36433,38237,38320,38328,38888,38906,38978
HOPPY;14241,14242,18119,18202,18281,20130,20131,20154,20739,20780,32114,32145,32165,33709,35380,36453,36454,36475,38258,38816,38916,38921,38944,38945,38981
HOPQS;
HOPRT;4898,20139,20150,20151,20805,20807,23878,25787,28588,37919,38960
HOPSS;3511,20145,20611,20800,32159,38930
HOPST;
HOPSU;12020,15094,20145,20718,20768,20789,22126,38274,38940,38977
HOPSW;10796,14205,26290,28496,32536,33746,36328,38295,38804
HOPSY;20140
HOQTU;33613
HORST;
HORSU;24008,24012,37910,38938
HORSW;12082,24012,38936,38938,38955
HORSY;12093,20715,22128,28556,28587,38941,38949,38951,38958
HORTT;28483,38836
HORTU;38960
HORTW;22135,25796
HOSST;38976
HOSSU;4980,5624,15169,20611,22785,24002,28506,32159,38930
HOSSW;4980,7986,17413,17972,18161,20800,23520,33664,33740,38930
HOSTT;648,20636,20690,38261,38840,38918
HOSTU;
HOSTW;
HOSTY;
HOSUY;264,20768,22748,37902,38940,38951
HOSWW;4969,18229,20759,20804,24621,38830,38909
HOSWY;20761,24006,30006
HOTTY;2705,4965,4976,10802,12124,17970,18291,24439,26352,27376,28483,28515,33718,36222,36338,36353,38806,38840,38895,38918,38928
HOTUY;14093,18291,20746,20798,32081
HPSSY;20148
HPSTU;389,17433,20149,36404,38856
HPSUW;23992,36490,38307
HPSUY;12078,33752,35536,36145,38820
HQRSU;35498,36147,38839
HRRUY;21616,24441,28517,31099,33702,33751,36442
HRSTU;15162,16148
HRSUU;31962,37795,37905,37918,38897
HRSUY;3508,12031,12078,12128,14219,28517,32117,33752,37902,38263,38311,38886,38893,38896,38951
HRTTU;4164,10873,12125,16994,20685,35382,36169
HRUUU;20612,37913,37915,38965
HSSTU;23993
HSSUY;7408
HSTUY;32139
HSUUW;37899
HUYZZ;
IIJNN;26966
IIKKO;
IIKLM;27435
IIKLN;15191,18329,20830,26365,26367
IIKNN;15191,18309,26365,27447,36553
IIKPS;9554,9631,15193,20835,24253,24660,28151
IIKRR;15188,23880,33769,36538
IIKST;476,4899,12984,15187,18337,18339,20838,21618,22790,24030,32169,32564,35564,36563,37929,38989,38992,39027
IIKSW;24660,28454,36539
IILLV;17441,20851,24031,37931,39031,39048
IILMT;10907,10915,12162,23549,24664,25810,28457,28594,28625,28630,31989,35005,36609,37935,38828,39020,39031,39056,39061
IILMU;4996,20860,23886,31989,37935,38431,39020,39055,39056,39059,39061,39063
IILNN;22593,23037,35007,36535,36573,36626,39038
IILNP;5001,18311,18367,31261,32960,36596,36601,38835
IILNT;1744,2014,23980,28594,38824,38828,38829,39061
IILPS;12131,20841,20866,22003,22923,23040,28151,28640,35009,36110,36112,38055,39046,39063,39075
IILSW;11968,20625,20852,20853,22791,28467,30646,32184,36539,38190,38830,38837,39083
IIMMN;26380,27492
IIMMT;3523,12189,13346,17467,28646,33808,36688,37944,38356
IIMMX;28309,36688
IIMNO;7450,15219,20238,20820,20902,22753,23472,23896,23897,24041,24044,24625,27496,28473,31858,32170,36596,36597,36672,36695,36696,36703,37943,38395,38480,38490,38491,38493,38494,38847,39095
IIMNR;502,3525,3526,4994,4996,5015,24625,28473,28649
IIMNS;24044,38085,39095
IIMPR;24045,24626,25755,28473,28627,32083,32211,36510,36714,37936,39007,39035,39102
IIMPS;28627,32187,37930,37936,38994,39007,39035,39054,39059,39062
IIMSS;19803,22596,23569,24042,24668,25800,28458,28475,28597,28628,28647,30860,31969,32203,32973,34746,36706,38100,38434,38833,38997,39002,39004,39053
IIMST;24044,39090,39092,39104
IINNO;16163,19804,20822,20922,20927,21744,22593,23375,24134,28140,30784,31933,32212,33824,35007,35034,36626,36737,36738,37937,38436,38441,38508,38516,39038,39111
IINNT;3528,5021,19817,20819,20822,20919,20922,20927,37929,39010,39110,39111,39112
IINST;24659,38992,39086,39090,39095,39112
IINTW;23549,36765
IINTY;9657,10956,12233,18464,20941,23047,23376,25826,26837,27174,27540,28123,28129,28614,28646,32095,32098,35664,37830,38197,38373,38488,39023
IIORT;3531,7455,12237,18336,20227,20284,20613,20911,20951,20953,22005,22149,22795,23280,23473,24045,24674,25830,26406,28483,28685,31878,31881,32206,32210,32221,34749,35029,35046,36529,36608,36801,37935,37944,37948,37949,37950,37954,39081,39102,39105,39128,39129,39132,39133
IIPPS;4986,18478,31321,31338,32187,38841,38855
IIPPT;10639,20638,26376,27168,27175,27177,27556,29019,31277
IIPST;12192,20952,20959,20960,28143,28479,28484,38849
IIRSS;5034,5035,8033,15224,19803,19815,20848,20866,20914,22789,29334,31969,37840,38100,38502,38565,38997,39011,39080
IIRVZ;5015,15000
IISTT;2020,8028,15245,16177,17032,20287,20957,24040,32082,33249,33250,33870,34732,35055,35316,36827,37728,38114,38190,38479,38802,38856
IISTV;15245,20894,20915,20957,25806,28609,39017
IISTZ;5031,10973,12242,14101,20269,26240,27566,30833,32926,33250,33802,35413,35564,35615,36810,36818,38223,38472,39082,39083
IITZZ;12141,12238,14325,20270,36703,38475
IJKMU;
IJKNS;
IJKOS;11820,19821,20827,27570,33875,33876
IJLLS;5036,20964,34927,38568
IJLST;1513,18324,35291,36836
IJMMY;
IJMPY;
IJMSS;5037,16180,16181,33880,36521,39136
IJNNS;36832
IJNOS;2745,10979,20289,20965,27577,36835,36837,38568
IJNOT;2746,21947,21997,22012,25833,36834,38824,39023,39135
IJNPU;35721
IJORS;21570,23053,27571,33254,33875,33876,35056,38375,38577
IJOSS;18511,18512,18518,36833,36835,36837
IJOST;19821,20827,23053,27571
IKKLS;16187,18000,18522,18523,33763,33886,35058,36524,38380,38989,39024,39139
IKKNS;4736,4989,22800,39139
IKKNY;29330,35552
IKKOS;22014,22151,24676,24677,24678,25835,27579,28330,28690,31389,33886,35058,39139,39140
IKKRS;4987,8719,12255,15248,20966,24661,24677,25836,28690,39139,39140
IKKRU;22607,27580,36848
IKLLR;6176,38580,38581,39143
IKLLS;21701,21849,23984,24051,38990,39142
IKLMO;18538,23588,28331,33257,33893,36854,36859
IKLMS;
IKLMY;18528,20643,24052,28331,30096
IKLNP;20977,36536
IKLNS;32226,39139
IKLNY;28691
IKLOS;21701,23835,24053,24676,24677,25731,25732,25764,27597,28339,28696,28699,28700,32226,33263,33264,35416,36874,37753,38590,38860,39139
IKLPS;22122,23835,24676,28151,36874
IKLPU;36530,36878,36880
IKLRS;5739,6797,15005,19823,19824,20297,20303,20832,24677,25731,28696,28699,32228,37753,38588,38590,38860,39027,39139
IKLSS;
IKLST;25732,28339,28487,28699,28700,37753,37929,38989,39147
IKLSY;23985
IKLTU;28337,36859
IKLTY;15097,18533,20815,33904
IKLXY;
IKMNS;37958
IKMOS;25808,39140
IKMPS;18006,20311,24634,27434,28490
IKMRS;8623,8717,20159,20297,20966,20971,25837,32169,38992,39027,39140
IKMRY;28281
IKMSS;
IKMSU;39025
IKNOP;12267,19781,24135,31390,36171,36497
IKNOS;
IKNPR;
IKNPS;
IKNPY;
IKNRS;19823,20832,28348,38992
IKNSS;
IKNST;21626,22790,24030,24659,32578,37929,38992
IKNSW;9665,24053,32025,32226
IKNSY;15255,20985,27619,36170,36883
IKNTW;2309,11734,20017,28209,28494,33166
IKNYZ;20179
IKOOR;25840,28161,28164
IKOSS;5043,24055,32104,37882,38867
IKPPS;
IKPSS;4902,15098
IKPSY;12270,15255
IKPTU;36530,36880
IKQRU;5052,39143
IKRRS;38590,38602,38604,39154
IKRSS;11838
IKRST;22790,32169,37753,37891,38860,38863,38866,38992,39147,39153
IKRSU;28696,32026,32228,38604
IKRSY;9668,15248,20837,20993,38860
IKSST;
IKSSY;12270,20829,27619,28688,39150
IKSTU;21626,24030,24054,36850,38865
IKSVY;18559,20644,31983
IKTTY;24054
ILLLS;4235,5059,7481,7483,7484,7894,8043,8052,14887,14932,17036,17944,19826,20181,20839,20969,21627,22735,22873,23063,23390,23989,26449,32105,32106,33931,35073,36066,36927,39033,39160,39161,39162,39163,39164
ILLMS;28618,28712,32183,32184,37933,38411,38827,38993,38994,38995,39035,39036,39141,39160
ILLNS;1129,3546,6185,12279,15189,15249,15257,21021,21539,22614,22791,31392,31420,31423,32107,32183,32184,32232,32233,35073,36578,37842,37957,38083,38089,38870,38990,38993,38994,38995,39039,39169
ILLOS;2585,3438,3534,5043,5075,5079,7896,12154,12290,15010,15250,15260,20194,20324,20331,20964,21023,21028,21701,24680,28721,39039,39045,39046,39048,39141,39142,39161,39169,39177
ILLPR;26453,33273,33960,36587,36588,36926,36945,36963
ILLPS;2643,2762,4751,5066,5079,8052,20656,20841,24058,27634,36159,36187,37754,38990,38994,39160,39161,39169
ILLPU;39169,39170
ILLQU;6175,8057,23609,39044
ILLRS;20842,20964,39039
ILLRT;447,2718,8009,20851,37808,37928
ILLSS;3549,3550,5575,8053,21017,21700,22159,24057,28353,28715,28719,28720,28723,32235,37963,38996,39043
ILLST;23915,28618,28721,39033,39142
ILLSV;38624,38875,39048,39142
ILLSW;4751,11991,20852,20853,21041,22791,23992,32031,32107,32184,37842,37898,38119,39141
ILLSY;2762,8214,8692,11031,12279,18019,20195,20662,21041,23546,23989,33974,35768,36066,36947,36958,36966,36971,37895,37898,38417,38623,38624,39046
ILLSZ;24051,33961,35768
ILLTW;20334,20843,20998
ILLTY;2759,2763,5070,11010,11032,11038,12274,12298,18346,18533,18595,18619,18638,20816,23611,25513,28722,31245,31421,31887,32994,32998,33942,35739,35743,35761,36954,37934,38406,38617
ILLWY;37843,38117
ILMNS;32232,38632,38858,38878,38879
ILMNU;32240,39061
ILMOO;8648,9676,18652,21747,22109,22802,23887,23995,25765,25841,27218,27635,28230,28505,32236,36068,36194,37755,38123,38883,39020,39181,39189
ILMOR;515,1536,5065,6123,6158,8071,8072,11791,12275,20061,21065,21084,22109,23832,23833,23887,23995,28152,28457,28713,28731,37755,37931,37967,37972,39189
ILMOS;2720,2744,38632
ILMPS;32187,38994,39035,39055,39059,39062,39160
ILMPU;28732,32240,39034,39035,39052,39055,39056,39059,39063,39187,39191
ILMPY;28596,33000,36160
ILMRY;2768,3542,5061,5067,5071,16249,18599,21001,21084,28713,36568
ILMSS;38178,38997
ILMST;28487,38631,38632,38878,38880,39147
ILMSU;32189,38998,39035,39160
ILMSY;24138
ILMTY;23994,24683,28505,28596,28625,28630,28732,28733,38883
ILMTZ;10915,14270,18693,18716,28733
ILNNS;12279,12300,19823,20668,21104,24053,28231,28507,31861,32042,32112,32226,37975,38646,38885,39197
ILNNY;4771,4772,15011,15111,15271,19741,19834,19908,19969,20348,20362,20364,20366,20367,20368,20668,20669,21002,21054,21104,23918,23929,24142,25736,28362,28369,29315,31863,32041,32042,32044,32112,37845,38115,38126,38584,38640,38641
ILNOS;24053,38804,39139
ILNOY;5129,8018,19970,22020,24484,24665,24684,24687,24854,25517,26474,28625,35820,37051,37967,38069,38126
ILNPU;32240,39034,39170,39187
ILNRS;520,4627,5002,5556,7841,8079,19823,19976,20338,20832,21099,21112,23990,32113,32183,32238,39139
ILNRY;12343,21021,24259,24637,26483,31914,36165,36192,36568,37045,37859,37967,38092,38097,38456,38460,38641,38663,38666,39203,39208
ILNST;
ILNSY;38870
ILNTU;39061,39210
ILNTY;24687,39210
ILNUX;7509,21121,21129,31441,32245,39202
ILNVY;30159,32573,36644,36954,37801,39173
ILOOP;9336,11097,14886,17633,20621,22125,23995,25327,28461,28619,28921,31049,31488,32236,32243,32246,32248,35425,36068,36109,38071,38257,38258,38677,38805,38888,39170,39182,39189,39212
ILOOS;6163,21701,23984,23985,23996,24038,24071,29336,39176
ILOOV;5120,21110,21136,24038,24071,28306,29232,31482,37980,38638
ILOPS;24676,32032,37754
ILOPT;5081,31951,37787,37978,38805,39189
ILOPU;5125,33551,35074,39034
ILOPW;5125,20977,32248,35326
ILOPX;5082,14122,15087,16270,17599,20329,23088,30926,33542,36596,39188
ILORS;37979,39139,39175,39221
ILORT;39081
ILORV;21065,24031,28306,28731
ILORY;8018,8071,8072,15262,21001,21029,22293,23833,24031,28466,28514,28713,31870,37967,39081
ILORZ;7954,8072,12024,12178,15088,20679,23552,30137,30163,33297,33317,34024,35089,35840,36168,36854,37006,38835
ILOSS;21632,22155,22159,23654,23655,28600,28693,28700,28719,37106,37108,38996,39080
ILOST;24680,28700
ILOSU;6799,15010,21688,22810,23838,24071,37940,37982,38353,39001,39221
ILOSV;24038,24071,38264,39001
ILOSY;21688,22810,23289,23414,23624,23985,24071,32048,34872,35768,36197,36966,36970,36976,37098,37895,38264,38623,38881,38882,39046,39048,39194
ILOTV;3573,5148,28731,39031
ILPPU;20684
ILPPY;
ILPRS;28516,28640,38265,38588,38655,38676,38890,39198
ILPSS;24063,38434,38991
ILPST;
ILPSU;
ILPTU;22141,25815,39210
ILQTU;12162,24039,32174,36646,37063,39180,39210
ILRST;22794
ILRSV;
ILRSW;22801,38131,38590,38655,39139,39175
ILRTW;8080,15289,33305,33900,39180
ILSST;526,12363,28602,37923,39064
ILSSY;280,4309,5152,5156,18811,25544,25849,27487,28751,30945,36966,36971,37086,37103,37923,39046,39213,39220
ILSTT;160,22794,28695,39177
ILSTU;
ILSTW;6806,15212,20411,32611
ILSTY;20894,37923,39073
ILTTW;4305,20596
IMMOY;5160,8063,12378,18652,21001,21163,21165,22088,24062,25546,25707,25853,27723,28518,28646,28759,28761,31512,31516,32251,36883,36976,38683,39227
IMMSY;20421,24062,28647,29331,32250,32251,38628,38683,39227
IMNNY;23664,23918,27492,28292,28766,30651,31290,33984,35730,37803,37828,38488,38899
IMNOO;4315,5158,10688,12383,12385,18871,18890,22034,26517,28518,28755
IMNOR;38493
IMNOS;32232
IMNOT;28759,28767,31530,35115,36703,37174,37182,38828,39056,39187
IMNOU;31530,32119,36246,37164,37167,37174
IMNPS;28490,28773,32232,38994,39059
IMNST;28777,36067,38992
IMNSU;
IMNTY;12378,20442,21197,23994,28625,28646,37924,38197
IMNUX;
IMOPR;938,1536,11664,15221,24698,28763,28774,32253,38705
IMOPT;24664,28532,28595,28732,39056,39187
IMOPU;12008,12312,18893,23550,27735,28732,28763,28774,35074,36246,36936,38705,39034,39056,39187
IMORS;39140
IMOSS;37904
IMOST;39147,39240
IMOSX;39104,39250
IMOSZ;5165,14502,18692,18908,18917,21184,27760,30139,30206,31446,33988,33997,37011,37155,38882,39235,39240
IMOTV;37950,39031
IMPPR;5017,17353,17673,21067,28763,33989,35872,36199,38696,39226
IMPPS;32124,32187,33569,35461,39145,39160,39195,39241
IMPRS;37936
IMPRY;5167,15987,17677,20085,21189,24045,30699,34178,35884,36261,37200,38705,39102
IMPSS;24063,31111,32054,36685,38429,38434,38481,38833,38913,39062,39089,39183,39190,39223,39227,39228,39251
IMPST;28536,37936,38497,39007
IMPSU;20706,24634,28490,39059,39160,39223,39228
IMPSW;36706,39167
IMPUX;36942
IMPWY;38834
IMQSU;39104
IMRRS;
IMRRU;7367,8035,18957,21172,24567,26866,28172,37949,37985
IMRSS;31969,37904,38997,39224
IMRST;22812,32254,32262,39147,39165
IMRSU;24618
IMRSV;20359,20632,20896,20915,20918,21211,24079,28653,28782,39005,39196,39250
IMRTU;31989,32263,37949,37985
IMSST;39004
IMSSU;7916,19858,21174,39223,39251
IMSSW;32631,36263,36690,36706,36734,36893,37171,37178,37216,37904,38908,38912,39146
IMSSY;23664,24042,24668,27731,35877,37132,38913,39251
IMSTT;21573,23495,24077,27133,28780,28781,34116,38632,38910,39232,39240
IMSTU;35633
IMSTY;20902,21185,21197,21199,39241,39248
IMUZZ;
IMYZZ;
INNNO;3596,5089,6814,8104,11068,11182,18607,18717,18719,18890,18971,20822,20919,20920,21097,21218,24326,24498,27776,31314,35034,36737,36738,37232,37233,39038
INNNY;5187,8104,11895,12216,12320,12382,19986,20454,23944,24498,28362,32055,32093,34198,37233,37845,37974,38437,38640,38641,39137
INNOO;5158,6814,12383,12385,21744,28140,28755,32212,39038
INNOP;22164,27659,27735,35118,36204,38686,38712,39231
INNOR;2774
INNOS;24053,32589,33539,36928
INNOT;
INNOU;17710,18893,21178,21218,31404,31566,32212,35856,37244,37937,38137,38228,38281,38593,38718,39260
INNPU;22164,27735,31566,37151,37244,38281,38629
INNPY;18730,18899,26532,27584,33028,34198,34216
INNRU;22788,22814
INNSW;12992,24053,32129,32226,34226,36900,37254,39197
INNTU;5021,5188,18452,21218,23119,27795,37244
INNTY;15130,20725,21231,28614,28660,32131,38915
INOOT;12058,12435,21242,21246,39121
INOPP;32214
INOPR;32084,32218,38835,39203
INOPS;
INOPT;
INOPW;5125,31893,32269,38733,38749,39231
INOPY;4924,5167,12393,21187,24684,25824,25860,28774,28798,32218,38575,38916,39182
INOQU;34241,37167,39121,39260
INORS;
INORT;22781,23991,32137
INORY;5129,5167,12440,14564,15135,15262,17732,20099,20264,20702,25824,25860,28523,28774,28798,31978,32119,32218,32274,33367,35948,36907,37037,37051,37167,37251,37279,37967,38302,38303,38864,38916,39023,39137,39203,39263
INOST;15234,39012
INOSV;
INOSW;1563,24053,28528
INOSY;6622,15134,15226,15255,20727,20965,20967,21229,21257,22147,26554,26557,27831,28478,28795,28796,28804,31038,38918,39124,39126,39274
INOSZ;5165,14900,15182,15227,21184,21228,39235,39266
INOTX;12391,12435,20927,21246,23870,23957,31975,37871
INPPU;14149,14420,20684,24084,25523,27804,28798,31124,32214,39267
INPPY;11656,20684,27281,28798,35864,35952,38575,38654,38916
INPRS;
INPRT;3001,5139,15131
INPRU;
INPSS;28673,29321,38703
INPST;28143
INPSY;4129,5210,15134,15255,15333,20727,21257,25827,31339,33496,34041,36636,39124,39274
INPTU;35076,37063,39170,39187,39210
INPUZ;7597,33585,38528
INQSU;24048,25859
INQTU;24027,39121,39210,39260
INRST;24641,38992
INRSU;
INRTU;28674
INRTY;2849,5206,8711,9657,21231,24641,32274,37908,38915,39023,39263
INSST;39256
INSSU;12055,12202,19073,22805,24688,37963,37977,39094,39234
INSTT;
INSTU;
INSTV;12338,12346,21114,21253,38999,39012,39058,39072
INSTW;31894
INSTY;28796,28804
INTTY;4937,5206,6214,20471,22818,28797,32274,37825,37908,38474
INTUW;19765,19925,22816,31424,33009
INTUY;6214,7302,12341,18787,20072,20499,21120,23963,24054,28426,28804,35973,36640,36644,37051,37066,37875,37908,38043,38256,38302,38756,38886,38887,39023,39073,39126,39210
INTWY;32098
INTYY;21182,28129,37837,38464
IOOPR;11886,20711,22172,24084,24698,24703,25840,28164,28177,31893,32099,36171,36281,37133,37154,38071,38921
IOOPT;15344,18932,21273,30283,32248,36109,38805,38888
IOPPZ;
IOPQU;5198,5224,36646
IOPRR;11664,12073,20726,28799,32272,39123,39155,39281
IOPSS;5226,24088,39089
IOPST;
IOPSU;1776,7372,8215,12438,18089,18998,31631,32071,32276,33581
IOPSV;11265,20656,20875,21013,26585,27548,36293,39047
IOPSY;15255,20525,20965,21257,21280,32032,32251,32260,32273,38623,38766,39284
IOPTT;32220,37787,38806
IOPTV;20951,21274,36765,36967
IOQTU;5224,15230,19102,21242,24039,36646,39121,39180,39260
IORRS;19792,25758,25865,28480,28680,28791,28809,39131,39154,39272
IORRT;5141,5148,5169,5180,5189,5197,8117,20284,20934,24004,24632,24674,28760,39123,39281
IORST;
IORSV;
IORSZ;12459,19792,22820,28806,32142
IORTV;34251,37950
IORTZ;4931,5142,10729,12178,28543,28807,36168,37200,38906
IORVY;8124,11915,12440,14614,20936,20951,23506,23716,24031,28782,31655,32277,33367,36545,36803,37218,37251,37312,37941,39250,39284
IORVZ;26597,34024,34305,37006
IOSTT;38279,38928,39240
IOSTV;2845,5026,20926,28609,39017
IOSTZ;8765,20269,21228,38675,39082,39083,39235,39240,39266
IPPPY;
IPPRS;11957,12072,12367,12456,28421,28616,32068,38729,38811,38855,39276
IPPSY;20740,25605,32124,33624,33625,37357,39241
IPPTY;25605,27177,27556,28744,38654,39241
IPPYY;20382,28744
IPPYZ;
IPQSU;
IPQUU;37063,39210
IPRSS;162,32116
IPRST;
IPRSU;22730,24706,28516
IPRSY;19007,20525,39284
IPRTW;32269,35929,36316,39155
IPRTY;28260,38296,39102,39263
IPRVY;18050,31665,35954,35960,39284
IPSST;25809,28289,28617,38552,38854
IPSSV;20916,20959,20960,36799,36815,36821,36915,37290,37360,39130
IPSSW;20468,20504,24089,32266,38425,38743,38917,39157
IPSSY;3613,4829,13463,14329,14618,20960,34083,36971,39251
IPSTU;
IPSTY;8546,20717,20960,21257,21579,25605,27239,27634,28536,31070,32086,33625,36187,36228
IPSTZ;18848,30315,36720,37076,37098
IPSWY;21257,38623,38766
IPSXY;3612,9716
IPTTU;5231,39014
IQRTU;5224,39180,39260
IQSTU;
IQSUZ;16307,16441,32602,32676,38557
IRRST;25868,39106
IRRSY;4942,6337,9668,14628,15248,19152,20108,20525,21288,22635,28429,28517,28811,28814,30180,36924,37116,38311,38313,38604,38666,38750,38928,39284
IRSST;25832
IRSSU;
IRSTT;38113,38479
IRSTW;6818,28454,28690,31894,32254,32262
IRSUV;15342,20359,20918,21125,24079,29217,31127,31665,33048,33630,35974,36279,38560,39005
IRTUV;12446,20496
IRTYZ;18960,18992,27540,36074,37200,38906
ISSST;24082,28642,32199,39065,39078,39174,39253
ISSSW;2863,5055,20111,20990,39109,39204,39275
ISSSY;1568,20997,24046,24067,24082,25152,27775,28535,28548,34195,36971,37363,38503,38707,38913,39253
ISSTU;
ISSTW;38563,39157
ISTTW;2859,4594,32143
ISTVY;18507,20960,23716,25806,28609,28686,28804,31379,35055,36803,39017,39048
ISTXY;18869,34298
ISWZZ;24006
ITTTU;23699,31657,32677,33975
ITTTY;8716,21281,23142,27336,39081
ITTWX;
ITTWY;23696,34351
ITYZZ;
JJSUU;
JKLOO;36830
JKNSU;15351,20963
JKNUY;
JKOOS;33875
JKOSU;7634,20963,23143,27885,33876
JKSUU;
JLLOS;12479,20964,38568
JLLOY;8130,12482
JLOST;
JLOSW;36837
JLOTY;8130
JLOWY;
JMNOO;39135
JMOOS;6822
JMORU;21296,31670,37412
JMPSU;12480,38767
JMPUY;
JNOPU;
JNOTU;10577,25833,39023
JNOTY;25833,34381,39023
JORRU;11931,20530,28328
JORSU;1780,16466,19169,27885,30599,33876,35988,38577
JOSSU;23584,38930
JOSTU;19170,38577
JOSUW;
JOTTY;
JSSTU;21297,25834,38572,39021,39136,39138
JTTUY;
KKLSU;
KKMOU;
KKNOS;5582,19174,31389,31677,36849
KKNRU;32467,36848,39294
KKNSU;19175,20963,28818,34385
KKOOS;4945,5238,5582,6220,8131,8670,19174,20966,22179,24090,24714,28114,28818,28819,28820,28821,33500,36849,37992,37993,39140,39292,39293,39295
KKOOY;
KKSUU;34385
KKUYY;
KLLNO;20830,28160,33888
KLLSU;6089,7641,16029,20972,21849,22054,24051
KLNOP;20977,36536
KLNPU;
KLNRU;28486
KLNSU;34392
KLOOP;7644,17124
KLOOS;8779,15355,21301,21304,24123,24714,25764,25872,27893,28696,32072,32285,33263,39298
KLOOY;20531,20532,23144,23728,23985,25613,28445,33059,37423,38586
KLOPS;22122,24676,33898,36874
KLOPU;
KLOSS;21520,22155,22181,25501,28693,28694,28697,28700,28823,34390,35065,37955,37959,39146,39149,39297
KLOSU;6230,6799,7634,20752,21753,23726,23729,24008,25610,28696,32519,33522,33894,35177,37910
KLOSV;3621,3756,10579,10755,19189,23476,23729,27893,27896,31393,35059,36853,36857,37426,39142
KLOSY;2870,5405,8135,20302,20307,20978,23985,38860
KLOUY;24263,24265,26617,37423
KLOYY;20532,36353
KLPSU;
KLRSU;20534,24008,28696,32228,37910,39027
KLSSU;7975,21306
KLSUY;18555,19181,22988,36879
KLTUZ;
KMNOS;15356,21300,21301,21307,21310,24009,25808,28826,32144,32286,36887,36888,37428,37998,38933
KMOOS;5238,9427,11335,11336,15357,19174,19203,20755,20756,21301,21307,21310,22672,24009,24093,31682,32144,33908,34398,34400,37428,37998,37999,39292
KMOSS;
KMOSY;20535,20985,21314,24009,37998,38395
KMRSU;7976,8780,24093,24716,25837,28704,28825,38933,39027
KMRUY;
KMSSU;23510,28823,36355,39296,39301
KMSUY;19181
KNNOW;15252,25870,31400,38864
KNOOR;21311,23733,24521,27902,31685,33060,34402,37433,37442
KNOOS;5582,11335,19174,21301,21310,21317,26216,28114,37430,37434,37443,37995,37998,39029
KNOOY;20531,21316,31681,37430,37431,37432,37998,38586
KNOPR;12267,21316,22114,36171,36896,37442
KNOPS;38935
KNOQU;19194
KNORS;8047,8132,15147,15356,19212,19728,31408,32026,38933
KNORT;6141,19667,22130,39294
KNORU;30348,31670,31685,37442,37446,37447
KNOST;6824,12088,12090,21303,37995
KNOSU;20963,21310,21317,38933
KNOSW;15147,15356,21301,25872,28179,32025,32285,37995,38936,39293
KNOSY;20967,20978,20985,21317,28706
KNOSZ;21317
KNOTU;5051,5641,22130,23733,23734,39294
KNOWY;11674,15148,21302,38864
KNPSU;38403,38592
KNPUY;
KNRRU;19668
KNRSU;38403
KNRTU;4407,5052,16495,18569,19668,22130,23733,26620,27591,27611,36848,39294
KNSSU;22181,28567,28830,39296
KNSTU;24030,24054
KOOPS;27612,31883,32103,32287,37441,37448,37450,38866,38935,39153
KOORS;34400,37992,37997,37999,39298
KOORY;19203,20532,21316,21319,23144,24096,33059,37456
KOOSS;6012,19219,27909
KOOST;5642,6219,6824,8133,8782,17125,19868,23451,23739,24568,24569,24714,27908,28180,28819,37998,39295
KOOSY;19203,20985,21317,37456,37998
KOOSZ;24056,24093
KOOTW;
KOPRS;6237,12481,12486,21320,24721,25836,28692,28833,31883,32287,38866
KOPRY;11346,19222,20118,21316,21319,23150
KOPSU;21310,31898
KORST;37753,38860,39147,39302
KORSU;21754,22183,23729,23740,24008,24012,24716,27885,28825,28833,28835,35177,35990,37447,37460,37910,38933
KORSW;2872,4905,5761,6221,6648,8141,12082,12487,14653,14663,15355,15356,15359,19189,19871,20647,20759,21314,22823,23738,23740,24008,24012,24090,24092,24095,24144,25164,25876,28179,28690,28699,28820,28821,28825,31398,32072,32287,32288,34388,34397,35064,35177,35990,36874,36893,36914,37910,37992,37993,37997,37999,38000,38001,38590,38934,38936,38938,39293,39298,39300
KORSY;2872,6241,6242,20307,20535,20837,21314,24096,38860
KOSSU;21520,21754,22181,23510,24097,24723,27343,27345,28567,28823,32289,35990,36355,39303
KOSTU;21521,22064,22183,23451,23740,28835,36875,39302
KOSUY;6242,19229,20758,21317,33925,37456,37460
KOSUZ;5241,21317,24056,24093
KPSUU;20996,27906
KRSSU;8778,21306,21754,24097,24723,28567,28704,28830,28834,32289,35990,39152,39301
KRSSY;6825,24097,32104,39150,39297
KRSTU;39302
KRSUU;32228
KSSTU;22825,32289,39152,39301,39303
KSTUU;
KSTUY;20758,24054
KSUUZ;
KTTUU;21958
LLLOS;966,1480,2874,2875,4952,5245,12500,16511,19232,20008,20537,22735,26628,27914,32105,33501,33647,35184,37463,38002,39162,39163
LLLOY;1583,8143,14666,19233,20322,23292,24603,24617,28711,30720,32105,37409,37463,37962,38002,38605,39163
LLLSU;2875,4235,5059,5520,7313,7484,12500,13821,17807,19232,21585,21627,23293,23390,23601,23741,23989,27914,32106,33062,35073,36927,37462,38002,38003,39033,39160,39163,39164
LLMOS;21613,23742,23743,23744,24098,28712,35186,35993,36364,37465,37466,37469,38827,38939,39141
LLMOY;8727,12002,19237,20751,21299,21322,27915,28498,28713,31899,35186,35992,37466,37469,38408
LLMSU;21548,23153,28618,30359,37933,38939,38995,39035,39036,39160
LLNOS;32107,32232,32233,37842,38005,38770,38939,38940,39039,39169
LLNSU;21710,32233,37957,38005,38870,38939,38940,38995,39169
LLOPR;
LLOPS;5079,5245,5247,21023,21336,24058,32032,37754,38007,39045,39046,39047,39169
LLOPY;5082,5250,14369,16230,16525,19237,20322,21006,21026,21336,23292,27915,32032,36966,37466,37475,37486,39046,39173
LLOQU;8057,11367,18602,23609,39044
LLORS;23827,24098,39039,39141
LLORT;4611,9726,15149
LLOST;28721,28836,38238,39142
LLOSY;38624
LLOTY;21026,22124,28624,28722,28839,38237
LLOWY;1583,21299,38117
LLOXY;2760,5082,21029,27915
LLPSU;3628,21336,38007,39160,39169
LLPUY;5248,8056,8061,21020,21035,21333,21335,21336,37934,38774
LLRTU;5254,7670,9726,16538,17148,17819,19266,23074,27923,30126,31434,32997,33970,33971,34413,34782,36937,36943,36950,37912,39180
LLSTU;21011,23915,28618,39033
LLSUU;6148,22065,23153,27916,37462,37469,37470,37480,37488,37957
LLSUW;6828,7933,20765,20852,20972,21323,21338,22066,22464,23159,23992,33651,37471,37898,37964,38005,38007
LLSUY;1586,8061,15665,19167,19268,19286,21323,21336,33974,34436,35195,35196,37477,38002,38003
LLSYY;1585,1591,4426,7812,19290,21703,21712,37486,38876
LLXYY;
LMMUY;
LMOOS;24724
LMOOT;2438,5270,10150,14687,20126,20774,24528,25810,26647,27934,28505,28572,28731,28845,32146,34389,34448,36003,36194,37423,38318,38320,38883,39020,39181,39189,39308
LMOOY;11681,21349,28505,31899,32296,38812,38883,38944,38945,39306,39308
LMOPU;12008,12312,15372,20123,21351,23967,38776,39034,39055,39056,39063,39186,39187,39191,39192,39308,39312
LMORS;38777,39310,39311
LMOST;28487,38631,38632,38775,38878,38880,39058,39147,39311
LMOSU;38939,39312
LMOSY;20769,21323,39194
LMOTU;6029,7392,12510,20126,21346,23295,23467,23515,26647,27934,32146,32945,34389,37423,39308
LMOTY;5275,8787,21054,21348,24683,28625,28732,28733,39308
LMPPU;
LMPSU;39035,39055,39059,39184,39313
LMPUY;37422,39308
LMRSU;38435,39027,39035,39036
LMRUY;19241,19316,19796,19883,20763,21321,21341,28713,37502,37967
LMSSU;6243,12521,39296
LMSTU;1596,32727,34463,34464
LNNOY;15271,19352,19834,20348,20362,21002,21054,21347,24142,25736,28369,29315,31863,32041,37815,37845,38115,38126,38584,39306
LNOOR;7983,19309,20538,20547,20679,21350,28570,29175,30725,31717,32148,32299,35204,36010,37464,37517,38245,38651
LNOOS;32285,39307
LNOOY;7983,15055,15056,19970,20127,20531,20547,21349,22740,22763,32299,38004,38245,38651,38781,39202,39306
LNOPY;21351
LNOST;
LNOSU;20765,38939,38940
LNOSW;24053,38777,38804,39139
LNOSY;22187,22740,28841,28852,31677,37463,37526,38326
LNRSU;28850,28851,38778,38779,38785,38886
LNSTU;37996,38779
LNSUV;15151,28727,31998,32192,39059
LOOOV;30730,31482,35999,37517
LOOPR;15368,20772,21378,23995,24069,25787,28509,37759,39189
LOOPS;38007,38947
LOOPY;19889,20780,21382,28728,28739,32246,37530,38812,38888,38945,39076,39213
LOOSS;7820,19849,22793,22834,23842,24726,37979
LOOST;1154,5270,21355,23767,24102,39313
LOOSW;5255,8145,8680,12100,12536,21301,38119,38149,38621,38772,38777,39175,39298
LOOTT;12525,19843,20554,21005,28148,28572,32049,38773,39166,39214
LOOWY;14724
LOPPS;566,4916,5079,29335,32187,37754,39161
LOPPU;
LOPPY;20780,28578,38945
LOPRU;4054,21351,23182,24069,33551,39191
LOPRW;
LOPSS;28856,39322
LOPST;24529,26036,38771,39315
LOPSU;24724,38767,38940
LOPSW;6227,7717,10796,12492,14205,15381,19365,19675,20010,31691,31716,32303,32536,35216,37474,38772
LOPSY;8135,19889,21336,21358,21382,21383,38623,39046
LOPTU;12543
LOPTZ;5081,18805,21378,21383,36392
LORRY;5257,8088,12357,12494,12506,14911,19883,20373,21143,21332,21337,23297,23518,24533,27980,34870,36382,38004
LORST;28845,32080,38785,39313
LORSU;24008,29323,38785,39221
LORUY;5257,5303,6252,7722,8143,20555,21029,21333,28713,38618
LORWY;12494,14911,21302,38807
LOSST;22155,28700,37983,39080,39322
LOSSU;6260,15385,21520,22834,22835,23842,24726,28186,38006,38011,38014,38783,39322
LOSSW;6774,7986,15374,15385,21305,21392,22835,32239,32293,32300,37959,39146,39148,39299,39314,39317
LOSSY;6260,20978,21391,28736,28751,39194,39209,39213,39220
LOSTT;24693,25789,28695,28700,32200,37976,38840,38891,38895
LOSTU;
LOSTV;39323
LOSTW;15376,19675,20559,37995,38785
LOSTY;5302
LOSUY;12500,12549,18210,19286,19406,20560,20768,21121,21323,21336,28434,28643,28751,28841,28852,31094,31502,31503,31745,35186,36002,36213,36402,37466,37469,37526,37539,38002,38940,39202,39209
LOSWY;2870,3408,12536,14910,15381,15384,16560,20771
LOTYZ;20779,28733
LOUUV;12549,28714,37551,39323
LPPSU;
LPPUY;20684,36878
LPRSU;39035
LPSUU;24016,31748,33446,37527,39195
LRRUY;2905,4854,18849,19377,19430,27964,31099,31722
LRSSU;21159,24726,28723,37979,38324,38648,38892,38893
LRSUY;3508,5239,21050,21693
LRTUY;3639,3804,5254,5303,16643,18199,18778,19266,19430,20885,21374,21384,30185,30423,31728,34782,35113,36640,36658,37912,38161
LRWYY;3642
LSSTU;24105,38011,38325,39322
LSSUU;22827,22834,23629,24101,24105,33448,36944,36979,37122,37511,37977,37983,38669,38892,39053,39079,39222,39296,39322
LSTUY;11450,18787,18869,20894,21105,37526
LSUUZ;19372,19440,35112,37498,37527
LUVVY;
MMMOY;4845
MMMSU;28754,37569,39223
MMMUY;21042
MMNUY;18220,20421,28759,31512,37132,38268
MMOPY;19237,32251,36086,36976,39227
MMOSU;24716,24855,25874,28825,28837,31898,38814,39325
MMOTY;12378,15389,19448,21163,21165,21394,28646,28759,28761,31516,34541,38683
MMOUY;21394,28759,31512,32251,38683,38951,39227
MMPSU;3629,21168,21170,21393,31898,32251,36686,39223,39227,39228
MMRUY;5262,16668,21172,38951
MMSTU;26692
MMSUU;39223,39228
MMSUY;20421,21393,21394,29331,32251,38683,38951,39227
MMTUY;8064,21172,21394,28759,38268,38683
MMUYY;
MNOOR;22190
MNOOS;7747,12094,18225,19174,20785,21301,21310,24106,37493,37494,38939
MNOOY;4679,8792,20136,20531,21349,28523,36414,37432,38319,38776,38815,38953,39306
MNORS;
MNORU;9738,21296,22127,28649,28774,32119,32253,37167,37412
MNOSU;7988,12552,16685,20784,21310,38939
MNOTU;27739,28398,28759,33450,35871,39056,39187
MNOTY;28625,28646,28759,28860,37998
MNOUV;7677,8066,8155,16684,21003,21065,21178,21350,38695
MNOWY;7748,21296,23200,36993,37412
MNSTU;21393,28777
MNTUU;22682,23781,24064,36253,36975,37151,39061,39187
MOOPR;15405,19307,21664,27750,35231,37133,37154,38016,39189,39230
MOOPS;1598,4869,5163,8134,15404,21004,21072,21310,34534,37591,39241,39326
MOORR;5180,15062,20011,22089,22190,23843,25708,28169,28760,28862,32261,37755,38016,38610
MOORS;20966
MOORT;5180,8176,19706,20011,20911,21204,21345,28572,28862,37796,37919,38960,39189
MOORV;28731,32785,33334,35999,37188,37596
MOORY;8792,11681,11933,19203,21356,24429,28523,31179,32296,33433,33677,36406,38951
MOOSS;
MOOST;5270,21072,24106,27930,34448,37187,37724,38017,38775
MOOSV;9743,15400,20432,28762,32258
MOOSZ;5165,17688,20574,21184,24093,37155,37187,37192,39235,39240
MOOTT;28572,33683,36194,37592,37618,38883,39166
MOPPS;5271,15126,15404,20788,21075,32124,32187,32309,32310,32311,32723,36440,36604,39145,39241
MOPPY;32241,38816,38944,38945,39145,39241,39312
MOPRS;12486,15371,19880
MOPRT;28860,37919
MOPRU;14774,15372,15405,21351,27935,28763,28774,31181,31522,31769,32253,38705
MOPST;20755,20788
MOPSU;4869,7937,12552,21310,24724,25885,31898,32309,32310,32311,36440,38767
MOPSY;12554,20140,20769,32124,32251,32310,32311,39063,39145,39227,39312,39326
MOPYY;11770,20141,21354,21358,28860,37626,38812,39188
MORRU;21757,24567,26866,27371,28172,28862,32305,37620,37625,37949,37985
MORST;32254,39098,39147
MORSU;
MORSW;23971,24092,24107,25887,28825,32307,38009,39302,39328,39329,39332
MORTU;2823,4800,28862,37796,37949,37985
MORWY;7748,21296,21302,23200,37412,37598
MOSST;
MOSSU;7916,20571,22193,22785,28765
MOSSW;15402,17413,18914,19319,19454,20544,20790,21166,21399,21404,22785,30452,31690,31763,32293,36356,36893,37171,37216,37904,38788,38908,38930,38962,39146,39314
MOSSY;13005,15392,20571,21322,32075
MOSTT;28781,38279,38632,38910,39098
MOSTU;21394,37724
MOSTW;23787,32262,34410,34460,39147,39302,39335
MOSUY;20571,21323,21394,22829,32154,32251,32310,32311,38683,38951,39227,39250,39312
MOSXY;19495,28030,39250,39330
MOTTY;4965,12210,19448,19494,21083,21197,22076,26712,27376,27940,28019,28029,28781,28864,28865,34459,36431,37179,37217,37607,37613,37618,38963
MPPSU;12480,20706,32309,32310,32311,35461,36440
MPRSU;7982
MPRTU;5111,8757,21089,25875,32211
MPRUY;16668,19473,21416,37224
MPSSU;8758,15403,39223,39228,39251
MPSTU;
MPSTY;4532,19341,19506,28536,38497
MPSUY;31762,32251,32310,32311,37591,39227
MPTUY;8074,28732,35884
MRRSU;
MRRUY;21757,39107
MRSSU;38950
MRSTU;
MSSTU;
MSSUY;20571,20573,21297,39227,39251
MSTTU;8076,12319,20089,20975,24019
MSTUY;12569,12570,20573,21394,23788,28777
MSTYY;15129,19341,20013,21358,25771,28030,28536,28537,28777,28865,38946
MUYZZ;
NNNOY;2491,8104,12382,14782,20795,23944,24498,28866,32055,33458,37233,37845,39137
NNNUY;14782,23944,28362,28866,38640,38641,39137
NNOOS;4680,4849,11942,12571,19347,19348,19518,19773,21295,21397,21398,22839,25709,28573,28815,28868,31712,31776,33704,34594,37492,37512,37635,37636,38333,38781,39291,39341
NNOST;24111,28867
NNOSU;2889,4864,4974,12552,20577,20784,21294,21398,21400,24111,25709,28437,28868,39291
NNOSY;23529,23791,25891,28583,31756,38141,38899,39326
NNOUW;22299
NNOUY;14782,21181,21347,21398,21419,23944,28369,28660,28866,30331,30432,32297,35235,38126
NNPUY;27894,34600,35235,35906,36006,36448,38532,38640
NNRUY;5251,20467,20472,21419,23929,23953,31678,34600,35235,36448,38641
NNSSU;21689,22805,28868,32203,37743,38399,38538,38711,39021,39138,39152
NNSUY;7846,11932,21398,21419,23529,23954,32297,37831
NNSWY;
NNTUY;7696,8159,21419,28660,28866,32131,34600,36448,39341
NOOPR;12575,21316,24084,31893,38334
NOOPS;32321,34534,37443,37493
NOORS;
NOORT;
NOOST;33704
NOOSW;22839,25872,25879,28179,29328,29339,32156,32268,32285,36461,37636,38336,38936,38955,38973,39154,39293,39328
NOOSZ;5165,14913,21184,21228,21369,21422,39235,39266,39342
NOOTY;7330,15056,20127,20795,21326,21349,32299,37279,38791,39263
NOPRS;
NOPRY;12114,12575,15380,15414,19861,20797,21316,25824,25860,28774,28798,32218,38791,38916,38972,39203,39263
NOPST;
NOPSU;12438,12552,19888,20145,21310,36043,37474,39345
NOPSW;26729,36417,37441,37474,37589,39328
NOPTU;20798
NOPTY;15414,17837,21326,37475,38791
NOPUY;28774,28798,28876,35235,37475,38656,38658
NOPUZ;5288,33585
NOPWY;21425
NORSS;38768,38788
NORST;
NORSU;19818,38785
NORSW;38936,38955,39328
NORUY;12931,14956,15166,15167,20799,21296,21419,22282,23762,31194,32119,32274,35235,37167,37519,37524,37967,38302,38618,38651,38656,38659,38756,39023,39208
NOSST;38976,39012,39127
NOSSW;
NOSSY;24113,37835,38006,38141,38753,38781,38784,39124,39126,39127,39209,39256,39274,39297
NOSTU;
NOSTW;1563,1607,7749,19258,19365,35205,37995
NOSTY;
NOSUW;20765,38005
NOSWY;30006,37463,38750
NOTWY;14814,19901,20609,23696,38303
NPRSU;32319
NPRTU;574
NPRUU;21370,23952,28385,28428,37858,38252,38709
NPSTU;21393
NPSUU;12438,26741,27814,27956,28584,29288,29340,31721,37527,38079
NPTUY;20798,28876,31728,34600,36006,36448,37475,39210
NRRSU;5211,19679,21258,21261,21428,21434,24109,24115,28582,28816,39272,39276,39291
NRSTU;
NRTTU;32274,38975,39014
NRTUY;5254,15167,18199,19266,19473,21374,21419,28674,31728,32274,34600,35973,36448,36640,37908,38302,38756,38886,39023
NSSTU;
NSTTU;24019,33454,38865
NSTUY;18787,20510,20573,21105,21393,23179,24054,28777,30729,32139,34486,35973,37333,38256,38886,38887,39073
NTTUY;6214,9546,24054,24728,32274,37908
OOOPT;21696,23874,28391,28586,28588,28807,28843,31784,32147,36087,36450,37587,38978,39189,39263
OOPPS;566,8164,15404,28878,32303,32317,38947,38949,38969,39161,39213,39305,39316,39318,39345
OOPPY;8164,20780,24720,27384,28033,28069,28586,28878,32165,36453,36454,37530,38258,38816,38921,38944,38945,38949,38981,39211,39212,39213,39241
OOPPZ;
OOPRS;
OOPRT;20550,25787,28588,38786,38978
OOPRY;5547,8183,12114,12575,18276,20152,20153,20797,21316,21319,22172,24731,28177,28587,28878,28882,35527,36042,36453,37417,37684,38790,38791,38921,38972,38978,39263,39284,39348,39351
OOPSS;7769
OOPST;38771
OOPSW;12492,21401,32303,32321,35216,37589,38007,38621,39175,39328
OOPSY;21382,21383,24552,24731,28069,28076,28728,28878,28882,34490,37529,37530,37686,37696,39211,39213,39284,39348
OOPTT;24553,25643,28044,28074,37989,38773
OOPUY;7993,23875,23967,32165,38774,39351
OOPVY;39284,39348
OOPWY;
OORRT;24004,28760,28862,32261
OORRZ;27691
OORST;
OORSZ;24093,27695,32142,34300,36060,38959,39342
OORTT;28831
OORTU;19581,21384,35246,37618,37796
OORTW;12534,19082,21436,22135,22833,25796,29295,32157,32269,34648,36486,37598,38335,38979,39135
OORTY;11542,11685,11938,17219,19575,20550,20797,21384,24725,28053,31850,32164,32280,32299,34789,35515,36017,36020,37279,37684,38786,38791,38972,38978,39263,39351
OORTZ;5142,8179,14793,19575,28543,28807,34419,38906,38978,39343
OOSST;31868,31903
OOSTT;23739,24732,28180,28819,28831,37698,39295
OOSTY;
OOSUZ;20574,21317,24056,24093,34607
OOTWZ;14795,19082
OOTYZ;21383,27387,28778,38889,38906,38978
OOWYZ;17921
OPPPY;14241,24720,30514,31674,32165,32824,37417
OPPRS;28421,28878,32068,38729,38855,39318
OPPSY;20965,28878,30514,32310,32311,37357,37686,39241
OPPTU;20576,31801,36062,37521,39226
OPPTY;5294,14242,14797,18202,20154,20780,28578,28586,28744,33709,36454,38654,38970,38981,39212,39241
OPQSU;
OPRSS;24088
OPRST;
OPRSU;
OPRSW;32287,38766,38797,39328
OPRSY;24731,28556,28587,28878,39284
OPRTY;38791,39102,39263,39351
OPRUY;21333,21351,35235,39351
OPRXY;15297,20132,28746,32218,39077,39102,39203
OPSST;38976
OPSSU;20145,20611,23974,24088,32050,32159,32276,38783,39345
OPSSW;20800,21404,32159,32266,33740,33923,34057,38743,38930
OPSSY;3657,21336,21413,21451,28882,32075,38023
OPSTT;5298,12590,21447,24020,26066,26351,38985
OPSTU;
OPSTW;19365,19675,21025,21401,26729,28496,31630,37589,38766,38797,39179,39302
OPSTY;19889,20743,21383,38771
OPSUY;15432,18210,20768,21336,32251,32310,32311,37466,37709,39227
OPTTU;5298,12560,19894,21328,21373,38749
OPTTY;12124,17970,20809,26352,28019,32220,33718,36431,38963,38972,38981,39351
OPTUY;21858,28876,38658,38774,39308,39351
OPYZZ;
ORRST;22183
ORRSY;28811,28871,28884,38313,38750,38798,38928,39284,39348
ORRTY;23518,28855,33457,33697,34401,34575,34619,34659,36433,37626,38798,39348
ORRWY;31495,34386,38798
ORSST;
ORSSU;
ORSTT;28831,39324
ORSTU;
ORSTW;21342,28690,28699,38766,38797,38798,39147,39179,39302
ORSTY;
ORSUV;34791,37701,37717,39323
ORSUY;6242,22192,28782,33925,37456,38951,39250
ORSVW;
ORTTU;12125
ORTUY;39023
ORUVW;31797
OSSST;28562,28642,28877,32199,39078,39100,39174,39275
OSSTT;25255,26626,28094
OSSTU;37983
OSSTW;5335,24112,31903
OSSTY;5335,12597,15338,15346,20747,21695,22821,27406,27830,28589,28686,28688,32806,34405,37712,38023,38976,39124,39126,39127,39256,39274,39341
OSTTT;22184,28559,38924,38985,38987,39133,39285
OSTTU;
OSTTW;2859,5320,12126,19530,32143,33728,36495,38796
OSTTY;28515,31369,32200,36338,38840,38895,38928,39017
OSTUY;31502,31745
OSTWY;18302,19621,21288,21410,34431,38766,38797,38798
OSUYZ;19286,19420,21317
OTTTY;7783,21281,39081,39351
OTUYZ;28778
OTWYZ;
PPPUY;32165,36878,38820
PPRUY;24555,28798,33751,33752
PPSTY;5326,25605,33625,37084,37357,37543,37686,39241
PPSUU;19627,28097,32309,37563,39195,39276
PPUYY;
PRRSU;12476,20604,32308,38022,39276,39318
PRSSU;24723
PRSTU;581,582
PRSTY;
PRSUU;12476,21441,21448,32327
PRSUY;33752
PRTUY;16643,19473,19628,21858,28876,30423,31728,34600,36448,39351
PSSUY;3613,3657,15432,38023,39227,39251
PSTTU;2904,5298,19894,21373,21376,24020,37567,38985
PTTUY;37567,39351
RRSTU;8187,8188,19866,21261,21284,21287,21428,21434,21448,21449,22183,25868,38022,39106
RRSUU;12476,20558,21434,21448,24078,24115,25868,28812,38566,39276,39352
RSSTU;
RSTTU;24104,28752,38479
RSTTY;15178,39324
RSTUW;22842,23719,23740,23787,24104,31810,32316,37408,37664,38785,38798,38894,39302
RSTUY;
RSUUY;8163,12548,12570,15386,21340,21416,21432,21465,22721,23773,24536,28749,31748,37456,39208,39321
RTTUY;8128,20958,22799,32020,32223,37394
SSSUU;15350,25869,37457,39228,39338
SSTXY;3616
SSUWY;2528,24097
STTUU;17941,19074,19162,19556,19865,20522,20561,21376,21433,24736,28100,37416,37698,38114,38793
SUUYZ;
TTTUY;21457,39351
TTUVY;
