AAAARR;51
AAAATT;31,46
AAABCL;65,70,72,78
AAABCN;
AAABCS;66,67,75,81
AAABDG;88
AAABDH;92
AAABDJ;
AAABIS;7,56,58,66,81,96,99,115,142,143
AAABKK;
AAABKL;71
AAABKS;62,82
AAABKY;5
AAABLQ;
AAABLR;65,70,72,73,78,92,126,141,143
AAABLT;70,94,113,126,141
AAABNN;
AAABNS;58,96,115,117,122,142,144,145,146,149
AAABRS;58,67,77,91,101,102,112,143
AAABRT;4,70,73,87,126,138,141,150
AAABRZ;92
AAABSY;8,112,122,143
AAABTT;
AAACCI;152,155,165,175,180,182
AAACDG;197,198
AAACDN;187,196
AAACJN;
AAACLP;215,241
AAACMR;14,186,239,298
AAACNR;211
AAACPT;165,174,181
AAACSV;62,156,166,218
AAADGG;315,316,317
AAADHM;
AAADMR;14,100,194,205,208,314,326,343
AAADNN;27,195,200,303,325
AAADNP;323,334,351,356,360
AAAEGP;29,215,382,387,400
AAAEKT;71,436
AAAELZ;92,123,418
AAAFRS;311,466
AAAGIP;241,387,388,485
AAAGLR;198,215,315,338,339,340,385,387,483,489
AAAGMS;36,311,494
AAAGNN;210,250,465,471,474,487
AAAHIT;476,478,511,516
AAAHKR;138
AAAHLL;
AAAHLW;
AAAHMR;138,411,504
AAAHNV;
AAAILL;175,243,244,245,275,276,278,338,339,354,472,530,540,542,543
AAAILR;339,358,387,506
AAAIMN;477,487,540
AAAITW;534
AAAITX;488,546,553
AAAJKT;
AAAJMP;
AAAJMT;
AAAJMU;
AAAKKN;
AAAKKR;153
AAAKLM;
AAAKLS;19,204,416
AAAKMR;138,436
AAAKMS;172
AAAKNT;
AAAKPT;
AAALMP;571
AAALMS;8,115,121,263,545
AAALPP;105,358,387,423,506
AAALPS;306,390,440,449,453,496
AAAMNN;303,487,540
AAAMNP;477
AAAMNR;48,100,194,208,239,292,295,326,333,431,443
AAAMNS;48,146,157,371
AAAMNT;32,441,522
AAAMNW;548
AAAMRS;50
AAAMRT;14,205,246,564
AAAMTT;31,298,359,408,410,411,436,444,457,522,564,577
AAANNS;434,464,533,550
AAANNZ;527,540
AAANRT;126,525
AAANRU;100,365,448
AAANSS;213,227,282,290,300,364,470,517,573
AAANST;99
AAANTT;31,116,359,360,414,425,522,530,553
AAAPPY;
AAAPTZ;118,418
AAARST;34,163,479
AAARTV;297,399,543,564
AAASTT;
AAASYY;
AABBBO;
AABBCO;55
AABBCU;
AABBCY;605
AABBDS;607,611,613,614,622
AABBGS;635
AABBHL;625
AABBKS;602,615,616,628,629,647
AABBLL;632,657,665
AABBLO;639,659
AABBLR;593,598,609,654
AABBST;596,629,647
AABBSY;605
AABCCE;670
AABCCS;62,583,667,668,691,692,694,701,702,704
AABCEO;594,710,843,863,878,880,885,886,922
AABCHM;848,861,949
AABCHS;691,692,768,771,853,854,865,866,868,950,958
AABCIM;812,949,998,999
AABCIR;593,599,888,973,987,995,997,998,999
AABCKR;766,1007
AABCLS;602,691,702,787,788,883,946,993
AABCLU;684,693,705,706,724,766,843,863,888,942,946,961,964,967,993
AABCMN;844,861,948
AABCMT;63,594,878,920,987,998,1015
AABCRS;67,583,691,753,787,788,791,866,868,958,1002
AABCSU;67,81,690,757,866,935,946,1002
AABCUU;920,936
AABDER;92,585,620,719
AABDES;671,711,744,756,1077
AABDET;613,614,1080,1084,1099,1103,1124,1127,1129,1130
AABDEU;706,724,728,761,1099,1127
AABDGO;1084,1165
AABDHI;726,1099
AABDHS;768
AABDIN;
AABDIR;1175,1180
AABDIT;613,614,1092,1099,1127,1128,1129,1130,1185
AABDLL;1051
AABDLM;747,1040,1051,1119
AABDLS;711,727,744,1131,1158,1189
AABDMN;
AABDNR;
AABDNS;
AABDOR;606,769,770,772,1065,1152
AABDRR;100,1184
AABDRT;725,726,770,772,790,1080,1124,1127
AABDRY;714
AABDSS;98,101,618,623,754,777,780,789,1050,1107,1172,1176,1181,1195
AABEEM;88,795,796,811,812
AABEFN;1080,1291,1292,1295,1301
AABEGM;104,844,1314
AABEGS;91,1304,1313
AABEGT;840,1084,1303,1306,1319,1320,1321
AABEIK;
AABEIL;803,832,888,1118,1206,1231,1235,1283,1382,1403,1405
AABEKT;910,1223,1244,1373
AABELM;88,795,1040
AABELR;92,888,1206,1239,1405,1431
AABELT;
AABELZ;92,121,123,886,887,1118,1231,1245,1346,1382,1403,1410
AABEMN;
AABEMO;594,878,1040,1042
AABEMS;1480
AABEMT;4,1480
AABERS;
AABERT;4,1306
AABERU;633,650,888,1069,1138,1263,1299,1312,1398,1405,1412,1469
AABERZ;92
AABESS;682,760,893,1151,1479
AABEST;596,831,1342
AABETU;852,871,1348
AABETZ;118,886,1124,1410
AABGGR;654,1492,1493
AABGGS;1035,1162,1304,1491
AABGIM;109,1087,1512
AABGIN;129,944,1499
AABGIR;1324,1512
AABGKT;765
AABGMN;104,844,948,1087,1314
AABGMS;
AABGOZ;1315
AABGRT;840,1321,1493,1512,1515,1517,1525
AABGSS;1519
AABHIJ;
AABHIS;854,951,958,1169,1530,1531,1543,1548
AABHJN;
AABHKS;1549
AABHKT;138,856,1223
AABHLR;92,769,839,861,960,961,1338,1537
AABHMR;138,770,949,1541
AABHMS;1532,1543
AABHNV;
AABHNW;1171
AABHSS;139,1050,1552
AABHSW;810,1104,1352,1554
AABILL;939,943,966,980,982,1051,1118,1283,1383,1536,1581
AABILM;1051
AABILU;638,657,888,967,987,1112,1174,1358,1378,1405,1410,1510,1586,1589,1603
AABILX;
AABIMR;812,949,985,987,998,1284,1355,1388,1512,1541,1604
AABINN;93,894,1303,1319,1320,1321,1373,1392,1492,1501,1504,1514,1533,1562,1606
AABINQ;1571
AABINR;1564,1571
AABINS;814
AABINW;1419,1514
AABINZ;118
AABIRR;698,945,996,1184,1206,1235,1405,1415,1419,1424,1426,1572,1608
AABIRS;583,689,951,958,1548
AABIRZ;1541
AABISS;660,893,1519
AABIST;66,81,854,1003
AABISW;1588
AABISZ;854,887,1543
AABJNS;581,1173,1577
AABJNX;
AABJRS;902,1173,1368
AABKMT;138,1432
AABKNN;1373
AABKNR;698,945
AABKNS;62,1549
AABKRS;1190,1612
AABKSU;690
AABLLN;1013
AABLLO;773,1013,1051,1550,1559,1583
AABLLR;83
AABLLT;665,804,1383,1536
AABLMR;795,861,1007,1239,1240,1355,1388,1431,1432
AABLMS;3,1004
AABLNS;3,60,85,1520,1549,1621
AABLOR;769,942,960,1007,1158,1338,1623
AABLOV;863,1216,1338,1379,1623
AABLRZ;92,1231,1382,1403,1410
AABLSS;98,1181,1195,1485,1587
AABLST;
AABLTU;63,657,1192,1486
AABMMS;776,1297,1590
AABMNR;1604
AABMNS;3,1532
AABMNT;1385,1387,1440
AABMNY;664,1580
AABMOS;1612
AABMOY;962,1512,1620
AABMPS;144,783,1004,1009,1389,1532,1593,1594
AABMRS;603,753,902,1009,1147,1478,1612
AABMRY;1431,1432,1455,1512,1620
AABMSS;1413,1568
AABMST;1147
AABNNY;894,981,1192,1582,1606
AABNOR;942,960,1301,1412,1415,1417,1493,1515,1576,1604,1606
AABNSS;893,898,1237,1362,1591
AABNST;82,1621
AABNSU;6,917,921,1170,1179,1260,1334,1343,1452,1511,1520,1523,1549,1621
AABNSW;1261,1463,1465,1523
AABNSY;122,1001,1396,1463,1509,1549,1565
AABNYY;
AABORR;606,1152,1171,1197,1610,1622
AABORS;691,1017,1329
AABORT;
AABORZ;1403
AABOSU;102,662,1002,1188,1349,1454,1489,1554,1611,1615,1624
AABRRS;58,583,1339,1418,1548,1563
AABRRT;867,910,1196,1572,1622
AABRSS;135,151,666,1050,1172,1535
AABRST;
AABRSV;91,931,1222,1540,1548,1574
AABRSY;112,605,704,868,951,958,1001,1455,1459,1463,1617
AABRSZ;
AABRTY;1306,1512,1606
AABSSU;
AABSTT;1280,1626
AABTTU;1554
AABTTW;1434
AABZZZ;
AACCDI;1675,1676
AACCDU;1649,1658,1665
AACCEL;164,167,1634,1667,1762
AACCHK;1804
AACCHM;
AACCHN;1720,1808
AACCIL;175,1644,1672,1674,1676,1677,1681,1736,1824
AACCIM;1730
AACCIN;175,696,698,700,1635,1641,1680,1685,1738,1739,1746,1775,1780,1781,1811
AACCKR;
AACCLO;693,1673,1857
AACCLP;
AACCLR;1672,1674,1677,1687,1824
AACCMO;180,186,1669,1730,1822,1863,1864
AACCNN;1685,1738,1739,1856,1862,1865
AACCOS;168,692,1640,1662,1698,1741
AACCRT;1687,1697,1701,1852,1853,1864
AACCSY;704,1670,1771,1847,1854,1860,1861,1868
AACDDU;706,712,1902
AACDEF;725,1913,1956,1957,1961
AACDEI;1885,1962,2061
AACDEL;717,1933
AACDER;585,1671,1915,1950,1961,2066,2092,2103
AACDEU;706,728,746,749,1649,1929,1954,1957,1963,1966,2033,2035,2040,2058,2072,2084,2105
AACDFR;1913,1956,1960,1961
AACDGI;198,764,765,1672,1673,1968,1969,2119,2122,2123,2125
AACDHR;772,2114,2115,2116
AACDHS;727,768,1679,1884,1991,2137
AACDHT;770,772,2116
AACDIR;2114,2131
AACDLU;706,728,746,748,749,766,1665,1668,1972,2033,2035,2072,2084,2086,2088,2089,2187,2188
AACDMP;1911,1968,2038
AACDNR;790,1632
AACEFI;832,1957,2327
AACEFL;832,835,2315
AACEFR;1701,1913,1957,1960,2316,2332
AACEGH;215,676,802,839,2346,2350
AACEHP;2350,2440,2460
AACEHR;676,859,868,2350,2472,2473,2483
AACEHT;1720
AACEIL;164,593,803,832,874,876,883,885,886,887,888,1634,1737,2362,2372,2407,2514,2519,2549,2591
AACEJR;2066,2472,2658,2661
AACELN;
AACELP;
AACELS;1699,2409
AACELT;2082
AACEMO;1669,1730,2017,2235,2254,2350,2388,2442,2443,2498,2524,2562,2664,2679,2716
AACEMR;2316,2378,2397,2482,2496
AACENN;161,195,210,235,844,1646,1670,1711,1887,1969,2049,2095,2300,2363,2398,2399,2439,2449,2480,2527,2728,2730,2731
AACENP;1633,1638,1743,2380,2732
AACENR;211,595,908,2336,2694,2732
AACENT;852,1635
AACERS;868,909
AACERT;1636,1701,1960,2082,2332,2338,2666
AACEST;596
AACESU;168,757,1648,1741,2005,2058,2295,2302,2337,2341,2446,2728
AACETU;214,871,2622
AACETV;1729
AACETX;799,2383,2430,2551,2636,2739
AACFIL;2750,2758,2761,2778
AACFIS;1771,2112,2753,2768
AACFLO;837,942,1959,1960,2315,2318,2332,2788,2789
AACFLU;
AACFNT;2789
AACFRS;1771,1773,1774,2753,2756,2777,2790
AACFRX;
AACGGM;2791,2798
AACGHN;2802,2806
AACGIM;249,2359,2378,2791,2830,2839,2840,2860,2861,2863
AACGIN;249,250,944,945,1705,1780,1965,2345,2746,2791,2803,2806,2810,2861,2866
AACGIR;198,945,1672,1775,1776,1780,2122,2362,2372,2804,2839,2840,2860,2866,2867,2870
AACGIU;2374
AACGLY;839,944,2388,2806,2847,2848,2874
AACHHL;2226,2410,2888
AACHKN;
AACHKP;1900
AACHKR;676,2472,2477,2483
AACHKW;1804,1900,2477,2482
AACHLL;1804,2138
AACHLN;801,861,2236,2905
AACHLS;19,1679,1699,2913
AACHLT;2952
AACHMN;848,861,1709,2143,2236,2240,2442,2497,2914
AACHMS;2341
AACHMT;1992,2482,2497
AACHNO;767,954,1808,2143,2144,2905,2914,2916,2950
AACHNR;2802
AACHNS;1884,2232
AACHNT;1720,1808,1995,2241,2242,2497,2503
AACHNZ;2802
AACHPS;260,268,950,2820,2891,2962
AACHRS;10,260,266,868,2473,2818,2945
AACHRT;242,2800
AACHSW;692,771,864,2508
AACHSY;268,865,868,950,958,1771,2507,2820,2911,2929,2937,2943,2956,2958,2959
AACHTT;174,242,954
AACHTW;1724,2116,2145,2482,2814,2955,2962
AACIJM;
AACILL;876,966,1681,1827,1901,2148,2514,2556,2963,2968,3024,3025,3026
AACILM;
AACILP;241,832,876,2000,2153,2362,2372,2514,3024,3039
AACILR;593,997,1736,1812,1833,2362,2372,2514,2858,3024,3025,3026,3068
AACIMN;208,2157,2172,2791,2839,3089
AACIMS;12,2359,2614,3097
AACINR;1641,1780
AACINS;814,2760,2768,2824,2907,2993
AACIOT;55,152,284,886,941,957,994,1635,1636,1661,1676,1738,1748,1850,2061,2371,2623,3012,3026,3045,3047,3067,3101,3103
AACIPR;973,2121,2153,2362,2380,2514,2775,2856,3024,3025,3128
AACIPS;697,1821,2160,2359,2526,2768,2993,3085
AACIPT;2526
AACIRV;2998,3026
AACISS;18,3132
AACIST;17,66,199,2772,2822
AACITV;1803,2061,2265,2648
AACITX;2383,2430,2551,2636,2972
AACJKL;2837
AACJLS;3134,3135
AACJOU;2181,3012
AACKLP;
AACKPZ;
AACKRR;2219,2269,2477,2663
AACKRW;2482,2664,2873
AACKSY;704,2386,2659,3016
AACKTT;71
AACLLN;1013
AACLLS;602,787,1004
AACLLU;83,684,705,843,967,1804,2556,3141
AACLMT;63,246,1015,1992,2206,2973,3148
AACLMU;275,1828,2849
AACLNO;264,922,942,1718,2276,2895,3012
AACLNR;24,295,960,2236
AACLNS;2760,2824
AACLNT;
AACLNU;264,1857
AACLOS;1017,2315,2348,2656,2699,3143
AACLOT;264,886,922,1015,3012
AACLOX;
AACLPR;292,2908,3039
AACLPS;3143
AACLPU;
AACLRS;2777,2939,3134
AACLRW;784,2485
AACLSU;
AACLTU;63,264,294,297,1837,1852,1853,2374,2556,2597,2880,3149,3151
AACMNR;194,295,298,861,2157,2158,2236,2240,2316,2377,2378,2397,2496,2566,2568,2610,2680,2828,2990
AACMNS;26,1021,3158
AACMNY;295,1864,2240,2397,2480,2680
AACMOY;962,1864,2388,2716,2840,2874,2946,2954,3020,3033,3084,3086,3093,3148,3156
AACMRT;14,231,246,254,294,298,2378,2397,2444,2448,2496,2568,2687,2973,3089
AACMSS;185,296,1010,1855,2190
AACMSW;2298,2720,2955,3144
AACNNS;756,757,2093,2120,2140,2159,2295,2300,2576,2717,2727,2728,2731,2760,2824,2859,2891,2956,2993,2997,3161
AACNOR;300,595,605,790,908,942,960,1023,1631,1632,1856,1866,1973,2144,2191,2192,2301,2732,2878,3149,3163,3164
AACNPT;1633,1638,1863
AACNRT;790,1864
AACNRY;295,605,1632,1641,1864,2380,2783,2998,3117
AACNST;
AACNSV;62,2302,2504,3008,3112
AACNTT;954,1845,1863,1865,2181,2836,2870,2871,2898,2995,3001,3004,3106,3109,3116
AACNTV;2689,2692,2731
AACPPY;982,2699,3039
AACPRS;260,261,681,785,909,1009,1688,1774,2195,2473,2818,2962
AACPSS;1010,1815,2749,3166
AACRRT;87,284,910,1961,2008,2338,2996,3067,3104,3151
AACRRU;87,182,961,963,996,1858,2694,3099
AACRST;763
AACRSU;589,1002,1904,2165,2179,2997,3010,3134
AACRTV;2808,2871,3026
AACSSV;2085,2190,2310,2313,2484,2654,2660,3132,3154
AADDEL;304,305,306,3192,3210,3216,3245,3247
AADDER;3181,3182,3192,3224
AADDEW;3245
AADDHS;1884,3186,3216,3218,3259
AADDIL;1051,1644,1901,3255,3256
AADDLN;305,1874,3192,3245
AADDOU;1898,1902,3233,3240,3248
AADDRW;
AADDST;1879,3186,3200,3250
AADDSU;712,1879,3195,3203,3249
AADEFL;3394,3405
AADEFR;314,725,1080,1957,1960,1961,3393,3406
AADEGJ;
AADEGL;315,316,320,3411,3431,3434,3456,3460,3466
AADEGM;1963
AADEGN;315,1917,1969,3211,3418,3431,3434,3455,3456,3460
AADEGS;3426,3476
AADEGZ;3417,3431,3434
AADEHK;707,1101,1990,3507
AADEIT;614,1099,1885,1922,2054,2062,3233,3334,3338,3386,3549,3636
AADEKM;3507
AADEKW;1933,3507,3644
AADELS;306,3352,3405,3654,3672
AADELT;1656,3549,3595,3662
AADELV;316,320,2085,3672
AADELY;306,3489
AADEMM;191,3549,3558,3604
AADEMN;3685
AADEMT;319,1119,1992,3481,3507,3540,3549,3687,3688
AADEMZ;3371,3530,3558,3604,3608
AADENT;1084,1647,1660,1922,1948,3297,3310,3334,3520
AADENX;1948,3376
AADEPR;3387,3631
AADEPS;306,3689
AADERS;310,332,3278,3292,3313,3654,3655,3680,3686
AADERT;1671,1961
AADERW;
AADEWW;3644
AADFIR;1080,3387,3709,3710,3711
AADFLW;
AADFMU;314
AADFNR;1080,3393,3403,3710,3711,3716
AADFNT;1080,3393,3395,3400
AADFRS;310,1158,1159,3278,3404,3710,3715
AADFRT;725,1080,1913,1955,1960,1961,3277,3391,3393,3403,3406
AADGGS;1035,1162
AADGHR;
AADGIM;1968
AADGIO;1165,1167,1962,2115,2122,3450,3730,3731,3746
AADGIR;337,2122,3254,3723,3761,3762
AADGJU;3746,3747
AADGMN;
AADGNP;1968,3757
AADGNR;3418,3455,3711
AADGOP;1962,3282
AADGRS;3758
AADGRU;1649,1966,3295,3469,3731
AADGRY;3759,3762,3782
AADHIL;1675,1676,3792
AADHKN;
AADHMM;3301
AADHMR;3301
AADHNR;1171,3177,3219,3274,3482,3493
AADHNS;768,1170,1884,1991,3309,3419,3479,3524,3796,3798
AADHNX;
AADHNY;2144,3520,3797
AADHPR;772,1998,3302,3787
AADHRS;3279,3313,3791,3802
AADHRZ;92
AADHSW;337,2145,3791
AADIKS;199,1110,3316,3548,3791
AADILO;358,1180,1675,1676,2029,2119,2167,3256,3486,3488,3533,3588,3811,3815,3818
AADILR;358,1180
AADILS;2109
AADILU;1112,1174,1178,2033,2035,3553,3556,3570,3571,3577,3579,3582,3714,3753,3757,3761,3762,3821,3844,3854,3860
AADIMN;3326
AADIMR;
AADINR;3254
AADINS;3854
AADINT;3263,3334,3541,3720,3721,3739,3754
AADINV;3532,3541,3543,3545,3721,3739
AADIPP;3551,3591,3630,3636,3757,3869
AADIQS;1179,1929,2179,3553,3621,3624
AADIST;66,199,614,781,1683,2062,2179,3633,3708,3802,3830,3880,3881
AADISZ;348,614,1130,1169,2032,2035,3502,3504,3536,3598,3600,3868
AADKMS;783
AADKNS;615,1110
AADKPU;
AADLLS;336,2109,3349,3352,3553,3653,3654,3749,3813,3814,3838,3840
AADLMP;1911,2074,3663,3713
AADLMW;3245,3642,3657
AADLMY;1992,2020,2167,3563,3564,3660,3888
AADLNO;305,1134,3270,3486,3804,3891
AADLNS;3513,3841
AADLNU;334,365,748,1069,1138,1192,3355,3460,3571,3650,3666,3669,3714,3757
AADLNV;320,3433,3532,3739
AADLOP;358,2074,3533,3663
AADLPR;358,3860
AADLRU;365,3821,3888
AADLSS;349,1195,2107,3887
AADLST;1081,1189,1667,1994,2188,3405,3464,3662,3675
AADLSW;3270,3323,3365,3465,3672,3675,3854
AADMMN;2189
AADMMR;14,1916,3206,3301,3558,3604
AADMMS;363,776
AADMNS;157
AADMOU;3326,3869
AADMPS;3330,3407,3539,3824
AADMRS;1944,2091
AADMRU;100,208,314,1184,1966,2040,2172,3734,3869,3885,3888
AADMRZ;3558,3604
AADMSS;777,789,1185,2185,2190,3807,3870,3871
AADMYY;
AADNNP;3176,3197,3885
AADNNR;195,200,790,1197,1887,2050,2144,3197,3211,3254,3274,3356,3469,3493,3512,3618,3691,3723,3742,3769,3770,3780,3828,3885,3888
AADNPR;3387,3865
AADNPS;2068,3375,3621
AADNRS;
AADNRT;1647,1948,3307,3356,3403
AADNSV;3524
AADNSY;1670,3696
AADOPS;
AADPPY;3696
AADPST;2062,2088,3272,3638,3689,3814,3820,3832
AADPSW;1903,3675
AADPSY;306,3272,3382,3489,3696,3788
AADPYY;
AADRRS;3727,3767,3785
AADRSW;337,3791
AADRTU;2131,3762,3834,3860,3886
AADRTY;2197,3406,3759,3762,3782,3858,3886
AADRVW;
AADSSZ;3371,3598
AAEEGL;29,104,801,1213,1215,1216,2222,3291,3937,3955,3956,3957,3958
AAEEGT;1917,3903,3918,3932,3977
AAEEKK;1933,2267
AAEELP;29,105,106,373,1068,2205,2289,2290,3347,3351,3363,3937,3956,3996,4063
AAEELT;2276,3995,4024,4073
AAEEOZ;
AAEEPR;211,373,1066,1688,3197,3347,3351,3363,3907,3910,3913,3966,3983,3987,3996,4012,4045,4046,4060,4063
AAEERT;626
AAEFFR;
AAEFGN;1287,3918,4128,4137,4143,4144,4145
AAEFGR;1287,4144,4145
AAEFLM;375,377,1291,2318,3901,3924,4145,4160
AAEFLR;837,1206,1701,1960,2332,3277,3393,4144,4145,4159
AAEFLV;
AAEFNR;1080,1295,1301,1957,2329,2336,3393,3403,4137,4144,4145,4154,4159,4167,4168,4177
AAEFNS;377,2333,2336,2337,3201,3404,4134,4154,4162,4163,4174,4178,4180,4181
AAEFNU;1957,2336,3918,4137,4144,4154,4178
AAEFRS;3278,4154,4162,4165,4167,4168
AAEGGL;
AAEGGR;
AAEGGV;
AAEGLM;1215,2388,4255,4328,4338
AAEGLN;320,3936,4128,4143
AAEGLR;215,2388
AAEGLS;1215
AAEGLT;4212,4214
AAEGLV;320,1216,3940,4242,4277
AAEGMN;
AAEGMR;2388
AAEGNN;210,1082,1089,1302,1969,3211,3469,3934,4219,4351
AAEGNT;1084,3918,4143
AAEGOR;382,610,1310,1332,2350,2388,3202,3211,3418,3450,3455,3473,3963,4212,4260,4288
AAEGPR;215,1093,1310,1332,4231
AAEGPS;2349,3284,3293,3957,4228,4289
AAEGPV;4277
AAEGRV;1324,4242,4277,4283
AAEGST;1703,4369
AAEGSV;
AAEGTU;1286,3918,3977,4214
AAEHKP;1990
AAEHKS;
AAEHKT;856,1990,3507
AAEHLM;861,1040,1707,1977,2229,2235,2346,2409,2485,3505,4210
AAEHLT;4384
AAEHMS;160,2341,2409,2422,2446,2487,4000,4191,4209,4210,4216,4228,4431,4456
AAEHMT;3481,3507,4217
AAEHNT;1720,1995,2241,2242,2497,2503,2509,3307,3482,3520,3524,4463
AAEHNY;1720,2240,2480,2496,3520,4219,4223,4378
AAEHPR;215,382,413,806,1310,1340,2440,2460,2473,3483,3498,3907,3983,3987,4012,4411,4423,4443,4457,4470
AAEHPW;4012
AAEILM;4255
AAEILR;164,1206,1231,1235,1284,1355,1409,2247,2407,2514,3981,4159,4397,4521,4565,4600
AAEILV;803,1378,1732,2374,4040,4488,4528
AAEILX;2430,3567,3981,4396,4397,4590,4591
AAEIMN;1087,3184,3326,4386
AAEINT;852,1319,1635,2054,3541,4307,4668
AAEIRS;1637,3938,4162,4477,4502
AAEITV;1729,2265,2374,4040,4673
AAEKLM;2357,3243,3505,4478,4519
AAEKLN;
AAEKLS;1328,1699,2656,2657,4716
AAEKMW;2482,3507
AAEKNN;1373,2480,3345
AAEKNS;3227,4522,4525
AAEKNW;
AAEKRS;2386,4716
AAEKRT;1244,1373,1434,2663,4068,4523
AAEKSW;120,912,1430,2386,3316,3644,4716
AAELLP;383,2323,4333
AAELLU;638,648,684,843,1224,1375,1436,1732,2542,2549,2556,2672,3456,3553,3556,4024,4144,4178,4255,4262,4377,4541
AAELMR;385,443,1239,1240,1253,1355,1450,4030,4032,4328,4338,4742,4764,4765,4766
AAELMT;4766
AAELNN;1134,1436,3666,4767
AAELNP;1068
AAELNT;126,4143
AAELOR;3642,3647,3673,4341,4443,4741,4742,4754
AAELPP;
AAELPR;373,435,4244,4288,4521
AAELPS;306
AAELPT;
AAELRT;1701,2332,2661,2687,4608,4766,4768
AAELRU;448,450,453,633,650,1253,1260,1263,1455,2672,2687,2694,2696,4335,4735,4755,4760,4766,4767,4768,4771,4778,4784,4786
AAELRV;1202,3672
AAELST;4130
AAELSV;156,2669,3672
AAELTV;320,3995
AAELTZ;418,886,2371,2437,2519,4799
AAEMMM;
AAEMNP;3956,3998,4386
AAEMNS;4000,4734,4761
AAEMNT;2497
AAEMNX;1232
AAEMRS;3278,3686,3938,4030,4162,4456,4484,4502,4762,4763
AAEMRT;1432
AAEMSS;4729,4744,4818
AAEMST;2526,2614,4103,4300,4667
AAEMSZ;121,460,3371,3615,3684,4102,4103,4487,4555,4569,4630,4761,4763,4818
AAENNZ;2730,3666,4307
AAENOP;2502,2732,3520,3617,3998,4044,4386,4633,4680
AAENOZ;2679,2730,4307
AAENPS;3293,3375
AAENPV;1743,2732,3543,4045,4277
AAENRS;378,595,615,619,908,1149,1339,1374,1418,1421,4154,4162,4477,4502
AAENST;4009
AAENSU;168,405,917,921,1260,1343,1452,1741,2295,2302,2337,2446,2459,2677,2728,2737,2738,4134,4154,4163,4178,4605,4761,4785,4786,4837,4838
AAENSW;1261,1421,2456,2670
AAEORT;1636,1661,1701,1913,1960,2332,2503,2661,2666,3673,4260,4443,4608,4701,4841
AAEOSZ;925,4763,4795,4818
AAEPPR;1152,2218,4506
AAEPRR;435,445,1468,2674,4012,4086,4188,4803,4840,4844
AAEPRS;
AAEPRT;4840
AAEPRZ;1403,4244,4288
AAEPTT;410,4188,4457
AAEPTW;
AAERRR;741,3587,3945,4842
AAERRS;226,236,1339,1418,1753,1763,2552,2640,4174,4814
AAERRT;399,445,1306,2338,3391,3677,3705,3977,4335
AAERRW;435,2477,4012,4018,4060,4758,4814,4852
AAERST;
AAERSY;112,1408,2738,3972,4094,4117,4374,4716,4817,4853
AAERTT;3673,4457,4727,4752,4823
AAERTU;4172,4214,4335
AAERWX;
AAERWY;1463,4565
AAESTV;3923,4121
AAESWY;745,4426,4716
AAFFIM;1284,2316,4856
AAFFIR;4856
AAFFIT;1484
AAFFJS;
AAFFLR;1079,1157,1284
AAFFPR;
AAFFRY;1157
AAFFRZ;
AAFGHN;
AAFGIN;465,1486,2746,2750,2751,3711,3918,4128,4856,4857,4863,4864,4866,4870,4871
AAFGNR;1287,3711,4144,4856,4857,4864
AAFGNS;1770,4871
AAFHLS;1158,1699,2755
AAFHMT;1288
AAFHRS;1158,1771,2108,2755,2756,3278,3279,3923
AAFHTW;
AAFIJT;
AAFIKL;3394
AAFIKS;
AAFIMS;2753,4162,4163,4885,4892,4893
AAFINR;1080,2316,2329,2773,2783,3711,4856,4864,4870,4886
AAFINT;1080,3918,4886
AAFIRS;466,1771,2112,2777,4156,4892,4893
AAFIST;336,4869
AAFKNS;4174
AAFKNT;
AAFLLL;
AAFLNS;2319,2333,2752,2760,3389,3715,4134,4174,4178,4180,4181
AAFLNU;375,1486,2789,3714,4160,4178
AAFLOT;837,1488,1701,1960,4176
AAFLSV;2759,2777
AAFLTU;1486,3714,4866
AAFNSU;376,2336,2337,2768,2790,4134,4154,4163,4178
AAFOST;312,1489,2113,2321,2767,2774,2776,2782,2784,3405,4182,4860,4867,4876,4878,4889,4895,4896
AAFRSY;1771,3715
AAFSTW;3409,4185,4896
AAGGKU;
AAGGLO;240,472,2795,3725
AAGGMN;379,2791,3934,4910,4925
AAGGNZ;4903
AAGGQU;
AAGGRS;469
AAGGRT;1493,4915,4919
AAGGSW;469,4914
AAGHIN;477,1965,2345,2801,2802,2803,2806,2810,4211,4215,4926,4931
AAGHJN;
AAGHKN;
AAGHLS;2347,2814,3935,4209,4226,4927,4934
AAGHLZ;
AAGHMR;2350,2813,2816,3734,4227,4949
AAGHMS;2341,2349,2815,3283,4191,4209,4210,4228,4927,4940
AAGHNR;480,2214,2215,2802,3734,4231
AAGHNS;3284,3423,4191,4228,4951
AAGHNU;481,1086,4898
AAGHRR;476,2215,4217
AAGHST;1703,2201,2812,2814,2817,4225,4226,4236,4938,4955
AAGIKN;471,944,945,1780,2357,2358,2837,3427,3748,4250,4967,5008
AAGILN;4965,4973
AAGILO;241,2122,3256,4265,4288,4936
AAGILP;241,387,2122,2372,4244,4288
AAGILR;198,489,1672,2122
AAGILS;484
AAGILV;489,2374,2808
AAGIMN;109,485,2357,2791,3939,4856,4910,4926,4931,5008,5012
AAGIMS;494,2343,2359,2843,2851,2862,2863,3938,4300,4927,4940,4941,4976,5053,5065,5066
AAGINN;250,465,471,1320,1492,1969,2379,2746,2831,2864,3254,3444,3742,3770,4864,4903,4917,4959,4961,4963,5070
AAGINR;1775,1780,2866,3254,4857,4864,4917,4959,4967,4991,5012
AAGINS;470,1965,4192
AAGINT;3918,4866
AAGINU;465,1486,1507,1510,3757,3918,4278,4866,4897,4909,4910,4931,5035,5056,5060
AAGINV;250,1167,4959,4961
AAGIOS;2811,4190,4300,4940,5065
AAGIPR;485,2122,2832,2834,2856,2866,4857,4864,4917,4991,5004,5070,5084
AAGIRS;494,3727,3938,5054,5065
AAGIRW;5012
AAGIRY;1512,1776,1777,2840,2847,3759,3762,3774,4937,5012,5038,5048
AAGISS;2865,3733,3735,4916,4929,4939,5034,5052
AAGIST;17,479,494,2822,2862,3761,4869,4938,4988,5053,5065,5066
AAGJNR;1780,3746,3747
AAGJNS;4962
AAGJRS;3727,3938
AAGJRU;3746,3747
AAGJSU;
AAGKLY;944,5005,5007,5008
AAGKNS;4327,4329,4923
AAGLLN;339,340,1498,3428,4965
AAGLLP;4334,4972,5091
AAGLMM;
AAGLMN;2849,4931,5008
AAGLNO;3936,3956,3958,4221,4340,5091
AAGLNR;
AAGLNS;
AAGLNT;488,4866,4900,4909,5045,5102
AAGLNU;1486,1510,2838,2849,2852,3757,4866,4897,4909,4931,5035
AAGLRS;1522,3776,4946
AAGLRT;1495,2878,2880,3277,3954,4335,5102,5103
AAGLST;17,2822,5097
AAGLSY;1509,3738,3756,3776,5023,5093,5097,5098,5099
AAGLSZ;4274,4285,4981,5016,5100
AAGLXY;393,4947
AAGMMN;492,948,3934,3959,4215,4910
AAGMMR;1916,3206,4949
AAGMMS;2815
AAGMMT;3902,3959
AAGMNR;2828,4856,4925,5012
AAGMNS;
AAGMNZ;
AAGMPR;2816,4949,5096
AAGMRS;494,2843,3938
AAGMRY;1512,2388,2397,2840,5012
AAGMSY;2815,4191,5093,5097
AAGNNO;1089,1165,2398,3211,3958,4917
AAGNNS;3257,4923
AAGNNW;
AAGNOR;1167,1493,1515,1775,2833,3202,3211,3418,3746,3963,4925
AAGNOT;1515,1917,3744,3936,4221,4340,4341,4953,5091
AAGNPR;2834,3966,4140,4231,4277,4857,4864,5004,5070,5084
AAGNPS;481,2349,4228,4901,4951,4962
AAGNRR;4925
AAGNRS;
AAGNRY;1521,2397,3972,5012,5038
AAGNSS;470,1974,2865,3906,3962,3973,4192
AAGNST;
AAGNSU;6,1523
AAGNTU;1486,1507,1510,3918,4866,4909,5035,5042,5045,5056,5060
AAGNUY;1508,1521,2222,4910
AAGNWY;4926,5005,5012
AAGORS;490,496,1497,1522,1524,2811,2819,3758,4876,4946,5020,5021,5051,5113,5114
AAGOTU;478,1525,2880,5035,5056
AAGPPR;387,480,1332,2218,2372,4231,4857,5084,5112
AAGRRY;1306,1495,4234
AAGRST;34,479,494,2817,2862,2863,2882,3781,3785,4878,4955,5053,5054,5065,5066,5067,5113
AAGRSZ;4201,4315,4921
AAGRUV;
AAGRVY;
AAGSST;842,2404,3285,5052
AAGSUV;5083
AAHHJJ;
AAHHLL;4376,4377
AAHHLV;
AAHHMZ;1527
AAHHNT;
AAHHPT;950,2799,2800,5121
AAHIIK;2893,5116
AAHIKM;
AAHIKP;
AAHIKR;
AAHILT;476,1337,1537,3981,4214,4384,4393,4400,4937,5136
AAHILY;952,1308,1536,1537,1677,1791,2419,2901,2905,2908,2909,4937,5123
AAHIMS;510,1540,1543,3985,4415,4940,4941
AAHINT;511,3482,5145,5153
AAHINW;1711,2920,4926
AAHIOT;478,511,954,957,1534,1537,1547,1676,1796,4393,4937,5121,5138,5145,5153
AAHIPR;506,1340,3787,3983,5152
AAHIRR;476,516,957,2407,2465,4217,5125
AAHIRS;337,469,1169,1309,1531
AAHIRV;1338
AAHITW;3303,3795
AAHJKT;2893
AAHJLS;
AAHJNR;
AAHJRR;5164
AAHJRS;260,2473,4426
AAHKKT;171
AAHKLS;19,1699,2137,2409,2475,3935
AAHKLT;856
AAHKLY;
AAHKMS;172,2409,2474,2479,2481,2939,2940,5168
AAHKNT;
AAHKNU;
AAHKPS;39
AAHKPU;5164,5169
AAHKSS;505,2754,3299,4390
AAHKSY;
AAHLLL;3804,5170
AAHLLN;1224,3804,4430,5170
AAHLLO;2138,3792,3804,4430,5131,5170
AAHLLP;2323
AAHLLS;1307
AAHLLW;1804,3992,5170
AAHLMM;2485,5172
AAHLMS;3510,4431,5171
AAHLMT;5172,5174
AAHLMU;2229,2346,4931
AAHLNS;509,1343,1549,3510,3513,3728,4434,5165,5166,5173,5177
AAHLOS;1158,1344,1530,1679,2475,2490,3486,4379,4399,4434,4437,4441,4442,5129,5143,5165,5166,5175,5177,5178
AAHLPS;1530,1552,3728,4927
AAHLRS;2140,2913
AAHLRT;476,952,1537,2807,2808,2952,4937,5136,5174
AAHLST;509,518,5177
AAHLSV;218,2913
AAHLSW;2814,3935,3994,5166
AAHMMM;4949
AAHMNR;4227,4405,4879,5174
AAHMNS;4000,4191,4228,4431,4434
AAHMNT;511,2497,3734,3789,5145,5174
AAHMOS;1794,1806,2481,2815,4006,4228,4410,4434,4940,5130,5167,5168,5171,5175
AAHMPR;949,2423,2440,3983,4405,5164
AAHMPY;3983,4409,5171,5172,5175
AAHMRS;2940,2955,4153,5135,5167,5168
AAHMSS;
AAHMST;1540,1553,5135,5167
AAHMSU;256,512,1553,2341,2351,2446,4004,4415,5168
AAHMSW;2955,3994
AAHMSZ;28,348
AAHMTZ;1527,1541,1544
AAHNNT;161,511,1348,1533,2241,4385,5184
AAHNPS;481,2891,4951,5182
AAHNSS;517,3220,3261,3524,3805,4010,4420,4427,4429,4463
AAHNST;3524
AAHNSZ;3497,4011,4951,5185
AAHNTW;4002,4451
AAHNUW;
AAHNZZ;
AAHORS;260,859,1158,1169,1311,1497,1678,1986,2134,2473,2481,2510,2811,2892,2918,3498,3499,3525,3790,4233,4399,4441,4946,5129,5167,5190
AAHOTW;4451,5169
AAHPPR;412,480,506,514,525,4231,5152
AAHPRY;525,1777,1778,2492,2511,2800,2908,2909,2928,2935,3983,4012,4380,4405,4956
AAHPSS;1528,1552,2512,3907,3987,3996,4008,4013,4014,4015,4422,4423,4424,4470,4880,4939,5128,5134,5162,5163
AAHPTY;525,865,950,2492,2511,2800,2820,2935,2937,3520,4380,4425,4469,4953,5172,5175,5180
AAHRSS;1350,3907,4014,4230
AAHRST;1553,3221,3526,3527,4457,5191
AAHRSY;958,1771,3260
AAHSST;253,259,401,505,1725,2145,2471,2509,2754,2812,2814,3220,3261,3285,3312,3509,3524,3805,4010,4402,4463
AAHSSW;3528,4014,4015,4016,4413,4420,4467,5158
AAHSSY;20,271,1552,5162,5163
AAHSTV;1543,1803,2504,3524,3923,4453
AAHSTW;771,2814,2944,3221,3516,3527,3994,4226,4236
AAIIKK;
AAIIKW;5116
AAIIKZ;4480,4965
AAIILS;466,484,528,1360,1361,1530,1560,1563,1643,1726,1787,1812,2109,2156,2517,2523,2759,2760,2793,2822,2967,2977,2979,2981,3788,3812,3822,4130,4155,4156,4157,4158,4209,4240,4245,4475,4479,4482,4490,4881,4927,5196,5203,5206,5216,5217,5219,5220,5222,5223
AAIJKR;599,1780
AAIJNR;1557,1576,1780,3746,3747,3834,5195
AAIJNT;1576,2838,2893,3012,3834,5195
AAIJRW;
AAIJSV;
AAIKKS;42,402,507,508,697,1821,5263,5264,5265
AAIKLL;3394
AAIKLM;2357,3014,4478,4519,5008
AAIKLN;944,5005
AAIKLS;5196
AAIKNO;3748,3811,4022,5266
AAIKNR;471,698,945,1373,1780,2360
AAIKNT;1373,4022,4523,5197,5266
AAIKRS;5264
AAIKRT;538,1373,4519,4523
AAIKRU;538
AAIKSS;505,1526,2965,3548,4516,5267,5268
AAIKST;199,402,508,3548
AAILLP;541,875,2514,2963,2968,3015,3024,3814,4534,4545,4972,5201,5279
AAILLX;
AAILMN;5008
AAILMP;980,1376,1581,2423,2424,3039,3713,4534,4559,4887,4931,5008,5307
AAILMS;484
AAILMU;985,1828,2516,2564,5199
AAILNN;540,2151,2905,2966,3048,3049,5279,5316
AAILNR;46,4397,4598,4600,5131,5316
AAILNS;1832,2907,3228,5288
AAILNT;46,4900,4909,5045
AAILNY;659,981,1582,1586,1791,2548,2905,5202
AAILPR;358,387,1180,1235,1403,1736,2362,2372,3024,4288,4933,5307
AAILPS;1530,5293
AAILQU;1405,3553,3821,4024,4608
AAILRS;1773,4881,5340
AAILRT;1290,1410,1537,1600,3981,4397,4601,4608
AAILSS;18,179,2763,2987,3080,4881,4939,5225,5289,5348
AAILSV;3043
AAILSY;1593,1594,3019,4625,5023,5228,5293,5294,5308
AAILTV;4040,4488
AAIMMS;12,2896,4162,4892,5010,5053,5054,5353,5355
AAIMMX;5230
AAIMNR;431,485,2316,2828,4856,4879,4991
AAIMNS;
AAIMNT;
AAIMNV;3609,4297,5239
AAIMRR;489,529,2111,2766,3093
AAIMRT;564,1512,1541,4915
AAIMST;420,2526,2614,2851,5206,5308
AAIMSU;256,2446,4163
AAIMSZ;348,557,559,1543,3868,4487,4555,4569,4630,4993,5238
AAIMTT;564,1119,1544,1561,3234,4640,4658,5060,5063,5239
AAIMTU;1507,1592,2516,2564,2849,3032,3606,4658,5056,5199,5362
AAINNT;434,1320,1373,1393,1503,1504,1533,1606,3332,3541,4308,4674,5070,5244
AAINOP;4044,4309,4633,4680,4917,4991,4994,5233,5245,5365,5382
AAINOT;1493,1515,1517,1534,1576,1606,1635,1738,3101,3103,4859,4919,5244,5382,5387,5388
AAINOX;2636,3084,4859,5230
AAINPP;2864,3757,4857,4984,5084,5253,5382
AAINPR;3865,4140,4864,4917,4991,5004,5070,5084,5236,5382
AAINPS;2768,3745,4901,4962
AAINPT;4902,4994,4997,5004,5070,5084,5245,5382
AAINRS;4597,5380
AAINRT;46,4397,5382
AAINRU;22,208,1571,1576,1641,2040,2609,2781,3089,3834,3878,4886,5236,5369
AAINST;5252
AAINSV;
AAINTT;46,289,360,1845,2871,3109,5082,5084
AAINTV;3541,3543,3545,4673
AAINTW;5393
AAIOPR;382,955,1180,1340,1403,2115,3024,3450,3533,3631,3730,3731,3787,3869,4288,4917,4991,5152,5307,5343
AAIORR;284,941,957,994,1424,1608,2111,2766,3071,3093,3450,3730,4321,4609,4610
AAIORZ;285
AAIPPR;387,506,514,4421,4857,5084,5152,5253,5307,5382
AAIPRT;3865,5070,5236
AAIPRY;1777,2928,3865,3983,4405,4421
AAIPSS;1389,1528,1575,1594,3843,4702,4703,4890,4929,4939,5022,5128,5134,5162,5163,5225,5310,5398
AAIPTY;539,1603,3593,3833,3865,4290,4421,5227
AAIPZZ;
AAIRRY;534,2162,2935,3093,3576,5399
AAIRST;
AAIRSV;331,4659,4705,5265
AAIRTY;534,1512,1537,1606,2783,3117,3759,3858,4290,4421,4549,4550,4551,4564,4937,5227
AAIRUW;
AAIRVY;2557,2998,3858,3881,4551
AAIRWY;534,5012
AAIRZZ;
AAISSS;627,636,645,661,663,1519,1542,1546,3258,3801,3884,3989,4169,4667,4702,4709,4711,4714,4874,4922,5013,5088,5146,5260,5261,5262
AAISST;4516,4702,5348
AAISTW;5393
AAITUY;1536,3023,3049,3117
AAJJMR;
AAJKNS;229,1752,2655
AAJLPS;
AAJMNP;3885
AAJMPY;
AAJNNO;
AAJNNS;4962
AAJNOW;
AAJNOY;
AAJNPR;3885
AAJNPS;229,2655,4962
AAJNSW;
AAJNSZ;
AAJQQS;
AAJRST;3135,4718
AAJRSV;
AAJRSW;4060,4426,4716
AAKKLP;
AAKKMR;904
AAKKNU;
AAKKOP;
AAKKPU;
AAKKSY;
AAKLMS;783,1004,2939,5403
AAKLOS;1190,1328,1578,1611,2475,2656,3015,4175,4327,5165,5166,5403
AAKLOT;1578,4519,5266
AAKLPS;4062,4175,4923,5403
AAKLRS;536,628,1005,1008,1190,1328,1368,1430,2268,2787,3343,4328,4716,4720,5403
AAKLSS;1006,3835,3887,5267
AAKLST;647,1008,4720,5196
AAKLSV;2541,4063
AAKLTU;274
AAKMMO;948,1730
AAKMMU;
AAKMNU;
AAKMRS;603,1009,1612,5089,5403
AAKMRT;138,1432,4523,5406
AAKMRU;138,5164,5406
AAKMSS;1010,2965,4729,5267
AAKMSY;1579,3016,5089,5403
AAKMTU;138,5406
AAKNOR;3748
AAKNRT;2360,2658,4523
AAKNST;
AAKNWZ;
AAKOPR;
AAKOPS;2656,3015,3138,4175,5269
AAKPPS;39,909,1241,1435,1821,2657
AAKPRS;261,1009,4969,5014,5198
AAKPSS;682,1010,1012,2662,2749,4175,4526,4719,4723
AAKPST;906,2234,3138,4066,5014,5198,5269
AAKRST;
AAKRSY;704,2386,2659,4716,5089,5167,5403,5404
AAKSSV;3887,5268
AAKSTT;4065,5165
AAKSTZ;
AAKSUW;1611
AAKTUY;
AAKUYZ;
AALLLN;1436,4143,4528,4735,5170
AALLLS;389,528,602,637,1245,1437,1438,1613,2667,2669,4736,5409
AALLMM;
AALLMS;121,975,1004,1615,2275,3019,3349,3836,3838,4431,5090,5171,5276,5409,5414
AALLNS;437,3349,3645,3649,3651,3653,4070,4178,4479,4747,5287,5288
AALLNY;2548,4430,5197,5202
AALLOR;340,543,3647,4536,4741,4742,5131,5285
AALLOZ;4742
AALLPP;
AALLRU;83,967,2556,2672,3556,4144,4262,4335,4541,5288,5409
AALLRV;543,1202,1825,2148,2668,3026
AALLSS;251,1558,1587,2554,2558,2876,3140,4173,4744,4750,5289
AALLSU;3553,3653,3654,3838,4072,4178,4262,5090,5274,5287,5288,5294,5409
AALLSW;544,1191,1588,1613,5418
AALLSY;518,2943,3019,3028,3776,4220,5023,5171,5293,5414
AALLTT;438,530,665,1756,1827,3652,4073,4741,4973,5091
AALLVV;
AALMMM;
AALMMS;3143,5419,5420
AALMNP;571,3956,4931,5008
AALMNU;294
AALMNW;548,3144,3245,3657,3909,4565,4758
AALMNY;295,1499,2680,2848,3646,3660,3777,3888,5008
AALMOR;571,1007,1760,2387,2676,2788,3146,4338,4742,4764,4765,5096
AALMOS;919,1017,1593,1760,1854,2676,3019,3143,3146,3147,4146,4240,4254,4763,4764,5090,5093,5171,5276,5403
AALMOT;546,1015,1488,3815,5138,5172,5207,5301,5411
AALMPR;292,571,918,1355,2074,2423,2566,2903,3146,3663,4976,5032,5096
AALMPS;1004,1252,2682,2945,3143,4763,5093,5171
AALMRS;1854,3146,3147,3247,3343,4030,4032,4146,4328,4337,4572,4763,4764,5094
AALMRU;3888,4755
AALMST;5206,5409
AALMSU;1615,5090
AALMSV;2575,2684,3043,3319,4076,4077,4572
AALMSW;3144,3994,5009
AALMTY;319,393,1432,1488,1555,1561,1620,1992,3148,5172,5422
AALNNS;2140,4923,5098,5415,5431
AALNNU;1192,1436,3355,3666,4897,4909,4982,5035,5312,5321
AALNOT;264,305,1488,1718,2276,3936,4176,4221,4341,4775,5091,5099,5102,5103,5428,5440
AALNOX;1458,4947
AALNOZ;2679,5317
AALNPR;571,2908,4933,5036
AALNPT;5091
AALNRT;24,126,3271,3356,3403,3578,5194,5223
AALNRU;633,650,1069,1138,1263
AALNRW;548,1263,3578,3657,3909,4565,4758
AALNRX;4159,4224,4344
AALNSS;1485
AALNST;5166
AALNSU;1343,1549,4134,5328,5439
AALNSY;1549,1617,3777,5404
AALNTT;530,549,553,4900,4973,5091,5313,5315
AALOPT;1447,1468,4176,5091,5172,5422
AALOPY;1016,1623,2909,2946,2951,3054,4093,4378,4936,4947,5172,5343,5422
AALORT;543,3793,4341,4443,4608,4609,4610,4775,4793,4937,5102,5103,5428,5442
AALOSS;573,576,923,1195,1300,2394,2877,3586,3843,3859,3887,4175,4750,4764,5268,5289,5318,5332
AALOVW;
AALPPS;4983,5217,5225
AALPPU;5326
AALPRR;435,445,571,1468,2087,2674,3074,3363,3663,3860,4078,4086,4521,4570,4803,5096
AALPRY;373,1193,1439,2674,4733
AALPSS;148,576,3843,4939,5022,5225,5289
AALPST;
AALPSU;453,3838,4345,5322,5328,5420,5439
AALPSY;306,4220,4749,5228
AALPSZ;4763,5292
AALQST;3078,5336
AALQWW;
AALRST;
AALRSU;453,4072,5349
AALRSV;1859,1860,3672,5047
AALRSW;128,544,1430,1471,1588,2712,3323,3465,3672,3776,4716,4891
AALRSY;1617,1854,1860,3776,4716,5284,5340,5404
AALRSZ;48,4518,4555,4763,5345
AALRVV;
AALSSS;1194,1273,2688,2697,3517,3661,3676,3955,4348,5101,5413,5425
AALSST;179,185,296,1855,2763,2947
AALSSV;2085,3154,3887,4804
AALSTT;5196
AALSUX;
AALSWY;1613,3776,5418
AALTUV;297
AALWYY;
AAMMMS;3763,5104
AAMMNS;3892,4162
AAMMNT;2189,5145,5229,5230
AAMMOO;2914
AAMMRR;4101
AAMMRT;14,3656,4483
AAMMUZ;
AAMNNN;362,5232
AAMNNS;2295,2606,2717,2859,3999,4000,4329,4502,4639,5208
AAMNNU;3606,3885,3888,4104,4556,4638,4755,5450
AAMNNV;4812
AAMNOO;1669,2442,2914,3893,4925,5026
AAMNOR;4991
AAMNOZ;2679
AAMNPS;3824
AAMNPT;1863
AAMNRT;5174
AAMNRW;548,3909,4041,4565,4814,5012,5405,5449
AAMNSS;1943,2965,3159,3371,3964,5455
AAMNST;
AAMNSX;2337,4043,4639
AAMNSZ;48,559,3371,3684,3868,4102,4487,4569,4761,5238
AAMNTU;294,2849,5303
AAMNTV;1387,3609,3965,4453,4812,5239
AAMNTX;
AAMOPR;186,918,1016,3156,3160,3663,3869,3896,4991,5096,5422
AAMORS;101,3686,4764,4808,4892,4896,5167,5352,5353
AAMOSS;101,456,929,1236,1363,2190,3467,4006,4410,4655,4717,4764,4808,4813,4818,5295,5309,5352,5354,5426,5455,5456
AAMOST;1794,2223,2614,3681,4006,4300,4410,4813,4896,5065,5106,5135,5167,5354,5373,5449,5453
AAMPPS;5130,5182,5183,5241
AAMPRS;1009,1774,5241
AAMPSU;293,2682,3838,4756,5420,5453,5458
AAMQSU;3895,5366
AAMRRS;459,603,1009,1553,2298,4108,4185,4361,4456,4764,4817,4896,5089,5183,5427
AAMRSU;2351
AAMRSW;2298,2955,4185,4814,4896,4914,5405,5449
AAMRTU;2954,5174,5406
AAMSSS;36,661,1542,3044,5013,5146,5261
AAMSTU;1615,5106
AAMSTZ;460,559,4102,4103,4993
AAMTTU;5060,5063,5406
AANNNO;988,1013,1165,3958,4668,5069,5184,5232,5244,5312,5375,5428
AANNNS;1513,4218,4268,4977,5377
AANNPS;550,2859,2891,2993,3102,4062,4772,4827,4901,4923,4962,4979,5269,5322,5415,5431
AANNRU;3691,3885,4826
AANNST;82,99,1186,1503,3257,3784,4905,5109,5252,5377,5431,5432
AANNSU;6,757,1094,2295,2500,2728,2891,4104,4638,5252,5377
AANNTT;1533,2995,5216,5282,5431
AANNYZ;3666
AANOQY;
AANORT;1301,1493,1515,1576,1606,3149,5382,5388,5428
AANOST;4379,4461,5166,5185
AANOTT;360,522,954,1534,1863,2181,2505,3001,3004,3109,3893,5091,5221
AANPPS;2283,3293,3375,3689,3897,4438,4464,4747,4829,5182
AANPRS;3913
AANPRT;480,525,5004,5070,5084,5187,5382
AANPRU;3089,3156,4730,4826,5187,5236
AANPRY;525,1193,2908,2928,3696,3842,5189,5385
AANPSS;
AANPSV;3112,5464
AANQST;4649,5336,5366
AANQTU;3334,4649,5366
AANRRS;53,58,226,236,515,622,1339,1374,1418,1487,1563,1744,2096,2099,2192,2531,2640,3163,4174,4778,5188,5432,5436,5440,5441
AANRRT;289,1572,2996,3163,3268,5045,5188,5218,5432,5436,5440
AANRRW;
AANRRY;963,4834
AANRSS;300,517,562,565,666,1023,1866,3159,3162,5385,5455,5462
AANRST;
AANRSU;1523,2099,3894,4154,5188
AANRSV;
AANRSW;1421,4873,4914,5405,5449
AANRTT;2870,2871,5063,5084,5239
AANRTU;1576,3834,4886,5186,5187,5188,5236,5237,5367,5368,5369,5463
AANRTY;1606,1864,2783,3117,4564,4834,5323
AANRTZ;
AANSSS;384,566,1194,1546,2182,3522,3661,3808,4118,4169,4807,4816,4922,5101,5146,5327,5407
AANSSU;300,2187,3120,3159,3162,3854,3866,3867,4858,5111
AANSTV;
AANSTZ;559,4011,4102,4679,4993,5185
AANSYY;
AANSZZ;4761,5434,5439,5464
AANTUV;4510,4678,5251
AANWYY;
AAOPST;524,1481,3138,4121,4355,4368,4417,4461,4469,5077,5155,5269,5364,5453,5458,5463,5467
AAORRU;87,150,1525,1610,3878,3886,3899,5367
AAORRV;1424,3878,4321,4793,4840
AAORST;3785,4895,4896,5065,5113,5190,5373,5467
AAORTT;3673,4443,4610,4701,4841
AAOSTW;1199,1471,1611,3164,4896,5449,5465
AAOTTV;2505,2692,3004,4673,5082
AAPPST;2740,3689,4469,5396,5467
AAPPSW;39,3897,4122,4123,4751
AAPPSY;1472,2699,3696,4442,4469,4470,4471,4945,5142,5162,5182
AAPPWW;
AAPRRS;261,482,499,526,570,1009,1497,1548,1799,2934,5183,5241,5467
AAPRRU;3074,3702,3860,3899,4848,5164
AAPRST;1774,5467
AAPRTT;174,5187
AAPSST;1010,1269,2296,2650,2749,3312,4008,4334
AAPSTT;145,3138,5393
AAPSTW;5393
AAPSWW;
AAPWXX;
AAPZZZ;
AAQRSU;102,866,1002,3313,3372,3654,3686,4072,4852,4853,5384
AAQSTU;4852,4853,5336,5366
AARRSS;151,467,660,1867,2873,2960,3098,3162,3168,4916,5114,5163,5352,5398,5469
AARRST;361,495,515,526,3781,3785,3802,4896,5113,5181,5188,5432,5436,5467
AARRSY;704,2710,3170,4124,4456,5445
AARRTT;538,1572,1608
AARRUW;3899,4848
AARRWY;534,4012
AARSST;666,1023,1866,2199,3133
AARSSU;159,300,579,3162,3667,4120,4424,4784,4858,5469
AARSTT;
AARSTY;1868,3170,4374,4853
AARSWW;3644,3791,4126,5190,5192
AASSST;645,661,1156,1194,2182,2642,2688,3118,3884,4111,4169,4667,4711,4807,4816,4832,5088,5407
AASSSY;2180,3861,3884,4118,5088,5260
AASSTY;1855
AASTTU;1342,1554,2938,4119,4828,4878,5402
AASTZZ;460
AATTUU;2101,5406
ABBBEL;580,5474
ABBBLY;
ABBBSU;5470,5476
ABBCDE;5480
ABBCEI;5496
ABBCIR;
ABBCOS;5481,5483,5490,5508,5521
ABBCOT;55,594,5511
ABBCRY;605,5504,5508
ABBCSY;605,5508
ABBDDE;
ABBDEG;
ABBDEI;5534
ABBDEJ;
ABBDEL;
ABBDEN;5535
ABBDER;620
ABBDES;
ABBDET;
ABBDEU;5472,5487,5525,5543
ABBDIJ;
ABBDRY;5541
ABBEEU;633,5472,5525,5528,5569,5581
ABBEEW;5576,5579,5581
ABBEFR;
ABBEGL;5560
ABBEGR;
ABBEIR;5592,5603
ABBEIS;5476,5534,5564,5591,5598
ABBEIY;5561
ABBEJL;
ABBEJR;5502
ABBEKS;615,616,628,629,647
ABBELR;
ABBELS;5570,5618
ABBELU;648,5525
ABBELW;
ABBENR;5475,5492,5493,5568,5582,5586,5589
ABBEOR;610,620,5502,5532
ABBERR;5579,5581,5592
ABBERS;
ABBERT;5568,5616
ABBERY;5504
ABBESS;597,618,621,5499,5500,5537,5558,5567,5570,5591,5598,5623
ABBESY;5539
ABBFLY;
ABBGHU;5584,5636
ABBGMU;5584
ABBGOR;610,5586
ABBGRY;
ABBHIJ;
ABBHJU;
ABBHOO;
ABBHSY;
ABBIJL;
ABBIJS;5585
ABBILL;657,5545,5557,5561
ABBILO;639,659,5496,5596
ABBIMS;5553,5641
ABBINR;5478
ABBIRS;5553
ABBIRT;
ABBIST;
ABBITW;
ABBKOS;588,616,5483,5490,5519
ABBLOO;5489
ABBLRU;5650
ABBLSU;5484,5520,5521
ABBLSY;5539,5643
ABBLWY;
ABBMOO;
ABBMOX;
ABBNOO;
ABBNOS;581,605,607,622,5555,5640
ABBOOS;596,5522,5635
ABBORS;607,622,5490,5522,5552,5635
ABBORT;
ABBOST;5548,5593
ABBOTY;
ABBRSU;589,5490,5544,5578
ABBRTU;5517,5574,5616
ABBSWY;
ABCCIO;700,5697,5700
ABCCIU;
ABCCLU;63,684,5692
ABCCOS;691,692,5483,5657,5705,5706,5721,5724,5725,5726
ABCDEH;707,708,730
ABCDEK;670,671,707,730,745,5480,5750,5770,5794,5797,5834,5838
ABCDEL;731,732,5804,5805,5814,5815,5818,5840,5842
ABCDER;720,5736,5742
ABCDEU;5811,5814,5815
ABCDHO;
ABCDIR;
ABCDTU;761,5788,5830,5841
ABCEEL;803,821,5671,5891,5897,5899,5904,5908,5910,5934,5938,5941,5955,5958,5965,5968,5976,5981,5984
ABCEEM;5667,5939
ABCEES;5664,5666,5673,5758,5770,5929
ABCEFI;832,5787,5904,6008,6010
ABCEGO;843,6019,6028,6034,6037,6039
ABCEGU;843,5791,6037
ABCEHL;69,803,839,848,5795,6046,6047
ABCEHR;676,708,839,5675,6058
ABCEHS;730,860,5654
ABCEHT;69,852,6041,6071
ABCEHY;839,865,868,5756,5800,6058,6059,6060
ABCEIK;847,5888,6019,6106
ABCEIM;812,5669,6106
ABCEIR;5888,6058,6106
ABCEIS;814,881,887,5760,5892,5943,6029,6103,6140,6141,6152
ABCEJT;5834,5932,5955,6104
ABCEKR;5502,5689,5888,5961,6106,6163
ABCEKT;71,5686,5834,5955,5958
ABCELL;5671,5910,5965,5967,5969,6071
ABCELM;844
ABCELR;839,5671,5736,5910,5965,6192,6198,6199,6201
ABCELS;5681,6040
ABCELT;5745,5772,5897,5899,5955,5958,5984,6071
ABCEMN;844,861,5496,5655,6182,6184,6185
ABCEMR;5487,6106
ABCEMW;
ABCEMX;
ABCENO;5974,5977,6019,6037,6145,6165,6182
ABCENU;5655,5752,5791,5918,5919,6037,6165
ABCEPS;846,865,909,5666,5673,5991,6001,6056,6085
ABCERR;5689,6058,6106,6110,6131,6203
ABCERS;5664,5673
ABCERU;6060,6069
ABCFIR;941,6010,6231,6235
ABCFNO;942,5509,5850,5906,6006
ABCHIT;849,852,952,5701,5702,6046,6059,6060,6270
ABCHKU;6062
ABCHLN;848,960,5700,5855,6282
ABCHNR;5855
ABCHOR;6238,6247,6262,6267
ABCHOS;691,692,5706,6262,6268,6275,6289
ABCHPU;956,5861,6244
ABCHRS;691,958,6241,6249,6262,6275,6289
ABCIIM;869,943,966,5697,5803,6090,6265,6307
ABCIKP;6113
ABCILT;952,994,5870,5874,6331
ABCILU;888,989,992,993,5498,5516,5815,6124,6324,6333
ABCIMU;985,6124,6235,6254,6333
ABCINO;953,5509,5766,5865,5948,6019,6277
ABCINS;814,881,5500,5892,5935,5943,6035,6103,6264,6293,6312,6313,6337
ABCIOR;6319
ABCIOS;6056,6268,6299,6303,6318
ABCIRT;696,973,998,5715,5716,6046,6252,6307,6310,6330,6348
ABCISS;5712,5874,6240,6253,6255,6257,6274,6298,6316
ABCISU;81,997,1003,5498,6011,6013,6103,6126,6128,6132,6152,6234,6312,6313,6318,6336,6337,6341,6349
ABCKLS;602,702,975,5483,5484,5518,5520,5657,5711,5878,6281,6292,6320,6321
ABCKOR;769,5502,5688,5854
ABCKPU;6244,6355
ABCKRS;5711,5869,6321
ABCKRU;766,5915,6069
ABCLLO;773,843,1013,5936,5965,5967,6008,6071,6115,6117,6120,6250,6280
ABCLMY;5679
ABCLNO;942,960,1013,5974,6037,6165,6182,6282
ABCLOT;594,886,994,1015,5860,5936,6008,6071,6104,6331,6363
ABCMOP;918,1016,6049,6076,6115,6209,6265,6342
ABCMOR;699,770,962,985,5800,6235,6342
ABCMOT;594,770,1015,6331
ABCMRS;603,1009,6327
ABCNOR;790,942,5854,5885
ABCNOS;692,1021,5706,5721,5724
ABCORS;691,787,788
ABCORX;5684,6083
ABCORY;714,962,1018,5885,6078,6199,6201,6247,6248
ABCOSU;5521,5710,5726,5792,6336,6368
ABCOSV;
ABCOSZ;925,1011,6135
ABCRSS;5514,5695,5712,5720,5884,5927,6003,6073,6233,6249,6274,6367
ABCRST;703,763,1005,5725,6221,6286,6289,6367
ABCRSW;810,912,6171,6289,6321,6368
ABCSSU;5514,6249,6284,6359
ABCSTU;81,997,1003,5726,5921,6013,6079,6082,6085,6144,6214,6221,6234,6313,6337,6340,6341
ABDDDO;
ABDDEE;6376,6377,6382
ABDDEG;6406
ABDDEI;
ABDDEL;6389
ABDDEN;6376,6378,6401
ABDDEO;1038,6378,6389,6391,6401,6404,6416,6417,6421
ABDDER;
ABDDEU;1048,6404
ABDDEY;
ABDDHU;6387,6388
ABDEEH;6450
ABDEEJ;
ABDEEK;5750
ABDEEL;6389
ABDEEM;
ABDEEN;1028,1030,1059,5753,6401,6450,6455
ABDEER;6477
ABDEES;1077
ABDEET;5738
ABDEEZ;5769,6549
ABDEFF;6605
ABDEFL;6608
ABDEFR;725,1057,1080,5788,6442,6479,6605,6609,6616
ABDEGG;1034,1035,1082,1084,6626
ABDEGL;6628,6641,6657
ABDEGN;
ABDEGO;610,5790,6386,6623,6641,6657
ABDEGR;
ABDEGS;6654
ABDEHL;731,1101,5471,6389,6440
ABDEHS;6411,6660
ABDEHT;1103,6415
ABDEIL;6641
ABDEIR;
ABDEIS;
ABDEIT;
ABDEIZ;614,1109,1118,5769,5831,6422,6540,6641,6696,6727,6748,6754
ABDEJM;
ABDEKL;1101,6695
ABDEKN;707,1103,5731
ABDEKO;1065,1132,5480,5749,5794,5811,5838,6674,6771
ABDEKR;
ABDEKS;671,711,727,743,744,1103,5794,5838,6660,6695
ABDEKU;5797,5811,6655
ABDELL;5538,5785,5814,5815,6420,6641,6777
ABDELM;1119,5803,6608
ABDELO;1040,5471,6389,6562,6608,6623,6641,6657
ABDELR;
ABDELS;711,744
ABDELT;
ABDELU;
ABDELW;6420,6423,6498
ABDELY;731,1139,6677
ABDELZ;92,1109,1118,5540,5817,6422,6641,6645,6696,6727,6748
ABDEMM;
ABDEMN;
ABDEMS;5794,5838,6625,6773,6810
ABDENN;93,1082,1089,1134,5525,6410,6530,6612,6733,6734
ABDENP;1068,1136,6382,6398,6450,6461,6570,6591,6735,6762,6775,6790,6813
ABDENR;
ABDENT;1103,5738
ABDENY;1139,6570,6652
ABDEOS;1126,5838,6588,6674,6689,6773
ABDEOT;
ABDERR;
ABDERS;
ABDERT;
ABDERU;6475
ABDERV;6552
ABDERY;
ABDERZ;92,5769,5831,6422,6549,6696,6748,6754
ABDESS;618,754,5838,5842,6687,6785,6798
ABDEST;1103,6654
ABDESU;6654
ABDETT;5787
ABDETU;761,1127,5788,5830,6451,6475,6616,6654
ABDETY;731,1139,6580,6644,6706,6711
ABDEZZ;6422,6645,6754
ABDFII;5784,6608,6609
ABDFOR;1157,1158,6833
ABDGNO;5854
ABDGOR;5854,6386,6631
ABDHNS;5799,6433,6683
ABDHOY;5800,6677
ABDILR;1178
ABDINR;5855,6873
ABDINT;5864
ABDIRR;1184,6435,6836,6901
ABDIRS;6872
ABDIRU;6882
ABDLLY;1117,1118,5751,5863,6562,6677,6725,6727
ABDLNS;5799,5870,6732,6739,6781,6787,6878,6892
ABDLOS;1158,1177,1190,5548,5878,5879,5883,6436,6913,6914
ABDLRY;784
ABDLSU;1179,1189
ABDMUW;6757
ABDNOR;5854,5885
ABDNOU;5854,5861,6759,6812,6813,6874,6886,6919
ABDNRS;
ABDNRY;1193,5885,6873
ABDOOS;5522,5548,5875,6436,6764,6773,6787,6810,6811,6821,6823,6834,6889,6900,6903,6913,6916,6917,6920
ABDORR;1171,1197,6435,6833,6836,6850,6879,6921
ABDORS;5868,6674,6773,6803,6834,6913,6915
ABDORY;714,5885
ABDOST;5548,5549,6834,6920
ABDOYY;
ABDRRU;100,761,1184,5487,5783,5830,5831,6567,6576,6586,6616,6622,6777,6786,6807,6901,6921
ABDRSU;6432,6855,6915
ABDRUY;6863,6887
ABDRWY;784
ABEEFL;6996
ABEEGG;1210,6999
ABEEGH;801,1028,7001
ABEEGL;104,801,1216,7030
ABEEGR;
ABEEGZ;
ABEEHJ;
ABEEHN;1028,1030,1060,1224,5753,5754,5924,7004,7052
ABEEHV;803,6932
ABEEIL;803,1212,5667,5891,7014,7108,7109,7115,7126
ABEEIN;5912,5948,6455,6479,7126
ABEEJM;7171
ABEEJR;1238,5893
ABEEJS;5956,7168,7170
ABEEKL;5955
ABEEKR;5915
ABEEKT;1223,1244,5750,5915,5955,7049
ABEELM;795,5667,6940,7116,7184
ABEELN;
ABEELP;105,5968,6562,7184
ABEELS;
ABEELT;5899,5955
ABEEMN;
ABEEMR;6994,7035
ABEEMS;
ABEENT;5576,5956
ABEEOR;5729,5767,5924,5930,5990,5998,6386,6390,6396,6477,6514,6557,7002,7035
ABEERR;5581,7083
ABEERS;7071
ABEERT;
ABEERV;6552,6983,7192
ABEERW;5576,5579,5581,7069,7245
ABEERY;5961
ABEERZ;5930,7076,7083
ABEEST;7267
ABEFFL;
ABEFGL;
ABEFHL;1288,6476
ABEFIL;832,833,1283,6608
ABEFLL;1283,7300
ABEFLM;6608
ABEFLR;837,6995,7299,7300
ABEFLS;675
ABEFLT;800,833,837,1207,1208,1288,1290,6977,7284,7300
ABEFMO;6608,7291
ABEFMR;7291
ABEFPR;5582,6925,6988,6995,6996,7289
ABEFTY;
ABEGGI;1303
ABEGGR;7315
ABEGHI;1309,7002,7003,7309,7318,7319,7328,7329
ABEGIS;1313,1318,1326,1327,7003,7024,7374,7376,7399
ABEGLL;843,6628,7330,7359,7407
ABEGLM;104,110,844,5560
ABEGLN;104,110,844,5560,6037,6039,7030,7332,7407
ABEGLR;
ABEGLS;
ABEGLT;
ABEGLU;843,1286,6037,6498,7030,7330,7368
ABEGMN;104,844,5560
ABEGMR;
ABEGMS;
ABEGMT;5560
ABEGNR;1302
ABEGNS;
ABEGNW;
ABEGOR;6386
ABEGOZ;1315,6028
ABEGRS;112,7399
ABEGTU;1286,6627,6632,7368,7378,7386,7398
ABEHIL;803,848,849,6041,6047,7423,7430,7431,7444,7445,7446,7447,7455
ABEHJS;
ABEHKL;
ABEHKS;730,860,5654,6064,6660,7422
ABEHLM;848,861,1288,5584,7331,7431
ABEHLN;848,7004,7332
ABEHLR;839,5584,7331
ABEHLS;7425,7430
ABEHNO;1348,5924,6006,6051,6078,6682,7045,7332,7464,7492
ABEHOS;1043,1311,1349,5595,6414,6669,6674,6689,7277,7425,7452,7476,7483,7484
ABEHPR;806,1310,1340,6046,6058,6059,6076,6630,7002,7328,7329,7331,7464,7492
ABEHRR;867,1062,5592,6044,6506,7427
ABEHRS;
ABEHRT;7427
ABEHSS;5476,5661,6660,7051,7422,7475
ABEHST;6411,7433
ABEIIL;832,833,1290,1337,1355,1358,5596,5904,6041,6983,7077,7285,7507,7521,7528,7530,7535,7536,7539,7540
ABEIIT;1290,1337,1365,5477,5600,6520,6711,6717,6984,7276,7540,7559
ABEIJL;5932,6104
ABEIKK;5659,6106
ABEILL;1118,6420
ABEILM;6608
ABEILO;639,886,1315,1338,1403,5596,5803,6041,6608,7114,7115,7126,7273,7447,7539,7592,7607
ABEILR;7125,7126,7507
ABEILS;
ABEILT;7284,7535
ABEILV;803,5891,6111,6983,7285,7594,7614
ABEILW;6420
ABEILY;1308,1383,5561,6121,7101,7359,7511,7530
ABEILZ;886,1118,1231,1382,5946,6028,6422,6645,6696,7076,7138,7375,7447
ABEIMR;5676,6050,6142,7291
ABEIMS;6141
ABEINS;1418,5682,6141,6152,7657
ABEINT;1393
ABEIOT;6547,6670,7114,7115,7158,7424,7592
ABEIRR;5684,6058,7329
ABEIRS;
ABEIRT;
ABEIRZ;6422,6696,6754,7076
ABEISS;5476
ABEISZ;5611
ABEITW;1419,6511,6670,6757
ABEJLS;1131,7168,7170
ABEJMN;7171
ABEJMR;6162
ABEJMS;
ABEJNT;5932,7171
ABEJOR;5502
ABEJRS;1368
ABEJRU;6162
ABEJTU;1131,5955,7687
ABEKLM;6162
ABEKLR;1431,1432,1434,7699
ABEKLS;7695,7700
ABEKLY;1431,1432,5504,6110
ABEKMN;7173
ABEKMR;904,1240,1431,1432,6106,6162
ABEKNR;7295,7705
ABEKNT;6775,7295
ABEKRR;904,1431,5504,5688,5689,6163,7295,7689,7692,7705
ABEKRS;7691
ABEKRY;5504,5689,5961,6110,7694
ABEKST;7296,7691,7700,7703,7709
ABELLM;6115,7184
ABELLR;7692,7694
ABELLS;7169
ABELLT;804,1383,6071
ABELLU;638,648,1224,1375,1436,1444,5602,6420,6565,7052,7181,7330,7583,7722
ABELMM;6182,6183
ABELMR;
ABELMS;5618
ABELMU;5584,6162,6786
ABELMW;7725
ABELMY;1431,1432,1455,1456,7184,7297,7734,7735
ABELNR;6173
ABELNU;1436,1446,6037,6165,7600,7697
ABELNY;123,6398,6570,7101,7511,7530
ABELNZ;123,6028,6645,7112,7521,7611
ABELOR;1338,1379,7607,7719
ABELOT;886,6041,7115,7687
ABELRR;126,889,6110
ABELRS;
ABELRT;
ABELRV;1202,5891,6941,6983,7188,7192,7273,7355,7760
ABELRW;
ABELRY;839,1431,1439,1448,5504,6201,7694
ABELRZ;92,1231,1382,5617,6422,6696,7076
ABELSS;7213
ABELST;
ABELSU;1369,7634
ABELSY;
ABELSZ;121,1245,5618,6957
ABELTT;5608,7535,7536
ABELTY;1383,6711,6805,7515,7618
ABELWY;6167,7694
ABEMMR;7291
ABEMNO;5496,5596,7311,7773,7774
ABEMNR;861,1145,1450,5568,6185,6961,7198,7727,7771,7773,7774,7775
ABEMNS;
ABEMNT;
ABEMNY;5655,7729
ABEMRS;1146,7779
ABEMRT;4,6646,6755,7491
ABEMRU;1455,1480,6124,6162,6185,6191,7204,7588,7734,7735,7779
ABEMRY;1431,1432,1455,5800,6460,6526,6755,6756,6786,7062,7116,7206,7489,7491,7595,7734,7735,7779
ABEMSW;1144,6582,7044,7414
ABEMSY;1455,1456,5989,6784,7712,7734,7777
ABENNO;1089,1319,1392,1458,6009,6145,7384,7637,7697
ABENNR;1302,6045
ABENNT;894,6145,6948,7171,7173,7232,7637,7654
ABENOR;1412,7100,7125,7126,7464,7560,7605,7607,7692,7740
ABENOS;7657
ABENOT;
ABENRR;7295,7692,7705,7773,7785,7786
ABENRS;7672
ABENRT;7174,7790
ABENRU;1412,5589,7006,7305
ABENRY;7786
ABENRZ;
ABENST;
ABENTT;7790
ABENTU;6218,7790
ABENTZ;118,1124
ABEORS;
ABEORT;
ABEORZ;1403,5617,5930,6754,7539
ABEOSV;
ABEOTV;
ABEOTX;1458,6083,7158,7222,7256,7661,7665
ABEPPW;7391
ABEPRU;5734,6813
ABEPRW;6203,7391,7659,7705
ABEPST;846
ABEPTU;6775
ABEQRU;888,1127,5589,6935,7143,7507,7588
ABEQSU;1349,6112,6957,7335
ABERRS;
ABERRT;867,910,1306
ABERRV;6552,7146,7614
ABERRW;5579,5581,6163,7238,7245,7705,7709,7773,7785,7786,7802
ABERRY;1306,1431,1448,5504,5689,5961,5969,6110,6201,6219,6755,6786,6807,7116,7618,7786
ABERRZ;
ABERSS;
ABERST;
ABERSU;7634
ABERSV;
ABERSY;112,868
ABERSZ;
ABERTT;
ABERTU;6616
ABERTX;799,5947,6083,6542,6579,7140,7158,7222,7256,7665
ABERTY;1306,7216,7515,7589,7595,7618
ABERUU;5620,6793,7269,7737,7748,7763,7768
ABERWY;7694,7786
ABESSS;1351,6662
ABESST;929,7645
ABESSU;6067,6156,6226,7051,7428,7500
ABESSY;5623,5681,5695,6692,6819,7213,7762
ABESTT;6601,7267,7800
ABESTU;
ABESTY;865,5989,6107,6146,6214,7231,7267,7800
ABESUZ;1482,6160,6957,7239,7670,7788
ABESZZ;1346
ABETTU;7189
ABETUY;6208,6214,6597,6805,7546,7685,7720,7767
ABEZZZ;
ABFFLS;7804
ABFFSU;6605,6979,7270,7804
ABFGLU;1286,1486,7806,7811,7812
ABFHIT;7278
ABFILU;5631,7806,7811
ABFIRS;1487,5632,5634,6614,6615,6828,6832,7293
ABFISY;7824
ABFLRU;7825
ABFLRY;1157,7814,7818,7823,7825
ABFNOY;1488
ABFNSU;6014,7306
ABFOOR;6833,7291,7807,7809
ABGGIT;1303,7310
ABGGIW;
ABGGNO;6836,7311,7312,7832
ABGGNU;7836
ABGGRY;7830
ABGHIS;7003
ABGHNS;6249
ABGHRU;5636,6242,6249,7809,7843,7850,7854
ABGHSU;1086,6245,6629,6839,6840,7335,7843
ABGHTU;7327
ABGIKN;
ABGIKT;765,7885,7887
ABGILM;
ABGILN;
ABGIMR;1512,5547
ABGIMT;1507,1512,7869,7887,7916
ABGIMY;1499,1512,7893,7894,7903
ABGINN;1500,1501,7860,7896
ABGINO;5509,6259,7806,7845,7847,7848,7890,7896,7899
ABGINR;7848
ABGINS;
ABGINT;
ABGINY;129,944,1499,1509,6258,6259,7805,7839,7847,7891,7892,7894
ABGIOS;1519
ABGIOU;7378,7806,7812,7845,7850,7899,7907,7908
ABGKNO;948,5854,7403
ABGKOO;7883,7887
ABGLLO;843,6250,7330,7359,7407,7834,7896,7897
ABGLMO;7928
ABGLMY;110,1499,7893,7894
ABGLOR;6247,7930
ABGLOU;843,6037,6244,7330,7806,7812,7845,7908,7930
ABGLRU;766,7886,7930
ABGLRY;839,1495,5910,6247,7031,7367,7411,7814,7830,7893,7897,7900,7913,7930
ABGMNO;948,5547,5645,7311,7378,7880,7881,7883,7887,7928
ABGMOS;5645,6260,7881,7931
ABGNOO;7324,7847,7883
ABGNOR;5854
ABGNOS;
ABGNSU;6,1086,1094,1334,1520,1523,6249,7334
ABGORS;1497,6245
ABGORT;1512,5511
ABGSTU;7875
ABHHIS;6262,6661,7423,7839,7934,7935,7936
ABHHJU;
ABHIJS;
ABHIKL;5700,6018,6042
ABHIKT;6044,7320,7950
ABHIMR;949,1541,6507,6859
ABHIMS;1532,6273,7942,7943,7961
ABHIMZ;1527,1541,1544
ABHINS;6264,7962
ABHIOO;953,1340,1496,1545,1547,6243,6277,6278,6859,7328,7424,7447,7467,7847,7937,7946,7950,7959,7960,7965,7966
ABHIOP;137,953,955,956,1340,1496,1545,1547,5704,6049,6265,6267,6277,6278,7424,7447,7464,7847,7937,7946,7950,7953,7959,7960,7965,7966
ABHIRS;958,1531,1548,5632,7934,7947,7955,7963
ABHISS;5476,6232,7043,7277,7439,7442,7470,7967
ABHIST;1543,6661,7423
ABHKRU;138
ABHLSU;1343,1345,1549,6840,7446
ABHLSY;132,1552,5917,6048,7458,7936
ABHMNO;7959,7960,7974
ABHMOS;5481,6283,7478,7479,7943,7961,7970
ABHMRU;138,962,7974
ABHMSU;6285,7943,7969
ABHNOO;953,960,1545,6243,6277,7332,7847,7959,7960
ABHNOT;954,1534,6006,6237,6243,6271,6291,6682,6857,7045,7492,7974
ABHNSU;80,1343,1549,5696,6249,6290,7334,7446,7839,7843,7975
ABHOOP;953,955,1310,1340,1496,1545,1547,5704,5858,6277,6278,7328,7332,7424,7447,7467,7847,7937,7946,7950,7953,7959,7960,7965,7966
ABHOPR;772,955,1310,1340,5704,5861,6076,6267,7331,7464,7492,7965,7966
ABHORR;957,1171,7049,7427,7852
ABHORS;691,1158
ABHORT;6682,7049,7061,7427,7489,7492,7974,7977
ABHOST;1344,1554,5548,5549,5707,6283,7970
ABHOTX;6083,7946
ABHOXY;
ABHPTY;6059,7492,7966
ABHQSU;866,1349,6081,7335
ABHRSY;868,951,958,6689,6860,7070,7947
ABHSSU;1526,5476,5514,5633,6067,7051,7428,7470,7500,7967
ABHSTU;5921
ABHSUW;6693
ABIIKK;
ABIILL;1529,7819,7831,7860,7863,7990,7993
ABIILN;1358,1557,7077,7281,7530,7535,7536,7819,7821,8011
ABIILS;1530,7939,8003
ABIILT;141,1290,1337,1358,6520,6700,6879,7284,7535,8014
ABIINN;695,1160,1501,1533,1556,1562,6309,6873,7840,7860,7864,7876,8024,8025
ABIIST;66,1366,1367,5477,5600,6089,6872,7433,7558,7559,7945,7947,7985,8026,8027
ABIJRS;1173,1368,5585
ABIJRU;1576,8032
ABIKKU;
ABIKLS;7,5711,6292,6320,6321
ABIKMO;1578,7807,7880,7881,7883,7887
ABIKMR;6106,7807
ABIKNS;7094
ABIKNT;765,7885,7887
ABIKST;6318
ABIKTT;5494,5601,5787,6113
ABILMM;5939
ABILMS;6326,8003
ABILMT;1507,1555,1561,6331,6876,7981,7983,8001,8005
ABILMU;985,987,1590,6235,6333,7903
ABILNO;639,659,7100,7126,7512,7607,7806,7821,7890,7896,7899,7993,8052
ABILNS;7955,8057
ABILNT;116,657,1358,1393,1401,5608,5864,5889,5932,5944,7284,7535,8011,8057
ABILOR;6235,7100,7126,7607,8052
ABILOT;886,6331,7114,7115,8001,8013
ABILPS;887,6341,6897,7040,7139,7430,7441,7453
ABILQS;1179,5642,6320
ABILRS;
ABILRT;952,1603,5715,6304,6330,6869,6882,7818
ABILRU;888,985,987,1589,1600,1603,5675,5715,6124,6304,6333,6535,6882,7017,7143,7507,7836,7886,7957,8014
ABILRZ;1231,1382,6696,6896,7076,7375
ABILSS;98,1509,6253,6257,6298,6301,6334,7844,7895,7902,7982,8049,8051,8054,8061
ABILST;7936
ABILSY;1509,5643,5711,6870,7903,7906,7936,7955,8016,8048
ABILTU;657,1286,1358,1386,1393,1486,1507,1510,1603,5608,6871,6881,6882,7017,7284,7368,7518,7535,7569,7910,7911,8005,8011
ABILVY;1383,1586,5561,5765,7285,7814,8001,8045
ABIMMR;6342,7291
ABIMNN;7459,7637,7868,8067
ABIMNR;1604
ABIMNU;6901,7378,7548,8067
ABIMPT;1388,6049,6123,6331,7522,7593,7869,8002
ABIMRS;
ABIMRU;985,6124,6235,6333,6342,6757,6901,7588
ABIMSS;6257,7844,8051
ABIMST;6899,7645
ABIMSU;1590,7943
ABINNU;5856,6251,6309,6317,6530,6612,6733,6734,6759,7124,7386,7444,7600,7603,7876,8024,8025,8067
ABINOS;6903,7462,7657,7962
ABINOT;1534,8024,8028
ABINQS;
ABINRS;6312,7672
ABINRY;1606,6053
ABINSS;5648,6906
ABINSU;1179,6312,8057
ABINSV;993,1418,1421,5943,7566,7574,7986,8007,8026,8039,8043
ABIOOS;658,6764,6889,6900,6903,7157,7557,7604,7657,7918,8007
ABIORR;1608,6435,6836,6850,6879,7329,7852,7921,8014,8052,8080
ABIORS;
ABIORT;5716,6307,6348,6547,7158,8080
ABIOST;6318
ABIRRS;58,583,1001,1487,1548,1563,5513,6312,7949,7986
ABIRRY;5566,6053,6058,6755,7165
ABIRSS;1535,5648,5720,7947,7967,8082
ABIRSU;1327,1516,6312,6349,7469,7843,7872,7934
ABIRTU;1600,5517,5715,6060,6304,6330,6348,6616,6757,6882,6984,7017,7143,7957,8014,8030,8080
ABISST;5648,5720,6298,6316,6894,6906,7645,7902,7997,8017,8049,8062
ABISWZ;
ABIZZZ;
ABJJOO;
ABJKMO;7880
ABJLMU;6162,7687
ABJMSU;
ABJNOS;1173,7881,7882,7988
ABJOST;7401,7926,8083
ABJOWX;
ABJOZZ;
ABKLNS;1343,1549,7172,7696
ABKLNY;1549,8086
ABKLSU;5484,5518,5520,6320,7562,7563,7695,7696
ABKLSY;5518,5711
ABKLTY;1432,7978
ABKLUY;1549,5723,8086
ABKMOO;7807
ABKMOT;7702,7887
ABKMUZ;
ABKNOS;908,5706,5721,5724,6286,6554,6774,7172,7696
ABKNRS;6286
ABKNRU;7886,7889
ABKNRY;6355,6873
ABKOOR;1610,7807
ABKORS;616,1132,1190,1243,6554,6722,7175,7564,7691,7709
ABKRSU;
ABLLNO;1013,1614,5652,6117,6165,7100,7512,7834,7897,7990,7993,8038
ABLLOO;1550,6250,6352,7298
ABLLOT;5652,6071,6280
ABLLOW;6167,6352,7694
ABLLPU;1444,7052,7192,7330
ABLLSY;5539,7827
ABLMOO;1007,6182,6859,7725,7928
ABLMOP;918,1016,5603,5649,6115,6265,7184,7331,7593,7594,7731,8045
ABLMOR;985,1007,5617,5649,6235,6859,7196,8045
ABLMOT;594,1288,1488,6331,6783,6876,7113,7114,7115,7201,7408,7584,7593,7687,7724,7727,8001
ABLMOU;985,1615,6235,6362,6437,7687
ABLMPU;7363
ABLMRU;5584,6124,6162,6235,6333,6360,6437,6567,6786,7204,7588,7735
ABLMRY;1431,1432,1455,1620,6460,6786,7206,7734,7735
ABLMSU;1590,1615,5521,7969
ABLMTY;1432,1488,1555,1561,6331,6876,7589,7981,7983,8001,8002
ABLMWY;7894
ABLNOZ;
ABLNSU;1179,1549,5642,7862,7901
ABLNTU;657,1486,1510,7910
ABLOOR;960,1007,1180,5617,6198,6833,6859,6896,7699
ABLOOS;6787,7425,7700,8007
ABLORS;691,1158
ABLORU;942,985,1490,1600,6235,6363,6437,7930,7971,8014
ABLORW;6896
ABLOST;5548
ABLOSX;1454,1551,5687,6040,6702,8048
ABLOSY;5541,5622,5693,6366,7483,7825,7827,7906,8039,8062,8094,8095
ABLOTT;5652,6269,6912,8010,8013,8055,8056
ABLOTV;7867,7996,8001,8008
ABLPRU;
ABLPYY;
ABLRST;
ABLRSU;
ABLRSW;6321
ABLRSY;1020,1617,5711,6364,7825,8048
ABLRTU;8014
ABLRWY;784
ABLSST;6298,6334,6367,6894,7982,7997,8004,8017,8050,8051,8063
ABLSSY;5623,5681,6334,6366,7193,7213,7762,7972,8094
ABLSTT;1020,7909,7936
ABLSTY;1020,1189,1629,5643,6366,6870,7906,7936,7955,7995,8095
ABLSUY;1189,1549,1629,6336,6358,7825,7826,7827,7903,8090
ABLSWY;1613
ABMMOS;
ABMNOW;7725,7773,7774,7928
ABMNSU;6368
ABMNTU;7183,7974,8044,8067
ABMNUY;664,1580,5655
ABMOOW;7725,7773,7774,7916,7928
ABMOOZ;
ABMOPT;6049,6331
ABMOSS;101,1618,6361,7929,8085,8088,8091,8098
ABMOSZ;5611,7236
ABMOTW;7916
ABMRSU;5694,6368,7931
ABMRTU;7204,7735
ABMRUY;962,1455,1620,6124,7734,7735
ABMSSY;6334,8003,8022
ABNNRY;1606,5885,6873,7602,8025,8052
ABNNSU;6,757,921,1094,1170,6213,6214,6681,7242,7243
ABNOOT;6350,6912,6919
ABNORS;7975
ABNORT;790,6291,7974
ABNORY;1193,5885,6078,6248,7411,7605,7607,7786,7897,8052
ABNOSS;7176,7177,7475,7494,8098
ABNOST;5724
ABNOTY;
ABNRRU;100,963,1184,5636,6291,6901,7836,7850,7921,7974,8102
ABNRST;
ABNRSU;1523,6249,6312,6368,7872
ABNRSW;1261,1463,1523,6368,6774,6791,6814,6956,7034,7780
ABNRTU;6291,7974
ABNRUU;1331,1521,1571,1599,5620,6793,6901,7269,7737,7748,8038
ABNRUY;963,1508,1521,1585,5997,6355,6595,6597,7930,7971
ABNRWY;1463,7786
ABNSTU;7875,8077
ABNSUY;1549,5685,6197,6214,6221,6336,6595,6739,7395,7839
ABNTYZ;
ABOOST;5519,5548,5549,5871,6283,6920,7945,8079,8083,8099,8100
ABOOSY;5522,5635,5728,6920,7961,7970,8083,8093,8100
ABOOSZ;6822,7964
ABOPWY;
ABORRS;
ABORRU;150,1610,6921,8014,8080,8096
ABORRW;1171,1197,5579,6850,7245,7553,7659,7705,7773,7785,7786,7973
ABORST;8099
ABORSV;8020
ABORSY;5635,7825
ABORTU;1600,7977,8014,8080
ABORTW;6670,7069,7245,7785
ABORTY;1512,1620,1625,6805,7489,7966,7977
ABOSSS;1336,1519,5577,5886,6210,6226,6311,6365,6369,7246,7248,7257,8019
ABOSST;1479,5556,6316,6910,7176,7259
ABOSTU;1554,7495,8077
ABOSTW;1554
ABOSUU;6155,7416,7975,8042
ABOSUY;6226,6336,6358,6432,6693,7720,7824,7825,7826,7827,7903,8062,8090,8093,8094,8095
ABOSWW;
ABOUXY;
ABPRSU;6349,7931,7967
ABPRTU;
ABPRUY;6355
ABPSSY;7213,7972,8094
ABPSTY;6341,6897,7616,7759,8095
ABQRSU;102,1002
ABQSSU;
ABRRSU;6312
ABRSST;5648,5720,6233,6367,6862,6906,7947,7997,8017,8063,8082,8101
ABRSSU;5720,6233,6249,6367,8063,8082
ABRSSY;151,5695,6364,6756,6819,6887,7779,7947,8022,8082
ABRSTU;
ABRSTY;7947,7955,8022
ABRTTY;1625,7977,8100
ABSSTU;5556,7428,7500,7666,7669,8050,8054,8062,8070,8101
ABSUWY;1465
ABSWYY;
ACCCIL;1634,8133,8149
ACCCLO;8133,8135,8137,8141,8143,8148,8149,8150,8151
ACCDEE;
ACCDEH;
ACCDEK;670,671,5659
ACCDEL;1667,1668,5660,8159,8166,8178,8185,8187,8188,8246,8247,8248
ACCDEN;1663,5660
ACCDII;8261,8279,8280
ACCDIM;8179,8204,8210,8232,8233,8234,8262,8283
ACCDOR;1632,1661,1671,8185,8200,8243,8271
ACCDSY;1670,8161,8190,8248
ACCEHN;
ACCEHR;676,8406,8429
ACCEHS;1717,5654,8171,8297
ACCEHT;
ACCEIL;164,5667
ACCEIP;165,1737,5667,5679,8134,8215
ACCEIS;1662,8171,8240,8308,8348,8565
ACCEIT;1729,8513
ACCEKL;5686,8314,8411,8477
ACCELN;
ACCELR;164,5671,8394,8435
ACCELS;156,167
ACCEMS;680,1719,1733,1735,1760,1761,5481,8249,8250,8251,8252,8313,8327,8328,8371,8374,8476,8489,8502,8512,8604,8605,8607,8608,8609
ACCEMU;1762,8252,8406,8606,8608
ACCENR;1727,8590
ACCENT;8385,8513,8590,8599
ACCEPT;165,1700,1729,8215,8257,8549
ACCERS;5664,5673,8250
ACCERU;5678,5680,8127,8372,8406,8459,8536,8590,8615
ACCERW;1724
ACCESS;167,682,5661,5668,8115,8256,8330,8369,8455,8460,8492,8509,8510
ACCESU;1639,1698,1751,5685,8434
ACCGNO;1673,1775,1782,8137,8412,8414,8416,8425
ACCHHI;1786,8138,8625,8672,8676
ACCHIK;5700
ACCHIS;8644,8687,8694,8699
ACCHKS;5654,5706,8140,8297,8327,8328,8476,8478,8722
ACCHKU;1804
ACCHKY;
ACCHLS;1679,8654,8673,8681,8694,8697,8698,8699,8705,8723
ACCHLT;8309,8681
ACCHNO;1808
ACCHNR;8645
ACCHNY;1805,1808,8708,8709
ACCHOR;8141,8655,8679,8725,8729
ACCHOS;1679,8140,8272,8273,8628,8679,8685,8694,8697,8722,8723,8729
ACCHOU;8127
ACCHOY;1720,1776,1778,1808,8141,8206,8444,8466,8493,8653,8655,8696,8708,8709,8715
ACCHRT;8627,8676,8725
ACCHST;9,172,1803,5701,5702,5706,5707,8140,8691,8723
ACCHSU;
ACCHTT;174,1803,5701,8627,8684,8691,8706,8715
ACCHTU;8676
ACCHTY;1720,1723,1808,8490,8491,8493,8653,8715
ACCIIN;695,1786,1817,8144,8410,8514,8645,8646,8733,8757,8765
ACCILO;8143,8276,8640
ACCILT;175,1644,1822,1824,1837
ACCINO;
ACCINS;8117,8310,8347,8348,8514,8642,8644,8646,8648,8699,8731,8733,8758,8764
ACCINT;175,178,1781,1846,8310,8794
ACCINW;1711,8221
ACCINY;8134,8232,8389,8708,8761,8800,8807
ACCIOS;1662,8161,8240,8576,8685
ACCIOT;8143,8549,8769
ACCIPR;11,1777
ACCIRR;182,5684,8182,8268,8429,8463,8466,8506,8518,8521,8550
ACCIRS;176,1773,1817,1839
ACCIRT;8627,8676
ACCISW;5702,8242,8323,8473,8677,8692,8773
ACCITT;8291,8627,8656,8665,8684,8706,8715,8759,8769,8808
ACCITU;182,700,1836,1837,1850,5717,8162,8219,8577,8647,8650,8666,8667,8668,8676,8808,8810
ACCKLS;702,5483,5484,5657,5708,5711,8660,8773
ACCKRS;5722,8293,8476,8722
ACCKRY;5689,8271,8355
ACCLOU;1852,1856,1857,5723,8403,8597,8637,8739,8781,8823,8827
ACCLOY;5713,5714,5723,8135,8141,8150,8151,8444,8553,8596,8598,8632,8655,8696,8740,8743,8750,8778,8795,8827
ACCMOP;186,8133,8150,8539,8707,8784
ACCMOS;5481,8249,8283,8374,8685,8718
ACCMOY;8135,8150,8151,8374,8632,8635,8740
ACCNOO;8137,8160,8226,8267,8279,8282,8453,8493,8538,8708
ACCNOT;1808,1864,5727,8835
ACCOOS;1679,1848,1851,8240,8250,8272,8419,8496,8497,8575,8628,8663,8694,8697,8722,8746,8777,8814,8815,8816
ACCORS;8604,8624,8628,8722,8727
ACCOSS;8492,8685
ACCOST;8374,8497,8499,8671,8723
ACCOSY;1868,5482,5728,8161,8374,8576,8618,8671,8726,8820,8833
ACCRUY;1765,1837,8248,8555,8580,8599,8827,8840
ACCSTU;1639,8368,8373,8601,8671
ACCSUU;8587,8624,8804,8819,8822
ACCSUY;1868,5685,8248,8485,8601,8662,8671,8680,8770
ACDDEE;8851,8858
ACDDEG;1880,1881,8858,8889,8891,8892,8893
ACDDEI;8856,8860,8895
ACDDEK;708,711,1891,5730,5731,8848,8868,8925
ACDDEN;1881,1896,8851,8877,8886,8891,8902,8903,8935
ACDDER;8933,8935,8941,8942
ACDDES;584,1881,1884,8894,8902,8935,8940
ACDDEU;8858,8886,8889
ACDDII;8866,8895,8904
ACDDIN;8162,8946
ACDDIS;
ACDDIT;1885,1886,1902,8904,8907,8913
ACDDIY;1901
ACDDTU;1902,8162,8904,8907,8913
ACDEEF;715,1911
ACDEEN;1907,8982
ACDEEP;1928,8982,9042,9119,9125,9128,9153
ACDEER;9253
ACDEES;1929,5770,9054,9256
ACDEEZ;5769,8173,9031,9057,9060,9091,9104,9106,9124,9130,9176,9178
ACDEFF;8887,9262,9264,9265
ACDEFH;1910,9009,9271,9276
ACDEFR;1956,9262
ACDEFS;5786,5789,9278,9281,9283,9287,9292
ACDEGH;9311
ACDEGL;9271
ACDEGR;1915,1956
ACDEGS;5792,9051
ACDEGT;1917,8892,9008,9033,9037,9047,9326,9333,9350,9356,9360
ACDEHK;
ACDEHO;8903,9028,9263
ACDEHR;
ACDEHS;8963,8972
ACDEHT;
ACDEHW;1985,8899,9276,9309,9392
ACDEIN;
ACDEIO;2029,2061,5811,8856,8916,9037,9141,9164,9264,9333,9369,9373,9393,9446,9498,9528,9533,9534
ACDEIR;
ACDEIS;8171
ACDEIT;1885,2061,5769,5788,5830,8904,9008,9104,9176,9264,9265,9494
ACDEIV;2061,5811,9174,9615
ACDEJK;2066,5834,9180,9288,9618,9619
ACDEKL;1933,2069
ACDEKP;670,671,1990,5659,5837,8223,8982,9289,9619,9620,9622
ACDEKR;
ACDEKS;671
ACDEKT;5787,5834,9619
ACDEKV;5811,8848,8868,9102,9183,9184,9185
ACDEKW;1933,5731,8221,8925
ACDEKY;745,9405
ACDELL;5798,8246,8926,9406
ACDELM;1992
ACDELN;
ACDELO;
ACDELP;5815,5837,8188
ACDELR;
ACDELS;
ACDELT;
ACDELU;5815
ACDELV;
ACDELW;1933,2070,8221,8914,8925
ACDELY;5751,5765,5772,8188,8863,8874,8876,9006,9125,9410,9640
ACDEMM;191,9133,9222,9542,9657
ACDEMO;2045,5480,5794,5838,8252,8916,9419,9469,9653,9657,9659
ACDEMP;8981
ACDEMU;1963,1966,5487,9075,9225,9226,9355,9417,9419,9657
ACDENN;195,1959,1969,8891,8968,9181,9199,9329
ACDENO;8903
ACDENP;8982,9025
ACDENR;
ACDENS;
ACDENT;
ACDENY;2067,8876,8891,9224,9640
ACDEOP;1950,9184
ACDEOT;5834,9264
ACDEOX;8240,9163,9164,9582,9583
ACDEPP;2102,8982,9152,9675
ACDEPR;5837,9696
ACDEPS;
ACDERR;1956,1961,5487,9235
ACDERS;
ACDERT;
ACDERV;9102,9174,9184,9185,9253,9691
ACDERY;5820,8921,9366,9474,9486,9544,9701
ACDERZ;734,2002,2026,2032,5769,8217,9130,9176,9300,9391,9395,9427,9577,9602
ACDEST;
ACDESU;9270,9272,9617
ACDESY;745,1670,8161,8190,9491,9598
ACDETT;
ACDETV;8253,8996,9110,9174,9245
ACDEUX;5773,9179,9217
ACDHIR;2115,2131,5855,5856,8943,8944,9747,9770
ACDHMR;9782
ACDHOR;2144,9782
ACDHOS;1679,2145,8272,9750,9756,9759
ACDHRS;9718,9774
ACDIIM;2150,2157,2158,5803,9089,9091,9094,9096,9448,9450,9452,9454,9469,9471,9789,9790
ACDIIP;2153,2154,9450,9460,9465,9470,9486,9748,9801,9808
ACDILL;1681,1901,2109,2148,5863,9707,9753,9792,9800
ACDILP;2121,2153,2154,9055,9125,9722,9851
ACDILS;768,2109,5863
ACDILY;204,1681,1901,2163,5765,5863,9125,9707,9792,9800,9838
ACDIMO;2111,2123,8956,9469,9853
ACDIMP;9089,9114,9470,9508,9556,9738,9740,9801
ACDINO;2175,9767,9832
ACDINR;
ACDINS;9704,9865
ACDINW;2056,8221,9309
ACDINY;2163,5864,8280,9705,9838
ACDIOR;8856,8943,9330,9571,9817,9832,9853
ACDIOS;8163
ACDIOT;2061,2125,2175,9164,9393,9741,9748,9828
ACDIOZ;8214,9300,9395,9577
ACDIPR;2121,2153,2154
ACDIPS;8277
ACDIRS;
ACDIRU;8288,8943,9789,9807,9808,9850,9853,9858
ACDISS;9762,9834,9860
ACDIST;66,199,5862,5867,9766
ACDLNU;
ACDLSS;2107,9712,9762,9780,9850,9882
ACDLSU;209,2142,2165,5873,8288,8960,9757,9763,9843,9850
ACDLTU;9845,9849
ACDLTY;2138,5772,8188,8863,8876,9006,9640,9745,9877
ACDMPU;9470,9740,9746
ACDMTU;2172,9075,9226,9417,9419,9657,9661,9739,9814
ACDNOR;790,1632,2144,5885,9725,9817
ACDORW;9253,9528,9558,9649,9691
ACDOST;2145
ACDRSY;2127,5866,9718,9774,9816,9862,9867
ACDSSU;159,754,789,2033,2190,5842,5845,8947,9501,9536,9597,9599,9617,9676,9834,9864,9865,9866,9888
ACDSTU;1683,8218,8286,9270,9617,9713,9866
ACEEFF;793,800,9895,9896
ACEEFN;10027,10031,10038
ACEEFR;5906,8309,10020,10021,10023,10028,10030,10035,10038,10043
ACEEFS;9998
ACEEFT;800,8309,8310,9895,9896,9902,9992,9994,10003,10014,10020,10021,10023,10025,10027,10032,10033,10034,10035,10038,10039,10043
ACEEGN;801,2217,10045,10048,10049,10069
ACEEGP;9025,9042,10048,10049,10063,10084
ACEEHK;5750,5915,9009,9995,10193,10194
ACEEHL;803,2229,10127,10141,10146,10148,10149,10199,10205
ACEEHN;1907,2242,5924,8333,8334,9074,10127,10193
ACEEHT;
ACEEIP;1928,8337,9042,10016,10094,10421,10429,10430
ACEEJT;5932,5955,5956,10289,10450,10451
ACEEJY;
ACEEKS;818,5666,5770,5962,8354,8356,9939,10007,10291,10295,10298,10301,10305,10306,10450,10453,10459
ACEELL;2274,5671,5908,5910,5928,5965,5968,8317,10029,10264,10452,10460
ACEELN;5904,5941,10031,10045,10127,10148,10205
ACEELR;5671,5908,5910
ACEELV;803,2274
ACEEMN;10194
ACEEMR;
ACEEMS;8313,8374,9188,9990,10109,10202,10475
ACEEMZ;9091,10277
ACEENR;211,10564
ACEENS;9939
ACEENT;8306,8381
ACEENV;8375,8376,9972,10114,10541,10545,10552,10564
ACEEOR;1950,5729,5930,5965,5981,5998,8337,8343,8355,8856,9180,9184,9185,9248,9253,10012,10028,10458
ACEEOT;5958,9085,9164,9918
ACEEPR;211,8337,8355,10523,10541,10552,10564
ACEEPS;2290
ACEERR;9253,10026,10458
ACEERS;
ACEERT;
ACEESS;8350,10064
ACEESZ;5954,8326,9260,10065,10270,10273,10283,10300,10366,10367,10445
ACEFFT;800,8390,8887,9265,9895,9896,10603
ACEFHR;8309,8394,9995
ACEFHS;1699,1910,8393,10623,10628
ACEFHU;
ACEFIL;9289,10616,10672
ACEFIN;2327,10631,10670
ACEFIR;10020,10021,10688
ACEFIS;10614
ACEFLS;675,1699,2315,2319,2333,2334,8120,8393,9990,9999,10032,10033
ACEFLU;6015,9291,10672,10699
ACEFLY;2328,8394,9292,10029,10643,10699,10700
ACEFPU;9284,10041,10697
ACEFRR;
ACEFRS;
ACEFRU;
ACEFSS;6005,6016,9277,9283,9292,9301,10002,10608,10635,10637,10647,10651,10657,10676,10696,10708,10712,10713
ACEFST;1912,2211,2333,8393,9018,9899,9994,10033,10649,10653,10708
ACEFSU;2337
ACEFSY;2328,5664,9292,9301,10637
ACEFTU;214,9291,9896,10027,10672,10699
ACEGHN;8404,10723,10753
ACEGHR;215,676,802,839,10725,10740,10752,10786
ACEGHS;10761,10784
ACEGHU;
ACEGIN;
ACEGIR;10725,10740,10752
ACEGIU;2374,2382,10597,10750,10759,10764,10774,10868,10895
ACEGLN;801,844
ACEGLP;215,10787,10932
ACEGLS;8313,10934
ACEGLY;839,2388,5910,10619,10761,10786,10868,10875,10933,10935
ACEGNU;2222,2382,6037,10116,10621,10868,10894,10895,10906,10914,10941
ACEGNY;2397,8891,9358,10117,10944
ACEGOS;1970,2315,9051,9310,10109,10784,10794,10933,10936
ACEGOW;
ACEGRS;845,2386,10945
ACEHHL;2407,8314,10127,10128
ACEHHT;10960,10961
ACEHIK;6018,6019,10753
ACEHIL;803,9369,10127,10148,10628,10758,10759
ACEHIM;
ACEHIN;10127
ACEHIP;10784
ACEHIR;
ACEHIS;8896,10758,10760,10761,10784
ACEHKL;
ACEHKR;676,2472,2478,2483,5915,6069,8119
ACEHKS;5654,11146
ACEHLP;
ACEHLS;2487
ACEHLT;
ACEHLV;803,863,5920,9913,10983,11164
ACEHLY;8206,8444,8483,8485,8863
ACEHMN;11149
ACEHMR;2472,2485,8480,11139
ACEHMS;2341,2409,2487,5481,10202,10203,10204
ACEHNP;8897
ACEHNR;
ACEHNS;1884,8902
ACEHNU;2449,5918,5919,8886,9064
ACEHOP;10963,11076
ACEHOR;2483,11191
ACEHPR;215
ACEHPS;
ACEHPT;
ACEHPY;8490,11076,11205
ACEHQU;866,5918
ACEHRR;2477
ACEHRS;
ACEHRT;
ACEHRV;5920,10793
ACEHRW;2485,10128,10209
ACEHRX;2460,6083,9914,10168,11191
ACEHSS;794,5661,5911
ACEHST;
ACEHSW;858,1985,2508,8899,10623
ACEHTX;2430,6083,11071
ACEIKR;10617,10831
ACEILL;2556,11257,11391
ACEILM;8133
ACEILN;5889,5904,5932,10127,10339,11286
ACEILP;832,5679,9369
ACEILR;164
ACEILT;10334,10672
ACEILU;2374,10078,10759,11247,11383,11400,11492
ACEILV;803,2374,6122,10335,10599,11444,11450
ACEILX;2430,9906,10149,10352,11479,11489
ACEIMM;191,1730,2439,2440,2564,2604,5939,9038,9543,9544,10814,10879,11528
ACEIMN;8232,9032,9039,9327
ACEIMS;2359,11554
ACEIMT;11315
ACEIMU;8911,9137
ACEINN;8560,9329
ACEINO;2449,6051,11381,11392,11569
ACEINP;9284
ACEINR;
ACEINS;
ACEINT;
ACEINU;1659,2055,2449,5493,9571,11324,11564
ACEINV;10335,11450
ACEINX;2548,9582,10149,10723,10888,11392,11479
ACEIOZ;5930,10097,11063,11080,11100
ACEIPR;
ACEIPS;2359,6056,10784
ACEIQU;10868
ACEIRR;5684,6106
ACEIRS;
ACEIRU;815,6060,11377
ACEIRV;9934,10688,10692,10729
ACEISS;8350
ACEISV;
ACEITT;
ACEITV;2011,2265,2374,6122,8474,10424,11444
ACEIVV;2265
ACEJKR;2472,2658,5502,6162,9618
ACEJKT;2658,5834,5955
ACEJLO;6037,6104,10451
ACEJNT;2658,5932,5956,10830
ACEJNU;6037
ACEKLM;2357,6162,11139
ACEKLN;2357,8411,8477,10616,11140
ACEKLR;
ACEKLS;
ACEKLT;71,5686,5955
ACEKLY;2663,5504,6167,10452
ACEKMO;11370
ACEKNO;6019,6024,6165,8412,8477,8926,11370,11683
ACEKNR;2658
ACEKNT;2658,8477,8590,10193,11140
ACEKNU;6062,6108,6165,8590
ACEKNW;5731,8221,11375,11683
ACEKPR;679,910,1990,8355,9620
ACEKPT;910,1990,6113,8223,11370,11375
ACEKRR;2219,2269,2477,5504,5961,6106,6110,10800
ACEKRS;
ACEKRT;2478
ACEKRU;5915,6069,8590,11377
ACEKRW;2664,5502,6163,10026,10458,11683
ACEKRY;5504,5689,5961,8355
ACEKST;2479,8328
ACEKSW;858,860
ACEKTT;71,9619
ACEKTY;6107,9405,11146
ACELLO;1731,6117,8926,10199,10452,10641,11381,11391,11392
ACELLR;2069,2556,9941,10053,10198,11710
ACELLT;5772,6181,9186,9503,10699,11414,11697
ACELMN;9944
ACELMP;5679,8133
ACELMR;
ACELMS;8313,10202
ACELMT;2206,9944
ACELMU;6124,6162
ACELMZ;2247,2679,9091
ACELNN;844,2282,9944
ACELNR;
ACELNS;
ACELNT;10672,11140
ACELNU;5918,5919,6037
ACELOR;10622
ACELOS;2315,8120
ACELOT;
ACELOV;
ACELPR;6203,9644,11710
ACELPS;
ACELPT;
ACELPU;2089
ACELQU;214,5918
ACELRR;5504
ACELRS;
ACELRT;2687
ACELRU;2687,11710
ACELRV;11710
ACELRW;2485,10128,10209,11427
ACELSS;
ACELST;
ACELSU;
ACELSV;156,2669
ACELSX;5687,6040
ACELTT;
ACELTU;214,2374,5899,5955,10672
ACELTY;5772,8863,10308,10807
ACELYY;11173,11179
ACEMNO;10969,11186,11773,11779
ACEMNP;8595,11780
ACEMNR;194,2336,2680
ACEMNU;2542,11186
ACEMOP;2679,8133,11022,11076
ACEMOR;10135
ACEMOS;5481,10202
ACEMOT;8916,9419,10113,11186,11315,11555,11773,11779
ACEMPR;
ACEMRS;
ACEMRT;2332,2687
ACEMRY;2397,2496,5800,9474,9544,9655,10231,10836,11189,11201
ACEMSU;2341,10607
ACEMTU;8333,8372,8606,9417,9419,11186,11194
ACEMUX;2488
ACENNO;2449,8375,8560,8561,10541,10969,11569
ACENNR;195,235,2399,9351,10707,11725,11793,11795,11801
ACENNS;9908
ACENNU;2449,8452,8459,10116,10550,10764,10941,11305,11324,11531,11801
ACENOR;2732,11569
ACENOS;2302
ACENOT;
ACENPR;211,2732,10541,11803
ACENPS;
ACENPT;10518
ACENPU;
ACENPW;10209,11375
ACENRS;
ACENRT;
ACENRV;2694,2732,10114,10541,10545,10552,10564,10729,11480,11795,11803
ACENRY;2495,5997,10564,11803
ACENRZ;10068,10161,10347,10348,10730,10817,11063,11480
ACENSS;
ACENST;
ACENSU;
ACENTU;10699
ACENUV;2588,2694,10335,10564,11186,11450,11731
ACEOPS;5991,8576,10094,10949,11792
ACEOPT;10744,10793
ACEOPW;
ACEORR;8466,11569
ACEORS;
ACEORT;8126,10744
ACEORW;2664,5502,6163,9528,9649,10021,10026,10458,11230,11752
ACEORX;5684
ACEOST;596,1703,6084
ACEOSX;5687,6040,6077,6084,6141,8240,9582,10227,11082
ACEOTT;2716,10248,10963,11555,11556,11649
ACEOTU;8208,10184,11186
ACEOTV;
ACEPPR;211
ACEPRR;910,2087,2674,6203
ACEPRS;
ACEPRT;
ACEPRU;6203,9470,11710
ACEPSS;
ACEPST;
ACEPSU;10255
ACEPSY;5673,8576,9491,9598,10253,10255,11125,11223,11689
ACEPTU;2089,8194,9565
ACEQSU;866,6081,8434,9939
ACERRS;
ACERRT;
ACERRU;5487,8615,9235,10119
ACERRV;2553,9936,10023,10440,10692
ACERRY;2087,2674,5504,5969,6110,9248
ACERSS;
ACERST;
ACERSU;
ACERSV;8624
ACERSY;5664,5673,11413
ACERSZ;9260,9304
ACERTU;5915
ACESST;8256
ACESSU;
ACESTT;
ACESTU;6070
ACESTX;8523,10510
ACESTY;5989,6107,8374,9405,9491,9598
ACESUV;2669,6180,8624,9614
ACESUY;2685,5685,6197,8248,8485,9358,9532,9614,9646,10111,10255,10570,11125,11223,11670,11671,11724,11757
ACFFHS;
ACFFHU;
ACFFHY;11849
ACFFIN;2746,2747,11850,11851,11854
ACFFLS;2315,9990,9991
ACFFSS;2748,2749
ACFFSY;
ACFGIN;2746,5509,5850,8626,9705,9706,11851,11868,11870,11871
ACFHLN;2323,10641
ACFHRT;2756,6006,8309,8627,10645,11897,11899
ACFHST;2108,2755,2756,8393,11902,11904
ACFHSU;11902
ACFIIN;196,2110,2327,2746,2747,6231,8631,9279,9284,9705,10613,11852,11853,11868,11876,11877,11878,11908,11919
ACFILS;11865,11895,11914,11926,11933
ACFIMS;2753,2772,10004,11873,11897,11905,11917
ACFINN;2746,5509,8631,9710,11876,11878,11885,11919,11929,11931
ACFINR;2747,2761,8634,11854,11908
ACFINS;2752
ACFIOS;2112,5653,8401,9295,10601,11873,11898,11899,11918,11926,11937
ACFIPY;
ACFIRT;2771,8627,9994,10020,10021,10025,10688,10691,11896,11897,11899,11940
ACFISS;6232,9301
ACFIST;6013,9899,9994,10025,10614,10669,11922,11926
ACFKLS;675,1699,2755,8120
ACFKRS;763,2331,2755,2756,2787,9011,9018,10602,10650,10669,11922,11941,11942
ACFLNO;942,1959,2789,8637,10641,11946,11947
ACFLNU;942,2789,6015,8637,9706,10027,10031,10672,10699,11931,11946,11948
ACFLOT;837,1701,2332,2789,6008,8403,8637,11859,11945,11946,11947
ACFLPU;
ACFLRU;11924,11927
ACFMTU;2771,9291,10678,11925
ACFNOR;239,942,2781,5906,6006,8634,9306,10001,11898,11918,11937,11947
ACFNRS;2108,2319,2320,2756,9901,11941,11950,11952
ACFNTU;2789,6015,8637,10027,10672,10699,11903,11931,11946
ACFORT;837,941,1701,2332,5906,6006,8638,10020,10021,10645,11861,11947,11953
ACFORX;
ACFRSS;2107,6233,9277,9301,10676,10691,10712,10713,11891,11900,11940
ACFRST;763,1774,2108,2756,9018,9899,9994,10691,11892,11895,11897
ACFRTY;2338
ACGGHI;8640,10725,11955
ACGGIN;2791,11969
ACGGIO;8404,8640,10045,10731,11955,11961,11969,11971
ACGGLY;11970,11971
ACGGRY;
ACGHIN;11984
ACGHNS;6249,8654,11964
ACGHNU;8650
ACGHOT;2799,6237,6243,8200,8653,10744,10775,10787,10793,11962,11994,12004,12015,12028,12034
ACGHOU;6244,12035
ACGHRU;2116
ACGHSW;10785
ACGHTU;2116,8650,10750
ACGIKN;11850,12055
ACGILL;12046,12067,12156
ACGILN;
ACGILO;241,2122,8640,9035,9736,10759,10831,11886,11955,12135
ACGILR;198,1672,2122,9736,11886,11986,12046,12067,12150,12153,12154
ACGILS;6239,11999
ACGILY;2847,2858,9736,10761,11886,12004,12065,12154,12156,12178
ACGIMN;249,2791,2839,2861,9032,9039,9327,9719,12055
ACGIMO;2123,2840,2851,8657,11973,12142,12162
ACGIMS;249,2359,2843,2851,2861,2862,2863,11973,11976,12162,12196
ACGINN;2746,5509,10049,10753,12103
ACGINO;5509,11879,12099,12103,12112
ACGINP;2831,12103,12112
ACGINR;
ACGINS;
ACGINT;
ACGINV;12112
ACGINW;12112
ACGIOR;2123,2840,9328,9736,10094,10814,10831,11886,12135,12150,12153,12154
ACGIRS;
ACGIRT;2829,11986,12036,12046,12067,12088
ACGLNS;8654,12228
ACGLNU;2222,9351,10621
ACGLNY;
ACGLOU;6244,9724,11884,12132,12153,12176
ACGNOR;5854,6248,9746,12041,12224
ACGNOS;10936,12228
ACGNOU;5854,9331,9746,12117,12132,12197,12224,12233
ACGORS;2811,2817,2819,2882,11981,12042,12044,12063,12231
ACGORU;2880,5854,9746,12035,12153,12224,12235
ACGOST;1970,2882,8663,8671,11973,12162,12196,12223,12231
ACGOSU;8671,9051,10109
ACGOWY;
ACGRSS;247,2403,2406,2873,2877,9730,9912,10121,10738,10842,10881,10921,10922,10938,10945,11891
ACGTTU;12119,12125,12176,12206
ACHHIN;1786,2130,2888,8672,8676,10127,10960,10961,10962,11978,12247
ACHHIS;2884,2885,2886,11976,11978,12237,12242,12243,12249
ACHHNU;2891,8676,11978
ACHHOO;8138,12242,12252
ACHHSW;8677,8680,10623
ACHHTT;2892
ACHIIS;2801,2899,8266,8642,8646,8896,9371,10749,11957,11975,11983,11995,12259,12263
ACHIJK;2893
ACHIKO;5700,6019,12304
ACHIKS;199,2884,12261,12262,12263
ACHILM;12006,12266,12310,12331
ACHILO;6041,8640,10759,11042,11955,12015,12269
ACHILP;9758,12015,12269
ACHILR;5855,8944,9747,11986,12331
ACHILS;
ACHILT;6266,9747,11986,12015,12266,12331
ACHIMR;12331,12363
ACHIMS;
ACHINP;2231,12282
ACHINR;2908,5855
ACHINS;768,2752,6264,9704
ACHINT;12324
ACHIOR;1986,6262,8943,9373,11898
ACHIOS;1986,8896,11097,11898,12030
ACHIPS;8692
ACHIPT;12257
ACHIQU;956,12282
ACHIRS;9774,12384,12390
ACHIRU;2912,8943,12035,12342
ACHIST;199,5702,9774
ACHISU;259,2459,2884,2885,2886,2912,9757,10985,11016,11978,12262,12287,12315,12342,12343,12381
ACHITT;954,8627,8715,9772,10626,10631,10996,12036,12285,12331,12363
ACHITY;8653,8715,9766,12004,12377,12383,12387
ACHKKU;
ACHKLS;19,2137,2939,6281,12397
ACHKLT;12396
ACHKLY;6272
ACHKNS;5696,5706,6064,6286,11003,11141,12261,12262,12400
ACHKOR;769,2483,8119,11139
ACHKOS;2475,5706
ACHKOW;12302
ACHKRS;
ACHKRU;2131,5915,6062,6069
ACHKSS;2754,5514,5911,6068,6263,6284,8721,9404,10197,11146
ACHKST;172,199,2479,5701,5706,6283,6286,8140,8328,8691,12260,12263,12300,12399
ACHKSW;
ACHKSY;6272,11143
ACHKTU;2131
ACHKTW;
ACHKWY;1900
ACHLLO;9775,10199,10641,12403
ACHLLY;2132,2138,6272,8443,8444,8696,9406,9753,9775,11149,11151,11901,12002,12004,12311,12312,12314,12316,12319,12323,12403,12405
ACHLNO;264,767,2895,2950,6282,12407
ACHLNP;9758,11893,12269,12313,12314,12409
ACHLNU;5918,5919,12407
ACHLOR;960,6247,8141,12407
ACHLOS;1679,11902
ACHLOT;264,2950,6266,11902,12016,12345,12396
ACHLRY;961,2949,2952,6247,8141,9777,9779,12408
ACHLST;11902,11904,12038,12414
ACHLSU;6281,8451,8485,9757,10985,11902,12342,12343,12411
ACHMMY;2815
ACHMOR;962,5800,8480,9755,10135,11139,11191,11896,12040,12363
ACHMOS;2815,5481,9401,10201,10202,10225,12416
ACHMPS;9401,10204,10225,12264
ACHMPY;10165,11065,11076,11085,12329
ACHMRS;2818,2939,2940,2955
ACHMSS;
ACHMST;6285
ACHMSU;2487,6072,6285,8487,9757,10195,11902
ACHMSY;9420,9766,11005,11078,11143,11182,11990,12042,12279,12355,12367,12416
ACHNOR;2144,10057,11164,12334
ACHNOS;1884
ACHNOT;264,954,1796,2950,6237,6243,6271,8700,11153,11186,11962,12252,12280,12281,12353,12356
ACHNOU;5857,5861,6271,6291,12252
ACHNOY;2144,6078,6248,11137
ACHNPU;2891,5861,11031,11066,11104,12031,12262,12282,12409
ACHNRU;
ACHNST;
ACHNTU;6271,6291,8650,8676
ACHNTY;
ACHOOS;1679,2916,6056,6080,8272,8496,8628,8697,8722,9756,9781,10202,10758,10784,11057,12242,12326,12352,12373,12406
ACHOOT;6243,6266,6278,12015,12252,12280,12353
ACHOPR;955,5704,6238,11980,12032,12033,12035
ACHOPS;8723,12404,12409
ACHOPY;2502,6277,8653,8715,9775,10214,10248,11076,11173,11205,12244,12269,12314,12319,12387
ACHORR;11980,12023,12032,12035,12040,12041,12364
ACHORT;8126
ACHOSS;271,2145,2960,12038,12045,12416,12424
ACHOST;2145,5707,6084,8140,8723,12394
ACHOSV;2504,9434,10250,12342
ACHOSW;692,2145,6084,8272,8677,9769,9787,11118,12030
ACHOTW;2145,6287,11230,12345,12356,12414
ACHOUV;863,10184,11186,12342
ACHPPU;11219
ACHPPY;10253,12255,12336,12418
ACHPRS;261,266,2818,2962,8692,11895,12299,12390
ACHPTY;950,2800,2820,2935,2937,8490,8653,8715,11205,12255,12294,12383,12386,12390
ACHQTU;272
ACHRRS;10,261,266,5513,12005
ACHRRY;961,963,2949,8264,8271,9777,12364,12392
ACHRST;11895
ACHSST;2145,2754,2814,8720,12038,12394,12401,12419
ACHSSU;20,271,2960,5514,6067,8947,10059,10647,11142,11170,12250,12391
ACHSSV;2484,6288,9926,9997,10647,11099,11235,12293,12297
ACHSSW;12346,12401
ACHSTU;5921,10985,11902
ACHSTW;771,2145,2814,2944,2955,2962,9774,9787,11904,12037,12393,12414
ACHSTY;950,2820,2943,2948,9766,12255,12330,12383
ACHSUW;8680,11138,12411
ACHTTY;8715,9772,10248
ACHTUW;2116
ACHVVY;
ACIIIL;2147,2757,2963,6293,8681,8730,9747,10648,11238,11905,11906,11907,12046,12430,12436,12437,12438,12439
ACIILS;1643,1812,2109,2793,8277,8746,9799,9803,11914,11967
ACIILT;1644,2792,2966,2972,8682,9747,11851,11986,12046,12086,12266,12438,12487
ACIILV;10599,11986
ACIIMN;2897,8733,9032,9094,9327,10004,10274,10276,10277,10600,12055,12092
ACIINN;1786,2746,8437,8513,10648,11305,11852,11877,11878,12049,12090
ACIINP;8144,8659,9284,10274,10747,10809,10980,10988,11309,11908,12072,12075,12103,12112,12269,12282,12427,12478
ACIINS;8642,8646,8733,11957,11983,11995,12057,12123,12124,12259
ACIINV;2836,6099,9099,12277,12290,12443,12444
ACIIRT;696,2829,2996,5511,5517,6307,6310,8657,11262,11861,11919,11986,12046,12088
ACIITV;11986,12086,12108,12110,12290,12521
ACIJOT;55,3012,6104,6317,9794,9828,11362,12550,12551
ACIKKS;1821,5868,6107,6318,8733,10291,10668,11359,11365,12127,12552
ACIKLN;5700,8221
ACIKMR;2839,2840,3014,6254,8146,12129,12131,12305,12556
ACIKMU;6254,11371,12129,12304,12556
ACIKNO;5700,6019,8412,8946,9732,9832,11370,11374,12304
ACIKNP;6108,11370,11375
ACIKNR;698,9832
ACIKNT;
ACIKOP;8946,9731,9795,12140,12558,12563
ACIKPS;1821,2359,8692,8773
ACIKPX;
ACIKPZ;
ACIKSS;978,2965,5712,8774,9834,9836,11882,12553,12560,12564
ACILLN;5935,6117,6118,6119,9837,11381,11391,11392,12314,12578
ACILLP;875,2963,3015,3024,3025,5815,6118,6324,6325,6328,8730,11387,11910,12144,12154,12427,12429,12453,12460,12569,12583
ACILLS;6321,8277,8777,8780,9796,12063,12066,12156,12554,12590
ACILLY;966,1681,1827,1901,2132,2163,2548,2560,3028,6325,8444,8534,9707,9792,9800,9838,11855,11970,12002,12128,12311,12314,12316,12323,12428,12569,12574
ACILMS;12593
ACILMX;2972,3035
ACILMY;1828,2167,3014,8632,8740,9754,11909,12328,12428,12451,12452,12465,12573,12600
ACILNO;2895,10339
ACILNP;9758,11893,12313,12427,12478,12627,12630
ACILNR;
ACILNS;768
ACILNT;5889,5932,10008,10334,10339
ACILNU;1811,5516
ACILOR;3024,11886,11911,11924,12150,12153,12430,12551,12585
ACILOS;12658
ACILOT;284,994,3012,3067,8143,11859,12551,12559,12578
ACILOX;5714,9807,11392,12585,12629,12659
ACILPS;8277,8773,8777,11914,12066,12460
ACILPT;
ACILRT;284,994,3036,3067,11986,12046
ACILRU;985,2976,6333,9807,11924,11927,12153,12579,12585
ACILRY;3039,12610
ACILSS;18,6334,12346
ACILST;17
ACILSU;2769,10078,12658
ACILSV;2913,3043
ACIMNO;8800
ACIMNR;
ACIMNS;8733
ACIMNT;12324
ACIMOO;998,2914,3083,5716,6142,6307,8149,8538,8540,8707,8708,8753,8802,11022,11928,12142,12353,12361,12567,12568,12591,12607,12608,12609,12693,12695
ACIMOS;3037,8915,8950,8956,9843,12616,12674
ACIMOT;6050,6142,6143,11079,11549,11555,11896,12191,12361,12363,12695
ACIMOV;8800,12572,12695
ACIMPS;2359,8420,12674,12698
ACIMPT;10274
ACIMRS;6327,8956,9843,9858,11554,12594,12616,12617,12674
ACIMRT;246,2829,3099,5716,6307,8657,12088,12363,12695
ACIMRY;2158,2840,3014,3093,8151,8234,8632,8775,9544,9853,10836,11531,12006,12087,12451,12695
ACIMST;2772
ACIMSU;3092,3096,9858,12185,12190
ACINNT;
ACINNY;2998,3084,8800,8807
ACINOR;9571,9817,9832
ACINOS;
ACINOT;12324
ACINOV;8560,8800,8807,9743
ACINOX;3084,9767,11392,12373,12482,12629
ACINOZ;11063,11532,12029
ACINPS;
ACINPT;
ACINRS;
ACINRT;
ACINRU;22,5493,10348,11324,11479,12121,12579
ACINRY;2998,6296,8558,8743,9477,9817,10782,11106,11257,11531,11603,12087,12124,12451,12455,12539
ACINST;
ACINSU;2768,2886,9704,9865,12262,12287
ACINSV;3008,12440,12443
ACINTT;1845,2931
ACINTU;8162,8650
ACINUV;
ACIOPR;955,3024,6238,6342,11886,11980,12032,12033,12035,12075,12140,12154,12476
ACIOPT;
ACIORS;3127
ACIORT;284,941,994,3067,3127,6307,6348,11861,12430,12551,12559,12613
ACIOST;6318
ACIOSV;1662,3130,8819,9743,11567
ACIOTZ;886,2371,3101,10097,11631,12607,12657
ACIPRS;6349,8692,8773,12299,12483
ACIPRY;1777,2909,6058,9486,11409,12154,12318
ACIPSS;12460
ACIPTT;1836,1845,2995,3064,10328,12495
ACIPTY;11085,12294,12390,12547
ACIQSU;1002,6320,12658
ACIQTU;12487
ACIRRS;1001,5513,12005
ACIRRT;182,284,2829,2996,3036,3067,3099,5517,6348,11888,12088,12655,12697
ACIRRU;182,1750,3099,5517,6348,10693,11131,11550,11888,12035,12121,12742
ACIRSS;8529
ACIRST;
ACIRSU;6349
ACIRSV;8819
ACIRTT;8627,12036,12331,12556
ACIRTU;182,815,1850,3099,5517,6348,12742
ACIRVY;2998
ACISSS;9865,11923,12512,12549,12699
ACISTT;
ACITUY;3023,3049,5867,6305,11383,11934,11935,12649,12668,12691
ACITVY;
ACJKOP;
ACJKSY;2659,11667
ACKKNS;903,5721,8733,10668,11359,11365,11676,12127,12552,12748
ACKKNY;12127
ACKKSY;6107
ACKLNS;
ACKLNY;12130
ACKLOP;6244,12558
ACKLOS;2475,5483,5657,8120,8354,9871,11141,11248
ACKLPS;8773,12555
ACKLPY;9797
ACKLSS;1006,6253,8721,11249,11882
ACKLSU;5484,5518,5520,6281,6320,9871,11666,11678,12554
ACKLTY;2663
ACKMSS;1010,1989,2965,6284,9873,11249,11663,11665,11686,12298,12305
ACKMSU;6285,8822,10195,11678,11685,12399
ACKNOW;11683
ACKNPR;6355,12140
ACKNPU;6108,6355
ACKNRS;6286,8293,11941,12400
ACKNRY;6355
ACKNSS;2965,8774,9834,9873,10457,11668,12226,12305,12398,12401,12751
ACKNST;82,2756,5706,6286
ACKNSY;3016,11667,11941,12127
ACKNTU;
ACKOPY;12563
ACKORS;3137,8293,9871,11689,11941,12755
ACKORY;2840,8271,8355,11377,12563,12755
ACKOSW;
ACKPRS;261,1009,8692,8773,12402,12755
ACKPSY;6236
ACKQSU;6320,9939
ACKQUY;
ACKRST;703,763,786,1005,6286,9871,12399,12755,12756
ACKRSW;2873,6321,8293,8722,8773,11941,12400,12748
ACKSST;978,1006,1010,1012,2184,2748,2749,2754,3133,5712,6240,6274,8693,8721,9836,9875,11882,11900,12298,12394,12553,12560,12564,12745,12756
ACKSSW;2662,2873,3133,5960,6255,8529,8586,8774,9873,11146
ACLLMY;966,980,2132,2874,3020,6325,11909,12142,12311,12428,12451,12452,12569,12573,12574,12761,12765
ACLLNO;244,1013,2163,2276,5963,6117,6165,6174,8479,8591,8637,8926,10199,10464,10641,10670,11149,11381,11391,11392,11699,12061,12128,12141,12221,12314,12578,12582
ACLLOO;6250,6352,8415,8636,9841,10731,11884,12758
ACLLOP;2900,2942,3024,3025,5965,6325,9775,9877,10199,10641,11702,11704,11910,12003,12154,12236,12313,12314,12317,12318,12569,12758,12768
ACLLOR;11910
ACLLOS;
ACLLOW;6167,6352,10452
ACLLSS;251,1006,2673,2876,6359,11711,12038,12394,12763,12770
ACLLSU;6281,6290,12315,12554,12771
ACLLSY;2943,3028,5917,10468,11412,11413,11708,11711,12002,12323,12405,12574,12759,12770
ACLLUY;6329,10029,10699,11383,11409,11697,11704,11901,12221,12760,12761,12767
ACLMMY;1828,2786,3143,12761,12772
ACLMOP;918,1016,2679
ACLMOR;2788,2946,3148,8151,8632,8775,11911,11928,12328,12430,12591
ACLMOS;184,986,2851,3144,8718,9802,9879,10202,11715,11717,12162,12593
ACLMPS;783,1004,2948
ACLMPY;1016,2946,3143
ACLMSU;
ACLMTU;63,294,11925,12266,12571,12572,12603
ACLMUU;2813,10701,12161,12407,12571,12603,12764
ACLNOT;264,280,3012,3032,6282,8637,11946,12324,12578,12603
ACLNOX;8598,11392,11735,11744,12482,12629
ACLNUV;2694,2698
ACLNUY;2222,3049,6197,6336,8599,8954,10699,11450,11746,11946,12221,12649,12767,12787
ACLOOZ;11014,11041,11042,12152,12316,12607,12630
ACLOPS;6268,11914,12242
ACLOPU;6244,12628
ACLORR;2788,3148,9776,9777,12757
ACLORS;
ACLORT;12430
ACLORU;2880,9776,9807,10622,12271
ACLORY;1018,1860,6247,6364,8141,8151,8632,8743,8795,9777,9779,11886,12178,12334,12408,12610,12770
ACLOST;8723,12404
ACLOSU;2187,12490,12658
ACLOSV;1859,1860,12781
ACLOSW;3144,9880,9881,11715
ACLOSZ;2907,9304,9750,12343,12414
ACLOTW;11947
ACLPSS;6353,12611,12774
ACLPST;12766,12771
ACLPSU;12771
ACLPUU;
ACLRRU;961,1019,1858,3073,9776,12798
ACLRST;
ACLRSU;209,12783
ACLRSW;2944,6321,8773,9881,11904,12414,12792
ACLRSY;1854,1860,6197,9779,10488,11890,11944,12408,12765
ACLRTU;297,1852,2687,2880
ACLRTY;12760
ACLRWY;784,12149
ACLSST;185,296,1006,1855,2814,3065,6334,9882,11882,12346
ACLSSY;1855,2876,6334,6366,8794,9712,9780,9851,9882,11165,11522,12335,12618,12759
ACLSTU;5520,6341
ACLSUV;6180,12342,12490
ACMMOS;2676,2815,3143,9656,10109,10521,10522,10936,11714,11770,11771,12179,12406,12592,12593,12674,12799
ACMNNO;1862,2798,3029,3083,3084,3144,8603,8781,8800,9658,9710,9737,10969,11715,11716,11773,11774,11775,12351,12567,12595,12680,12762,12801
ACMNOR;
ACMNOS;184,3144,9879
ACMNOT;1863,1864,2189,2678,2719,8595,9629,11153,11186,11695,11716,11769,11773,11779,12191,12324,12353,12356,12357,12396,12772,12801
ACMNOW;2720,3144,6368,10527,10969,11683,11712,11715,12021,12356
ACMNPU;3156,9746
ACMNSU;1830,6368,9884,12185,12190,12595,12773,12803
ACMOPS;12674,12698
ACMORR;12023,12040,12230,12363,12364,12508,12591,12610,12613,12697
ACMORS;8956,9858
ACMORT;8657,11555,11896,12363,12430,12695,12800,12801
ACMOST;
ACMOSU;1806,1904,3092,6276,6368,8950,9858,9884,12185,12803
ACMOTT;1863,2716,6261,8916,9141,10113,10519,11079,11197,11549,11555,11556,11716,11773,12191,12363,12691,12693,12800,12806,12807
ACMOTU;9629,11186,11695,11925,12571,12572,12800,12801
ACMPRS;1009,1774,2818,3146,12674,12698
ACMPRY;1016
ACMPSS;296,1010,2296
ACMPSU;2682,2725,3092,10607,11192,12555
ACMPSY;2818,2948,3143,12042,12231,12330,12355,12698
ACMPTU;2725,3089,12093,12692
ACMRSS;8829,8831,8832,12754
ACMRSU;753,1904,2725,3092,3096,5694,6191,6327,6368,8806,9622,9858,9884,10036,10082,10539,10607,11304,12803
ACMRSW;2298,2955,6368,8956,10392
ACMRSY;1854,2127,2818,11944,12042,12765
ACMSSU;8760
ACMSTU;299,6285,8806
ACMTUU;3099,12161,12571,12603,12764
ACMUUV;6333,11444
ACNNNO;988,1013,2950,6145,8375,8560,8807,8834,10888,11773,12099,12706
ACNNOS;2993,3144,9872,11918,12101,12677
ACNNOT;790,1865,2189,5727,8834,12801
ACNNOY;1862,2905,3084,8763,8800,8807,11946,12233,12622
ACNNRY;2998
ACNOOP;953,3109,6277,9758,11803,12313,12353,12628,12629,12630,12708,12717,12758
ACNOOR;12198
ACNOPS;1897,2993,3150,5991,8726,12101,12253,12409,12805,12815,12816
ACNOPY;2502,2928,3054,6215,6277,8811,9670,11803,11807,11809,11879,12209,12233,12253,12269,12314,12420,12622,12629,12637,12758,12814,12815
ACNORR;2143,8837,11793,12810
ACNORS;
ACNORT;790,1864
ACNORU;239,3156,8809
ACNORY;1632,2928,6248,8743,11803,12334,12455
ACNOSS;300,2192,3162,6370,8962,12808,12812,12815
ACNOST;9890
ACNOSW;692,2670,3144,6368,9673,9881,11698,11715,11818,12030,12234
ACNOSX;6141,12373
ACNOSZ;2907,8516,9427,11532,11607,11804,11820,12420,12721
ACNOTT;2181,12252
ACNOTU;264,2181,2789,6350,11186,11946,12252
ACNPSU;2768,2891,9865,12287,12805,12816
ACNPTU;2693,3064,3089,6355,8194,8650,9237,9565,10550,11822,12093,12409,12650,12692,12787
ACNRRU;22,963,1858,2694,9235,11948,12121
ACNRSS;300,1023,1866,2192,3159,3162,5884,6249,6370,8962,11891,12254,12751,12812
ACNRST;
ACNRTU;
ACNRXY;5997,12653
ACNSST;2785,2999,8764,8766,8794,8812,8813,9882,11891,12254,12419,12421,12459,12484,12534,12644,12646,12751,12808,12812
ACNSTU;
ACNSTY;2868,6214,9713,11783,11806,12124,12539,12688,12814
ACOOTV;8835,11632,12218,12695,12819
ACOPPR;6199,8795,12027,12034,12418,12476
ACOPRS;5991,10949,11792,12815
ACOPRT;
ACOPSS;3111,3166,6356,8814,8842,9784,12419,12421,12424,12745,12815,12820,12825
ACOPST;3138,8140,8719,8723,12255,12404,12766
ACOPSY;8576,8811,9598,9867,11788,12231,12698,12811,12814,12815
ACOPTW;12356
ACORRT;284,941,994,3036,3067
ACORSS;2192,3140,12611,12615,12770,12820
ACORST;
ACORSU;
ACORSW;3164,6368,8722,11904,11941,12234,12306,12400,12414,12792
ACORSY;1854,1860,9867,11843,11944,11981,12178,12770
ACORTT;12800,12806,12807
ACORTU;9849,12271,12551,12667
ACORTV;8835,12218,12819
ACORTX;9826,9830
ACORVY;1018,1860,2197,6217,6315,11803
ACORYZ;6248
ACOSST;2145,3166,11677,11834,12419,12421,12424,12808
ACOSTT;3138,6366,12345,12386,12492
ACOSTU;8671
ACOSUY;1868,2188,2685,6226,6336,6358,8485,8601,8671,9358,9532,11223,11670,11671,11724,11757,11934,12178,12227,12416,12581,12649,12661,12663,12668,12787,12793,12794,12803,12815
ACOSZZ;12543
ACOTTU;1857,1865,1902,2181,8638,8808,11556,12176,12252,12667,12691,12706,12800,12807
ACPPRY;3039,6199,8795,9486,11807,12418
ACPPSU;2290,3165,6349,9694,11469,11666,11765,12741
ACPRSS;6356,8842,12745,12795,12820,12825
ACPRSU;6349,8767,8806,12031,12692,12741,12771,12790,12796,12816
ACPRSW;2311,2962,8692,8773,9769,10356,12402
ACPSSU;237,9676,9865,12250,12815
ACPSTU;6341,8806,12692
ACRRSY;704,1001,3170,12392,12770
ACRRTU;182,3099,5517
ACRSST;1012,2184,3133
ACRSSU;159,5514,5884
ACRSSW;2312,2873,3133,8529,8586,9088,10568,10593,11236,11661
ACRSSY;2184,2200,8832,8842,9875,12254,12676
ACRSTT;2955,2962
ACRSTU;299
ACRSUY;1868,3142,6364,8248,8680,9614,11223,11517,11724,11757,12156,12178,12392,12447,12590,12765,12793,12794
ACSSTT;2193,3166,6366,12756,12797,12824,12825
ACSSTU;
ACSTTY;2958,6366,8820,9713,12547,12700,12780
ADDDDE;3171
ADDDEE;1869,3174,8844,12834,12838,12840
ADDDEG;12845
ADDDEL;12834
ADDDEM;3175,3180,12834,12847
ADDDEN;
ADDDEO;8844,12840,12844
ADDDEP;3176,12830
ADDDER;3177,12845
ADDDES;1026
ADDDEU;12834,12836,12843
ADDDEW;12845
ADDDOO;
ADDEEH;12903
ADDEEI;3184,12869,12890,12891,12900,12932,12933,12954
ADDEEL;1029,3181
ADDEEM;
ADDEEN;8851,12890,12891
ADDEER;3181
ADDEEV;3183,3200,12912,12928
ADDEEW;5729,6391,12903,12925,12942
ADDEFF;8886,8887
ADDEFG;8889,13011,13012,13013
ADDEFL;5730,13013,13017,13019,13023
ADDEFN;12890,12891,12896,13011,13013,13017,13019
ADDEFR;3181,12855,12858,12888,12896
ADDEGG;1034,1035,12900,12902
ADDEGN;302,1881,3202,8891,13047,13048,13049
ADDEGO;1038,1881,3210,8858,12902,13013,13026,13038,13039,13043,13045,13048,13049
ADDEGR;3202,13048
ADDEGU;1037,8858,8889,12901,12902,12914,13037,13041
ADDEHI;3184,3213,8895,12831,12903,13027,13055,13056,13059
ADDEHK;708,6387,12917,13068
ADDEHL;13027,13030,13031
ADDEHN;3177,3202,3218,3219,6413,8891,8898,8902,8903,13056,13059,13060,13061,13063,13068
ADDEHS;1884,3218,8902
ADDEIL;13019
ADDEIM;303,3184,3213,8911,12869,13019,13039,13056,13059
ADDEIN;303,3184,3213,12869,12890,13017
ADDEIR;
ADDEIS;
ADDEIT;
ADDEIW;6408,6420,8914,12869,12903,13035
ADDEKR;708,13068
ADDELL;3210,8926,12918,12973,13013,13023
ADDELN;305,13017,13019,13130
ADDELO;305,1040,3210,3231,3232,3233,3245,3248,6389,6416,6417,6427,12849,12892,12946,13013,13019,13023,13030,13031,13097,13107,13130,13132,13134,13136,13137,13140,13141
ADDELP;304,1046,3210,3215,13023,13130,13136
ADDELR;3181
ADDELS;6409
ADDELU;12834,12919,13037,13079,13140,13141,13142
ADDELW;6420,8925
ADDELY;306,13030,13077,13130,13136
ADDEMM;12919
ADDEMN;13019,13048,13059,13083,13130
ADDEMP;304,3225,3235,13077
ADDEMR;1042,8933,13048,13132
ADDENR;3177
ADDENS;1035,1881,1884,8894,8902
ADDENT;302
ADDENU;
ADDENW;12925,13068,13073,13112,13121
ADDEOR;8933,8941,13132
ADDEOS;1881,1884,3231,6401,6409,6416,8161,8894,8896,8902,13033,13049,13054,13089,13097,13144
ADDEOT;3248,6415,8933,8941,13031,13071,13074,13141
ADDEOW;3245,8930,8931,12925,13097,13121,13132,13134,13135,13136
ADDEPP;
ADDEPR;5734
ADDEPS;
ADDERR;606,6427,13048,13052,13074,13132
ADDERS;
ADDERT;8933
ADDERU;12836,12887,13098
ADDERW;
ADDERY;8921,8934
ADDETU;1048,6415,12860,12887,12972,13141
ADDETW;12903
ADDGIN;13156
ADDGIO;3255,3256,6386,13039
ADDGIP;3205,3208
ADDGIS;
ADDGIY;3256,13029,13156
ADDGMO;3256,13039
ADDGMU;12901,13047
ADDGOO;12912,13027,13030
ADDHIS;
ADDHOO;8903,12925,13065
ADDHOS;1884,6434,8896,8902,12866,12889,12928,13060,13164,13180
ADDHSU;3203,13164,13179,13180
ADDIKZ;
ADDIMR;3267
ADDIMS;8950
ADDIMY;3256,3264,3267,13077,13102,13158
ADDIOS;8161,8896,8919,8950,8951,8952,8957,8959,12963,13089
ADDITZ;3238,12935,12945,12958,12968,13039,13090
ADDLWY;13136,13169,13189
ADDMNO;3245,12896,12974,12984,12985,13130
ADDMOO;8933
ADDOOR;8933,8941,12912,13065,13120
ADDORS;607,713,1904,5735,6430,6432,6434,13164,13180
ADDORT;3268,8933,8941,13031,13074,13107
ADDOSS;1050,8164,8962,13188,13190
ADDOTU;1902,3233,3240,3248,6415,13086,13141
ADDRSY;307,3260,3265,5522,6432,13184
ADDSWY;1903
ADEEFL;1911
ADEEFM;1911,8968,8969
ADEEFN;12890,12891,13376,13389
ADEEFR;
ADEEFS;12899,13339
ADEEFT;13337
ADEEFZ;12891,13337,13352,13370
ADEEGG;13402,13406,13408
ADEEGL;13426,13430
ADEEGM;
ADEEGR;
ADEEHJ;13574
ADEEHL;5471,6440,13248,13350,13526,13535,13540,13586,13587
ADEEHP;1061,5524,6505,6513,13247,13248,13417,13527,13540,13552,13554,13565,13587,13590,13616
ADEEHR;3274
ADEEHT;12903,13248,13350,13550,13587
ADEEHV;13526,13535
ADEEHX;1907
ADEEIL;3317,9124,13350,13526,13540,13684
ADEEIM;6508,13402
ADEEIN;3334,12891,12955,13455,13564,13624,13786
ADEEIR;13657,13777,13817
ADEEIS;1929,8171,8181,9054,13402,13406,13565
ADEEIT;1928,9014,9041,9104,9147,9163,9164,13337,13350,13453,13455
ADEEIW;12869,12903,13350,13547,13766,13783,13784
ADEEJN;12969,13409,13624,13842
ADEEJY;
ADEEKL;1933,3192,8844,9066,12917,12939,13268,13400,13625,13845,13846
ADEEKP;13211,13850
ADEEKR;13400,13845,13846
ADEELM;
ADEELN;
ADEELO;5471,6389,6562,6575,8175,8844,8862,9035,9037,9124,9196,9199,12946,12976,13287,13380,13399,13473,13540,13574,13582,13586,13595,13720,13870,13871
ADEELP;9125,13540
ADEELR;
ADEELS;
ADEELT;
ADEELV;13526,13535
ADEELY;1942,3364,9006,13247,13908
ADEEMN;
ADEEMO;3369,6390,6514,12976,13473,13550,13586,13669,13767
ADEEMR;
ADEEMS;
ADEEMT;8174,8981,9075
ADEENN;3176,3197,3369,8968,9199,13346
ADEENP;3176,8194,9025,9076,12922,13295,13417
ADEENR;13310,13517,13624,13842,13979
ADEENS;
ADEENT;3334,13310
ADEENV;13295,13643
ADEENW;3308,6534,12925,13229,13254,13346,13384,13884,13979
ADEENY;6570,13496,13908
ADEEPR;13657
ADEEPS;13406,13412,13554,13565
ADEEPT;8866,9222,13295,13519
ADEEPV;13295
ADEEPZ;9104,13554,13657,13680,13784,13817
ADEERR;13842
ADEERS;
ADEERT;
ADEERV;9102
ADEERW;
ADEERX;6602
ADEERZ;3361,5769,9176,12911,13370,13500,13505,13571,13657,13803,13817,13830
ADEESS;12842,13277
ADEEST;
ADEESV;
ADEESX;8184,9169,12954,12963,13788,13918
ADEESZ;9178,9260,13352,13571,13793,13830,13841
ADEETT;8859,9075,9085,9164,9179,13337
ADEETZ;3310,5769,9104,9176,9178,13337,13450,13663,13803,13830
ADEEVW;
ADEFFF;14029
ADEFFG;
ADEFFI;3386,9264,13337
ADEFFN;8886
ADEFFW;
ADEFFY;9006
ADEFGG;
ADEFGN;1956,6606,13012,14034
ADEFGR;6606,14038
ADEFGS;14051,14052
ADEFHL;9009,9271,12831,13350,14063
ADEFHS;9272,9278,14075
ADEFHT;14057
ADEFIK;5787,6479,9265,9288,14077
ADEFIL;3388,6608,9271,9291,13350,14063
ADEFIN;13017
ADEFIR;14116
ADEFIT;725,5787,5788,9264,9289,9291,9293,9298,9300,13210,13337
ADEFIW;6606,9276,13350,13355,13371,13373,14063,14088
ADEFKL;14118
ADEFKN;9288
ADEFLM;1911,6608,6611,9291,13357,14060,14095,14096,14123
ADEFLN;3393
ADEFLO;1959,6608,13013,13019,13023
ADEFLR;3393
ADEFLS;3405,14052,14137
ADEFLU;14092
ADEFLW;13346,13350,14063
ADEFLY;9006,9273,13378,14042,14137
ADEFMO;3395,6608,6611,13019,14082,14093,14096
ADEFMR;314,6611,14093,14096
ADEFMT;3395,6609,8969,9291,13347,13385,14045,14094
ADEFMY;3406,13385,14119
ADEFNN;3390,8968,13215,13388,14140
ADEFNR;1956,3393,3403,8967
ADEFNU;3400,9284,14084,14108,14140
ADEFNW;6606,13346,13371,13384,14088,14120
ADEFNY;9273,13385
ADEFOR;14057,14109
ADEFPR;9298,14123
ADEFRR;1956,9024
ADEFRS;
ADEFRT;1080,3393,3403,14057
ADEFRU;314,3391,6616,14140
ADEFRY;13385
ADEFST;3405,14138
ADEFTT;1961,3400,5787,9308,13337,13345
ADEFTU;3391,3400,6478,6605,6616,9297,12859,13388,14084,14085,14143
ADEFTW;13350,14063
ADEGGG;1082,3281,14151,14152,14153
ADEGGH;1034,6621,9309,14155
ADEGGI;3410,3412,9309,13025,13401,14151,14152,14153,14156,14161
ADEGGJ;13409,14151,14152
ADEGGL;
ADEGGM;3412,3413
ADEGGN;1034,1082,1084,3412,3413,3418,6626,9309,14153,14159,14173
ADEGGR;
ADEGGS;
ADEGGT;1084,3410,6626,6627,13026,13401,14161,14167
ADEGGU;6627,13026,14155,14173
ADEGGV;316,317,3411
ADEGGW;6447,9309,14173
ADEGGZ;3417,14159,14173
ADEGHI;9311,12903,13027
ADEGHN;
ADEGHS;5792,9272,14206
ADEGIM;1087,9035
ADEGIN;13455
ADEGIT;12903,13041,14175
ADEGJS;6654,13409,13429,14253
ADEGKW;
ADEGLL;14356
ADEGLN;
ADEGLO;6657,13030,13399,14171
ADEGLR;
ADEGLS;13483,14052
ADEGLY;6623,13030,14356
ADEGLZ;3431,3434,6645,9325,14210,14212,14228,14265,14278,14281,14288,14297
ADEGMM;321,1087,1916,3206,3439,9038,9340,14163,14234,14257,14363
ADEGMN;
ADEGMS;5794,9355,14353
ADEGMU;1963,14308
ADEGNN;1082,8891
ADEGNP;14239
ADEGNR;
ADEGNT;14175
ADEGNU;
ADEGNW;
ADEGOR;610
ADEGOS;9051,13483,14052
ADEGOT;
ADEGPP;13416
ADEGPR;
ADEGPS;9051,14186,14191,14287
ADEGPU;14308
ADEGPW;13421,14340
ADEGRR;9332,14289
ADEGRS;
ADEGRT;
ADEGRU;1649
ADEGRV;14241,14247,14262,14285,14294,14296,14297,14331,14343
ADEGRY;8971,13490,14190,14202
ADEGRZ;13505
ADEGSS;3422,14191,14194
ADEGST;6654
ADEGSW;3465,9318,13421,13468,13483,14295
ADEGUV;
ADEHHK;9311,14175
ADEHHS;3419,3479
ADEHIJ;
ADEHIL;9057,12831,13027,13350,13509,13526,13536,13541,14063,14398
ADEHIN;3184,3213,13059,13564,14411
ADEHIR;14421
ADEHIS;
ADEHIZ;9057,9060,9395,14401,14480
ADEHJS;1100,14492
ADEHKN;13068,14493
ADEHKR;13533
ADEHKS;
ADEHKW;1101,1104,3507,6673,14416
ADEHLM;1977,1992,3484,3505,8973,9055,9057,12834,12919,13509,13536,13587,13589,14398,14497
ADEHLN;14498
ADEHLO;1040,1652,3487,5471,6389,8206,8862,9369,9411,13027,13030,13399,13540,14179,14197,14402,14404
ADEHLR;3505,13031,14200,14421,14510
ADEHLS;
ADEHLT;1061,3485,6440,13248,13350,13539,13587,14063,14398,14405,14425
ADEHLU;12834,12919,13245,13596,14398,14404,14439
ADEHLV;187,13246,13514,13526,13535
ADEHLW;13250,13350,13536,14063,14405,14510
ADEHMM;12919
ADEHMR;6449
ADEHMS;13554
ADEHMW;3507,9386,13536
ADEHNP;323,3307,13602
ADEHNR;3177,3274,13068,13517,14493
ADEHNS;1884,8902
ADEHNT;3485,14411
ADEHNU;8886,9064,13244,13605,14498
ADEHOR;3488,6670,13517,13574,14410,14421,14537
ADEHOX;13517
ADEHPP;13587,14395
ADEHPR;14526,14532
ADEHPS;14531
ADEHPT;1061,13248,13519,13587
ADEHRR;
ADEHRS;14206
ADEHRT;14057,14500,14521
ADEHRY;5756,5800,14155
ADEHSS;
ADEHST;
ADEHSU;3203,9272,9278,9439,13619,14206,14397,14479,14535
ADEHSV;3524,9278,9434,14529,14536
ADEHSW;1985
ADEHSX;
ADEHTT;13248,13616,14063,14193,14194,14208,14406,14488
ADEHTW;12903,13350,14063,14405
ADEHTY;3520,13519
ADEHYY;
ADEIJL;2011
ADEIKL;13400
ADEIKP;5659,8223,9103,9104,9289,14669
ADEIKR;13400,13530
ADEILL;1109,6452
ADEILM;1119,13102
ADEILN;3576,12849,13017,14582
ADEILO;9446
ADEILP;
ADEILR;
ADEILS;
ADEILT;13350,14063,14398,14562,14582,14731
ADEILU;
ADEILV;
ADEILW;3323,3578,6420,6423,6747,8914,9540,13106,13350,13355,13536,13707,14063,14405,14595,14753
ADEILY;3438,13077,13102,14742,14743
ADEILZ;1109,2032,3530,3558,3598,6422,6645,9057,13680,14210,14212
ADEIMM;191,1087,14082
ADEIMN;1087,8232
ADEIMR;9452
ADEIMS;
ADEIMV;13758,14602,14829
ADEINN;3541,6410,8232,14834
ADEINP;9284,14834
ADEINR;
ADEINS;
ADEINT;14175,14665
ADEINV;
ADEINW;2056,3578,3626,9574,12869,13371,13779,13784,14622,14663,14834,14838,14858
ADEINZ;6762,9060,9157,9391,9524,13124,13564,13713,13714,13803
ADEIOR;6631,6670,9373,13657,13814,14474,14480
ADEIOT;2061,6670,9141,9264,9446,13814,14474,14480,14665
ADEIPR;3631,13657
ADEIRR;
ADEIRS;
ADEIRT;9176,9494
ADEIRU;13814,13817,14480,14893
ADEIRV;9102
ADEIRW;2056,3578,9540,9558,9574,14663,14675,14803,14835,14839,14858
ADEISS;
ADEISU;1929,2005,2058,14464,14661,14664,14789
ADEISV;
ADEISW;3323,8242,13197,13468,14295
ADEISX;8184,9169,9457,13739,13788
ADEISZ;614,1130,2032,3615,9157,13659,13717,13793,13830,13841,14098,14788
ADEITU;1127,3556,5788,5830,6616,9494,14103,14192,14774,14777
ADEITV;
ADEITW;6670,6747,8914,9399,9540,12903,13350,14063,14405,14474,14622,14838,14858
ADEITX;3567,6542,8184,9179,14541,14776,14777
ADEIUX;9179,13739,13750,13794,14777
ADEIVV;13684
ADEIVW;6552,14675
ADEIVZ;3598,9524,14297,14596,14616,14657
ADEJKU;
ADEJMM;14663
ADEJPP;
ADEJPR;13658,13659
ADEJPU;14664,14899,14900
ADEJRR;13624,13842
ADEJRU;
ADEJRY;
ADEJZZ;
ADEKKR;6770,9620
ADEKKY;14665
ADEKLN;14902
ADEKLR;5837,9618,13268,13400,13845,13846
ADEKLS;
ADEKLT;13268,13846,14117
ADEKLW;1101,1933,14902
ADEKMR;6770,9620,13845
ADEKMS;
ADEKNR;3455,13068
ADEKNS;
ADEKNT;14117,14665
ADEKNW;5731,13068,14493,14902
ADEKNY;14665
ADEKOS;616,1132,5838,6722,9401,13660,14903,14909
ADEKOY;9625,14355,14665,14908
ADEKPR;5837,8223,9620,13850,14908
ADEKPY;14908
ADEKQU;
ADEKRR;13577
ADEKRS;
ADEKRW;1104,3644,14675
ADEKRY;14355,14908
ADEKST;3548
ADEKUW;
ADELLL;1046,3346,3348,9186,13377,14910,14911
ADELLM;3505,3549,13667,14553
ADELLP;6779,13023,14911
ADELLR;2069,3505,13212
ADELLS;14052
ADELLU;1665,3650,5773,9186,13245,14914
ADELLV;
ADELLW;2069,6420
ADELMM;14919
ADELMO;9196
ADELMP;3663,14497,14502,14503
ADELMR;9452
ADELMS;
ADELMT;319,1119,1992,3549,3647,3656,5533,6675,14266,14398,14503,14562,14699,14724
ADELMU;3659
ADELMW;3642,3657,13536,13884
ADELNO;1134,3245,13871,14120,14902
ADELNP;323,334,3650
ADELNR;
ADELNS;
ADELNT;14420,14582
ADELNU;334,3650
ADELNW;13884,14902
ADELNY;1139,2067,14401
ADELOP;6562,13023,13136
ADELOR;13399
ADELOS;14052
ADELOV;13380,13535,14572
ADELOZ;13476,13486
ADELPP;
ADELPR;5837
ADELPS;
ADELPT;14911
ADELPU;334,2089,3650,3659,14404,14911
ADELPW;13136
ADELPY;8230,9125,13077,14436
ADELRR;3660,3663,14916
ADELRS;
ADELRT;
ADELRU;13599
ADELRY;
ADELRZ;92,2026,3361,3558,6748,14297,14428,14693
ADELSS;
ADELST;
ADELSU;
ADELSV;156
ADELSW;14595
ADELSY;5541,9072,13378,14356,14948
ADELUV;14297,14940
ADELUW;6420,6423
ADELVV;13684,13916
ADELWW;
ADELWY;13136,14121,14510
ADELZZ;3585,6645,13886
ADEMMN;9133,9222,9542,9653,14082,14663,14780,14919,14966
ADEMMR;321,14362,14363,14966
ADEMMS;13926
ADEMNN;27,3369,8968,13749,13932,14364
ADEMNO;13417
ADEMNP;13295,13417,14927
ADEMNR;
ADEMNS;
ADEMNT;
ADEMNU;13244,13885
ADEMOP;3663,9196,14123
ADEMOR;6770
ADEMOT;3507,5533,6415,6675,8252,8916,9141,9196,9419,9657,14359,14503
ADEMOV;14602
ADEMOW;3507,3642
ADEMPP;13587
ADEMPR;3663
ADEMPT;8981,9196,9222,13295,13555,13587,14503
ADEMPU;3659,6785,9470,13602,13850,13885,13962,14301,14613,14615,14727,14927
ADEMPV;13295
ADEMRR;3660,3687
ADEMRS;
ADEMRT;14500
ADEMRU;314,9470
ADEMRW;3642,3657,6782,9558,12942,13384,13536,13884,14663
ADEMRY;5800,6460,6786,13889
ADEMSS;5838,13129
ADEMST;
ADEMSU;
ADEMTT;1119,2042,2048,3354,9074,13932
ADENNP;3176,3197,9545,9658,9670,12922,12992,13146,13605,13967,14140,14543,14834
ADENNT;
ADENNU;3618,3691,12992,12993,13605,13975,14140
ADENNV;195,3541,9199,9229,12864,13278,13780,13893,13931
ADENNW;6733,13346,13779,14088,14120,14834
ADENOS;3694,14996
ADENOT;14665
ADENOU;9331,13967,14746,14851,14914,15008
ADENOY;3520,8238,9224,13496,14665
ADENPP;3650,9119,14625
ADENPR;323,3512
ADENPS;
ADENPT;13295,13519
ADENPW;13136,13707,14834
ADENPX;1068,6461,6570,13794,13885
ADENRR;13945
ADENRS;
ADENRT;3403,13294,13925
ADENRU;
ADENRW;13068,13254,13384,13884,14663
ADENRY;3696,15004
ADENRZ;1124,1984,2026,3361,3415,13476,13631,13714,14159,14249
ADENSS;
ADENST;
ADENSU;
ADENSV;
ADENSW;9673,14996
ADENSY;1670,3423,8190,13429
ADENTT;3652
ADENTU;
ADENTV;13295
ADENTW;13254,13612,14871
ADENUW;14858
ADENUX;12992,13750,13885
ADENWY;13136
ADENWZ;13784,14173,14838
ADEOOR;620,2066,3418,3455,6621,6812,8207,9180,9567,9666,9691,13065,13120,13842,14109,14916,14917,14929
ADEOPP;1152,1950,2102,6813,9393,9411,13126,13540,14402
ADEOPS;
ADEORR;3232,3587,14289,14916,14917
ADEORS;
ADEORT;13074
ADEORW;3657,6670,9558
ADEOSV;1662,13813
ADEOTU;8208,8252,13086,14900,14968
ADEOTV;3378,13846,13861,13958,14013,14014,14536
ADEOTZ;9300,9395,14480,14585
ADEOVW;3672,14529,14536
ADEPPP;14016
ADEPPR;1152
ADEPPS;
ADEPPT;2102,3636,14625
ADEPPW;
ADEPPY;3696,9125,9486
ADEPPZ;
ADEPRR;9029,14389
ADEPRS;
ADEPRT;
ADEPRW;
ADEPRY;9486,14190,14393,14526,14908
ADEPSS;9404
ADEPST;
ADEPSU;3690,13412,14664
ADEPSY;9491,9598,14531
ADEPTT;330,3636
ADEPTU;2089,14911
ADEPUY;14439
ADEPWY;13136
ADERRS;
ADERRT;3705,13074
ADERRW;6408
ADERRY;6786,9701,13074,13323,14348,14380,14488,14962
ADERST;
ADERSU;
ADERSW;
ADERSY;14368,15004
ADERSZ;189,1130,3504,3615,6822,9260,9602,13067,13571,13830,13841,14477,14788,14882
ADERTT;
ADERTV;317
ADERTW;
ADERUW;9649,13619,13814,14819,14858,14894,14944
ADERVV;3473,13654,13916
ADERWY;14121,14510,14895
ADERZZ;6754
ADESSS;3475,3676,5842,6662,9261,9437,12973,13152,13852,13920,14023,14025,14028
ADESST;8256
ADESSY;6692,6819,9301,14137,14552,14963
ADESTT;
ADESTU;6654,14397
ADESTV;
ADESTW;1143,14122,14995
ADESTY;9405,9491,9598,13054,14397
ADESVW;13468
ADESWY;745,1954,6692,9260,9405
ADETTT;3377,3636,9483,9605,13932
ADETTU;3366,3466,9179,9305,9308,13292
ADETTV;330,3454,3641,9541,9615,14013,15008
ADETTW;1976,5757,9438
ADETUV;3339
ADETVW;14536
ADEVYZ;
ADEWZZ;14173
ADFFOR;1079,1157
ADFFRS;310,13334
ADFFRY;1157,15031
ADFGIN;5850,9705,9706
ADFGLY;9273,14042,15034
ADFHSU;9272,9278
ADFILU;3714,6612,6830,9291,13157,14043,14092,14094,14099,14103,14104,15034,15047,15048
ADFILY;6829,8260,9273,9707,13158,14042,15034,15048,15051
ADFINR;6830
ADFIRT;9293,9298,9299,9300,13210,13363,13374
ADFISV;3708,14069,15054
ADFLSU;13157,14125,14134,15048
ADFLTY;8260,9006,14121,14137
ADFLYY;
ADFMNO;3395,9710,14074,14082,15056
ADFMOU;14074,14124,15053,15057
ADFNOS;6832,9295,9709,9712,14083,14110,14111,14141,15043,15054,15059
ADFNOT;3395,9014,9296,9306,13369,14047,14056,14074,14117,15068
ADFORR;2111,6833,9708,14046,14109,15035,15053,15057
ADFRST;6834,9714,9715,13160,15038,15055,15066,15069
ADFRSU;15038,15059
ADFRSW;9714,13160,15066
ADFRTY;3406,13385,14121,15068
ADGGRY;15085
ADGHIN;6837,15091
ADGHNO;3202,9028,13417,15091,15113
ADGHRU;1966,3731,6484,13340,14155,15102,15106
ADGIIN;3721,9705,15128
ADGIJN;9721,14252,14253,14254
ADGIJO;3746,14152,14252,14254,15171
ADGILN;
ADGILO;3256
ADGIMW;15157
ADGIMY;3256,9341,15032,15154,15155,15191,15193
ADGINO;
ADGINR;
ADGINT;3721,14175,15128
ADGINU;9740
ADGINV;1167,2125,3721,3739,9743,15128
ADGINW;
ADGINZ;3711,15155,15164
ADGIRV;13466,14241,14247,14262,14274,14285,14294,14296,14297,14331,14343,15186
ADGJOS;
ADGLLY;13470,14356,15085,15176
ADGLNS;
ADGLNU;15113,15214,15216
ADGLNY;3777,15034,15182
ADGLOP;9731,15113,15136,15216
ADGLOY;3256,6623,9745,13030,13485,14356
ADGMNO;1161,9737,9739,13417,15149,15150,15151,15193
ADGMOS;2126,5794,15149,15191,15193,15220
ADGNOO;6626,9356,15164
ADGNOP;344,8946,9731,9746,15084,15106,15113,15173,15216
ADGNOR;344
ADGNOS;
ADGNRS;
ADGNRU;
ADGNSW;1168,13050,13421,13498
ADGOPS;9051,15094
ADGORW;6850,15036,15200,15208
ADGPRU;9746,15216
ADGRSU;6432,15220
ADHHIS;2130,3419,3786,15086
ADHHIT;6856,14175,14383,14386
ADHHIW;14386
ADHHKU;
ADHHOU;14179
ADHHOW;
ADHHWY;
ADHIIJ;
ADHIJS;3727
ADHIKS;199,15097,15241
ADHIKU;2131,15096
ADHILO;767,1676,3487,3488,3793,6856,8267,8268,8269,9380,13541
ADHILS;
ADHIMR;6859,15096
ADHINS;3712,3798,6433,9704,9759,14400,15257,15265
ADHIOO;3799,5858,8267,9758,9764,9767,13027,13065,14183,14456,14473,14474,15041,15256,15260,15261,15267
ADHIOR;2115,3488,3730,3731,3787,3799,6631,6670,6856,6859,8943,9373,13061,13065,13541,14408,14410,14421,14450,14456,14474,14480,15260,15261,15267
ADHIPS;
ADHIRS;3802,9774,15235,15258
ADHIRY;3797,3802,15254,15260,15271
ADHISS;15247,15255
ADHISW;337,3791,6433,9386,9752,9774,15097,15111,15244
ADHJKO;
ADHJOS;14492
ADHKKU;
ADHKLO;
ADHLOR;3487,3488,3793,6856,6859,13031,13399,13574,13595,14421,14497
ADHLOS;1679,5548,6840,15114,15277
ADHLRY;9414,9777,9779,13593,14200,14510,15275
ADHLSU;2142,6840,9757,9763,13179,15098,15114,15236
ADHMNO;2143,3789,9383,9416,9754,9782,13417
ADHMNU;3734,13244,14074,14513
ADHNNU;5801,5856,9421,13605,13606,15272
ADHNOO;3799,8207,8267,8903,9758,9767,12925,15041,15227,15256,15260,15261
ADHNOR;2143,3202,3799,9782,13061,13517,14410,14500,15227,15260,15261,15279
ADHNOS;1884,3798,8902,9409,9410,9759,13516,14390,14506,15257,15277
ADHNOU;15113
ADHNPU;5861,13602,13605,15113
ADHNRU;3734,5856
ADHNSS;3261,3805,8947,15229,15277,15281
ADHNSU;2142
ADHNSY;9410,9759,13518,14400,14501,15249,15257
ADHOOR;3799,5858,6859,8207,9764,14473,15227,15260,15261,15267,15279
ADHORS;14537
ADHORU;8943,13596,14155,14421
ADHOSS;1050,3809,6517,6687,9403,9415,9768,9780,9784,12929,13580,13604,14198,14508,14527,14530,14534,14535,15229,15240,15287
ADHOSW;8272,8274,9769,9787,14416,14507,15097,15280,15283
ADHPRU;1998,13423,13602,14439,15248
ADHPUU;
ADHRRU;8263,8264
ADHRSS;6865,15229,15281,15287,15288
ADHRSY;3802,9774,15040,15042,15099,15253,15271
ADHSSU;3809,14443,14486,14518,14527,14535,15108,15110,15281,15288
ADHSWY;9405,9774,13547,15040
ADIIKO;9795,14551
ADIIKY;6873,9797
ADIILL;338,773,1109,1681,2148,3394,8159,9321,9368,9446,9707,9792,13526,14539,14553,14555,14560
ADIILM;2147,2150,3713,3815,5803,6608,6874,6876,9089,9091,9323,9448,9450,9452,9801,13077,14398,14553,14562,15135,15136,15137,15138,15234,15311,15312
ADIILN;351,2151,3714,5855,13183,13630,13631,14400,14401,14582,15235
ADIILR;5855,6882,9804,9806,9807,9808,15046,15312,15315,15319,15325,15327,15329
ADIILS;352,1643,3788,3812,13184,15048
ADIIMN;3789,3825,6874,15293,15311,15333,15334
ADIIMO;3789,3825,5803,6608,6874,6876,8261,13081,13167,14082,15136,15137,15150,15151,15234,15293,15311,15331,15332,15333,15334,15339
ADIIMR;2150,2157,3481,3540,3825,9323,9452,14234,14406,15293,15333,15334
ADIINS;6858,8112,13626,14400,14538,14550,14552,14554,14570,15043,15349
ADIINV;3721,9327,15128,15296,15302
ADIINZ;3711,15155,15164,15299,15300
ADIIPR;2153,2154,3787,9798
ADIISY;3265,3788,5862,5863,5866,5867,6870,6884,9727,9800,9815,9816,13084,13184,14400,14610,14651,15048,15324,15328,15330
ADIJMS;9793
ADIJNO;3746,14252,14254,15171
ADIJSS;13658,14664
ADIKMO;3748
ADIKNO;3748,5852,8946,9731,9832,14255,14551,14665
ADIKNP;8946,9731
ADIKOS;5868,6889,15097
ADIKOT;
ADIKST;199,5810,9103
ADIKSU;6889,14668,15303,15305
ADIKTT;5787
ADIKTZ;9104,13663
ADIKUZ;
ADILLP;3814,15173,15176,15248
ADILLY;1174,1681,2132,9707,9792,9838,13155,15051
ADILMO;3815
ADILMS;
ADILMY;13077,13102,15138
ADILNN;2151,8954
ADILNO;
ADILNR;5855
ADILNS;13178,15249
ADILNT;3714,3754,8229,14420,14582,15178,15181,15182,15376
ADILNU;3714,15382,15383
ADILOO;3754,9723,9724,9840,9841,13027,14183,14681,15027,15374,15376,15382,15388
ADILOP;3811,15385,15388
ADILOR;13158,15039,15315,15380
ADILOZ;15142
ADILPS;6831,8277,15385
ADILPU;3757,3844,14691,14769,15248,15385
ADILRS;9808,15039,15040,15120,15246,15290,15315,15323,15380
ADILRY;13158
ADILRZ;2026,3558,6748,6896,14297,14428,14693
ADILSS;9762,9850,15087
ADILST;
ADILSU;2165,3844,5873,8288,9763,9850,15236
ADILTU;3556,3714,8907,13738,14398,14561,14562,14593,14699,14731,14774,14777,15181
ADILTY;3438,3564,6644,13102
ADILUV;13684,14297,14726,14768,15186
ADILVY;3858,5765,13546
ADIMMT;
ADIMNO;5547,15293,15334
ADIMNR;9810,9811,15293,15334
ADIMNS;
ADIMNT;9739,9810,9814,15154,15178,15293,15334,15376
ADIMOT;5533,15178,15293,15334,15339,15376
ADIMOY;3797,5865,8234,9341,9544,9853,14795,15398
ADIMPY;13077
ADIMQU;13770,15057,15342,15405
ADIMRS;
ADIMRU;208,1178,1184,2172,3869,6901,9853,13770,14727,15057,15096,15172,15405
ADIMRY;9853,15381,15398
ADIMSS;
ADIMST;
ADIMSU;6900,13186,15243,15336
ADIMSY;
ADIMTX;3567,6542,14815,15334
ADIMWY;
ADINNN;15135,15179
ADINNP;14543,15044
ADINNU;3618,5856,13750,13777,15407
ADINOR;9811,9832
ADINOS;6903,8112,15349,15356
ADINOX;9767,15311
ADINPT;15044
ADINPU;3621,3745,3757,6762,6843,9284,9740,9865,13794,14638,14851,15385
ADINQR;3618,3775,9571,14869
ADINRS;
ADINRT;
ADINRU;3878,15407
ADINRW;13371,14663,14858
ADINST;
ADINSU;2058,3621,6900,9704,9865,13186,14464
ADINSV;9743
ADINSW;6433,15364
ADINTY;6644,8229,8238,9560,14665,14842,15154,15182,15354,15398,15409
ADIORS;6908,15315
ADIORT;6670,14474
ADIOST;3840
ADIOSU;8950,13186,15180,15198,15320,15336,15356
ADIOSV;1662,9743,13104,13813,14710,15291
ADIOSX;3880,15271,15392
ADIOSZ;1169,15336
ADIPRS;
ADIPSS;15402
ADIPSX;3632,3880,9166,9169,13565,13788,13811,14435,15392
ADIQTU;3339,15325
ADIRRS;
ADIRRT;3883,6879
ADIRRZ;612,3417,3604,3613,3640,13832,14800,14825,14891
ADIRST;1185,15112
ADIRSU;9808
ADIRSV;
ADIRSW;337,3323,3791,8242,9752,9774,13197,14295,15111
ADIRSY;3715,9301,9867,13209,14651,15040,15042
ADIRSZ;348,1130,1169,3497,3615,9157,9391,9602,13067,13659,14470,14477,14788,14882
ADIRVZ;14297,14616,14657
ADIRWZ;6896
ADIRZZ;6754
ADISST;6894,6906,15060,15062,15087,15367,15412,15413
ADISSY;3882,9301,9762,9771,9852,9860
ADISTU;1683,5867,15112
ADISTV;3708,3857,3881,9743,15353
ADISVV;
ADISYY;13178,15365,15369
ADITTY;3438,3833,13102,13182,14233,14488
ADJKOU;
ADJNOR;13842
ADJNSU;15303
ADJOPY;
ADJSTU;1131,1189,6654,14898,14900
ADKKSU;
ADKLNY;
ADKLRY;784,9182
ADKLSS;3803,3887,5809,12842,13576,13847,15363
ADKLSY;15241
ADKMSU;14353,15243
ADKOPS;9401,14669,14904
ADKOPU;
ADKOSV;13860,13861
ADLLOP;6562,8224,9775,9877,13023,13870,14682,15113
ADLLOR;15368,15425
ADLLOS;3840,6840,8960,9193,13877,14052,14492,14681,14683,15064
ADLLUY;6780,14666,14698,15031,15085
ADLMNO;6912,9629,14902,14926
ADLMOS;
ADLMOW;3245,3642,3657,13132,13884
ADLMPY;13077,15430
ADLMSU;209
ADLMSW;
ADLMTU;3458,3659,14266,14352,14398,14562,14699,14927,15178,15366,15376
ADLNOO;6912,14902,15052,15374,15376,15382,15432
ADLNOR;
ADLNOS;
ADLNOT;3754,6912
ADLNOU;14940,15074
ADLNOX;15311
ADLNPU;334,3650,3659,3757
ADLNRU;365
ADLNSU;
ADLOPU;14179
ADLORS;1190,5878,15323
ADLOSS;1195,3859,6875,9780,15065,15436
ADLOSU;13179
ADLOSW;1190,1191,5879,9778,9876,15064,15066,15277
ADLPSS;2078,3889,3890,15277,15437
ADLPSU;
ADLRSU;9763,9808
ADLRSW;6914,9778,9881,15040,15066,15423
ADLRWY;784,14510,14965,15040
ADLSTU;1189,13179
ADMMNO;3601,13162,14082,14780,14966
ADMMOT;2189,3601,3656,9542,9543,9657,14780
ADMNOR;9710,9811
ADMNOS;9872
ADMNOY;3369,9224,14795
ADMNRU;100,208,1178,1184,2172,3734,3885,3888,3894,6901,9811,15152,15172,15395,15401
ADMNSU;3895,15378,15395
ADMNUY;3777,3888,13113,13186,15395
ADMORR;343,2143
ADMORU;3869,9551,9811,9853,14966,15057,15339
ADMOSU;8252,8950,13410,14968
ADMRSU;
ADMSTU;3373
ADMSUW;15404,15429
ADMTUY;3782,14820,15428
ADNNOO;6849,9666,14929,15080
ADNNOR;1197,5885,14140,14985
ADNNOS;8902,9049,13103,13144,14390
ADNNOT;
ADNNOU;6788,9855,13777,13967,14140,14985,15102,15171,15407
ADNNSU;13159
ADNOOR;13120,13842,14109,15421
ADNOOS;6900,8249,9886,9890
ADNOOW;12925,15421,15432
ADNOPR;
ADNOPT;
ADNORS;
ADNORU;3878,3894,15407,15421,15448
ADNORW;3657,13384,13884,15200
ADNORY;5885,14504,15448
ADNOSU;
ADNOSZ;9427,14204,14993,14995,15282,15336
ADNOTT;359,360,2181,3893,6886,6912,8291,9863,15127,15162,15302
ADNRST;
ADNRSU;3894,15446
ADNRTU;
ADNRUW;15421
ADNSST;623,1054,1151,1187,2193,3261,3805,3807,3889,6894,6910,13190,15211,15367,15412,15413
ADNSSY;364,3523,9860,14552,15448
ADNSTU;9713
ADNSTY;9713
ADOORS;6834,6917,6920,9839,9858,15038,15220,15323,15420,15452
ADOOUV;6812
ADOPRY;1193,6779,6790,9867,13913,14190,14393,14526,14908,15089,15118,15176,15216
ADOPSS;9784,15277,15402
ADOPST;15402,15444
ADORRS;2192,15452
ADORRU;3878,6921,9360,14917,14985,15035,15053,15057,15407,15421
ADORSS;2192,3809,3900,15218,15229,15287,15288,15448
ADORST;366,6834,6920
ADORSU;102,366,6432,15221,15448
ADORSW;1190,1191,15423,15452
ADORTW;6670,15200
ADORWY;
ADOSTT;
ADOSTY;2188,3881,5549,6920,9678,13877,14014,14397,14537,14948,15007,15231,15438
ADPPRY;3696,9486
ADPRSU;3674,9622,9808,14958
ADPRTU;9849,15393
ADPRUW;15248
ADPSSY;15437
ADQSSU;3866,3870,9599,9834,14765,14773
ADRRSU;3760,12899,13151,13993,13995,14112,15025
ADRSST;3794,3871,3900,14149,14963,15025,15062,15287,15288
ADRSSW;1172,2199,5882,6918,15423
ADRSUW;13619,14134
ADRSUY;6432,15085,15221,15448
ADRSWY;6745,9260,9774,14895,14965,15040
ADRTWY;3678,14121,14510,14895,14965,15286
ADSSTU;15281
AEEEHL;6440,8298,8973,8975,9918,13248,15538,15540
AEEFFN;6977,9895,15465
AEEFFR;15464,15701,15702
AEEFGU;368,15464,15467,15701,15729
AEEFIR;6984,10020,10021,10023,15470,15476,15734,15744,15760,15769
AEEFKR;9995,15731,15744,15775
AEEFLM;1911,3901
AEEFNS;6982,6992,15469,15477,15745,15767,15772,15778,15781
AEEFOV;
AEEFRR;1206,6989,6991,6996,10026,10030,13376,15705,15729,15748,15793
AEEFRS;
AEEFRT;5906,10020,10021,15476
AEEFSS;1209,3916,6923,10002,13348,13393,15485,15711,15732,15776,15790,15798
AEEFSZ;13352,13365
AEEGGL;
AEEGGM;3902,3934,13402,15487,15813,15824
AEEGGN;3934,15820,15824,15830
AEEGGR;3903,3932,15710,15807,15808
AEEGGT;3902,3903,3932,15487,15710,15814,15820,15823,15824,15830
AEEGGW;6447,15808,15830
AEEGHZ;15844
AEEGJR;16012
AEEGJY;
AEEGLL;3919
AEEGLP;29,3956,7030
AEEGLR;
AEEGLS;8313,13426,13430,13483
AEEGLT;
AEEGLU;
AEEGLV;1216
AEEGMM;1916,3934,3960,9038
AEEGMN;10048,16046
AEEGMR;15869
AEEGMT;10113,15838,15869
AEEGNN;3934,3959,9904,10074,15487,15516,16048
AEEGNR;
AEEGNS;3284
AEEGNT;
AEEGNV;
AEEGOP;29,7002,7035,15504,15941
AEEGOT;1221,7020,15713,15824,15867,15869,15941,15950,15965,15976,15988,16019,16043,16048,16060
AEEGPS;3284,7009,13421,13458
AEEGRR;2219,15807,15855
AEEGRS;
AEEGRT;1218,3277,3932,3954,10097,15861,15869,16019
AEEGRV;10108,15458
AEEGST;15529
AEEGSW;3935,7023,10117,13468,13483,15725,15896,16065,16072
AEEHHW;10127,10128,13524,16101,16106
AEEHIR;8323,9914,16144,16161
AEEHKM;10194,15838
AEEHLR;16128,16134,16223
AEEHLT;6440,13350,16101
AEEHLW;3992,10127,10128,10209,13250,13350,13536,15550,15859,16101
AEEHLX;3981,10149,16214
AEEHMR;6390,6514,13536,15551,15835,16148
AEEHMT;15838
AEEHMU;2229,12834,12919,13244,13531,13549,13602,16148,16161
AEEHNP;7052,12922,13602,16145
AEEHNT;
AEEHNV;3995,15540,15859,16258
AEEHNX;1907,10149,13517,15551
AEEHPR;4012,7057,15736,15807
AEEHPS;3937,5524,6505,13247,13527,13565,13616,15804,15854,16131,16135
AEEHRR;4012,15702,15807,15835,15855,16134,16195,16245
AEEHRS;7071
AEEHRT;
AEEHRV;
AEEHRW;3308,10128,10209,13529,13536,13577
AEEHST;
AEEHSV;10204
AEEHTV;3995,6932,15859
AEEIKV;8868,9102,16365
AEEILM;5667,7109,16091
AEEILS;10263,10273,15943,16131,16133,16135,16297,16349,16388,16482
AEEIMN;3925,9989,16145
AEEIMS;13402,16547
AEEINT;9014,9147,15536
AEEIPR;6988,9010,10313,13657
AEEIRR;
AEEIRS;7157
AEEISS;627,5564,5950,7157,8348,8350,10174,10268,10398,15732,16349,16375,16583,16647
AEEJNT;5932,7171,10451
AEEJRV;15606,16351
AEEJVY;
AEEKKP;
AEEKLN;3192,9182,12917,15837,16111,16361
AEEKLP;373,4061,5958,15504,16672
AEEKLR;373,3192,13845,13846,15504,15775,16195,16669,16672
AEEKLV;5771,9183,13846
AEEKMR;13845,16669,16673
AEEKMS;3953
AEEKMZ;
AEEKNS;7009,9939,16113
AEEKNW;
AEEKNY;9182,10194,16673
AEEKPR;373,8355,15504,16672
AEEKRS;
AEEKRT;
AEEKRU;4068,13845,13848,16678
AEEKRW;15775
AEELLL;2274,3348,3919,4023,6946,9186,10460,13377,15775,15878,15898,16381
AEELLM;7073,7184,7185,10460,13667,13670,13673,15899,15900,16203,16205,16690,16691,16692
AEELLR;3181,3992,10198,10453,10468,15546,15616,15619,15782,16205,16692,16708,16710,16714
AEELLS;4072,7074,7168,7169,16297,16388
AEELMN;
AEELMP;7184,15836,16091
AEELMR;1239,6994
AEELMS;8313
AEELMU;1250,7112,7197,10460,16404,16720
AEELMZ;2247,9091,13695,13886,16423
AEELNO;2276,3956,3958,5942,5976,7100,7126,9199,10069,10199,10205,10336,10464,13871,15636,15777,15840,15898,16126,16212,16361,16669,16752
AEELNP;10031,10199
AEELNR;
AEELNS;
AEELNT;16755
AEELNV;3995,16381
AEELNW;5919,6498,6534,10127,13229,13707,15859
AEELOR;8343,15636,16423,16669,16710,16752
AEELOT;4093,5942,6573,7115,7195,7220,7222,8340,9037,9196,9918,10214,10320,10451,10471,12946,12976,13473,13574,13595,13720,13868,13888,15777,15941,16101,16214,16483,16691,16737,16775
AEELPR;373
AEELPS;16135,16297,16388
AEELPT;
AEELPU;5968,7030,7052,7208,10336,15894,16361
AEELQU;4024,16460
AEELRR;3352,13588,15705,16195,16778
AEELRS;
AEELRT;15616
AEELRV;1202
AEELSS;12842
AEELST;
AEELSV;
AEELSW;4081,4097,16435,16751,16795
AEELSY;8313,16020,16388
AEELSZ;1245,4091,10065,10270,15884
AEELTU;3364,4024,5899,5955,6575,9186,13738,16446
AEELTV;3995
AEELTW;3992,13229,13250,13350,13707,15550,16101,16143,16483,16795
AEELTY;808,2293,3364,4093,10308,10370,13485,13888,15913,16399
AEELTZ;5946,7138
AEELWY;
AEEMMM;7194
AEEMMS;4103,10220,10372,10521,10522,13746,13879,13880,13926,16144,16198,16211,16518,16719
AEEMNP;16145
AEEMNR;15551,16673
AEEMNS;
AEEMNT;16813
AEEMNX;9970,13885
AEEMPR;
AEEMPT;
AEEMPW;16812
AEEMRR;4101,15653,15654,16245,16246,16731,16806,16819,16820,16842
AEEMRS;
AEEMRT;
AEEMSS;
AEEMST;8374,10536
AEEMSW;2298,3994,10392,15762,16029,16125
AEEMTT;7061,7062,9074,9969,10113,10231,10519,13932,15739,16242,16249,16813,16818
AEEMTX;
AEENNP;3176,3197,12922,12992,13605,13967
AEENNT;1255,3959,6948,7171,7173,15487,15611,15624,16324,16563
AEENNX;
AEENPR;211,3966,10552
AEENPS;7009
AEENPT;1633,6953,7212,8194,8306,8381,16770
AEENPU;6954,7030,7052,8194,8364,10031,10116,10208,10550,12992,13605,13794,13975,15625,16755
AEENPW;10209,13707,15977,16770,16812
AEENRR;5924,8334,10119,13624,13842,15728,16049,16253,16332
AEENRS;
AEENRT;5576
AEENRW;3308,4041,5576,7245,13464,13979,15600,15977
AEENST;
AEENSU;1248,1260,1648,2295,5578,7181,7219,7242,7250,8880,9939,9993,10111,10195,10571,15689,15781,16411,16753
AEENSV;16564
AEENTW;5576,7245,10568,15600,15998,16048,16609,16613
AEENUV;7106,7124,7186,7197,9064,10335,13278,15497
AEENWZ;
AEEOOZ;16481
AEEOUU;16778
AEEOVV;15636,16587
AEEPPR;211,2218,16331,16713
AEEPRR;3966,4012,7035,15807,16049
AEEPRS;
AEEPRT;
AEEPRV;9946,9954,10489,10541,10552
AEEPSS;15978
AEEPST;
AEEPSW;2311,4060,4097,4122,4123,9920,16915
AEEPSX;3914,3976,13565,13811,13918,15528,15854,16087,16792,16850,16936,16938
AEEPSY;4098,4124,5673,7070,10253,10255,13247,13518,15875,15995,16104,16135,16262,16274,16388,16499,16817,16914,16938
AEEPSZ;4103,10270,10283,10300,13793,16165,16584,16817,16891,16892
AEEPTT;15693,16275,16645
AEEPVY;9954,10489,10552,10564,12982,13913,16258
AEEQRU;3977,3991,4052,4068,4113,6935,10038,16646
AEEQTU;3977,3991,4024,4052,4068,4113,10038,16646
AEERRR;5581,5961,5998,10244,10458,15605,15729,16245
AEERRS;
AEERRT;16245
AEERRV;
AEERRW;4012,5581
AEERSS;
AEERST;
AEERSU;
AEERSV;
AEERSZ;4091,4099,9260,10445,13571,13841,15533,15572,15957,16011,16085,16348,16371
AEERTY;2293,7216,10370,10419,10582,13485,15560,15697,15706,15719,15829,15876,15913,15936,16284,16398,16399,16462,16603,16925,16940,16950
AEERVW;
AEESSS;3955,3979,7162,7258,7266,12883,12973,13920,14028,16139,16318,16345,16512,16764,16765
AEESST;
AEESSW;7259,13620,15671,15732,16647
AEESSY;16071,16235,16270
AEESSZ;7244,10414,16176,16576,16891,16892
AEESTT;
AEESTX;12963,15689,16259
AEESTZ;4011,4103,5954,7236,7267,10283,10300,10445,10536,13646,13793,13841,15572,16055,16348,16371,16891,16892
AEESVW;13468
AEEWXY;
AEFFGR;
AEFFGS;635,2315,10597
AEFFHT;14030,15702,16956
AEFFIN;15465,16964,16973
AEFFIP;
AEFFIS;16960
AEFFIW;
AEFFLR;16979
AEFFLW;
AEFFLY;9006,15706
AEFFNR;9993
AEFFRT;10603,15701,15702,16956
AEFFRY;15706
AEFFRZ;
AEFGLN;4143,17048
AEFGLR;3277
AEFGMU;2318,17025
AEFGNS;
AEFGOR;10622,17006,17028
AEFGRU;15729,17002,17004
AEFGRY;10619,17000,17034,17047
AEFHLL;2323,10641
AEFHLN;2323,3393,10641,17083
AEFHRS;3278,4154,14075
AEFHRT;4136,4137,6006,14057,17002,17004
AEFHSS;6607,9997,10002,10633,10635,10636,10637,10647,13348,14066,15732,17075,17076,17078,17087
AEFHSY;17079,17081
AEFIJO;
AEFIKR;6479,9265,10603,14077,15744,17091
AEFIKS;10602,10668
AEFILL;1283,4159,17006,17021,17093,17123,17124,17126,17129
AEFILN;4159,13017
AEFILR;
AEFILS;
AEFILT;9291,13350
AEFIMN;10612,15465
AEFINN;
AEFINR;
AEFINS;17075
AEFIRR;10624,14116,15470,17182
AEFIRS;17182
AEFIRT;4172,10021,13210
AEFIRY;7285,9301,10637,17000,17034,17123,17129,17130,17147,17177
AEFIST;
AEFITX;15758,17153
AEFJNT;
AEFKLN;
AEFKLR;15775
AEFKLS;675,1699
AEFKLY;17186
AEFKNS;10668,15745
AEFKRS;2331,10602,10650,10669,14077,17091
AEFKRY;17186
AEFKST;3926,7296,9018,10640,10698
AEFKSY;17064,17186
AEFLLN;1291,2323,4143,4144,4159,4176,4177,4178,7287,10027,10641,10699,15477,15722,15781,16978,17126,17197,17198,17199
AEFLLR;4144,4159,8398,10030,17006,17122,17126,17129
AEFLLS;4178,14052,17197
AEFLLV;17093
AEFLMN;
AEFLMR;4145
AEFLMS;17046
AEFLNN;16981
AEFLNS;2333,10033,15477
AEFLNU;10027,10699
AEFLNX;4159,15716
AEFLOR;6995,8398,10622,10652,17006
AEFLOT;
AEFLOV;
AEFLRS;
AEFLRT;1290,3403,4145
AEFLRU;1299
AEFLRY;14042,17034,17130
AEFLSS;13010,17207
AEFLST;377,2211,2333,9990,10033
AEFLSV;10033
AEFLSX;3405,17226
AEFLSY;14137,15787
AEFLTU;214,7284,17097
AEFLTY;10699,14121,14137,15706,15787,17034
AEFLUW;
AEFMNN;8968,9902,13215,14092,17106,17107,17207
AEFMNO;3395,13019,14074,14082,17024,17105,17106,17107,17232
AEFMOR;
AEFMRR;
AEFMRS;311,2331
AEFNNR;4140,7305,13368,13379,14140,16954,16989,17014
AEFNNT;9902,16981
AEFNOR;5906,6006,7305,9306,10001,13369,13370,15779,17176
AEFNRR;9900
AEFNRU;4137,7305,14140,16955,17002,17176
AEFNRW;
AEFNST;377,2333,3201,4178,10033,15477,15781,17197
AEFNSU;376,2337,4163,4171,15792,17015,17113,17116,17232
AEFNSY;17039,17134,17147,17186
AEFNTT;10626,17041,17063,17090,17177,17239
AEFOSS;10647,10713,13010,13393,15790,16972,17075,17076,17111
AEFOSV;13022
AEFPPR;
AEFPRS;1702,2331,3407,3926,10607,14144,15740,17059
AEFPRY;4188
AEFRRS;7302,14134,14144,16974,17182,17251
AEFRRT;1301,4172,7295,17239
AEFRRU;3391,4172,6616,15705,15729,17182,17242,17250,17251
AEFRRY;6996
AEFRSS;3392,10713,13393,16957,17087,17236
AEFRST;7296
AEFRSU;6998,17182,17251
AEFRSW;
AEFRSY;5664
AEFRTT;3929,4188,15472,15480,15739,17239,17247
AEFRTW;2339,10021,15473,17239
AEFRTY;3406,14121,15706,15719,17034
AEFRWY;14121,17130,17229
AEFSST;6923
AEFSTT;17247
AEFSTV;3923,4147,10033,10666,10687,14069
AEFSTW;4152,9998,17060
AEFSTY;14137,15787,17134,17141,17229
AEFSUV;
AEGGGL;
AEGGGR;1302,4189,15801,16987,17255,17256,17259
AEGGHL;10721,10726,17272
AEGGIM;379,3413,7311,14153,15813,17268,17277
AEGGIN;379,8404,9309,14153,15820,17254,17288
AEGGIS;8405
AEGGJR;17323
AEGGLN;
AEGGLR;17277
AEGGLW;
AEGGMN;379,3413,3934,4206,14153,15487,15813,17306,17307
AEGGNR;1302,3418,7315,10739,17323,17330
AEGGNU;14173,17288,17323
AEGGOS;4204,14171,14172,17273,17274,17325,17331,17334,17336
AEGGOT;1084,4189,6626,6627,7315,10739,13026,14167,15824,15830,17254,17272,17326
AEGGRS;
AEGGRT;6627,7315,10739,13026,17323
AEGGRU;4136,13026,17323
AEGGRW;6447,15808,17268
AEGGRY;17330
AEGGSU;4195,4204,13410,13412,17273,17302,17329
AEGGWW;
AEGHIN;4215,4216,4219,7309,8404,10723,10753,10764,17270,17368,17369
AEGHIO;382,2344,4212,4215,6631,7002,7328,7329,8404,10725,10759,10765,10769,10775,13027,14183,14184,15840,17268,17339,17344,17354,17368,17374,17384,17385,17386,17399,17418,17419
AEGHIR;382,4217,7328,7329,10725,16993,17268,17344,17399,17440
AEGHIS;4209,4218,7309,10776,17345,17421
AEGHIW;6631,9309,10785,12903,15838,16996,17268,17386,17415,17440
AEGHLS;3935,4209,10054,17444
AEGHLT;1211,10787,13031,14199,17272,17354,17446
AEGHLZ;15844,17354
AEGHMO;2346,17446,17447
AEGHNR;4231,7004,15493,15867,17348
AEGHOR;382,4212,10060,10725,10786,10787,10793,15858,17002,17004,17339,17344,17349,17386,17418,17480,17486,17487,17488,17494,17496
AEGHOS;14204,17273,17490,17491
AEGHPS;2349,3284,10776,14191,17273,17421,17444,17465,17490,17491
AEGHPT;4231,10744,10754,10787,10793,17272,17360,17362,17375,17461
AEGHRS;
AEGHRT;4136,4137,4217,4231,16993,17002,17349,17440,17494
AEGHSS;10799
AEGIKN;6019,10753,14175,17368
AEGILM;17679
AEGILN;
AEGILO;2369,2371,4212,4260,4288,6024,6028,10831,10858,15840,15898,15907,17339,17354,17374,17617,17618,17645,17670,17679
AEGILP;387,4244,4288,17277,17339,17395,17679
AEGILR;7310
AEGILS;
AEGILT;17354
AEGILV;2374,17025
AEGIMN;17368
AEGIMP;15836,17679
AEGIMR;
AEGIMS;
AEGINN;
AEGINR;
AEGINS;
AEGINT;17254
AEGINU;5493,5589,6407,10779,13012,17288
AEGINV;17836
AEGINW;7023
AEGINZ;17276,17517,17540
AEGIPP;
AEGIPR;7328,17032,17339,17395,17736,17741
AEGIRS;
AEGIRT;17440
AEGIRV;7273,17025
AEGIRW;6408,6631,7018,15808,17440
AEGIRZ;4302,17367
AEGIST;
AEGISU;8391
AEGISV;1705,10735,17286
AEGISW;7023,13468
AEGITU;4304,14192,15823
AEGITY;7384,10613,15719,17600,17605,17773
AEGIUZ;15964,17540
AEGJLN;6037,17502
AEGJLT;14352
AEGJRS;5585,7401
AEGJSU;5590,7401,10923,16013,17607,17609
AEGJTU;13047,14352,17323
AEGKLR;1287,13400,14255,15504,17018,17617
AEGKMS;841,2359,3953,4327,4329,14353,17369,17443,17614,17623,17624
AEGKRW;16015
AEGKST;17443,17616
AEGLLN;383
AEGLLS;3457,14052
AEGLLT;
AEGLLU;843,7330,17886
AEGLLY;
AEGLMN;17896
AEGLMR;
AEGLMS;15508
AEGLMV;17025,17618,17896
AEGLMY;110,393,2388,17447,17679,17887
AEGLNO;3956,3958,7028,7403,16038,17618,17670,17896
AEGLNR;17453
AEGLNS;
AEGLNT;
AEGLNU;6037
AEGLNW;
AEGLNY;110
AEGLNZ;6028,6645,13476,14210,14281,15495,15498,17276,17517,17526,17540
AEGLOR;10622,10831
AEGLOT;17272,17354,17446
AEGLOV;1216,17618,17896
AEGLPR;215,4244,17277,17395,17442
AEGLPS;17444,17464,17465
AEGLPU;4278,7030,7330,10866,15894,17272,17709
AEGLRR;10934,17912
AEGLRS;
AEGLRT;3277,3954
AEGLRU;
AEGLRV;10108,17025
AEGLRY;839,2388,17395
AEGLRZ;
AEGLST;
AEGLSU;4245,4339,17688
AEGLSV;
AEGLSY;8405,10761,10933,17464,17465,17919
AEGLSZ;10065,14232
AEGLTU;10935,14199,17272
AEGLTW;7018
AEGMMN;1087,3934,3959,4215,10879,17368,17557,17666,17667,17921
AEGMMR;1916,3960,17471
AEGMMS;14163,17398
AEGMNO;17618,17670,17896
AEGMNR;
AEGMNS;
AEGMNT;
AEGMNY;2397,16053,17341,17773,17782,17789
AEGMOR;10814
AEGMOS;
AEGMPS;2349,3957,15508,15514,17444,17923,17936
AEGMRS;
AEGMRU;8406
AEGMRW;7380
AEGMSS;10788,14359,17449,17475,17933
AEGMST;14359,17329,17476,17900
AEGMSY;4191,16053,17760
AEGMUY;17887
AEGMUZ;15964,17685
AEGNNO;17330,17451
AEGNNP;17451
AEGNNT;15487,15516
AEGNOR;15858,17348
AEGNOS;
AEGNRR;9911
AEGNRS;
AEGNRT;
AEGNRU;5589,16955,17920
AEGNRV;
AEGNRW;
AEGNRY;3972,10907,13490,17789
AEGNST;
AEGNSV;1705,3461,10735,17286,17836,17890,17905
AEGNSY;3423,3972,4191,10111,10117
AEGOPS;2348,10933,17273,17465,17490,17491,17884,17889
AEGOPT;17272,17461
AEGORS;
AEGORT;
AEGORU;1312,7006,15729,16038,17685,17765,17886,17920
AEGOST;
AEGOTT;15860,17048
AEGOTU;7378,10935,14199,17272,17709
AEGOTW;16048,17851
AEGOTX;5588,10098,15941,17852,17943,17957
AEGOVY;1216
AEGPPR;2218,4231
AEGPRS;
AEGPRT;3932,4302,15456,17044
AEGPRU;10779,10941,17044,17920
AEGPRW;15977,17784,17824
AEGPRY;14190,14202,15864,17337,17349,17395,17442,17482,17903,17952
AEGPUZ;
AEGRRS;10934,17462
AEGRRT;399,1306,3209,3468,4324,4335
AEGRRU;4304,17565,17570,17957
AEGRRV;15908,15970,17501,17801
AEGRRY;7031,7421,9911,10907,13490,14289,14380,15876,17789,17917
AEGRRZ;13500,17488
AEGRSS;
AEGRST;
AEGRSU;112,17604
AEGRSV;
AEGRSW;3465,4226,4374
AEGRSY;112,2386,3972,6503,7421,10101,15875,17436,17945
AEGRSZ;15533
AEGRTT;15458,17440,17605
AEGRTU;4235,17604
AEGRTY;10836,15869,15876,17349,17605
AEGRUV;10108,17017,17025
AEGRVY;17605,17801
AEGRYZ;15996,17265
AEGSSS;384,6035,17270,17308,17813,17836,17939
AEGSST;2400,17950
AEGSSU;17950
AEGSSW;
AEGSTU;17350,17476,17497
AEGSTY;4369,10794,16073,17329,17457,17464,17474,17900
AEGSUV;17905
AEGSUZ;14204
AEGTTU;15823,15972,17345,17438,17604,17688
AEGTYY;
AEHHLT;15538,16101,17340,17981
AEHHPR;14391,14393,17339,17344,17348,17349,17974,17988,17989
AEHHPS;4381,7425,13518,16097,16103,16104,17966,17984,17986
AEHHPY;4378,10745,10957,14393,17980,17987
AEHHRS;7426,17346
AEHHRT;7427,14057,14383,14386,17340,17349,17974,17977,17988,17989,17994
AEHHSS;10956,10959,17965
AEHHST;17986
AEHHTY;17977,17987,17994
AEHIJR;13530
AEHIKN;6018,6019,7320,7436,8897,10753,13530,14175,15837,17368,18029
AEHIKS;
AEHIKW;15838,17997,18030,18040
AEHILM;3484,13509,13536,15836,16121,16124,17964
AEHILN;7444,7445,10127,10148
AEHILR;13509,13536,18030
AEHILS;4392,7430,10758,16131,16135,17966,18009,18046
AEHILT;7445,13350,13537,13539
AEHILW;10127,10128,13350,13536,14063,14405,17386,17997,18030
AEHIMM;2439,2441,4215,4403,10158,17368
AEHIMN;3184,3213,4215,4386,13059,16145,17368
AEHIMR;4217,16123,16124,16158,17268,17351
AEHIMS;
AEHINR;
AEHINS;4218
AEHINV;7464,9064,10994,15540,18140,18149
AEHINW;1711,9309,10127,11061,16996,17386
AEHIQU;
AEHIRS;
AEHIRY;4405,4421,6053,6058,6060,8466,10637,10782,11015,11106,11129,16128,16158,17000,17064,17395,17436,18051,18124,18147
AEHIRZ;3497,3502,7319,8324,9391,10161,11025,11041,11080,13571,15543,15844,16124,17367,18065
AEHIST;6411
AEHISV;18046
AEHJJS;
AEHJRS;2473,4426,11138
AEHKMS;2409,2474,2479,2481,6064,6065,8476,9401,11005,11006,11007,11143,17369,18188,18189,18190
AEHKNR;847,6062,13068,14493
AEHKNS;1343,2475,11141,16097,18190
AEHKNZ;11140
AEHKPR;1990
AEHKRS;18189
AEHKRW;16112,17997,18030,18040,18185
AEHKSS;3299,3304,3478,9404,10197,16097,16197
AEHKSU;1343,10195
AEHKSY;11143,18186,18189
AEHKWY;
AEHLLL;18030
AEHLLT;3992,6675,15538,15546,16108
AEHLMP;7331,14502,15836,16091,16212,17963,17964,17980,18061,18204,18206
AEHLMR;861,2485,3505,8435,13509,13536
AEHLMS;2409,2487
AEHLMT;6675,16119,17446,17447,18206
AEHLNO;4378,13069,14498,14504
AEHLNS;4431
AEHLNT;11140,18206
AEHLNU;4224,14498,18206
AEHLOS;7425
AEHLOT;16101,17446
AEHLPS;7425,7430,7446,16131,17966,18046,18198
AEHLPY;4378,14436,14439,15864,16223,16230,17395,17442,17980,18057,18201
AEHLRS;
AEHLRT;
AEHLRU;4449,7481,7486,12921,13599,16195
AEHLRV;4449
AEHLRW;2477,2485,3992,10128,10209,13250,13536,15550,17386,17997,18030,18185
AEHLSS;
AEHLST;
AEHLSU;1345,2487,4392,7487,8485,10985,18197
AEHLSV;218,9913,10204,13246,13514,18046,18060
AEHLSW;
AEHLSY;8485,17064,17079,17081,17470,18186
AEHLSZ;1346,10145,11025,14507,16216,18005,18065,18070
AEHLTW;3992,13250,13350,14063,14405,15550,16101,17997,18185
AEHLTY;8483,10214,17464
AEHMMR;2472,2478,2485,10135,11139,17471
AEHMMY;17980
AEHMNS;4191,4431,15868
AEHMNT;14201,18206
AEHMNU;10195,11186,13244,14074,14513,15868,18206
AEHMOS;2481,5481,10225,11072,11078,11143,11192,16248,17082,18124,18126,18188
AEHMPR;4405,7331,16213,17399
AEHMRR;4217,4450,6514,15835,16158,16245,16246,17471,18110
AEHMRS;
AEHMSS;17449,17475,18194,18213,18239
AEHMST;
AEHMTU;6415,9419,11075,11186,14074,14513,18206
AEHMUW;18185
AEHNNS;3510,3513,3999,4218,6681,7459,8902,13072,13418,14187,14390,14455,14511,15558,15846,15856,16103,16236,17342,17357,17359,17370,17408,17413,18068,18102,18103,18104,18105,18138,18214,18236
AEHNPP;412,2345,4231,4388,16145,17348,17360
AEHNPS;18198
AEHNPT;113,18206
AEHNRT;
AEHNSS;7475
AEHNST;
AEHNSU;405,4154,7334,17413,18024,18153,18157
AEHNSV;218,2504,3524,4453,18269
AEHNSW;3515,3516,7056,13513,14506,14525,17457,18240
AEHNSY;13518,14394,14470,14501,14524,16262
AEHNSZ;3497,4011,14204,14459,14470,16179,18005,18070,18112
AEHNTU;405,18153,18154,18164,18206,18217
AEHNTW;4451,17457,18243,18244
AEHNUW;5919,14498
AEHNUY;16128,18270
AEHORS;1043,6414,7476,12846,18188
AEHORX;2460,11191,13517,15551,18201
AEHOSV;2504,11116,13514,16200,18046,18092,18175,18269
AEHOSX;10227,11082,15854,16133,17465,17490,18008,18126,18207,18283
AEHOTW;4451,7069,8126,11230,16101,16106,16240,17994,18244,18295
AEHPPU;11219
AEHPRR;4012,6058,7329,14532,15855,16134,17344,17486,17488,18278
AEHPRS;
AEHPRT;
AEHPSS;17475
AEHPST;
AEHPSW;9920
AEHPTY;16275,17461
AEHRRS;4232
AEHRRT;4217,4440,4450,7427,13074,14205,16245,16246,17471,18090,18149,18167,18278
AEHRSS;16957,17495
AEHRST;
AEHRSU;3203,4154,6671,7470,7501,14206,16185,16248,17005,17413,17495,18298
AEHRSV;18269
AEHRSW;18240
AEHRSY;7070,15875,16153,16217,16227,16262,16274,17436,17470,18051,18124,18168,18189,18196,18232,18268,18269,18285,18287
AEHRSZ;189,1346,3497,3504,9391,9427,11025,11117,13067,13571,14459,14470,15572,16186,18065,18112,18120,18178
AEHRTT;411,4454,7427,7489,7491,14406,14488,17063,17340,17440,17994,18211,18219
AEHRTU;3991,4136,4449,5915,6069,6085,6088,6935,9439,10258,13599,18232
AEHRTV;2465,4449,8474,10645,10793,10797,11098,17419,17494,17496,18140,18149,18295
AEHRTW;
AEHRTY;15560,16284,18285
AEHRVW;3308,18140,18295
AEHSSS;17076
AEHSST;
AEHSSU;4237,4424,5476,6067,7051,7280,7470,7487,10262,10647,11170,12929,14486,14518,14527,16185,16281,16287,17087,17469,18027,18226,18232,18288
AEHSSV;3524,10647
AEHSSW;6933,15732,16100,16209
AEHSTT;
AEHSTW;7044,15805
AEHTWY;9405,11146
AEIIKS;4155,14077,18303,18341,18344
AEIILS;4155,4209,15877,16297,17554,17555,18002,18009,18354,18439
AEIIRR;6716,7085,9332,9471,11318,11352,14598,14659,15808,16345,17570,18471
AEIJLR;10289,18575
AEIJLZ;18575
AEIJMM;
AEIJNR;7560,13530,13624,14252,14663,18575
AEIJNT;5932
AEIJRV;16351
AEIJSS;4476,11363,14415,14664,17119,17611,18337,18577
AEIJSX;18339
AEIJSZ;4477,17613
AEIKKP;5659,18029
AEIKLN;
AEIKLR;
AEIKLS;
AEIKLT;
AEIKLX;
AEIKMN;17368,17503
AEIKMT;4523,10836,11370,15838,18350,18596
AEIKNS;10668,11359,18303
AEIKNT;14175,18029
AEIKNY;10753,14666,18600
AEIKNZ;4480,16296
AEIKOR;7350,7565,8130,8337,11008,11371,11374,11377,16365,16366,17629,17631,18040,18595,18600
AEIKOS;7564,11008,11248,13430,13660,14416,16113,16366,17369,17623,18344,18594
AEIKPR;
AEIKRR;10603,18040
AEIKRS;
AEIKRT;5601
AEILLM;13668,14553,14678,18042,18359,18611,18612,18618,18621,18623
AEILLN;4528,13017,13676,14539,16381
AEILLS;18580
AEILLT;18606,18623
AEILLV;4528,16381,16397,18618
AEILLW;6420,18606
AEILMM;
AEILMN;
AEILMP;1376,5667,5679,8133,16091,17679
AEILMR;
AEILMS;18312
AEILMZ;2247,9091,17517,17522,17679,18311,18396
AEILNO;7512,8226,15898,17645
AEILNP;
AEILNR;
AEILNS;
AEILNT;14582
AEILNV;4528,16381
AEILNW;10127
AEILNX;2548,4591,11392,17645,18746
AEILOP;7447,11022,16091,17679,17963,18396,18768,18782
AEILPP;10063,17964
AEILPR;4244,4521,17159
AEILPS;7430
AEILPT;18768,18782,18803
AEILQU;888,1405,7142,7507
AEILRR;4612
AEILRS;
AEILRT;
AEILRW;10128,13536
AEILRY;18360,18612
AEILRZ;1382,4600,6422,11025,11480,11518,14428,18065,18575
AEILSS;
AEILST;
AEILSU;7634,16131,18607
AEILSV;
AEILSW;
AEILSY;8405,17064,18610,18659
AEILSZ;11484,14098,17143,17738,18070,18649
AEILTY;11408,12940,18606
AEILUV;2374,4624,7634,11444,11491,14726,17155,18405,18803
AEIMMM;10879,18379
AEIMMN;1087,2439,4215,10879,11303,14082,14663,17368,18322,18350,18468,18818,18821
AEIMMR;2604,7291,18322
AEIMMS;
AEIMMT;
AEIMNO;4386,16145,17107,17368
AEIMNP;4386,16145,18871
AEIMNR;
AEIMNS;18836
AEIMNT;
AEIMPR;
AEIMPV;4488,18499
AEIMPY;13077,17679,18122,18360,18618,18870,18896
AEIMRS;
AEIMRT;
AEIMRU;13770
AEIMRW;12942,13536
AEIMRY;4405,4535,4565,7116,7595,11083,11528,11531,16123,16158,18360,18612,18618,18896
AEIMRZ;4302,6754,10817,11025,11080,16124,16304,18065,18311,18879
AEIMSS;
AEIMST;
AEIMSV;2575,7526,16328,18060,18104,18312,18843
AEIMSZ;4630,5611,11532,18498,18845,18879
AEIMTT;1119,4640,4658,7366,17379,17788,18885
AEIMXX;
AEINNN;2622,4669,6033,6145,7600,8513,8560,10334,10889,11254,11564,15593,16563,17021,17295,17689,17692,17693,17802,17804,18136,18474,18835
AEINNO;6543,8560,8561,11569,13061,13116,13777,14834,16126,17106,17107,18066
AEINNP;14834,16126,18066,18102
AEINNR;16409
AEINNS;4632,4635,7562,18102,18105
AEINNT;1393
AEINNV;2527,7124,7603,8560,10335,11450,16564,17502,18104,18140,18506
AEINNZ;4307,10148,14624,17517,17526,17583,18106,18382,18719
AEINOZ;17107,18575
AEINPP;4388,9119,14625,16145,16567
AEINPR;7659
AEINPS;18303
AEINPT;
AEINRS;
AEINRT;
AEINRV;4045,7464,15598,16973
AEINRW;13797
AEINRZ;3497,4477,9391,10161,10347,15476,15582,16331,18073
AEINSS;
AEINST;
AEINSV;17286
AEINSX;5613,6141,7023,13788,15984,16113
AEINSZ;2457,4477,9391,10163,11484,14470,16470
AEINTU;4669,18817
AEINTV;16964,16973,18302,18522
AEINTZ;118,13803,14624,15476,15536,15582,15769,16473
AEIOPS;6056,8420,8576,16547
AEIOPT;7424,16516,16585,18029,18122,18396,18548,18889,18965
AEIOPZ;4704,7447,11631,13657,17433,17679,18166,18396,18767,18768,18879
AEIORR;3232,4172,4321,5684,6154,9600,10095,11586,13373,14289,15773,16489,16971,17182,17322,18365,18600,18919
AEIORS;15773,17180,17182,17322,18344,18365,19019
AEIORT;4172,4608,6670,14474,18167,18548,18889
AEIPPT;3636,14625,17589
AEIPPY;
AEIPRR;18647
AEIPRS;
AEIPRT;
AEIPSS;
AEIPST;18566
AEIPSV;
AEIPSW;11398
AEIPTT;10328,13266,17658
AEIPTU;4036,8577,11491,17044
AEIPTW;11375,13707,14405,16483
AEIPZZ;
AEIQSU;3621,15953,18836
AEIRRS;17182
AEIRRT;18167,18172
AEIRRV;2553,4196,7146,9936,10023,10440,16489,17752
AEIRRW;16996,17824,17855,18040
AEIRSS;
AEIRST;
AEIRSV;
AEIRSY;3241,4714,5566,7676,9301,9614,10637,11106,11125,11517,11518,11603,11614,13209,14895,16606,17000,17064,18168,18977,18978,18996,18997,19019
AEIRSZ;3497,3502,3504,3615,4477,4555,4630,13067,13571,13841,14470,14882,16186,16628,18065,18473,18498,18879,18907,18936,19002
AEIRTT;
AEIRTV;8474,10692
AEIRTW;10021
AEIRVW;
AEIRWX;7166
AEIRWY;14895
AEISST;4516,18605
AEISSV;
AEISSX;13781,16443,17662
AEISSZ;646,2600,4170,4516,7544,7582,8510,11417,16514,17511,18043,18467
AEISTT;
AEISTV;17796
AEISTW;9998,15805,18605
AEISTX;8579,10426,10438,16133,16509,18809
AEISTY;6107,9491,9598,18844,18977,18997
AEISVW;13468
AEISVZ;3583,4285,11484,13841,17754,18498
AEITTT;3636,7372,10172,13718,16563,16585,17788,18857
AEITTV;330,4673
AEITTW;8914,11375
AEITTX;4591,7398,13266,18746
AEIUVX;17601,18533
AEJJNU;
AEJKNR;2658,7560,13530
AEJKST;16659
AEJKSY;2659,4426,4716,11667
AEJLPS;2655,2656,2657,11666
AEJLSV;18336
AEJMMR;2472
AEJMRT;
AEJMST;14898
AEJNNY;19041
AEJNST;13128,14898
AEJNSU;16660,17607,18574
AEJPRS;4060
AEJPRY;17442
AEJPSS;11360,14664,18337,19042
AEJRVY;
AEJRZZ;
AEJSSS;14415,16665
AEJSSY;2659,11664
AEJSZZ;
AEJTWY;
AEKKMS;6769,7690,8476,11673,11674,17614
AEKKNR;18340
AEKKRY;
AEKLNR;16668,16669,19047
AEKLNS;7696,17884
AEKLNT;8477,11140,14117
AEKLNW;14902,16669,19047
AEKLNY;
AEKLPS;7700,17884
AEKLPY;373,4521
AEKLRR;435,1239,1242,1431,2269,2477,2663,5504,7692,16195,16672
AEKLRS;
AEKLRT;1432,1434,18185,19055
AEKLRV;5771,7699
AEKLRW;435,1242,1434,15775,16669,19047,19055
AEKLSS;7693,12842
AEKLST;647,15609
AEKLSW;858,3935,7686
AEKLSY;4716,17064
AEKLTU;5955,14117,18185,18349
AEKLWY;6167,7694,10452,19045
AEKMNU;
AEKMOT;3507,7702,11370,16678
AEKMPU;
AEKMRR;6106,7689,11683,18596
AEKMRS;17121,18188
AEKMRT;1432,4523,10836,18185,18350,18596,19064
AEKMRU;6162,11371,13845,16678
AEKMSS;4729,5838,11663,11665,11674,11686,19061
AEKNNR;15611,16668,17018
AEKNNT;7173,11140,15611,16668
AEKNOS;6554,7172,13856,16113,16683,17884
AEKNOW;7705,11683,13068,14493,14902,19047
AEKNPS;11680,16097,17884,18303
AEKNRR;7692,7705
AEKNRS;
AEKNRT;2658,7295,8590
AEKNRU;4730,8590,17633
AEKNRW;7698,7705,11683,13068,14493,19047
AEKNRY;16673,18600
AEKNSS;7475,11668,17187
AEKNSV;2541,7566,11359,14256,14675
AEKNSW;
AEKNSY;11667
AEKOPS;4175,7700,9623,11680,16200,17884
AEKORS;616,908,7050,7435,16366,18344,18594
AEKORT;7049,7295,7565,8130,16678,17631,19055,19064,19073
AEKOST;7708,16683
AEKOSY;9625,11143,11667,11689,14909,19075
AEKPRR;435,2219,4064,7705,16672
AEKPRS;
AEKPSS;682,9404,10197,10299,13272,14417,15614,16097,16200,16376,16687,16966,18036
AEKPTU;
AEKQRU;3991,4068,4730
AEKQSU;6112,9939,19058
AEKRRS;
AEKRRT;5601,7295,18596,19073
AEKRRY;1431,5504,5689,5961,6110,6557,11691,16674,18600,19071
AEKRSS;
AEKRST;
AEKRSW;120,3644,14909,19074
AEKRSY;4716,17064
AEKRUW;4068,19073
AEKSST;3548,4516,15614,16376,16377,16683,16966,18605,19044,19061
AEKSSU;3548,4729,6067,7051,7294,7406
AEKSSV;16200,16376,18036,18603
AEKSTW;3644,4726,18341,18605,19072
AEKTWY;9405,11146
AEKWYY;
AELLLS;389,637,1437,1438,2667,4530,4736,6172,8531,11694,14910,18607,18608,18609,19078,19079
AELLLY;1439,4732,4733,7711,8532,16666,16689,17193,18356,18606,18609,18610,19078
AELLMT;6675,11695,16691
AELLMY;4430,4732,7184,7297,16203,18360,18612,18618,19045,19081
AELLNU;1224,1436,4144,4178,7052,7181,7182,7189,13874,14897,14914,15781,16701,17199
AELLNW;19083
AELLNY;122,123,1445,16203,16693
AELLOR;4742,7717,17122
AELLPP;16713
AELLPS;17203,17444,19080,19089
AELLPT;10976,11253,16108,17658,18368
AELLPX;440,2551,4534,4545,5938,5968,6121,6946,10313,14553,17129,17662
AELLPY;3351,4733,6562,6779,7184,14499,17193,17203,17442,18201,19089,19109
AELLRT;5616,6181,15616
AELLRU;4144,16692,19045,19113
AELLRW;2069,3992,7694,14121,16713,19045
AELLRY;13670,16359,17129,17130,18360,19045
AELLSS;
AELLST;4178
AELLSU;2549,4178,7169,7181,15781,16688,17080,17081,17128,17203,17205,18607
AELLSY;5539,7722,16388
AELLTT;1756,4073,5616,6071,9943,15538,16300,18368,18371,18623
AELLTU;2672,9186,9503,11383,14914,16401,16688,16692,18623
AELLTW;3992,14121,18606,19083
AELLTY;1383,4745,11408,11699,16712,18356,18606
AELLVY;1383,5561,18356
AELLWY;6167,7694,14121,17130,17193,18606,19045,19083
AELMMR;16720
AELMMS;11678
AELMNO;3245,3956,14902,17896
AELMNR;861,2680
AELMNS;4431
AELMNT;
AELMNW;3245,3657,3909,4565,4758,7591,7725,11427,11712,11715,13884,14902,16669,16728,16731,18679,19047
AELMNY;2680,3646,3660,4565,7589,7729,17095,18663,18676,18682,19081,19133
AELMOR;4742,5617
AELMOS;4254,5618,7571
AELMPR;
AELMPS;
AELMPU;13885
AELMRS;
AELMRT;2332
AELMRU;6124,6162
AELMRV;2680,9452
AELMRY;3660,4535,4564,4565,4732,4738,6460,6786,7116,7206,7589,7595,13888,13889,15628,18211,18612,18676
AELMST;18312
AELMSU;
AELMSY;18213
AELMTU;19158
AELMTY;319,393,1432,1453,1456,1992,10471,13888,15628,17447,17897,18211,19133,19149
AELNNP;
AELNNR;14929,16409,16752
AELNNW;7697,7725,11715,14088,14120,16752
AELNOR;7403,16752,17453,17904
AELNOS;19099,19172
AELNOT;19164
AELNPR;11733
AELNPS;4431
AELNPT;
AELNPU;7030,7052,7363,17723
AELNRS;
AELNRT;
AELNRU;448,4784
AELNRV;
AELNRY;4738,15628,15706
AELNRZ;4283,4600,4601,7611,10347,11480,13476,13480,14428,15495,15582,18073,18575,18719
AELNSS;
AELNST;
AELNSU;
AELNSV;6796,17905
AELNSY;19078,19172
AELNTT;5608,7535,7536,14582,16221,16446,17981,18216
AELNTU;
AELNTV;320,3995,15859
AELNTY;17095,17394
AELNTZ;10347,11140,13886,15582,16473,18719
AELNUW;1263,5919,7697,7698
AELOOZ;7447,11014,11041,11042,16481,18767,18768
AELOPR;
AELOPS;3937,4175,16735
AELOPT;4093,18396
AELOPX;7758,11173,11489,11735,17911,18003,18417
AELORS;
AELORT;4754
AELOST;
AELOSV;18046
AELOSW;11046,11498,11715,17889,17899,18791,19050,19139,19170
AELOSZ;925,4763,5618,7358,9304,14507,16216,18070,18347,18388,18416
AELOTZ;886,2371,7115,17536,18367,18396
AELOVV;7719,15636,18092
AELPPR;16713
AELPPS;
AELPPT;10353,16494
AELPPU;18772,19147,19180
AELPPY;2699,4093,16135,18009,18773,19194
AELPQU;4593,14757,17159
AELPRR;435,2087,2674,4521,4612,6203,18647
AELPRS;
AELPRT;
AELPRU;448,4612,4767,4771,18006,18772,19144,19148
AELPRW;435,6203,10209,16230,16713,16770,19117
AELPRY;373,1439,4521,4733,17442,18201
AELPSS;
AELPST;
AELPSU;
AELPTT;18803
AELPTU;18803
AELQSU;
AELQUZ;17540
AELRRT;126,4335,4342,4440,4766
AELRRY;1431,2087,2674,3660,4521,5504,5840,5969,6110,6201,6786,6807,7116,10515,11760,14962,17917,18227,19184
AELRSS;
AELRST;
AELRSU;
AELRSV;3672
AELRSW;19139
AELRSY;
AELRTT;15616
AELRTV;14557,18464
AELRTY;7216,15628,15706
AELRUV;1299,1469,2668,7755,11710
AELRVV;7191,7719,15636
AELRWX;
AELRWY;19045
AELRYY;11179,14964,16436,17703,17733,19054,19160,19188,19189
AELRZZ;4742
AELSSS;12973,16671
AELSST;
AELSSU;
AELSSV;
AELSSW;
AELSSY;7722,17919,19172
AELSTT;18320
AELSTU;
AELSTV;
AELSTW;
AELSTX;17982
AELSTY;
AELSUV;17905
AELSUX;7229,13918,18207
AELSVV;
AELSVY;13546,18439
AELSYZ;11518,16216,18005
AELSZZ;4761
AELTTT;1264,4073,7200,7372,19158
AELTTW;1434,19055
AELTTY;3438,4799,7536,13140,14233,14510,17394,18078,18211,18623,18782,18803,19149
AELTUX;4766,5899,9960
AELUUV;1446,2698,11444,11520
AELUVV;7634
AEMMMR;14966,18379
AEMMMT;7194,11768
AEMMMY;11768
AEMMNR;7360,7771,9961,11524,13925,14663,14782,14966,16404,16720,17667,17758,18322,18468,18469,18655,18816,18818,18819,18820
AEMMRR;396,3960,4101,17471,19117
AEMMRY;9544,9655,11528,16673,18612
AEMMRZ;
AEMMST;2479,4103,7231,13926,18233
AEMMSU;4810,6140,7426,7771,8487,10109,10220,10522,11304,11678,13746,18234,18824
AEMMSY;11527
AEMMTU;6183
AEMMTW;
AEMNNP;9545,9658,17767,17768,18102,18846,19199
AEMNNR;11305,11531,16409
AEMNNT;6948,7171,7173,9902,9944,9964,10221,10518,13932,15487,15516,15624
AEMNNV;4812,13931,15516,16808,17766,18104,19124
AEMNOP;2678,3956,4386,8595,16818,17670,19199
AEMNOR;7774
AEMNOS;
AEMNOT;
AEMNOY;3369,7729,8557,9224,10471,11527,11779,11783,15824,17782,18663,18680,19081,19135,19199
AEMNPR;
AEMNPU;7363,11309,13885,14301,17920,18482
AEMNQU;33,419,3685,11542,18486
AEMNRS;
AEMNRT;
AEMNRU;
AEMNRW;3657,3909,4814,7773,7774,13884,16669,16824,18243,18244,19047
AEMNSS;
AEMNST;
AEMNSU;376,17928
AEMNSV;11068,11717,14710,18060,18104,18843
AEMNSX;2337,4639,6141,16970,17164,18851,19210
AEMNSY;4191,10111,11182,16817,18058,18234
AEMNTU;
AEMNTV;1387,11186,15516,18060,18104,19124
AEMNTX;9970
AEMOOV;17896,18884,19124
AEMOPZ;17679,18396
AEMORR;7035,7689,15835,16678,17471
AEMORS;7690
AEMORT;17798,18889
AEMORW;3642,3657,4451,13884,16669,16728,16824,18244
AEMORX;14815,15551,16214,16737
AEMOST;17329
AEMOSV;2684,4077,18481,18843
AEMOSW;11715
AEMPPR;4506
AEMPRR;7035,16049
AEMPRS;
AEMPRT;
AEMPRV;
AEMPSU;16547
AEMQRU;314,3685,11371
AEMQSU;6112,16547
AEMRRR;
AEMRRS;
AEMRRU;17570,17886
AEMRRV;15654
AEMRRW;4041,4758,16731
AEMRSS;
AEMRST;
AEMRSU;
AEMRSY;7206,7779,13889
AEMRSZ;460,3615,3684,4763,7236,7239,11025,15957,16371,18065,18120,18498,18879,18901,18903,18907
AEMRTT;6961,7061,9969,15739
AEMRTU;
AEMRUV;4665,14829,16556,18490
AEMSSS;19066,19232
AEMSST;
AEMSSU;
AEMSSY;14518,16218,16235,16693,16695,18213,19227
AEMSSZ;4818,18043,18831
AEMSTT;
AEMSTU;17329
AEMSTY;1456,1761,5989,8374,11561,16724,17329,18134
AEMSUV;2684
AEMSYZ;4569,16216,16817,18845
AEMTTU;7480,18885,19158
AEMUZZ;
AENNNO;6145,7232,7383,8375,8560,11773,14267,14315,14929,16220,16752,16858,17689,17802,18136,18260,18474,18835,19199
AENNOS;13891,13968,14932,19239
AENNOV;8560,17766,19124
AENNOY;4745,7384,18260,18663,19081,19199
AENNPR;3197,4826,9227,9658,9962,10541,10550,13146,14140
AENNPS;11800,18102,18303
AENNRT;4826,11801
AENNRV;195,235,2527,10541,10552,13931,16808
AENNRW;15895,15977,16752,16812,16865,17821,17824,17834,17835,18140,18846,19242
AENNSS;2094,2400,2499,2731,3906,4825,7781,15521,17207
AENNST;
AENNTT;15624,16221,16755,16813,18216,19164
AENOPS;
AENOPT;19199
AENOPV;2732,7464,10541,11803,13981,14572,14997,17840,18522
AENOPW;7659,7705,13136,14834,18949
AENOPY;6215,6790,7605,9670,11780,11803,11807,11809,13136,14742,14743,17840,18600,18962,19097,19127,19199,19249
AENORS;
AENORT;
AENOSS;
AENOST;
AENOSW;2670,3694,6778,6791,7056,7414,9582,9673,11715,11818,13073,14506,14913,14932,14995,14996,16072,19139,19163
AENOSX;3694,4829,5613,6040,6141,14996,15004,15678,16760,16877,17057,19210
AENOTT;4831,16221,17048,17239,17981,18216,18218,18965,19164
AENOTV;15991,18522
AENOTZ;4307,17536
AENPPR;
AENPPS;4829
AENPPT;4388,14625,16257,17360,17589
AENPRS;
AENPRT;
AENPRW;10209,15977
AENPRY;2495,3696,4405,6591,10564,11065,11595,11614,11780,11803,11807,14393,14866,17480,18484,18511,18600,19237,19249
AENPRZ;7611,15996,16331,18073,18536,19248
AENPSS;7316,11823,13272,15521
AENPST;
AENPSV;15994,16458,16769,17786,18752
AENPTT;17981,18216
AENPTU;4826,7790,10550
AENPTZ;118,4648,19248
AENQSU;449,3621,9939,14464,16598,16868,16893,17319,17867,18157,18158,19239
AENQTU;4113,4730,10038
AENRRS;236
AENRRT;7748,8590,11801
AENRRW;4758,7245,7773,16731,16996,18243
AENRRY;7786,17789,18600
AENRSS;
AENRST;
AENRSU;
AENRSV;15685,18269
AENRSW;19139
AENRSY;3696,3972,14394,14524,16262
AENRTT;
AENRTU;
AENRTV;
AENRTW;5576,7245,7785,17239,18243,18244
AENRTY;4738,7216,15560,15628,15706,17977,19249
AENRUW;7698,16038
AENRWY;7786,16824,18244
AENSST;4839
AENSSU;17015,17319,17332
AENSSW;
AENSSY;16693,18004,18841,19172
AENSTU;
AENSTX;15678,16073,16259,16804,17057,17982,19210
AENSTY;6214,11806,16073
AENSTZ;4011,11820
AENSUV;7714,17905,18158
AENSUY;3665,5685,9358,10111,11670,11671,13113,19172
AENSVW;1421,14675
AENSWY;10117
AENSWZ;17878,18927
AENSZZ;4761,16526,18823,18937
AENTTT;1264,2497,2739,4115,7372,10417,11811,13718,13802,13932,16563,16601,17788,18219,18857,19204
AENTTU;1695,7189,16446
AENTTX;2739,4591,7398
AENTTY;6590,7536,11783,16270,17394,17600,18078,18249,19240
AENTWY;17977
AEOOSZ;5618,6822,11804,14507,16055,16481,16904,17433,17952,18070,18166,18281,18767,18879,19002
AEOPPR;1152,4842,13126,18276,18548,19272
AEOPPS;2699,4416,4469,8576,18145
AEOPQU;
AEOPRR;5990,5998,7035,7705,8377,8615,11807,17486,17488,18600,18837
AEOPRS;
AEOPRT;18889
AEOPSS;4175,4818,7316,16200,17475,17483,18239,18266,19088,19116
AEOPST;
AEOPTT;410,10248,11329,14851,16275,18521,18965
AEOPTY;2502,3520,4093,8257,10248,14526,16257,16275,17461,17987,18122,18218,18276,18782,18962,19071,19149,19176,19189,19199,19249
AEORRR;5998,6201,7717,10244,10458,11749,14916,14985,15729,17486,19180
AEORRS;18365
AEORSS;
AEORST;
AEORSU;17180
AEORTT;11649,15739,16249,16284,17239,17994
AEORUV;1299,1469,6812,7740,7755
AEORVW;18295
AEORVY;
AEOSSV;10647,16200
AEOSTV;13813,17796,18549,19013
AEOSTW;7793,11498,11764,13153,14995,16915,19002,19072,19108,19187,19236
AEOSTZ;7236,7788,10536,11820,16055
AEOTTU;18884,18885,18965
AEOUVZ;
AEPPRR;1152,4506,4612,13126,17935,18896,19180
AEPPRS;
AEPPRT;11219,18276
AEPPRU;4612,11219,15693,18772,19147,19180,19272
AEPPRW;16713
AEPPRY;11807,18276
AEPPRZ;
AEPPSY;2699,4469,14531,19194
AEPPTT;3636,15692,15693,18521,18548
AEPPTU;4826,11219,15693,19272
AEPRRS;
AEPRRT;
AEPRRU;4612,6203,8615,14389,18647
AEPRRW;435,4012,6203,16672
AEPRRY;2674,4012,6058,11807,18600,18896
AEPRSS;
AEPRST;
AEPRSU;
AEPRSV;
AEPRSW;2311,16915,19279
AEPRSX;426,440,462,3914,4708,11656,13811,15528,16457,16643,16827,16938,19269
AEPRSY;5673,10904,15995,17952,18124
AEPRTT;4188,15693
AEPRTU;4771,4826,17202
AEPRTX;3914,4708,7140,7222,7256,7758,11656,11735,16737,17957,19269
AEPRTY;18511
AEPRTZ;11631,19189,19248
AEPRUY;10258,10564,10941,18270
AEPRWY;4012,16230
AEPSSS;
AEPSST;
AEPSSU;237,14486,14664
AEPSSV;2310,4015,4347,16200,16932,16937
AEPSSY;16235,17919,18213,18226,18291,19227
AEPSTT;
AEPSTU;
AEPSTX;3914,4425,4708,7661,10510,10565,11656,16259,18283,19269
AEPSUX;10510,13918,17490
AEQRRU;17570
AEQRSU;
AEQRTU;3991,4068,6935
AEQRUV;
AEQSTU;18181,19013
AEQSUY;4853,10255,16940,19151
AEQUYZ;
AERRSS;
AERRST;
AERRSU;4731,13151,14112,18989
AERRSV;
AERRSZ;2464,3402,4630,4713,4802,13571,14659,18449,18907
AERRTT;7427,18278
AERRTY;1306,13074,14380,14962,15876,17917
AERRUZ;13500,18172
AERRWY;4012,7786,15876,16395
AERSSS;13852
AERSST;
AERSSU;
AERSSV;
AERSSW;8586,8621,16647,17184
AERSSY;7779,19019
AERSTT;
AERSTU;
AERSTV;
AERSTW;
AERSTX;4696,4708,17057,17178,18809,18944,19269
AERSTY;
AERSTZ;460,1130,3615,7236,7788,11820,13841,14993,15572,16371,18065,18907,18936,19002
AERSUU;4154,4662,8624,9307,10598,10948,13154,13949,14206,14958,17180,17182,17251,18246
AERSUV;7685,9614,19030
AERSUZ;7788,11820
AERSVV;17248
AERSVW;
AERSWX;19077
AERSWY;9260,10101
AERSZZ;460,2469,3504,17264
AERTTT;457,4831,15484,15666,16916,19204
AERTTU;14656,15693,15823
AERTTV;6974,15458
AERTTW;1434,1724,2339,11230,17239,17994,19055
AERTTY;14510,16284,17605,17994
AERTUU;2597,3705,4320,7737,7748,7768,9494,11504,11519,11520,11583,11801,13390,14129,14959,17150,17323,17941,18805
AERTWY;
AERTYZ;11518,18997
AERVWY;16824,17732
AESSSS;1273,1336,4375,6206,7258,7266,15483,15526,15657,15675,15795,16079,16764,16835,16890,16900,16901,17910
AESSST;14028
AESSSY;3616,14889,17919,18291,19197
AESSTT;401
AESSTU;4237,18605,19037
AESSTV;9926
AESSTW;7259,11686,15614,15671,16062,18605,19072,19236
AESSTY;17800,18291,18572,19227
AESSVY;18572
AESSZZ;18937
AESTTT;7800
AESTTU;16688
AESTUV;7685,11847,15688,16648,18378,19013,19030
AESTVW;11764,15670,16924,17241,19170
AESTWY;9405,11146,17206
AESTXY;4425,14537,16073,16724
AESTYY;7800,11180,11815,14964,15697,19075,19188
AESVVY;18439
AESVWY;16718
AESVYZ;
AESWZZ;17878
AETUXY;8385
AFFFLS;7804
AFFGRS;19299,19300
AFFGUW;
AFFHIT;
AFFIKR;7807,9265,10603
AFFILP;
AFFIMR;1284,2316,4856,7807,11854
AFFIRT;15029,15701,16973
AFFIRZ;
AFFLNY;7805,11849,11862,15706,16978,19291
AFFLOS;2315,4860,16982,19307,19308
AFFLOY;1157,11855,11859,13155
AFFLSU;4134,6979,7270,7804,9991,10595,19296,19307,19314
AFFLUX;
AFFLWY;
AFFNSY;3706,19291
AFFOPY;
AFFQSU;
AFFRST;19311
AFFSST;2748,2749,3707,3916,4855,4862,9992,16961,16966,19304,19315
AFFSUW;
AFGGLY;19317,19323
AFGGOT;
AFGHOS;9272,14036,17003,19332,19338
AFGIJM;
AFGIKN;
AFGIMN;
AFGIMY;
AFGINN;465,4870,5509
AFGINR;
AFGINS;
AFGINT;
AFGINX;15716
AFGINY;9705,10613,11868,19361
AFGINZ;3711,7811,11871,11878,19341,19345
AFGISY;4871,19361
AFGITZ;
AFGLNO;17048
AFGLNU;10621,15467
AFGLOS;2315,4146,4876,14052,15724,19353
AFGLRU;
AFGMNO;
AFGMOR;
AFGNOS;19300,19332,19374,19375,19376,19377,19378
AFGORR;7809,15035,19293
AFGORT;15038,19300,19359
AFGOST;4876,19300,19338
AFGOTU;7812,17002,17004,19355,19359,19360,19373
AFGRST;3921,4876,4878,15038,15468,17053,19299,19300,19338
AFGRUY;19371
AFHIIR;16993,17063,19331,19385
AFHIKL;15731
AFHIKR;9995,15731
AFHIMS;2753,11897,16962,19389
AFHIOS;
AFHIRS;10624,10634
AFHIST;14061,19330,19389
AFHLMU;
AFHLOO;
AFHLSY;17064,17079,17081,19337
AFHLTU;
AFHMOT;1288,11896,19388
AFHORS;1158,7815,7817,8628,11904,14036,14075,17003
AFHRSW;11904,14075,15741
AFHSST;2754,10002,11900,19397,19399
AFIILL;939,1283,1289,2109,2759,3394,4155,9707,11855,11910,17006,17093,19405,19406
AFIILN;7819,7821
AFIIMN;2758,2765,4883,4884,14082,17095,17108,19306,19326,19346,19349,19355,19357
AFIJNN;
AFIKLS;
AFIKNU;
AFIKRS;10650,10669,14077,14087,17121
AFILLN;1291,2758,7287,17124
AFILLS;336,466,2109,2759,2769,15039,19330
AFILMU;2771,2772,4160,4883,5631,9291,11925,14092,17022,17025,19389,19420,19425,19426
AFILMY;4882,4884,11909
AFILNS;3715,11933,19429
AFILNU;13157
AFILNV;2761,7821
AFILNY;17147,19426
AFILOR;5634,7814,8398,11886,11924,11927,15039
AFILPS;6831,8395,10013,10674,11895,11914,13014,14076,14080,14090,15717,19390
AFILRS;466,1773,2777,3715,4156,4157,4881,5634,11895,11930,11933,13020,14087,15039,15040,15055,17096,17121,19413
AFILRY;6829,7814,13158,14042,15040,17028,17147,19309,19366
AFILRZ;
AFILSY;3715,15048,17064,17147,19426
AFIMNR;4879,4883,11854
AFIMNY;4884,17095,17134,19419,19426
AFIMRS;4892,4893,19435
AFIMRT;2770,2771,3917,11896,15760,19388,19420,19436
AFIMRY;4882,8632,11896,19419,19427
AFIMSS;15030,19297,19356,19358
AFIMSV;
AFIMUZ;
AFINNN;19401
AFINNO;5509,15026,17107
AFINNT;15044,19401
AFINRU;4879,15035
AFINST;19429,19438,19445
AFINSU;2768,9704,13157,14041,17143,19336
AFINSY;3715,4871,11917,17134,17147,19361,19426
AFINTU;14084
AFINTY;2783,4871,10613,11868,15719,17177,19357,19361
AFINYZ;
AFIORT;941,10021,11861,11896,14047,17171,19388
AFIQRS;
AFIQRU;15057
AFIRRS;1487,4892,4893,6615,6828,10624,10634,11898,11938,17182,19375,19393,19418,19442
AFIRRY;17177
AFIRST;1487
AFIRTY;2783,11896,17177
AFIRUY;11927,17130,19371
AFISTW;9998
AFJLRU;
AFKLNS;
AFKLSS;938,11882,19448
AFKNRS;2756,11941,15745,19310,19311
AFKOST;7296,11942,14118,17185,19310
AFKRST;763,2755,2756,2787,3926,7296,9018,10650,10669,11942,14077,17091,19310
AFLLMU;11925,14119,19420
AFLLNO;4176,8636,8637,10641,15777,15779,19419
AFLLNU;7287,8637,10027,10699,11862,15780,16978,19395,19452
AFLLOR;8398,11910,17006,17122,19388
AFLLOW;17193,19312,19451
AFLLPU;
AFLLTY;7826,10699,11901,14121,19337,19395
AFLLUW;17199,19312
AFLMMS;1297,17121
AFLMNU;4883,14092,17197,17207
AFLMNY;1488,4884,17095,17134,19349,19419,19426
AFLMOR;2788
AFLMRU;2771,4883,17025
AFLMYY;
AFLNNY;11946,15034,17123,19323,19350,19450
AFLNOT;1488
AFLNPU;10031
AFLNSW;15066,15725,17218,19424
AFLNTU;10027,11903
AFLOOS;9709,10673,11944,14052,15054,15064,19424
AFLORS;1158,5634,11904,11930,15055
AFLORV;7821
AFLOST;4860,4876,5634,15055,19353,19400,19407
AFLOTY;11859,11934,11946,15787,19363
AFLPPY;19421
AFLPSU;
AFLRSU;19413
AFLRTU;
AFLSSU;6005,8400,8633,13364,14091,14097,17207
AFLSTU;
AFLSTY;14137,15787,17229,19337
AFLSWY;14133,15040,17195,17213,17229
AFLTTY;14137,17205
AFLTUV;17093
AFLTUY;7824,7826,15787,17205,17206,19337
AFLWYY;
AFMNOT;1488,14074,19355
AFMNSU;376,2337,14138,17133,17197,17207,17232,19423
AFMOOS;11944,11950,14139,17209,19338
AFMORS;4892,4893
AFMORT;2770,11896,19388
AFMOSU;
AFMSSU;14097,17168,17207,17236,19297,19358
AFMSUU;
AFNNNO;
AFNNOS;4180,17192,17230,17237
AFNNOT;
AFNORT;1301,5906,6006,7295,9306,10001,13369,15068,17176,19359,19443,19445
AFNPRY;11880
AFNRSS;4858,11891,15037,15060,15067,19356,19362,19382,19387,19457
AFNRSU;19311,19339
AFNRYZ;
AFNSSU;4858,15792,17050,17207,17232
AFOORT;11861,11936,11947,11953,14057,15068,17171,17231,19454
AFORRS;4892,4893,7815,11898,11938,15709,17182,17238,17247,17251,19310,19393,19418,19442
AFORRW;
AFORRY;19427
AFORSS;6835,10713,11891,11940,13393,15037,15067,15730,15790,15799,17181,19316,19362,19382,19446,19457
AFORSV;
AFORSY;5635,7825,11890,11941,11944,15042,15055
AFORTU;9306,15068,17002
AFORUV;
AFOSSS;4874,10714,11943,16984,17043,17075,17076,17165
AFOSST;11891,11900,11940,11951,15049,19315,19316,19381,19386,19391,19394,19397,19399,19416,19432,19433,19446,19457,19458
AFOSSU;6016,6835,10608,10647,15049,15061
AFOSTU;15049,19455
AFOSUV;19378
AFPTUW;
AFRRTY;4877,19405
AFRSSW;16983,17142,17184,17189,19382
AFRSTU;19299,19440
AGGGIN;
AGGGOS;19319
AGGHIS;4190,15804,17267,17271
AGGHSY;4191
AGGIIL;17277
AGGILN;
AGGILO;241,8640,10731,11955,11971
AGGIMN;379,7311,15813,17307,19523
AGGINO;7311,8404,11961,11969,15816,19523
AGGINP;11961
AGGINR;
AGGINS;1162
AGGINT;379,15820
AGGINW;9309
AGGINZ;
AGGIOR;4915,6836,7310,7311,15084,17268,19523
AGGISW;
AGGIWW;19459
AGGIZZ;19460
AGGKNY;
AGGLNY;129,3722,17324,19323,19473,19534
AGGLOT;17272,17326
AGGLSU;4195,4204,17302
AGGLSY;8405,15085,19499,19505
AGGLWY;19463
AGGMNO;2798,4925,11969,13162,13163,14153,15824,19465,19523
AGGMOT;4915,19465
AGGMRU;
AGGMSU;4204,13410,17329,19462,19524,19537
AGGNOU;15074,19494,19504,19527
AGGNOW;3725,15830
AGGNOX;
AGGNPU;
AGGNRU;17323
AGGNSU;
AGGNSY;4191,4906,19473,19499
AGGORS;3726,14171,14172,15827,15832,17274,17331,17334,17336,19475,19535
AGGPRY;19467,19476
AGGQUY;
AGGSTY;
AGHHSU;11978,17345,17346,17350
AGHHTU;17345
AGHIJR;
AGHIKU;15096,19582
AGHILN;
AGHILS;4209,4927,10758,17380,19602
AGHILT;
AGHIMN;477,4931,10764,15840,17379,17401,19559,19560,19561
AGHINO;477,4215,4216,6237,6243,7847,11962,11988,12030,17368,17369,19562
AGHINR;
AGHINS;
AGHINT;
AGHINV;
AGHINW;
AGHINY;4219,4926,7847,10753,17341,19619
AGHINZ;2802,12029,19561,19574
AGHIQU;
AGHIRR;476,4217,7329,7852,11980,12023,12032,12035,12036,15855,16993,17344,19605
AGHIRS;469
AGHIRT;12034,12036,15095,15096,16993,17440,19582,19619
AGHIST;15805,17345
AGHISU;15098,17345,17438,19628
AGHISZ;
AGHKSU;6245
AGHLMU;2346,2813,5584,17448
AGHLNU;4224,15113
AGHLOS;12038,19602,19638,19640,19641
AGHLSU;15098
AGHLSY;132,10761,15114,17444,17465,19602,19638,19641
AGHLTU;15100,17272,19588,19589,19605
AGHLUY;14200,15100,17470,19337
AGHMOS;2815,2817,4940,11988,11990,15090,15101,19338,19545,19562,19611,19635,19643,19644,19647,19648
AGHNNU;4898,19561,19616
AGHNOS;4951,8654,11964,11988,12030,19562,19611
AGHNOU;7006,7845,7850,15106,15113,17485
AGHNPS;2349,3284,4229,4951
AGHNPU;4931,8650,15106,15113,19472,19540,19616
AGHNRT;242,480,3734,4137,4231,4952,15493,15867,17002,19595,19619,19636
AGHNRU;3734
AGHNRY;6248,19619,19645
AGHNSS;6249,19637
AGHNST;
AGHNSW;17457
AGHNTU;3734,4137,8647,8650,10750,11958,12012,13422,14201,17401,19320,19321
AGHNUY;19616
AGHOQU;
AGHPRS;482,1497,2818,2819,4938,4945,4946,4955,7853,12044,15119,19475,19543,19545,19634,19638,19640,19641,19648,19654,19656,19657,19659
AGHRRU;1312,7809,7854,17494,19605
AGHRRY;4234,7854,10792,15089,15875,15876,17436,17480,17492,19467,19658
AGHRST;2817,19338,19648,19654,19656,19657
AGHRTU;12012,17494,19552,19582,19589,19605
AGHSST;2814,12038,12045,15087,15117,19637,19657,19661
AGHSSU;4939,10059,15108,15110,15117,17469,19629,19637
AGHSTU;17345,17438
AGHSUW;
AGHSUY;15114,17470,17491,19337
AGHTTU;17345,17431,17438,19553,19582,19589,19605
AGHTUW;2116,19552,19553
AGIIJN;4962,4963,7859,9721,19697,19698
AGIILN;4984
AGIIMN;485,7869,12056,19563,19565
AGIINR;12087,17255,19489
AGIIRT;2829,5511,8657,11986,12046,12067,12088,15095,17017,17351,17367,17556,17605,19714,19760
AGIIST;2356,2822,4138,10614,10813,12050,12064,14160,14250,15170,17353,17588,19353,19361,19556,19755
AGIISV;
AGIJLN;2838,5005,5006,19497,19498,19836,19837,19838
AGIJNP;4963
AGIJNW;5005
AGIJRS;3938,5585,17289,19697
AGIJSW;
AGIKLN;5008
AGIKLS;6239,11999,13430,17616
AGIKMN;2358,5008,7880,7883,7887,11850,12055,17368,17503,17618,19346,19580,19841
AGIKNR;
AGIKNS;
AGIKNT;7887,14175,19580
AGIKNW;
AGILLU;11884,19588
AGILMM;
AGILMN;
AGILMO;3256,9035,12142,17679
AGILMP;10754,15836,15900,17277,17679
AGILMY;7903,17678,17679,19505,19888
AGILNN;
AGILNP;
AGILNR;
AGILNS;
AGILNU;1508,1510,4897,4909,5035,5042,5045,5048,7836,7858,7908,7910,7911,19487,19498,19506,19518,19753,19836,19838,19846,19907
AGILNV;
AGILNW;
AGILNX;7845,11984,17525,17645,19672
AGILNY;19891
AGILNZ;2825,4965,4978,4981,4984,5006,14210,15495,15498,17517,17526,17540,19341,19668,19669,19676,19753
AGILOR;2369,2856,4212,4288,4937,10831,11886,17339,17736,17741,19539,19601
AGILOS;5640,19602,19707,19875
AGILOT;
AGILOV;7273,7814
AGILRS;15120,19702,19840
AGILRU;1508,3753,3761,3762,5042,5045,5048,7836,7886,15100,15172,15186,15811,17528,17685,17693,19487,19518,19605,19721,19753,19836
AGILRY;2847,7814,7913,11886,12156,12178,17395,19505,19601,19714
AGILSS;4939,7895,11882,12059,15087,19875
AGILST;17,2797,2822,3761
AGILSU;4245,7374,7903,8391,10078,15944,17688,17749,19353,19887
AGILSW;
AGIMMS;5053,5054,12179,14163,17398,19931
AGIMNN;12158,12159
AGIMNP;477,19609
AGIMNR;2828
AGIMNS;
AGIMNT;15154
AGIMNW;
AGIMNX;15813,15951,17401,19677,19678,19679
AGIMNY;4910,4926,9341,12181,15154,15155,17341,17773,19932
AGIMNZ;10817,14237,14304,15151,15155,17517,17522,19345,19561,19679,19719,19766,19769,19882
AGIMOS;4940,19761
AGIMRU;4856,12129,15096,15172,19582
AGIMSS;4916,7895,12059,15140,19297,19889
AGIMST;2862,2863,5053,11973,12195,12196
AGIMWW;
AGINNO;1165,5509,7888,12198
AGINNP;
AGINNS;
AGINNT;
AGINNU;465,19561,19836,19864,19952
AGINNW;
AGINOR;
AGINOS;19707
AGINOT;
AGINPR;
AGINPS;
AGINPT;
AGINPV;5044,12112,19830,19861,19894
AGINPW;12112
AGINPY;7847
AGINRR;12121,19752,19753
AGINRS;
AGINRT;
AGINRU;5493,5589,12121,12129,17528,17693,17725,19725,19753,19836,19957
AGINRV;19698
AGINRW;
AGINRX;15813,15973,16958
AGINRY;
AGINRZ;
AGINSS;
AGINST;
AGINSU;
AGINSV;
AGINSW;
AGINSY;12127,12200
AGINSZ;4981,4993,5016,7905,19668,19690,19694,19707,19740,19828,19981
AGINTW;
AGINTX;488,5588,7398,17401
AGINUX;7398,7845,12117,17401,17601
AGINVW;
AGINWX;
AGINWY;4926,17341
AGIOPS;490,4940,8420,9310,10094,13406,14164,14308,17795,19602,19628
AGIORS;10094
AGIORU;3731,7850,12035,12153,15186,17811,17851,19359,19836,19856,19969
AGIORV;7273,7814,7852,12218,14274,15186,17385,17766,19698,19741
AGIOTU;478,12176,15186,19588
AGIOUY;19371,19968
AGIPRS;
AGIRST;5053,5054,5067
AGIRSV;
AGIRTU;3762,4304,4320,5045,5048,12067,14192,15096,15100,15186,15823,17851,19487,19582,19589,19605,19710,19969
AGISST;491,9730,11882,15087,15212,19381
AGISTT;7914,12219,12220,15967,15972,17345,17407,17688,19295,19380,19556,19756,19763,19788,19876,19886,19983
AGISTU;
AGITTW;7916,12036,17440
AGJLMO;19497
AGJLNY;5005,12128,12221,19837
AGJLSU;5590,16013
AGJLUU;5590,12222,19498,19838
AGJNOR;3746,15171,17610,19698,19836
AGJTTY;
AGKLNO;7403
AGKLNS;4923
AGKLOO;12135,19841
AGKLOS;1328,13430
AGKLOT;7885,19841,19846,19847
AGKLOU;6244,12132,19846,19847
AGKNOU;5854,12132,19847,19856
AGKNRS;
AGKNRU;5854,6254,7351,7886,7889,12129,14354,15172,17633
AGKNSY;12127,17619,17621,19840,19845,19987
AGKOPS;12000,17628,17884,19630
AGLLNO;244,472,4971,5091,7834,12221,19861,19866
AGLLOP;5091,12003,12154,15173,15176,19861,19990
AGLLOR;
AGLLOW;
AGLLRY;2847,19714,19990,19993
AGLLSU;15085
AGLMMY;19633
AGLMOR;5026,5096,19633,19719
AGLMOS;4327,5090,12228,17900,19635,19987,19995,19996
AGLMSU;391,3753,4339,5090,17688,19887,19996,19997
AGLNNO;3958,4340,7928,17451
AGLNNU;4897,4909,5035,9351,12222,13474,19318,19506,19836,19864,19877
AGLNOO;5026,8661,10858,12166,12167,17048,17451,17452,17453,17670,17904,19841,19893,19894
AGLNOP;3956,4947,5091,7332,15858,17451,17452
AGLNOS;
AGLNOU;5035,7806,7812,7845,7908,12132,14280,15074,15137,15178,19838,19846
AGLNOW;7813,7928,16038,17386
AGLNRS;19840
AGLNRU;7836,7886,15172,19487,19721,19753
AGLNRY;1521,4877,5103,19534
AGLNSS;1485
AGLNSY;3777,5098,5099,19987
AGLNTY;17457,17888,17897,17903
AGLNUU;7901,7910,12222,15181,19498,19705,19838,19914,19924
AGLOOP;5096,7332,9337,10858,10876,10932,12003,12015,12166,17451,17670,17904,19878,19893,19894
AGLOOR;2880,5026,5096,9723,10932,12166,17736,17904,19636,20005
AGLOOS;5090,8419,10848,11967,13483,14052,17294,17302,17555,19875,19996
AGLOOT;2880,3754,8661,9735,10876,10932,12015,12176,15860,17048,17326,17446,17695,17904,17913,19636,19841,19893
AGLOPS;490,2348,3937,17464,17465,19602,19638,19640,19641,20007
AGLORS;19638,19640,19641
AGLORU;10622,12153,15186
AGLOSS;2877
AGLOST;4876,5097,12038,19640
AGLOSV;
AGLOSW;13483
AGLOTV;15186
AGLOTY;2875,3759,4937,5097,5099,5103,7359,9745,12004,12065,12162,17464,19640,19888
AGLOWY;
AGLPSY;2858,4220,10761,10933,15114,17444,17464,17465,17748,19602,19638,19640,19641,20007
AGLPUY;19997
AGLRSU;
AGLRUV;10108,15186,16043,17025,19365
AGLRUY;3762,5048,12156,12178,15085,15100,15216,19859,19993
AGLRYY;6247,17703,17733,19639,19642,19910,20005
AGLSSU;248,4939,5049,19637,19885
AGLSSY;2876,17449
AGLSTU;2395,2879,4339,10078,17688,17740,19353,19887,19992,20004
AGLSUV;
AGMMNO;948,4215,9737,10879,11969,12136,13162,17368,17557,19497,19716,19929
AGMMNU;4910,17920,17921,19929
AGMMSU;10109,19643
AGMNNO;
AGMNNU;10764,12158,12159,17022,19558,19561,19609,19935
AGMNOR;4925,12041
AGMNOS;12228,19987
AGMNOX;
AGMNRU;4856,12129,15172,19540
AGMNSU;376,391,10111,17928
AGMNUY;3777,4910,12159,19937
AGMOOY;2874,12142,15191,15215,19932,19996,19997,20016
AGMOPS;4940,5094,12231,17267,17795,19545,19611,19634,19647,19648,19942
AGMORS;19545,19648
AGMORV;
AGMORY;1512,2388,2840,19786
AGMOST;2817,2851,2882,4300,4337,5097,5106,12162,12195,12196,12231,14359,17036,17677,17796,17799,17900,19338,19635,19648,19761,19785,19886,19887,19888,19995,20016,20017
AGMOYZ;17679,19882
AGMPRS;12231,17473,17901,19545,19634,19648
AGMPRY;15156
AGMPUZ;
AGMRSU;
AGMSTU;3781,4339,5106,16059,17329,17476,19537,19635,19887,20017
AGNNOT;
AGNNOY;7384,12233,14364,17330,19508,19898
AGNNRY;15221,17330
AGNNSU;6
AGNNTU;474
AGNNUW;17833,17835,19952
AGNOOZ;15164
AGNOPS;4951,19652,20018,20019
AGNOQU;10897
AGNORR;343,4925,12041,20012
AGNORS;
AGNORU;7006,7850
AGNORW;12021,15200,15208,19376,19624,19851
AGNORY;5103,6248,7897,19508,19534,19651,19706,19742
AGNOSS;
AGNOST;
AGNOSU;14204,14365,17485,17928,17940,20011
AGNOSW;1168,7414,7882,12030,12205,12234,15166,15205,16072,19375,19376,19622,19951
AGNOSZ;5016,7905,14204,19707,19740
AGNOTU;
AGNOWY;
AGNOZZ;
AGNPRS;20019
AGNPSS;4358,7316,15521,17483,17942
AGNPSU;20018
AGNRRS;19554,19752,19978
AGNRST;20015
AGNRSU;1523
AGNRSW;1523,12234
AGNRTY;4877,5103,20013
AGNSST;17950
AGNSSU;10059,10930,14376,15117,17332,17484,17908,17949,17950,19637
AGNSSY;12226
AGNSTU;17949
AGNSTW;16072
AGNSTY;5098,5099,16073,17457
AGNTTY;498,5098,7911,16070,17394,17600,19357,19872,19873,19902,19922,19968,19974
AGNTWY;17457,17773,19515
AGOORT;2880,4915,5112,12175,12193,12218,12224,12235,13176,15038,15222,19300,19521,20013,20016,20019
AGOORV;12218,19960
AGOOSZ;16055,17433,17952,19653
AGOPRS;490,1497,2819,4946,7853,12044,15199,19475,19543,19545,19634,19638,19641,19733,19906,19955
AGOPRT;2799,2856,5112,12028,12209,12218,15095,19539,19619
AGOPRU;12035,15106,15216
AGORRT;1525,5112,7925,12235
AGORSS;5114,19657,19982
AGORST;2817,4876,19338
AGORSU;6432
AGORSY;6432,11890,11981,12044,12126,12178,15116,15221,17945,17952,19638,19640,19641,19651,19659,20007
AGORTU;2880,12235
AGOSTU;8671,19537,19635,19992,20004
AGOSTV;4312,5079,5083,9743,16069,17796,19378
AGOSYZ;17952
AGOTTU;5056,12176,19360,19553,19825,19968
AGOTUY;8671,17329,19537,19553,19968
AGPRSS;499,4929,7933,15110,15212,19629,19657,19945,19982,19989,20001
AGPSUU;12210,12217,15119,19652
AGPSUW;17956,19944
AGRRTU;1525,3391,3977,4304,4335,4342,5045,5061,7419,7921,7925,11888,12235,13499,15511,15969,16051,17044,17494,17957,19605,19957,19969
AGRSST;4954,7933,9730,12037,15212,19657
AGRSSU;19629
AGRSSY;19982
AGRSTU;475,20015
AGRSUU;7416,7926,14206,15119,17495,19339,19983,20017
AGRSUY;112,5075,6432,7421,10945,12156,12178,15085,15116,15221,17470,17893,19978,20007,20015
AGRUUY;1521,17941,19993
AGSTTU;4339,4350,14351,15972,17345,17438,17688,19921,19977
AGSTUU;5106,7926,12217,15119,19339,19652,19983,20004,20017
AGSUWY;
AHHIJR;10740
AHHIKS;2884,3786
AHHIRS;7934
AHHISS;501,2889,5120,10956,10959,17965,17978,20033
AHHISV;7934
AHHKOO;
AHHKPS;16097
AHHKSY;
AHHLPY;4378,10957,12244,17980,19544,20022,20026,20027
AHHOOR;15227,17988,19547,19548,19549,19550
AHHOPW;
AHHORS;2892,5129,8679,9365,10955,11981,12245,14394,15225,17346
AHHPPU;
AHHRRU;8263,8264,20021
AHHRST;2892,5129,8679,12245,15225,20034
AHHUZZ;
AHIIKP;
AHIILT;1337,4383,4384,5132,6041,6266,6270,8682,8683,8684,9747,10986,11986,12271,17354,17997,19555,20022,20051,20052
AHIINT;3482,4388,5132,14410,17063,17360
AHIISS;253,505,1535,7276,7947,9375,11000,11002,12258,12296,12297,15093,15240,18004,18026,19570,20055,20062
AHIJJS;
AHIJRS;
AHIKKS;402,507,508
AHIKLP;
AHIKLS;14416
AHIKLT;
AHIKMR;15096,19582
AHIKMS;8691
AHIKMV;
AHIKNS;12261,12262,19384
AHIKOW;5116,12302
AHIKPP;
AHIKRS;
AHIKSS;
AHIKST;199,508,8691,12001,12260,12263,19538,19581,20043,20048,20069
AHIKSU;2884,12262
AHIKSZ;
AHIKTW;15838,17997
AHILLO;19388,19588,20073
AHILLP;7438,15248,16107,16108,19588,20022
AHILLS;130,14419,20023,20071
AHILLT;16108,19588
AHILLZ;1529,11014,12316
AHILMO;20077
AHILMS;20084
AHILMU;2229,4931,12331,19472
AHILNR;2908,5131,5855,11893,20077,20086
AHILNU;7444,11031,19303
AHILNY;2905,2908,5123,12269,12314,12324,20050,20086
AHILPS;16131,17966,20083
AHILRW;3795,10128,12302,13536,15040,15248,17386,17997,18030
AHILST;
AHILSV;2913,9913,12341,12342,18060
AHILTU;4214,8647,10630,10762,11958,12008,12012,12271,12331,13539,15100,19320,19588,19589,19605,20051
AHILTW;3795,6047,16143,17997
AHILYZ;12316,12328
AHIMNR;4879,20028,20077,20098,20106
AHIMNT;1539,20106
AHIMOR;6859,9755,11079,11896,12361,12363,14450,17268,19388,19610,20051,20064,20077,20098
AHIMPS;2903,7943,7961,8698,20046,20075
AHIMRS;4941
AHIMRT;1541,3481,3484,6507,12331,12363,14406,14450,15096,16123,16124,16158,17351,19388,19582,20051,20106
AHIMSU;512,4415,7461,7943,10990,11087,15239,15243,16160,18101,18129,19558,19609
AHINPR;15259,15260,15261,20028,20106
AHINPT;1796,2906,15259,20030,20106
AHINRS;
AHINRU;4879,6863,20098,20106
AHINSS;12286,12349,20100
AHINST;
AHINSU;9704,12262,12287,15243
AHINSV;
AHINSW;6433,12306,15244
AHIOPS;3790,4940,13565,16131,17966,18041,18166,19384,19602,19611,19628,20053,20075,20113,20124,20125
AHIORS;11097,12332,12343,12384,18143,20113,20125
AHIORT;4937,14474,15095,15267,18167,19388,19539,20051
AHIORV;7852,8269,17419
AHIPPS;38,4945,5162,19563,19627,19628,20125
AHIPRS;8714,12384,15246,15252,20125
AHIPRU;1800,14439,15248,20106
AHIPSS;4939,8693,20045,20091
AHIRRS;5513,6275,11898,12384,20113,20125
AHIRRW;12036,15092,16996
AHIRST;
AHIRSU;7934,12343,20076
AHIRSV;7934
AHIRSW;337,469
AHIRSZ;348,1169,1531,3497,3502,3504,8714,11025,11117,12343,12367,12384,13067,13571,14459,14470,16186,18065,18112,18120,18178
AHIRTW;8627,12036
AHISST;15255,20127
AHISSV;12293,12297
AHISSW;1535,7948
AHISTT;15239,20124
AHISTU;4415,10187,15112,15239,16193,17345,17438,18129,18179,19334
AHJKOS;
AHJOOP;
AHJPSU;
AHJSTU;
AHKKPU;
AHKKSU;
AHKLOO;12302
AHKLPU;6244
AHKMNU;12304
AHKMOS;5167,5168,6283,8718,9401,12303,12395,17369,18188,18190,19581,19630,20048,20069
AHKMOW;
AHKNPU;
AHKNRS;2756,6286,12400
AHKNSS;517,4427,7475,12398,12401,16097,17078
AHKNST;5706,6286,11141,12001,17266,18190,19538,19581
AHKNSU;5696,7843
AHKOOS;8722,15097
AHKOPS;16200,18187,18188,19384,19630
AHKOSS;20131
AHKPUU;5169
AHKRSS;
AHKRST;5167,6286,6289,7949,12402,18189,18193,20043,20048,20069
AHKRTU;2131,3991,5915,6069,15272
AHLLMO;4430,19388,20035,20136
AHLLMU;
AHLLNU;1224,7052,15113,19395,19471
AHLLOO;3792,20035,20036,20134,20136
AHLLOS;
AHLLOT;19388,19588
AHLLOU;1550,6280,7330,15113,19588
AHLLOW;5170,20134
AHLLPY;9775,12314,12318,12319,14499,17442,18201,20022
AHLLRT;2942,3992,10133,15546,19398
AHLLUX;
AHLLWY;11901,13582,19398
AHLMNY;9754,12006,12324,20136
AHLMOO;5138,8480,11153,17446,20035,20142
AHLMOS;8718,11902
AHLMSS;11147,12301,12329,17967,18028,18194,18213,20084,20085
AHLMSU;11154
AHLMUY;17079,20071
AHLNOP;2895,4378,4947,7332,9758,10199,10205,10641,12269,12313,12314,15113,15233,15277,16212,17451,17452,20050
AHLNOS;5165,5166,5177,15277,20145,20146
AHLNSU;1549,5173,20144
AHLOOP;1496,7332,7447,7953,9411,9758,12003,12015,12039,12313,14197,17451,17452,18066,18069,18085,18204,18220,19474,20036,20052,20092,20142
AHLOPS;2348,2911,3937,4441,10760,12336,15114,15277,16131,17465,19602,19638,19640,19641,20075,20148
AHLORT;1537,3793,4937,6856,19388,19539,20051,20142
AHLOSS;9780,12398,15277
AHLOST;5165,5166,5177,5548,7970,12345,19383,20145,20146,20147,20148
AHLOSY;2911,4434,5142,5171,5180,7970,8485,12336,12405,14492,15114,17464,17465,17984,18058,18063,19602,19638,19640,19641,20027,20128,20145,20146,20147,20148
AHLOTY;5180,7970,17464,18211,19640,20037,20144,20148
AHLPRS;7853,11895,15246,15252,19475,19543,19596,19634,20083,20137
AHLPRY;2908,15864,16223,16230,17395,17442,17460,18201,19476,19544,19604,19633,20092,20129
AHLPSS;4880,15237,15277,20045,20054
AHLPSU;5181,7446,12409,15114,15236,16131,18230,19336,19598,20083,20088,20144
AHLPSY;2948,15114,20147,20148
AHLRSY;9779,12408,12413,15040,15275,18196,20094
AHLSSU;1345,5633,8721,11170,11175,12412,15278,17469,18027,18232,19637
AHLSSW;2814,6933,7948,12346,13583,14509,15277,16100,16197,18223,20074,20131,20150
AHLSTU;5181,5921,6678,13600
AHLTUZ;
AHMMOW;
AHMMSU;7426,7488,8487,10220,18101,18234,19643,20038,20151
AHMMSY;2815
AHMMWY;
AHMNNU;
AHMNOS;20095,20152
AHMNPY;7960,20028,20030,20154
AHMNSU;8487,15868,18234,20154
AHMNSY;502,4191,4408,5147,5182,11005,11182,12355,15254,18234,18249,20154
AHMOOP;2953,5152,7937,7959,7960,8707,12353,18122,18204,18238,20142,20153,20155
AHMORS;5168,16248,18188,19545,19644,20137
AHMORY;962,2946,2954,7489,11158,11193,11197,11896,12361,16249,18211,20064,20129,20155
AHMORZ;
AHMOSS;10225,16243,17087
AHMOSU;1806,5168,6276,7943,11192,12416,15226,15806,16248,19643,19647,20095
AHMOSV;
AHMOSY;2815,4434,5147,5171,7970,11078,11143,11158,11182,11990,12279,12355,12367,18058,18126
AHMOTU;7974,11075,11186,14074,14450,14513,17448,18113,20051,20056,20142,20153
AHMOTZ;18237
AHMOWY;18244
AHMPRS;19545,19634,19644,19648,20137,20156
AHMPSS;3511,4880,18194,18213,18242
AHMPSU;7943,11192,18064,18234,19647,20083,20154,20156
AHMRRU;5164
AHMRST;2940
AHMRSU;5168,16248,20076
AHMRSY;2818,4456,5182,9420,11078,11143,11158,12279,12367,16153,16217,18196
AHMRTW;
AHMSSU;14518,17087,20038
AHMSSW;4413,11184,16125,20157
AHMSTU;6285,7969,15239,20154
AHNNOS;13180,14390,14511,15257,16236,18068,18214,20039,20152,20158,20159,20160
AHNNSU;2891,5186,11161,20158
AHNNSY;2956,3260,5186,12312,12408,12417,15257,18141,18186,19473,20159,20160
AHNOPR;5861,7464,7848,17348,17480,19574,19619,20028,20165
AHNOPY;2928,4947,4953,12253,12269,12314,12420,19619,19651,20028,20037,20050,20118,20161,20163,20165
AHNORS;7975,20095,20099
AHNORT;7974,15272,15279,20153,20165
AHNOWY;18244,20160
AHNPSS;15277,19650,20107
AHNPSU;2142,2891,6290,12287,12315,12409,20088,20144,20154
AHNRSS;517,4954,6249,6865,12254,15281
AHNRSY;2959,4466,5182,5186,5189,11106,12011,12253,12408,16262,18268,20166
AHNRTW;4451,18243,18244,18273
AHNRVY;
AHNSST;517,3261,3262,3805,12254,12401,15229,20040
AHNSTU;5188,18217,20158
AHNSTY;15257,19599,20114,20145,20146,20160,20163,20166
AHNTUW;11903
AHOORS;6080,7064,7065,7853,8496,8628,8722,8724,11150,12332,12374,12406,16271,17459,17462,18143,18199,19475,19648,19654,19656,20099,20115,20137,20158,20167,20170,20171
AHOORY;7854,7965,7966,8141,9777,12043,15118,15260,15286,17460,18276,18279,19476,19544,19546,19645,19649,19655,20092,20136,20155,20168,20169,20172,20173
AHOOSW;8272,8722,14507,15097,15280,18199
AHOOSY;7970,12383,12405,17491,18263,18284,20147,20163
AHOPRS;3790,4233,4946,15246,15564,16271,17274,17459,18188,19475,19634,19638,19640,19641,19648,19654,19656,19659,20125,20137,20156,20167,20170,20171
AHOPRW;9769
AHOPST;524,2820,5155,8140,8723,12249,12255,12386,12404,19640,19648,19652,19654,19656,19657,19659,20039,20114,20123,20124,20127,20147,20148,20156,20163,20167,20170,20171
AHOQTU;18192
AHORRW;1171,7973,15286,18295,20175
AHORRY;6078,7854,7977,8271,8466,9777,12364,15089,18227,19467,19658,20169
AHORST;19654,19656,19657,19659,20167
AHORTT;411,4443,4454,5187,7061,7068,7427,12285,12363,15739,16242,17004,17496,18219,18278,18295,20175
AHORTU;6291,7957,7974,7977,12271,15272,19552,20051,20142,20153
AHORTW;4451,6670,7069,8126,11230,15286,16240,17994,18244,18295,20175
AHORTX;15271
AHOSST;2145,4463,9403,9786,11209,11900,12045,12401,13608,14481,14512,14519,14530,15229,15287,19399,19657,19661,20038,20040,20127,20132,20174
AHOSTW;12345
AHOSTZ;5185,11117,12414,18166,18178,18281,20123,20146
AHOTUU;5169,8142,18192
AHOTWZ;12414
AHPRSS;
AHPRST;2959,5181,5189,5191,15119,19640,19648,19654,19656,19659,20156,20167,20170,20171
AHPRSU;5181,5191,17450,18231,18298,20156,20170,20171
AHPRSY;7070,8500,9420,10253,10257,11124,12294,15875,16153,16262,16274,17436,18168,18258,18268,18269,18287,18299,19659,20125
AHPRTU;1800,5181,5191,7963,10258,14532,18231,20032,20106,20121,20142,20153
AHPSST;5646,8693,12292,12382,12424,19304,20045,20091,20107,20123,20127,20132,20174
AHPSSW;15277
AHPSUW;18155
AHPTUZ;
AHQSSU;
AHRRSU;5181,5188,10634,11138,16279,18298,20149
AHRRUY;961,963,7854,7977,8264
AHRSSU;4424,6233,6865,7470,7967,12250,14518,14527,15108,15110,15281,15288,16185,16281,16287,16291,17087,17469,17495,18232,18288,18298,19629
AHRSSY;5162,5163,7947,10637,11106,12254,12380,15287,17000,18196,18224,18232,18285,18299,19394,19661,20068,20094,20109
AHRSTT;523,5189,5191
AHRSTW;2944
AHRSTY;7947,15270,15271,16274,18268,18285,18287,20166
AHRSUU;5168,5191,7975,14206,15119,17495,18246,19339,20041,20108,20111
AHRSUW;7474,8680,11138,12411,16267
AHRTTW;8627,11230,12036,17440,17994,20175
AHRTWY;15286
AHSSTU;5176,16287,17469,18232,20038
AHSSTW;2145,2814,12251,12401
AHSSWY;6692,11146,13620
AHSTTU;1554,5151,5191,6285,7817,7969,12381,15230,15239,19617,20121,20149,20151,20156,20170
AHSTUY;14397,17081,18292,19337
AHSTWY;17457,20160
AHSUZZ;
AIIKKW;
AIIKNT;2893,5197,8656,12426
AIIKPT;4970
AIIKRS;3812,4969,5198,6841,14077,15132,15133,15303,15304,17091,18344,19699,19700
AIILLM;529,869,943,966,1810,5199,11909,14553,19555,20219
AIILLR;338,529,967,968,1529,2148,2514,2894,5131,6092,6296,7076,8737,11255,11257,11262,11910,12046,12067,12454,12455,12458,12461,15120,16107,16300,16301,17006,18306,18340,18342,18362,18363,18368,18371,18372,18373,18376,19405,19714,20219,20230,20232,20233
AIILMN;16304
AIILMS;484,4209,4490,4927,5206,8003,18398
AIILNN;1562,2151,2966,2976,5132,15317,20193,20266
AIILOS;1530,1812,2793,5710,6268,6299,6303,7538,7939,8746,11248,11260,11967,12063,12064,12071,12492,16297,17554,17555,18344,18359,18365,18395,18447,19353,19755,19756,20053,20231,20232,20240,20245
AIILRY;15307,15327,15328,15329,20232,20282,20285
AIIMMN;5229,14082,18322,20291
AIIMMS;5205,18354,20046,20187,20240,20245
AIIMNP;3225,4386,4991,10747,10988,11309,12427,14604,15156,15333,18322,18482,20050
AIIMNS;4502,5238,8733,19306,19344,19558,19774
AIIMNT;15150,15332,19764,20295
AIIMNV;9327,12277,19784
AIIMOR;2766,6307,8739,11911,12430,15313,15315,15338,15339,18338,18379,18397,18494,19385,19414,20048,20051,20219,20240,20245,20246
AIIMPR;485,4991,5236,11989,15156,15333,19385,19566,20292,20300
AIIMPS;2526,2974,4927,6299,7943,10278,11317,12264,18011,20046
AIIMRS;4502,5238,12279,19306,19700,20305,20311
AIIMST;
AIINNP;1556,2995,12282,14543,14625,15044,18511
AIINNZ;17107,18382,20206
AIINPR;1556,5236,11255,11309,12478,18322,18342,18482,20301
AIINRS;532,2979,3827,5208,5238,11918,12432,12442,12454,15303,19301,19306
AIINST;5243,5252,11860,12124,12473,12535,20204,20205,20274
AIINSX;5252,15347,20327
AIINTT;5479,14579,17063,17101,17365,18436,18546,19401,20180
AIIORS;1575,7538,7557,7559,14229,14632,14645,15315,15327,17062,17110,18338,18344,18365,18479,18506,18550,20043,20048,20232,20240,20245,20250,20305,20306,20325,20345,20349
AIIPPR;506,4512,5225,18548,20282
AIIPRS;1575,7538,8145,8767,16342,18333,20345
AIIPTW;
AIIRTV;11244,11356,13654,17017,17501,17605,18334,20216
AIITUW;19825
AIJJMM;
AIJKNS;7881,10668,11359,15303
AIJLMS;2539,20355
AIJLOR;18575,19836
AIJLOV;6104,18336,18576
AIJLSW;
AIJLTW;
AIJMNS;535,7881,20355
AIJMOR;20064
AIJNNS;4962,7882
AIJORS;1173,9829,13656,19697
AIJORW;
AIJOSU;9829,14664,18579,20355,20356
AIJPRU;
AIJPSS;11360,14664,18337,20063
AIJPTU;
AIKKLU;
AIKKMS;536,5263,5265,8733,17614,20065
AIKKNO;7880,7883,9832,18029
AIKKOS;508,5263,5264,5265,5868,6318
AIKKST;507,508,5196,6318,12300,12552
AIKLLS;6272,6320,6321,9796,12554,18344,18580,18583,20217
AIKLMN;5008,15172,19841
AIKLMS;17121
AIKLMU;12556,15172
AIKLNO;3811,5266,5700
AIKLNS;15305
AIKLOS;3015,11248,18344,20362
AIKLPS;3015,8526,8773,20360
AIKLSS;6253,11882,12560,15363,19848,20218,20361
AIKLST;5196,12554
AIKLSU;6320,7561,7562,10295,12554,14668,15305,19849
AIKLSV;2541,14256
AIKLTU;274,12133,12554,12556,18349,19846,19847
AIKMMS;5010
AIKMNS;8733
AIKMNW;5012,17503,19851
AIKMOO;7807,7883,7887,19841,19850
AIKMOS;7564,7881,11248,12056,16366,17369,17623,19581,19842,19854,20048,20069
AIKMPR;
AIKMRU;6254,11371,12129,12556,15096,15172,19582
AIKMSS;
AIKMST;1578,1579,7949,8691,12260,19581,19854,20048,20069
AIKMSU;15243
AIKMSV;5265
AIKNNN;7888
AIKNNP;
AIKNNU;7562
AIKNOT;5266,7565,7887,11370,18029,19841,19847
AIKNPR;
AIKNPS;5010,19384,19854
AIKNRT;
AIKNSS;8774,9834,15363,20218
AIKNST;
AIKNSU;7561,7562,7563,7843,12137,12262,14668,15243,15303,15305,17625,17632
AIKNTU;19847,19856
AIKOPS;17628,19384,20360
AIKOPT;6113,7565,7950,11370,12558,12563,18029
AIKORR;8146,12140,17629,18600
AIKORT;4519,7565,8130,11377,12559,12563,20181
AIKOST;508,1578,6318
AIKOTW;19847,20181
AIKPPS;1821,13664,14669,14672
AIKPQS;
AIKPRS;5198,8773
AIKPSU;12137,12262,17625,17632,19849
AIKRRS;5513,7949,19554
AIKRST;
AIKRSU;7843,12554,15303
AIKSST;4516,11882,12560,16376,16377,16966,18605,20363
AIKSTT;8691,12263
AIKSUZ;
AILLMS;3836,5276,6890,13668,18611
AILLMU;5199,11925,12571,12572,18621,18623,19420
AILLNV;7105,16381
AILLNW;
AILLPR;541,3024,9798,11910,12318,12583,15173,19866,20379
AILLPU;6324,19588
AILLRV;543,1589,1825,2148,3026,12580,16397,18375,18641,20230
AILLRY;143,1585,5285,15913,16359,16398,18048,18376,19714,20073
AILLST;336,486,2822,2969,5290,5292,12554,19406,20184,20239
AILLSV;10317,16397,16402,20239
AILLSZ;1354,5016,5292,7992,16386,16394,19707,20217
AILLTT;530,1827,4973,12461,16300,16398,17658,18368,18371,18376,18623,19714,19872,19873,20235,20368
AILLUZ;17124
AILLYZ;1118,1382,6891,12316
AILMMS;12593,15309,20187
AILMNO;5301
AILMNR;20222
AILMNS;
AILMNU;
AILMNY;7589,7981,12465,12606,17095,17134,18392,18588,18682
AILMOP;4887,5649,8045,17679,20415
AILMOT;546,3815,5301,7114,7115,8001,15178,19882
AILMPR;3039,5649,8045,15312,20410
AILMPS;
AILMPU;
AILMRS;
AILMRT;12241,19388,19420,20371,20400
AILMRU;985,6124,6333,8739,14266,14699,17685,19420,20051,20261
AILMSS;7895
AILMST;5206
AILMSU;7903
AILMSX;1391,3035,8048,15924,18712
AILMSY;12465
AILMTU;1507,3032,5199,5303,8005,11925,12571,12572,12603,14726,15178,15366,15376,19420,19425,20051,20261,20371,20392,20402,20407
AILMTY;1555,1561,6331,7981,7983,8001,8005,8740,12609,19882,20026,20224,20258,20400,20420
AILMUV;6333,11444,12572,14726,18405,20261
AILMYZ;12328,17679,19882
AILNNP;5279,8699,12558,12621,12622,16126,16440,18066,18715,18723,20396,20397,20422
AILNNU;4897,4909,7124,7600,7602,7603,16446,18726,19318,19506,19836,19864,20423
AILNOP;9758,11893,12476,12627,12630,20194
AILNOS;
AILNOT;12324,20194
AILNPS;
AILNPT;
AILNPU;3757,7611,17648
AILNRT;5194,5303,8745,20266
AILNRU;7836,7886,8533,8745,11479,12579,12632,12640,15811,17693,17725,18575,19487,19518,19725,19753,19836
AILNSS;12575
AILNST;
AILNSU;
AILNSV;
AILNSW;5328,15386,19424,20078
AILNSY;12465,15372,19426,20280,20377
AILNTT;530,549,553,5313,5315,5321,5608,7535,8055,12635,13702,13718,14582,16412,16446,17297,17379
AILNTU;657,1507,1510,4909,5045,5048,5303,5323,7910,7911,15181,15182,19498,19506,19902
AILNTY;13692,16119,20376
AILNUV;1586
AILNVY;15292,19903
AILNYZ;5339
AILOOR;1180,1596,1600,3024,4581,5324,5343,9723,11041,11928,12135,12585,17736,18731,20086
AILOPS;490,1823,3015,8777,11914,12242,12460,20231
AILOPZ;5343,7447,12630,17679,18396,18768,19734
AILORS;15039,15246,18344,18365,20360
AILORT;284,3036,4608,12430,12613,20051,20181,20266
AILORU;8014,8739,9530,11924,11927,12153,12160,12271,12334,12551,12579,12587,12613,12632,12640,14421,14757,15325,15329,17155,17685,18006,18575,18772,19420,19504,19518,19836,20051,20392,20402,20407
AILOSS;3859,5289,7895
AILOST;
AILOSV;7574,13104,17144,18576,20231
AILOSX;3035,5293,6702,8048,12659,14435,15392,16482,17555,19308
AILOSY;3756,7824,8163,9532,11934,12178,12668,14277,19309,20362,20377
AILOTX;5138,15941,18417,20194
AILOTY;5266,5281,5308,6129,6331,6332,7359,7616,7824,8013,8740,9848,11859,11934,12162,12482,12486,12609,12612,12662,12663,12668,18606,18773,19888,20258,20376
AILOWY;18606
AILPPS;5225,12483,12660,15390,20184,20408
AILPRS;8773,11914,12483
AILPSS;4939,5022,5289,12460,12661
AILPST;20184
AILPSU;15236,16131
AILPSW;5328,8773,11398
AILPTU;1603,4036,11491,18803,19588,20282
AILQSU;5642,12658
AILRST;
AILRSU;3760,18455,18463,20094
AILRSV;3043,5047,19364,20191,20197,20263,20287,20406,20445
AILRSW;544,1588,6321,8773,15040,15380
AILRSY;3715,5340,15040,19309,20094,20280
AILRTU;1600,3819,3852,3860,5045,5303,6882,7957,8014,15100,15325,15329,15381,19420,19487,19518,19710,19721,20051,20282,20392,20400,20402,20407
AILRTY;20282
AILRWY;12149,15040
AILSSS;6883,6898,20279,20283,20290,20444
AILSSV;12491,15391,19433
AILSSW;12346,15394,20074
AILSTU;20239
AILSTV;19406,19675,20196,20239,20445
AILSTX;5206,16130,16479,16509,18712,18809,18811
AILSUV;5350,12342,18459,20239,20287,20445
AILSVY;13546
AILSVZ;3583,4285,11484,17754
AILTXY;7983,11264,12482
AILVWY;17732
AILWXY;
AIMMMU;15331
AIMMNO;13162,14082,17368,19497,19716,19928,19929,20241,20291
AIMMOS;19522,20075,20241
AIMMSS;
AIMMSU;5024,5355,7998,11304,13746,15308,15309,15370,18824,19435,20076,20243
AIMMSX;11420,16144,20046
AIMNNO;8800,17107,20295
AIMNNS;558,559,18836,20297
AIMNNT;7868,15154,19559,19764,19767,19933,20295,20297
AIMNNU;4556,4638,8781,11305,11531,12158,12159,12595,13750,14092,14703,15395,17022,19935,20398
AIMNNY;3084,3264,8232,8800,11056,11531,12181,12183,14703,15032,15154,15155,17773,18654,19325,19932,19937,20400
AIMNOP;477,4386,7959,7960,16145
AIMNOR;
AIMNOS;
AIMNOT;
AIMNPS;16534,19524
AIMNPT;
AIMNPW;12356,17784,18846,18856
AIMNPY;4405,5008,7960,8134,11065,12181,15156,19349,20028
AIMNRS;
AIMNRT;
AIMNRU;4856,4879,19540
AIMNST;
AIMNSU;13186,15243,18836
AIMNSV;10380,11068,14710,15289,16529,18060,18104,18843,19484
AIMNSZ;557,559,4993,5238,5611,10163,11532,15957,15963,16526
AIMNTT;3234,4640,13749,16412,18857,20106,20368
AIMNTU;1507,12951
AIMNUV;
AIMNUZ;7112,15964,19561
AIMNVY;8800
AIMOPT;16516,18122,18889,20031
AIMOPY;5649,7960,8045,8150,8635,11432,12181,12569,12609,12610,12697,17679,18122,20026,20028,20031,20258,20372,20415
AIMORS;4893,9858
AIMOST;20474
AIMOSU;3092,3096,4300,4657,5355,5373,5374,7645,7943,8950,9858,12185,12190,13186,13187,15336,15403,15404,16547,17166,18129,18883,18895,19435,20474
AIMOSW;8956,11554,12703,13766,15177,15380,15404,18892,19424,19768
AIMOSX;3035,6141,8048,11420,12698,16522,20458
AIMPPS;4647,11540,17404,20075
AIMPRS;4941,12674
AIMPRT;20292,20371,20410
AIMPSS;562,5310,5359,5371,20375,20465
AIMQSU;4649,5366,12468,15953,16547,18836,18858,20474
AIMRRS;7949,8021,12179,12188,12674,20316
AIMRSS;562,4916,19297,19356,19778,20255,20293,20305
AIMRST;
AIMRSU;
AIMRSZ;348,4555,4630,5238,7118,15957,16406,18120,18473,18498,18879
AIMRTU;15096,15339,15381,19420,19436,19582,20051,20261,20292,20371,20450
AIMRTX;3567,4643,6542,10168,14815,15334
AIMSST;
AIMSSW;
AIMSSY;12192,12676,19930,20107,20464,20465,20474
AIMSTT;15239,20190,20225,20316
AIMSTU;18129,18883
AIMSTX;4043,4639,6144,16970,18712,20458
AINNNT;2622,4668,5232,5244,5312,5375,6145,8513,9147,9560,10334,12706,15593,16563,18136,18474,18835,19401,20295,20319,20320,20477
AINNOP;5279,16126,18066,20396
AINNOS;3492,5380,6903
AINNOT;511,1606,5244,20179,20295
AINNOW;1514,14622,14834,15200,19373
AINNPS;550,8699,16438,18102
AINNPU;7385,12282,17625,17820,19948,19952
AINNRU;5856,15407,19725,19836,19864,19952
AINOPR;7464,7659,12476,18600
AINOPS;7962
AINOQU;5387,5388
AINORS;5380,20433
AINORT;20266
AINOSV;5083,5390,8027,9743,15166,19378,20213,20334,20454,20496
AINOSX;5613,6141,7918,12373,15951,16113,16522,20327,20458
AINPRS;
AINPRU;6843,7611,17126,17648,18482,19540,19952
AINPRW;7659,18856
AINPSS;
AINPST;
AINPSV;3112,16458,20509
AINPTU;20030
AINPTY;5393,19968,20118,20492
AINQRT;
AINQSU;1179,3621,3624,5288,5322,15953,18836
AINQTU;
AINQUY;2055,10868,19351
AINRSS;
AINRST;
AINRSU;20496
AINRSV;7986,20406,20433,20454,20483,20496,20509
AINRSW;
AINRSZ;3497,5238,11572,14470,15957,16309,16470,17100,18936,19740,19828
AINRTU;5045,19487,19710
AINSSS;566,1546,5146,8075,9865,11923,12512,12536,15335,15355,20066,20279
AINSST;8812,15413
AINSSV;3867,12728
AINSSW;1187,1607,6906,7591,8774,15413,16617
AINSTT;
AINSTU;
AINSTW;5393,6433,20488
AINSTY;2929,12539,16618,18141,18844,18977,18996,18997,20114,20492
AINSUX;4605,5252
AINSYZ;18936,18997,19981
AINTVY;15292,19713,19830,19874,19903
AIOORS;4893,5373,8566,8575,9591,9858,9867,10421,11937,12740,13119,13177,13187,15042,16527,17774,17795,18594,18879,18880,19002,19439,19525,19936,19955,20099,20455,20469,20512,20513,20516
AIOPRV;6315,7464,7594,7852,8045,12218,19441
AIOPST;5077,5155,19956,20114,20123,20124,20127
AIOPTU;478,1547,8577,11075,11491,14879,18888,18889,19588
AIORRU;3071,3878,6348,7850,8014,8080,8796,12035,12587,12665,12742,14879,15035,15407,17155,18172,18786,20522
AIORST;
AIORSU;17180,19435,20518
AIORSV;5265
AIORSX;3632,3880,5380,5613,8048,8579,10426,11111,12698,13811,15271,15392,18880,19019,20119,20349,20513
AIORTV;10427,12218,16517,16549,16587,20266,20468
AIOSSS;1519,4874,8019,8075,12388,12699,14478,15335,15355,15402,15419,16373,16550,17043,17075,17076,17165,17813,18974,20472
AIOSSV;5332,18399,18881,20072,20427
AIOSTT;11921,12386,20124,20515
AIOSYZ;12196,12367,18781,18845
AIPPRR;18896,19826
AIPPRY;3039,4945,5162,7965,8795,19601
AIPPST;5396,12249,12660,12741,20184,20441
AIPPSU;17632,19628,19948
AIPPTT;11120,18025,18548
AIPRST;
AIPRSU;8767,20512
AIPRSV;1548,5350,20203,20509
AIPRSW;8773
AIPRSX;3632,3880,4708,11111,11656,12698,13811,15392,16457,16643,20119,20513
AIPRTY;3865,4421,5227,8292,12294,18511,19604,20282,20420
AIPRUY;1603,3077,11409,14439,15361,17159,20420
AIPSST;5646,20123,20127
AIPSTT;5393,20034,20124,20316
AIPSTW;5393,20034
AIPSZZ;12543
AIPZZZ;
AIQRSU;1002,18157
AIRRSS;660,4916,5352,19945,19982,20312
AIRRST;1487
AIRRSU;3760,5349,6716,14112,14823,16650,18827,18828,18905,18989,19752,19953,19978
AIRRTY;534,3802,5399,12697,15361,19405
AIRRZZ;
AIRSST;7997
AIRSSU;7967,19629
AIRSSZ;
AIRSTT;19295,20316
AIRSTU;13374,16648
AIRSTV;20191,20197,20263,20287,20445,20509
AIRSWZ;17878,18866,19002
AIRTTT;564,12498,20233,20288
AIRTTY;11356,16614,17605,18988,19786,20212,20338
AIRVVY;16510
AISSST;5088,5262,19762,19834,19984,19985,20259,20279,20283,20290,20373,20388
AISSTV;567,5050,5332,5346,12297,12728,19433,20317,20352,20427
AISSTW;1187,1607,4862,6894,6906,14859,15394,15413,15416,18605,20365
AISSTX;20340
AISTTU;5355,5374,15239,20515
AISTVV;3641,11246,13809,18332,18335,18563,19020,20239
AISTWZ;18927,19002
AISTZZ;12543,18566,18823
AISUWX;
AITTTU;3081,5374,8080,20288,20498,20522
AITTWX;
AJKNSY;11667,12127
AJKORS;19986
AJLOOR;
AJLOPS;2656
AJLOPY;
AJLOSU;3135,7825,12746
AJLRSU;3134,3135,12445,12746
AJMNSU;535,14898,20355
AJMOPT;
AJMORS;15420,16662
AJMRSU;535,3134,20355
AJMRTU;
AJNORT;12224,12747
AJNOSY;
AJNRTU;1576,3834,8032,12224,12747,15606,17323
AJNSTU;12223,13128,14898
AJNTUY;
AJOOPS;14899
AJORSW;
AJOSSU;11363,14664,19042
AJRSTU;3135,4718,7401,7926,12746
AKKKOO;
AKKLSU;5484
AKKMOS;5263,5265,6769,11673,11674
AKKNRU;9832,12129
AKKNSS;9833,19044
AKKNSY;12127,19840
AKKOOP;
AKKOPS;
AKKOQU;
AKKORS;5264,5265,5868,6164,11673
AKKORU;1610,9832
AKKOSS;8717,11663,11674,11677
AKKSUW;12748
AKLLNY;19395
AKLLSY;16666,20128,20524
AKLMMU;
AKLNOU;7697,7698,8086,16361,19846,19847
AKLNOX;
AKLNPS;905,2655,4062,4923,11680,17884,20067,20360
AKLNRS;5404,8660,19699,20360
AKLNRY;5404,19844
AKLNSU;1343,1549,7562,7563,15305,18186,19849
AKLOPS;4175,5403,7700,17884
AKLOSS;3887,8085,16196,18345,18586,18589,19054,19842,20218,20362,20525
AKLOST;1578,5165,9871,15241
AKLOTW;19055,20181
AKLOXY;
AKLPRY;373,4521,19844,20129
AKLPSU;10697,11666
AKLPTU;
AKLPUW;
AKLRVY;
AKLSST;1006,8721,11882,20359
AKLSTU;5520,9871,12554
AKLSTY;15241,18588
AKLSUW;7686
AKMNSU;
AKMNSY;3016,6354,11005,18588,19987
AKMORS;1612,5089,5403,5405,6354,7564,15063,16366,18188,18594,19059,19062,19630
AKMOSU;11685,12399,18190,19058
AKMPRU;5164
AKMSUZ;
AKMTUU;5406
AKMUYZ;
AKNNOO;19850
AKNOPS;5269,9623,11680,12562,17628,17884,19384,20360,20530
AKNORU;5854,7698,9832,15421
AKNORY;16673,18600
AKNOSS;6910,7176,7177,7475,8774,9873,11668,12307,12398,12401,12751,14905,16683,17078,17187,19060,19067,19069,20218,20525,20529
AKNPRS;20530
AKNPRY;6355,18600,19844,20067
AKNPSS;13272,16097
AKNPSU;19849
AKNRRY;18600
AKNRSS;517,3803,12751,20047,20529
AKNRST;6286,19310,19311
AKNRSU;5271,15303,19311
AKNRSY;
AKNRTZ;16296
AKNSST;6910,7176,10457,11668,12401,12751,16683,19044,19061,20363
AKNSSW;6255,8774,9873,12401,14905,17187,19858
AKNSTW;12001,12748,16677,19538
AKNSUZ;
AKNSWY;11941,15273
AKNTWY;
AKOOPS;7700,12562,12755,17884,20527,20530,20531
AKOORR;1610,7689,18040,19073
AKOORS;8722,12562,12755,15063,18594
AKOOSZ;
AKOPPS;14669,19074
AKOPSW;12402,19072,19074
AKOPSY;5403,19075,19630,20530,20531
AKORSS;3835,3887,5882,6356,9875,11900,12745,19362,20362,20365,20526,20529
AKORST;6286,9871,12755,19310,20531
AKORSU;5490,5735,9871,10925,11685,12399,19052
AKOSTU;4724,9871,10925,11685,12399,12749
AKOSTY;5167,11689,12755,15241,19075,20069,20531
AKOSWY;5881,11941,20128,20524
AKOTWY;
AKPRSS;1012,6356,12745,19848,19989
AKPRSY;11689,11691,12755,19075,19630,20530,20531
AKPSTU;
AKPTTU;
AKQRSU;5271
AKQSUW;
AKRSST;2184,3133,9875,12745,20526
AKRSTU;7707,9871,12554,12749,18598,19052
AKRSUU;4731,5168
AKSSTT;12553,12560,12564,12756,19448,20358,20359,20526
AKSUVZ;
AKSWYY;
ALLLOT;2666,18606
ALLLSY;1613,7891,12759,15365,16666,16689,18609,18610,19078
ALLMOR;4742,17122,19388,19420,20219,20371
ALLMOS;3836,4254,4734,5276,7571,19080
ALLMOT;12764,20035
ALLMOW;5411,19083,19312
ALLMSS;1558,4880,11147,20375
ALLMSU;1615,5090,5409,12765,20532
ALLMSY;5171,5414,12765,20128,20524
ALLMUV;12572
ALLNOP;5091,12758,15113
ALLNOS;2670,3841,4734,5284,8591,8960,14676,14681,19099,20217,20228,20384
ALLNSU;3653,5287,5288,5964,6911,7169,7181,7577,7991,8591,8960,15214,18616,18634,20532,20533
ALLNUU;7901,15214,19450,19705
ALLOOP;3024,5279,12003,12313,12758,12768,13023,19990,20036,20367,20379
ALLOPR;2942,3024,11910,19866,20371,20379
ALLOPW;17193,19312
ALLORS;20534
ALLORY;5285,7897,12770,15307,15368,15425,19706,19868,20073,20390,20534
ALLOSS;5289,15424,20234
ALLOST;4876,5290,5292,15578
ALLOSV;6358,8039,20228,20231,20384,20534
ALLOSW;
ALLOSY;5171,5293,5415,7827,8039,12227,12405,12759,12770,14356,14492,16388,19080,19088,19092,20228,20377,20384,20534
ALLOTT;1756,5652,6071,18629
ALLOTV;7996,11699,12572,12589,16691,19097,20226,20229,20230,20235
ALLOTW;
ALLOUY;5723,6358,6780,7720,7826,7827,8090,11704,12221,12227,12581,12582,12761,20390,20532,20534,20537,20538
ALLOVY;4737,19097,20228,20235,20384,20534
ALLOWW;
ALLPPU;3650
ALLPRU;20537
ALLPSS;4880,5022,5289,8089,20375,20391
ALLPSY;5293,5415,11709,14090,16388,17203,18617,19080,19089,19102
ALLQSU;
ALLRUY;11409,12760,13024,15031,17130,19113,19859,19993,20537
ALLSST;3805,6298,6322,7902,7997,15424,20234,20236,20238,20391
ALLSTY;2943,19337
ALLSWY;1613,5418,20023
ALLUVV;20239
ALMMSS;5419,11713,14920,14921,19116,19119
ALMMSY;3143,20524
ALMMUW;
ALMMUY;1828,12761,18660
ALMNOR;571,19719
ALMNOS;
ALMNOU;3032,5301,8781,12603,20223,20248,20253
ALMNRU;292,294,3888,5174
ALMNSU;
ALMOOS;5423,5521,5618,9879,10475,11717,11721,14358,14920,16719,17677,17900,18659,19145,19886,19887,19987,19995,19996
ALMORS;5403,5424
ALMORT;12430,13883,13888,16214,16727,16728,16740,18203,18211,19388
ALMORU;20415
ALMOST;8718,19635,19995
ALMOSU;1615,5090,19150,19151,19635,19996,19997,20135,20545
ALMOTW;5411,16728,19083
ALMOXY;15311,20372
ALMPSS;8085,12611,12774,20001,20079,20375,20414
ALMPSU;5420,15429,19997,20544
ALMQSU;12468,19151,20545
ALMQUY;19151,20071,20545
ALMRSU;
ALMRSY;1617,1854,7206,11944,12765,13889,15275
ALMRWY;548,4565,15430,19045
ALMSST;185,296,1855,3889,5176
ALMSUY;1455,3777,4760,7734,7903,17079,19996,19997,20071,20532
ALMTUU;7687,12571,12603,19158
ALNNOU;1457,1856,2789,5428,7208,7697,7904,8086,8781,11731,11946,12132,12222,12779,12781,19164,19725,19836,20547
ALNNSU;12779,12781,17207,18186
ALNOOS;1832,8007,20532
ALNOOZ;
ALNOPR;571,11733,11735,12476
ALNOPS;5439
ALNOPT;5091,20194
ALNORS;12408
ALNORT;5102,5103,5428,11725,11735,19095,20266
ALNOSS;19099,19172
ALNOST;5165,5166,20145,20146
ALNOSW;2670,3144,5166,5328,6791,6795,7056,9880,11698,11715,14506,15066,15277,15386,16759,18679,19099,19139,19163,19170,19424,20360
ALNOSY;5099,5284,5404,12780,17147,19163,19172,20145,20146,20377
ALNOSZ;2907,5016,18070,18347,18388,18416,18674,19707,19740,20146,20217
ALNOTV;12781,20229
ALNOUZ;7908,19915
ALNPST;
ALNPTU;
ALNRSS;282,3034,3065,3803,3806,5884,6865,8091,12642,12751,13188,20002,20255,20265,20275,20425
ALNRSU;
ALNRSY;1617,4948,5223,5284,5338,7955,11890,12011,12408,20382,20540
ALNRUY;1508,1521,1585,5048,5323,8599,16128,19121,19452,19859,20385
ALNRXY;7607,12653,16703,19431
ALNSST;9882
ALNSTU;
ALNSTY;20144,20145,20146,20540,20551
ALNSUW;3854,5328
ALNSUY;1549,3665,3777,6336,8662,12465,12581,12606,12787,18186,19172,19426,20144,20377,20437,20532
ALNSVY;18439
ALNSXY;7612,20145,20146
ALNTUW;11903,15432,15435
ALNTUY;3023,3049,5323,5342,5412,8599,12606,15434,15435,20400,20407
ALOOPS;4788,5423,7700,8600,9525,15388,17220,18767,19145,19177,20440,20557
ALOPPR;358,12476
ALOPPT;19095,20052,20442,20555
ALOPRR;571,5096,12610,15312,20410
ALOPRS;7853,11914,19475,19543
ALOPRT;20537,20555,20558
ALOPRV;20557,20558
ALOPRY;1016,1193,5343,11432,11886,12610,15216,19149,19176,19476,19544,19633,20129,20558
ALOPSS;4175,5289,12611,16026,16735,18690,19088,20414
ALOPST;8723,12404,19383
ALOPSU;5328,5439,8046,16131,19997,20412,20440
ALOQTU;
ALORRW;7973,16672,19117
ALORSS;20002
ALORST;
ALORSU;
ALORSV;1859,1860,3672
ALORSY;1017,1459,1617,1854,1860,5404,5541,6364,7825,9779,11890,11944,12178,12408,12413,12770,12776,12793,13897,14939,15275,19309,20362,20540
ALORTU;1600,1852,2880,5102,5428,8014,12271,12551,15325,15329,19518,20537,20558
ALORUV;1469,7740,7755,7760,16043
ALORVY;1860
ALOSSS;5413,5425,5446,6365,11943,12775,20542
ALOSST;15436
ALOSSV;3859,5332,12490,12491,20072,20427
ALOSTT;12413,12780,12784,15637
ALOSTV;5430,12781,20196
ALOSTX;5423,16760,17982
ALOSVV;16783,18092
ALOTUW;15432
ALOTUY;3136,6805,8056,11946,12551,13140,15329,15381,15428,15434,17917,20390,20407
ALPPSU;
ALPRRU;3074,3860,6203,16454,18647
ALPRSU;5420
ALPRSW;8773
ALPRTY;19604,20282,20420,20537,20555,20558
ALPRUW;6203,15248
ALPSST;148,296,20552
ALPSSU;16746,20552
ALPSSW;2662,3890,5022,13847,16197,16667,17971,20074
ALPSSY;7213,8094,15437
ALPSTU;19992
ALPSTY;5178,20147,20148
ALPSUY;5420,12661,15114,17203,19997,20007,20551,20557
ALRRSU;3079,3760,5427,5432,7815,7829,12798,19752,20149
ALRSST;6367,7997
ALRSTU;
ALRSTW;2944,11904,12414,12792,15066
ALRSTY;
ALRSUW;12411,12794,14134
ALRSWW;14965,17226,19139
ALRTTY;16232,18211,19149,19993,20537,20546,20555
ALRTUW;18185
ALRUUV;297,6333,11520,11710,13907,19313,20558
ALRUVV;
ALSSSU;1183,2598,2697,3044,5425,6898,11416,11505,11761,11766,16475,16512,17468,18212,18466,18687,18708,19192,20009,20290,20444
ALSSSY;7193,7722,7765,13908,15513,16695
ALSSTU;
ALSSUU;5619,7769,18710,18763,19119,19143,19172,20394,20421,20545,20552
ALSSVY;
ALSSWY;2876,15437
ALSTTY;1629,5098,6366,8090,8095,12780
ALSTUV;12781,18378,18404,20239,20263,20287,20428,20445
ALSTVY;
ALSUUV;
ALSUVV;16783,20239
ALTTUY;1629,4799,5444,6305,7911,8005,8011,8056,8090,8095,13140,18623,18803,19103,19902,19993,20278,20537,20546
ALTUVY;4449,11521,16706,18803,19874,19903,20289,20558
AMMMNO;10879,12136,14966
AMMMOS;5104,20240
AMMMOU;14966,15331
AMMNOO;2914,11712,16719,17756,20011
AMMNOS;5405,11770,12799,16798,18233,19056,20095,20241
AMMORT;3656,9543,12800,16516,16517,17471,19436,19760,20450
AMMOSU;5355,7771,9884,10109,10522,15370,19435,19643,20011,20038,20076,20095,20135,20151
AMMOSY;2815,3143,5093,5353,12676,15438,20524
AMMOXY;
AMMPSY;3143,5093,5420,18234,19080
AMMPUW;4354
AMMRRU;20292,20450
AMMRSS;3155,4629,8018,8829,18471,18472,18814,18819,20293
AMMRSU;7426,7771,9884,10220,10522,11304,13746,19120,19435,20076,20095,20151,20243,20448
AMMRSY;12676,15438
AMMSSU;10938,17762,19119,19930
AMMSTU;5355,5356,20135,20151
AMMSUW;
AMNNNO;5232,7232,11773,16046,18474,18835,19199,19764,19932,19933,19934,20295
AMNNOR;577,12801
AMNNOT;511,2189,5357,15439,20152,20295
AMNNOY;8603,8800,11056,12181,12183,14364,19041,19081,19932
AMNNSU;2295,2677,2717,4104,4556,4638,11422,12595,15395,16411,17207,18836,18838,19206,20398,20454
AMNOOO;7959,12671,15215,17896,18237,19610
AMNOOR;4925,7774,19047,19208,20153
AMNOPT;1863,2678,8595,16818
AMNORR;7974,12508,20012,20098
AMNORS;
AMNORT;
AMNORY;
AMNOSS;20446
AMNOST;
AMNOSW;5405,9880,15177,17899,17931,19139,19424
AMNOTU;
AMNOTV;11186,14602,16691,16727,19124,19777,20298
AMNOTY;9224,10471,11779,11783,12324,12772,15824,17782,17897,18680,19083,19881,19882
AMNPTY;
AMNRSU;3894,3895,6368,9884,12803,20565
AMNRTU;294,5174
AMNSUY;3777,10111,12465,12606,12803,13113,13186,15395,18234,19426,20015,20154,20532,20565
AMNTTU;20368
AMNTUU;12603,17921,18817,20463
AMOOPT;5423,8802,12353,12694,15444,18122,19994
AMOORV;12695,19441,20468
AMOOTT;5457,7916,8100,12693,12694,12800,12806,12807,15444,18884,18885,19886,20016,20568
AMOPPY;19147,20415,20571
AMOQRS;3686,19435
AMORRS;4892,4893,5089,5183,5352,5353
AMORRT;150,3036,4450,7974,12363,12508,12613,16245,16246,16549,16678,16806,16842,17471,18671,18689,18861,19454,20410,20450
AMORRU;150,16678,16820,16842
AMORRW;
AMORRY;3093,5277,12364,12610,19427
AMORSS;101,8805,8829
AMORST;8099,8100,20016
AMORSU;1806,3092,3096,6368
AMORSW;5405,6368,6914,8956,15423
AMORSY;1017,1854,5353,5403,7777,8100,11944,15438
AMOSST;20038,20132,20474
AMOSTW;4896,9783
AMOSTZ;7236,12196,16055
AMOSUW;6368,15429,19213
AMOTTZ;
AMOTUZ;4658,18885
AMPRST;1774,5458,20156,20572
AMPRTY;3865,4743,5422,7735,11528,12697,17787,18682,18870,19086,19133,19149,19649,20155,20420,20541,20571
AMPRUW;
AMPSSS;5413,7736,10530,12699,13942,15402,16838,19066,19232,20260,20473,20542
AMPSST;296,1010,2296,3889,4008,5176,11722,12774,15632,20107,20132,20465
AMPSSW;3890,18871
AMPSUW;
AMPSWY;
AMRRSU;
AMRRTY;3782,11189,12246,16158,17801,18873
AMRRUY;3782,6786
AMRSST;
AMRSSU;
AMRSSW;4413,15423,17142,18619,20157,20573
AMRSSY;4759,7206,7779,14518,20255
AMRSTU;
AMRSTY;8100,20015,20016
AMRSUU;3159,3895,5168,5460,7416,8101,13949,16847,18246,20017,20111
AMRSUV;3043,16556,20263,20406,20454
AMSTUZ;20015
ANNOOX;
ANNOPR;9227,9658,9670,10541,13146,14140,20012
ANNOPS;
ANNOPT;
ANNORT;577,1606,5234,5296,5317,5428,11919,12680,12713,12801,19443,20266
ANNORW;1197,15200,16752,19851
ANNORY;1606,5380,8052,15221,15448,19508,20484
ANNOST;5185,20152
ANNOSY;5380,15448,20377
ANNOTT;8834,15406,16221,18216,19164,20179,20207
ANNOTW;1514,15200,16048
ANNOTX;1458,14623,16754,19402
ANNOTY;1606,4745,5281,7384,8763,11946,20376,20484
ANNPSU;2891,7385,10542,12137,13972,17625,18838,19948
ANNPTU;4826,10550,12782,13974,13975,16755
ANNPUY;10941,12233
ANNRTY;1606,5323,8025,12801,20400,20484
ANNSSU;4104,4579,4638,7243,15448,15792,16574,16865,17169,17207,18411,18934
ANNSTU;5186,5430,5432,6214,12778,12779,12781,12809,20158
ANNSTY;5098,6214,15635,18847
ANNSUW;13977,16865,18934
ANNSWY;10117,20160
ANNTTU;1865,3691,4677,8071,12714,12779,12809,12993,13894,13975,16446,16755,16813,18139,18329,19164
ANOOPS;4829,4951,5464,7462,7657,7962,17884,18142,18263,20039,20112,20163,20329,20422,20493
ANOORT;7315,17943
ANOOSW;7414,7657,19424,20562
ANOPRS;
ANOPRT;20165
ANOPRW;7659,7705,18949
ANOPST;5077,5155,8037,19956,20114
ANOPSW;5328,15277,19867
ANOPSY;5147,5364,5385,8726,8811,12253,12355,12420,12811,12814,19651,20118,20163,20492,20530
ANOPTT;1863,5091,17981,18216,18218,20164,20165
ANOPUY;3156,6215,12233,14743,15216,18270,19908,19965,19968
ANORRW;7245,7705,7773,18243
ANORSS;300,666,1023,1866,2192,3162,5462,8962,12751,13188,15067,15448,20265,20529
ANORST;
ANORSV;5256,5390,5992,6217,8027,18269,20334,20406,20454,20483,20496
ANORSW;5405,6368,11941,16823,19139
ANORSY;5284,5380,5385,14394,14524,14939,15221,15282,15448,17147,17945,19651
ANORTT;17239,19430,20165,20528
ANORTU;5428
ANORTV;5390,8835,20266
ANORTY;1864,5103,15560,19249,19430,20165,20212,20337
ANORYZ;6248,19742,20162
ANOSST;6910,8766,15229,15413,20040,20340,20577
ANOSSW;1607,3898,6918,7924,8774,9873,12030,13190,15107,15277,15413,19382
ANOSSY;5385,12421,12815,15264,15448,18245,18271,18841,18977,19172,20159,20305,20405,20434,20464,20529
ANOSTT;
ANOSTU;5335,5430,20274,20381,20383,20428
ANOSTX;5155,15678,16073,16259,16760,16877,17057,17982,19210,20145,20146,20327,20458,20499
ANOSTY;2634,2868,3122,5099,5178,5364,11783,11806,15007,16073,17782,20114,20144,20145,20146,20163
ANOSTZ;5185,7788,8103,11820,12721,18927,20146,20576
ANOSUY;5404,6336,9358,11670,11671,12581,12803,13186,14939,15221,15448,17485,19172,19426,20159,20377,20532
ANOSWY;11818,11941,15007,17945,19163,20160
ANOSXY;5380,17485,20145,20146
ANOUXY;17485,19431
ANPPSY;3696,5182,16262
ANPRSU;19246
ANPRSW;
ANPRSY;3272,3696,5189,5338,5385,14866,16262,18484,18750,20492,20530
ANPRTY;525,3865,5189,6355,10551,11595,12814,18511,19249,20118,20165,20492,20551
ANPRUW;19952
ANPRUY;3156,6355,10564,10941,18270,19965
ANPSSW;3890,3898,4467,5158,14522,15277,16759,19382
ANPSUW;5328
ANPSUY;12287,18234,20154,20437
ANPSUZ;5439,7670,19524
ANPSWY;5393
ANPTUU;12817
ANQRST;7249,11816
ANQSTU;
ANRSST;517,666,1023,1866,5462,12254,12751,20040,20577
ANRSTT;
ANRSTU;475,5186,19311,19339
ANRSTW;5449,12748
ANRSTY;12539,20015,20281,20551
ANRSUY;5075,5186,5381,15221,15395,19978,20015
ANRTTU;5387
ANRTTY;8840,19430,19872,20165,20212,20338
ANRUWY;15435
ANSSSY;4118,13908,14874,15686,16606,16618,18996,19782
ANSSTU;
ANSSUY;1464,12226,17332,18764,19172,19885,19930,20159,20434,20437
ANSTTU;9713,12381
ANSTUV;12290,12736,12781,15688,19378,20428,20509
ANSTXY;16073,20145,20146
ANSYZZ;
ANTUVY;16706,19874,19903
AOOPST;2740,5077,5423,5467,7700,7945,8600,9890,11216,12404,15388,16272,16273,16904,17991,18165,18166,18275,18281,18766,18767,19654,19656,19657,19956,20039,20112,20114,20123,20143,20147,20167,20329,20493,20531
AOOPTT;20164
AOORRT;1466,6154,11936,12655,12818,12819,15222,18167,18689,19817,20410
AOORRY;7854,9777
AOORSS;6356,8105,8612,8825,8829,8831,12754,12820,17334,19063,19223,19224,19316,19458,20002,20526,20582
AOORST;3127,16904,19002,19654,19657
AOORSZ;1612,5345,6822,11804,14993,15282,16481,16904,17952,18879,19002,20553
AOORTT;6799,12800,17913
AOORTV;4840,8835,12218,12695,12819,19179,19960,20468
AOOSWZ;6822,14507,14995,19002
AOOTTT;12635,20175
AOPPPS;
AOPPRS;5183,19627,20125,20518
AOPPRT;3126,4952,11219,16775,18276,18548,19095,20165,20168,20442,20555
AOPRRT;
AOPRRU;8615,12035,12742,12822,17957,18888,19272
AOPRRW;7705,16672,19117
AOPRSS;1575,6356,8814,12820,19982
AOPRST;
AOPRSU;8767,19213,20455,20518,20565
AOPRSV;
AOPRSY;5385,5635,7777,8811,9867,11689,11788,12231,12755,12811,12814,12815,14881,16274,17952,18168,18287,19075,19651,19659,20118,20125,20492,20514,20530
AOPRUV;1469,7740
AOPRVY;6315,20514
AOPSST;5646,8073,19956,20123,20127,20132,20174
AOPSTU;7932,19992
AOPTUY;19968
AOPWWW;
AOQRTU;5387,5388,15325
AOQSTU;5366,15350,19013,20474,20495,20515
AORRSS;1867,2192,5114,5352,12770,12820,19945,19982,20312
AORRST;5188,19310,20166
AORRSW;5114,9600,15452
AORRSY;3170,5089,5353,5445,11760,11842,11843,12770,15438,18227,19169,19184,20125,20166,20506
AORRSZ;1011,12384
AORRTW;5579,7245,7785,15286,16909,17239,17246,18295,18949,20175
AORRTY;1196,5445,7977,16780,16925,18743,19169,20506
AORRWY;7786,15286
AORSST;15229
AORSSV;
AORSSW;1172,5114,5621,6918,14886,15021,15288,15394,15423,16928,16983,17189,19110,19235,19242,19382,20157,20365,20573,20585
AORSTT;8097
AORSTU;366,4724,16847,16848
AORSTX;3880,5580,15271,15678,16848,16877,17057,19269,20171,20513
AORSTY;5190,14537,15231,15438,16274,18285,18287,19075,19229,19659,20589
AORSUU;5168,5417,5460,7416,7795,7926,8060,8097,8107,16847,17180,17182,17251,19271,19983,20017,20111,20512,20518
AORSUV;
AORSVY;1860,12545,20514
AORTUW;19552,19969,20528
AORTUY;1620,2954,3136,6805,7977,12551,15068,15428,15434,20337,20390,20407
AORTVY;2197,3881,7621,18792,19179,20468,20514
AORVWY;16824
AOSSST;5407,6365,8075,12827,14986,15355,15402,16250,17992,18257,18286,18297,20259,20373,20388,20542
AOSSTT;3166,4463,6202,6366,7224,7494,7708,7745,7762,7782,10506,11677,11753,11763,11834,12797,16777,19448,19453,20549
AOSSVY;
AOSTTT;3138,3169,5374,5447,7800,8820,12519,16874,19101,19972,20336,20341,20350,20520
AOSTTU;366,1554,20515,20568
AOSTTY;2958,3122,4369,6366,7800,8100,8820,11772,11783,11806,12386,12648,12700,12780,15007,18177,18284,19229,19240,20160,20163,20166,20389
AOSTUW;
AOSTUY;8671,14397,17329
AOTTTW;20175
APPPSU;14769
APPRTY;525,4777,16826,18276,20165,20168,20282,20442,20555,20571
APPRUW;19952
APPSUY;8094
APPSUZ;16636
APRRSY;12811,20125,20530
APRSST;
APRSSY;2200,3882,5162,5163,5385,8842,12795,19982,20068,20109,20535
APRSTT;20034,20316
APRSTY;8292,12231,12294,12755,12814,15231,15270,20118,20492,20514
APRSWY;
APSSSU;7736,7765,7938,9865,11505,11615,11657,16838
APSSTU;20552
APSSUW;16937,17184
APSTUY;20154,20551
APSUWY;
AQRRUY;4834,12392
AQRSTU;
AQRTUZ;5388,12548
AQSSTU;4187,14773,16943,18181,18605,18651,18796,18904,19979,20342,20474,20585
AQSSUW;16647,20585
AQUYZZ;
ARRSST;12756
ARRSSU;3098,12391,12756,19447,20523
ARRSTY;3170,3802,5445,6920,20166,20589
ARSSST;19834,19984,20279,20283
ARSSTT;
ARSSTU;
ARSSTW;2199,3133,6906,8109,15213,15394,20365,20573,20585
ARSSTY;7947,8832,8842,9786,9875,12254,19394,19458,20535
ARSTTT;5447
ARSTTU;1624,8097,8106,8107,20149
ARSTUW;4852,12748,14894
ARSTUX;299,4786,6975,16658,16848,16877,16942,18809,20171
ARSTUY;5186,5381,8082,12447,12539,12590,20015,20281,20551
ARSTWY;5418,20589
ARSTXY;11846,14537,15271
ASSTTU;
ASTTWY;5192,5393,5418,15007,17229,20160
BBBDEI;5473,20595
BBBDEO;
BBBEIL;580
BBBEIR;20591,20595,20597,20605
BBBEIU;
BBBELO;
BBBELU;
BBBELY;
BBBEOR;20591
BBBESU;
BBBHUU;
BBBINO;20595,20605
BBBLOY;
BBBLUY;
BBCDEO;5480
BBCDEU;5486,5487,20616
BBCELO;594,5496,20619
BBCEOR;5502,20592
BBCEOW;5502,20591,20593
BBCESU;20622,20630
BBCHUY;20623
BBCLUY;20631
BBDDEI;20640,20643
BBDDEO;20639,20641,20642,20643
BBDDEU;20643
BBDEEK;585
BBDEEN;5528
BBDEEW;
BBDEFI;5532,20645
BBDEFO;5532,20645
BBDEFU;
BBDEGI;
BBDEGO;610
BBDEGU;
BBDEHO;
BBDEIJ;
BBDEIL;
BBDEIN;5535
BBDEIO;5532,5535,5536,20645
BBDEIR;
BBDEJO;
BBDELO;
BBDELU;
BBDEMO;5480,5535,20645
BBDEMU;5487,5543,20616
BBDENU;
BBDEOO;620,20652
BBDEOR;610,620,5532
BBDEOS;
BBDEOU;5526,5543,5544,20642,20643,20654,20657,20658
BBDEPU;20657
BBDERU;5543
BBDESU;20643
BBDETU;5543
BBDIKU;
BBDINO;5535,20661
BBDINU;
BBDKUY;
BBDOSU;5490,5544,5555,20643,20644,20654,20655,20656,20657,20658
BBEEEE;
BBEEIK;20675
BBEEIR;626,20669,20675,20677
BBEEIW;
BBEEKL;20675
BBEELP;
BBEEMX;
BBEENS;5578,20663,20670,20676,20680
BBEERR;5579,5581,20618,20669,20675,20677
BBEERS;628,629,631,5530,5571,5573,5580,20665
BBEEST;629,5575,20680,20683
BBEFIR;
BBEGIN;5492,5493,5582,5586,5587,5588,5589,20620,20648,20693,20696,20697,20698
BBEGIR;
BBEGIT;5588,20693
BBEGLO;20695
BBEGNU;20602,20693,20696
BBEGOT;5588
BBEHIK;
BBEHLO;
BBEHOR;20708
BBEIIM;5596
BBEIIR;20597
BBEIJO;
BBEIJR;
BBEIKL;20675,20716
BBEIKS;20719
BBEILM;57,639,5496,5596,5603,20696,20716
BBEILN;639,640,5496,5596,20696
BBEILR;
BBEILS;637
BBEILW;
BBEIMO;639,5496,5536,5596,5603,20716
BBEIMX;
BBEIOO;20605,20648,20652,20711,20716
BBEIRR;5592,20669
BBEIRS;
BBEISU;5534,5602,20643
BBEJOR;5502
BBEKNU;20618
BBEKOS;616,20719
BBEKSU;20630
BBELLU;638,648,5538
BBELMO;639,5496,5596,5603,20716
BBELMU;648,20696
BBELNO;639,640,5496,5596,5606,20619,20686
BBELNU;634,648,651,5505,20619,20686,20696
BBELNY;650,651
BBELOR;
BBELOT;20685,20686
BBELOW;
BBELPY;20695
BBELRU;
BBEMNU;648,5569,20616,20688,20693,20696
BBEMOR;5603,20708
BBEMOS;5481
BBENRU;20618,20623
BBENSU;
BBEOPS;5594,20657
BBEORR;606,610,5532,5579,20669,20727
BBEORS;
BBEOSU;5544,5593,5626,20604,20622,20643,20654,20655,20656,20657,20658,20701,20726,20728,20733
BBERRU;5581,5592,20618
BBERTU;5574,5616
BBESSY;5623,20654
BBESUZ;20684
BBFILU;5631
BBGINO;5588
BBGIOW;20593
BBGLOY;20695,20748
BBGRUY;20755
BBHIOT;20742
BBHJOO;20610
BBHLUY;
BBHNOO;20610,20611
BBIIKS;20612
BBIIRT;5511,5517,20750
BBIIUU;
BBIKOS;20612
BBIKSU;
BBILLU;638,657,5516
BBILNY;5545,5643,20747,20752,20753
BBILOS;20636,20644,20762
BBIMOS;5553,20737,20766
BBINNU;
BBINOR;20661
BBIRTU;5517
BBKNOY;
BBKNUY;
BBKOOS;5519
BBLLUU;5505
BBLNUY;650,651,664,20752,20753,20767
BBLOOS;20701,20741
BBLOSY;20622,20644,20767
BBLOWY;
BBLRSU;20761,20767
BBLRUY;650,20767
BBLSSU;5619,5633,20625,20673,20701,20712
BBLSUY;20622,20644,20753
BBMOOS;20736,20758,20766
BBMOSU;5521,20656,20737,20766
BBMOUY;
BBMOXY;
BBMRUY;
BBNNOO;20611
BBNOOO;20661
BBNOSY;605,20767
BBNOTU;5606,5652,20686,20742,20750,20759
BBNSUY;20753,20767
BBOOOO;
BBOOSY;5522,5635
BBOOUU;
BBORTU;
BBOSUY;20622,20643,20644,20767
BBRSUU;20734
BBSTUY;20630
BCCEEH;
BCCEIO;5676,5684
BCCEOS;20775,20783,20794,20803,20804
BCCIOR;20799,20808
BCCIOS;
BCCISU;20789,20801
BCDEEK;5750,20857
BCDEIO;5767,5811,20820,20852,20868,20871
BCDEIS;736,5821,5833,20853,20876,20879,20881,20889
BCDEKO;5480,5749,5811,5834
BCDEKU;5797,5811
BCDEMO;5480,5794,5803,5838,20820,20851,20882
BCDENU;5814,20879,20889
BCDERU;
BCDIOU;5811,5857,20871,20882
BCDIRY;
BCDNOU;5854,5857,5861,20908
BCEEHO;5920,5924,20966,20969
BCEEHR;5915,20772,20784,20837,20843,20844,20954,20957,20958,20959,20960,20966,20967
BCEEHY;808,5756,20962,20966
BCEEKN;20944,20999
BCEEKR;5915,5961,20618,20931,20955,20966
BCEEKS;5666,5911,20783
BCEEKT;5750,5915,5955,5958,20931,20979,20999
BCEEKZ;
BCEELO;5942,5958,5965,5976,20773,20999
BCEELS;20590,20939,20946,20975,20983,20985,21002,21008
BCEEMO;5766,20820,20967
BCEEQU;5918,20964
BCEERS;5664,5673,5966,20772,20784,20843,20862,20970
BCEESX;6000,20783,21012
BCEESZ;5954
BCEGLO;843,6028,6037,20867,21029,21031,21038,21041,21046,21047,21049
BCEHLN;848,21083
BCEHNY;20623,21056
BCEHOR;20966,20967,20969
BCEHOS;20775,20791,20794,21079,21086
BCEHOU;863,21056,21073
BCEHRU;20844,20967,21073
BCEIIK;
BCEIIS;5929,5931,6089,6096,6102,20624,20836,20954,20975,20976,21037,21059,21060,21061,21093,21105,21110,21111
BCEIKR;6044,6106
BCEIKU;5811,6108,21042,21120
BCEILM;21090
BCEILR;20779,20932,20934
BCEILS;881,887,5665,5668,5943,6020,6029,6103,20625,20975,20985,21037,21095,21128
BCEILY;5765,6110,6121,6124,20974,20980,21049,21064,21090
BCEIOR;
BCEIOX;5684,21070,21106
BCEIPS;881,887,6029,6096,20793,20870,21060,21072,21077,21111,21128,21141,21145
BCEIRS;
BCEIRT;5812,6046,21039,21118,21124
BCEIST;591,20797,20936,20975,20976,20977,20978,21024,21040,21112,21127,21133
BCEJOT;5834,6104
BCEKLU;
BCEKMO;
BCEKNO;5688,6019,6024,6165,20963,21041
BCEKRU;5486,5915,6069,20618,21120,21152
BCEKTU;5915,5955,6069,21158
BCELMO;
BCELOR;5965,5981,6192,6198,6199,6200,6201,20895
BCELOS;
BCELOU;843,863,6037,6165,6175,6200
BCELRU;20884,20894,20895,21167
BCEMOO;5986,6142,6182,6209,20820,21101,21121,21124,21134
BCEMOR;20967,21176
BCEMOS;5481,6211
BCEMRU;20967,21152,21176
BCENOO;5839,6173,6182,20619,20798,20878,20897,20969,21106
BCENOS;20795,21180
BCENOU;6037,6117,6165,20619,20963,21003,21056
BCENSU;20625,20781,20789,20889,20893,20899,20985,21037,21040,21044,21128,21133,21161,21168
BCEORS;21163,21178,21180,21183,21185
BCEOTT;5976,5993,6071,6083,6218,6227,20871,20901,20999,21003,21104,21142,21187
BCERRU;5978,6131,6200,6203,20618,20894,20895,21120
BCERSU;
BCGINU;20865,20867,21037,21040,21199,21214,21215
BCGORU;5854
BCGORY;6247,6248,21200
BCHIIR;5795,5855,6238,6267,20792,20808,20869,20905,21224
BCHILO;767,5700,5703,6041,6267,6269,20869,21062,21063,21064,21223
BCHIMS;6273,21058,21067
BCHIOP;953,956,6049,6277,6278,21063,21196,21221,21230,21233
BCHIRT;952,6046,20808,20905,21032,21225,21231,21232,21236
BCHITY;952,21233,21236
BCHLOT;5703,5860,6041,6071,6266,6269,20809,20908
BCHLSU;6281,6290,20622,21080,21083,21195,21240
BCHNRU;
BCHNUY;963,20623,21056
BCHOOR;5860,21017,21073,21224,21231,21232,21234
BCHORS;691,6245,6275
BCHOTY;21233,21236
BCHSUU;20907,21074,21081
BCIILM;869,943,966,5697,5803,6090,6265,6299,21090,21243
BCIINO;5865,20810,21198,21202,21223,21252
BCIINU;5516,21037,21199,21202
BCIIOP;
BCIIOT;21092,21102
BCIITU;5517,6093,6305,21102
BCIKNO;5700
BCIKRS;5711,5868,5869,6321,20822,20903,21209,21247,21257
BCIKRY;6110,6319
BCILMS;6273,6299,20913,21212,21243,21260
BCILOO;6300,20981,21049,21063,21121,21192,21203,21214,21262
BCILOS;5709,6299,6303,6338,6340,20636,20903,20913,21214,21248,21260,21262
BCILPU;5815
BCILRU;888,985,987,992,995,997,5715,6124,6235,6333,20955,21115
BCIMOR;699,985,998,999,5716,6307,6342,21246,21257
BCIMOS;983,986,999,6299,6306,20913,21212,21260,21263,21264
BCIMOT;699,986,998,999,5716,6049,6050,6142,6143,6307,6331,6332,21092,21102,21124,21215,21231,21232,21263,21266
BCIMSU;20911,21122,21132,21133,21138,21215,21260,21263
BCINOR;
BCINOS;
BCINRU;5856
BCIORS;20903
BCIOSX;6141
BCIRRU;5517,6348,21120
BCISTU;81,997,6144,6318,6337,6340,6341,20854,20978,21024,21040,21044,21076,21133,21138,21266
BCKLOS;5483,5657,5878,20858,20903,20918,20919,21080,21238,21270
BCKLOY;6167,6319,6352,21228
BCKNUU;21206
BCKORS;20903,20965,21114,21163,21218,21257,21270
BCKOSU;20907,21218
BCKSUU;20630,20920,21028,21054,21164
BCLOSY;5693,6366,20622,20813,21228,21248,21273
BCMOOS;5883,21212,21275
BCMOOT;1015,5986,21124,21231,21232
BCMORS;21212,21257,21275
BCMORY;962,21246
BCMRSU;6327,6368,20815,20920,21210
BCMRUY;962,20790
BCNOOR;6173
BCNORS;20795,21180,21218
BCNOSU;6336,6368,21214,21218,21240
BCNOTU;6218,6291,6350,20888,20908,21003,21142,21176,21208
BCNOUY;6346,21056,21175,21181
BCNRUU;21004,21129,21139,21158,21167
BCOOOO;
BCOOSY;5728,21086,21175,21183,21264
BCOOWY;6352
BCOPSU;5726,20922,20923,21155,21159,21170,21181,21186,21218,21240
BCORSS;21271,21276
BCORSU;5725,6368,20815,20922,20923
BCRSSU;5514,5720,5884,6233,6249,6284,20634,21271,21276
BDDDEE;1025,20639
BDDDEU;
BDDEEI;21304
BDDEEN;1028,1030,6376,6380,20817,20818,21301
BDDEER;
BDDEET;
BDDEEY;6396
BDDEGO;1038,6386,21279,21280,21294,21316,21317,21322
BDDEGU;1037,21321
BDDEIN;20818
BDDEIO;6416,6417,21279,21297,21300,21317,21334,21339
BDDEIR;
BDDELO;1040,6417
BDDELU;
BDDEMU;712,1048,21301,21337,21339
BDDENO;1038,6425,6427,21326
BDDENU;
BDDERU;1048,6428
BDDESU;712,21344
BDDISU;20644
BDEEEF;6442,21363,21369
BDEEEI;6379,6453,6454,6455,20825,20828,20829,20830,21288,21363,21370,21371,21384,21390
BDEEEL;5737,5744,20816,21289
BDEEEN;6378,6380,6382,6450,6455,6461,6462,6463,6464,6470,20817,20827,20828,21284,21378,21408
BDEEEP;6379,6450,21292,21361,21407
BDEEET;5738,5748,6442,6475,20828,20833,21369,21392
BDEEFL;21423
BDEEFW;
BDEEGG;21370,21430
BDEEHL;5471,6389,6440,6506,21378
BDEEHR;6477,20772,20837,20843,20844,21296,21377,21378,21435,21452,21453,21458,21459
BDEEIL;21384
BDEEIN;20818,20838,21301,21302,21304,21370,21423
BDEEIR;
BDEEIS;6508
BDEEIT;20825,20829,21386
BDEEJL;
BDEEJM;
BDEEKM;
BDEEKR;21437
BDEELL;20857
BDEELN;
BDEELS;20639,20834,20840,20858,21426,21530,21531
BDEELT;20819,21430,21498
BDEEMR;21407
BDEEMS;20837,21293
BDEENO;
BDEENR;1030,21417,21545
BDEEOY;6396,6557,6562,21492,21530
BDEEPS;5524,6513,6537,21451,21457
BDEERR;21532
BDEERS;
BDEERW;21358
BDEERY;21432
BDEEST;20840,20841,21537
BDEESW;5770,5778,20842,20858,21393,21416,21425,21426,21521
BDEESY;6580,21423,21530
BDEETT;
BDEEWY;
BDEFFI;21549
BDEFFO;1079,21550
BDEFFU;6605
BDEFIR;725,1080,5788,6606,6609,6616,21552,21553,21558
BDEGGI;6622,21279,21370,21571,21573,21574
BDEGGO;1084,6626,21574
BDEGGU;6622,6627,21316,21573,21576
BDEGIL;6628
BDEGIN;21370,21372
BDEGIO;
BDEGIR;
BDEGIU;5791,20865,20867,21313,21581,21606
BDEGLO;6657
BDEGLU;6656
BDEGNO;21577,21582
BDEGNU;5791,20865,21582,21606
BDEGOR;610
BDEGOS;21323
BDEGOU;6656,21316,21606
BDEGRU;
BDEGSU;5792
BDEGTU;6627,6632,6653,6656,21581
BDEHIN;5791,6410,20865,21435,21453,21571,21578
BDEHLO;1040,6389,20869,21326,21634
BDEHOO;6389,6621,6677,6686,21326,21456,21619,21625,21636,21637,21638
BDEHOS;1043,6414,20772,20842,20843,21456,21638
BDEHOT;6415,6632,6670,6682,21581,21620,21634,21639
BDEHSU;20841,21626,21638,21640
BDEIIM;5803,5806,6608,6609,6634,6697,6712,21473,21584,21589,21619,21649
BDEIIR;734,5795,6634,6696,20869,20874,21419,21453,21473,21558,21578,21591,21592,21596,21619,21620,21642
BDEIKL;6695,20776,20880,21643,21644
BDEILL;1109,1118,5785,6641,20776,21603,21645
BDEILM;1119,21319,21384
BDEILN;21645
BDEILO;1121,6613,6699,21645,21670
BDEILR;
BDEILS;20876,20881
BDEILU;20876,20877,20882
BDEILY;21668,21676
BDEIMN;1087,21301,21302,21370,21584,21589,21606
BDEIMS;20837,21293,21588
BDEIMU;20886,21301,21302,21606
BDEINN;6410,20886,21474,21507
BDEINR;
BDEINT;1080,1124,20878,21386,21479,21574
BDEINU;5791,6612,6733,6734,20850
BDEIOO;20878,20880
BDEIOR;5767
BDEIOS;
BDEIPR;6630,21620
BDEIPS;20870,20876,21372
BDEIRR;21622
BDEIRS;
BDEIRU;
BDEIRV;6455,21642
BDEIST;21555
BDEISU;20876,20881
BDEITT;1128,5787,20871,21597,21694
BDEKLU;21519
BDEKNO;6771
BDEKNU;21700
BDEKOO;5749,20880,21644
BDEKOR;1132,6674,6771,21519,21601
BDEKRU;5837,6655,20892,21700
BDEKSU;6655,21600,21663
BDELLO;6562,6640,6641,6778,20776,21316,21422,21480,21645,21665,21669,21670,21704
BDELLU;5538,5773,6565,6777,6780,20857,21316,21576,21704,21706
BDELMO;747,1040,6783,21343,21564,21707,21708
BDELMU;21319
BDELNO;1121,1134,6699,21577,21645
BDELNS;5799
BDELNU;
BDELOO;6657,6677,20864,20880,21430,21577
BDELOR;
BDELOS;
BDELOT;20880,21430
BDELOU;
BDELOW;
BDELRU;21531
BDELRY;21668,21703
BDELSU;20876,20881,21531
BDELTU;20819
BDEMMU;20896,21301,21532,21700
BDEMNU;6752,20616,20771,20774,20896,21301,21360,21589,21700
BDEMOO;20820
BDEMOR;21343,21407
BDEMOS;5794,5838,20656
BDEMOT;5533,6415,6656,6675,20882,21339,21407,21462,21564,21581,21636,21664,21665,21709
BDEMOW;1144,6782,21334,21674,21708
BDEMOY;
BDEMPU;5797
BDEMRU;21700
BDEMSU;6785
BDENNU;5525,5801,6530,6612,6733,6734,20839,21490
BDENOR;
BDENOT;20878,21428,21574,21592,21639
BDENOU;21637
BDENOW;1144,6778,6795
BDENOY;
BDENRU;21417,21569,21700
BDENSU;21360
BDENSY;21423
BDENTU;21295
BDEOOR;620,6621
BDEOOS;6811,20842,21638,21727
BDEOOT;20878,20880,21430,21574,21664,21694,21704,21709
BDEOOZ;5540,21637
BDEOPP;1152,1153,6813,21612
BDEOPR;1136,5734,5767,6561,6568,6779,6790,20852,20885,21612
BDEORR;
BDEORS;
BDEORT;20833
BDEORU;
BDEORW;6631,6670,21579,21694
BDEORY;5541,21315,21568,21668
BDEOSS;6687,6798,20860,20872,21322,21327,21633,21720
BDEOSU;6693,20643,20654,21339,21445,21600
BDEOSW;1144,20842,21716
BDEOTT;6590,6823,20871,20901,21412,21694
BDEOUY;6693,20643,20654,21315,21568,21707
BDEPRU;1093,5734,5837,6775,21617
BDERRU;761,5830,5831,6616,6622,21532,21723
BDERSU;
BDERTU;761,6475
BDERUX;6475,6579,21639
BDESSU;754
BDESTU;21416
BDESUU;6654,6808,21635,21638
BDESUW;6423,6673,21416
BDETTU;20871,20901,21416
BDEUZZ;21565
BDFILO;5850,6608,6613,21560
BDFIOR;21553,21560
BDGIIN;
BDGIIO;21345,21348,21591,21592,21746,21752,21753
BDGINO;
BDGINY;5545,6652,21596
BDGMUU;
BDGOOY;
BDGORU;5854
BDHIIN;5855,6837,6857,21453,21571,21578,21739
BDHIOS;20660,20906,21456
BDHIRY;21770,21774,21775
BDHNSU;21626,21632,21640
BDHNUU;21582
BDIILO;6608,6699,6874,6876,20909,21645,21746,21786
BDIIMR;5806,6609,21473,21619,21742
BDIINS;6715,20879,21421,21650,21782,21783
BDIITT;6520,6717,21473
BDIKNO;5852
BDILNS;5870,6878,6892,6893,20659,20913,21346,21353,21740,21743,21782,21783,21792,21795
BDILOO;21786
BDILOY;1175,20909,21668,21675,21676,21794,21795
BDILSU;1179,6893,20644,20876,20881,20915,21353,21783
BDILUY;21646
BDIMOR;
BDIMOS;1177,6899,20913
BDIMOY;5865,6876,21675,21676,21775,21794
BDINNU;5856
BDINOS;1177,6903,20778,21346,21562,21731,21777,21795
BDINOU;6874,6886
BDINPU;6762,6843,21750
BDIOOT;6904,20878,20880,21574,21664,21694,21759,21786
BDIOPS;778,5872,6741,6831,20660,20890
BDIOSV;1188
BDIOTU;6886,6904,20871,20882,21581,21665,21759,21796
BDIRTU;6863,6904,21796
BDKLOO;20880
BDLLOY;1175,6562,6677,21668,21703,21706,21734
BDLMUY;6786,21707,21793
BDLNOO;6912,20908,21326,21577,21677,21778,21786
BDLNOS;1177,5870,20913,21346,21353,21783,21792,21795
BDLOOS;5548,5883,6436,6913,6914,20823,21355,21733,21736,21800,21801,21802
BDLOOY;6677,21703,21710,21794
BDLOUY;21707,21734,21763,21793
BDMOSU;20656,21347,21445,21804
BDNOOS;5875,6811,6900,6903,6916,21638,21716,21719,21803,21805
BDNOOY;21775
BDNORS;21354,21731,21777,21795,21803,21805
BDNOSU;21347
BDNOTU;6886,20908,21735,21778,21806
BDNOUY;21707
BDNSTU;
BDNSUU;20917,21347
BDOORS;5522,6436,6834,6913,6920,20906,21736,21787,21800,21801,21802,21803,21805
BDOORY;6920,21775,21798
BDOOSS;6687,6798,6867,20860,20914,20915,21322,21327,21732,21781,21799
BDORSU;102,1188,6915,20921,20922,20923,21354,21736
BDORWY;21668
BDOSTU;20921,20922,20923
BEEEFL;793,20925,21817
BEEEHP;6450
BEEEKL;
BEEELS;20596,20665,20666,20929,20939,21815,21836
BEEELT;5889,5897,5899,6948,20925,21861,21868,21872
BEEEMS;20596,20666,21841
BEEEMT;6948,6951,6961,21821,21852,21868,21877,21879
BEEENS;5662,5892,6944,6955,6956,6969,6970,20663,20667,20781,21855,21862,21874,21883
BEEEPR;6379,21292,21407,21860,21881
BEEEPW;21292
BEEERS;797,1201,5902,5903,6457,6956,6968,6975,20663,20665,21376,21377,21409,21836,21862,21883
BEEERZ;21823,21881
BEEESS;794,5661,6923,6933,6970,20937,21379,21399,21814,21855
BEEESV;6931,20936,21869
BEEFIL;20825,20925
BEEFLL;6924,21422,21819,21897,21905
BEEFLY;1057,6996
BEEFOR;5906,6477,6480,20645,20669,20947,21821,21903,21904
BEEFRT;5906,6442,6984,6990,20945,21821,21888,21896,21903
BEEGIL;
BEEGIN;7011,21908,21920
BEEGIR;6487,7002,7003,7024,21446,21447,21943,21944
BEEGIS;7003,21445,21446,21886,21943,21944
BEEGIY;7011,7022
BEEGLS;20665,20953,21375,21834,21912,21948
BEEGMS;7026,7034,21293,21921,21950
BEEGNO;1221,7020,20950,21435,21925
BEEGNR;21919,21949
BEEGNU;6498,7030
BEEGOR;1221,7002,7020,7035,21911,21938,21949
BEEGOS;20953,21948
BEEGRS;20665,21918
BEEGRU;20664,21825
BEEGST;6931,21834,21889,21954
BEEGUY;21432
BEEHIP;7040,21968
BEEHLT;6440,21955,21961,21979
BEEHNS;
BEEHOP;
BEEHOT;7039,7045,7049,7061,21961,21979
BEEHOV;5920
BEEHRT;
BEEHRY;5756,7070,20966,21839
BEEHST;
BEEIKL;20675,20944,21992,21993,22018
BEEILR;7108,20675,20932,20934,21993,21999
BEEILS;20975,21840,22009,22051
BEEILV;803,7109,21965,21966,22003,22006
BEEIMR;20669,21897,21993,21999
BEEIMT;5939,7115,20956,21993,21997
BEEINW;6534,7022,20597,21828,21857,21930,21938,21939
BEEIOT;5936,6547,7039,7114,7115,7158,20979,21903,21961
BEEIRT;21993
BEEIRY;7022,20787,21504
BEEIST;
BEEISV;20846,20936,20977,20978,21477,21513,21923,21965,21966,22006,22079
BEEISX;7023,7128,7166,20681,21509,21847,21960,22009,22025,22050,22069
BEEIZZ;21932
BEEJLS;7168,7170,20996
BEEJMS;
BEEJNS;5956,7168,7170,20997
BEEJNU;
BEEKNS;7009,7048,7094,7172,7177,21862,21994,22018,22091
BEEKOR;6396,7049,20966,21519,21860,22016
BEEKRS;21808,21862,22018
BEEKRU;5915,20955
BEELLS;5895,5964,5970,6947,7168,7169,20953,21836,21977,22087
BEELMM;21979,22096
BEELMR;795,1239,6994,20938,21897,21999
BEELMS;20596,20666,22100
BEELNS;21834,21873,21923,21926,21927,21977,22099,22100,22106
BEELNU;20619,20686,21004,21294,21448,21461,21522,21868,21906,21947,22096,22108
BEELOT;5942,6499,6573,7014,7039,7115,7195,7220,7222,20686,20999,21003,21430,21868,21872,21906,21911,21929,21947,21979
BEELOV;1216,21872
BEELPS;21982,22018,22025
BEELPT;20934,21480,21961,22108
BEELRS;20665,20939,21809,21836,21912,22087,22112
BEELRT;21911
BEELRY;
BEELST;22009
BEELSV;21869,21923,22006
BEELSZ;1245,6957,21815,21844
BEELZZ;21932
BEEMMR;21009,21532,21877,22125
BEEMNS;20987,21293,21534,21535,21536,21921,21950,22055,22100,22121,22123,22124,22127,22129,22131,22133,22135
BEEMRS;22136
BEEMRU;20938,20967,21897
BEEMSU;20596,20666,22055
BEENNR;21311,21408,21489,21533,21539,21881
BEENNS;22090,22127,22137
BEENNT;1255,6948,7171,7173,7232,20686,20688,20926,21489,21872,21887,21925,21951,22122
BEENNU;1250,5525,5941,6530,7124,7208,20686,20688,20839,21461,21490,21533,21538,21539,21951,22040,22090,22127,22137
BEENOR;5906,5993,7125,7126,20969,21919,21938,22128
BEENOT;1221,5576,5906,5976,5993,7232,7233,7245,20686,21003,21868,21872,21906,21947,22122
BEENST;5956,20680,21405,21834,21866,21869
BEENTU;20686,20688,21538,21868,21906,22096
BEENTW;5576,7245,21544,22133
BEEOOT;5986,7195,21430,21911
BEEOPP;
BEEORR;5579,5982,7049,20669,20966,21014,21903,22058,22059
BEEORS;22097,22136
BEEORY;6396,6557,20966
BEEPRU;5981,6535,6954,22108,22148
BEEPTW;
BEERRS;21839
BEERRT;22059,22148
BEERRU;5581,5978,6002,7142,7215,20664,20677,21825,22148
BEERRV;21825
BEERRW;1074,1238,1242,1244,5579,5581,6552,7245,21546,21547
BEERST;
BEERSV;20846
BEERSW;21521,21912
BEERTT;21879
BEERTV;21471,22005
BEERYZ;21881
BEESST;
BEESTU;5921,21889,22149
BEESTW;7259,22124,22133
BEESUV;1222,7230,20978,21513,22079,22112,22115
BEFFIR;1284,21017
BEFFLU;22154
BEFFOU;21550,22159
BEFFPU;
BEFFRU;22159
BEFFTU;21550
BEFGIT;
BEFGLU;1286
BEFGOS;
BEFHOO;21017
BEFILM;1284,6608,21897,22154,22168,22171
BEFILO;6608,7273
BEFILX;
BEFIRS;21021
BEFIRT;20945,21023,21553,21821,21888,21896,22186,22190
BEFIST;21555,22158
BEFITU;1286,6478,6616,6984,7284,21900,22186,22190
BEFIWY;
BEFLMU;21906,22154,22168,22171
BEFLOO;7298,7300,20864,21566
BEFLOU;1299,21906
BEFLRY;
BEFORY;21315,21568,22159
BEFOSU;21315,21568,21904,21907,22187,22188
BEFRRU;6616,20664,21823,22186,22190
BEFRUY;7270,21315,21568,22159,22190
BEFSUU;21889,22188,22192,22196
BEGGII;21571,21908,22200,22205
BEGGIR;
BEGGLO;21029,22198,22209
BEGGOR;7315
BEGGRU;21576,21825
BEGHIS;1309,6020,7003,7309,7318,7325,20927,20949,21826,21917,21918,22162,22220
BEGILN;22206,22262
BEGILO;20695,21049,22308
BEGILR;
BEGILS;1313
BEGILT;22247
BEGIMR;21607,22221,22264
BEGINN;21047,22285
BEGINO;20593,21925,22272,22285,22324
BEGINR;
BEGINS;
BEGINT;21574,22199,22334
BEGINU;5493,5589,5791,7327,7378,7398,20693,20865,21032,22199,22227,22228,22334
BEGIOO;6034,7324,7328,21049,22209,22225,22291,22308,22324
BEGIOS;
BEGIOU;7378,20865,20867,21050,21581,21605,21606,21609,22199,22212,22227,22289,22333
BEGIRS;1326,7003,7399,21918
BEGIRT;1324,7024,21053,21553,21613,21941,22229,22323,22334,22336
BEGIRU;5493,5589,7327,21032,22231,22334
BEGISW;7340,20694,21616
BEGKNU;
BEGLNO;6037,7332,7403,7407,7411,21577,22339
BEGLNU;6037,7030,21947
BEGLOS;1328,6409,7032
BEGLOT;21031,21603,21929,22305
BEGLOW;22339
BEGLRU;
BEGLSU;
BEGLTU;1286,22264
BEGMNO;7311,7378,21606,22209,22225,22227,22240,22272,22291,22292,22339
BEGMOS;21055,22263
BEGMSU;7382,7410,21055,21950,22202
BEGNOY;7407,7411,22343
BEGNRU;5589,21032,22231,22334
BEGNSU;22242
BEGNUY;22300,22343
BEGOOR;1310,6621,7315,7328,21552,21553,21607,21611,21911,22216,22240,22244,22340,22345
BEGOOS;
BEGOOY;7407,21049,22216,22239,22308,22340
BEGOPX;
BEGORS;22229
BEGORU;1312
BEGOSU;
BEGOSY;
BEGOTU;6627,21581
BEGOTW;
BEGRRU;21825,22334
BEGRSU;112,22245
BEHIKR;847,6042,6044
BEHILT;849,6041,7445,21031,21961
BEHINS;20793,22174,22220,22360,22378
BEHINT;7431,7445,7465,22354,22355
BEHIOT;7039,7045,7424,7445,21581,21620,21961,22355,22375
BEHISS;6660,7043,7277,7422,7439,7442,20957,21020,21066,21071,21455,21629,21971,21972,22170,22378,22383
BEHISU;21074,21076,21626,22236
BEHITT;6932,7045,20871,22358
BEHITZ;
BEHKOR;7049,20966
BEHKOS;20783,20794,20928,21078,21079,21080
BEHLMU;21955,21979,22171
BEHLOW;22366
BEHLRU;7481,7486
BEHLSU;1343,20604,20622,21080,21083
BEHMOR;6076,7061,7331,7489,20708,20967,22240
BEHNOR;5924,6051,6078,6477,7464,20969,21326,21460,21582,21919
BEHOOS;6056,7064,7065,7425,7462,20606,20607,20703,20794,20842,21078,21079,21080,21631,21638,21976,22232,22241,22351,22353,22396
BEHORT;6670,22375
BEHOSS;7051,7277,7475,7484,20707,21327,21629,21633,21971,21972,22378,22380,22381,22382,22383,22384,22395
BEHRST;
BEHRSU;22202
BEHSSU;1351,6067,21379,22384,22395
BEIIKK;
BEIIKR;
BEIIKS;21644,21840,22357
BEIILL;20711,20974,22414
BEIIRR;1365,21022,21038,21622,22361
BEIIRS;7557,21060
BEIIRV;1356,1360,6099,6983,7084,7285,21330,21471,21477,21642,22005,22167,22413
BEIISS;636,872,1353,5598,6089,6095,6701,6705,7339,7506,7557,20715,20796,21036,21061,21099,21105,21328,21332,21420,21469,21623,21894,21909,22002,22009,22170,22280,22416,22429,22443
BEIITT;1337,6520,6717,7535,7536,7548,20690,22358
BEIJLR;20932
BEIJLU;20696
BEIJMU;20696
BEIJNU;20696
BEIJRS;21662,22282
BEIJTZ;
BEIKLN;20944,21041
BEIKLR;21842
BEIKLY;6110
BEIKNR;22016
BEIKNU;6108,21120
BEIKOO;20716,21599
BEIKOY;
BEIKRS;
BEIKSS;6114,6660,6719,7095,7422,20608,20719,21602,22019
BEIKSU;21600,21663,22017
BEILLR;21045,21603,21668,22366
BEILLS;21559,21666,22459
BEILLT;1383,7359,7518,21603,21670,21961,22247,22465
BEILMN;20696,21319,21584,22154,22168,22206,22209,22225,22262,22291,22296
BEILMO;639,5596,7114,7592,20716,21929,21930,22209,22225,22291,22471
BEILMR;21897
BEILMW;21930,22358
BEILMY;20974,21090,22425,22426
BEILNO;639,5596,7126,7512,7607,21491,21645,22415
BEILNR;21062
BEILNT;116,1358,1401,5608,5889,5932,5944,7284,7535,21386,21489,21492,21679,22403
BEILNU;1358,6733,6734,7444,7521,7535,7600,22403
BEILNY;7101,7511,7530,20980,22178
BEILNZ;6028,7521,7611,22266
BEILOO;7447,7592,20711,20716,21049,21063,21121,22308,22465,22471,22493
BEILOR;1338,7126
BEILOT;886,5936,6041,7114,7115,7592,20880,21031,21670,21929,21961,22415,22465,22471,22493
BEILOW;
BEILRR;641,889,6110,21820,21895
BEILRS;
BEILRT;20932,20934
BEILRU;888,7507,7634,21846
BEILST;20975
BEILSZ;21100,21844,22418
BEILTW;22358
BEILVY;1383,1408,5561,5765,7285,7586,22049
BEIMMO;7108,7291,21092,21101,21499,22291,22375
BEIMNN;7459,7637,20800,21606,22031,22206,22501
BEIMOS;1414
BEIMOZ;22471
BEIMRT;6050,6142,6143,6646,22457
BEIMRU;6124,21897
BEIMRX;6542
BEIMST;22406
BEIMSU;21132,22443
BEIMTX;6542
BEINNO;1319,1392,6009,6145,7384,7637,21047,21104,21474,22444
BEINNS;893,6146,7459,7656,22429
BEINNT;894,1303,1319,1320,1392,5949,6145,6146,7320,7337,7349,7384,7386,7459,7637,7654,20926,21104,21474,21489,21610,21887,22201,22218,22230,22231,22323,22501
BEINNZ;22266
BEINOR;7125,7126,7464,7560,7605,7607,22016,22333,22520
BEINOS;
BEINOV;7350,7464,7512,21645,22272,22325,22333
BEINOX;5588,7126,7463,7607,7665,21070,21106,22355
BEINOZ;21558
BEINRR;21120,22016,22067
BEINRS;7672,20663,21822
BEINRU;1412,21846,22212
BEINRY;6053,20788
BEINSZ;7670
BEINTT;21366,21857
BEIOOT;6101,6142,6154,7592,20880,21124,21694,22465,22471,22493,22530
BEIORR;5684,7329,20669,21022,22016
BEIORS;
BEIORT;7158,22375,22446
BEIORU;5680,7651,20884,20885,21073,21115,21337,21609,21991,22212,22375,22376,22446
BEIORX;5613,5684,7126,7158,7607,7665,20681
BEIOSS;20715
BEIOST;21339
BEIOSW;7657,22524
BEIPPU;
BEIPST;20870,21077,21141,22024,22278,22310,22326,22328,22329,22372,22466,22475,22485,22490,22519
BEIPTY;6059,6706,7681,22509
BEIQSU;6112,21074,22080,22411
BEIQUU;22080,22411,22528
BEIRRS;
BEIRRU;6622
BEIRRY;6053,6058,6110,6755,7116,7165,20787,20994,21075,21621,21622,22049,22063,22190,22337
BEIRSS;21500,21602,21614
BEIRST;
BEIRSU;7634
BEIRSV;6111,7566,7634,20936,22079,22413,22540
BEIRSW;7166,20961
BEIRSZ;21624,21658,22184
BEIRTT;21694,22530
BEISST;
BEISSU;20789,22051,22443
BEISTZ;1130,5954,20680
BEISZZ;22383
BEITUY;6060,7546,7685,21024,21150,22190,22426,22489,22537
BEJJUU;
BEJLMU;7687,20696
BEJNSU;5685,20726,21153
BEJORU;21991
BEJOST;7401,20726
BEKKNO;22016
BEKKRY;
BEKLOS;1328,6772,7172,7695,20858,21080,22087,22088
BEKLOY;6167,7694
BEKLRU;20727,22544
BEKMOS;6773,7564,7690,22453
BEKNOR;5688,6771,7295,7403,7560,7565,7692,7705,22016
BEKNOT;7295,7565
BEKNRU;20618,21120,21700
BEKOOR;22544
BEKOOS;7708,20794,20891,21078,21079,21080
BEKOOT;7708,21078,21156
BEKORR;5688,6163,7049,7295,7689,7692,7705,20727,21601,22016,22457
BEKORS;616,1132,7691
BEKOST;1132,7691,7709,21078
BEKPSU;21159,21161
BEKRRU;20727,21120
BEKRSU;21663
BEKSTU;7707,20728,22549
BELLNO;6117,6165,6173,6771,7407,7512,7692,21041,21045,21645,22289,22415
BELLOU;6117,6165,6175,6780,7717,20685,21115,21422,21670,21704,21706,22415,22465,22544
BELLOW;7694,21704,22366,22544
BELLRU;20938,21576,21706,22193,22544
BELLTU;21670,21704,21706,22193,22465
BELLUY;1444,6780,7575,7715,20980,21522,21646,21706
BELMMU;6183,21979,22096,22168
BELMOS;1441,6397
BELMOY;7184,22386
BELMRU;
BELMSU;
BELMTU;21868,21906,21955,21979,22096,22171
BELNNY;6734,7511,7602,7603,22429,22482,22545
BELNOR;1256,1450,1459,5975,6192,6193,7125,7126,7210,7411,7527,7560,7605,7607,7692,7698,7727,7739,7740,7743,22099,22430
BELNOS;21083,21977
BELNOZ;1315,6028
BELNTU;21868,21906,21947,22096,22403
BELNTY;21167,21492
BELNUY;6734,6739,7603,7729,20980,21167,21522,21646,21707,22300,22482,22489,22545,22552
BELNYZ;123
BELOOR;1466,7300,21911,22544
BELOOS;6174,7425,7738,21079,21080
BELOOY;6677,21049,21703,21710,22095,22308,22309,22554
BELOPU;6187,7208,7330
BELORR;20727,20895,21343,21527,21566
BELORS;21836
BELORT;21911
BELORU;21115,22544,22545
BELORW;22544
BELOSS;20707,20872,21633
BELOST;
BELOSU;1369,20604
BELOSW;
BELOTT;20685,20999,22465
BELOWZ;
BELPSY;7453,7483,7612,7616,7739,7759,21982,22191
BELPUW;6203
BELRRU;5978,6203,7225
BELRST;
BELRSU;7634
BELRSY;21551,22425
BELRTU;
BELRTY;7212
BELRUY;6807,22545
BELSSU;20712,22051
BELSTU;
BELSUY;20622,22482
BELTTU;
BELTUU;920,7687,7741,7748,7763,21129,21158,21167,21670,21679,21714
BEMMRU;20896,21009,21700,21877,22054,22375
BEMNOT;21176,21868,21906,21929,22122,22227,22272,22501
BEMNOW;7725,21708,22098,22339
BEMNRU;1412,20616,20896,21176,21337,21700,21877,22054
BEMNSU;
BEMOOR;7773,7774,22125,22128,22570
BEMOPS;7776,7777,22351,22421,22422,22543,22551,22574,22576
BEMORS;1450,22121
BEMORW;6782
BEMORY;7489,22570
BEMOSS;20707,22573
BEMOST;1441,5989,6784,7113,7584,7712,21339,22195,22401,22461,22551
BEMOSW;
BEMOSY;1477,5989,21175,22129
BEMPRU;21152,21176
BEMRSU;7779,22202
BEMRUY;6124,7779,20790,22063,22203,22426
BEMSSU;754,7779,22443
BEMSTU;
BEMSUY;7779,21175,21986,22063,22511
BENNOS;21835,22091,22121
BENNOT;1319,1392,1458,6145,7232,7384,7637,20686,21104,21872,21951,22122,22501
BENNOU;21951,22444
BENNSU;921,7242
BENNTU;7386,7654,20688,21723,21951,22231
BENOOR;7315,7773,7774,20652,20732,20969,21552,21611,21919,22128,22159
BENOOT;6039,7315,20732,22388
BENORR;1301,7295,7411,7692,7775,22343
BENORS;21180
BENORT;20732,21176
BENORU;1412,7481,7640,22159
BENORZ;
BENOST;
BENOSW;6774,6791,6814,7056,7657,20691,22542,22562
BENOSZ;
BENOTT;5976,6590,20732,20999,22122
BENOTY;20732,21181,21492,22445,22487,22489
BENRRU;20618,21120,21723,21724,21728,22334,22343
BENRST;20680,21822,21834,21873
BENRTU;7790,21176
BENRTY;1462,7212,7216,7589,20732,20788,21167,21596,22445
BENSTU;21040,21044,22156
BEOORS;7064,7065,20606,20609,20703,21183,22527
BEOORT;21124,21553,21694,21726,21911,22345,22530
BEOORZ;5617
BEOOSS;20715,21322,21720,21727,22014,22089,22338,22410,22528,22573
BEOOSZ;5618
BEOOYZ;
BEOPPR;1152,1332,1467,6813
BEOPRR;1468,6200,6223,7329,7792,22361
BEOPRS;21060,21159,21186,22187,22543,22565,22574
BEOPRU;5734,6825,20885,21073,21155,21186,21617,22376,22543,22565
BEOPST;7661,22024,22328
BEOQSU;1349,21074
BEORRS;21178
BEORSS;21859,22091
BEORST;
BEORSU;
BEORSV;
BEORSW;
BEORSX;20609,20681,21114,21863,22362
BEORTT;20732,20892,21412,21694,22058,22067,22345,22530,22534,22591
BEORTV;22238,22244
BEORUZ;7305
BEORVV;7191,7719
BEORVY;5622,6217,7621,7719,21703
BEORWY;7694,21668
BEOSSS;1336,5577,6210,6226,7248,20900,21005,21165,21169,21983,22556
BEOSST;929,1300,5623,21720
BEOSSU;6067,6211,6226,6517,7051,21379,22338
BEOSSW;
BEOSSY;5623,6226,7762,21633,22145,22147,22346,22378,22522,22546,22554
BEOSTT;6823,7800,22396
BEOSTU;21138,21339
BEOSTW;6688,22124,22133,22524
BEOSWY;6693
BEOTUY;6805,21150,21181,21706
BEPRSU;21072,21077,21155,21159,21186,21189,22187,22490,22519,22527,22565
BEPRUY;
BEQTUY;
BERRRU;5581,6002,6225,7717
BERRTU;21723,22591
BERRUY;6219,6807,7421,7779,20895,21432,21568,22063,22148,22190
BERSSU;
BERSTU;21889
BERSUX;5630
BERSUY;112,7395,7421,7685,7779,21986,22063,22511
BERTTU;20892,22591
BERTUY;6597,7685,22190
BERUZZ;
BESSSU;1351,6226,6662,20628,20806,20995,21061,21165,21169,22051,22427,22443,22540
BESSTU;
BESTTU;21054,21721,22396,22549
BESUZZ;22196
BFFIIN;
BFFINO;
BFFIOS;
BFFLSU;7804,21549
BFFOOS;7808
BFFORU;22159
BFFOSU;
BFFOUY;22159
BFGOOW;
BFIILR;22606
BFIINR;6231,20945,21896
BFIMOR;21821,22606
BFINOW;7813,21560,22169,22600
BFIORS;5634,22601,22607
BFIRSU;
BFIRUY;
BFISUX;
BFLOSU;7815,7825,7829,21733,22605
BFLOTY;21734
BFLOUX;
BFLOYY;
BFLSYY;
BFLTUU;
BFNOSY;21562
BGGIIN;22593
BGGIIW;
BGGINO;
BGGINU;
BGGINY;129,7830
BGGLOY;6623,22616
BGGLUY;
BGGNOO;21192,21577,22209
BGGNOU;
BGHIIL;7841,21739,22221,22222
BGHIIN;7319,7841,21578,21739,22217,22218,22624
BGHILT;21739
BGHIRT;22623,22628
BGHIST;
BGHMUU;22613
BGHORS;1311,1497,5907,7853,22229,22243
BGHORU;1312
BGHOSU;6840,22635
BGHOTU;22633
BGHRSU;6249,22202,22245
BGIIJN;7858,7859,22645,22646,22647
BGIIKN;21198,22218
BGIILN;22165,22266
BGIILS;21583,22263
BGIINO;6237,20612,20613,21193,21198,21345,21348,21591,21593,21752,21753,22271,22272,22275,22276,22277,22593,22597,22645,22646,22647,22657,22663
BGIINT;20950,21348,21739,21887,22217,22218,22593,22624,22653
BGIJNO;7859,7880,7881,22645,22646,22647
BGIKNO;20612,21757
BGIKNY;944,22283
BGILLY;5545,7805,7891,7893,7894,7897,7900,20739,20747,20748,21745,22600,22669
BGILNO;7806,7845
BGILNS;
BGILNU;7811,7845,21213,22596
BGILNY;129,944,1499,1509,5545,7805,7891,7894,20753
BGINNO;5509,7896,20611
BGINOO;21764
BGINOR;22333
BGINOS;
BGINOW;6850,20593
BGINOX;5588,7845,21198
BGINOY;7847,21196,21217,22597
BGINRS;
BGINSU;21751,21754
BGINTU;22199
BGINUY;7911,22300
BGIORU;7850,20750,22333
BGIOSS;7895,7902,20743,22652,22656
BGIOST;21215,22329,22627,22689
BGLMOO;7928,22678
BGLNOO;21577
BGLOSU;22682
BGLRUU;1521
BGMOOR;20754,21607,22240,22340,22678
BGMOOS;7414
BGMOSU;7416,7931,20737,21055,21215,21757,22645,22683
BGMSUU;7416,22671
BGNOOS;21219
BGNOOY;7847,21196,21217
BGOORS;1522,7853,22661,22690
BGOORU;7925,7930
BGORSU;
BGOSUW;22689
BGOTUU;21766,22621,22666
BHHIKU;
BHIIST;7945,21740,22614,22700,22702,22703
BHIKOS;6043,22365
BHIKSU;7843,22699
BHILSU;
BHIMOR;
BHIMOS;6860,21058,21067,22368,22694,22710
BHIOPS;20660,22365
BHIOSY;6860,7956,7961,21227,22378,22694
BHIRST;5632,6279,7944,7947,7949,7955,21225,21237,22601,22694,22697,22703,22706,22709,22711,22712,22713
BHIRSU;7934
BHIRSY;951,958,7947,7955,21918,22694
BHKNOU;20963,22715
BHKOSY;
BHLMUY;22629
BHLOSY;7483,7970,20622,20757,21977,21982,22635
BHLSSU;5633,22718
BHMORS;22694
BHMPSU;7943,22699
BHMRSU;21081,21088,22202
BHMSTU;1553,6285,7969
BHMTUY;
BHOOOO;
BHOOST;5548,5549,6283,7970,21078,21242,21780
BHOOTX;7946
BHORST;20744,22601,22694,22697,22706,22711,22712,22713
BHORTY;1537,7489,7492,7966,7977,21236,22363,22698
BHOSTU;1554,20759,21780,22710
BHRSSU;5514,6233,6249,6865,7967,21781,22716
BHRSUY;20971,21986
BIIIKN;
BIIIMN;7505,7981,20760,21742,22248,22408,22639
BIIKRS;20822,21247,22636
BIIKTZ;
BIILNS;20761,21098,21248,21650,21782,21783,22002,22006,22402,22420,22429,22602
BIILTW;22358
BIIMOS;6299,7943,21058,21103,21201,22010,22638,22642,22657,22722
BIIMOZ;22597,22639,22646
BIIMSZ;21751
BIIMUV;22443
BIINOT;1534,6857,6886,8024,8028,20613,20760,21348,21786,22593,22653,22696
BIINOU;6271,6309,6886,7989,8024,8028,20750,21202,21348,21753,22415,22444,22596,22617
BIINST;21782,22700,22725
BIIORS;1575,7538,7557,20660,21329,21351,22179,22605,22607,22651,22661,22663,22697
BIIORV;6315
BIIRRS;974,1563,6312,6828,7877,7986,8021,21772,22636
BIIRTU;5517,6882,6984,7556,8014,8025,8030,21991,22264,22426,22446
BIISTV;1574,8026,8027,22721
BIITTT;7879,8028
BIJOSU;1369,20737
BIJOUX;
BIKLNS;
BIKMNU;6254
BIKMOS;1578,7564,7881,21757,22453,22456
BIKNOS;7881,20612,20719
BIKNRS;977,21209,21247
BIKNSU;22693
BIKPSU;21209
BIKRSS;6114,20608,21602,21785,21789,22019,22667,22738
BIKRSU;7843,21209,21663,22017
BIKRSY;951,5869,20822
BIKUUZ;
BILLNO;1583
BILLOR;1115,1175,6319,6435,7098,7897,8038,21045,21115,21603,21668,22366,22740,22743
BILLOU;6120,21115,21422,21670,21759,22465,22741
BILLOW;7890,7899,22366
BILLOX;
BILLOY;1175,6297,6319,6325,7359,7897,7990,22730
BILLRS;6321,6327,7951,22602,22671,22703
BILMNY;659,1499,1580,7589,7893,7894,7981,7990,20752,21793,22599,22629,22665,22668,22670
BILMOS;20913,21212,21794,22638,22707,22722,22731,22748
BILMPS;1389,1594,6697,7441,7523,8003,22421,22422,22475,22707,22731
BILMRU;985,6124,6333,21793,22740
BILMSU;1590
BILMUY;1580,6124,7903,8005,20752,21793,22426,22599,22629,22665,22668,22670
BILNTZ;7908
BILOPU;
BILORS;20633,20903,22607,22682,22707,22748
BILOXY;5714,7607,22308
BILRTY;952,6869,7818,8002
BILSST;6298,6334,6894,7902,7982,7997,8004,8017,8050,8051,8054,8061,8063,20811,21250,21788,22656,22673
BILSSY;1509,5681,6334,20811,22425,22435,22608
BILSTU;21262,22603,22751
BILSUY;6336,6739,7583,7903,20644,20753,20881,22482
BIMMOO;7291,21101,22291,22745
BIMNOR;1604,21775
BIMNOS;7881,20913,22469,22638,22642
BIMNOT;1592,1604,7637,8044,8067,20760,21796,22501,22745
BIMNSU;
BIMOSS;20743,21797,22710
BIMOST;999,7113,7584,7645,21266,22347,22401,22475,22710
BIMOSZ;
BIMSTU;21215,21263
BINNOR;1606,8052
BINNOU;6309,6317,7651,8024,8067,21139,22444
BINNRY;1606,6873,7602,8025,8052
BINOOT;21222,21233,21786,22745,22750
BINORS;22021
BINORY;1606,6738,7605,7607,8052,21775,21793,21795,22330,22333,22698
BINOSS;22739,22742
BINOST;22689
BINPUY;21790
BINRSU;20761
BINTTU;1598,6886,8011,8024,8055,8056,8074,21796,22708
BIOORZ;6896,22662
BIOOST;8079,21262
BIOOSV;8026,22513
BIOPRT;973,6547,7289,7593,20912
BIOPSY;7676,7961,21145,21227,21248
BIORRS;21237,21777,22601,22690,22712
BIORST;22601,22694
BIORTT;7158,21231,21245,21694,22058,22067,22235,22530
BIORTY;1606,5718,21075,21795,22363,22698
BIOSTU;6318,7559,8077,21076,21137,21138,21262,22047,22290,22432,22467,22687,22710,22735,22737,22751,22760
BIOSZZ;22383
BIOTUW;7907,7957,22633
BIQSSU;20751
BIQSTU;81,1003,5614,22411,22725,22737
BIRSTT;1518,1573,6872,7909,22703
BIRSTU;22751,22760
BIRTTU;
BISSTU;8054,22760
BISTTU;
BJLMUY;22665
BJMOOU;
BJMOSU;20737,22543,22645
BJNOTU;1576,6317,7989,8032
BKLNSU;1343,1549,7562,7696,22455
BKLOOS;5519,21080,21238,21270,22087,22088,22453,22627
BKMNUU;21700
BKMOSU;7696,21757,22547
BKNOSU;5724,7696,20728,21218,21757,22284,22547,22548,22549
BKOOOO;
BKOORS;21257,21270
BKOOSY;22088
BKORWY;
BKOSXY;
BKPSUU;
BKRTUU;21158
BLLOOO;21121,22553
BLLOOX;
BLLORY;6319,7694,7719,7897,21668,21703,21706,22555
BLMMUY;21707,22668
BLMNUY;664,1580,20752,21707,21793,22599,22629,22665,22668,22670
BLMOOS;5883,6436,6913,22707,22741
BLMOOY;7970,22386,22678
BLMOSY;21273,22607
BLMPSU;22422,22551
BLMRUY;1620,21793,22426
BLMSUU;1452,5619,20729,21273,22192,22195,22196,22387
BLNOOS;7726,21127,22106,22469,22483
BLNORY;1193,6738,6790,7411,7605,7607,7930,8052,21793
BLNOTU;20686,20908,21735,21778,21868,21906,21947
BLNSTU;
BLOOPS;7425,7700,7853,22635,22707
BLOOPY;20764,22472
BLOORS;21270,21801,21802,22707,22741
BLOOSU;7732,8093,21715,21733,22112,22741,22751
BLOOTT;6799,6912,21778,22106,22388,22465,22560,22765
BLOOWY;6352,22765
BLOPUW;
BLORTU;1600,8014,22743
BLOSTU;1615,21262
BLOSUY;6336,7825,8094,8095,20622,20644,21273
BLOSWY;
BLOTTY;1625,6366,8010,8013,8056,8090,8095,21530,22765
BLOWYZ;
BLRRUY;961,6807,20895
BLRSSU;5884,6367,6865,8050,8063,21567,22768
BLRSTU;
BLSTUY;1189,1629,6208,7826,8090,8095,22603,22674,22766
BMNOTU;1592,7974,8044,8067,20742,21176,21796,21868,21906,22227,22745
BMOORS;1612,5883,6436,6913,7808,8099,20736,20766,21275,21803,22612,22741
BMOORY;20754,21775,22570,22678
BMOOSS;20770,21087,21258,22089,22573,22733
BMOOSY;7961,21175,22129,22677
BMOOTT;6912,7916,21231
BMOOTY;5986,22386,22570,22678
BMORST;999,7808,8099,8100,21266,22694
BMORSU;7931,20766,20815,21354,22741
BNNORU;21779
BNOORS;21803,21805,22770
BNOOSS;20988,21105,21179,22582
BNOOST;22770
BNOOTU;6350,6904,8032,8036,8067,8074,20908,21778,21806,22388,22715,22743,22745,22750
BNORSU;21218
BNORSW;6774,6791,6814,22542,22562
BNORTU;6291,7974,20750,21176,22743
BNORWY;
BNORYY;21949,22343
BNORYZ;6248
BNOSSU;20662,21738,22734,22754,22759
BNOSUW;21240,21353,22548,22689
BNOTTU;1598,5652,6886,7922,8024,8028,8055,8074,21208,21778,21796,21806,21951,22715
BNOTUY;20767,21181,21763,22489
BNRSTU;
BNRUUY;1521,21167
BNSUUY;22552
BNTUUU;21735
BOOPSY;5635,21183,22576
BOOPTW;
BOOPTY;7966,21233,22386
BOORRW;7773
BOORST;6920,8079,8099,8100,8103,8106,8107,21219,21277,21737,21801,21802,22712,22760,22770,22771
BOORSU;7732,7795,8093,8103,8107,21277,21715,21976,22112,22527,22531,22741,22751,22757,22760,22771
BOOSST;8084,8087,8089,8105,20768,21276,21799,22338,22764
BOOSWX;
BOOTUW;21806
BOOTUX;
BOOTXY;
BOOWWW;
BOPSUW;
BORRSU;20815,21277,22771
BORRUW;7973,20727,22591
BORSSU;662,1605,6835,21268,21271,21781,22716,22760
BORSTU;20923,22771
BORSTW;21802
BORSWY;
BORTTU;7977,20892,22591
BORTUU;6363,6921,22446
BOSSTU;5556,8077,20662,21271,21272,21738,21807,22338,22710,22754,22758,22760
BOSSWY;
BOTUUY;
BRSSTU;5720,6233,8101,21271,21807,22760,22768
BRSTUY;7685,8082,20923,22511
BRSUUU;22565,22682
BSSSUU;6369,7799,20806,21151,21274,21952,22540,22759
BSSSUY;6226,7722,7765
BSTTUU;8064,8101,20734,20759,21054,21164,21189,22245,22541,22564,22587
CCCCIO;22772,22773
CCCDIO;22775
CCCHOY;8141,22789,22811
CCCILY;22786,22811,22819,22820
CCCOOS;22794,22813
CCCOSU;1639,8136,22802,22812
CCCOXY;
CCDEEI;8155,8173,22830,22838,22851
CCDEER;22871
CCDEIS;8204,22891
CCDEIT;
CCDEKO;22875,22915
CCDELY;8188,8248,22775,22826,22861,22866,22879,22893
CCDEOS;8250,20775,22848
CCDEOT;22867,22919
CCEEHL;22779,22824,22847,22990,22995,22999
CCEEHR;22990
CCEEIS;8308,23058
CCEEOR;8355,22948,22970,22988,23065
CCEERS;1688,20782,22949
CCEHIL;22786,22787,22990,23100,23159
CCEHIM;22786,22789,23098,23159
CCEHIO;22789,22878,23097,23159,23170
CCEHIR;22990
CCEHIT;22789,22990,23170
CCEHKS;1651,1699,1717,5654,8297,20775,20783,20794,22999,23134,23136,23173,23177
CCEHKY;23157
CCEHLN;22787,22883,23100
CCEHLO;22787,23100,23159,23180
CCEHLU;
CCEHNO;23187
CCEHOR;
CCEHOS;20775,20783,22848,23136
CCEHOU;
CCEHSY;8485,8486,8500,20775,22848,22849,22994,23004,23157,23166
CCEIIL;164,8435,22786,22990,23108
CCEILR;164,8399,8435,8537,20779,22791,23027,23089,23107
CCEILS;
CCEILY;8443,8532,22775,22786,22861,22893,23020,23027,23095,23233,23237,23241
CCEIMO;1730,5676,23082,23142,23215
CCEINS;1744,5683,8514,8558,22897,23083,23085,23115,23206,23210,23256
CCEIOR;5680,5684,8234,8398,8399,8530,8537,23215
CCEIOS;23236
CCEIPT;165,1700,1729,1737,1743,8439,23015
CCEIRS;22792,23091,23206,23256
CCEIRT;
CCEIRU;8533,8536,22776,22792,22998,23037,23048,23052,23089,23091,23133,23153,23240
CCEITY;8390,8580,22783,22789,22793,22795,23222,23228,23233,23237,23241
CCEKLO;5686,8314,23060,23233
CCEKLS;22891,22999
CCEKLY;22866,23060,23233,23288
CCEKOP;22989,23156
CCEKOR;8355,23290
CCEKOT;5686,23233
CCELRY;1765,8394,8532,8596,8599,22791,23158,23295,23299
CCELSY;22804,23293,23296
CCEMSU;1719,8252,8608,22792,22972,23091,23240,23256,23259
CCENOS;22973,23076,23286,23316
CCEORS;8250,8604,8624,23292
CCEOSS;8256,23326
CCEPSY;5673,8486,8500,8576,23326
CCERSU;20782,22792,22949,23052,23091,23202,23240,23256,23312
CCESSU;20805,23070,23302
CCFILO;8398,8399,8632,23336,23337
CCHHII;1786,8672
CCHHIN;1786,8672,8676
CCHHOO;8138,22808,23387
CCHHRU;8263,8406,8676,23096
CCHIKS;23345,23348
CCHIKT;23155
CCHILN;170,1709,8672,8699,22787,23100,23392
CCHILO;5697,8640,8698,22787,22808,22811,23100,23159,23392,23394,23405
CCHILY;1677,8443,8674,22786,22811,23393,23394,23408
CCHIMY;8443,8708,8709,22786,22789,22811,23410
CCHINO;23392
CCHINU;8452,8676
CCHIOR;23415,23417
CCHIOS;8685,8694,8697,22812,23351,23397,23415
CCHIOT;22789,22982,23155,23170,23388,23394,23410
CCHIPU;1800,23350
CCHKOO;
CCHKOS;5706,8140,20783,23136
CCHKOY;
CCHKSU;22934,23348
CCHKUY;
CCHLNU;5677,23390
CCHLSU;22812,23348
CCHLTU;20809
CCHNOO;8139,8453,8493,8700,8707,8708,23335,23358,23392,23409
CCHNOS;
CCHNOY;1720,1805,1808,8206,8493,8708,8709,22849,23157,23358,23400,23413
CCHNRU;23187
CCHOOS;1679,8272,8694,8697,23351
CCHOOT;8493,8725,8728,22932,23183,23190,23387
CCHORS;1809,8274,8679,8727,8729,23397,23417,23418
CCHORT;8679,8725,8727,8729,20809,23410,23417,23418
CCHORU;1806,20809,23412,23417
CCHOST;1703,5706,8140,8432,8679,8723,8727,8729,23136,23173
CCHRTU;8464,8676,20809,23190,23417
CCHSTU;
CCIILN;
CCIILT;1644,8684,22852,22990,23364
CCIINO;8645,8765,20785,20808,22923,22933,23084,23198,23213,23221,23361,23368,23370,23395,23438,23441,23442
CCIINP;1814,1816,8144,8439,8659,22955,23008,23013,23196,23218,23359,23427
CCIINZ;
CCIIPR;1654,1814,8518,8659,8767,22955,23013,23015,23401,23442
CCIIRS;1655,1788,1812,1817,8145,8505,8514,8646,8673,8746,8749,8757,8765,8767,22792,23009,23014,23101,23206,23214,23225,23226,23369,23397,23442,23444
CCIIRT;696,1814,1818,8657,8659,8759,22816,23364,23437
CCIIST;23438
CCIISV;8732,8749,8758,23203,23438
CCIKLS;5708,5711,8526,8660,8773,22891,22899,23150,23232,23348,23405,23426
CCIKRS;22993,23206
CCIKRY;
CCILNO;22861,23021,23112
CCILNY;22861,23020,23427,23429
CCILOS;22812,22813,23150,23151,23205,23232,23236,23240,23366,23374,23376,23405,23426,23435,23448,23462
CCILTU;1836,1837,22820,23431
CCIMOS;8283,8685,22812,22936,23339,23374,23379,23395,23397,23438,23465
CCINOS;22936,23372,23379,23442,23466,23470
CCINPY;1791,8134,8761,23013,23114,23196,23427
CCINSY;23051,23157,23234,23471
CCIORS;23339,23369,23378,23397,23418,23444,23445
CCIOSS;8685,8711,8766,8774,8812,23382,23406,23416,23421,23422,23440,23443,23452,23463,23470
CCIOTT;1850,8291,8665,8715,8759,8769,8808,23170,23264,23361,23388
CCIPRU;1800,8536,8767,8809
CCIRSU;1773,8288,8767,8806,8819,22792,22995,22998,23052,23091,23133,23153,23240,23339,23344,23356,23417,23444,23456
CCISTY;8820,23263,23418,23471
CCKLOS;5483,5657,23426,23477
CCKLSU;5484,23348
CCKLUY;5723,23233,23288
CCKMOO;8823,22915
CCKMOU;8823
CCKNOU;22926,23447
CCKOOU;8823,23447
CCKOPU;22989,23447
CCKORS;5722,8293,8722,23477,23482
CCKOSY;20813,23232,23288,23481
CCKRSU;5725,23482
CCLMUU;1762,23337,23451,23454
CCLOSY;20813,23232,23288,23293,23296,23376,23378,23386,23419,23453,23484,23485
CCLOTU;1852,1857,8403,8597,8637,8827,20809,23093,23476,23483
CCLSUY;8248,8485,8601,22804,23069,23288,23378,23453,23485
CCNOOO;5727,8137,8835,22821,23358,23409
CCNORU;1856,5717,8615,8668,8809,22785,22988,23048,23059,23065,23130,23187,23299,23317,23375,23451
CCOOOO;
CCOOOR;8835,23483
CCOOSZ;23062
CCOPUY;8827
CCORSU;5692,8288,8767,20799,22941,23240,23339,23482
CCOSSU;22940
CCOSTU;1639,8671,22941,23445,23471
CCSSUU;8670,23302
CDDDEO;
CDDEEI;20820
CDDEEK;8848,8868
CDDEEO;8858,8873,20820
CDDEEU;706,8858,22824
CDDEHI;8860,8890,8895,8896,23501
CDDEIK;5730,5731,8868,20821,23522,23561
CDDEIS;
CDDEIT;1885,1886,8904,8907,8913,8922,20819,23579
CDDEIU;
CDDEKO;22774,23561,23567
CDDEKU;8925,23567
CDDELO;22774,22826,23562
CDDELU;22824
CDDENU;
CDDEOO;8160,8862,8903,8939,20820,22774,22828,23528,23550,23553,23575,23577,23586,23587
CDDEOR;1888
CDDERU;23590,23591
CDDETU;8904,8907,8913,20819,22824,23510,23516,23549,23588,23591
CDDHUY;
CDDINU;8162
CDDLOY;22826,23597,23598
CDDLUY;8954,23495
CDDRUY;8934,23495,23590
CDEEEH;1907
CDEEEM;1909,5746,8968,8981,20771,20835,23601,23647,23648,23684
CDEEER;20835,23686,23691
CDEEES;20834,23643,23683
CDEEEX;1907,5737,23513,23605,23657
CDEEFH;1910,23616
CDEEFK;23616
CDEEFN;22838,22839,23520,23522,23701
CDEEFT;
CDEEGK;1915,9034
CDEEHL;23528,23783
CDEEHO;8175,9028,9085,22848,22849,23528,23634,23753,23761,23775,23789
CDEEHP;23777
CDEEHR;
CDEEHT;
CDEEHW;22845
CDEEIL;1924,9031,9035,9057,9091,9106,9124,22858,22859,23618,23797
CDEEIM;9035,9057,9091,20820,23836,23879
CDEEIN;22830,22838,23770
CDEEIP;23539,23867
CDEEIR;23616,23757
CDEEIS;
CDEEIT;20773,20819,20825,20830
CDEEIV;1924,5765,23797
CDEEIX;20847,23605,23657,23877
CDEEJT;
CDEEKK;5770
CDEEKL;20857
CDEEKN;8982,20857,23777
CDEEKO;5749
CDEEKP;8982,22833,23777
CDEEKR;23616
CDEELL;20847,20857,23545,23760,23775,23842,23939
CDEELP;8187
CDEELW;1933,1934,20858
CDEENO;23621,23672,23673,23941,23978,23981
CDEENR;20835,20861,22871,23611
CDEENS;23630
CDEENT;23615,23695,23978,23981
CDEEOO;5749,8862,9207,9223,20820,20851,20860,22859,22868,23528,23553,23634,23726,23783,23850,23858,23859,23871,23947,23951,23952,23978,23981,23991,23992
CDEEOR;20833,23819,23821
CDEEPR;
CDEERS;
CDEERU;
CDEERW;9001
CDEESS;1943,9159,23828,23831,23967
CDEESU;9051,9054,23769,23873,23909,23918
CDEETT;9141,9164,9179,9194,20830,23978,23981
CDEFFO;
CDEFFU;23615,24003,24005
CDEFII;20863,22875,24014
CDEFIO;8856,9293,9298,9299,9300,23559,24020,24021
CDEFKU;
CDEFNU;8886,9284,23558,24004,24019
CDEFOR;24020
CDEGGO;
CDEGIN;
CDEGIO;9035,9333,9339,22878,24039,24040,24041,24077
CDEGIR;22879
CDEGLU;9351
CDEGNO;
CDEGOR;
CDEGUW;
CDEHIL;1977,9057
CDEHIM;1977,9057,23703,24011,24125,24126,24127,24135
CDEHIN;23770,24119
CDEHIR;
CDEHIS;8896
CDEHIT;24040
CDEHIU;5791,9064,20865,22878,23765,23767,23770,24041,24044,24132,24143
CDEHIV;23565,24137,24149
CDEHKO;
CDEHKU;
CDEHLY;731,1977,1992,5751,8863,9414,23787,24114,24131,24132,24158
CDEHMO;22848
CDEHNR;24119
CDEHOR;
CDEHOS;20840,22848,22849,23782,24039,24120,24121,24166
CDEHOU;23781
CDEHOW;9438
CDEHRU;1966,1998
CDEHSU;
CDEHTU;24143
CDEIIK;22875,24013,24049,24099,24184,24185
CDEIIR;22856,22879,23825,23827
CDEIIT;8904,24040,24099,24114,24116
CDEIJU;1885,8904,9445,23833
CDEIKK;5659,8220,9288,22898,24240
CDEIKL;
CDEIKM;8868,9101,9102,23836,24123,24187
CDEIKN;5731,9288,22875
CDEIKP;5659,23837,23838,24051,24250
CDEIKR;9102
CDEIKS;
CDEIKT;24250
CDEIKU;5811,22900
CDEIKW;5731,8221
CDEIKY;20821
CDEILO;2029,9037,9533,9534,22861,22876,22900,23714
CDEILP;
CDEILR;20863
CDEILS;
CDEILT;20773,20829,20830,22888,24267
CDEIMN;8232,9327,24047,24133,24206
CDEIMO;20820
CDEIMR;22776,23879
CDEIMS;9471,24174
CDEINO;
CDEINR;
CDEINU;1659,2055,23770
CDEINW;2056,5731,8221,9574,9581,9582,20868,23661,23839,23884,24088,24249
CDEINZ;1984,9060,9325,9524,23770,23813
CDEIOP;22906,23539,23837,24275,24280,24289
CDEIOS;
CDEIOT;2029,2061,9164,9264,9333,9533,9534,20880,23823,24040
CDEIOV;1662,2061,5811,9534,23565,24137,24149
CDEIOX;8240,9163,9164,9582,9583,23823,23877,24226
CDEIOY;8230,8234,8921,9480,9532,22775,22861,22877,22893,23851,23866,23896,23899,24131,24203,24283,24291
CDEIOZ;9300,9395,9602,23818,23821,23823,23916,23917,24040,24113,24126,24294
CDEIPR;
CDEIPS;22906,23539,24053,24280,24289
CDEIPT;
CDEIRS;
CDEIRT;5788,5830,9494
CDEIRV;1924,1927,23749
CDEIRY;2020,8234,8921,9301,9474,9486,20821,22879,24131,24132
CDEIST;24308
CDEKLO;24185,24324
CDEKLU;
CDEKMO;5480,9620,22915,23836,24123,24187
CDEKMU;9622
CDEKNO;22875,22915,24123
CDEKNU;
CDEKOO;5749,5834,20880,22774,22915,24324
CDEKOP;9184,9619,9620,23837,24185,24240,24242,24250
CDEKOR;24240
CDEKOS;
CDEKOT;5834,8222,9619,20880,24185,24250
CDEKOW;24323
CDEKOY;9625,22915
CDEKPU;9622,23777
CDEKRS;
CDEKRU;
CDEKRY;20821
CDEKSU;
CDEKTU;
CDEKUY;
CDELLO;2070,8926,23775,24329
CDELLU;1665,5773,5798,8246,9186,20857,23670
CDELMU;
CDELNO;22860,22876,22882,23672,23673,23714,23724,24068
CDELNU;23547,23670,23950
CDELOO;8862,9411,20860,20864,22774,23586,23943,23952,24324,24333
CDELOR;
CDELOS;20891,24324,24333
CDELOT;20773,20880,22876,23672,23673,23714,23727,24267,24348
CDELOW;
CDELOY;22775,22866,22893,23727,23943,24131,24158,24333
CDELPY;2087,5818,8230,22775,22893,24114,24131,24132,24158,24253,24333
CDELRU;24001
CDELSU;
CDELTU;
CDEMMU;20896
CDEMOO;9223,20820,22859,22903,22915,22919,23587,23871,23943,24210,24281,24334,24358
CDEMOP;
CDEMOR;22919
CDEMOY;9224,9341,9655,22848,22915,22919,23866,23943,24214,24283,24291,24330,24333
CDENNO;1959,8902,22894,23621,24031,24178,24322
CDENOP;9675,9677,9678,20852,22864,23837,23851,23887,23888,24139,24140,24372
CDENOR;24193,24208
CDENOS;
CDENOT;23672
CDENPU;24331,24346
CDENSS;20879,20889,24015,24065,24199,24224
CDENSU;23675,23683,23942,24322
CDENSY;1670,8190,20889
CDEOOP;9662,22911,23943
CDEOOS;8240,20842,20860,20875,20891,23634,24106,24124
CDEOPP;9569,9675,24250
CDEOPS;23676,23837,23956,24372
CDEOPU;
CDEOPW;23935
CDEORR;20895,23877,24240
CDEORS;
CDEORU;1649,23590
CDEORW;
CDEOST;
CDEOSU;23578
CDEOSW;9581,9582,9673
CDEOSY;8161,9532,20775,22848,23956,24166,24203,24333,24351
CDEOTT;20871,24147,24250,24251,24382
CDEOTU;
CDEOTY;8257,8921,9224,9366,9701,22919,23727
CDEOYZ;
CDEPPU;9694,23793,24376
CDEPSU;24181
CDERRU;5487,23590
CDERSU;
CDERSY;23742,23863,24166
CDERTU;
CDERUV;2105,24151,24312
CDERUY;5756,23590
CDESSU;754,2033,5842,9501,9617,20889
CDESTU;8218,9617,24175,24181,24308
CDFINU;1957,9284,9297,9704,9706,23558,23720,24004,24008,24009,24019,24389,24390
CDFIOU;8943,23558,24005,24008,24016,24022,24023,24025,24390
CDFIOY;22877,24017
CDGIIN;9705,9706,9719,24389,24403
CDGINO;
CDGOOY;9736,24400,24414
CDHILS;768,2133,9757,24425
CDHIOR;2115,24428
CDHIRY;24132
CDHIST;199,9765,24421
CDHORS;24166,24458,24460,24463,24465
CDIIIM;9719,9789,24047,24174,24401,24423,24469
CDIIIR;9747,9789,22890,24014,24403
CDIINS;24425,24433,24473,24475,24485,24489
CDIINT;5864
CDIIOX;23823,24226
CDIIOY;5865,8280,9817,22893,22925,24203,24404,24477,24478
CDIISV;9466,24064,24204,24224,24238
CDIKTY;24189
CDILNO;22860,22861,22876,22882,23598,23714,23851,24468
CDIMNU;208,1659,2043,2172,9739,9740,9837,20850,20886,24275,24277,24278
CDIMOO;20820,22859,22903,22932,24126,24411,24430,24503
CDIMOR;2111,2123,8262,8956,9710,9853,24448
CDIMOS;8289,8956,20913,24448
CDIMOU;9739,9855,20882,20886,20910,24397,24503
CDIMOY;5865,8234,9341,9754,9853,23866,24214,24283,24291,24411,24447,24448,24503,24510
CDIMSU;9757,20911,23595
CDIMTU;2043,2172,9739,9814,22778,23869,24216,24277
CDINOO;2110,8160,9567,9767,24026,24137,24138,24261,24424
CDINOR;9567
CDINSY;24019,24476
CDINTU;
CDIOPS;22906,23539,23837,24280,24416,24485
CDIORS;24495,24498,24511,24515
CDIORV;8269
CDIOSS;9860,20914,20915,24437,24440,24515
CDIOST;22935,24416,24417,24421,24495,24505
CDIOTT;1902,2029,8916,9141,9164,9533,9583,20871,24147,24250,24251
CDIOTY;23600,24510
CDIPRY;23861,24094,24132,24300
CDIPSU;8919,9606,23539,23599,23909,24181,24295,24306,24475,24485
CDISSU;2033,9501,9599,9617,9834,9850,20853,20889,20915,23864,23885,24080,24149,24436,24440,24445,24506,24515,24516
CDISTY;5862,5866,5867,9816,23863,24115,24476
CDJNOU;2181,9794,9828,24494
CDKNOU;5854,9832,22926
CDLLOY;2138,2163,9775,9838,9841,9877,23597,24404,24410
CDLOSS;9712,9780,9850,20872,20914,20915,24437,24440,24459
CDLOSU;2187,8288,8960,9843,9850,20915,22924,23592,23599,24440,24477,24499
CDLOUY;2188,24477,24503
CDMNOO;9223,22915,24457
CDMNUU;20616,20861,20896,24331,24353
CDMOOO;22903,24411,24502,24510
CDMOOT;9854,22903,22919,22932,24334,24430,24510
CDNOOR;24513
CDNOOS;9890,24422,24462,24464,24517,24520,24524,24526
CDNORU;
CDOOOT;22903,23978,24510,24525
CDOORT;2194,9826,22919,24348,24376,24377,24513
CDOORY;2197,8294,9736,9779,9867,22919,23955,24153,24158,24166,24351,24400,24439,24447
CDORSS;2185,2192,5882,24394,24481,24486,24490,24498,24515
CDORSU;20921,23592,24515
CDORSW;23593,24465,24497,24498
CDORWY;
CEEEFL;793,24566
CEEEGN;24558,24588,24590,24591
CEEEGR;24609
CEEEHL;8298,9918,24566
CEEEHS;2201,8299,9922,24541,24543,24615,24619,24626,24628,24636,24637
CEEELV;5740,5891,9954,23642
CEEEMS;1909,5900,8992,8993,9927,9928,9967,22957,22969,23684,24541,24543,24619,24636,24637,24657,24667,24684,24686,24688,24690,24726
CEEENO;9945,9972,20940,22950,22959,22968,22970,22971,22973,23513,23621,23647,23672,23673,23680,23691,24549,24599,24600,24601,24637,24641,24642,24663,24671,24684,24734,24740,24741,24758,24759,24760,24761,24769,24770
CEEEPS;20781,22964,24540,24551,24587,24657,24690,24727,24754
CEEERS;797,5900,22967,22969
CEEFFO;
CEEFFT;800,9895,9896,20925
CEEFHL;9995,24566
CEEFIR;8856,9010,10019,10020,10021,20947,23521,23701,23711,24788,24791,24817,24823,24827
CEEFLY;10029,23722,23725,23727,24803,24808,24845
CEEFNN;8968,9902,20926,20943,22839,22948,23601,23621,24858
CEEFNR;10038,23701,24788,24797,24803,24827
CEEFNS;23710,23719,24573,24790,24825,24840,24841
CEEFRT;5906,10020,10023,10038,10043,24858
CEEFSU;9020,9988,20946,20948,22949,24583,24840,24841,24842,24857,24860,24864
CEEGHO;9028,10057,10060,22982,24877,24885
CEEGIR;10095
CEEGNO;10045,10069,20950,24870,24916
CEEGNY;10117,24870
CEEGRS;5907,8311,10124,10126,24886
CEEHHW;10127,10128,24969
CEEHIL;2228,2229,20955,24871
CEEHIR;20955
CEEHIS;9984,10052,24991
CEEHIT;22982,24881,25016
CEEHIW;10127
CEEHKL;
CEEHKS;20783,20965,24991
CEEHKY;10194,20966,23777,24631,25050,25051
CEEHLN;2236,10193,10209,10210,10211,24566
CEEHLR;23760,24998,25000
CEEHLS;23528
CEEHLW;10127
CEEHLY;808,8863,10211
CEEHMS;8327,10195,10201,10203,10204,24543,24636,24637
CEEHNT;2237,9074,10193,10210,10223,22982,22992,24544,24566,24881,24970
CEEHNV;9064
CEEHNW;5919,10127
CEEHOR;20967,24646
CEEHOS;10225,10227,22848,22849,23004,23528,23634,23775,24637,25054,25071
CEEHOY;10136,20966,22848,22849,23004,24970,25005,25018,25056,25088
CEEHPS;22999,24540,25002,25012,25020
CEEHQU;5918,20964
CEEHRS;
CEEHRT;24544
CEEHRU;20955,20967,25000
CEEHRV;5920
CEEHRW;22845
CEEHRY;5756,20966,24631,25050
CEEHSS;5911,25071
CEEHST;20968
CEEHSW;20842
CEEHSY;9922,10238,10255,22848,22849,23004,24636,25012,25051,25085
CEEHTV;
CEEHTW;
CEEIKS;5666,5758,9011,10007,10295,10301,10306,22956,23018,24539,24545,24617,24987,24994,25096,25104,25106,25182
CEEILR;2247,5908,10313,20779,23027,23760,24660,25108,25181
CEEILS;10263,25096
CEEIMN;8347,9989,10004,10377,10380,22957,24686,24816,24913,25280
CEEIMR;10079,24596,24669,24687,24913,25108,25269,25273,25278,25279
CEEIMT;20956,23836,24669,25016,25113,25222
CEEINP;2231,10159,23008,23867
CEEINS;814,10298,25196,25280
CEEINT;2257,22783,22992,24710,25094,25158
CEEINV;10335,24595,24683,25158
CEEIPR;10313
CEEIPS;23539,24690,25012
CEEIRS;9984
CEEIRT;
CEEIRU;23037,23048,24919
CEEISS;9159,10093,20853,20986,23058,23531,23831,23880,24792,25263,25280
CEEISX;10019,10263,24898
CEEITX;10098,10287,23029,24689,25158
CEEJNO;10451,23059
CEEJRT;10289
CEEJST;2266,5956,10450,20977,20978,20996,24726,24954
CEEKKL;2267,22779,23060,24728
CEEKLS;10295,25096
CEEKLT;5955,5958,24846
CEEKNR;10193,20618,24631,24797,24824,24887,25050,25098,25191,25372
CEEKPR;24728,24731
CEEKPS;5666,22956,24545
CEEKRS;8356,10295,10301,23018,24617,24733,25104,25106,25182,25188
CEEKRY;5961,9182,20966,24660,24986,25371
CEELMO;5774,9035,9187,9198,23843,24663,25112
CEELMY;10308,10471,20974,23064,23943,25383
CEELNP;10031,24548,24736,25055,25390
CEELNR;25407
CEELOR;5965,8343,10012,10028,24748,24823,25181,25373,25376
CEELOS;9953,24752,24954,25002,25005,25249
CEELOU;9198,10321,22980,23548,23781,23843,23954,24787,24823
CEELOV;8343,9124,9199,10012,10028,23027,23642,23782,23949,24748,25005,25181,25373,25406,25407
CEELPS;2290,23953,23956,24633,24754,25382,25388
CEELRS;
CEELRT;
CEELRU;20938
CEELRV;22858,23027,24570,24745,25108,25181,25373,25406,25407
CEELRW;24737,24847,24903,25376
CEELRY;5910,5969,8874,9182,9215,9954,10465,10468,10488,23533,24660,24736,24737,24803,25371
CEELST;25388
CEELSV;23782,23953,25406
CEELSX;9072,10263,10331,20786,22967,24754
CEELSY;2294,9950,10350,10468,23545,23722,23742,23803,23956,24845,25238,25371,25377
CEEMNT;22971,23073,23549,23965,24761,25434
CEEMNY;9224,9989,10194,10471,20774,20790,23073,23806,24913,25279
CEEMRR;23807,23877,24739,24914,25017,25063,25134
CEEMRS;21002,23963
CEEMRT;23064,24669,25278,25279,25434
CEENOR;20969,22970,24769,25269,25460,25461
CEENOT;24760,24761,24970,25434
CEENPR;211,9227,10523,10541,10552,10564,20969,22829,22834,22970,23065,23788,23962,24533,24548,24631,24736,25050,25460
CEENPS;20781,24551
CEENPT;1633,8194,8306,8381,9222,10518
CEENRS;
CEENRT;25434
CEENSS;20838,24955,25057,25071,25196,25263,25368,25456
CEENST;
CEENSY;9950,10238,23076,25051
CEEOOS;10520,10525,20842,20851,20981,21012,23062,23528,23553,23634,23858,23952,23953,24864,24930,25002,25072,25341,25368,25380,25404,25425
CEEOPU;22989,25016,25438
CEEORV;10028
CEEPRS;
CEEPRT;2271
CEEPRY;5673,9215,9248,9954,10253,10465,10488,10489,10523,10551,10552,10564,10590,20994,22834,23013,23901,24736,25027,25294
CEEPTX;5897,5984,8306,8381,24536
CEEPTY;8381,10551,23679,23861,25191
CEEPUY;10029,10258,10564,23777,25050
CEERRU;20618,22974,23037,23078
CEERSS;
CEERST;
CEERSU;25449
CEERSW;2311,24577,25198,25332
CEERTT;1935,24846
CEESSS;20995,21005,23058,23734,25135,25196,25368
CEESSX;1952,20942,25456
CEESSY;10107,10468,20942,23004,23068,24772,24845,24851,24961,25010,25287,25371,25485,25486
CEESTX;
CEESUV;2302,10570,20978,23058,24635,24840,25021,25363,25364
CEESUX;10571,25321,25349
CEESVZ;25360
CEFFHY;
CEFFIO;
CEFFLO;24787
CEFFLU;24787
CEFFOR;
CEFHIM;10611,23082,24011,25545,25546,25547
CEFHIS;9276,10624,10634,10635,10636,10637,23557,24011,25538,25539,25540,25546,25547
CEFHIT;
CEFHLN;2323,10641,24566
CEFHLT;8394,24566
CEFHNR;6006,10001,10596,10611,24789,24805,25509
CEFHST;8393,25550,25551
CEFIKL;
CEFIKN;22875,23084,23522,24013,24824,24825,25555,25556
CEFILS;24020,25553,25582
CEFINT;2327,9279,20926,25528,25532,25561,25569
CEFIOS;5653,21026,21027,23084,23559,24020,24021,24840,24842,25546,25567,25572,25573,25582,25587,25592,25594,25595,25596
CEFIRR;10624,10632,21022,25530,25545
CEFKLS;675,1699,8120,21028
CEFKLY;24845
CEFKRU;10617
CEFLST;2211,2333,2334,8198,8393,9990,9992,10033,10675,10702,10704,10706,21028,24562,25550,25613,25617
CEFNOR;6006,25616
CEFORR;21022,25530,25545,25616
CEFORS;21027,22978,24833,25582
CEFOSU;25515,25567,25610
CEFRUW;
CEGGII;10727,10729,25629
CEGGIO;8404,10045,21029,23095
CEGGLO;10045,10726,10732,21029,25631
CEGGOR;
CEGGPU;
CEGHIN;10723,10753,10764
CEGHIO;10759,22878,23097
CEGHIR;10740,10752,25644,25700
CEGHLU;2346,10726,10759,25704
CEGINO;20593,21029,21041,21047,23095,24598,24916,25532,25813,25849
CEGINR;25714
CEGINU;2382,5493,10750,10774,10895,23103,25532,25650,25687,25714,25719,25754,25760,25818,25826,25829,25849
CEGIOS;1970,9347,10094,10096,10917,24077,24078,24915,25772,25780
CEGIOT;2370,2371,6022,6034,8418,9339,10775,10876,20950,21031,23109,23111,23122,24085,24090,24598,24603,24881,24916,25664,25744,25803,25804,25813,25849
CEGIRR;9332,10095,10800,21038,24095,24914,25672,25700
CEGIRS;25725
CEGIST;21040,24048,24051,24065,24915,25637,25712,25724,25725
CEGKOS;21043,25701,25768
CEGLRY;839,2388,5910,10619,10786,24803,25673,25703
CEGNOR;
CEGNOS;
CEGNOT;20950,21031,23081,23109,23111,23122,24085,24090,24881,24916,25532,25664,25803,25804,25813,25849
CEGNSU;24610,24804,24960,25871
CEGNTY;2397,10613,10757,10875,23626,24094,25521,25528,25695,25734,25743,25828
CEGORR;10947,21038,23096,24095,24914,24936,24937,24938,25672,25683,25786,25839
CEGOSU;10109,10923,24960,25805,25871
CEGRSY;2386,10101,10945
CEHHST;
CEHHSU;2341,8434,23135
CEHHTT;24538,24967,24970,25886
CEHIIK;
CEHIIN;10748,22787,23100,23144
CEHIKR;20955
CEHIKY;10753,25898
CEHILN;6045
CEHILS;
CEHILT;
CEHIMO;11056,22789,23159
CEHIMR;
CEHIMS;
CEHIMU;2229,20956
CEHIMV;11068
CEHINP;2231,26019
CEHINR;
CEHINS;
CEHINT;
CEHINV;9064,10994,24137,25696
CEHINX;2430,10149,10723
CEHINY;24119,24875,25027,25521,25660,26019,26023
CEHINZ;10148,11063,25641,25909
CEHIOR;
CEHIPR;25675
CEHIQU;
CEHIRR;25700
CEHIRS;
CEHIRT;
CEHIST;
CEHISU;11126,23148,25948
CEHISV;23565,24149
CEHISW;
CEHITT;8408,23170,25886,25998,26037
CEHKLO;20963
CEHKLU;6062,20955
CEHKNU;6062
CEHKOR;2483,11139,20966
CEHKOS;20783,20794,20928,23134
CEHKOY;11137,20966
CEHKST;2479
CEHKTV;
CEHLMS;2409,9919,10201,10203,10204,24127,25889,25905,25906
CEHLMU;2229,2346
CEHLNO;24153
CEHLNP;25055
CEHLOR;25703
CEHLOS;20622,25005,25054,25661,25905,25975,25976
CEHLOT;23180,25705,26075
CEHLOU;863,2346,8485,10726,10759,11016,20963,21083
CEHLPS;22999,25058,26071,26081
CEHLPU;11031,24132,25541,25704
CEHLQU;5918
CEHLSY;8485,10761,10957,20622,26081
CEHMMY;24636,25012,26084
CEHMNS;24543,24637,24988,25706
CEHMOR;10135
CEHMOS;5481,9401,10201,10203,22848,24637,25054,26089
CEHMOT;9419,11186,22789,23180,23183,25016,25892,26063,26075
CEHMSU;2341,21081
CEHMSY;9420,11078,11143,11158,22848,23004,23166,25012,25020,26010,26015,26089
CEHMTU;8333,11066,11075,11186,20956,25015,25016,26008
CEHNOO;8492,8903,24137,25674
CEHNOS;1884,8902,20928,21086,24637,24979,24988
CEHNOT;11186,24970
CEHNOU;2449,9421,11186,20865,21056,23187,23564,24789,25687
CEHNQU;5918
CEHNRT;24544
CEHNRW;23187
CEHNST;
CEHNUU;22880,22883,23790,24809
CEHOOS;20842,21078,23634
CEHOPS;
CEHOPT;25055,25705,26075
CEHORS;
CEHORT;
CEHORU;24646
CEHORY;5800,6078,8466,9366,10786,20966,24103,24153,25018,25695,25703,26074
CEHOSS;24641
CEHOSU;11016
CEHOSW;6084,11118,11231,24637
CEHOTU;11186
CEHPRU;24132,25704
CEHPRY;24132,24631,25027,25050,25542,25944
CEHPST;
CEHPSY;10255,10761,10957,11182,25012,25020,25051,25058,25085,25955,25976
CEHQTU;
CEHQUY;
CEHRRY;20623,20966,21075,24103,24986,25018,25700,25950
CEHRST;
CEHRSU;
CEHRTW;21088
CEHRTY;23183,23787,24119,25077,25542,25695,25924,25944,25950,26086
CEHSST;24648,26069,26080
CEHSSU;10059,11142
CEHSTU;10261,10985,25948
CEHSTW;21088
CEHSTY;25058
CEHSWY;9405,11146
CEHTTY;23170,24970,25886,25950,26037
CEHTVY;
CEIIKR;25102,25522,25718
CEIIKS;
CEIILS;20624,20875,23803,24654,25553,25630,26195
CEIILT;21090,22990,24198,26167,26169,26179
CEIILX;10263,10264,11264,25743,25911
CEIIMR;10814,21022,21101,23215,25728,26117,26179
CEIINP;2530,9284,10988,11309,22955,23008,23013,23196,24014
CEIINR;1727,25714
CEIINS;23210
CEIINT;6022,8513,10276,10613,11303,11332,20950,21106,25126,25158,25557,25558,25569,25760,26120,26145
CEIIRR;8429,9332,9471,11318,20624,20976,21022,21038,23215,24211,24212,24227,24234,24983,25102,25128,25141,25630,25949,25950,26262
CEIIST;2356,6089,10601,26143,26147
CEIISV;2517,24204,24224,24238,24658,25144,25150,26180,26222
CEIJNT;5932,9493,10830,23111,26145
CEIJRU;24823
CEIJSU;6103,9054
CEIKKR;6106,24240,26274
CEIKLM;2357
CEIKLN;2357,21041,25180
CEIKLP;
CEIKLR;24660,24986,25181
CEIKLS;23150,24539
CEIKLT;
CEIKLU;22900
CEIKMY;
CEIKNR;24247,25191
CEIKNS;10668,11005,11359,22956,23234,24545,24988
CEIKNT;
CEIKNW;5731,8221,11375
CEIKOO;
CEIKOR;11371,23559,25181
CEIKPR;
CEIKPT;6113,9289,11375,20979,23155,23231,24185,24250,24972
CEIKRR;6106,6110,21120
CEIKRS;
CEIKRT;
CEIKRW;26274
CEIKRY;20821,24660,24986
CEIKTT;25105,25180
CEIKTW;11375,25900
CEIKTY;23233,25898
CEILLM;21121,23237,25580,25771,26116,26117,26275
CEILLO;21121,24904,25210,25773
CEILMS;22957,23009,24667,25582,25729,25780,26178,26180,26311,26326
CEILNO;8226,23095,26172
CEILNP;
CEILNS;23210,26121
CEILNT;11286,24198,26120
CEILNU;
CEILNY;2548,6129,11257,11286,11450,20980,22861,24019,24831,25235,25247,25558,26121,26283,26317,26320,26340,26360,26365
CEILOO;10759,11014,21049,21063,21121,23163,25728,25773,25903,26307
CEILOP;21063
CEILOR;23027,25235,25728
CEILOS;25005
CEILOT;
CEILPS;
CEILPV;11491,23642,25222
CEILPY;5679,5818,8230,21064,22775,22893,24131,24132,24253,25584,25673,26383,26384
CEILQU;888,10867,23245
CEILRS;
CEILRT;
CEILRU;26117,26345
CEILSS;21036,23194,24002,25553,26180
CEILST;
CEILSU;
CEILSV;25671,26180,26186,26195,26344,26366,26367
CEILTU;2374,11383,11492
CEIMMN;2439,10879,11303,11419,11525,11527,23117,23576,24596,25633,25674,25993,26310,26388,26396
CEIMMO;1730,10814,10879,21092,21101,23117,25633,26310,26388
CEIMNO;26116
CEIMNR;24596,24687,24913,25279
CEIMNS;21133,22957
CEIMNU;1659,2542,10321,20800,23239,23252,24287,24288,24816,25569,25590,26172
CEIMPU;20956,25016,26001
CEIMPY;23260,23867,25584,26433,26439
CEIMRS;22904,24257,25582
CEIMRT;24669,24687,25278,25279,26132
CEIMRU;22776,26117
CEIMST;21133,26331,26401
CEIMSU;21132,21133,25590,26222,26412
CEIMTY;9474,10308,10383,11070,11083,11085,11389,11528,21090,22789,23237,23241,24291,25279,26178
CEINNO;8561,11381,11392,11569,21047,22796,23579,26458
CEINNT;22796,23081,23092,23111,23579,25101,25126,25569,25783,25803,25829,26145,26458
CEINOR;
CEINOS;
CEINOT;25561
CEINOV;22798,24137
CEINOX;9582,10888,25757
CEINPR;
CEINPT;25760,25783,25829,25860,26120,26139
CEINQU;2054,2055,2638,9571,10867,10868,10897,10906,11324,24090,25760,25818,25848,25849,26391,26487
CEINRS;
CEINRT;24094
CEINRW;2056,9574,11427,23041
CEINST;
CEINSU;20801,21132,22797,26409
CEINSW;6036,9581,9582,26231
CEINTY;22783,23848,24710,24831,25247,25279,25312,25521,25528,25558,25734,25743,25793,26320,26340,26360,26419
CEINWY;24710,25792
CEIOOR;6101,6154,10688,11090,11589,11633,21017,21118,24791,26378,26476
CEIOOT;6101,6142,6154,10688,11633,22903,24226,26508
CEIOPR;
CEIOPS;8420,22906,22964,23274,24280,24289,26415,26506
CEIOPT;
CEIOPW;23041,25999,26431,26519
CEIORR;5684,6154,10095,21038,22911,23057,24095,26517
CEIORS;
CEIORT;
CEIORU;8580,11371,11377
CEIORV;
CEIORW;20591,23041,26274
CEIORX;2460,5684,11111,23877,25756,25757
CEIORZ;5930,10097,24113,25273,25909
CEIOSS;20986,26506
CEIOST;
CEIOSV;1662,23565,26332
CEIOSZ;25160,26395,26506
CEIOTX;23029,24226
CEIOTZ;886,2371,10097,25561,26008,26223
CEIOZZ;
CEIPPR;
CEIPPT;23231,24250,26139,26209
CEIPRR;22911,26509,26517
CEIPRS;
CEIPRT;
CEIPRY;6058,9486,11409,21064,22791,24131,24132,25673
CEIPSS;23127,24289,25535,26021,26294,26415,26506
CEIPST;
CEIPSY;5818,9491,10359,10761,10957,11085,25012,25020,25698,25955,26254,26384
CEIPTY;11085,25886,26254
CEIQRU;25818,25848,26487
CEIRRS;23199
CEIRRU;
CEIRSS;
CEIRST;
CEIRSU;
CEIRSV;
CEIRSZ;23204,24680,24694,25139,25154,25338,26126
CEIRTU;9494,26405
CEIRTW;9540
CEIRUV;24312,26336
CEIRUZ;10348,11480
CEIRVX;10447
CEISST;23250,24844,25010
CEISSU;
CEISSY;8584,10637,10676,11357,11514,11522,11661,21150,23166,25010,25698,26056,26254,26266,26365,26368,26384,26514,26522
CEISTU;20797,23148,24175,24181,25515,25948,26401
CEISTV;20978,23831,24308,25021,25144,25150,25364,25658,25671,26110,26112,26180,26222
CEIUZZ;
CEJKOY;
CEJNOU;6037
CEJOOS;26531
CEKKOP;9620,20979,21156,23231,24240,24728
CEKKSY;6107
CEKLMU;
CEKLNO;6165,20963,22803
CEKLNU;6108
CEKLOR;24728,24846,25181,25376,26148,26154
CEKLOS;2656,11248,24324
CEKLOT;5686,5958,20880,21118,24185,26063,26149,26154
CEKLPU;
CEKLRS;
CEKLRU;
CEKLSU;25377
CEKMOR;25958
CEKMRU;21152
CEKNOR;22803,23290
CEKNOT;26063
CEKNSS;10457,11668,24730,24955
CEKNSU;21044,21161
CEKOOR;21118,22803
CEKOOY;22915
CEKOPT;5958,6113,9619,20979,21156,24185,24250,26154
CEKORR;25376
CEKORS;21114,25198
CEKORT;24846,25609
CEKOST;26531
CEKPRU;21152,24992
CEKPRY;
CEKPSS;682,5960,9404,10197,11688,23179,25957,25963,26150,26288,26294,26532
CEKPSY;25051,25955
CEKRST;
CEKRSU;26542
CEKRSW;
CEKRTU;5915,6069
CEKRUY;
CEKSTU;25375,25377,25610,26531
CEKTTU;6069,6169,24251,25372
CELLOS;
CELLOT;24329,24904,25210,25383,26167,26303,26549
CELLOU;843,6165,6175,21115,25517
CELLRU;8445,8536,11710,20938,21115,26117,26275
CELLSU;2669
CELLTU;2672,6122,6181,9186,9503,10027,11383,11387,11697,23093,23237,24802
CELMNU;2542,8339,23239,25217,25393,25581,25727,25778,26172
CELMOO;8480,10700,21121,21124,24334,25728,25779,25869,26074,26563
CELMOP;918,2679,26075,26556,26563
CELMOR;23207,25728
CELMOS;11715,24330
CELMOY;2685,11149,23064,23180,23241,23297,25383,25584,25868,25869,26074,26075,26556
CELMSU;25395
CELMUY;6124,11697,23237,25580,26556
CELNNU;
CELNOO;20619
CELNOR;23299,24027,24068,24263,25235,25407,25791,26320,26360
CELNOS;26574
CELNOU;6037,6165,11733,20619,20963
CELNOV;5974,9199,23782,25407,25793,26186
CELNRU;23299,24004,24027,24265,26345
CELNSU;
CELNTU;22883
CELNUU;2698,10031,10672,11449,11479,21004,21129,21167,22883,23067,23301,23547
CELNUW;5919,11427
CELOOR;8480,10700,10786,21118,21124,23295,25394,25703,25728,25779,26074,26378,26584
CELOOS;10933,20891,23062,23303,23585,23952,23953,26585
CELOOT;9207,9647,10932,20864,24348,25055,25609,25890,26063,26077,26563,26564,26584
CELOPP;6199,8549,25410
CELOPU;
CELOQU;23245,25564
CELORS;
CELORT;24348,25609
CELORU;6175,10622,10701,11726
CELORV;24748,25181,26336
CELOSS;20872,26076
CELOST;24752
CELOSU;8485,25567
CELOSV;23782,23953,25005,26186,26195
CELOSX;5687,6040,11706,20786,21083,26192,26335
CELOSY;2685,2699,8485,9532,20622,21123,23956,24203,25005,26365,26384
CELOSZ;925,9304,23062,25054,25974,26365
CELOTY;22795,23064,23066,23180,23241,23297,25705,26075,26556,26564
CELOUV;26336,26579
CELPRU;6203,11710,24074,24132,24265,25541,26345
CELPSU;
CELPSY;23956,26081,26368,26552,26574,26582
CELPTY;23679,23861,25705,26075,26081,26556,26564,26574
CELPUU;
CELRRU;
CELRSU;26590
CELRSY;6197,10488
CELRTU;
CELRUU;8602,11449,11479,11710,21085,23071,26536,26590
CELRUV;2668,2694,11710,26579
CELRUW;6203,9649,11427
CELSTU;21028
CELSTY;
CELTTU;11720,11745
CELTUY;22795,23233,23237,26556,26587
CEMMOR;8537,10814,11139,11769,21101,23117,25633
CEMMRU;20896,21009
CEMNNO;8603,10969,11715,23308,24969,25389,26557,26558,26592,26593
CEMNOO;25427,25674,26602
CEMNOS;24637,25392
CEMNOW;2720,10969,11683,11712,11715,21177,25808,25999
CEMNPU;11309,11535,21176,23587,24275,24358,25278,25393,25430,25431,25435,25778,26001,26323,26421
CEMNRU;20616,20896,24098,24358
CEMNTU;8333,11186,11695,23869,25015,25393,25569,25727
CEMOOS;23214,23289,25620
CEMOPR;24358,26604
CEMOPT;26075
CEMOPU;23587,24275,24358,26001
CEMORR;2664,24739,25063,26603,26604
CEMORS;25422,25446,25594,26597
CEMOST;23289,23310,24859,25267,25426,25440,25445,25446,25551,25620,26089
CEMOSU;21010,23546,23578,25592,25594,25595
CEMOSY;2685,5989,8374,8557,11182,11185,11527,11781,11783,21086,21123,21175,22848,23310,24283,24330,25445,25446,26010,26089,26204
CEMRTU;2687,21166,25447,26566
CEMTTU;9419,11720,25015,25438,25447
CENNOO;23308,26557
CENNOR;11202,11569,11725,26458
CENNOS;24322
CENNOT;26458
CENNRU;8934,9351,10116,10550,10941,11305,11324,11449,11531,23037,23039,23130,24030,24055,24827,25830,26345,26592
CENOOP;11803,23317,26303
CENOOR;25273,25427
CENOOS;8614,11806,22797
CENOPR;2732,5990,8377,10541,11780,11803,11807,20969,22970,23788,23962,24769,25073,25460,25461,26094,26099
CENOPS;1897,2720,9675,10527
CENOPU;
CENOPY;6215,9670,11780,11803,11807,23308
CENORR;10119,11733,22785,25460
CENORS;
CENORT;24760,24769,25461
CENORU;
CENOSS;24641,25456
CENOST;26560,26574
CENOSU;2302,2728,9357,9358,22797,25871
CENOSV;2302,23782
CENOSY;21086,21123,21175,23076,25870,26204,26317,26558
CENOSZ;9427,11100,11532,11607,11804,11820,26395
CENOTU;11186,25687,25849
CENOTV;
CENOVX;2636
CENOVY;8376,23267,25793
CENPSU;20781,21128,21161,23085,24306,24346,24963,25379,25409,25480,25857,25858,25859,25861,26168,26244,26281,26323,26561
CENRSY;21161,26023
CENRTY;23626,24119,24198,24221,24953,25279,25312,25335,25338,25528,25695,25832,26023,26283,26320,26360,26392,26427,26504
CENRUY;5997,6197,10564,10570,20623,20790,23299,25050,26345
CENSST;21154,23302,25459
CENSSU;21168,23302,24322,25057
CENSTY;6214,11783,11806,21181,23076,24343,25424,26574
CENSUU;23985,26463,26498
CENTUU;2101,2698,8884,10672,11583,11617,21004,21129,21158,21167,22883,23067,23301,23695,23985,24353,24360,24371,25475,26100,26102,26284,26461,26498
CEOOPR;6209,9662,11215,23317,24358,24376,24377,26094,26603,26604
CEOORS;24354
CEOORT;6101,6142,6154,6209,9207,10932,21118,21124,22919,23295,24348,25609,25779,25873,26378,26508,26563,26564,26603
CEOORV;24791,25807,26400,26469,26475
CEOOSY;10933,21175,21183,24283,24351,24366,25870,26477,26582
CEOOSZ;11804,23062,25340,26250,26506
CEOOTY;8483,8493,11832,22799,22919,23183,23277,23284,23328,25873,25892,26004,26086,26508,26564,26591,26640
CEOPPR;24769,25410
CEOPRS;
CEOPRT;24348,24376,24377,24769
CEOPRU;
CEOPRY;8355,11595,11702,11757,24300,26383,26408,26458,26651
CEOPSS;22964,23127,23179,23326,24165,24374,24641,24702,25190,25893,26506
CEOPSU;
CEOPTY;8257,25705,25873,26075,26086,26556,26564,26640
CEOQTU;11400,11492,21102,23245,25849
CEORRS;
CEORRT;26549
CEORRW;2664,6163,11752,26274,26431,26604
CEORRZ;
CEORSS;
CEORST;
CEORSU;
CEORSV;2105,8624,9434,11843
CEORSW;21177
CEORSY;5508,6216,6217,8618,9625,10544,11689,21027,21145,21185,25446
CEORSZ;925,9304,11820
CEORTT;20892,22976,24382,24811
CEORTU;22976,25447
CEORTV;
CEORTX;
CEOSSS;21005,25368
CEOSST;8256,11198,11834,23326,24372,24772,25485,25486
CEOSSU;
CEOSSW;9642,11764,24342,24374,25608,26570
CEOSSY;11763,21150,23326,25485,25486,25698,25887,26056,26254,26384,26514,26586
CEOSTT;23136,23310,25397,25413
CEOSTV;
CEOSTY;5989,6216,8374,8609,8618,11783,23310,25446
CEOSVY;11843,25005,26587
CEOSYZ;26204,26365
CEOSZZ;25054
CEOTTT;2741,11555,11811,26378
CEOTTU;20871,22976,24147,24371,24382,24811,25438,25447,25476,25849,26620
CEPPRU;
CEPRSU;24963
CEPRSY;5673,10488,11788,21183,26562,26651
CEPRTU;23317,24376,24377,24586,24856,25369,25478,26620
CEPSST;23179,23326,24372,24754
CEPSTU;23148,23909,24167,24181,24375,25349,25948
CERRSU;
CERRSY;20994,23249
CERRTU;24586
CERSST;
CERSSU;
CERSSW;5995,8529,8586,9088,11236,11513,11622,11661,25332,25963
CERSSY;20942
CERSTU;
CERSUV;2105,8624,10570
CERSUX;11706,23088,24231,26335,26610
CERSUZ;11820
CERSWY;9260,10101,11818
CERTTU;20892,24382,26620
CERTUV;
CERUVY;10564,10570,11521,11627
CESSSU;2697
CESSTU;25612
CESTTU;
CESTUY;20630,21024,21150,21181,23069,24167,25377,26429,26531,26587
CESUZZ;
CFFHSU;23557,25510
CFFHUY;
CFFILS;26660
CFFILY;11849,11855,11859,11862,24388,26660
CFFINO;
CFFINU;24004
CFFLOS;26660
CFFNUU;
CFFOSS;21019,24792
CFFOTU;
CFFRSU;
CFFSSU;26657,26661
CFGINU;9706,23333,24389,24390,24799,24801,26677
CFHILN;
CFHILT;
CFHIRT;2106,8627,11896
CFHISU;23557
CFHITY;11896,25521
CFHLSY;25543
CFHOOS;8628,24810,25550,25551,26692,26695,26696,26697
CFIILM;2750,2758,11905,11909,23336,26705
CFIINS;23083,23084,23085,24006,24790,25512,25518,25527,25555,25559,25566,25574,26668,26674,26675,26679
CFIINU;2768,9284,9706,11858,23085,23333,23558,24389,24816,25512,25564,25569,25573,26659,26677,26703,26706
CFIIST;2326,2765,10614,10625,11864,11921,20902,24790,25512,25514,25574,26686,26701,26709,26713
CFIITY;8390,10613,11868,24388,25528
CFIKLS;26714
CFIKLY;
CFILOR;8398,8399,8632,10012,10652,11886,24391,25525,25583,26673
CFILST;8198,11895,11926,26714,26720
CFILTY;2328,2780,11934,24388,25521,26718
CFIMOR;23336,23337,23338,24395,26691,26716,26719
CFIMOT;2770,8635,11896,11925,26685,26718,26719,26725
CFINOT;26725
CFINOX;
CFIORT;941,10020,10021,10688,11861,11896,26711,26718,26719,26725
CFIRTU;2771,10693,24003,24801,25513,25541,26719
CFISTU;10614,11935,20902,21024,24841,25512,25515,25573,25574,25586,25590,26701,26720
CFITYY;
CFKLOS;8120,26714
CFKLOY;
CFKORS;11941,11942,22978,25611,26692
CFKPUU;
CFLPUU;10031
CFORST;24849
CFOSTU;8639,11902,11949,25567,25610,26701,26720
CFOSUU;25594,25603,26683,26720,26727
CFRSSU;6233,11889,24394,24850,25539,25604,26734
CFRSTU;20948,24857
CFRSUY;25595,26730
CFSSTU;6233,10719,25617
CGGLOY;
CGGORY;
CGHHOU;23096
CGHIIN;23100,25518,26754
CGHILT;11986,12015,12016,26752,26762,26763,26767,26768,26771,26799
CGHINR;
CGHINS;23345
CGHIOT;8653,11962,12004,12015,12034,22982,24877,26752,26762,26763,26789,26797
CGHLNU;26795
CGHLOU;2346,6244,10726,10759,24397,25704,26790,26795
CGHLTU;26790,26795
CGHOOS;8654,10758,10784,12016,23351,25706,25707,26767,26786,26798,26812,26815,26816
CGHORU;12035
CGHOSU;26800
CGHRTU;2116,12012,26753
CGIILT;2792,2822,2826,10746,10802,10807,11851,11986,12046,12065,12086,23364,25647,25744,26762,26763,26770,26771,26834,26865,26869
CGIINO;6237,11968,11988,12056,12111,12117,21193,21198,23361,26844,26856,26874,26897
CGIINR;8945,11853,11872,11881,12121,23333,23524,24403,24788,25714,26831,26832
CGIINS;10749,10816,11873,11881,11995,12050,12051,12091,12123,12124,24899,24900,25518,25639
CGIINT;2826,2831,2835,2836,6022,6251,10613,11851,12050,12052,12086,12110,12111,12117,20950,24591,24899,24900,25712,25760,26843,26874,26881,26894,26897
CGIINV;2836,25714,26817,26818
CGIKNO;
CGILNS;21195,24794,25669
CGILNU;21214,24389
CGILNY;24389,26663,26665,26743,26745,26758,26760,26765,26828,26832
CGILOS;21212,22925,23351,23366,23374,23376,24077,24078,24408,25661,25772,25780,26683,26769,26786,26798,26799,26872,26911,26915,26916,26931
CGILPU;26830,26862
CGIMNO;24401,26874
CGIMNY;12087,12181,12183,24913,25526,25648,26666,26670,26801,26851
CGINNO;5509,8665,22806,24598,25803
CGINOO;6034,6243,12111,12207,21217,22806,26955
CGINOP;2832
CGINOR;26952
CGINOS;
CGINOT;20950,22806,23081,23111,23122,24085,24090,24598,24603,24916,25803,25804
CGINOV;2125,25788,26918
CGINOW;20593
CGINOX;21198,25756,25757,25777
CGINOY;21217,26671,26897
CGINOZ;12029,12099,12103,26742,26773,26803,26847,26861,26867,26877
CGINRU;23333
CGINRY;11853,11880,12087,23333,23364,26670,26745,26832
CGIOOT;6034,6243,8661,9735,10876,12015,12111,12176,12193,12218,21217,22806,24904,25779,25841,26685,26762,26789,26797,26905,26906,26930,26947,26955
CGIORS;2811,6031,10094,10917,12063,21212,23376,23377,23378,23385,24884,24915,25699,26769,26786,26799,26811,26841,26960
CGLLOY;2874,12004,12065,12154,12221,24404,25773
CGLLYY;23373
CGLNOU;26738,26747,26908
CGLOOS;8419,8654,8663,9338,9354,10758,10848,10933,10934,11967,12016,12175,12228,21212,23351,23366,23374,23376,23386,24077,24078,24096,24408,25729,25780,26767,26786,26798,26812,26815,26872,26873,26915,26931
CGLOOU;2880,9724,10726,10759,10935,11884,12176,25704,26747,26908
CGNOOS;8654,12228,26812,26816
CGNOOU;12224,24390,25687,25841,26747,26894,26905,26906,26908,26947,26955
CGNSUY;8662,9358,10111,10945,24076,25834,26796,26961,26966
CGOOSS;6246,24955,25800,26872,26944
CGORSS;2877,2883,11891,12045,24097,25637,26799
CGOSSU;2883,10900,12045,12190,23382,26935
CHHISS;2408,10956,10959,12250,21220,23389,25535,25880
CHHIST;12243,12249,24421
CHHITY;12244,25886,26972
CHHNOO;12252,26973
CHHOOS;12242,23596,24421,26976,26977
CHHOOT;12252,24967,25883,25890,25892,26972
CHHOSU;8434,10975,23135,24422,25891
CHIIKM;23098
CHIILL;2894,8672,9368,10976,12236,25903,26761,26762,26981
CHIILS;23345,26769,26983,26993
CHIILT;2411,9747,11986,20905,22990
CHIIMR;11989,12273,12274,21224,24428,24429,25921,27001,27002,27003,27004,27005
CHIINS;2801,2896,2897,6264,8642,8646,11957,11983,11995,12259,12262,12274,12277,23345,24425,24433,26754
CHIINT;
CHIIPP;11997,12257,12278,26981,27008
CHIIRZ;2802,24113,25651,25909,25924
CHIKNS;10140,11003,11005,12262,22809,23345,24616,24988,25961,26754,27017,27021
CHIKNT;27020
CHIKNY;10753,11005,23157,26754
CHIKOR;27020
CHIKOS;26991
CHIKOT;23155,24123,27020
CHIKRS;27017
CHIKST;199,11999,12001,12260,12263,12300,26757
CHIKTY;
CHILLS;23597,25661,26786,26970,27027
CHILLY;6272,8443,8444,11015,12002,12312,12314,12316,12318,12323,23158,25660,26663,26970,26992,27027
CHILMO;22811,23159,24397,24997,25662,25970,26787,26971,26993,26994,26995
CHILNU;11031,12266,12325,26795,27032
CHILOR;25970,26971,27025
CHILOS;25005,25661,26784
CHILPY;1791,2908,2909,12269,12314,12318,21064,21223,23408,24131,24132,24441,27031
CHILRS;26771,26796,26990,27017
CHILRY;23408,24132,24439,24441,24443,24444,25542,26796,26970,26990,27025
CHILST;
CHIMNY;8708,8709,9754,12006,12324,26666,26787,26974,27040
CHIMOR;9755,11896,12361,12363,27044
CHIMOS;23395,26993
CHIMPS;2903,12264,23397,24448,25012,25020,25994,26010,26015,26691,27001,27041,27043
CHIMRS;27017
CHIMSS;25880,25904,26002,26774,26802,27018,27039
CHIMST;
CHIMTY;22789,23410,24426,27044
CHINOP;21230,24424,26973,27008,27038
CHINOS;24988
CHINOT;954,1796,8700,11962,12324,12356
CHINPY;1791,2806,2908,25027,26019
CHINRU;23765,26974,27032
CHINST;
CHINTZ;22992,25641,26782
CHIOPR;2115,2811,8714,11980,12035,23164,23393,25673
CHIOPT;27055
CHIORS;2811,12384
CHIORT;21232,23410
CHIORW;12302,21232,24045
CHIOSW;8677,11118,12345,24421,27021
CHIOSY;2911,11078,12279,12336,12367,21227,23166,23413,23418,23597,24124,24419,25005,25887,25942,25976,25990,26048,26691,26968,27014,27019,27027,27043
CHIOSZ;2907,8714,11117,12343,12367,12384,25657,25974,26803,26808
CHIPPY;21235,25027,26019,27048,27058
CHIPRS;8692,8714,11895,12299,12384,12390,23397,26691
CHIPRY;1777,2908,2909,2928,2937,9718,11065,12024,12294,12318,12338,12385,12390,21064,21235,21236,23401,23408,24132,25027,25542,25673,25944,25947,25980,26034,26048,26691,26806,27025,27043,27049
CHIPSY;2937,11085,11124,12294,12390,25012,25020,25947,25955,26015,26048,26691,26967,27043
CHIPTY;2935,2937,8653,8715,11085,12294,12387,12390,21236,23170,23401,25886,25947,26967,27015
CHIQTU;27020
CHIRRS;5513,6275,11898,12005,12384,21237,26804
CHIRST;12037,26771
CHIRSU;2912,12342,12343,23417,24442,27005,27013
CHISST;25010,26689,26779,26780
CHISTT;23418,26686,26757,26969,27021,27022,27024,27062
CHISTU;2459,12026,12276,12290,21077,23148,23169,24423,25021,25948,25964,26022,27052
CHISTW;5702,12001,12037,12393,24421,26771,26969,27021,27024,27062
CHISYZ;12367,25926,26808
CHITTW;8627,12036,12393,26969,27024,27062
CHITTY;8715,9772,12387,23170,23388,23418,25886,25942,25950,26037,27035,27044,27058,27060
CHITWY;26765
CHIVVY;
CHKLOO;12302
CHKLOS;26783
CHKMOS;6283,9401,12303,12395
CHKMSU;6285,10195,12399,21081,27017
CHKNSU;2886,5696,12262,20907,27017
CHKNUY;
CHKOOS;20965,26977
CHKORU;25958,27020
CHKOSS;23179,23778,24152,24456,26067
CHKOSW;22934,27021,27024,27064
CHKSSU;5514,6067,6263,11142,23778,24152,25961,26067
CHKSTU;12399
CHLMOO;8480,9755,11022,11153,22811,23159,24457,25970,26694,26787,26813,26971,26994,26995
CHLMUY;
CHLNSU;21195,21240,23348,26788,26796,27017,27066,27067
CHLOOS;1679,8654,26815,26977
CHLOOT;5860,6266,9760,20908,25055,25702,25890,26077,26693,26797,26994
CHLORS;24458,27064,27068,27070
CHLOST;11902,11904,12038,12394,12414
CHLOSU;11016,11894,11902,12342,12343,12409,21083,21240,24440,24442,27067
CHLOTU;264,6280,11902,12409,20809,20908,26790
CHLRSU;2912,12325,12342,12343,24442,26796,27017
CHLSSU;8721,11142,12412,24440,24445,24459,24634,25061,27033
CHLSTU;5921,11902
CHMMUY;
CHMNUY;26974
CHMOOR;9755,12040,12041,21224,21231,21232,24461,26694,26971,26979,27042,27044,27073
CHMOOS;2916,12352
CHMOPS;9401,10225,11074,23397,24448,26010,26691,27001,27041,27043,27075,27076
CHMORY;962,2954,5800,11193,11197,11896,12361,23410,24134,24448,24461,25018,26009,26086,26691,26979,27043,27044,27073
CHMOSS;12416,26774
CHMOSU;1806,6276,11902,12415,26800,27067
CHMPSU;11192,26015
CHMSTU;6285,11902,12276,12360,12415,24423
CHNOOP;953,6277,8139,8707,8712,9758,12313,21230,24424,24451,26973,27030,27031,27038
CHNOOR;12041,26814,27073
CHNOOS;2916,21086,24450,24462,24464,26812
CHNORY;1805,2144,2928,6078,6248,12334,23400,24153,25056,25695,25980,26035,26099,26806,26814,26998,27073
CHNOSZ;2907,9427,12420,25065,26803,26808
CHNOTY;23400,24970,25056,25077,25702,26098,26099,26795,26998,27052
CHNPUY;26001
CHNRSU;80,6249
CHNSSY;11165,12254,12286,12335,12380,12421,24433,26044,27040
CHNTUU;11903
CHOORT;5860,21232,21234,24461,26693,27012,27054
CHOOSS;24453,24456
CHOOST;24421,24464,24466
CHOOSY;12383,12405,23419,26808,26815,26816,26977,27049,27071,27081
CHOPPY;12255,12418,21235,27048,27058,27076
CHOPSY;25085,25955,25976,26691,26815,26816,27043,27075,27076,27081
CHOPUY;11223,12387,26001,27081
CHORRU;6291,12035,23096
CHORSU;24442,27013
CHORTU;20809
CHORTY;2954,9366,9772,11896,21236,23183,23400,23401,23410,23418,24461,25077,25084,25088,25695,26086,26098,27044,27052
CHORWY;
CHOSTT;2892,2958,10972,11172,12386,12413,21242,23136,23418,24162,26695,27021,27022,27024,27062,27070,27080
CHOSTU;11902,12339,12409,24464,24466
CHOSTW;6084,6287,6289,9787,11118,11904,12345,12402,12414,24421,24464,24465,24466,27021,27024,27062
CHOTUY;2954,12387,27052
CHPSSY;
CHPSTU;12409,23148,25948
CHRRSU;
CHRSTW;2944,2955,2962,6289,8274,9774,9787,11904,12037,12393,12402,12414,21088,24465,26771,27024,27062
CHSSSU;21061,25540,25547,27013,27063
CHSTUU;25948,26107
CHSTUY;27052
CIIIRT;2757,9747,11244,12046,12257,12258,12430,12442,21093,21245,23360,23420,26114,26130,26131,26132,26139,26840,26841,26987,27090,27094,27097
CIIKLY;
CIIKNP;12449,25098
CIIKNW;
CIIKST;965,5708,12260,27106,27108
CIILMN;8738,12463,23207,23428,23429,24401,26116,26172,26744,26846,26857,26993,26994,27090,27117
CIILMU;2516,8739,11274,11275,11277,12471,23336,24397,25113,25727,26117,26165,26172,26179,26705,26846,27090,27109,27117
CIILNP;12427
CIILOP;6265,6267,6268,6299,12236,12460,23393,25112,25878,26761,26766,26981,27118
CIILSV;24204,25119,26186,26817,27125
CIIMMS;20911,21089,21096,21243,24427,25124,26704,27133
CIIMOT;22816,22932,23420,23437
CIIMSV;8758,12277,23810,24174
CIIMTV;9096,25130,26207
CIINNU;11305,11991,11993,12090,23363,24816,25650,25719,26172,26862,27009,27085
CIINOP;10988,11879,12103,12112,24424,27008,27141
CIINOR;20810
CIINOS;26674
CIINQU;11335,25719,27085
CIINRS;8646,11875,11881,11995,12259,21247,26831
CIINRT;696,1818,2983,2996,27090
CIINSV;2517,3008,6099,8758,9099,9482,12051,12062,12277,12290,12443,23438,23739,23816,24658,25144,25150,26782,26817,26991
CIIOTT;8769,10827,11348,11921,21104,23361,23388,24434,26229,26701,26986,27102,27143
CIIPRS;8145,8767,9808,23397,27001,27015,27118,27133
CIIRSS;2975,12469,23423,23425,27100,27156
CIIRTV;10286,11244,11339,11986,23228,25130,26132,26207,26888,27127
CIISTY;9491,9815,11297,11357,12124,12294,12447,12471,12506,12539,25942,25947,26134,26967,26968,27015,27092,27108,27132,27151,27157
CIJKOR;
CIJNOO;26269
CIKKLS;21247,26272
CIKKNS;8733,10668,11359,11365,12127,12552,21247,26272
CIKKPU;
CIKLNO;5700
CIKLNS;
CIKLRY;3014,24660,24986
CIKLSS;6253,11882,21229,23446,24409,24437,26702,26715,26903,27018,27019,27161
CIKLSY;204,5711,26784
CIKLTY;23233
CIKMNU;12304,27163
CIKMSU;
CIKNPU;6108,25183,27163
CIKNPY;
CIKNSS;2965,9834,12305,21255,23424,26674,26702,26988
CIKNYZ;
CIKORR;12140
CIKOSS;21117,21119,21229,21255,23446,24409,24437,24498,25190,26287,26294,26296,26903,27159,27161
CIKOSY;20813,23157,23232,23234,26784
CIKPPU;27163
CIKPRS;8692,8773,12299,12562,21209,24497,26690
CIKPRY;12563
CIKPSS;21229,23406,25957,25963,26150,26288,26294,27023
CIKPTU;24992
CIKQSU;6320,10301
CIKQUY;
CIKRST;21257,24495,27106,27164
CIKRSW;6321,8773,24497,24498,27024,27164
CIKRTY;12563
CIKSST;11882,21255,21258,24409,26903
CIKSTY;
CILLOU;2549,2769,11016,11260,11884,11924,11925,11927,12153,12571,12585,12587,21115,21116,23236,23448,26170,26275,27109,27165,27166,27172,27175
CILLSU;177,2165,2769,8780,12156,12315,12554,12590,23448,24499,26970,26992,27109,27168,27172,27175
CILMNY;3033,8784,9754,12324,12428,12451,12600,23020,23429,26320,27179
CILMSS;6125,6257,6334,8786,10144,10332,11026,11439,12329,12611,12614,12615,12618,20635,21036,22814,24467,24995,25880,25904,26180,27018,27091
CILMUU;6333,12571,12594,12616,23337,23454,25581,26716,27029,27117,27165,27176
CILNOO;12629,12630,25214,26313,26314,26318,27158,27170,27177,27179
CILNOS;
CILNOU;25183,25217,25564,26172,26706,26738
CILNPU;11031,26862
CILNST;24476
CILNTU;27090,27093,27117
CILOPU;3070,9849,10336,23022,24503,25183,26706,26717,27176
CILOPY;2911,3054,12244,12269,12327,12486,12609,12622,12629,12661,12662,12663,21223,21248,22893,23394,23462,24503,25584,26384,26792,27031,27179
CILORS;20633,23376,23378,27190,27194
CILORT;284,994,3036,12551,12559,12613,21261,23461,26718,26719,26928,26930,27166,27188
CILOSU;2769,3037,8288,9843,12177,12178,12342,12343,12490,12616,12658,21260,22899,23236,23448,23592,24477,24499,25587,25661,26155,26193,26683,26705,26916,27109,27168
CILOSV;24438,25005,25119,25212,25254,25967,26186,26332,26344,26359,26366,26367,26372,26921,27125,27168,27173,27186,27187
CILOSY;2911,8797,9532,11498,11934,12162,12178,12336,12661,12662,12663,12668,20813,21228,21248,23232,23376,23378,23453,23462,23597,24203,24410,24477,25005,25238,25780,25802,26317,26344,26365,26383,26384,26660,26784,26910,26911,26915,26916,26931,27027,27121,27167,27171,27173,27175,27190
CILOTU;3070,12176,12487,12551,12571,12587,12613,25745,26719,27166
CILOYZ;6259,26365,27121
CILPSU;
CILQUY;24501,26992
CILRSY;23376,24439,26831
CILSUY;20881,23453,24019,24076,24203,24477,26384,26916,27175
CIMMNU;3082,12348,27117
CIMMOS;12179,12592,12674,21260,26704,26721,26722,26932,26933,27133,27197,27203
CIMMOT;21092,23437,25803,26197,26310,26388,26874
CIMMOX;
CIMNNO;2166,2798,2915,3029,3083,3084,8781,8800,9710,9737,12567,12680,27204
CIMNNU;8452,8781,11305,11531,12090,12158,12159,12680,20800,23239,23252,24816,25569,26172
CIMNOR;23451,27097,27180
CIMNOS;21264,27206,27209,27212
CIMNOU;3082,9837,9855,10321,12304,25217,25809,26172,27097,27163
CIMNRU;26940,26974,27090,27097,27098,27180
CIMNSU;1830
CIMNUU;12304,25581,26391,26940,27117
CIMOPY;8150,8635,8784,12024,12181,12569,12609,12610,12697,23260,24503,25584,26439,27179
CIMORS;8542,8786,8956,11433,12674,23865,26704,27133
CIMORU;985,6342,9853,11371,12613,23215,23336,23337,23338,23451,25217,25809,26275,26716,26717,26719,27097,27166,27180
CIMOSS;21136
CIMOST;21266,26331
CIMOTY;3020,3033,6331,11896,12324,12361,12573,12600,12609,12689,12691,12695,12697,26718,27044
CIMPRS;12617,12674,12682,23397,27001,27041,27118,27133,27203,27208,27214
CIMPRY;23260,26009,26408,26439,27025
CIMRSS;23423,24292,24693,25129,26128,26198,27100
CIMRUU;3099,6333,22776,22778,23251,23337,23338,23454,25581,26716,26940,27180
CIMSSU;8760,12190,27196
CIMSTU;3096,8806,21133,21266,25021,26222,26401,26428,26881
CIMSTY;9815,10383,12506,27092
CIMSUV;3043,8758,12277,25021,25223,26222,26332,26428,27168
CINNOS;2993,11918,23411,23413,26687,26991
CINNOU;2449,8781,9855,23252,24390,24412,26172,26738
CINNOY;2905,3084,8424,8763,8800,8807,12622,22877,23413,23429,23439,23600,24414,24415,25677,26340,26344,26458,26671,26678,26679,27158
CINOOP;953,1840,3109,6277,8139,8707,8802,8810,9758,12313,12628,12629,12630,12708,21230,23447,24424,26303,26314,26973,27030,27031,27038,27141,27163,27179
CINOOS;2916,11532,22797,23466,26449,27197
CINOOV;21252,22798,23441,24026,24137,25788,25807,26469,26475,26918,27170
CINOOZ;3101,11532,12630,26803,26808,26861,26867
CINOPP;27008,27030,27048,27163
CINOPT;23447,27008,27141
CINORS;
CINORT;21261
CINORZ;11063,12029,25273,25909,26773,26867,26877
CINOSS;
CINOST;21264,27199
CINOSU;22797
CINOSV;26991
CINOSZ;2907,11467,11532,12721,25275,26803,26808,27121
CINOUZ;11564
CINRSU;23456,25604
CINSTT;1819,2931,3007,3009,3124,12442,12443,12739,23147,24308,24626,24688,24841,24899,24990,25035,25208,25574,25724,25940,26115,27021,27227,27230
CINSTU;
CIOOPT;3109,6278,8802,8810,12708,23447,24226,25296,25884,26471,26505,27055,27141
CIOORT;9826,10688,11587,11633,11861,11936,12626,12632,12633,12718,24931,25841,26378,26476,26797,26906,26955
CIOPRS;22822,23385,23397,23465,26691,26960,27118,27133,27190,27191,27203,27213,27237
CIOPRT;23474,26895,27127
CIOPSS;3091,3111,8814,12187,12460,12515,12611,12672,21226,21227,21229,22964,23127,23406,24702,25190,26506,26712,27023,27033,27051,27061,27153,27155,27183,27190,27215,27236,27237,27238
CIOPST;24416,26937,26938,27107
CIOPTT;23056,23170,24250,25348,25886,26331,26434,26516,26517,26923,26930,27035,27046,27055,27058,27060,27231,27233,27234,27238
CIOPWY;26519
CIOQSU;11641,12658,21074,26058
CIORSS;3091,3127,12611,12615,24394,24490,24498,24515,26712,27156,27159,27161,27190,27194,27236,27237,27238,27239
CIORST;24498
CIORSU;23378,23592,27013
CIORTT;21245,26930,26946,26986,27143,27216,27231
CIORTV;12218,26888
CIOSST;26903,27153,27156,27159,27161,27236,27238
CIOSTU;23909,23918,24436,25349,25515,26401,26701
CIOSTX;
CIPPSU;6349,11469,12741,26479,27126,27203
CIPRSS;27190,27237
CIPRST;12294,12390,27015
CIPRSY;22822,23385,26811,26960,27049,27224,27237
CIPSSU;20995,26021,27051,27155,27215
CIRRSU;
CIRSTT;
CIRSTU;
CIRSUY;12392
CIRTTY;2778,12652,23264,23418,25247,25279,25312,26360,26444,26504,27044
CISSSU;3044,21267,21269,23384,23470,27013,27063,27140,27149,27155
CISSTU;
CISSUV;11482,23058,23285,24238,25364
CJKOOS;26531
CJNOSU;11964,12223,12225,24494,26898,26899
CJNOUY;11670,11671,12221,23476
CJNSUU;8587,11670
CKKNOS;5721,11676,12552,24517,24518,27240
CKLNOS;
CKLNOU;25183
CKLNOY;
CKLNSU;
CKLNUY;
CKLOPU;6244,25183
CKLPSU;12555
CKLPUY;
CKLSSU;8721
CKMOPU;27163
CKMOSS;9873,11663,11684,20770,23480,26267,27244
CKNORU;5854,9832,26906,27020
CKNRSU;9624,21161,21209,27017
CKNTUU;21158
CKOORS;8722,12562,12755,24497,26692,27246
CKORST;786,3137,6286,9871,9874,12399,12755,21239,21257,24495,24498,27106
CKOSST;9875,11900,12394,12745,21255,21258,23341,23478,23480,24409,24498,26728,26903,27159,27161,27241,27244,27247
CKOSTY;11689,12755,26531
CKRSTU;5725,9871,11922,12399,12554,12749,12756,20920,21239,24519
CKRSUU;20920,21164,24519,26536,26547
CKSSTU;12564,12756
CLLOOP;3024,12003,12313,12758,12768,23450,25210,25903,26303,26761,26978
CLLOOY;2874,6352,8636,9838,9841,12316,12405,12565,12758,12759,23450,25773,26729,26978,27173
CLLORS;26730,27249
CLLSSU;6359,26731,27175
CLMNOU;3032,8781,23239,25217,25393,26172,27251
CLMOPS;27118,27183,27257
CLMOPY;1016,2946,3143,8150,8784,12327,12569,12609,12610,24503,25383,25584,26075,26556,27069,27179,27257
CLMOSU;22938,23546,25395,26705,27257
CLMOSY;1854,2685,3143,9879,11944,12162,12776,21273,23453,24330,26915,27167,27257
CLMOUU;10701,12407,12571,12764,23337,26716,27165,27176
CLMPSU;12555,26323,26914,27257
CLMPUY;24503,26556
CLMSTU;23942,24738,25395,25549
CLMSUY;21273,23453,27257
CLNOOS;8654,9879,23419,26812,27252
CLNOOU;20619,20908,26747,26908,27170,27251
CLNOOY;8636,9838,12565,12629,12633,12758,12786,23485,24153,24870,25638,25702,25870,26317,26558,27030,27031,27158,27179,27260,27263
CLNOSU;8960
CLNOSW;2670,3144,9880,9881,11698,11715,20913,25233
CLNOTU;264,1857,2789,8637,11946,20908,23476
CLNOUW;
CLNRUU;1858,11479,11948,12407,12579,12653,21004,21129,21158,21167,23067,23301,23365,23375,23390,23451,27180
CLOOPS;10933,12242,23303,23486,23585,23952,23953,24332,25002,26815,27118,27178,27183,27190,27191,27257
CLOOPT;9647,10932,11748,25055,25890
CLOORS;5883,8746,9779,11944,12406,23376,24458,27068,27070,27190,27249,27254
CLOORU;2880,3151,6175,8823,9776,23483,25394,25704,26584,27255,27265
CLOORY;8141,9777,9779,12633,12776,23295,23408,23461,24153,24158,24439,26565,26582,26718,26963,26964,26978,27190,27256
CLOOST;5519,20918,27254,27267
CLORSU;23592,27194,27268
CLORSW;9881,11904,12414,12792
CLOSSW;9642,11764,24342,25608,26570,26715,26903
CLOSTU;27266
CLOSTY;1861,2188,3061,6332,6366,11934,12162,12171,12648,12663,12668,12780,23453,23462
CLOSUU;12658,12668,20921,21262,26683,26720,26734,27191,27264,27268
CLOTTY;1861,6366,12486,12648,12780,26360,26931,27035,27116,27260
CLPRUU;
CLPSSU;27261,27268
CLPSTU;6341,10704,12409,12555,12663,12771,12787,27126,27266
CLRTUY;1837,3077,12760
CLSSUU;6362,10705,21084,21085,21168,21171,23094,26731,26734,27195,27250
CLSTUU;2715,10704,10706,11767,12668,12771,12798,25613,26284,26720,27182,27264
CMMNOO;2914,3083,6182,11712,24457,25674,27073,27131
CMMOOR;12040,12591,12800,21101,23437,26979,27073
CMMOOS;24509
CMMOOT;12772,12800,23437,27131
CMMRUY;9853
CMMSUY;20911,23479
CMNNOO;3083,9809,12567,12762,23308,23428,26557,26735,27135,27204
CMNOSY;9813,9879,11182,11185,11781,11783,12681,12688,21086,21123,21175,21251,21264,23294,24283,24330,26204,26317,26558,27075,27132,27209,27212,27252,27271
CMOOPS;3085,12352,12677,12683,23465,27001,27041,27043,27075,27076,27118,27178,27183,27206,27208,27257
CMOOPT;8802
CMOOSS;3155,8829,9888,12683,20770,21276,23480,24508,25274,27130,27198,27202,27250,27258,27273
CMOOSU;12185,12362,12415,21175,21263,22938,23578,24332,24499,24509,25391,26705,27029,27109,27178,27197,27250,27253,27269
CMOPST;27099,27271
CMORSU;1806,1904,6368,9884,20815,21010,24765,26568
CMOSTU;27269
CMOSUU;24357,24360,25594
CMOSUY;2685,11724,12803,20815,21175,21273,24330,25595,27167,27257
CMPRSU;3092,8806,10607,11192,12692,24765,25430,27203,27208
CMPRUU;21152
CMPRUY;3156
CMRSSU;24522,25866,26090
CMSSUU;3159,27250
CMSTUU;20920,24360,24519,25449
CNNOOR;8787,26735,27274
CNNOPY;1862,9670,12233,12622,23308,24414,25677,26408,26458
CNOOPU;12628,27163
CNOORS;26732
CNOORT;26685,26725
CNOORY;5728,12167,12786,12803,23277,23290,23316,23485,24153,25619,26617,26725,26806,26814,27049,27073,27207,27224,27225,27263,27274
CNOOST;5875,8614,9861,9890,11802,12721,21263,24464,24520,24524,26812
CNOOSV;8614,12813,26572
CNOOTT;3109,8834,12111,12252,12528,12635,12717,25998,26318,26450,26923
CNOOTY;8493,12772,22799,23277,27158
CNOOVY;12727
CNOPTU;23447,24513,26895
CNORSS;1023,1866,2192,11891,12751
CNORST;27240
CNORSU;27259
CNORSW;3164,6368,8293,9881,11941,12234,12306,12400,21177,23593,24527,25233,27240
CNORSY;23484,23485,23975,24512,26730,27263
CNORUY;3156,12334,12803,12815,23130,23299,23485,24027,26730
CNOSSY;9712,21253,27121,27151,27189
CNOSTU;26965,26966,27269
CNOSTY;2868,3061,3122,8618,11783,12171,12648,12780,21181,26574,27052,27132,27151,27230
CNOTUY;11946,12691,21181,23476,26795,26897,26966,27230
CNRSTU;27240
COOORZ;
COOPRS;3165,5719,22822,23385,23465,24458,26692,26696,26960,27080,27118
COOPSS;3166,11834,12419,23326,23490,24165,24374,24453,24863,25893,26506,27183,27184
COOPST;2740,11802,23326,23490,25884,26093,26471,27080
COOPTU;8810,12628,23447,25438
COOPUY;12791,24503
COOPWX;
COORSS;3127,3155,8825,8829,8831,12722,12754,23480,26734,26944,27222,27241,27247
COORTU;23483,27166,27255
COORUU;23190,24341,24377,26584
COOSST;3127,3166,8825,11834,21258,23341,23478,23480,24863,26540,26551,26728,26733,27241,27247
COOSTY;12383,12755
COPPRY;12418,21235,23474,27231,27237
COPRRS;12384,12674,26696,26957,27081,27133
COPRSU;8767,12741,12815,12816,21218,26696,26957,27154,27203,27213
COPRTY;11702,21236,23401,23461,23473,23474,25873,26086,26330,26564,26640,26962,26964,27127,27231
COPRUY;3156,11223,11757,12815,26627,26651
COPSSU;12423,12815,25893,27033,27051,27061,27155,27215,27248,27268
COPSSW;11171,11688,24374,25042,27023
COPSUY;11223,11757,12661,12663,12787,12815,20923,21181,26383,26384,26627,26651,27213
CORRSU;21277,26732,27272
CORSSU;24394,26734,27013,27268
CORSSW;24498,27159,27241
CORSTU;
CORSUV;2105,2705,8624,8819,12342,12736,24230,24350,26727
CORTUY;2954,9831,25447
COSSSU;6365,6369,20814,21191,21267,21274,23470,24489,26662,27013,27149,27155
COSSTU;
COSTTU;26701,26965,27228,27234,27235
COTTUU;12817
CPRSTY;2937,2959,8292,12294,12390,27015
CPRSUY;11223,20923,20971,21161,26627,26651
CPSTUU;20922,21170,24519,25617,25948
CRRSUY;12392,27128
CRSSTU;
CRSSUU;3159,6017,10705,20805,21085,21171,24516,26656,26734,27194,27195,27229,27239
CRSTUY;1868,12793,20923
CRSUVY;3142,9614,10570
CSUYZZ;
DDDDEO;23492,27280
DDDEEE;3171,27284
DDDEEI;12838,12840,27287,27288,27289
DDDEER;
DDDEET;3174,12832,12837,12840
DDDEEW;27289
DDDEGO;12845,21279,21280,27280,27286,27299,27300
DDDEHO;
DDDEIK;
DDDEIL;
DDDEIR;
DDDEIU;12848
DDDELO;
DDDEMO;27298
DDDEMU;27298
DDDENO;27298,27299
DDDEOP;
DDDEOR;
DDDEOS;
DDDEOT;12840
DDDERU;
DDDEUW;12852
DDDILY;
DDEEEH;3171,12855,12864,12865,20817,27326,27327,27328,27330
DDEEEM;27350
DDEEEN;6378,8851,12864,12883,23511
DDEEER;12858,12866,12887,27284,27326,27355,27356,27367,27370
DDEEES;27350,27356
DDEEEV;12864,12881,12882,23508,27284,27346,27370
DDEEEW;
DDEEFI;8856,27285,27380,27390
DDEEFN;12896
DDEEFU;12860,27377,27378
DDEEGG;12900,12902,27400,27404
DDEEGH;1028,12903,12904,27400
DDEEGK;27414
DDEEGL;1029,12833
DDEEGR;
DDEEGS;27404
DDEEGW;12903,27414
DDEEHL;22824,27329,27415
DDEEHN;20818,27327,27415,27424,27429
DDEEHR;23501
DDEEIL;27415
DDEEIN;27415,27434
DDEEIR;27447
DDEEIS;
DDEEIT;27389,27422,27444,27464
DDEELM;27351,27504
DDEELN;23547,27415,27434,27504
DDEELP;27415,27434
DDEELR;1029,3181,6383,23509,27510
DDEELS;23497
DDEELU;8870,12919,12976,22824,27329,27464,27504
DDEELV;12982,27395,27510
DDEELW;
DDEEMN;27504
DDEEMO;6390,23498,23550
DDEENN;3176,3197,6401,8851,8877,8879,12863,12864,12890,12922,12924,12954,23499,23511,23512,23525,27312,27314,27405,27424,27468,27512,27514
DDEENP;3176,8851,8877,23503,23511,27317,27415,27434
DDEENR;27403
DDEENS;
DDEENT;
DDEENU;21301
DDEENV;27366,27434,27493
DDEENW;
DDEEOR;6390,6396,12866,12956,12971,27378,27446,27447
DDEEOS;6397,6401,12866,12928,12988,20639,21297,21300,27280,27285,27315,27350,27372,27390,27421,27474,27523,27524,27525
DDEEPR;27369
DDEERR;
DDEERT;23496
DDEERW;
DDEERY;23533,27358,27393,27432
DDEEST;
DDEESU;3195,12990,27371,27373,27401,27413,27426,27437,27452,27500,27524
DDEETU;3193,12972,12976,22824,27452,27463,27464,27503
DDEEUX;12992,27361,27364,27367
DDEFFO;
DDEFFU;8886,27377,27526
DDEFGI;13011,21313
DDEFGU;8889,13012,21313,27530
DDEFIL;5730,13017,21313,27526
DDEFLO;12892,27538
DDEFLU;21313,27526
DDEFNO;
DDEFNU;21313
DDEFOR;27533
DDEGGI;6406,12900,13025,21279,27299
DDEGGO;12902,13026,21279,21316,27299,27400,27404
DDEGIL;27574
DDEGIN;
DDEGIR;27325
DDEGIT;3204,3209,13037,13039
DDEGIU;21321,27401,27402,27411,27413,27530,27556
DDEGJU;
DDEGLO;13013,13030,13031,21316,23561,23562,27408,27574,27586
DDEGLU;27586
DDEGMO;13048,27557
DDEGMU;12901,13047,27557
DDEGNO;1038,3202,13013,13048
DDEGNU;1037,13047
DDEGOR;3202,13026,13031,13048,27533,27588
DDEGOS;21280
DDEGRU;
DDEGRY;3182,12833,12862
DDEHIN;3184,3213,13055,13056,13058,13059,27415,27552,27592,27596
DDEHIR;23501,23563,27556
DDEHIS;27301,27551,27594,27597
DDEHLO;1040,6389,8862,13030,13031,23563,27607
DDEHLU;6387,6388,12917,12919,13070,22824,27329
DDEHNO;3202,6378,8903,12925,13059,13068,27589,27596
DDEHNU;13056
DDEHOO;6389,8862,8903,12925,13030,13065,21326,23528,27400,27429,27589,27596,27599,27603
DDEHOR;21326,27536,27556,27606,27607
DDEHSU;23567
DDEIIK;27610
DDEIIM;27436,27534,27535,27621,27628
DDEIIO;27300,27303,27570,27628
DDEIIS;27332,27333,27435,27594,27612
DDEIIT;3204,3222,8866,8904,8907,12935,13079,13090,27389,27444
DDEIIV;
DDEIIW;27552,27610,27621
DDEIKL;5730,12939,23561
DDEIKN;3227,5731,27596,27610
DDEIKR;23561
DDEIKS;3227
DDEILL;27572,27621,27641
DDEILM;8911,13019,13102,27621
DDEILN;13017
DDEILO;8911,21298,23562,27297,27638,27649
DDEILP;27415,27434,27592,27649
DDEILR;
DDEILS;
DDEILT;
DDEILW;6420,27574
DDEIMM;3206,23575,23576,23577,27466,27643
DDEIMN;303,3213,3225,3234,13019,13059,13083,23575,27544,27621
DDEIMS;
DDEINN;303,1887,3213,6410,8917,12890,12954,13061,23579,27299,27405,27424,27468
DDEINR;23569
DDEINS;
DDEINT;
DDEINU;27632,27633
DDEINW;21340,27610,27639
DDEIOP;3240,12962,23540,27444,27445,27603,27649
DDEIOS;
DDEIOT;27346,27389,27422,27444,27603
DDEIOV;27632
DDEIPP;13078,27461
DDEIPR;21318
DDEIRR;27544
DDEIRT;
DDEIRW;6408,21340,27639
DDEIRY;3241,8921,12857,20821,23533
DDEISS;21328,27332
DDEITT;6394,12960,12967,13108,13125,27501,27666
DDEITU;23543
DDEJRU;23532
DDEKNU;12917,27547,27639
DDEKNY;
DDEKOO;22774,27596,27667
DDEKOU;23567
DDEKSU;23567
DDELLO;3210,8873,8926,13013,21316,27502
DDELLU;21316
DDELMO;1040,3245,13019,13130,13132,23562,27637,27643
DDELMU;12919,12972,21319,27504
DDELNO;305,6427,8926,13130,23562
DDELOO;8862,13030,22774,27649
DDELOP;1047,13130,13136,27592,27649
DDELOR;13137,27606,27607
DDELOT;305,8873,13141,27503
DDELOY;13030,13130,13136,13140,27585,27607,27669
DDELPU;
DDELRU;
DDEMOO;8933,13131,13145,23550,27398
DDEMOR;1042,6390,8933,13048,13132,21343,23498,27549
DDEMPU;12990,23587
DDEMRU;27549
DDENNO;1896,6401,8902,12922,27299,27377,27476,27512,27514,27628,27638
DDENNU;8934,13147,23560
DDENOP;13130
DDENOR;21326,23509,27403
DDENOS;6401
DDENOW;
DDENOY;13130,13136,22826,27376,27553,27585,27589
DDENPU;
DDENRU;
DDENSU;
DDENSY;27641
DDENTU;
DDENUY;8934,13113,27329,27432,27573
DDEOOR;13065,13145,27300,27303,27588
DDEOOS;8939,13145,23550,23553
DDEOOW;27596
DDEOPP;27461
DDEORR;606,3232,6427,13048,13065,13074,13107,13132,21343,27544,27556,27570,27670,27677
DDEORS;27315,27372,27523,27524,27525,27606
DDEORT;8942,12971,13074,22825,23518,27294,27346,27372,27588,27679
DDEORV;
DDEORW;
DDEOSS;21327,23523,27523,27524,27680
DDEOST;8935,13054,13149,13153,27371,27372,27512,27523,27525,27681
DDEOSU;8919,8939,20643,21315,21323,21342,23539,23553,23565,23567,23586,27296,27371,27523,27524,27525,27528,27542,27582,27597,27624,27664,27665,27681
DDEOSW;
DDEOTT;8941,27588
DDEOTU;3233,3240,3248,13086,13141,23586,23591,27306,27371,27463,27464,27503,27664,27665,27679
DDEPPU;27673,27679
DDEPRS;
DDEPRU;27517,27673,27679
DDERRU;12836,21343,23590,27670
DDERSU;
DDESST;
DDESSU;8885,12929,23523,27375,27680
DDESTU;27371,27681
DDESTY;8918,12931,13054
DDFILY;13155,13158
DDFIOR;8943,13158,21345,23592
DDGINU;27685
DDGIPU;
DDGMOO;
DDHIIS;3259,6411,8896,23595,27301,27416,27417,27551,27591,27593,27594,27595
DDHINO;1882,13059,23564,27592,27596,27699,27701
DDHIOS;8896,23565,27420,27597,27702
DDHIRY;
DDHISU;8949,27419,27426,27555,27594,27595,27597
DDHOSY;27606
DDHPUU;
DDHSUU;27609
DDIIKK;27610
DDIIKV;
DDIIMS;3265,23595
DDIIOS;13166,21351,27683,27687
DDIIOX;
DDIKNO;8946,27596,27638
DDIKOS;
DDIKSY;20822,27704
DDILNR;12849,13058,23598
DDILOS;21346,21353,23592,23599,27308,27683,27697
DDILPY;13077,27641,27642,27651,27689,27696
DDILTY;27686
DDIMOY;3256,13158
DDIMRU;
DDIMSU;23595
DDIMSY;27614
DDIOPY;23540,27642,27651,27696,27701
DDIORS;6430,13174,21351,21354,27682
DDIOTU;1902,3233,3240,13086,13117,21339,21348,27463,27464,27630,27656,27665,27685
DDIOTY;23540,23600,27464,27701
DDIRSU;8949,23592
DDLMUY;27669
DDLPUY;
DDMMUU;
DDMRUU;27549
DDNORW;
DDOOOO;
DDOPSY;27309,27642,27651
DDPSUY;
DEEEFR;21369,23616,27744
DEEEFS;6443,23620
DEEEFZ;13207,27743,27750
DEEEGK;27787
DEEEGR;6446,6447
DEEEHL;6440,13248,21378,27329,27784,27817,27820,27836,27838
DEEEHR;3274,12855,12865,13256,21378,27746,27785,27840
DEEEHZ;27817
DEEEIP;6379,27337,27819,27827,27851,27863,27895,27899,27922
DEEEJL;23507
DEEEJP;
DEEEJR;
DEEEKK;
DEEEKL;13268,27934
DEEEKN;6380,8982,13272,27831
DEEEKP;8981,8982,13211,13272,20834,22833
DEEEKR;6380,6456,8980,23616,27934
DEEELN;6461,6464,13229,23670,23672,23673,27753,27784,27817,27820,27836
DEEELP;27352,27355,27945,27954
DEEELR;13262,27355,27356,27945,27954
DEEELS;23643,27356,27876,27877
DEEELT;13287,27820,27838
DEEELV;
DEEEMR;5746,6441,6456,6460,13302,27945
DEEEMS;
DEEEMT;8981,27753,27889,27965
DEEEMX;13263,13302,27893
DEEENP;6382,6450,6461,8851,8982,13295,23511,23693,27337,27819,27836,27899
DEEENR;3274,21408
DEEENS;8110,8154,8167
DEEENT;6464,20828,21386,27753,27781,27784,27820,27836,27889
DEEENV;12864,21387
DEEENW;13229
DEEENZ;27750,27773,27817,27889,27963
DEEEPP;6450,8982,27922,28003,28004,28012
DEEEPR;6379,21292,27355,27709,27945
DEEEPS;
DEEEPV;13295,27855,27899
DEEERR;27728,27939
DEEERS;
DEEERT;21369,27744
DEEERV;27786
DEEERW;6447,13212
DEEERY;12862,13290,22831,27355,27864,27879,27945,28003
DEEESV;
DEEETW;
DEEFFJ;
DEEFFR;28022
DEEFGL;3277,23702
DEEFHT;12889,13350,27380,27744,28043,28045,28046
DEEFIL;
DEEFIN;22830,22838,22839,28053
DEEFIR;23616
DEEFIS;13348
DEEFKR;23616,28022,28108
DEEFLL;3181,13378,28029
DEEFLM;1911,27393,27753,28113
DEEFLS;21425,23722,23726,27766
DEEFLT;
DEEFLU;
DEEFLW;13212,13346,13350,13355
DEEFLX;13362
DEEFLY;9006,13378,21423,23722,28068,28112
DEEFNR;13376,13389
DEEFNU;13388,23615,23720,27377,28033,28123
DEEFRS;13339
DEEFRT;28130
DEEFRY;13385,28130
DEEFSS;13348,13375,21420,23723,27379,28027,28045,28047,28049,28108,28122,28128
DEEFSU;9020,13388,13397,28123
DEEFTT;13337
DEEFTW;13350,28111
DEEFUZ;
DEEFZZ;
DEEGGI;13400,13401,21370,28029,28133,28137
DEEGGK;13400
DEEGGL;21430,28137
DEEGGP;13406,27400,28133,28134
DEEGGR;13400,28133,28141,28142
DEEGGV;27780,28135,28143
DEEGHP;9029,13416,13417,13421,13423,27400,27782,28149
DEEGHR;28144
DEEGHS;13421
DEEGIJ;
DEEGIN;13455,28183
DEEGIR;
DEEGIS;21445,28217
DEEGIT;13455,21371,27781,27783,27792,28157,28183,28231
DEEGIW;
DEEGKR;1915
DEEGKS;13430,27803,28249
DEEGLL;28029,28038,28164,28190
DEEGLN;
DEEGLP;28174,28198,28199
DEEGLR;
DEEGLS;13483
DEEGLU;
DEEGLY;12833,27407,27409
DEEGMM;1916,28176
DEEGMN;
DEEGMR;13472
DEEGNN;13346,27784
DEEGNR;
DEEGNU;6498,28033,28151,28231
DEEGNV;
DEEGOS;6501,9048,9051,13406,13412,13426,13430,13469,13504,21445,21446,27280,27791,28226,28249
DEEGRS;21450,28263
DEEGRV;27814
DEEGRW;
DEEGRY;8971,12833,13485,13490,21432,23626,27814,28264
DEEGSS;27813
DEEGSU;9051,13410,13412
DEEGSW;13421,13483,21375,28249
DEEHIL;6506,9057,12831,13509,13526,13535,13536,13541,13542,27415,27817,27819,28276,28281
DEEHIR;20837,28316
DEEHLL;1060,5751,6388,6512,9052,13526,13578,21378,23760,27817,28043
DEEHLM;6513,8973,9055,9056,9057,12834,12919,13509,13587,13588,13589,28285,28324,28326
DEEHLP;1061,5524,6513,13247,13248,13527,13542,13587,13590,13595,27415,27420,27836,28276,28290,28291,28324,28330
DEEHLV;13526
DEEHMM;12919
DEEHMS;13554,21462,28050,28284,28285,28326
DEEHMT;8174,13550,13555,13557,13587,13589,21462,28332
DEEHNN;20839,21460,21461,22846,23527,23632,23764,23781,23790,27423,27424,27784,27785,27831,28149,28340
DEEHNR;3274,3308,13517,21378,21460,27844
DEEHNT;27781,27784,27820,27833,27836,27844,28158,28306,28332
DEEHPS;5524,6513,13527,13552,13554,13565,13616,21457,27420,28268,28279,28290,28301,28303,28304,28305,28344,28345
DEEHRR;27746
DEEHRS;
DEEHRY;5756,13551,13593,23787,27432,27840,28316,28334,28338,28347,28354
DEEHSW;8177,13421,13512,20842,22843
DEEHTW;13350
DEEHWW;
DEEHYY;
DEEILM;21384,22859,23845,27753,28494,28497
DEEILR;
DEEILS;27877
DEEILV;9124,13526,13535,13684,23642,23796,23797,23803,28276,28498
DEEILX;13362,13739,13741,20847,21386,27875,28540
DEEILY;27875,28291,28293
DEEIMN;
DEEIMP;23648,23867,27827
DEEIMR;23879
DEEIMS;6508,13402
DEEIMT;23880,28589,28590
DEEIMV;6508,13760,13767,13772,20640,27895,28360,28361,28470,28498,28502,28571
DEEINN;21468,22839,23647,28378,28594
DEEINP;13788,27415,27434,27479,28033,28183,28268,28269,28306,28307,28419,28427,28608,28617,28628
DEEINR;
DEEINS;28268
DEEINT;27781,28306,28608
DEEINV;21305,28078,28302
DEEIOR;9163,13657,22825,23521,23819
DEEIOV;13535,13767,28199,28229,28276,28302,28320
DEEIPR;13657
DEEIPS;13788,28268,28415
DEEIPZ;6549,13554,13657,13659,13680,13784,23827,23888,27827,27863,27926,28174,28209,28269,28307,28481,28539,28611,28683
DEEIRS;
DEEIRT;
DEEIRU;6535,13340,13681,13817,23879,28539
DEEIRV;
DEEIRW;
DEEISS;28045,28452
DEEISV;
DEEISW;13547,22843,22862,23502,28480
DEEISX;13739
DEEISZ;9178,13352,13365,13717,13793,23815,23899,27449,27790,27877,28046,28209,28300,28449,28454,28515,28590,28625
DEEITV;27855,28361,28448,28453,28454
DEEITX;6542,13362,21386,27343,27389,28183,28691
DEEIVW;6552
DEEIWZ;21497,28481
DEEJKR;8980,9180
DEEJLL;
DEEJSS;13409,13658
DEEJST;12970,13844,21381,27453,28247,28465,28466
DEEJTT;
DEEKKL;28367,28695
DEEKLP;28473,28695
DEEKLW;1933,1934,20858,27933,27934,28473
DEEKMP;8981,13850,23836
DEEKMS;
DEEKNN;23929,27787
DEEKNR;28108,28695
DEEKNT;21433,23932
DEEKOV;
DEEKPP;8982
DEEKPR;13211,22833,28368,28473
DEEKRV;5771,9102,22858
DEEKRY;9182
DEEKSW;5770,20858,21521,22843,28249
DEEKSY;23722,28697
DEEKUY;23777
DEELLM;13670,13673,21478
DEELLP;21480,28372,28481
DEELLW;28481
DEELLY;23545,27832,28706
DEELMR;28494
DEELMS;28326
DEELMT;21398,23672,27351,27753,28113
DEELMU;23941,28705
DEELMW;13884,21398,21484,28375,28502
DEELMY;27351,27393
DEELNR;23947,28325,28695,28726
DEELNS;
DEELNT;27351,27354
DEELNW;6498,6534,13229,13346,13707,13884,27763,27933,28110,28325,28383,28705
DEELNY;3361,6570,9182,13902,21522,22826,23949,27329,27351,27354,27376,28714,28715
DEELOO;6389,8862,12979,13380,21430,21493,22859,22868,23850,23859,23943,23947,23951,23955,27510,28116,28137,28158,28172,28197,28287,28330,28733
DEELOP;6562,13590,23727,23753,23851,27836,28174,28481
DEELPP;9125
DEELPR;
DEELPT;23727,28733
DEELPX;1068,6461,6570,9217,23679,27875
DEELPY;6562,6570,13247,27875,28291
DEELRS;
DEELRU;13599,13737,13738,28400
DEELRV;
DEELRW;23787,28325
DEELST;
DEELSU;6565,13739,13741,27876,27877
DEELSV;23796,23803,28086
DEELSW;20858,21300,21484,22862
DEELTT;23754,27838
DEELTU;3364,6575,9186,21398,22824,28699,28733
DEELTW;13350,13707,23787
DEELUX;13739,13741,13885
DEELVV;13684,28191
DEEMNN;3369,8968,13215,13749,13750,13932,23601,23647,23648,23867,27468,27711,27807,27963,28113,28404,28548,28745,28746
DEEMNO;13417
DEEMNR;28121
DEEMNS;21536
DEEMNT;
DEEMOR;
DEEMOT;9141,13473,13550,13669,13767,27730,27947,28409,28580
DEEMOU;9225,12976,13473,23789,28098,28573,28581,28693,28761
DEEMOV;13767,20640,28498,28502
DEEMOW;13384,13766,13884,27769,28461,28502
DEEMPR;28745,28753,28762
DEEMPT;8981,9222,13295,28335,28745,28757,28762
DEEMPU;13602,27827,28693
DEEMQU;3372,3373,28581
DEEMRS;
DEEMRT;28118
DEEMRU;13640,23874,28693
DEEMRY;6460,6526,13670,27393,27945,28334,28338,28497,28569,28577,28584,28762
DEEMSS;27834,27835,28252
DEEMST;28585
DEEMSU;28247,28573,28581
DEEMSW;21484,27756,28375,28461,28502,28568,28748
DEEMSY;3196,28569
DEEMUY;20774,28584,28715
DEENNO;12922,22839,22868,23621,23647,27377,27476
DEENNP;3176,3197,12922,12992,13605,23499,23962,27361,27515,28768
DEENNR;3197,3274,3320,9013,9061,13368,13779
DEENNT;27784
DEENNY;27458,28378
DEENOP;13417,23851,28307,28715
DEENOR;13517
DEENOS;13469,13660,27983,28230,28341
DEENOT;13496,23978,23981,28231,28627
DEENOV;21541,21542,23782,23887,27733,27986,27987,28199,28302,28620,28795,28796
DEENPR;28121,28694,28695,28798
DEENPX;1068,6461,6570,13794,13885,23605,23657,28183
DEENRR;13842,13896,13945,23602,27740,27939
DEENRS;
DEENRT;13925,28056,28067,28077
DEENRU;21522,28325,28695,28798
DEENRV;21305,21541,23749,23887,27399,27484,28035,28078,28079,28798
DEENRY;21522,22871,23533,23701,23975,27432,28077,28334,28347,28569,28619,28636,28798,28803
DEENRZ;3361,12911,13448,13480,13500,13631,13713,13714,13803,21453,23813,28435,28632
DEENSS;
DEENST;
DEENSU;1648,3375,21360,23769,28341,28591
DEENSW;28128,28351,28748,28769,28775,28781
DEENSY;8190,13429,13518,28230,28242,28268,28313,28345,28569,28636,28788,28803
DEENTT;21543,23978,23981,28124,28342
DEENTU;21538
DEENTV;28751
DEENTX;1948,6464,13003,13320,13496,13794,21386,23695,28183
DEENUV;9064,13278,21541,27399,28078,28262,28751,28785,28798
DEENUY;6595,6597,13902,20774,21522,22871,28619,28715,28798,28803
DEEOPP;13004,14004,28608,28654,28658,28761
DEEOPS;13412
DEEORS;
DEEORT;20833,22825,23819,28007
DEEORV;27733
DEEORZ;13486,13505,13657,13729,21497,28411,28659
DEEOSX;13594,13928,28091,28230
DEEOTV;13767,28320,28751
DEEPPP;
DEEPPR;22856,27922,28003,28654,28658
DEEPRS;
DEEPRU;27471
DEEPRV;28804,28808
DEEPRY;6591,9248,22834,23901,28003,28316,28577
DEEPSS;
DEEPSW;21457,27985,28480,28579,28657,28662
DEEPSY;13247,13518,23722,23901,23956,28112,28268,28345,28636,28677,28788
DEEPTT;27976,27993,28419,28427,28617,28788,28816,28821
DEEPTU;8194,13794,13975,28427
DEEQUU;21531,23790,28628,28637,28684,28789
DEERRS;
DEERRW;21546,27765,27843
DEERSS;
DEERST;
DEERSU;
DEERSV;
DEERSW;
DEERSY;3196,28239,28242,28347
DEERTT;
DEERTV;
DEERTX;
DEERVV;
DEESSS;1076,9261,12973,13854,14028,23734,23840,23937,23990,27897,28244,28252,28359,28589,28703,28743
DEESST;28023,28045,28812
DEESSU;12929,13963,27375
DEESSW;6518,9088,13620,13835,13998,14023,14025,14026,21514,23841,27847,28016,28128,28351,28682,28769,28775,28781,28812
DEESSY;27832,27835,28211,28356,28677
DEESTT;28816
DEESTU;22874,23779,23918,28129,28573
DEESTV;3368,23832
DEESTW;28748,28775
DEESTX;
DEESTY;21530,23993,27409,28345,28376,28788
DEESTZ;9178,13646,13717,13793,13830,13841,23815,23916,27915,28046,28300,28397,28439,28454,28554,28590,28598,28664
DEESUX;13739,27767,28665
DEESWY;1954,9260,13547,14015
DEETTV;14013,28737
DEETTW;23981,28811,28826
DEETTX;3338,9164,9179,13266,13320
DEETUV;3339,13825,21498,28320,28751
DEETWY;23787
DEFFFU;
DEFFGO;
DEFFHU;6476
DEFFIM;
DEFFIN;24004,28837
DEFFIO;28834,28837
DEFFIR;28829,28833,28837
DEFFIT;3386,9264,13337,28833,28834,28837
DEFFIV;
DEFFLU;27526
DEFFLY;9006,27376
DEFFMU;
DEFFNO;
DEFFOR;1079,28834
DEFFPU;
DEFFRU;28028
DEFGGI;
DEFGGO;
DEFGGU;
DEFGIR;
DEFGIS;27531,28838,28850
DEFGIT;
DEFGLO;13013,28841,28843,28864
DEFGLU;28839,28843
DEFGLY;9273,14042,28848
DEFGOO;28864,28866
DEFGOR;28843
DEFGOS;3390,14036,14052,24009,27531,28865,28867
DEFGOW;28864
DEFGSU;14050,21554,28865
DEFGUU;14055,21554,28843,28863
DEFHIS;23557,27745,28869,28871
DEFHMU;14074
DEFHOO;14057
DEFHOU;9278,14074,27536,28843,28882
DEFHOW;27747
DEFIKN;6479,9288,22875,23522,24007,28894,28915
DEFIKR;6479,9265,20863,23616,24007,28834
DEFIKS;28869
DEFILL;28839
DEFILM;6611,9291,14060,14095,14096,27753,28920,28921,28923,28924
DEFILO;6608,22876,23714,24020,27538,28089,28090,28834,28841,28887,28901,28902
DEFILR;24020
DEFILS;21559,28838,28886,28899,28916,28917
DEFILT;
DEFILX;13362
DEFIMR;27756,28870,28877
DEFIMS;24021,28922,28923
DEFINN;27755,28053,28054,28873,28890,28891
DEFINO;3395,13369,13370,14046,14047,14083,14108,14109,21558,28039,28090,28101,28102,28103,28862,28908,28942
DEFINR;21558,24014
DEFINS;28838,28908,28916
DEFINU;14108,23720
DEFIOO;14109,14116,24026
DEFIOT;3395,9264,9293,9296,9300,14047,14108,22876,27389,28834,28920
DEFIRT;725,1080,9293
DEFIRV;13022,13210,14069,24026,28048,28105
DEFIRZ;14096,21558,28924,28937
DEFIST;
DEFISX;14115,27541,28080,28091
DEFITT;5787,13337,14051
DEFIZZ;28892
DEFJLS;
DEFKLU;28828
DEFKNU;27547
DEFKOR;14118,28108,28834,28915
DEFKSU;28893
DEFKSY;23722
DEFLLU;28839
DEFLMU;9291,28088,28089,28923,28924,28948,28951
DEFLMY;14119,27393,28921,28948
DEFLNO;1959,14120,28110,28948
DEFLOO;
DEFLOR;
DEFLOT;28875
DEFLOU;28948
DEFLOW;14130,14132,28956
DEFLOY;24017,24028,28899,28921,28948,28954,28956
DEFLPY;23722,23727,28112,28919
DEFLRU;
DEFLST;3405,14137,27766,28881
DEFLTU;28839,28888,28905,28907
DEFLTY;9006,14121,14137,23727,27766,28956
DEFLUU;9305,21550,21564,21565,28881
DEFLUX;
DEFMOR;
DEFMRS;311,27756,27771,28877
DEFNNO;1959,3390,13379,14108,14120,14140,23560,23621,23730,24031,27377,27772,28039,28113,28123,28890,28939,28951
DEFNNU;6612,13388,14092,14099,14108,14140,23560,24030,24031,27283,27377,28118,28123,28851,28873,28891,28951,28960
DEFNOR;21558,28102,28108
DEFNOU;14074,14108,14117,24005,24022,28110,28948,28951
DEFNOY;22877,23725,24017,24027,24028,27376,28921,28948,28954,28956
DEFNRU;
DEFOOR;
DEFOOT;
DEFOOW;14130,27297
DEFOPP;
DEFOPU;14140,23732,24016,28913,28940,28958,28961
DEFORT;28130
DEFOSS;23723,28103,28108,28878,28944
DEFOST;3405,28881
DEFOSW;14075,14133,21425,23623,27747,28051,28880,28914,28917,28955
DEFRRU;3391,6616,9024,28028,28081,28882
DEFRSU;21315,24036,28934
DEFRTU;6605,14143
DEFSSU;3392,14143,14149,21567,27542,28910
DEFSTU;13219,13388,14138,14143,21554,24036,28123,28129,28881,28962
DEFTTU;9305,9308,14051,14131,14135,14150,28907
DEFTUZ;28942
DEFUZZ;28892
DEGGGI;14151,14152
DEGGHO;6621,13399,14155,27400
DEGGHU;6484,14155
DEGGIJ;14151,14152
DEGGIL;3411,13400,28136,28137,28984
DEGGIN;3412,3413,3415,14159,21370,21574,27299,28990
DEGGIO;14152,14153,21574,27299,28137,28970,28972,28986
DEGGIP;13406,14164
DEGGIR;
DEGGIT;3410,13401,14161,21574
DEGGIW;28133
DEGGIZ;3415,3417,14159,28137,28990
DEGGJO;14152
DEGGJU;
DEGGLO;
DEGGLU;21316
DEGGMO;28993
DEGGMU;
DEGGNO;1084,14153,27299,28970
DEGGNU;14173
DEGGOR;
DEGGOS;
DEGGOT;1084,6626,21574
DEGGOU;6627,13026,14155,21316,21576,28992
DEGGPU;28980,28983
DEGGRU;14155
DEGGRY;21432
DEGGSU;13412
DEGGTU;28992
DEGHHI;3419,6628,9311,14176,22878
DEGHIN;24046
DEGHIR;
DEGHIS;24046,29013,29023,29027
DEGHSU;1086,3203,3423,24042,24046,27555,29016,29019
DEGIIK;24049,29060
DEGIIM;21589,29002
DEGIIN;28033
DEGIIR;22879,24066,28133,28175
DEGIIW;28133,29001,29039
DEGIKN;21599
DEGILL;28190
DEGILM;9323,14265,14266,29115
DEGILN;
DEGILR;22879
DEGILS;
DEGILU;28971
DEGILY;3438,13029,14293,22879,24071,24076,27407,27409,29011,29130
DEGIMN;1087,21589,29044
DEGIMP;29002,29124,29152
DEGIMR;21607,29115,29152
DEGIMS;21445
DEGIMT;21581,21589,27792,28177,29040,29083
DEGINN;27299
DEGINP;13456,14305,21318,24062,28033,28182,28183,28980,28983
DEGINR;
DEGINS;
DEGINT;24094,27792
DEGINW;
DEGINY;
DEGINZ;28170,28197,28232,28242,28990,29044,29054,29068,29105
DEGIOO;13027,14183,14288,27574,28137,28172,28197,29143
DEGIOS;9347,14308,24039,27582,29013,29027
DEGIPP;28198,29002
DEGIPR;13437,21318,21590,24061,28149,28175,28182,28220
DEGIRR;13452
DEGIRS;29013
DEGIRT;21371,24094,27792
DEGIRU;28157
DEGIST;21587
DEGISU;28971
DEGITT;13408,13455,14051,14194,14279,21597,28037,28154,28155,28190,29029,29092
DEGITU;21581,28156
DEGITW;
DEGJRU;6653
DEGJSU;6654
DEGJUY;
DEGKLU;
DEGKNU;14354
DEGKOR;3455,14255,14355,21601,29115
DEGLLU;21316,21576,29186
DEGLNO;21577,28993,29188
DEGLNU;
DEGLNY;24071,24076,27407,27572,27573,27585,27586,29130,29188,29190
DEGLOO;6657,20648,24077,24096,27574,28171,28172,28196,28197,28864,29060,29136,29143,29145,29146,29195
DEGLOP;
DEGLOR;13031,27586,28843,29195
DEGLOS;13483,14052
DEGLOV;28199
DEGLOW;27574,28864,29014
DEGLOZ;3431,6641,13486,14265,14281,14288,28137,28172,28174,29068,29143,29148,29192
DEGLPU;
DEGLRU;28843
DEGLSU;
DEGLSY;6643,14356,21551,21587,24076,27407,27409,29011,29123,29194
DEGLUY;14200,14271,24071,24076,27573,27586,29072,29130,29134,29194
DEGMMU;
DEGMNO;13417,24098,27557,29031,29184
DEGMNU;21573,21589,21606,24098,27557,29031,29151,29153,29184,29187
DEGMOR;14202,24098,29031
DEGMOS;5794,21445,28216,28994,29196
DEGMPU;29184
DEGMPY;14202,29069
DEGMRU;24098,29031
DEGMSU;14308
DEGNNU;29189
DEGNOO;3455,9356,14369,20648,21449,21599,28197,28866,29198,29204,29206
DEGNOP;
DEGNOR;
DEGNOT;23625,29198
DEGNOW;29202
DEGNRU;
DEGNSU;
DEGOOP;9359,14326,14370,14378,14379,27400,29037,29169,29202
DEGOOS;14052,14171,20649,21323,28867,28995,29194,29210
DEGOPR;9359,14202,28263,29037
DEGOPS;9051,9359,14379,14381,21617,28263,28867
DEGORR;610,13048
DEGORS;29013
DEGORT;23625,28264
DEGORU;1649
DEGORV;27814
DEGORW;21579,29037,29210
DEGOSS;29023
DEGOST;24067,24093
DEGOSW;13483,21616,27582,28249,28259,29035,29110,29201,29202,29203,29207,29210
DEGOSY;9358,14356,14368,21593,24093,29013,29123,29176,29182,29194
DEGOTU;
DEGOUV;28258,29204
DEGPPY;
DEGPRU;
DEGPSU;9051,13412,14308,21451,29207
DEGRSU;
DEGRSY;6503,14293,14368,21551,29013,29182,29209
DEGRTU;13506,28157
DEGSTU;
DEGTTU;14051,14208,29029,29206
DEHHIS;3212,3419,6660,13053,28266,29220
DEHHSU;14397,27590,29223,29229
DEHIIM;3480,3481,14398,14406,21619,23703,24116,29237,29240,29251
DEHIKO;14416,27596,29269,29270
DEHIKT;29011
DEHILL;13526,27817,28043,28839
DEHILS;27301
DEHILT;3485,6666,14058,14398,14405
DEHILW;13350,14405,27593,27819,29014
DEHIMN;3184,3213,3480,13059,23762,24123,27824,28267,29251
DEHIMO;24126
DEHIMR;29221
DEHINO;13059,14411,27596,29214,29233
DEHINR;24119
DEHINS;
DEHINT;1982,13537,13539,13564,14411,24119,24143,27820,28306,29214,29215,29233,29279,29304,29306
DEHINW;3496,14462,27593,27596,27819,29214,29215,29260,29269,29272
DEHIOO;13059,14183,24126,24137,27596,29238
DEHIOR;6631,13541,14421,21579,28316,29217,29282
DEHIOS;8896,14478
DEHIOW;6631,21579,28156,29014,29214,29269,29272
DEHIOX;28316
DEHIPP;29282,29293
DEHIPS;27826,29325
DEHIPT;27603,28291,28303,28306,28875,29305,29306,29325
DEHIRS;
DEHIRT;
DEHISS;13053,21623,28879,29025,29222,29237,29312
DEHIST;6411
DEHISW;1985,27593,28147
DEHITT;1099,13561,14406,14488,27783,28155,28277,28287,28293,28320,28322,29024,29233
DEHITW;13350,14405
DEHIZZ;
DEHJOS;14492,21631,29330
DEHKLO;14416
DEHKLU;13245
DEHKNO;13068,14493,24123,27596,29269
DEHKOO;27596,29269,29270
DEHKOR;22845,24151,29269,29270
DEHKOW;3507,14416,22845,27596,29269,29270
DEHKSU;
DEHKTY;9405,29011
DEHLLU;13245,28839
DEHLNO;8206,14498,14504,21634,24153,27836,28158,29030,29214,29224,29276,29336,29338
DEHLOR;1652,3487,3488,9316,13031,13069,13399,13574,13595,14421,14497,14500,21326,27536,28843,29217,29224,29282,29333,29336
DEHLOS;23775,28326
DEHLOT;21634,27836,27838
DEHLOW;14416,14509,29014,29214
DEHLPS;27301,28327,28331,29335,29339,29340
DEHLPU;14404,14439,24132,29240
DEHLRU;13596,14421,14439,28325,28843
DEHLSU;24042,29016,29223
DEHMMU;12919,29250,29352
DEHMNO;9383,9416,13417,23762,23788,24123,27557,28267,29031,29251
DEHMNU;13244,14074,14513,27557,29031
DEHMNY;14501,28334
DEHMOS;22848,28050,28326,29330,29335,29358
DEHMOT;3507,6675,14503,14517,29227,29359
DEHMPU;13602,27826,27827,29240,29250,29252
DEHMRY;5800,28334,28338,29351,29359
DEHMSU;9402,27826,28871,29250,29330,29352,29358
DEHNOO;8903,21637,21638,24137,27429,27589,28158,28323,29337,29366
DEHNOP;13417,23788,27836,29228,29336,29366
DEHNOR;3202,13068,13069,13517,14493,21460
DEHNOS;9424,13516,14390,14392,24162,28332
DEHNOY;3520,8206,14504,24153,27589,29228,29336,29366
DEHNRU;28325
DEHNSS;24154,27424,27429,27602,28339,28340,28351,29025,29307,29312,29360,29367
DEHNSU;
DEHNSY;3423,13518,14400,14468,14470,28268,28313,28872,29254
DEHNTU;21634,22883,23564,27833,28153,29024,29215
DEHNYY;
DEHOOP;27400,28352,29228,29293,29315,29336
DEHOOS;21638,24166,27429,28341,28352,29368,29370
DEHOOT;14057,14205,24161,29227,29357
DEHOOV;6686,14529,24137,28302,29238
DEHOPP;28343,29293,29366,29378
DEHOPS;14478,24120,24166,24167,28327,28344,29263,29325,29330,29340
DEHOPY;3520,6689,14190,14197,14393,14503,24131,24140,24158,24166,24167,28291,28316,29217,29228,29230,29258,29263,29282,29306,29323,29325,29336,29340,29341,29366,29378,29379
DEHORS;1043,14206,24166,29358
DEHORT;13074,29227,29230,29333,29357,29359
DEHORW;6631,21579,29037,29269,29379
DEHORX;13517,21639,28316
DEHOSS;6687,9403,9415,12929,13604,13620,14478,14530,27429,27845,28339,29222,29312,29360
DEHOST;28345
DEHOSU;6693,29330,29352,29358,29380
DEHOSV;9278
DEHOSW;14509,29330
DEHOTT;9085,9412,9419,9438,14496,14513,20871,21634,24147,27821,27838,28277,28293,28320,29024,29233
DEHOTU;14496,21634,21639,28349,28882,29381
DEHOWW;14525
DEHPPU;23793,28358
DEHPPY;28343,28358,29282,29366,29378
DEHPST;20870,24120,24139,24167,28279,28303,28344,28345,28875,29277,29305,29325,29340,29361,29374,29385
DEHPSU;24167,27826,28344,28358,29250,29330,29358
DEHPSY;6689,13247,13518,14531,28268,29262,29325,29340
DEHRSS;21623,28877,29025,29237,29260
DEHRST;23629,23779
DEHRSU;14206,29352,29358,29380
DEHRSW;29260
DEHSSU;12929,14527,21379,28357,28879,29377,29380
DEHSTU;28879
DEHTTU;9075,9085,9419,9438,20871,21634,24144,27844,28320,28322,29024,29029,29381,29383
DEHTTY;14488,14510,27838,28293,29378
DEIIKN;13625,14551,22875,23801,24049,24184,27610,28367
DEIIKR;14077,29237
DEIIKT;13525,24099,24185
DEIILL;1109,3394,8159,9368,9446,13526,14539,14555,14560,14561,20873,21645,28043,28372,29236,29238,29434
DEIILP;3222,6706,9369,13016,14402,14404,14405,22893,23617,23753,24109,24114,24185,27415,27592,28174,28175,28276,28372,28389,29434
DEIIMS;28360,28412,29237,29255,29408,29442,29472
DEIINO;9330,9331,9476,14408,14572,21591,21645,23558,27570,27592,29483,29499
DEIINS;
DEIINT;
DEIINV;9327,21468,21645
DEIINY;8211,9477,14401,21596,22838,28367,28895,29050,29258,29427
DEIIOS;24039,24106,28440,29255,29512
DEIIOZ;23818,24040
DEIIPR;21318,21590,24014,24062,27571,28980,29111,29251
DEIIPT;3222,3543,6706,8866,9450,14239,14405,14625,24051,24114,24181,24186,27444,27855,28183,28361,28366,28372,28389,28402,28419,28420,29092,29414,29423,29431,29482,29495,29512,29513,29519
DEIIRS;27304,27435
DEIIRT;14557,27744
DEIISS;21332,21420,21623,23638,23828,23831,24002,24190,27622,28401,29237,29400,29408,29458,29519
DEIIST;14160,21587,29077,29397,29519
DEIISV;14594,14596,14645,14661,21380,24204,24238,29408,29433
DEIISX;9457
DEIIVZ;13655,14596,14616,14657,24177,27632,28399,28454,29434
DEIJKN;9288
DEIJLT;2011
DEIJNO;28461
DEIJNX;
DEIJOS;13656,14664,28461
DEIJRR;13624,27779
DEIJRS;23835,27304,27453,28467
DEIJRU;27453
DEIJSU;9054,14664,21381,23835,27304,27453,28467
DEIKKN;9288,14665,27610,28367,28468
DEIKKR;24240,28468
DEIKLL;3394,5785,20776,29236
DEIKLM;13625,14667,27637,29115
DEIKLN;
DEIKLO;14551,20776,20880,22900
DEIKLR;13400,22858
DEIKLS;
DEIKLT;
DEIKNO;14255,14551,14665,22875,24123,24187,27596
DEIKNP;
DEIKNR;
DEIKNT;14665,24123
DEIKNV;14675
DEIKNW;5731,27596,27610,27639,27787
DEIKNY;14665,14666,28367
DEIKNZ;1111,14551
DEIKPP;24188,24250
DEIKPS;9103,24051,24186,24242,24243,28368,29534
DEIKRS;
DEIKRU;28468
DEIKRY;20821
DEIKSS;13626,14538,14552,22842,27620,28476
DEIKST;
DEIKSV;14256,14675,29532
DEIKTT;5787,24250,24251
DEILLL;24253,29535
DEILLM;3549,6523,13431,13672,21478,27572,27621,29536
DEILLN;3428,3550,6452,13017,13667,13675,13676,14214,14420,14539,14681,14682,14685,14686,21645,24068,24254,27572,27641,27719,27817,28164,28996,29057,29062,29063,29065,29066,29118,29426,29523,29525,29536,29538,29540,29542
DEILLO;14682,21480,21670,28372,29538
DEILLP;21480,27863,28372,29434
DEILLR;
DEILLT;21665,21670,27863,28372,28839,29065,29121,29538
DEILLU;29434
DEILLW;6420,13355,27574,27858
DEILLY;21668,24253,27641,27642,28895,29239,29436,29525,29536,29538,29542,29543
DEILMN;27753,28491,28920,28921
DEILMO;28920,29551
DEILMP;
DEILMR;3558,3559,6642,9323,9452,14266,14699,27865,28494
DEILMS;
DEILMT;1119,3549,5533,13102,13694,14266,14699,14724,14731,20882,21478,21486,21665,27753,28494,28920,29551
DEILMW;13536
DEILNN;23848,28378,29276
DEILNO;3572,12849,21645,27592
DEILNR;2018,2026,3572,3574,3576,12849,24068,24193,24197,24261,24263,29243,29540,29561
DEILNS;
DEILNT;8229
DEILNW;21560,28383,28928
DEILOO;14288,27574,28137,28172,28287,28529,29143,29544
DEILOP;27592,28276,29276
DEILOR;
DEILOS;
DEILOT;9037,9333,20880,29121
DEILOV;14572,23642,28199,28276
DEILPP;
DEILPS;
DEILPX;14553,27875,28540,29283
DEILRS;28937,29398
DEILRT;
DEILRV;
DEILRW;
DEILRY;22879,24131,24132,29217,29282
DEILSS;29145,29400,29451,29458
DEILST;
DEILSV;23803,29403
DEILSW;22862
DEILSY;20881,29239,29403
DEILTT;13102,23754,29544,29558
DEILTU;14398,14562,14731
DEILTW;13350,14405,27720
DEILWY;29543
DEIMMN;1087,2016,3601,9133,9542,14082,14663,14780,21499,24275,24277,24278,28402,28491,29249,29586
DEIMMR;
DEIMMU;14562,24275,24277,24278,29586
DEIMNO;28920,29551
DEIMNP;23648,23867,27851,29240,29406
DEIMNR;29044,29406
DEIMNS;
DEIMNT;24123,24206,28920,29040
DEIMOR;29477
DEIMOW;29607,29608
DEIMPP;28585,29609,29616
DEIMPR;29406
DEIMPU;27827,29240
DEIMPW;
DEIMRS;
DEIMRT;21664,29220,29221,29607,29608,29618
DEIMRV;9452,9558,13772,14829,24212,27786,27895
DEIMSS;29237,29408
DEIMST;
DEIMSU;28871,28971,29468
DEIMTU;27894,28584,29607
DEINNO;23647,27299,27638,28039,28972,29557
DEINNP;14543,29299
DEINNR;
DEINNS;
DEINNT;3541,14842
DEINNU;
DEINNW;6733,13779,14088,27638,28594
DEINNY;6734,8232,9477,9560,14703,14795,14842,22877,23848,23867,27458,28378,28925,29538
DEINOP;22908,23851,29539
DEINOR;
DEINOS;
DEINOT;14665,28942
DEINOV;21645,24137,27482,27632,28199,28302,28620
DEINPP;24188,28608,28628
DEINPR;28911,28980,28983
DEINPS;
DEINPT;27899,28183,28931,29092,29569
DEINPU;6762,9284,13794,22908,24275,27485,28033,28307,28468,28628,28911,28980
DEINRS;
DEINRT;
DEINRU;
DEINRV;23749,27867,27871,27916,28517
DEINRW;2056,3578,3626,14663
DEINSS;
DEINST;
DEINSU;14464,29589
DEINSV;24308
DEINSW;
DEINSY;23899,24283,28268,29588,29589
DEINSZ;13717,13793,14098,14470,27790,27798,27870,27915,28242,28515,28611,29052,29631
DEINTT;29092,29233,29558
DEINTU;
DEINTV;29566
DEINTW;3626,14871
DEIOOR;14102,14109,27303,28529,29520,29544,29637
DEIOOW;27297,27574,27596
DEIOOX;8240,24226,29146,29637,29644
DEIOOZ;14288,24126,28137,28172,29143,29441
DEIOPP;9393,13126,14402,24109,24130,24250,24258,28198,28389,28530,28608,28654,28658,29293,29482
DEIOPR;3631,13657
DEIOPS;
DEIOPT;27603
DEIORS;
DEIORT;29608
DEIORV;
DEIORW;6631,13814,14819,21579
DEIORZ;13657,23747,23888,28924
DEIOST;
DEIOSV;1662
DEIOSX;28091,28230,29146
DEIOTT;9164,20871,28155,28320,29233,29558
DEIPPP;27800,28321
DEIPPR;27922
DEIPPS;28677
DEIPPT;3636,14625,24250,29482
DEIPPY;9125,9486,28677
DEIPPZ;
DEIPQU;3621,3631,14691,14757,28440,29569
DEIPRS;
DEIPRT;
DEIPRZ;6549,13568,13657,13659,14616,14657,14693,14891,23827,23888,24233,27926,28539,28580,28611,28683,29148,29429
DEIPSS;
DEIPST;
DEIPSU;28440
DEIPSV;14614
DEIPSW;13121,14385,21457,28480,29676
DEIPTT;330,3338,3591,3636,13266,29092
DEIPTU;6762,13794,29569
DEIPUV;13825,14748,14867,24312,28539,29434
DEIQRU;
DEIQSU;3621,14464,27876,27877,28412,28440,29444,29458
DEIQTU;
DEIRRS;
DEIRRT;
DEIRRU;6616,14893,28081
DEIRRV;
DEIRRY;3241,6755,13572,14348,14488,14651,14816,14824,14825,21621,21622,27879,28577,28619,28679,29605
DEIRSS;21623
DEIRST;
DEIRSU;28937
DEIRSV;
DEIRSW;
DEIRTT;28322,28691,29618
DEIRTU;9494,14893
DEIRTV;29668
DEIRTW;21694,29607,29608
DEIRWY;14895
DEISSS;23895,24224,27602,28625,28641,28901,29267,29312,29393,29408,29443,29486
DEISST;
DEISSU;9599,29400,29458
DEISSW;14107,14886,21514,23841,28682,29675,29676
DEISTU;
DEISTV;23620,24308
DEISTW;
DEISTZ;614,1130,3399,3615,6710,9178,13646,13717,13793,13830,13841,14160,14569,23815,24237,27915,28046,28397,28554,28590,29009
DEISVW;14295,14675,14892,27928
DEITTT;3636,9483
DEITTU;9179,13114,14783,20871,21517,24144,24251,27665,28320,28322,28570,28646,28691,29029,29409
DEITTW;21694
DEIZZZ;
DEJKNU;
DEJKOO;2066,5834,9180
DEJKOU;
DEJLLO;9618,14897
DEJLOS;14492,21631
DEJLOT;28992
DEJLOU;28992,29184
DEJLOW;
DEJMPU;28693,29184,29330
DEJOTT;9619,28465,29185
DEJSTU;6654,14898,21381,27453
DEJTTU;14898
DEKKNO;14665,29695
DEKKOO;6770,24323,29695
DEKKOS;6769,13660,21663,28697,29522
DEKKOY;14665,28697,29695
DEKKRY;28697,29695
DEKKUY;
DEKLOO;14902,20880,21644,22774,24324,27667,29060
DEKLOP;
DEKLOS;23776,24101,24324
DEKLOY;22866,28948
DEKLRU;13845,21519,28022,28699,28828
DEKLSU;
DEKMOS;14667,14903,27637,29528,29697
DEKMRU;13845,13850,21700,28699
DEKMSU;9402,14353,23928,29696
DEKNNU;
DEKNOP;23837,29700
DEKNOS;6554,28108
DEKNOT;14665,24123
DEKNOY;14665,22915,29695
DEKNOZ;14551
DEKNRU;21700,29699
DEKNSU;29527,29696
DEKNSY;
DEKOOR;3455,13860,14355,28702,29269,29695,29701,29702,29704
DEKOOS;6773,13860,20891,21521,21600,21644,24101,24106,24124,24324,28702,29060
DEKOOT;20880,21664,29700
DEKOPR;9184,9620,14904,14908,24240,27936,29534
DEKOPS;9401,9623,14669,23837,24243,29534
DEKORS;616,21521,28108,29693,29694,29703
DEKORT;21664,27934,28834
DEKORW;21601,24323,27933,27934,28473,29270,29534,29701,29702,29704
DEKORY;9625,14355,14908
DEKOST;27637
DEKOSU;6674,21600,21663,22899,24243,24245,24326,29703
DEKOTU;24245,24251
DEKOUY;
DEKRSU;6655,14353
DEKRSY;28697,29013,29694
DEKRUY;
DEKSTU;6655,23779
DEKSTY;9405,9625,28697
DELLLO;14910,28109,29705
DELLLU;6558,9186,14911,24253,27937,28109,29535,29705
DELLMU;28705,28707,29696
DELLNU;3650,5538,13865,13874,14914,20857,21522,23670,27940,28705,28949,29426,29696
DELLOP;6562,8224,13875,14682,21480,27642,28372,28950
DELLOR;
DELLOT;13674,13870,13875,14682,21480,21665,21670,27502,28372,28707,29014,29118,29121,29274,29538
DELLOU;6780,14914,14917,21316,21576,21665,21670,21706,27502,28705
DELLPU;3650,6565,13869,14195,14357,14690,14691,14694,14911,27940,28950,29423,29433,29434
DELLRU;21576,21706
DELLSW;
DELLUW;6420,28705,29039
DELLWY;29543,29708
DELMNO;3245,14902,14923,14926,21707,28920,28948,28951,28993,29184,29187,29188,29548,29551
DELMOO;14923,22859,23943,24126,24334,27669
DELMOR;
DELMOS;28326
DELMOT;3566,3647,3656,3664,5533,6675,6783,9197,13472,13694,13868,13883,13888,14123,14359,14500,14503,14724,14923,23672,27947,28113,28714,28920
DELMOU;21707,28705,28715,28948
DELMOY;13888,21707,27393,27669,28948
DELMPU;3659,29184,29240
DELMRU;
DELMSU;29696
DELNOO;14902,14923,14929,21577,28993,29187,29188,29224,29336,29717
DELNOR;22860,24068,24193,27933,29224,29336
DELNOS;
DELNOT;29707
DELNOU;14117,14914,14926,14931,28110,28705,28715,28948,28951,29338,29716
DELNOW;3657,13871,13884,14120,14902,21560,21671,27763,27933,28110,28705,28928,28949
DELNOZ;29192,29338
DELNRU;28325
DELNRY;21522,24027,24153,27585,28954,29336
DELNSY;29335,29337
DELNTU;22883,23950,28951,29707,29716
DELNUV;13278,13893
DELNUY;1139,3665,3666,6734,6739,14271,14666,14915,21522,21646,21707,24071,27329,27573,28715,28724,28925,28948,29072,29130,29134
DELOOP;23943,24158,28950,29276,29336
DELOOS;14052,14171,28995
DELOOT;14736,20880,21430,21704,21709,29121
DELOOW;
DELOPP;
DELOPR;24158,29336
DELOPS;
DELOPT;23676,23727,27836,28714
DELOPU;27508,28715,29184
DELOPW;13136
DELOPY;6562,6623,6779,6790,8230,13136,14436,22775,22893,23727,23851,24131,24158,28291,29217,29336,29341,29705
DELORR;1141,2082,3232,3487,3587,3663,6427,6736,8901,9526,9630,9648,13107,14955,21343,21491,21566,23677,27746,28952,28958,29554
DELORS;
DELORT;
DELORU;
DELORW;3657
DELORY;6738,6790,21668,21703,24131,24153,24158,27585,28954,29217,29282,29336
DELOSS;
DELOST;
DELOSU;
DELOSV;
DELOSW;28480
DELOSY;14492,29337,29710
DELOTT;27838,28956
DELOTU;29716
DELOTV;29566
DELOTW;29014,29218,29342
DELOTX;13362,14955,29730
DELOVV;
DELOVW;3672
DELOWY;21668,29708,29709
DELOYY;22866
DELPPU;3650,28733
DELPRU;1093,5837
DELPSS;2078,27944,29706,29720
DELPSU;
DELPTU;2089,3659,14911,29569
DELPUX;9217,13885,29283
DELRUY;6786,6807,13024,14439,14698,28724,28925,29134,29728
DELSSU;27622,27876,29400,29458
DELSTU;
DELSTV;3368,29566
DELSTY;9414,14948,14965,24343,29337,29340,29347
DELUVV;13684,13916,29557
DEMMMU;14966
DEMMOS;3655,13879,13928,14163,14920,14921,14967,20656,24325,27350,29352,29733
DEMMOT;3656,28740
DEMMOV;
DEMMPU;24275,29250,29590
DEMMRY;9655,29351,29588
DEMMSU;3679,29352,29733
DEMMUV;
DEMNOO;9659,14903,21717,22915,23871,28751
DEMNOR;
DEMNOS;29697
DEMNOU;28948,29184,29187
DEMNTU;29740
DEMOOP;23587,23943,24334
DEMOOR;
DEMOOS;
DEMOOT;22903
DEMOOV;
DEMOOZ;5540,23871,24126,29441
DEMOPP;24258,28574,28761,29609
DEMOPR;
DEMOPS;23968,29330,29335,29358,29713
DEMOPU;14301,23587,24275,24358,28693,28715,28761,29184,29330,29590,29737,29744
DEMOPY;14503,24333,28577,28762
DEMORR;29197,29359
DEMORS;29358
DEMORU;28693,28761,29744
DEMORW;3642,3657,6782,9558,13384,13884,27769,28747,29197,29607,29608
DEMOSS;3467,5838,9415,13129,14969,14970
DEMOST;14359
DEMOSU;3686,13410,21445,27528,28764,29330,29358,29610
DEMOSW;28748,29330
DEMOTT;9419,9657,14513,27961,27965,29744
DEMPPU;29529,29616,29737
DEMPRU;13602,28693
DEMPSU;29330
DEMPTU;3659
DEMPUY;28715,28720,29552
DEMRRU;29740
DEMRSU;24133,29693
DEMSSU;27967
DEMSTU;3373
DEMSTY;3688
DEMUZZ;
DENNOO;13133,14929,14983,21719,28256,28721,28722,28768,28769,29198,29746,29747,29748
DENNOS;3390,8902,13144,14390,14932,21719,24031,24322,29735,29746
DENNOT;29198
DENNOU;13970,23560,24031,24322,27377,28722,28723,29557,29624
DENNOW;14120,14835,21719,27638,28769,28775,29592,29748
DENNPU;3690,9671,12992,13146,13605,13869,13975,14140,14984,14988,21344,24362,27361,27515,27977,28776,29299,29624,29747
DENNRU;3691,5801,8934,9351,14933
DENNSU;24031,24337,27583,28722
DENNTU;3691
DENOOS;6811,21638,28271,28341,29229,29370
DENOOW;12851,23981,27667,29695,29701,29748
DENOOZ;21637,29192
DENOPR;
DENORR;27740,27939
DENORS;
DENORT;
DENORU;
DENORV;14635,21541,23686,23691,27482,27733,27986,27987,28620,29204
DENORW;3657,29695,29748
DENORY;23691,24027,24153,24221,27585,28229,28619,28708,28954,29174,29695
DENOSS;29738
DENOST;
DENOSU;24322
DENOSV;13104,14710,23782,28796
DENOSW;1144,3694,9675,28748,28775
DENOSY;28230,28788,29448,29650,29651
DENOSZ;9427,14204,28611,28795,29631
DENOTU;13086,14849,14914,21639,29304,29707
DENOTW;23981,28775,29702,29748
DENOUW;28110,28705
DENPRU;27485,28468,28694,28798,28980,28983
DENPSS;760,1150,2078,3695,21614,24372,29360,29706,29720
DENPSU;
DENPSY;24372,27641,28268,28636,28788,29650,29651
DENPTU;24163,27660,28931,29569,29665,29707
DENRST;
DENRSU;
DENRSY;3696,27678,28313,28636,28803
DENRTU;
DENRTY;23626,27678
DENRUU;3685,14142,14867,14869,21417,21700,27549,28121,28637,28638,28694,28789,28798,28911,29362
DENRUW;14944,27843,28325
DENRUY;21522,27678,28619,28798,28803,28925,29134,29180,29208,29767
DENSST;1151,21720,29718,29755,29756,29759
DENSTU;
DENSTY;21640,24343,28345,28788,29337
DENSUU;3472,13128,23769,23985,27583,29299,29568,29696,29751,29766,29769
DENSUV;21725,24308
DENSUW;24249,27546,28943
DENTTU;21410,23516,24371,27844,28570,29206
DEOOPP;29366,29378
DEOOPR;9567,24138,24157,24158,24362,27936,29037,29228,29336,29379,29637
DEOOPS;
DEOOPT;29700
DEOOPX;24226,29637
DEOORS;28271,28995,29229,29370,29380,29774
DEOORT;
DEOORV;620,14529,21520,28529,28701,28804,29677
DEOORZ;14355
DEOOSS;6687,8256,14527,14530,24374,24380,27680,28812,29211,29771,29774
DEOOST;
DEOOSX;8240,13594,14845,21727,23993,24299,24366,29146,29376,29626,29644,29712
DEOOTT;14833,21694,24382,28124,28811,28969,29206,29639,29700,29772,29775
DEOPPP;
DEOPPR;28658,28761,29293
DEOPPS;
DEOPPT;2102,9393,24250,28343,28608,28654,28658,28770,29366,29378,29482
DEOPPU;24376,27679,28733,28761,28816,28958
DEOPPW;
DEOPRR;24240,29323,29379
DEOPRS;
DEOPRT;29230
DEOPRU;3631,28693,28761
DEOPRV;28804,28808,28815
DEOPRW;29037
DEOPRY;6689,6779,14190,14761,14881,14908,24131,24158,24166,28003,28130,28316,28577,28762,29217,29230,29282,29323,29673,29772
DEOPSS;24165,24374,29360,29706,29720
DEOPST;23676
DEOPSU;13412,28440,29330,29610
DEOPSW;13121,13783,21457,28480,28616,29330
DEOPSY;6689,14531,14881,24166,24167,24372,28788,29182,29262,29325,29610,29650,29651,29673
DEOPTT;29700,29744
DEOPTU;24147,24163
DEOPUV;28693,28761,28815
DEOQTU;
DEORRS;27548,29343
DEORRT;13074,23971,28007,28264,28882,29359
DEORRU;14917,23590,28882
DEORRV;29204
DEORRW;29379
DEORSS;
DEORST;
DEORSU;27528,29317
DEORSV;
DEORSW;
DEORSZ;9304,9427,21705,28795,29348
DEORTT;29772
DEORTU;
DEORTW;
DEORTX;3673,14815,21639,28969,29376
DEORUV;23582,29204
DEORVY;21703,28954
DEORWY;21668,27307,29709
DEOSSS;2097,9603,14986,23734,23937,27602,28244,28743,29177,29291,29312,29469,29486
DEOSST;6687,8256,13604,14648,21720,28452,28453,29718,29734,29755
DEOSSU;6517,12929,13970,20654,21379,27542,28265,28910,29364,29377,29643
DEOSSW;13620,24374,29675,29676,29698,29741
DEOSTT;
DEOSTU;
DEOSTV;3704,14147,14536,29760
DEOSTW;14995,28748
DEOSUX;14523,21727,24231,27631,28665,29283
DEOSXY;13928,14537,15004,23993,24366,27605,28230,29448,29730
DEOTTT;13287,29700,29726
DEOTTU;20871,24147,24371,28320,29206,29726
DEOTTW;9438,21694,23981,24382,28011,28811,28956,29381
DEOTUV;28796
DEOTUX;21639
DEOTUZ;14480,28627,28942,29505
DEOTWZ;14838
DEPPPU;27988
DEPPSU;15024
DEPPTU;24376,27679,28733,28816,29737
DEPRRU;14389
DEPRRY;28003,28130,28577,28734,28762,29323,29379
DEPRSS;28967,28968
DEPRSU;
DEPRSY;24166
DEPRUU;14727,14867,23931,28121,28694,28798,28911,29744
DEPRUW;28809
DEPRUY;14439,24132,28919,29208
DEPSSU;13963,14901,28132
DEPSTU;
DEPSUY;24167,29610
DEPTTU;2089,13292,13975,14954,14961,28816,28821,29726,29744,29773
DEPTUY;24167,28679,29552,29705
DEPTUZ;6762,14891,24233,29105
DEQTUY;3364,29459
DERRSY;21568,21621,27548,27958,28019,29343,29767
DERRUY;6786,13902,14962,20895,21432,21568,22871,23590,28019,28619,29728,29767
DERSSU;
DERSSY;9301,9612,14895,14963,14979,21602,21623,28356,29346,29356,29618,29709
DERSTU;13219
DERSTY;29220,29436
DERSUU;14206,28684,29774
DERTTU;6768,9308,14656,14893
DESSSU;1156,5842,6662,9261,14028,23734,23990,28252,28359
DESTTU;
DESTTY;15007,24239,28788
DESTUV;21498,24308,29518
DETTTU;3377,14002,29726,29769,29775
DETTUU;2101,9305,9308,9685,15008,21722,24371,24387,27665,29206,29349,29383,29385,29688,29729,29744,29769
DFGGOO;21418
DFGIIR;3709,3710,3711,14038,21345,21419,27529,28035,28036,28844,28852,29783,29786,29789,29796,29799
DFGILU;9706,15034,24389,28839,29787,29788,29802
DFGOOX;
DFIINY;22838,28872,28895
DFIIRT;27387,27744,27752,28067,28069,28070,28076,28903,28905,29789
DFIKRU;
DFILNO;6830,22876,23714
DFILNU;3714,6830,9706,13157,15034,15047,24389,29787,29788,29816
DFILOR;13158,15033,15039,24020,24391,29794
DFILSU;15048,29787,29816
DFILUV;
DFIMOY;15051,29779,29817
DFINSU;9704,13157,15059,29787,29799,29803
DFIORS;24020,27541,28886,28899,28909,28914,28917,28944,29783,29785,29794,29804
DFIRST;15055,24395,27682,29818,29822
DFIRTY;29793,29805,29820
DFJORS;
DFLNOU;6830,14117,15047,21735,28110,28948,28951,29823
DFLNOY;9712,23725,24017,24027,24028,27376,28921,28948,28954,28956,29823
DFLOOS;9709,14052,14054,15054,15064,21559,21561,21733,21736,27543,29804,29808
DFLOPU;28958,29811,29823
DFNNOU;14108,14140,15058,15059,23730,24005,24022,24023,24025,27377,28123,28939,28951
DFNORS;6832,13160,15059,15066,15069,21562,21731,23593,23731,27532,27768,27774,28108,28862,28909,29783,29785,29818,29819
DFNOSU;15059,23593
DFNSUU;29798
DFOORX;28969
DFOOSU;15038,21733,21736,28129,29808,29822
DGGNOU;15074,27685,29782,29828,29848,29851
DGGRUY;14155,15085,21432,27684,29829
DGHIIN;6837,21578,29865
DGHINY;27553,28151
DGHIST;15104,15105,15111,15112,21740,29833,29857,29858,29870,29871,29872
DGHOOP;27400,29037,29873
DGHOOT;14205,28158,29784
DGHOSU;6840,13164,15114,15116,29834,29867,29869,29877
DGHOTU;24399
DGHOUY;14155,28151
DGIIKN;
DGIILN;29788
DGIILR;198,338,1672,28175
DGIINN;22923
DGIINO;21345,21348,21752,21753,29079,29797,29848
DGIINP;14239,28183,29092
DGIINR;
DGIINS;
DGIINT;3721,6837,21348,29838,29848
DGIINV;3721,3739,9327,15128
DGIIRS;15094,29926
DGIIST;14160,21439,21587,24039,29077,29112,29898
DGIJOU;3746,15171,29782
DGIKNU;15172
DGIKNY;
DGILNO;
DGILNU;24389,29788,29829,29851,29938
DGILOT;21603,21759,29014,29042,29121,29784,29940
DGILSU;22924,28971,29802
DGIMNO;5547,8262,9725,9737,9739,15150,15151,15189,15193
DGIMOO;21607,24411,28193,29115
DGIMTU;9739,14266,15096,15178,21581,21589,29151,29888
DGINNO;29897,29927
DGINOP;9731,15084,15106,15173,29949
DGINOR;
DGINOS;
DGINOT;29946
DGINOU;9331,15074,28151,29873
DGINOV;2125,9743,28199,29946
DGINOW;
DGINOX;28230,28232,29158
DGINOZ;15164,21758,28197,28232,28990,29068,29941
DGINPU;15106,28983,29873,29938,29949
DGINRS;
DGINRU;29782,29873,29938,29949
DGINRY;24415
DGINSU;21751
DGINSY;3752,3756,15191,24410
DGIOTW;15200,15208,28156,29014,29915,29946
DGIOYZ;28232,29123
DGIPRU;29911,29938,29949
DGIRTU;3761,15096,15112,15186,21756,21768,28157,28863,29888,29925,29938,29949
DGKLUY;
DGLNOP;9731,15113,15173,15216,29791,29937,29953,29954
DGLOOS;9354,13483,14052,14171,24077,24078,24079,24096,24408,27584,28136,28171,28193,28196,28205,28250,28984,28995,29060,29135,29136,29144,29145,29146,29147,29934
DGLOOU;9724,21759,29187,29192,29851,29953
DGLOOY;13030,15215,24400,27585,29190,29195,29937,29952,29954
DGLSUY;3777,15085,15114,24076,29194,29935
DGMSUY;3777
DGNOOR;21449,28866,29204,29853,29951,29953,29956
DGNOOS;29833,29857,29908
DGNOOW;14369,27698,29951
DGNORU;27698,29782,29873,29949,29951,29956
DGNOSU;9358,14204,14365,15214
DGOORS;13174,13502,14171,15038,15220,20649,21450,28867,28974,28995,29032,29210,29211
DGORSU;3768,15220
DGORUY;14155,15221,27586,29208
DGOSTY;24093,29176,29182
DGOTUU;14199,21766,28992,29206,29848
DHIIMM;24428
DHIIPS;3788,3790,15094,20660,24433,29964,29967,29976
DHIISW;28869,29260,29976
DHIKRS;
DHILOS;29804,29985,29988
DHILPU;14439,15248,24132,29240,29979
DHIMOS;6860,24446,29958,29982
DHINSY;9759,14400,14468,14470,15249,15254,15257,15265,28268,28313,28872,29254,29257,29305,29969,29971,29973,29989,29996,30004
DHIOOT;15256,15267,22932,24430,29784,29999,30007
DHIOPY;14190,21774,28316,29217,29282,29959,30008
DHIORR;3730,8268,9717,13065,21459,27556,28318,29219,29300,29307,29315,30008,30010
DHIOST;29858,30005
DHIOSV;24438
DHIOSY;6860,15042,15254,24124,24419,24439,29313,29804,29988,29989,29995
DHIRST;2136,3802,15099,15109,15111,15112,15235,15258,15262,15268,29872,29975,29977,30005
DHIRSU;9763,15112,24442,29977
DHIRSY;3802,15040,15042,15099,15254,24439,28313,29220,29804,29969,29988,29989,29995
DHISTU;15112,15239,24423,24436,29977
DHISTW;6433,9774,15111,24421,29870,29871,30005
DHLLOS;6840,14492,15274,21632,23775,29223,30012
DHLOOY;6677,9777,14197,24153,24400,29336,29337,29340,29341,30015,30016
DHLOPU;15113,29979
DHLOSU;6840,21632,21635,29223,29349,29808,30014
DHNOOU;20908,21349,21637,21778,29873,30019
DHNOSU;20907,29867,29869
DHOOOO;29809
DHOORS;21631,24166,24460,28271,28352,29270
DHOORT;14057,14205,15279,15286,21779,24461,28342,29227,29342,29357,29371,29381,30018
DHOOSY;15042,15282,24124,24166,29337,29340,29960,29983,29985,30012,30022
DHORSU;24442
DHORSW;8274,9787,15283,24465,30021,30023
DHORSY;14537,15042,15282,23784,29988
DHORTU;15272,21639,21779,28337,28349,28882,29357,29371,29381,30019
DHOSSW;21781,24456,27847,29806,29976,29993,30020,30023
DHOSVZ;
DIIJNN;9721,29882
DIIKLT;24185,27705
DIILLS;24418,24425,30032,30033
DIILMP;3713,9801,15309,15312,29811
DIILOP;3533,3811,14572,15312,21786,28174,28276,28372,28389,29791,29811
DIILOS;24477,30033
DIILPS;352,3788,8277,9808,13184,15309,24475
DIILQU;3821,15325
DIILST;21740,21782,22887,27694
DIILTY;6871,6881,24114,27705
DIIMNU;6874,13640,14235,14604,15152,27628,27703,29240,29252,29405,29795,30030
DIIMOS;29255
DIIMOU;6874,15331,15339,20910,24397,27540,27628,29463,29478,29811,29888,30029,30030,30038
DIIMRS;29084,29237,29470,29471,29472,29480
DIIMTW;
DIIMTY;14610,15154,15341,24115,24116,24214,29473,29477,29779
DIINNW;
DIINOS;15043,15045,15310,15336,15348,15349,21783,24473,24485,29970,29971,30031,30032,30033
DIINOX;14623,15334,27633,28420
DIINRS;3827,6858,15303,29966,29969
DIINRT;15029,30047
DIIOOP;21786,22777,24226,24424,29811
DIIORV;29865,29923
DIIOST;8283,8286,9793,15049,15348,22935,23712,24491,28080,29889,29893,29920,30039,30043,30045
DIIOTT;3817,6886,14411,15302,15360,24434,24487,28277,28419,28444,29233,29977,30043
DIIOTV;3744,3818,15296,15302,24430,29923
DIISTX;15347,28080,29893
DIITTT;9483,14560,14582,29511
DIJMSU;29842
DIJNNS;28462,29882
DIJNNY;
DIKKLU;
DIKKOP;
DIKLNY;27705,28367,29525,29527,29927
DIKLTU;
DIKMNU;15172
DIKNNU;
DIKNRS;
DIKOOS;6889,15097,21600,21644,24106,24124,24408,24497,29060,29522,29898,29929
DILLMY;2132,15051,27572,27688,27695,29536,29810,29979
DILLRS;5552,6890,15120,21352,21482,24495,28087,28479,29524
DILLSY;20881,24418,28490,29239,29525,29536,29543
DILLVY;29542
DILLWY;13169,21668,29543
DILMOR;13158,15312,20910,24502,24504
DILMOU;20882,20910,21665,21793,23843,24397,24503,29551,29811,29979
DILMPY;13077,28497,29069
DILNNU;8954,15382,15383
DILNOO;15052,15376,15382,21786,29859,29984
DILNOP;356,2152,3811,9731,15173,23851,29539,29937
DILNOS;21795,30026,30033
DILNSU;27419,29451
DILNTU;3714,15178,15181,15182,15376,15382,15383,27686,29851,29938
DILOPU;3844,15370,23599,24503,29811,29979,29981
DILOPY;14764,22775,22893,23851,24131,24441,24503,27642,27651,28291,28497,29217,29959
DILORS;15323,21795,24495,29794,29804,29988
DILOSS;1181,3855,3859,15327,20914,21791,24437,28841,29145,29928,29988
DILOST;3840,3849,9840,9847,24495,24505
DILOTU;21759,21763,29851
DILOXY;14436,24444
DILOYZ;14281,21676,29123,29579
DIMNOO;13059,15376,21775,30060
DIMNOR;5547,8262,9710,13175,15033,15189,21775
DIMNSU;13186,15395,29019,29589,30053,30061
DIMOOR;13187,29992,30040
DIMOPU;3869,24503,29811,29979,30038
DIMOSS;6888,30064
DIMOST;29817
DIMOSU;13187,15336,21445,28544,29468,29589,30029
DIMOSW;15364
DIMOSY;24283,24291,24448,29294,29589,29610,29817,29989,29995,30066
DIMOTU;9739,9814,13765,14450,14726,14794,14820,15178,15339,15376,15381,20882,21581,21665,21796,24277,27894,28584,29151,29463,29551,29596,29888,30030
DIMOXY;15311,23866,29477
DIMOYZ;14795,21676
DIMPSY;15249,24448,27614,29610,29817,30054,30066
DIMRSU;24511,28551,29529,30065
DIMSST;24449,24496,30025
DIMSSY;21771,23880,24449,28589,28590,29292,29603,29618,29990,30066
DINNOS;6903,24470
DINNUW;6733
DINOOR;9567,13120,14109,24026,24261,24281,29269,29637,29865
DINOOZ;15164,15261,15299,29941
DINOPS;15349,29818,29819,30046,30067,30068
DINOPU;14851,15106,22908,24513,28307,29539,29639,29820,29873
DINORS;21795
DINORU;3878,9811,9832,15407,27699,29782,29873
DINOSW;15244,15364,21353,29819,30055,30067,30068
DINOWW;
DINPTU;6762,13794,24513,28931,29569,29895,29938
DINPUW;
DINRSU;
DINSTU;
DINTUY;6863,15182,15409,21763,27686,29895,30047
DIOOPP;29293,30008
DIOOPS;9592,15388,24290,27308,28653,29817,29939,30001,30052,30055,30067
DIOORT;9826,14474,21553,28529
DIOOST;9840,9847,15388,24505,29817,29898,29939
DIOOSU;6764,6889,6900,9858,13187,15198,15389,20915,21600,23578,23599,24146,24440,24450,28206,28573,29317,29677,29816,29822,29970,29974,29992,30065
DIOOSV;22913,24438,27650,29170,29512,29571,29677,30072
DIOOSZ;
DIOOTX;9826,24226
DIOPRT;24513,27707,29940,29999
DIOPSS;29928,29930,29976
DIORRT;6879,20912,30010
DIORST;21795,24495,24498,30005
DIOSST;14067,14481,14648,28452,28453,29806,29821,30071
DIOSTT;15206,15406
DIOSTU;29822,29970,29977
DIOSTV;3857,3881,9743
DIOSWW;21351,27702
DIPPRY;9486,29282,30008
DIPRTU;9849,24513,29938
DIPSTU;
DIQSSU;3866,3870,9599,9834,14765,14773,27876,27907,28684,29400,29451,29458,29614
DIRSSU;24506,24515,30066
DIRSTU;2179,3761,15112,29822,29977,30065
DIRSUZ;14788,21658,24237,28140,28467,28683,28906,28937,29684
DJLMOY;
DJLOSS;
DJNNOO;29520
DKLSUY;
DKNOOP;29699,29700
DKNOOS;9872,24517,29929
DKNOPU;29699
DKNOSY;15273
DKNRSU;15303,24455
DKOOOO;30075
DKOORS;5878,5880,6773,13860,15063,21521,24497,28702,29702
DKORSU;6674,9871,9874,21663,24151,24326,24327,24455,29693,29703
DKORSY;28697,29694
DKOSUU;20907
DKSUUZ;
DLLOOP;28950
DLLORS;21352,24495,29186,30076
DLLORY;1175,14499,15176,15307,15368,15425,21703,21706,30076
DLLOUY;6780,21706,21734,29705,29710,29979,29981,30076
DLMNOU;14926,21707,21708,21793,28705,28715,28948,28951,29184,29187,29548,29551
DLMOOU;15376,21709,24503,27669,29187
DLMOSU;22938
DLMOUY;15381,15428,15430,21707,21793,24330,24503,27669,28715,28948,29979
DLMRUY;3888,6786,14922,15381,15428,15430,21793
DLNORU;
DLNOSU;24520
DLNOSW;9880,15066,15277,15386,21353,24520,29808,29870,29932,30014,30033,30055,30079
DLNOTU;20908,21735,21763,21778,28717,28951,29707,29716,29816,29851,29953
DLNUUY;14915,15434
DLOOPS;24458,29939,30052,30055
DLOOPZ;29148,29341
DLOORS;5878,9778,13174,14171,15323,21787,21800,21802,24458,28984,28995,29135,29147,29339,29712,29876
DLOORU;8294,9776,14917,21677
DLOORY;8294,9777,15368,15425,15428,21703,23955,24153,24158,24351,24400,27585,28954,29336,29823,30015,30016,30079
DLOOSW;5879,6914,9778,9876,15064,20919,21355,21800,24520,29808,29871,30014,30055,30057,30079
DLOPSU;23599,30078,30080
DLORSW;1190,1191,6914,9778,9881,15066,15423,21800,21802,29932,30014,30079
DLORTY;1196,6805,15425,15428,21706,24443,29728,29805,30015
DLORUY;15329,15381,15428,29728
DLOSSY;3855,9780,14508,14767,15327,15437,21633,21710,28730,29346,29581,29709,29710,29727,29988
DLOSUW;15429,21353,28955,29722,29808,30014,30079
DLSTUY;1189,30017
DMMRUU;20896,21700
DMMRUY;9853
DMNOOR;21775
DMNOOS;14358,14365,27668,29697
DMNOOY;9886,21775,22915,24283,24447,24510
DMNOSU;24511,30061,30081
DMOORS;9858,13187,15220,15420,15445,21800,29992,30040
DMOOSS;9888,15219,24508,29907,30011,30040,30064
DMOOSU;3894,6900,9858,13187,14365,15220,15226,15440,15445,22938,23578,24332,24511,29992,30065,30081
DMOOSY;9886,15191,21794,24283,24291,24333,28706,29697,29817,29983,30054
DMORSU;21354,21535,21804,24511,27528,28120,28741,28764,29358,29693,30029,30081
DMOSUU;15403,24288,24357,24360,29732,29739,30062
DMRSUU;3895,13949,20920,24519,29739,30062
DNNOOT;29198
DNNTUU;15197,21766
DNOORS;21805,28271,28779,29229,29370,29702,30021
DNOOSS;3898,15067,24508,30078
DNOOST;9890,22939,24463,29876,29957
DNOOSU;3894,6900,14365,15198,15440,22939,24326,24474,28256,29816,29957,30061
DNOOUV;24344,24364,28751,29204,29560,29699
DNOPSU;
DNOPSW;6814,9675,9880,13121,13783,15277,15450,28616,29171,29202,29207,30001,30055,30067
DNORST;21777,21795,24463,24523,29876,30005,30021
DNORSU;3894
DNORSW;30021
DNORTU;29737
DNOSST;623,2193,6910,21720,24372,29718,29920,29990
DNOSSU;24035,24322,27658,29638,29643,29649,30002,30003,30078
DNOSSW;3898,6918,9873,15277
DNOSSY;9860,15264,28347,28730,29292,29313,29650,29651,29738,29990
DNOSTU;29970
DNOSTW;14995,28748,29702,29870,30005,30055,30068
DNOSUV;13982,21542,28794,28795,28796
DNOSUW;15450,21353,23593,24422,29808
DNOSUZ;14204,15336,28795
DNOSWW;3694,14996,15422
DNOUWY;14940,15435,29208,29716,30006,30079
DNRSUY;15221,15395,27678,28803,29767,29989,30079
DOOOOV;
DOOOPW;29037
DOOPRS;29825
DOOPRU;24358,29699,29956
DOOPRY;15118,15260,24158,29228,29336,29354,29379,29637,29772,29823,30008,30016
DOORRS;5880,6439,6908,6920,9887,13951,14139,14144,15220,15452,21805,28806,28867,29825,30081
DOORSU;3894,9858,9870,9892,13187,15038,15220,15440,21450,22939,29677,29822,29957,30065
DOOSUV;24350,29677
DOOSWY;30072,30079
DOOUUV;
DOPRSS;3900,6824,15015,15016,15020,24490,28968,29976,30000,30066
DOPRSU;30045
DOPRSY;14881,15392,20923,24484,29182,30046,30066
DORSSU;6835,15218,24394,24486,24506,24515,30066
DORSSW;1172,2199,5882,6918,15288,15394,15423,21781,21807,24498,29821,29976,30023
DORSSY;3855,9875,14508,14534,14767,14979,15004,15269,15287,15327,15419,15437,21512,24515,28347,28356,29346,29356,29581,29709,29988,30066
DORSTU;366,9871,9878,15427,20921,29822
DORSUY;6432,15221,15419,20923,24515,29767,30066,30079
DORSWY;29709,30072,30079
DORUVY;
DPSTUU;15012,15024,15119,20922,24519,27660,29374,29385,29691,29776
DRSTUY;20923,30017
DRSUYY;6827,29807
EEEEPT;13203,15456,23606,23612,24536,24544,27731,30115,30145
EEEEPV;
EEEEPW;
EEEETV;15458,27720,27730,30107,30116,30117
EEEEWW;
EEEFFR;15464
EEEFFT;9895,9896,15465,20925,24562,30090
EEEFIR;13207,13210,15476,23616,27744,27748,30168,30177,30178
EEEFLR;30160,30168
EEEFNR;15467,15476,30091,30158,30180
EEEFRR;20664,21824,27770
EEEFRZ;13207,15476,27743,30156,30168
EEEFSS;6923,9898,15483,15485,24565,30090,30171,30179
EEEFSZ;
EEEGLS;6928,6930,15508,15510,15512,15513,20665,21375,24610,27803,27805,30104,30211,30277,30278,30279
EEEGMR;15455
EEEGNP;
EEEGNR;30222
EEEGRS;20665,30228
EEEGRT;30107,30213,30222
EEEGRZ;30246
EEEGTV;15501,24595,24607,30107
EEEHIZ;15536,30109,30302
EEEHLR;8298,15540,21378,27746,30220,30310,30340,30347
EEEHLT;6440,8975,9918,13248,15538,24566,27784,27838,30220,30302,30304,30309,30310
EEEHNT;15536,15560,23632,23633,24544,24566,24623,24639,27784,27824,27828,27833,27840,27842,27844,30220,30222,30325,30340,30358,30367
EEEHNX;1907,15551
EEEHPR;13256,15490,27782,30321,30340,30347,30368
EEEHPS;9922
EEEHPZ;30302
EEEHST;2201,8299,9922,24541,24628
EEEHSV;9913,9916,13246,24543,24617,24651,27328,30303,30330,30370
EEEHSZ;15572
EEEHTT;15538,24538,24623,30214,30325
EEEHWZ;
EEEIJL;20932,21828,24659
EEEIKL;30168
EEEIKR;15576,15577,20931,24660,30115,30168,30306
EEEILN;24663,27719,27753,30400,30401,30427
EEEILR;5890,6453,6454,8298,13207,15495,20779,21287,21818,21827,24660,27748,30168,30310,30410,30414,30423
EEEILS;6443,9913,9927,23643,24540,27859,27860,27884,30314,30385
EEEIMM;24596,30414
EEEINW;12869,21828,27787,30215
EEEIPR;6379,27922,30394,30410
EEEIPW;27819
EEEIRR;
EEEJRR;15605
EEEJST;21381,24726,30532
EEEKKR;21860,24728
EEEKLR;13268,21842,24660,24728,27934,30168,30533,30536
EEEKLU;30274
EEEKMN;30538
EEEKMR;2204,6456,15455,15607,30115,30122
EEEKNR;6380,24631
EEEKNT;30401,30538
EEEKPR;2204,15455,15456,15504,21860,22833,24631,24728,24731,30115,30533
EEEKRR;6456,15605,24731,30536
EEEKRS;
EEEKSV;6944,30114,30405
EEEKSW;15613,15614,30535,30542
EEELLT;9942,9943,15538,15546,15616,21861,24665,30304,30309,30339,30383,30401,30402,30533,30548,30550,30553
EEELMS;9919,9927,15479,15547,15607,20596,20666,21841,22957,24610,30556
EEELMX;
EEELNS;3910,5662,5887,5896,8113,8301,9901,15479,15510,15548,15633,15634,15639,15640,21874,22946,24560,24579,24610,30129,30188,30189,30211,30275,30346,30546,30549,30556,30566
EEELNV;21872,27804,27867,27871,30126,30160,30559
EEELPR;9941,9946,9954,15504,24548,24736,27352,27355,27945
EEELPS;9927,15633,15639,24674,24727,30385,30426,30430,30551,30566
EEELRR;1204,15511,21403,23677,24737,24739,27939,30536
EEELRV;9954,30160,30577
EEELSS;6933,13291,20937,21815,21843,24755,30336,30350,30385,30551
EEELSV;30114
EEELTY;13290,15546,23507,23679,24659,24665,27351,27354,27838,27875
EEEMMS;21405,21866,21878,24636,27350,30355,30356,30554
EEEMNR;6961,15551,15552,15589,15648,15654,20780,21877,21879,22968,22970,30208,30358,30458,30461,30538
EEEMNT;6961,9895,9902,15466,15487,15552,15648,21877,21879,22971,24761,27965,30280,30358,30538,30590
EEEMRS;30122,30360,30563
EEEMRT;6961,15466,15552,15628,21877,21879
EEEMSS;27818,27834,27835,30322
EEEMST;9928,24541,24657
EEEMSX;30603,30604
EEEMTU;15625,21398,21868,21877,27359,27833,27894,27962,30280,30590
EEENNV;12864,13278,21872,24683,27899
EEENPS;3910,15577,15633,20781,24551,24727,30138,30311,30346,30399,30426,30556,30612
EEENRS;3910,15677,30138
EEENRT;15560,15648,21877,21879,24549,24740,30222
EEENRV;22959
EEENSS;6970,13273,15483,15539,15601,15634,15675,21810,21855,21874,27854,27907,30090,30174,30179,30189,30350,30434,30505,30531,30542,30549,30550,30571
EEENST;24608,30090
EEENSV;24543,24573
EEENSZ;30279,30308,30603
EEENTT;15659,21857,21879,21882,21884,24623,24710,30372,30401,30494,30561,30575,30621
EEENTW;
EEENVW;15600,27916
EEEOPP;28003,30427
EEEPPR;9934,15692,15693,24714,24769,27922,28003,30374,30465
EEEPPS;9976,15633,30385
EEEPRV;9954,15591,30394,30422,30465,30577,30640
EEEPRW;21292,24731
EEEPST;9922,15614
EEEPSV;24573,30437,30468,30612
EEEPSW;15614
EEERRT;15605,21824,28005,30145,30300,30536
EEERRV;21825
EEERSS;30172,30175
EEERSV;
EEERTT;15458,15484,15616,15643,15692,15693,21879,22976,30107,30116,30394,30640
EEERTW;15550,21837,30117,30225,30300,30536
EEERVW;28011,30117
EEESTT;6467,6947,8991,9953,15645,15688,15689,24752,30445,30523
EEESTV;30468
EEESTW;15614
EEETWZ;
EEFFIO;24791,30661,30665
EEFFIR;15701,24791
EEFFKL;
EEFFOT;15702,30681
EEFFSU;6979,9987,9988,9991,9993,21886,24560,30675
EEFGIN;30661
EEFGIT;
EEFGRU;15701,15729,24801,24803
EEFHIR;13340,30686
EEFHOR;15736,24810,30686,30723,30747,30750
EEFHRT;
EEFIIR;6983,6984,20945,24818,24819,30168,30781
EEFILN;24815,30758,30762,30767
EEFILR;24827,30168,30795
EEFILS;30673
EEFILT;10003,20925,24815,30798,30810
EEFINR;15744,30767
EEFIPR;9010,10016,15734,15744,30781
EEFIRR;
EEFIRS;30709
EEFIRZ;15476,15769,30168
EEFKLS;6993,23722,30731,30857
EEFLLO;15777,21422,21905,30716,30717,30791,30798,30856
EEFLLR;3181,6987,6988,6989,21818,21905,30717
EEFLMS;30763,30803,30868,30869
EEFLNN;21817,30684,30719,30762,30871
EEFLNS;10033,15477,15781
EEFLRR;6994,6995,6996,30867
EEFLRS;
EEFLRT;
EEFLRU;24803,24823,24827,30160,30767
EEFLRW;30863
EEFLRX;15758,21818
EEFLRY;24808,30151,30192,30738,30879
EEFLST;2211,6978,9990,9992,10033,15707,24804,30870
EEFLSX;15752,28091,30808
EEFLTT;1208,10003
EEFLUY;10029,15780,24803,24808,30718,30862
EEFMMS;28088
EEFMNN;8968,9902,13215,23601,24858,27711,27755,28113,28118,30177,30198,30674,30684,30708,30719
EEFMNO;3925,21906,30804,30827
EEFMOR;6994,15739,20669,30867
EEFMTW;
EEFNNR;13379,22948,23730,24858,28118,30886,30888
EEFNRS;30858
EEFNRU;24789,24801,24803,24809,24827,30160,30767,30886
EEFPRR;6925,6995,6996,13376,24533,30199
EEFPRT;15734,15740,15751,30199,30720,30781,30883
EEFPTY;23727
EEFRRS;21429
EEFRRT;30190
EEFRST;
EEFRSU;
EEFRSV;3923,24531,27714,27761,28105,30176,30709,30750
EEFRSY;5664,13209,15782,15783,22947,30738,30879,30889,30895
EEFRTT;15484,15739,24811,30781
EEFRTU;24801,24811
EEFRTW;15473
EEFRTY;15706,15719,28077,30151,30889
EEFSSS;10024,23734,24565,24867,27777,28047,28083,28122,28128,30094,30729,30741,30825,30878,30890,30896,30898,30899
EEFSSU;15792,21890,30737
EEFSTT;
EEFSTW;9998,30816,30864
EEFSTY;15787,30889,30895
EEFSUZ;
EEFSZZ;30815
EEGGGI;15801,30901
EEGGIL;
EEGGIN;15820
EEGGIR;15710,15808,15823
EEGGIV;15820,30908
EEGGKR;13400
EEGGLR;
EEGGLS;
EEGGMU;30924
EEGGRS;28142,30212
EEGGRY;15829,21432
EEGGSV;
EEGHNS;3284,6486,10054,10055,30221,30940,30999
EEGHNU;7006,24882,24883,28151,28152,30221
EEGHNW;21917,30903,30982
EEGHSS;7007,10055,15862,15870,15874,24886,30224,30692,31008,31009
EEGIJN;
EEGILN;21920
EEGILR;31017
EEGILS;
EEGILT;30242,30967,31011
EEGIMR;
EEGINN;9904,10074,24588,30661,30684,30701
EEGINP;28033,28183
EEGINS;
EEGINT;31183
EEGINW;7022,21930,21938,21939,24903,24937,30903,31191
EEGINY;7011,7022,10074,15719,15936,15939,15995,15996,24941,24945,24953,30259,30705,31030,31119,31122,31124,31128,31179,31187,31194
EEGIRS;3952,21886,21918,21943
EEGIRV;
EEGISS;28217,31066,31097,31162
EEGISV;23739
EEGKLR;9034,13400,24797,30693,31078
EEGKLS;13430,24954,27803,28249
EEGLLN;7011,10069,15714,15898,15899,15905,21908,21920,24802,24902,24903,24956,28029,28038,28190,30716,30717,30718
EEGLLT;3919,3954,10071,15714,15905,16019,24904,28190,30700,30716
EEGLMN;21945,28192,30684,30717,31013,31018,31096,31098,31099,31101,31102,31232,31235
EEGLMS;1215,8313,15508,28251,30952,30953,30992,31010,31013,31019,31103
EEGLMU;30274
EEGLNN;3958,9904,10074,21817,24588,24874,24905,24956,30215,30684,30701,30908,31020,31096,31098,31106
EEGLNR;24563,27806,30160
EEGLNT;
EEGLNU;24558,24563,24803,31068,31086
EEGLOS;3937,13483,21912,21948,24954,27280,27286,28249,30936,30991,30994,30996,30997,31226,31228,31229,31245,31247
EEGLRS;
EEGLRT;1211,1218,3277,3954,15861,16019,21911
EEGLRU;24563,24803,30160
EEGLST;24954,30996,30997
EEGLTY;15939,27409,30700,30963,31030,31128
EEGMMN;3934,3959,21937,24596,28176,31040,31096,31144,31232
EEGMNO;15824,16046,16048,24912,30274,31098,31102,31145,31146,31148,31153,31154,31232,31250
EEGMNR;21949,31234,31250
EEGMNS;
EEGMNT;31234,31250
EEGMNU;368,30274
EEGMOT;10113,13473,13488,15824,15950,15965,16048,21929,24958,30218,31098,31145,31148,31153,31234,31250
EEGMRR;
EEGMRS;
EEGNNT;3959,15487,16048,21951
EEGNOP;
EEGNOR;1221,7020,21938,21949,30222,30259,31002,31070,31153,31197
EEGNOX;
EEGNRS;
EEGNRT;23604,23626,30107
EEGNRV;30993,31250
EEGNRY;13490,15719,15829,15996,16070,21949,30259,31197
EEGNST;
EEGNSV;23739,30282
EEGNSW;7034,10117,13498,15525,15725,16065,16072,27718,28249,28259,31249
EEGOOS;10124,15940,16080,21943,21948,21953,30706,30965,30966,30994,30996,30997,31031,31092,31105,31134,31228,31229,31245,31247,31252,31253
EEGOSY;16020,21953,24945,30292,30936,31003,31105,31122,31124,31187,31226,31228,31229,31236,31243,31247
EEGPRS;28263,30989,31014,31036,31252,31264,31269
EEGPRU;28159
EEGRRS;21446,21953,30999,31016,31140,31264
EEGRRT;21915,24914,28264,30923,30931,31190
EEGRRU;20664,21825,31190
EEGRRV;21825,27814
EEGRRW;24937,30225,31140,31184,31191
EEGRRY;7031,13490,15875,15876,16088,21953,24913,27814,28264,30225,30722
EEGRSS;28160
EEGRST;
EEGRSV;
EEGRSX;3972,10058,15528,24898,31185,31196,31207
EEGRSY;6503,10101,15875,21953,30936,31236
EEGRTT;1218,15458,16019,30107
EEGRXY;3972,28264,31196,31197
EEGSSS;3955,3974,3978,3979,15513,16088,27813,30211,30290
EEGSST;3285,15874,23752,30272,30277,30278,31009,31058,31066,31275
EEGSSU;15874,16082,30935,31009,31097
EEGSTY;16073,24929,24945,27409,31067
EEHHRT;24805,28144,30213,31281,31295,31297
EEHHSS;28270,30723,30940,31278,31293,31296,31302
EEHHSW;21956,30298,30299,31300
EEHIIN;22992,24872,24972,27415,30903,30942,30945,31308,31318
EEHIMP;10048,10159,15836,16145,24871,24997
EEHINR;
EEHINT;15536,22992,30325,31277
EEHIRR;15855,16134,24986,31358
EEHIRS;8323,20836,24991
EEHIRT;16161
EEHIST;
EEHITT;6932,7045,8116,16192,27783,28287,28293,28322,30325,31277
EEHITV;6932,21957,30986
EEHKLS;3935,16090,30948,31304,31439
EEHKRS;20965,21976,24617,24991,30305,30306,30337,31304,31439
EEHKSS;3299,3304,15732,16097,16200,16202,22842,23778,24616,30338,31328,31441
EEHKST;13534,16090,16114,16202,30949,31306,31330
EEHLLR;3992,10053,10133,10198,13578,16206,21378,21837
EEHLMR;13509,13536,28324,28325
EEHLMT;2228,9918,16119,21955,21979,24566,30304,31307
EEHLNU;1224,7052,16128,31355
EEHLNY;10211,13593,16128,16223,24875,25056,27329,30964,31344,31453,31454
EEHLPR;806,10208,10209,13542,15736,15858,16134,16223,23760,24998,28159,28324,30956,31308
EEHLQS;30353
EEHLSS;
EEHLST;30997
EEHLSV;10204,21966
EEHLSW;30299,30725,31331
EEHLWY;13547,13582,23787,31371
EEHMMR;10135,31452
EEHMMS;24636,30355,30356
EEHMNP;13602,16146,16213,30340,31379,31380
EEHMNS;24543,24636,30341,30342,30356,31478,31479
EEHMNT;24566,25014,27833,28332,30218,30340,30358,31277,31285,31313,31375,31476
EEHMOR;10135,15551,15835,20967,25018,31440
EEHMPT;10223,10229,15554,28335,30365,31468,31481
EEHMRS;
EEHMRT;30365
EEHMSS;27818,27834,27835,30322
EEHMST;21462,24541,24619,25021,28332,30356,31474
EEHMUV;
EEHMUX;
EEHNNR;3274,12923,13606,21460,30220
EEHNOR;5924,6477,8176,8334,13517,13591,15551,21460,24789,31437,31500
EEHNOT;7045,15865,22982,23005,24881,24970,28158,28332,30218,30973,30978,31285,31288,31375
EEHNOX;13517,15551,31500
EEHNPS;28279,28301,30311,30313,30346,31478,31479
EEHNPW;10209
EEHNRS;
EEHNRT;24544,25081,30340,30368
EEHNSS;16176,22996,22997,25057,25082,27429,28351,30940,31328,31350,31460,31464
EEHNSW;7056,13513,21917,28351,30329,30949,31395,31414
EEHNSY;13518,16262,22849,25051,25076,28347,31003,31493,31503
EEHNTY;13593,15560,16119,24970,25056,27432,27840,30222,30368,30976,30984,31002,31344
EEHNWW;
EEHOPS;3937,10203,13516,13565,15564,15804,15854,28301,28327,30162,30337,30739,31383,31390,31402
EEHORS;15564,30337
EEHORT;7049,30374
EEHOSX;10227,10247,13565,13594,15854,16248,20783,21984,25041,31361,31528
EEHOTW;16101,16106,28156
EEHPPR;13416,13542,15736,15855,16134,23793,25027,25039,25045,25081,28352,30306,30337,30374,31318,31418,31419,31526
EEHPRS;31323
EEHPRT;24544,25073,25081,31468,31481
EEHPSS;30728,31372
EEHPSW;21457,31323
EEHPSY;7070,9922,10238,10253,10255,13247,13518,15875,16104,16135,16153,16217,16227,16262,16288,20971,21839,21982,25012,25020,25051,25058,25085,30346,31003,31294,31302,31362,31479,31493,31503,31522
EEHQTU;3991,28157
EEHRSS;
EEHRST;
EEHRSU;7008,7071,16141,30108,30316,30320,30353,30946,30948,31445,31490,31492
EEHRSW;
EEHRSX;2245,4019,10058,10247,15555,15572,16144,21960,21988,24650,25041,31324,31361,31367,31407,31519,31528,31532
EEHRSY;7070,12931,13621,15875,16153,16262,16288,21839,21918,28313,28347,30378,31389,31434,31435,31503
EEHRTT;28322
EEHRTW;21837
EEHRVW;3308
EEHSSS;15735,16139,16154,16176,16250,16268,16269,21967,21981,28047,28283,28319,28351,28359,30314,30352,30741,31287,31299,31328,31369,31377,31464,31504,31516,31527,31529,31530
EEHSST;
EEHSTT;4003,4009,13616,16268,16270,31474,31478,31479,31506,31507,31508,31522
EEHSTW;1226,3994,7044,15805,16117,30725,30949,30962
EEHSTY;9922,12931,13621,30378,31434,31435
EEHWYY;
EEHWYZ;
EEIIKK;28367
EEIIKR;16294,16296,20931,21993,24813,24887,24973,25098,30168,30693
EEIILM;7073,9089,9091,13625,13627,13629,15836,15881,16304,21467,21992,21999,24652,24871,25108,25112,25113,27382,27748,30762,31011,31017,31018,31307,31554
EEIIMN;7073,10274,10276,10277,13625,13627,13639,13640,13643,15888,15891,16304,16324,24889,25126,25130,27851,28403,28406,31018,31042,31044,31045,31554,31603,31606,31607,31611,31617,31618
EEIINN;12890,12936,15888,16302,16324,20943,21468,21474,21887,23008,24975,25126,28053,28054,28378,28404,30908,30912,30913,31020,31046,31047,31049,31318,31606,31636
EEIINW;20597,28079,28180,28434,30758,30903,31617,31636
EEIJNN;31689
EEIJSS;16349,31541
EEIJST;16353,20977,25095,25179,27453,28466,31069,31539,31541
EEIJSW;28461,28466
EEIKKT;20979
EEIKLM;13625,21992,21993,30304,31696
EEIKLP;
EEIKLS;10295,22017,31547,31696
EEIKLT;21993,30402
EEIKNR;7090,15744,22016,25098,30400,31545,31703
EEIKPW;28473,31545
EEIKRS;10295,22017,31083,31696
EEIKSS;15732,16375,22019,31083,31710
EEIKSV;24994,30114,30405,31695,31712,31714
EEILLN;2217,10069,13667,13676,15898,15899,16381,21908,21920,24663,24902,24903,27719,28029,28038,30400,30401,30798,31554,31559,31688,31694
EEILLR;24902,24903,30400,31072,31742
EEILLS;10263
EEILLV;13526,13535,13684,16381,25107,30402,31688,31715
EEILLW;16359,16395,24903,27858,30309,30382,31742
EEILMR;21996,21998,21999,22034,23009,27456,30763,30803,31017,31696,31756
EEILMS;22994,30803,31696,31756
EEILNO;7014,15840,15898,16361,21929,21930,30427,31076,31327,31575
EEILNP;27415,27434
EEILNR;30400,31352,31355
EEILNS;
EEILNT;30798,30810,31576,31730
EEILNY;7011,7101,15939,16128,20980,25235,30705,30964,31030,31128,31562,31688,31793
EEILOR;7098,7108,15907,16423,16485,21999
EEILOT;5936,7014,8340,12946,21929,23029,27464,30242,30702,30798,30810
EEILPT;27875,30302
EEILRR;20598,20675,20677,21495,24986,31017,31571,31576,31592
EEILRS;
EEILRT;30117,31355,31576,31592
EEILRV;
EEILRX;3981,4039,5947,7126,10313,10352,15758,21818,30423,31125,31785,31816,31830,31838
EEILRY;16123,16128,30705,31109,31340,31785,31830,31838
EEILSS;16421
EEILST;16315
EEILSV;21966,28498,30405
EEILSX;10263,16482,20786,22025,28091
EEILTV;21850,25107,25123,25222,30116,30402,30422,31585,31715,31784,31849
EEILVW;31586
EEILZZ;21932
EEIMNP;2255,10048,10159,10274,15916,16145,16146,16414,16528,23648,23867,25269,27851,30453,30457,31042,31154,31376,31379,31606,31608,31690,31768,31881,31893,31910
EEIMNR;24687,25269,25273,25279,31618,31910
EEIMNS;
EEIMNT;31618,31910
EEIMNY;9989,23806,25279
EEIMPR;25269,31154
EEIMRR;20669,20787,25018,31703
EEIMRS;30763
EEIMRT;
EEIMSS;30322
EEIMSV;10392,13772,16328,16556,21841,22060,25021,25284,28360,28498,28501,30468,30469,30709,31160,31383,31781
EEINNP;2231,10016,10146,10173,16111,16126,16164,23008,24975,30453,30474,31318
EEINNR;3320,6543,16409,25269
EEINNT;2257,16563
EEINNV;23034,23036,24683,25289
EEINOS;16329,27289,28591,30478,31317
EEINPR;31545
EEINPS;
EEINQU;28628,30804
EEINRS;
EEINRT;31809
EEINRV;4045,15599,15600,16587,21305,27484,27916,30398,30490
EEINRW;7022,20597,21939,23041,24903,24937,31184,31191
EEINRX;7126,7155,15973,16614,24547,25339,31125,31197
EEINSS;31990
EEINST;
EEINSV;30380,30405
EEINSW;30816,31402
EEINSX;7023,15984,16113,30249,31180,31634,32017
EEINSZ;10163,13352,13633,13642,13717,13793,16165,16176,16179,16469,16470,16476,16477,16526,16543,16576,16584,24942,25038,25100,25110,25275,25310,25317,25338,27790,28515,28625,30308,30329,30815,30839,31029,31123,31124,31199,31290,31400,31401,31413,31415,31582,31663,31998,32004,32018,32029
EEINTT;21857,24710,25158,30325,31081,32005
EEINTV;24683
EEINTX;7155,13794,16614,21386,24689,25158,25339,27343,30810
EEIORS;
EEIORT;21903,30259,30986,31186
EEIPPT;30465,31156,31700,31910
EEIPPY;9125,24843,25027,28677
EEIPQU;32005
EEIPRS;
EEIPRV;4045,25178,25348,30394,30422,30465,30474,30490,31784,31967
EEIPRX;10313,24547,25046,30423,31125,31785,31838
EEIPSS;30103,30322,30728,31372
EEIPSU;16131,16185,16501,16596,16641,16644,20995,23539,24922,25230,25250,25349,25364,28667,30694,30715,30783,30831,30852,31107,31201,31420,31726,31737,31839,31884,31942,31944,31946,31984,31989,32037,32049,32079,32080,32084,32087
EEIPSZ;7160,10270,13793,16165,16394,16500,16584,16636,16644,25160,25169,28443,28449,28467,28515,30323,30412,30489,30521,31290,31401,31739,31848
EEIPTT;1928,10328,13266,28419,28427,28520,28557,31128,31608,32005
EEIPTW;13707,13816,16483,31188,31352
EEIRRS;25171
EEIRRT;
EEIRRV;
EEIRRW;24937,31191,31703,31713
EEIRSS;
EEIRST;
EEIRSV;16556
EEIRSX;7166,13840,20681,21960,27931,28675,31324
EEIRSY;13209,15995,16153,16530,24941,25049,31056,31109,31196,31389,31434,31435,31746,31772,31864,31879
EEIRSZ;7085,15957,31535
EEIRTV;30116,30117,30394,30422,30465,30813,30986,31784
EEIRVV;
EEIRVW;15600,30117
EEISSS;627,5564,28244,31671,32051
EEISSV;31429
EEISSW;15732,16182,16647,25042,28682,31083,31429,32093
EEISSZ;16176,16476,16477,16514,16576,25317,25319,28625,30329,30439,30522,30730,30815,30839,31138,31211,31413,31663,31673,31766,31909,31983,31998
EEISTV;20978,30468
EEISTW;15805,30816
EEISWZ;16584,30329,31739
EEITTW;16192,21857,24710,30440,31617,31636,31829
EEITTY;16398,21857,24710,25122,25123,28293,30241,31128,31793,32081
EEJJNU;30531,31539
EEJKRR;1238,15605
EEJLSW;27722
EEJLSY;7170
EEJLYZ;
EEJNNT;7171,31689
EEJQRU;
EEJRST;12970,13844,16659,27453,31542
EEJRSY;
EEJSSS;16665,25368,32110
EEJSSU;30531,31541,32110
EEKKLR;2267,22779,24728,28695
EEKKNO;22016
EEKKSY;32111
EEKLMP;4061
EEKLMY;30403
EEKLNN;16111,16668,31694
EEKLNR;3192,7090,9182,10193,16668,16669,25098,25372,28695,31437,31545
EEKLNS;
EEKLNY;9182,30535
EEKLPR;373,4061,15504,16294,16672,24728,28695,30533,31545,32118
EEKLPS;
EEKLRS;22017,22087,22088,30662,31439,31547,31696,32119
EEKLRT;13846,21993,24824,24846,25372,28699,30533
EEKLRW;1242,15775,16669,16672,25376,27858,27933,28473,30791,32118,32119
EEKLSS;12842,16671,32116,32119
EEKLSV;30114,30405
EEKLSW;3935,20858,28249,30535,31439,32119
EEKLSY;22088,23722,24987,25377,30403,30535,30936
EEKLTT;20999,21861,24846,25372
EEKLWY;10452,16359,30403,30535,30856
EEKMNU;10195,13848,30274,31327
EEKMPR;32121
EEKMRS;22017,25188,30122,30537,31696,31697,32123
EEKMSS;25189,31441,31698
EEKNNR;7093,15611,16668,23929
EEKNNT;7093,7173,13853,16668,21925,31694
EEKNOS;6554,7048,20928
EEKNOT;30538,30716,31076,31082
EEKNPP;8982,15744
EEKNRR;7090,20618,21994,22016,30400,31437,31703
EEKNRS;
EEKNSS;28703
EEKNST;31551
EEKOPS;16200,25374,31075,31708
EEKORV;25181,31078
EEKORW;24731,25376,28473,30791,31083,31440,31705,31713,32118,32119
EEKOSS;7051,15776,16196,16199,16200,16375,21859,30338,31083,31441,31691,31710,32119,32122
EEKOST;8354,24954,25377,32114
EEKOSV;16200
EEKPPU;31700
EEKPRR;2219,4064,16672,24731
EEKPRS;
EEKPRU;24992,25050
EEKRRU;13848,13857,16195,16678
EEKRSS;31710
EEKRST;21001
EEKRSU;30662,31547,31696
EEKRSV;4063,6944
EEKRSW;21521,25198,31305,31439,32111,32124
EEKRSY;10101,22088,30122,30936,32111
EEKSST;6923,10450,15615,16687
EEKSTY;24987,25377
EEKSVY;30405
EELLMR;13670,16205,16690,16692,20938,21478
EELLMS;
EELLNT;1246,7182,7183,7189,13578,13865,13866,16691,16692,16706,23780,24802,28708,30339,30401,30700,30716,30798,30862,31694,31730,32126,32129,32135,32136
EELLNW;24903,28110,28705
EELLOP;5965,6562,7184,21480,21961,24609,24734,25383,30533,31446,31728,32135
EELLPT;16108,21480,21961,25210,25383,28372
EELLRS;
EELLRT;3954,3992,7053,15546,15616,16019,16205,16692,32126
EELLRU;7185,7188,7192,16692,16701,20677,20938,31543,31559,31732,31742
EELLRY;4071,5671,5910,5969,10465,15619,15780,24736,24737
EELLSS;24532,27724,30124,30125
EELLSV;15506,16718,30124
EELLTV;7105,16691,16702,16706,25107,28111,30339,30402,30862,31715
EELMOT;7115,7195,12976,13473,13868,13883,16214,16691,16728,21868,21906,21929,21979,28113,30559,30867
EELMPS;
EELMPT;4061,4078,6951,7204,32160
EELMRS;23009
EELMRT;28699,30276,30867,31234,32157
EELMRU;7204,16692,16720,20938,31452,31757
EELMRW;3909,12942,13536,16731,28325,28494
EELMRY;6460,6526,7116,7206,10479,13670,15628,15783,16436,27393,30276,31236,31452,31784,31785
EELMSS;27727,27818,27834,27835
EELMST;
EELMSU;20596,20666,24738,25391,25395,30746,31570,32114,32151,32155,32159
EELMSY;7206,15783,16020,16217,16436,16695,16724,22100,30342,30403,31105,31236,32127,32130,32170
EELMTT;4080,15881,24669,30867,31757,31759
EELMTY;10308,10471,13866,15628,16119,25383,27351,28714,30276,31452,31784,31785,32150,32170
EELNNT;1255,4084,6948,9944,10482,15624,15635,16220,16221,16755,16756,16757,20686,21872,28113,28721,30126,30277,30555,30870,30871,32155
EELNNV;5974,9199,13278,21872,30126,30871
EELNOS;27837,28327,30128,30275,30557,30566,30991,32128,32134
EELNOV;9199,15636,21872,23949,25407,31437
EELNPS;30556,30566,30991
EELNPT;6953,7212,15638,16755,16770,22108,30340,30720,32160
EELNRT;28494,30340,31352,31355,31454,31564,31576,31730
EELNRU;633,1263,6954,13480,16128,16692,21448,21522,22108,28325,28695,28726,30767,31355,32174
EELNSS;31460,32137
EELNST;
EELNSU;25391,31726
EELNSV;
EELNSW;25233,30535,30566,30816,30873,31807,32178
EELNTT;
EELNTU;4084,15625,16692,22096,22108,31355,31564,31694,32160
EELNUV;7197,13278
EELNVY;5977,15619,23949,25235,25406,25407,28378,30339,30343,30574,30718,30862,31030,31562,31688
EELNXY;6570,16703,22965,23949,27354,31816
EELOPP;4093,16483,31100,31798
EELOPR;25003,25175,30533,31357,32174
EELOPS;3937,16027,30128,31075,31114
EELORS;21912,22097,22102,30298,31439
EELOUV;7197
EELOVV;
EELPPU;24856,31700
EELPRS;
EELPRT;22108,30720
EELPRY;373,10465,16223,24736
EELPSS;27944
EELPST;
EELPSV;10204,30437,30584,31839
EELPSX;16699,22025,24754,30437,30547,31346
EELPSY;13247,23722,23956,28112,31229
EELPTT;31128,31793
EELQSU;20939,22113,24742,30353
EELRRV;25373,27510,31437,32117
EELRSS;
EELRST;
EELRSV;
EELRTT;3353,3366,4080,15616,28699
EELRTW;3992,15550,21837,23787,28494,30117,30440,31283,31352,31355,31576,31592
EELRUV;31849
EELRVV;
EELSSS;3955,12973,13920
EELSST;
EELSSV;
EELSSW;30873,32119
EELSTT;30445
EELSTU;25388,30857,30997,31085,31343,31364,31570,31789,32114,32204
EELSTV;21869,30572
EELSTW;3994,16143,30582,30816,30864,30962
EELSTY;24987,25399,27409
EELSUV;
EELSUX;
EELSYZ;4091,31124
EELSZZ;
EELTVV;4040,30402
EELTVW;28111
EELTWY;23787
EEMMNO;16673,16720,31232,32210
EEMMNR;4101,9961,13925,16404,16673,16720,21009,21877,24596,28741,28742,31603,31859,32210,32211
EEMMNS;7231,13926,21405,21866,21878,24636,28742,30355,30356
EEMMOP;16516,25264,27466,32210
EEMMOR;3960,16365,16516,16517,16720,22125,27466,32210,32212
EEMMOV;7109,16365,16517
EEMMRS;32152
EEMMRY;31452
EEMMSS;16211,16235,22126
EEMMST;4103,7231,16724,21866,21878,25388,30355,30356
EEMMSW;22124
EEMNNP;23648,23867,30453,31469,31606,31881,31884
EEMNOR;15551,16669,16720,16728,21938,22128,25273,30358,31703
EEMNOT;7232,7233,15824,15865,16048,16691,16727,16728,16818,21868,21906,22971,23073,24760,24761,30358,30538,30559,31234,32121,32157,32220
EEMNOV;7197,16691,30559
EEMNOY;10471,15824,23073,31865,32150,32232,32233
EEMNPR;27851,31042,31379,31910
EEMNRS;22101,32219
EEMNSS;21536,22101,22127,31235,31254,31256,32128,32216,32232,32233,32235
EEMNSU;2295,4104,10195,21536,22055,22127,23942,25280,25391,25428,27967,28742,30675,31478,31884,32151,32155,32159,32219,32232,32233
EEMNSW;22124,22133,32128,32226,32227
EEMNTU;1251,7183,16813,20688,21868,21878,21906,22096,22972,25428,30590,32155
EEMNYZ;27963,31453
EEMOPT;
EEMORR;3960,6994,15728,15835,16423,20669,23877,25018,25063,31440,31703
EEMORT;25394
EEMORV;
EEMOST;5989,8374,10227,10536
EEMOSV;4077,25284,28498,28501
EEMOSX;10227,13928,16248,16848,30603,30609,32158,32169,32218
EEMPRS;
EEMPRT;
EEMPRY;25432,28577,30365,31484,31784,31785,31936,32121,32220
EEMPSU;16027,16547,24690,31478,31884,31911,32159
EEMPTX;30423,30457,31785
EEMQSU;3373,3953,16547,25449,28412,32247
EEMRRT;4101,15653,16051,16731
EEMRRU;15653,15654,16051
EEMRSS;
EEMRST;
EEMRSU;24879,25449,30108,30154,30675,30709
EEMRSV;10392,13772,16556,30469,30709
EEMSSS;27839,27964,28750,30121,30134,30284,30599,32221
EEMSST;
EEMSSU;4104,25263,31441,32232,32233
EEMSSW;15671,16125,16729,27834,30363,31258,31489,31876,32128,32226,32235
EEMSTU;3373,21537,28247,28503,28573,28707,30746,31085,31251,31343,31884,32114,32151,32155,32159
EEMSZZ;16526
EENNOZ;5948,6964,10549
EENNPR;3197,9227,9962,10016,10523,10541,10550,10551,10552,16164,21881,24697,27976,27977,28770,28773,30368,30453,30474,31318
EENNPS;22090,24551,28768,30346,30612
EENNRS;27980,30135,31249,32173,32219,32254
EENNRT;30888
EENNST;25424,32155
EENNSU;2295,7242,8880,9201,10400,10481,10482,13893,13972,13976,13977,16753,16756,22066,22090,23002,25225,27515,27809,28255,28256,28591,28722,30281,30289,30594,31233,31238,31251,31259,31726,31884,31984,31995,32155,32219
EENNUV;7124,10335,13278,13893,30613,30871,31086,32257
EENNUY;31175,32107,32219
EENOPR;20969,23065,25073,31496,32174
EENOPS;10525,10527,16817,25425,30566,31504,32134
EENOPT;30883,31082,31188
EENORW;5576,7245,15793,16038,16065,16581,16728,16752,16823,21938,21939,22128,23041,24937,25233,25304,30620,31154,31184,31191,31249,31896,32174,32178,32226,32227,32249
EENORY;15560,15829,16070,16256,16258,23066,25056,25312,25461,27840,28619,28708,30222,30259,30681,31002,31197
EENORZ;31197,31728,31896,31907,32002
EENOSS;24641,31254,31296,31460,31504,32134
EENOSV;2302,16873,21542,24840,24979,31402,32257
EENOTV;9972,15991,16691,21872,27965,28751
EENOTW;5576,7245,16048,16240,16728,23981,28231,28792,31188
EENOVZ;
EENPRS;
EENPRT;16770,22108,30720,30883
EENPRY;6591,10465,10489,10552,10564,15996,16258,21881,22834,23013,24631,24736,24908,25027,25050,28798,31126,31175
EENPSS;16882,16892
EENPTU;4084,8194,9237,10550,12996,13312,13794,13974,13975,16755,22108,27977,28427,30720,31082,31183,31188,32005
EENQSU;12998,13976,13993,16868,16893,25466,25467,28341
EENQUY;
EENRRT;31494,32172
EENRRV;
EENRSS;32274
EENRST;
EENRSU;
EENRSV;10553
EENRSW;27718,27723,28351,31249,32226,32227,32249
EENRSY;16416,28803,32219
EENRTT;21879,28124,28342,30107
EENRTU;4113,16878,23059,25081,25476
EENRTV;
EENRTX;13003,16866,25339,25476
EENRTZ;10347,13803,15769,15958,16296,16473,22075,25338,28309,30620,30945,31049,31618,31657,31907,32002
EENRVV;13650,15599,15636,16587,25313,25407,28620,30461,30490,31262
EENRVY;9245,10419,10552,10564,10570,15619,16258,16603,16702,28525,28798,28803,30143,30574,30984,31267,31661
EENSSS;25368,28351,28703,30094,30121,30123,30135,30136,30141,31254,31256
EENSST;30090
EENSSU;20789,25263,31398,31405,32110,32232
EENSSV;24730,25456,28786,30141,31460
EENSSW;28351
EENSSY;4088,7213,16270,16693,25457,31289,31293
EENSTT;22133,24726,30621
EENSTU;15688,15689,32110
EENSTV;10033
EENSTW;
EENSTY;7231,16073,23076,32108,32256
EENSUV;24840
EENSVW;31402,31659
EENSVY;10122,10570,28803,30405,30612,31267,32233
EENSWY;4118,10117,31127,32139
EENSYZ;4091,25338,31003,31124,31199,31290,31413,31415
EENTTX;24689,25158,25339,25476,31209
EENTTY;6590,21857,24710,24970,30241,31128,31793,32129,32224
EENTUX;8385,13003,13794,14001,16877,16878,23695,25339,25476,27364,30810
EENTWY;21857,24710,30507
EEOOTT;23978,23981,24967,25074,25438,28124,28287,28342,28811,32260
EEOPPS;16082,25072,31168
EEOPRS;30591,32055
EEOPSS;24961,25425,30292
EEOPST;
EEOPSX;16259,21987,31507
EEOPSY;16388,16817,21982,23956,30138,30292,31003,31187,31229,31448,31493,31503,32228
EEOPTU;25016,25438,32005
EEOPTY;4093,16275,31301,31521,31936
EEORRS;30999,31298,32109,32111,32119
EEORRT;7049,13503,16866,21903,28007,28264,30190,30367,30374,31494
EEORRW;13373,15793,16015,21546,31191,31440,31703,31713,32119
EEORRZ;16423,16485,16489,27495,28559,31932
EEORSS;21859,32122
EEORST;
EEORSV;
EEORSZ;7236,16481,25067,27497,28443,28451,30206,30543,31143,32214
EEORTV;
EEORUV;23048,25427,30894,31732,32253
EEORVW;31586
EEOSST;25485,25486,28812
EEOSSY;13620,16782,21512,22145,22147,23004,23068,25485,25486,28356,31448,32112,32125,32130,32200,32305
EEOSTU;6603,10536,10584,16630,16686,22047,22113,22874,23007,23914,23918,27463,28129,28573,28707,30997,31364,31430,32114
EEOSTV;31430,31668
EEOSXY;13928,22129,30603,31243,31528,32169
EEOSYZ;16817,30603,31003,31124,31199,32214,32228
EEPPPR;16713,16905,25460,32283
EEPPST;9976
EEPRRS;30583
EEPRRT;22148,25323,28679,30145
EEPRRU;16332,16454,16533,22148,30510,30894,31742,31842,31941,32210,32211
EEPRRY;9248,13987,22148,25489,28003,28577,28679,28734,32089
EEPRSS;
EEPRST;
EEPRSU;
EEPRSV;
EEPRSW;4060,4097,4122,16065,31520
EEPRSX;
EEPRSZ;25169,28443,28467,31848,32228
EEPRTT;15693,16770,27976
EEPRTU;22108,22148,24586,24856,24992,25081,30720,32081
EEPRTW;13816,16770,16812,31352
EEPRTX;7140,7222,30423,30850
EEPRTY;
EEPRUV;30640,30894
EEPSSS;24633
EEPSST;25435
EEPSSU;7227,20995,25364,31405
EEPSSW;25042,27944,31353,32017
EEPSSY;7213,16235,16499,16788,16938,22145,24961,28677,30292,30552,31187,31289,31493,31531,32274,32310
EEPSTT;
EEPSTW;15614
EEPSTY;
EEPSWY;16938,31127,32094
EEPTTU;13975,15693,16645,16755,25328,25438,28427,28520,30640,31988,32005,32081
EEQRSU;20939,25466,25467
EEQRUU;10512,16778,24646,28637,28789,30821,30888
EEQSTU;
EEQSUU;15529,16943,22141,32039,32066
EEQUXY;
EERRSS;20687,21870,22954,31298,32115,32119,32137
EERRST;
EERRSV;
EERRTT;30931,32212
EERRTU;3977,15969,22148,28679
EERRTV;
EERRUV;21825,30894,31842
EERRVY;16603,30113
EERSST;
EERSSU;
EERSSV;23989,30141,32122
EERSSW;5995,16647,16865
EERSSX;20942
EERSTT;
EERSTU;22874,23779,31524
EERSTV;
EERSTW;
EERSTX;21960,30333,30806,31324,31952
EERSTY;15697,16950,30378,31435
EERSTZ;7236,15533,30206,32214
EERSUV;30709
EERSVV;25484
EERSVW;
EERSVX;16949,30176,30519,30633
EERSVY;10122,10570,16288,30879,31267,32200
EERSZZ;21871,31681
EERTTT;2263,4115,9982,10417,15484,15643,15666,16142,16232,16916,21879,31291
EERTTV;2264,4038,6974,10440,10446,10447,15458,16492,16551,16645,28737,30107,30116,30394,30640,31661,32260
EERTTW;16770,28811,31617,31636,31829
EERTTX;
EERTUV;10108,10369,10446,15948
EERTUY;6597,7216,10258,22148,25434,25447,27432,28584,28679,28724,31452,31849,32081
EERTVV;
EERTVX;4039,10447,27987
EERTWY;15876,20962,23787,30225
EESSSS;1273,6970,7156,7266,10428,10448,15483,15526,15601,15657,15675,15795,16079,16615,16741,16764,16835,16890,16900,16901,21876,23990,25082,25196,25314,27735,28641,28703,30335,30369,30504,30505,30542,30619,30890,31162,31256,31261,31464,31504,31516,31662,31663,31958,31978,32024,32051,32110,32170,32182,32183,32195,32274
EESSSY;28677,30378,30544,30860,31369,31435,32170
EESSTT;30987,32236
EESSTU;16291,25364,27375,30935,32110
EESSTW;7259,28812
EESTTU;4119,13600,15688,15689,16688,23918,30621,30857,30934,31364,31430,31995
EESTTW;16072,22133
EESTTX;1275,4057,28676
EESTTZ;4099,7267,30988,31415,32018,32029,32104
EESTWY;30507
EETTZZ;
EFFFOS;
EFFGIN;4128,22154,32314
EFFGIR;
EFFGIU;15701,16955,22154,32314
EFFGIY;4128
EFFGOR;32322
EFFHRU;32322
EFFIIR;14031,25513,28833
EFFILP;
EFFILR;1284,16952,32344
EFFILS;4130,30673,32345
EFFIMO;
EFFINR;2316,16973,24004,28837
EFFINT;16956,16964,16973,28837,32324,32343
EFFIOS;32321,32330,32331,32332,32334
EFFIRS;
EFFKOY;
EFFLMU;22154,32343
EFFLOP;16979
EFFLRU;32344
EFFLUX;
EFFOPU;
EFFORS;32330,32355
EFFORT;
EFFORX;
EFFOST;16982,16985
EFFPRU;
EFFRSU;
EFFRTU;15701,25513,30679
EFFSTU;32341
EFFTTU;4127,9896,16953
EFGGOR;
EFGILN;
EFGINN;21817,30661,30684,32313,32400,32428
EFGINR;
EFGINS;25527,32423,32451
EFGINT;23081,25532,28034,28040,32324,32440,32451
EFGINU;17015,25532,30694,32362
EFGINY;10613,25527,32423
EFGIOS;16998,17036,17039,24009,25531,27531,30157,30690,32321,32326,32367,32368,32376,32388,32395,32408,32438,32445,32453
EFGIRS;7274,30690,32370,32371
EFGIRT;32324
EFGIRU;
EFGISU;8391,17015,24799,30694,32384,32395,32451
EFGLLU;28839
EFGLNU;4144,10621,15467,24558,24563
EFGLOR;7273,10622,17006,28843
EFGLOS;2315,14052,27531,32376,32435,32456
EFGLSU;30707
EFGMNO;17024
EFGNOS;3390,10620,17024,17039,25531,27532,30157,30712,32326,32367,32388,32408,32438,32445,32454
EFGOOR;
EFGORR;25530,32325,32440
EFGORS;30157,32388,32408,32445
EFGORT;21553,32324,32369,32440,32447,32448
EFGORW;32425
EFGOSY;17039
EFGRSU;
EFGSUU;21554,21889,32453
EFHILS;27745,32330,32371,32469,32479
EFHIRS;10624,10634,32479
EFHISS;6607,13348,14066,14067,15732,16998,17075,17076,21020,22174,25535,25540,25546,25547,30728,32334,32470,32482
EFHIST;16998,32395
EFHLSS;
EFHLSY;28872,32329,32469
EFHMUY;17079,27535
EFHNOS;17075,24810,30162,30739,32334,32388,32458,32460,32470,32482
EFHOOR;14057,21017,25545,30164,30748,32322,32398,32495,32498
EFHORT;32385
EFHRRU;
EFHSTT;17080,24567,32395,32466,32467,32480
EFHSTW;4152,15741,17060,30725,32387
EFIIKR;14077,20863,24813,25522,25562,30168,30693,32372,32519
EFIINT;2327,7272,9279,10612,10613,16964,25557,25561,25569,32518
EFIIRS;22180,22184,27541,28844,28852,28886,28899,32403,32519,32544
EFIISW;28869,30768
EFIIVX;
EFIKLO;
EFIKNR;6479,15744
EFIKNS;10668,23084,25555,32373,32470
EFIKRS;10602,17121,25539
EFIKRY;
EFILLR;4159,8398,17006,17122,17123,17126,17129,21818,21897,30795,32523
EFILLS;32561
EFILLT;17093,28839,30700,30798,32343,32523
EFILLY;17129,30797,32426
EFILMR;21897,25583,28921,30795,32567
EFILMT;9291,22171
EFILNO;4160,32529,32559
EFILNS;
EFILNT;30753,30798,30810,30814,32336,32337,32347,32461,32528
EFILNY;17134,17147,21423,24017,24019,24831,28872,30762,32469,32529,32553
EFILOO;32580
EFILOS;27538,28886,28899,32376,32479
EFILOU;4160,17097,23090,24823,30702,30798,30804,30810,32344
EFILPP;
EFILPR;17126
EFILRR;28847
EFILRS;4157,14087,22180,22185,28886,28899,32370,32371,32462,32479,32582
EFILRT;
EFILRU;21897,30767,30795,32344
EFILRY;17123,17147,30738
EFILSS;
EFILST;32336
EFILSU;17143,30673,30764,32316,32345,32473,32561,32572,32582
EFILSX;30176
EFILTU;1286,7284,9291,14043,17093,17097,23090,28084,28839,30702,30798,30810,32343,32407
EFILWY;32329
EFILZZ;
EFIMOT;3395,25568
EFIMRR;20669
EFIMRS;23091,25594,25595,27756,28830,28877,30154,30675,30709,32595
EFIMRT;
EFIMRU;17025,21897,22186,23091,25594,25595,28870,28877,30154,30763,30795,32590,32593,32595
EFIMST;
EFINNR;
EFINNU;6612,14092,14108,17022,21900,24816,25532,25569,28851,28891,30774,32362
EFINPR;24014,24819,28911
EFINRS;32458,32521,32548,32606,32609
EFINRY;17123,17147,17177,24831,32529
EFINST;30816,32451
EFINSU;4163,4171,16967,17128,17152,24840,24841,25590,30816,32451
EFINZZ;
EFIOOR;24026,24791
EFIOOT;23092
EFIORS;17180,17182,23559,24842,25587,25592,25594,25595,27541,28886,28899,30157,32476,32478,32479,32520
EFIORW;10021,17140,32479,32606,32609
EFIORX;17153,27541,28102,32478
EFIORZ;13370,21558,22184,28900,32608,32609
EFIOST;32376,32395
EFIOSX;27541,32544
EFIPRS;28944
EFIPRX;30850
EFIQSU;17113,32341,32516,32582
EFIRRS;6615,10624,21314,32410
EFIRRZ;17137,30158,30771
EFIRSS;28852,32401,32519,32521,32548
EFIRST;
EFIRSU;23091,25594,25595,28934,28935,32582,32595
EFIRSV;10666,13022,14069,21901,24576,27761,28105,30176,30709,32462,32546,32551,32569,32582
EFIRSX;27541,32544
EFIRSZ;22184,28906,32570,32608,32609
EFIRTT;30781
EFIRTY;
EFIRUX;23089
EFIRVY;32432
EFIRZZ;
EFISST;21020
EFISTT;32395
EFISTY;17134,17141,21024,21027,25543,32387,32451
EFISWY;30744,32329,32387,32560
EFISZZ;32516
EFKLSS;25608,30731,32459,32555
EFKLSU;6993,21028,28893,30857,32317
EFKLUY;
EFKNRU;27547
EFKORR;
EFKRSU;6993,30662,30794,32317
EFLLOS;14052,22191,32489,32625,32626,32630
EFLLOT;23093,28111,30716,30798
EFLLOW;21905,30856
EFLLRU;4144,17126,22193,32523
EFLMNY;17095,17134,28921,28948,30762,32505,32553
EFLMSU;17046,17197,17207,25549,28088,30763,30803,30869,32473
EFLMSY;17079,32626
EFLNNU;6612,14092,16981,17022,28925,30719,30871
EFLNOS;
EFLNOT;21906,23093,30702,30716,30798,30810
EFLNOY;24017,24028,25614,27376,28948,28956,32559,32620
EFLNPU;10031,17126,24848,28931,30720
EFLNSU;
EFLNTU;7284,17097,28951,28953,32343
EFLOOT;17048
EFLOOY;30856,32559,32628
EFLOOZ;
EFLORR;6994,6995,13214,14132,17210,17214,27746,28958,30190,30192,30867
EFLORS;22179,22180,32520
EFLORT;
EFLORU;1299,10622,24823
EFLORW;
EFLORX;17153
EFLOST;32376
EFLOSU;32625
EFLOSX;3405
EFLOSY;15787,22191,24028,27548,28899,32560,32619,32620,32625,32626,32628,32630
EFLOUW;28110,32640
EFLPPU;24856,28958,32638
EFLPRU;24848,24856,30720
EFLPSY;14090,17141,17203,22191,25543,28112,32563,32625
EFLRRU;
EFLRSU;32582
EFLRSY;21551,22947,27548,28899,32626
EFLRTU;22193
EFLRUU;17150,22192,22193,30821,30875,32641
EFLRUX;23089,32478
EFLRUY;7270,17034,17083,24027,24803,28925
EFLSSU;8400
EFLSTU;
EFLSTY;14137,15787,17134,17141,17229,32619,32628
EFLSUU;10706,25506,25507,25613,32317,32355,32582
EFLSUX;32478
EFLTUY;15787,17034,17083,17205,17206,32407,32619,32637
EFLUZZ;
EFMNOR;32354,32631
EFMNOT;3395,14074,17162,21906,25568,28920,28951
EFMNRU;27770,28121,32354
EFMORR;20669,21022,30867,32498
EFMORS;25582,25594,32520,32623
EFMRRU;21823,22186,27770,28119,32642
EFMRSU;23091,25594,25595,27528,28877,30154,30709,30763,30869
EFMSTU;14138,17197,22195,25549,30746,30869
EFMTUY;
EFNNRU;28118,30888
EFNORR;25530,27740,28102,30180,30181,32325
EFNORS;27532,28108,30712,32367,32454,32458,32606,32609
EFNORZ;21558,22184,32609
EFNOST;
EFNOSY;17039,17147,17186,21562,24028,30889,32560,32620
EFNRTU;4137,13351
EFNRYZ;
EFNSTU;4171,17113,17116,24841,25574,32451,32515
EFOORR;25621,32498
EFOORT;32498
EFOORW;16980
EFOPRT;
EFORRU;4172,22186,28882,28958,30679,32642
EFORRV;32538,32589,32604
EFORST;
EFORSU;17180,21315,27528
EFORSY;21027,21315,21562,21568,27548,28899,30889,32626
EFORTU;24811
EFORTW;
EFORWW;
EFOSSS;10714,16984,17043,17075,17076,17165,17232,25546,25578,25606,25623,28122,28128,28944,30741,30838,30839,32334,32606,32615,32648
EFOSTT;16992,22194,30721,32395
EFOSTU;25515,28123,32395,32541
EFRRSU;
EFRRSY;21568,27548,30194
EFRRTU;3391,24034,32642
EFRRUU;
EFRSSU;3392,28967
EFRSSW;14107,17142,17184,17189,22197,28965,30863,32493,32606,32609,32635,32640
EFRSUZ;28906,32570,32608
EFRTTU;24811
EFRTTY;4188,17177,30722
EFRTUU;17150,22193,30821,30888
EFRTUX;
EFSSSU;4184,15792,17232,23094,25540,25547,32348,32572,32579
EFSTTU;4171,22194,24841,25574,25613,30857,32395
EFSTTY;14137,17205,17229
EFSTUZ;17116
EFSUZZ;32516
EGGGIL;
EGGGIN;17254,32661
EGGGLO;21029,22198,32655
EGGGLU;32654
EGGGNO;14153,17254,21029,22198,22199,28970,28972,30901,32655
EGGHIL;10721,32665
EGGHOR;6621,10725,17268,32679
EGGHOT;17272,32680
EGGHRU;4136,6484
EGGHSY;4191
EGGIIL;17277
EGGIIN;10727,14159,17256,17288,28980,32365,32698
EGGIIP;17288,28975,32668,32686,32697
EGGIJL;32654
EGGIJR;32654
EGGILM;17277,22206,22209,28975,32683,32715,32716
EGGILN;22209
EGGILO;4195,21029,22198,22209,23095,25632,28970,30900,32710
EGGILR;17277
EGGILS;8405
EGGILT;15803,28973,32666,32691
EGGILU;
EGGILW;22198
EGGIMN;379,14153,21573,22209,28975,32668,32678,32698
EGGIMO;7311,14153,17268,22209,25633,32698,32715,32716,32728,32732
EGGINR;32369,32707
EGGINS;25636,32678
EGGIPU;17288,32686
EGGIRR;28978,30209
EGGIRT;32369,32682,32691,32704,32707,32728,32729
EGGIRW;17268
EGGISU;30925
EGGJLO;
EGGJLU;
EGGJOR;
EGGKSS;17290
EGGLLY;17324
EGGLMU;
EGGLNO;21029,21577,22198,22209,28970,28993
EGGLOO;10726,22209,32715,32752
EGGLOR;
EGGLOT;17272
EGGLOW;22198
EGGLPU;17272,32686
EGGLRU;
EGGLTU;17272,17300,32720
EGGMRU;
EGGNRU;17323
EGGNSU;32678
EGGNTU;17299,17300,17305,17323,22199,32359,32680,32729
EGGOPR;32744
EGGOPS;17267,17271,17273,32710,32726,32744
EGGORR;4189
EGGORS;17334
EGGORT;4189,4198,7315,10739,32369,32707,32728
EGGORU;6627,13026,21576
EGGOSU;4204,13410,13412,15806,17273,17329,32751
EGGPRY;
EGGRRU;21825
EGGRSU;
EGGRTU;4136,15823,17323,32729
EGHHIR;10740,14176,17339,17340,17344,30213,32758
EGHHIT;
EGHHSU;17345,17346,17350,32759,32763
EGHHUW;
EGHIIN;10747,10748,23098,23099,25518,32373,32673,32789,32792,32800,32801
EGHIKS;17266,17369,29011,32373,32812,32814
EGHIKT;15838,29011,32769,32812,32813,32814,32815
EGHILN;
EGHILS;4209,10758,17380,32371,32822,32827
EGHINO;4215,15840,17368,17386,22225,30218,30955,30972,32679,32680,32815,32826
EGHINR;
EGHINS;4218,7309,32373,32789
EGHINT;
EGHINW;32798
EGHINX;4219,10723,22217
EGHINY;4219,10753,10757,17341,17394,25521,25660,25663,32789,32826
EGHIOT;10775,17354,22982,24881,30218,30967,32838
EGHIRS;30989
EGHIST;17441
EGHISW;32843
EGHITW;15838,17440,32798
EGHITY;10757,13029,17394,25521,25695,30976,30984,32854,32859
EGHLMP;7331
EGHLNT;24885,28158,30993
EGHLOS;21580,30991,32376,32824,32825
EGHLPU;17272
EGHLSY;10761,17444,17457,17464,17465,17470,25663,29011,30963,32371,32387,32780,32825,32829,32894
EGHLUY;
EGHMMO;4215,17368,17399,17471,25674
EGHNOR;3202,15867,17348,17480,21919,22240,30222,31002
EGHNOS;
EGHNOU;20865,28151,29030
EGHNRU;22231,32359
EGHNST;
EGHOPR;382,1310,2350,7002,7328,7329,7331,10725,10769,10787,10793,14202,15858,17339,17344,17349,17399,17480,17482,17486,17487,17488,21919,22216,25675,25688,29037,32398,32765,32821,32864,32870
EGHOTT;17004,17496,31004
EGHRSU;3203,14206,17005,17350,17476,17497,22245,32763
EGHSSU;4237,24046,29008,29010,29015,32384,32890,32901
EGHSTU;4235,4237,7008,7336,17345,17350,17438,17476,17497,22245,30997,32807,32847,32885
EGIIJL;17502,32402,32929,32930
EGIIKN;17503,21034,22218,23098,23099,23105,23106,24049,24887,25523,25642,25644,25719,25723,32373,32766,32944,32945
EGIILL;4238,4239,15878,15879,17006,17504,25715,25726,32402,32929,32947
EGIILR;4244,17006,17556,22879,25646,25728,32913
EGIIMM;10814,22270,25708,31017,33016
EGIIMN;23098,32949
EGIINN;10727,17583,23099,25650,25719,32313,32929
EGIINP;17288,17360,21318,22165,27571,28033,28182,28183,28980,29104,30942,32798
EGIINR;25508,30231
EGIINT;6022,7272,7342,10613,17576,17583,20950,24591
EGIJLN;17502,20696,32930
EGIJNW;
EGIJRS;3938,5585,22282,25713
EGIKLN;21041,32314
EGIKLR;10831,13400,17617,22252,23561,29115,31078
EGIKLS;13430,29011,29060,33096
EGIKNR;32945
EGIKNU;17625,17632,22284,23103,25719,25767,31076,31082,32314,32815,32932,33095
EGIKNW;27787,32815
EGIKNY;10753,32655
EGIKRS;5793,25723,25725,31083,32943,32945
EGILLN;29063
EGILLR;24902,24903,31072
EGILLT;21603,22247,24904,28839,29014,29121
EGILLU;31086,32816,32823,33112
EGILMN;22206,22209,22262,31100,32962,33144
EGILMP;15900,17277,17679,21584,22262,28975,29069,29124,31100,32716,32911,32913,32962,33146,33150
EGILMS;
EGILMT;25779
EGILNN;21047,21817,24905,30215,30684,30701,31096,31106,32929,33156,33161
EGILNO;15840,17618,23095,23100,30701,32826,32984,33144
EGILNP;
EGILNR;
EGILNS;
EGILNT;
EGILNU;31086,32992,33156
EGILNZ;6028,14210,14281,15495,15498,17276,17517,17526,17540,22266,25736,29068,30097,30705,32688,32692,32826,32918,32962,32970,32984,32999,33144,33190
EGILOO;10759,10876,13027,14183,17384,17670,20648,21049,22209,22225,22291,22308,24904,25773,27574,28172,29143,30955,30967,31078,32715,32828,32838,33144,33170
EGILOP;4288,10849,17339,17679,20695,25673,32758,32838
EGILOR;2369,4288,10831,17339,17741,23113,25673,25745,31078,32758,33217
EGILOS;
EGILOU;22289,25745,30702,31076,32953,33127,33128,33129,33156,33180,33190,33210,33217
EGILPR;4243,4244,4287,4288,17032,17277,17339,17395,17741,25673,31014,31093,32758,32913
EGILPT;25744,25799
EGILPY;17395,17679,20695,25673,32758
EGILRS;
EGILRT;4260,25779,25799
EGILRU;17528,17685,17693,32992,33217
EGILRV;7273,33005
EGILSS;21036,31097
EGILST;
EGILSU;4245,8391
EGILTU;32407,33217
EGILTW;7018,29014
EGIMMR;22270,23117,25633,25708,32728,33015
EGIMMS;14163,17398,17756,21937,22312,33221
EGIMNN;30684,31096,31151,33223
EGIMNP;23119,25662,25771,25775,25777,31100,32716
EGIMNR;
EGIMNS;
EGIMNT;32657
EGIMNV;9039
EGIMNW;32785
EGIMNY;17341,17773,17789,25526,25648,29084,32409,33236
EGIMOS;21445,32853,32855
EGIMPU;22228,33223
EGIMPY;17679,29069
EGIMRS;25747
EGIMST;
EGINNP;
EGINNR;
EGINNS;
EGINNU;25532,25719,32362
EGINNW;21047,23124,25820,33118,33252
EGINOO;6034,7324,14183,17384,17670,20648,21574,22209,22225,22291,22324,25674,30955,30972,32698,33144
EGINOP;7324,8412,10765
EGINOR;
EGINOS;
EGINOT;5588,6022,6034,17254,17854,20950,22199,23081,23109,23111,24603,24881,25532,31082,31183,31188,32680,32735,32815,32859
EGINOW;20593,31188,31191,32700,32815,32984
EGINPP;32798
EGINPR;21318
EGINPS;
EGINPU;4278,17288,17709,22228,28033,31082,31183,31188,32686,32801,33180
EGINPY;30976,32735
EGINRR;30931,31214
EGINRS;
EGINRT;
EGINRU;5493,5589,20602,25714,32992
EGINRW;
EGINRZ;
EGINSS;
EGINST;
EGINSU;
EGINSV;1705,10735,17836,25812,33159
EGINSW;
EGINSX;7023,30249
EGINSY;32423
EGINTU;20693,22199,22227,22228,25532,25687,25829,25849,31082,31151,31183,31188,32680,32859,33092,33223
EGINTW;17773,32798
EGINTY;6644,7384,10613,10757,10875,15939,17394,17600,17773,24945,25521,25734,25743,29050,29065,29071,30700,30963,30976,31030,31128,32423,32451,32735,32859,32917,33129,33133,33178,33180,33198
EGINVX;2383,17601,17852,33031
EGINVY;17600
EGINWX;7023
EGINXY;4219,10875,17645,25743,33133
EGINZZ;
EGIOOR;
EGIOOS;
EGIOPR;382,4288,10769,10849,17032,17339,17399,17741,25673,32758
EGIOPS;8420,9310,13406,14164,14308,33082
EGIORR;10095,21038
EGIORS;9347,27582,31083
EGIORT;
EGIORV;31078,32809,33005
EGIOST;33104,33105
EGIOSV;24058,25711,25812,29075,29090,30985,31116,31160,32809,32968,32977,32983,33005,33066,33159
EGIOTY;7359,7384,14348,17798,24066,24945,25695,30259,32447,32448,32735,32854,32859,33084,33129,33178,33180,33236,33255,33283,33298
EGIPPR;
EGIPPY;
EGIPRR;32325,32437,32444,33107,33146
EGIPRS;31014,31036,32884,33219
EGIPRY;14190,17395,17436,25673,32758
EGIRRS;
EGIRRV;4196,4324,17501,17752,17801
EGIRSS;
EGIRST;21833
EGIRSU;
EGIRSV;32809,33005
EGIRSY;22337,33247
EGIRSZ;21833,33137,33209
EGIRTV;
EGIRTY;10836,17605,24066,32854
EGIRUZ;30711,32692,32999,33210
EGISST;30272,31066
EGISSU;30935,31097,32656
EGISTU;31012
EGISZZ;
EGJLNU;6037,20696,31068,32930
EGJLTU;14352
EGKLSU;31074,33095
EGKMSU;3953,14353,33098
EGKNOY;32655
EGKNRS;25701,25723,32943,32945
EGKRSY;2386,10101,29013,30936
EGLLOR;21576,30717
EGLLOS;3457,6409,14052,30991
EGLLRU;3456,4144,4335,17886,21576
EGLLTU;28839
EGLLUY;27573,30718,32426,33129,33133
EGLMOS;4327,17900,21945,28994,31233,32887,33319
EGLMSU;391,4339,17688,32887,33319,33321,33322
EGLNNU;9351,13474,22300,23740,24071,29130,31086,33156,33161
EGLNOP;7332,15858,17451,32455
EGLNOR;4341,7403,23113,24068,25786,33123
EGLNOS;30275
EGLNOU;6037,17709,22289,32953,33127,33128,33156,33190
EGLNPU;4278,7030,17709,32686,33156,33180
EGLNRU;24563,24803,30160,32934,32992
EGLNST;
EGLNSU;
EGLNTU;21947,29192
EGLNTY;6644,10875,15939,17888,17897,17903,25734,25743,29065,29071,29190,30276,30700,31030,31128,32917,33129,33133,33150,33178,33180,33198,33323
EGLNUU;21947,22289,32992,32998
EGLOOY;13030,22308,22340,29195
EGLOPR;22267,24609,25789,31234,33146,33174,33177
EGLOPS;2348,3937,10933,17464,17465,32894
EGLORS;
EGLORU;10622,17685,17886,21576,25745,28843,32813,33217
EGLORV;30993,31078,33182
EGLORW;16038
EGLOSS;20701,22341
EGLOST;24954,31245,31247
EGLOSV;21948,29075,31116,32824,32968,32977,32983,33159
EGLOSY;16020,17464,17465,17678,17894,22298,30936,33218
EGLOSZ;7358,16042,17684,30921,33153,33209
EGLOUV;16043
EGLOUY;10935,17917,29194,33218
EGLPRU;
EGLRSU;
EGLRTU;32813
EGLRUY;24803,27586
EGLRYY;17703,17733,22340,33197,33336
EGLSSU;20701
EGLSTU;2395,30997
EGLSUY;29194,32750,33218,33331,33333
EGLTTU;32720,33127,33190
EGLUZZ;22296
EGMMRU;33339
EGMMRY;33338,33339
EGMNNU;10764,14300,17765,21606,29151,30719,30970,31151,33223,33229,33234,33340
EGMNOO;16046,22240,25674,30972,32698
EGMNOR;22240,29197,31250
EGMNOS;
EGMNOU;29184,30274
EGMNOY;15824
EGMNRU;1334
EGMNSU;376,391,1334,32750
EGMNTU;20693,21589,22227,22228,25727,29151,32428,32657,32729,32852,33141,33223
EGMNUU;17921,24098,27557,29031
EGMOOS;17900,25729,30917,31160,32827,32887,32966,33151,33244
EGMORS;
EGMORT;13488,14311,15965,17798,22240,25779,31153,31234,31250,32854,32900,33026,33030,33236
EGMORU;17685,17886
EGMOST;14359,17329,17900
EGMOSU;4300,7382,13410,14308,17329
EGMRSU;24879,25747,30154,30709
EGMRTU;14266,17476,17887,22264,22299,32852,33023
EGNNNU;15974,17938,25767,32362,32930,32959,33043
EGNNOO;16046,17330,17451,22339
EGNNOS;21043,21835,22210,23121,25531,25635,25812,30248,30249,30999,33104,33105
EGNNOU;17765,22212,22988,23130,24919,25532,25818,25826,32397,32441,32679,32680,32731,32859,33088,33089,33156,33234,33255
EGNNRU;
EGNNYY;14364,17703
EGNOOR;21919,22240
EGNOOT;6034,6039,6626,7315,9356,14327,17048,17695,17837,17904,17943,21574,22240,22324,31153,33236,33270,33323
EGNOOY;
EGNOPS;
EGNOPU;17709,17920,24073,29030,29158,29184,31082,31183,31186,31188,32455,32686,32869,32905,33027,33156,33175,33180,33331,33344
EGNOPW;31188,32700
EGNORS;
EGNORT;22240,30222,30993,31002,31234,32455
EGNORV;7028,16037,16060,30993,31250
EGNORY;22226,22330,29174,30222,30259,31070,31197,32448,33123,33124,33186
EGNOSS;10788,10930,17891,17908,17933,22341,24955,30278,31242,31254
EGNOTT;17048,31004,31006
EGNOTU;17709,25532,25849,30702,31076,31082,31183,31188,32455,32953,33092,33127,33128,33129,33180,33190
EGNOXY;17943
EGNPRU;10116,10941,17920
EGNPSU;32905
EGNPUX;25829,29158
EGNRTU;
EGNRTY;23626,30222,30276,31002
EGNRUY;32450
EGNSTU;17949
EGNSUU;3472,17849,17944,17949,21615,29167,31260,32800,33342,33346
EGNUVY;22333,30718
EGOOPR;1310,10932,17486,17487,17488,17911,22216,25873,29037,32398
EGOOPS;17273,17489,17490,24078,28205,28250,29144,31092,32822,32839,33151,33202
EGOOPY;17460,17487,17911,22216,25873
EGOORV;31078
EGOOSS;7418,17334,17489,20701,22341,33352
EGOOST;17900,22344,31245,31247
EGOOSY;
EGOPPT;17347,31183,32838,32895
EGOPRR;4367,7035,17486,17487,17488,17492,25873,31184,32325,32398,32437,32444,33107,33146
EGOPRS;21617
EGOPRY;14190,14202,17349,17487,22216,25873,32765
EGOPSU;4345,4360,9051,13412,14308,16027,17273,17490,17892,21617,29194,32456,33331,33344
EGOPSY;4369,10794,17464,17465,17678,17955,25698,30292,31003,32764,32909
EGORRS;1311,7025,17462,21953,30293,30999,32892,33316
EGORRU;10119,17886
EGORRW;16015,32425
EGORSS;30224,31083,32321,32809,33341,33353
EGORST;22344,30994,31247
EGORSU;32763
EGORSV;30985,32809
EGORSY;17894,17955,22298,29013,30936,33136,33137
EGORSZ;16042,16085,17684,22277,31143,32742,33066,33137,33209
EGORTV;10793,10797,17494,17496
EGORUV;22244,28258,29204
EGOSSS;1336,17813,17939,33082,33251,33284
EGOSTU;32751
EGOSTY;4369,10794,16073,17329,17464,17474,17900,17955,24093,24945,25802,31247,33105,33178
EGOSUV;
EGOSYZ;31003,31124,31199,32855,33153
EGOTTU;25849,29024,31006,33092,33127,33185,33190,33217,33298
EGOTYZ;24958,32899
EGOUVY;22333,33216
EGPPRY;32895
EGPRRU;17044
EGPRSU;32884
EGPRSY;10904,15875,15995,17337,17436,17721,17860,31056,31276,32416,33194
EGPRUW;33339
EGPSSU;29008,29010,29183,32901
EGPSTU;21451,22329,25861,32451,32884,32885,33258,33300
EGQSSU;17319,17634,17726,31211,31271,32660
EGRRSU;33342
EGRSSU;25866
EGRSTU;17350
EGRSYY;
EGRTTU;
EGRTUZ;32999
EGSSTU;17950
EGSSUY;17332,32724,32901,33188
EHHIIS;25876,28266,30939,33359
EHHIKS;25876,33360
EHHIRT;14383,17974,30213,31281,33362
EHHISS;13053,13348,17965,17972,17978,22214,25879,25880,28270,31278,32756,33372,33375
EHHIST;31285,31288,33358
EHHKST;9361,16090,23136,25876,33360
EHHNPY;4378,14393,29228
EHHRST;22349,27590,31297,33389,33403
EHHRSU;7426,17346,17350,21956,27590,29229,32763
EHHSSU;7428,16105
EHHSTY;31294,31302,33357,33363,33366,33369,33382,33389,33393,33398
EHIIMS;4209,4382,17355,18011,22220,29255,31312,32374,32771,33409,33415,33449,33450
EHIINN;10748,22218,23099,23144,23146,25642,25648,25650,31318,32783
EHIIPP;4384,4388,14402,17360,17964,32798,33356,33410
EHIIRS;10138,10990,20705,21060,30946,31312,33415,33450
EHIIST;10997,16110,18019,18023,18024,23148,24120,25914,25948,30301,31320,33408,33409,33411,33433
EHIKKS;402,33473
EHIKMV;
EHIKNO;6019,7436,17368,18029,23155,23156,24123,27596,29269,31327,32815,33474
EHIKNU;23103,29012,31327,32815
EHIKOR;7435,32330,32813
EHIKPR;24992
EHIKRS;32330
EHIKSS;22842,30731,33472,33475,33477
EHIKST;29011,31306,32812
EHILLR;18030,22366,29272,32821
EHILMU;2229,18055,22171,29240,31307,32816,33484
EHILNS;32469,33408,33431,33432
EHILOO;7445,10759,11022,11042,14183,17384,22225,23159,28287,30967,32828,32838
EHILOR;22226,22366,29218,29282,29284,30736,31308,32330,32479,32832,33368,33435,33505
EHILOS;10760,14416,25005,25976,30736,32330,32479
EHILOT;30967,33368,33435
EHILPR;22367,31308,32821,33489
EHILRS;32330,32370,32371,32479
EHILRT;31344,33435
EHILSS;
EHILST;33408,33409,33411
EHILSV;18046,21966,22368,33432
EHILSW;27593,31331,32472,32479,32843,33370
EHILTV;
EHIMMS;22374,33372,33524,33527
EHIMNR;28267,32785,33419
EHIMNS;
EHIMNT;25014,25015,31313
EHIMNU;20693,22227,22228,32816,33484
EHIMOR;17268,17399,33371,33548
EHIMOS;17267,17398,17402,18126,22368,32827,32853,32855,33361,33372
EHIMRS;33415,33417,33418,33497
EHIMRT;3481,3484,4217,16124,32852
EHIMRU;30109
EHIMST;32771,33358
EHIMSU;32855
EHIMTU;11075,20693,20956,21581,22171,22227,22228,25015,25016,26008,31307,31374,32852
EHINNN;18136,23144,26019,30325
EHINNS;7459,17370,17408,18068,18102,18103,18104,18105,23160,25978,33499,33500,33532
EHINOR;17386,20605,32679
EHINOT;18029,18113,18136,22355,29024,29233,30218,32680,32815,32859
EHINPP;2345,4388,16145,17360,25027,25653,26019,31318,32798,33410
EHINPX;10149,33416
EHINRS;
EHINRT;
EHINRW;29269,29272
EHINSS;22174,29302
EHINST;33408,33411
EHINSW;27593,30329,33448,33459
EHINSZ;3497,14459,14470,18005,18070,18112,30308,30329,31290,31401
EHINTW;29214,32798
EHINTY;17977,18141,18147,24119,26023,29313,30976,30984,31412,31413,31415,32859,33571,33582,33594
EHINTZ;15536,22992,25641
EHINUV;25696
EHINWY;17341,17977,30964
EHIOPR;382,7002,7329,14434,17344,17399,21064,22361,22376,23164,24131,24134,25673,25675,25970,28316,29315,32821,33371,33379,33526,33548,33599,33607
EHIOPT;7424,18029,18122,22361,27603,33526,33599,33604,33607
EHIORS;32330
EHIORT;33368
EHIOSS;11099,17075,22378,22383,29312,31429,32334,33372
EHIOST;
EHIOTT;20871,23170,24147,25886,25894,26037,27821,28287,28293,29233
EHIPPR;
EHIPRS;
EHIPSS;22951,30322,31372,33613
EHIPSZ;17433,30323,31290,31400,31401,33414,33522,33580,33609
EHIRRS;33591
EHIRSS;
EHIRST;
EHIRSV;
EHIRSW;24542
EHIRSX;11097,11111,16144,21960,22362,25041,27605,31324,31361,31367,31407,32478,33587
EHIRTT;14488,17063,18139
EHIRTV;8474
EHIRTW;
EHIRTZ;8324,8474,15844,16124,17367,25924,32380
EHISSS;11119,13053,17076,24565,25546,26006,33372
EHISST;
EHISSV;22364,22368,24149,29246,29312,33579
EHISSW;15732,22172,22383,30329,31341,32332,33459
EHISTT;
EHISTU;405,2459,10985,11126,16193,17345,17438,17970,18024,18179,23148,24144,27830,31430,32807,32885
EHISTW;7044
EHISZZ;3504
EHITTW;
EHITWY;17977,29321
EHJOPS;2473,25955,29330,33614
EHJORS;2473,20606,21631,33614
EHJOSS;16194,18027,33472
EHKLPT;
EHKLSW;858,3935,6673,7474,14416,18187,25899,31439
EHKLWY;
EHKMSS;25959,29237,32459,32470,33417,33418,33472,33475
EHKNOR;13068,14493,29269,31442
EHKNOY;11137,33474
EHKNRU;6062,25050
EHKNUY;
EHKOOR;31442
EHKOOY;
EHKORS;16201,18188,30337,32330
EHKORW;18040,29269
EHKORY;20966
EHKRSU;21976
EHKSTY;18189,29011
EHLLOR;13069,14388,14421,14497,14499,18201,22366,23158,25897,29272,29333,31333,32396,32821
EHLLOS;
EHLLRU;24808,32396
EHLLSS;6676,16960,17965,18043,18194,20707,21633,22170,24150,25880,28283,29334,32491,33483,33485,33615,33621,33623,33625,33626
EHLLSY;4220,17444,18052,18196,21977,27832,31444,31448,33421,33624,33626
EHLMMU;12919,21979,31452,32816
EHLMNU;18206,29240,32816,33484
EHLMOP;7331,11022,14502,16212,17963,18061,18204,22367,22386,23159,24997,25878,25970,26075,28324,31337,31446,33362,33426,33474,33489,33627,33629
EHLMOS;17082,22350,22368,22387,30746,31457,31458
EHLMOY;11158,17447,22386,23180,26074,26075,29275,33363,33629
EHLMSW;3994,16204,31331,31457,31458
EHLMTY;1992,16119,17447,22386,23180,26075,31452,33627
EHLNOP;4221,4378,7332,10205,10641,14504,15858,16212,17451,17981,18204,18218,29030,29336,31446,33627,33631
EHLNPY;4378,14504,16223,18057,29336,33484,33627
EHLOOS;7425,17983
EHLOOY;6677,8483,13030,14197,18220,24153,24158,26074,29336,31453,33629,33641
EHLOPP;32838,33356,33627
EHLORT;29333
EHLORW;17386,22366,32495
EHLOSS;20707,23175,26076,33615
EHLOST;22350,22387,30746
EHLOSU;8485,17346,18229,20604,20622,21083,21635,22350,22387,27597,29283,30299,30746,30997,31364,32887,33512
EHLOSV;18046,18092,18227,21966,25005,25967,32824,32844
EHLOSW;14416,14509,30299,32332,32472,32843,33506,33623
EHLOSY;8485,14492,20622,21977,23784,25005
EHLOTW;16101,29014,29214
EHLPPS;4438,14438
EHLPSS;
EHLPSW;14385,28331,32472,32843
EHLRRU;16195
EHLRSU;
EHLRTU;4449,7486,18185,31452
EHLRUY;4449,14200,14439,16128,24132,24808,31452,33628
EHLSSU;
EHLSTT;
EHLSTU;10985,18197,25969,30746,30997,31343,32759,33409
EHLSTY;17470,18232,31371,33357,33626
EHLSVY;13546,18099,18227,25005,30738,33357,33432,33436
EHLSXY;9072,17465,18097,33432,33634
EHMMOS;16198,18188,18233,18235,22374,25064,33372,33388,33524,33525,33527,33653
EHMMRU;22375,31452,31468,33526
EHMNOP;4386,33474,33627
EHMNOT;22227,22240,24123,25999,26000,30218,30358,31313
EHMNPU;11066,18206,22228,26001,29240,29252,33484
EHMNSU;33660
EHMNSY;4191,18234,18249,22360,30342,30356,33525,33541,33543,33653,33659
EHMORS;18188,29358
EHMORT;22240,29227,32498,33670
EHMOSS;17082,17449,18195,18242,20707,22368,31485,33372,33472,33485,33496
EHMOST;16099,17082,26089,30344,30746
EHMOSY;11078,11158,11182,18124,18126,21986,22848,23004,23166,26010,26089,29275,32855,33363,33525,33541,33543,33554,33653,33656,33659
EHMPRU;
EHMRRY;11189,25018,29359,30365,32900
EHMRST;33389,33398
EHMRSU;21986
EHMRSY;9420,11078,11143,11158,16153,16217,18124,18189,18196,26015,33389,33398,33497,33653,33656
EHMRUY;22203,31389,31452,33398,33559,33628
EHMSSU;31441
EHMSTY;18189,18258,26089,30356,33673
EHMTYY;7491,11201,18210,23180,26075,29359,32900,33672
EHNNUW;32672
EHNOOR;17988,18262,32322
EHNOOV;24137,28302,31460,33457,33631,33687
EHNOPR;412,17348,20969,21919,23187,23788,25073,26094,26095,30347,31496
EHNOPS;13516,14390,33679
EHNOPU;23187,32869,33503
EHNOPY;29258,33474,33627
EHNORR;14493,31437
EHNORS;
EHNORT;33661,33676,33685
EHNOSS;4460,7475,8492,10788,11092,11099,11165,11184,17075,18239,22378,22996,23184,24154,24641,25025,27429,27602,29312,29360,31296,31460,32334
EHNOST;14392,29361,33679
EHNOSU;7495
EHNOSY;17485,21086,21977,22360,22378,33525,33659
EHNRSU;4154,18157,33430
EHNRSY;11106,13064,14468,14470,18161,25033,28313
EHNRTU;31374,32359,32392,32852,32869,33583
EHNSTT;4003,23147,24626,24990,25035,25939,25940,30330,30341,30372,30668,31412,31414,31415,31479,33431,33461,33547,33592,33593,33594
EHNSTY;33591,33594
EHOOOP;17985,18262,20708,22352,26077,27603,29037,29315,31496,33390,33394,33401,33631,33698
EHOOPR;1310,11215,17486,17488,17988,18262,20708,21919,22216,24138,24157,24158,25675,25704,25970,26047,26068,26073,26095,29228,29293,29315,29336,31496,32398,32821,32864,33379,33390,33394,33401,33548,33567,33599,33629,33641,33698
EHOOPY;14197,17460,22216,22353,24158,24166,25707,26047,26048,29228,29336,29354,29379,31436,32894,33473,33629,33641,33656
EHOORT;28342,29227,29333,29342,29371,29381,30164,31002,31442,32498,32762,33395,33401,33670,33698
EHOORV;6686,31358
EHOOST;21078,33679,33692
EHOOSV;31460,33457
EHOOSY;18263,18277,18285,20703,22241,22353,32904,33525,33653,33656,33659,33684
EHOPPR;412,32398
EHOPPS;4416,4469,18108,18142,22353,25072,26092,26093,31501,32764,33679,33686,33703
EHOPRS;5595,15564,18188,30359
EHOPRT;30347,33599
EHOPRU;22376,23187,33548
EHOPSS;4460,14522,18239,18266,24165,26097,26103,29360,29367,33699
EHOPST;29361,33679
EHOPSU;16131,17273,17490,27597,29283,29330,33527
EHOPUV;
EHORRS;29343,32892,33697
EHORRT;13074,14205,14532,16245,16246,17471,17494,29359,30374,32762,32900
EHORSS;
EHORST;
EHORSU;14206,17346,32763
EHORSV;18092,18269,23001,25967,31383,33449,33505,33714
EHORSW;
EHORSY;14537,18285,20703,21986
EHORTT;411,4443,4454,17004,17496,18211,18295,26095,33667,33670,33689,33698,33702
EHORTU;21639,28882,29371
EHORTV;10645,10793,10797,17494,17496,18295,33714
EHORTW;4451,17994,18244,33676
EHORTX;21639,25019,26055,33599
EHORTY;9366,13074,14537,15560,16284,17994,18177,18285,22363,25088,25695,28354,30222,31002,33689,33695
EHORTZ;18279,32796,33575
EHOSSS;9437,17075,22378,25546,26040,27602,29291,29312,30741,31287,31377,32334,33372
EHOSST;9403
EHOSSU;6517,7051,12929,21379,29377,30338,31420,31429,31441,33553
EHOSSV;10647,11099,16200,24149,24152,29312,31429,33579
EHOSSY;6692,11165,13620,14508,14534,17449,18285,21633,22378,23004,23166,23175,25698,28347,28356,29292,29346,29356,33407
EHOSTT;10972,23136
EHOSTW;
EHOSUY;6693,8485,11223,11225,14397,17485,18292,20622,21986,24167,30744,32855
EHOTXY;14537,16284,22363,26055,28354
EHPRSU;
EHPRSY;4456,4471,7070,15875,16153,16217,16227,17436,18258,21839,33673
EHPRYZ;18279,33575
EHPSST;29266,30111
EHPSSU;30322,30338,31372,32901,33613,33671
EHPSSY;16235,18134,18213,31289,32901,33373,33407,33613
EHRRSU;4232,16279,27431,27608,33657
EHRRSY;7070,14487,15875,16227,17436,18227,21621,21839,29343,31434,33591
EHRRTU;32762
EHRRWY;4012,15876,29379,30113,30225,31525
EHRSSU;
EHRSSW;
EHRSSY;10637,11106,17000,18196,28347,28356,29346,29356,32333,33370
EHRSTW;
EHRSTY;4466,4471,18189,21918,28313,31434,33587,33591,33695
EHRTUW;18185,29284,31355,33583
EHSSSU;
EHSSTU;33691
EHSSTY;16233,29266,31371,31412,31413,33594
EHSTTY;16270,18284,18292,31412,31415,31434,31479,31508,31522,31532,33369,33470,33593,33594,33669,33703
EIIJMM;
EIIJRV;25714
EIIKLL;3394,4480,18340,25715,25897,26148,29236,33758,33761
EIIKLS;
EIIKLT;17997,21993,22252
EIIKNP;24972,32518
EIIKNR;18350,23106
EIIKRS;14077
EIIKSV;22357
EIILLM;869,20974
EIILLN;4238,4480,11257,14214,14539,18306,18340,18362,25645,25715,25726,26169,28164,28996,29057,29061,29062,29063,29065,29066,29427,30226,32402,32521,32772,32773,32929,32933,33761
EIILLP;4481,16107,16108,18360,18368,20711,22414,25726,29434,32523,33422,33788,33789
EIILLS;
EIILLT;22247,22415,26167,28372,29065,32953
EIILLW;30382,33758,33761
EIILMR;23207,25728,31018,32683,32960
EIILMS;4209,25729,32966
EIILMU;2516,6093,14562,18405,22264,22426,25113,25727,26117,26172,26179,29240,29423,31307,31564,32959,32960
EIILNR;20845,20874,28895,31559
EIILNS;23210,24974,30380
EIILNT;3532,7431,7505,18308,25557,26120,28831
EIILOR;17006,18379,20869,23563,24112,25646,25728
EIILOT;7341,17354,18367,25744,28372,29441,31585,33728
EIILPP;14402,17964,22262,22419,33356,33410
EIILPR;2514,4243,4244,7529,16294,16306,17507,18448,18449,22791,28380,32523,33436
EIILRR;20624,20674,27435,31310,31589,31593,31594
EIILRV;
EIILRW;14591,17997,31586
EIILRX;32987
EIILSV;2517,23803,24204,29403,33357,33836,33847
EIILZZ;
EIIMMS;21089,25124
EIIMNN;11305,17107,24206,25126,25568,25569,26172,27628,28403,28404,29463,31606,31607,32512,33721,33782
EIIMNR;4502,16304,29404,29419,33874
EIIMNS;7509,18470,18485,29472,33771
EIIMNT;22408,24206,25126,25569,28402,31606
EIIMPS;18011,18485,27614,28412,29249,29250,29255,33445,33447,33771
EIIMRR;4507,9471,11318,14598,18471,23215,24211,24212,25128,31312,31315
EIIMRT;26132,26209
EIIMRX;29477
EIIMST;
EIINNP;14543,18511,23008,23196,24975,26118,28053,31318,31606,32518,33721,33915
EIINNT;8513,14623,14624,14625,17583,18329,21474,25126,25569,28404,29463,29482,31606,32783,33018,33022,33045
EIINOS;
EIINOZ;17107,18527,33022
EIINPR;21318,22955,23013,27571,28911,28980
EIINPS;16109,29249,32339,33447
EIINPT;3543,4388,14239,14625,17360,18522,26120,26139,28183,28402,28420,29482,32518,32668,32775,32791,32798,32978,33050,33051,33068,33751
EIINQU;32404
EIINRT;
EIINRV;1356,1727,2527,6099,11281,33767
EIINRW;7553,20597
EIINSS;1362
EIINST;
EIINSX;25151,27631,31616,31641,33416,33445,33799,33812,33929
EIINSZ;4477,23210,25100,25110
EIINTV;16964,18302,18522,22354,25557
EIIPPR;4512
EIIPPY;9486
EIIPRS;17507
EIIPRT;33051,33751
EIIPRU;11309,18006,18482,18536,24062,25945,26234,27571,28980,29490,31611,32523,33027,33041,33051,33450,33465,33955
EIIPST;18566,29513
EIIPSX;18011,25151,31668,33061,33416,33445,33812,33929
EIIRRW;7553,14591,14659,15808,31586,31684,33902
EIIRSS;7557,30171,31065,32401,32548,32924
EIIRSV;
EIIRSZ;873,4477,7085,18473,21624,21658,22424,23204,28906,29460,31535,31681,33730,33803,33861
EIIRVZ;26132
EIIRWZ;14591,33936
EIISSS;636,5598,14661,18555,31671,31672,33965
EIISSV;14661,17586,21332,23570,24224,24238,27620
EIISTV;26110
EIISTY;7545,7547,9491,11357,14610,17595,21587,22435,22793,24239,25942,26134,26254,26266,29254,29436,29473,29480,31067,32423,33084,33357,33451,33470,33742,33948
EIISVV;18335,33855
EIISVZ;26135
EIITTT;31575,31684,33435,33949
EIIVZZ;
EIJKNR;7560
EIJKNT;31687
EIJKNU;31068
EIJKOR;
EIJLLT;
EIJLMS;2539,33975
EIJLRT;10289,20932
EIJLTU;33752
EIJMOS;18338,28461,33975
EIJMPR;
EIJNNO;23111,31689,33088
EIJNOR;7560,18575,33088
EIJNRU;18575,25714,30398,33089
EIJNSX;18339
EIJNTY;31687,33751,33752
EIJOPT;16351,17610,18578,25175,25178,25764,26269
EIJRSU;22282,27304,27453,28467,30916,31541,33979
EIJRSV;30397
EIJRTT;10830
EIJSTU;27453,31539
EIJSTV;9100,20977,20978,25179
EIJSUV;20978,30397
EIJSZZ;
EIKKLN;
EIKKOO;33473
EIKKRS;15576
EIKKRY;
EIKLLR;18030,18340,18342,21115,21842,22452,25897,26148,26275,30400,30791,31072,33761
EIKLLY;29525
EIKLMN;31013,31327,32553
EIKLMR;22454,29115
EIKLMS;27637,32553
EIKLNN;6023,7349,8411,17018,27638
EIKLNR;30400
EIKLNS;33416
EIKLNT;
EIKLNU;25183,31327
EIKLNV;
EIKLNW;30758
EIKLOO;18589,20716,21644,29060,31078,33096
EIKLOX;
EIKLRS;33478
EIKLRT;21993,22252,32813
EIKLSS;33475,33477
EIKLST;33096
EIKLSV;30114
EIKLSY;17064,29011,30403
EIKLTT;
EIKMMR;17617,18350,25958
EIKMNR;
EIKMNS;23234,24988,32553
EIKMOS;11248,17369,17623,27637,32814
EIKMRR;6106,18596,22457,31703,31705
EIKMRS;
EIKMSS;
EIKMST;27637,32814
EIKMSU;6112,32553
EIKMSY;18588,30403,32553
EIKMTU;22454
EIKNNO;21599,27638,32518
EIKNNP;24873,32518
EIKNOO;7436,21599,27596
EIKNOS;22287,23084,23234,33108
EIKNOV;
EIKNPP;15744,24188,26295,33777
EIKNPR;25191,33995
EIKNPS;22956,24545,30399
EIKNPU;6108,16361,25183,31082
EIKNPY;18600,33751,33995
EIKNRS;
EIKNRT;
EIKNRW;27639
EIKNSS;
EIKNSU;
EIKNSV;7566,11359,14675,25658
EIKNSZ;25100
EIKNTT;5494,11375,22285,31081,31277,33086
EIKOOR;
EIKOPP;23231,24250
EIKOPR;7565,22286,33995
EIKOPS;33473
EIKORR;17629,22016,22457,31703,31705,33763
EIKORS;11008,18344,26155,31083,33757
EIKORY;11377,18600
EIKOSS;16375,20608,27620,31083,31710,33757
EIKOSZ;18347,31711
EIKPPR;10837,15744,24188
EIKPPT;17620,23231,24250,31700
EIKPRS;
EIKPRU;24992,25964
EIKPSS;14417,16966,18036,18604,30731,33475
EIKPSY;25955,33473
EIKRRS;
EIKRSS;20608,31080,31083
EIKRST;
EIKRSV;7566,14675
EIKRSY;
EIKRUY;
EIKSSS;23840,28474,33773
EIKSST;4516,16966
EIKSSV;16376,18036,22364,26287,27620
EIKSTT;32814,33980
EIKSTW;18341
EILLMO;7098,17122,18612,21121,24663,25771,26116,33111,33784,33785
EILLMR;13670,17122,17639,18612,18618,18621,21478,25580,26275,31717
EILLMS;
EILLMT;4535
EILLMU;4255,4529,25580,26117
EILLNO;4532,7512,21645,29538,29539,29540,29542,33783,33785
EILLNP;13667,13676,14684,17126,18614,26168,27641,29539,31728,33484,33760,34017
EILLNT;14539,14686,18306,23238,26167,26169,29538,30401,31694,32343,33761,33783,34027
EILLOR;4543,7098,17122,18612,31717,34028
EILLOS;
EILLOT;4256,4260,4536,7359,17658,18606,18630,21480,21670,21961,22465,23238,24904,25210,26167,28372,29014,29121,29538,31333,33123,34028,34034
EILLPU;29434,29539,31742,32523,32823,33112,33484,34022
EILLRS;34037
EILLRT;33121,33122,33123,34027
EILLRW;24903,27858,30382,31742,33761
EILLSS;
EILLST;
EILLTT;17658,18623,22465,28190,30401,33127
EILLTU;6122,9503,11383,21670,22465,28839,32523,34027,34034
EILLTW;18606,30309,33761
EILLVY;1383,2557,5561,18610,18618,29542,33785
EILLWY;16359,16395,17130,18606,21668
EILMMR;
EILMNO;21930,23207,23239,24663,26116,26172,28921,29548,30804,31327,32826,32962,33146,33474,33721,33785
EILMNR;23207,25581,26320,28921,29548,33489,34045
EILMNS;
EILMNU;23239,26172,34039,34045
EILMNY;4565,7589,17095,18682,28921,32505,33484,33785,33808
EILMOR;23207
EILMOS;33825,34062
EILMOT;7114,7115,7592,22471
EILMPP;1376,17964,22262,22419,31100,31723,34059
EILMPR;30422,30423
EILMPS;
EILMPT;33362,34061
EILMPU;25113,29240,31307,33484,34039
EILMPW;34061
EILMPX;4534,14553,25584,25777,26314,26333,30423,31785
EILMRS;
EILMRT;34045
EILMRV;9452,26336,32948
EILMSS;
EILMST;
EILMSU;28088
EILMSY;18659,29547,30403,33363,33825
EILMTU;7592,14726,22264,22426,22454,25113,25727,31307,31564,31757,32428,33409,34045,34061
EILMTY;21090,23237,23241,29547,32505,33363,33808
EILMZZ;21932,22296
EILNNO;1392,4269,4577,17689,21047,24260,26172,27638,29523,29557,33156,33501,33721
EILNNS;20720,30311,33499
EILNNT;1392,4552,4577,32508,33118,34045
EILNNU;7124,7600,7602,7603,16446,18055,18726,22300,31086,31790,33161,33782,33830,34045
EILNNW;14088,21047,27638,29061,30215,33118
EILNNY;24052,24071,25734,26340,27458,28378,29071,29072,29130,29538,30762,32508,32929,33808
EILNOO;11393,17384,18413,23238
EILNOP;29539,33721
EILNOR;24068,24263,29561
EILNOS;
EILNOT;
EILNPP;423,33410
EILNPS;
EILNPT;26120,28931
EILNPU;4278,4593,6108,32686,33484,34039
EILNRS;33486,34070
EILNRT;31352,31355,34045
EILNRU;8533,11449,11479,17693,18575,24261,24263,25581,29540,29561,30767,30811,31355,32992,32998,32999,33430,34045,34070,34092
EILNSS;
EILNST;
EILNSU;27419,33430
EILNSV;
EILNSY;23210,32829
EILNTT;5608,11040,26318,29558,34051,34096
EILNTU;31355,32343,34045,34097
EILNTV;25557,33000
EILNTW;31352,31355,31576
EILNTY;8229,13692,21492,23848,25734,25743,26340,27458,29065,29071,29538,30700,31030,31562,32917,33129,33133,33808
EILNUV;
EILNUY;6734,7575,7602,7603,11450,14703,14743,16128,18055,20980,21646,28925,33484,34022
EILOOR;31078
EILOOS;33973
EILOOT;7445,7592,14736,17384,17695,18413,22465,22493,28287,29558,32838,33783,34066
EILOOW;27297,27574
EILOPS;33427
EILOPT;
EILORS;
EILORT;4260,33368
EILORU;17685,18006,18575,18772,33210
EILORV;33182
EILORW;17140,31283,33368
EILORY;14289,18612,18630,18676,18743,23027,25235,28921,29217,29282,31779,31830,32529,32567,32758,33124,33136,33137,33181,33216,33832,34034,34059,34087,34122
EILOST;
EILOSU;22899,23236,33825
EILOSV;21966,25005
EILOSX;14435,16133,16482,17555,18008,26335,29146,29283,29448,31346,31361,32966,33134,33214,33218,33799,33812,33825,34058,34062,34077,34084
EILOTT;22465,29558,30242,33127,33190
EILOTU;7592,11492,22465
EILOTV;25222,26327,31585
EILPPR;
EILPPS;
EILPPT;31700,31798,32838
EILPPU;31700,33156
EILPRS;
EILPRT;34097
EILPRU;17159,18006,34108
EILPRY;7605,11409,14434,14439,14589,14761,21064,22791,24131,24132,25673,29217,29282,29449,31816,31838,31849,32758,33511,34087
EILPSS;
EILPST;
EILPSU;
EILPSV;16458,29433,30437,31839,33436,33836,34026
EILPSW;11398,14385,31127,32472,32726,32843,33804
EILPSX;426,14435,16482,17662,18097,28540,29283,30437,31346,31361,31367,31851,33416,34084
EILPTU;4036,4278,4573,4593,18803,31307,31700,31849,34061,34097,34108
EILPZZ;
EILRRU;16314,16454,30824,31742,31842,34097
EILRSS;34070
EILRST;
EILRSV;
EILRSW;
EILRTT;
EILRTU;31564,31757,34045,34097
EILRTY;31830,31838,31849,34034
EILRUW;11427,28383,29284,30767,31355,31742,34061,34108
EILRVY;
EILSSS;
EILSST;23194
EILSSV;22497
EILSSW;22172,32332
EILSSZ;2595,2600,7544,7582,8510,11417,16319,16514,17511,18043,18467,18699,22428,22441,22479,22488,25985,26365,27850,30439,31599,31600,31766,31855,32585,33003,33139,33984
EILSTT;
EILSTU;31343
EILSTV;22481,22497,26110,26180,33716,33854,33855
EILSTX;18712,18809,18811,33196,33214,33799,34058,34077
EILSTY;31741,32387,33363,33366,33495
EILSUY;7583,9532,11517,14698,18610,20881,22460,24203,30673,33216,33218,33781,33825,34122
EILSUZ;4580,7624,10367,11277,11484,16469,16477,17143,17754,18393,18713,22418,26377,29402,31748,32570,33984
EILSVW;18593,34121,34123
EILSVX;16479,18321,30176,30437,33432
EILSWY;17731,30403,31127,31371,31834,32329,32387,33370
EILSXY;7583,7612,10359,18097,33134,33218,33432,33825,34058
EILSZZ;
EILTTT;1409,7372,16142,17556,18435,26378,31112,33217,33435
EILTTU;16446,18746,18760,18786,18803,18804,18805,31757,32720,33127,33185,33190,33217,34096
EILTTV;17552,18313,18405,18464,18803,25123,30116
EILTTY;3438,7536,13102,14233,17394,18078,28293,30241
EILTVY;24659,25123,31030,31784,31849,32407,33000,34027
EILUVV;4040,13684,22493,29557
EILVVY;18439,29403,29542,33001
EILVWY;17732
EILZZZ;
EIMMMR;16515,18379,31859
EIMMNR;4626,7360,11524,14663,17667,18322,18350,18468,18655,18818,22270,23117,24596,25633,26392,32728,33015,33016
EIMMNU;18817,22168,32816,33782,34039
EIMMOP;16516,17399,22419,24275,25264,26310,27466,33371,34039
EIMMOR;4626,7291,10814,13744,16365,16516,16517,17399,21101,22375,23117,25011,25633,27466,32728,33015,33371
EIMMOS;30446,30969,31863,33221,33222,33372,33525,34126
EIMMRR;
EIMMRS;
EIMMRU;22375
EIMMST;
EIMMSW;
EIMMSY;11527,17760,18659,18820,22500,29588,31864,31865,31878,31879,34127
EIMNNT;24206,25569,25709,32428,32512,32657,32783,32920,33532,34045
EIMNNX;13750
EIMNOP;4386,16145,17670,32716,32962,33474,33721,34039,34048
EIMNOR;
EIMNOS;34142
EIMNPS;
EIMNPT;10274,31606
EIMNRS;
EIMNRT;24687,25279
EIMNRU;1412
EIMNRV;29597
EIMNSX;4639,6141,16970,17164,30420,30460,31616,33445,33812
EIMNSZ;4569,5611,10163,11532,15957,15963,18845,25110,25275,26395,28554,34136,34142
EIMNTT;2042,3234,4640,7366,17379,24206,26318,26388,26418
EIMNTU;18817,25015,25569,25727,31151,32343,32428,32657
EIMNTY;25279,26429,30421
EIMNUX;
EIMNZZ;21932,31618,31907
EIMOOR;
EIMOPR;33371
EIMOPS;8420,17267,22422,32853
EIMOPT;7593,18061,18122,18889,33362,33526,34061
EIMORS;33902
EIMORT;4626,4643,15965,16516,17798,18840,18889,27894,28584,29607,29608,30246,32728,33875
EIMOSS;
EIMOST;
EIMOSU;14308,16547,21132,21445,22422,23873,24288,24690,26409,28544,29468,29589,29610,32557,32853,32855,34062
EIMOSV;22368,28498
EIMOSX;16522,32966
EIMOTV;
EIMOTY;17798,18122,22789,23241,24291,28584,29275,31340,32567,32854,33363,33788,34169,34171
EIMOZZ;6754,31907
EIMPRR;
EIMPRS;
EIMPRT;23260,26209,26330,33362
EIMPRU;18482
EIMPRX;4534,34167
EIMPSU;16547,18838
EIMPTU;18499,20956,25016,31307
EIMPUY;26001,29552,33484,33557
EIMRRS;
EIMRRT;2573,3613,4507,4560,6755,14815,14816,18671,18689,18873,22457,29605,32852,34185
EIMRSS;
EIMRST;
EIMRSV;26131,30469,30709,33741
EIMRSX;34167
EIMRSY;22063,26015,31864,33868,34127
EIMRTU;27894,28584,29607
EIMRTX;3567,4643,6542,10168,14815
EIMRUV;16556,29597,33900
EIMSSS;
EIMSST;
EIMSSU;
EIMSSX;18485,31877,31948
EIMSTY;10383,17772,18844,31865,33238
EIMSUV;22443,25021,26222,30709,33900
EIMSZZ;
EIMTYZ;33817
EINNNR;28504,29530,31880,33914
EINNOO;8561,18136,18504,23092,23265,26450,34066
EINNOR;8561,11569
EINNOT;23081,23092,23111,32680,32859,33118
EINNOY;7384,8424,18663,22877,26340,29538,32735,33255
EINNPR;25269,31318
EINNPS;14454,18102,29299
EINNPT;25783,25829,27899,29092,30976,33223
EINNRS;
EINNRT;34045
EINNRU;34045
EINNRW;17821,17824,17833,17834,17835,18140,18846,22313
EINNST;
EINNSU;18105,18836,18838,25995,26409,26463
EINNSV;10735
EINNTT;24206,24682,25126,28404,28511,28548,30325,30674
EINNTV;24683
EINNTY;894,7384,9560,17772,17773,18141,18511,18844,23266,23848,25734,25828,26340,26458,27458,29050,29071,29538,30976,31344,32508,32512,32735,32859,33255,33260,33808,34016,34206
EINOOT;4581,14327,17384,17695,17837,18136,18413,18504,18731,29558,33270,34018,34066,34214
EINOPP;16145
EINOPR;
EINOPS;23274
EINOPT;18029
EINOPW;7659,14834,18856,18949,23041,25999,29539,31188,31896,32700,34078
EINOPY;7605,14743,18147,18600,18962,29258,32735,33474,33571,33572,33995,34087
EINORR;33993
EINORS;
EINORT;
EINORV;14635,16587,16973,17176,27482,28620,31732,34075
EINORX;7126,7607,7665,25757,26470,26476,28102,29096,29499,29637,31197,33031,34087,34195
EINOSS;
EINOST;
EINOSV;31402,33457
EINOSW;32560
EINOSZ;26395,28515,31400,31401,32004,32018,32029,33580,34142,34163
EINOTT;29233,29558
EINOTW;14622,25999,31188,32815
EINOTX;4591,4668,5588,7665,14623,18113,18746,22355,30810,32978
EINOVW;32983,32984
EINPPR;25027,31910
EINPPS;
EINPPW;32798,34078
EINPRS;
EINPRT;26139,32775,33751
EINPRU;11309,18482,27485,28911
EINPRY;4405,7605,14866,18147,18484,18511,18600,28636,31687,31816,32015,33571,33574,33575,33751,33995,34087,34206,34222,34227
EINPSS;32339
EINPST;
EINPSU;18838,23085,26409,33568
EINPTT;24623,34096
EINQRU;3618,5589,10867,17725,25818
EINQSU;3621,14464
EINQTU;24090
EINQUU;26391,28628
EINQUZ;
EINRRS;
EINRRU;
EINRSS;32548
EINRST;
EINRSU;
EINRSV;
EINRSW;
EINRSX;4696,18339,33311
EINRSY;11106,11603,29588,31864,33476,34127
EINRTT;
EINRTU;
EINRTV;3609,15599,16587,16973,30490,31809
EINRTW;
EINRTY;10419,11595,11627,16603,17177,18147,18511,18988,23277,25191,26035,26458,31687,32015,33571,33575,33751,34206
EINRUV;22333,22335,27916,28078,30398,32745,33078
EINRUW;30767
EINRVW;27916,28079
EINRVX;17852,33031
EINRVY;16603
EINRWY;21939,22330,25792,33124
EINSSS;
EINSST;
EINSSV;23281,33579
EINSSW;32606,32609,33448,33459
EINSTT;
EINSTU;
EINSTV;24308
EINSTW;
EINSTY;18844,32451,33105,33238,34150
EINSUW;28616,30816,31201,33131,33951
EINSUX;14860,17432,17854,18153,25321,26463,27631,32807,33311
EINSVW;31402,33932
EINSVX;4696,16479
EINSWY;32560
EINSWZ;16584,18927,22488,30329,32609
EINTTU;4669,16446,18746,18965,25015,31151,33086,33092,33127,33190
EINTTY;7536,17177,17394,17600,18078,21857,24710,26360,30241,33949
EINTWY;17773,21857,24710
EINUVW;
EINWZZ;
EIOOPW;26431,34108
EIOORR;13065,18143,24095,31358
EIOORS;7157,7557,22527,32049,33600,33953,33955
EIOORT;6101,6142,11589,11633,14327,17837,21694,24931,25841,26476,29607,29608,33270
EIOORZ;16481,18879,25273,25839,26045,33379
EIOOST;34169
EIOPPS;
EIOPPT;9393,11546,23231,24250,32838
EIOPRR;8550,23164
EIOPRS;
EIOPRT;16516
EIOPRU;18772,24016
EIOPRX;2460,25301,26055,26517,32015,33599,34087
EIOPSS;26506
EIOPST;
EIOPSY;7676,16388,25698,25955,26384,27642,27651,29273,33421,33473
EIOPTT;23170,25886
EIOPTU;8577
EIORRR;24095,29111,31928,33763
EIORRS;17182
EIORRT;10095,15965,17798
EIORRU;4172,17182,18919,28464,28619,29653,30679
EIORRW;18040,24937,25820,31184,31191
EIORSS;
EIORST;
EIORSV;
EIORSW;31083
EIORSX;18880,20681,21114,22362,27605,32478,33960
EIORSY;11603,14881,16530,19019,26522,29588,31834,31864,33136,33137,33216,33848,34122,34127,34258
EIORSZ;18178,18879,19002,31143,32570,33209,34064,34175
EIORTT;7158
EIORTU;8580,11377,21991,26405
EIORTW;13814,14819,14821,17140,21694,29607,29608,30986,31283,33368
EIOSST;
EIOSTU;25515
EIOSTV;22513
EIOSTW;
EIOSTZ;33580
EIOSWY;11498,22524,30744,31741,31834,32560
EIOSZZ;22383
EIOTTT;
EIOTTU;11577,18746,18965,20871,22465,24147,33092,33127,33190
EIOTUV;2635,8577,10184,10424,18533,18884
EIOTVV;16587,18509,22493,23050,23221,25313,31809,33270
EIPPRR;18896,26028,31941,33567
EIPPRS;
EIPPRT;30465,31156,31910
EIPPRU;31941,32081
EIPPRY;25027,25944,29282,33571,34059
EIPPRZ;
EIPPSS;28677
EIPPST;
EIPPTT;3636,18521,24250
EIPPUY;32081
EIPQSU;3621,9606,14691,33465
EIPQTU;4593,32005
EIPRRS;
EIPRRU;18647,30510,31742,32082
EIPRRZ;18558,18647,18950,26509,33379,33750
EIPRSS;
EIPRST;
EIPRSU;
EIPRSV;
EIPRSW;32726,33130,34033
EIPRSZ;4514,16186,16500,18564,18649,18879,18960,25169,26260,28467,30489,30521,31848,33209,33414,33522,33609,33803,34175
EIPRTT;
EIPRTV;23826,27895,30394,30422,30465,30474,30490,31174,31206,31784,33969
EIPRTX;25046,26055,26517,30850,33599
EIPRTY;4421,14589,14761,18147,18511,29449,33511,33571,33575,33751,33969,34206
EIPRXY;28316,29499,29637,31785,31816,31838,32015,34087,34254
EIPSSS;32339,33447
EIPSST;29266
EIPSSU;18604
EIPSSW;25042,29675,29676,33305,33459
EIPSTT;
EIPSTU;23148
EIPSTW;29680,32549,33804,34280
EIPSUZ;7670,16636,25169,26260,30323,31401
EIPSWY;31127,32094
EIPSXY;4425,7612,10359,18126,34254
EIPTTU;2593,11104,18965,32005,34096
EIQRSU;32509
EIQRTU;
EIQRUV;
EIQSTU;5614,18181,19013,19033,32341,33467
EIQTUY;
EIRRSS;
EIRRST;23199,23249
EIRRSV;
EIRRSW;18593,28943
EIRRTT;22530,33516,33607,34029
EIRRTW;22457
EIRRVY;16603,16652,17801,22049,27879,29174,32088,34265
EIRRZZ;
EIRSST;
EIRSSU;
EIRSSV;
EIRSSW;14107,14886,31083,32606,32609
EIRSSX;11134,18472,18830,30501,30519,30852,31207,31877,31956,32103
EIRSSY;4597,4714,9301,9612,10637,10676,11106,11603,11614,11661,14866,14895,16610,17000,18757,18933,18996,19019,21602,25335,26368,26522,29324,31435,31746,32333,33136,33370,33470,34181
EIRSSZ;21658,32548,32585,32810,32946,33471
EIRSTT;
EIRSTU;
EIRSTV;
EIRSTW;
EIRSTZ;1130,3615,18907,18936,19002,23204,26442,29056,29460,33013,34175
EIRSVV;26257
EIRSVW;26060,29582,34121
EIRSVZ;13841,17754,31848,34064
EIRTTT;31291
EIRTTV;30116,30394,31661
EIRTTW;21694,30440,31829
EIRTUV;
EIRTVY;23228,26443,26444,31779,31784,31849,32854,33283,33969,34027,34117,34122,34265
EISSSS;22076,22078,25196,26520,28641,28686,29685,30335,30505,31852,31953,31958,32098,33213,33509
EISSSU;16512,18466,30672
EISSSW;28459,29656,30441,32606
EISSTT;30272
EISSTU;18605,18651,30522,31682,32341
EISSTV;
EISSTW;
EISSTX;33214
EISSVW;14886
EISTTW;22440
EISTTY;25942,29480,33964
EISTVW;26060,31740,32074,33932,34121,34123
EISTZZ;18823,34163
EISUVZ;11484,17754,31848
EISWZZ;
EISZZZ;
EITTTX;18811,34220
EJKNRU;
EJKNTU;
EJKOPS;25955
EJKORS;29693
EJLLOR;9618,14897,16012
EJLLOS;7168
EJLLOY;
EJLOPS;2656
EJLORT;2661,13574,24725
EJLORW;
EJLOST;18336,24954,32106,32619,32751
EJLOSU;32619,32620,32751,33973
EJLPSU;11666
EJLRSU;18574
EJLSTU;
EJMOOS;
EJMOST;16662,18338,32106,32108,33975
EJMPRU;21152
EJNOST;20726,20997,21153,32108
EJNOSY;32108,32620,33087,34285
EJNOTT;33092
EJNSXY;
EJOOSY;26531,34286
EJOPRT;17610,18578
EJORSS;17611,21859,26532,33977,34284
EJORTT;11672,24725,29185
EJOSSS;25368,31686,34285
EJOTTU;33092
EJPSTU;21155
EJRSTU;4718,22282,27453
EJRSUV;30397
EKKOPS;29522,33473,34287
EKKOPU;
EKKORS;6164,7690,7691,11673,21114,21663,22802,26273,29521,29694,31691,31693,32111,33757,34287
EKLLNS;18583,25765,29057,29523,29525,29696,32933,33760
EKLLSS;4173,7473,7693,25371,33615
EKLLSV;30114
EKLLSY;23232,26535,29525
EKLMMU;
EKLMSS;4328,4520,11665,18028,33475
EKLMSU;22017,32114,32553
EKLNOS;4327,17884
EKLNOU;6165,7697,7698,14117,16361,20963,22545,25183,28948,30274,31076,31327
EKLNRU;
EKLNST;
EKLOOR;7699,19047,22544,22803,31078,32118
EKLOPT;5958,30533
EKLOST;27637,32114,33096,33762,33766,33981
EKLOSY;22088,23232,23288,30936
EKLPSS;25957,30120,30731,33475
EKLRRU;16195,20675,20727
EKLRSU;19052,30662,32317
EKLSTT;
EKMNOY;28948,33474
EKMNSY;11005,18588,32553
EKMOOP;
EKMORS;7690,7703,17191,18188,19057,19059,19062,29693,30537,32123,32623
EKMOSS;11663,11674,29698
EKMOSY;32123
EKMRRU;13848,16678
EKMRSS;21160,25866
EKMSTU;18190
EKNNOR;16682,17192,22091,23290,23929
EKNNOT;32518
EKNNSU;7562,17192,17625,22284,31074,31699,33085,33095,33982
EKNNTU;29012,31694
EKNOPS;17884
EKNORR;7692,7705,14493,18600,22016,29530,29701,31437,31703,33993,34301
EKNORT;7295,7565,17631,30538
EKNORW;7698,7705,13068,14493,29701
EKNORY;18600,23290
EKNOSS;7475,11668,14905,17078,19060,22384
EKNOST;18190,18346
EKNOSW;32622
EKNOUY;
EKNPRU;4730,6775,25050
EKNPTU;31082
EKNPUY;
EKNRSU;
EKNSTU;18190,20728,22455,22548,29527
EKNTTU;25372,33086,34296
EKOOQU;20964
EKOORR;7689,29701,29704,31440,32117
EKOORT;19064,25609
EKOPRR;27936
EKOPRS;21159,33617
EKOPSS;4175,16200,22458,23179,26532,30338,31710,34000
EKOPST;19075
EKOPSU;21159,33617
EKOPSY;11689,19075,25955,33473,33478
EKORRS;
EKORRW;2664,6163,10458,11683,14493,18040,20727,21601,21701,22457,25376,29701,29704,30536,31440,31703,31705,33993
EKORRY;18600
EKORST;
EKORSY;9625,11689,19075,22088,23288,30936
EKORUY;23288
EKORWY;7694
EKOSSS;11376,19068,23235,25578,26296,32554,33315,33757,33992,34302,34306
EKOSST;29331,33616
EKOSTW;19072,34307
EKPRSU;33617,34305
EKPSTU;25610
EKRRSU;4731,11675,14353,26066,26542,29703,34303,34305,34307
EKRRSY;16681,30122
EKRSSY;21602,26534,32555
EKRSTU;4731,7707,20728,34303,34307
EKRSTW;912,3644,4726,34307
EKRSTY;25966,26283
EKRTUY;
EKRUVY;
EKSSTY;4728,11146,22546,26534
ELLLOR;2666,8530,11693,21905,28109
ELLLOZ;
ELLLRU;4735,17636,28109,30795
ELLMNU;32129
ELLMOW;
ELLMPU;14195,33112
ELLMRU;16692,17886,17887,18621,19045,20938,22193,25580,26117,26275,33789
ELLMSS;11147,20707,32626,33621,34311
ELLMSY;29536,31724,32130,32626,34010
ELLMTU;11695,11697,16692,17887,22193,32129
ELLMUV;31715
ELLMUY;7297,11697,17887,18621,18623,19045,19081,23237,25580,32129
ELLNOP;24734,31728,33622
ELLNOR;21045,24068,24329,26549,33123
ELLNOV;21645,33784
ELLNOY;22552,25660,28708,29538,31228,32136,32138,32139,33123,33129,33320,33622,34016
ELLNSS;27724,29706,32134,32137,33320,33623
ELLNSU;2071,3653,4178,5964,7169,7181,17128,17637,18634,27762,32712
ELLNSY;122,1445,4740,4749,5539,7170,8534,16693,18632,19078,19096,19102,19104,21977,22552,27641,29525,29536,29543,31228,32138,32139,32140,32627,33320
ELLNUU;22289,34314
ELLNUW;17199,28110,28949,32133,32561,33128,34313
ELLOPR;5965,18201,22553,24609,30533,31728,32135,32629
ELLOPS;3457,19080,19088,19089,22191,26071,26552,32625,33624
ELLOPX;32752
ELLORR;26148
ELLORS;
ELLORT;22553,30533,31333,31717,32126,32135,33121,33122
ELLOSS;20707,21633,26170,29334,29706,29710,30796,31725,32139,32491,33485,33621,34317,34321
ELLOST;1441,33387
ELLOSY;16388,18617,19080,19085,19088,19096,21977,22191,22460,22552,27642,29710,31448,32625,32626,32630,33421,34308
ELLOTX;11408
ELLOTY;4745,11408,11699,16712,18606,25383,29121,29538
ELLOVY;
ELLOWY;6167,7694,10452,18606,21668,29708,30856,34316
ELLPRU;28919,31742,32523,32629,33789,34314
ELLPSS;27944,29706,33621
ELLPSU;6565
ELLPTU;32523,34314
ELLPUW;28950,29539,31742,32629
ELLPUY;1444,10029,11409,11704,19103,24253,28919,29705,32629,34314
ELLQSU;34037
ELLSST;30125,30553,33626,34311
ELLSSW;29543,29706,29709,31451,31736,31750,32561,33615
ELLSTU;16688,16717,33626
ELLSTY;29436,31724,32140,33626,33807,34007
ELLSUV;6180,29535,34321
ELMMOP;19117,22419,26310
ELMMPU;
ELMNOR;21397,22557,23207,26320,29548,31454,32157,32354,32631,33489,33628,34326
ELMNOS;30275,32128
ELMNOT;23672,28113,30559,31234,32157
ELMNOY;8596,19081,28715,28948,33785
ELMNPU;3659,13885,14927,15625,18206,25393,28715,29184,29240,29548,32160,34039,34326
ELMNSU;32750,33321,33322,34324,34325,34327
ELMOOP;16979,17670,22367,22386,22472,22557,24334,25390,26557,26563,31446,33489,34039,34330,34331
ELMOOS;30562,32114,32622
ELMOOY;10700,17447,22386,25868,26074,27669,31453,32632,33629,34330,34331
ELMOPU;25393,28715,29184
ELMOPY;22386,25584,26075,26556,33474,33627,33788,34051
ELMORS;
ELMORT;4754,13883,14500,16214,16728,18203
ELMOST;22350
ELMOSU;25391,25395,32114,32887,33322,33825
ELMOSY;31236
ELMOTT;26318,31759,32494,34051
ELMOTY;17447,22386,23180,23241,23297,25383,25868,26075,26556,27669,32567,32632,33788
ELMOUV;26336
ELMOXY;25584,26074,26333,34331
ELMOZZ;4742
ELMPPU;
ELMPRU;
ELMPSU;
ELMRSU;
ELMRTY;4738,4743,15628,23295,23297,30276,32632
ELMSST;33389,34311
ELMSSU;34311
ELMSUV;
ELMSUY;4760,19151,31236,32168,32750,33825,34325,34327,34328,34332
ELMSXY;16724
ELMTUU;7687,19158,32494
ELMTUW;18185,21398,21708,21955,34061
ELMTUY;1453,11697,23237,26556,34328
ELMUZZ;22296,32160
ELNNOR;4754,11725,14929,16752,16754,18203,22545,22557,24336,32172,32354
ELNNOS;6787,20720,22210,24194,25389,26558,28721,29523,30275,33499,33829
ELNNRU;22545,24827,26345,28925,29421,32354,32718,32934,32960,33161
ELNNTU;29716,30871,31694,31790,33830
ELNOOS;22106,32633,34336
ELNOOT;4581,7445,13133,14736,17048,17695,18413,18731,22106,22388,23238,25666,29558,29717,31239,32633,34018,34066,34313,34334,34339
ELNOOW;12851,13135,24847,25616,27667,32174,32495,34290
ELNOOY;24153,28954,29336,31453,32559,34290
ELNOPS;25401,30556,30566,34336
ELNOPT;33627
ELNOPU;27508,28715,29030,29184,32686,33331,34039
ELNOPY;4378,13136,14743,19097,33474,33627
ELNORR;4775,6192,6427,7411,7692,10484,11733,11737,17214,17453,19169,25616,26549,27670,28952,31437,32172,32495,32633,34340
ELNORS;30567,30569,34336
ELNORT;4754,11725,17904,19095,32172,34337
ELNOSS;26076
ELNOST;24343
ELNOSU;
ELNOSV;13104,34336
ELNOSW;7056,11715,17899,19139,19163,19170,25233,30566,30569,31807,32178,32456
ELNOSZ;18674,26365
ELNOTT;2692,11716,11728,11744,14914,17981,18216,19164,26318,29558,29717,33127,33190
ELNOUV;7740
ELNOUZ;29338,32688
ELNOVY;7729,14940,25235,25407,28954
ELNOZZ;29338
ELNPPU;3650,11469,14941,16767,18747,19173,32184,32185,33156,33191,34340
ELNPST;
ELNPTU;25783,28931,30720,32160,34097
ELNPTY;33627,34314,34326
ELNRSU;32522,33430,33786
ELNRTU;31564,34097,34326,34337
ELNRUU;21004,21129,21158,21167,23067,23301,32992,32998,34045
ELNRUZ;4601,7611,11480,13480,18575,32692,32999
ELNSSU;23302
ELNSSY;7213,11165,16693,19078,19166,19172,24851,31293,33637,34338
ELNSTU;
ELNSXY;7612,33432,33634
ELNTTU;450,3669,5608,11040,11720,14914,18760,25796,32720,33127,33185,33190,34096
ELNTTY;7536,11477,11746,18760,25247,28956,30241,31128,32129,33150
ELNTXY;8598,16703,19105,25743,27354,31816,33133
ELNUZZ;22296,32160
ELOOPP;25410,30577,32118,32838,33390
ELOOPR;16979,17911,18220,19144,19176,29336,29719,30577,32118,32637,33390,34330,34331,34337
ELOOPS;7425,10933,17884,25002,31229,32822,32839,33331,33634
ELOOPT;10876,10932,11748,19176,25210,26563,26564,32580,32637,34028,34105,34108,34330,34331
ELOOPZ;
ELOORS;29712
ELOORT;1466,10932,17326,17904,19176,19179,21911,26584,33646,34316,34337
ELOORW;16980,19047,22544,24847,25616,32118,32495,32631,33335,33646,34290,34316
ELOOSS;26585,34317
ELOOSV;7754,11486,19177,21948,23953,26372,27650,29571,31246,31460,33005,33326,34317,34325,34336
ELOOSW;
ELOOSY;14948,19177,22088,24351,26582,26587,29572
ELOOSZ;5618,14507,16481,23062,25974,30921,32142,33153
ELOOTT;11728,17048,18413,18768,22388,22465,26318
ELOPPP;33356
ELOPPR;
ELOPPS;
ELOPPT;4093,19095,25410,31798,32135,32157,32838,33627,34078
ELOPPU;18772,19147,19180,28958,33156,34340
ELOPPY;4093,6199,19147,32895,33627
ELOPRR;23164
ELOPRS;
ELOPRT;30533
ELOPRV;30577
ELOPRW;32118
ELOPRX;7758,11489,11735,17911,18201,34331
ELOPRY;18201,21064,24131,24158,29217,29282,32629
ELOPSS;4175,19088,29706
ELOPSU;32456,32625,33331
ELOPSY;10933,16388,22191,26384,32625
ELOPTT;
ELOPTU;
ELOPTY;4093,18782,25705,26075,33627
ELORRS;18227,22102,25414,29343,31245,32197,32892,33650
ELORRW;11752,20727,25376,25616,32495
ELORSS;
ELORST;
ELORSU;
ELORSV;
ELORSW;19139
ELORSY;32626,33136,33137,33848,34333
ELORTT;
ELORTU;32172
ELORTV;
ELORTW;19055,34316
ELORTY;23295,23297,31247,31830,32197,32567,32632
ELORUV;1299,1469,7740,7755,7760,26579,31732,33182
ELORVW;31586,33646
ELORVY;32200,33216
ELORWY;21668,33124,33186,33646,34290,34316
ELOSSS;22478,22556,34317
ELOSST;
ELOSSU;34321
ELOSSV;34317,34321
ELOSSW;30863,31341,31451,31466,32332,32493,32640
ELOSSY;1460,11165,14508,19054,19166,19172,21633,26365,26384,29346,29709,29710,32125,32200,34308,34317,34338,34342
ELOSTT;
ELOSTU;
ELOSTV;
ELOSTW;30582
ELOSTX;6802,15752,16133,16760,17149,17982,18008,25398,29730,32169,33214,34058,34077
ELOSTY;31247,32197
ELOSUV;34321
ELOSUZ;22418,26377,29713,32570
ELOSVV;18092,26195,29555,34321
ELOSVW;32983
ELOSVX;21948
ELOSVY;25005,26587,31834,32200,33216,33847,34060,34117,34118,34349
ELOSXY;17465,29448,29730,32630,33218,33634
ELOSZZ;
ELOTTU;29726,29728,33185,33190
ELOTTY;4799,13140,16712,18078,18782,27838,28293,28956
ELOTUV;
ELOTUZ;26584
ELOTWY;18606,19083,33186,33646,34316
ELOTYZ;
ELOWYY;
ELPPRU;24856
ELPPSU;
ELPQUU;
ELPRRU;6203,16454,18647,31742,31842,34097
ELPRSU;
ELPRSY;26368,33194
ELPRTY;25542,29449,34097,34314
ELPRUV;1469,7740,11710,31849
ELPRUY;23299,24132,31849,33648,34340
ELPSST;
ELPSSU;
ELPSSY;4439,7213,17919,18213,26368,26582,27651,29553,30552,32207,33194,33807,34042,34098
ELPSTU;
ELPSTZ;30412
ELPSUX;453,29283,34062
ELPSUY;33331,34328,34329
ELPSUZ;
ELPUZZ;32160
ELRRSU;
ELRSSU;
ELRSTU;
ELRSTY;
ELRSUV;
ELRSUY;4760,4784,13889,14698,18757
ELRTTU;22454,31757
ELRTTY;14510,16232
ELRUWY;17130,19045,32629
ELRUWZ;
ELSSSU;2598,11416,18466
ELSSTU;
ELSSTW;
ELSSTY;
ELSTTU;15645,16688
ELSTTY;
ELSTUX;29730,33196,34077
ELSTUZ;2603,18713,31748
ELSUZZ;14957
ELUWZZ;
EMMMOT;11768,26591
EMMMRU;14966,31859
EMMNNO;4351,22122,26592
EMMNOT;32728
EMMNTU;20688,21877,21878,22096,27504,31859,32729,33141,34357
EMMORS;29733,34358
EMMORY;18612,22570,26402,33371,33395,33656,34041
EMMORZ;33015
EMMOST;33654
EMMOSU;7723,20656,24325,28938,29546,29733,33866
EMMOYZ;
EMMPRU;17920,31468,32210,32211,33339
EMMPTU;31468,33223,33526
EMMRRU;32210,32211
EMMRSU;29733
EMMRSY;33656,34041
EMMSTY;7231,16724,18189,18820,30356
EMMSUU;20729,22468,33658,34038,34040
EMNNNO;7232,11773,16046,18474,18835,19199,26407,31469,31689
EMNNOS;25389,26558,28746,29735,30592,32108,32153,32154,33659,33874,34139,34140
EMNOOR;7774,19047,19208,22128,25427,32631
EMNOPT;2678,8595,16818,22971,23073,28714,32150,33627
EMNOPY;11780,19127,19133,23073,23308,25432,28714,28715,29354,32121,32150,32898,33474,33627,34051,34326
EMNORS;
EMNORT;24760,30358,30538,32728,33030
EMNOSS;31254,32128,32232,32233
EMNOST;
EMNOSV;11717,18843
EMNOSY;8557,11527,22360,26204
EMNOTY;9224,15824,23073,24761,25432,32121
EMNOXY;19211
EMNPSU;23875
EMNRRU;27770,29740,32211
EMNRSU;28742,29693
EMNRTU;29740
EMNSSU;32232,32233
EMNSUW;19213,21177,32227,34364
EMNSYZ;4569,18845,26204,34142
EMNTTU;28570,34296
EMOORR;7689,25063,26604,31440,32498,33662,33670,34368
EMOORS;31482
EMOORT;22570,23183,26003,32498,33395,33670
EMOOSS;19063,32122,32236
EMOOSV;28760,30608,31160,31482,33326,33894,34383
EMOPPR;25441,26604,33629
EMOPPT;11546,17347,26209,31893,32157,33627
EMOPPY;19147,32242,33627,33629,34059
EMOPRR;26604
EMOPRS;30359,33338
EMOPRT;18889,33526
EMOPRY;11193,18124,18854,23260,25432,26408,26439,28577,31484,32121,33338,33371,33672,34173
EMOPST;22551
EMOPSY;7777,11788,32243,33672
EMOQSU;3686,16547,18858,19058,26599,29468,34371
EMORRS;
EMORRT;4450,17471,17798,18671,18689,22457,29359,29605,32498,32900,33670,34368
EMORRW;26604,29197,31440,33670
EMORSS;33341
EMORST;
EMORSU;27528,29693
EMORSV;33326,34383
EMORSW;31482,31489
EMORTU;18888,18889,22186,25447,29607,29744,32642
EMORUV;16842,25427,26336,29597
EMOSSS;27964
EMOSSU;31441,32232,32233
EMOSSY;17800,18841,29292,29356,32232,32233,33032,34179,34180,34181
EMOSTT;22133,23310,26089,32217,34364
EMOSTY;5989,7777,8374,8609,17329,19229,23310,25445,25446,26089,32123,32214,32243
EMOSUY;2685,17329,19151,21175,24330,29589,29610,32855,33238,33825,34169,34332
EMOSZZ;4818
EMOTTT;457,11555,16818,18857,19204
EMPPRU;25441,29737,31941
EMPPTU;
EMPRSS;17236,33341
EMPRST;
EMPSSU;32901
EMPSTT;4575,8607,11317,18251,18872,26331,33669,34358,34367,34381
EMPSTU;22551,31478
EMRRSU;
EMRRUY;
EMRSSU;25866
EMRSTU;
EMRTTU;25447,34296
EMSSSU;
EMSSTU;29734
EMSSTY;19227,33389
EMSSUY;7779,14518,19151,26429,29738,32232,32233,32901,34180,34181,34332
EMSTTU;
EMSUZZ;
ENNNOP;19199,31469,33791,34187
ENNOOR;14929,17330
ENNOPT;
ENNOPU;10542,13146,14140,14984,21344,26459,29158,29624,34197
ENNORT;
ENNORU;19041,23130,26592
ENNORW;16752,29629,29748
ENNOSS;23184,26593,29360,29746,33618,34292,34391,34394
ENNOST;34334
ENNOSU;2728,18838,19239,26409,29624
ENNOSX;4635,16522,25456,26449,28768,30249,31259,32527
ENNOTW;16048,29748,31977,33103,33118,34297
ENNOTZ;4307,14624,18719,26223,33022
ENNPRU;4767,4771,4826,10116,10550,10941,13146,14140,14933,27977,28773
ENNPSU;10542,18838,21344,26409,29299,29624
ENNPTU;4826,10550,13974,13975,16755,26020,26459,27977,28773,31988,34206
ENNRRU;21539,23314,26613,27362,27978,29199,30616,30886,32172,32253
ENNRSU;7243
ENNRTU;3691,4675,4826,7654,17941,23039,30616,30835,30888,31991
ENNRUW;17833,17834,17835,28767
ENNSTU;
ENNSUW;32133,34364
ENNTTU;3691,11577,16446,16755,16813,18329,19164,31151,33086
ENNTUU;11583,16981,26461,30871,30888,34045
ENOOPR;11803,17315,17988,18262,19208,19249,20969,21919,22286,23317,24358,25073,26094,28961,29152,29228,29336,29637,29719,31496,32174,32220,32260,32444,32864,34337
ENOORS;
ENOORT;4581,7315,17904,17943,17988,18262,19249,31002,33270,33685,34018,34075,34337
ENOOSS;18265,18266
ENOOSZ;
ENOPPU;31183,33156
ENOPRR;8377,11780,11807,16869,25460,26094,31496
ENOPRS;
ENOPRU;17920,33027
ENOPRV;2732,10541,11803,32260
ENOPRY;11780,11803,18600
ENOPST;
ENOPSY;30292
ENOPTT;17981,18216,29700
ENOPWY;13136,29208
ENORRS;34298,34390
ENORRT;24760,26549,32172,32737,34154,34368
ENORRW;4814,18243,19242,31703,32267,33993,34301
ENORRY;7786,18600,18743,19169,22330,22343,23322,25619,28619,29174,29767,30681,32448,32529,33288,33832,34089,34340,34400
ENORRZ;14800,18110,18672,18950,25839,28559
ENORSS;
ENORST;
ENORSU;
ENORSW;4814,15677,16823,19139,30620,32178
ENORSY;1459,17147,34327
ENORSZ;9427,11572,32609
ENORTT;4831,27986
ENORTU;21639,34337
ENORUV;7740,17176,22333,31732,34075
ENORUZ;18575
ENORVY;17840,22333,28954,29174,32870,33090,33283
ENORZZ;31907
ENOSSS;31254,32257
ENOSST;
ENOSSU;17232,17332,31254,32232,32233,34284,34285
ENOSSW;
ENOSSY;18245,18841,19172,22378,22487,22522,29292,29313,29738,32620,33491,33588,33637,33985,34238,34285,34338,34342,34405
ENOSTT;
ENOSTX;16073,16259,16760,17057,17982,19210,31507,32158,32501
ENOSTY;11806,15007,16073,21181,22487,22489,22524,23076,24343,24372,26574,32138,34238,34405
ENOSUV;2302,11671,32257
ENOSUW;30621,32456,34313,34364
ENOSVW;31402,32983,33932
ENOSVY;
ENOSWW;3694,14996,16823,19139,22562,29506,29654,29661,29721,33695,34362
ENOSXY;15004,24366,29448,33587,33634
ENOTTU;4831,14513,14914,18746,18965,19164,24371,25476,26620,33092,33127,33190
ENOUVW;
ENPPRU;27673,29737,33677
ENPRRU;7790,9235,28694,29740,29770,32211
ENPRST;
ENPRSU;
ENPRTU;4730,4771,4826,7790,10550,21176,23317,25081,26620,30720,34326,34337
ENPRUU;9644,14867,28121,28694,28798,28911,31611,32211
ENPRUY;10564,10941,18270,19102,19237,23299,25050,26627,28798,29208,32450,33282,33344,34326,34340,34411
ENPRWY;29208
ENPSTU;
ENPTTU;7790,13975,18965,26620,32005,34096
ENPTUU;24163,28931,29104,29707
ENPTUW;31188
ENQRSU;7249,16893,32252,33351
ENQSUY;33198
ENRRSU;4232,13151,26621
ENRRTU;7790,32172,34368
ENRSST;
ENRSSU;
ENRSSY;33838,34098,34102
ENRSTU;
ENRSTW;27671,33695,34375,34395
ENRSTY;27678,34357
ENRSUU;4154,17849,22392,31260,32350,32644,33545,33585
ENRSUY;21161,26247,27678,28803,31819,32180,33948,34092,34099,34102,34357,34411
ENRTTU;25372,25476,26620,27950,34296
ENRTUU;4320,7737,11583,17051,17150,17323,17921,17941,21004,21129,21158,21167,21679,22521,23067,23301,26461,28789,30888,32350,32998,33585,34045,34231,34339
ENRUZZ;
ENRVWY;16824,17732,30602
ENSSTT;4839,7730,22564,26044,33547,33593,33594
ENSSTU;23302
ENSSUW;32133
ENSUXY;17485
ENTTWY;21857,24710,28956,33689,33949,33999
ENTUVX;17601,18533
EOOPPR;11215,18276,24157,25410,26068,26541,26604,32118,32398,33390,33401,33698
EOOPPS;22353,25072,26092
EOOPRR;11215,17486,17488,22921,26068,26604,26613,27936,29379,29757,31496,33641
EOOPRS;
EOOPRT;10932,17904,17988,18262,19176,22801,25073,33401,33599,33698,34105
EOOPRX;17911,19269,29637,33599,34167,34414
EOOPST;2740
EOOPSV;19177,23953,30633,32277,32647,33457,34336
EOOPTY;11832,19071,19176,19222,23326,25873,26508,26564,26640,32191,32637,33892,34105,34106,34330
EOORRS;7065,21953,22581,32892,33316
EOORRT;1466,11835,19179,22345,25621,26549,32498,32762,33670,34368
EOORSS;14527,14979,19063,29356,29380,32122,33600,33620
EOORST;
EOORSW;7499,13502,19002,21184,21521,26051,29380,29733,31300
EOORTT;21694,22345,22530,26434,28969,29775,31521,33670,33698
EOOSST;8256,25486,26540,28812,29734,29771
EOOSSW;21184,22197,24380,28812,29698,29741,29771
EOOSTZ;16055
EOPPPR;16905,25460,32283
EOPPPT;11546,18945,32283
EOPPRR;4367,4842,17935,19180,19272,30374,31525,32283,32398,33567,34207
EOPPRS;
EOPPRT;4842,16775,19095,19272,24769,25410,25441,25461,28770,32135,32157,32283
EOPPRY;18276,19147,28003,29282,32895
EOPPST;2740,4469
EOPPSU;29610
EOPRRS;
EOPRRT;30374
EOPRRU;30894
EOPRRV;
EOPRRW;26431,26519,26604,29379,29680
EOPRRY;4846,9248,11807,18600,19009,19071,25873,26640,26646,26651,28003,28577,34173,34249,34265,34400
EOPRSS;
EOPRST;
EOPRSU;
EOPRSV;30633,32053,32061
EOPRSW;15677,16065,16581,25198
EOPRSY;4846,7777,11689,11788,14881,17955,19075,19274,21183,26651,34173,34175
EOPRTT;29744,33698
EOPRTU;
EOPRTW;18949,26519
EOPRTX;7222,7758,11735,17957,26517,33599
EOPRTY;4846,14881,19071,25873,34173
EOPRTZ;19189,19248,33575,33750
EOPRXY;17911,18201,28316,29499,29637
EOPSSS;
EOPSST;
EOPSSU;19042
EOPSSY;23326,25698,26384,27651,30292,33407
EOPSTX;16259,16760,18283,25398,31507
EOPSTY;34395
EOPTTU;18961,18965,24147,25438,26620,29726,29744,30640,32005
EOPTUV;8577,11491,26518,30640
EOQRSU;3686,17180,17251,24780,26193,29317,33600
EOQRTU;
EOQSTU;
EOQTTU;
EORRRS;21163,21178,21718,30682,31264,32198
EORRRT;11749,16245,28007,28882,31494,32265
EORRRY;6201,7786,10717,11842,23328,26651
EORRSS;
EORRST;
EORRSU;34390
EORRSV;26578,33680
EORRSW;19242
EORRSY;17945,18227,21568,21953,22576,27548,29343,32109,34400
EORRTT;7427,14878,19008,26516,26517,30867,31829,32212,33516,33607,33670,34029
EORRTU;28882,34368
EORRTV;18784,19179
EORRZZ;
EORSST;
EORSSU;
EORSSV;28786,32122
EORSSW;30863,31083,32640,34346
EORSTT;
EORSTU;
EORSTV;
EORSTW;30620,34375
EORSTX;17057
EORSTY;7777,8609,11689,19075
EORSTZ;11820,18178,26442,30620,32214
EORSVW;26060
EORSWW;16823,17225,17226,18256,19139,22562,31439,31458,32479,33695
EORSXY;11846,14537,15004,19019,20609,27605,29730,31196,32169,33297,33587
EORTTT;457,4831,11811,15643,16916,19204
EORTTU;22976,25476,26620,30640,34296
EORTTX;3673,4454,4701,6083,7158,11649,16284,19008,25476,26517,28969,33599
EORTUV;22244
EORTVX;24713,27987
EORTWY;17994,18244,26519,33186,33646,33689,33695,34316
EORUVY;
EOSSSS;1336,7789,10428,16741,16764,22566,23331,26520,26585,29382,29514,30570,30619,32268,32532,33213
EOSSST;28244,31275,31672
EOSSSU;31275,32257,34238
EOSSSW;7248,10951,11812,17995,18290,19068,22395,22508,31466,32606,33315,33712,33715,34306,34346
EOSSTU;19042,29734
EOSSTV;26540,29771,34415
EOSSTW;19072
EOSSTX;7259,25486,33214
EOSSVW;14886,18296,29771,31429,33293
EOSTTU;
EOSTUZ;7788,10536,11820
EOSTWZ;18927,30620
EOSUUV;8624,32066,34321
EPPPRY;
EPPPTU;31700
EPPRSU;30644
EPPSTU;29662,33258,33406,33464,34260
EPRRSU;
EPRRSY;21180,21183,22576,26646,33591,34173,34249,34400
EPRSST;
EPRSSU;
EPRSSW;
EPRSSY;29690,30552,33194
EPRSTU;
EPRSTW;3675,34280
EPRSUU;23071,26536
EPRSUW;18155
EPRTTU;7790,15693,17202,26620,29763,30640
EPRTTY;2709,4188,26528,30655,32081,33969
EPRTUU;18889,29744
EPRTWY;26519
EPRUVY;10564,31849,33969
EPSSSU;32901
EPSSTU;
EPSSUY;17337,29690,29738,32901,33613,34239,34411
EPSTUZ;7670,26260
EPSTXY;4425,31532
EQRTWY;
EQSSTU;4187,14773,18181,18605,18651,18796,32341,33467
EQSSUU;7796,7797,11641,16943,18904,22118,22141,22528,28684,29458,31990,32247
EQSTUU;4853,15529,16942,16943,22141,25449,32247
EQSTUY;4853,16940,29459,33198,34277
ERRSTU;4731
ERRSTY;23249,30194,31840,33591,33673
ERRSUU;4731,11847,22373
ERRSUY;6827,21568
ERRTTU;7790
ERSSST;
ERSSTT;
ERSSTU;
ERSSTV;
ERSSTW;33926,34205
ERSSTY;30147,30271
ERSSUU;30875,33630
ERSSUV;23989,32357,34433
ERSSVY;30147,30444,31267
ERSTTU;
ERSTTY;26528,33559
ERSTUU;21164,22245,22392,25449,33585,34339
ERSTUV;34388
ERSTUY;22511,33948,34357
ERSTVY;26443,33948,34117
ERSTWY;33695,34375,34395
ERSTXY;11846,14537,29730,31532,32169,33297,33587
ERSUVY;7685,9614,10570,33948
ERTTUX;
ESSSSU;6206,7266,7789,17910,21660,21876,22566,22590,23331,23990,26585,28703,29382,31256,31261,31464,31516,32110,32195,33509,34353,34409,34431,34434
ESSSTU;14028
ESSSUW;17995,22395,33315,33712,33715
ESSTTU;
ESSTTY;19227
ESTTUY;22511,22549,33559
ESTUYZ;18997
ESTUZZ;14957
FFFLOY;
FFFLSU;7804,25506,32316
FFFLUY;
FFGIIN;34436,34444
FFGILS;26660
FFGINO;
FFGIRS;19299
FFGLOO;15027
FFGRSU;19297,19299,21886
FFGRUY;34447
FFHIOS;22592,28830,32330,32334
FFHIST;30668,32320
FFHISW;
FFHIWY;32329
FFHORS;32330
FFHOSU;22592
FFHOSW;
FFIILY;1484,11855,11859,32329
FFIINT;4859,15029,16964
FFIKLS;
FFIKSS;16966
FFILLU;11862
FFILOT;11857,11859
FFILPS;
FFILTU;32343
FFIMNU;32343
FFINNU;19292,34448,34449
FFINPU;
FFINRU;24004,34456
FFINSS;10606,26661,29780,30676,32334,32348,34440,34454
FFINSY;34436
FFIOPR;34438
FFIOPT;
FFIOST;11860
FFIPSS;16966,19304
FFIPSY;
FFIQSU;32341
FFISST;4862,16961,16966,16969,16976,19299,19304,25516,26657
FFISTY;
FFISUX;16977,32346
FFKOSS;
FFLOTY;11859
FFLPSU;
FFLPUY;
FFLRUY;7270,15031,25517,34455
FFLSSU;26661,34440,34450
FFNORU;22159,24789,26659,32322,32354
FFNSSU;4858,10606,22160,26661,29780,32348,34440,34454
FFNSUY;
FFOPSU;
FFOPSY;
FFOPTU;
FFOPUY;
FFOSSW;19315,32332
FFRRUU;
FFSSTU;19299,26657,32341
FFSTUY;
FGGIIS;19322,19324,34464,34465
FGGIIZ;34458
FGGORY;34467
FGHILT;29784,32385,34483
FGHIRT;34468,34479,34483
FGHIST;6230,23332
FGHOTU;34469,34470
FGIIKN;
FGIILN;29788
FGIINN;20943,26672,32400,34459,34496
FGIINR;21345,28035
FGIINW;
FGIINX;
FGIINY;7272,10613,11852,11868,19357,22597,26666,26671,26672,34491,34517,34530
FGIKNY;11868,34491
FGILNS;
FGILNU;24389,29788,34493
FGILNY;
FGILST;17007,19353,30706,32435,34503
FGILUY;15034,19351,24389,32404,32407,32426,34480,34493,34505,34514
FGIMNU;26677,34517
FGINOR;34476
FGINOS;19332,25531,26674,26679,34495
FGINOX;34487,34535
FGINRY;34537
FGINSU;30694
FGINUZ;7811,29788,30711
FGIORT;29789,32385,34468,34483
FGIOSU;19353,19370,19377,19378,19380,26683,32368,32394,32452,32453,34477
FGIOTZ;
FGIRST;19299,34503
FGJLUU;
FGLMUU;34448
FGLNOS;26660,32454
FGLORU;
FGLTUU;34469,34482,34548
FGNOOS;19300,32454
FGNORY;26678,32447,32448,34446,34467,34476,34520,34524,34528,34537,34547
FGNOSU;19377,19378,34477
FGNSUU;19339,34481
FGOORS;15038,19300,19338,34490
FGOORT;15038,19300,21553,26685,34460,34470,34483,34548
FGOOSU;15038,34490
FGORSU;4878,15038,19368,19370,19380,29785,34490
FHIIKS;19384,26686,28869
FHIINS;20735,29803
FHILST;11895,19389,34553,34555
FHILSU;11894,25544,30737,32469
FHILTY;34551
FHIMUY;34551,34554
FHIRST;22601,34558
FHIRTT;7278,8627,17063,34468
FHISST;21020,26686,26689,32382
FHISSU;30737,30742,32477
FHISTU;19334,19389
FHISTW;30725,32387
FHISTY;25543,26667,32387
FHLOSU;7815,11894,29808,30746
FHLSUY;17079,17081,19337,29807,32469,34554,34561
FHOOOR;26694
FHOORW;32495
FHOOSW;28880,29808,34552
FHORST;11899,11904,19393,22601,26690,34555,34559
FHORTU;28882,30749,34470
FHORTY;11896
FHORWY;
FHOSTT;7817,34484,34485,34489,34555,34557,34559
FHOSTU;30746
FHOSTW;11904,17060
FHPRUY;34554
FHSTUY;17081,19337,34561
FIIKNR;
FIILLN;2758,7819,22178,26703
FIILLP;11910,32523
FIILMS;15046,26704,26705,34580
FIILNT;28831
FIILPR;32523
FIILSU;7810,15046,15048,19353,19410,19413,22603,26705,29787,30764,32510,32536,34473,34513,34515,34580,34582,34583
FIILVY;7285,32407
FIIMNR;4883,34576,34586
FIIMNY;4884,15032,19349,19357,22597,25526,26666,26670,30762,34504,34517,34520,34521,34578,34586
FIIMST;2765,19414,26709,34521,34522,34574,34580,34589
FIINOR;19293,19294,19331,19408,19411,25509,26706,34446,34467,34476,34520,34524,34528,34576
FIINOT;19294,19355,19360,19386,22593,29797,32518,34446,34520,34528,34529
FIINVY;34498
FIIOST;10601,11921,15049,19386,19414,19418,22604,23712,24820,26701,26709,28080,28889,32513,32541,32550,32551,34522,34570,34588,34589,34592
FIISTX;28080,30765,34527,34583
FIITXY;
FIIVVY;
FIJLOR;
FIKLSS;11882,26702,30731,32459,32555,34572
FIKLSU;
FIKLSY;17064,32469,34573
FIKNOS;19384,23084,26674,26714
FIKRSS;25539,32519,34532,34550
FIKRSY;17064,34532
FILLLU;11924,19404,22608,26703,30795,32426
FILLOS;2769,11926,15039,21346,22605,26714,34549,34552,34595
FILLPU;32523
FILLRS;466,15039,22602,22605,34503,34549,34571,34574,34595,34598
FILLRY;28895,30699,34455,34480,34508,34551,34598
FILLUW;
FILMOU;4160,11925,15053,19420,19425,22606,23336,23337,26716,26717,26719,29811,30804,34510,34535
FILMPS;17141,28884,32506,32507,32557
FILMRY;4882,6829,8632,13158,19419,25580,25583,26718,28921,34551,34577,34579
FILMSY;19426,22607,34554
FILMUU;23337,25581,26716,34448
FILNOR;7821,32529,34576
FILNOW;21560,28928
FILNST;19429,26714,28090
FILNSU;11933,13157,17143,22609,30811,32316,32561,32572
FILNTU;23090,28084,28931,30798,30810,32343,34456
FILNTY;24831
FILNUX;
FILOOS;9709,11932,15054,19409,19429,34595,34605
FILORT;34483
FILORV;7814,7821,32385,32432
FILOSS;4890,19309,19391,19422,19432,34542
FILOTU;15047,17097,23090,30810
FILOUZ;28900
FILOXY;19431,25584
FILPPY;19421,34578
FILPTU;
FILRST;11895,34451,34486,34503,34571
FILRTY;29793,34480,34508,34551
FILSSU;8400,8633,26661,30737,30764,32316,32477,32561,32572,32579,34450,34542
FILSTT;19429,34484,34485,34555
FILSUZ;13365,17143,32570
FIMNOR;
FIMNOY;15051,19419,19426,22597,26725,28921,34504,34520,34578,34586
FIMNRU;4856,4879,4883,19306,19440,25581,30830,32593,34441
FIMNUY;19426,34517,34586
FIMOST;19370,19414,19437,19438,19442,29817,34522,34553,34557,34570,34574,34588,34589,34608
FIMSTU;19370,34557,34589,34608
FINOOS;6832,9709,11932,11937,15054,17144,17172,19409,19429,19438,19439,19444,19445,22592,25599,25600,26721,26723,26724,28908,29816,29818,29819,32590,32601,34558,34603,34609,34611
FINOPR;11893,26706,29820
FINORT;13369,16973,17175,17176,19443,28940
FINORX;19431,28102
FINOSU;11937,11939,15059,19377,19378,24840,25573,25590,25597
FINOTY;19363
FINSST;15060,19386,19387,19391,19416,22611,26689,29806,29814,29821,34572,34604
FINSTU;24841,25512,25573,25574,25590,32350,32515,32611
FINSTY;4871,17134,19361,32423,32451,34497,34500,34521,34573
FINTUX;30810,32515,34487,34583
FIOOST;11932,19409,19429,19438,19445,24395,26724,27682,29816,29817,29818,29822,34595,34605,34609,34611,34612
FIOPRT;2775,7823,26711,29820,34483
FIOQSU;4895,17180,19435
FIORRT;941,19393,19443,26711,34468,34559
FIORST;22601,22604,27682,29822,34570,34588,34589,34592,34608,34612
FIOSST;15049,19381,19416,19432,22604,22611,24393,29821,34570
FIOSSY;19309,19394
FIOTTU;19360,34545,34590
FIPRUY;17159,28919,29820,32450
FIPTYY;
FIRSST;19299,19367,21732,22604,22611,29814,29821,34516,34570,34581,34588
FIRSTT;19295,19380,19442,34589,34592,34611
FIRSTU;19299,29822,34486,34589,34592,34608
FIRTUY;29820,32450,34598
FIRYZZ;
FISSTW;4862,19304,29806,29821,34550
FISTWY;
FJLLOO;
FJLOUY;7825,32619,32620
FKLNSU;
FKLNUY;19395
FKLOOS;15063,32622,34549,34595,34613
FKLOSY;17186,34613
FKNOTY;
FLLLUY;19404,22608,26729,32426,32625,34546,34561
FLLOOW;30856,34619
FLLOSY;7826,7827,22191,32560,32619,32625,32630,34561,34618,34620
FLLOUY;7826,7827,11927,21734,25517,26729,32619,32625,32630,34534,34546,34561,34562,34617,34618,34620
FLMNOU;21906,28948,28951,30804,32354,34510,34535
FLMOOR;2788,16979,16980,26694,32632,34576
FLMORY;8632,13158,25583,26718,27393,28921,32632,34577,34617
FLMPSU;32557
FLNOOU;22596,29823,34538
FLNOOW;11947,24847,25616,32495,32631
FLNRUU;11948,34456,34482
FLOORS;26734,29804,34549,34555,34595,34603,34605
FLOOSY;11944,32628,34613
FLOOUZ;
FLOOYZ;
FLOPPY;34578
FLOPTU;32637
FLOPUW;19312
FLORSU;22605,26734
FLORUY;7825,11927,19431,24027,25517,26729,26730,29823,32629,32637,34547,34548,34617,34618,34620
FLOSSY;9712,19309,32620,32639
FLOSTU;11949
FLOSTY;11934,15787,32619,32628,34541,34561,34618,34620
FLOTUY;7824,7826,11934,11946,15787,21734,32619,32637,34561,34618,34620
FLPRUU;
FLPRUY;29823,34620
FLRRSU;7815,7829,26732
FLRRUY;
FLRSUU;22192,25507,32317,32582
FLSTUY;7826,15787,17081,17205,17206,19337,32619,34561,34618,34620,34621
FMNORU;239,32354
FMORSU;25594,25595,27528,28098,28938,32540,34490,34589,34606
FMOSUU;22195,25594
FMPRSU;10607,32593,32595
FMPRUY;
FNOORU;15068,22159,26736,34607
FNORST;21737
FNORSW;11941,23593,29819,32606,32609,34539
FNORWY;34537,34547
FNOSTU;7828,19377,19378,19392,26720,28123,34477,34557,34583
FNRTUU;30888,34456,34482,34590
FOOPRS;5635,19445,20736,26692,26696,29825,34609,34611,34624
FOOPSS;14145,24863,26712,32496,32543,34568,34610,34626
FOOPSY;5635,29817
FOORSS;15067,19316,19399,19446,19458,21732,22197,25548,25552,25627,26712,26734,30751,34568,34616,34626
FOOSTY;29817,30889,32628
FOOTUX;
FORRSU;7815,19418,26696,26697,26732
FORRUW;32425
FORSST;468,11891,11900,19316,19394,19397,19399,19446,19457,19458,21732,22604,22611,34568,34570,34588,34626
FORSTW;4896,9714,9715,11904,11942,27682,29822,34608
FORSTY;21027,30889,34618,34620
FORSUU;17251,26734,28963,32638,32644
FORSWY;11941,14133,17213
FORUYZ;
FORWYZ;
FOSTUY;7824,7826,11934,15787,32619,34561,34618,34620
FRSSTU;6233,10719,14149,17253,19299,19367,19447,34602,34626
GGGIIN;19461
GGGIIT;
GGGILY;7830,15071,29829,32655,34628,34629,34634
GGGINU;
GGGLOS;34635
GGGLOY;32655
GGGORY;
GGHINO;8404,11961,11962,26739,34460
GGHORU;
GGHOTU;17272
GGHSUY;34653
GGIIJJ;
GGIINP;17288
GGIINV;30908,32662,32681,32698,32705,34679
GGIIRR;4904,15808,19481,28978,32363,32365
GGIJLY;34634
GGIKNO;11969,34652
GGILNO;23095,26747,34690,34695
GGILNU;19498
GGILNY;129,3722,19323,19473,34461,34699
GGILOO;8640,11955,11971,19507,21192,26747,29851,34690,34701
GGILOT;
GGILWY;19463,34676
GGINNO;
GGINOQ;
GGINOR;6836,32708,34690
GGINOS;
GGINRU;
GGINRY;34463
GGINUY;4910
GGINVY;32693
GGIOOR;4915,29852,29853,32733,34690,34703,34707,34708
GGIOST;11973,17271,17309,25635,32749,34689
GGITWY;19515
GGLLOO;10731,26747,32752,34690,34711
GGLOOO;19507,19516,19534,21577,28993,32752,34711
GGLOOY;34699,34710,34711,34712
GGLRUY;15085
GGMOSY;19505
GGMRUU;
GGNOOR;4925,7315,17330,19534,29852,29853,32733,34690,34703,34707,34708
GGNOOY;19534,26739
GGNRUY;
GGOORT;4915,7315,17326,21911,34460,34708
GGORST;19531,34658
GGPRUY;
GGPSUY;
GGRRUU;
GGSTUY;17329,19537
GHHHIT;
GHHILY;34714,34717,34718
GHHINO;34722
GHHIST;19330,19538,29857
GHHOSU;17346,32763
GHHOTU;
GHIIKN;23098
GHIINO;6237,7841,11992,15091,19331,19574,21193,23100,24399,29865,32784,34476,34732,34756,34766
GHIINR;29865,34476,34479,34755,34756
GHIINV;29865
GHIKNO;17368,17369,19581
GHIKNT;29856,32815,34768
GHIKST;11999,22627,23332,26757,32814
GHILNO;22225,22226,23100,25662,25665,26791,30955,32826,34775
GHILNY;20739,22226,22629,24875,25660,26663,26665,26758,30964,32826,32832,34750
GHILPT;12015,19539,19595,34483,34780,34789
GHILST;26767,26771,29871,34787
GHILSU;
GHIMNO;477,4215,15840,17368,19610,22225,30218,30972,32826,34732
GHIMST;19583,22229,32389,34770
GHIMTY;26789,32854,34772
GHINNO;34732
GHINOO;19610,25683,30972
GHINOP;477,15106,19574,34722,34768,34810
GHINOS;
GHINOT;22982,30218
GHINOV;
GHINOX;34487
GHINOY;15091,19586,20739,22226,25660,25695,26795,26801,26808,27553,28151,32826,32832,34476,34764,34778
GHINPY;2806,26764,30976,34772
GHINST;
GHINSY;26808,34436,34764
GHINTY;25690,25695,30976,30984,32859,34479,34764
GHINWY;4926,17341,26765,30964,34746,34748,34750
GHIOPZ;12029,12033,19574
GHIORS;19603,26769,26786,26799,26811,34787
GHIORT;4937,12034,15095,19539,19603,22628,26752,26763,26797,26799,34468,34483,34768,34780,34787,34789
GHIOSS;16998,20692,20743,25656,26774,26799,29868,30974,32321,32393,32677,32809,32882,34790,34796,34815,34816
GHIOSY;19602,34718,34764,34788
GHIPST;32885,34478,34763,34808,34812
GHIPTY;8653,30976
GHIQTU;
GHIRST;26799,34787
GHIRTW;12036,17440,19604,22628,34740,34789
GHIRTY;479,25695,30984,32854,34479,34764
GHISST;16998,25656,34439,34815,34816
GHISTT;17345,19556,26757,34484
GHISTW;29871
GHITTW;12036,17440
GHLLSY;4220,17444,19337,22630,34653,34718
GHLMOU;2346,17448,24397,34773
GHLNOS;29876,30991,34817,34821
GHLOOS;22627,22634,23351,26767,26786,26812,29871,29876,34484,34657,34787,34817,34821
GHLOPU;6244,15113,17272,19588
GHLOSU;30997
GHLOUY;
GHLPSU;
GHLPSY;4220,10761,15114,17444,17464,17465,19599,19602,19638,19640,19641,22635,26815,32894,34774,34788
GHMOTU;17448
GHMPRU;34755
GHNNUU;22632,32397,34481,34805,34806,34807
GHNOOP;7332,17451,19547
GHNORT;4952,15867,17002,19636,22240,24885,30222,30993,31002,34726,34768,34780
GHNOST;17455,17474,26812
GHNOSU;11964,13164,15116,29834,29877,34821,34824,34831
GHNOTU;34726
GHNOTY;4953,17474,19586,19646,25690,25695,30222,31004,34764,34778
GHNPUU;23350,29030,32800,32801,34812
GHNRUY;34479
GHOOPT;12015,19646,32838,34483,34724,34823
GHOOQU;
GHOORS;7853,17459,17462,19338,19543,19545,19648,19654,19656,22243,23353,25684,25706,25707,26786,28974,29032,30994,32763,32865,32866,32897,32903,32904,34490,34787,34829,34833
GHORSU;13164,14206,15116,17346,17467,17495,29877,32763
GHORTU;34768,34799
GHORTW;22628,30986,34789
GHORUY;7854,14155
GHOSST;12038,12045,19657,19661,20743,25656,26774,26799,29868,30974,31008,32393,32677,32841,32846,32882,34790,34796,34815,34816,34832
GHOSSU;12045,24886,29879,31008
GHOSTU;30997
GHOSTY;2820,10794,17474,19659,26667,26811,32909,34764
GHOTUY;19553
GHPSUU;15119,19652,32800,34793,34812
GHRSSU;15110,29879,34719
GIIINR;4957,4958,9719,19480,19481,19691,19692,19695,21742,22164,22615,23360,24403,25710,26670,26830,26832,26840,27560,29044,29786,32682,32767,32911,32916,32922,32926,34462,34463,34496,34665,34667,34838,34852,34858,34877
GIIJNV;17502,19697,19698,25714
GIIKLN;
GIIKMN;4967,11850,12055,12056,15129,17503,23098,26822,26824,26851,26852,26853,34897,34898
GIIKNN;
GIIKNP;
GIIKNR;
GIIKNS;
GIIKNT;
GIIKNV;
GIIKNY;11868,26754,26851,34491,34736,34884,34887,34888,34894,34895
GIILMN;31018
GIILNN;26861,34930
GIILNO;32984
GIILNP;21750,22165
GIILNR;26830,26832,26871,34838
GIILNS;
GIILNT;
GIILNV;26818,34838,34851,34852,34905,34920
GIILNW;32984
GIILOS;2793,11967,15086,17554,17555,22924,22925,23366,26769,28171,29060,29794,32966
GIILSS;10064,10806,12059,14040,17012,21036,24888,29000,29863,32781,32935,32973
GIILSV;31036,33005,34953
GIIMMN;22657,26851,26874,31039,31040,34517
GIIMNN;34732
GIIMNP;19680,34861
GIIMNR;483,4957,19684,29909
GIIMNT;7869,19326,19355,34861
GIIMNX;
GIINNN;12055,12099,26824,26852,34869
GIINNP;
GIINNS;
GIINNT;
GIINNV;4960,4961,19461,34679,34981
GIINNW;22658
GIINNX;17525,19677,25753,25754
GIINOR;19293,19574,21345,22271,29865,32708,33015,33031,34476
GIINOY;11870,11879,12114,15091,19706,19742,22597,22640,26671,26678,26868,26897,34446,34467,34476,34499,34520,34528,34908,34928,34932,34943,34992
GIINPP;
GIINPR;
GIINPS;
GIINPW;12112,19805,31057,32700,34744
GIINPZ;4903,4963,12103,19688,19750,26847,34861,34930,34979
GIINRS;
GIINRT;34877
GIINRV;19830,26888,34679,34838,34852
GIINRW;22658
GIINST;
GIINSV;
GIINSW;
GIINSZ;4981,4993,19668,19690,19694,19707,19740,19828,21751,22644,26820,29894,29908,29914,34836,34857,34863,34872,34990
GIINTT;2836,12052
GIINTW;26856
GIINVW;
GIIOPR;2832,4991,7866,12075,19733,19734,19818,19819,26868,26877,26895,29926,34526,34908,34942,34943,34988,34991
GIJKNO;7880
GIJKNU;31068
GIJLNO;19497
GIJLNU;2838,7858,19498,19837,31068,32930
GIJLNY;5005,19837,22665,34634
GIJNOW;
GIJNOY;33090
GIJOST;
GIKLNY;944,5005,5008,12130,17619,17621,19840,19844,19845,22283,29927,32655,34501,34884,34887,34888,34889,34894,34895,34896,35009
GIKLSS;6253,11882,19842,19848,24409,26903,29928,31080,34843
GIKNNU;25719,32932,34899,34901
GIKNOP;
GIKNOR;3748,14255,33094
GIKNOT;7887,19841,29856
GIKNOY;32655
GIKNPU;7351,17632,34886,34901
GIKNRY;
GIKNST;
GIKNSY;4928,12127,19845,26754,34887,34888,34895,35009
GIKNUY;7884,34532
GIKOPS;
GIKRTU;7889,17633,35020
GILLNU;34885,35026
GILLOO;6250,7896,8415,10731,10845,11884,12003,12143,20748,21203,21759,24904,25773,26747,26761,26762,26857,26900,26908,29121,29784,34690,35024,35025,35026
GILLOR;
GILLOY;7359,12004,12065,12154,20739,20748,25773,33129,33134,34717,34718,35033
GILLRS;486,2843,12005,12066,12156,15120,19702,19708,22671,34503,34912,35032
GILLUY;12156,19874,27573,27695,32426,33129,33133,34480,34505,34534,34653,34718,35023,35033
GILMNO;31100,34535
GILMNU;35036
GILMRY;7893,12006,19505,19884,22670,35037,35041
GILMSU;3753,17688,19887,22299,22671,26916,31085
GILNOO;33170,34690,34775
GILNOP;
GILNOR;34775,34781
GILNOS;
GILNOT;
GILNOU;7845,15074,26747,26908,35036
GILNOV;28199,31106,32970,33182
GILNOW;
GILNOX;7845,17645,25777,32978,34535
GILNPS;
GILNPU;4278,5044,21750
GILNPY;27689
GILNRU;5045,5048,19753,32992,32998,32999
GILNSS;
GILNST;
GILNSU;
GILNSY;27407,31109,34895,34912,34913
GILNTU;5042,5045,5048,19498,19710,19721,27686,29938,34772
GILNTY;23364,25734,25743,26828,29065,29071,31030,31128,32917,33133,33150,34669,34694,34698,34846,34851,34884,34914,34928,34932,34935,35028
GILNUX;7845
GILNUY;1508,5048,7911,19351,19874,23363,24389,27686,27695,29936,34493,34505,34935,35023,35036,35037
GILNWY;26765,30964,33110,34676,34746,34748,34750,34915
GILOOS;23351,23366,23374,34788
GILOOY;12135,22928,25773,26929,29937,33134,33208,34788,35033,35036,35078
GILORS;22682,23377,23378,26769,26799,29794
GILORY;12178,19505,19601,21200,22309,23378,33136,33137,33208,33216,35033,35041,35078
GILOSS;7895,24409,26799,26903,29868,34790
GILPSU;32714,32839,32843,33207,35068,35077
GILRSU;3753,3760,3761,23377,23378,34486,34774
GILRSY;2858,12156,12178,19505,19840,23376,23378,26796,26831,29794,34501,34647,34774,34889,34912,35033,35041,35065,35078,35080
GILRTY;2847,19711,19872,23364,29793,34508,34914
GILSSU;248,4939,17753,19367,19889,24080,29015,29863,31097,32656,33010,33219,34542,34719,34926,34954,35045,35079
GILSTU;3761,19353,19887,20740,22595,35068,35077
GILTUY;7911,15182,19837,19874,19902,19903,27686,32407,32917,33133,34694,34767,34772
GILTYZ;2855,19750,19882,35043
GIMMNU;34535,34854,35036
GIMMOR;10814,17399,17617,19608,19760,23117,25633,32728,33015
GIMMSU;26800,34793,35081
GIMNNO;34732,34906
GIMNOO;
GIMNOP;477,32716,32962,34861
GIMNOS;
GIMNOU;5056,19935,22646,34535,34906,35036
GIMNOV;
GIMNOW;
GIMNOY;15193,19932,22597,26801,33236,34520,34967,35088,35089
GIMNOZ;14304,15151,19719,19766,19769,19882,22261,22597,22639,22646,26773,26877,29068,29079,31102,32826,32962,33015,33022,34732,34857,34861,34920
GIMNPU;
GIMNPY;5008,15156
GIMNRU;4856,26940,34441
GIMNSU;21751
GIMNTU;21589,30924,32729,32852
GIMNUX;34535
GIMORS;21212,22651,35021,35041,35092
GIMOSS;7895,15188,15194,19761,20743,22652,26774,29868,34923
GIMOSY;32855,35088,35092
GIMOSZ;12196,14313,17684,29908,32855,33153,34857,35043
GIMOTU;5056,7378,7915,19355,29888,35044
GIMPSU;34793,35081,35092
GIMRSU;22299,25747,30154,30709,33245
GINNNO;4942,5069,19934,33038,34704,34797,34869,35086
GINNOO;6849,22806,24390,29945,34544
GINNOS;30249
GINNOT;22806,22985,23081,23111,23125,24905,25803,31098,31148,34544,35085,35093,35094
GINNOW;
GINNOY;7384,8424,19843,29927,29936,33230,34928,35023,35049
GINNOZ;32970,33022
GINNPW;30251,32700,34685
GINNPY;12163,19844,19845,19901,25828,26764,30976,32862,32971
GINNRU;34806
GINNSY;19473,19499,19843,19845,19863,19901,20753,34445,34464,34697,34894,34936,35049
GINNTU;
GINNTY;7384,7864,15154,17773,19350,19500,19515,25734,25828,26828,29071,30976,33260,34496,34669,34675,34851,34884,34894,34928,34936
GINOOP;
GINOOS;
GINOOW;25808,34701
GINOOZ;15164,26808,26867,34990
GINOPR;
GINOPS;
GINOPT;34861
GINOPU;
GINOPX;7918,25777,29096,29158,32978,34527
GINORS;
GINORT;
GINORV;26888,34852
GINORW;31191
GINOSS;
GINOST;
GINOSW;
GINOSY;
GINOSZ;5016,19707,19740,26808,34990
GINOTT;
GINOTU;22199,26894,34881,34883
GINOTV;23370,26888,29923,29946
GINOTW;
GINOTY;7384,21217,22640,25695,26897,30259,32447,32448,32859,33186,33236,33255,33283,33298,34446,34520,34528,34928
GINOTZ;34861
GINOVW;29946
GINOWW;31191
GINOWY;21939,24415
GINPPU;19952,34530
GINPRS;
GINPRU;
GINPRY;34877
GINPSU;
GINPSY;34888,34895
GINPTU;29938,34646
GINPTY;2853,30976,31128
GINPXY;19625
GINQSU;15953,17319,25670,25679,26776,34809,34963
GINRRU;5045,5061,17565,19753,19937,19957,19969,27796,28237,31214
GINRST;
GINRSU;
GINRSW;
GINRTU;5045,5048,19487,19710,29938
GINRTY;22598,23364,34446,34447,34479,34496,34508,34520,34524,34528,34698,34745,34746,34877,34914,34935
GINRWY;21939,24415,33124,33186,34537,34742,34746,34904,34912,35027
GINSST;
GINSSU;33264,33304,33309,33312
GINSSW;
GINSTY;34500
GINSUU;7901,12210,12217,21936,22632,23384,26864,26956,29798,32800,33148,34481,34661,34807,34812,35083
GINSVY;32422,34951
GINSWY;34676,34748,34904,34912,34915
GINTWY;17773,19515,26765,33186,34746,34904
GIOORV;12218,19960,29865,31078
GIOPPS;19602,19627,19628
GIOPSS;33202
GIOPST;12195,19946,26768,26811,29872,29939,32881,35040,35067,35076
GIOPTU;478,19588,35044
GIORRS;3767,12179,19627,26769,26804,34989,34990,35021
GIORRU;7850,7921,15035,19957,19969
GIORST;22681,26799,26811,29872,34953
GIORSU;23377,23378,27582,35092
GIORSV;30985
GIORTU;15186,29888,35044
GIORUV;15186,29923
GIOSTU;
GIPPRY;4945,19601,34723
GIPRSS;4929,15110,15212,19945,30102,30234,32709,33219,35073,35091
GIPRTU;17044,29938,35044
GIPSTY;17748,19888,26667,26811,29182,33211,33247,35075,35076
GIRSST;491,5034,9730,12037,15212,26799,34796,34815,34816,35045,35069,35073,35079,35091,35123
GIRTTY;12220,17605,19607,19786,19872,33298,34791
GISSTU;5087,19358,19379,19979,19980,30935,34542,34719,34926,34954,35045,35079
GJLNUY;12221,19837,22665,34634
GJMSUU;
GJNOOU;12224
GJNRUU;3747,17323
GKLNOS;28249
GKMOOU;
GLLMUY;17887,20752,22599,22629,22665,22668,22670,27695,34546
GLLNOY;12221,17324,20739,31228,33129,33318,33320,34547
GLLOOP;12003,19990,26761,32752,34769,35024,35025
GLLOOS;5090,14052,23386,26812,31228,33317,33318
GLMNOO;7928
GLMOOS;5090,17380,17900,19635,19886,19887,19995,19996,19997,23374,25729,28193,30917,32965,32966,33151,34923,34925,35021,35040
GLMOOY;2874,19996,19997,22678,25868,34546,35036
GLMOSU;5090,19887,19996,19997,21945,28994,31227,31233,31236,33319,33321,33322,35127
GLMPSU;19997,35127
GLMPUY;19997,34772
GLMRUY;17887,31236,33324,35037
GLMSUY;3777,7903,19996,19997,31236,32750,34774,35127
GLNOOO;21577,26791,34775,35011
GLNOOS;26812,27584,29876,31228,33332
GLNOOU;22596,26747,26908,29192,29851,29953,34538,34540,34700,34701,34779,35011,35025,35026,35036
GLNOPS;34821
GLNOSU;
GLNOUY;12221,26961,34547,35023,35036,35037,35129
GLNPUU;21750,26919,29030,29938,34637,35029,35051
GLNSUY;3777,26961,31241,33331,33333,35127,35128,35129
GLOOOY;19996,22308,34710
GLOOPR;5096,10932,17911,19990,26928,26930,29940,34483,34820
GLOOPS;22635,23351,24078,26815,28205,29144,29194,29939,32839,32894,33151,33202,34788,34821,35040,35067,35068,35076,35077
GLOOPY;32894,33208,34724,34788,35076
GLOORY;19544,19990,21762,27585,29195,29937
GLOOTU;2880,12176,21759,29192,29851,29953,34538,34548,34725,35011,35025,35026
GLOPPY;4936,19602,20005,32894,32895,34724,35055
GLOPSS;19880,19896,29928,34790,35073
GLOPTU;19588,29953,35044
GLORSW;29932,34539,35129
GLORWY;
GLOSST;12038,24409,26799,26903,29868,34790
GLOSSY;17449,33152,33337,34710,34924,35042
GLOSTU;2395,2879,19353,31242,32751
GLRRRS;17749
GLSUUV;
GMNNOO;7928,16046,20012,22339
GMNOOS;20011,34824,35133,35134
GMNOST;35133
GMNOSU;20011,26961,34824,35127,35131,35134
GMNSUU;35084
GMNTUU;17921,35005,35086
GMNUUZ;35038
GMOOPR;5096,25675,34820,34828
GMOORS;15220,19338,19536,20016,25706,29032,31160,34490,35021,35133
GMOOTU;
GMORSS;21055,30283,31257,31258,33341
GMPRSU;35092
GMPRUY;33339
GMPSUY;19997,33247,34774,35092,35127
GNNOOR;29852,29853,29945,34679,34703,34957,34970,34977,35015,35018
GNNOUW;19935,34683,34974
GNNSUU;22686,29167,31260,33342
GNOOPS;20019
GNOORT;7315,10944,12224,15222,17904,17943,19636,22240,29953,31002,34726
GNOOSZ;26808,29908,32742,34990,35134
GNOPPU;12233
GNOPRS;20019,21218,34829
GNOPRU;9746,15216,17920,29956,33344
GNOPSY;22241,26816,30292,31003,32905,34831
GNOPTU;
GNORST;29955
GNORSW;12234,28259,29035,29201,31249
GNORSY;15116,15221,20013,35129
GNOSUY;9358,15116,15221,17485,26961,26966,32905,33188,33331,34697,34831,35089,35127,35128,35129,35131,35134
GNOTUU;19838,19914,21766,21947,22621,22666,29139,29848,34704,34805,35005,35008,35029,35086,35111,35120
GNPRSU;21218
GNRSTU;475,19339,20015,21219,29957
GOOOOR;
GOORSS;7418,7920,14371,17334,26944,30291,31263,32739,33268,33352,33353,34989,35087,35112
GOORTT;17837,17913,19949,19960,22345,26930,26946,34470,34727,35106
GOORVY;33090
GOPPSY;12044,19602,19638,19659,20007,32764,32894,35055
GOPRSS;7933,16056,17493,19382,19650,19945,25874,30224,33341,33353,35135
GOPRSU;21218,33344,35092
GOPRUW;
GOPRUY;4956,29208,33282,33344
GOPRYY;12232,19639,19642,19658,19660,32765,34828,35059,35060
GORRTU;1525,7921,7925,12235,19957,19969,26958,29949,35114
GORSTU;21219,29955,29957
GORSUU;14206,17495,17849,19983,22663,22682,23377,23383,26959,29955,29957,31260,32453,32763,33314,33355,34813
GORSUY;6432,12178,15116,15221,20007,23378,35033,35078,35080,35092,35129
GORSYZ;26960,33137
GORTTU;31006,33217,34470,34727,34729
GORTTY;16070,19786,29195,30722,33298,34791
GORTUY;33255,33298
GOSSTU;2883,5111,7933,12045,19537,34542
GOSTUY;8671,17329,19537,26966
GPRSSU;7933,15110,19976,19989,20001
GSYYYZ;19981
HHISSY;26968,31289,33370,33373,33375,33382,35144,35145
HHISTW;19538,20034,24421,30941
HHMMUU;
HHMPSU;
HHMRTY;33395,35148
HHOOSS;35155,35158
HHOOSW;24421,24422,29961,31300
HHOOSZ;
HHRSTU;17350,22695,23133,27590,28272,29961,33360
HIIKLM;
HIIKMO;
HIIKOS;20043,22357,24106
HIILNS;4382,6264,10981,22625,22702,23345,24974,26993,33431,34437,35136,35162,35164,35167,35169
HIILPU;18006,29240,31307,34643,34646,34744
HIIMMS;2896,7940,18011,20046,31312,35174
HIIMNS;1532,2896,2897,4382,5133,7940,12274,12277,15238,17355,19558,19563,19565,22220,22699,26993,32374,35162
HIIMPS;1532,2897,4927,5133,5134,7943,12264,18011,19563,20046,22699,23397,25905,27001,33415,33445,33447,33449,33450,35166
HIIMST;
HIINOS;18002,22702,29256,29257,29970,29971,33429,33457,35162,35164
HIINPP;4388,20044,25928,27008,31318,33410
HIINPS;1532,2897,15238,25937,28278,28279,29249,29256,29257,29964,29971,33445,33457,35167
HIINSW;24425,24615,27593,29966
HIINTW;
HIIOPR;3787,6267,14408,18006,19385,21224,23393,23401,25921,25922,25928,27002,27012,29251,31308,33426,35168
HIIOPT;7946,15095,20052,29261,29263,33426,34763,35168,35182
HIIRSS;1535,5117,7947,12258,12274,12288,12297,15093,20055,20062,21771,21773,29803,29965,34741,34754,34761,35160,35175,35177,35183
HIISSX;
HIITZZ;25953
HIJNSU;
HIJOSS;18027,20063,33472
HIKLOY;27019,33474
HIKMUZ;
HIKNRS;27017
HIKNST;27021
HIKRSS;35188
HIKSST;29978,31306,32812,33472,33475,33477,35185,35186,35188
HIKSSW;7948,14418,15732,18037,27023
HIKSSY;6232,20068,27019,35161
HIKSTY;15241,20069,35161
HIKSWY;35187
HILLOS;22702,26786,34549,34552,34718,35162,35164,35192
HILLOY;8444,11015,12004,12316,18048,19586,20073,23158,23597,25660,34718
HILLPU;12310,15248,19588,29979,32823,33484
HILLRS;12005,26786,34549,35192
HILLRT;34740,35163
HILLSS;22170,25880,28283,33483,33485
HILLST;22702,26989,32818,32824,35162,35164,35189,35193
HILLWY;
HILMOS;26993,29958,32827,34553,34770
HILMOW;
HILMOY;9754,12324,12327,12328,18057,20026,20050,20078,22811,26787,31340,32826,33363,33474,35196
HILMSU;27017,29958
HILMSY;2133,12330,15249,20078,33363
HILNPT;2427,2906,19595,26997,31352,34772,34780,35168
HILNTY;5123
HILOOT;5138,6266,8682,8700,8703,17384,20052,26797,31357,32838,33511,34483,34779
HILOPS;2911,10760,12242,17966,20053,23351,32822,32839,32843,33364,33421,34552,34556,34788,35167,35192,35201
HILORT;1537,3793,4937,6856,19539,19603,29218,33368,33435,34483,34555,34780,34781,34787,34789,35171,35202
HILOST;22702,35136,35164,35169
HILOSW;11046,14416,32843,35192
HILPSS;4939,15237,20054,21229,27033,29965,35173,35190,35199
HILPST;11895,12330,20083
HILRST;11895,20083,26771,29872,34486,34555,34787,35136,35202
HILRSW;11046,15040,26771,29966,32479,33370,34641,35192
HILRWY;15040,21770,33370,34742,34746
HILSSY;12335,14062,18004,18032,19587,20757,29988,32333,33370,34453
HILSTT;7935,7958,20089
HILSTW;26771
HILSTY;33357
HIMMSY;35165
HIMMWY;
HIMNOS;20095,20101,34557,35162,35195
HIMNOY;3797,5145,7960,8708,8709,9754,11056,11062,12324,15254,18057,20028,20050,20078,21775,26000,26787,32826,33474,33525,33534,35196,35206
HIMNSU;512,15243,22699,27017,35195
HIMNTU;19560,20056,20106,22708,25015,26974,31374,32852
HIMOPS;4940,17267,17402,18108,18126,32853,33445
HIMORS;
HIMOTY;5145,11896,12324,12361,18122,20026,20031,20069,22789,23410,29275,31340,32854,33363,33495,33534,33549,33554,35206
HIMPRS;2903,3729,4941,5133,29963,33415
HIMRST;34792
HIMSST;15255,27018,27039
HIMSTY;
HIMSWY;20078
HINNST;29998,33532
HINNSY;12312,15257,19473,23413,29996,29998,35187
HINNTU;14455,18103,18139,20056,20057,26020,26022,31374,33532
HINNWY;
HINOOP;953,1545,7959,8139,8707,8712,9758,12313,21230,24424,25996,26973,27030,27031,27038,29984,33567,35194,35208
HINOPS;19384,20029,20118,35167
HINORS;20113
HINOST;5155,15251,22702,29971,34557,35162,35164
HINPSU;7446,7963,12287,12315,20121,33568
HINPSX;5155,5159,12373,19625,20119,33416,33445
HINPTY;18147,20030,30976,33571,34772,35213
HINRSU;33430
HINSTY;15257,18141,28313,29313,29973,31412,31413,31415,33582,33594,34764
HINSUW;19618,34765
HIOORU;7467,20098,21073,27032,29873,33548,34773
HIOOSV;24438,32866,33457
HIOPPS;12249,14432,19627,19628,20075,20125,29255,33364,35138,35216
HIOPRT;15095,15259,19539,20092,30004,33526,33604,33607,34483,34722,34768,34780,34789,34810,35168,35191,35202
HIOPRU;22376,29304,29873,32869,33548,34768,34810
HIOPST;5155,20124
HIOPSY;2911,7956,7961,20027,20118,20125,26691,27043,31362,32871,33366,33421,33515,33549,34788,35141,35202,35214,35216
HIORSS;29988,34816,35183
HIORSU;12343,20076,29977
HIOSSS;12344,14478,17075,17076,18076,22378,25546,26006,26040,27014,27602,29291,29312,30741,31287,31328,31349,31377,32334,33372,33383,34795,35172,35178,35205,35212
HIOSST;20743,22710,34815
HIOSSW;22383,31429
HIOSTW;11118,22713,24421,27062,29320
HIOSTY;2929,20114,24419,26968
HIOTTU;
HIOTWZ;
HIOWZZ;22383
HIPPSU;19628,33450
HIPPWY;
HIPRST;27015,30004,34558,35191,35202
HIPSSY;4419,5162,5163,18134,20107,29266,31289,32878,33373,33612,33613,35190
HIQSSU;31405,33600,34809
HIRRSS;21237,35183
HIRRSW;22711,22713
HIRRWY;21770
HIRSST;21773,33413,33460,34815
HIRSTT;22712,22713,27024,27062
HIRSTY;479,3802,7947,21918,28313,31435,33591,33612
HIRTTY;9772,12272,14488,25950,27044,33607,34791,35171,35196,35219
HISSST;5149,20060,29329,33383,34782,34795,35172,35178,35179,35205,35212
HISSSU;7938,27013,27063,35179
HISSTW;26780,34747
HISSTX;10965,11134,31411,33577
HISSWY;31371,33370
HISTTY;25942,31412,31415,33593,33594
HISTUZ;
HISTVZ;
HIWYZZ;34750
HJNNOY;11137
HKLOOZ;
HKMOSU;5168,12399,18190,31441
HKNOOS;33479
HKNOOU;22715
HKNOSY;15273,26784,35187
HKNRSU;7843,27017
HKNSTU;18190,21239
HKNSUU;20907
HKOOPU;
HKOOSS;8717,23178,24437,24456,25548,26067,33619,33620
HKOOST;22627
HKRSUU;5168,21081
HLLOOO;20036,26693
HLLOOS;26786,26812,26977,30012,34549,35227
HLLOOU;1550,32823
HLLOOW;20134
HLLOPY;9775,18201,20140,22239,26978,33622,34818
HLLOSU;29981,34718
HLLOWY;13582
HLLSUY;17079,17081,19337,22630,26970,26992,29807,33626,34561,34718
HLMOOS;22707,29983,34553,35166,35197,35230,35231
HLMOTY;17447,20035,22386,23180,26075,35148
HLMPSU;
HLMPSY;2948,5171,12329,12330,16217,17444,18213,35230
HLMPUY;29979,33484,34772
HLNOOS;7954,8654,14196,17455,18070,21082,23419,26812,27066,29808,29876,30014,31460,33488,33500,33623,33634,34817,34821
HLNOPY;4378,4947,14504,18218,20037,29336,33627,33633
HLNOUY;7971,12334,20144,26795,33639,35200
HLOOSS;29987,34565,35185,35204
HLOOST;5548,19383,19635,22634,29876
HLOPSS;15277,21229,27033,33647,34790,35199,35226,35232,35234,35235
HLOPSY;2911,15114,19638,19641,22635,26815,34788
HLOPTY;12244,12319,18047,18218,20037,20140,23394,25705,25915,26075,33627,34717,34724,35140
HLORSS;5179,7484,14198,14508,17084,18223,18224,19397,20079,20081,20131,20150,29346,29988,30723,32492,32493,33615,34560,34565,35233,35234,35235
HLORSW;11904,12414,27064,30014,34556,35192
HLORUY;7971,12334,33628,35200,35231
HLOSST;35234
HLOSSY;7972,9780,11165,12335,14508,17449,20080,20139,20757,21241,21633,29346,29988,35199,35226,35232,35233
HLOSTU;30017,30746,30997,35229,35234
HLOSTW;5166,11904,12414
HLOSTY;20145,20146,34561
HLPRUU;
HLPSSU;27033,35173,35190,35226
HLPSSY;22718,35190,35199,35203,35226,35228,35232,35233
HLPSUY;15114,18230,20144,22635,30017,33648
HLPSYY;1552,12323,18213,20148,26815,27071,27072,34788,35147,35232
HLRSTU;5181,20083,20149,30017,34486,35234
HLSSUY;18226,18232,22718,33626,35199,35226,35228,35232
HLSTUY;17081,19337,20144,30017,33626,34561,35193,35229
HMMMUU;
HMMOOS;12406,17398,18235,20141,22374,25064,33524,35150
HMMSTU;7488,20038,20135,20151,33527,34792
HMMSUU;33658,34793
HMNOPY;7960,18057,20028,20050,26000,26001,29354,32898,33474,33627,33661
HMNOST;34557,34753,34770,35162
HMNPSY;5182,15249
HMNPUY;20030,26001,33484,34772
HMOOPR;2953,5152,20142,20153,20155,20708,25675,25970,26073,26971,27069,29293,33548,34820,34828,35142,35143,35194,35208
HMOOPS;20758,22351,27075,27076,33361,33397,35166,35197,35241
HMOOPW;
HMOORS;19338,31482,34490
HMOOSS;30011,34825
HMOOST;19338,19635,19648,20758,30013,34490,34553,34566,35240
HMOOSW;9783,15280
HMOOSZ;35166
HMOPRS;17473,18188,20156,29358,30357,30359,30360,31475,31483,31484,33672
HMOPSW;
HMORRS;5183,17403,27003,28050,29295,33551,33555
HMORSU;1806,16248,20076,20095,20099,20151,20156,29358,30360,31489,33614,35240
HMORUU;12407,20064,20967,22376,33662
HMOSTU;22710,30013,30746,33527,34557,35229,35240,35241
HMOSTY;22694,26010,26089,33554
HMOSUU;22387,22710,26072,27067,33542,35195
HMOTUY;2954,33628,35229,35242
HMPRUY;34554
HMPSSU;30322,31372,31387,33553,33671,35241
HMPSTU;20154,20156,31478,35240,35241
HMPSUW;34793
HMPTUY;20154,35242
HMRRSY;
HMRRYY;2949,29359,32900
HMRSTU;34490,34792,35240
HMSSTU;5176,12415,20038,35152,35241
HMSTUY;20154,31389,31492,33559,33673,35229
HMSUUY;35231
HMTUYZ;
HNNOOP;17451,19615,27038,31469
HNOOPS;18198,18263,33397,33634,33678,33683,33684
HNOOPT;25055,25073,26094,31471,33631,34567
HNOOPU;29873
HNOORS;15282,34829
HNOORT;14521,15279,17988,18238,18262,19636,21779,22240,28342,29371,30019,31002,31442,31471,31473,33661,33685,34567,34726
HNOORU;7481,7971,20098,21779,27032,29873,30019,32322,34726
HNOPSY;8726,12253,12420,26816,29996,34831,35214
HNOPTY;2502,3520,4953,11205,18218,20037,20165,26099,33571,33572,33627,33676
HNORST;
HNORSU;5188,7975
HNORTW;4451,16240,18243,18244,22711,33676,33695
HNORTY;15560,18244,20165,22698,23400,25056,25077,25695,26035,26099,30222,31002,33534,33571,33575,33628,33661,33676,33685,33689
HNOSSY;11165,12335,18245,20757,22378,28347,29292,29313,33491,33588,33637
HNOSTU;5188,7495,12409,18190,18217,19392,20088,20144,34557
HNPSXY;5159,19625,33634
HNRTUU;5174,33585,34482,34726,34813
HNSSTU;33546
HNSSTY;12254,12380,12421,26044,29313,31412,31413,32806,33594,33637,35215
HNSTUU;19339,22392,29374,33545,34807
HOOOOP;29809
HOOOOR;
HOOOOW;
HOOPSS;12382,12419,12422,17489,18265,18266,19650,19657,20123,21776,24165,24453,26103,29360,29367,30000,33699,34568,35225
HOOPST;12404,20123,35170
HOOPSW;30001,34552,34821,35192
HOOPSY;12405,12420,18263,18277,19651,24166,25707,26048,26815,26816,27043,27049,27075,27076,27081,29985,30012,30022,32894,32904,33473,33634,33656,33684,34788,34831,35139,35153,35197,35207,35216,35251
HOOPTT;20164,20168,27035,27055,27058,27060,31481,31521,33698,35137,35157,35213,35242,35247,35248,35249
HOORRR;17486,26049
HOORST;34490,34555,34787,35250
HOORTT;16242,20168,20175,25074,26095,27078,28342,29371,31442,31481,31521,32907,33667,33670,33689,33698,33702,34470,34555,34727,35157,35237,35247,35248,35249
HOORUZ;
HOOSST;19399,19657,29987,30020,30023,34568,34832,35155,35204
HOOSSW;21781,24456,30020,30023,34565,34832
HOOSTT;7482,20115,21242,22243,22712,24162,27070,30996,31474,32907,33682,33692,35250
HOOSTW;14528,24421,24464,24465,24466,26051,29320,29871,29961,30021,30023,32907,33598,33710,35250
HOOTTY;18284,20163,20164,20168,20172,27044,27058,27060,33689,35213,35219,35242,35248,35249
HOPPSU;19628,29358,30022,31499,33406,35159,35251
HOPPSY;4469,12044,12255,14531,19638,19659,20125,20148,22353,27072,27076,30012,30022,32764,32894,33407,35145,35147,35153,35214,35216,35251
HOPPTU;
HOPRST;19659,29872,30004
HOPRTY;21236,23401,30004,35219,35248,35249
HOPRYY;15232,19639,19642,19660,20129,20155,21236,21774,24441,27069,29230,29959,30016,32765,33672,34828,35148
HOPSSY;7972,20139,33407,35232
HOPSTU;12409
HORSST;5179,8679,9786,11900,12045,15229,15287,15288,19397,19399,19657,19661,20040,20131,20150,27065,30023,34568,34815,34816,34832,35155,35222,35223,35244,35253
HORSSU;12045,22716,34560,35159,35235,35244,35253
HORSSW;1172,15288,20131,20150,20157,21781,22714,22716,30023,34560,34565,34816,34832
HORSTT;22712,23418,27070,27080,29977,34489,34555,34559,35169,35223,35246
HORSTU;35244
HORSTW;22711,24465,29961,30005,30021,30023
HORSTY;5190,14537,15231,18285,19659,25088
HORTTW;11230,17994,18295,19624,20175,33378,33670,33689
HORTWY;15286,17994,18244,33646,33676,33689,33695
HOSSTT;15287,19661,20150
HOSSTU;20038,22710,32497,33625,33640,35152
HOSSTW;17088,18296,20131,20150,20157,30020,30023,31443,31513,33691,33694,33713,34832
HOSSUY;271,12416,18226,35199,35226,35232,35244
HOSTTU;1554,7495,7817,15230,18292,20151,20156,31506,33693
HOSTUY;14397,15284,27052,29960,34561,35229,35244
HOTUYY;
HPPSUU;
HPRSSU;7967,12250,15110,35159
HPRSUU;15119,18246
HPSSTU;5176,20091
HPSTUY;20154,33673
HQRSUU;31486
HQSSUU;
HRSSTU;6233,12045,15281,15288,16291,23417,34719
HRSSUU;17495,29879,29994,33630,33696,35223,35253
HRSTTU;7817,20151,20156,20170
HRSUUU;20041,35235,35239,35243
HRTTUY;7977,20172,33559,34563,34791
HSSUUW;
IIIMRT;12430,15293,18311,20183,23420,26132,27090,27097,29789,29888,33720,34858
IIIRST;12258,17996,18314,18318,20043,20196,20215,21093,22604,22720,26841,29890,31538,32928,33716,33725,33727,33749,34569,34878,35273
IIIRTT;11244,16293,18334,19692,19695,20180,20198,21245,26986,27094
IIJMNY;
IIJNNS;4962
IIKKOR;
IIKKOS;
IIKKSS;23424,23425,26702,26988,33755,33756
IIKLMS;35282,35283
IIKLNS;30380,31544,33416
IIKMNS;7509,8733,11250,12056,12448,26853,34898
IIKNNO;32518
IIKNNS;15305,18303,25097
IIKNOS;12056,20612,23084,26853
IIKNPP;
IIKNSS;12450,20047,21785,23424,26702,26988,34572
IIKOST;18346,20043,20048,23205,26113,27106,27107,27108,29898,33762,33766,33770
IIKOTT;23361
IIKPUW;
IIKRRS;15304,22636,27106
IILLMU;5199,7991,20221,20223,26117,26165,27109,29423,33790,35257,35282,35291
IILLOY;6297,7990,7993,7996,11855,12065,15307,19706,20222,20228,20232,20235,20748,20764,22730,23427,24404,27116,33421,33422,33785,33788,34499,34908,35290
IILLPU;29423,29434,32523,33789
IILLWY;29427
IILMMU;14562,15309,22606,27117,33782,35257
IILMNS;22420,33819
IILMST;484,5206,34923,34925,35287
IILNNS;35292
IILNNU;2976,20221,20248,22617,23363,26172,27085,33782,33830,34505,35298,35311,35313
IILNOV;3818,7821,7993,12081,19741,20229,20266,34852,34920
IILNPS;5217,30035,35167,35312
IILNRT;2983,5194,5195,5218,8745,19408,20266,27090,35314
IILNRV;1356,1564,2761,7821,11281,12478,18421,18436,20266,22005,26189,31559,34838,34852
IILNST;2977,5216,5220,12473,20274,21782,23431,24476
IILNTY;23364,23431,24198,24468,24476,25743,26760,26765,26998,27087,27093,27705,29065,29449,29860,30027,31030,31562,32917,32993,33000,33817,33832,34642,34745,34846,34914,35301,35304
IILPST;20184
IILRWY;21770,34742,34912
IILSTU;12473,15322,15330,19353,19406,20267,20274,20281,20285,22603,22729,23431,27124,27125,27126,27128,30028,34583
IILTTU;18405,22439,27110,28907,32534,32536,35302
IILTTW;22358,27626,33769
IIMMNS;22657,25124,29249,31039,31040,31563,34839,35174
IIMMNU;20291,26851,27117,33782,34854,35264
IIMMNW;
IIMMST;5205,12503,20187,20245,27132
IIMNNO;13167,14599,15150,15151,17107,17561,18382,18474,18476,18477,19764,19769,27628,29079,33018,33022,33721,34906
IIMNOU;20223,20253,20304,26172,26677,27097,27540,27628,33027,34510,34519,34586,34906,34917,34920
IIMNRS;532,3827,4484,4502,5133,5208,5238,18383,19684,19718,19774,20305,20311,22398,26875,29472,29886,33874,34678,34866,34956
IIMOSS;8685,12515,20312
IIMRST;30039,34522
IIMRSU;8757,11304,19306,19774,22792,25137,25747,26220,29472,30763,33740,33786,33866,33872,33874,33904,34580,34866,35306
IIMRTX;15334,29477
IIMSSS;8019,8741,12504,12512,19762,20259,20260,27134,34968,35269,35310
IIMSSZ;
IIMSTT;5215,20190,20225,20316,27138
IINNOP;32518,33721,33915
IINNOS;5243,5246,20204,20205,20324,20327,26687,35292
IINNPY;18511,23196,26764,32971,34523,34932
IINNQU;27085
IINOPT;5233,5245,18522,18527,20301,20304,27136,27141,28420,32518,34861,34991,34992
IINORT;5195,5218,19408,20266,35314
IINORV;11281,12478,18421,20266,20338,26888,29098,29865,29923,32708,32940,32980,33020,33030,33031,33064,34679,34852
IINOSV;20213,23438,26991,33457
IINPPP;20044,33410
IINPRT;1570,26139,30045,33068,33751,34877,34991,35168,35314,35335
IINPTX;19672,20194,26120,27147,28183,28420,32978,33061,33929,34527
IINSST;21253,21785,23424,26689,26988,29814,35256,35330
IINSTW;
IINSTY;9815,12124,12539,14610,17595,19361,20310,23431,24476,24488,27108,27132,27151,29254,29971,29973,30024,30027,32423,33948,34497,34500,34573,34764,34876,34878,34904,35301,35304
IINTTU;6846,8011,12125,19795,19814,20278,26893,34899
IINTTW;28434,31617,31636,33936,33949
IIOOPP;20052,20268
IIOOTT;12111,12528,18413,20272,20298,20319,24434
IIOSTT;12492,18447,20234,20315,20762,24491,27116,27138,31309,32526,33722,33912,33964,35262,35277
IIPPST;15348,20184,20329,27126,35333
IIPPUU;
IIPRRU;15361,16332,20292,25945,26778,30038
IIPRST;34716,35182,35335,35343
IIPRTU;5236,18536,20282,20292,24216,26987,32523,34755,34991
IIQTUV;18539
IIRRTT;22623,25949,25950,30784,31684
IIRSVZ;5238
IISSTV;12297,20317,20352,35268,35277
IISSTZ;
IJKLOY;
IJKMOU;
IJKMSU;
IJKMUZ;
IJKNOS;
IJLMPY;
IJMNOS;7881,20355,28461,33975,35350
IJMOOT;
IJMOSS;20063,26267,33472
IJNORU;1576,3746,3834,8032,15171,18575,19836,29782,33088,33089
IJNOST;3013,24494,35350
IJNPSU;
IJNRUY;
IJOSST;19839,26147,33472
IJRSTU;9829,20356,22282,24494,27453
IKKNNU;32932
IKKNSS;9833,21255,21789,23424,26702,26988,33755
IKKORR;22016,24240,26274
IKKOSS;21255,23446,27159,31691,31693,33755,33757,33972
IKKRSS;12553,21789,23425,23446,27159
IKKRSU;21663
IKKUUY;
IKLLRS;6321,12554,22738,34549,34595,35010,35351
IKLLSS;6322,7948,15363,22738,35254
IKLLSY;29525
IKLLTU;
IKLMOS;1578,11248,19842,27637
IKLMSS;27018,33475,34596,34843
IKLNNU;34652
IKLNOU;16361,19846,19847,21204,22666,22926,24184,25183,31076,31327,34652,34885,35011
IKLNPS;20067,20360,26848,30399,33416,34895
IKLNPU;6108,16361,25183
IKLNPY;5008,17621,19844,19845,20067,34888,34895
IKLNSS;5267,6253,15363,19842,19848,20361,22739,26702,29928,34572,34843
IKLNSY;26784,34501,34573,34887,34888,34889,34894,34895,34896,35009
IKLNTY;5197,5266,18588,26283,29527,34573,34884,34894,34896
IKLOOT;
IKLOPY;33474,33478
IKLPSU;
IKLPSY;19845
IKLRSS;3835,19848,20068,20362,22738,23446,27161,31080
IKLSSU;
IKLSTU;19849,35012
IKLSTY;1579,15241,18588,26283,29527,34573,34894,34896,35161
IKLTTU;12556,19846,22454
IKLTTY;35161
IKMNOO;19841,27163
IKMNOR;3748,12131,19851
IKMNRU;
IKMOSS;20358,27018
IKMOSU;21757,26291,35014
IKMOSV;5265
IKMOTV;
IKMPRS;
IKMPSS;26150,33475
IKMPSY;
IKMRSS;30025,35256
IKMRSY;20069
IKMSSU;19853,34596
IKMSTU;35014,35282
IKNNNO;29530
IKNNPU;
IKNNSY;3016,19843,19845,34573,34894,35187
IKNNTU;31694,34899
IKNOOR;
IKNOPS;12562,19384,22809
IKNOPT;7565,11370,12558,18029,23155,23447,31082,32518,33995,34768
IKNORW;
IKNOSS;12307,21255,22667,22739,35186
IKNOST;27021
IKNPRS;21209,34890
IKNPSS;22667,23838,29928,29930,33481,33777
IKNPTU;31082,34768
IKNSST;21255,21785,23424,26988,28476,34572,34739,35186,35256
IKNSSU;9834,19853,19858,34532
IKNSSW;6255,19858,22739,23839,28472,28476,29930
IKNSTW;12001,19538,26756,27021,30949,33999,34893,34904
IKNSTY;24189,26283,29527,33998,33999,34573
IKNTWY;33999,34904
IKOOPT;7950,23447
IKOORS;12562,24497,34595
IKOORU;26906,35020
IKOPTU;23447,31082,34768
IKPPSY;34895
IKPRSU;21209
IKPSTU;
IKQRSU;5271,25192,31547,33778,35351
IKQRUY;
IKRRSS;
IKRSST;21785,22738,30025,35186,35188,35256,35285
IKRSTU;5271,12554
IKSVVY;
ILLMOU;11925,12571,12572,19420,20371,27165,27166,29979,35356
ILLMPY;980,1581,6325,12569,18617,20367,22701,27089,33788
ILLMSY;22669,29536,31724,34010,35353
ILLNOT;1583,4532,5266,12578,20376,20380,26167,29538,33783
ILLNOY;5266,5281,5284,5285,7990,7993,8039,12314,12582,15051,18630,19419,20222,20228,20377,20382,20384,20739,23427,27027,29538,29542,33129,33785,34016,35353
ILLNUW;
ILLOPW;
ILLORT;22738,24495,27166,31333,31717,34028,34034,34574,34595
ILLOWW;33758
ILLPRS;27174,35191
ILLPSS;5022,12460,20072,20375,20391,22742,29965,35190,35254,35293,35357
ILLPUV;29434
ILLQQU;
ILLQSU;26992,27172,34037,35296
ILLRST;486,2969,5021,5290,12554,22738,24495,34503,34571,34574,34595
ILLSST;6298,6322,7902,7997,20049,20234,20236,20238,20391,22673,22738,34907,35193,35354
ILLSSW;5022,20074,21791,22028,29543,31736,31750,32561
ILLSTW;7951,20225
ILLSTY;26989,27116,27171,27173,31724,31741,33807,34007,34010,34509
ILLSUV;20239,29535
ILLTWY;18606,31741
ILMNOU;3032,4160,8781,10321,12160,19425,19504,20248,20392,20402,20407,21793,22745,23239,23843,25217,26172,29548,30804,31327,31335,34510,34535,34695,35036,35037,35298
ILMNRU;23451,25581,27090,27180,34045
ILMNSU;30053
ILMOOS;19886,19887,22707,22748,29983,30054,34553,34925,35040,35166,35197,35280,35286,35297,35373,35374
ILMOOV;
ILMOPY;5308,5649,8045,8150,12327,12569,12609,12610,17678,17679,18617,19888,20026,20258,20372,20415,22472,22731,24503,25584,27179,31775,33474,33788,34051,34057,34059,34060,34578,34579,35301
ILMORS;22707,27167,35041
ILMORW;17140,24504,34061
ILMOSS;7895,23452,35369
ILMOSU;34062,35280,35306
ILMOTU;3032,11925,12571,12572,12603,14726,15366,15376,20223,20248,22745,35291,35298,35356
ILMPPY;1581,3039,20415,34059,34578
ILMPRY;3039,5649,8045,12610,20415,20420,27025,34579
ILMPSY;27092,30054,34554,35301,35366,35371
ILMRSY;19884,20192,22607,27167,34554,34579,34774,35041
ILMRTY;12241,19884,20400,20420,22678,26718,34551,34577,34914,35196
ILMSSU;8051,20359,27185,34926
ILMSSY;22814,34924,35042
ILMSTU;31343,35355
ILMTUU;12571,12603,27117,27182,34045,35044,35298,35308,35356,35372,35377
ILMYZZ;
ILNOOS;35292,35297,35368
ILNOOT;4581,5324,14736,18413,18731,20087,21261,21786,27158,29558,34066
ILNOPP;12476,27030,29984,34578,35314
ILNOPT;
ILNOQU;25564,27032,30804,31790,33181
ILNOST;
ILNOSU;
ILNOSY;3841,5284,15372,17147,19426,20377,21123,26344,26365,35353,35379
ILNOTU;35298,35313
ILNPRU;
ILNPST;
ILNPSU;
ILNPUY;14743,20278,20437,21790,29552,33484,33837,34022
ILNRTY;23364,29793,34508,34698,34745,34914,34935
ILNSSY;8794,12335,12575,20090,20255,20280,20437,20757,27121,34453,34596,34693,35190,35379
ILNSTU;
ILNSVY;34951,35360
ILOOPS;12242,20053,22707,25002,27118,27183,27190,27191,27308,29967,29985,30050,30054,32822,32839,33202,33364,34552,34657,34788,35139,35166,35197,35201,35316,35317
ILOORT;1596,1600,5324,12474,12626,12632,21261,23432,26928,26930,27122,27166,29940,34483
ILOOST;35280
ILOOYZ;5343,33153,35043,35379
ILOPPY;4936,19601,20415,20442,34059,34578,35140
ILOPRX;11489,34084,35317
ILOPRY;5343,5649,7605,8045,14434,19601,22472,29217,29282,29959,33177,33511,34943,35060
ILOPSS;4890,12460,12611,12661,19896,20414,21229,27183,27184,27190,29928,35199,35389
ILOPST;23462
ILOPSU;3844,15236,15370,34556,35201,35316,35317
ILOPSW;5328,20360,30055,30057,32726,32843,34556
ILOPSX;3035,5293,14435,15392,16448,16482,29283,31346,31361,33812,34062,35317,35371,35383
ILOPTU;3070,5326,5329,19588,20424,34061,34108,35044
ILOPTY;5308,6331,7616,7956,8013,9848,12244,12327,12486,12609,12612,12663,14764,18782,19888,20026,20027,20258,23394,23430,23450,23461,23462,27028,27127,33211,33366,33495,33511,34541,34597,34717,34932,35028,35056,35061,35140,35203
ILOQRU;4608,15325,17154,27032,33181
ILORST;29872
ILORSV;20406,22728,24438,27186,35080,35306,35316,35391
ILORSY;12178,19309,20362,22309,22607,22681,22728,23376,23378,29794,31834,33136,33137,33216,33848,34122,35041,35070,35080,35388,35390,35391
ILORSZ;5345,12343,19740,22424,22477,28500,31143,31762,31808,32570,33209,34064,35167
ILORTU;1600,8014,12551,12587
ILOSSU;12490,12661,30737,33485,34542,35199,35389,35390
ILOSTV;27173,27186,35391
ILOSTW;30055,30057
ILOTTW;31829
ILPPRY;3039,17717,19601,29282,31838,34059
ILPPSU;35380
ILPPSY;
ILPPTU;5326,19907,20424,31700
ILPRTY;1603,5227,14589,20420,23461,23861,25542,26330,27094,27127,29449,31784,31785,31816,31838,31849,33511,34097
ILPSST;
ILPSTU;
ILPTTU;1836,2593,3070,18803,34096,35302
ILQRSU;29398,32509,32991,33430
ILQSTU;12468,15330,25241,27172,29401,29459,30432,33198,33842,35363
ILRSSW;15394,21791,27161
ILRSTU;34486
ILRSTW;16435,16468,18791,18799,26771,29545,30443,31818,32695,35363
ILRSTY;
ILRSWY;6745,15040,17731,31746,31834,33370,34912
ILRTWY;
ILSSTT;5305,12346,15367,21788,34604,34790,35071,35262
ILSSTU;29987,30059,31749,34542
ILSTTU;1602,30028,35355
ILSTTW;27626,33769
ILSTTY;26931,30028,34936,35374
ILSTUU;12668,20445,21262,22467,23574,26284,26720,27182,29452,30058,30059,32436,34094,35077,35370,35372,35382,35391
ILSTWY;31741
IMMMOS;20240,22722,26800,34606
IMMNOS;19522,19928,20241,21937,22312,22374,22657,26932,30446,30969,31865,33221,33524,33525,35174,35364
IMMNOU;19929,20291,20392,22745,26785,30060,34039,34535,35036,35264
IMMOOR;7291,21101,23437
IMMOOS;5351,17398,17756,18659,18813,19928,23577,26932,27197,33221,33524,33525,35286,35297,35364
IMMOSU;15370,19435,21260,26800,27203,28938,30029,34606
IMMOTU;18817,19436,20291,20392,22375,22745,26405,35264
IMMOTW;
IMMSTU;5356
IMMSWY;
IMNNOW;22658,22684,33099
IMNNTU;25569,34045
IMNOOR;21775,35194,35208
IMNOOS;5351,12677
IMNOOT;35206
IMNORS;
IMNOST;34557,35162,35304,35399
IMNOSU;13186,34162,34557
IMNOSY;5358,5364,9813,11527,12681,13186,15254,15372,16530,19426,20078,20399,23234,26204,27132,29589,29989,31864,31865,34142,35301,35304,35353,35371,35372,35399
IMNRRU;26940
IMNRTU;21796,22708,26974,27090,27097,34586,34917
IMNRUY;11531,15395,19937,21793,22670,26974,34160,34586,35037
IMNTUX;8044,17401,18113
IMNTUY;12606,12691,18486,20257,20400,20407,26429,26974,29473,34160,34586,34772,35304,35372
IMOOTV;18884,20298,24430,26327,26400,35320
IMOPRS;12674,12698,23465,27118,27133,27203,27213,34543,35092
IMOPRT;7593,16516,18061,20410,23260,26209,26330,33362
IMOPRV;8045,19441,20300
IMOPST;29817,35040
IMOPSU;3092,16547,23259,24690,26332,26438,27203,32557,32566,32853,33553,34062,35092,35197,35199
IMORRR;3093,31928,31930,33763
IMORRS;4892,4893,5352,5353,12179,12188,12674,21266,22498,26709,26722,27003,27133,27138,27201,31900,33245,35021
IMORSU;13187,19435,20766,21354,22741,30029,34606,35092,35306,35401
IMOSST;20743,35405
IMOSSX;35326
IMOSSY;20474,22731,30066,31775,34042,34057,34179,34180,34181,35199,35407
IMOSSZ;31766,33496,35402,35405
IMOSTU;5374,34557,35280,35291,35355
IMOSTV;19414,23438,35268,35287
IMOTTT;11555,12191,18857
IMOTVY;8001,26443,26444,32854
IMOTYY;12573,20031,23241,23410,35206,35398,35399
IMPPRS;4647,11540,17404,17783,18868,20408,27203,29529,33450,33497,35090,35393
IMPRSS;562,15294,19778,20293,34581,34862
IMPRSU;8806,12692,19941,19944,20307,27203,27213,29963,35092
IMPRSY;22509,30066,31772,33868,34041,34060,34175,34579,35092
IMPSTU;8806
IMPSUX;34062,34167
IMQRSU;
IMRRSS;660,3098,4916,5352,19945,20312,21797,33558,33907
IMRRSU;8021,21266
IMRRSY;22063
IMRSST;
IMRSTU;
IMRSUU;20111,30062,34139
IMSSSU;3044,12619,15362,34587,34968,35394
IMSSTU;
IMUZZZ;
INNNOS;4942,6903,20321,34927,34971,35292
INNOOR;8561,8787,34679,34696,35018
INNOOS;5351,6903,22756,23455,23466,26687,27187,27197,35292,35321
INNOOT;8067,18136,18504,22806,22821,23092,23441,34066,34544,34970,35018,35085
INNOOY;19932,20484,23600,24414,33230,35088
INNOPS;
INNOPY;12622
INNORS;1000,5358,5380,20454,23413
INNORT;1606,5234,5296,5317,12680,19443,20266,35018
INNORW;28594,29629,34124
INNOST;35398,35399
INNOSU;15059,18838,20454
INNOTW;14622,29592,29629,31969,31977,31981
INNOWW;
INNPSU;18838,26409
INNPSY;19845,19901
INNRSU;21784
INNRTU;23039,30835,31991,34045
INNSTU;29998
INOOPS;7657,19444,22757,29819,30067
INOOPT;1840,8810,12708,18504,21786,23447,26303,34214
INOORS;
INOORZ;13120,22662,25273,25839,26867,34960
INOOST;35336
INOPPR;514,2927,7848,12476,34780,35114,35314,35380,35410,35411
INOPPS;22757,30042
INOPRS;29964,30046,35167,35214,35383
INOPRT;35168
INOPRU;8809,24513
INOPSS;
INOPST;5155
INOPSW;5328,29819,30001,30055,30067,30068,35397
INOPTT;27046,35168,35213,35302
INOPTY;12209,18147,18962,19961,19967,20118,20492,26458,33280,33283,33571,33572,33995,34150,34222,34227,35056,35058,35061,35213,35301,35403
INOQSU;34809,34963,35273,35274,35336,35409
INORSS;20305,22732,30063,35404
INORST;
INORSY;5284,5358,5380,5385,11603,16530,17147,20305,20433,24512,30046,31864,34127,35383
INORTT;5387,19430,21796,35196
INORTU;
INORTX;26470,27147,34195
INOSSV;5332,12601,12646,12728,20427,23049,23281,27219,30676,33579
INOSSZ;8812,15301,27121
INOSTT;27021,27227,27230,34557
INOSTU;29970,34162,34557,35274
INOSTX;5155,20327,20458,20499,29893,34527,34583
INOSUV;5083,19378,22756,26921,35368
INOTUW;33583,34237,35200
INOTVY;33283
INPPSU;11469,14862,22757,26479,29568,29662,30042,31984,33938,34080,34239,35380,35412
INPPSY;35055,35214
INPRST;
INPRSU;
INPRTU;22708,24513,29938
INPSTU;
INPSUY;12287,20437,27213,27224,32451,34239
INPSUZ;7670,19524,31401
INQSTU;22725,34963,35273,35274,35336,35409
INQSUY;35367
INRSST;21785,27040,29821,30063,35256
INRSTU;
INRSXY;5380,30046,31196,33297,35383
INRTVY;10419,11627,16603,19830,28525,30984,33283,34027,34745,34951
INRTWY;30006,34904,35200
INSSTT;22726,25035,26044,26927,31412,31923,33547,33593,33594
INSSTU;
INSTTY;24476,27227,27230,35403
INSTUU;11617,12217,12535,12715,12730,20504,20509,26284,26720,26956,27220,27230,32350,32598,32611,34040,34143,34661,34804,34807,34812,35274,35382,35417
INSTUW;15211,30816
INSTYY;19981,35061,35398,35399
IOOPRS;5719,17795,18879,20512,22527,22751,22757,22822,23385,23465,26960,27118,27191,34605,35317,35422
IOOPRT;29940,31357,32580,32594,33511,34028,34108,34245,34483,35191,35343,35419
IOOSSS;31998,32574,35361
IOPPPT;11546
IOPPSZ;25160,32004
IOPPTT;18548,24250,26516,27058,27231,31798,35108
IOPPTZ;
IOPQSU;5384,5397,16547
IOPRRS;12384,12674,19627,20113,20125,20512,27133,27237,34961,35117,35214,35216,35338,35352,35413,35422
IOPRRY;5399,12697,18600,19009,19961,23474,27237,28577,29323,33572,33603,33606,33607,34249,34265
IOPRST;35191,35343
IOPRTU;12741,12742,20032,24513,27174,27232,30045,35344,35413,35419,35423
IOPSST;35277
IOPSSY;12661,26384,27651,29553,31775,34042,34057,35362
IOPSTT;12386,12694,20124,35277,35278
IOPSTU;35344,35422
IOPSTV;35268,35277,35278
IOQSTU;4895,5366,5397,12544,15350,19013,20495,20515,22737,26058,34963,35273,35274,35336,35363,35409
IORRST;21237,22601,22712,23403,26709,27003,27106,27138,27201,34559,35338,35413,35422
IORRTW;
IORRTY;5399,12641,12697,14348,14816,18090,18743,19009,19961,20506,21075,23262,23474,26385,26402,30010,31830,33288,33516,33572,33582,33606,33607,33832,34034,34089,34173,34265
IORRZZ;
IORSST;24498,27159,27161,29821,34815,35222
IORSSU;24394,24486,24515,27144,27194,27239,30066,34599,35418
IORSSV;
IORSTU;
IORSTZ;5345,14882,18178,19002,26442,27050,34175
IORSUV;26727,35306,35316
IORSVZ;33066,34064
IOSSTT;27156,34036,35071,35277,35405
IOSSTV;5332,5346,12728,19433,20427,30071,35268,35277
IOSSTZ;8812,20123,25358,31983,32062,34120,34204,34253,35072,35204,35402,35405
IOSTTU;1602,5355,5374,20515,27230,35355,35377
IOSTXY;15271,26514,33297,34058,34254,35374
IOTTUW;34997
IPPQUU;28628
IPPQUY;
IPPRTY;4421,23474,25944,26528,27231,33571,34222,34944
IPPTUY;32081,34239
IPQSUU;34095
IPRRTU;3074,12742,20292,35114
IPRSST;
IPRSSU;7967,15110,35418
IPRSSY;3882,5162,5163,11614,14866,22509,26368,29690,31845,32878,33194,34184
IPRSTT;20034,20316
IPRSTU;22751
IPRSTW;20034,20364,28662,29680,30068,32549,34280,34716,35117,35285,35352
IPRSTY;2937,3076,5399,8292,15270,24454,26811
IPRSTZ;4514,16186,16500,18564,18960,26260,30489,30521,33899
IPRSUY;26015,27213,27224,30066,33868,34277,35092
IPRTUY;1603,3077,15361,20420,28679,31849,32081,33557,33969
IPRTWY;19604,26519
IPSSTU;33304,33938,34239,35003
IPSTTU;
IPSTTY;5393,20353,35278,35403
IPSTXY;4425,34254
IPSVVY;
IPTTTU;18965,35120
IPTTUY;18803,20278,20420,32081,33969,34206
IQRRSU;19978
IQRSTU;35273,35363,35409
IQSSTU;5614,14773,18181,18605,18651,18796,19033,30522,30822,31682,32341,33467
IRSSTU;
IRSSTW;6906,15394,15416,20365,24498,27159,27161,29821,30063,33926,34205,35123,35285
IRSSTY;4714,5260,7947,8082,16610,18933,18996,19394,21773,25335,27225,30271,31435,32045,33470,34815,34878,35123,35222,35347
IRSTUV;5160,5350,20287,20445,20509
IRSTUZ;26442,31748,32104,33904
IRSTWY;9774,14895,32094,34904
IRTTUX;25339
ISSSTU;3884,15362,15418,19985,20290,20521,24493,27063,34591,35339,35425
ISSTTW;3131,4862,7635,22440,25952,33441
ISTTTU;1609,5374,20341,20498,35424
ISTTWY;5393,22524,32094,33999
JLLOOP;
JLSTUY;1189,32619
JMNOOS;35350
JMORSU;20355,22543,29693,33614
JNNOTU;
JNOORU;12224
JNOPSU;
JNOSTU;10923,20356,24494
JNSTUU;13128,34283
JOOPPY;
JOOSUY;26531,34285
JORRSU;12225,19986,26899
JOSSTU;16661,19042
JOTTUU;35008
KKLMUU;
KKLOOZ;
KKLSSU;
KKMMUU;
KKMOOU;
KKMOSU;
KKMTUU;
KKNORS;24518,27240,29521,29694,34879,35427
KKNRSU;27240,30273,35427
KKNRUU;
KKNSSU;19044,21789,28696
KKNSUY;35009
KKOOPU;
KKOSSU;
KKOSTU;12749,27240,35427
KKOTUU;35426
KKSSTT;11677,12553
KKSSUU;
KLLNOS;26714,29523,31695
KLLNOY;5266
KLLOSY;20128,20524,20813,21228,23232,26977
KLLSSU;7693
KLMRUY;
KLNOOP;26901
KLNOPS;11680,20360,31075
KLNOPY;33474
KLNPSU;
KLNPUY;
KLNRSU;5404,27017
KLNRUY;5404,22283,22545
KLOOPS;7700
KLOOPU;
KLOOPY;
KLOOSS;8084,8085,12398,17188,18589,19448,20218,20526,23478,24437,34614
KLOPSU;19052
KLOPUY;
KLRTUU;21158
KLTUYZ;
KMOOOR;22762
KMOOSS;20770,22089,23480,27244,29698,30011,32122,34292,34293,34615
KMOSUX;
KMOSUY;
KMPRSU;24519,26536,33617
KNNOSW;24517,35187
KNNOTU;7702,15272
KNNSUU;
KNOORR;15421,25378,29701,29951
KNOORS;12562,20530,27243,27246
KNOOSS;6910,14905,18589,20218,24955,26294,29899,33992,34293,34614,34615,35284
KNOPRS;12562,17628,20530,21218,26295,33479,33988,34299
KNOPSS;22667,29928,29930,35225
KNOQSU;19058
KNORRU;15421,26066,29951
KNORST;6286,19310,21239,27240,27243,35427
KNORUW;7698,15421,20528,29951,34296,35020
KNORUY;5404
KNOSST;6910,11668,12307,12401,12751,16683,21255,26296,26297,27065,34614,34615,34902,35186
KNOSSW;9873,12401,14905,17187,19060,22739,25608,29930,34300,34301,34614
KNOSTU;20728,22548,22549,34902,35012,35014,35427
KNOTTY;
KNPSSU;
KNPSUY;
KNRRSU;19311,19986,26066,29703,35427
KNRSTU;5271,7707,19311,20728,21239,22548,27240,27243,34502,34903,35427
KOOPSS;20132,26294,31710,33992,34293,35225
KOOPSY;12755,20530,20531,23481,33473
KOOPTU;23447
KOORST;12755,20531,21257,34595
KOORSU;21976,33617,34299,35124
KOOSST;6910,7708,8084,12754,17188,19448,20526,21258,22338,22546,22764,23341,23478,23480,26540,26728,27241,27244,27247,34614,34615,34616
KOOSSU;22338,26065,26067,31441,33620,34304
KOOSTW;6287,19072
KOOTTU;27245
KOOTWW;
KOPRSS;6356,12745,22458,22667,26532,27248,31710,34000,35188,35285,35428
KOPRUW;
KORSST;9875,11900,12745,20365,20526,21271,22738,22764,23480,24498,27065,27159,27161,27241,27244,27247,27248,34616,35186,35188,35285,35428
KOSSSU;20814,33315,34302
KRRSUY;
KSTTUU;21054,21164
LLLOOP;
LLMMUU;
LLNORU;34547,34617
LLOOPY;12768,26978,33622
LLOOTU;8036,12577,21759,22765,27115
LLOOWY;6352,22765,29708,30856,34316,34619
LLOPRS;
LLOPRU;20371,20537,32629
LLOPRY;26978,32629,34620
LLOQSU;27172,35296
LLORST;4876,5021,5278,5290,9878,15274,20138,20232,24495,34574,34595,34618,34620
LLORTY;5285,8778,12586,12589,15307,15368,15425,20073,20232,20382,20389,20390,20537,34618,34620,35430
LLOSSY;12759,12770,19088,20139,20535,21633,22554,27175,29709,29710,31448,32125,32130,32138,32139,33621,34036,34308,34317,34319,34710,35226,35361,35362,35430
LLOSTY;27116,27171,27173
LLOSWY;26910
LLOSXY;5293,32630,33134
LLOTUY;20390,20537,22730,22765,34534,34562,35356
LLPPUU;
LLPSUU;12771,17203,19079,19111,32714
LLRSTU;22555,30865,32131,32146,32148,33626,34618,34620,34621,35430
LLSSTU;7721,11696,15424,18651,20378,20391,21799,22673,33626,34311,35193,35430
LLSXYY;
LMMOUX;
LMMPUY;26556
LMMSUY;
LMMTUU;14919,27117
LMOOOO;26559,26813,27177
LMOORU;8823,25394,26566,27166,27255,33324,34773
LMOOSS;12774,27250,27258
LMOOSY;11944,15275,19987,19996,20532,27257,29983,30054,34613,35127,35197,35230,35231,35366,35431,35432
LMORSS;35354
LMORSU;21273,27167
LMOSST;23452,27018,27181,27258,29868,34602,34923,35042,35303,35354,35369
LMOSSU;20545,23452,27181,30077,35199,35232,35300,35369
LMOSTU;1615,1619,11902,19635,20135,22350,25395,28717,30013,30746,32114,32155,35229,35280,35291,35355,35433
LMOSTY;5097,5414,34618
LMPPSU;
LMPPUY;19147,20415,34328
LMPRUY;15430,20415,20420
LMPSSU;5310,16746,20001,20375,34323,34332,35300,35305
LMPSUY;5420,7734,19997,27257,34328,34329,34332,35127
LMSSTU;5176,8051,15371,19143,20359,26569,27258,34602,34926
LMTTUU;11720,19158,20546,32494
LNNOSY;12408,12780,15372,19163,19843,20377,20399,26344,26558,34697,35049,35050,35431
LNOOPY;12758,19127,20367,27031,27260,29336,29823,30078,32559,33633
LNOORS;19129,20003,23485,27066,27584,29722,29876,30014,30079,33317,34336,34339,35129,35435
LNOOSS;35125,35435
LNOOST;5099,17455,21713,22106,23419,24343,24520,26812,27252,29876,31239,32633,34313,34334,34339,35130
LNOPSY;
LNOPTU;
LNOSTU;5430
LNOSUU;7828,11743,15385,15433,20383,20435,26720,27067,27253,27264,34086,34327,34339,34603,35130,35382,35436
LNOTWY;5411,15435,19083,33186,35200
LNPTUU;28931,29707,29938,35029
LNRUUY;1521,12653,23390,34617,35065
LOOORT;6797,12626,19176,19636,21261,22553,23483,25609,26693,26963,29717,32632
LOOOSV;28957,29571,33326,34336
LOOPRS;22707,22751,24458,27034,27118,27190,27191,34605,35202,35316,35317
LOOPRY;5343,12768,12791,17460,17911,18220,19176,19476,19544,19990,20092,20439,20555,22472,23408,23461,24158,26582,26978,27069,27190,29336,29823,30016,32637,32889,33208,33329,33511,34330,34331,34820,35202
LOOPSS;27183,27184,27190,35437
LOOSST;8825,12412,12774,15436,20526,21799,23478,26733,27258,27267,34623
LOOSTT;12784,19429,19876,19886,19904,20369,26873,26931,27070,35126,35130,35355,35374,35386,35387,35440
LOOSTV;27125,27173,27186,34334,34953,35439
LOOSTY;5099,8083,8093,14948,22095,31247,32191,32628
LOOVVX;
LOPPPY;35362
LOPPRY;29282,30016,32895
LOPPSU;35380
LOPPSY;20147,20148,23486,27072,35147
LOPRRY;12768
LOPRSU;22751,27191,27268,34556,35234,35235,35316,35317,35375
LOPRSW;34556
LOPRTY;5422,20555,23461,26964,27127
LOPSTU;27266,30017,35234,35439
LOPSUU;20657,22565,27191,27268,29577,34086,35077,35234,35235,35382,35389,35439
LOPTTY;5444,8013,8095,12486,18782,19149,20258,20537,20555,27035,27260,29954,35028
LORSUY;5404,5448,7825,30079,34618,35078,35080,35129,35231,35376,35388,35390,35391,35430,35435
LORTTY;19430,20390,20537,20555,29805,34791,35196
LOSSTY;5426,6366,22767,35430
LOSTYZ;20146,35043
LOSYZZ;
LPPRUY;19147,34340,35438
LPPSUY;34328
LPRRUY;6807,34097,34340
LPRSSU;27261,35381,35437
LPRSTU;22751,30017,34486,35375,35382
LPRSUY;5420,20551
LPRSYY;20536,35059,35383
LPSSUY;8094,12661,22718,30078,35190,35199,35226,35228,35232,35389
LRRSUY;27128,35078
LRSTUY;12793,20551,27263,30017,34618,34620,34621,35430
LRUUXY;12653,35388
LSSTUY;18232,18764,19194,22767,30059,33626,34102,35193,35430
LSTTUY;1629,30028,34621
MMNOSU;7723,9884,20011,35224,35236
MMOOPP;
MMOOTT;12800,32212,35237
MMRRUU;23251,32211
MMTUUU;
MMUUUU;
MNNOUW;22684,34364
MNOOPP;
MNOOPT;
MNOORS;21275,35133
MNOORU;20098,20402,25427,33662,34368
MNOOSY;5451,19987,27075,27252,34613,35431
MNOOTU;8067,15376,20402,21717,22745,34360,34368
MNOOTW;
MNORSU;9884,21354,22547,27213,29693,29989,30062
MNOSTU;35304
MNOSUV;8043,16822,20406,20454,34919,35368,35401
MNOTTU;5454,14513,20528,21717,21796,34296
MNPTUY;20030,20154,20541,29552,34326,34328,34772
MNSTUU;21537,24360,34040,34143,34371
MOOPRS;20736,27118,34624
MOOPRY;20155,27069,34820,34828,35151,35443
MOOPSS;1618,5359,5419,8085,12683,19116,21776,27183,27184,32161,33668,34293,34825,35444
MOOPTT;12693,12806,12807,19207,24334,25438,26434,26563,34135,35242
MOORRS;4893,9887,15220,19536,21275,22612,26722,27201,27272,34624,35021,35133
MOORRW;24504,26431,26604,29197,31440,33670
MOORSS;8829,8831,12754,14979,19063,19316,19458,20570,23480,27258,29606,30040,32122,32221,34292,35087,35354,35444
MOORST;8099,8100,12776,19338,19536,20016,20539,20570,27070,27272,34490,34588,35133,35240
MOORSV;27186,28718,28760,30608,31160,31482,33326,33894,34374,34383,35306,35324,35401
MOORTY;5422,12361,12776,15428,19064,19649,20016,20155,22570,22678,23183,23295,26086,26564,26565,26566,26718,27044,27256,30018,32240,32632,33395,34330,34331,35443
MOOSST;19316,19458,21258,21276,22560,22733,23480,27210,27258,27273,29734,32161,32236,34588,34615,34923,35322,35354,35402,35405
MOOSSU;9888,27250,27258,29734,30077,31441,35442
MOOSTT;19886,20016,20369,27070,35374
MOOSTY;20016,20561,20566,29817,35088
MOPPRT;20571,22762,25441,26209,31893,32157
MOPRST;27271
MOPRSU;3092,15429,15445,20565,27203,27213,27257,35092
MOPRTU;12807,20541,20571,29737,31468,32642
MOPSST;11722,12777,18242,20132,31485,32161,32216,33668,35241,35428
MOPSSU;35199,35232,35428
MOPSTU;14928,20544,22551,35241
MOPSTY;5097,5308,5364,5414,7777,11781,12231,19135,19888,27271,29817,32243,33672,35301
MOQRUU;
MOQTUU;35356
MORRSU;20815,30081
MORRUU;33662
MORSST;23480,35428
MORSTU;34490
MORSTY;7777,8100,15438,19229,20016,25445,25446,26565,27271,32123,32166,32168,32169,32214,32240,32243,34333,34375,34618
MORTUU;12764,15339,18889,19436,20463,35044
MOSSTU;19537,20038,29734,35428
MOSSTW;20157,20573,30063,31258,35428
MOSSTY;5426,8832,12777,17800,19227,19458,20464,20474,27273,31485,34179,34180,34615,35398
MOSTTU;11200,11771,34720,35377,35434
MOSTUU;5106,5457,20544,20564,20566,20568,24360,30013,35308,35377
MPRSTU;8806,12692,20307,24519
MPRSUU;18246,22543,22574,30062,35092
MPSSTU;5176,20567,35428
MPSTUU;20544,24519,34143,35370
MPSTUY;20154,33673,34328
MRRSUY;20815
MRSSTU;35428
MSTTUY;
NNNORU;5428,27274,28766,28767
NNOOPT;12708,14983,18504,20397,22501,34135
NNOORY;17330,20484,21798,23290,27274
NNOOTW;29946,34297,35018
NNORTU;5428,15272,19443,19526,19856,21779,34681,34882
NNORUW;
NNOSST;35186,35328,35330,35398
NNOSUW;34364
NNOTUW;20563,22633,29915,34364,34683,34974
NNPSUU;11800,12624,29299,34143
NNRTUU;17941,20423,26461,30888,34045
NOOPRS;22757
NOOPRT;23317,25073,26094,29719,29953,31471,32220,32260,33661,33685,34567
NOOPSS;3898,12419,13978,18239,18265,18266,20549,29720,32134,35225
NOOPSY;5451,12420,12811,12814,19651,20492,20530,24512,26816,27049,27075,35207
NOOPUY;29823
NOORST;22770
NOORTU;8032,8074,19251,19957,20402,22743,34075,34188,34195,34337,34360,34368,34726,35026,35106
NOOSST;30020,34615
NOOSSW;3898,6918,15413,22341,26570,30020,30085,32634,34614,34832,35112,35444
NOOSTY;5099,20561,20566,30889,34375,34405,35088,35414
NOOSUY;12786,23485,26966,27263,30079,34285,35129,35435
NOOSWY;30079,34375,35049,35129
NOOSYZ;12420,15282,26808,34338,35134,35379
NOOTTU;8074,12252,20164,20429,21717,21778,21806,22388,22715,26620,26736,30069,34545,35106,35111
NOOTUW;34313,34701,34779
NOPPRU;6813,14997,20547,29737,35100,35113,35114
NOPRSY;5385,8811,12253,12811,12815,20118,20492,20530,24484,24512,27049,27213,27224,30046,34526,34942,35058,35059,35214,35246,35383
NOPRTU;21176,23317,24513,26620,26627,29737,29763,30045,34326,34337,34377,34402,35382,35413,35447
NOPSTU;34377,35245,35447
NOPSTY;5364,19240,19967,20492,21181,26574,33280,34222,34227,34395,34541,35056,35058,35061,35301
NOPSUY;21181,26627,27213,31509,34411
NOPSUZ;5439,31401
NOPTUW;31188
NORSST;666,1023,1866,5462,12751,20040,20577,23488,35244,35415
NORSSU;15218,35244,35331,35339,35340,35415
NORSTW;3164,5449,5465,22711,27240,27671,29661,30005,30021,30068,30620,32178,32267,33695,33884,34156,34198,34375,34395,35350,35427
NORSTY;20767,23484,24488,27263
NORTUU;24365,26461,28789
NOSSTU;12804,23488
NOSSUW;
NOSTTY;2958,3122,11783,11806,12780,15007,19240,19974,20160,20163,20166,22524,22549,26486,27227,27230,35246,35403
NOSTUW;20563,22548,27240,30621,34313,34364,35427
NOSTUY;15284,20144,20159,20767,21181,22489,22549,26966,27052,27230,30037,34238,35244,35304,35372
NPRSSU;27261
NPRSTU;35447
NPRSUU;5441
NPRTUU;12817,29938,35110
NPSSUU;11616,12729,20552,22759,29766
NRSTTU;
NSSTTU;22564,22726,22754,26927,35003
OOOOZZ;
OOOPST;15444,20758,22634,27080,27214,29754,29939,33203,33391,33679,34367,34381,35040,35067,35068,35156,35245,35333,35343,35365
OOPPRT;3126,12810,18275,18276,19264,20167,20168,20543,20554,20555,20579,22344,22762,25410,27122,27231,27276,33401,33403,33685,33698,33701,35157,35247,35248,35314,35410,35447
OOPPST;2740,5467,20329,20543,20554,22344,35095,35333
OOPPTU;20424,24376,27679,35108
OOPRRT;20410,22704,35247,35249,35410
OOPRSS;8092,8105,20582,35233
OOPRST;
OOPRSU;3165,11831,19246,20512,20565,22527,22757,26696,31520,32613,33344,33617,34299,35124,35251,35316,35317
OOPRTU;
OOPSST;8089,8092,12419,20123,20132,23490,29978,34568,34626,35188,35419
OOPSSW;30085,35444
OOPSTT;23325,35126
OOPSUY;19997,22635,29194,30022,34332,35197,35251,35451
OOPSWY;
OOPTTU;20164,25438,35242
OOPWWW;
OORRST;21277,22770,23491,27201,27235,27272,35133
OORRSW;12792,15452,20580,27242,29825,31518,34298,34303,34343,35124
OORRSZ;11804,34990
OORSST;8105,8825,8831,12754,19316,19399,19458,20526,20582,22714,22764,23480,27241,27247,30023,34616,34626
OORSTU;32649,34490
OORSTV;23319,26624,26626,27186,28760,28810,30608,32279,32280,33345,33894,34374,34383,34953
OORSTW;12792,19002,20580,21802,22583,24465,26051,27682,29181,30021,30023,32280,32907,33710,34343,34375,35250,35350
OORSTY;6920,8093,8100,12755,12776,12793,12814,14948,18285,20016,20531,22681,23484,26565,27263,30889,31247,32191,32240,33701,34375,34420,34427,35070,35246,35451
OORTUW;
OOSTTY;8100,18284,19222,20016,20163,31522,32240,33669,35076,35126,35246,35374,35403,35440,35451
OPPPRU;35100,35113
OPPSSY;8094,22145,26634,26646,27237,33407,35145,35233,35362
OPRSST;34568,35135
OPRSTU;30045,35338
OPRSTY;7777,14881,15231,15270,19075,20118,29182,33280,34173,34175,34395,35246,35451
OPRTTU;26653,29763,30640
OPSSSY;12699,27278,34119,34319,34425,34627,35394
OPSSTU;
OPSSTW;11813,19072,19277,19315,20587,27023,30085,35123,35135,35285,35428
OPSTTY;4369,5444,7759,8095,12386,18284,19240,20163,25085,25413,30639,31522,32295,33669,35126,35246,35278,35403,35451
OPSTUY;20923,21181,26627,27266,34620,35451
OPTTUU;34729,35120
ORSSTU;35244
ORSSTW;2199,15288,15394,20157,20365,20573,20585,24498,27159,27161,27241,30023,30063,34832,35123,35135,35285,35428
ORSSTY;5426,8832,8842,9786,9875,12734,12795,19394,19458,20535,22764,22767,27225,34815,35123,35135,35222,35244,35347,35430
ORSTTU;366
ORSTUY;20923,27052,27263,30017,34180,34427,34618,34620,35244,35391,35430
ORSUVW;
ORTTUY;7977,8840,20172,20337,20390,20537,34791
OSSTTT;21272,34415,35220,35253,35348
OSSTTU;21272
OSSTXY;25486,26514,26629
OSTTTY;5447,7800,8820,20520,35424,35451
OSTTWY;15007,20160,22524
PRRSUY;
PRSSTU;
PRSSUU;
PRSSUY;12815,17337,29690,30066,34411,35228,35347,35389
PRSTUY;20551,20923,30017,34620,35451
PRSUYY;
RSSTTU;22768,27195,34954
RSSTTY;35222
RSSTUU;8101,20586,22760,22768,24516,27195
RSSTUW;7265,8109,14894,15213,15288,20585,21807,22538,22768,30654,34280,34347,35428
RSTTUY;8082,34621
SSTUXY;
