AAAARR;3
AAAATT;4
AAABCL;5,8,12,13,14
AAABCN;16,17
AAABCS;13,17,19
AAABDG;22
AAABDH;23
AAABDJ;24
AAABIS;32,33
AAABKK;35
AAABKL;6,36,37,38
AAABKS;35,36,39,40,41
AAABKY;41
AAABLQ;30,45
AAABLR;44
AAABLT;43,46
AAABNN;26,49,50
AAABNS;17,50
AAABRS;40,52,53,54
AAABRT;52
AAABRZ;54
AAABSY;41
AAABTT;55
AAACCI;58
AAACDG;63
AAACDN;67
AAACJN;81
AAACLP;60,86,87
AAACMR;15,76,80,84,90
AAACNR;16,78,91,93,94,95,96
AAACPT;87,92,100
AAACSV;103
AAADGG;108,109
AAADHM;113,114,115
AAADMR;114,121,127
AAADNN;26,128
AAADNP;0,129
AAAEGP;134
AAAEKT;137
AAAELZ;139
AAAFRS;146
AAAGIP;149,156
AAAGLR;164
AAAGMS;167
AAAGNN;169
AAAHIT;183
AAAHKR;185
AAAHLL;177,186
AAAHLW;189
AAAHMR;114,187,191
AAAHNV;193
AAAILL;200
AAAILR;201,204,205
AAAIMN;119,136,206,207
AAAITW;213
AAAITX;214
AAAJKT;215
AAAJMP;216
AAAJMT;217
AAAJMU;158,218
AAAKKN;220
AAAKKR;197,219,221
AAAKLM;222,223
AAAKLS;36,222,224
AAAKMR;219
AAAKMS;222
AAAKNT;226
AAAKPT;228
AAALMP;138,230
AAALMS;222,231,232
AAALPP;235
AAALPS;86,203,235
AAAMNN;240,241
AAAMNP;89,242
AAAMNR;166,243
AAAMNS;167,206,238,240,242,244,245,246
AAAMNT;125,207,241,243,245,247
AAAMNW;246
AAAMRS;90,127,191,231,252,253
AAAMRT;140,243,248,250,253,254
AAAMTT;168,255
AAANNS;50,128,169,240,256,257
AAANNZ;257
AAANRT;94,131,172,243,262,264
AAANRU;95,173,263
AAANSS;244
AAANST;97,141,174,226,245,262,265
AAANTT;98,258,264,265
AAAPPY;261,268
AAAPTZ;
AAARST;52,253,262,272,273
AAARTV;273
AAASTT;4,55,104,255,265
AAASYY;
AABBBO;277
AABBCO;281,282
AABBCU;283
AABBCY;279
AABBDS;285
AABBGS;
AABBHL;291
AABBKS;
AABBLL;294
AABBLO;295,296
AABBLR;295
AABBST;292,297,299
AABBSY;299
AABCCE;300,301,302
AABCCS;
AABCEO;314
AABCHM;321
AABCHS;324
AABCIM;305,325
AABCIR;11,304,306,319,326
AABCKR;280,308,332,333
AABCLS;13,338
AABCLU;336
AABCMN;
AABCMT;321,340
AABCRS;333,346
AABCSU;283,341,347
AABCUU;347
AABDER;351,360,370,371,372,373
AABDES;359,361,368,371,374
AABDET;364
AABDEU;369,374
AABDGO;377,379
AABDHI;
AABDHS;23,285,359,380,383
AABDIN;353,387,389,390,391
AABDIR;306,360,386,388,389,393
AABDIT;391,392
AABDLL;363,394
AABDLM;25,395
AABDLS;394,395,396
AABDMN;367,398,399
AABDNR;389,399,401,402,403
AABDNS;355,378,390,396,402,404
AABDOR;401,405,406,407
AABDRR;370,409,410
AABDRT;411
AABDRY;373,413
AABDSS;
AABEEM;416,417
AABEFN;420,424
AABEGM;357,426,429,430
AABEGS;430,432,433,434
AABEGT;433
AABEIK;439,440
AABEIL;441,442,443,444,445
AABEKT;452,457
AABELM;441,451,463,464,465
AABELR;428,461,467,470,472,473
AABELT;288,311,364,415,435,444,452,465,473,475,478,479,480,481
AABELZ;
AABEMN;367,416,463,483,484
AABEMO;417,483,485
AABEMS;313,368,430,464,484,485
AABEMT;465
AABERS;371,437,447,455,472,493,494,495,496
AABERT;289,316,473,488,490,494,497,498
AABERU;495,498
AABERZ;418,448,496
AABESS;432,438,474,493
AABEST;433,457,475,494,499
AABETU;479,498,500,501
AABETZ;499
AABGGR;427,506,507
AABGGS;506,508
AABGIM;514,515
AABGIN;516,517,518,519
AABGIR;516,520
AABGKT;
AABGMN;521,522
AABGMS;430,515,521
AABGOZ;523
AABGRT;290,524
AABGSS;432,508
AABHIJ;
AABHIS;525,529,531
AABHJN;533
AABHKS;526,535,536
AABHKT;536
AABHLR;537
AABHMR;539,540
AABHMS;380,540,541
AABHNV;543
AABHNW;544
AABHSS;324,438,528,531,535,541,545
AABHSW;512,544,545
AABILL;551,552,553
AABILM;325,441,514,549,554,555,556
AABILU;503,558,561
AABILX;31,445,546
AABIMR;388,562,565
AABINN;567
AABINQ;569
AABINR;326,389,516,570,571
AABINS;390,517,529,550,557,567,569,570,572,573,574
AABINW;573
AABINZ;519,574
AABIRR;
AABIRS;393,447,520,559,565,570,575,578,579
AABIRZ;448,579
AABISS;33,531,580
AABIST;560,566,572,578,581
AABISW;573,580
AABISZ;574,579
AABJNS;533
AABJNX;
AABJRS;
AABKMT;584
AABKNN;330,585
AABKNR;534,586,587
AABKNS;453,550,585,586
AABKRS;40,333,455,586,589
AABKSU;583,590
AABLLN;459,551,591,592,593
AABLLO;460,594,595
AABLLR;461,552,594
AABLLT;592,596,597
AABLMR;600,601
AABLMS;395,464,555,600,602,603,604
AABLNS;396,468,557,591
AABLOR;295,594,606
AABLOV;607
AABLRZ;612
AABLSS;474,602,615,616
AABLST;46,475,560,597,603,610,615,617
AABLTU;479,613,617,618
AABMMS;
AABMNR;399,539
AABMNS;484,521,622
AABMNT;620,622
AABMNY;522,621
AABMOS;47,485,564,624
AABMOY;621,624
AABMPS;
AABMRS;540,565,600,625
AABMRY;
AABMSS;541,602,625,627,628
AABMST;48,340,566,584,603,622,627
AABNNY;630
AABNOR;401,631
AABNSS;634
AABNST;572,622,632,634
AABNSU;
AABNSW;404,544,573
AABNSY;630,633,635
AABNYY;635
AABORR;51,343,636
AABORS;405,575,631,636,637,638
AABORT;344,490,576,606,637
AABORZ;638
AABOSU;
AABRRS;409,636,641,642
AABRRT;641,643
AABRSS;346,493,625
AABRST;52,411,494,524,578,589,610,637,641,645
AABRSV;
AABRSY;413,645
AABRSZ;54,496,579,612,638
AABRTY;614,645
AABSSU;298,590
AABSTT;55,581,647
AABTTU;348,500,618,649
AABTTW;647
AABZZZ;650
AACCDI;651,654,655,656
AACCDU;657
AACCEL;300,660
AACCHK;665,669
AACCHM;57,666,671,672
AACCHN;667,670,673,674
AACCIL;678,679,680
AACCIM;666,678,681,682
AACCIN;667,683,684
AACCKR;659,689,691,692
AACCLO;660,693,695,696,697
AACCLP;60,690,695,698,699
AACCLR;61,696,700,701
AACCMO;704
AACCNN;673,705
AACCOS;697,704,708
AACCRT;677,687,710,712
AACCSY;
AACDDU;
AACDEF;719,720
AACDEI;651,724,725,726,727,728
AACDEL;713,719,725,729,730,731,732,733,734
AACDER;714,722,727,732,736,740,741,742
AACDEU;743,745
AACDFR;746,747
AACDGI;748,749,750
AACDHR;715,722,751,753,754
AACDHS;752,754,755
AACDHT;723,755
AACDIR;64,306,655,727,746,757,761,762
AACDLU;65
AACDMP;771
AACDNR;736,753,773
AACEFI;791
AACEFL;719,792,793
AACEFR;307,795,796
AACEGH;798,799
AACEHP;811,815,817,818,819
AACEHR;68,722,780,809,812,816,820
AACEHT;723,781,813,820,821,822,823
AACEIL;725,824
AACEJR;832
AACELN;309,730,783,836,839,842,843,844,845,846
AACELP;310,731,811,842,849,850,851
AACELS;733,803,831,837,843,850,852,854,855,856,857
AACELT;311,792,813,838,844,851,855,858,859,860
AACEMO;865
AACEMR;312,784,840,861,866,868
AACENN;
AACENP;69,815,833,842,862,870
AACENR;736,804,816,827,871
AACENT;786,805,844,871,873,874,875
AACERS;662,740,796,832,852,868,877,883,884,885,886
AACERT;316,787,806,820,871,878,884,887,888,889
AACEST;663,789,821,830,855,873,884,891,892,893
AACESU;856,885,891
AACETU;743,823,888,891,894,895
AACETV;744,859,889,892,895
AACETX;893
AACFIL;896,897,898
AACFIS;791,897,900
AACFLO;
AACFLU;793,898,902,906,907,908
AACFNT;899,909
AACFRS;747,796
AACFRX;
AACGGM;911
AACGHN;798,912
AACGIM;914
AACGIN;916
AACGIR;917,918
AACGIU;919
AACGLY;923
AACHHL;71,926,927
AACHKN;930,944,946
AACHKP;945,947
AACHKR;925,931,948,949,950
AACHKW;951
AACHLL;926,952,953
AACHLN;670,952,955,956
AACHLS;927,953,954,955,958,960,961
AACHLT;813,934,956,960
AACHMN;944,962,963
AACHMS;672,752,936,954,963,964,965,966
AACHMT;321,965
AACHNO;814,967,968
AACHNR;322,753,816,970,971,972
AACHNS;674,912,946,955,963,970,973,974,975,976
AACHNT;73,937,956,974
AACHNZ;976,977
AACHPS;818,939,947,958,964
AACHRS;754,941,948,970,979,980
AACHRT;677,820,942,949,978,979,981
AACHSW;951,980,983
AACHSY;966
AACHTT;822,984
AACHTW;928
AACIJM;991
AACILL;913,992,997,998
AACILM;75,325,678,824,914,999,1000
AACILP;990,1001,1006,1007
AACILR;757,933,993,999,1002,1008
AACIMN;825,1012,1013,1014
AACIMS;681,936,986,991,1000,1013,1017
AACINR;78,326,827,1002,1020,1022,1023,1024
AACINS;683,758,1013,1022,1025,1026
AACIOT;1027,1029
AACIPR;938,1016,1030,1031,1032
AACIPS;939,1006,1031
AACIPT;686,940,1007,1021,1027
AACIRV;829,918,1036
AACISS;900,1017,1025,1034,1037,1038
AACIST;830,1026,1029,1035,1038,1039,1040
AACITV;989,1010
AACITX;328,1040
AACJKL;1041
AACJLS;831,1041
AACJOU;1044
AACKLP;690,1046
AACKPZ;1052
AACKRR;332,691,1055
AACKRW;
AACKSY;765
AACKTT;1056
AACLLN;836,952,997,1057,1058,1059
AACLLS;837,953,998,1057,1062
AACLLU;902,1059,1062
AACLMT;1065,1067
AACLMU;336,841,1066,1068
AACLNO;766,1064,1069,1071
AACLNR;1002,1073,1074
AACLNS;767,843,955,1057,1071,1073,1075,1076
AACLNT;85,844,956,1003,1058,1065,1075
AACLNU;845,1059,1070,1074,1076
AACLOS;697,769,1004,1071,1081
AACLOT;921,1078,1079,1081,1082,1083
AACLOX;1005
AACLPR;770,849,1077,1084,1085
AACLPS;86,698,850,958,1006,1046,1084,1086,1087
AACLPU;959,1087
AACLRS;700,852,1073,1084,1089,1090
AACLRW;
AACLSU;702,856,907,961,1062,1068,1076,1087,1093,1095,1096
AACLTU;908,1095,1097
AACMNR;1099,1100
AACMNS;863,963,1013,1101
AACMNY;1014,1101
AACMOY;1105
AACMRT;1049,1104,1106,1108
AACMSS;869,1017,1107
AACMSW;
AACNNS;705
AACNOR;1020,1099
AACNPT;92,1021,1112,1113
AACNRT;94,871,1023,1112,1114,1115
AACNRY;972
AACNST;97,873,909,974,1026,1075,1110,1113,1114,1117,1118
AACNSV;1116
AACNTT;98,874,1117
AACNTV;
AACPPY;
AACPRS;1031,1084,1123
AACPSS;881,1086,1123
AACRRT;710,978,1106,1125
AACRRU;910,1126
AACRST;712,884,979,1035,1090,1108,1114,1120,1125,1127
AACRSU;885,1126
AACRTV;889,1127,1129
AACSSV;103,1116
AADDEL;349,713,1136
AADDER;351,714,1140,1141,1143,1144
AADDEW;1144
AADDHS;1148
AADDIL;1136,1151
AADDLN;354,1154
AADDOU;1157
AADDRW;717,1144,1159
AADDST;1153,1158,1160
AADDSU;1157
AADEFL;356,719,1170,1174
AADEFR;1161,1169,1171
AADEGJ;
AADEGL;1170,1179
AADEGM;357,1134,1180,1181,1182
AADEGN;358,1180,1183
AADEGS;1179,1182,1183,1188,1189
AADEGZ;
AADEHK;1192
AADEIT;1212,1213,1214
AADEKM;1219,1220
AADEKW;362
AADELS;733,1179,1202,1218,1238
AADELT;364,1163,1230,1234,1235,1239,1240
AADELV;1203
AADELY;734,1224,1237,1240
AADEMM;366,1137,1164,1241,1242
AADEMN;367,1138,1180,1193,1225,1241,1243,1244,1245
AADEMT;1165,1245
AADEMZ;
AADENT;1230,1245,1248,1251
AADENX;1195,1232
AADEPR;1141,1221,1233,1255,1256,1257
AADEPS;739,1196,1210,1222,1256,1258
AADERS;371,740,1143,1211,1256,1260,1263,1264,1265
AADERT;1167,1185,1212,1235,1257,1263,1266
AADERW;372,1144,1168,1198,1250,1261,1264,1267
AADEWW;1259
AADFIR;746
AADFLW;1269
AADFMU;1270
AADFNR;1271
AADFNT;1272
AADFRS;747,1273
AADFRT;1273
AADGGS;109,1277
AADGHR;376,1178,1274,1279,1280
AADGIM;1282,1283,1284,1285
AADGIO;1283,1287,1288
AADGIR;1281,1284,1289
AADGJU;1290
AADGMN;1180,1297,1298
AADGNP;1301,1302
AADGNR;1146,1294,1297,1301,1303,1304,1305
AADGOP;1306,1307
AADGRS;111,1277,1280,1300,1303,1308,1309
AADGRU;1296,1308
AADGRY;1187,1305,1309,1310
AADHIL;1278,1313
AADHKN;1318,1319
AADHMM;113,1321
AADHMR;114,751,1314,1322,1323
AADHNR;753,1317,1322,1324,1325
AADHNS;116,1318,1325,1326,1327
AADHNX;1195
AADHNY;382,1319,1327
AADHPR;1324,1328
AADHRS;383,754,1148,1280,1323,1325,1328,1329,1330
AADHRZ;1330
AADHSW;1326,1332
AADIKS;
AADILO;1340
AADILR;757,1201,1333,1341,1344,1346,1347
AADILS;1151,1202,1313,1345,1346,1348,1349,1350
AADILU;
AADIMN;119,1338,1353,1354,1355
AADIMR;388,1204,1284,1314,1341,1353,1356,1358
AADINR;389,1206,1336,1344,1353,1362,1363,1364,1365,1366
AADINS;390,758,1207,1354,1363,1367,1368,1369
AADINT;391,759,1361,1364,1367
AADINV;760,1365,1368
AADIPP;
AADIQS;1372
AADIST;1153,1349,1367,1375
AADISZ;
AADKMS;1220,1377
AADKNS;1318,1379
AADKPU;1380
AADLLS;394,1386
AADLMP;1391
AADLMW;124,1392
AADLMY;1292
AADLNO;766,1293,1388,1393,1394,1395
AADLNS;396,767,1154,1295,1397,1398,1399
AADLNU;1389,1398
AADLNV;1394,1399
AADLOP;1393,1400
AADLPR;770,1233,1402
AADLRU;1236,1296,1404,1405
AADLSS;1238,1348,1386,1397
AADLST;1349
AADLSW;1392
AADMMN;1241
AADMMR;1406
AADMMS;1242,1321,1406
AADMNS;1244,1298,1354,1408,1411,1414
AADMOU;1417,1419
AADMPS;771,1391
AADMRS;127,1300,1323,1358,1406,1411,1422,1423
AADMRU;1422
AADMRZ;1423,1424
AADMSS;1247,1377
AADMYY;1425
AADNNP;1360,1427
AADNNR;1428
AADNPR;1301,1324,1430,1433,1434
AADNPS;129,1302,1427,1433
AADNRS;130,402,773,1303,1325,1363,1411,1428,1433,1437,1438
AADNRT;131,1304,1364,1378,1431,1438,1439
AADNSV;1368,1399
AADNSY;1327,1369,1414
AADOPS;1307,1443,1446,1447
AADPPY;
AADPST;
AADPSW;1452
AADPSY;1453,1454
AADPYY;1403,1454
AADRRS;409,1260,1457
AADRSW;1159,1264,1460
AADRTU;1266,1456,1458
AADRTY;1439,1459
AADRVW;1440,1460
AADSSZ;
AAEEGL;1463,1465,1466
AAEEGT;1466,1468,1470
AAEEKK;1473
AAEELP;1479
AAEELT;415,1163,1466,1477,1479,1480
AAEEOZ;
AAEEPR;1485
AAEERT;787,1167,1464,1471,1480,1482,1485,1486,1488,1489,1490
AAEFFR;1169,1462,1491,1492,1494,1495
AAEFGN;1497
AAEFGR;1171,1491,1498
AAEFLM;
AAEFLR;1503,1504,1505
AAEFLV;1502,1506
AAEFNR;1494
AAEFNS;424,1497
AAEFNU;
AAEFRS;796,1495,1498,1504
AAEGGL;1512
AAEGGR;427,797,1177,1515,1516,1517
AAEGGV;1518
AAEGLM;1540,1541
AAEGLN;1540,1542,1543,1544,1545
AAEGLR;428,1522,1538,1543,1547,1548
AAEGLS;803,1179,1512,1523,1544,1548,1549,1550,1551
AAEGLT;133,1466,1539,1541,1549
AAEGLV;1550
AAEGMN;1180,1467,1540,1552,1553,1554,1555
AAEGMR;429,1181,1553,1556,1557,1558
AAEGNN;1542,1561,1562,1563
AAEGNT;805,1521,1536,1555,1563,1565,1568,1570,1572,1573
AAEGOR;1574
AAEGPR;1528,1556,1575,1576,1577
AAEGPS;1576,1578,1579,1580
AAEGPV;1579
AAEGRV;1186,1469,1582,1584
AAEGST;433,1188,1470,1531,1549,1570,1583,1589,1590
AAEGSV;807,1189,1518,1550,1579,1584,1587
AAEGTU;1535,1589,1592
AAEHKP;1599
AAEHKS;810,1192,1599,1601,1602
AAEHKT;1598,1601
AAEHLM;1604
AAEHLT;135,435,813,1604,1605,1608,1609,1610
AAEHMS;1194,1611,1612
AAEHMT;1604,1612,1613
AAEHNT;436,1521,1598,1605
AAEHNY;1616
AAEHPR;1594,1614,1617
AAEHPW;1197,1618
AAEILM;441,824,1624,1625
AAEILR;1201,1522,1629,1631,1632,1633
AAEILV;1203,1633,1635
AAEILX;445,1623,1630,1636
AAEIMN;136,825,1624,1638,1639
AAEINT;1472,1628,1639,1647,1648
AAEIRS;447,1211,1631,1651,1655,1656,1657
AAEITV;1213,1644,1659,1663
AAEKLM;451,1672
AAEKLN;1622,1673,1674
AAEKLS;1218,1474,1672,1673,1675
AAEKMW;1676,1679
AAEKNN;1680
AAEKNS;453,834,1673,1680,1681
AAEKNW;1676,1681,1682
AAEKRS;455,1678,1685,1686
AAEKRT;1683,1686
AAEKSW;1602,1679,1681
AAELLP;1223,1691,1692,1693
AAELLU;
AAELMR;840,1227,1698,1704
AAELMT;465,1477,1541,1604,1699,1700,1702,1703,1705
AAELNN;1542,1626,1708
AAELNP;842,1709,1711,1712,1713
AAELNT;844,1230,1605,1628,1674,1700,1712,1716,1718,1719,1720
AAELOR;847,1478,1629,1723,1724,1725
AAELPP;469,1727,1728,1729,1730
AAELPR;470,849,1233,1503,1691,1711,1727,1731,1732,1733
AAELPS;850,1606,1692,1728,1731,1734,1735
AAELPT;851,1234,1479,1693,1703,1712,1729,1732,1735,1736,1737,1738
AAELRT;473,1235,1480,1608,1694,1732,1739,1740,1741
AAELRU;1236,1632,1725
AAELRV;853,1633,1733,1740,1742
AAELST;475,855,1549,1609,1705,1716,1735,1739,1743,1744,1745,1746
AAELSV;476,1506,1550,1635,1745
AAELTV;480,859,1697,1740,1745,1749,1750
AAELTZ;1720,1741,1746,1751
AAEMMM;1753,1754
AAEMNP;862,1760,1761,1762
AAEMNS;484,863,1244,1554,1638,1761,1765
AAEMNT;1245,1481,1555,1639,1700,1755,1758,1762,1763,1765,1766
AAEMNX;
AAEMRS;868,1678,1771,1772
AAEMRT;140,1482,1508,1557,1642,1763,1769,1772,1773
AAEMSS;869,1247,1559,1611,1771,1774
AAEMST;1612,1666,1705,1765,1772
AAEMSZ;
AAENNZ;1777
AAENOP;1564,1709,1780
AAENOZ;1781
AAENPS;870,1615,1646,1761,1780,1783,1784,1785,1786
AAENPV;1785
AAENRS;1714,1789,1790
AAENST;141,873,1251,1570,1648,1716,1765,1776,1784,1790,1799,1800
AAENSU;1252,1571,1796
AAENSW;1253,1681,1798,1800
AAEORT;490,1802,1804
AAEOSZ;1781
AAEPPR;1727,1782,1805,1806,1807
AAEPRR;1255,1575,1650,1808
AAEPRS;1256,1576,1651,1731,1805,1808,1809,1810,1811,1812
AAEPRT;878,1257,1485,1652,1683,1732,1769,1806,1810,1813
AAEPRZ;1617,1812
AAEPTT;1653,1736,1787,1815
AAEPTW;1814,1815
AAERRR;1816,1817
AAERRS;1260,1808,1816,1818,1819
AAERRT;1654,1788,1802,1819,1820
AAERRW;492,1261,1510
AAERST;494,884,1263,1486,1583,1656,1686,1739,1772,1790,1804,1810,1819,1821,1823,1824
AAERSY;1265,1620,1811,1822
AAERTT;497,887,1585,1658,1791,1820,1825
AAERTU;498,888,1266,1488,1773,1792,1823,1825
AAERWX;
AAERWY;142,890,1267,1511
AAESTV;892,1663,1745,1799,1826
AAESWY;1827
AAFFIM;1831
AAFFIR;1492,1834
AAFFIT;1833,1835
AAFFJS;
AAFFLR;1836
AAFFPR;1837
AAFFRY;1838
AAFFRZ;1839
AAFGHN;1840,1841
AAFGIN;1840
AAFGNR;1843
AAFGNS;1497,1841,1843
AAFHLS;1847
AAFHMT;1849
AAFHRS;
AAFHTW;1850
AAFIJT;1852
AAFIKL;1845,1853
AAFIKS;1853,1854
AAFIMS;1831
AAFINR;1846,1859
AAFINT;899,1833,1855,1857,1860,1861
AAFIRS;1834,1859,1864,1865
AAFIST;1835,1852,1860,1868
AAFKNS;1871
AAFKNT;1871
AAFLLL;1872
AAFLNS;
AAFLNU;1876,1877
AAFLOT;
AAFLSV;1506
AAFLTU;908,1878
AAFNSU;
AAFOST;1885
AAFRSY;1838
AAFSTW;1850
AAGGKU;1890
AAGGLO;1891,1892
AAGGMN;1894
AAGGNZ;1897
AAGGQU;1900
AAGGRS;506,1277,1515,1901,1902
AAGGRT;1516,1902
AAGGSW;
AAGHIN;1840,1906
AAGHJN;1907
AAGHKN;1908,1909
AAGHLS;1911,1912
AAGHLZ;1912
AAGHMR;1916
AAGHMS;1916
AAGHNR;509,1917
AAGHNS;510,912,1841,1907,1908,1917,1918,1919
AAGHNU;1914
AAGHRR;1903
AAGHST;511,1904,1919,1922
AAGIKN;1924,1925,1926,1927
AAGILN;153,1888,1929,1930,1931,1932,1933,1934,1935
AAGILO;1930,1936,1937
AAGILP;1931,1938
AAGILR;1522,1905,1932,1939,1940
AAGILS;915,1523,1933,1936,1938,1939,1941
AAGILV;1934,1941
AAGIMN;1943,1944,1945,1946
AAGIMS;515,1285,1944
AAGINN;1906,1929,1947,1948
AAGINR;154,516,1525,1932,1951,1952,1953,1954,1955
AAGINS;517,1924,1933,1944,1947,1949,1952,1956,1957,1958,1959
AAGINT;518,916,1923,1925,1945,1953,1956,1960
AAGINU;1954,1957
AAGINV;1526,1934,1958
AAGIOS;1287,1936,1949,1962
AAGIPR;1528,1964,1965
AAGIRS;520,917,1939,1952,1964,1967,1968
AAGIRW;1967
AAGIRY;1966,1968
AAGISS;157,1530,1962
AAGIST;1531,1956,1969
AAGJNR;1970
AAGJNS;1907,1970
AAGJRS;1970,1971
AAGJRU;1971
AAGJSU;1290,1971
AAGKLY;1973
AAGKNS;1908,1924
AAGLLN;1976,1977
AAGLLP;
AAGLMM;160,1979
AAGLMN;161,1540,1842,1980
AAGLNO;162,1293,1930,1981,1982,1983
AAGLNR;1294,1543,1932,1981,1985,1986
AAGLNS;163,1295,1544,1933,1976,1980,1982,1984,1985,1987,1988
AAGLNT;1910,1977,1987,1989
AAGLNU;1545,1986,1988
AAGLRS;164,1548,1939,1985,1991
AAGLRT;1940,1991
AAGLST;1549,1987,1991,1994
AAGLSY;923,1973
AAGLSZ;1912
AAGLXY;
AAGMMN;1995
AAGMMR;1996,1997
AAGMMS;1979,1995,1997,1998
AAGMMT;165,1998,1999
AAGMNR;166,1297,1553,2001,2004,2006,2007
AAGMNS;167,521,1298,1554,1894,1944,1980,1995,2002,2006,2008,2009
AAGMNZ;1946,2009
AAGMPR;1556,2004,2013
AAGMRS;1300,1916,1997,2006,2011,2013,2015
AAGMRY;2014,2015
AAGMSY;2015
AAGNNO;2016
AAGNNS;169,1562,1947,2016,2018
AAGNNW;1948,2018
AAGNOR;1981,2019,2020,2021
AAGNOT;2003,2022
AAGNPR;170,1301,2004,2019,2023
AAGNPS;1302,1984,2023
AAGNRR;171,1567,1951,2024,2025
AAGNRS;1303,1843,1917,1952,1970,1985,2006,2020,2023,2024,2026
AAGNRY;1305,2025
AAGNSS;1918,2026,2028
AAGNST;174,1570,1896,1919,1956,1987,2022,2028,2029
AAGNSU;1571,1957,1988,2029,2030
AAGNTU;2029
AAGNUY;2030
AAGNWY;1899,2031
AAGORS;1574,2011,2020,2034
AAGOTU;2035
AAGPPR;2036
AAGRRY;1966,2014,2025,2037
AAGRST;524,1583,1902,1991
AAGRSZ;
AAGRUV;2038
AAGRVY;
AAGSST;1994,2028
AAGSUV;2038
AAHHJJ;2041
AAHHLL;177,926,2042
AAHHLV;178,2043
AAHHMZ;2044
AAHHNT;2045,2046,2047
AAHHPT;1595,2046
AAHIIK;
AAHIKM;2051,2052
AAHIKP;179,2054
AAHIKR;931,2053,2055,2056
AAHILT;934,2061,2062
AAHILY;2065
AAHIMS;936,1315,2052,2060,2067,2069
AAHINT;530,937,2062,2073,2075
AAHINW;2074,2075
AAHIOT;2076
AAHIPR;938,2072,2077,2078
AAHIRR;2080
AAHIRS;941,2040,2055,2077,2080,2081,2082,2083
AAHIRV;2083,2084
AAHITW;2075,2085
AAHJKT;2087
AAHJLS;
AAHJNR;1317,2050,2086,2088
AAHJRR;2089
AAHJRS;2088,2089
AAHKKT;2090
AAHKLS;2091,2092,2093
AAHKLT;2092
AAHKLY;2093
AAHKMS;2052,2094
AAHKNT;1598,1909,2095
AAHKNU;2096
AAHKPS;947,1599,2054,2097,2098
AAHKPU;2098
AAHKSS;535,2097,2099
AAHKSY;2093,2094
AAHLLL;1603,2057,2100
AAHLLN;952,2058,2101
AAHLLO;2102
AAHLLP;2103
AAHLLS;186,953,1847,2042,2100,2101,2102,2103,2104,2105
AAHLLW;2105,2106
AAHLMM;2107
AAHLMS;954,2060,2107,2108,2110,2111,2112
AAHLMT;1604,2061,2111
AAHLMU;2109,2112
AAHLNS;955,2101
AAHLOS;1911,2102
AAHLPS;958,1606,2103,2115,2116
AAHLRS;537,2091,2108,2115,2117,2118,2119
AAHLRT;1608,2118
AAHLST;960,1609,2092,2111,2116,2118
AAHLSV;2043
AAHLSW;189,2064,2105,2119
AAHMMM;2120
AAHMNR;539,1322,2124
AAHMNS;963,2067,2121,2124,2125,2126
AAHMNT;2126,2127
AAHMOS;
AAHMPR;2128,2129
AAHMPY;
AAHMRS;191,540,1323,1916,2108,2124,2129,2131
AAHMSS;541,1611,2069,2110,2122,2125,2131,2132,2133
AAHMST;192,965,1612,1849,2111,2126,2132,2134
AAHMSU;2112,2130,2133
AAHMSW;
AAHMSZ;2044,2134
AAHMTZ;2134
AAHNNT;2045,2136,2137
AAHNPS;1615,2141
AAHNSS;973,1918,2125,2141
AAHNST;974,1919,2047,2073,2095,2126,2136
AAHNSZ;976,2145
AAHNTW;2075
AAHNUW;2144
AAHNZZ;977,2145
AAHORS;2146
AAHOTW;2147
AAHPPR;2148
AAHPRY;2149
AAHPSS;2097,2141
AAHPTY;2151
AAHRSS;1329,2081,2099,2117,2131,2152,2153
AAHRST;979,2082,2118,2153,2154
AAHRSY;1620,2149,2154
AAHSST;2132,2153,2156
AAHSSW;545,983
AAHSSY;2157
AAHSTV;
AAHSTW;1850,2085,2147
AAIIKK;2158
AAIIKW;2159
AAIIKZ;2160
AAIILS;
AAIJKR;2171
AAIJNR;2050,2175,2176
AAIJNT;2174,2177
AAIJRW;2179
AAIJSV;
AAIKKS;2158
AAIKLL;992,2181,2182
AAIKLM;549,2183
AAIKLN;1622,2181,2184,2185
AAIKLS;1853,2182,2183,2185
AAIKNO;
AAIKNR;2188,2193
AAIKNT;995,1925,2194
AAIKRS;199,2055,2171,2191,2193,2199,2200,2201
AAIKRT;996,2056,2200
AAIKRU;2195,2201
AAIKSS;1854,2199
AAIKST;2194,2200,2202
AAILLP;2204,2212
AAILLX;1623,2209,2213,2215,2217
AAILMN;554,1624,2207,2218,2222,2223,2224,2225,2226
AAILMP;2227
AAILMS;555,1000,1625,2060,2183,2220,2223,2227,2230,2231
AAILMU;2225,2228,2231
AAILNN;1626,1929,2232
AAILNR;1002,1344,1932,2222,2238,2239
AAILNS;557,1933,2185,2223,2232,2236,2240,2241,2242
AAILNT;1003,1628,1855,2062,2210,2224,2234,2237,2241,2243,2244
AAILNY;1935,2239,2242,2244
AAILPR;2162,2186,2251,2252,2253
AAILPS;203,1006,1345,1938,2227,2236,2251,2254
AAILQU;1856,2228
AAILRS;204,559,1346,1631,1939,2245,2251,2259
AAILRT;205,1347,1940,2229,2252,2259,2260,2261
AAILSS;1348,1634,2230,2240,2263,2264,2265
AAILSV;1635,1941,2214,2264
AAILSY;1350,2065,2242
AAILTV;1010,1351,2243,2261
AAIMMS;2220,2269
AAIMMX;2221
AAIMNR;1353,2188,2222,2275,2276
AAIMNS;206,1013,1354,1638,1944,2067,2223,2272,2275,2277,2278
AAIMNT;207,1639,1945,2165,2174,2224,2271,2273,2274,2276,2277,2279
AAIMNV;2226,2278
AAIMRR;1641,2280,2281
AAIMRT;1642,2229,2276,2281,2282,2284
AAIMST;566,2277,2282,2285,2287,2288,2289
AAIMSU;2231,2283,2286,2288,2290
AAIMSZ;
AAIMTT;2287
AAIMTU;2192,2284,2288
AAINNT;1019,1857,2271
AAINOP;2070,2233,2294
AAINOT;2234,2273,2297
AAINOX;2298
AAINPP;2071,2299
AAINPR;2072,2300
AAINPS;208,1646,2236,2294,2299,2300,2301,2302
AAINPT;1021,1361,1647,2237,2274,2302
AAINRS;570,1022,1363,1859,1952,2175,2193,2275,2300,2303,2304,2305
AAINRT;571,1023,1364,1953,2167,2276,2303,2306,2307,2308
AAINRU;1954,2238,2292,2304
AAINST;572,1026,1367,1648,1860,1956,2073,2177,2194,2241,2277,2297,2302,2303,2309,2311,2312
AAINSV;1368,1958,2278,2305,2312
AAINTT;1861,2168,2311,2313,2314,2315
AAINTV;2243,2306,2312,2316
AAINTW;2075,2307
AAIOPR;2317,2318,2319
AAIORR;2295,2320
AAIORZ;2248
AAIPPR;1030,2197,2323,2324
AAIPRT;1652,1862,2078,2252,2318,2326,2328
AAIPRY;2253,2327
AAIPSS;2301
AAIPTY;2329
AAIPZZ;2256,2330
AAIRRY;1966
AAIRST;578,1035,1656,2082,2200,2259,2282,2303,2326,2333,2334,2335
AAIRSV;1036,2083,2305
AAIRTY;2335
AAIRUW;2336
AAIRVY;
AAIRWY;1867,2262,2337
AAIRZZ;2338
AAISSS;1037,2263
AAISST;212,1038,1375,1868,2285,2309,2333
AAISTW;213,2085
AAITUY;2340
AAJJMR;2342
AAJKNS;2345
AAJLPS;
AAJMNP;2173,2346
AAJMPY;2350
AAJNNO;2351
AAJNNS;2351
AAJNOW;2352
AAJNOY;2353
AAJNPR;2354
AAJNPS;2346,2354
AAJNSW;2352
AAJNSZ;
AAJQQS;
AAJRST;
AAJRSV;
AAJRSW;2179
AAKKLP;2356
AAKKMR;219,2359
AAKKNU;2360
AAKKOP;2361
AAKKPU;2362
AAKKSY;
AAKLMS;222,1672,2183
AAKLOS;
AAKLOT;2370
AAKLPS;1046,2356
AAKLRS;2091,2371
AAKLSS;224,1675,2372
AAKLST;2092,2373
AAKLSV;
AAKLTU;2373
AAKMMO;2376
AAKMMU;225,2377
AAKMNU;2378
AAKMRS;1678,2191,2359,2381,2382
AAKMRT;1049,2381
AAKMRU;2379,2382,2383
AAKMSS;1377,2385
AAKMSY;2094,2385
AAKMTU;2192
AAKNOR;2387
AAKNRT;587,1378,2389
AAKNST;226,1871,2095,2194,2389,2390,2391
AAKNWZ;2392
AAKOPR;2395
AAKOPS;2361,2395
AAKPPS;
AAKPRS;2395
AAKPSS;2097
AAKPST;228
AAKRST;589,1686,2200,2381,2389,2396,2398
AAKRSY;
AAKSSV;1687
AAKSTT;1056,2202,2400,2401
AAKSTZ;
AAKSUW;
AAKTUY;2399,2402
AAKUYZ;
AALLLN;1382,2403
AALLLS;1872,2100,2403,2404
AALLMM;2206,2405
AALLMS;2405
AALLNS;591,1057,1976,2101,2403,2409
AALLNY;593,2409,2410
AALLOR;594,1061,2411
AALLOZ;2412
AALLPP;2212,2414,2415
AALLRU;2418
AALLRV;2417,2419
AALLSS;1386,2104,2404
AALLSU;1062
AALLSW;1696,2105
AALLSY;598,2409
AALLTT;2420
AALLVV;2421
AALMMM;2422
AALMMS;1979,2107,2220,2405,2422,2424
AALMNP;2428
AALMNU;1389,1701,2225,2429
AALMNW;
AALMNY;2427
AALMOR;1390,2430,2431
AALMOS;2426,2432
AALMOT;1702,2430,2432
AALMPR;1874,2433
AALMPS;1391,2227,2428,2434
AALMRS;231,600,2108,2436
AALMRU;601,1066,2109,2435,2436
AALMST;603,1067,1705,2111,2432,2438
AALMSU;1068,2112,2231,2429,2436,2437
AALMSV;
AALMSW;1392
AALMTY;2438
AALNNS;1708,2232,2441
AALNNU;1070,2440,2441
AALNOT;2234
AALNOX;2407
AALNOZ;1395
AALNPR;1711,2442,2443
AALNPT;234,1712,2237,2442,2444
AALNRT;2442,2450,2451
AALNRU;1074,1876,1986,2238,2440,2443,2447,2448,2451
AALNRW;2114,2449
AALNRX;
AALNSS;1397,1715,2240,2452
AALNST;1075,1716,1987,2241,2444,2452,2453,2454,2455
AALNSU;1076,1398,1988,2429,2441,2448,2454
AALNSY;1717,2242,2409,2455
AALNTT;605,1718,2450,2453,2456
AALOPT;1078,2457,2459
AALOPY;1400,2460
AALORT;606,1079,2430,2464,2466
AALOSS;
AALOVW;2468
AALPPS;235,1728,2414,2472
AALPPU;1401,1730,2470,2472
AALPRR;2473
AALPRY;2253,2433,2471,2475,2476
AALPSS;1086,1734,2434
AALPST;1735,2116,2254,2444,2459,2477
AALPSU;1087,2472,2477
AALPSY;2460,2475
AALPSZ;
AALQST;
AALQWW;2257,2478
AALRST;610,1090,1739,1991,2118,2259,2464,2479,2481,2482,2483
AALRSU;611,1405,2371,2436,2448,2465,2482
AALRSV;2417
AALRSW;2119,2449,2474,2480
AALRSY;2475,2483
AALRSZ;612
AALRVV;
AALSSS;2263,2484
AALSST;615,1743,1994,2452,2479,2485
AALSSV;2264,2484
AALSTT;1094,1744,2420,2453,2467,2481
AALSUX;1747,2486
AALSWY;2488
AALTUV;1749,2487
AALWYY;237,1879,2488
AAMMMS;2120,2422
AAMMNS;238,1995,2121,2424,2491
AAMMNT;1755,2425,2490,2491
AAMMOO;2492
AAMMRR;1996,2494
AAMMRT;2490,2495
AAMMUZ;2496
AAMNNN;2497
AAMNNS;240,1408,2497
AAMNNU;2123
AAMNNV;
AAMNOO;2499
AAMNOR;1099,1409,1759,2500,2501,2502,2503
AAMNOZ;2503,2504
AAMNPS;242,1761,2346,2428,2509,2510
AAMNPT;1762,2274,2507,2510,2511
AAMNRT;243,1763,1880,2007,2276,2490,2502,2507,2512
AAMNRW;1412
AAMNSS;244,2125,2509
AAMNST;245,622,1765,1881,2126,2277,2491,2510,2512,2514
AAMNSX;
AAMNSZ;2009,2504
AAMNTU;1415,1766,2505,2514
AAMNTV;
AAMNTX;2127,2279
AAMOPR;2128,2516
AAMORS;1103,2011,2501,2515,2516,2518
AAMOSS;2520
AAMOST;2432,2521
AAMPPS;
AAMPRS;2013,2129,2516
AAMPSU;
AAMQSU;1770,2130
AAMRRS;2280,2494
AAMRSU;1422,2283,2382,2436,2526,2527
AAMRSW;
AAMRTU;254,626,1773,2284,2527
AAMSSS;1774,2520
AAMSTU;2288,2514,2527,2530,2531
AAMSTZ;2134
AAMTTU;2439,2522,2531
AANNNO;2532
AANNNS;2497,2532
AANNPS;1427,2534,2535
AANNRU;2017,2292,2440,2537
AANNST;1776,2136
AANNSU;2441,2537
AANNTT;258,1778,2533
AANNYZ;2538
AANOQY;2539
AANORT;1431,2139,2502,2540,2541
AANOST;632,1110,2022,2297,2540,2542,2543
AANOTT;2533,2541,2543
AANPPS;260,2299,2544
AANPRS;1433,2023,2300,2354,2545,2546
AANPRT;1112,2442,2507,2545
AANPRU;1434,2443,2546
AANPRY;2508
AANPSS;1783,2141,2301,2509,2534,2544,2547
AANPSV;1785
AANQST;
AANQTU;2446,2548
AANRRS;2024,2549,2550
AANRRT;1788,1882,2551
AANRRW;1435,2549,2551
AANRRY;1436,2025,2550
AANRSS;1437,1789,2026,2552
AANRST;262,1114,1438,1790,2303,2389,2512,2540,2545,2553,2554,2555
AANRSU;263,2304,2448,2537,2546
AANRSV;2305
AANRSW;2449,2549
AANRTT;264,1791,2450,2541,2553
AANRTU;1115,1792,2451,2548
AANRTY;1439,2143,2554
AANRTZ;2308,2555
AANSSS;2552
AANSSU;1796
AANSTV;1799,2312,2558,2562
AANSTZ;2555,2559
AANSYY;635,2560,2563
AANSZZ;2145
AANTUV;2562
AANWYY;2563
AAOPST;2459,2565
AAORRU;1803,2463,2567
AAORRV;2568
AAORST;637,1120,1804,2396,2464,2540,2569
AAORTT;2541,2569
AAOSTW;2147
AAOTTV;2571
AAPPST;
AAPPSW;2574
AAPPSY;268
AAPPWW;2574
AAPRRS;1808,2473,2575
AAPRRU;2575
AAPRST;1810,2326,2545,2577,2578,2579
AAPRTT;2328,2576,2578
AAPSST;270,2547,2565,2577
AAPSTT;2578
AAPSTW;1124,1814
AAPSWW;2574
AAPWXX;
AAPZZZ;2582
AAQRSU;2583
AAQSTU;
AARRSS;1457,1818,2584
AARRST;641,1125,1819,2585
AARRSY;2037,2550,2587
AARRTT;1820,2576,2585
AARRUW;2586
AARRWY;2587
AARSST;272,1821,2153,2333,2479,2525,2577,2588,2589,2590
AARSSU;2526,2583
AARSTT;2334,2481,2553,2569,2578,2585,2589
AARSTY;645,1459,2154,2335,2483,2554,2579,2590
AARSWW;2591
AASSST;2156,2588
AASSSY;646,2157
AASSTY;2590
AASTTU;2531,2592,2593
AASTZZ;
AATTUU;2039,2593
ABBBEL;2594,2595,2596,2597
ABBBLY;
ABBBSU;
ABBCDE;2599,2600
ABBCEI;2601,2603
ABBCIR;2610,2611
ABBCOS;282,2613
ABBCOT;2613,2614
ABBCRY;2615
ABBCSY;
ABBDDE;2616,2617
ABBDEG;2619,2620
ABBDEI;2622,2623
ABBDEJ;2624
ABBDEL;2594,2616,2619,2624,2625,2626,2627
ABBDEN;
ABBDER;2599,2617,2618,2620,2625,2628,2629,2630
ABBDES;2600,2626,2629,2631,2632,2633
ABBDET;2621,2622,2630,2631
ABBDEU;2632
ABBDIJ;2635,2636
ABBDRY;
ABBEEU;2644
ABBEEW;2645
ABBEFR;2618,2646
ABBEGL;2619,2649,2650
ABBEGR;2620,2648,2649,2653,2654,2655
ABBEIR;2646,2648,2658,2659
ABBEIS;287,2603,2658,2660,2661,2662
ABBEIY;2623,2662
ABBEJL;2624,2663
ABBEJR;2664
ABBEKS;
ABBELR;2595,2604,2625,2649,2665,2666,2668,2669,2670,2671,2672,2673
ABBELS;2596,2605,2626,2650,2656,2663,2667,2671,2674,2675
ABBELU;2597,2672,2674,2676
ABBELW;2627,2673,2675
ABBENR;2678
ABBEOR;2668,2679
ABBERR;2606,2628,2653,2670,2681
ABBERS;2629,2654,2658,2664,2671,2678,2679,2681,2682,2683,2684
ABBERT;289,2630,2659,2682
ABBERY;2684
ABBESS;2685
ABBESY;2662,2684
ABBFLY;
ABBGHU;2688
ABBGMU;2697
ABBGOR;2699
ABBGRY;
ABBHIJ;2635,2700
ABBHJU;2702
ABBHOO;2703
ABBHSY;2701
ABBIJL;293,2707
ABBIJS;2636,2700,2707
ABBILL;2709
ABBILO;2710,2711,2712
ABBIMS;2715
ABBINR;2638,2691,2716,2717
ABBIRS;2610,2658,2717,2719
ABBIRT;2611,2659,2686,2718,2719,2720
ABBIST;2660,2719,2721
ABBITW;
ABBKOS;
ABBLOO;2727
ABBLRU;2640,2672
ABBLSU;2674,2713
ABBLSY;
ABBLWY;
ABBMOO;2728,2729
ABBMOX;
ABBNOO;2732
ABBNOS;2732
ABBOOS;2703,2727,2729,2732
ABBORS;2679,2699,2734,2735
ABBORT;2718,2735
ABBOST;2613,2730,2735,2736
ABBOTY;2614,2736
ABBRSU;2738,2739
ABBRTU;2739
ABBSWY;
ABCCIO;2750,2751
ABCCIU;2747,2749,2752
ABCCLU;2747
ABCCOS;2744,2751
ABCDEH;2759,2761,2762
ABCDEK;2763,2767,2768
ABCDEL;2760,2767,2769
ABCDER;2599,2766,2768,2770,2771,2772,2773
ABCDEU;2758,2762,2773,2774
ABCDHO;2775,2776,2777
ABCDIR;306,2766,2780,2782,2783,2784,2785
ABCDTU;2791
ABCEEL;2760,2794
ABCEEM;2795,2796
ABCEES;2792,2794,2796,2798,2801,2802
ABCEFI;2803
ABCEGO;2805,2806,2807
ABCEGU;2808
ABCEHL;2810,2812,2813
ABCEHR;2814,2815,2817,2818
ABCEHS;2792,2809,2816,2817,2819
ABCEHT;2761,2818,2819,2820
ABCEHY;
ABCEIK;2763,2822,2823
ABCEIM;2825,2828
ABCEIR;2742,2766,2804,2826,2829,2831,2833,2834
ABCEIS;2603,2743,2803,2809,2822,2833,2835
ABCEJT;2837
ABCEKR;308,2768,2840,2841,2843,2844
ABCEKT;2823,2844,2845,2847
ABCELL;2824,2848,2849
ABCELM;2825,2850,2851,2852
ABCELR;2604,2826,2840,2851,2858,2859,2860
ABCELS;2605,2794,2848,2852,2855,2858,2861,2862
ABCELT;311,2827,2861
ABCEMN;
ABCEMR;312,2795,2814,2851,2863
ABCEMW;2864
ABCEMX;2865
ABCENO;2866,2867,2868,2869
ABCENU;2870,2871
ABCEPS;2855
ABCERR;315,2606,2799,2873,2877
ABCERS;2771,2817,2833,2843,2858,2863,2874,2877,2878
ABCERU;2773,2800,2859,2870,2875,2878
ABCFIR;2885
ABCFNO;2888
ABCHIT;2898,2899
ABCHKU;2900,2901,2902,2903
ABCHLN;
ABCHNR;322,2815,2904,2905,2906
ABCHOR;323,2776,2904,2907
ABCHOS;2777,2816,2908
ABCHPU;2910
ABCHRS;2817
ABCIIM;2915,2916
ABCIKP;2921
ABCILT;2827,2914,2920,2926
ABCILU;2747,2924,2926
ABCIMU;2928,2930
ABCINO;2919,2923,2931,2932,2933
ABCINS;2781,2932
ABCIOR;2750,2831,2917,2931,2934,2935,2936,2937
ABCIOS;2751,2932,2936
ABCIRT;2611,2783,2939,2940
ABCISS;2835,2941,2942
ABCISU;2752,2786,2930,2942
ABCKLS;
ABCKOR;2953,2954
ABCKPU;2957
ABCKRS;333,2843,2953,2958
ABCKRU;2947,2950,2958
ABCLLO;2961,2962
ABCLMY;2964,2965
ABCLNO;2923,2967,2968
ABCLOT;2945,2971
ABCMOP;2974
ABCMOR;2975
ABCMOT;2946,2976
ABCMRS;2863,2975,2977
ABCNOR;2866,2904,2931,2978
ABCNOS;2787,2867,2888,2932,2967,2978
ABCORS;2874,2936,2953,2975,2978,2980,2981,2982
ABCORX;2981
ABCORY;2954,2982
ABCOSU;2943,2983
ABCOSV;
ABCOSZ;
ABCRSS;346,2977,2980,2984
ABCRST;2939
ABCRSW;2984
ABCSSU;2942,2983,2985
ABCSTU;2791,2959,2985
ABDDDO;2988
ABDDEE;2989,2990,2991,2992,2993,2994
ABDDEG;
ABDDEI;2995,2996,2997,2998
ABDDEL;349,2616,2986,2995,2999,3000,3001
ABDDEN;350,2996,2999,3002
ABDDEO;3003,3004
ABDDER;351,2617,2987,2991,2997,3000,3002,3003,3005
ABDDEU;2758,3001
ABDDEY;3004,3007
ABDDHU;3009
ABDEEH;2759,2989,3019,3020,3021,3022,3023
ABDEEJ;2990,3025,3026
ABDEEK;3027,3028,3029
ABDEEL;2760,3015,3016,3027,3030,3031,3032,3033,3034,3035,3036
ABDEEM;3031,3037,3038,3039,3040,3041,3042
ABDEEN;3032,3037
ABDEER;2991,3017,3024,3028,3033,3038,3043,3044,3045,3046,3047,3048
ABDEES;2992,3020,3025,3029,3034,3039,3045,3049,3050,3051
ABDEET;2993,3021,3026,3035,3040,3046,3050,3052,3053
ABDEEZ;2994,3018,3042,3051
ABDEFF;3054
ABDEFL;356,3015,3054,3055,3056
ABDEFR;2618,3057,3059
ABDEGG;3061,3062
ABDEGL;2619,3016,3061,3068,3069,3070,3071
ABDEGN;358,3066,3069,3072
ABDEGO;3064,3072,3073
ABDEGR;2620,3017,3062,3065,3067,3070,3074
ABDEGS;3071,3073,3074
ABDEHL;3075,3077,3078,3079
ABDEHS;359,3020,3079,3082,3084
ABDEHT;2621,2761,3021,3076,3083
ABDEIL;2995,3075,3085,3087,3088,3089,3090,3091,3092
ABDEIR;360,2766,2997,3024,3067,3088,3094,3096,3100,3101,3102,3103,3104,3105
ABDEIS;361,2998,3089,3095,3097,3101,3106,3107,3108,3109,3110
ABDEIT;2622,3076,3086,3090,3102,3107
ABDEIZ;
ABDEJM;
ABDEKL;2767,3027,3112,3113
ABDEKN;3112,3114,3115
ABDEKO;
ABDEKR;2768,3028,3114,3116
ABDEKS;3029,3116
ABDEKU;3113,3115
ABDELL;363,3030,3117
ABDELM;3031,3068,3077,3118,3119,3120,3121,3122,3123
ABDELO;2769,3126,3127,3128,3129
ABDELR;2625,3000,3033,3070,3078,3088,3120,3124,3126,3132,3133,3134,3135,3136,3137
ABDELS;2626,3034,3071,3079,3089,3117,3121,3127,3133,3138,3139
ABDELT;364,3035,3055,3090,3128,3134,3138,3140,3141
ABDELU;3001,3056,3091,3113,3125,3130,3135,3139,3141
ABDELW;365,2627,3122,3129,3136
ABDELY;3036,3092,3123,3131,3137
ABDELZ;
ABDEMM;366,3118,3142
ABDEMN;367,3037,3143,3144
ABDEMS;368,3039,3095,3121,3144
ABDENN;3146
ABDENP;3150
ABDENR;3002,3096,3114,3124,3146,3147,3151,3152,3153,3154,3155
ABDENT;3148,3153,3159
ABDENY;3149,3158
ABDEOS;3058,3073,3127,3164
ABDEOT;3128,3148,3160,3162,3164,3165
ABDERR;370,2628,3044,3100,3132,3151,3161
ABDERS;371,2629,2771,3045,3074,3082,3101,3116,3133,3152,3167,3168,3169,3170,3171
ABDERT;2630,2772,3046,3083,3102,3134,3153,3162,3168,3172
ABDERU;2773,3103,3111,3135,3145,3154,3169,3173
ABDERV;3163,3170
ABDERY;373,3048,3137,3171,3172,3173
ABDERZ;
ABDESS;3049,3106,3156,3167
ABDEST;2631,3006,3050,3060,3107,3138,3164,3168
ABDESU;374,2632,2774,3084,3108,3139,3157,3166,3169
ABDETT;3052,3140,3174
ABDETU;3141,3159,3165,3174
ABDETY;3172
ABDEZZ;
ABDFII;
ABDFOR;3057
ABDGNO;3072,3181,3187,3189
ABDGOR;3177,3190
ABDHNS;3199
ABDHOY;3200
ABDILR;2637,2780,3088,3208,3210,3211,3212
ABDINR;389,2638,3096,3182,3215,3219,3221,3222,3223
ABDINT;391,3183,3220,3222,3224
ABDIRR;3100,3227,3228
ABDIRS;393,2782,3101,3205,3210,3217,3221,3227,3229,3230
ABDIRU;2784,3103,3223,3226,3230
ABDLLY;3235
ABDLNS;396
ABDLOS;3127,3239
ABDLRY;3137,3212,3238,3241,3242
ABDLSU;3139,3239,3243
ABDMUW;3247
ABDNOR;401,3147,3198,3219,3237,3248,3249,3250
ABDNOU;3251
ABDNRS;402,3152,3221,3250,3255
ABDNRY;
ABDOOS;
ABDORR;2789,3161,3260
ABDORS;405,3190,3250,3260,3261,3262
ABDORY;3238,3262
ABDOST;3164
ABDOYY;3240,3254,3263
ABDRRU;3264
ABDRSU;412,3169,3201,3230,3255,3264,3265,3266
ABDRUY;3173,3241,3246
ABDRWY;
ABEEFL;3015,3273,3274,3275,3276
ABEEGG;3278
ABEEGH;3279,3280
ABEEGL;3016,3281,3282,3283,3284
ABEEGR;3017,3268,3279,3282,3285,3287,3288,3289,3290
ABEEGZ;3018,3291
ABEEHJ;3292
ABEEHN;3297,3298,3299
ABEEHV;3022,3301,3302
ABEEIL;3305
ABEEIN;3307,3308
ABEEJM;3311
ABEEJR;3312
ABEEJS;3025,3292,3311,3312
ABEEKL;3027,3313,3314
ABEEKR;3028,3304,3313,3319,3321,3322
ABEEKT;3315,3323
ABEELM;3031,3274,3326,3327,3328,3329
ABEELN;3032,3330,3331,3332,3333,3334
ABEELP;3330,3336,3337,3338
ABEELS;2794,3034,3269,3276,3283,3305,3314,3327,3332,3337,3343,3344,3345,3346
ABEELT;415,3035,3284,3328,3333,3338,3341,3343
ABEEMN;416,3037,3347,3348
ABEEMR;2795,3038,3306,3349,3350,3351
ABEEMS;2796,3039,3295,3311,3327,3347,3349,3352,3353
ABEENT;3299,3308,3315,3333,3348
ABEEOR;3335,3358,3359
ABEERR;2799,3044,3287,3321,3340,3361,3362
ABEERS;3045,3288,3312,3322,3349,3358,3361,3363,3364,3365,3366,3367,3368
ABEERT;3046,3300,3309,3341,3350,3359,3362,3364,3369,3370
ABEERV;3272,3301,3351,3356,3365,3371
ABEERW;3047,3290,3366,3372
ABEERY;3048,3342,3357,3367,3371,3372
ABEERZ;418,3368
ABEEST;3050,3310,3323,3343,3353,3360,3364,3373
ABEFFL;419,3054,3273,3378,3379
ABEFGL;421,3381,3382
ABEFHL;
ABEFIL;3381,3385,3386,3387,3388,3389
ABEFLL;3393,3394,3395
ABEFLM;3274,3396
ABEFLR;3378,3386,3399,3400
ABEFLS;3276,3379,3382,3387,3393,3396,3399,3401
ABEFLT;3055,3401
ABEFMO;3402
ABEFMR;3403
ABEFPR;3407
ABEFTY;3392
ABEGGI;3408,3409
ABEGGR;427,3062,3408,3410,3413,3414,3415,3416
ABEGHI;3063
ABEGIS;3409,3429
ABEGLL;3281,3436,3437
ABEGLM;3068,3438,3439
ABEGLN;3069,3421,3440,3441
ABEGLR;428,2649,3070,3282,3410,3436,3438,3440,3442,3444,3445,3446
ABEGLS;2650,3071,3283,3382,3437,3439,3441,3445,3447,3448,3449
ABEGLT;3284,3443,3448
ABEGLU;3433,3446,3449
ABEGMN;3423
ABEGMR;429,3424,3438,3450,3452,3453
ABEGMS;430,3439,3451,3452,3454
ABEGMT;3425,3454
ABEGNR;3285,3428,3440,3456,3458
ABEGNS;3417,3429,3441,3457,3458,3459
ABEGNW;3459
ABEGOR;2806,3418,3434,3442,3450,3456,3461,3462,3463
ABEGOZ;3464
ABEGRS;2654,3074,3288,3414,3445,3452,3458,3462,3468
ABEGTU;3469
ABEHIL;3075,3470
ABEHJS;3292
ABEHKL;2810,3479
ABEHKS;3479
ABEHLM;3077,3483
ABEHLN;3484,3485,3486
ABEHLR;3078,3293,3470,3488,3489
ABEHLS;2656,3079,3479,3483,3484,3488,3490,3491
ABEHNO;3492,3493
ABEHOS;2816,3493
ABEHPR;3495
ABEHRR;3496,3497
ABEHRS;437,2817,3082,3475,3488,3495,3496,3498,3499
ABEHRT;2818,3083,3300,3489,3499,3500
ABEHSS;438,3490,3498
ABEHST;2819,3491,3499
ABEIIL;3085,3501,3502
ABEIIT;2821,3504
ABEIJL;3505,3506
ABEIKK;3509
ABEILL;2824,3501,3505,3510,3519,3520,3521,3522,3523,3524
ABEILM;441,2825,3525,3526,3527,3528,3529,3530,3531,3532,3533
ABEILO;3520,3536
ABEILR;2826,3088,3386,3470,3512,3522,3526,3538,3539,3540,3541
ABEILS;443,3089,3305,3387,3502,3506,3513,3523,3527,3535,3536,3538,3542,3543,3544,3545,3546
ABEILT;444,2657,2827,3090,3514,3528,3537,3539,3543
ABEILV;3422,3524,3547
ABEILW;3530,3540,3544
ABEILY;3092,3532,3541,3545
ABEILZ;3533,3546
ABEIMR;3094,3306,3424,3507,3526,3549,3551,3552
ABEIMS;3095,3472,3527,3552,3553,3554
ABEINS;3097,3307,3429,3474,3508,3535,3561,3562
ABEINT;2830,3308,3430,3504,3516,3550,3555,3556,3558,3562,3563
ABEIOT;2832,3555,3566,3567
ABEIRR;3100,3517,3551,3557,3570,3571,3572,3573,3574
ABEIRS;447,2658,2833,3101,3475,3538,3552,3564,3571,3575,3576,3577,3578
ABEIRT;2659,3102,3309,3391,3539,3558,3572,3576,3579,3580
ABEIRZ;448,2834,3560,3574,3578
ABEISS;2835,3106,3542,3553,3561,3565,3575,3582
ABEISZ;3546,3578
ABEITW;3584
ABEJLS;2663,3506
ABEJMN;3588,3589
ABEJMR;3507,3590
ABEJMS;3311,3589,3590
ABEJNT;3594
ABEJOR;3595
ABEJRS;2664,3312,3590,3595,3597
ABEJRU;3111,3596,3597
ABEJTU;
ABEKLM;451,3601
ABEKLR;2840,3313,3512,3602,3605,3606
ABEKLS;3314,3479,3513,3601,3605
ABEKLY;3600
ABEKMN;3607
ABEKMR;3608
ABEKNR;2841,3114,3515,3602,3610,3611
ABEKNT;3315,3480,3516,3603,3612
ABEKRR;3321,3517,3617
ABEKRS;455,2843,3116,3322,3605,3608,3610,3617
ABEKRY;456
ABEKST;457,2845,3323,3612,3618
ABELLM;3619,3620
ABELLR;461,2665,3324,3436,3522,3624,3625
ABELLS;462,2848,3117,3393,3437,3523,3620,3622,3624,3626,3627
ABELLT;3621,3627,3628
ABELLU;2849,3394,3625,3628
ABELMM;3118,3326,3629,3630
ABELMR;2666,2851,3120,3438,3526,3629,3634,3635,3636
ABELMS;464,2852,3121,3327,3396,3439,3483,3527,3601,3620,3630,3635,3637,3638
ABELMU;3529,3632,3637,3639
ABELMW;3122,3530,3638
ABELMY;3123,3532
ABELNR;467,3124,3331,3440,3602,3644,3645,3646,3647
ABELNU;3125,3334,3397,3486,3632,3646,3648,3651
ABELNY;3398,3643,3647,3649,3652
ABELNZ;3650
ABELOR;2668,3126,3335,3442,3654,3657,3658,3659,3660,3661
ABELOT;3128,3443,3641,3656,3659,3663,3666,3667,3668
ABELRR;2670,3132,3340,3444,3634,3657,3672,3673
ABELRS;472,2671,2858,3133,3399,3445,3488,3538,3605,3624,3635,3644,3658,3672,3674,3675,3676,3677,3678,3679
ABELRT;473,3134,3341,3489,3539,3636,3645,3659,3675,3680,3681
ABELRV;3676,3683
ABELRW;2673,2860,3136,3540,3661,3673,3677,3681
ABELRY;3137,3342,3400,3541,3647,3678,3683
ABELRZ;3679,3682
ABELSS;474,3447,3490,3542,3626,3662,3674,3684,3685
ABELST;475,2861,3138,3343,3401,3448,3491,3543,3627,3663,3675,3684,3686,3687,3688
ABELSU;2674,2862,3139,3344,3449,3637,3648,3685,3687,3689
ABELSY;477,3545,3649,3678,3688,3689,3690
ABELSZ;3546,3650,3679
ABELTT;478,3140,3666,3680,3686
ABELTY;3652,3670,3688,3691
ABELWY;3690,3691
ABEMMR;3629,3693
ABEMNO;483,3143,3492,3588,3694,3695
ABEMNR;3549,3696
ABEMNS;484,3144,3347,3589,3607,3694,3697,3698,3699
ABEMNT;3348,3550,3631,3695,3697
ABEMNY;3696,3699
ABEMRS;2863,3349,3403,3452,3552,3590,3608,3635,3693,3703,3704
ABEMRT;3350,3636,3700,3703
ABEMRU;3145,3453
ABEMRY;3696
ABEMSW;2864,3638,3704
ABEMSY;3699,3705
ABENNO;3354,3706,3707
ABENNR;3146,3706,3708,3709
ABENNT;3455,3710
ABENOR;2866,3147,3456,3706,3711,3712,3713,3714
ABENOS;2867,3457,3493,3592,3640,3694,3707,3711,3715,3716
ABENOT;3148,3555,3641,3695,3712,3715,3717
ABENRR;3151,3557,3708,3720,3721
ABENRS;2678,3152,3458,3610,3644,3709,3711,3720,3722,3723,3724,3725
ABENRT;488,3153,3558,3645,3712,3722
ABENRU;2870,3154,3611,3646,3721,3723,3726
ABENRY;3357,3494,3647,3696,3724
ABENRZ;3560,3714,3725
ABENST;3562,3594,3612,3697,3710,3715,3722,3727,3728,3729,3730
ABENTT;3563,3728
ABENTU;3159,3651,3719,3729
ABENTZ;3730,3731
ABEORS;2679,2874,3358,3462,3564,3595,3658,3711,3735,3738,3740,3741,3742,3743,3744,3745
ABEORT;490,3162,3359,3659,3700,3712,3732,3736,3739,3740,3746
ABEORZ;3714,3745
ABEOSV;3664,3742,3747
ABEOTV;3567,3667,3734,3747
ABEOTX;2680
ABEPPW;3748
ABEPRU;3616,3669,3749
ABEPRW;491,3750,3751
ABEPST;3360,3568,3753
ABEPTU;3753
ABEQRU;3737,3754
ABEQSU;3166,3754,3755
ABERRS;2681,2877,3361,3496,3571,3617,3672,3720,3738,3756,3757,3758,3759,3760
ABERRT;3362,3572,3739,3756
ABERRV;3758,3761,3762
ABERRW;492,3573,3673
ABERRY;3497,3759,3762
ABERRZ;3574,3760
ABERSS;493,3167,3363,3498,3575,3674,3763,3764,3765,3766
ABERST;494,2682,3168,3364,3468,3499,3576,3675,3703,3722,3740,3756,3764,3767,3768,3769,3770,3771,3772
ABERSU;495,2878,3169,3597,3723,3741,3749,3754,3757,3765,3768,3773
ABERSV;3170,3365,3676,3742,3758,3769
ABERSY;2684,3171,3367,3678,3724,3744,3759,3772,3774
ABERSZ;496,3368,3578,3679,3725,3745,3760,3766
ABERTT;497,3369,3579,3680,3746,3767,3775,3776
ABERTU;498,3370,3768,3775
ABERTX;3771
ABERTY;3172,3500,3752,3772,3776
ABERUU;3773,3777
ABERWY;3372,3774
ABESSS;2879,3582,3763,3778,3779
ABESST;3373,3618,3684,3727,3764,3778,3780
ABESSU;2685,3598,3685,3755,3765
ABESSY;3705,3779
ABESTT;3583,3686,3728,3767,3780,3781
ABESTU;3469,3687,3729,3753,3768,3781
ABESTY;3688,3772
ABESUZ;
ABESZZ;
ABETTU;500,3174,3775,3781
ABETUY;
ABEZZZ;3782
ABFFLS;3379
ABFFSU;
ABFGLU;3790
ABFHIT;3792
ABFILU;503,3388,3796,3797
ABFIRS;2885
ABFISY;
ABFLRU;505,3796,3799
ABFLRY;3400
ABFNOY;3804
ABFNSU;3805
ABFOOR;3806
ABGGIT;3810,3815
ABGGIW;3816
ABGGNO;3817
ABGGNU;3412,3818
ABGGRY;507,3416
ABGHIS;3822,3824
ABGHNS;510,3417,3822
ABGHRU;3419,3826,3828
ABGHSU;2688,3820,3831,3832
ABGHTU;3830,3832
ABGIKN;2891,3839,3840,3841,3842,3843,3844
ABGIKT;3845
ABGILM;514,3847,3848
ABGILN;2892,3179,3421,3788,3811,3821,3833,3839,3846,3847,3849,3850,3851,3852,3853
ABGIMR;3424,3857
ABGIMT;3425,3858
ABGIMY;
ABGINN;2690,3180,3426,3813,3840,3859,3860,3861
ABGINO;3181,3427,3841,3862,3863
ABGINR;516,2691,2893,3182,3428,3789,3814,3842,3849,3860,3864,3865,3866,3867,3868
ABGINS;517,2692,3429,3822,3834,3843,3850,3862,3865,3869,3870,3871
ABGINT;518,2693,3183,3430,3823,3835,3851,3861,3863,3870,3872,3873,3874,3875
ABGINY;2695,3431,3867,3875
ABGIOS;3862,3878
ABGIOU;3878
ABGKNO;3841,3879,3880
ABGKOO;2696,3881
ABGLLO;
ABGLMO;3885,3886
ABGLMY;3887
ABGLOR;3442,3854,3891,3892
ABGLOU;3886,3893
ABGLRU;3446,3826,3894,3895
ABGLRY;
ABGMNO;3896
ABGMOS;3451,3885
ABGNOO;3888,3899,3900
ABGNOR;3456,3829,3899,3901,3902
ABGNOS;3189,3457,3817,3862,3880,3900,3902
ABGNSU;3818,3871
ABGORS;2699,3190,3462,3891,3902,3908
ABGORT;3819,3892,3905,3908,3909
ABGSTU;3469,3832,3911
ABHHIS;525,3912
ABHHJU;3913
ABHIJS;2700
ABHIKL;3919
ABHIKT;3920,3921
ABHIMR;3925,3926
ABHIMS;3472,3926,3927
ABHIMZ;3927
ABHINS;529,3474,3822,3928
ABHIOO;3929
ABHIOP;3930
ABHIRS;3475,3926,3931
ABHISS;531,3912,3935
ABHIST;3792,3824,3920,3928,3933,3935,3936,3937
ABHKRU;3481,3939,3940
ABHLSU;3793
ABHLSY;3938,3941,3943
ABHMNO;3492,3945
ABHMOS;3945
ABHMRU;3828,3947
ABHMSU;3196,3946,3947,3948
ABHNOO;3949
ABHNOT;3950
ABHNSU;3199,3946,3951
ABHOOP;3952
ABHOPR;3953
ABHORR;3954,3955
ABHORS;3931,3953,3954,3956
ABHORT;2907,3932,3956
ABHOST;3933,3950,3956
ABHOTX;
ABHOXY;
ABHPTY;3958
ABHQSU;3959
ABHRSY;3943
ABHSSU;3831,3959,3961
ABHSTU;3832,3937,3951,3960,3962
ABHSUW;3916,3961,3962
ABIIKK;3964,3965
ABIILL;2911,3501,3966
ABIILN;2912,3833,3967,3969,3970
ABIILS;2913,3502,3966,3970,3973
ABIILT;2914,3973,3974
ABIINN;3503,3978
ABIIST;3973,3977
ABIJRS;3985
ABIJRU;3983,3985
ABIKKU;3986
ABIKLS;3513,3919,3990
ABIKMO;
ABIKMR;3991,3992
ABIKNS;550,3843,3993
ABIKNT;3516,3993
ABIKST;3845,3920,3993,3995,3997
ABIKTT;3997
ABILMM;4010
ABILMS;555,3527,3848,4010,4015
ABILMT;3528,4013,4015
ABILMU;3529,3968,4000,4011
ABILNO;2923,3922,4016,4017,4018
ABILNS;557,3535,3850,3970,4016
ABILNT;3851,4017
ABILOR;2710,3208,3854,3989,4020,4022,4023,4024
ABILOT;2712,3209,4003,4017,4023,4025,4026
ABILPS;
ABILQS;
ABILRS;559,2925,3210,3538,4022,4028,4029,4030,4031
ABILRT;3539,3855,4013,4023,4029
ABILRU;3796,3983,4030
ABILRZ;4031
ABILSS;3542,4028
ABILST;560,3543,3973,4015,4025,4029,4032
ABILSY;3545,4006,4033
ABILTU;2926,3924,4026,4032
ABILVY;
ABIMMR;562,4035
ABIMNN;
ABIMNR;3215,3549,3925,3975,3991,4037
ABIMNU;4011,4038
ABIMPT;4040
ABIMRS;565,3217,3552,3857,3926,3992,4035,4037,4041,4042,4043
ABIMRU;4043
ABIMSS;3553,3976,4039,4041
ABIMST;566,2929,3858,3977,4015,4040,4042
ABIMSU;2715,2930,3554,4038,4043
ABINNU;4046
ABINOS;2932,3862,4016,4051,4052,4053
ABINOT;2933,3220,3555,3863,3984,4017,4048,4049,4052
ABINQS;569
ABINRS;570,2717,3221,3865,4037,4054
ABINRY;3867,3980,4019
ABINSS;3561,3869,4051
ABINSU;3871,4038,4046,4053
ABINSV;
ABIOOS;3929
ABIORR;2935,4056,4057,4058
ABIORS;575,2936,3564,3931,4022,4057,4059,4060
ABIORT;576,2718,3932,4023,4049,4060,4061
ABIOST;3566,3933,4025,4052,4060
ABIRRS;3227,3571,4057
ABIRRY;4027
ABIRSS;3229,3575,4028,4041,4059
ABIRSU;3230,3985,4030,4043,4064
ABIRTU;4064
ABISST;3935,4066
ABISWZ;
ABIZZZ;4068
ABJJOO;4069
ABJKMO;4070
ABJLMU;4072
ABJMSU;4072
ABJNOS;3592
ABJOST;
ABJOWX;
ABJOZZ;4073
ABKLNS;
ABKLNY;4074
ABKLSU;583
ABKLSY;3938,4079,4080
ABKLTY;4080
ABKLUY;
ABKMOO;4081,4082
ABKMOT;2946,4083
ABKMUZ;2948,4084
ABKNOS;3880
ABKNRS;586,3610,4086
ABKNRU;2950,3611,4086,4087
ABKNRY;
ABKOOR;3614,4088
ABKORS;2953,4088
ABKRSU;2958,3940,4086
ABLLNO;4093,4094
ABLLOO;4093,4095
ABLLOT;4003,4098,4100,4103
ABLLOW;4091,4102
ABLLPU;4105
ABLLSY;598,4006
ABLMOO;4071,4109
ABLMOP;4110
ABLMOR;4111
ABLMOT;4109
ABLMOU;3886,4107,4108
ABLMPU;4114,4115
ABLMRU;601,4116
ABLMRY;2726,4014
ABLMSU;3637,4072,4114,4116
ABLMTY;4117,4118
ABLMWY;
ABLNOZ;4018,4120
ABLNSU;2969,3648,4123,4124
ABLNTU;3651,4121,4124,4125
ABLOOR;4126,4127,4128
ABLOOS;2727,4095,4126
ABLORS;3658,3891,4022,4111,4126,4130,4131,4132
ABLORU;3660,4099,4131,4134
ABLORW;3661,4132,4133,4134
ABLOST;2971,3663,4025,4100,4130,4135,4136,4137,4138
ABLOSX;4138
ABLOSY;4112
ABLOTT;3666,4136
ABLOTV;3667,4137
ABLPRU;608,3669,4141
ABLPYY;609,4129,4143
ABLRST;610,3675,4029,4130
ABLRSU;611,3895,4030,4116,4123,4131,4141
ABLRSW;3677,4132,4144
ABLRSY;3678,3943,4144
ABLRTU;613,3944,4145,4146
ABLRWY;4144
ABLSST;615,3684,4135
ABLSSY;616,4079
ABLSTT;3686,4136,4147
ABLSTY;3688,4080,4117
ABLSUY;3689,4142
ABLSWY;3690,4144
ABMMOS;3692,4148
ABMNOW;4149
ABMNSU;3698,3946,4038,4150,4151
ABMNTU;4150
ABMNUY;4151
ABMOOW;4153
ABMOOZ;4154
ABMOPT;4155,4156
ABMOSS;3701,4039
ABMOSZ;4154
ABMOTW;4159
ABMRSU;3947,4043,4116,4160,4161
ABMRTU;626,4157,4161
ABMRUY;3246
ABMSSY;628,3705
ABNNRY;
ABNNSU;4046
ABNOOT;4048,4162,4166
ABNORS;631,2978,3250,3711,3902,4163,4167,4168
ABNORT;3712,4049,4167,4169
ABNORY;4168,4169
ABNOSS;4051,4165,4170
ABNOST;632,3715,3950,4052,4166,4167
ABNOTY;3717,4122,4169,4171
ABNRRU;3721
ABNRST;3722,4054,4167,4172
ABNRSU;3255,3723,4086,4123,4172,4173
ABNRSW;
ABNRTU;3256,4172,4174
ABNRUU;4087,4173
ABNRUY;
ABNRWY;
ABNSTU;3729,3951,4124,4150,4172,4175
ABNSUY;4151
ABNTYZ;4176
ABOOST;3733,4166
ABOOSY;
ABOOSZ;4154
ABOPWY;4180
ABORRS;636,3260,3738,3954,4057,4181,4182
ABORRU;3907,3955,4181
ABORRW;2979,4182
ABORST;637,2735,3740,3908,3956,4060,4130,4167,4183,4184,4185,4186
ABORSV;3742
ABORSY;2982,3262,3744,4168,4186
ABORTU;3909,4089,4157,4184
ABORTW;4133,4178,4185
ABORTY;4169,4186
ABOSSS;
ABOSST;4135,4183
ABOSTU;4158,4184,4189
ABOSTW;4159,4185
ABOSUU;4187,4189
ABOSUY;
ABOSWW;4188
ABOUXY;
ABPRSU;3749,4141,4191,4192
ABPRTU;4191
ABPRUY;4192
ABPSSY;
ABPSTY;3958
ABQRSU;3754
ABQSSU;3755,3959
ABRRSU;642,3264,3757,4181,4193,4194
ABRSST;3764,4183
ABRSSU;2738,3265,3765,4160,4193
ABRSSY;
ABRSTU;2739,3266,3768,3960,4064,4161,4172,4184,4191,4196
ABRSTY;645,3772,4186
ABRTTY;3776,4065
ABSSTU;2985,3911,4090
ABSUWY;4197
ABSWYY;
ACCCIL;4199
ACCCLO;
ACCDEE;4200,4202,4203,4204
ACCDEH;4205,4206,4207,4208,4209
ACCDEK;4205,4214,4215,4216
ACCDEL;4206,4214
ACCDEN;4202,4207,4217,4218
ACCDII;654,4210
ACCDIM;
ACCDOR;4231,4232
ACCDSY;
ACCEHN;4207,4245,4247,4250,4251,4252,4253,4254,4255
ACCEHR;4251,4256,4259,4260
ACCEHS;4249,4252,4257,4259,4261
ACCEHT;4209,4253,4260,4261,4262,4263
ACCEIL;4243,4267,4268,4269,4270,4271
ACCEIP;4246,4265,4275,4276,4277
ACCEIS;2743,4270,4276,4279,4281
ACCEIT;4212,4238,4271,4280,4281,4282
ACCEKL;4214,4283,4284
ACCELN;4235,4247,4268,4292,4293
ACCELR;4283,4294,4296
ACCELS;4249,4270,4284,4293,4296,4297,4298
ACCEMS;
ACCEMU;4299
ACCENR;4236,4251,4300,4305
ACCENT;4253,4302,4304,4306
ACCEPT;4304,4311
ACCERS;662,4259,4279,4296,4305,4312,4314,4315,4316
ACCERU;4221,4315
ACCERW;4308,4316
ACCESS;4314,4317,4318
ACCESU;4222,4297,4315,4317
ACCGNO;4323
ACCHHI;4242,4324
ACCHIK;4326
ACCHIS;4324,4326,4327,4334
ACCHKS;669,4326,4337,4338
ACCHKU;4325,4337
ACCHKY;4336,4338
ACCHLS;4249
ACCHLT;4340
ACCHNO;4250,4328,4339,4341
ACCHNR;4251,4342,4343
ACCHNY;4255
ACCHOR;675,4256,4331,4345
ACCHOS;4257,4341,4346
ACCHOU;4333,4344,4346,4348
ACCHOY;4336,4348
ACCHRT;677,4260,4351
ACCHST;4261,4351
ACCHSU;4335,4337,4346,4352,4353
ACCHTT;4262
ACCHTU;4263,4340,4349
ACCHTY;2746
ACCIIN;4354,4355
ACCILO;4269,4360,4362,4364,4365,4366
ACCILT;4271,4370
ACCINO;4273,4328,4362,4375,4376,4377,4378,4379
ACCINS;683,4226,4378,4381,4382
ACCINT;4329,4355,4379
ACCINW;4381
ACCINY;4363,4382
ACCIOS;2751,4365,4378,4384,4386
ACCIOT;4227,4332,4372,4379,4385,4386
ACCIPR;4275,4383,4387
ACCIRR;4357,4388
ACCIRS;4279,4334,4358,4384,4388,4389
ACCIRT;687,4280,4385,4387,4389
ACCISW;4381
ACCITT;688,4282,4390
ACCITU;4391
ACCKLS;4284
ACCKRS;692,4358
ACCKRY;4393
ACCLOU;4399
ACCLOY;4230,4400
ACCMOP;4404,4405
ACCMOS;704,4404
ACCMOY;4401,4403
ACCNOO;4407,4408,4409,4410
ACCNOT;4302,4379,4411,4412,4413
ACCOOS;4410
ACCORS;4232,4384,4417
ACCOSS;4396,4417,4419
ACCOST;708,4386,4397,4411,4419
ACCOSY;4400
ACCRUY;
ACCSTU;4391,4420
ACCSUU;2757
ACCSUY;
ACDDEE;4200,4425,4426,4427,4428,4429
ACDDEG;
ACDDEI;4201,4421,4432,4433,4434,4435
ACDDEK;
ACDDEN;4433,4436
ACDDER;714,4427,4430,4438,4443
ACDDES;4428,4434,4439,4444
ACDDEU;2758,4423,4435,4440,4441,4443,4444
ACDDII;4450
ACDDIN;716,4433,4452
ACDDIS;4434,4446,4450,4452,4453,4455,4456
ACDDIT;4455
ACDDIY;4454,4456
ACDDTU;4460
ACDEEF;4425,4462,4463,4464,4465,4466
ACDEEN;4202,4463,4468,4477,4482,4486,4487,4488,4489
ACDEEP;4470,4490,4491
ACDEER;4203,4427,4464,4471,4473,4475,4478,4484,4486,4490,4492,4493,4494
ACDEES;4204,4428,4461,4465,4479,4487,4491,4492
ACDEEZ;
ACDEFF;4462,4497,4498
ACDEFH;4497,4500
ACDEFR;4464,4502,4504,4505,4506
ACDEFS;720,4465,4498,4505
ACDEGH;4510,4511,4512,4513
ACDEGL;4467,4507,4518,4519
ACDEGR;4508,4511,4515,4522,4523
ACDEGS;4509,4516,4523,4524
ACDEGT;4512,4524
ACDEHK;4205,4531,4532,4533,4534,4535
ACDEHO;4208,4546,4547,4548,4549
ACDEHR;722,4430,4471,4511,4529,4532,4537,4541,4544,4547,4551,4554,4555,4556
ACDEHS;4533,4538,4542,4548,4555,4557,4558,4559
ACDEHT;723,2761,4209,4472,4512,4526,4534,4539,4543,4545,4549,4552,4556,4558,4560,4561,4562
ACDEHW;4535,4561
ACDEIN;726,2764,4433,4501,4514,4527,4567,4575,4576,4577,4578,4579
ACDEIO;4211,4575,4580
ACDEIR;727,2766,4473,4502,4515,4529,4564,4568,4576,4581,4583,4584,4585
ACDEIS;728,4434,4516,4569,4577,4580,4582,4584,4586,4587,4588
ACDEIT;4212,4570,4572,4587,4589,4590
ACDEIV;4571,4573,4578,4588
ACDEJK;
ACDEKL;2767,4214,4503,4531,4594,4595,4596,4597,4598,4599
ACDEKP;
ACDEKR;2768,4216,4475,4504,4532,4601,4604,4606,4607,4608,4609
ACDEKS;4533,4597,4600,4602,4606,4610,4611
ACDEKT;4534,4598,4607,4610
ACDEKV;
ACDEKW;4535,4608,4611
ACDEKY;4609
ACDELL;729,4476,4565,4612
ACDELM;4566,4594,4613,4614,4615,4616
ACDELN;730,4436,4477,4518,4536,4567,4595,4617,4618,4619,4620,4621
ACDELO;2769,4437,4519,4591,4596,4617,4622,4623,4624,4625,4626
ACDELP;731,4614,4622,4627,4628
ACDELR;732,4438,4478,4537,4568,4618,4623,4630,4631,4632,4633,4634
ACDELS;733,4439,4479,4538,4569,4597,4612,4615,4619,4624,4628,4631,4635,4636,4637,4638
ACDELT;4480,4539,4570,4598,4620,4625,4632,4636,4639,4640
ACDELU;4440,4599,4616,4621,4629,4633,4637,4640
ACDELV;4481,4571,4626
ACDELW;4634,4638,4641
ACDELY;734
ACDEMM;4613,4642,4643
ACDEMO;4483,4645
ACDEMP;4540,4614,4646,4647
ACDEMU;4441,4616,4644
ACDENN;4648,4649,4650
ACDENO;4520,4575,4617,4651,4652,4653
ACDENP;4654,4655,4656,4657
ACDENR;736,4486,4544,4576,4601,4618,4651,4654,4658,4659,4660,4661
ACDENS;4217,4487,4577,4602,4619,4648,4652,4655,4658,4662,4663,4664
ACDENT;4488,4545,4620,4649,4653,4656,4659,4663,4665
ACDENY;4218,4579,4661
ACDEOP;4442,4546,4622,4667,4668
ACDEOT;4219,4549,4625,4653,4668,4671,4672,4673
ACDEOX;
ACDEPP;4550,4627,4675
ACDEPR;4490,4551,4581,4646,4654,4675,4676
ACDEPS;739,4491,4582,4628,4647,4655,4667,4676,4677
ACDERR;4554,4583,4630,4669,4679
ACDERS;740,2771,4492,4505,4523,4555,4584,4606,4631,4658,4670,4676,4679,4680,4681,4682,4683
ACDERT;2772,4493,4506,4556,4607,4632,4659,4671,4680,4684,4685
ACDERV;741,4682
ACDERY;742,4494,4609,4661,4683
ACDERZ;
ACDEST;4524,4558,4587,4610,4636,4663,4672,4680,4686,4687
ACDESU;2774,4222,4444,4637,4664,4677,4678,4681
ACDESY;4559,4683
ACDETT;4560,4589,4639,4673,4684,4686
ACDETV;744,4687
ACDEUX;745
ACDHIR;4529,4703,4705
ACDHMR;751,4541,4703,4707
ACDHOR;2776,4448,4547,4706,4710,4711,4712
ACDHOS;2777,4548,4712
ACDHRS;754,4555,4707,4712
ACDIIM;4694
ACDIIP;
ACDILL;4565,4725
ACDILP;4730,4733
ACDILS;4225,4569,4724,4727,4736
ACDILY;4735,4738
ACDIMO;4726,4740,4742,4743
ACDIMP;
ACDINO;4575,4697,4718,4728,4740,4744
ACDINR;4576,4698,4719,4745
ACDINS;758,2781,4226,4452,4577,4746,4747,4748
ACDINW;4747
ACDINY;4579,4741,4748
ACDIOR;761,4731,4749,4750,4751,4752
ACDIOS;4580,4720,4751,4753,4754
ACDIOT;4227,4691,4732,4743,4752,4753,4755
ACDIOZ;4754
ACDIPR;4581,4749,4757
ACDIPS;4582,4757,4758
ACDIRS;762,2782,4453,4584,4721,4751,4757,4761
ACDIRU;2784,4585,4745,4760,4762
ACDISS;4586,4758,4763
ACDIST;4455,4587,4736,4746,4753,4761,4763
ACDLNU;4621,4729
ACDLSS;4635
ACDLSU;4637
ACDLTU;4640
ACDLTY;4738,4776
ACDMPU;4769,4781
ACDMTU;4782
ACDNOR;4651,4773,4783,4784,4785
ACDORW;4789
ACDOST;4672,4753,4786,4787,4791
ACDRSY;4683
ACDSSU;
ACDSTU;2791,4460,4782,4792
ACEEFF;4462,4796,4797
ACEEFN;4463,4798,4799,4801,4802,4803
ACEEFR;4464,4796,4804,4805
ACEEFS;4465,4797,4802,4805
ACEEFT;4466
ACEEGN;4468,4807,4808,4809
ACEEGP;4811
ACEEHK;4817,4818
ACEEHL;4233,4469,4819,4820,4821
ACEEHN;4798,4825,4826,4827
ACEEHT;781,4472,4813,4815,4821,4824,4832,4835,4836,4837,4838
ACEEIP;4814,4839
ACEEJT;4474
ACEEJY;4846
ACEEKS;4818
ACEELL;4476,4848,4849
ACEELN;783,4235,4477,4848,4852,4853,4854,4855
ACEELR;4478,4819,4851,4852,4856,4858,4859,4860,4861,4862
ACEELV;4481,4855,4862,4865,4866
ACEEMN;4482,4801,4867,4868,4869,4870,4871
ACEEMR;784,2795,4484,4823,4851,4868,4872,4873,4874
ACEEMS;785,2796,4869,4873,4875,4876
ACEEMZ;4876
ACEENR;2797,4236,4486,4807,4841,4852,4868,4878,4881,4883,4884
ACEENS;2798,4487,4802,4808,4827,4853,4869,4883,4885,4886,4887
ACEENT;786,4488,4809,4854,4870,4879,4882,4884,4886,4888
ACEENV;4489,4855,4871,4887
ACEEOR;4828,4881,4889,4890
ACEEOT;4810,4882,4890,4892,4893
ACEEPR;4490,4804,4830,4856,4894,4895
ACEEPS;4491,4794,4811,4831,4895,4896,4897,4898
ACEERR;2799,4833,4843,4858,4872,4894,4900,4901
ACEERS;4492,4805,4834,4859,4873,4883,4889,4895,4900,4902,4903,4904
ACEERT;787,4237,4493,4835,4860,4874,4884,4890,4901,4903,4905
ACEESS;788,2801,4875,4885,4891,4896,4902,4907,4908
ACEESZ;4876
ACEFFT;4916
ACEFHR;4912,4920,4921,4922,4923
ACEFHS;4922,4924
ACEFHU;4500,4923,4924
ACEFIL;4925,4926,4927,4928,4929
ACEFIN;4501,4799,4913,4930,4931,4932,4933
ACEFIR;4502,4928,4931,4934
ACEFIS;791,2803,4914,4929,4932,4934
ACEFLS;4929,4941
ACEFLU;793,4239,4800,4918,4940,4941
ACEFLY;
ACEFPU;
ACEFRR;795,4939,4946,4948,4949,4950
ACEFRS;796,4505,4805,4922,4934,4948,4951
ACEFRU;4923,4940,4944,4950,4951,4952
ACEFSS;
ACEFST;4916,4953
ACEFSU;4924,4941,4951,4953
ACEFSY;
ACEFTU;4947,4952,4953
ACEGHN;798,4510,4956,4957,4958
ACEGHR;4511,4956,4961,4962,4963,4964
ACEGHS;799,4957,4962,4965,4966
ACEGHU;4513,4958,4959,4964,4966
ACEGIN;4240,4514,4968,4976,4977,4978,4979,4980,4981,4982
ACEGIR;2804,4515,4970,4974,4978,4984,4985,4986
ACEGIU;4985
ACEGLN;4518,4968,4994,4995,4996
ACEGLP;4969,4999
ACEGLS;803,4971,4996,4999
ACEGLY;
ACEGNU;4521,4958,5003
ACEGNY;4981
ACEGOS;2807,4241,5004,5006,5007
ACEGOW;4960,5007
ACEGRS;4523,4962,5004
ACEHHL;5012,5013
ACEHHT;4526,4813,5013,5015,5018,5019
ACEHIK;5020,5021
ACEHIL;4243,5022,5023,5024,5025
ACEHIM;4244,5023,5026,5027,5028,5029,5030
ACEHIN;808,4245,4527,5026,5031,5032,5033,5034,5035
ACEHIP;4246,4528,4814,5027,5037,5038,5039
ACEHIR;809,4529,5020,5024,5028,5032,5038,5040,5041,5042,5043
ACEHIS;2809,5021,5029,5033,5041,5044,5045
ACEHKL;2810,4531,5048,5049,5050
ACEHKR;4532,5020,5048,5054,5055,5056
ACEHKS;810,4533,4818,5021,5049,5054
ACEHLP;811,5058,5065,5068,5072,5073,5074
ACEHLS;4249,4538,4820,5012,5049,5059,5067,5070,5072,5075,5078,5079
ACEHLT;813,4539,4821,5013,5025,5050,5060,5061,5071,5073,5076,5079,5080
ACEHLV;
ACEHLY;5062,5074,5077
ACEHMN;5026,5051,5081,5082,5083,5084
ACEHMR;2814,4541,4823,4920,5028,5082,5085,5086,5087,5088,5089
ACEHMS;4542,5029,5083,5087,5090,5091
ACEHNP;815,4826,5065,5081,5097,5098
ACEHNR;816,2815,4251,4544,4956,5032,5066,5082,5095,5099,5100,5101
ACEHNS;4252,4827,4957,5014,5033,5067,5083,5098,5100,5102,5103,5104,5105
ACEHNU;4254,4958,5104,5107
ACEHOP;4546,5068,5097,5111,5112
ACEHOR;4256,4547,4828,4921,5069,5111,5113
ACEHPR;4551,4830,5038,5085,5111,5117,5118,5119,5120
ACEHPS;818,4831,5072,5098,5112,5116,5117,5121,5122
ACEHPT;4552,4832,5039,5073,5118,5122
ACEHPY;5074,5120
ACEHQU;5123
ACEHRR;4554,4833,4961,5040,5086,5099,5124,5125,5126,5127,5128
ACEHRS;2817,4259,4555,4834,4922,4962,5041,5054,5075,5087,5100,5113,5117,5124,5129,5130,5131,5132,5133,5134,5135
ACEHRT;820,2818,4260,4556,4835,4963,5015,5042,5076,5088,5101,5118,5125,5130,5136,5137,5138
ACEHRV;5043,5126,5132
ACEHRW;5055,5133,5137
ACEHRX;5017,5127,5134,5139
ACEHSS;4557,5044,5078,5090,5102,5114,5121,5129,5140,5141,5142
ACEHST;821,2819,4261,4558,4836,4965,5018,5045,5079,5091,5103,5122,5130,5141,5143,5144
ACEHSW;5133,5142,5143
ACEHTX;4838,5144
ACEIKR;4266,5020,5158,5161,5164,5165,5166
ACEILL;2824,4267,4565,4926,4967,5022,5170,5171,5172,5173
ACEILM;824,2825,4566,4927,5023,5148,5171,5174,5175,5176,5177,5178,5179
ACEILN;4268,4567,4968,5174,5180,5181,5182,5183,5184
ACEILP;4839,4969,5155,5181,5189,5190,5191,5192
ACEILR;2826,4568,4928,4970,5024,5175,5182,5185,5189,5193,5194,5195,5196,5197,5198
ACEILT;2827,4271,4570,4972,5025,5150,5157,5177,5187,5191,5195,5200,5203
ACEILU;5184,5192,5196
ACEILV;4571,5197,5201,5204
ACEILX;5173,5178,5202
ACEIMM;5205
ACEIMN;825,5026,5174,5206,5207,5208,5209,5210
ACEIMS;5029,5176,5205,5209,5217,5218,5219,5220
ACEIMT;4572,4840,4975,5030,5177,5210,5215,5218,5221
ACEIMU;826,5216,5219
ACEINN;4930,5031,5180,5222,5223,5224,5225,5226
ACEINO;4273,4575,4976,5206,5227,5228,5229
ACEINP;4977,5181,5207,5222,5227,5230,5231,5232
ACEINR;827,2829,4576,4841,4931,4978,5032,5182,5208,5223,5230,5233,5234,5235
ACEINS;4577,4932,4979,5033,5183,5209,5224,5228,5231,5234,5236,5237,5238,5239,5240
ACEINT;2830,5034,5159,5210,5225,5229,5232,5235,5237,5241,5242,5243,5244,5245,5246
ACEINU;4842,4933,5184,5238,5242
ACEINV;4274,4578,4980,5239,5243
ACEINX;5244
ACEIOZ;5188,5248
ACEIPR;4275,4581,5038,5161,5189,5213,5230,5254,5256,5257,5258
ACEIPS;4276,4582,5152,5190,5231,5257,5259,5260,5261
ACEIQU;828,4278,5263,5264,5265,5266
ACEIRR;4583,4843,5040,5193,5233,5256,5267,5268,5269,5270,5271
ACEIRS;2833,4279,4584,4934,5041,5164,5194,5234,5250,5257,5268,5272,5273,5274,5275
ACEIRU;4585,4985,5196,5216,5263,5273
ACEIRV;829,5043,5197,5274
ACEISS;2835,4586,5044,5167,5199,5217,5236,5277,5278,5279
ACEISV;4588,4844,5201,5239,5274,5279,5281,5282
ACEITT;2836,4282,4589,5169,5203,5241,5276,5280,5283,5284
ACEITV;4935,5153,5243,5262,5281,5283
ACEIVV;5282
ACEJKR;5289
ACEJKT;5288,5290
ACEJLO;4591,5291,5292
ACEJNT;5294,5297
ACEJNU;4592,5296,5297
ACEKLM;4594,5302
ACEKLN;2838,4595,5303,5304
ACEKLR;2840,4283,4937,4990,5048,5303,5305,5309,5310,5311
ACEKLS;4284,4597,5049,5156,5302,5304,5306,5309,5312,5313
ACEKLT;4598,4938,5050,5157,5307,5310,5312
ACEKLY;5313
ACEKMO;4285,4991,5315,5316
ACEKNO;5318
ACEKNR;2841,4601,5300,5303,5319,5320,5321,5322
ACEKNT;5159,5323
ACEKNU;4603,5324
ACEKNW;
ACEKPR;5161,5319,5327,5328
ACEKPT;5288,5307,5329
ACEKRR;4289,4939,5320,5325,5331,5332
ACEKRS;2843,4606,5054,5164,5289,5309,5317,5321,5328,5331,5333,5334,5335,5336,5337
ACEKRT;2844,4290,4607,5165,5310,5332,5334,5338,5339
ACEKRU;5311,5330,5335
ACEKRW;4608,5055,5166,5336
ACEKRY;4609,5056,5322,5337,5339
ACEKST;2845,4610,5168,5290,5312,5323,5329,5334,5340,5341,5342
ACEKSW;4611,5326,5336,5342,5343
ACEKTT;5169,5338,5341,5344
ACEKTY;5339,5344
ACELLO;4993,5345,5349,5350,5351
ACELLR;5349,5354,5355,5356
ACELLT;838,5060,5351,5357
ACELMN;839,5174,5359,5360
ACELMP;4614,4850,5364,5365
ACELMR;840,2851,4851,5175,5358,5361,5364,5366,5367
ACELMS;2852,4615,5176,5302,5360,5365,5366,5368,5369,5370,5371
ACELMT;5061,5177,5362,5369,5372
ACELMU;841,4616,5363,5370,5372
ACELMZ;5371
ACELNN;5063,5180,5373,5374,5375,5376
ACELNR;4618,4852,4995,5066,5182,5303,5378,5385,5386,5387,5388
ACELNS;843,4293,4619,4853,4996,5067,5183,5304,5360,5374,5379,5382,5385,5389,5390
ACELNT;844,4620,4854,5380,5383,5386,5389,5391,5392
ACELNU;845,4621,5184,5347,5375,5384,5387,5390
ACELOR;847,4294,4623,5069,5185,5291,5305,5349,5361,5378,5394,5399,5400,5401,5402
ACELOS;4624,5070,5186,5292,5350,5379,5395,5400,5403,5404,5405
ACELOT;4295,4625,4997,5071,5187,5351,5362,5380,5396,5401,5404,5406,5407,5408
ACELOV;848,2854,4626,5405,5409
ACELPR;849,4856,5189,5364,5394,5410,5412,5413,5414
ACELPS;850,2855,4628,4999,5072,5190,5306,5352,5365,5382,5395,5411,5412,5415,5416,5417,5418
ACELPT;851,4857,5073,5191,5307,5383,5396,5413,5416,5419
ACELPU;2856,5192,5384,5397,5417,5420
ACELQU;4629,5308,5398,5421,5422,5423
ACELRR;4630,4858,5193,5354,5399,5424,5425,5426
ACELRS;852,2858,4296,4631,4859,5075,5194,5309,5355,5366,5385,5400,5412,5424,5427,5428,5429,5430,5431
ACELRT;4632,4860,5076,5195,5310,5386,5401,5413,5428,5432,5433
ACELRU;2859,4633,4861,4940,5196,5311,5387,5421,5425,5429
ACELRV;853,4862,5197,5430
ACELRW;2860,4634,5426,5431
ACELSS;854,4635,5078,5199,5368,5403,5415,5427,5434,5435,5436,5437
ACELST;855,2861,4636,4863,5079,5200,5312,5357,5369,5389,5404,5416,5428,5435,5438,5439
ACELSU;856,2862,4297,4637,4864,4941,5370,5390,5417,5422,5429,5436,5438,5440,5441
ACELSV;4865,5201,5405,5430,5437
ACELSX;5202,5441,5442
ACELTT;858,4639,5080,5203,5391,5406,5432
ACELTU;4640,5372,5407,5438,5443
ACELTY;860,5392,5408,5419,5433,5439,5443,5444
ACELYY;
ACEMNO;5206,5359,5447,5448
ACEMNP;862,4867,5081,5207,5314,5449
ACEMNR;4868,5082,5208,5447,5450,5451
ACEMNU;4299,4644,5452
ACEMOP;5000,5453,5454
ACEMOR;4645,5211,5315,5361,5447,5453,5455,5456
ACEMOS;865,5316,5448,5454,5455,5457,5458,5459
ACEMOT;5362,5458
ACEMPR;866,4646,5085,5213,5364,5453,5460,5461,5462,5463
ACEMRS;868,2863,4873,5087,5317,5366,5446,5455,5461,5466,5467,5468
ACEMRT;4874,5088,5215,5450,5462,5467
ACEMRY;5367,5463,5468
ACEMSU;5219,5370,5452,5459,5469,5471,5472
ACEMTU;5372,5471
ACEMUX;5472
ACENNO;4942,5373,5473,5474,5475,5476,5477
ACENNR;4878,5095,5223,5478,5479
ACENNS;4648,5224,5374,5473,5478,5480,5481
ACENNU;4650,5375,5481
ACENOR;2866,4300,4651,4881,5001,5378,5447,5483,5486,5487
ACENOS;2867,4301,4652,5228,5293,5318,5379,5448,5473,5486,5488,5489,5490
ACENOT;4302,4653,4882,5002,5229,5294,5380,5474,5484,5487,5489,5491,5492
ACENPR;4654,5230,5319,5493,5494,5495
ACENPS;870,4655,5098,5231,5382,5449,5494,5496,5497,5498
ACENPT;4304,4656,5232,5383,5484,5496,5499,5500
ACENPU;4657,5384,5485,5495,5497
ACENPW;5498
ACENRS;4305,4658,4883,5100,5234,5321,5385,5478,5486,5494,5502,5503,5504,5505,5506,5507
ACENRT;871,4659,4884,4943,5101,5235,5386,5450,5487,5503,5508,5509,5510
ACENRV;5505
ACENRY;4661,5322,5388,5479,5501,5506,5510
ACENRZ;5507
ACENSS;872,4662,4885,5102,5236,5488,5502,5511,5512
ACENST;873,4306,4663,4886,5103,5237,5323,5389,5480,5489,5496,5503,5511,5513,5514
ACENSU;2871,4664,5003,5104,5238,5296,5324,5390,5452,5481,5497,5504,5512,5514,5515,5516
ACENTU;4665,4888,5107,5242,5297,5509,5514
ACENUV;4666,5516
ACEOPS;4667,5112,5395,5454,5520,5521,5522
ACEOPT;876,4668,5249,5396,5484,5521,5523
ACEOPW;5522
ACEORR;2873,4669,4946,5325,5399,5524,5525
ACEORS;877,2874,4670,4889,5004,5113,5250,5400,5455,5486,5524,5526,5527,5528,5529,5530
ACEORT;4671,4890,5251,5401,5487,5525,5527,5531,5532,5533
ACEORW;4308,5529
ACEORX;5519,5530,5533
ACEOST;4672,4892,5252,5404,5458,5489,5521,5527,5535,5536,5537
ACEOSX;5530
ACEOTT;4309,4673,5008,5406,5491,5535,5538
ACEOTU;4947,5407,5523,5531,5536,5539,5540
ACEOTV;4893,5492,5532,5537,5538
ACEPPR;4675,5254,5327,5410,5541,5542
ACEPRR;4894,5256,5460,5493,5541,5543
ACEPRS;4676,4895,5117,5257,5328,5412,5461,5494,5542,5543,5544,5545,5546
ACEPRT;878,5118,5258,5413,5462,5545,5547
ACEPRU;879,5119,5495,5546,5547
ACEPSS;881,4896,5121,5415,5520,5544,5548
ACEPST;4311,4897,5122,5259,5329,5416,5464,5496,5521,5545,5548,5549
ACEPSU;4677,5260,5417,5497,5546,5549
ACEPSY;5418,5465
ACEPTU;5298,5523,5547,5549
ACEQSU;4678,5264,5422,5551,5552
ACERRS;2877,4312,4679,4900,4948,5124,5268,5331,5424,5524,5543,5554,5555,5556,5557,5558
ACERRT;4313,4901,4949,5125,5269,5332,5525,5555,5559,5560,5561
ACERRU;4950,5425,5556,5560,5562
ACERRV;5126,5557,5562,5563
ACERRY;5128,5501,5553,5558,5561,5563
ACERSS;883,4314,4902,5129,5333,5427,5466,5502,5526,5544,5554,5564,5565,5566,5567
ACERST;884,4680,4903,5130,5272,5334,5428,5467,5503,5527,5545,5555,5564,5568,5569,5570
ACERSU;885,2878,4315,4681,4904,4951,5131,5273,5335,5429,5504,5528,5546,5556,5565,5569
ACERSV;4682,5132,5274,5430,5505,5557,5566
ACERSY;4683,5135,5337,5468,5506,5558,5567,5570
ACERSZ;886,5275,5507
ACERTU;888,4685,4952,5009,5509,5531,5547,5550,5560,5569,5572,5575,5576,5577
ACESST;4908,5141,5278,5340,5435,5511,5548,5564,5578,5579,5580
ACESSU;4317,5436,5469,5512,5534,5551,5565,5579,5581
ACESTT;4686,4909,5280,5341,5470,5513,5535,5568,5578,5582,5583
ACESTU;891,4953,5010,5438,5471,5514,5536,5549,5552,5569,5579,5582,5584
ACESTX;893,5144
ACESTY;5439,5570,5580,5583,5584
ACESUV;5145,5516
ACESUY;5581,5584
ACFFHS;5585
ACFFHU;5585
ACFFHY;
ACFFIN;4913,5589,5590
ACFFLS;5593
ACFFSS;5593
ACFFSY;
ACFGIN;5596,5597,5598
ACFHLN;5602
ACFHRT;5604,5605
ACFHST;5600
ACFHSU;4924,5585,5601
ACFIIN;5606,5607
ACFILS;897,4929,5615
ACFIMS;5618
ACFINN;4930,5608,5619,5620
ACFINR;4931,5597,5623,5624,5625
ACFINS;4932,5589,5598,5607,5619,5623
ACFIOS;5627
ACFIPY;5626,5628
ACFIRT;5591,5624
ACFISS;900,5615,5618,5627,5630
ACFIST;5600,5630
ACFKLS;5632
ACFKRS;
ACFLNO;5611,5634
ACFLNU;5602,5635
ACFLOT;5637
ACFLPU;5638
ACFLRU;906,4940,5631,5639,5640,5641
ACFMTU;5644
ACFNOR;
ACFNRS;5623
ACFNTU;5647,5648
ACFORT;5649,5650
ACFORX;
ACFRSS;
ACFRST;5649,5652
ACFRTY;5605,5650
ACGGHI;5653,5654
ACGGIN;4693,5653,5655
ACGGIO;5656
ACGGLY;
ACGGRY;5657
ACGHIN;2889,4321,5596,5653,5658,5660,5661,5662,5663
ACGHNS;912,4957,5661
ACGHNU;4958,5668
ACGHOT;5669
ACGHOU;4959,5670
ACGHRU;4964,5668,5671,5672
ACGHSW;5673
ACGHTU;5667
ACGIKN;2891,4322,4695,5658,5676,5677,5678,5679,5680,5681,5682,5683
ACGILL;913,4967,5684,5685
ACGILN;2892,4968,5674,5677,5684,5686,5688,5689,5690,5691,5692,5693,5694,5695,5696,5697
ACGILO;5685,5689,5698,5699
ACGILR;4970,5691,5700
ACGILS;915,4971,5692,5698,5700
ACGILY;5687,5697
ACGIMN;5686,5701,5702,5703,5704
ACGIMO;4973,5659,5702
ACGIMS;
ACGINN;4696,5688,5705,5706,5707,5708
ACGINO;4697,4976,5689,5702,5709,5710,5711,5712
ACGINP;4977,5678,5690,5703,5713,5714,5715
ACGINR;2893,4698,4978,5597,5655,5660,5679,5691,5706,5709,5714,5716,5717,5718,5719
ACGINS;4979,5598,5661,5680,5692,5707,5710,5715,5716,5720,5721,5722,5723,5724
ACGINT;916,5662,5681,5693,5708,5711,5717,5721,5725
ACGINV;4980,5682,5695,5718,5723,5726
ACGINW;5663,5696,5724
ACGIOR;5664,5709,5727
ACGIRS;917,5666,5700,5716,5728
ACGIRT;4984,5717,5727,5728
ACGLNS;4996,5692,5736,5737
ACGLNU;5694,5736
ACGLNY;5697,5735,5737
ACGLOU;922,4998,5738
ACGNOR;5001,5709,5734,5741,5743
ACGNOS;4323,5710,5743,5744,5745
ACGNOU;924,5745
ACGORS;5004,5743,5747
ACGORU;5005,5747,5748
ACGOST;5669
ACGOSU;5670,5738,5745,5747
ACGOWY;5749
ACGRSS;
ACGTTU;5011,5750
ACHHIN;
ACHHIS;4324,5751,5752
ACHHNU;
ACHHOO;
ACHHSW;
ACHHTT;5019,5757,5758
ACHIIS;5599,5760,5761,5763
ACHIJK;5765
ACHIKO;5767,5768
ACHIKS;4326,5021,5765,5768,5769,5771
ACHILM;5023,5777,5778
ACHILO;932,5772,5777,5779,5780
ACHILP;5773,5781
ACHILR;933,5024,5779,5782,5783
ACHILS;2897,5760,5774,5778,5780,5781,5782,5784,5785
ACHILT;934,5025,5775,5784
ACHIMR;935,4703,5028,5790
ACHIMS;936,4327,5029,5761,5778,5788,5790,5791,5792
ACHINP;5794,5796
ACHINR;5032,5660,5797,5798,5799
ACHINS;5033,5661,5796,5797,5800
ACHINT;937,4329,5034,5662,5762,5766,5800,5801
ACHIOR;4331,5664,5767,5779,5805
ACHIOS;5768,5780,5788,5803,5806
ACHIPS;939,5763,5781,5796,5803,5807,5808
ACHIPT;940,5039,5804,5808,5809,5810
ACHIQU;5811,5812
ACHIRS;941,4334,5041,5666,5751,5769,5782,5790,5797
ACHIRU;5798,5811,5814
ACHIST;5045,5600,5784,5792,5800,5806,5808,5817,5818
ACHISU;5601,5812
ACHITT;5818
ACHITY;943,5046,5815
ACHKKU;5819,5820
ACHKLS;5049,5821
ACHKLT;5050,5821
ACHKLY;
ACHKNS;946
ACHKOR;5767,5824
ACHKOS;5768,5823,5824,5825,5826
ACHKOW;5826
ACHKRS;948,5054,5769,5824,5828
ACHKRU;5819,5828
ACHKSS;5771,5825
ACHKST;5821,5829
ACHKSW;951,5826,5829
ACHKSY;4338
ACHKTU;2902
ACHKTW;5829
ACHKWY;
ACHLLO;5772,5830,5831,5832,5833
ACHLLY;
ACHLNO;4339,5064,5838,5839
ACHLNP;5065
ACHLNU;5602,5840,5841
ACHLOR;4706,5069,5779,5831,5842,5844,5845
ACHLOS;5070,5780,5832,5838,5844,5846
ACHLOT;5071,5753,5833,5843,5845,5847
ACHLRY;5077,5783
ACHLST;960,5079,5784,5821,5848
ACHLSU;961,5840
ACHMMY;
ACHMOR;5850,5853,5854,5855
ACHMOS;5788,5854,5856
ACHMPS;964
ACHMPY;
ACHMRS;4707,5087,5790,5854
ACHMSS;5090,5791,5858
ACHMST;965,5091,5792,5856
ACHMSU;5754,5858,5859
ACHMSY;966,5835
ACHNOR;2904,5850,5862,5863
ACHNOS;4341,5838,5860,5862,5864,5865,5866,5867
ACHNOT;5863,5865,5868
ACHNOU;968,5603,5851,5866,5869
ACHNOY;5795,5839,5861,5867,5868,5869,5870
ACHNPU;5872
ACHNRU;2905,4343,5668,5798,5852,5874
ACHNST;974,5103,5800,5865,5875,5876
ACHNTU;5107,5841,5875
ACHNTY;5108,5868,5873,5876
ACHOOS;5877,5878
ACHOOT;4709,5110,5878
ACHOPR;4710,5111,5842,5853,5879,5880,5881
ACHOPS;5112,5803,5823,5879,5882
ACHOPY;5881,5882
ACHORR;4345,4711,5883,5884
ACHORT;2907,5805,5845,5863,5880,5884,5885
ACHOSS;5114,5825,5864,5877
ACHOST;5669,5755,5806,5856,5865,5878,5885
ACHOSV;
ACHOSW;5826,5846
ACHOTW;4347
ACHOUV;
ACHPPU;5756,5887
ACHPPY;
ACHPRS;5117,5879,5888
ACHPTY;
ACHQTU;
ACHRRS;5124,5883
ACHRRY;5128
ACHRST;979,4351,5130,5885,5891,5892
ACHSST;5141,5817,5891,5894,5895
ACHSSU;4353,5858,5894,5896
ACHSSV;
ACHSSW;983,5142,5673,5896
ACHSTU;5875,5894,5897,5898
ACHSTW;5143,5829,5897
ACHSTY;5876,5892,5895,5898
ACHSUW;5859,5896,5897
ACHTTY;5758
ACHTUW;5897
ACHVVY;
ACIIIL;
ACIILS;2913,5149,5760,5903,5905,5911,5912,5913,5914
ACIILT;2914,5150,5908,5912,5915
ACIILV;5906,5907,5914
ACIIMN;2915,5916,5918
ACIINN;4717,5899,5921,5922
ACIINP;987,5925
ACIINS;5607,5905,5922,5923,5925
ACIINV;5906,5924
ACIIRT;4722,5930,5931,5932
ACIITV;989,5153
ACIJOT;5934
ACIKKS;
ACIKLN;5677,5937
ACIKMR;5158,5943
ACIKMU;5945
ACIKNO;
ACIKNP;5678,5946,5947,5948
ACIKNR;5679,5949
ACIKNT;995,5159,5681,5950,5951
ACIKOP;5160,5952
ACIKPS;2921,5947,5952,5955,5956
ACIKPX;5163
ACIKPZ;5956
ACIKSS;5167,5771,5955
ACILLN;997,5684,5901
ACILLP;5773
ACILLS;998,5172,5774,5959,5961
ACILLY;5936,5958,5960
ACILMS;1000,4727,5176,5778,5903,5959,5966,5968
ACILMX;5178
ACILMY;5179,5687,5967
ACILNO;2923,4362,4728,5611,5689,5962,5969,5972,5973,5974,5975,5976
ACILNP;1001,5181,5690,5977,5978
ACILNR;1002,5182,5691,5904,5972,5979
ACILNS;5183,5692,5905,5937,5973,5977,5979,5980,5981
ACILNT;1003,5693,5980,5982,5983
ACILNU;4729,5184,5694,5963,5970,5974,5981,5982,5984
ACILOR;4364,4731,5185,5779,5938,5972,5986,5987,5988
ACILOS;1004,4365,5186,5698,5780,5973,5987,5989,5990
ACILOT;4732,5187,5699,5965,5985,5990,5991,5992
ACILOX;1005,5992
ACILPS;1006,5190,5781,5966,5977,5994,5995
ACILPT;1007,5191,5908,5985,5993,5994,5996
ACILRT;4734,5195,5993,5998,6001,6002
ACILRU;4367,5196,5999,6001
ACILRY;4368,4735,5198,5614,5783,5910,5960,6000,6002,6003,6004
ACILSS;4369,5199,5615,5911,5961,5989,5997,6005,6006
ACILST;4370,4736,5200,5784,5912,5980,5990,5994,5998
ACILSU;4371,5913,5968,5981,5995,5999,6006,6007
ACILSV;5201,5914
ACIMNO;1012,4740,5206,5702,5787,5962,6010,6011,6012,6013
ACIMNR;5208,5918,6012,6015,6016,6017
ACIMNS;1013,5209,6013,6015
ACIMNT;5210,6016,6018
ACIMOO;4742,5941,6019
ACIMOS;5788,6013,6019,6021,6022,6023
ACIMOT;4372,4743,5919,5942,5965,6020,6022
ACIMOV;5212,6023
ACIMPS;5966,6026,6027
ACIMPT;6020,6024,6027
ACIMRS;5790,6015,6028,6029,6030,6031
ACIMRT;5215,6016,6024,6029
ACIMRY;6025,6030
ACIMST;2929,5218,5792,5920,6022,6027,6029,6032,6033
ACIMSU;2930,5219,5945,5968
ACINNT;1019,5225,5708,6034,6036,6038
ACINNY;5226,5620,5971,6037
ACINOR;1020,2931,4377,5709,5972,6012,6042,6043,6044,6045
ACINOS;2932,4378,5228,5710,5923,5973,6013,6043,6046,6047,6048,6049
ACINOT;2933,4379,5229,5621,5711,6034,6040,6044,6047,6050,6051
ACINOV;5622,5924,6045
ACINOX;5712
ACINOZ;5976,6035
ACINPS;5231,5715,5796,5925,5947,5977,6055,6056
ACINPT;1021,5232,6040,6052,6056
ACINRS;1022,5234,5623,5716,5797,5949,5979,6015,6043,6058,6059
ACINRT;1023,5235,5624,5717,6016,6044,6052,6058,6060,6061
ACINRU;4380,4745,5798,6017,6053,6059,6061
ACINRY;5625,6054
ACINST;1026,4746,5237,5721,5800,5950,5980,6036,6047,6056,6058,6062
ACINSU;5238,5722,5981,6048,6059,6062,6063
ACINSV;5239,5723,6063
ACINTT;5241,5725,5926,5951,6018,6050,6060
ACINTU;5242,5982,6038,6051,6057,6061,6062
ACINUV;5726,5802,5984,6063
ACIOPR;4383,4749,6064,6065
ACIOPT;1027,5249,5804,5985,6020,6040,6065,6066,6067,6068
ACIORS;2936,4384,4751,5250,5928,5953,5987,6043,6064,6069,6070
ACIORT;4385,4752,5251,5727,5805,6044,6065,6071
ACIOST;1029,4386,4753,5252,5806,5934,5990,6022,6047,6066,6072
ACIOSV;6023,6073
ACIOTZ;
ACIPRS;1031,4757,5257,6064,6074,6075
ACIPRY;5628,6025,6054,6075,6077
ACIPSS;4758,5955,6026,6055,6074,6078
ACIPTT;6067,6076,6079
ACIPTY;4759,5996,6068,6080
ACIQSU;5264,5812,6082
ACIQTU;1033,5265,6057,6081,6082
ACIRRS;4388,5268,6069,6083,6084,6085
ACIRRT;5269,5813,6084
ACIRRU;6085
ACIRSS;1034,5997,6028,6074,6083,6086,6087
ACIRST;1035,2939,4389,4761,5272,5728,5931,5957,5998,6029,6058,6084,6086,6088,6089,6090,6091,6092
ACIRSU;5273,5999,6059,6070,6085,6087,6089
ACIRSV;1036,5274
ACIRTT;5276,5932,6060,6071,6076,6088
ACIRTU;4762,5814,6001,6061,6081,6089,6093
ACIRVY;6003,6077
ACISSS;1037,2941,5277,5816,6005
ACISTT;1039,4390,5280,5818,6033,6079,6088,6094,6096
ACITUY;6080,6093,6098
ACITVY;6098
ACJKOP;5287,6102,6103
ACJKSY;6099
ACKKNS;
ACKKNY;
ACKKSY;6099
ACKLNS;5304,5937
ACKLNY;6114
ACKLOP;4766,6108,6116
ACKLOS;6116,6120
ACKLPS;1046,5306,6116
ACKLPY;
ACKLSS;6120
ACKLSU;5632
ACKLTY;5939
ACKMSS;
ACKMSU;5945
ACKNOW;6126,6127
ACKNPR;5319,6128
ACKNPU;6129
ACKNRS;1050,5321,5949,6128
ACKNRY;5322,6114
ACKNSS;
ACKNST;5323,5950,6131
ACKNSY;
ACKNTU;2952,6130,6131
ACKOPY;6133
ACKORS;2953,5824,5953
ACKORY;2954,6119
ACKOSW;2955,5326,5826,6127,6135
ACKPRS;5328,6128
ACKPSY;6133,6137
ACKQSU;
ACKQUY;
ACKRST;5334,5957
ACKRSW;5336
ACKSST;5340
ACKSSW;
ACLLMY;5346
ACLLNO;
ACLLOO;1060,5830,6140,6141
ACLLOP;6108,6142
ACLLOR;1061,4771,5349,5831,6140,6143,6144
ACLLOS;2961,5350,5832,6141,6142,6143,6145,6146
ACLLOW;6146
ACLLSS;5961
ACLLSU;1062,6145,6150
ACLLSY;6110,6150
ACLLUY;4772,6150
ACLMMY;
ACLMOP;5834,5964,6154
ACLMOR;5361,6112,6155,6156
ACLMOS;6154,6155,6157
ACLMPS;5365,5966,6154
ACLMPY;5967
ACLMSU;1068,5370,5968,6157,6158,6159,6160
ACLMTU;5372,6158
ACLMUU;2966,6159
ACLNOT;4774,5380,6163,6167
ACLNOX;6168
ACLNUV;5984,6169,6173
ACLNUY;6153
ACLOOZ;6177
ACLOPS;5395,6116,6142,6154,6180,6181
ACLOPU;5397,6179,6180
ACLORR;5399,5986,6183
ACLORS;5400,5844,5987,6143,6155,6183,6184,6185
ACLORT;1079,5401,5845,6176,6178,6184,6186
ACLORU;6104,6144,6156,6165,6179,6185,6187
ACLORY;5402,6119,6186,6188
ACLOST;1081,2971,5404,5637,5990,6167,6184,6189,6190,6191
ACLOSU;4399,5738,6145,6157,6180,6185,6190
ACLOSV;5405
ACLOSW;5846,6146,6191
ACLOSZ;6177
ACLOTW;6191
ACLPSS;1086,5415
ACLPST;5416,5848,5994
ACLPSU;1087,5417,5638,5995,6170,6180
ACLPUU;5420,6193
ACLRRU;5425
ACLRST;1090,5428,5998,6184,6196,6197
ACLRSU;5429,5639,5999,6185,6196
ACLRSW;5431,6194,6198
ACLRSY;6000,6195,6197,6198
ACLRTU;5640,6001,6171,6196
ACLRTY;1091,5433,6002,6186,6192,6197
ACLRWY;6198
ACLSST;5435,6189,6199
ACLSSY;6195
ACLSTU;1095,5438,6158,6190,6196,6199
ACLSUV;1096,6173
ACMMOS;
ACMNNO;
ACMNOR;1099,5447,5850,6012,6200,6202,6203
ACMNOS;5448,6013,6122,6202,6204,6205
ACMNOT;6205
ACMNOW;
ACMNPU;6014,6152
ACMNSU;5452,6206
ACMOPS;2974,4404,5454,6154,6209,6210
ACMORR;1102,6212
ACMORS;1103,2975,5455,5854,6155,6202,6212,6213
ACMORT;1104,6208,6213,6214
ACMOST;2976,5458,5856,6022,6124,6205,6207,6210,6213,6215,6217,6218
ACMOSU;5459,6157,6216,6218
ACMOTT;6125,6217
ACMOTU;6211,6218
ACMPRS;5461
ACMPRY;5463,6025
ACMPSS;6026,6209,6219
ACMPSU;4781
ACMPSY;5465,6219
ACMPTU;5857,6211
ACMRSS;1107,2977,5466,6028,6221,6222
ACMRSU;6221
ACMRSW;6222
ACMRSY;5468,6030
ACMSSU;5469,5858,6216,6221,6223
ACMSTU;4782,5471,5644,6158,6206,6218,6223,6224
ACMTUU;6220,6224
ACMUUV;6225
ACNNNO;6226
ACNNOS;5473,5860,6226,6229,6230
ACNNOT;5474,5645,6034,6229
ACNNOY;5476,6228,6230
ACNNRY;5479,6228,6231
ACNOOP;4408,6232
ACNOOR;4409,4783,5483,6162,6233,6234
ACNOPS;6232,6235
ACNOPY;6201
ACNORR;6042,6236,6237,6238
ACNORS;2978,4784,5486,5743,5862,6043,6202,6233,6236,6239,6240,6241
ACNORT;5487,5863,6044,6234,6239,6242,6243
ACNORU;4785,6165,6237,6240,6243
ACNORY;6203,6228,6238,6241
ACNOSS;5488,5744,5864,6046,6166,6204,6244
ACNOST;1110,4411,5489,5865,6047,6167,6205,6229,6239,6245,6246,6247
ACNOSW;6127,6235,6247
ACNOSX;6168
ACNOSZ;6244
ACNOTT;4412,5491,6050,6242,6245
ACNOTU;4413,6051,6243,6246
ACNPSU;5497,6129,6170
ACNPTU;
ACNRRU;6237,6249,6250
ACNRSS;5502
ACNRST;1114,5503,6058,6239,6251
ACNRTU;1115,5509,5647,6061,6130,6171,6243,6250,6251,6254
ACNRXY;
ACNSST;5511,6256
ACNSTU;1118,5514,5648,5875,6062,6131,6206,6246,6251,6256
ACNSTY;5876,6172
ACOOTV;6262
ACOPPR;1119,6263,6264
ACOPRS;5879,6064,6264,6266
ACOPRT;5880,6065,6178,6208,6258,6265,6266
ACOPSS;5520,6209
ACOPST;4786,5521,6066,6210,6266,6267,6268
ACOPSY;5882,6133,6181
ACOPTW;6268
ACORRT;5525,5884,6134,6265,6269,6270,6271,6272
ACORSS;2980,4417,5526,6273,6274,6275
ACORST;1120,4787,5527,5649,5885,6184,6213,6239,6266,6269,6273,6276,6277,6278,6279,6280
ACORSU;4788,5528,5747,5886,6070,6185,6240,6274,6277,6281
ACORSW;4789,5529,6275
ACORSY;2982,6241,6280,6282
ACORTT;6071,6242,6270,6276
ACORTU;1121,4418,5531,6243,6261,6271,6277,6283
ACORTV;5532,6278
ACORTX;5533,6279
ACORVY;
ACORYZ;6188,6282
ACOSST;4419,6072,6189,6215,6273
ACOSTT;5535,6217,6245,6276,6285
ACOSTU;5536,6190,6218,6246,6267,6277,6285
ACOSUY;
ACOSZZ;6284
ACOTTU;6285
ACPPRY;6287
ACPPSU;5887
ACPRSS;1123,5544,5888,6074,6288
ACPRSU;5546
ACPRSW;6288
ACPSSU;6289
ACPSTU;5549,6138,6267,6289,6290
ACRRSY;5558
ACRRTU;5560,5651,5890,6250,6271,6291
ACRSST;5564,5891,6086,6273,6292
ACRSSU;5565,6087,6221,6274,6292
ACRSSW;2984,6194,6222,6275,6288
ACRSSY;5567,6195
ACRSTT;5568,6088,6276,6293
ACRSTU;4420,4792,5569,5652,6089,6196,6251,6277,6291,6292,6293
ACRSUY;6252
ACSSTT;5578,6094
ACSSTU;2985,5579,5894,6095,6199,6223,6256,6289,6292
ACSTTY;5583
ADDDDE;6294
ADDDEE;6296,6297
ADDDEG;6299
ADDDEL;2986,4422,6294,6298,6299,6300,6303,6304,6305,6306,6307,6308
ADDDEM;
ADDDEN;1133,6296,6303,6309,6310,6311
ADDDEO;6309
ADDDEP;6304
ADDDER;2987,6297,6305
ADDDES;6301,6306,6310
ADDDEU;4423,6311,6312
ADDDEW;6302,6307
ADDDOO;6315
ADDEEH;2989,6320,6321,6322,6323
ADDEEI;6324,6325
ADDEEL;4426,6320,6328,6329,6330,6331,6332,6333
ADDEEM;6316,6318,6328,6334,6335,6336
ADDEEN;6296,6321,6326,6329,6334,6337,6338,6339,6340
ADDEER;2991,4427,6297,6319,6322,6324,6327,6335,6337,6342,6343,6344,6345
ADDEEV;6339,6347
ADDEEW;6347,6348
ADDEFF;
ADDEFG;
ADDEFL;6298,6351,6352
ADDEFN;6349,6353
ADDEFR;6350,6354,6355,6356
ADDEGG;6357,6358
ADDEGN;6361,6363
ADDEGO;6359
ADDEGR;6319,6358,6364,6365,6366
ADDEGU;6362,6366
ADDEHI;6367,6368
ADDEHK;6369
ADDEHL;6320,6370,6371
ADDEHN;6321,6349,6370
ADDEHS;6323,6368,6369,6371,6373,6374
ADDEIL;1136,2995,4432,6300,6360,6378,6379,6380,6381,6382
ADDEIM;6376,6383,6384,6385
ADDEIN;2996,4433,6361,6386,6387,6388,6389,6390,6391,6392
ADDEIR;2997,6324,6350,6367,6380,6383,6388,6393,6397,6398
ADDEIS;2998,4434,6301,6368,6377,6381,6384,6389,6396,6399,6400,6401,6402,6403
ADDEIT;6325,6382,6390,6394,6398,6400,6404
ADDEIW;6302,6402
ADDEKR;6327,6408
ADDELL;6378,6409
ADDELN;2999,4436,6303,6329,6363,6370,6411,6412,6413,6414
ADDELO;4437
ADDELP;6304,6330,6379,6415,6416,6417
ADDELR;3000,4438,6305,6364,6380,6408,6411,6416,6418,6419,6420,6421
ADDELS;4439,6306,6331,6351,6371,6381,6412,6417,6418,6422,6423,6424
ADDELU;3001,4440,6409,6413
ADDELW;6307,6410,6414,6420,6424,6425
ADDELY;6308,6333,6352,6405,6421,6426,6427
ADDEMM;1137,6429,6430
ADDEMN;1138,6334,6431,6432
ADDEMP;6433
ADDEMR;6335,6383,6429,6434,6435
ADDENR;3002,6337,6388,6411,6438,6442,6443,6444
ADDENS;6310,6338,6389,6412,6431,6442,6445,6446,6447
ADDENT;6390,6439,6443,6448
ADDENU;6311,6353,6391,6406,6413,6432,6440,6441,6444,6446,6448
ADDENW;6414
ADDEOR;1140,3003,6372,6393,6438,6450
ADDEOS;6450,6451
ADDEOT;6341,6394,6439,6449
ADDEOW;
ADDEPP;6415,6452
ADDEPR;1141,6416,6452,6453
ADDEPS;6396,6417,6453,6454
ADDERR;6342,6397
ADDERS;1143,6343,6365,6373,6418,6434,6442,6450,6453,6456,6457,6458,6459
ADDERT;6344,6354,6398,6419,6443,6457,6460
ADDERU;4443,6355,6366,6407,6444
ADDERW;1144,3005,6356,6420,6458
ADDERY;6345,6421,6435,6459
ADDETU;6404,6448,6455,6462
ADDETW;6425
ADDGIN;6313,6361,6467,6468,6470,6471,6472,6473,6474,6475,6476,6477
ADDGIO;6472,6478
ADDGIP;6473,6479
ADDGIS;6475,6478
ADDGIY;6479
ADDGMO;6481,6482
ADDGMU;
ADDGOO;6483,6484
ADDHIS;3008,4446,6368,6463,6486,6487,6488,6490
ADDHOO;6492,6493
ADDHOS;6493
ADDHSU;3009,6495,6496
ADDIKZ;4451,6501,6503
ADDIMR;6383,6509,6510
ADDIMS;1152,6384,6464,6488,6505,6510,6511,6512
ADDIMY;6512
ADDIOS;6478,6507
ADDITZ;6503,6517,6519
ADDLWY;6523
ADDMNO;6481,6508,6524
ADDMOO;6525
ADDOOR;6527
ADDORS;6450,6527,6529
ADDORT;6529
ADDOSS;6451
ADDOTU;6530
ADDRSY;6459
ADDSWY;
ADEEFL;3015,6543,6544,6545,6546
ADEEFM;6318,6547,6548
ADEEFN;4463,6543,6549
ADEEFR;1161,4464,6541,6542,6544,6547,6550,6551,6552
ADEEFS;4465,6540,6545,6548,6549,6553
ADEEFT;4466,6546,6551,6553
ADEEFZ;
ADEEGG;6554,6555,6556
ADEEGL;3016,4467,6555,6557,6558,6559,6560,6561,6562,6563,6564
ADEEGM;6558,6565,6566
ADEEGR;3017,6319,6560,6567,6571,6572,6573,6574,6575,6576
ADEEHJ;6580
ADEEHL;4469,6320,6581,6582,6583
ADEEHP;4470,6589
ADEEHR;4471,6322,6579,6581,6589,6590,6591,6592,6593,6594
ADEEHT;3021,4472,6587,6592,6596
ADEEHV;3022,6588,6593,6597
ADEEHX;6583,6594,6598
ADEEIL;6601,6602,6603,6604,6605
ADEEIM;6601,6606,6607
ADEEIN;6602,6606,6608,6609
ADEEIR;3024,4473,6324,6541,6579,6603,6610,6611,6612
ADEEIS;6604,6609,6611,6613,6614,6615
ADEEIT;6325,6600,6607,6614,6616,6617
ADEEIW;6612
ADEEJN;
ADEEJY;6618
ADEEKL;3027
ADEEKP;6619
ADEEKR;3028,4475,6327,6542,6620,6623,6624
ADEELM;3031,6328,6558,6601,6630,6631,6632,6633,6634,6635,6636,6637
ADEELN;3032,4477,6329,6543,6559,6602,6631,6638,6639,6640,6641
ADEELO;6642
ADEELP;6330,6627,6632,6638,6643,6644,6645
ADEELR;3033,4478,6544,6560,6581,6603,6633,6639,6643,6647,6648,6649,6650,6651,6652
ADEELS;3034,4479,6331,6533,6545,6582,6604,6628,6634,6640,6642,6644,6647,6653,6654,6655,6656
ADEELT;1163,3035,4480,6332,6546,6561,6635,6641,6645,6648,6653,6657,6658,6659,6660
ADEELV;4481,6534,6563,6649,6654,6658,6661
ADEELY;3036,6333,6605,6629,6637,6652,6662
ADEEMN;3037,4482,6334,6535,6565,6584,6606,6631,6663,6664,6665,6666
ADEEMO;4483,6667
ADEEMR;3038,4484,6335,6547,6633,6663,6668,6669,6670,6671
ADEEMS;3039,6336,6548,6566,6634,6664,6667,6670,6672,6673,6674
ADEEMT;1165,3040,6607,6635,6665,6671,6672,6675
ADEENN;6585,6608,6677,6678,6679
ADEENP;6619,6638,6680
ADEENR;1166,4486,6337,6567,6620,6639,6663,6681,6682,6683,6684
ADEENS;4487,6338,6549,6586,6609,6621,6640,6664,6677,6680,6681,6685,6686,6687
ADEENT;4488,6568,6587,6641,6665,6678,6685,6688
ADEENV;4489,6339,6569,6588,6683,6686
ADEENW;6622,6687
ADEENY;6340,6666,6684
ADEEPR;3043,4490,6550,6571,6589,6643,6668,6692,6693,6694,6695
ADEEPS;4491,6644,6680,6693,6696
ADEEPT;6645,6689,6694,6697,6698
ADEEPV;6695
ADEEPZ;
ADEERR;3044,6342,6536,6572,6590,6610,6669,6701,6702,6703,6704,6705
ADEERS;3045,4492,6343,6573,6591,6611,6623,6647,6670,6681,6690,6693,6702,6706,6707,6708,6709,6710
ADEERT;1167,3046,4493,6344,6551,6592,6648,6671,6694,6703,6707,6711,6712,6713,6714
ADEERV;6575,6593,6649,6683,6695,6704,6708,6712,6715
ADEERW;1168,3047,6552,6576,6612,6624,6650,6691,6705,6709,6713,6715,6716
ADEERX;6537,6594,6651,6710,6714,6716
ADEERZ;
ADEESS;3049,6577,6595,6613,6696,6706,6717,6718,6719
ADEEST;3050,6346,6553,6596,6614,6653,6672,6685,6707,6717,6720,6721,6722,6723
ADEESV;6597,6615,6654,6686,6708,6724
ADEESX;6598,6710,6718,6725
ADEESZ;3051,6656
ADEETT;3052,6657,6688,6697,6711,6720
ADEETZ;6660
ADEEVW;6347,6715
ADEFFF;6728
ADEFFG;6729
ADEFFI;6730,6731,6732,6733,6734
ADEFFN;6730,6739
ADEFFW;6738,6742
ADEFFY;6739
ADEFGG;6743,6744
ADEFGN;6745,6746
ADEFGR;1171,6729,6744,6747,6750,6751
ADEFGS;6746,6750
ADEFHL;6754,6755
ADEFHS;6540,6752,6754,6757
ADEFHT;1172,6753,6757
ADEFIK;6758
ADEFIL;6758,6759,6760
ADEFIN;4501,6730,6761,6763,6764,6765,6766
ADEFIR;4502,6350,6541,6732,6764,6767
ADEFIT;6753,6766,6768,6769
ADEFIW;
ADEFKL;4503,6758,6770
ADEFKN;6770,6771,6772
ADEFLM;6735,6775
ADEFLN;6543,6745,6770,6773,6776
ADEFLO;6736,6777,6778
ADEFLR;6544,6737,6777,6780,6781
ADEFLS;6351,6545,6754,6760,6780
ADEFLU;1174,3056,6755,6781,6783
ADEFLW;6738,6774
ADEFLY;6352
ADEFMO;6785
ADEFMR;6547
ADEFMT;
ADEFMY;
ADEFNN;6763,6776
ADEFNR;6764,6771,6786
ADEFNU;6353,6772,6784,6787,6788
ADEFNW;
ADEFNY;6739
ADEFOR;3057,6747,6777,6790,6791,6792
ADEFPR;6550,6794,6795
ADEFRR;6795,6796,6797
ADEFRS;4505,6750,6767,6780,6786,6790,6798,6799,6800,6801
ADEFRT;4506,6354,6551,6751,6796,6798
ADEFRU;6355,6781,6799,6802
ADEFRY;6792,6801,6802
ADEFST;3060,6553,6741,6757,6768,6798,6803
ADEFTT;6782,6803
ADEFTU;6783,6793
ADEFTW;1176
ADEGGG;6804
ADEGGH;6554,6805,6806
ADEGGI;6807,6808,6809
ADEGGJ;
ADEGGL;3061,4507,6357,6555,6743,6804,6805,6810,6811,6812,6813
ADEGGM;6814
ADEGGN;6556,6810,6815
ADEGGR;1177,3062,4508,6358,6744,6807,6811,6818,6819,6820
ADEGGS;4509,6806,6808,6812,6815,6817,6819,6821,6822
ADEGGT;6821,6823
ADEGGU;6809
ADEGGV;
ADEGGW;6813,6822
ADEGGZ;
ADEGHI;3063,6824,6825,6826
ADEGHN;4510,6824,6830,6831,6832
ADEGHS;6806,6826,6831,6835
ADEGIM;6844,6845
ADEGIN;3066,4514,6361,6824,6838,6846,6847,6848,6849,6850,6851,6852
ADEGIT;6842,6853,6855,6858
ADEGJS;
ADEGKW;
ADEGLL;6557,6837,6864
ADEGLN;3069,4518,6363,6559,6745,6810,6838,6863,6866,6869,6870,6871,6872,6873,6874,6875
ADEGLO;4519,6839,6870,6876,6877
ADEGLR;3070,6364,6560,6811,6840,6867,6871,6879,6880,6881
ADEGLS;1179,3071,6812,6841,6872,6879,6882
ADEGLY;6881,6883
ADEGLZ;6564
ADEGMM;6865
ADEGMN;1180,6565,6866,6884,6885
ADEGMS;1182,6566,6845,6884
ADEGMU;6868,6885,6887
ADEGNN;6846,6869,6888,6889,6890
ADEGNP;6830,6891,6897,6898,6899
ADEGNR;6567,6847,6871,6889,6892,6897,6900,6901,6902,6903,6904
ADEGNT;6568,6873,6894,6902,6905,6907,6908
ADEGNU;4521,6874,6885,6890,6899,6903,6906,6907,6909,6910
ADEGNW;6832,6850,6875,6896,6904,6908,6909
ADEGOR;4522,6747,6833,6892,6911,6912,6913
ADEGOS;3073,6893,6911,6914,6915
ADEGOT;1184,6570,6748,6853,6877,6894,6912,6915,6916
ADEGPP;
ADEGPR;6571,6834,6897,6918,6919
ADEGPS;6817,6898,6918
ADEGPU;6878,6899,6919,6920
ADEGPW;
ADEGRR;6572,6818,6900,6921,6922
ADEGRS;3074,4523,6365,6573,6750,6819,6854,6879,6901,6911,6918,6921,6923,6924,6925
ADEGRT;1185,6751,6855,6902,6912,6924,6926
ADEGRU;6366,6574,6856,6880,6887,6903,6919,6922,6925,6927,6928
ADEGRV;1186,6575
ADEGRY;1187,6820,6881,6926,6928,6929
ADEGRZ;6857,6929
ADEGSS;6577,6882,6914,6923,6930
ADEGST;1188,4524,6821,6835,6858,6905,6915,6924
ADEGSW;6822
ADEGUV;6861
ADEHHK;6931
ADEHHS;6578,6931,6934,6935
ADEHIJ;6936
ADEHIL;3075,6939,6940,6941,6942
ADEHIN;4527,6824,6939,6945,6946
ADEHIR;1190,4529,6367,6579,6825,6944,6946,6948,6951,6952,6953,6954,6955
ADEHIS;6368,6752,6826,6936,6937,6941,6949,6952,6956
ADEHIZ;6956
ADEHJS;6580,6936
ADEHKN;6957,6958
ADEHKR;4532,6959,6961
ADEHKS;1192,4533,6369,6931,6937,6957,6961
ADEHKW;4535
ADEHLM;3077,6964
ADEHLN;4536,6370,6939,6965,6966
ADEHLO;6962,6967,6968
ADEHLR;3078,4537,6581,6965,6969,6971
ADEHLS;3079,4538,6371,6582,6754,6941,6964,6966,6967,6970,6971,6972,6973,6974,6975
ADEHLT;4539,6968,6973,6976
ADEHLU;6755,6828,6974
ADEHLV;
ADEHLW;6975
ADEHMM;6977,6978
ADEHMR;4541,6944,6979,6981,6982,6983
ADEHMS;1194,4542,6964,6977,6983,6984
ADEHMW;6978
ADEHNP;6830,6945,6985
ADEHNR;4544,6946,6965,6979,6986,6987
ADEHNS;6586,6831,6957,6966,6985,6986,6988,6989,6990
ADEHNT;4545,6587,6958,6989,6991
ADEHNU;3080,6987,6990,6991
ADEHOR;4547,6372,6833,6959,6981,6995
ADEHOX;6994,6997
ADEHPP;4550,6947,6999
ADEHPR;4551,6589,6834,6948,6969,6982,7000
ADEHPS;1196,6949,6970,6985,7000,7001,7002
ADEHPT;4552,6950,6993,7001
ADEHRR;4554,6590,6951,6995,7004
ADEHRS;3082,4555,6373,6591,6934,6952,6961,6971,6983,6986,7000,7005,7006,7007
ADEHRT;3083,4556,6592,6953,7006,7008,7009
ADEHRY;6955,7007,7009
ADEHSS;4557,6595,6935,6972,6984,6988,7005,7010,7011
ADEHST;4558,6374,6596,6757,6835,6973,6989,6996,7001,7006,7010,7012
ADEHSU;3084,6974,6990,7003
ADEHSV;6597
ADEHSW;6975,7002,7011,7012
ADEHSX;6598,6997
ADEHTT;4560
ADEHTW;4561,6998,7008,7012
ADEHTY;4562,6976,7009
ADEHYY;7013
ADEIJL;
ADEIKL;6758,7028,7029,7030
ADEIKP;
ADEIKR;7032,7033
ADEILL;4565,6378,6759,6837,7034,7035,7036,7037,7038,7039,7040,7041
ADEILM;4566,6601,7042,7043,7044,7045,7046
ADEILN;4567,6602,6838,6939,7028,7047,7048,7049,7050,7051,7052
ADEILO;6839,7043,7053,7054,7055,7056,7057
ADEILP;3087,6379,6940,7035,7044,7048,7053,7058,7059,7060,7061
ADEILR;1201,3088,4568,6380,6603,6840,7015,7036,7054,7059,7063,7064,7065,7066,7067,7068
ADEILS;1202,3089,4569,6381,6604,6760,6841,6941,7016,7029,7037,7045,7049,7055,7060,7064,7069,7070,7071,7072,7073
ADEILT;3090,4570,6382,6842,7038,7061,7065,7070
ADEILU;3091,7039,7046,7050,7056,7062,7066,7071,7074
ADEILV;1203,4571,6843,7040,7051,7067,7072
ADEILW;
ADEILY;3092,6605,6942,7030,7041,7068,7073,7075
ADEILZ;7057,7074,7075
ADEIMM;7042,7076,7077,7078
ADEIMN;6606,6761,7017,7079,7080,7081,7082,7083
ADEIMR;1204,3094,6383,6944,7026,7076,7080,7086,7088,7089,7090,7091
ADEIMS;1205,3095,6384,6762,6845,7045,7077,7081,7089,7092,7093,7094
ADEIMV;4573,7087,7093
ADEINN;6608,6763,6846,7027,7047,7097,7098,7099
ADEINP;6387,6945,7048,7105,7106,7107
ADEINR;1206,3096,4576,6388,6764,6847,6946,7018,7080,7098,7100,7105,7108,7109,7110,7111,7112
ADEINS;1207,3097,4577,6389,6609,6765,6848,7031,7049,7081,7099,7101,7106,7109,7113,7114,7115,7116
ADEINT;6390,6766,7019,7082,7107,7110,7114,7117,7118,7119
ADEINV;3098,4578,6392,6849,7051,7102,7112,7115,7119,7120
ADEINW;3099,6850,7116
ADEINZ;1208,6852,7020,7104
ADEIOR;1209,6393,7054,7100,7123,7124,7125
ADEIOT;6394,6853,7122,7127,7130
ADEIPR;4581,6948,7021,7059,7086,7105,7134,7136,7137,7138,7139
ADEIRR;3100,4583,6397,6610,6951,7063,7088,7108,7136,7142,7143,7144
ADEIRS;1211,3101,4584,6611,6767,6854,6952,7022,7032,7064,7089,7109,7123,7137,7142,7145,7146,7147,7148
ADEIRT;1212,3102,6398,6855,6953,7033,7065,7090,7110,7138,7143,7145,7149,7150,7151
ADEIRU;3103,4585,6856,7066,7111,7141,7146
ADEIRV;7067,7112,7124,7139,7144,7147,7150
ADEIRW;3104,6612,6954
ADEISS;3106,4586,6399,6613,7024,7069,7113,7126,7140,7152,7153,7154,7155
ADEISU;3108,6859,7071,7146,7156
ADEISV;4588,6401,6615,6860,7072,7093,7115,7147,7154,7157,7159
ADEISW;3109,6402,7116,7158,7160
ADEISX;7094,7128,7148
ADEISZ;6956,7025,7129,7155
ADEITU;6404,6616,7095,7118,7156,7161
ADEITV;1213,6617,7119,7150,7157
ADEITW;1214,7158,7162
ADEITX;6769,7130
ADEIUX;
ADEIVV;7120,7131,7159
ADEIVW;7132
ADEIVZ;
ADEJKU;
ADEJMM;
ADEJPP;
ADEJPR;7167
ADEJPU;
ADEJRR;7168
ADEJRU;3111,6407,7164,7168,7169
ADEJRY;
ADEJZZ;
ADEKKR;
ADEKKY;1216
ADEKLN;3112,4595,6770,7028,7172,7173,7174,7175
ADEKLR;1217,6408,7173,7179
ADEKLS;1218,4597,7029,7174,7177,7179,7180,7181
ADEKLT;4598,7180
ADEKLW;7182
ADEKMR;1219,7184
ADEKMS;1220,4600,7183,7184
ADEKNR;3114,4601,6620,6771,7173,7187,7189,7190,7191,7192
ADEKNS;4602,6621,6957,7031,7171,7174,7183,7188,7190,7193,7194,7195,7196
ADEKNT;6958,7191,7194,7197
ADEKNW;6622,7196,7197,7198
ADEKNY;7175,7199
ADEKOS;7177
ADEKOY;
ADEKPR;1221,7187,7201
ADEKPY;7202
ADEKQU;4605
ADEKRR;7189
ADEKRS;3116,4606,6623,6961,7032,7179,7184,7190,7201,7203,7204
ADEKRW;4608,6624
ADEKRY;4609,7204
ADEKST;4610,7180,7194,7203
ADEKUW;7182,7198
ADELLL;7034
ADELLM;7205,7206
ADELLP;1223,6627,6963,7035,7212
ADELLR;7036,7207,7209,7213,7214
ADELLS;3117,4612,6628,7037,7205,7212,7213,7215,7216,7217
ADELLU;6409,6864,7039,7206,7214,7216
ADELLV;7040,7217
ADELLW;6774,7208,7210
ADELMM;3118,4613,6630,6775,6865,7042,7218
ADELMO;1226,7043,7222,7223,7224
ADELMP;3119,4614,6632,7044,7225
ADELMR;1227,3120,6633,6867,7220,7222,7226,7227
ADELMS;3121,4615,6634,6964,7045,7205,7218,7223,7225,7226,7228,7229,7230,7231
ADELMT;6635,7221,7229
ADELMU;4616,6636,6868,7046,7206,7227,7230
ADELMW;3122,6410,7231
ADELNO;4617,6870,7235,7236,7237,7238
ADELNP;6638,7048,7172,7233,7239,7240
ADELNR;1229,3124,4618,6411,6639,6871,6965,7173,7207,7220,7235,7241,7242,7243
ADELNS;4619,6412,6640,6872,6966,7049,7174,7236,7241,7244,7245,7246,7247,7248
ADELNT;1230,4620,6641,6873,7221,7237,7239,7245,7249,7250
ADELNU;3125,4621,6413,6874,7050,7234,7242,7246,7249,7251
ADELNW;1231,6414,6875,7208,7247,7250,7251
ADELNY;7175,7238,7240,7243,7248
ADELOP;4622,6876,7053,7176,7252,7253,7254
ADELOR;3126,4623,6777,7054,7209,7222,7235,7252,7255,7256,7257
ADELOS;3127,4624,6642,6967,7055,7177,7223,7236,7253,7255,7258,7259,7260,7261
ADELOV;4626,7260
ADELOZ;7057,7224
ADELPP;4627,6415,6779,7058,7178,7264,7265
ADELPR;1233,6416,6643,6969,7059,7252,7266,7267
ADELPS;4628,6417,6644,6970,7060,7212,7225,7253,7265,7266,7268,7269,7270,7271
ADELPT;1234,6645,7061,7239,7254,7268,7272,7273,7274
ADELPU;3130,6878,7269
ADELPW;7270,7273
ADELPY;3131,7240,7267,7271,7274
ADELRR;3132,4630,7063,7275,7276,7277
ADELRS;3133,4631,6418,6647,6780,6879,6971,7064,7179,7213,7226,7241,7255,7266,7275,7278,7279,7280,7281,7282
ADELRT;1235,3134,4632,6419,6648,7065,7256,7279,7283,7284,7285,7286
ADELRU;1236,3135,4633,6781,6880,7066,7214,7227,7242,7257,7276,7280
ADELRY;1237,3137,6421,6652,6881,7068,7243,7267,7286
ADELRZ;7282,7289
ADELSS;1238,4635,6422,6882,6972,7069,7228,7244,7258,7278,7290
ADELST;3138,4636,6423,6653,6973,7070,7180,7215,7229,7245,7259,7268,7279,7290,7291,7292
ADELSU;3139,4637,6974,7071,7216,7230,7246,7269,7280,7292,7293
ADELSV;6654,7072,7217,7260,7293
ADELSW;4638,6424,6655,6975,7231,7247,7261,7270,7281,7294
ADELSY;7073,7181,7248,7271,7294
ADELUV;6661,7293,7298
ADELUW;7182,7251
ADELVV;
ADELWW;4641,7287
ADELWY;7294
ADELZZ;6428,7289,7295
ADEMMN;1241
ADEMMR;4642,6429,7076,7302,7303
ADEMMS;1242,4643,6977,7077,7218,7301,7302
ADEMNN;7219,7304,7305
ADEMNO;1243,3143,7079,7306,7307,7308
ADEMNP;7309
ADEMNR;6663,6979,7080,7220,7306,7310,7311,7312
ADEMNS;1244,3144,6431,6664,6884,7081,7183,7304,7307,7309,7310,7313,7314,7315,7316
ADEMNT;1245,6665,7082,7221,7314,7317
ADEMNU;4644,6432,6784,6885,7083,7305,7311,7315,7317
ADEMOP;6433,6886,6980,7319
ADEMOR;4645,6981,7163,7222,7306,7320,7321
ADEMOT;
ADEMOV;7318,7322
ADEMOW;7085,7308,7323,7325
ADEMPP;
ADEMPR;4646,6668,6982,7086,7326,7327
ADEMPT;7327,7329
ADEMPU;
ADEMPV;7087
ADEMRR;6669,7088,7320,7331
ADEMRS;6434,6670,6983,7089,7184,7226,7302,7310,7321,7326,7332,7333,7334
ADEMRT;6671,7090,7303,7327,7332,7335
ADEMRU;3145,6887,7164,7227,7311,7331,7333,7335
ADEMRW;7334
ADEMRY;1246,6435,7091,7312
ADEMSS;1247,6984,7228,7313,7328,7336,7337
ADEMST;6436,6672,7092,7229,7314,7329,7332,7336
ADEMSU;6673,7230,7315,7333,7337
ADEMTT;7338
ADENNP;7233,7340,7341
ADENNT;1248,4649,6678,7341,7342
ADENNU;4650,6890,7234,7305,7343
ADENNV;
ADENNW;7344,7345
ADENOS;4652,6893,7101,7236,7307,7350,7355,7356,7357
ADENOT;3148,4653,6439,6894,7237,7347,7351,7353,7355,7358,7359,7360
ADENOU;6440,7185,7354,7356
ADENOY;3149,7238,7339,7357
ADENPP;7186,7361,7362,7363
ADENPR;4654,6897,7105,7187,7349,7361,7364,7365,7366,7367
ADENPS;3150,4655,6680,6898,6985,7106,7188,7309,7340,7350,7362,7365,7368,7369,7370,7371
ADENPT;4656,7107,7239,7341,7351,7368,7372
ADENPW;7363,7367,7369
ADENPX;7370
ADENRR;3151,6900,7108,7189,7352,7364,7375,7376,7377
ADENRS;3152,4658,6442,6681,6786,6901,6986,7109,7190,7241,7310,7365,7375,7378,7379,7380,7381,7382
ADENRT;3153,4659,6443,6902,7110,7191,7353,7379,7383,7384,7385,7386,7387
ADENRU;3154,4660,6444,6682,6903,6987,7111,7192,7242,7311,7354,7366,7380,7384,7388,7389
ADENRW;1250,3155,6904,7367,7376,7381
ADENRY;4661,6684,7243,7312,7377,7387,7388
ADENRZ;7382,7389
ADENSS;3156,4662,6445,6988,7113,7193,7244,7313,7378,7390,7391,7392
ADENST;1251,4663,6685,6905,6989,7114,7194,7245,7314,7342,7355,7368,7379,7393,7394,7395,7396
ADENSU;1252,3157,4664,6446,6787,6906,6990,7165,7195,7246,7315,7343,7356,7380,7391,7394,7397,7398
ADENSV;6686,7115,7395,7397
ADENSW;1253,6687,7116,7196,7247,7344,7369,7381,7392,7398,7399,7400
ADENSY;3158,6447,7248,7316,7357,7371,7396,7399
ADENTT;6688,7117,7358,7383,7393,7401
ADENTU;3159,4665,6448,6907,6991,7118,7166,7249,7317,7372,7374,7384,7394,7401,7402,7403
ADENTV;7119,7359,7385,7395,7402
ADENTW;6908,7197,7250
ADENUW;6909,7198,7251,7398,7404,7405
ADENUX;7403,7404
ADENWY;7345,7399,7405
ADENWZ;1254,7400
ADEOOR;7406,7407
ADEOPP;7408
ADEOPS;4667,7121,7253,7319,7350,7408,7413,7414
ADEORR;3161,4669,6995,7320,7352,7410,7415,7416,7417
ADEORS;4670,6450,6690,6790,6911,7123,7255,7321,7406,7415,7418,7419,7420,7421,7422
ADEORT;3162,4671,6912,7200,7256,7353,7407,7411,7419,7423,7424
ADEORW;6691,6913,7416,7422,7425
ADEOSV;7260,7322,7421
ADEOTU;3165,6793,7263,7424,7428
ADEOTV;7359
ADEOTZ;7360
ADEOVW;7132
ADEPPP;7264
ADEPPR;4675,6452,6692,6794,7134,7361,7430,7431,7432
ADEPPS;7265,7362,7408,7430,7433,7434
ADEPPT;7431,7433,7435
ADEPPW;6999,7363,7432,7434
ADEPPY;7436
ADEPPZ;
ADEPRR;1255,6795,7136,7364,7410,7437,7438
ADEPRS;1256,4676,6453,6693,6918,7000,7137,7201,7266,7326,7365,7430,7437,7439,7440,7441
ADEPRT;1257,6694,7138,7327,7411,7431,7440,7442,7443
ADEPRW;7367,7432
ADEPRY;7267,7438,7441
ADEPSS;1258,6696,7140,7328,7413,7439
ADEPST;6454,7001,7268,7329,7368,7414,7433,7440,7444,7445
ADEPSU;4677,7269,7445
ADEPSY;7202,7271,7371,7441,7446
ADEPTT;6697,7272,7442,7444
ADEPTU;6455,7372,7435,7443,7445
ADEPUY;7436
ADEPWY;7446
ADERRS;1260,4679,6702,6921,7142,7275,7375,7415,7437,7450,7451,7452
ADERRT;6703,6796,7143,7450
ADERRW;1261,6705,6797,7277,7376,7416,7451
ADERRY;1262,7377,7438,7452
ADERST;1263,3168,4680,6457,6707,6798,6924,7006,7145,7203,7279,7332,7379,7419,7440,7450,7455,7456,7457,7458
ADERSU;3169,4681,6799,6925,7146,7169,7280,7333,7380,7420,7448,7453,7459
ADERSW;1264,6458,6709,6800,7281,7334,7381,7422,7451,7454,7457,7460
ADERSY;1265,3171,4683,6459,6801,7007,7204,7441,7452,7458,7459
ADERSZ;7282,7382
ADERTT;4684,6460,6711,7149,7283,7383,7423,7442,7455
ADERTV;6712,7150,7385,7456
ADERTW;6713,7008,7284,7457
ADERUW;
ADERVV;
ADERWY;1267,7425,7461
ADERZZ;7289
ADESSS;7152,7390
ADESST;6461,6717,7010,7153,7290,7336,7462,7463
ADESSY;1268,6719
ADESTT;4686,6720,6803,7291,7393,7427,7444,7455,7464,7465
ADESTU;6462,6721,7156,7292,7394,7445,7462,7464,7466
ADESTV;4687,7157,7395,7456,7466
ADESTW;6722,7012,7158,7457,7463,7465
ADESTY;6723,7396,7458
ADESVW;7460
ADESWY;7160,7294,7399,7446
ADETTT;7296,7467
ADETTU;3174,7338,7401,7428,7449,7464
ADETTV;
ADETTW;7297,7465,7467
ADETUV;7298,7402,7466
ADETVW;
ADEVYZ;
ADEWZZ;
ADFFOR;7474,7475
ADFFRS;7475
ADFFRY;
ADFGIN;7468,7476,7477,7478,7479
ADFGLY;
ADFHSU;7485
ADFILU;7486
ADFILY;7470
ADFINR;6764,7478,7487,7489,7490
ADFIRT;3175,7490
ADFISV;
ADFLSU;
ADFLTY;
ADFLYY;7493
ADFMNO;7500
ADFMOU;7501
ADFNOS;7500,7503
ADFNOT;7502,7503
ADFORR;7506,7507
ADFRST;1273,6798
ADFRSU;6799
ADFRSW;6800
ADFRTY;
ADGGRY;6820
ADGHIN;6468,6824,7518,7519,7520
ADGHNO;7510,7525,7526
ADGHRU;7529,7530
ADGIIN;3178,7531,7533,7534,7535,7536,7537,7538,7539
ADGIJN;
ADGIJO;7541
ADGILN;3179,6470,6838,7511,7531,7543,7544,7545,7546,7547,7548,7549
ADGILO;6839,7517,7546,7550,7551,7552,7553
ADGIMW;
ADGIMY;
ADGINO;3181,4697,6472,7514,7535,7546,7565,7566,7567
ADGINR;3182,4698,6474,6847,7478,7515,7536,7542,7547,7560,7561,7565,7569,7571,7572,7573,7574,7575,7576
ADGINT;3183,7563,7567,7573,7577,7580,7581
ADGINU;3184,6476,7516,7520,7538,7549,7574,7578,7580
ADGINV;6849
ADGINW;1286,3185,6477,6850,7539,7564,7575,7579,7581,7582
ADGINZ;6852
ADGIRV;1289
ADGJOS;7541
ADGLLY;
ADGLNS;1295,6872,7548
ADGLNU;6874,7549
ADGLNY;7593,7594
ADGLOP;6876,7595
ADGLOY;7593,7596
ADGMNO;6481,7589,7597,7598
ADGMOS;6482
ADGNOO;7590,7597,7599,7600
ADGNOP;6891,7601
ADGNOR;6892,7565,7591,7598,7599,7602,7603,7604
ADGNOS;3189,6893,7525,7566,7600,7601,7602
ADGNRS;1303,6901,7572,7602,7606
ADGNRU;6903,7574,7603,7605,7606,7607
ADGNSW;7579
ADGOPS;1307,7595,7601,7608
ADGORW;6485,6913,7528,7609
ADGPRU;6919,7584,7611
ADGRSU;1308,6925,7529,7585,7606,7611,7612
ADHHIS;7613,7614,7615,7616
ADHHIT;7615
ADHHIW;7616
ADHHKU;7617
ADHHOU;7619
ADHHOW;7620
ADHHWY;7621
ADHIIJ;7622,7623
ADHIJS;6936,7622
ADHIKS;6486,6937,7624,7626,7628,7629
ADHIKU;7629
ADHILO;7517,7630,7632,7633,7634
ADHILS;1313,3193,6487,6941,7633,7636
ADHIMR;1314,4703,6944,7639
ADHINS;7519,7626,7637,7641,7643
ADHIOO;7644
ADHIOR;7645
ADHIPS;6949,7638,7641
ADHIRS;6952,7523,7613,7628,7639,7645,7647
ADHIRY;4705,6955,7635
ADHISS;6490,7614,7643,7647
ADHISW;7616
ADHJKO;7648
ADHJOS;7648
ADHKKU;7649
ADHKLO;7650
ADHLOR;4706,7657
ADHLOS;6967,7633,7650,7657
ADHLRY;1320,7635
ADHLSU;6974
ADHMNO;7659
ADHMNU;7660
ADHNNU;7524,7662,7663
ADHNOO;7659,7664
ADHNOR;3198,7665,7666
ADHNOS;7525,7664,7665,7667
ADHNOU;7666,7667,7668
ADHNPU;7642
ADHNRU;6987,7666,7669,7672
ADHNSS;6988,7643
ADHNSU;3199,6990,7660,7662,7667,7669
ADHNSY;1327,7670
ADHOOR;7527,7674,7675
ADHORS;4712,7645,7657,7665,7675,7680
ADHORU;7666,7677,7679,7680
ADHOSS;7681
ADHOSW;7620,7681,7682
ADHPRU;7677,7683
ADHPUU;7684
ADHRRU;7004,7679,7685
ADHRSS;1329,7005,7647
ADHRSY;7007,7670
ADHSSU;6496,7485
ADHSWY;1332,7621,7682
ADIIKO;7688,7689
ADIIKY;7690
ADIILL;7691
ADIILM;7692
ADIILN;7531,7693,7694
ADIILR;1333,7015,7686,7696
ADIILS;7016,7691,7692,7695,7697,7698
ADIIMN;7017,7533,7701,7702
ADIIMO;7703
ADIIMR;7705,7706
ADIINS;6497,7537,7702,7709,7710,7711,7712
ADIINV;7694,7711
ADIINZ;7020,7712
ADIIPR;7021,7708,7713
ADIISY;7690,7718
ADIJMS;7720
ADIJNO;7721,7722
ADIJSS;7720,7723
ADIKMO;7729,7730
ADIKNO;7732
ADIKNP;7733
ADIKOS;7688,7726,7729,7732,7735
ADIKOT;7689,7735,7736
ADIKST;6500,7735,7739,7741,7742
ADIKSU;7629,7740,7743
ADIKTT;7741
ADIKTZ;6503,7742
ADIKUZ;7743
ADILLP;7035
ADILLY;7041,7746,7747,7748,7749,7750
ADILMO;3206,4726,7043,7630,7751,7755,7756,7757,7758
ADILMS;4727,6505,7045,7692,7756,7759,7760,7761,7762
ADILMY;7758,7762
ADILNN;7047,7545,7763
ADILNO;4728,7546,7693,7751,7764,7765
ADILNR;1344,7547,7752,7764,7766,7767,7768
ADILNS;7049,7548,7763,7765,7766,7769,7770,7771
ADILNT;7770
ADILNU;4729,7050,7549,7753,7767,7771
ADILOO;3207,7772,7773
ADILOP;4730,7053,7632,7755,7774
ADILOR;3208,4731,7054,7550,7725,7764,7774,7775
ADILOZ;7057,7773,7776
ADILPS;1345,7060,7727,7759,7779,7780,7781
ADILPU;4733,7782
ADILRS;1346,3210,7064,7766,7785
ADILRY;3212,4735,7068,7554,7635,7746,7768,7778,7786
ADILRZ;7785
ADILSS;1348,7069,7697,7760,7769,7779
ADILST;1349,4736,7070,7698,7770,7780,7787,7788
ADILSU;7071,7555,7761,7771,7784,7787
ADILTU;7777,7782,7787,7789
ADILTY;4738,7748,7786,7788,7789
ADILUV;7699
ADILVY;7749,7783
ADIMMT;7078
ADIMNO;4740,6508,7079,7751,7790,7791
ADIMNR;1353,3215,7080,7487,7560,7752,7792
ADIMNS;1354,7081,7637,7702,7791,7792,7793,7794
ADIMNT;7082,7794
ADIMOT;1357,4743,7797,7799
ADIMOY;7758,7798
ADIMPY;7800
ADIMQU;7801
ADIMRS;1358,3217,6510,7089,7639,7705,7792,7802,7803,7804,7805
ADIMRU;7706,7803
ADIMRY;3218,7091,7800,7805,7806
ADIMSS;6511,7707,7720,7731,7760,7793,7802,7807,7808,7809,7810
ADIMST;7092,7794,7797,7808,7811
ADIMSU;7761,7801,7803,7809,7811
ADIMSY;6512,7762,7798,7805,7810,7812
ADIMTX;
ADIMWY;7812
ADINNN;1359,7097,7813
ADINNP;1360,7814,7816
ADINNU;7820
ADINOR;3219,6513,7100,7565,7764,7815,7823,7825,7826,7827,7828
ADINOS;7101,7566,7721,7732,7765,7791,7826,7829
ADINOX;7103,7829,7830
ADINPT;1361,7107,7824,7831
ADINPU;7642
ADINQR;7832
ADINRS;1363,3221,7109,7489,7572,7734,7766,7792,7817,7826,7832,7834,7835,7836
ADINRT;1364,3222,7110,7490,7573,7827,7833,7834,7837
ADINRU;3223,4745,7111,7574,7767,7835,7837
ADINRW;1366,7575,7818,7836
ADINST;1367,3224,4746,7114,7577,7709,7770,7794,7831,7834,7838,7839
ADINSU;7578,7710,7771,7820,7835,7839
ADINSV;1368,7115,7711
ADINSW;4747,7116,7579,7836
ADINTY;7840
ADIORS;4751,7123,7491,7645,7826,7845,7849,7850,7851
ADIORT;4752,7583,7775,7827,7846,7849,7852
ADIOST;4753,7127,7646,7735,7797,7849,7853
ADIOSU;3225,7848,7850,7853
ADIOSV;7851,7854
ADIOSX;7128,7829
ADIOSZ;4754,7129,7776
ADIPRS;4757,6515,7137,7713,7737,7845,7855,7856
ADIPSS;4758,7140,7779,7855
ADIPSX;
ADIQTU;7857
ADIRRS;3227,7142,7858,7859,7860
ADIRRT;7143,7833,7859
ADIRRZ;7860
ADIRST;4761,7145,7716,7834,7849,7856,7859,7864
ADIRSU;1374,3230,7146,7585,7803,7835,7850,7861,7865
ADIRSV;7147,7851,7862,7866
ADIRSW;7804,7836,7863,7867
ADIRSY;7805,7864,7865
ADIRSZ;7785,7860,7866,7867,7868
ADIRVZ;7866
ADIRWZ;7867
ADIRZZ;6518,7586,7868
ADISST;1375,4763,7153,7739,7808,7869,7870
ADISSY;7718,7810,7871
ADISTU;7156,7787,7811,7839,7853,7857,7870
ADISTV;7157
ADISVV;7159
ADISYY;7871
ADITTY;7840,7872
ADJKOU;7873
ADJNOR;7876,7877
ADJNSU;7165
ADJOPY;7878
ADJSTU;7880
ADKKSU;7649
ADKLNY;7175,7724
ADKLRY;
ADKLSS;
ADKLSY;4767,7181
ADKMSU;
ADKOPS;7884
ADKOPU;7884
ADKOSV;
ADLLOP;7891,7892
ADLLOR;3236,4771,7209,7588,7891,7893
ADLLOS;7892,7893
ADLLUY;4772,7895
ADLMNO;1388,7589,7751,7896,7897
ADLMOS;7223,7756,7896,7900
ADLMOW;7887,7900
ADLMPY;7656
ADLMSU;7230,7761,7901
ADLMSW;1392,7231,7900
ADLMTU;7496,7901
ADLNOO;7590,7904,7905
ADLNOR;3237,4773,7235,7591,7764,7902,7904,7907,7908,7909
ADLNOS;7236,7765,7896,7905,7907,7910,7911,7912,7913,7914
ADLNOT;4774,7237,7908,7911,7915,7916
ADLNOU;7906,7909,7912,7915
ADLNOX;7913
ADLNPU;7906,7917
ADLNRU;7242,7767,7909,7918,7919,7920
ADLNSU;1398,7246,7771,7903,7912,7917,7918,7921
ADLOPU;7906,7923,7924
ADLORS;7255,7657,7893,7907,7926,7927
ADLOSS;7258,7910,7926,7928
ADLOSU;3239,7912,7924,7927
ADLOSW;7261,7900
ADLPSS;7779,7929
ADLPSU;7269,7917,7924,7929
ADLRSU;1405,7280,7918,7927
ADLRSW;7281
ADLRWY;7894
ADLSTU;7292,7787,7901
ADMMNO;4777,7930
ADMMOT;7932
ADMNOR;1409,7306,7598,7933,7937,7938,7939
ADMNOS;6524,7307,7500,7791,7896,7930,7937,7940,7941,7942
ADMNOY;3245,7897,7939,7942
ADMNRU;7311
ADMNSU;7315,7660,7931,7941,7943
ADMNUY;
ADMORR;7320,7796,7947
ADMORU;7899,7949
ADMOSU;1419,7501,7941,7949
ADMRSU;1422,7333,7803,7949,7952
ADMSTU;4782,7811,7901,7943,7952
ADMSUW;3247
ADMTUY;
ADNNOO;7953,7954,7955
ADNNOR;6526,7815,7902,7956,7957
ADNNOS;7953,7956,7958,7959
ADNNOT;1426,7502,7954,7957,7958,7960
ADNNOU;7959,7960
ADNNSU;7343,7662,7820,7903,7959
ADNOOR;3248,4783,7599,7904,7933,7963,7964,7965
ADNOOS;7600,7664,7905,7953,7964,7966
ADNOOW;7934,7966
ADNOPR;1430,3249,7349,7823,7963,7967,7968,7969,7970
ADNOPT;7351,7824,7971
ADNORS;3250,4784,7602,7665,7826,7876,7907,7937,7956,7964,7968,7974
ADNORU;4785,7354,7603,7666,7877,7909,7969,7975
ADNORW;7973,7974,7977
ADNORY;1432,7604,7939,7976,7977
ADNOSU;3251,7356,7667,7912,7941,7959,7978,7980
ADNOSZ;
ADNOTT;7358,7979
ADNRST;1438,7379,7834,7983,7985
ADNRSU;3255,7380,7606,7669,7835,7918,7984,7985,7986
ADNRTU;3256,7384,7837,7961,7975,7985
ADNRUW;7962,7981,7986
ADNSST;7983,7987
ADNSSY;7987
ADNSTU;7394,7839,7943,7980,7982,7985
ADNSTY;3257,7396,7987,7988
ADOORS;6527,7406,7675,7964,7989,7992
ADOOUV;7996
ADOPRY;
ADOPSS;1446,7413
ADOPST;4786,7414,7678,7971
ADORRS;3260,7415,7506,7947,7999
ADORRU;7679,7879,7999
ADORSS;3261,7418,7926,7992
ADORST;4787,6529,7419,7849,7948,8000
ADORSU;4788,7420,7680,7850,7927,7949,7999,8001
ADORSW;4789,7422,7609,7974,8000,8002
ADORTW;7950,7993,8000,8003
ADORWY;1449,7425,7885,7977,7994,8002
ADOSTT;1450,7427,7979,7995
ADOSTY;
ADPPRY;
ADPRSU;7611,7683,8005,8006
ADPRTU;7443,7508,8005
ADPRUW;7981,8006
ADPSSY;1453
ADQSSU;
ADRRSU;3264,7685,7999
ADRSST;7983
ADRSSW;7454,7863,8007
ADRSUW;7986,8006,8007
ADRSUY;7459,7865
ADRSWY;7886,8002
ADRTWY;
ADSSTU;7462,7870,7880,8008
AEEEHL;8018
AEEFFN;8026
AEEFFR;1462,4796,8027
AEEFGU;6539,8032
AEEFIR;6541,8035,8037
AEEFKR;6542,8039
AEEFLM;3274,8041,8042
AEEFNS;4802,6549,8026
AEEFOV;8053
AEEFRR;8051,8055,8056
AEEFRS;4805,8027,8031,8037,8039,8055,8057
AEEFRT;1464,6551,8034,8043,8052,8056,8057,8058
AEEFSS;
AEEFSZ;
AEEGGL;6555,8061,8062,8063,8064
AEEGGM;
AEEGGN;6556,8010,8065,8066
AEEGGR;8062,8065,8068,8069
AEEGGT;8064,8070
AEEGGW;8071
AEEGHZ;8075
AEEGJR;8092
AEEGJY;8093
AEEGLL;3281,6557,8061,8076,8094,8095,8096,8097
AEEGLP;8079,8106,8107
AEEGLR;3282,6560,8062,8095,8099,8101,8105,8106,8108,8109,8110,8111,8112,8113
AEEGLS;3283,8063,8096,8107,8109,8114,8115,8116,8117
AEEGLT;1466,3284,6561,8012,8064,8080,8100,8102,8115,8118,8119,8120
AEEGLU;6562,8103,8110,8116,8119
AEEGLV;6563,8104,8117,8120
AEEGMM;8121
AEEGMN;1467,6565,8098,8122,8123,8124
AEEGMR;8082,8099,8122,8125,8126,8127,8128
AEEGMT;1468,8100,8121,8124,8130
AEEGNN;8131,8132,8133
AEEGNR;3285,4807,6567,8029,8065,8084,8101,8122,8132,8136,8137,8138,8139
AEEGNS;4808,8066,8085,8123,8133,8136,8140,8141,8142
AEEGNT;4809,6568,8013,8030,8073,8102,8124,8137,8141,8143,8144,8145
AEEGNV;6569,8104,8139,8142,8145
AEEGOP;8067,8134,8146
AEEGOT;4810,6570,8148
AEEGPS;4811,8015,8107,8146,8149,8151
AEEGRR;3287,6572,8016,8108,8126,8152,8153,8154,8155
AEEGRS;3288,6573,8031,8068,8092,8109,8127,8136,8149,8152,8156,8157,8158
AEEGRT;8017,8137,8153,8157,8159
AEEGRV;1469,6575,8139,8147,8158
AEEGST;1470,8070,8115,8130,8141,8148,8151,8157,8162
AEEGSW;8071,8161
AEEHHW;8168
AEEHIR;6579,8072,8169,8170,8171
AEEHKM;8175
AEEHLR;3293,4819,6581,8182,8184,8185,8186
AEEHLT;4821,8181,8183,8185,8188,8192
AEEHLW;3294,8189
AEEHLX;6583,8190
AEEHMR;4823,8194,8195
AEEHMT;3296,4824,8193,8195,8196
AEEHMU;8197
AEEHNP;4826,8198,8199
AEEHNT;3299,6587,8073,8164,8177,8181,8193,8199,8201,8202,8205
AEEHNV;6588,8203
AEEHNX;8204
AEEHPR;4830,6589,8170,8206,8207
AEEHPS;4831,8198,8206,8208
AEEHRR;4833,6590,8211
AEEHRS;4834,6591,8184,8194,8200,8206,8211,8212,8213,8214,8215
AEEHRT;1471,3300,4835,6592,8034,8165,8178,8185,8195,8201,8207,8213,8216,8217,8218
AEEHRV;3301,6593,8171,8186,8214,8217
AEEHRW;8215,8218
AEEHST;4836,6596,8167,8172,8188,8196,8202,8213,8219,8221
AEEHSV;3302,6597,8173,8203,8214,8220,8221
AEEHTV;8217,8221
AEEIKV;8230
AEEILM;6601,8077,8232,8233
AEEILS;3305,6604,8233,8236,8241
AEEIMN;6606,8247,8248,8249,8250,8251
AEEIMS;8233,8249,8254,8256,8257,8258
AEEINT;1472,3308,8228,8237,8250,8261,8262,8263,8264
AEEIPR;8089,8170,8229,8252,8260,8267,8268,8269
AEEIRR;4843,6610,8240,8253,8267,8272,8273,8274,8275
AEEIRS;6611,8037,8223,8241,8254,8268,8273,8276,8277
AEEISS;6613,8091,8256,8280
AEEJNT;8288,8289
AEEJRV;8290
AEEJVY;8291
AEEKKP;
AEEKLN;8295,8296,8297
AEEKLP;8224,8298
AEEKLR;3313,8225,8299
AEEKLV;8300
AEEKMR;8303,8304,8305,8306
AEEKMS;8175,8301,8305
AEEKMZ;
AEEKNS;6621,8296,8301,8309,8312,8313,8314
AEEKNW;6622,8302,8311,8313
AEEKNY;3317,8314
AEEKPR;3319,8229,8303,8316,8317
AEEKRS;3322,6623,8039,8299,8305,8309,8316,8320,8321,8322
AEEKRT;8178,8306,8310,8317,8318,8320,8323
AEEKRU;8179,8321
AEEKRW;1475,6624,8311,8315,8319,8322,8323
AEELLL;8326
AEELLM;8327
AEELLR;3324,8095,8231,8329
AEELLS;4849,6628,8096,8326,8327,8330,8331
AEELMN;1476,6631,8041,8098,8295,8333,8334,8335,8336,8337,8338
AEELMP;4850,6632,8333,8339,8340,8341
AEELMR;4851,6633,8099,8232,8334,8339,8342,8343
AEELMS;3327,6634,8042,8180,8233,8327,8335,8340,8342,8344,8345,8346,8347
AEELMU;6636,8346,8348
AEELMZ;3329,8347
AEELNO;8350
AEELNP;3330,6638,8234,8333,8349,8351,8352
AEELNR;3331,4852,6639,8101,8235,8334,8351,8353,8354,8355,8356
AEELNS;3332,4853,6640,8236,8296,8335,8350,8352,8354,8357,8358,8359,8360
AEELNT;3333,4854,6641,8102,8181,8237,8297,8336,8355,8358,8361
AEELNV;4855,8104,8337,8359
AEELNW;8356,8360
AEELOR;1478,3335,8105,8182,8362,8364,8365
AEELOT;8366
AEELPR;3336,4856,6643,8106,8329,8339,8351,8362,8368,8369,8370,8371
AEELPS;3337,6644,8107,8298,8340,8352,8369,8372,8373
AEELPT;1479,3338,4857,6645,8183,8239,8370,8374,8375
AEELPU;8371,8373,8375
AEELQU;3339,6646,8376,8377
AEELRR;3340,4858,8108,8240,8353,8368,8378,8379,8380
AEELRS;4859,6647,8021,8109,8184,8241,8299,8342,8354,8364,8369,8381,8382,8383,8384,8385,8386
AEELRT;1480,3341,4860,6648,8043,8185,8242,8343,8355,8370,8378,8382,8387
AEELRV;4862,6649,8186,8243,8379,8384,8388
AEELSS;8114,8187,8330,8344,8357,8372,8381,8389,8390,8391,8392,8393
AEELST;3343,4863,6653,8115,8188,8331,8345,8358,8366,8382,8389,8394,8395,8396,8397,8398
AEELSV;3345,4865,6654,8117,8300,8359,8384,8390,8395
AEELSW;3346,6655,8189,8360,8367,8391,8399
AEELSY;8191,8386,8392,8397,8399
AEELSZ;6656,8347,8393,8398
AEELTU;8119,8348,8375,8394
AEELTV;6658,8022,8120,8246,8395,8401
AEELTW;8401
AEELTY;8361,8397,8400
AEELTZ;6660,8398
AEELWY;8332,8399
AEEMMM;8402,8403
AEEMMS;8403,8407
AEEMNP;4867,8333,8409,8411,8412,8413
AEEMNR;4868,6663,8050,8122,8248,8334,8411,8414,8415
AEEMNS;3347,4869,6664,8123,8249,8301,8335,8412,8414,8416,8417,8418
AEEMNT;1481,3348,4870,6665,8124,8193,8250,8336,8404,8413,8415,8417
AEEMNX;8251,8410,8418
AEEMPR;6668,8125,8252,8303,8339,8411,8422,8423,8424
AEEMPT;8413,8419,8423,8425,8427
AEEMPW;8426
AEEMRR;4872,6669,8051,8126,8253,8304,8429
AEEMRS;3349,4873,6670,8127,8194,8254,8305,8342,8414,8422,8429,8430,8431,8432
AEEMRT;1482,3350,4874,6671,8052,8195,8255,8306,8343,8406,8415,8420,8423,8431,8433,8434
AEEMSS;3352,4875,8129,8256,8287,8344,8416,8430,8435,8436
AEEMST;3353,6672,8130,8196,8257,8345,8417,8425,8431,8436,8437,8438
AEEMSW;6674,8421,8426
AEEMTT;8259,8437
AEEMTX;1483,8433,8438
AEENNP;4877,8131,8308,8349,8409,8441
AEENNT;4879,6678,8439,8441,8444,8446
AEENNX;6679,8443,8445
AEENPR;8260,8351,8411,8447,8452
AEENPS;6680,8198,8352,8412,8452,8453,8454,8455,8456
AEENPT;8199,8413,8441,8453
AEENPU;8448,8454
AEENPW;8455
AEENRR;8353,8457,8458,8459,8460
AEENRS;4883,6681,8136,8200,8309,8354,8414,8442,8449,8452,8457,8461,8462,8463
AEENRT;4884,8137,8201,8261,8310,8355,8415,8458,8462,8464,8465
AEENRW;8311,8356,8463
AEENST;4886,6685,8141,8202,8262,8288,8358,8417,8444,8453,8462,8467,8471
AEENSU;8451,8454,8468,8472
AEENSV;4887,6686,8142,8203,8359,8469,8472
AEENTW;8205
AEENUV;8466,8472,8475
AEENWZ;8473
AEEOOZ;
AEEOUU;8484
AEEOVV;8485
AEEPPR;6692,8054,8486,8487,8488,8489
AEEPRR;4894,8267,8368,8486,8490,8491,8492
AEEPRS;4895,6693,8149,8206,8268,8316,8369,8422,8452,8487,8490,8493,8494,8495,8496
AEEPRT;1485,6694,8207,8269,8317,8370,8423,8476,8488,8491,8494,8497,8498,8499
AEEPRV;6695,8489,8492,8495
AEEPSS;4896,6696,8208,8372,8493,8500,8501,8502
AEEPST;3360,4897,8151,8425,8453,8494,8501,8503
AEEPSW;8426,8455,8502
AEEPSX;4898,8456
AEEPSY;8504
AEEPSZ;8496
AEEPTT;4899,6697,8374,8503
AEEPVY;8504
AEEQRU;6699,8376,8428,8505
AEEQTU;6700,8506
AEERRR;6701,8272,8507
AEERRS;3361,4900,6702,8055,8152,8211,8273,8429,8457,8478,8490,8507,8508,8509,8510,8511,8512
AEERRT;3362,4901,6703,8056,8153,8274,8318,8378,8458,8491,8509,8513,8514,8515
AEERRV;6704,8379,8459,8492,8511,8514,8516
AEERRW;6705,8155,8275,8319,8512,8515,8516
AEERSS;3363,4902,6706,8156,8212,8381,8430,8461,8479,8493,8508,8517,8518,8519,8520
AEERST;1486,3364,4903,6707,8057,8157,8213,8276,8320,8382,8431,8462,8480,8494,8509,8517,8521,8522,8523,8524
AEERSU;4904,8321,8383,8432,8505,8510,8518,8522,8525,8526
AEERSV;3365,6708,8158,8214,8290,8384,8481,8495,8511,8519,8525,8527
AEERSZ;3368,8496
AEERTY;8434,8498
AEERVW;6715,8023,8483,8516,8527
AEESSS;4907,8324,8435,8500,8532,8533
AEESST;3373,4908,6717,8219,8280,8389,8436,8467,8501,8517,8534,8535
AEESSW;8161,8391,8470,8502,8532
AEESSY;6719,8392,8520,8533
AEESSZ;8393
AEESTT;4909,6720,8060,8162,8437,8471,8503,8521,8534,8537
AEESTX;8396,8438,8524,8535
AEESTZ;8398
AEESVW;8527
AEEWXY;8538
AEFFGR;1491,6729,8541,8542,8543,8544
AEFFGS;8543
AEFFHT;8545
AEFFIN;4913,6730,8546
AEFFIP;6731,8547,8548
AEFFIS;3376,4914,6733,8546,8548,8550,8551,8552
AEFFIW;8551
AEFFLR;3378,6737,8540,8559,8560,8561,8562
AEFFLW;6738,8557,8562,8563
AEFFLY;8556,8564
AEFFNR;1494,8542
AEFFRT;8570
AEFFRY;8571
AEFFRZ;8572
AEFGLN;6745,8028,8579,8591,8592,8593
AEFGLR;8576,8581,8592,8597,8598
AEFGMU;8601
AEFGNS;1497,6746,8584,8593
AEFGOR;6747,8600,8605,8606,8607,8608
AEFGRU;8544,8588,8598,8610
AEFGRY;8578
AEFHLL;8614
AEFHLN;
AEFHRS;4922,8616,8622,8623
AEFHRT;8034,8611,8617,8621,8622
AEFHSS;8619
AEFHSY;8623
AEFIJO;8627,8628
AEFIKR;8630
AEFIKS;8631,8633
AEFILL;4926,6759,8634,8635
AEFILN;3385,8579,8629,8636,8638,8639,8640,8641,8642
AEFILR;3386,4928,8035,8581,8630,8637,8645,8646,8647,8648,8649,8650
AEFILS;3387,4929,6760,8631,8635,8639,8651,8652
AEFILT;8624,8632,8640,8643,8644,8652,8653
AEFIMN;6761,8636,8656,8657
AEFINN;4930,6763,8582,8638,8661,8662,8663
AEFINR;4931,6764,8583,8656,8664,8665,8666,8667,8668,8669
AEFINS;4932,6765,8546,8584,8639,8657,8661,8666,8670,8671
AEFIRR;1500,8625,8645,8659,8665,8674
AEFIRS;4934,6767,8037,8626,8660,8666,8675,8676
AEFIRT;3391,8587,8611,8667,8676,8677
AEFIRY;
AEFIST;6768,8550,8633,8652,8670,8676,8678,8679,8680
AEFITX;6769,8672,8680
AEFJNT;8681
AEFKLN;6770,8629,8682,8683,8684
AEFKLR;4937,8630,8683,8686,8687
AEFKLS;8631,8684,8685,8686,8688
AEFKLY;
AEFKNS;8684
AEFKRS;8039,8686,8691
AEFKRY;
AEFKST;8633,8688
AEFKSY;
AEFLLN;6773,8692
AEFLLR;8694
AEFLLS;3393,8614,8635,8694,8695
AEFLLV;1502
AEFLMN;8041,8591,8636,8699
AEFLMR;8637,8700,8701
AEFLMS;3396,8042,8699,8701
AEFLNN;6776,8638,8682,8692,8704,8705
AEFLNS;8558,8593,8639,8684,8699,8705,8707,8709
AEFLNU;3397,8641,8708,8709,8711
AEFLNX;
AEFLOR;6777,8615,8700,8714,8715,8716
AEFLOT;6778,8594,8643,8693,8715,8717
AEFLOV;8706,8712
AEFLRS;1504,3399,6780,8560,8597,8616,8686,8694,8701,8707,8714,8720,8723,8724,8725,8726
AEFLRT;8043,8617,8687,8715,8724,8727,8728
AEFLRU;4940,6781,8044,8561,8598,8646,8708,8721,8725,8728
AEFLRY;3400,8046,8716,8722,8726
AEFLSS;8619,8651,8723,8730
AEFLST;3401,8652,8688,8717,8724,8730,8731
AEFLSV;1506,8732
AEFLSX;
AEFLSY;8564,8695,8726
AEFLTU;6783,8565,8620,8697,8728,8731
AEFLTY;
AEFLUW;8689,8702
AEFMNN;
AEFMNO;8733
AEFMOR;8600,8658,8700,8733,8736,8737,8738
AEFMRR;8051,8659,8736,8740,8741
AEFMRS;3403,8660,8701,8737,8740
AEFNNR;8742
AEFNNT;8662,8743
AEFNOR;8733,8744,8746
AEFNRR;8602,8665,8690,8746,8747
AEFNRU;4944,8708,8735,8749
AEFNRW;8668,8750
AEFNST;8567,8670,8681,8743,8751,8752
AEFNSU;6787,8709,8749
AEFNSY;
AEFNTT;8710,8752
AEFOSS;8759
AEFOSV;
AEFPPR;6794,8054,8719,8761
AEFPRS;3407,8720,8761
AEFPRY;8722
AEFRRS;4948,8055,8740,8747,8762
AEFRRT;4949,6796,8056,8609,8621,8762,8763
AEFRRU;4950
AEFRRY;8741,8755,8763
AEFRSS;8675,8723,8748,8764,8765
AEFRST;6798,8057,8570,8622,8676,8724,8762,8765,8766,8767
AEFRSU;4951,6799,8610,8725,8749,8766
AEFRSW;6800,8750,8756,8767
AEFRSY;6801,8571,8623,8726,8757
AEFRTT;8677,8727,8768
AEFRTW;8767,8769
AEFRTY;8763
AEFRWY;1511,8059,8770
AEFSST;8678,8730,8751,8759,8765,8771
AEFSTT;6803,8060,8679,8752,8771,8773
AEFSTV;
AEFSTW;8767
AEFSTY;
AEFSUV;8732,8772
AEGGGL;6804,8774,8775
AEGGGR;8776,8777
AEGGHL;6805,8778,8779
AEGGIM;8786
AEGGIN;8785,8787,8788
AEGGIS;3409,6808,8784,8786,8788,8789,8791,8794,8795
AEGGJR;8783,8796,8797
AEGGLN;6810,8785,8798,8799,8800
AEGGLR;3410,6811,8062,8576,8778,8799,8801,8802,8803,8804
AEGGLW;6813,8803,8805
AEGGMN;8806
AEGGNR;8065,8787,8799,8810,8811
AEGGNU;3412,8809,8812
AEGGOS;8789,8813
AEGGOT;8813
AEGGRS;1515,3414,6819,8068,8776,8781,8791,8796,8802,8811,8815,8816,8817,8818,8819
AEGGRT;1516,8792,8816,8820
AEGGRU;3415,8069,8793,8817
AEGGRW;8803,8818,8821
AEGGRY;1517,3416,6820,8578,8777,8797,8804,8814,8819,8820,8821
AEGGSU;8812,8817
AEGGWW;8822
AEGHIN;6824,8826,8829,8830,8831,8832,8833
AEGHIO;8834
AEGHIR;6825,8072,8824,8827,8830,8835
AEGHIS;6826,8834,8835,8836,8837
AEGHIW;
AEGHLS;8779,8840,8842,8843,8844
AEGHLT;8839,8843,8845
AEGHLZ;8844
AEGHMO;6829,8780,8847,8848,8849
AEGHNR;4956,8830,8852,8853,8854
AEGHOR;3418,6833,8848,8858
AEGHOS;8834,8840,8849,8858,8859,8860
AEGHPS;8861,8862
AEGHPT;8862
AEGHRS;4962,8781,8835,8852,8858,8861,8863
AEGHRT;4963,8863
AEGHSS;8836,8842,8855,8859,8864
AEGIKN;8866,8868,8869,8870
AEGILM;8077,8876,8886,8887,8888
AEGILN;3421,4968,6838,8078,8579,8785,8826,8866,8877,8886,8889,8890,8891,8892,8893,8894,8895,8896
AEGILO;6839,8580,8897,8898
AEGILP;4969,8079,8878,8890,8899
AEGILR;1522,4970,6840,8581,8827,8879,8887,8891,8900,8901,8902
AEGILS;1523,4971,6841,8880,8888,8892,8897,8899,8901,8903,8904,8905
AEGILT;4972,6842,8080,8867,8881,8893,8904,8906,8907
AEGILV;3422,6843,8883,8895,8905
AEGIMN;3423,8865,8886,8909,8910,8911,8912,8913
AEGIMP;6844,8910,8915,8916,8917
AEGIMR;3424,4974,8082,8887,8908,8911,8915,8918,8919,8920,8921,8922
AEGIMS;6845,8786,8888,8912,8914,8916,8919,8923,8924,8925
AEGINN;3426,6846,8582,8889,8909,8926,8927,8928,8929,8930,8931,8932,8933
AEGINR;1525,3428,4978,6847,8084,8583,8787,8830,8869,8891,8911,8928,8934,8938,8941,8942,8943,8944,8945,8946
AEGINS;3429,4979,6848,8085,8584,8788,8870,8892,8912,8929,8935,8939,8942,8947,8948,8949,8950,8951
AEGINT;3430,8585,8831,8893,8913,8930,8943,8948,8952,8953,8954
AEGINU;8086,8894,8931,8949,8952
AEGINV;1526,4980,6849,8832,8895,8944,8953,8955
AEGINW;1527,6850,8932,8945,8955
AEGINZ;4982,6852,8087,8586,8833,8936,8940,8946,8951,8954
AEGIPP;3432,8088,8871,8937,8958,8959
AEGIPR;1528,8089,8872,8915,8938,8958,8960,8961
AEGIRS;6854,8791,8835,8901,8919,8942,8961,8964,8965,8966,8967,8968
AEGIRT;4984,6855,8587,8792,8920,8943,8956,8965,8969
AEGIRV;8944,8966,8969
AEGIRW;4986,8873,8945,8967
AEGIRZ;6857,8902,8946,8963,8968,8971
AEGIST;1531,4987,6858,8794,8904,8924,8948,8957,8962,8965,8972,8975,8976,8977
AEGISU;1532,6859,8949,8973,8975,8978
AEGISV;6860,8905,8925,8966,8974
AEGISW;8795,8874,8967
AEGITU;8589,8906,8952,8975
AEGITY;8907,8976
AEGIUZ;6862,8971,8978
AEGJLN;6863,8980,8981
AEGJLT;8983
AEGJRS;8092,8796
AEGJSU;
AEGJTU;1535
AEGKLR;4990,8986
AEGKMS;8988
AEGKRW;8873,8991
AEGKST;8992
AEGLLN;8877,8994,8995,8996,8997,8998
AEGLLS;3437,8096,8880,8996,9002,9003,9004
AEGLLT;1539,8881,8997,9000,9002,9005
AEGLLU;6864,8590,8882,9003,9005
AEGLLY;8884,8993,8998,9001,9004
AEGLMN;1540,6866,8098,8591,8886,9007,9008
AEGLMR;3438,6867,8099,8887,9006,9007,9009,9012,9013
AEGLMS;3439,8888,9008,9012,9014,9015
AEGLMV;9014
AEGLMY;9015
AEGLNO;4994,6870,8798,8838,8994,9016,9017
AEGLNR;1543,3440,4995,6871,8101,8592,8799,8891,8980,8995,9007,9018,9021,9022,9023,9024,9025
AEGLNS;1544,3441,4996,6872,8593,8800,8892,8981,8996,9008,9016,9019,9021,9026,9027,9028,9029,9030
AEGLNT;6873,8102,8839,8893,8997,9017,9020,9022,9027,9031,9032,9033
AEGLNU;1545,6874,8103,8894,9023,9028,9032,9034,9035
AEGLNW;6875,9024,9029,9033,9035
AEGLNY;8896,8998,9025,9030
AEGLNZ;
AEGLOR;3442,8105,8999,9009,9037,9038,9039,9040
AEGLOT;3443,4997,6877,8594,9000,9017,9039,9042,9045
AEGLOV;9040,9044,9045
AEGLPR;8106,9018,9037,9046,9047,9048
AEGLPS;4999,8107,8899,9019,9047,9049,9050
AEGLPU;6878,8596,9011,9048,9050,9051
AEGLRR;1547,3444,8108,8801,8900,9052
AEGLRS;1548,3445,6879,8109,8597,8802,8901,8986,9012,9021,9038,9047,9053,9054,9055,9056,9057
AEGLRT;9022,9039,9054,9058,9059
AEGLRU;3446,6880,8110,8598,8841,9013,9023,9048,9052,9058
AEGLRV;9040,9055,9060
AEGLRY;6881,8112,8804,9001,9025,9056,9059,9060
AEGLRZ;8113,8902,9057
AEGLST;1549,3448,8115,8843,8904,8983,9002,9027,9042,9054,9062,9064,9065
AEGLSU;3449,8116,9003,9028,9043,9050,9063
AEGLSV;1550,8117,8905,9014,9044,9055
AEGLSY;9004,9015,9030,9056
AEGLSZ;8844,9057
AEGLTU;8119,8906,9005,9032,9058,9066
AEGLTW;8845,9033,9065
AEGMMN;9069
AEGMMR;8908,9006,9070,9071
AEGMMS;9069,9070,9072
AEGMNO;1552,8847,9073,9074,9075,9076
AEGMNR;1553,8122,8911,9007,9074,9078,9079
AEGMNS;1554,6884,8123,8912,9008,9069,9075,9078,9080,9081
AEGMNT;1555,8124,8913,9076,9079,9080,9082
AEGMNY;8806,9077
AEGMOR;3450,8600,8848,9009,9074,9083,9084
AEGMOS;3451,8849,8914,9075,9084,9085,9086
AEGMPS;8916
AEGMRS;3452,8127,8919,9012,9070,9078,9084,9088
AEGMRU;3453,6887,8128,8921,9013,9071,9088
AEGMRW;1558
AEGMSS;1559,8129,8808,8923,8988,9072
AEGMST;3454,8130,8924,9080
AEGMSY;9015,9086,9089
AEGMUY;9089
AEGMUZ;9090
AEGNNO;6888,8926,9073,9091,9092,9093
AEGNNP;1561,8131,8927,9094
AEGNNT;1563,3455,8930,9092,9095,9097,9098,9099
AEGNOR;3456,5001,6892,8934,8989,9074,9100,9102,9103,9104,9105,9106
AEGNOS;3457,6893,8935,9016,9075,9091,9103,9107,9108
AEGNRR;1567,6900,8602,8810,8941,9102,9112,9113
AEGNRS;3458,6901,8136,8811,8852,8942,8990,9021,9078,9103,9110,9112,9114,9115,9116,9117
AEGNRT;1568,6902,8137,8603,8943,9022,9079,9095,9104,9111,9113,9115,9118,9119,9120
AEGNRU;6903,8138,8853,9023,9096,9116,9118
AEGNRV;8139,8944
AEGNRW;1569,6904,8945,9024,9105,9117,9119
AEGNRY;8854,9025,9106,9120
AEGNST;1570,6905,8141,8856,8948,9027,9080,9097,9107,9115,9122
AEGNSV;8142
AEGNSY;8950,9030,9108,9121
AEGOPS;8146,9126,9128
AEGOPT;9101,9127,9128,9129
AEGORS;1574,3462,5004,6911,8606,8858,9038,9084,9103,9126,9131,9132,9133
AEGORT;6912,8607,8956,9039,9104,9124,9127,9130,9132,9134,9135
AEGORU;5005,9133,9135,9136
AEGOST;6915,8148,8813,8860,8957,9042,9107,9128,9132,9138,9140,9141,9142
AEGOTT;3465,5008,6916,9129,9134,9144,9145
AEGOTU;9135,9140,9144,9146,9147
AEGOTW;9141
AEGOTX;9142
AEGOVY;6917,9137,9143
AEGPPR;8958,9046,9125,9148
AEGPRS;1576,6918,8149,8861,8961,9047,9110,9126,9148,9149,9151,9152,9153,9154
AEGPRT;9111,9127,9152
AEGPRU;6919,8150,9048,9153
AEGPRW;1577,9154
AEGPRY;9150
AEGPUZ;6920,9157
AEGRRS;6921,8152,9112,9149,9158,9159,9160,9161,9162
AEGRRT;8153,8609,9113,9130,9159
AEGRRU;3467,6922,8154,9052,9160,9163,9164
AEGRRV;1582,9161,9164
AEGRRY;8814,9150
AEGRRZ;8963,9162
AEGRSS;6923,8156,8815,8964,9053,9114,9131,9151,9158,9165,9166,9167,9168,9169
AEGRST;1583,3468,6924,8157,8816,8863,8965,9054,9115,9132,9152,9159,9166,9170,9171,9172
AEGRSU;6925,8610,8817,9088,9116,9133,9153,9160,9167,9173
AEGRSV;1584,8158,8966,9055,9161,9171,9173,9174
AEGRSW;8818,8967,8991,9117,9154,9168
AEGRSY;8819,9056,9169,9172,9174,9175
AEGRSZ;8968,9057,9162,9175
AEGRTT;1585,9134,9170
AEGRTU;5009,8159,9058,9118,9135
AEGRTY;6926,8820,9059,9120,9172
AEGRUV;9136,9164,9173
AEGRVY;9060,9137,9174
AEGRYZ;6929,9175
AEGSSS;9061,9165,9176
AEGSST;8864,8972,8992,9062,9138,9166
AEGSSU;1586,6930,8973,9063,9139,9155,9167,9176
AEGSSW;1588,8161,9168
AEGSTU;1589,3469,5010,8975,9140,9156,9177,9178
AEGSTY;8976,9172
AEGSUV;9173,9178
AEGSUZ;8978,9090,9157
AEGTTU;5011,9123,9144,9179
AEGTYY;
AEHHLT;5013,9184,9185
AEHHPR;1594,9187
AEHHPS;9187
AEHHPY;
AEHHRS;6934,9182,9186,9187,9188,9189,9190
AEHHRT;5015,8165,9190
AEHHSS;6935,8166,9189,9191,9192
AEHHST;5018,8167,9183,9184,9190,9192,9193
AEHHTY;9185,9193
AEHIJR;8824,9196
AEHIKN;9198
AEHIKS;5021,6937,9180,9198,9199,9200,9201,9202,9203,9204
AEHIKW;9203
AEHILM;5023,9205,9206,9207,9208
AEHILN;6939,8826,9205,9209,9210,9211
AEHILR;3470,5024,8827,9194,9209,9212,9213,9215,9216,9217
AEHILS;6941,9207,9210,9215,9218,9219,9220
AEHILT;5025,9197,9214,9216,9219,9221,9222
AEHILW;9220,9225
AEHIMM;9226,9227
AEHIMN;5026,9205,9228,9229,9230,9231
AEHIMR;5028,6944,9226,9228,9233
AEHIMS;3472,5029,9207,9227,9229,9232,9233,9234,9235
AEHINR;5032,6946,8169,8830,9209,9228,9236,9239,9240
AEHINS;3474,5033,9181,9198,9210,9229,9237,9239,9241,9242,9243,9244
AEHINV;8832,9243
AEHINW;9244
AEHIQU;9254
AEHIRS;3475,5041,6952,8835,9182,9196,9200,9215,9233,9239,9249,9256,9257,9258,9259,9260
AEHIRY;6955,9262
AEHIRZ;
AEHIST;5045,8172,9183,9202,9219,9235,9242,9251,9258,9263,9265,9266,9267
AEHISV;8173,9243,9259,9264,9268
AEHJJS;
AEHJRS;9196
AEHKMS;8175,9271
AEHKNR;8176,9272,9273
AEHKNS;6957,9198,9272,9274
AEHKNZ;9274
AEHKPR;9277
AEHKRS;5054,6961,9200,9272,9277,9279,9280,9281
AEHKRW;5055,9281
AEHKSS;9201,9271,9276,9280,9282
AEHKSU;9278
AEHKSY;9204,9282,9283
AEHKWY;9283
AEHLLL;1603,9284
AEHLLT;5060,9288
AEHLMP;9294,9295
AEHLMR;9293,9296,9297,9298
AEHLMS;3483,6964,8180,9207,9294,9296,9299
AEHLMT;1604,5061,9297,9299
AEHLNO;5064,8838,9291,9300,9301
AEHLNS;3484,5067,6966,9210,9300,9303,9304,9305
AEHLNT;1605,3485,8181,8839,9301,9302,9304
AEHLNU;3486,9305
AEHLOS;5070,6967,8840,9285,9300,9308,9310,9311
AEHLOT;5071,6968,9301,9307,9309,9311
AEHLPS;1606,5072,6970,9294,9312,9313,9314,9315
AEHLPY;5074,9315
AEHLRS;3488,5075,6971,8184,8616,9215,9287,9296,9308,9312,9316,9317,9318,9319,9320
AEHLRT;1608,3489,5076,8185,8617,9216,9297,9302,9309,9317,9321
AEHLRU;8841,9217,9298,9318
AEHLRV;8186,9319
AEHLRW;9320,9322
AEHLSS;3490,5078,6972,8187,8619,8842,9218,9303,9310,9313,9316,9323,9324,9325
AEHLST;1609,3491,5079,6973,8188,8843,9184,9219,9288,9299,9304,9311,9314,9317,9324,9326,9327
AEHLSU;6974,9305,9318
AEHLSV;9319
AEHLSW;6975,8189,9220,9320,9327,9328
AEHLSY;8191,9315,9325,9328
AEHLSZ;8844
AEHLTW;8845,9327,9329
AEHLTY;6976,9185,9222,9321,9329
AEHMMR;9226,9331
AEHMMY;9333
AEHMNS;5083,9229,9330,9335,9340
AEHMNT;5084,8193,9230,9336,9340
AEHMNU;9339
AEHMOS;8849,9335
AEHMPR;5085,6982,9343,9344
AEHMRR;5086,9343,9346
AEHMRS;5087,6983,8194,9233,9296,9331,9344,9346,9347,9348
AEHMSS;1611,5090,6984,9234,9271,9332,9347,9351,9352
AEHMST;1612,5091,8196,9235,9299,9340,9348,9352,9353,9354
AEHMTU;9349,9354
AEHMUW;9355
AEHNNS;
AEHNPP;9365
AEHNPS;1615,5098,6985,8198,9237,9365,9366,9368,9369,9370
AEHNPT;8199,9238,9359,9367,9369,9371
AEHNRT;5101,8201,9240,9273,9302,9363,9367,9373,9374,9375
AEHNSS;5102,6988,8855,9241,9303,9368,9372,9376,9377,9378,9379
AEHNST;5103,6989,8202,8856,9242,9304,9340,9369,9373,9377,9380
AEHNSU;5104,6990,9305,9370,9378,9381,9382
AEHNSV;8203,9243
AEHNSW;9244,9381
AEHNSY;1616,9380,9382
AEHNSZ;5105,9274,9379
AEHNTU;5107,6991,9357,9374
AEHNTW;8205,9383
AEHNUW;9381
AEHNUY;9382
AEHORS;5113,8858,9308,9362,9387,9388,9389
AEHORX;9389,9391
AEHOSV;
AEHOSX;6997,9364,9389
AEHOTW;6998,9395
AEHPPU;9398
AEHPRR;9343,9399
AEHPRS;3495,5117,7000,8206,8861,9187,9249,9277,9312,9344,9366,9396,9399,9400,9401,9402
AEHPRT;5118,8207,9367,9385,9401,9403,9404
AEHPSS;5121,8208,9250,9313,9368,9400,9405,9406
AEHPST;5122,7001,8862,9251,9314,9369,9386,9401,9405,9407
AEHPSW;1618,7002,9252,9402,9406
AEHPTY;9345,9371,9404,9407
AEHRRS;3496,5124,8211,9188,9256,9279,9346,9387,9399,9410,9411
AEHRRT;5125,8621,9411,9412
AEHRSS;3498,5129,7005,8212,9189,9257,9280,9316,9347,9372,9400,9410,9413,9414,9415
AEHRST;3499,5130,7006,8213,8622,8863,9190,9258,9317,9348,9373,9388,9401,9411,9413,9416,9417,9418
AEHRSU;5131,9318,9408
AEHRSV;5132,8214,9259,9319,9414,9417,9419
AEHRSW;5133,8215,9260,9281,9320,9402,9415,9418,9419,9420
AEHRSY;1620,5135,7007,8623,9420,9421
AEHRSZ;
AEHRTT;5136,8216,9403,9416
AEHRTU;9349,9374,9390,9412,9422
AEHRTV;8217,9417
AEHRTW;5137,7008,8218,9261,9350,9418,9423
AEHRTY;3500,5138,7009,9321,9404,9423
AEHRVW;9419
AEHSSS;5140,9191,9323,9351,9376,9424,9425
AEHSST;5141,7010,8219,8864,9192,9263,9324,9352,9377,9405,9413,9424,9426
AEHSSU;9378,9409
AEHSSV;8220,9264,9414
AEHSSW;5142,7011,9406,9415,9425,9426
AEHSTT;1621,9265,9326,9353,9416,9427
AEHSTW;5143,7012,9327,9395,9418,9426,9429
AEHTWY;9329,9423
AEIIKS;9432
AEIILS;3502,5149,7016,9440,9443,9444,9445
AEIIRR;8625,9195,9439,9456,9462,9463
AEIJLR;9471
AEIJLZ;9472
AEIJMM;9473,9474
AEIJNR;9477,9478
AEIJNT;9478,9479,9480
AEIJRV;9481
AEIJSS;9483
AEIJSX;
AEIJSZ;9472
AEIKKP;9485
AEIKLN;1622,3511,7028,8629,8866,9489,9492,9493,9494,9495,9496,9497,9498
AEIKLR;3512,8225,8630,9430,9491,9494,9499,9501,9502,9503,9504,9505,9506
AEIKLS;3513,5156,7029,8631,9495,9502,9507,9508,9509
AEIKLT;3514,5157,8226,8632,8867,9197,9496,9500,9503,9508
AEIKLX;8227,9510
AEIKMN;9489,9512,9513,9514
AEIKMT;9518
AEIKNS;7031,8870,9198,9495,9514,9522,9525,9526,9527,9528,9529
AEIKNT;3516,5159,8228,9431,9496,9519,9523,9526,9530,9531
AEIKNY;9528,9531,9532
AEIKNZ;9529,9532
AEIKOR;9499
AEIKOS;9533
AEIKPR;5161,8229,8872,9515,9520,9534,9535,9536
AEIKRR;3517,9501,9521,9534,9538
AEIKRS;5164,7032,9200,9502,9522,9535,9538,9539,9540,9541,9542,9543
AEIKRT;5165,7033,9503,9523,9540
AEILLM;5171,8634,8876,9546
AEILLN;3519,8877,9546,9547,9548,9549,9550
AEILLS;3523,5172,7037,8635,8880,9548,9553,9558,9562,9563,9564
AEILLT;7038,8881,9433,9559,9563
AEILLV;3524,7040,8883,9551,9565,9566
AEILLW;9487,9561,9564
AEILMM;7042,9567,9568,9569
AEILMN;1624,3525,5174,8636,8886,9205,9489,9546,9567,9570,9571,9572,9573,9574,9575,9576
AEILMP;7044,9434,9490,9572,9578,9579,9580
AEILMR;3526,5175,8232,8637,8887,9435,9491,9568,9573,9577,9578,9581,9582,9583
AEILMS;1625,3527,5176,7045,8233,8888,9207,9569,9574,9579,9582,9584,9585
AEILMZ;3533,9585
AEILNO;1627,9492,9571,9588,9589,9590,9591
AEILNP;3534,5181,7048,8234,8890,9493,9572,9588,9592,9593,9594,9595,9596
AEILNR;5182,8235,8891,9209,9437,9494,9547,9573,9589,9592,9598,9599,9600,9601,9602,9603,9604
AEILNS;3535,5183,7049,8236,8639,8892,9210,9495,9548,9574,9590,9593,9599,9605,9606,9607,9608,9609,9610,9611
AEILNT;1628,8237,8640,8893,9496,9575,9591,9594,9600,9606,9612,9613
AEILNV;7051,8642,8895,9469,9498,9601,9608,9613,9614,9616
AEILNW;9470,9595,9602,9609,9615
AEILNX;7052,8238,9438,9596,9603,9610
AEILOP;7053,9588,9617,9618,9619
AEILPP;7058,9617,9624,9625
AEILPR;5189,7059,9213,9552,9578,9592,9618,9624,9626,9627,9628
AEILPS;5190,7060,8899,9553,9579,9593,9619,9625,9626,9629,9630,9631
AEILPT;3537,5191,7061,8239,8644,9214,9580,9594,9627,9630
AEILQU;7062,9556,9597,9632
AEILRR;5193,7063,8240,8645,8900,9439,9501,9557,9581,9598,9633,9634
AEILRS;1631,3538,5194,7064,8241,8901,9215,9440,9471,9502,9558,9582,9599,9626,9633,9635,9636,9637,9638
AEILRT;3539,5195,7065,8242,9216,9503,9559,9583,9600,9627,9634,9636,9639,9640,9641,9642
AEILRW;3540,8648,9505,9561,9602,9638,9641,9645
AEILRY;3541,5198,7068,9506,9604,9642,9644,9645
AEILRZ;8244,8650,8902,9442
AEILSS;1634,3542,5199,7069,8651,8903,9218,9443,9507,9562,9584,9605,9621,9629,9635,9646,9647,9648,9649,9650
AEILST;3543,5200,7070,8652,8904,9219,9444,9508,9563,9606,9622,9630,9636,9647,9651,9652,9653,9654,9655
AEILSU;7071,9607,9648,9651
AEILSV;1635,5201,7072,8905,9608,9637,9649,9652,9656
AEILSW;3544,9220,9445,9509,9564,9609,9638,9650,9653
AEILSY;3545,7073,9611,9631,9654
AEILSZ;3546,9472,9585,9655
AEILTY;8907,9222,9586,9642,9654,9657
AEILUV;9223,9565,9614,9658
AEIMMM;9659
AEIMMN;9567,9660
AEIMMR;7076,8908,9226,9473,9568,9663,9664,9665
AEIMMS;5205,7077,9227,9474,9511,9569,9659,9660,9661,9662,9664,9666,9667
AEIMMT;1637,7078,9665,9667
AEIMNO;5206,7079,9571,9670,9671,9672,9673
AEIMNP;3548,5207,8910,9512,9572,9674
AEIMNR;3549,5208,7080,8248,8656,8911,9228,9513,9573,9670,9674,9675,9676,9677,9678,9679
AEIMNS;1638,5209,7081,8249,8657,8912,9229,9475,9514,9574,9660,9671,9676,9680,9681,9682
AEIMNT;1639,3550,5210,7082,8250,8913,9230,9447,9575,9669,9672,9677,9681,9683,9684
AEIMPR;5213,7086,8252,8915,9448,9515,9578,9674,9687,9693,9694,9695,9696
AEIMPV;7087,9696,9699
AEIMPY;1640,5214,9701
AEIMRS;3552,7089,8254,8660,8919,9233,9582,9664,9676,9689,9694,9704,9706,9707,9708,9709,9710,9711
AEIMRT;1642,5215,7090,8255,8920,9449,9583,9665,9677,9695,9707,9712,9713,9714
AEIMRU;1643,5216,8921,9708,9712,9715
AEIMRW;9516,9679,9710,9714
AEIMRY;7091,8922,9711
AEIMRZ;9715
AEIMSS;3553,5217,8256,8923,9234,9517,9584,9666,9680,9697,9706,9716,9717,9718,9719,9720
AEIMST;5218,7092,8257,8924,9235,9451,9518,9667,9681,9690,9698,9707,9717,9721,9722
AEIMSV;7093,8925,9699,9709,9718,9723
AEIMSZ;8258,9585,9722
AEIMTT;8259,9452,9721
AEIMXX;9724
AEINNN;7097,9726
AEINNO;1645,8926,9727
AEINNP;5222,8927,9728,9729
AEINNR;5223,7098,8928,9728,9730,9731,9732
AEINNS;5224,7099,8661,8929,9453,9476,9726,9730,9733,9734,9735,9736
AEINNT;5225,8662,8930,9519,9669,9727,9729,9731,9734,9737
AEINNV;
AEINNZ;8663,9736
AEINOZ;7104,8936,9739,9745,9746
AEINPP;8937,9747,9748,9749
AEINPR;5230,7105,8260,8664,8938,9236,9520,9592,9674,9728,9748,9750,9751
AEINPS;1646,5231,7106,8939,9237,9593,9738,9749,9750,9752,9753,9754
AEINPT;1647,3556,5232,7107,9238,9594,9729,9751,9753,9755,9756,9757
AEINRS;5234,7109,8666,8942,9239,9457,9477,9522,9599,9676,9730,9740,9750,9759,9761,9762,9763
AEINRT;3558,5235,7110,8261,8667,8943,9240,9458,9478,9523,9600,9677,9731,9741,9751,9760,9762,9764,9765,9766
AEINRV;7112,8944,9601,9678,9763,9767,9770
AEINRW;3559,8668,8945,9524,9602,9679,9766,9768,9771
AEINRZ;3560,8946,9769
AEINSS;3561,5236,7113,8947,9241,9525,9605,9680,9733,9742,9752,9761,9772,9773,9774
AEINST;1648,3562,5237,7114,8262,8670,8948,9242,9459,9479,9526,9606,9681,9734,9743,9753,9762,9773,9775,9776,9777,9778,9779,9780
AEINSV;5239,7115,9243,9608,9744,9763,9774,9777,9781
AEINSX;9460,9610,9779
AEINSZ;8951,9529,9736,9745,9780
AEINTU;5242,7118,8952,9480,9530,9612,9756,9758,9765,9776,9783
AEINTV;5243,7119,8264,8953,9613,9777,9783,9784,9785
AEINTZ;5246,8954,9780
AEIOPS;7121,9619,9738,9787,9788,9789
AEIOPT;5249,7122,9789
AEIOPZ;9739
AEIORR;9245,9688,9791
AEIORS;3564,5250,7123,9689,9740,9787,9792,9793
AEIORT;5251,8266,8956,9741,9792
AEIPPT;5255,9248,9801,9805
AEIPPY;9802,9806
AEIPRR;1650,5256,7136,8267,8960,9462,9534,9693,9807,9808,9809
AEIPRS;1651,5257,7137,8268,8961,9249,9535,9626,9694,9750,9787,9800,9808,9810,9811,9812,9813,9814
AEIPRT;1652,5258,7138,8269,9627,9695,9751,9801,9809,9811,9815,9816,9817
AEIPSS;7140,9250,9629,9697,9752,9788,9804,9810,9819,9820,9821,9822
AEIPST;3568,5259,8962,9251,9630,9698,9753,9789,9805,9811,9820,9823,9824,9825,9826
AEIPSV;8270,9699,9813,9821,9825
AEIPSW;9252,9700,9754,9814,9822,9826
AEIPTT;1653,9755,9815,9823
AEIPTU;9756,9824
AEIPTW;9817,9826
AEIPZZ;
AEIQSU;5264,9254,9790,9829
AEIRRS;3571,5268,7142,8273,9256,9538,9633,9704,9759,9808,9832,9833,9834
AEIRRT;1654,3572,5269,7143,8274,9634,9760,9809,9830,9833,9835,9836,9837
AEIRRV;7144,9463,9705,9831,9834,9838
AEIRRW;3573,5270,8275,9836
AEIRSS;1655,3575,8675,8964,9257,9539,9635,9706,9761,9810,9832,9839,9840,9841,9842
AEIRST;1656,3576,5272,7145,8276,8676,8965,9258,9464,9540,9636,9707,9762,9792,9811,9833,9840,9843,9844,9845
AEIRSV;5274,7147,8966,9259,9481,9637,9709,9763,9793,9813,9834,9844,9847,9848
AEIRSY;9711
AEIRSZ;3578,5275,8968,9543,9842,9846
AEIRTT;1658,3579,5276,7149,8278,8677,9639,9764,9815,9835,9843,9849,9850,9851,9852
AEIRTV;1659,3580,7150,8279,8969,9713,9816,9844,9850,9855
AEIRTW;1660,9261,9641,9714,9766,9817,9836,9845,9851
AEIRVW;1661,9848
AEIRWX;
AEIRWY;9262,9645,9771,9856
AEISST;5278,7153,8280,8678,8972,9263,9647,9717,9773,9794,9820,9840,9858,9861,9862
AEISSV;5279,7154,8974,9264,9483,9649,9718,9774,9821,9861,9863,9865
AEISSX;9862,9864
AEISSZ;7155,9842,9860
AEISTT;1662,3583,5280,8679,9265,9545,9721,9775,9795,9823,9843,9866,9867,9868,9869,9870,9871
AEISTV;1663,5281,7157,9652,9777,9825,9844,9861,9868,9872
AEISTW;3584,7158,9653,9778,9826,9845,9869,9872,9873,9874
AEISTX;1664,8680,9779,9862,9870,9873
AEISTY;8976,9266,9654,9871,9874
AEISVW;9848,9872
AEISVZ;
AEITTT;9849,9866,9875,9876
AEITTV;5283,8282,9466,9850,9868,9876
AEITTW;9269,9851,9869
AEITTX;5284,9852,9870
AEIUVX;8284,9658
AEJJNU;9877
AEJKNR;9878,9879
AEJKST;5290
AEJKSY;
AEJLPS;
AEJLSV;
AEJMMR;9473,9885
AEJMRT;9887
AEJMST;1666,9887,9888,9890
AEJNNY;9892
AEJNST;3594,8288,8681,9479,9894
AEJNSU;5296,7165,9895
AEJPRS;9896,9897
AEJPRY;9897
AEJPSS;9896
AEJRVY;9898
AEJRZZ;9482,9899
AEJSSS;
AEJSSY;9889
AEJSZZ;9899
AEJTWY;9900
AEKKMS;
AEKKNR;5300,9901
AEKKRY;1671,9902
AEKLNR;3602,5303,7173,8683,9494,9906,9907,9908
AEKLNS;1673,5304,7174,8296,8684,9495,9907,9909,9910,9911
AEKLNT;1674,3603,8297,9496,9909
AEKLNW;9910
AEKLNY;7175,9911
AEKLPS;5306,8298,9916,9917,9918
AEKLPY;9918
AEKLRR;9501,9919
AEKLRS;3605,5309,7179,8299,8686,8986,9502,9907,9916,9919,9920,9921,9922,9923
AEKLRT;5310,8687,9503,9921
AEKLRV;9504,9908,9922
AEKLRW;9505,9923,9924
AEKLSS;1675,9507,9917,9920,9925
AEKLST;5312,7180,8688,9508,9909,9913,9921,9925,9926
AEKLSW;9509,9910,9923
AEKLSY;5313,7181,9911,9918
AEKLTU;9903,9926
AEKLWY;
AEKMNU;9929,9930
AEKMOT;9931,9932
AEKMPU;9933,9934
AEKMRR;1677,8304,9935
AEKMRS;1678,3608,5317,7184,8305,9935,9936,9937,9938
AEKMRT;8306,9937
AEKMRU;9929,9933,9938
AEKMSS;8988,9271,9517,9936
AEKNNR;9940
AEKNNT;9519,9941,9942
AEKNOS;5318,9928,9943
AEKNOW;9943
AEKNPS;7188,9945,9946
AEKNRR;5320,7189,8690,9521,9948
AEKNRS;3610,5321,7190,8309,8990,9272,9522,9879,9901,9907,9940,9945,9948,9949,9950,9951,9952,9953,9954
AEKNRT;7191,8310,9273,9523,9950
AEKNRU;3611,7192,9929,9951
AEKNRW;8311,9524,9952
AEKNRY;5322,9953,9955
AEKNSS;7193,8312,9525,9949,9956
AEKNSV;
AEKNSW;1681,7196,8313,9527,9910,9943,9952,9957
AEKNSY;8314,9528,9911,9953,9957
AEKOPS;9958
AEKORS;8691,9958,9959,9960,9961
AEKORT;7200,9961
AEKOST;9533,9913,9932,9961,9962
AEKOSY;
AEKPRR;9534,9965
AEKPRS;5328,7201,8316,9277,9535,9916,9945,9958,9965,9966
AEKPSS;9917,9966,9967
AEKPTU;1684,9880,9947,9968
AEKQRU;5330,9537,9969
AEKQSU;9969,9970,9971
AEKRRS;3617,5331,9279,9538,9919,9935,9948,9959,9965,9972
AEKRRT;5332,8318,9972
AEKRRY;
AEKRSS;1685,5333,9280,9539,9920,9936,9949,9960,9966,9973,9974
AEKRST;1686,5334,7203,8320,9540,9921,9937,9950,9961,9972,9973,9975
AEKRSW;5336,8322,8991,9281,9542,9923,9952,9976
AEKRSY;5337,7204,9902,9953,9974,9975
AEKRUW;9924,9976
AEKSST;3618,5340,8992,9925,9973,9978
AEKSSU;9956,9970
AEKSSV;1687,9977
AEKSTW;5342,8325
AEKTWY;
AEKWYY;9979
AELLLS;8326,9284
AELLLY;8993
AELLMT;9982,9983,9986
AELLMY;5346,9985,9986
AELLNU;5347,9549,9980,9997
AELLNW;7208,9995
AELLNY;5348,8998,9550,9991,9992,9998
AELLOR;5349,7209,8999,9989,10000,10001,10002,10003
AELLPP;10005
AELLPS;1692,5352,7212,9553,10005,10006,10008,10009
AELLPT;1693,10009,10010,10011
AELLPX;9999
AELLPY;5353,9555,9992,10011
AELLRT;1694,9559,9982,9993,10001,10014,10018
AELLRU;3625,7214,9560,10007,10013,10015
AELLRW;9561,10016
AELLRY;1695,5356,9001,10003,10017,10018,10019
AELLSS;3626,8330,9562,9994,10004,10008,10020,10021,10022
AELLST;3627,5357,7215,8331,9002,9288,9563,9983,10009,10014,10020,10023,10024,10025
AELLSU;7216,9003,9984,10015,10021
AELLSY;8695,9004,9985,10017,10025,10026,10027
AELLTT;8696,9996,10023
AELLTU;3628,8697,9005,9903,10010,10028
AELLTW;10024
AELLTY;9986,10011,10018,10025
AELLVY;9998,10019,10026
AELLWY;8332,10027
AELMMR;1698,3629,5358,9006,9568,10034,10035
AELMMS;3630,7218,9569,10031,10034,10036,10037
AELMNO;5359,9291,9571,10030,10039,10040,10041
AELMNR;7220,8334,9007,9573,10039,10042,10043,10044
AELMNS;5360,8335,8699,9008,9574,10031,10038,10040,10043,10045,10046,10047
AELMNT;1700,3631,7221,8336,9575,10032,10041,10046,10048,10049
AELMNW;
AELMNY;8338,9292
AELMOR;5361,7222,8700,9009,9293,9577,10039,10050,10053,10054,10055
AELMOS;7223,10040,10053,10056,10057,10058
AELMPR;5364,8339,9578,10042,10050,10060,10061,10062
AELMPS;5365,7225,8340,9294,9579,10060,10063,10064,10065
AELMPU;9011,10051,10065,10066
AELMRS;3635,5366,7226,8342,8701,9012,9296,9582,9981,10034,10043,10053,10060,10067,10068,10069,10070,10071
AELMRT;3636,8343,9297,9583,9982,10035,10061,10069,10072,10073
AELMRU;7227,9013,9298,10044,10054,10070,10073
AELMRV;10055,10071
AELMRY;5367,10062
AELMST;1705,5369,7229,8345,9299,9983,10036,10046,10057,10064,10069,10074,10076
AELMSU;3637,5370,7230,8346,9984,10047,10065,10070,10075,10076
AELMSY;1707,9015,9985,10037,10058
AELMTU;3639,5372,8348,10049,10066,10073,10076
AELMTY;9586,9986
AELNNP;7233,8349,10077,10078,10079
AELNNR;10077,10080,10081,10082
AELNNW;
AELNOR;5378,7235,9589,9989,10039,10089,10090,10091
AELNOS;3640,5379,7236,8350,9016,9300,9590,10040,10085,10086,10089,10092
AELNOT;3641,5380,7237,9017,9301,9591,10041,10087,10092,10093,10094
AELNPR;1711,8351,9018,9592,9906,10042,10077,10096,10098,10099,10100
AELNPS;5382,8352,9019,9593,10078,10086,10098,10101,10102,10103
AELNPT;1712,5383,7239,9020,9594,10087,10099,10102,10104,10105,10106
AELNPU;1713,5384,10079,10088,10103,10104
AELNRS;1714,3644,5385,7241,8354,8707,9021,9599,9907,10043,10080,10089,10098,10108,10109,10110,10111,10112,10113
AELNRT;3645,5386,8355,9022,9302,9600,9993,10081,10099,10110,10114,10115,10116
AELNRU;3646,5387,7242,8708,9023,10044,10082,10090,10115,10117,10118
AELNRV;9601,9908,10091,10111,10116,10118
AELNRY;3647,5388,7243,9025,9604,10100,10112
AELNRZ;10113
AELNSS;1715,7244,8357,9026,9303,9605,9994,10045,10101,10109,10119,10120,10121
AELNST;1716,5389,7245,8358,9027,9304,9606,9909,10046,10083,10092,10102,10110,10122,10123,10124,10125,10126
AELNSU;3648,5390,7246,8709,9028,9305,9607,10047,10103,10119,10123,10127
AELNSV;8359,9608,10111,10124
AELNSY;1717,3649,7248,9030,9611,9911,10112,10125
AELNTT;1718,5391,8710,9031,9996,10048,10114,10122
AELNTU;3651,7249,9032,9612,10049,10084,10104,10115,10123,10128
AELNTV;9613,10093,10116,10124,10128
AELNTY;1719,3652,5392,8361,10094,10106,10125
AELNTZ;1720,10126
AELNUW;7251,9035,9615,10127
AELOOZ;9036,10130
AELOPR;3654,5394,7252,8362,9037,9306,9618,10050,10131,10133,10134,10135,10136
AELOPS;3655,5395,7253,9619,10086,10134,10137,10138
AELOPT;3656,5396,7254,9307,10087,10135,10137,10139,10140
AELOPX;8363,9999,10132,10138
AELORS;1724,3658,5400,7255,8364,8714,9038,9308,10000,10053,10089,10129,10134,10142,10143
AELORT;3659,5401,7256,8715,9039,9309,10001,10135,10141,10143,10144,10145,10146,10147,10148
AELOST;3663,5404,7259,8366,8717,9042,9311,9622,9913,10057,10092,10137,10143,10154,10158,10159
AELOSV;3664,5405,7260,9044,10155,10158,10161
AELOSW;3665,7261,8367,8718,10156
AELOSZ;10157,10159,10160
AELOTZ;10148,10159
AELOVV;10164
AELPPR;1727,5410,8719,9046,9624,10096,10131,10166,10167
AELPPS;1728,5411,7265,9625,10005,10166,10168,10169,10170
AELPPT;1729,9915,10169,10171
AELPPU;1730,10170,10171
AELPPY;10097,10167
AELPQU;10172
AELPRR;8368,10133,10173
AELPRS;1731,5412,7266,8369,8720,9047,9312,9626,9916,10006,10060,10098,10134,10166,10173,10174,10175,10176,10177,10178
AELPRT;1732,5413,8370,9627,10061,10099,10135,10175,10179,10180
AELPRU;3669,8371,8721,9048,10007,10176,10181
AELPRW;10177
AELPRY;5414,7267,8722,10062,10100,10167,10178,10180,10181
AELPSS;1734,5415,8372,9049,9313,9629,9917,10008,10063,10101,10168,10174,10182,10183
AELPST;1735,5416,7268,9314,9630,10009,10064,10102,10137,10169,10175,10183,10184,10185,10186,10187
AELPSU;5417,7269,8373,9050,10065,10103,10170,10172,10176,10185
AELPTT;1736,7272,8374,10139,10179,10184
AELPTU;1737,8375,10010,10066,10104,10140,10171,10185
AELQSU;5422,8377,10172,10190,10191
AELQUZ;10191,10192
AELRRT;8378,9634,10141,10196,10197
AELRRY;
AELRSS;3674,5427,7278,8381,8723,9053,9316,9635,9920,10068,10109,10142,10174,10193,10198,10199,10200,10201,10202,10203
AELRST;1739,3675,5428,7279,8382,8724,9054,9317,9636,9921,10014,10069,10110,10143,10175,10199,10204,10205,10206,10207,10208
AELRSU;5429,7280,8383,8725,9318,10015,10070,10176,10194,10200,10205,10209
AELRSV;3676,5430,8384,9055,9319,9637,9922,10071,10111,10201,10206,10209,10210,10211
AELRSW;3677,5431,7281,9320,9638,9923,10016,10177,10195,10202,10207,10212,10213
AELRSY;3678,8386,8726,9056,10017,10112,10178,10203,10208,10211,10213
AELRTT;3680,5432,7283,8727,9639,10072,10114,10144,10179,10196,10204,10215,10216
AELRTV;1740,10116,10146,10206,10217
AELRTY;5433,7286,9059,9321,9642,10018,10147,10180,10208,10218
AELRUV;8388,10118,10209,10217
AELRVV;9643,10210
AELRWX;7288,10212
AELRWY;9322,9645,10152,10213,10218
AELRYY;
AELRZZ;7289,8729,10214
AELSSS;5434,9061,9323,9646,10153,10182,10198,10220
AELSST;1743,3684,5435,7290,8389,8730,9062,9324,9647,9925,10020,10074,10154,10183,10199,10220,10221,10222,10223,10224,10225,10226
AELSSU;3685,5436,9063,9648,10021,10075,10119,10190,10200,10222,10227
AELSSV;5437,8390,9649,10155,10201,10223,10227,10228
AELSSW;8391,9650,9884,10022,10120,10156,10202,10224,10229
AELSSY;8392,9325,10203,10226,10228,10229
AELSTT;1744,3686,7291,9064,9326,10023,10122,10184,10204,10221,10230,10231,10232
AELSTU;3687,5438,7292,8394,8731,9651,9926,10076,10123,10185,10205,10222,10233
AELSTV;1745,8395,9652,10124,10158,10206,10223
AELSTW;9065,9327,9653,10024,10207,10224,10231,10234
AELSTX;8396,10225,10233
AELSTY;3688,5439,8397,9654,10025,10125,10186,10208,10226,10232
AELSUV;7293,8732,10209,10227,10235
AELSUX;1747,5441,10233
AELSVV;9656,10210
AELSVY;10026,10161,10211,10228,10235
AELSYZ;
AELSZZ;7295,10214,10236
AELTTT;7296,10215,10230,10237
AELTTW;7297,10231,10237
AELTTY;8400,10232
AELTUX;7299,10233,10238
AELUUV;10188
AELUVV;10029,10239
AEMMMR;1753,8402,10240
AEMMMT;1754,10241
AEMMMY;10242
AEMMNR;9927
AEMMRR;5445,9663,10250
AEMMRY;10252
AEMMRZ;10253
AEMMST;9667,10036,10241,10251,10254,10255,10256
AEMMSU;10255
AEMMSY;8407,9333,10037,10242,10252
AEMMTU;10245,10255
AEMMTW;10256
AEMNNP;8409
AEMNNR;10257,10262,10263
AEMNNT;1758,9669,10259,10263,10265
AEMNNV;
AEMNOP;10266,10267,10268,10269
AEMNOR;1759,5447,7306,8733,9074,9334,9670,10039,10257,10267,10270,10271,10272,10273,10274,10275
AEMNOS;3694,5448,7307,9075,9335,9671,9928,10040,10258,10268,10271,10276,10277
AEMNOT;3695,9076,9336,9672,10041,10243,10259,10272,10277,10278,10279
AEMNOY;9337,10275
AEMNPR;8411,9674,10042,10267
AEMNPU;10282,10283
AEMNQU;10285
AEMNRS;7310,8414,9078,9676,10043,10262,10271,10287,10288
AEMNRT;1763,5450,8415,8734,9079,9677,10263,10272,10287,10289,10290
AEMNRU;1764,7311,8735,9339,9929,10044,10273,10286,10288,10289
AEMNRW;5451,9679
AEMNSS;7313,8416,9680,10045,10244,10276,10280,10291,10292,10293
AEMNST;1765,3697,7314,8417,9080,9340,9681,10046,10277,10281,10287,10292,10294,10295
AEMNSU;3698,5452,7315,9930,10047,10282,10285,10288,10293,10294
AEMNSV;
AEMNSX;8418
AEMNSY;3699,7316,10295
AEMNTU;1766,7317,9082,10049,10245,10265,10279,10283,10289,10294,10296
AEMNTV;10290
AEMNTX;9683
AEMOOV;7318,10301
AEMOPZ;10269,10303
AEMORR;7320,8736,9688,10270,10304,10305,10306,10307
AEMORS;5455,7321,8737,9084,9689,10053,10247,10271,10305,10308,10309,10310,10311,10312
AEMORT;3700,8420,8738,9342,10272,10298,10309
AEMORW;10248,10299,10307,10311
AEMORX;10312
AEMOST;5458,9690,9932,10057,10277,10300,10309,10313,10315,10316
AEMOSV;7322,10301,10314
AEMOSW;7323,8421,9085,10311,10316,10318
AEMPPR;10302,10320,10321
AEMPRR;5460,9343,9693,10322,10323,10324
AEMPRS;5461,7326,8422,9344,9694,10060,10249,10320,10322,10325,10326,10327,10328
AEMPRT;1769,5462,7327,8423,9695,10061,10323,10325,10329,10330
AEMPRV;9696,10327
AEMPSU;9934,10065,10282,10326,10331
AEMQRU;8428,10334
AEMQSU;1770,10285,10334,10335
AEMRRR;9703,10304,10336,10337
AEMRRS;8429,8740,9346,9704,9935,10067,10250,10305,10322,10336,10338,10339,10340,10341
AEMRRU;7331,10286,10339,10342
AEMRRV;9705,10306,10340
AEMRRW;10307,10324,10341
AEMRSS;1771,5466,8430,9347,9706,9936,10068,10308,10343,10344
AEMRST;1772,3703,5467,7332,8431,9348,9707,9887,9937,10069,10251,10287,10309,10325,10338,10343,10345,10346,10347,10348
AEMRSU;7333,8432,9088,9708,9938,10070,10288,10310,10326,10334,10339,10344,10346
AEMRSY;5468,9711,10252,10348
AEMRSZ;10253
AEMRTT;10072,10329,10345,10349,10350
AEMRTU;1773,7335,9349,9712,10073,10289,10330,10342,10346,10351
AEMRUV;
AEMSSS;1774,8435,9351,9716,10291,10352
AEMSST;7336,8436,9352,9717,9888,10074,10254,10292,10313,10343,10353
AEMSSU;5469,7337,10075,10293,10331,10335,10344,10352,10353,10354
AEMSSY;3705,9720,9889,10355
AEMSSZ;10355
AEMSTT;5470,8437,9353,9721,10315,10345,10356
AEMSTU;5471,9354,10076,10255,10294,10346,10353,10356,10357
AEMSTY;9890,10295,10348
AEMSUV;9723,10357
AEMSYZ;10355
AEMTTU;7338,10296,10333,10356
AEMUZZ;9356,10359
AENNNO;10360
AENNOS;3707,5473,9091,9891,10258,10360,10362,10365,10366,10367
AENNOV;8440,10366
AENNOY;5476,7339,10364,10367
AENNPR;9728,10077,10369
AENNPS;7340,9094,10078,10362,10369
AENNRT;9095,9731,10081,10263,10363,10371,10373,10374,10375
AENNRV;10372,10374
AENNRW;
AENNSS;9733,10365,10376
AENNST;1776,3710,5480,7342,8444,8743,9097,9734,9941,10083,10371,10377,10378
AENNTT;1778,9098,9737,10373,10377
AENOPS;1780,7350,9738,10086,10268,10362,10381,10383,10384,10385,10386,10387
AENOPT;5484,7351,9101,9359,10087,10382,10383,10388
AENOPV;10385
AENOPW;9360,10386
AENOPY;8745,9361,10387
AENORS;3711,5486,8449,9103,9362,9740,10089,10271,10381,10389,10392,10393,10394
AENORT;3712,5487,7353,9104,9363,9741,10272,10363,10382,10390,10393,10395,10396
AENOSS;5488,8450,9742,10276,10365,10392,10399,10400,10401
AENOST;3715,5489,7355,9107,9743,10092,10277,10383,10393,10400,10402,10403,10404
AENOSW;9943,10386,10401,10405
AENOSX;9364
AENOTT;5491,7358,10278,10402
AENOTV;5492,7359,10093,10396,10404
AENOTZ;7360,10379
AENPPR;1782,7361,9748,9944,10096,10380,10407,10408,10409
AENPPS;7362,9365,9749,10407,10410
AENPPT;10408,10410
AENPRS;5494,7365,8452,9110,9366,9750,9945,10098,10369,10381,10407,10413,10414,10415
AENPRT;9111,9367,9751,10099,10382,10408,10411,10413,10416,10417
AENPRW;7367,10412,10414,10417
AENPRY;10100
AENPRZ;10415
AENPSS;1783,9368,9752,10101,10280,10419,10420
AENPST;1784,5496,7368,8453,9369,9753,10102,10281,10383,10410,10413,10419,10421,10422,10423,10424,10425
AENPSV;1785,10385
AENPTT;1787,5499,9755,10416,10421
AENPTU;7372,9756,9947,10104,10283,10388,10422
AENPTZ;10425
AENQSU;10285,10426
AENQTU;3719,7374,9758,10370,10426
AENRRS;3720,7375,8457,8747,9112,9759,9948,10108,10389,10427,10428,10429,10430
AENRRT;1788,8458,9113,9760,10390,10411,10428,10431,10432
AENRRW;7376,10412,10429
AENRRY;5501,7377,8460,10430,10432
AENRSS;1789,5502,7378,8461,8748,9114,9372,9761,9949,10109,10392,10427,10433,10434,10435,10436
AENRST;1790,3722,5503,7379,8462,9115,9373,9762,9950,10110,10287,10371,10393,10413,10428,10434,10437,10438,10439,10440,10441
AENRSU;3723,5504,7380,8749,9116,9951,10288,10394,10438,10442,10443
AENRSV;5505,9763,10111,10372,10439
AENRSW;7381,8463,8750,9117,9952,10414,10429,10435,10440,10442,10444
AENRSY;3724,5506,9953,10112,10430,10436,10441,10443,10444
AENRTT;1791,5508,7383,8464,9764,10114,10373,10416,10431,10437,10445,10446
AENRTU;1792,5509,7384,9118,9374,9765,10115,10289,10395,10438,10445,10447,10448
AENRTV;1793,7385,8465,10116,10290,10374,10396,10439,10447
AENRTW;9119,9766,10417,10440,10448
AENRTY;5510,7387,9120,10375,10432,10441,10446
AENRUW;1794,9768,10442,10448,10449
AENRWY;9771,10444,10449
AENSST;3727,5511,8467,8751,9377,9773,9894,10292,10400,10419,10434,10450,10451,10452,10453,10454
AENSSU;1796,5512,7391,8468,9378,9895,9956,10119,10293,10451
AENSSW;1798,7392,8470,10120,10376,10401,10435,10455
AENSSY;9121,10420,10436,10453,10455,10456
AENSTU;3729,5514,7394,9776,10123,10294,10403,10422,10426,10438,10451,10458,10460
AENSTX;9779,10452,10459,10460
AENSTY;7396,9380,10125,10295,10424,10441,10453,10461
AENSTZ;3730,9780,10126,10425,10454
AENSUV;5516,7397,8472
AENSUY;9382,10443
AENSVW;10405
AENSWY;7399,9782,9957,10444,10455,10461
AENSWZ;7400,8473
AENSZZ;
AENTTT;10457,10462
AENTTU;7401,9123,10296,10445,10458,10462
AENTTX;10459
AENTTY;10446
AENTWY;10297,10461
AEOOSZ;
AEOPPR;9125,10131,10302,10380,10466,10467
AEOPPS;7408,10463,10465,10466,10468
AEOPQU;7409,10469,10470
AEOPRR;7410,10133,10471,10472,10473
AEOPRS;3735,9126,9787,9958,10134,10381,10464,10466,10471,10474,10475
AEOPRT;3736,7411,8476,9127,9385,10135,10382,10472,10475,10476,10477
AEOPSS;5520,7413,9788,10468,10474,10480,10481
AEOPST;5521,7414,9128,9386,9789,10137,10383,10475,10481,10482,10483,10484
AEOPTT;9129,10139,10476,10482
AEOPTY;10483
AEORRR;9791,10304,10488
AEORRS;3738,5524,7415,8478,9387,9959,10305,10389,10471,10488,10489,10490,10491,10492,10493
AEORSS;5526,7418,8479,9131,9960,10142,10308,10392,10474,10489,10495,10496,10497
AEORST;1804,3740,5527,7419,8480,9132,9388,9792,9961,10143,10309,10393,10475,10490,10496,10498
AEORSU;3741,5528,7420,9133,10310,10394,10491,10497,10499
AEORTT;3746,7423,9134,10144,10476,10498,10502
AEORUV;9136,9392,10486,10499,10503
AEORVW;8483,10500
AEORVY;9137,10151,10478,10501
AEOSSV;10155,10314,10506
AEOSTV;3747,5537,9962,10158,10404,10506
AEOSTW;9141,9395,10316
AEOSTZ;9796,10159,10484
AEOTTU;7428,9144,9963,10162,10502,10507
AEOUVZ;10508
AEPPRR;5541,8486,10510,10511,10512
AEPPRS;1805,5542,7430,8487,8761,9148,9396,9800,10166,10320,10407,10466,10510,10513,10514,10515,10516,10517,10518
AEPPRT;1806,7431,8488,9801,10408,10511,10514
AEPPRU;10409,10509,10515
AEPPRW;7432,9397,10512,10516
AEPPRY;9802,10167,10321,10517
AEPPRZ;9803,10518
AEPPSY;9806,10517
AEPPTT;10519
AEPPTU;7435,10171,10520
AEPRRS;1808,5543,7437,8490,9149,9399,9808,9965,10173,10322,10471,10510,10522,10523,10524,10525,10526,10527
AEPRRT;8491,9809,10323,10411,10472,10511,10524,10528,10529,10530
AEPRRU;10525,10528
AEPRRW;10324,10412,10512,10526,10529
AEPRRY;7438,9150,10527,10530
AEPRSS;1809,5544,7439,8493,9151,9400,9810,9896,9966,10174,10474,10513,10523,10531,10532,10533,10534
AEPRST;1810,5545,7440,8494,9152,9401,9811,10175,10325,10413,10475,10514,10524,10532,10535,10536,10537,10538
AEPRSU;3749,5546,9153,9812,10176,10326,10515,10525,10533,10536,10539,10540
AEPRSV;8495,9813,10327
AEPRSW;3750,9154,9402,9814,10177,10328,10414,10516,10526,10541
AEPRSX;10539
AEPRSY;1811,7441,9897,10178,10517,10527,10534,10537,10540,10541,10542
AEPRTT;7442,9403,9815,10179,10329,10416,10476,10535
AEPRTU;5547,7443,8497,10330,10521,10528,10536
AEPRTX;10543
AEPRTY;1813,3752,8498,9404,10180,10530,10537,10543
AEPRTZ;8499,10538
AEPRUY;10181,10540
AEPRWY;10479,10541
AEPSSS;8500,9819,10182,10480,10531
AEPSST;5548,8501,9405,9820,10183,10419,10481,10532,10544
AEPSSU;9155,10331,10533,10544
AEPSSV;9821
AEPSSY;9967,10420,10534
AEPSTT;7444,8503,9823,10184,10421,10482,10519,10535,10546,10547
AEPSTU;3753,5549,7445,9156,9824,9968,10185,10422,10520,10536,10544,10547
AEPSTX;
AEPSUX;10539
AEQRRU;10189,10549,10550
AEQRSU;3754,7448,8505,9408,9969,10334,10549,10551,10552,10553
AEQRTU;5550,10485,10521,10550,10552,10554
AEQRUV;9828,10486,10553,10555
AEQSTU;5552,8506,10426,10552
AEQSUY;9971
AEQUYZ;
AERRSS;1818,5554,8508,9158,9410,9832,10193,10427,10489,10523,10557,10558
AERRST;1819,3756,5555,7450,8509,8762,9159,9411,9833,9972,10338,10428,10490,10524,10557,10559,10560,10561
AERRSU;3757,5556,8510,9160,10194,10339,10491,10525,10549,10558,10562
AERRSV;3758,5557,8511,9161,9834,10340,10492,10560
AERRSZ;3760,9162,10493,10562
AERRTT;1820,5559,8513,9835,10196,10431,10559,10564
AERRTY;5561,8763,9837,10432,10530,10561,10564
AERRUZ;10562
AERRWY;10563
AERSSS;3763,8764,9165,9839,10198,10433,10495,10531,10565,10566,10567
AERSST;1821,3764,5564,8517,8765,9166,9413,9840,9973,10199,10343,10434,10496,10532,10557,10565,10568,10569,10570,10571
AERSSU;3765,5565,7453,8518,9167,9841,10200,10344,10497,10533,10551,10558,10566,10572
AERSSV;5566,8519,9414,10201,10569,10572,10573
AERSSW;7454,9168,9415,10202,10435,10567,10570,10573,10574
AERSSY;1822,5567,8520,9169,9974,10203,10436,10534,10571,10574
AERSTT;3767,5568,7455,8521,9170,9416,9843,10204,10345,10437,10498,10535,10559,10568,10575,10576,10577,10578,10579,10580
AERSTU;1823,3768,5569,8522,8766,10205,10346,10438,10536,10552,10576,10581,10582
AERSTV;3769,7456,9171,9417,9844,10206,10439,10560,10569,10577,10583
AERSTW;1824,3770,7457,8523,8767,9418,9845,10207,10347,10440,10570,10578,10584
AERSTX;3771,8524
AERSTY;3772,5570,7458,9172,9975,10208,10348,10441,10537,10561,10571,10579,10582,10583,10584
AERSTZ;10538,10580
AERSUU;3773,10581
AERSUV;8525,9173,10209,10499,10553,10572
AERSUZ;9846,10562
AERSVV;9847,10210
AERSVW;7460,8527,9419,9848,10500,10573
AERSWX;8528,10212
AERSWY;3774,9420,10213,10444,10541,10563,10574,10584
AERSZZ;9899,10214
AERTTT;5571,9849,10215,10575,10585
AERTTU;1825,3775,5572,8768,10216,10445,10502,10554,10576,10586
AERTTV;9850,10577,10586
AERTTW;9851,10578
AERTTY;3776,5574,10350,10446,10564,10579,10585
AERTUU;9422,10351,10581
AERTWY;9423,10218,10584
AERTYZ;
AERVWY;
AESSSS;9857
AESSST;3778,9424,9858,10220,10450,10565,10587
AESSSY;3779,8533
AESSTT;3780,5578,8534,8771,9978,10221,10568,10587,10588,10589,10590
AESSTU;5579,7462,10222,10353,10451,10544,10589,10591,10592
AESSTV;1826,9861,10223,10506,10569,10590,10591
AESSTW;7463,9426,10224,10570
AESSTY;5580,10226,10453,10571,10592
AESSVY;10228,10593
AESSZZ;10545
AESTTT;1828,8537,8773,9866,10230,10457,10546,10575,10588,10594,10595
AESTTU;3781,5582,7464,9427,9867,10356,10458,10507,10547,10576,10589,10594
AESTUV;7466,9178,10357,10591
AESTVW;9429,9872
AESTWY;9874,9900,10461,10584
AESTXY;
AESTYY;
AESVVY;10593
AESVWY;
AESVYZ;
AESWZZ;10236
AETUXY;
AFFFLS;
AFFGRS;8543
AFFGUW;10602
AFFHIT;10605
AFFIKR;10607
AFFILP;10610
AFFIMR;10612
AFFIRT;5591,10618
AFFIRZ;10620
AFFLNY;
AFFLOS;10622
AFFLOY;10621,10622
AFFLSU;
AFFLUX;
AFFLWY;
AFFNSY;
AFFOPY;10621,10626
AFFQSU;
AFFRST;8570,10618,10627
AFFSST;10627
AFFSUW;10602
AFGGLY;
AFGGOT;10630,10631
AFGHOS;
AFGIJM;10645
AFGIKN;10639,10646,10647
AFGIMN;10649,10659,10660,10661
AFGIMY;10661
AFGINN;7477,8582,10599,10629,10641,10647,10650,10662,10663,10664,10665
AFGINR;3789,5597,7478,8583,10642,10652,10660,10667,10668,10669,10670,10671
AFGINS;5598,7479,8584,10633,10653,10663,10669,10672
AFGINT;8585,10634,10643,10654,10666,10670,10672,10673,10674,10675
AFGINX;
AFGINY;10601,10657,10661,10665,10671
AFGINZ;8586
AFGISY;
AFGITZ;
AFGLNO;10651,10682
AFGLNU;10655,10683
AFGLOS;10682
AFGLRU;8598,10658
AFGMNO;10659,10685
AFGMOR;8600,10685,10686
AFGNOS;10682
AFGORR;1844,8605,10688
AFGORT;8607,10679
AFGOST;10630,10689
AFGOTU;10689
AFGRST;
AFGRUY;
AFHIIR;10690
AFHIKL;1845,10692
AFHIKR;10693
AFHIMS;10699
AFHIOS;10700,10703
AFHIRS;10604,10635,10690,10693,10703,10704,10705
AFHIST;3792,5600,10605,10705,10706,10708
AFHLMU;10712,10713
AFHLOO;10714
AFHLSY;7483
AFHLTU;8620,10637,10716
AFHMOT;10717
AFHORS;10703,10721
AFHRSW;
AFHSST;10706
AFIILL;
AFIILN;5606,10640,10722,10723
AFIIMN;
AFIJNN;10728
AFIKLS;1853,8631,10692
AFIKNU;5609,10733
AFIKRS;10607,10693,10734
AFILLN;10648,10695,10736,10737,10738
AFILLS;8635,10735,10737
AFILMU;
AFILMY;10747,10748
AFILNS;8639,10653,10722,10737,10751
AFILNU;8641,10655,10750,10752
AFILNV;8642,10751
AFILNY;5612,10657,10738,10753
AFILOR;10609,10724,10746,10754
AFILPS;10610
AFILRS;10758
AFILRY;5614,10726,10741,10757,10759
AFILRZ;8650,10758
AFILSY;10611,10760,10762
AFIMNR;7487,8656,10660,10731,10764
AFIMNY;7488,10661
AFIMRS;8660,10612,10764,10767
AFIMRT;10767
AFIMRY;
AFIMSS;5618,10749,10768,10769
AFIMSV;10769,10771
AFIMUZ;10772
AFINNN;10662,10774
AFINNO;10775,10776,10777
AFINNT;1857,8662,10777,10778
AFINRU;10614,10780,10781
AFINST;1860,8670,10672,10778,10783
AFINSU;10733,10780,10782,10783
AFINSY;
AFINTU;10674,10702,10752,10781,10783
AFINTY;10615,10753
AFINYZ;
AFIORT;10784,10785,10786
AFIQRS;10787
AFIQRU;8673,10787
AFIRRS;
AFIRRY;10757
AFIRST;8676,10618,10705,10767,10784
AFIRTY;10677,10759
AFIRUY;1866
AFISTW;
AFJLRU;10794
AFKLNS;8684
AFKLSS;
AFKNRS;
AFKOST;
AFKRST;
AFLLMU;10800,10801
AFLLNO;10802
AFLLNU;10803
AFLLOR;10805,10806
AFLLOW;10807
AFLLPU;10740,10800,10809,10810
AFLLTY;1873,10742
AFLLUW;10744,10811
AFLMMS;
AFLMNU;10812
AFLMNY;
AFLMOR;8700,10746,10813,10814,10815
AFLMRU;10712,10814,10817
AFLMYY;
AFLNNY;
AFLNOT;10820,10821,10822
AFLNPU;10750,10823
AFLNSW;
AFLNTU;10752,10796,10822,10824,10825,10826
AFLOOS;10714,10827
AFLORS;8714,10805,10813,10830,10831,10832
AFLORV;10832,10833,10834
AFLOST;5637,8717,10816,10827
AFLOTY;3803,10715
AFLPPY;
AFLPSU;5638,10809,10823
AFLRSU;5639,8725,10794,10817,10831
AFLRTU;5640,8728,10824,10839,10840
AFLSSU;10836,10841
AFLSTU;1878,8731,10716,10761,10818,10825,10841,10842
AFLSTY;10762,10838
AFLSWY;10843,10844
AFLTTY;10763
AFLTUV;10842
AFLTUY;5643,10826,10840
AFLWYY;1879,10844
AFMNOT;10846,10847,10848
AFMNSU;10849
AFMOOS;10765,10851
AFMORS;8737,10686,10813,10852,10853
AFMORT;8738,10847,10852,10854
AFMOSU;7501,10853,10856
AFMSSU;10857
AFMSUU;10819,10857
AFNNNO;10858
AFNNOS;10776,10858
AFNNOT;5645,7502,10777
AFNORT;10625,10820,10847,10860
AFNPRY;10862
AFNRSS;8748
AFNRSU;8749,10780,10849
AFNRYZ;
AFNSSU;3805,10782,10863
AFOORT;3806,10865,10866
AFORRS;7506,10688,10868,10869
AFORRW;7507,10859,10868
AFORRY;8755,10869
AFORSS;10721,10830,10870
AFORSV;10832,10872
AFORSY;8757,10869,10870
AFORTU;10785,10854,10871,10873
AFORUV;10833,10872
AFOSSS;10874
AFOSST;1885,8759
AFOSSU;10836,10874
AFOSTU;8760,10689,10856,10871,10875,10876
AFOSUV;10872
AFPTUW;10877
AFRRTY;8763
AFRSSW;
AFRSTU;5652,8766,10871
AGGGIN;3809,7509,10628,10878,10879,10880,10881,10882,10883,10884,10885,10886,10887,10888,10889,10890
AGGGOS;
AGGHIS;5654,10891,10895,10896
AGGHSY;
AGGIIL;10892,10898
AGGILN;1888,3811,7511,8785,10881,10906,10907,10908,10909,10910,10911,10912
AGGILO;10908,10913
AGGIMN;10882,10893,10899,10914,10915,10916,10917
AGGINO;7514,10908,10924
AGGINP;10919,10925,10926,10927,10928,10929
AGGINR;3814,5655,7515,8787,10884,10909,10920,10926,10930,10931,10932,10933,10934,10935,10936
AGGINS;8788,10885,10895,10904,10910,10916,10927,10931,10937,10938,10939,10940
AGGINT;10886,10901,10911,10921,10924,10932,10938
AGGINW;10889,10905,10923,10929,10939
AGGINZ;10890,10912,10936,10940
AGGIOR;10942
AGGISW;3816,8795,10896,10939,10943
AGGIWW;10943
AGGIZZ;10944
AGGKNY;
AGGLNY;
AGGLOT;10945
AGGLSU;
AGGLSY;
AGGLWY;
AGGMNO;10946
AGGMOT;10948,10949
AGGMRU;10950
AGGMSU;10950
AGGNOU;10951
AGGNOW;10952
AGGNOX;10953
AGGNPU;10928,10955
AGGNRU;10933,10956
AGGNSU;3818,8812,10951,10955,10956
AGGNSY;10954
AGGORS;10942
AGGPRY;10957
AGGQUY;
AGGSTY;
AGHHSU;3820,10962
AGHHTU;10963
AGHIJR;8824,10967
AGHIKU;10972
AGHILN;3821,8826,10964,10974,10975,10976,10977,10978,10979,10980,10981,10982
AGHILS;10977,10984,10986
AGHILT;10978,10983,10985,10986
AGHIMN;10893,10958,10987,10988,10989,10990
AGHINO;10975,10992,10994,10995
AGHINR;5660,8830,10966,10969,10976,10988,10994,10997,11000,11001
AGHINS;3822,5661,7519,10633,10895,10959,10970,10977,10989,10998,11000,11002,11003,11004,11005,11006,11007,11008
AGHINT;3823,5662,8831,10634,10978,10993,10999,11003,11009,11010
AGHINV;8832,10980,11005
AGHINW;5663,10971,10981,10990,11006,11010
AGHINY;10982,11007
AGHINZ;8833,11008
AGHIQU;11013
AGHIRR;7522,11014
AGHIRS;5666,7523,8835,10635,10967,10984,11000,11014,11015,11016,11017
AGHIRT;10985,11015
AGHIST;3824,10986,11003,11011,11015
AGHISU;10972,11004,11013,11016,11018
AGHISZ;8837,11008
AGHKSU;10972
AGHLMU;11021,11022
AGHLNU;10979,11023,11024
AGHLOS;1911,8840,11025,11026
AGHLSU;10636,11022,11023,11026,11027
AGHLSY;11028
AGHLTU;5667,10637,11027
AGHLUY;11024
AGHMOS;8849
AGHNNU;7524,11031,11032
AGHNOS;7525
AGHNOU;11031,11034
AGHNPS;10998,11035
AGHNPU;11035
AGHNRT;11036
AGHNRU;5668,8853,11001,11037,11038
AGHNRY;8854,11038
AGHNSS;1918,8855,11002
AGHNST;1919,8856,11003,11036,11039
AGHNSW;11006
AGHNTU;11034,11039,11041
AGHNUY;11024,11038,11040,11041
AGHOQU;11043
AGHPRS;8861
AGHRRU;5671,11030,11046
AGHRRY;
AGHRST;8863,11015,11036,11047,11048
AGHRTU;7530,10638,11047
AGHSST;8864
AGHSSU;3831,10962
AGHSTU;3832,11027,11039,11047,11049
AGHSUW;11049
AGHSUY;11040
AGHTTU;
AGHTUW;11049
AGIIJN;11050
AGIILN;3833,5674,7531,10640,10964,11050,11051,11055,11056,11057,11058,11059,11060,11061
AGIIMN;7533,8865,10899,11055,11065,11067
AGIINR;7536,10642,10966,11054,11057,11071,11075,11076,11077,11078,11079
AGIIRT;11077,11086
AGIIST;11069,11086
AGIISV;11080
AGIJLN;11050,11088,11089
AGIJNP;11091,11092,11093,11094
AGIJNW;11096
AGIJRS;10967
AGIJSW;11096,11098
AGIKLN;3839,5677,8866,10646,11051,11101,11102,11103,11104,11105,11106
AGIKLS;11104
AGIKMN;11108,11109
AGIKNR;3842,5679,7542,8869,10969,11054,11099,11103,11108,11110,11118,11120,11121,11122,11123,11124
AGIKNS;1924,3843,5680,8870,10904,10970,11104,11109,11111,11116,11121,11125,11126,11127
AGIKNT;1925,5681,11105,11112,11122,11126
AGIKNW;1926,10905,10971,11106,11114,11123,11127,11128
AGILLU;8882,11131,11133,11138,11139
AGILMM;11141,11142
AGILMN;3847,5686,7544,8886,10649,11055,11130,11141,11143,11144,11145,11146,11147,11148,11149
AGILMO;11143,11150
AGILMP;11144,11151,11152
AGILMY;1928,5687,11149
AGILNN;1929,5688,7545,8889,10650,10907,11056,11101,11154,11155,11156,11157,11158,11159
AGILNP;1931,5690,8890,11132,11144,11155,11160,11165,11166,11167,11168,11169,11170
AGILNR;1932,3849,5691,7547,8891,10652,10909,10976,11057,11103,11145,11156,11161,11166,11171,11172,11173
AGILNS;1933,3850,5692,7548,8892,10653,10910,10977,11058,11089,11104,11146,11157,11167,11174,11175,11176,11177,11178,11179
AGILNU;5694,7549,8894,10655,10979,11133,11148,11176,11181,11182
AGILNV;1934,5695,8895,10980,11060,11163,11177,11181,11183
AGILNW;3852,5696,10656,10981,11061,11106,11134,11159,11169,11172,11178,11182,11184,11185
AGILNX;
AGILNY;1935,5697,8896,10657,10982,11135,11149,11170,11173,11179,11180,11185,11186
AGILNZ;3853,10912,11164,11186
AGILOR;3854,7550,11136,11161,11188,11189
AGILOS;1936,5698,7551,8897,10913,11150,11188,11190
AGILOT;1937,5699,7552,10983,11137,11162,11187,11190
AGILOV;7553,11062,11163
AGILRS;1939,5700,8901,10984,11188,11191
AGILRU;10658,11138
AGILRY;7554,11173
AGILSS;8903,11174,11191,11193
AGILST;8904,10986,11153,11175,11190,11194
AGILSU;7555,11139,11176
AGILSW;11178
AGIMMS;11066,11142,11197,11198
AGIMNN;7558,8909,10915,11067,11199,11200,11201,11202,11203
AGIMNP;5703,7559,8910,11144,11208,11209,11210,11211
AGIMNR;7560,8911,10660,10988,11108,11145,11196,11201,11204,11209,11212,11213,11214,11215,11216
AGIMNS;1944,8912,10916,10989,11109,11146,11197,11202,11205,11213,11217,11218,11219,11220
AGIMNT;1945,8913,11147,11206,11210,11214,11218,11221
AGIMNW;10990,11203,11215
AGIMNX;
AGIMNY;10661,11149,11216,11220
AGIMNZ;1946
AGIMOS;8914,11150,11205,11222,11224
AGIMRU;8921,11223,11226
AGIMSS;8923,11198,11217,11228
AGIMST;3858,8924,11069,11153,11218,11228
AGIMWW;11229
AGINNO;8926,10992,11154,11200,11234,11235,11236
AGINNP;8927,10919,11070,11155,11230,11237,11238,11239,11240
AGINNS;1947,5707,7562,8929,10663,11072,11111,11157,11202,11234,11238,11241,11245,11246,11247
AGINNT;3861,5708,7563,8930,10921,10993,11112,11158,11231,11235,11239,11242,11245,11248,11249
AGINNU;8931,10922,11113,11246,11248
AGINNW;1948,7564,8932,10664,10923,11073,11114,11159,11203,11233,11240,11243,11247,11249,11250,11251
AGINOR;5709,7565,8934,10994,11161,11204,11255,11257,11258,11259,11260
AGINOS;1949,3862,5710,7566,8935,11116,11205,11234,11256,11258,11261,11262,11263
AGINOT;3863,5711,7567,10666,10924,11162,11206,11235,11259,11262,11264,11265,11266
AGINPR;5714,7569,8938,10667,10926,10997,11075,11092,11118,11166,11209,11255,11269,11275,11276,11277,11278,11279
AGINPS;5715,7570,8939,10927,10998,11093,11167,11238,11256,11270,11276,11280,11281,11282,11283,11284
AGINPT;10999,11168,11210,11239,11271,11277,11281,11285,11286
AGINPV;11211,11283
AGINPW;10929,11169,11240,11272,11278,11288
AGINPY;1950,11170,11273,11279,11284,11287,11288
AGINRR;1951,3864,7571,8941,10668,10930,11095,11120,11212,11257,11275,11289,11290,11291
AGINRS;1952,3865,5716,7572,8942,10669,10931,11000,11076,11121,11213,11241,11258,11276,11292,11293,11294,11295,11296
AGINRT;1953,5717,7573,8943,10670,10932,11077,11122,11171,11214,11242,11259,11277,11289,11292,11297,11298,11299
AGINRU;1954,7574,10933,11001,11293,11300
AGINRV;3866,5718,8944,10934,11294,11301
AGINRW;7575,8945,11078,11123,11172,11215,11243,11278,11290,11295,11298,11300,11302
AGINRX;
AGINRY;3867,7576,10671,10935,11124,11173,11216,11244,11279,11291,11296,11299,11301,11302
AGINRZ;1955,3868,5719,8946,10936,11079,11260,11303
AGINSS;3869,5720,8947,10937,11002,11125,11174,11217,11261,11280,11304,11305,11306,11307,11308
AGINST;1956,3870,5721,7577,8948,10672,10938,11003,11126,11175,11218,11245,11262,11281,11292,11309,11310,11311,11312,11313,11314
AGINSU;1957,3871,5722,7578,8949,11004,11176,11219,11246,11263,11282,11293,11305,11310,11315
AGINSV;1958,5723,11005,11080,11177,11283,11294,11306,11311,11316
AGINSW;5724,7579,10939,11006,11096,11127,11178,11247,11295,11307,11312,11316,11317,11318
AGINSY;1959,8950,11007,11179,11220,11284,11296,11308,11314,11318
AGINSZ;8951,10940,11008
AGINTW;3874,7581,10675,11010,11081,11249,11298,11312,11322,11324
AGINTX;11082,11313,11325
AGINUX;11315
AGINVW;8955,11084,11267,11316,11324
AGINWX;11317,11328
AGINWY;7582,11185,11250,11288,11302,11318
AGIOPS;11256,11331
AGIORS;10942,11188,11222,11258,11332,11333,11334
AGIORU;11223,11333
AGIORV;11334
AGIOTU;11264,11335
AGIOUY;11336,11337
AGIPRS;1964,8961,11276
AGIRST;5728,8965,11015,11086,11292,11332,11338
AGIRSV;8966,11294,11334
AGIRTU;11338
AGISST;8972,11228
AGISTT;1969,11309,11340
AGISTU;8975,11310,11335,11338,11341
AGITTW;11322,11340
AGJLMO;11342
AGJLNY;
AGJLSU;
AGJLUU;11343
AGJNOR;11344,11345,11346
AGJTTY;11347
AGKLNO;11102,11348,11350
AGKLNS;11104,11350
AGKLOO;11351
AGKLOS;11350,11351,11352,11353
AGKLOT;11352
AGKLOU;8985,11353
AGKNOU;
AGKNRS;8990,11121,11357
AGKNRU;11357
AGKNSY;
AGKOPS;
AGLLNO;7587,8994,11359,11360
AGLLOP;11364,11365
AGLLOR;7588,8999,11136,11362,11366
AGLLOW;11369
AGLLRY;9001,11372,11373
AGLLSU;9003,11139,11368
AGLMMY;11374
AGLMOR;9009,11376,11377
AGLMOS;3885,11150,11342,11376
AGLMSU;11022
AGLNNO;5733,11154,11348,11378
AGLNNU;11349,11379
AGLNOO;3888,7590,11359,11380,11381
AGLNOP;11160,11382,11383
AGLNOS;1982,9016,10682,11350,11360,11378,11381,11382,11385,11386,11387,11388
AGLNOU;11383,11384,11387
AGLNOW;7592,11388
AGLNRS;1985,9021,11391
AGLNRU;1986,9023,11384,11391,11392
AGLNRY;7594,9025,11173
AGLNSS;9026,11174,11385
AGLNSY;5737,9030,11179,11389
AGLNTY;1989,11180,11393
AGLNUU;9034,11392
AGLOOP;11394,11395
AGLOOR;11362,11396
AGLOOS;11025,11351,11381,11394,11396,11397
AGLOOT;3889,11363,11397
AGLOPS;7595,11364,11382,11394
AGLORS;3891,9038,11188,11366,11376,11396,11398
AGLORU;1990,11377,11384,11398
AGLOSS;9041,11367,11385,11399,11400
AGLOST;9042,10945,11190,11352,11386,11397
AGLOSV;9044,11401
AGLOSW;11369,11388,11400,11402
AGLOTV;9045
AGLOTY;
AGLOWY;7596,11402
AGLPSY;11389
AGLPUY;9051,11390
AGLRSU;3895,11391,11398,11403,11404,11405
AGLRUV;11405,11406
AGLRUY;
AGLRYY;10684,11373
AGLSSU;9063,11403
AGLSSY;11193
AGLSTU;11027
AGLSUV;11401,11405
AGMMNO;11408
AGMMNU;11409
AGMMSU;11409
AGMNNO;9073,11200,11411,11412,11413,11414
AGMNNU;
AGMNOR;7598,9074,10685,11204,11411,11415,11416
AGMNOS;2002,9075,10946,11205,11408,11412,11415,11417
AGMNOX;
AGMNRU;11416,11418
AGMNSU;11219,11409,11418,11419,11420
AGMNUY;
AGMOOY;3897,11423
AGMOPS;
AGMORS;2011,9084,10686,11222,11376,11415,11428,11429
AGMORV;
AGMORY;11029,11410,11429
AGMOST;10948,11417
AGMOYZ;11423,11430
AGMPRS;2013,11431
AGMPRY;
AGMPUZ;11432
AGMRSU;9088,10950,11226,11418,11431,11433
AGMSTU;11420
AGNNOT;9092,11235,11413,11436
AGNNOY;11437
AGNNRY;11244
AGNNSU;11032,11246,11379,11438,11439,11440
AGNNTU;9099,11248,11439
AGNNUW;11440
AGNOOZ;11441
AGNOPS;7601,11256,11382
AGNOQU;11442
AGNORR;9102,11257,11443,11444
AGNORS;2020,3902,5743,7602,9103,11258,11345,11415,11443,11445,11446,11447
AGNORU;7603,11384,11416,11447,11448
AGNORW;9105
AGNORY;7604,9106,11346
AGNOSS;5744,11261,11385,11445,11449,11450
AGNOST;2022,9107,11262,11386,11417,11436,11446,11450,11451
AGNOSU;5745,10951,11263,11387,11442,11447,11451
AGNOSW;10952,11388
AGNOSZ;11441,11452
AGNOTU;3903,11034,11264,11448,11451,11453
AGNOWY;3904,9109
AGNOZZ;11452
AGNPRS;2023,9110,11276,11454
AGNPSS;11280,11454
AGNPSU;10955,11035,11282
AGNRRS;2024,9112,11443
AGNRST;9115,11036,11292,11446
AGNRSU;7606,9116,10956,11037,11293,11357,11391,11418,11447,11455
AGNRSW;9117,11295
AGNRTY;9120,11299,11456
AGNSST;2028,11450
AGNSSU;11305,11419,11438,11455
AGNSSY;9121,11308
AGNSTU;2029,11039,11310,11420,11439,11451
AGNSTW;11312
AGNSTY;11314,11421
AGNTTY;
AGNTWY;
AGOORT;3905,9124,11042
AGOORV;11457
AGOOSZ;11441
AGOPRS;9126,11459,11460
AGOPRT;9127,11459
AGOPRU;2032,11425,11460
AGORRT;9130,11444,11461,11462,11463
AGORSS;9131,11428,11445,11464
AGORST;3908,9132,11332,11446,11459,11461,11465
AGORSU;2034,5747,9133,11333,11398,11447,11460,11464,11465
AGORSY;11429
AGORTU;3909,7610,9135,11448,11465,11466
AGOSTU;2035,9140,10689,11335,11451,11465,11467
AGOSTV;
AGOSYZ;11430,11468
AGOTTU;3910,9144,11467
AGOTUY;11466
AGPRSS;9151,11454
AGPSUU;
AGPSUW;
AGRRTU;11469
AGRSST;9166
AGRSSU;9167,11403,11433,11455,11464
AGRSSY;9169
AGRSTU;7612,11047,11338,11465,11469
AGRSUU;11404
AGRSUY;
AGRUUY;
AGSTTU;5750,11467
AGSTUU;9177,11470
AGSUWY;
AHHIJR;11473
AHHIKS;9180,11475,11476
AHHIRS;2040,5751,7613,9182,11473,11479
AHHISS;3912,7614,11471,11475,11480,11481
AHHISV;5752,11481
AHHKOO;11483
AHHKPS;
AHHKSY;11484
AHHLPY;
AHHOOR;11488
AHHOPW;
AHHORS;11488,11489
AHHPPU;5756,11490
AHHRRU;11492
AHHRST;9190,11493
AHHUZZ;11494
AHIIKP;11495
AHIILT;11499
AHIINT;3918,5762,11500,11504,11505,11506
AHIISS;11501
AHIJJS;
AHIJRS;9196,10967,11473
AHIKKS;11509
AHIKLP;11510
AHIKLS;3919,10692,11510,11511,11512,11513,11514
AHIKLT;9197,11513
AHIKMR;11517
AHIKMS;2052,11516,11517,11518,11519
AHIKMV;11518
AHIKNS;7626,9198,10970,11516,11520,11521,11522
AHIKOW;11525
AHIKPP;11526
AHIKRS;2055,5769,7628,9200,10693,11496,11511,11517,11520,11524,11527,11528,11529
AHIKSS;5771,9201,11475,11509,11512,11521,11528,11530,11531
AHIKST;3920,9202,11513,11531
AHIKSU;7629,10972
AHIKSZ;
AHIKTW;3921
AHILLO;5772,11532,11535
AHILLP;5773,11533
AHILLS;5774,11535,11537,11538,11539
AHILLT;5775,11534,11536,11538,11540,11541
AHILLZ;11539
AHILMO;5777,7630,9206,11542,11546,11547,11548,11549
AHILMS;2060,5778,9207,11543,11545,11547,11550
AHILMU;11549,11550
AHILNR;9209,10976,11553,11554
AHILNU;10979,11556
AHILNY;7631,9211,10982,11557
AHILPS;5781,11497,11510,11552,11561,11564
AHILRW;
AHILST;5784,9219,10986,11499,11513,11538,11565,11567,11568
AHILSV;11566
AHILTU;3924,11567
AHILTW;10697
AHILYZ;11570
AHIMNR;3925,9228,10988,11576
AHIMNT;9230,11500,11574
AHIMOR;11577,11578,11579
AHIMPS;7638,9232,10991,11575,11581,11582,11583,11584
AHIMRS;3926,5790,7639,9233,11517,11571,11576,11578,11585,11586,11587
AHIMRT;11586
AHIMSU;11550,11588
AHINPR;2072,9236,10997,11503,11597
AHINPT;9238,10999,11598
AHINRS;5797,9239,11000,11520,11553,11576,11597,11599,11600,11601,11602
AHINRU;5798,11001,11601
AHINSS;7643,9241,11002,11521,11555,11599,11605,11606
AHINST;2073,3928,5800,9242,11003,11478,11504,11592,11598,11600,11605,11607
AHINSU;11004,11556,11601,11607
AHINSV;9243,11005,11522,11602
AHINSW;2074,9244,11006,11593,11606
AHIOPS;3930,5803,11612
AHIORS;3931,7645,10703,11524,11578,11614,11615,11616,11617
AHIORT;3932,5805,11595,11615
AHIORV;11616,11618
AHIPPS;5807,9247,11526,11561
AHIPRS;2077,9249,11479,11507,11527,11597,11619,11620,11621,11622
AHIPRU;11611,11621
AHIPSS;9250,11581,11612,11619,11624
AHIRRS;2080,9256,11014,11627,11628,11629
AHIRRW;11629
AHIRST;2082,9258,10705,11015,11586,11600,11615,11620,11628,11630,11631,11632
AHIRSU;11016,11601,11621
AHIRSV;2083,9259,11602,11616
AHIRSW;9260,11529,11587,11617,11622,11629,11632
AHIRSZ;
AHIRTW;9261,11508,11632
AHISST;3935,5817,9263,10706,11531,11565,11605,11630,11633,11634,11635
AHISSV;9264,11481,11566
AHISSW;10707,11606,11624,11635
AHISTT;3936,5818,9265,10708,11482,11631,11633,11636
AHISTU;3937,11567,11607,11634,11637
AHJKOS;7648
AHJOOP;11639
AHJPSU;
AHJSTU;
AHKKPU;
AHKKSU;5820,7649,11640
AHKLOO;11641
AHKLPU;11642
AHKMNU;11643
AHKMOS;11645,11646
AHKMOW;11646
AHKNPU;11649
AHKNRS;9272,11520
AHKNSS;11521
AHKNST;2095
AHKNSU;2096,11643,11649
AHKOOS;11483,11641
AHKOPS;5823
AHKOSS;5825,9276,11645
AHKPUU;11650
AHKRSS;2099,9280,11528,11651,11652
AHKRST;11651,11653
AHKRTU;10711,11648,11653
AHLLMO;11654
AHLLMU;11655
AHLLNU;11658
AHLLOO;5830,11659
AHLLOS;2102,5832,9285,11535,11654,11656,11659,11660,11661,11662,11663
AHLLOT;5833,11485,11661,11664
AHLLOU;11662
AHLLOW;11663
AHLLPY;11666,11667
AHLLRT;11536,11668
AHLLUX;
AHLLWY;2106
AHLMNY;9292,11671,11672,11673
AHLMOO;11674
AHLMOS;11547,11654,11674,11676
AHLMSS;2110,11676
AHLMSU;2112,10713,11022,11550,11655,11670,11678
AHLMUY;11673
AHLNOP;11679,11680
AHLNOS;5838,9300,11551,11656
AHLNSU;5840,9305,11023,11556,11658
AHLOOP;11682,11683
AHLOPS;11660,11682
AHLORT;5845,9309,11681,11685
AHLOSS;9310,11676,11686
AHLOST;9311,11661,11685,11686,11687
AHLOSY;
AHLOTY;5847,10715,11559,11664
AHLPRS;2115,9312,11689
AHLPRY;11689,11690
AHLPSS;9313,11691,11692
AHLPSU;11642,11665,11691
AHLPSY;9315,11564,11666,11689,11692
AHLRSY;3943,11486,11689
AHLSSU;11691
AHLSSW;
AHLSTU;10716,11027,11567,11669,11687
AHLTUZ;5849
AHMMOW;11696
AHMMSU;11670
AHMMSY;9333
AHMMWY;
AHMNNU;2123,11573,11698,11699,11700
AHMNOS;3945,9335,11701,11704,11705
AHMNPY;9338,11671
AHMNSU;3946,7660,11643,11698,11706
AHMNSY;11672
AHMOOP;11708
AHMORS;5854,11578,11711,11712
AHMORY;7661,11029,11703
AHMORZ;5855,11579,11712
AHMOSS;11580,11645,11676,11695,11704,11709,11713
AHMOSU;11714
AHMOSV;
AHMOSY;11713,11716
AHMOTU;11714
AHMOTZ;11715,11717
AHMOWY;11716
AHMPRS;2129,9344
AHMPSS;11581,11718
AHMPSU;11718
AHMRRU;11030,11710,11719
AHMRST;9348,11586,11711,11720,11721,11722
AHMRSU;3947,11706,11719,11720
AHMRSY;11722
AHMRTW;9350,11721
AHMSSU;2133,5858,11588,11718,11723
AHMSSW;
AHMSTU;9354,11714,11720
AHNNOS;2135,5860
AHNNSU;7662,11032,11698,11724
AHNNSY;
AHNOPR;2138,11679,11725,11726
AHNOPY;9361
AHNORS;5862,7665,9362,11726,11727,11728,11729
AHNORT;2139,5863,9363,11595,11681,11728
AHNOWY;
AHNPSS;2141,5871,9368,11731,11736
AHNPSU;9370,11035,11649,11734,11736
AHNRSS;9372,11599,11727
AHNRSY;7670,11737
AHNRTW;
AHNRVY;11604,11737,11738
AHNSST;9377,11605,11739
AHNSTU;3951,5875,11039,11607,11739,11740,11741
AHNSTY;5876,9380,11741
AHNTUW;11740
AHOORS;7675,11488,11742,11743
AHOORY;11743
AHOOSW;
AHOOSY;11743
AHOPRS;3953,5879,11489,11726,11744
AHOPRW;
AHOPST;7678,9386,11746
AHOQTU;
AHORRW;11748
AHORRY;
AHORST;3956,5885,9388,11615,11685,11711,11728,11749,11750,11751
AHORTT;11749,11752
AHORTU;9390,11750
AHORTW;11044,11751
AHORTX;9391
AHOSST;11686
AHOSTW;2147,9395,11746,11751,11754
AHOSTZ;11715
AHOTUU;11688,11753
AHOTWZ;
AHPRSS;5888,9400,11619,11744,11756
AHPRST;9401,11620,11756
AHPRSU;7683,11621,11734
AHPRSY;2149,11689
AHPRTU;
AHPSST;9405,11756
AHPSSW;9406,11624,11757
AHPSUW;11757
AHPTUZ;5889,11491,11758
AHQSSU;3959,9409,11760
AHRRSU;7685,11046,11492,11719,11761
AHRRUY;11761
AHRSSU;11652,11762
AHRSSY;
AHRSTT;9416,11631,11749,11763,11765
AHRSTW;9418,11632,11721,11751,11764,11765,11766
AHRSTY;2154,5892,11048,11493,11722,11766
AHRSUU;5893
AHRSUW;
AHRTTW;2155,11765
AHRTWY;9423,11766,11767
AHSSTU;5894,11634,11739,11768
AHSSTW;9426,11635,11764
AHSSWY;
AHSTTU;9427
AHSTUY;5898,11741
AHSTWY;11766
AHSUZZ;11494
AIIKKW;11773
AIIKNT;9431,11776,11777
AIIKPT;11778
AIIKRS;5900,11496
AIILLM;11782,11783,11784
AIILLR;
AIILMN;3967,11055,11782,11788,11789,11790,11791,11792,11793
AIILMS;5903,7692,11783,11791,11794
AIILNN;9436,11056,11789,11797
AIILOS;7695,11798,11807
AIILRY;3972,5910,10726,11498,11796,11801
AIIMMN;5916,11065,11788,11812,11813
AIIMMS;5917,7700,11066,11774,11812,11814
AIIMNP;11817,11818
AIIMNS;7702,11791,11812,11817,11820,11821
AIIMNT;2165,9447,11500,11792,11818,11819,11821,11822,11823,11824,11825
AIIMNV;11793,11815,11824
AIIMOR;11068,11816
AIIMPR;9448,11826
AIIMPS;11817,11826,11827
AIIMRS;7705,11772,11794,11826,11828
AIIMST;3977,5920,9451,11069,11502,11821,11828,11829
AIINNP;11070,11831,11832
AIINNZ;2166,11074,11834
AIINPR;7708,11075,11503,11838,11839
AIINRS;9457,11076,11839,11841,11842
AIINST;7709,9459,11504,11777,11821,11840,11845,11847,11848
AIINSX;9460,11846
AIINTT;2168,5926,11822,11837,11847
AIIORS;5928
AIIPPR;5929,11838
AIIPRS;7713,11507,11826,11839,11849
AIIPTW;11850
AIIRTV;11811,11843
AIITUW;11852
AIJJMM;11853
AIJKNS;
AIJLMS;
AIJLOR;11854,11855
AIJLOV;
AIJLSW;11856
AIJLTW;11856
AIJMNS;9475,11858
AIJMOR;11859
AIJNNS;9476,10728
AIJORS;11854,11859,11861
AIJORW;11861
AIJOSU;
AIJPRU;11862
AIJPSS;
AIJPTU;11863
AIKKLU;11865
AIKKMS;
AIKKNO;11868
AIKKOS;11868
AIKKST;9486
AIKLLS;2182
AIKLMN;3988,9489,11873,11874,11875
AIKLMS;2183,11875,11877,11878
AIKLMU;11876,11878
AIKLNO;9492,11102,11879
AIKLNS;2185,5937,9495,11104,11875,11879,11880
AIKLOS;3990,7726,11879
AIKLPS;7727,11510
AIKLSS;9507,11512,11877,11885,11886
AIKLST;9508,11513
AIKLSU;11865,11878,11885
AIKLSV;
AIKLTU;
AIKMMS;9511,11774,11887,11888
AIKMNS;9514,11109,11516,11875,11889,11890,11891,11892
AIKMNW;11892
AIKMOO;5941,11893
AIKMOS;2190,7729,11893
AIKMPR;5943,9515,11895
AIKMRU;11897
AIKMSS;7731,9517,11877,11888,11891,11898
AIKMST;9518,11898
AIKMSU;5945,11878,11897
AIKMSV;11518
AIKNNN;11899
AIKNNP;5946,11900
AIKNNU;11113
AIKNOT;11901
AIKNPR;9520,11118,11902
AIKNPS;5947,7733,11900,11902,11903
AIKNRT;9523,10732,11122,11904
AIKNSS;9525,11125,11521,11891,11903
AIKNST;2194,3993,5950,9526,11126,11777,11901,11904,11905
AIKNSU;10733,11905
AIKNTU;9530,11905
AIKOPS;5952,11908
AIKOPT;11908
AIKORR;11909
AIKORT;11906,11910
AIKOST;7735,9533,11901,11908,11910,11911
AIKOTW;11911
AIKPPS;11526
AIKPQS;
AIKPRS;7737,9535,11527,11895,11902
AIKPSU;
AIKRRS;9538,11909,11912
AIKRST;2200,3995,5957,9540,11904,11910,11913
AIKRSU;2201,9541,11897
AIKSST;7739,11531,11898,11913
AIKSTT;2202,3997,7741,9545
AIKSUZ;7743,11871
AILLMS;5959,10735,11783,11921,11922,11923
AILLMU;4000,11131,11916,11920,11921
AILLNV;2211,11785,11928,11930
AILLNW;11134,11929
AILLPR;9552,11933,11934
AILLPU;9554,10740,11920,11934,11935,11936
AILLRV;11939
AILLRY;5960,7746,10741,11939
AILLST;9563,11538,11927,11940,11941
AILLSV;2214,11928
AILLSZ;11539,11942
AILLTT;4007,11540,11940
AILLUZ;11942
AILLYZ;11140
AILMMS;2220,4010,9569,11142,11543,11946,11947
AILMNO;5962,7751,9571,11143,11790,11950,11951,11952,11953
AILMNR;2222,7752,9573,11145,11957,11958
AILMNS;2223,9574,11146,11545,11791,11875,11952,11954,11957,11959,11960
AILMNU;2225,4011,5963,7753,9576,11148,11916,11956,11958,11960
AILMNY;11149,11917,11953
AILMOP;5964,7755,11546,11951,11962,11963
AILMOT;5965,11548,11918,11963,11965
AILMPR;9578,11967,11968
AILMPS;2227,5966,7759,9579,11151,11954,11962,11967,11969,11970,11971
AILMPU;11152,11876,11920,11956,11968,11970
AILMRS;9582,11794,11957,11964,11967,11972,11973
AILMRT;2229,4013,9583,11795,11972
AILMRU;11958,11968,11973
AILMSS;2230,7760,9584,10749,11877,11946,11959,11974,11975,11976,11977
AILMST;4015,11153,11965,11969,11972,11975,11978,11979
AILMSU;2231,5968,7761,11550,11878,11921,11960,11970,11973,11978,11980
AILMSX;11976
AILMSY;7762,11923,11947,11966,11971,11977,11979
AILMTU;11978
AILMTY;9586,11979
AILMUV;11980
AILMYZ;
AILNNP;11155,11983
AILNNU;5970,11983,11984
AILNOP;2233,9588,11160,11925,11951,11985,11986
AILNOS;4016,5973,7765,9590,11551,11798,11879,11952,11981,11985,11988,11989
AILNOT;2234,4017,9591,11162,11982,11989,11990
AILNPS;2236,5977,9593,11167,11552,11954,11985,11992,11993,11994,11995
AILNPT;2237,9594,11168,11799,11955,11993,11996,11997
AILNPU;10750,11800,11956,11983,11994,11996,11998
AILNRT;9600,11171,11554,12000,12002,12003
AILNRU;2238,7767,11958,12001
AILNSS;2240,7769,9605,11174,11555,11959,11988,11992,12004,12005
AILNST;2241,5980,7770,9606,11175,11927,11989,11993,12000,12004,12006,12007,12008
AILNSU;5981,7771,9607,11176,11556,11960,11984,11994,12001,12007,12009
AILNSV;9608,10751,11177,11928,12005,12009
AILNSW;9609,11178,11929
AILNSY;2242,9611,11179,11557,11880,12008
AILNTT;12002,12006,12010
AILNTU;5982,9612,10752,11802,11990,11996,11999,12007,12011
AILNTY;2244,5983,10753,11180,11804,11997,12003,12008,12010,12012
AILNUV;5984,9614,11181,11998,12009,12011
AILNVY;9616,11930
AILNYZ;11186
AILOOR;12013,12014
AILOPS;9619,11962,11985,12016,12017,12018
AILOPZ;12018
AILORS;2245,4022,5987,11188,11854,11964,12013,12022,12023,12024
AILORT;4023,7775,11855,11931,12015,12023,12025
AILORU;2246,12024,12026,12027
AILOSS;5989,9621,11807,11988,12022,12029
AILOST;2249,4025,5990,9622,11190,11965,11989,12016,12023,12030,12031,12032
AILOSV;
AILOSX;12032
AILOSY;11966,12017,12033
AILOTX;5992,10755,12032
AILOTY;11559,12025,12034
AILOWY;12033
AILPPS;9625,11561,12036,12037
AILPRS;2251,9626,11933,11967,12040,12041,12042
AILPSS;7779,9629,11992,12040,12043
AILPST;2254,5994,7780,9630,11969,11993,12016,12043,12044,12045
AILPSU;5995,11935,11970,11994,12036,12039,12041,12044
AILPSW;12046
AILPTU;7782,11996,12044
AILQSU;7784,11809,11937,12039,12047
AILRST;2259,4029,5998,9636,11810,11972,12000,12023,12051,12052,12053
AILRSU;4030,5999,11938,11973,12001,12024,12041,12052
AILRSV;9637
AILRSW;9638
AILRSY;6000,11883,12042,12053
AILRTU;6001,9640,12052,12054,12056
AILRTY;6002,7786,9642,10759,12003,12025,12053,12055
AILRWY;2262,9645
AILSSS;2263,6005,9646,11974,12029,12057
AILSSV;2264,9649,11566,12005,12060,12061,12062
AILSSW;2265,9650
AILSTU;4032,7787,9651,10761,11567,11978,12007,12031,12044,12052,12058,12064
AILSTV;9652
AILSTX;12032,12059
AILSUV;11980,12009,12060
AILSVY;12061,12065
AILSVZ;12062
AILTXY;
AILVWY;
AILWXY;
AIMMMU;12067,12068
AIMMNO;2268,6010
AIMMOS;9661,12070,12071,12072
AIMMSS;2269,9666,11198,11814,11888,11946,12071
AIMMSU;12067,12073
AIMMSX;12073
AIMNNO;2270,7790,11200,11950,12074,12075
AIMNNS;11202,11572,11889,12075,12076,12077
AIMNNT;2271,9669
AIMNNU;11573
AIMNNY;12077
AIMNOP;6011,11951,12080,12081,12082,12083
AIMNOR;6012,9670,11204,11816,12074,12078,12080,12084,12085,12086
AIMNOS;2272,6013,7791,9671,11205,11952,12075,12081,12084,12087
AIMNOT;2273,9672,11206,11574,12079,12082,12085,12087,12088
AIMNPS;11575,11817,11954,12081,12090,12091,12092
AIMNPT;2274,11210,11818,11955,12082,12089,12090,12093
AIMNPW;12091
AIMNPY;12092,12093
AIMNRS;2275,4037,6015,7792,9676,10764,11213,11576,11890,11957,12084,12095,12096
AIMNRT;2276,6016,9677,11214,11819,12085,12089,12095,12097,12098
AIMNRU;6017,11958,12086,12094,12096,12097,12099
AIMNST;2277,7794,9681,11218,11821,12087,12090,12095,12100,12101,12102
AIMNSU;4038,11219,11960,12096,12102,12103,12104
AIMNSV;2278,12103,12105
AIMNSZ;12104,12106
AIMNTT;6018,11221,11822,12101
AIMNTU;11823,12069,12088,12097,12102
AIMNUV;9685,12103
AIMNUZ;12104
AIMNVY;12105
AIMOPT;6020,11963,12082,12107
AIMOPY;12108
AIMORS;9689,11222,11578,11859,11964,12070,12084,12110
AIMOST;6022,7797,9690,11965,12072,12087,12107,12110,12113
AIMOSU;
AIMOSW;
AIMOSX;
AIMPPS;12114,12115
AIMPRS;9694,11826,11895,11967,12117,12118
AIMPRT;6024,9695,12089,12117
AIMPSS;6026,9697,11581,11827,12114
AIMQSU;7801,12119
AIMRRS;2280,9704
AIMRSS;4041,6028,7802,9706,11585,12120
AIMRST;2282,4042,6029,9707,10767,11586,11828,11972,12095,12110,12117,12120,12121,12122,12123,12124
AIMRSU;2283,4043,7803,9708,11226,11897,11973,12096,12119,12121
AIMRSZ;6031,12124
AIMRTU;2284,9712,12097,12121
AIMRTX;
AIMSST;2285,6032,7808,9717,11228,11829,11898,11975,12100,12120,12126,12127
AIMSSW;9719
AIMSSY;7810,9720,11830,11977,12125
AIMSTT;2287,6033,9721,10770,12101,12113,12126
AIMSTU;2288,7811,11978,12102,12121,12127
AIMSTX;
AINNNT;11231,12129
AINNOP;7814,11831,12130,12131
AINNOS;10776,11234,11981,12075,12130,12132,12133,12134
AINNOT;6034,9727,10777,11235,11982,12131,12133
AINNOW;12128,12134
AINNPS;7816,11238,11832,11900,12130,12135,12136
AINNPU;2291,11983,12137
AINNRU;2292,9732,12139,12141
AINOPR;7823,11255,12080,12145,12150,12151
AINOPS;2294,9738,11256,11836,11985,12081,12130,12150,12152
AINOQU;6041,11987,12155
AINORS;6043,7826,9740,10779,11258,12084,12150,12156,12157
AINORT;4049,6044,7827,9741,11259,11595,11860,12085,12147,12151,12156,12158,12159,12160
AINOSV;9744,12164
AINOSX;2298,7829,12163
AINPRS;2300,9750,11276,11597,11839,11902,12150,12165,12167,12168,12169,12170
AINPRU;6053,12169,12172
AINPRW;11278,11991,12170,12173
AINPSS;2301,6055,9752,11280,11903,11992,12135,12152,12167,12174,12175
AINPST;2302,6056,7831,9753,11281,11598,11840,11993,12090,12136,12168,12174,12176
AINPSV;11283,12175
AINPTU;9756,11286,11996,12137,12154,12166,12172,12176
AINPTY;9757,11997,12093
AINQRT;12177,12178
AINQSU;12155,12180,12181,12182
AINQTU;6057,9758,11999,12138,12166,12178,12181
AINQUY;12179,12182
AINRSS;9761,11599,11841,12167,12185
AINRST;2303,4054,6058,7834,9762,11292,11600,11904,12000,12095,12156,12168,12177,12185,12186,12187
AINRSU;2304,6059,7835,10780,11293,11601,12001,12096,12139,12169,12187
AINRSV;2305,9763,11294,11602
AINRSW;7836,11295,12157,12170
AINRSZ;
AINRTU;6061,7837,9765,10781,12097,12141,12158,12172,12178,12187,12189
AINSSS;9772,11304
AINSST;2309,9773,11605,11845,12004,12100,12174,12185,12190,12191
AINSSV;9774,11306,12005,12175
AINSSW;11307,11606
AINSTT;2311,7838,9775,11309,11847,12006,12101,12142,12162,12186,12190
AINSTU;6062,7839,9776,10783,11310,11607,11905,12007,12102,12143,12176,12181,12187,12191
AINSTW;9778,11312
AINSTY;11314,12008
AINSUX;11315,12163
AINSYZ;11608,12106
AINTVY;9785,12193
AIOORS;12013,12195
AIOPRV;2319,7847,12200,12203
AIOPST;6066,9789,11908,12016,12107,12199,12204
AIOPTU;12154,12204
AIORRU;12109,12206
AIORST;4060,7849,9792,10784,11332,11615,11910,12023,12110,12156,12199,12209,12212,12213,12214
AIORSU;2321,6070,7850,11333,12024,12206,12210,12212,12215
AIORSV;7851,9793,11334,11616,12200,12211,12213,12215
AIORSX;
AIORTV;2322,4061,12213
AIOSSS;12029
AIOSSV;6073,12211
AIOSTT;9795,12030,12113,12162,12216
AIOSYZ;12217
AIPPRR;12196,12219
AIPPRY;9802
AIPPST;9805,12115,12221
AIPPSU;12036,12220
AIPPTT;2325
AIPRST;2326,7856,9811,11620,11849,12117,12168,12199,12223,12225
AIPRSU;9812,11621,11862,12041,12169,12220,12225,12226
AIPRSV;9813,12200
AIPRSW;9814,11622,12170,12224
AIPRSX;
AIPRTY;4062,12202,12227
AIPRUY;12226
AIPSST;6078,9820,12043,12174,12221,12223,12228,12229
AIPSTT;4063,6079,9823,12228
AIPSTW;9826,11850,12229
AIPSZZ;2330
AIPZZZ;12230,12231
AIQRSU;10787,12119
AIRRSS;6083,7858,9832,11627,11912,12232
AIRRST;6084,7859,9833,11628,12232
AIRRSU;6085,12206
AIRRTY;9837,12183
AIRRZZ;12233,12234
AIRSST;2333,6086,9840,11630,11913,12120,12185,12209,12223,12232,12236,12237
AIRSSU;6087,7861,9841,12210,12235,12237
AIRSSZ;9842
AIRSTT;2334,6088,9843,11631,12051,12186,12236,12238,12239,12240,12241
AIRSTU;4064,6089,11338,12052,12121,12187,12212,12225,12237,12239
AIRSTV;9844,12213,12242
AIRSWZ;7867
AIRTTT;9849,12188,12238
AIRTTY;4065,12055,12240
AIRVVY;
AISSST;4066,7869,9858,12244,12245
AISSTV;9861
AISSTW;11635,12229
AISSTX;9862,12059,12245
AISTTU;4067,6096,9867,12239,12247
AISTVV;
AISTWZ;
AISTZZ;
AISUWX;
AITTTU;9875
AITTWX;
AJKNSY;12252
AJKORS;
AJLOOR;12256
AJLOPS;
AJLOPY;12257
AJLOSU;9882
AJLRSU;10794
AJMNSU;
AJMOPT;12259
AJMORS;11859
AJMRSU;12260
AJMRTU;12260
AJNORT;11860,12261
AJNOSY;2353
AJNRTU;12262
AJNSTU;12262
AJNTUY;
AJOOPS;11639
AJORSW;11861
AJOSSU;
AJRSTU;12260,12262
AKKKOO;12263
AKKLSU;11865
AKKMOS;
AKKNRU;12268
AKKNSS;
AKKNSY;
AKKOOP;12269
AKKOPS;2361,12269
AKKOQU;12270
AKKORS;12271
AKKORU;12264,12271
AKKOSS;
AKKSUW;
AKLLNY;4074,11872
AKLLSY;6110
AKLMMU;12272
AKLNOU;2368,6113,12273
AKLNOX;12274
AKLNPS;
AKLNRS;9907
AKLNRY;6114,10795
AKLNSU;12273
AKLOPS;6116
AKLOSS;6120,12276
AKLOST;9913,11352,12276,12277
AKLOTW;12277,12279
AKLOXY;
AKLPRY;12280
AKLPSU;11642,12281,12282
AKLPTU;12281
AKLPUW;12282
AKLRVY;12284
AKLSST;9925,12276
AKLSTU;2373,9926,12281
AKLSTY;4080,12283
AKLSUW;12282
AKMNSU;2378,9930,11643,12287
AKMNSY;
AKMORS;12290
AKMOSU;2380
AKMPRU;9933,11355,12291
AKMSUZ;4084
AKMTUU;12292,12294
AKMUYZ;
AKNNOO;12295
AKNOPS;
AKNORU;12296,12298
AKNORY;12297
AKNOSS;
AKNPRS;6128,9945,11902
AKNPRY;
AKNPSS;11903
AKNPSU;6129,9946,11649
AKNRRY;
AKNRSS;9949
AKNRST;2389,9950,11904
AKNRSU;4086,9951,11357,12268,12296
AKNRSY;9953,12297
AKNRTZ;
AKNSST;2390
AKNSSW;
AKNSTW;2391
AKNSUZ;
AKNSWY;9957
AKNTWY;2393
AKOOPS;12269
AKOORR;12302
AKOORS;4088,12302
AKOOSZ;
AKOPPS;
AKOPSW;
AKOPSY;6133
AKORSS;9960
AKORST;2396,9961,11910,12290
AKORSU;12271,12296
AKOSTU;12299,12303,12308,12309
AKOSTY;12310
AKOSWY;12310
AKOTWY;12310
AKPRSS;9966
AKPRSY;12280
AKPSTU;6138,9968,12281
AKPTTU;
AKQRSU;9969,12311
AKQSUW;12312,12313
AKRSST;9973,11651,11913,12314
AKRSTU;2398,11653,12293,12314
AKRSUU;
AKSSTT;2400,9978
AKSUVZ;
AKSWYY;9979,12315
ALLLOT;12316
ALLLSY;
ALLMOR;12323,12324
ALLMOS;11654,12322,12323,12325,12326,12327
ALLMOT;11918,12319,12326
ALLMOW;7887,12327
ALLMSS;12325
ALLMSU;9984,10801,11655,11921,12329
ALLMSY;9985,11923
ALLMUV;12329
ALLNOP;9988,11925,12318,12330
ALLNOS;4094,10802,11360,11656,12330
ALLNSU;10803,11658
ALLNUU;9997,12333,12335
ALLOOP;12336
ALLOPR;4096,7891,12339,12340
ALLOPW;12341
ALLORS;2411,6143,7893,10000,10805,11366,12323,12339,12342
ALLORY;10003,12324,12340,12343,12344
ALLOSS;10004,11367,12325,12342,12345
ALLOST;4100,11661,12316,12326,12337,12346,12347,12348,12349
ALLOSV;12348
ALLOSW;4102,6146,10807,11369,11663,12327,12341,12345,12349,12350,12351
ALLOSY;12351
ALLOTT;11370,12346,12352
ALLOTV;2413,12348
ALLOTW;12349,12353
ALLOUY;
ALLOVY;4104,6148
ALLOWW;12350
ALLPPU;
ALLPRU;10007,11934,12355
ALLPSS;10008,12356
ALLPSY;11666,12356
ALLQSU;11937,12357,12358
ALLRUY;2418,4106,12253,12359,12361
ALLSST;10020
ALLSTY;10025,11941,12334
ALLSWY;10027,12351
ALLUVV;2421,10029
ALMMSS;11946
ALMMSY;10037,11374,11947,12364
ALMMUW;11949,12363
ALMMUY;12364
ALMNOR;10039,12371,12372,12373
ALMNOS;2426,7896,10040,11952,12369,12371,12374,12375,12376
ALMNOU;4108,10812,12372,12375
ALMNRU;10044,11958,12372,12379
ALMNSU;2429,10047,11960,12375,12378,12379,12380
ALMOOS;11674,12322,12382
ALMORS;4111,6155,10053,10813,11376,11964,12323,12371,12382,12386,12387,12388
ALMORT;2430,12384,12387,12389
ALMORU;6156,7899,10054,10814,11377,11675,12372,12385,12388,12389
ALMOST;2432,10057,10816,11965,12326,12387,12390,12391
ALMOSU;6157,12375,12388
ALMOTW;12391
ALMOXY;12392
ALMPSS;2434,10063
ALMPSU;4114,10065,11970,12378
ALMQSU;
ALMQUY;
ALMRSU;2436,4116,10070,10817,11973,12379,12388,12395
ALMRSY;12394
ALMRWY;
ALMSST;10074,11975,12390
ALMSUY;6160,12364,12397
ALMTUU;12396,12398
ALNNOU;
ALNNSU;2441,7903,11379,11984,12401,12402
ALNOOS;7905,10085,11381,12407
ALNOOZ;
ALNOPR;11679,12403,12409
ALNOPS;10086,11382,11985,12330,12369,12409,12410
ALNOPT;10087,11680,12404,12411
ALNORS;7907,10089,12371,12409,12413,12414
ALNORT;7908,10820,11681,12406,12413
ALNOSS;6166,7910,11385,11988,12374,12407,12410,12417
ALNOST;6167,7911,10092,11386,11989,12413,12417
ALNOSW;11388
ALNOSY;7914,12376
ALNOSZ;4120,12418
ALNOTV;10093
ALNOUZ;10095,12416,12418
ALNPST;2444,10102,11993,12420
ALNPTU;10104,11996,12411,12420,12421
ALNRSS;10109
ALNRSU;2448,4123,7918,11391,12001,12379,12401,12414,12423
ALNRSY;10112,12423
ALNRUY;7920,12415,12419,12423
ALNRXY;
ALNSST;2452,12004,12417,12424
ALNSTU;2454,4124,10123,10825,12007,12420,12424,12426
ALNSTY;2455,6172,10125,12008,12334
ALNSUW;10127,12426
ALNSUY;12423
ALNSVY;12425
ALNSXY;
ALNTUW;12426
ALNTUY;4125,10826,11393,12421
ALOOPS;11394,11682,12336,12428
ALOPPR;10131,12431,12432,12433
ALOPPT;2457,12383,12434
ALOPRR;10133,12435,12436
ALOPRS;2458,10134,12339,12409,12431,12435,12437,12438,12439
ALOPRT;6178,10135,12015,12384,12437
ALOPRV;10136
ALOPRY;12340,12433,12439
ALOPSS;12410,12428,12440,12441,12442
ALOPST;2459,10137,12016,12434,12437,12440
ALOPSU;6180,7924,12438,12441,12443
ALOQTU;12021,12447
ALORRW;7925,12449
ALORSS;7926,10142,10830,12022,12342,12386,12450,12451,12452
ALORST;2464,4130,6184,10143,11685,12023,12387,12413,12437,12448,12450,12453
ALORSU;2465,4131,6185,7927,10831,11398,12024,12388,12414,12438,12446,12451,12453,12454
ALORSV;10832,12452,12454
ALORSY;12439
ALORTU;10145,12389,12453
ALORUV;6187,10833,12454,12457
ALORVY;10151,10834,12028,12457
ALOSSS;7928,10153,11399,12029
ALOSST;4135,6189,10154,11686,12276,12390,12417,12440,12450
ALOSSV;10155,12452
ALOSTT;2467,4136,12030,12346,12458
ALOSTV;4137,10158,12348
ALOSTX;4138,12032,12461
ALOSVV;
ALOTUW;4140,12279,12459
ALOTUY;12444,12460
ALPPSU;2472,10170,12036
ALPRRU;12436,12462
ALPRSU;4141,10176,12041,12355,12438,12462,12463,12466,12467
ALPRSW;2474,10177,12464,12467,12468
ALPRTY;2476,6192,10180,10837,12465
ALPRUW;12467
ALPSST;10183,12043,12440
ALPSSU;7929,11691,12441,12463
ALPSSW;12442,12464
ALPSSY;11692,12356
ALPSTU;2477,10185,12044,12281,12420
ALPSTY;10186,10838,12045,12465
ALPSUY;4142
ALRRSU;10194,12462
ALRSST;2479,10199,12450
ALRSTU;2482,6196,10205,12052,12360,12453,12472,12473
ALRSTW;10207,12473
ALRSTY;2483,6197,10208,12053,12283,12394,12465,12471
ALRSUW;12467,12473
ALRSWW;
ALRTTY;12055,12471
ALRTUW;12473
ALRUUV;11406,12474
ALRUVV;
ALSSSU;
ALSSSY;12057
ALSSTU;2485,6199,10222,10841,12058,12424
ALSSUU;12470
ALSSVY;10228,12061,12425
ALSSWY;10229
ALSTTY;10232,12063,12471
ALSTUV;2487,10842
ALSTVY;
ALSUUV;12474
ALSUVV;
ALTTUY;
ALTUVY;
AMMMNO;12475
AMMMOS;12475,12476
AMMMOU;12476
AMMNOO;12477,12478
AMMNOS;4148,7930,11408,12475,12479
AMMORT;12483
AMMOSU;12476
AMMOSY;12484
AMMOXY;12484
AMMPSY;
AMMPUW;12485
AMMRRU;12486
AMMRSS;
AMMRSU;12486,12487
AMMRSY;10252,12487
AMMSSU;12488
AMMSTU;10255,12488
AMMSUW;12363,12485
AMNNNO;
AMNNOR;10257,10845,11411,12074,12490
AMNNOT;10259,11413,12493,12494
AMNNOY;2498,12492,12494
AMNNSU;11698,12496
AMNOOO;12497
AMNOOR;7933,12078,12477,12499
AMNOPT;11702,12082,12504,12506,12507,12508
AMNORR;2500,10270,12509
AMNORS;2501,6202,7937,10271,11415,12084,12371,12490,12499,12509,12510,12511,12512
AMNORT;2502,7938,10272,10847,12085,12504,12511,12513
AMNORY;6203,7939,10275,11703,12373,12505,12512
AMNOSS;6204,7940,10276,11704,12374,12510,12514
AMNOST;6205,10277,10848,11417,12087,12500,12506,12511,12514,12515,12516
AMNOSW;4149,11705,12491
AMNOTU;2505,10279,12088,12507,12513,12515,12518
AMNOTV;12516
AMNOTY;2506,12494,12508,12518
AMNPTY;2511,10284,12093,12508,12519,12520
AMNRSU;10288,10849,11418,11706,12096,12379,12523
AMNRTU;10289,10850,12097,12286,12513,12523,12524
AMNSUY;4151
AMNTTU;10296,12524,12525
AMNTUU;12521,12526,12527
AMOOPT;12530
AMOORV;12532
AMOOTT;12501
AMOPPY;12534
AMOQRS;
AMORRS;6212,7947,10305,12509,12536,12537,12538
AMORRT;12536,12539
AMORRU;11426,11710,12109,12385,12537,12540
AMORRW;10307,11427,12538,12541
AMORRY;12539,12540,12541
AMORSS;10308,11428,12386,12510,12542,12543
AMORST;6213,7948,10309,10852,11711,12110,12290,12387,12483,12511,12536,12542
AMORSU;7949,10310,10853,12388,12531,12537
AMORSW;10311,12538
AMORSY;11429,12512,12543
AMOSST;6215,10313,12390,12514,12542
AMOSTW;4159,10316,12391,12546
AMOSTZ;11715,12547
AMOSUW;12546
AMOTTZ;10319,11717
AMOTUZ;12547
AMPRST;10325,12117,12549
AMPRTY;
AMPRUW;12550
AMPSSS;
AMPSST;12549
AMPSSW;
AMPSUW;12485,12550
AMPSWY;
AMRRSU;10339,11719,12486,12537,12551,12553
AMRRTY;12539,12552,12554
AMRRUY;12522,12540,12553
AMRSST;2525,10343,12120,12542,12549,12555
AMRSSU;2526,4160,6221,10344,11433,12555
AMRSSW;6222
AMRSSY;12543
AMRSTU;2527,4161,7952,10346,11720,12121,12260,12293,12523,12551,12555,12556
AMRSTY;10348,11722,12123,12394,12552
AMRSUU;12395
AMRSUV;
AMSTUZ;12547
ANNOOX;12489
ANNOPR;12558
ANNOPS;10362,12130,12558,12559,12560
ANNOPT;12131,12560,12561
ANNORT;7957,10363,12562
ANNORW;12563
ANNORY;6228,10364
ANNOST;6229,7958,11436,12133,12560,12562,12564,12565,12566
ANNOSY;6230,10367,11437,12492,12557,12566
ANNOTT;2533,12493,12567
ANNOTW;12565
ANNOTX;
ANNOTY;12494,12561,12566,12567
ANNPSU;12568,12569
ANNPTU;12137,12569
ANNPUY;2536
ANNRTY;10375,12570
ANNSSU;11438,11724,12568,12571
ANNSTU;11439,12143,12496,12569,12571
ANNSTY;12566,12572
ANNSUW;11440
ANNSWY;
ANNTTU;
ANOOPS;6232,12573
ANOORT;6234,7965,12147,12406,12574,12575,12576
ANOOSW;7966
ANOPRS;7968,10381,11726,12150,12409,12558,12573,12577,12578,12579,12580
ANOPRT;10382,12151,12504,12574,12579,12581
ANOPRW;12580
ANOPST;7971,10383,12506,12560,12579,12582,12583
ANOPSW;6235,10386,12580
ANOPSY;10387,12584
ANOPTT;12153,12582
ANOPUY;12584
ANORRW;7973,10859,12585,12586
ANORSS;10392,11445,11727,12510,12578,12587
ANORST;2540,4167,6239,10393,11446,11728,12156,12261,12413,12511,12562,12575,12579,12588,12589,12590
ANORSV;12587
ANORSW;7974,12157,12563,12580,12585
ANORSY;4168,6241,12297,12512,12590
ANORTT;2541,6242,12576,12588
ANORTU;6243,7975,10395,11448,12158,12298,12513,12589
ANORTV;10396,12581
ANORTY;4169,7976,12590
ANORYZ;
ANOSST;2542,10400,11450,12417,12514,12564,12593
ANOSSW;10401
ANOSSY;
ANOSTT;2543,6245,7979,10402,12162,12582,12588,12594
ANOSTU;6246,7980,10403,11451,12299,12515,12583,12589,12594
ANOSTX;
ANOSTY;12566,12590
ANOSTZ;12593
ANOSUY;12584
ANOSWY;
ANOSXY;
ANOUXY;
ANPPSY;
ANPRSU;2546,11734,12169,12596,12597,12598,12599
ANPRSW;10414,12170,12580,12598
ANPRSY;6248,10862,12599
ANPRTY;
ANPRUW;7981,12598
ANPRUY;12419,12599
ANPSSW;12600
ANPSUW;12595,12598,12600
ANPSUY;12584,12599
ANPSUZ;
ANPSWY;
ANPTUU;12601
ANQRST;12177
ANQSTU;10426,12181
ANRSST;7983,10434,12185,12602
ANRSTT;2553,10437,12186,12588,12604,12605
ANRSTU;4172,6251,7985,10438,12187,12262,12523,12589,12597,12602,12604
ANRSTW;10440
ANRSTY;2554,10441,12590,12605
ANRSUY;6252,10443,12423,12599,12603,12606
ANRTTU;4174,10445,12524,12604
ANRTTY;10446,12605
ANRUWY;2556,10449,12606
ANSSSY;
ANSSTU;6256,10451,10863,11739,12191,12424,12571,12602,12607
ANSSUY;12603
ANSTTU;10458,12525,12594,12604,12607
ANSTUV;2562
ANSTXY;
ANSYZZ;
ANTUVY;
AOOPST;12610
AOOPTT;6260,12609,12610
AOORRT;12611,12613,12614,12615
AOORRY;12612,12615
AOORSS;7992,11742,12195
AOORST;10865,12575,12611,12616,12617,12618
AOORSZ;
AOORTT;12576,12609,12613,12616
AOORTV;12618
AOOSWZ;
AOOTTT;12619
AOPPPS;10465,12622
AOPPRS;6264,10466,12431,12608,12624
AOPPRT;12623,12624
AOPRRT;6265,10472,12197,12623,12625,12628
AOPRRU;12304,12436,12626
AOPRRW;7998,12627
AOPRSS;10474,11744,12578,12629,12630
AOPRST;6266,10475,11459,12199,12437,12579,12624,12625,12629,12631,12632
AOPRSU;11460,12438,12626,12630,12631,12633
AOPRSV;12200,12633
AOPRSY;12439
AOPRUV;12203,12633,12636
AOPRVY;10478,12636
AOPSST;2565,10481,12440,12629,12637
AOPSTU;6267,12204,12583,12631,12637,12639
AOPTUY;12444,12635,12639
AOPWWW;
AOQRTU;10485,12642
AOQSTU;12447,12642
AORRSS;10489,12643,12644
AORRST;6269,10490,11461,12448,12536,12611,12625,12643,12645
AORRSW;4182,10868,11748,12449,12538,12585,12627,12645,12646
AORRSY;10869,12612,12646
AORRSZ;10493
AORRTW;11462,12305,12645
AORRTY;6272,11463,12539,12615,12628
AORRWY;12541,12646
AORSST;4183,6273,10496,12209,12450,12542,12629,12643,12647,12648,12649
AORSSV;12211,12452,12587,12650
AORSSW;6275
AORSTT;2569,6276,10498,11749,12588,12616,12648
AORSTU;4184,6277,10871,11465,11750,12212,12453,12589,12617,12631,12642,12649,12652,12653
AORSTX;6279
AORSTY;4186,6280,12214,12590,12653
AORSUU;6281,8001,12591
AORSUV;10499,10872,12215,12454,12633,12650,12654
AORSVY;10501,12654
AORTUW;8003,10504,12652
AORTUY;11466,12635,12653,12655
AORTVY;12655
AORVWY;
AOSSST;12647
AOSSTT;12216,12648,12657
AOSSVY;
AOSTTT;12619,12657,12659
AOSTTU;6285,10507,10875,11467,12309,12458,12594,12660
AOSTTY;12660
AOSTUW;11754,12459,12546,12652
AOSTUY;12460,12639,12653,12658,12660
AOTTTW;12659
APPPSU;12622
APPRTY;12662
APPRUW;12663
APPSUY;12664
APPSUZ;
APRRSY;10527
APRSST;2577,10532,11756,12223,12549,12629
APRSSY;10534,12666
APRSTT;2578,10535,12667,12668
APRSTY;2579,10537,12465,12662,12668
APRSWY;10541,12468,12666,12669
APSSSU;12665
APSSTU;6289,10544,12637,12670
APSSUW;11757,12600,12671
APSTUY;12639,12670
APSUWY;12669,12671
AQRRUY;
AQRSTU;10552,12642
AQRTUZ;12672
AQSSTU;
AQSSUW;12312
AQUYZZ;
ARRSST;10557,12232,12643
ARRSSU;4193,10558,12644
ARRSTY;10561,12552
ARSSST;2588,10565,12647,12674
ARSSTT;2589,10568,11763,12236,12648,12675,12676
ARSSTU;6292,12237,12314,12555,12602,12649,12674,12675
ARSSTW;10570,11764
ARSSTY;2590,10571,12676
ARSTTT;10575,12238
ARSTTU;6293,10576,12239,12556,12604,12667,12675
ARSTUW;12473,12652
ARSTUX;
ARSTUY;10582,12653
ARSTWY;10584,11766
ARSTXY;
ASSTTU;2592,10589,12247,12607,12675,12677
ASTTWY;
BBBDEI;
BBBDEO;12679
BBBEIL;12681
BBBEIR;12683,12684
BBBEIU;12685
BBBELO;12679,12686
BBBELU;2597,12680,12687,12688
BBBELY;
BBBEOR;12689,12690
BBBESU;12685,12688
BBBHUU;12694
BBBINO;12692,12695
BBBLOY;
BBBLUY;
BBCDEO;12700
BBCDEU;12701
BBCELO;12700,12712,12713
BBCEOR;12706,12712,12715
BBCEOW;12716
BBCESU;12709
BBCHUY;
BBCLUY;
BBDDEI;12722,12723
BBDDEO;
BBDDEU;12724
BBDEEK;
BBDEEN;12728,12729
BBDEEW;
BBDEFI;
BBDEFO;12731
BBDEFU;12732
BBDEGI;12733
BBDEGO;12734
BBDEGU;12735,12736
BBDEHO;12737
BBDEIJ;
BBDEIL;12722,12733,12739,12740,12741,12742,12743,12744
BBDEIN;12740,12745
BBDEIO;12741,12746
BBDEIR;12699,12723,12725,12742,12747,12748
BBDEJO;
BBDELO;12679,12700,12731,12734,12737,12741,12750,12752,12754,12755,12756
BBDELU;12680,12701,12732,12751,12753,12757,12758
BBDEMO;12750
BBDEMU;12751,12759
BBDENU;12753,12760
BBDEOO;12754
BBDEOR;12730,12761
BBDEOS;12746,12755,12761,12762,12763
BBDEOU;
BBDEPU;
BBDERU;12724,12735,12757,12764,12765
BBDESU;2632,12736,12758,12759,12760,12765,12766,12767
BBDETU;12767
BBDIKU;12772
BBDINO;12770,12774
BBDINU;12771,12775
BBDKUY;12778
BBDOSU;
BBEEEE;12779
BBEEIK;12782
BBEEIR;12703,12725,12783,12784
BBEEIW;12784,12785
BBEEKL;12786
BBEELP;12727,12787
BBEEMX;
BBEENS;12729,12789
BBEERR;12780,12790
BBEERS;12783,12790
BBEEST;
BBEFIR;2646,12791,12792,12793,12794
BBEGIN;12797,12799,12800
BBEGIR;2648,12798,12801,12803
BBEGIT;12804
BBEGLO;12734,12805,12806
BBEGNU;2652,12808
BBEGOT;12809
BBEHIK;12811
BBEHLO;12737,12815,12816
BBEHOR;12815,12818
BBEIIM;12738,12822,12823
BBEIIR;12820,12822,12824,12825
BBEIJO;12826
BBEIJR;12827
BBEIKL;12739,12819,12828
BBEIKS;12782,12811,12828
BBEILM;
BBEILN;12740,12829,12830
BBEILR;12705,12742,12791,12798,12820,12829,12833,12835,12836
BBEILS;12681,12743,12821,12828,12830,12831,12835,12837,12838,12839,12840
BBEILW;12744,12839
BBEIMO;12841
BBEIMX;
BBEIOO;12844,12845
BBEIRR;12707,12747,12824,12847,12848
BBEIRS;2658,12683,12748,12783,12792,12803,12825,12827,12835,12847,12849
BBEISU;12685,12709,12814,12849,12851,12852
BBEJOR;12853,12854
BBEKNU;12856,12860
BBEKOS;12857
BBEKSU;12860
BBELLU;12862,12863
BBELMO;12750,12864,12865
BBELMU;12751,12866,12867
BBELNO;12752,12855,12868,12869
BBELNU;12753,12856,12870
BBELNY;12871
BBELOR;2668,12712,12805,12815,12868,12872,12873,12874,12875
BBELOT;12832,12865,12876
BBELOW;12756,12874,12877
BBELPY;
BBELRU;2672,12687,12714,12757,12795,12807,12866,12873,12878,12879
BBEMNU;12881
BBEMOR;12882
BBEMOS;12841,12864,12882
BBENRU;12843,12884
BBENSU;12760,12808,12860,12870,12881,12884,12885
BBEOPS;
BBEORR;12887,12888
BBEORS;2679,12689,12715,12761,12818,12853,12872,12882,12887,12889,12890
BBEOSU;
BBERRU;12764,12810,12878,12893,12894
BBERTU;12850,12895
BBESSY;
BBESUZ;
BBFILU;12899
BBGINO;12692,12717,12770,12897,12901,12903,12908,12910,12912,12914,12915,12916
BBGIOW;12922
BBGLOY;
BBGRUY;
BBHIOT;12926
BBHJOO;12930
BBHLUY;
BBHNOO;12932
BBIIKS;
BBIIRT;12938
BBIIUU;12939
BBIKOS;12942
BBIKSU;12772
BBILLU;12909,12944,12945
BBILNY;12946
BBILOS;2711,12831
BBIMOS;12841,12924,12947,12948
BBINNU;12913,12949
BBINOR;2716,12842,12915,12950,12951
BBIRTU;12850,12952,12953
BBKNOY;12955
BBKNUY;12956
BBKOOS;12931,12960
BBLLUU;12945,12961
BBLNUY;12956
BBLOOS;2727
BBLOSY;12963
BBLOWY;12963
BBLRSU;12879
BBLRUY;
BBLSSU;
BBLSUY;12964
BBMOOS;2729
BBMOSU;12966
BBMOUY;12966
BBMOXY;
BBMRUY;
BBNNOO;12967
BBNOOO;12968
BBNOSY;
BBNOTU;
BBNSUY;
BBOOOO;12959,12971
BBOOSY;12886,12972
BBOOUU;12973
BBORTU;12952,12974
BBOSUY;12966,12975
BBRSUU;12976
BBSTUY;12964
BCCEEH;12977
BCCEIO;12979,12982
BCCEOS;2744,12982
BCCIOR;2750
BCCIOS;2751,12982
BCCISU;2752,12987
BCDEEK;12994
BCDEIO;13002,13007,13008
BCDEIS;13004,13008,13009
BCDEKO;13010,13012,13013,13014
BCDEKU;13011,13015
BCDEMO;13017
BCDENU;12995,12998,13019
BCDERU;2773,13018,13020
BCDIOU;13031
BCDIRY;13032
BCDNOU;13019,13034
BCEEHO;12702,13047,13048
BCEEHR;13043,13045
BCEEHY;
BCEEKN;13053,13054
BCEEKR;13055
BCEEKS;12994,13053,13055,13056,13057
BCEEKT;13056
BCEEKZ;13057
BCEELO;13059,13060
BCEELS;2794,13044,13059
BCEEMO;13061
BCEEQU;13064
BCEERS;13051,13055,13065
BCEESX;
BCEESZ;13057
BCEGLO;13068
BCEHLN;
BCEHNY;
BCEHOR;12999,13071,13079,13080,13081
BCEHOS;2816,13047,13079,13082,13083,13084
BCEHOU;13001,13048,13084
BCEHRU;13076,13077,13085,13086
BCEIIK;13088,13089
BCEIIS;12978,13066,13089,13090
BCEIKR;13003,13088,13093,13094,13095
BCEIKU;13097
BCEILM;2825,13006,13091,13098,13099,13100
BCEILR;2826,12705,13093,13099,13102,13105
BCEILS;13100,13103,13105,13106
BCEILY;12981,13106
BCEIOR;2831,12706,13071,13102,13108,13110,13114
BCEIOX;
BCEIPS;13050
BCEIRS;2833,13009,13051,13073,13095,13105,13114,13115,13116,13117
BCEIRT;13052,13118
BCEIST;13074,13096,13119
BCEJOT;13120
BCEKLU;13011,13124,13125
BCEKMO;13126
BCEKNO;13127
BCEKRU;13124,13129,13132
BCEKTU;13133
BCELMO;2850,13098,13137
BCELOR;12712,13102,13123,13141
BCELOS;12713,13059,13068,13103,13137,13141,13142
BCELOU;13016,13060,13104,13142
BCELRU;2859,12714,13076,13124,13138,13143
BCEMOO;13146
BCEMOR;12983,13017,13108,13147
BCEMOS;13061,13109,13126,13137,13146,13147
BCEMRU;13018,13138,13148,13149
BCENOO;13150
BCENOS;2867,13062,13111,13127,13150,13152
BCENOU;13019,13151,13152
BCENSU;2871,13078,13152
BCEORS;2874,12715,13079,13114,13141,13147,13153,13154
BCEOTT;
BCERRU;13148,13155
BCERSU;2878,13065,13085,13117,13132,13143,13149,13154,13155,13156
BCGINU;12718,13161,13163,13164
BCGORU;13165
BCGORY;13166
BCHIIR;13170,13171
BCHILO;13176
BCHIMS;
BCHIOP;13168,13179,13180
BCHIRT;
BCHITY;
BCHLOT;13181
BCHLSU;13182
BCHNRU;2905,13077
BCHNUY;
BCHOOR;13183,13184
BCHORS;13079,13167,13184,13185
BCHOTY;13181
BCHSUU;
BCIILM;13187
BCIINO;13190,13191
BCIINU;
BCIIOP;13168,13192,13193
BCIIOT;2918,13169,13191,13193,13194
BCIITU;13195
BCIKNO;13160,13197
BCIKRS;13095
BCIKRY;
BCILMS;13100
BCILOO;13028,13201
BCILOS;13103,13176
BCILPU;13200,13202
BCILRU;
BCIMOR;13108,13177
BCIMOS;13109
BCIMOT;
BCIMSU;2930,13204
BCINOR;2931,13110,13178,13205,13207,13208
BCINOS;2932,13111,13190,13197,13206,13207
BCINRU;13113,13164,13208,13209
BCIORS;2936,13114,13207,13212,13213
BCIOSX;
BCIRRU;13215
BCISTU;13195,13217,13218
BCKLOS;
BCKLOY;
BCKNUU;13227
BCKORS;2953
BCKOSU;13130,13225
BCKSUU;13227
BCLOSY;
BCMOOS;13146,13236
BCMOOT;13236
BCMORS;2975,13147,13237
BCMORY;13237
BCMRSU;13149
BCMRUY;13231
BCNOOR;12990,13183,13205,13239
BCNORS;2978,13207,13239
BCNOSU;13034,13152,13240
BCNOTU;13240
BCNOUY;
BCNRUU;13241
BCOOOO;13242
BCOOSY;13244
BCOOWY;13244
BCOPSU;
BCORSS;2980,13153,13212
BCORSU;13154,13165
BCRSSU;
BDDDEE;
BDDDEU;13248,13249
BDDEEI;13254,13255,13256,13257
BDDEEN;13258,13259
BDDEER;2991,13251,13255,13260
BDDEET;2993,13257,13262
BDDEEY;
BDDEGO;
BDDEGU;13265
BDDEIN;2996,13263,13268,13271,13272
BDDEIO;13273
BDDEIR;2997,12723,13255,13264,13266,13269,13271,13274,13275,13276
BDDELO;13279,13280,13281,13282
BDDELU;3001,13249,13265,13270,13278,13282,13283
BDDEMU;
BDDENO;13259,13284
BDDENU;13272,13278,13284
BDDERU;12724,13276,13286,13288
BDDESU;13261,13277,13283,13288,13289
BDDISU;13277,13293
BDEEEF;13295
BDEEEI;13296
BDEEEL;13295,13297,13298,13299,13300,13301
BDEEEN;13302,13304
BDEEEP;13298,13305
BDEEET;13300,13303,13309
BDEEFL;3015,13295
BDEEFW;
BDEEGG;
BDEEHL;12991
BDEEHR;13316
BDEEIL;12993,13254,13317,13319,13320,13321
BDEEIN;13318,13325,13326
BDEEIR;3024,12725,13255,13310,13322,13325,13327,13328,13329
BDEEIS;12726,13256,13296,13320,13328,13330,13331
BDEEIT;13257,13323,13329,13331
BDEEJL;13333
BDEEJM;13334
BDEEKM;13335
BDEEKR;3028,13336
BDEELL;3030,13297,13319,13337
BDEELN;3032,13258,13341,13342,13343
BDEELS;3034,13320,13333,13337,13339,13342,13347
BDEELT;3035,13300,13343,13346,13348
BDEEMR;3038,13322,13338,13353
BDEEMS;3039,13334,13339,13350,13354
BDEENO;12728,13259,13355,13356
BDEENR;13325,13341,13355,13357,13358,13359
BDEEOY;13313
BDEEPS;13305
BDEERR;3044,13306,13327,13358,13360
BDEERS;3045,13260,13328,13359,13361,13365,13366
BDEERW;3047,13363,13367
BDEERY;3048
BDEEST;3050,13309,13331,13365
BDEESW;
BDEESY;
BDEETT;3052,13348
BDEEWY;
BDEFFI;
BDEFFO;
BDEFFU;13369
BDEFIR;13310,13370
BDEGGI;
BDEGGO;13375,13376
BDEGGU;
BDEGIL;12733,13379,13380,13381
BDEGIN;3066,13263,13379,13382,13383,13384
BDEGIO;13380,13383,13385,13386,13387,13388
BDEGIR;3067,13264,13384,13386,13389,13390
BDEGIU;13390,13391
BDEGLO;12734,13375,13380
BDEGLU;13265,13392,13393,13394
BDEGNO;3072,13383,13395
BDEGNU;13392,13396
BDEGOR;13312,13376,13386,13398,13399
BDEGOS;3073,13387,13398
BDEGOU;13378,13399
BDEGRU;12735,13390,13393,13399,13400
BDEGSU;12736,13314,13391,13394,13396,13400,13401
BDEGTU;13401
BDEHIN;13402
BDEHLO;12737,13405
BDEHOO;
BDEHOS;13405,13409
BDEHOT;13000,13409
BDEHSU;3084,13406,13410
BDEIIM;12738
BDEIIR;13266,13411
BDEIKL;12739,13317,13414,13415
BDEILL;13319,13419
BDEILM;13006,13420,13421,13422,13423
BDEILN;12740,13268,13379,13414,13424,13425,13426,13427
BDEILO;12741,13007,13380,13420,13428,13429,13430,13431
BDEILR;3088,12742,13269,13370,13413,13425,13429,13433,13434,13435,13436
BDEILS;3089,12743,13320,13381,13422,13426,13430,13434,13437,13438
BDEILU;3091,13270,13415,13419,13436
BDEILY;3092,13427
BDEIMN;13442
BDEIMS;3095,13422,13444
BDEIMU;13445,13446
BDEINN;13382,13424
BDEINR;3096,13271,13325,13384,13425,13442,13447,13449,13450,13451,13452
BDEINT;13453
BDEINU;13272,13448,13454
BDEIOO;13273,13385,13455,13456
BDEIOR;13386,13429,13443,13447,13455,13457,13458,13459,13460,13461
BDEIOS;12746,13008,13387,13430,13444,13456,13458,13462
BDEIPR;13449,13463
BDEIPS;13463
BDEIRR;3100,12747,13274,13327,13433,13450,13457,13464
BDEIRS;3101,12748,13009,13275,13328,13389,13411,13418,13434,13451,13458,13463,13464,13465,13466,13467
BDEIRU;3103,13276,13390,13436,13445,13466,13468
BDEIRV;13460,13467
BDEIST;3107,13331,13438,13453,13465,13470,13472
BDEISU;3108,13277,13391,13454,13466,13471,13472
BDEITT;13439
BDEKLU;3113,13011,13415,13476
BDEKNO;12749,13417,13477,13478
BDEKNU;3115,13476,13478,13479
BDEKOO;13477,13480
BDEKOR;13012,13480
BDEKRU;13336
BDEKSU;13015,13479
BDELLO;13481
BDELLU;13419
BDELMO;12750,13420,13483
BDELMU;12751,13340,13371,13404,13474,13482,13484,13485,13486
BDELNO;12752,13487,13488,13489
BDELNS;13342,13426,13488,13491
BDELNU;3125,12753,13278,13392,13476,13489,13490,13491,13492
BDELOO;12754,13279,13483,13493,13494,13495
BDELOR;3126,13280,13429,13481,13487,13494,13496,13497,13498
BDELOS;3127,12755,13281,13405,13430,13488,13495,13496,13499,13500,13501
BDELOT;3128,13499,13502,13503
BDELOU;13016,13282,13372,13489,13497,13500,13503
BDELOW;3129,12756,13345,13498,13501,13504
BDELRU;3135,12757,13393,13436,13485,13490,13497,13505,13506
BDELRY;3137
BDELSU;3139,12758,13283,13394,13406,13491,13500,13507,13508
BDELTU;3141,13486,13492,13503,13506,13508,13510
BDEMMU;13482
BDEMNU;13512
BDEMOO;13483,13514,13515
BDEMOR;13017,13443,13514,13516
BDEMOS;13350,13444,13515,13516
BDEMOT;
BDEMOW;13351
BDEMOY;13513
BDEMPU;13484
BDEMRU;3145,13018,13353,13445,13485
BDEMSU;12759,13354,13517
BDENNU;13518,13519
BDENOR;3147,13355,13447,13487,13520,13521,13522,13523,13524
BDENOT;3148,13525
BDENOU;13019,13284,13448,13478,13489,13512,13518,13522,13526,13528,13529
BDENOW;13395,13523,13528
BDENOY;3149,13513,13527
BDENRU;3154,13490,13522,13530,13531
BDENSU;3157,12760,13396,13454,13479,13491,13519,13526,13530,13532,13533,13534
BDENSY;3158,13527,13534
BDENTU;3159,13492,13531,13533
BDEOOR;13285,13373,13455,13480,13494,13514,13535,13536,13537
BDEOOS;13456,13495,13515,13536,13538
BDEOOT;3160,13374,13538,13539
BDEOOZ;
BDEOPP;
BDEOPR;13540,13541
BDEORR;3161,13360,13457,13520,13535,13543,13544
BDEORS;12761,13361,13398,13458,13496,13516,13521,13536,13540,13543,13545,13546,13547,13548
BDEORT;3162,13459,13541,13546,13549
BDEORU;13020,13286,13399,13475,13497,13522,13544,13547,13549,13550
BDEORW;13021,13363,13498,13523,13548
BDEORY;13408,13537
BDEOSS;13545
BDEOSU;13022,13500,13526,13547
BDEOSW;12763,13501,13548
BDEOTT;13502
BDEOUY;
BDEPRU;
BDERRU;12764,13505,13544,13552
BDERSU;3169,12765,13288,13366,13400,13410,13466,13530,13547,13552,13553,13554,13555,13556
BDERTU;13468,13506,13531,13549,13554
BDERUX;
BDESSU;12766,13368,13471,13507,13532,13553,13557,13558,13559
BDESTU;12767,13401,13472,13508,13517,13533,13551,13554,13557
BDESUU;13023,13289,13555,13558
BDESUW;13559
BDETTU;3174,13510
BDEUZZ;
BDFILO;13564
BDFIOR;13562,13565
BDGIIN;3178,12769,13290,13569,13570,13571
BDGIIO;13572,13573
BDGINO;3181,12770,13383,13566,13574,13577,13579,13580
BDGINY;13580
BDGMUU;13583
BDGOOY;13397,13585
BDGORU;13399,13586
BDHIIN;13587
BDHIOS;13589
BDHIRY;13590
BDHNSU;3199,13592
BDHNUU;13592
BDIILO;13596,13597
BDIIMR;13599
BDIINS;13571,13587,13598
BDIITT;13601
BDIKNO;13417,13594,13602,13603
BDILNS;13426
BDILOO;3207,13028,13575,13607
BDILOY;
BDILSU;
BDILUY;3213,13609,13610
BDIMOR;3216,13443,13614
BDIMOS;13444,13614
BDIMOY;
BDINNU;13578,13605,13615,13616
BDINOS;12774,13579,13603,13619
BDINOU;13448,13615,13619,13620
BDINPU;13611,13621
BDIOOT;13626
BDIOPS;
BDIOSV;
BDIOTU;13629
BDIRTU;13468,13631
BDKLOO;13633
BDLLOY;
BDLMUY;
BDLNOO;13635
BDLNOS;13488,13635
BDLOOS;13495,13607,13633,13635
BDLOOY;
BDLOUY;
BDMOSU;
BDNOOS;13635,13642
BDNOOY;13639
BDNORS;3250,13521
BDNOSU;3251,13034,13526,13619,13647
BDNOTU;13645,13647
BDNOUY;13620
BDNSTU;13533,13623,13647
BDNSUU;13592
BDOORS;13536
BDOORY;13537
BDOOSS;13637,13642
BDORSU;13547,13586
BDORWY;13650
BDOSTU;13629,13647
BEEEFL;13295,13656,13657
BEEEHP;13665
BEEEKL;13660,13666,13673,13674
BEEELS;3269,13657,13674,13678
BEEELT;13300,13676,13678
BEEEMS;13679,13680,13681,13682
BEEEMT;13303,13653,13682
BEEENS;13304,13664
BEEEPR;13675,13685
BEEEPW;13686
BEEERS;13680,13685,13687,13688
BEEERZ;13308,13688
BEEESS;13681,13687
BEEESV;
BEEFIL;13692,13693,13694
BEEFLL;
BEEFLY;13694,13698
BEEFOR;13700
BEEFRT;13701
BEEGIL;13704,13705,13706,13707,13708
BEEGIN;13690,13710,13711,13712,13713,13714,13715
BEEGIR;13040,13703,13706,13709,13712
BEEGIS;13659,13707,13713,13716,13717
BEEGIY;13717
BEEGLS;3283,13707
BEEGMS;
BEEGNO;13718,13719,13721,13722
BEEGNR;3285,13661,13712,13723,13724
BEEGNU;13702,13715,13724,13725,13726
BEEGOR;13312,13727
BEEGOS;13722,13727
BEEGRS;3288,13723,13727,13728
BEEGRU;3289,13724,13728
BEEGST;13716
BEEGUY;13729
BEEHIP;13041,13731
BEEHLT;13735,13736
BEEHNS;3298,13046,13664,13730,13739
BEEHOP;13731,13741
BEEHOT;13744
BEEHOV;13315,13740,13745
BEEHRT;3300,13316,13735,13747,13749
BEEHRY;13737,13749,13750
BEEHST;13733,13736,13744,13747,13751,13752
BEEIKL;13317,13666,13755
BEEILR;13692,13706,13756,13761,13764,13765,13766
BEEILS;3305,13320,13693,13707,13757,13760,13762,13764
BEEILV;13321,13669,13758,13765
BEEIMR;3306,13049,13322,13709,13768
BEEIMT;13323,13769
BEEINW;13779,13780
BEEIOT;13774,13782
BEEIRT;3309,13052,13329,13777,13786,13788
BEEIRY;13766,13787,13788
BEEIST;3310,13331,13716,13733,13769,13782,13786,13789,13790,13791
BEEISV;13792
BEEISX;13770
BEEIZZ;13793
BEEJLS;13333
BEEJMS;3311,13334
BEEJNS;13794
BEEJNU;13794
BEEKNS;13053
BEEKOR;13799
BEEKRS;3322,13055,13799,13800,13802
BEEKRU;13336,13801,13802
BEELLS;13337,13757
BEELMM;3326,13805
BEELMR;13338,13808,13809
BEELMS;3327,13339,13760,13805,13808,13810
BEELNS;3332,13342,13814
BEELNU;3334,13814
BEELOT;13804,13815,13818
BEELOV;13344,13816
BEELPS;3337,12787,13819
BEELPT;3338,13819
BEELRS;13764,13808,13820,13821,13822
BEELRT;3341,13346,13676,13735,13809,13813,13821
BEELRY;3342,13766,13822
BEELST;3343,13678,13736,13815,13819,13821
BEELSV;3345,13816
BEELSZ;13826
BEELZZ;13349,13826
BEEMMR;13828
BEEMNS;3347
BEEMRS;3349,13680,13768,13808,13828,13835
BEEMRU;13353,13834,13835,13836
BEEMSU;13354,13835,13837
BEENNR;13838
BEENNS;13771,13838,13839
BEENNT;13839
BEENNU;
BEENOR;13355,13841,13842,13843
BEENOT;13774,13797,13840,13844
BEENST;13839,13844,13847
BEENTU;13726,13846,13847
BEENTW;13684
BEEOOT;13840,13849
BEEOPP;13850
BEEORR;13360,13841,13851,13853,13854
BEEORS;3358,13361,13727,13742,13781,13799,13842,13852,13853,13855,13856
BEEORY;13700,13843,13856,13858
BEEPRU;13861
BEEPTW;
BEERRS;3361,12790,13784,13800,13853,13863,13864,13865,13866
BEERRT;3362,13845,13863
BEERRU;13801,13834,13854,13864
BEERRV;13785,13860,13865
BEERRW;13866,13867
BEERST;3364,13365,13701,13747,13786,13821,13863,13868,13870,13871,13872
BEERSV;3365,13855,13865,13871
BEERSW;3366,13748,13866,13872
BEERTT;3369,13870,13874
BEERTV;13689,13857,13871
BEERYZ;
BEESST;3373,13751,13789,13859,13868,13875,13876
BEESTU;13847,13862,13876
BEESTW;13791,13872
BEESUV;13848
BEFFIR;13879,13880
BEFFLU;13369,13881
BEFFOU;13882
BEFFPU;13883
BEFFRU;13880,13881,13884
BEFFTU;13885
BEFGIT;13691,13888
BEFGLU;13889
BEFGOS;
BEFHOO;13890
BEFILM;13891
BEFILO;13892,13894,13895
BEFILX;3389
BEFIRS;12792,13697,13879,13902,13904,13905
BEFIRT;3391,13897,13904
BEFIST;13888,13904,13907
BEFITU;13907,13908
BEFIWY;
BEFLMU;13371,13911,13912
BEFLOO;13913
BEFLOU;13372,13895,13914
BEFLRY;3400,13898
BEFORY;3406,13700
BEFOSU;13882,13914
BEFRRU;13918
BEFRUY;12796
BEFSUU;13919
BEGGII;13921
BEGGIR;3408,13923,13924
BEGGLO;13375,13928,13929
BEGGOR;13376,13923,13928,13930
BEGGRU;3415,13924,13931,13932
BEGHIS;13935
BEGILN;3421,13379,13947,13949,13950,13951,13952,13953,13954
BEGILO;13380,13705,13949,13955,13956
BEGILR;12798,13706,13939,13950,13955,13957,13958,13959
BEGILS;13381,13707,13951,13956,13957,13960
BEGILT;13952,13958,13960
BEGIMR;3424,13709,13961,13962
BEGINN;3426,12799,13382,13710,13941,13963
BEGINO;3427,13383,13922,13949,13964,13965
BEGINR;3428,13384,13712,13942,13946,13950,13961,13966,13967,13968,13969,13970
BEGINS;3429,13713,13943,13951,13964,13967,13971,13972,13973
BEGINT;3430,13714,13934,13952,13972,13974
BEGINU;13715,13944,13953,13963,13973
BEGIOO;13385,13975
BEGIOS;12802,13387,13956,13964,13975,13977,13978
BEGIOU;13978
BEGIRS;12803,13389,13957,13962,13967,13979
BEGIRT;13958
BEGIRU;13390,13887,13924,13959,13979
BEGISW;
BEGKNU;13982
BEGLNO;13718,13949,13987
BEGLNU;13392,13953,13988,13989
BEGLOS;12806,13068,13929,13956,13987,13990,13992,13993,13994
BEGLOT;3443,13991,13992
BEGLOW;13994
BEGLRU;3446,12807,13393,13959,13985,13988,13996
BEGLSU;3449,13394,13889,13989,13993,13996,13998
BEGLTU;13998
BEGMNO;13719,13999
BEGMOS;3451,13981
BEGMSU;
BEGNOY;13965,13999,14003
BEGNRU;13724,13988,14002,14006
BEGNSU;12808,13396,13725,13973,13982,13989,14006,14007
BEGNUY;14007
BEGOOR;14008
BEGOOS;13975,13990,14001,14008,14009
BEGOOY;13397,14009
BEGOPX;
BEGORS;3462,13398,13727,13930,14008,14010
BEGORU;13399,14002,14010
BEGOSU;13978,13993,14010,14011
BEGOSY;14003,14009
BEGOTU;14005,14011
BEGOTW;14012
BEGRRU;3467,12810,13938,14013
BEGRSU;13400,13728,13931,13979,13996,14006,14010,14013,14014
BEHIKR;14020
BEHILT;14022,14024,14025
BEHINS;3474,12812,13402,13730,14031
BEHINT;13070,13934,14019,14031
BEHIOT;13072,14032,14033
BEHISS;13935,14037
BEHISU;3476,12814,14026,14036,14037
BEHITT;13936,14038
BEHITZ;3478,14039
BEHKOR;14041
BEHKOS;14041
BEHLMU;13404,14045,14046
BEHLOW;14044,14049
BEHLRU;13076,14045,14050,14051
BEHLSU;13406,14026,14046,14051,14052,14053
BEHMOR;14028,14056
BEHNOR;14060,14061
BEHOOS;13890,14065
BEHORT;13080,14048,14061,14064,14066,14068,14069,14071
BEHOSS;13082
BEHRST;3499,13747,14035,14069
BEHRSU;13085,13410,14036,14051,14070,14073,14074
BEHSSU;14037,14052,14074
BEIIKK;14076
BEIIKR;13088,14078,14079,14080
BEIIKS;13089,14076,14080
BEIILL;3501,14081,14082
BEIIRR;12824,14079,14088,14092
BEIIRS;12825,13411,14080,14085,14089,14092,14093
BEIIRV;
BEIISS;
BEIITT;14091,14094,14095
BEIJLR;13413,14100
BEIJLU;13753,14101
BEIJMU;14102
BEIJNU;14103
BEIJRS;12827,14100
BEIJTZ;14104
BEIKLN;3511,13414,14077,14106,14107
BEIKLR;3512,13093,14078,14106,14108,14112,14113
BEIKLY;14114
BEIKNR;3515,13094,13946,14106,14116
BEIKNU;14117
BEIKOO;14118,14119
BEIKOY;14122
BEIKRS;13095,13418,14020,14080,14112,14116,14120,14123,14124,14125
BEIKSS;
BEIKSU;13097,14117
BEILLR;3522,13756,14128,14129,14130,14131
BEILLS;3523,13757,14082,14130,14132,14133
BEILLT;14132
BEILMN;3525,14127,14134,14135
BEILMO;13098,13420,14136,14137
BEILMR;3526,13099,14083,14134,14136,14138,14139,14140
BEILMW;3530,13423,14140,14142
BEILMY;3532
BEILNO;13101,13892,13949,14143,14144,14145
BEILNR;12829,13425,13761,13950,14106,14134,14146,14147
BEILNT;13952,14148,14152
BEILNU;13893,13953,14149
BEILNY;13427,13954,14147,14150
BEILNZ;14151,14152
BEILOO;14143,14153,14154
BEILOR;13102,13429,13955,14108,14136,14153,14155,14158,14159,14160,14161,14162
BEILOT;12832,14160,14163
BEILOW;14110,14145,14161,14164
BEILRR;13433,14129,14158,14166,14167
BEILRS;3538,12835,13105,13434,13764,13957,14085,14100,14112,14130,14138,14146,14159,14166,14168,14169
BEILRT;3539,12836,13435,13897,13958,14024,14139,14160,14169,14170,14171,14172,14173
BEILRU;13436,13959,14113,14131,14167,14171,14174,14175
BEILST;3543,12838,13438,13960,14025,14132,14148,14163,14169,14177,14178,14179,14180
BEILSZ;3546,14151,14180
BEILTW;14179
BEILVY;
BEIMMO;14182
BEIMNN;
BEIMOS;12841,13109,13444,14137,14182,14187,14188,14191,14192
BEIMOZ;14190,14192
BEIMRT;14139,14195,14197,14198
BEIMRU;13445,14194,14196,14197
BEIMRX;
BEIMST;13769,14195,14199,14200
BEIMSU;3554,14102,14141,14196,14200
BEIMTX;
BEINNO;14201,14202,14203,14204
BEINNS;13771,14203,14205,14206
BEINNT;
BEINNZ;13772,14204,14206
BEINOR;12842,13110,13447,13900,14184,14202,14209,14210
BEINOS;13111,13773,13964,14144,14203,14207,14211,14212,14213,14214,14215
BEINOV;14213
BEINOX;14214
BEINOZ;13112,13775,14204,14215
BEINRR;3557,13450,13966,14088,14217
BEINRS;13451,13967,14089,14116,14146,14217,14218,14219
BEINRU;12843,13113,14218,14221
BEINRY;13452,13970,14147,14219
BEINSZ;14151,14206,14215
BEINTT;3563,13974,14216,14220
BEIOOT;12845,14208,14223,14225
BEIORR;13457,14158,14228,14229
BEIORS;3564,13114,13458,13781,13902,14120,14159,14188,14228,14230,14231,14232,14233
BEIORT;13459,14121,14160,14209,14229,14231
BEIORU;14232,14234
BEIORX;13903
BEIOSS;3565,13977,14191,14211,14230,14235,14236,14237
BEIOST;3566,13782,14032,14163,14212,14225,14231,14238,14239,14240
BEIOSW;14164,14237
BEIPPU;14241
BEIPST;3568,14242
BEIPTY;14227
BEIQSU;14245
BEIQUU;
BEIRRS;3571,12847,13115,13464,13784,14092,14123,14166,14217,14228,14247
BEIRRU;14167,14246,14247,14248
BEIRRY;12848
BEIRSS;3575,13116,14168,14230,14249,14250,14251
BEIRST;3576,13465,13786,13904,14035,14093,14124,14169,14195,14231,14250,14252,14253
BEIRSU;12849,13117,13466,13905,13979,14036,14196,14218,14232,14247,14251,14253
BEIRSV;13467
BEIRSW;14125
BEIRSZ;3578
BEIRTT;3579,14094,14170,14220,14252,14254,14255
BEISST;13119,13470,13789,14177,14199,14242,14250,14258
BEISSU;12851,13471,13980,14037,14236,14243,14245,14251,14258
BEISTZ;14039,14104,14180
BEISZZ;13793,14099
BEITUY;13473
BEJJUU;14261
BEJLMU;13474,14263,14264
BEJNSU;13794,14103
BEJORU;13475,14266
BEJOST;13120
BEKKNO;14267
BEKKRY;
BEKLOS;12857,14109
BEKLOY;
BEKLRU;3606,13124,14113,14268,14270
BEKMOS;13126,13796,13981,14272,14273
BEKNOR;12859,14276,14277
BEKNOT;13797,14275,14278
BEKNRU;3611,14268,14277,14279
BEKOOR;3614,13480,14118,14280,14281
BEKOOS;14119,14281
BEKOOT;14269,14275
BEKORR;14283,14284
BEKORS;13799,14041,14120,14276,14281,14283
BEKOST;14273,14278,14286
BEKPSU;
BEKRRU;13801,14288
BEKRSU;13132,13802,14270,14279,14288,14289
BEKSTU;13133,14290
BELLNO;
BELLOU;13983,14294,14296
BELLOW;13134,14295
BELLRU;3625,14131,14297,14298
BELLTU;3628,12863,14299
BELLUY;14300
BELMMU;13482,14302,14303
BELMOS;12864,13137,14137,14304,14309,14313,14314
BELMOY;14306,14314
BELMRU;12866,13138,13485,13911,13985,14045,14263,14302,14315,14316,14317,14318
BELMSU;3637,12867,13139,13912,14046,14141,14264,14303,14307,14313,14317,14320
BELMTU;3639,13486,14318,14320
BELNNY;
BELNOR;12868,13487,14323
BELNOS;3640,12869,13488,13987,14144,14304,14325,14326
BELNOZ;13812,14326,14327
BELNTU;3651,13492,14322,14328,14330
BELNTY;3652
BELNUY;
BELNYZ;14327,14331
BELOOR;13494,14153,14308,14323,14332,14333
BELOOS;13495,13913,13990,14154,14309,14333,14334
BELOOY;14324
BELOPU;14335
BELORR;3657,14158,14293
BELORS;3658,12872,13141,13496,14159,14333,14336,14337,14338,14339,14340
BELORT;3659,14048,14160,14312,14337,14341,14342
BELORU;3660,12873,13497,14338,14342
BELORW;3661,12874,13498,14161,14339
BELOSS;3662,14265,14334,14336,14343,14344
BELOST;3663,12876,13499,13815,13992,14163,14325,14337,14345,14346
BELOSU;13142,13500,13914,13993,14294,14313,14335,14338,14343,14346
BELOSW;3665,12877,13501,13994,14049,14164,14295,14339,14344,14347
BELOTT;3666,13502,14341,14345
BELOWZ;13504,14347
BELPSY;
BELPUW;
BELRRU;12878,13505,14050,14167,14297,14316,14348,14349
BELRST;3675,13821,14169,14337,14350
BELRSU;12879,13143,13996,14051,14270,14298,14317,14338,14348,14350,14351,14352
BELRSY;3678,13822,14340,14352
BELRTU;13506,14171,14318,14328,14342,14349,14350,14353
BELRTY;13997,14172,14319,14353
BELRUY;14174,14352,14353
BELSSU;3685,13144,13507,14052,14329,14343,14354
BELSTU;3687,12880,13508,13998,14053,14178,14299,14320,14330,14346,14350,14354,14355,14356
BELSUY;3689,14300,14352
BELTTU;13510,13827,14181,14355
BELTUU;13915,14356
BEMMRU;14302,14360,14361
BEMNOT;3695,14365
BEMNOW;14363,14367
BEMNRU;14369
BEMNSU;3698,12881,14054,14307,14366,14369,14370,14371
BEMOOR;13514,14186,14308,14373,14374
BEMOPS;
BEMORS;12882,13147,13516,14056,14188,14374,14375,14376,14377,14378,14379,14380
BEMORW;13831,14189,14363,14379,14382
BEMORY;14364,14380
BEMOSS;3701,13832,14191,14272,14376
BEMOST;14273,14365,14377
BEMOSW;14367,14379
BEMOSY;14314,14380
BEMPRU;14194,14315,14384
BEMRSU;13149,13835,14196,14317,14361,14369,14378,14384,14385
BEMRUY;
BEMSSU;13837,14386,14387
BEMSTU;13517,14200,14320,14362,14370,14385,14386,14388
BEMSUY;
BENNOS;3707,14203,14392,14393
BENNOT;14059,14392
BENNOU;13518,14321,14389,14393
BENNSU;13519,14205,14393,14394,14395
BENNTU;14322,14395
BENOOR;14323,14396
BENOOT;13840,14208,14275,14397
BENORR;13520,13841,14398,14400,14401
BENORS;3711,13521,13842,14060,14276,14396,14402,14403,14404
BENORT;3712,14061,14209,14402
BENORU;13151,13522,14002,14277,14389,14399,14403
BENORZ;3714,13524,14391,14401,14404
BENOST;3715,13525,13844,14062,14212,14278,14325,14365,14392,14397,14402,14408,14409
BENOSW;14367,14407,14412
BENOSZ;14215,14326,14404,14411
BENOTT;14004,14216,14408
BENOTY;3717
BENRRU;3721,14413
BENRST;3722,14402,14415
BENRTU;13531,13846,14063,14221,14328,14415
BENRTY;
BENSTU;3729,13533,13847,14330,14370,14395,14409,14415,14416
BEOORS;13536,14008,14281,14333,14374,14396,14417,14418,14419
BEOORT;3732,14064,14418,14420
BEOORZ;14224,14419
BEOOSS;14334,14417
BEOOSZ;14419
BEOOYZ;
BEOPPR;14226,14421
BEOPRR;13851,14398,14422,14423
BEOPRS;3735,13540,13852,14421,14422,14424
BEOPRU;14282,14399
BEOPST;13542,14424,14425,14426
BEOQSU;14427,14428,14429
BEORRS;3738,12887,13543,13853,14228,14283,14375,14422,14431,14432
BEORSS;12889,13153,13545,14230,14336,14376,14417,14431,14434,14435,14436
BEORST;3740,13546,14069,14231,14337,14377,14402,14418,14424,14434,14437,14438,14439,14440,14441
BEORSU;3741,13154,13547,14010,14070,14232,14266,14338,14378,14403,14435,14438,14442,14443
BEORSV;3742,13855,14439,14444
BEORSW;12890,13548,14339,14379,14432,14436,14440,14445
BEORSX;3743
BEORTT;3746,14071,14341,14437
BEORTV;13857,14439
BEORUZ;14443
BEORVV;14444
BEORVY;14446
BEORWY;13858,14405,14433,14445
BEOSSS;14235,14447
BEOSST;13859,14286,14425,14434,14447,14448,14449
BEOSSU;14236,14343,14406,14427,14435
BEOSSW;14237,14344,14407,14436,14449,14450
BEOSSY;14450
BEOSTT;14238,14345,14408,14437,14448
BEOSTU;14011,14072,14346,14409,14426,14428,14438
BEOSTW;14012,14440,14449
BEOSWY;14412,14445,14450
BEOTUY;14383
BEPRSU;3749,13861,14384,14452
BEPRUY;14452,14453
BEQTUY;14456
BERRRU;14246,14457
BERRTU;14248,14349,14451,14458
BERRUY;12894
BERSSU;3765,13553,13869,14014,14074,14251,14289,14414,14435,14459,14460
BERSTU;3768,12895,13156,13554,14253,14350,14385,14415,14438,14458,14459,14461,14462
BERSUX;13873
BERSUY;13556,14352,14452
BERTTU;3775,13874,14075,14254,14461,14464
BERTUY;14353,14453,14464
BERUZZ;14257,14463
BESSSU;14465
BESSTU;13157,13557,13876,14258,14290,14354,14386,14416,14459,14465,14466
BESTTU;3781,14259,14355,14461,14466,14467
BESUZZ;14463
BFFIIN;14468,14471
BFFINO;3785,14469,14473,14474
BFFIOS;14473
BFFLSU;
BFFOOS;
BFFORU;14478
BFFOSU;13882,14478,14479
BFFOUY;14479
BFGOOW;14482
BFIILR;3794,14489
BFIINR;14490,14491
BFIMOR;3798
BFINOW;14497
BFIORS;13565,13902,14498,14499
BFIRSU;13905,14485,14499
BFIRUY;14500
BFISUX;
BFLOSU;13914,14506
BFLOTY;3803,14493
BFLOUX;14506
BFLOYY;14507
BFLSYY;14507
BFLTUU;13915,14508
BFNOSY;3804
BGGIIN;12900,14511,14516,14517,14518
BGGIIW;14519
BGGINO;12901,13566,13922,14512,14521,14523,14525,14526
BGGINU;12902,13567,14513,14522,14524,14526,14527
BGGINY;
BGGLOY;
BGGLUY;
BGGNOO;14528
BGGNOU;14526,14529
BGHIIL;14531
BGHIIN;14532
BGHILT;14533,14534
BGHIRT;14539
BGHIST;3824,14533,14539
BGHMUU;14542
BGHORS;14545
BGHORU;14541,14543,14544,14545,14546
BGHOSU;14545,14547
BGHOTU;3830,14546,14547
BGHRSU;14545
BGIIJN;12904
BGIIKN;14548,14549
BGIILN;3833,12905,14516,14548,14550,14551,14552,14553,14554
BGIILS;14531,14554
BGIINO;14552
BGIINT;3835,14561,14562,14563
BGIJNO;12908
BGIKNO;3841,13160,14565,14567,14568
BGIKNY;
BGILLY;13948
BGILNO;12910,13574,13949,14521,14552,14571,14574,14577,14578,14579,14580,14581
BGILNS;3850,13951,14554,14578,14584
BGILNU;12911,13953,14522,14564,14572,14575,14582,14584,14585
BGILNY;13954,14581,14583
BGINNO;13577,14523,14565,14597,14598,14599
BGINOO;12914,14535,14567,14577,14591,14602,14603,14604
BGINOR;12915,14536,14568,14592,14606,14607,14608
BGINOS;3862,12916,13579,13964,14525,14578,14597,14602,14607,14609,14610,14611,14612
BGINOW;14580,14594,14599,14611,14615
BGINOX;14612
BGINOY;13580,13965,14581,14614
BGINRS;3865,13967,14560,14607,14618
BGINSU;3871,12919,13973,14527,14537,14570,14584,14610,14618,14622,14623,14624
BGINTU;3873,12920,14585,14601,14619,14623,14626
BGINUY;14614,14621,14624
BGIORU;14628
BGIOSS;13977,14609,14630
BGIOST;
BGLMOO;13984,14634
BGLNOO;3888,14577,14636,14637
BGLOSU;3893,13993,14639,14640,14641
BGLRUU;14540,14642
BGMOOR;14643
BGMOOS;14634,14643
BGMOSU;
BGMSUU;13583,14542,14645
BGNOOS;3900,14001,14528,14602,14636
BGNOOY;14646
BGOORS;14008,14643,14648
BGOORU;14544,14648
BGORSU;13165,13586,14010,14545,14628,14648
BGOSUW;14651
BGOTUU;14649,14652
BHHIKU;14654
BHIIST;14016,14653,14659
BHIKOS;14660,14661
BHIKSU;13174,14654,14662
BHILSU;14026,14483,14664,14666,14667
BHIMOR;13177,14028,14668,14670,14672,14673
BHIMOS;12924,14669,14671
BHIOPS;3930,13180,14671,14679,14680,14681
BHIOSY;12927
BHIRST;14035,14539,14683
BHIRSU;12928,14036,14485,14675,14683
BHIRSY;13590
BHKNOU;14686
BHKOSY;
BHLMUY;
BHLOSY;
BHLSSU;13182,14052
BHMORS;14056,14690,14691
BHMPSU;
BHMRSU;3947,14691
BHMSTU;14674
BHMTUY;
BHOOOO;14694
BHOOST;14678,14695,14697
BHOOTX;
BHORST;3956,13185,14069,14699
BHORTY;
BHOSTU;14072,14547,14687
BHRSSU;14074
BHRSUY;12934
BIIIKN;14701
BIIIMN;14702
BIIKRS;14080
BIIKTZ;12936
BIILNS;3970,14554
BIILTW;14708,14715
BIIMOS;14720,14721
BIIMOZ;14721
BIIMSZ;14721
BIIMUV;
BIINOT;13191,14087,14725
BIINOU;14718,14726
BIINST;14090,14562,14725
BIIORS;14727
BIIORV;14724,14727
BIIRRS;14092
BIIRTU;14729
BIISTV;14096,14730
BIITTT;14731
BIJOSU;14732
BIJOUX;
BIKLNS;14107
BIKMNU;14738,14739
BIKMOS;14740
BIKNOS;13197,13603
BIKNRS;14116
BIKNSU;14117,14570,14739,14741
BIKPSU;
BIKRSS;
BIKRSU;
BIKRSY;14736
BIKUUZ;3998,14743
BILLNO;14571,14706,14744,14745
BILLOR;14748
BILLOU;14707,14745,14751
BILLOW;14749,14752
BILLOX;14747
BILLOY;14663,14746,14750,14752
BILLRS;14130,14748
BILMNY;
BILMOS;14137,14756
BILMPS;
BILMRU;14492,14758,14759
BILMSU;14141,14756,14758,14760
BILMUY;14757
BILNTZ;14152
BILOPU;14766
BILORS;4022,14159,14748,14767
BILOXY;
BILRTY;14172,14772,14773,14774
BILSST;14177
BILSSY;14769
BILSTU;4032,14178
BILSUY;14494,14667
BIMMOO;14775
BIMNOR;14184,14592,14755,14778,14779
BIMNOS;14778,14780,14781,14782,14783
BIMNOT;14593,14781
BIMNSU;4038,14719,14739,14782
BIMOSS;4039,14191,14720,14740,14780,14784
BIMOST;14781,14785,14786
BIMOSZ;14192,14721
BIMSTU;14200,14674,14723,14787,14790
BINNOR;14202
BINNOU;13615,14598,14791
BINNRY;
BINOOT;4048,14208,14603,14793,14794
BINORS;12950,13207,14607,14778,14792,14796,14797
BINORY;12951
BINOSS;4051,14211,14609,14780,14799,14800
BINOST;4052,14212,14725,14781,14794,14796,14800
BINPUY;14801
BINRSU;13209,13622,14218,14618,14675,14797,14802
BINTTU;14626,14804
BIOORZ;14224,14807
BIOOST;13626,14225,14678,14794,14808
BIOOSV;14809
BIOPRT;14810,14811
BIOPSY;
BIORRS;4057,14228
BIORST;4060,13213,14231,14767,14796,14810,14814,14815
BIORTT;14815,14817
BIORTY;14629,14811
BIOSTU;13629,14818
BIOSZZ;
BIOTUW;14818
BIQSSU;14245
BIQSTU;
BIRSTT;14252,14815,14819
BIRSTU;4064,13631,14253,14683,14729,14787,14802,14819
BIRTTU;14254,14684,14817,14819
BISSTU;13217,14258,14790,14820,14821
BISTTU;4067,14259,14685,14804,14819,14821
BJLMUY;
BJMOOU;14823
BJMOSU;14823
BJNOTU;14825
BKLNSU;
BKLOOS;13633
BKMNUU;14828
BKMOSU;13225
BKNOSU;14686
BKOOOO;12959,14832
BKOORS;4088,14281
BKOOSY;
BKORWY;14834
BKOSXY;
BKPSUU;
BKRTUU;14835
BLLOOO;14837
BLLOOX;
BLLORY;
BLMMUY;
BLMNUY;
BLMOOS;14309,14634,14845
BLMOOY;
BLMOSY;4112,14314,14846
BLMPSU;4114
BLMRUY;13231,14635,14848
BLMSUU;14760
BLNOOS;13635,14636,14852,14853
BLNORY;14855
BLNOTU;4121,14762,14856
BLNSTU;4124,14330,14856
BLOOPS;
BLOOPY;14859
BLOORS;4126,14333
BLOOSU;13232,14639,14853
BLOOTT;
BLOOWY;14859,14862
BLOPUW;14854,14865
BLORTU;13233,14342,14866
BLOSTU;14346,14687,14856,14864,14866,14867
BLOSUY;14641,14839
BLOSWY;12963,14862
BLOTTY;
BLOWYZ;
BLRRUY;
BLRSSU;
BLRSTU;14350,14866
BLSTUY;12964,14849
BMNOTU;14873
BMOORS;14374,14643,14690,14875
BMOORY;14875
BMOOSS;13637,14845
BMOOSY;14875,14877
BMOOTT;14876
BMOOTY;14877
BMORST;14377,14878
BMORSU;14378,14691,14879
BNNORU;14389
BNOORS;4163,13239,14396,14792
BNOOSS;4165,13642,14852,14882
BNOOST;4166,14397,14794,14882,14883
BNOOTU;14883
BNORSU;14403,14797,14885,14886,14887
BNORSW;
BNORTU;13645,14886,14888
BNORWY;14405
BNORYY;
BNORYZ;
BNOSSU;4170,14406,14647,14885,14889
BNOSUW;14889
BNOTTU;14890,14891
BNOTUY;4171,14891
BNRSTU;4172,14415,14802,14886
BNRUUY;12970
BNSUUY;
BNTUUU;14892
BOOPSY;14696,14896
BOOPTW;14894
BOOPTY;14896
BOORRW;14897
BOORST;14418
BOORSU;14648
BOOSST;14808,14882
BOOSWX;14698
BOOTUW;14863,14899
BOOTUX;
BOOTXY;
BOOWWW;14900
BOPSUW;14865
BORRSU;4181,14902
BORRUW;14902
BORSSU;14435,14885
BORSTU;4184,12974,14438,14866,14886,14904,14905
BORSTW;4185,14440,14903
BORSWY;13650,14445,14834
BORTTU;14817,14904
BORTUU;14649,14888,14905
BOSSTU;14867,14901
BOSSWY;14450
BOTUUY;14907
BRSSTU;14459
BRSTUY;
BRSUUU;
BSSSUU;
BSSSUY;
BSTTUU;
CCCCIO;
CCCDIO;14909,14910
CCCHOY;
CCCILY;4199
CCCOOS;14912
CCCOSU;14912
CCCOXY;
CCDEEI;14915,14916,14917,14918
CCDEER;4203,14913,14917,14922
CCDEIS;14918,14939
CCDEIT;4212,14934,14940
CCDEKO;4215,14928,14941,14943
CCDELY;
CCDEOS;14939,14946,14948
CCDEOT;4219,14940,14948
CCEEHL;4233
CCEEHR;14961,14962,14964
CCEEIS;14918,14966,14968,14970
CCEEOR;14922,14962,14969,14976,14977,14978
CCEERS;14964,14970,14977,14979
CCEHIL;4243,14926,14988,14989
CCEHIM;4244,14990
CCEHIO;14986,14991,14995,14996
CCEHIR;14995,14997
CCEHIT;14993,14998
CCEHKS;15000
CCEHKY;
CCEHLN;4247
CCEHLO;4248,15005
CCEHLU;14989,14999,15006,15007
CCEHNO;4250,14930,14991,15008
CCEHOR;4256,14962,14995,15002,15010,15011,15012
CCEHOS;4257,14996,15005,15008,15009,15010,15013,15014
CCEHOU;14931,14963,15012,15014
CCEHSY;
CCEIIL;14933,15018
CCEILR;14937,15023,15032,15033,15034
CCEILS;4270,14966,14988,15018,15033,15035,15036
CCEILY;12981,15036,15038
CCEIMO;14938,15029,15039,15040,15041
CCEINS;14968,14992,15044,15047
CCEIOR;14969,14995,15025,15043,15050,15051
CCEIOS;12982,14939,14996,15026,15040,15044,15050,15052
CCEIPT;15049,15053
CCEIRS;4279,14970,14997,15033,15050,15054
CCEIRT;4280,15021,15027,15034,15046,15051,15054
CCEIRU;
CCEITY;
CCEKLO;14941,15057,15058
CCEKLS;4284,15058
CCEKLY;
CCEKOP;4286,15062,15063
CCEKOR;14943,15002,15025,15057,15064,15065
CCEKOT;15060,15063,15065,15066
CCELRY;14974,15071,15072
CCELSY;4298,15036,15071
CCEMSU;
CCENOS;4301,14946,15008,15044,15078
CCEORS;14977,15010,15050,15064,15084
CCEOSS;15013,15052,15078,15084,15086
CCEPSY;
CCERSU;4315,15015
CCESSU;4317,15055,15086,15088
CCFILO;
CCHHII;15098,15099
CCHHIN;15101
CCHHOO;15102
CCHHRU;15103
CCHIKS;4326,15105,15106,15107
CCHIKT;15107
CCHILN;
CCHILO;15108
CCHILY;
CCHIMY;15110
CCHINO;4328,14991,15091,15111,15112
CCHINU;15113
CCHIOR;4331,14995,15108,15109,15111,15114
CCHIOS;14996,15106,15112,15115
CCHIOT;4332,15115,15116
CCHIPU;15117,15119
CCHKOO;15124
CCHKOS;15106,15121,15122,15124,15125
CCHKOY;4336,15125
CCHKSU;4337,15123,15127
CCHKUY;
CCHLNU;
CCHLSU;15007,15128
CCHLTU;4340,15128,15129
CCHNOO;15130
CCHNOS;4341,15008,15112,15130
CCHNOY;
CCHNRU;4343,15131,15132
CCHOOS;15009,15102,15124,15130,15133,15134
CCHOOT;15134
CCHORS;15010,15133
CCHORT;15011
CCHORU;15012
CCHOST;15115,15134,15135
CCHRTU;
CCHSTU;15016,15127,15128,15135
CCIILN;4354,15137,15138
CCIILT;15139,15141
CCIINO;15137
CCIINP;15142
CCIINZ;
CCIIPR;15140
CCIIRS;15143
CCIIRT;15021,15143,15144
CCIIST;4356,15022,15104,15141,15143,15145
CCIISV;
CCIKLS;
CCIKRS;4358
CCIKRY;15028
CCILNO;4362,15137,15149,15150
CCILNY;4363,15096,15151
CCILOS;4365
CCILTU;15037
CCIMOS;15040
CCINOS;4378,15044,15112
CCINPY;
CCINSY;4382,15151
CCIORS;4384,15050,15159,15161
CCIOSS;15052,15161
CCIOTT;15162
CCIPRU;
CCIRSU;15164
CCISTY;15145,15153
CCKLOS;15058,15121
CCKLSU;
CCKLUY;
CCKMOO;15165
CCKMOU;15166
CCKNOU;15167
CCKOOU;15168
CCKOPU;15169
CCKORS;15064
CCKOSY;15125
CCKRSU;
CCLMUU;15171
CCLOSY;4400,15173
CCLOTU;15174
CCLSUY;
CCNOOO;15176
CCNORU;15180
CCOOOO;
CCOOOR;15175,15182
CCOOSZ;
CCOPUY;15179
CCORSU;15180,15183,15184,15185
CCOSSU;15086,15181,15183,15186,15187
CCOSTU;15135,15170,15174,15186
CCSSUU;15187,15188
CDDDEO;15190,15192
CDDEEI;15189,15198,15199,15200,15201,15202
CDDEEK;15203,15204
CDDEEO;15190,15204,15205,15208,15209,15210
CDDEEU;15191,15207,15211,15212,15213
CDDEHI;15214,15215,15216
CDDEIK;
CDDEIS;4434,15201,15221,15223,15224
CDDEIT;15216
CDDEIU;4435,15222,15224
CDDEKO;15204
CDDEKU;
CDDELO;4437,15192,15225,15226,15227
CDDELU;4440,15193,15227,15228,15229
CDDENU;15207,15217,15222,15230,15231
CDDEOO;
CDDEOR;15208,15218,15225,15232,15233
CDDERU;4443,15194,15211,15220,15228,15234
CDDETU;15235
CDDHUY;
CDDINU;15222,15245
CDDLOY;
CDDLUY;
CDDRUY;
CDEEEH;15251,15252,15253,15254,15255
CDEEEM;
CDEEER;14913,15196,15254,15261,15263,15264,15265,15266
CDEEES;4461,15197,15255,15265,15267,15268
CDEEEX;15268
CDEEFH;15269,15270,15271
CDEEFK;15273
CDEEFN;4463,15250
CDEEFT;4466,15271,15274,15276
CDEEGK;15278
CDEEHL;4469,12991,15252,15270,15285,15286,15287,15288
CDEEHO;15291
CDEEHP;4470,15253,15281,15286,15292
CDEEHR;4471,15254,15291,15292,15293,15294,15295
CDEEHT;4472,15271,15283,15287,15294,15296,15297,15298
CDEEHW;15288,15290,15298
CDEEIL;12993,15300,15301,15302
CDEEIM;14915,15303,15304
CDEEIN;15199,15300,15303,15305,15306,15307,15308,15309
CDEEIP;15256,15281,15301,15312,15313
CDEEIR;4473,14917,15200,15277,15306,15312,15314,15315,15316
CDEEIS;14918,15201,15282,15302,15304,15307,15310,15315,15317,15318,15319
CDEEIT;15283,15299,15308,15313,15316,15317,15320,15321
CDEEIV;15257,15284,15309,15311,15318,15320
CDEEIX;15202,15319,15321
CDEEJT;4474,15258,15323
CDEEKK;15324
CDEEKL;14919,15203,15259,15273,15285,15324,15325,15326
CDEEKN;15327,15328
CDEEKO;15204,15329
CDEEKP;15330
CDEEKR;4475,15325,15327,15331,15332,15333
CDEELL;4476
CDEELP;15260,15286,15301,15336,15337
CDEELW;15288
CDEENO;14920,15205,15279,15305,15322,15341,15342,15343
CDEENR;4486,15306,15327,15341,15344,15345
CDEENS;4487,15206,15307,15328,15342,15344,15346
CDEENT;4488,15308,15345,15346
CDEEOO;15280,15347
CDEEOR;14922,15208,15275,15291,15341,15348,15349,15350,15351,15352
CDEEPR;4490,15263,15292,15312,15348
CDEERS;4492,15265,15293,15315,15331,15344,15349,15358,15359,15360,15361
CDEERU;15211,15295,15338,15357,15360,15362,15363
CDEERW;15333,15351,15361
CDEESS;15267,15358,15364,15365
CDEESU;14924,15212,15339,15360,15364,15367
CDEETT;15297,15366
CDEFFO;15370,15371,15373
CDEFFU;15368,15372,15374
CDEFII;15272,15379
CDEFIO;15370,15382
CDEFKU;
CDEFNU;15386
CDEFOR;15275,15384,15385,15387
CDEGGO;15392,15393,15394
CDEGIN;4514,15398,15399,15400,15402,15403,15404
CDEGIO;15402,15405
CDEGIR;4515,15277,15403,15405
CDEGLU;15396,15401,15409
CDEGNO;4520,15279,15402
CDEGOR;4522,15393,15405,15406,15412
CDEGUW;15408,15414
CDEHIL;14926,15214,15375,15415,15420,15426,15427,15428,15429,15430,15431
CDEHIM;15432,15433
CDEHIN;4527,14927,15215,15376,15422,15434,15435,15436,15437,15438
CDEHIR;4529,12996,15424,15429,15432,15439,15442,15445,15446,15447
CDEHIS;15282,15430,15437,15446,15448,15449
CDEHIT;12997,15216,15283,15416,15425,15431,15433,15443,15447,15448,15450,15451
CDEHIU;15444,15449
CDEHIV;15284,15421,15452
CDEHKO;14928,15423,15454,15457,15458,15459
CDEHKU;14929,15455,15456,15460,15461
CDEHLY;15464
CDEHMO;15377,15469,15470,15471,15472
CDEHNR;4544,15475,15478
CDEHOR;4547,12999,15218,15291,15439,15471,15475,15483,15486,15487,15488
CDEHOS;4548,15458,15489,15490
CDEHOU;13001,14931,15219,15397,15472,15485,15487,15489,15491,15492
CDEHOW;15440,15488,15490
CDEHRU;15220,15295,15466,15478,15487,15494,15495
CDEHSU;15449,15460,15479,15489,15495,15496,15497
CDEHTU;15419,15474,15491,15497
CDEIIK;15499,15500
CDEIIR;4564,15499,15502,15503,15506,15508,15509
CDEIIT;14934,15299,15379,15505,15508,15510
CDEIJU;
CDEIKK;
CDEIKL;14935,15380,15513,15514,15515,15516
CDEIKM;15517
CDEIKN;15399,15422,15513,15518,15519
CDEIKP;15514,15523
CDEIKR;13003,14936,15424,15499,15523,15524,15525,15526,15527,15528
CDEIKS;13004,15500,15515,15517,15518,15520,15525,15529,15530,15531,15532
CDEIKT;13005,15425,15516,15526,15529
CDEIKU;15527,15530
CDEIKW;15528,15531
CDEIKY;15521,15532
CDEILO;13007,15427,15501,15533,15535,15537,15538,15539,15540
CDEILP;15301,15428,15514,15538,15541,15542,15543
CDEILR;4568,14937,15429,15539,15545,15546
CDEILS;4569,15302,15430,15515,15540,15542,15545,15547,15548
CDEILT;4570,15381,15431,15516,15547,15549
CDEIMN;15303,15550
CDEIMO;14938,15535,15550,15551,15552,15553
CDEIMR;15432,15502,15551,15554
CDEIMS;15304,15517,15552,15556
CDEINO;4575,15305,15382,15402,15435,15550,15557,15558,15559,15560
CDEINR;4576,15306,15403,15503,15561,15562,15563,15564
CDEINU;15222,15404,15536,15559,15563,15565,15569
CDEINW;15438
CDEINZ;15519,15560,15567
CDEIOP;15538,15571,15572
CDEIOS;4580,13008,14939,15223,15310,15520,15540,15552,15557,15573,15578,15579
CDEIOT;14940,15553,15558,15572,15574,15579
CDEIOV;15311,15507,15576
CDEIOX;
CDEIOY;15521
CDEIOZ;15522,15560
CDEIPR;4581,15312,15442,15523,15554,15561,15571,15580,15581
CDEIPS;4582,15542,15580,15582
CDEIPT;15313,15443,15572,15581,15582
CDEIRS;4584,13009,15315,15446,15525,15545,15562,15573,15580,15584,15585,15586
CDEIRT;15316,15447,15508,15526,15574,15581,15584,15587
CDEIRV;15509,15576,15586,15587
CDEIRY;15564
CDEIST;4587,15317,15448,15510,15512,15529,15547,15579,15582,15584,15588
CDEKLO;4596,13010,14941,15383,15454,15593,15595
CDEKLU;4599,13011,14942,15455,15594,15596,15597,15598
CDEKMO;15599
CDEKMU;
CDEKNO;15592,15593,15600,15601
CDEKNU;4603,15456,15594,15602,15603
CDEKOO;15457,15604
CDEKOP;
CDEKOR;4604,13012,14943,15384,15406,15600,15604,15605,15606
CDEKOS;13013,15329,15458,15520,15599,15601,15605,15607
CDEKOT;15459,15606,15607
CDEKOW;15595
CDEKOY;13014,15521
CDEKPU;15596
CDEKRS;4606,15331,15525,15605,15608
CDEKRU;15527,15597,15602,15608,15609
CDEKRY;4609
CDEKSU;13015,15460,15530,15598,15603,15608
CDEKTU;15609
CDEKUY;15461
CDELLO;15533,15610
CDELLU;15534,15610,15611
CDELMU;4616,15462,15613,15614,15615
CDELNO;4617,15593,15616,15617,15618,15619
CDELNU;4621,15463,15536,15594,15617
CDELOO;15537,15616,15620
CDELOR;4623,15225,15539,15620,15623,15624,15625
CDELOS;4624,15226,15335,15540,15623,15626,15627,15628
CDELOT;4625,15465,15626,15629,15630
CDELOW;15595,15618,15625,15628,15632
CDELOY;15619,15631,15632
CDELPY;15337
CDELRU;4633,15228,15338,15466,15546,15597,15624,15634,15635,15636
CDELSU;4637,15229,15339,15409,15548,15598,15611,15614,15627,15633,15635,15637
CDELTU;4640,15549,15615,15630,15637,15638,15639
CDEMMU;15467,15642
CDEMOO;15469,15641,15645
CDEMOP;15470,15612,15644,15646
CDEMOR;4645,13017,15471,15551,15647,15648
CDEMOY;
CDENNO;15643,15650,15651
CDENOP;15644,15652,15655
CDENOR;4651,15341,15385,15475,15600,15653,15656,15657,15658
CDENOS;4652,14946,15342,15557,15601,15654,15656,15659,15660,15661
CDENOT;4653,15476,15558,15651,15660,15662
CDENPU;4657,15477,15655,15663
CDENSS;4662,15659
CDENSU;4664,15231,15410,15479,15565,15603
CDENSY;15480,15661
CDEOOP;15481,15652,15666,15667,15668
CDEOOS;15411,15645,15654,15667,15671
CDEOPP;15482,15621,15666,15673
CDEOPS;4667,15667,15674,15676,15677
CDEOPU;15485,15622,15655,15675,15676
CDEOPW;15677
CDEORR;4669,15669,15679,15680
CDEORS;4670,15232,15349,15412,15573,15605,15623,15647,15656,15674,15679,15681,15682,15683
CDEORU;13020,15487,15575,15624,15648,15657,15675,15682,15684,15685
CDEORW;13021,15233,15351,15488,15577,15625,15658,15680,15683
CDEOST;4672,14948,15353,15579,15607,15626,15660,15671,15687,15688
CDEOSU;13022,15388,15413,15489,15627,15676,15682,15686,15687
CDEOSW;15490,15628,15677,15683
CDEOSY;15661,15688,15689
CDEOTT;4673,15629
CDEOTU;15491,15630,15662,15678,15684,15687
CDEOTY;15688
CDEOYZ;15689
CDEPPU;
CDEPSU;4677,15633,15676,15690
CDERRU;15357,15494,15583,15634,15692
CDERSU;4681,15234,15360,15495,15585,15608,15635,15682,15690,15692,15693,15694
CDERSY;4683
CDERTU;4685,15362,15389,15609,15684,15693
CDERUV;15363
CDERUY;15636,15665
CDESSU;15364,15496,15686
CDESTU;15235,15497,15637,15687,15693
CDFINU;
CDFIOU;15701
CDFIOY;
CDGIIN;15398,15703,15705,15706,15707,15708
CDGINO;4697,15236,15402,15706,15709,15711,15712,15713,15714,15715
CDGOOY;15719
CDHILS;15430,15727
CDHIOR;13024,15237,15439,15726,15728,15730,15731,15732
CDHIRY;4705,15732,15735
CDHIST;15448,15722
CDHORS;4712,15731,15737
CDIIIM;
CDIIIR;
CDIINS;15504,15707,15750
CDIINT;15505,15708,15721,15747,15750,15751
CDIIOX;15754
CDIIOY;15242,15757
CDIISV;15756
CDIKTY;
CDILNO;4728,15711,15767
CDIMNU;15772
CDIMOO;4742,15771,15773,15774
CDIMOR;15551,15773
CDIMOS;15552,15745,15774,15775,15776
CDIMOU;15770,15776
CDIMOY;
CDIMSU;15556,15772,15776,15777,15778
CDIMTU;15766,15778
CDINOO;15713,15771,15779,15780
CDINOR;15714,15728,15746,15761
CDINSY;4748,15781,15783
CDINTU;15569,15717,15751,15782,15784
CDIOPS;15787
CDIORS;4751,15246,15573,15731,15753,15788
CDIORV;15576,15788
CDIOSS;15578,15755,15775,15787,15789
CDIOST;4753,15579,15789,15790,15791
CDIOTT;15785,15790
CDIOTY;4755,15757,15769,15791
CDIPRY;15758,15793
CDIPSU;15794
CDISSU;15777,15794,15797
CDISTY;15791,15798
CDJNOU;15591
CDKNOU;15801,15803
CDLLOY;
CDLOSS;
CDLOSU;15627,15806
CDLOUY;15631
CDMNOO;15771,15808
CDMNUU;15809
CDMOOO;15807
CDMOOT;15810
CDNOOR;4783,14956,15653,15802,15813
CDNOOS;15654,15779,15808,15813
CDNORU;4785,15657,15814
CDOOOT;15817,15818
CDOORT;15821
CDOORY;15820
CDORSS;15681,15737
CDORSU;4788,15682,15814
CDORSW;4789,15683
CDORWY;15815
CEEEFL;15249,15828,15829,15830
CEEEGN;15832,15833
CEEEGR;15832,15834
CEEEHL;15252,15826,15837,15838
CEEEHS;13037,15255,15836,15838,15842,15843
CEEELV;15853
CEEEMS;
CEEENO;
CEEEPS;4794
CEEERS;15265,15834,15842,15856,15860,15861,15862,15863
CEEFFO;15866,15867,15868
CEEFFT;15869
CEEFHL;15270,15872
CEEFIR;15870,15876
CEEFLY;
CEEFNN;15880,15881
CEEFNR;15831,15882,15883
CEEFNS;4802,15880,15883
CEEFRT;15873,15879,15884,15885
CEEFSU;15886
CEEGHO;15888
CEEGIR;13040,15277,15890,15893,15894
CEEGNO;14958,15279,15899,15900
CEEGNY;15902
CEEGRS;15834,15893
CEEHHW;15906
CEEHIL;15908,15909,15910
CEEHIR;15835,15870,15911,15913,15915,15918,15919,15920
CEEHIS;15282,15909,15912,15914,15916,15921,15922,15923,15924
CEEHIT;4815,13042,15283,15871,15918,15922
CEEHIW;15919,15924
CEEHKL;15285,15925,15926
CEEHKS;4818,15836,15926,15928,15929
CEEHKY;
CEEHLN;15908,15930,15931,15932
CEEHLR;4819,13043,15925,15934,15935,15936
CEEHLS;4820,13044,15838,15872,15909,15926,15931,15934,15937,15938,15939,15940
CEEHLW;15288,15933,15935,15939
CEEHLY;15936,15940
CEEHMS;15289,15912,15941,15943,15944
CEEHNT;15948,15951
CEEHNV;15949
CEEHNW;15290,15947,15950
CEEHOR;4828,14962,15291,15915,15952,15953,15954
CEEHOS;13047,15888,15916,15953
CEEHOY;
CEEHPS;4831,15957
CEEHQU;15959,15960,15961
CEEHRS;4834,14964,15293,15842,15934,15941,15953,15957,15962,15963,15964,15965,15966
CEEHRT;4835,15294,15873,15918,15942,15954,15962,15967,15968
CEEHRU;15295,15958,15959,15963,15967
CEEHRV;15964,15968
CEEHRW;15919,15935,15947,15965
CEEHRY;15920,15936,15966
CEEHSS;15843,15921,15937,15943,15969,15970
CEEHST;4836,15296,15874,15922,15929,15938,15948,15962,15971,15972
CEEHSW;15906,15924,15939,15950,15965,15970,15972
CEEHSY;15940,15966
CEEHTV;15968,15971
CEEHTW;15298,15972
CEEIKS;15981
CEEILR;15985,15992,15993,15994
CEEILS;14966,15302,15909,15986,15989,15992,15995,15996,15997
CEEIMN;15303,16001,16002
CEEIMR;13049,15911,16003,16004
CEEIMT;4840,16000,16002,16005
CEEINP;15844,16008,16009,16010,16011
CEEINS;14968,15307,15914,15986,16006,16007,16009,16012,16015,16016
CEEINT;15308,15891,15979,15987,16002,16010,16013,16015
CEEINV;15309,15875,16014,16016
CEEIPR;15312,15845,15976,15980,16008,16021,16022,16023,16024,16025
CEEIPS;13050,15989,16009,16023,16026,16027
CEEIRS;13051,14970,15315,15893,15992,16003,16012,16023,16031,16032,16033,16034
CEEIRT;13052,15316,15918,15993,16013,16018,16024,16030,16032,16035,16036,16037
CEEIRU;15994,16025,16033,16036
CEEISS;15921,15981,15995,16026,16031,16038
CEEISX;15319,16038,16040
CEEITX;15321,16037,16040
CEEJNO;15322,16043
CEEJRT;15848,16044,16045
CEEJST;15323,16045
CEEKKL;15324,16046
CEEKLS;15326,15926,16046,16049,16050,16051
CEEKLT;15978,16048,16051
CEEKNR;15327,16052
CEEKPR;15980,16055,16056
CEEKPS;15330,16049,16055
CEEKRS;13055,15331,16052,16055
CEEKRY;16056
CEELMO;16063,16064,16065,16066
CEELMY;16067
CEELNP;16070
CEELNR;4852,15985,16071,16072,16073
CEELOR;16074,16075,16076
CEELOS;13059,15335,16060,16064,16068,16074,16077,16078
CEELOU;13060,15898,16078,16079
CEELOV;16080
CEELPS;15989,16049,16070
CEELRS;4859,15934,15992,16071,16074,16085,16086,16087,16088
CEELRT;4860,15851,15879,15993,16072,16075,16082,16086,16089,16090
CEELRU;4861,15338,15994,16073,16083,16084,16087,16089
CEELRV;4862
CEELRW;15935,16088
CEELRY;14974,15936,16076,16090
CEELST;4863,15852,15938,15996,16051,16086,16091
CEELSV;4865,15853,15997
CEELSX;16092
CEELSY;15940,16067
CEEMNT;4870,16002,16062,16098
CEEMNY;16099
CEEMRR;4872,16103,16104
CEEMRS;4873,15941,16003,16103,16105
CEEMRT;4874,15942,16105
CEENOR;4881,15341,15882,15899,16114,16115,16116
CEENOT;4882,16069,16111,16113,16117
CEENPR;16008,16118,16119
CEENPS;16009,16070,16118,16120,16121
CEENPT;16010,16113,16119,16121
CEENRS;4883,15344,15856,15883,16012,16052,16071,16114,16118,16122,16123,16124,16125
CEENRT;4884,15345,16013,16072,16110,16119,16123
CEENSS;4885,15857,16120,16122
CEENST;4886,15346,15948,16015,16098,16117,16121,16123
CEENSY;16099,16125
CEEOOS;
CEEOPU;16127,16129
CEEORV;15350,16019,16134,16137,16138
CEEPRS;4895,15957,16023,16055,16118,16145,16146
CEEPRT;15884,16024,16082,16119,16142,16146,16147
CEEPRY;16056
CEEPTX;16147,16148
CEEPTY;16130,16149
CEEPUY;16150
CEERRU;15357,16084,16133,16144,16151,16153
CEERSS;4902,15358,15860,16031,16085,16122,16145,16154,16155,16156
CEERST;4903,15359,15861,15885,15962,16032,16045,16086,16105,16123,16146,16155,16157
CEERSU;4904,13065,15360,15862,15963,16033,16087,16124,16136,16151,16156,16158
CEERSW;15361,15965,16088,16152
CEERTT;16035,16157,16159
CEESSS;4907,15969,16154
CEESSX;16038,16160,16161
CEESSY;15365
CEESTX;16040,16148,16160
CEESUV;
CEESUX;15367,16092,16158,16161
CEESVZ;
CEFFHY;
CEFFIO;15370,16164,16165
CEFFLO;15371,16167
CEFFLU;15372,16168
CEFFOR;4915,15867,16164,16169,16170
CEFHIM;
CEFHIS;16177,16179,16181,16184
CEFHIT;15871,16182,16184,16185,16186
CEFHLN;
CEFHLT;16187
CEFHNR;
CEFHST;15874,16184
CEFIKL;15380,16191,16192
CEFIKN;16174
CEFILS;4929,16179,16192
CEFINT;16182,16193,16200
CEFIOS;16165
CEFIRR;15876
CEFKLS;16192
CEFKLY;16207
CEFKRU;16208
CEFLST;
CEFNOR;15385,15882,16199,16213,16214
CEFORR;4946,16220,16221
CEFORS;16169,16213,16219,16220,16222,16223
CEFOSU;15388,16217,16223,16224
CEFRUW;16225
CEGGII;16229
CEGGIO;16231,16232
CEGGLO;15392,16233,16234
CEGGOR;15393,16231,16233,16235,16236
CEGGPU;16237
CEGHIN;15887,16173,16238,16239,16240,16241,16242,16243
CEGHIO;16239,16244,16245
CEGHIR;16227,16244,16246
CEGHLU;15396,16249
CEGINO;4976,15402,16239,16269,16273,16274,16275
CEGINR;4978,15403,15890,16260,16265,16271,16273,16276,16277,16278,16279,16280
CEGINU;15404,15892,16266,16270,16282
CEGIOS;16232,16245,16274
CEGIOT;16176,16283
CEGIRR;16277,16284
CEGIRS;15893,16246,16278,16284
CEGIST;4987,16247
CEGKOS;15895
CEGLRY;
CEGNOR;5001,15899,16235,16273,16293,16294,16295
CEGNOS;15900,16250,16274,16292,16293,16296
CEGNOT;5002,16296
CEGNSU;5003,15410,16282,16298
CEGNTY;16299
CEGORR;16301,16302
CEGOSU;15413,16253,16289,16303
CEGRSY;
CEHHST;5018,16308,16312,16314
CEHHSU;16310,16313,16314
CEHHTT;5019
CEHIIK;16315,16316,16317
CEHIIN;16315,16319,16320,16321
CEHIKR;5020,15424,16329,16332,16333,16334,16335
CEHIKY;16337
CEHILN;15908,16238,16341,16342,16343
CEHILS;14988,15430,15909,16179,16304,16318,16342,16345,16348,16349,16350,16351
CEHILT;5025,15431,16343,16346,16349,16352
CEHIMO;16354,16358,16359,16360
CEHIMR;5028,15432,15911,16358,16361,16362,16363
CEHIMS;5029,14990,15912,16355,16359,16361,16364,16365
CEHIMU;16356,16360,16363,16365
CEHIMV;
CEHINP;15436,16240,16367,16371,16372,16373
CEHINR;5032,13069,15913,16319,16368,16371,16375,16376,16377,16378
CEHINS;5033,14992,15437,15914,16181,16241,16320,16342,16372,16376,16379,16380,16381,16382,16383,16384
CEHINT;5034,13070,14993,16182,16242,16321,16326,16343,16369,16377,16380,16385
CEHINV;16382
CEHINX;16370
CEHINY;5035,16357
CEHINZ;14994,16384
CEHIOR;13071,14995,15439,15915,16244,16329,16358,16368,16389,16390,16391
CEHIPR;5038,15442,16344,16371,16395,16396,16397,16398
CEHIQU;15444,16374,16400
CEHIRR;5040,15445,16332,16375,16389,16396,16401,16402
CEHIRS;5041,13073,14997,15446,16246,16306,16333,16361,16376,16390,16397,16401,16403,16404,16405
CEHIRT;5042,15447,15918,16307,16323,16334,16346,16362,16377,16391,16398,16402,16403,16406
CEHIST;5045,13074,14998,15448,15922,16184,16247,16308,16336,16349,16364,16380,16392,16399,16403,16408,16409
CEHISU;15449,16350,16365,16381,16400,16404,16407
CEHISV;15923,16324,16382
CEHISW;15924,16383,16409
CEHITT;15450,16185,16325,16338,16406,16408
CEHKLO;15454,16412,16413
CEHKLU;14999,15455,16414
CEHKNU;15001,15456,16415,16416
CEHKOR;15002,16329,16417,16418
CEHKOS;15458,16330,16413,16418,16419,16420
CEHKOY;16420
CEHKST;15929,16336,16419,16424,16425
CEHKTV;16426
CEHLMS;16434,16435,16436
CEHLMU;15462,16428,16435,16437
CEHLNO;5064,15930,16341,16439,16440
CEHLNP;5065
CEHLOR;5069,16433,16447,16448,16449
CEHLOS;5070,15005,16413,16439,16446,16447,16450
CEHLOT;5071,15465,16440,16448,16450
CEHLOU;16449
CEHLPS;5072,16345,16451,16452,16453
CEHLPU;16431,16453
CEHLQU;16454
CEHLSY;15940,16432,16444
CEHMMY;
CEHMNS;5083,16458,16459
CEHMOR;15471,16358,16433,16460,16462,16463,16464
CEHMOS;16359,16461,16463,16465,16466
CEHMOT;16467
CEHMSU;16365,16435,16458,16466,16469
CEHMSY;16459
CEHMTU;15474,16468,16469
CEHNOO;16471,16472,16473
CEHNOS;15008,16250,16439,16476,16477
CEHNOT;15476,16369,16440,16473,16474,16476
CEHNOU;16415,16477
CEHNQU;16374
CEHNRT;5101,16377,16474,16483
CEHNRW;15947,16378
CEHNST;5103,15948,16380,16476,16479,16484,16485
CEHNUU;16486
CEHOOS;15009,16311,16446,16461,16488,16489,16491,16492
CEHOPS;5112,16386,16488,16495,16498,16499
CEHOPT;15484,16387,16496,16498
CEHORS;5113,13079,15010,15953,16390,16418,16447,16463,16489,16495,16501,16502,16503,16504,16505
CEHORT;13080,15011,15486,15954,16391,16448,16474,16490,16496,16500,16502,16506,16507
CEHORU;15012,15487,16251,16449,16464,16503,16506,16508
CEHORY;16497,16504
CEHOSS;5114,13082,15013,16465,16491,16501,16509,16510
CEHOSU;13084,15014,15489,16253,16466,16477,16499,16503,16509,16511,16512
CEHOSW;15490,16510
CEHOTU;15491,16393,16493,16506,16511
CEHPRU;5119,15958,16478,16513,16515
CEHPRY;5120,16497,16514
CEHPST;5122,16399,16479,16498
CEHPSY;15493,16514,16516
CEHQTU;16517
CEHQUY;5123,15961
CEHRRY;5128
CEHRST;5130,15962,16403,16502,16520,16521
CEHRSU;5131,13085,15015,15495,15963,16404,16422,16456,16482,16503,16513,16518,16519
CEHRTW;5137,16507
CEHRTY;5138,16521
CEHSST;5141,16522,16523
CEHSSU;15496,16313,16407,16509,16519,16522
CEHSTU;13087,15016,15497,16314,16424,16469,16484,16511,16517,16522
CEHSTW;5143,15017,15972,16409
CEHSTY;15498,16425,16485,16521,16523
CEHSWY;
CEHTTY;
CEHTVY;16426
CEIIKR;13088,15499,16525,16530,16532
CEIIKS;13089,15500,16316,16526,16527,16528,16533,16534,16535
CEIILS;5149,15018,16318,16526,16536,16541
CEIILT;5150,16188,16540,16541,16542
CEIILX;
CEIIMR;15502,16544,16547,16549,16550
CEIINP;16256,16538,16560
CEIINR;15503,15974,16319,16544,16555,16556,16561,16562,16563
CEIINS;15504,16320,16528,16545,16557,16560,16561,16564,16565,16566
CEIINT;15505,16321,16529,16562,16565,16567
CEIIRR;16570
CEIIST;15022,15510,16534,16541,16552,16565,16573,16575
CEIISV;13090,16324,16579
CEIJNT;16582
CEIJRU;16524,16583
CEIJSU;16583,16584
CEIKKR;16525,16585,16586
CEIKLM;13091,16587,16588
CEIKLN;15513,16589,16590
CEIKLP;5155,15514,16592,16593,16594
CEIKLR;13093,15023,16191,16587,16589,16592,16595,16596,16597
CEIKLS;5156,15515,16192,16526,16588,16590,16593,16595,16598,16599,16600,16601
CEIKLT;5157,15024,15516,15978,16596,16599
CEIKLU;16594,16597,16600
CEIKMY;16604,16606
CEIKNR;13094,16260,16585,16589,16607,16611
CEIKNS;15518,16528,16590,16611,16612,16613,16614
CEIKNT;5159,15979,16326,16529,16608,16613
CEIKNW;16327,16614
CEIKOO;16328,16615
CEIKOR;15025,16329,16581,16607,16616,16618,16619
CEIKPR;5161,15523,15980,16530,16592,16616,16622,16623,16624,16625
CEIKPT;16624,16626
CEIKRR;15524,16332,16618,16622,16628,16629
CEIKRS;5164,13095,15525,16333,16586,16595,16602,16611,16623,16628,16630,16631,16632,16633,16634
CEIKRT;5165,15027,15526,16334,16532,16596,16619,16624,16629,16631,16635,16636
CEIKRW;5166,15528,16335,16633
CEIKRY;15028,16604,16625,16634,16636,16637
CEIKTT;5169,16338,16621,16639
CEIKTW;16640
CEIKTY;16636,16641
CEILLM;5171,15982,16642
CEILLO;15533,16643,16645,16646
CEILMS;5176,13100,16588,16642,16652
CEILNO;13101,15984,16341,16643,16654,16655,16656,16657
CEILNP;5181,16264,16538,16654,16658
CEILNS;5183,15986,16342,16590,16655,16658,16659,16660
CEILNT;15987,16193,16343,16656,16659,16661
CEILNU;5184,15030,15536,15988,16194,16266,16644,16653,16660,16661
CEILNY;16268
CEILOO;15537,16662,16663
CEILOP;15538,16649,16654,16664,16665,16666
CEILOR;5185,13102,15539,16645,16664,16667,16668,16669
CEILOS;5186,13103,15540,16646,16655,16662,16665,16667,16670,16671
CEILOT;5187,15031,16650,16656,16663,16666,16668,16671,16672
CEILPS;5190,15542,15989,16345,16593,16658,16665,16674,16675,16676,16677
CEILPV;16677
CEILPY;
CEILQU;15544,16679,16680
CEILRS;5194,13105,15033,15545,15992,16595,16667,16674,16682,16683,16684,16685,16686
CEILRT;5195,15034,15993,16346,16596,16668,16683,16687,16688
CEILRU;5196,15546,15994,16195,16597,16669,16681,16684,16688
CEILSS;5199,15995,16348,16598,16670,16675,16682,16689,16690
CEILST;5200,15547,15996,16349,16541,16599,16647,16659,16671,16683,16691
CEILSU;15035,15548,16350,16600,16648,16652,16660,16676,16679,16684,16690,16691
CEILSV;5201,15997,16677,16685
CEILTU;15037,15549,15998,16661,16678,16688,16691,16692
CEIMMN;
CEIMMO;16354,16693
CEIMNO;5206,13107,15039,15550,16001,16269,16696,16697,16698,16699
CEIMNR;5208,16544,16697,16700,16701
CEIMNS;5209,16545,16698,16700
CEIMNU;16270,16356,16701
CEIMPU;15555,16717,16718
CEIMPY;5214
CEIMRS;16003,16361,16549,16602,16700,16716,16719,16720
CEIMRT;5215,16362,16708,16719
CEIMRU;5216,16363,16603,16695,16701,16717,16720
CEIMST;5218,15042,16005,16364,16552,16605,16719
CEIMSU;5219,15556,16365,16652,16718,16720,16721
CEIMTY;
CEINNO;16198,16366,16554,16696,16722,16723
CEINNT;5225,16724
CEINOR;13110,15043,16199,16273,16368,16556,16607,16697,16726,16728,16729,16730,16731,16732,16733
CEINOS;5228,13111,15044,15557,16007,16274,16557,16655,16698,16722,16729,16734,16735,16736
CEINOT;5229,15045,15558,16369,16608,16656,16699,16725,16727,16730,16735,16737,16738
CEINOV;16558,16723,16732,16736,16739,16740
CEINOX;16370,16657,16738
CEINPR;5230,15561,16008,16276,16371,16726,16741,16742
CEINPT;5232,16010,16727,16743,16744
CEINQU;16374,16610,16745
CEINRS;5234,15562,16012,16278,16376,16561,16611,16700,16729,16741,16747,16748,16749,16750
CEINRT;5235,15046,16013,16377,16562,16730,16748,16751
CEINRW;16279,16378,16750
CEINST;5237,16015,16200,16380,16565,16582,16613,16659,16724,16735,16743,16748,16753,16755,16756
CEINSU;5238,15565,16282,16381,16566,16660,16745,16754,16755
CEINSW;16383,16614,16750,16757
CEINTY;5245,16744,16756
CEINWY;16757
CEIOOR;15570,16703,16760,16761
CEIOOT;16663,16725,16762
CEIOPR;15571,16616,16664,16704,16726,16760,16763,16765,16766
CEIOPS;16386,16617,16665,16764,16765,16767,16768,16769
CEIOPT;5249,15049,15572,16017,16387,16666,16705,16727,16766,16767
CEIOPW;16769
CEIORR;16389,16618,16707,16728,16770,16771,16772
CEIORS;5250,13114,15050,15573,16390,16667,16729,16761,16765,16770,16773,16774,16775,16776,16777,16778
CEIORT;5251,15051,15574,16018,16283,16391,16619,16668,16708,16730,16766,16774,16779,16780,16781,16782
CEIORU;15575,16669,16731,16771,16775
CEIORV;15576,16019,16732,16776,16780,16783
CEIORW;15577,16709,16777,16781
CEIORX;16782
CEIORZ;16772,16778
CEIOSS;15052,15578,16670,16734,16773,16784,16785,16786,16787
CEIOST;5252,15579,16020,16392,16620,16671,16735,16762,16767,16774,16785,16788,16789,16790,16791,16792,16793
CEIOSV;16736,16776,16787,16789
CEIOSZ;16778,16793,16794
CEIOTX;5253,16713,16738,16782,16791
CEIOTZ;16793
CEIOZZ;16794
CEIPPR;5254,16021,16395,16569,16673,16763,16796,16797
CEIPPT;5255,16798
CEIPRR;5256,16022,16396,16570,16622,16715,16800
CEIPRS;5257,15580,16023,16397,16571,16623,16674,16716,16741,16765,16796,16800,16801,16802,16803,16804
CEIPRT;5258,15581,16024,16398,16572,16624,16766,16802,16805,16806
CEIPRY;16625,16742,16804,16806,16807
CEIPSS;16026,16675,16801,16808,16809
CEIPST;5259,15053,15582,16027,16399,16573,16626,16743,16767,16798,16802,16809
CEIPSY;16201,16804
CEIPTY;16744,16806
CEIQRU;5263,16627,16810
CEIRRS;5268,13115,16284,16401,16628,16770,16800,16812
CEIRRU;15583,16681,16746,16771,16811,16812,16814,16816
CEIRSS;13116,16031,16202,16574,16630,16682,16747,16773,16801,16817,16818
CEIRST;5272,15054,15584,16032,16403,16575,16631,16683,16719,16748,16774,16802,16819,16820,16821
CEIRSU;5273,13117,15585,16033,16404,16576,16583,16632,16684,16720,16775,16803,16810,16812,16817,16820,16822,16823,16824
CEIRSV;5274,15586,16034,16685,16749,16776,16818,16822
CEIRSZ;5275,16405,16778,16824
CEIRTU;13118,16036,16635,16688,16805,16814,16820,16825
CEIRTW;16781,16821
CEIRUV;16752,16816,16822
CEIRUZ;16577,16824
CEIRVX;
CEISST;5278,13119,15588,16638,16753,16785,16809,16828
CEISSU;15055,16204,16407,16690,16721,16754,16786,16817,16827,16828
CEISSY;15589
CEISTU;16039,16584,16691,16755,16820,16828,16829
CEISTV;5281,16789
CEIUZZ;16830
CEJKOY;16831,16832
CEJNOU;15591,16834,16835
CEJOOS;16833,16836
CEKKOP;16840
CEKKSY;
CEKLMU;16844,16845
CEKLNO;15593,16285,16843,16846
CEKLNU;15594,16838,16847
CEKLOR;5305,13123,15057,16286,16848
CEKLOS;15058,16413,16846,16848,16849
CEKLOT;16206,16849,16850
CEKLPU;15596,16594,16851,16852
CEKLRS;5309,16595,16848,16853
CEKLRU;5311,13124,15059,15597,16597,16844,16847,16851,16853,16854
CEKLSU;13125,15598,16414,16600,16845,16852,16853,16855
CEKMOR;5315,16859,16860
CEKMRU;16603,16844,16858,16861
CEKNOR;15600,16607,16839,16864,16865,16866
CEKNOT;15060,16608,16866,16867
CEKNSS;16612,16869
CEKNSU;5324,15603,16416,16862,16869
CEKOOR;15604,16417,16870,16872,16873,16874
CEKOOY;16874,16875
CEKOPT;15063,16877
CEKORR;5325,16618,16864,16872,16876,16878,16879
CEKORS;15064,15605,16418,16848,16859,16865,16873,16878,16880
CEKORT;13128,15065,15606,16619,16866,16880,16881
CEKOST;15066,15607,16419,16620,16849,16867,16877,16880,16882
CEKPRU;16851,16883,16885
CEKPRY;16056,16625,16884,16885
CEKPSS;
CEKPSY;16884
CEKRST;5334,16631,16880,16888
CEKRSU;5335,13132,15608,16208,16422,16632,16853,16861,16883,16887,16888,16889
CEKRSW;5336,16633
CEKRTU;15609,16635,16854,16886,16888
CEKRUY;16423,16637,16885,16889
CEKSTU;13133,16424,16888,16890,16891
CEKTTU;16891
CELLOS;5350,16060,16646,16894,16895,16896,16897
CELLOT;5351,15067,16895
CELLOU;15610,16892,16896
CELLRU;16898,16899,16900
CELLSU;13135,15611,16648,16896,16899,16901,16902
CELLTU;16902
CELMNU;13136,16905
CELMOO;16063,16904,16906
CELMOP;15612,16649,16907,16908
CELMOR;5361,16433,16909,16910
CELMOS;13137,16064,16906,16907,16909
CELMOY;
CELMSU;5370,13139,15614,16435,16652,16845,16903,16905,16913,16914,16915
CELMUY;16437,16915
CELNNU;5375,16438,16653,16917,16918
CELNOO;15616,16287,16893,16904,16919,16920
CELNOR;5378,16919,16921
CELNOS;5379,16068,16439,16655,16846,16920,16921,16922
CELNOU;15617,16209,16917,16922,16923
CELNOV;
CELNRU;5387,16073,16441,16847,16924,16925
CELNSU;5390,16443,16660,16905,16918,16922,16924,16926,16927
CELNTU;16210,16661,16923,16925
CELNUU;16926
CELNUW;16927
CELOOR;15620,16919,16928,16929,16930
CELOOS;16446,16662,16906,16920,16930,16931
CELOOT;16663,16931
CELOPP;15621,16932
CELOPU;5397,15622,16933,16934,16935
CELOQU;5398,16936
CELORS;5400,13141,15623,16074,16447,16667,16848,16894,16909,16921,16930,16938,16939,16940,16941,16942,16943
CELORT;5401,16075,16448,16668,16910,16939,16944,16945
CELORU;15624,16449,16669,16933,16937,16940,16945
CELORV;16941,16946
CELOSS;5403,16077,16670,16938,16947,16948,16949
CELOST;5404,15626,16450,16671,16849,16895,16931,16939,16947,16950
CELOSU;13142,15627,16078,16289,16896,16922,16934,16936,16940,16948,16951
CELOSV;5405,16941,16951
CELOSX;16949
CELOSY;16290,16897,16943,16950
CELOSZ;
CELOTY;5408,16850,16950
CELOUV;5409,16951
CELPRU;16083,16851,16911,16933,16953
CELPSU;5417,15633,16453,16676,16852,16934,16953,16954,16955
CELPSY;5418,16955
CELPTY;5419
CELPUU;5420,16954
CELRRU;5425,15634,16084,16455,16681,16898,16937,16956
CELRSU;5429,13143,15635,16087,16456,16684,16853,16899,16924,16940,16953,16956,16958,16960,16961
CELRSY;15071,16686,16943,16957,16959
CELRTU;16089,16688,16854,16925,16945,16958,16962,16963,16964,16965
CELRUU;16963
CELRUV;16960,16964
CELRUW;16961
CELSTU;5438,15637,16691,16902,16958,16966
CELSTY;5439,16950,16959
CELTTU;15638,16093,16692,16952,16962,16966
CELTUY;5443,16965
CEMMOR;16094,16971
CEMMRU;16695,16973
CEMNNO;15643,16696,16974
CEMNOO;16904,16975,16976,16977
CEMNOS;5448,16698,16856,16976,16978
CEMNOW;16095
CEMNPU;
CEMNRU;16096,16457,16701,16858,16979,16980
CEMNTU;13145,16980,16981
CEMOOS;13146,15645,16461,16906,16976,16982
CEMOPR;5453,16101,16462,16704,16985,16986
CEMOPT;15646,16102,16705,16983,16986,16987,16989
CEMOPU;16988,16989
CEMORR;16707,16990
CEMORS;5455,13147,15647,16463,16859,16909,16971,16985,16990,16991
CEMOST;5458,16987,16994
CEMOSU;5459,16466,16978,16988,16992,16994
CEMOSY;16993
CEMRTU;16468,16980,16996,16998
CEMTTU;17000
CENNOO;15650,16291,17001,17002,17003
CENNOR;15073,17001,17004
CENNOS;5473,16722,17002,17004,17005
CENNOT;5474,15074,15651,16974,17003,17005,17006,17007
CENNRU;16470,17008
CENOOP;15652,16471,16975,17009
CENOOR;5483,15653,16472,16919,17001,17010,17011,17012
CENOOS;13150,15654,16292,16833,16920,16976,17002,17009,17011,17013
CENOPR;16726,17014,17015
CENOPS;17009,17014,17016,17017
CENOPU;5485,15655,17015,17016,17018
CENOPY;17017,17019
CENORR;16728,16864,17010,17021,17022
CENORS;5486,15656,16114,16213,16293,16729,16865,16921,17004,17011,17014,17021,17023,17024,17025
CENORT;5487,15076,16474,16730,16866,17012,17024,17026,17027,17028,17029
CENORU;13151,15657,16115,16214,16294,16731,16834,17015,17020,17025,17027,17030
CENOSS;5488,15078,15659,16215,16734,17013,17023,17031
CENOST;5489,15660,16117,16216,16296,16476,16735,16867,17005,17024,17032,17033,17034
CENOSU;13152,16217,16477,16835,16922,16978,17016,17025,17033
CENOSV;16736,17034,17035
CENOSY;5490,15661,17017,17031,17035
CENOSZ;
CENOTU;15662,16218,16923,17018,17027,17033
CENOTV;5492,15079,17007,17028,17034
CENOVX;
CENOVY;17035
CENPSU;5497,16480,17016
CENRSY;5506,16125,17040
CENRTY;5510,17037,17044
CENRUY;15665,16297,17044
CENSST;5511,16753,17045
CENSSU;5512,16298,16754,16869
CENSTY;16299,16485,16756,17045
CENSUU;5515,16486,16926,17042
CENTUU;
CEOOPR;16760,16870,16928,17046,17047
CEOORS;16300,16489,16761,16836,16873,16930,17011,17046,17048,17049,17050
CEOORT;16490,17012,17049,17051,17052
CEOORV;15670,17050,17053
CEOOSY;16492,16875,17054
CEOOSZ;
CEOOTY;17054
CEOPPR;15673,16494,16763,17055,17056,17057,17058
CEOPRS;15674,16219,16495,16765,16985,17014,17046,17056,17059,17062,17063,17064
CEOPRT;15081,16496,16766,16837,16986,17060,17063,17065
CEOPRU;15675,16127,16933,17015,17057,17061,17064,17066,17067
CEOPRY;16497,17047,17058
CEOPSS;5520,17062
CEOPSU;15676,16129,16499,16768,16934,16988,17016,17064
CEOPTY;16130,17019,17068
CEOQTU;15678,17069,17070
CEORRS;5524,15679,16131,16220,16301,16770,16878,16990,17021,17059,17071,17072,17073,17074,17075,17076
CEORRT;5525,15082,16132,16221,16500,17060,17072,17077,17078
CEORRW;15680,16135,17022,17074
CEORRZ;16772,17076
CEORSS;5526,13153,15084,15681,16222,16501,16773,16938,16991,17023,17048,17062,17071,17079,17080,17081,17082,17083
CEORST;5527,16502,16774,16880,16939,17024,17049,17063,17072,17080,17084,17085,17086
CEORSU;5528,13154,15682,16136,16223,16303,16503,16775,16940,17025,17064,17073,17081,17085
CEORSV;16137,16776,16941,17050,17086
CEORSW;5529,15683,16777,16942,17074,17082
CEORSY;16504,16943,17075,17083
CEORSZ;16505,16778,17076
CEORTT;16779,16944,17026,17065,17084
CEORTU;5531,15684,16506,16945,17027,17051,17069,17077,17085,17087,17088
CEORTV;5532,16138,16780,17028,17086,17088
CEORTX;5533,16140,16782
CEOSSS;16784,17079,17089,17090,17091
CEOSST;16785,16882,16947,17080,17089
CEOSSU;5534,15086,15686,16224,16509,16786,16948,16992,17081,17090
CEOSSW;16510,17082
CEOSSY;16993,17031,17083,17091
CEOSTT;5535,16788,17032,17084,17092,17093
CEOSTV;5537,16789,17034,17086
CEOSTY;15688,16792,16950,17054,17068
CEOSVY;17035
CEOSYZ;15689
CEOSZZ;16794
CEOTTT;16141,17092
CEOTTU;16952,17093
CEPPRU;16143,16797,17057,17094,17095
CEPRSU;5546,15690,16513,16803,16883,16953,17064,17095,17096,17097,17099,17101
CEPRSY;16514,16804,16884,17098,17100
CEPRTU;5547,16515,16805,16996,17099
CEPSST;5548,16809,17103
CEPSTU;5549,17099,17103
CERRSU;5556,13155,15692,16151,16518,16812,16956,17073,17096,17104
CERRSY;5558,17075,17105
CERRTU;5560,16814,16886,17039,17077
CERSST;5564,16155,17080,17107
CERSSU;5565,16156,16519,16817,16887,17081,17097,17104,17106,17107,17108
CERSSW;17082
CERSSY;5567,16957,17040,17083,17098,17105
CERSTU;5569,13156,15693,16820,16888,16958,16998,17041,17085,17099,17107,17109,17110,17111
CERSUV;16822,16960,17110
CERSUX;16158
CERSUZ;15694,16824,17108
CERSWY;
CERTTU;5572,16159,16825,16962,17109
CERTUV;5575,16964,17088,17110
CERUVY;
CESSSU;15088,16827,17090,17106
CESSTU;5579,13157,16522,16828,16890,17103,17107
CESTTU;5582,16829,16891,16966,17000,17093,17109
CESTUY;5584,17111
CESUZZ;16830,17112
CFFHSU;5585
CFFHUY;
CFFILS;17120
CFFILY;
CFFINO;17114,17116,17121
CFFINU;17115,17122
CFFLOS;16167
CFFNUU;17125
CFFOSS;
CFFOTU;17126
CFFRSU;16171,17127,17128
CFFSSU;17127
CFGINU;17115,17130
CFHILN;
CFHILT;
CFHIRT;17136
CFHISU;5601,17134
CFHITY;
CFHLSY;
CFHOOS;
CFIILM;
CFIINS;5607
CFIINU;
CFIIST;
CFIITY;
CFIKLS;16192
CFIKLY;
CFILOR;17153,17154
CFILST;
CFILTY;
CFIMOR;5616,16196,17155
CFIMOT;17143,17156
CFINOT;5621,17145,17158
CFINOX;
CFIORT;17159
CFIRTU;17161
CFISTU;17161,17162
CFITYY;
CFKLOS;
CFKLOY;
CFKORS;
CFKPUU;17166
CFLPUU;17173
CFORST;5649,17159
CFOSTU;17126,17178
CFOSUU;17179
CFRSSU;17127
CFRSTU;5652,17161
CFRSUY;17128
CFSSTU;17162,17178
CGGLOY;
CGGORY;17182
CGHHOU;17183
CGHIIN;15703,17185,17186,17187,17188,17189
CGHILT;17193
CGHINR;5660,17187,17196,17200
CGHINS;5661,16241,17197,17201
CGHIOT;17203
CGHLNU;
CGHLOU;17206
CGHLTU;5667
CGHOOS;
CGHORU;16251,17208
CGHOSU;5670,16253,17183,17206
CGHRTU;16254
CGIILT;
CGIINO;15706,17129,17220,17225,17229,17230
CGIINR;17181,17187,17215,17224,17226,17229,17231,17233
CGIINS;15092,15707,17216,17222,17232,17234
CGIINT;15093,15708,17188,17217,17233
CGIINV;17189,17230
CGIKNO;13160,15094,15709,17190,17235,17237,17239,17240,17241,17242,17243,17244,17245,17246
CGILNS;5692,17222,17259,17265
CGILNU;5694,16266,17236,17253,17254,17257,17264
CGILNY;5697,15096,16268,17255,17262,17263,17265
CGILOS;5698,17259
CGILPU;17269,17270
CGIMNO;5702,13162,16269,17194,17237,17273,17274,17275,17276
CGIMNY;17255
CGINNO;15712,17195,17225,17239,17256,17277,17279,17280,17281
CGINOO;15713,17240,17258,17273,17284,17285
CGINOP;17241,17274,17279,17284,17286,17287,17288,17289,17290
CGINOR;5709,15714,16273,17131,17196,17229,17242,17275,17280,17291,17292,17293,17294
CGINOS;5710,15715,16274,17197,17243,17259,17276,17281,17285,17287,17291,17295,17296,17297,17298,17299,17300
CGINOT;5711,17244,17260,17296,17301
CGINOV;17230,17298
CGINOW;17199,17245,17261,17289,17293,17299
CGINOX;5712
CGINOY;17246,17262,17290,17294,17300,17302
CGINOZ;16275,17302
CGINRU;13164,15716,17200,17248,17264,17292,17304,17305,17307,17308
CGINRY;16280,17294,17306
CGIOOT;17312
CGIORS;17291
CGLLOY;17315
CGLLYY;17316
CGLNOU;17314,17317
CGLOOS;17318
CGLOOU;17318
CGNOOS;16292,17285,17319
CGNOOU;17319
CGNSUY;
CGOOSS;
CGORSS;
CGOSSU;
CHHISS;17326
CHHIST;16308,17325,17326,17327
CHHITY;17327
CHHNOO;17329
CHHOOS;15102,16311,17329
CHHOOT;
CHHOSU;17183,17330
CHIIKM;5759,17332,17333
CHIILL;17336
CHIILS;5760,16318,17336,17339
CHIILT;17337,17338,17339,17340
CHIIMR;
CHIINS;16320,17344,17346
CHIINT;5762,15721,16321,17188,17337,17345,17346
CHIIPP;16322
CHIIRZ;
CHIKNS;
CHIKNT;16326
CHIKNY;
CHIKOR;5767,16329,17322,17354,17355
CHIKOS;5768,15106,16330,17350,17354,17356
CHIKOT;17356
CHIKRS;5769,16333,17354,17358
CHIKST;15107,16336,17356,17359,17360
CHIKTY;17352,17360
CHILLS;5774,17336
CHILLY;15724,17362
CHILMO;5777
CHILNU;15725
CHILOR;5779,15108,15726,17364,17367,17368
CHILOS;5780,13176,15727,17366,17367,17369
CHILPY;17192,17370
CHILRS;5782,17367
CHILRY;5783
CHILST;5784,16349,17339,17369,17371
CHIMNY;16357,17375
CHIMOR;13177,15109,16358,17373,17376,17377
CHIMOS;5788,16359,17374,17377
CHIMPS;
CHIMRS;5790,16361,17377,17379
CHIMSS;5791,17379,17380
CHIMST;5792,16364,17341,17381
CHIMTY;17381
CHINOP;5794,16367,17383,17384
CHINOS;15112,17197,17344,17383,17385,17386,17387
CHINOT;16369,17345,17386
CHINPY;17375,17384,17388
CHINRU;5798,17200,17390
CHINST;5800,16380,17346,17386,17391
CHINTZ;17393
CHIOPR;13179,17376,17394,17397
CHIOPT;5804,16387,17347,17397,17398
CHIORS;15731,16390,17354,17367,17377,17385,17395,17400,17401
CHIORT;5805,16391,17368,17397,17400
CHIORW;17401
CHIOSW;17135,17401
CHIOSY;17204
CHIOSZ;17403
CHIPPY;
CHIPRS;16397
CHIPRY;17405
CHIPSY;15118,17370,17388,17406
CHIPTY;15734
CHIQTU;17407
CHIRRS;16401,17349,17408
CHIRST;15120,16403,17136,17325,17400,17409
CHIRSU;16404,17390,17408
CHISST;5817,17326,17359,17402,17410,17411
CHISTT;5818,16408,17412
CHISTU;17371,17407,17411,17412
CHISTW;16409,17414
CHISYZ;17415
CHITTW;17416
CHITTY;17416
CHITWY;17414,17416
CHIVVY;
CHKLOO;17417,17418
CHKLOS;15121,16413,17419,17420
CHKMOS;15122,17423
CHKMSU;15123,17424,17425
CHKNSU;16416
CHKNUY;
CHKOOS;15124,17427,17428
CHKORU;17429
CHKOSS;5825,17419,17423
CHKOSW;5826
CHKSSU;17424,17431
CHKSTU;15127,16424,17431
CHLMOO;17432
CHLMUY;16437
CHLNSU;5840,16443
CHLOOS;16446,17366,17432,17435,17436
CHLOOT;17418,17436
CHLORS;5844,16447,17367,17438
CHLOST;16450,17369,17436,17437
CHLOSU;17206,17441
CHLOTU;17328
CHLRSU;16456
CHLSSU;13182
CHLSTU;15128,17371,17443
CHMMUY;
CHMNUY;
CHMOOR;16460,17444
CHMOOS;16461,17432,17444,17445,17446,17447,17448
CHMOPS;
CHMORY;17433
CHMOSS;16465,17423,17445
CHMOSU;16466,17449
CHMPSU;17434
CHMSTU;16469,17450,17451
CHNOOP;16471,17454
CHNOOR;13183,16472,17382,17452,17455,17456
CHNOOS;15130,17329,17427,17454,17455
CHNORY;17459
CHNOSZ;17461
CHNOTY;5868
CHNPUY;5872
CHNRSU;15131,16482,17390,17458
CHNSSY;
CHNTUU;17462,17463
CHOORT;16490,17207,17456,17465
CHOOSS;5877,16491,17435,17445,17467
CHOOST;5878,15134,17428,17436,17446,17465,17467
CHOOSY;16492,17447
CHOPPY;
CHOPSY;5882,17469
CHOPUY;
CHORRU;17471
CHORSU;5886,16503,17429,17458,17466,17471,17472
CHORTU;16506,17137,17460,17472
CHORTY;17439
CHORWY;
CHOSTT;
CHOSTU;15135,16511,17472,17473
CHOSTW;17474
CHOTUY;
CHPSSY;16516,17406,17469,17476
CHPSTU;17475
CHRRSU;16518,17408,17471,17477
CHRSTW;
CHSSSU;
CHSTUU;17463
CHSTUY;5898,17443,17450,17478
CIIIRT;
CIIKLY;17486
CIIKNP;17214,17489,17490
CIIKNW;17218,17491
CIIKST;16534,17494,17495
CIILMN;
CIILMU;13187
CIILNP;16538,17221,17498,17500
CIILOP;15744,17498,17504
CIILSV;5914,17511
CIIMMS;5917
CIIMOT;5919,16546,17143,17516,17518,17519,17520
CIIMSV;17522,17523
CIIMTV;17520,17523
CIINNU;17525
CIINOP;17498,17527,17528
CIINOR;15746,16556,17229,17527,17529,17530
CIINOS;5923,13190,16557,17344,17499,17515,17528,17529
CIINQU;17532
CIINRS;16561,17529,17531,17533,17534
CIINRT;16562,17233,17530,17533
CIINSV;17535
CIIOTT;17507,17519
CIIPRS;16571,17531,17540
CIIRSS;16574,17540
CIIRTV;17542,17544
CIISTY;15145
CIJKOR;16581,17545
CIJNOO;17546,17548
CIKKLS;
CIKKNS;
CIKKPU;17552
CIKLNO;17235,17562
CIKLNS;5937,16590,17562,17564
CIKLRY;17563,17568,17569,17571
CIKLSS;16598
CIKLSY;16601,17557,17560
CIKLTY;5939,17352,17571
CIKMNU;17238,17574
CIKMSU;5945,17559,17574,17577,17578
CIKNPU;15763,17247,17582,17584
CIKNPY;5948,16609,17583
CIKNSS;16612
CIKNYZ;
CIKORR;16618,17576,17587
CIKOSS;17150
CIKOSY;
CIKPPU;17590
CIKPRS;16623
CIKPRY;16625,17569
CIKPSS;5955
CIKPTU;17584,17591
CIKQSU;
CIKQUY;17570
CIKRST;5957,16631,17593,17594
CIKRSW;16633
CIKRTY;16636,17571,17594
CIKSST;16638,17359,17494,17593
CIKSTY;16641,17360,17594
CILLOU;17596
CILLSU;16648
CILMNY;17255,17602
CILMSS;
CILMUU;
CILNOO;15149,17258,17363,17605,17606
CILNOS;5973,15767,16655,17259,17499,17562,17595,17601,17606,17609
CILNOU;5974,15150,17596,17609,17610
CILNPU;17612,17613,17614
CILNST;5980,16659,17615
CILNTU;5982,16661,17610,17614,17615
CILOPU;17622
CILOPY;17566,17598,17621
CILORS;5987,16667,17153,17367,17624
CILORT;16668,17368,17505,17624
CILOSU;17609,17622,17625
CILOSV;
CILOSY;
CILOTU;15768,17610,17625
CILOYZ;
CILPSU;5995,13202,16676,17269,17613,17622
CILQUY;16680,17570
CILRSY;6000,16686,17626,17630
CILSUY;6007,17372,17630
CIMMNU;17272,17632
CIMMOS;16693,17374,17633,17634
CIMMOT;17634,17635
CIMMOX;17635
CIMNNO;16696,17514,17573,17636
CIMNNU;17637
CIMNOR;6012,16697,17155,17275,17638,17639
CIMNOS;6013,16698,17276,17515,17601,17636,17639,17640,17641
CIMNOU;13203,15154,17641
CIMNRU;6017,16701,17642
CIMNSU;15772,17574,17632,17637,17641,17642
CIMNUU;
CIMOPY;17646
CIMORS;17377,17639,17643,17647
CIMORU;17647
CIMOSS;6021,15775,17633,17640,17648,17649
CIMOST;6022,17156,17518,17634,17645,17648,17650
CIMOTY;15155,17650,17651
CIMPRS;16716,17652,17653
CIMPRY;6025,17653
CIMRSS;6028,17379,17652,17654
CIMRUU;17655
CIMSSU;13204,15777,16721,17577,17654,17656,17658
CIMSTU;15778,17578,17604,17656
CIMSTY;17381,17650,17657
CIMSUV;17658
CINNOS;16722,17281,17636,17661
CINNOU;17659,17660,17661,17662
CINNOY;
CINOOP;17284,17664,17665
CINOOS;13206,15779,17285,17548,17606,17665,17666,17667,17668
CINOOV;17668
CINOOZ;
CINOPP;6039,17286,17669
CINOPT;6040,16727
CINORS;6043,13207,16729,17291,17385,17529,17639,17666,17672,17673,17674
CINORT;6044,16730,17530,17671,17673,17675,17676
CINORZ;17674
CINOSS;6046,16734,17295,17640,17667,17672,17677,17678
CINOST;6047,16735,17158,17296,17386,17673,17677,17679
CINOSU;6048,17297,17387,17609,17641,17661,17678,17679,17680
CINOSV;16736,17298,17668
CINOSZ;17674,17680
CINOUZ;17680
CINRSU;6059,13209,17305,17390,17534,17642,17682
CINSTT;
CINSTU;6062,15784,16755,17585,17615,17679,17682
CIOOPT;17616,17683
CIOORT;13211,17644,17683,17686
CIOPRS;6064,16765,17688
CIOPRT;6065,16766,17397,17683,17688
CIOPSS;15787
CIOPST;6066,16767,17398,17688,17689
CIOPTT;6067
CIOPWY;
CIOQSU;17690
CIORSS;13212,15161,16773,17672,17692
CIORST;13213,16774,17159,17400,17537,17624,17673,17686,17688,17693,17694,17695
CIORSU;6070,16775,17647,17687,17690,17691,17694,17696
CIORTT;6071,16779,17693
CIORTV;16780,17695,17697
CIOSST;6072,15789,16785,17402,17648,17677
CIOSTU;17588,17625,17679,17694
CIOSTX;16791,17538
CIPPSU;17590
CIPRSS;6074,16801,17540,17652,17701,17702
CIPRST;16802,17688,17701
CIPRSY;6075,15793,16804,17626,17653
CIPSSU;15794,17702
CIRRSU;6085,13215,16812,17408,17628,17691
CIRSTT;6088,16819,17693
CIRSTU;6089,16820,17161,17682,17694,17707,17708
CIRSUY;15164,15795,16823,17630,17708
CIRTTY;17543,17703
CISSSU;15797,16827
CISSTU;6095,13217,16828,17162,17411,17656,17707,17710
CISSUV;17658,17699
CJKOOS;
CJNOSU;16835
CJNOUY;17712
CJNSUU;
CKKNOS;
CKLNOS;16846,17562,17718
CKLNOU;6113,13222,17314,17718,17719
CKLNOY;
CKLNSU;17564,17718
CKLNUY;17713,17720
CKLOPU;17725,17726
CKLPSU;16852,17725
CKLPUY;
CKLSSU;16855
CKMOPU;17728
CKMOSS;17423
CKNORU;17164,17732
CKNRSU;17732
CKNTUU;17734
CKOORS;16873,17738
CKORST;16880
CKOSST;16882,17743
CKOSTY;
CKRSTU;16888
CKRSUU;
CKSSTU;16890,17431,17743,17744
CLLOOP;17715,17746
CLLOOY;
CLLORS;6143,16894,17747
CLLSSU;16901
CLMNOU;17749
CLMOPS;6154,16907
CLMOPY;
CLMOSU;6157,17745,17749,17752
CLMOSY;
CLMOUU;17752
CLMPSU;17434
CLMPUY;17753
CLMSTU;6158,17604
CLMSUY;6160,16915
CLNOOS;16920,17606,17756,17757
CLNOOU;17757
CLNOOY;
CLNOSU;16922,17317,17609,17718,17749,17757,17758,17759,17760
CLNOSW;17760
CLNOTU;16923,17610,17719,17759
CLNOUW;17760
CLNRUU;17761
CLOOPS;17746,17763
CLOOPT;17616,17750,17763,17764
CLOORS;16930,17765
CLOORU;17617,17765,17766
CLOORY;17766
CLOOST;16931,17436,17619,17763,17767
CLORSU;6185,16940,17765,17771
CLORSW;16942,17769
CLOSSW;17769
CLOSTU;6190,15174,15806,17625,17759,17773
CLOSTY;16950,17767
CLOSUU;17748,17752
CLOTTY;
CLPRUU;6193,17774
CLPSSU;17775
CLPSTU;17775
CLRTUY;16965,17772
CLSSUU;
CLSTUU;13234
CMMNOO;17776
CMMOOR;17777
CMMOOS;17776,17777,17778
CMMOOT;16969,17778
CMMRUY;17780
CMMSUY;17780
CMNNOO;17781
CMNOSY;17784
CMOOPS;16982,17787
CMOOPT;16983,17750,17786,17787
CMOOSS;17445
CMOOSU;17788
CMOPST;6210,16987,17787
CMORSU;17647,17788,17790
CMOSTU;6218,13238,16994,17790,17792
CMOSUU;17752
CMOSUY;17449,17793
CMPRSU;17794,17795,17796
CMPRUU;17795
CMPRUY;17753,17796
CMRSSU;6221,17654,17794
CMSSUU;16999
CMSTUU;6224
CNNOOR;17001,17452,17797
CNNOPY;17798
CNOOPU;15177,17804,17805
CNOORS;6233,13239,15813,17011,17455,17666,17797,17807
CNOORT;6234,17012,17456,17755,17807,17808,17809
CNOORY;
CNOOST;17807,17810,17811,17812
CNOOSV;17668,17814
CNOOTT;17808,17811,17815,17816
CNOOTY;17812,17816
CNOOVY;17814
CNOPTU;17018,17819
CNORSS;17023,17672,17820,17821
CNORST;6239,17024,17673,17807
CNORSU;6240,15180,15814,17025,17458,17732,17820
CNORSW;
CNORSY;6241,17459,17821
CNORUY;17712,17822
CNOSSY;17031,17784,17821
CNOSTU;6246,13240,17033,17679,17733,17759,17819
CNOSTY;17812
CNOTUY;17822
CNRSTU;6251,17041,17682,17823,17824
COOORZ;17825
COOPRS;17046,17827
COOPSS;17827
COOPST;15819,17763,17787,17829
COOPTU;17828,17829
COOPUY;17830
COOPWX;
COORSS;17048,17827
COORTU;6261,17051,17739,17809,17828,17831,17833
COORUU;17832
COOSST;17467,17810,17834
COOSTY;17054,17767,17789,17812,17834,17835
COPPRY;17058
COPRRS;17059,17836
COPRSU;17064,17839
COPRTY;17818,17838
COPRUY;
COPSSU;
COPSSW;
COPSUY;17830
CORRSU;17073,17471,17691,17841,17842
CORSSU;6274,15183,17081,17820,17841,17843
CORSSW;6275,17082,17769
CORSTU;6277,17085,17472,17694,17790,17831,17843
CORSUV;
CORTUY;17772,17822
COSSSU;17090
COSSTU;15186,17178,17473,17743,17773,17792,17843
COSTTU;6285,17093,17844
COTTUU;17844
CPRSTY;17100,17838
CPRSUY;17796
CPSTUU;6290
CRRSUY;17842
CRSSTU;6292,17107,17707,17823,17843
CRSSUU;
CRSTUY;17111,17708,17824
CRSUVY;
CSUYZZ;
DDDDEO;
DDDEEE;
DDDEEI;15189,17849
DDDEER;6297,17846,17849,17853,17859
DDDEET;17860
DDDEEW;
DDDEGO;
DDDEHO;17868
DDDEIK;17871,17875
DDDEIL;6300,17845,17861,17876,17877,17878,17879,17880,17881,17882,17883
DDDEIR;17849,17864,17872,17879,17885,17887,17888
DDDEIU;13248,17884,17888,17889
DDDELO;15192,17868,17891,17892,17893,17894,17895
DDDEMO;17856
DDDEMU;17884,17890
DDDENO;6309,17891,17898
DDDEOP;17893,17899
DDDEOR;13250,17885,17899,17901,17902
DDDEOS;17886,17894,17898,17901
DDDEOT;17895
DDDERU;15194,17859,17866,17888,17897,17904,17905
DDDEUW;
DDDILY;17883
DDEEEH;
DDEEEM;6316,17916,17917
DDEEEN;17912,17916,17918,17919
DDEEER;13251,15196,17910,17911,17917
DDEEES;13252,15197,17920,17921,17922,17923
DDEEEV;17914
DDEEEW;13253,17915,17919,17924
DDEEFI;17926,17927,17928
DDEEFN;17928,17930
DDEEFU;17929,17931,17932
DDEEGG;17933
DDEEGH;
DDEEGK;
DDEEGL;17925,17933,17936,17937,17938
DDEEGR;6319,17846,17910,17940,17941
DDEEGS;17935,17937,17941
DDEEGW;
DDEEHL;6320,17847,17942
DDEEHN;6321,17943
DDEEHR;6322,17944
DDEEIL;13254,17927,17945,17946,17947,17948,17949,17950
DDEEIN;15199,17928,17934,17951,17954,17955,17956,17957,17958,17959,17960
DDEEIR;6324,13255,15200,17849,17911,17946,17954,17962,17964,17965,17966,17967
DDEEIS;13256,15201,17935,17947,17953,17955,17963,17965,17968,17969
DDEEIT;6325,13257,17956,17968
DDEELM;6328,17851,17945,17973,17974,17975
DDEELN;6329,13258,17912,17976,17977
DDEELP;6330,17852,17936,17978,17981,17982
DDEELR;17853,17946,17974,17981,17983,17984,17985
DDEELS;6331,17854,17937,17942,17947,17975,17977,17982,17983,17986
DDEELU;17855,17929,17938,17971,17985,17986
DDEELV;17914,17948
DDEELW;17915,17949,17972,17979
DDEEMN;6334,17916,17951
DDEEMO;17856,17973,17987,17988
DDEENN;17990
DDEENP;17991,17996,17997
DDEENR;6337,17954,17998,17999,18000
DDEENS;6338,15206,17857,17930,17955,17977,17996,17998,18001,18002,18003
DDEENT;17918,17956,17992,17999,18001,18004
DDEENU;15207,17858,17939,17943,17990,17997,18000,18002,18004
DDEENV;6339,17993
DDEENW;17919,17957,17994
DDEEOR;15208,18005,18007,18008,18009
DDEEOS;15209,18006
DDEEPR;17962,17981,18012
DDEERR;6342,17940,17964,18007,18014
DDEERT;6344,17984,17999,18016,18018
DDEERW;17967,18009,18017
DDEERY;6345
DDEEST;6346,17860,17922,17968,18001,18016,18019
DDEESU;13261,15212,17931,17986,18002
DDEETU;13262,18004,18013,18018,18020
DDEEUX;
DDEFFO;
DDEFFU;
DDEFGI;18021
DDEFGU;
DDEFIL;17861,17927,18022,18023,18024
DDEFLO;18029,18030
DDEFLU;17862,17929,18031,18032
DDEFNO;18029,18033,18034
DDEFNU;6353,18034,18035
DDEFOR;18025,18033,18036
DDEGGI;
DDEGGO;
DDEGIL;6360,18042
DDEGIN;6361,13263,17934,18039,18044,18045,18046,18047,18048
DDEGIR;13264,17864,18021,18040,18042,18045,18049,18050
DDEGIT;18038,18046
DDEGIU;
DDEGJU;6362
DDEGLO;18052,18053
DDEGLU;13265,17865,17938,18051,18054
DDEGMO;18043,18055,18056
DDEGMU;18057
DDEGNO;18044,18058,18059,18060
DDEGNU;17939,18060,18061
DDEGOR;18049,18062,18063
DDEGOS;18053,18056,18059,18062,18064,18065
DDEGRU;6366,17866,18037,18066,18067,18068
DDEGRY;18063
DDEHIN;15215,18069
DDEHIR;6367,18071,18072,18073,18074
DDEHIS;6368,18069,18071
DDEHLO;17868,18075,18076
DDEHLU;17869,18077,18078
DDEHNO;18075,18079,18080
DDEHNU;15217,17943,18080,18081,18082,18083
DDEHOO;
DDEHOR;6372,15218
DDEHSU;18078,18082,18085
DDEIIK;6375,17871,18087,18088
DDEIIM;6376,18091
DDEIIO;18090,18094,18095,18096
DDEIIS;6377,13267,15221,17873,18041,18088,18091,18094,18099,18100,18101
DDEIIT;18092,18097,18099,18102
DDEIIV;17874,18093,18098,18100,18103
DDEIIW;18101
DDEIKL;18105,18106
DDEIKN;18105,18107
DDEIKR;18087,18107,18109
DDEIKS;17875,18088,18106,18108,18109
DDEILL;6378,18110,18111,18112
DDEILM;17876,17945,18113,18114,18115
DDEILN;13268,17877,18089,18105,18116,18117,18118
DDEILO;18090,18110,18119,18120,18121
DDEILP;6379,17878,18113,18122,18123,18124
DDEILR;6380,13269,17879,17946,18022,18042,18111,18114,18119,18122,18126,18127,18128
DDEILS;6381,17880,17947,18023,18106,18115,18117,18120,18123,18127,18129,18130,18131
DDEILT;6382,17881,18121,18128,18129,18132,18133,18134
DDEILW;17882,17949,18118,18130,18133
DDEIMM;18135
DDEIMN;17951,18136,18137
DDEIMS;6384,17953,18091,18115,18136,18140,18142,18143,18144
DDEINN;18116
DDEINR;6388,13271,17954,18045,18107,18146,18151
DDEINS;6389,17955,18069,18117,18136,18147,18150,18152,18153,18154
DDEINT;6390,17956,18046,18092,18148,18152
DDEINU;6391,13272,15222,18137,18151,18153
DDEINW;17957,18047,18118,18149,18154
DDEIOP;18145,18156,18157
DDEIOS;15223,17886,18094,18108,18120,18140,18147,18155,18157,18158,18162,18163,18164,18165
DDEIOT;6394,18121,18148,18163,18166
DDEIOV;6395,17961,18159,18164
DDEIPP;18168
DDEIPR;17962,18122,18156,18168,18169,18170
DDEIRR;6397,13274,17964,18050,18126,18173,18174
DDEIRT;6398,18026,18072,18097,18128
DDEIRW;17967,18073,18160,18176
DDEIRY;18074
DDEISS;6399,18142,18162,18177
DDEITT;18102,18166
DDEITU;6404,18132,18178
DDEJRU;6407,18180,18181
DDEKNU;
DDEKNY;
DDEKOO;18183
DDEKOU;18182,18184
DDEKSU;
DDELLO;18110,18185
DDELLU;6409,17971,18112
DDELMO;17973,18186
DDELMU;17890,18186,18187,18188,18189
DDELNO;17891,17976,18029,18075,18190,18191,18192,18193
DDELOO;13279,17892,18030,18190,18195,18196,18197,18198
DDELOP;17893,17978,18052,18199,18200
DDELOR;13280,15225,18119,18185,18195,18199,18201,18202
DDELOT;17895,18121,18197,18201,18203,18204
DDELOY;17980
DDELPU;17896,18124,18187,18205,18206
DDELRU;15228,17897,17985,18031,18077,18188,18194,18205,18207
DDEMOO;18055,18138
DDEMOR;18139,18214
DDEMPU;18187
DDEMRU;17989,18141,18188,18209,18215
DDENNO;18216
DDENNU;17990
DDENOP;17991,18145,18217,18219,18220,18221
DDENOR;6438,18033,18146,18216,18222,18223,18224,18225
DDENOS;17898,18059,18079,18147,18191,18211,18218,18219,18222,18226,18227,18228,18229
DDENOW;17994,18149,18193,18221,18225,18228,18230
DDENOY;18229
DDENPU;6441,17997,18220,18231
DDENRU;6444,18000,18081,18151,18194,18224,18232
DDENSU;6446,15231,18002,18035,18061,18082,18153,18227,18231,18232,18233,18234
DDENSY;6447,18003,18229
DDENTU;6448,18004,18234
DDENUY;
DDEOOR;13285,18005,18183,18195,18235,18236,18237
DDEOOS;18155,18196,18218
DDEOOW;18198,18237,18238
DDEOPP;18239
DDEORR;18007,18240
DDEORS;6450,15232,17901,18036,18062,18158,18214,18222,18242
DDEORT;18201,18223
DDEORV;18008,18159
DDEORW;15233,18009,18160,18202,18225,18237,18241,18242
DDEOSS;6451,18064,18162,18226
DDEOST;18065,18163,18203
DDEOSU;18227
DDEOSW;18084,18165,18228,18242
DDEOTT;18166,18204
DDEOTU;13287
DDEPPU;
DDEPRS;6453,18012,18169,18243,18244
DDEPRU;18170,18205,18244
DDERRU;18066,18174,18245
DDERSU;13288,15234,17904,18067,18085,18175,18180,18207,18215,18232,18244,18245,18246
DDESST;6461,18019
DDESSU;18177,18233,18246
DDESTU;6462,15235,17906,18178,18208,18234
DDESTY;
DDFILY;18024
DDFIOR;18025
DDGINU;6476,13291,18256,18262,18263,18264
DDGIPU;18262,18265
DDGMOO;18055,18266
DDHIIS;18268,18269
DDHINO;18249,18271
DDHIOS;18271
DDHIRY;18074,18272,18273
DDHISU;18270
DDHOSY;
DDHPUU;
DDHSUU;
DDIIKK;18275
DDIIKV;18277
DDIIMS;18091
DDIIOS;15241,18094,18279
DDIIOX;18095,18279
DDIKNO;18281
DDIKOS;18108,18281,18282
DDIKSY;
DDILNR;18284
DDILOS;6507,18120,18285
DDILPY;
DDILTY;18134,18288
DDIMOY;18290
DDIMRU;18141,18291
DDIMSU;17908,18144,18291,18292
DDIMSY;6512,18290
DDIOPY;
DDIORS;15246,18158
DDIOTU;18294
DDIOTY;
DDIRSU;18175,18291,18296
DDLMUY;18283
DDLPUY;
DDMMUU;18298
DDMRUU;18300
DDNORW;18225,18301
DDOOOO;18302
DDOPSY;6528
DDPSUY;
DEEEFR;18306,18307,18309,18311,18312
DEEEFS;18310,18311,18313
DEEEFZ;
DEEEGK;18314,18315
DEEEGR;17910,18315,18318,18320,18321,18322,18323
DEEEHL;15252,18327,18328
DEEEHR;15254,18325,18333
DEEEHZ;18332,18336
DEEEIP;15256,18340
DEEEJL;18337,18345
DEEEJP;
DEEEJR;18347,18348
DEEEKK;
DEEEKL;15259,18314,18349,18350
DEEEKN;18349,18352
DEEEKP;
DEEEKR;18315,18353,18354
DEEELN;17912,18349,18358,18359
DEEELP;13298,15260,18316,18360,18361
DEEELR;13299,15261,18307,18358,18362,18363
DEEELS;6533,18327,18350,18357,18359,18360,18364,18365,18366
DEEELT;13300,15262,17913,18308,18317,18361,18362,18364,18367,18368
DEEELV;6534,13301,17914,18356,18363,18365
DEEEMR;17917,18318,18338,18370,18373,18374
DEEEMS;18351,18357,18371,18373,18375
DEEEMT;13303,18374,18375
DEEEMX;18304
DEEENP;18319,18376,18377
DEEENR;18309,18320,18339,18358,18370,18376,18379,18380,18381,18382,18383
DEEENS;13304,18310,18329,18359,18371,18377,18379,18384,18385,18386,18387
DEEENT;17918,18380,18384,18388,18389,18390
DEEENV;18381,18385,18390
DEEENW;17919,18352,18372,18382,18386
DEEENZ;18387
DEEEPP;
DEEEPR;15263,18376,18393,18394,18395,18396
DEEEPS;13305,17920,18330,18340,18360,18377,18393,18397,18398
DEEEPV;18396
DEEERR;6536,13306,15264,18321,18341,18347,18401,18402
DEEERS;15265,18311,18322,18333,18342,18348,18353,18373,18379,18393,18401,18403,18404,18405,18406,18407
DEEERT;15266,18323,18362,18374,18380,18394,18404,18408,18409,18410
DEEERV;13307,18312,18363,18381,18396,18402,18405,18408
DEEERW;18343,18382,18391,18406,18409,18411
DEEERY;18354,18383,18407,18411
DEEESV;18344,18365,18385,18405,18413
DEEETW;18367,18409,18414,18416,18417
DEEFFJ;
DEEFFR;18306,18420
DEEFGL;17925,18423,18426
DEEFHT;15271
DEEFIL;17927,18433,18434,18435,18436
DEEFIN;17928,18419,18424,18433,18438,18439,18440,18441
DEEFIR;6541,13310,18431,18434,18438,18442,18443,18444,18445,18446,18447
DEEFIS;18432,18435,18437,18439,18443,18448
DEEFKR;6542
DEEFLL;18449
DEEFLM;
DEEFLS;6545,18426,18428,18435,18450,18456
DEEFLT;6546,15274,18308,18436,18452,18457
DEEFLU;17929,18429,18449,18451,18454,18456
DEEFLW;
DEEFLX;
DEEFLY;18453,18455
DEEFNR;18309,18438,18459,18460
DEEFNU;18451,18460,18461
DEEFRS;18311,18430,18443,18459,18464,18465
DEEFRT;6551,18444,18466,18467
DEEFRY;18446,18455
DEEFSS;18468
DEEFSU;17931,18422,18456,18464,18468,18470
DEEFTT;18457,18466,18469
DEEFTW;
DEEFUZ;17932,18470
DEEFZZ;
DEEGGI;18471
DEEGGK;
DEEGGL;6555,17933,18423,18472
DEEGGP;
DEEGGR;
DEEGGV;
DEEGHP;
DEEGHR;18474,18477
DEEGHS;18477,18478
DEEGIJ;18479
DEEGIN;17934,18424,18473,18480,18482,18485,18487,18488,18489,18490,18491,18492
DEEGIR;15277,18474,18481,18483,18488,18494,18495,18496
DEEGIS;17935,18471,18479,18484,18489,18494,18497,18498
DEEGIT;18497
DEEGIW;18475,18491,18493,18496,18498
DEEGKR;18315,18481,18501
DEEGKS;18501
DEEGLL;6557
DEEGLN;6559,18482,18503,18504
DEEGLP;17936,18316,18506,18507,18508
DEEGLR;6560,18483,18506,18509,18510,18511
DEEGLS;17937,18426,18472,18484,18503,18507,18509,18512,18513
DEEGLU;6562,17938,18502,18510,18513
DEEGLY;18505
DEEGMM;
DEEGMN;6565,18485,18514
DEEGMR;18318,18515
DEEGNN;18487,18517,18518
DEEGNR;6567,18320,18488,18518,18519,18520
DEEGNU;17939,18514,18521
DEEGNV;6569,18490
DEEGOS;18522,18524,18525
DEEGRS;6573,17941,18322,18477,18494,18501,18509,18515,18520,18528
DEEGRV;6575,18495
DEEGRW;6576,18496,18511,18528
DEEGRY;
DEEGSS;6577,18478,18512,18524,18529
DEEGSU;13314,18513,18521,18529,18530
DEEGSW;18498,18528
DEEHIL;18532,18533
DEEHIR;6579,18325,18474,18534,18535,18536
DEEHLL;18540,18541
DEEHLM;18542
DEEHLP;15286,18545
DEEHLV;18544,18546
DEEHMM;
DEEHMS;15289,18549
DEEHMT;
DEEHNN;6585
DEEHNR;18534,18548,18554,18555
DEEHNT;6587
DEEHPS;18330,18561
DEEHRR;6590,18535,18562
DEEHRS;6591,15293,17944,18333,18430,18477,18555,18557,18561,18562,18563,18564,18565
DEEHRY;
DEEHSW;18547,18565
DEEHTW;15298,18566,18568
DEEHWW;
DEEHYY;18567
DEEILM;6601,17945,18585
DEEILR;6603,17946,18434,18483,18583,18587,18592,18594,18596,18597,18598,18599,18600
DEEILS;6604,13320,15302,17947,18435,18484,18532,18584,18585,18588,18593,18595,18596,18601,18602,18603
DEEILV;13321,17948,18590,18598,18605
DEEILX;
DEEILY;6605,17950,18591,18600,18603,18606
DEEIMN;6606,15303,17951,18485,18610,18611,18612,18613
DEEIMP;17952,18615,18616,18617
DEEIMR;13322,18338,18611,18614,18615,18618,18619,18620
DEEIMS;15304,17953,18437,18578,18585,18608,18612,18616,18618,18621
DEEIMT;6607,13323,18613,18617,18619,18622
DEEIMV;18486
DEEINN;6608,18487,18623,18624,18625,18626,18627
DEEINP;18623,18629,18630
DEEINR;13325,15306,17954,18339,18438,18488,18534,18580,18587,18611,18628,18629,18631,18632,18633,18634,18635
DEEINS;6609,15307,17955,18439,18489,18581,18588,18612,18624,18632,18636,18637,18638,18639,18640
DEEINT;15308,17956,18440,18569,18589,18613,18625,18637,18641,18642,18643
DEEINV;15309,18490,18590,18638,18643,18644,18645
DEEIOR;18592,18614,18628,18650
DEEIOV;15311,17961,18582,18651
DEEIPR;15312,17962,18570,18594,18615,18629,18653,18654,18655,18656
DEEIPS;17963,18340,18595,18616,18647,18653,18657,18658
DEEIPZ;
DEEIRS;6611,13328,15315,17965,18342,18443,18494,18596,18618,18632,18650,18653,18661,18665,18666,18667,18668,18669,18670
DEEIRT;13329,15316,18444,18536,18597,18619,18654,18662,18666,18671,18672
DEEIRU;18633,18659,18667,18671
DEEIRV;17966,18495,18598,18655,18663,18668,18672,18673
DEEIRW;6612,17967,18343,18496,18571,18599,18634,18664,18669
DEEISS;6613,13330,18601,18621,18636,18657,18665,18674,18675
DEEISV;6615,15318,17969,18344,18638,18651,18668,18675
DEEISW;18498,18639,18669,18677
DEEISX;15319,18640,18678
DEEISZ;18670
DEEITV;6617,15320,18538,18605,18643,18672,18679
DEEITX;15321,18678
DEEIVW;18644
DEEIWZ;18646
DEEJKR;
DEEJLL;18573
DEEJSS;
DEEJST;15323
DEEJTT;18575
DEEKKL;15324
DEEKLP;18686
DEEKLW;18539
DEEKMP;
DEEKMS;18351,18578,18689,18691
DEEKNN;18692
DEEKNR;6620,15327,18580
DEEKNT;18693
DEEKOV;18582,18695,18697
DEEKPP;18698
DEEKPR;18699
DEEKRV;18695
DEEKRY;18354,18696
DEEKSW;
DEEKSY;18694
DEEKUY;
DEELLM;18704
DEELLP;6627,18706
DEELLW;17972,18709,18712
DEELLY;6629,18710
DEELMR;6633,13338,17974,18715,18718,18719
DEELMS;6634,13339,17975,18357,18585,18704,18718,18720,18721,18722
DEELMT;6635,18716,18720,18723
DEELMU;6636,13340,18502,18717,18719,18721
DEELMW;18542
DEELMY;6637,18722
DEELNR;6639,13341,18358,18587,18726
DEELNS;6640,13342,17977,18359,18450,18503,18588,18705,18726,18727,18728,18729,18730
DEELNT;6641,13343,18504,18589,18724,18728,18731
DEELNW;18729
DEELNY;18591,18730
DEELOO;18732
DEELOP;17978,18733,18734,18735,18736,18737
DEELPP;18733
DEELPR;6643,17981,18506,18594,18734,18748,18749,18750
DEELPT;6645,18361,18508,18716,18751,18752
DEELPX;18737
DEELPY;15337,18750
DEELRS;6647,17983,18509,18596,18687,18718,18726,18738,18748,18754,18755,18756,18757
DEELRU;15338,17985,18454,18510,18708,18719,18739,18749,18753,18755,18758
DEELRV;6649,18363,18598,18740,18756,18758
DEELRW;6650,18511,18599,18709,18741,18757
DEELST;6653,18364,18602,18711,18720,18728,18751,18759,18761,18762,18763
DEELSU;15339,17986,18456,18513,18721,18743,18755,18762,18764
DEELSV;6654,18365,18546,18756,18764,18765
DEELSW;6655,18366,18547,18712,18729,18757,18760,18763
DEELTT;6657,13348,18457,18688,18723,18731,18752,18761
DEELTU;18604,18762,18766
DEELTW;18367,18745,18763
DEELUX;15340,18713,18766
DEELVV;18746,18765
DEEMNN;
DEEMNO;18610,18714,18770,18771,18772,18773,18774
DEEMNR;6663,18370,18548,18611,18770,18775
DEEMNS;6664,18371,18549,18612,18689,18775,18776
DEEMNT;6665,18613,18771,18776,18777
DEEMOR;18458,18550,18614,18690,18715,18770,18779,18780,18781
DEEMOT;17988,18771,18783
DEEMOU;18772
DEEMOV;18768,18773,18780
DEEMOW;13351
DEEMPR;6668,18615,18785
DEEMPT;18617,18716,18787
DEEMPU;18717,18786
DEEMQU;
DEEMRS;6670,18373,18515,18618,18691,18718,18775,18779,18785,18789
DEEMRT;6671,18374,18619
DEEMRU;13353,17989,18551,18719,18788,18789
DEEMRY;
DEEMSS;18621,18782
DEEMST;6672,18375,18720,18769,18776,18783
DEEMSU;6673,13354,18721,18786,18789,18790
DEEMSW;6674
DEEMSY;18722,18784,18790
DEEMUY;18790
DEENNO;18517,18791,18792,18793,18794,18795
DEENNP;18623,18796
DEENNR;18518,18791,18797
DEENNT;6678,18625,18793,18796,18798,18799
DEENNY;18794,18800
DEENOP;17991,18802,18803,18804
DEENOR;13355,15341,18519,18628,18770,18791,18801,18802,18805,18806,18807,18808
DEENOS;13356,15342,18680,18792,18803,18805,18809
DEENOT;17992,18693,18724,18771,18793,18804,18806,18809
DEENOV;17993,18773
DEENPR;13357,18376,18554,18629,18802,18810,18811,18812
DEENPX;18813
DEENRR;13358,18631,18814,18815
DEENRS;6681,13359,15344,17998,18379,18459,18520,18555,18632,18726,18775,18805,18811,18814,18816,18817,18818,18819,18820
DEENRT;15345,17999,18380,18806,18812,18817,18821,18822
DEENRU;6682,18000,18460,18633,18797,18815,18818,18821
DEENRV;6683,18381,18819,18822
DEENRY;6684,18383
DEENRZ;18808,18820
DEENSS;18636,18727,18816,18823,18824,18825
DEENST;6685,15346,18001,18384,18637,18728,18776,18798,18809,18817,18823,18826,18827,18828
DEENSU;18002,18521,18818,18824,18827,18829,18830,18831
DEENSW;6687,18386,18639,18729,18830
DEENSY;18003,18694,18730,18825
DEENTT;6688,18388,18641,18731,18826
DEENTU;18004,18389,18642,18777,18821,18827
DEENTV;18390,18643,18822
DEENTX;18828
DEENUV;18829,18832
DEENUY;18556,18800
DEEOPP;18733,18833
DEEOPS;18006,18647,18735,18803,18835,18837,18838
DEEORS;6690,13361,15349,18557,18650,18738,18779,18805,18835,18842,18844,18845,18846,18847
DEEORT;18558,18806,18844,18848,18849,18850,18851,18852
DEEORV;13362,15350,18008,18462,18559,18695,18740,18780,18843,18845,18849,18853,18854
DEEORZ;18463,18808,18852
DEEOSX;13364,15354,18838,18847,18857
DEEOTV;15355,18010,18392,18744,18849,18856
DEEPPP;18859
DEEPPR;6692,18810,18859
DEEPRS;6693,18012,18393,18561,18653,18748,18785,18811,18835,18862,18864,18865,18866
DEEPRU;18395,18699,18749,18863,18866,18867,18869
DEEPRV;6695,18396,18655,18869
DEEPRY;18750,18868
DEEPSS;6696,18397,18657,18837,18864
DEEPSW;
DEEPSY;
DEEPTT;6697,18752,18787
DEEPTU;18013,18839,18867,18870
DEEQUU;18400
DEERRS;6702,18014,18401,18562,18661,18700,18814,18842,18862,18872
DEERRW;6705,18664
DEERSS;6706,15358,18015,18403,18563,18665,18754,18816,18864,18872,18874,18875,18876
DEERST;6707,13365,15359,18016,18404,18666,18817,18844,18865,18875,18877,18878,18879,18880
DEERSU;13366,15360,18464,18564,18667,18701,18755,18789,18818,18866,18876
DEERSV;6708,18405,18668,18756,18819,18845,18877,18881
DEERSW;6709,15361,18017,18406,18465,18528,18565,18669,18757,18846,18878,18881
DEERSY;18407,18880
DEERTT;6711,18466,18848,18882
DEERTV;6712,18408,18672,18822,18849,18877
DEERTX;6714,18410,18851,18879,18883
DEERVV;18673
DEESSS;18874
DEESST;6717,18019,18759,18823,18875,18884,18885
DEESSU;13368,15364,18468,18529,18674,18824,18876
DEESSW;18760
DEESSY;6719,15365,18825
DEESTT;6720,15366,18469,18676,18703,18761,18826,18884,18886
DEESTU;6721,18530,18762,18827,18870,18871
DEESTV;18413,18856,18877,18885
DEESTW;6722,18414,18677,18763,18878
DEESTX;18678,18828,18857,18879
DEESTY;6723,18880
DEESTZ;
DEESUX;15367,18831
DEESWY;
DEETTV;18415,18679
DEETTW;18416,18568
DEETTX;
DEETUV;
DEETWY;
DEFFFU;18887
DEFFGO;
DEFFHU;15368,18890
DEFFIM;18896
DEFFIN;6730,18419,18897
DEFFIO;15370,18896,18898
DEFFIR;6732,18894,18901
DEFFIT;18902
DEFFIV;
DEFFLU;13369,15372,18887,18905,18906,18907,18908
DEFFLY;
DEFFMU;18905
DEFFNO;18909,18910
DEFFOR;18420,18909,18913
DEFFPU;18906,18912
DEFFRU;18888,18907,18915
DEFGGI;18917
DEFGGO;18918,18919
DEFGGU;18920
DEFGIR;18021,18917,18922,18925,18926,18927,18928
DEFGIS;18926,18929
DEFGIT;18927,18929,18930
DEFGLO;18918
DEFGLU;
DEFGLY;
DEFGOO;
DEFGOR;6747,18919,18925
DEFGOS;
DEFGOW;
DEFGSU;
DEFGUU;
DEFHIS;6752,18933,18934
DEFHMU;
DEFHOO;15378,18935,18937
DEFHOU;18890
DEFHOW;18891,18937
DEFIKN;
DEFIKR;18948
DEFIKS;18892,18947,18948
DEFILL;6759,18949,18950
DEFILM;18940,18951
DEFILO;18949,18955,18956
DEFILR;13370,18022,18434,18894,18950,18952,18959,18960
DEFILS;6760,18023,18435,18895,18947,18961,18962,18963
DEFILT;15381,18436,18953,18959,18962,18964,18965
DEFILX;18966
DEFIMR;18968
DEFIMS;6762,18437,18942
DEFINN;6763,18921
DEFINO;15382
DEFINR;6764,18438,18922,18952,18970,18971,18972
DEFINS;6765,18439,18897,18970,18973,18974,18975
DEFINU;18923,18944,18954,18971,18974,18976,18977
DEFIOO;18955,18978
DEFIOT;18981
DEFIRT;18026,18444,18927,18959,18983,18984,18985,18986,18987
DEFIRV;
DEFIRZ;18447,18987,18988
DEFIST;6768,18448,18902,18929,18934,18946,18962,18973,18981,18984,18989,18990
DEFISX;
DEFITT;18964,18985
DEFIZZ;18967,18988
DEFJLS;
DEFKLU;18991
DEFKNU;6772,18991
DEFKOR;15384
DEFKSU;
DEFKSY;
DEFLLU;18449,18992,18993
DEFLMU;13371,18905,18995
DEFLMY;
DEFLNO;18029,18996,18997,18998,18999,19000
DEFLOO;18030,18935,18955,18996,19002,19003,19004
DEFLOR;6777,18998,19002,19006,19007,19008
DEFLOT;6778,18452,19000,19003,19007,19011
DEFLOU;13372,18992,19008,19010,19011
DEFLOW;18956
DEFLOY;18453
DEFLPY;
DEFLRU;6781,18031,18454,18907,18960,19001,19008,19012,19013,19014
DEFLST;18962
DEFLTU;6783,19011
DEFLTY;18965
DEFLUU;19014
DEFLUX;
DEFMOR;18458,18968,19017
DEFMRS;19017
DEFNNO;
DEFNNU;
DEFNOR;15385,18033,18909,18998,19019,19020,19021,19022
DEFNOU;18034,18931,19021,19024
DEFNOY;
DEFNRU;18460,18971,19001,19021,19025,19026
DEFOOR;13373,19002,19019,19028,19030,19031,19032
DEFOOT;13374,19003,19031
DEFOOW;18937
DEFOPP;19005
DEFOPU;18912
DEFORT;15387,18938,19007,19020,19031,19033,19034
DEFOSS;19009
DEFOST;18981,19023,19033
DEFOSW;18914
DEFRRU;19013
DEFRSU;6799,18464,18915,18939,19026
DEFRTU;15389,18467,18932,18986,19034
DEFSSU;18468,19035
DEFSTU;18916,18989
DEFTTU;
DEFTUZ;
DEFUZZ;19015
DEGGGI;19036,19037,19038
DEGGHO;19046
DEGGHU;15391
DEGGIJ;19047
DEGGIL;19036,19042,19047,19049,19050
DEGGIN;19037,19043,19048,19049,19051,19052
DEGGIO;19053,19054
DEGGIP;19055
DEGGIR;6807,18917,19038,19053,19055,19056,19057,19058
DEGGIT;19044,19057,19060
DEGGIW;19045,19050,19052,19059,19060
DEGGIZ;
DEGGJO;19061
DEGGJU;19062
DEGGLO;13375,15392,18918,19039,19061,19065,19066,19067,19068,19069
DEGGLU;19040,19062,19070,19071,19072
DEGGMO;6814
DEGGMU;19073
DEGGNO;19074,19075,19076
DEGGNU;19076,19077
DEGGOR;13376,15393,18919,19041,19053,19066,19078,19079,19080,19081
DEGGOS;15394,19046,19054,19063,19067,19075,19079,19082
DEGGOT;19068,19080
DEGGOU;19076
DEGGPU;19070
DEGGRU;18037,18920,19058,19071,19083,19084,19085
DEGGRY;6820,19081
DEGGSU;15395,19064,19072,19073,19077,19084
DEGGTU;19085
DEGHHI;19086
DEGHIN;6824,18473,19043,19088,19090,19091,19092,19093,19094
DEGHIR;6825,18474,19092,19097
DEGHIS;6826,19098
DEGHSU;19106
DEGIIK;19108
DEGIIM;19111,19112
DEGIIN;15398,18039,19110,19113,19114,19115,19116
DEGIIR;18040,19108,19111,19114,19118,19119
DEGIIW;19120
DEGIKN;15399,18480,19048,19124
DEGILL;6837,19109,19125,19126,19127,19128
DEGILM;19129,19130
DEGILN;6838,13379,15400,18482,19049,19088,19110,19121,19129,19131,19132,19133,19134,19135,19136,19137,19138
DEGILR;6840,18042,18483,19126,19140,19143,19144,19145,19146
DEGILS;6841,13381,18484,19130,19134,19141,19144
DEGILU;15401,19127,19136,19142,19145,19147,19149
DEGILY;19128
DEGIMN;18485,19129,19150,19151,19152
DEGIMP;6844,19153
DEGIMR;19111
DEGIMS;6845,19112,19130,19152,19154,19155
DEGIMT;19155
DEGINN;6846,13382,18487,18921,19090,19113,19131,19150,19156,19157,19158,19159,19160,19161,19162,19163,19164
DEGINP;19133,19157,19165
DEGINR;6847,13384,15403,18045,18488,18922,19092,19114,19158,19166,19170,19171,19172,19173,19174
DEGINS;6848,18489,19051,19115,19124,19134,19152,19159,19167,19171,19175,19176,19177,19178,19179
DEGINT;18046,19093,19116,19135,19160,19168,19176,19180,19181
DEGINW;6850,18047,18491,19052,19094,19138,19163,19169,19173,19178,19181
DEGINY;6851,18048,18492,18924,19164,19174,19179
DEGINZ;6852
DEGIOO;13385,19183,19184
DEGIOS;13387,19054,19141,19167,19184
DEGIPP;19188
DEGIPR;19055,19185,19188,19189
DEGIRR;18050,19118,19143,19170,19186,19192,19193
DEGIRS;6854,13389,18494,18926,19056,19119,19144,19171,19192,19194,19195
DEGIRT;6855,18927,19057,19097,19187,19196
DEGIRU;6856,13390,18928,19058,19122,19145,19172,19189,19193,19195
DEGIST;6858,18497,18929,19098,19155,19176,19197,19199,19200
DEGISU;6859,13391,19177,19191,19195,19198,19199
DEGITT;19196
DEGITU;19147,19180,19199
DEGITW;19060,19099,19181,19200
DEGJRU;18499,19122,19202
DEGJSU;19202
DEGJUY;
DEGKLU;18051,19204,19205
DEGKNU;
DEGKOR;15406,19203
DEGLLU;6864,19127
DEGLNO;6870,19132,19209,19210,19211,19212
DEGLNU;6874,13392,19136,19201,19212,19213,19214,19215,19216
DEGLNY;
DEGLOO;19065,19101,19207,19217
DEGLOP;6876,18052,19139,19210,19217,19218,19219,19220
DEGLOR;19066,19140,19219,19221,19222
DEGLOS;18053,19067,19141,19211,19220,19221,19223,19224
DEGLOV;19069
DEGLOW;19222
DEGLOZ;
DEGLPU;6878,19070,19213,19226
DEGLRU;6880,13393,18510,19071,19145,19214
DEGLSU;13394,15409,18054,18513,19072,19204,19215,19226,19227
DEGLSY;
DEGLUY;19205
DEGMMU;
DEGMNO;19151,19230
DEGMNU;6885,18514
DEGMOR;19231
DEGMOS;18056,19232
DEGMPU;19153,19233
DEGMPY;
DEGMRU;6887,19233,19234
DEGMSU;18057,19073,19234,19235
DEGNNU;6890,19161,19236
DEGNOO;18058,19074,19230,19237
DEGNOP;6891,19165,19210,19238,19239
DEGNOR;6892,18519,19166,19238,19240,19241
DEGNOT;6894,19102,19168,19242
DEGNOW;6896,13395,19169,19241
DEGNRU;6903,19172,19214,19240,19243,19244,19245
DEGNSU;6906,13396,15410,18061,18521,19077,19177,19215,19243,19246
DEGOOP;19217
DEGOOS;15411,18522,19184,19232,19237,19249
DEGOPR;19078,19185,19219,19238,19250
DEGOPS;19220,19239
DEGORR;18523,19103,19186,19251
DEGORS;6911,13398,15412,18062,19079,19221,19251,19252,19253,19254
DEGORT;6912,19080,19187,19253,19255
DEGORU;13399,19104,19240,19250,19254,19255
DEGORV;19248
DEGORW;6913,19222,19241
DEGOSS;6914,18064,18524,19082,19223,19252,19256
DEGOST;6915,18065,19105,19224,19249,19253,19256,19257,19258
DEGOSW;19258
DEGOSY;18525
DEGOTU;18526,19107,19225,19242,19255,19257
DEGOUV;
DEGPPY;
DEGPRU;6919,19189,19233,19250
DEGPSU;19226
DEGRSU;6925,13400,18067,19084,19195,19202,19234,19243,19254,19260
DEGRSY;
DEGRTU;18068,18932,19085,19244,19255,19259,19260
DEGSTU;13401,18530,19199,19257,19260,19261
DEGTTU;19228
DEHHIS;19262,19263
DEHHSU;19266
DEHIIM;
DEHIKO;15423,19267
DEHIKT;15425
DEHILL;15426,19273,19274
DEHILS;6941,15430,18532,19274,19275,19279,19282
DEHILT;15431,18533,19089,19277,19280,19283
DEHILW;19281
DEHIMN;19286,19287
DEHIMO;6943,19288,19289,19290,19291
DEHIMR;6944,15432,19289,19292,19293
DEHINO;15435,19091,19298,19299,19300,19301
DEHINR;6946,18534,19092,19299,19303,19304
DEHINS;13402,15437,18069,19286,19296,19300,19302,19303
DEHINT;19093,19297
DEHINW;15438,19094
DEHIOO;19306,19307,19308
DEHIOR;15439,19289,19299,19306,19309,19310
DEHIOS;19290,19300,19307,19309,19311,19312,19313,19314,19315
DEHIOW;15440,18070,19314
DEHIOX;19315
DEHIPP;6947,15441,19317,19318
DEHIPS;6949,19262,19269,19302,19317
DEHIPT;6950,15443,19096
DEHIRS;6952,15446,18071,18933,19270,19271,19279,19292,19303,19309,19319,19322,19323,19324
DEHIRT;6953,13403,15447,18072,18536,19097,19280,19310,19322,19325,19326,19327
DEHISS;19282,19328
DEHIST;15448,18537,18934,19098,19294,19311,19322,19329,19330
DEHISW;19263,19272,19314,19328,19330
DEHITT;15450,19329
DEHITW;15451,19099,19326,19330
DEHIZZ;15453,19332
DEHJOS;
DEHKLO;15454
DEHKLU;15455
DEHKNO;
DEHKOO;15457
DEHKOR;6959
DEHKOW;
DEHKSU;15460
DEHKTY;
DEHLLU;19335
DEHLNO;18075,19338
DEHLOR;19342,19343
DEHLOS;6967,13405,18076,19338,19339,19342,19344,19345
DEHLOT;6968,15465,19277,19340,19345
DEHLOW;19343
DEHLPS;6970,19346
DEHLPU;19346
DEHLRU;15466,18077,19347,19348,19349
DEHLSU;6974,13406,18078,18936,19337,19346,19348,19350,19351
DEHMMU;15467
DEHMNO;19352
DEHMNU;15468,19287,19354
DEHMNY;19353
DEHMOS;19290,19358
DEHMOT;19291,19358,19359
DEHMPU;15473,19264,19360,19361
DEHMRY;
DEHMSU;19337,19354,19362
DEHNOO;19352,19364,19365
DEHNOP;19298,19366
DEHNOR;15475,19299,19364,19367,19368,19369
DEHNOS;18079,19300,19338,19367,19370,19371
DEHNOY;18553,19301,19371
DEHNRU;6987,15478,18081,19304,19369,19373,19374
DEHNSS;6988,19375,19376
DEHNSU;6990,15479,18082,19354,19363,19370,19373,19375,19377,19378
DEHNSY;15480,19371,19376,19379
DEHNTU;6991,19333,19374,19377
DEHNYY;19379
DEHOOP;6992,15481,19380,19381
DEHOOS;19265,19307,19339,19382,19383
DEHOOT;19308,19340,19380,19382,19384,19385
DEHOOV;
DEHOPP;15482,19341,19386,19387
DEHOPS;19386
DEHOPY;
DEHORS;18557,19309,19342,19367,19388,19389,19390,19391,19392
DEHORT;15486,18558,18938,19310,19368,19389,19393,19394
DEHORW;15488,19343,19391,19394
DEHORX;19392
DEHOSS;19344,19388
DEHOST;6996,13409,19105,19311,19345,19358,19382,19389,19395,19396,19397
DEHOSU;15489,19106,19312,19370,19396
DEHOSV;19313,19390
DEHOSW;15490,18084,19314,19383,19391,19397
DEHOTT;19384,19393,19395
DEHOTU;15491,19107,19316,19359,19396
DEHOWW;
DEHPPU;19398
DEHPPY;
DEHPST;7001
DEHPSU;19346
DEHPSY;15493,19399
DEHRSS;7005,18563,19388
DEHRST;7006,19322,19389
DEHRSU;13410,15495,18085,18564,18939,19323,19348,19373
DEHRSW;18565,19391
DEHSSU;15496,19266,19350,19362,19375
DEHSTU;15497,19351,19377,19396
DEHTTU;19400
DEHTTY;
DEIIKN;19407,19408
DEIIKR;15499,18087,19108,19407
DEIIKT;19409
DEIILL;19109,19410,19411,19412
DEIILP;19414,19419
DEIIMS;18091,18942,19112,19424,19425
DEIINO;19422,19427,19428,19429
DEIINS;15504,19115,19408,19416,19427,19431,19436,19437,19438,19439
DEIINT;7019,15505,18092,18569,19116,19428,19432,19437,19440
DEIINV;18093,19434,19438,19440
DEIINY;19439
DEIIOS;18094,19417,19427,19441,19445,19446,19447
DEIIOZ;18096,19418,19429,19444,19447,19448
DEIIPR;7021,18570,19449,19450,19451
DEIIPT;19451
DEIIRS;7022,13411,19119,19270,19402,19431,19441,19450,19453
DEIIRT;15508,18097,19423,19432,19442,19451,19452,19453,19454,19455,19456
DEIISS;7024,19436,19445
DEIIST;15510,18099,18572,18946,19409,19424,19437,19453,19459,19460
DEIISV;18100,19438,19460,19461
DEIISX;19446
DEIIVZ;19463
DEIJKN;
DEIJLT;
DEIJNO;19465,19466
DEIJNX;
DEIJOS;19471
DEIJRR;19472
DEIJRS;19472
DEIJRU;19122,19468
DEIJSU;19469
DEIKKN;19474
DEIKKR;19475
DEIKLL;18576,19476
DEIKLM;
DEIKLN;7028,13414,15513,18105,18577,19477,19478,19479,19480,19481,19482
DEIKLO;19123,19483,19484,19485
DEIKLR;19478,19484,19486,19487
DEIKLS;7029,15515,18106,18947,19406,19476,19479,19485,19486,19488
DEIKLT;15516,19480,19487,19488,19489
DEIKNO;13417,19494,19495
DEIKNP;19477,19496,19497
DEIKNR;18107,18580,19407,19478,19496,19498,19499
DEIKNT;19480,19500,19504,19505
DEIKNV;19495
DEIKNW;19482,19501,19505
DEIKNY;19502
DEIKNZ;15519,19503
DEIKPP;19509
DEIKPS;19491,19497,19509
DEIKRS;7032,13418,15525,18109,18948,19271,19475,19486,19492,19499,19507,19511,19512,19513,19514
DEIKRU;15527,19510,19514
DEIKRY;
DEIKSS;19512
DEIKST;15529,19409,19488,19500,19513,19515
DEIKSV;19516
DEIKTT;19489,19504
DEILLL;7034
DEILLM;19517,19518
DEILLN;19519
DEILLO;15533,18110,18949,19125,19273,19464,19517,19520,19521,19522
DEILLP;7035,19523,19524
DEILLR;7036,18111,18583,18950,19126,19410,19520,19523,19526,19527,19528,19529
DEILLT;7038,19527,19531,19534
DEILLU;7039,13419,15534,18112,19127,19518,19525,19528,19532
DEILLW;19412,19519,19533,19534
DEILLY;7041,19128
DEILMN;19129,19413,19537,19538,19539
DEILMO;7043,13420,15535,19517,19540,19541,19542,19543
DEILMP;7044,13421,18113,18951,19414,19535,19540,19544,19545,19546,19547
DEILMR;18114,19541,19545
DEILMS;7045,13422,18115,18585,19130,19275,19536,19537,19542,19546,19548,19549
DEILMT;19415,19548
DEILMW;13423,19539,19547,19549,19550
DEILNN;7047,13424,18116,19131,19553,19554
DEILNO;18586,19132,19555,19556,19557,19558
DEILNR;13425,18587,18952,19478,19562
DEILNS;7049,13426,18117,18588,19134,19416,19479,19537,19553,19556,19560,19563,19564,19565
DEILNT;18589,18953,19135,19480,19557,19562,19563,19566,19567
DEILNW;18118,19138,19482,19519,19539,19564,19567
DEILOO;15537,18955,19555,19569
DEILOP;7053,13428,15538,19139,19483,19540,19570,19571,19572,19573
DEILOR;7054,13429,15539,18119,18592,19140,19484,19520,19541,19570,19574,19575,19576
DEILOS;7055,13430,15540,18120,18593,19141,19417,19485,19521,19542,19556,19569,19571,19574,19577,19578
DEILOT;18121,19277,19557,19572,19575,19579
DEILOV;19522,19577
DEILPP;7058,13432,15541,18957,19544,19559,19580,19581,19582,19583
DEILPS;7060,15542,18123,18595,19419,19524,19546,19560,19571,19581,19586,19587
DEILPX;
DEILRS;7064,13434,15545,18127,18596,19144,19279,19486,19574,19591,19592,19593,19594
DEILRT;7065,13435,18128,18597,18959,19280,19487,19527,19562,19575,19584,19595,19596,19597
DEILRV;7067,18598,19420,19529,19592,19598
DEILRW;18599,19146,19281,19576,19593,19596,19599,19600
DEILRY;7068,18600,19594,19597,19598,19599
DEILSS;7069,13437,18601,18961,19282,19530,19586,19591,19602
DEILST;7070,13438,15547,18129,18602,18962,19488,19531,19548,19563,19602,19603,19604,19605,19606
DEILSV;7072,19577,19592,19607
DEILSW;18130,19533,19549,19564,19593,19605
DEILSY;7073,18131,18603,19565,19578,19594,19606
DEILTT;13439,18964,19489,19603,19609,19610,19611,19612
DEILTU;15549,18132,18604,19147,19566,19579,19589,19595,19604,19610
DEILTW;18133,19534,19567,19596,19605,19612
DEILWY;18606,19550,19599
DEIMMN;
DEIMMR;7076,13441,19616,19617,19618,19619
DEIMMU;18135,19614,19619,19621
DEIMNO;7079,15550,18610,19151,19422,19623,19624,19625
DEIMNP;19623,19626
DEIMNR;7080,13442,18611,19624,19627,19628
DEIMNS;7081,18136,18612,19152,19286,19537,19625,19626,19627,19629,19630,19631
DEIMNT;7082,18613,19630,19632
DEIMOR;13443,15551,18139,18614,18968,19289,19541,19624,19634,19636,19638,19639,19640
DEIMOW;7085,18969,19643
DEIMPP;19544,19646
DEIMPR;7086,15554,18615,19545,19616,19636,19646,19647,19648
DEIMPU;15555,19153,19648,19649,19650
DEIMPW;19547
DEIMRS;7089,18618,19292,19492,19617,19627,19639,19651,19652,19653
DEIMRT;7090,18619,19423,19618,19647
DEIMRV;
DEIMSS;18142,18621,19154,19629,19641,19655,19656
DEIMST;7092,18143,19155,19294,19424,19548,19620,19630,19642,19655,19657,19658,19659
DEIMSU;15556,18144,19621,19649,19656,19658
DEIMTU;7095,13446,19632,19650,19658
DEINNO;19661,19662,19663,19664,19665
DEINNP;18623,19157,19662
DEINNR;7098,19158,19663,19666,19667
DEINNS;7099,18624,19159,19296,19493,19553,19664,19666,19668,19669,19670,19671
DEINNT;18625,19160,19297,19665,19668,19672,19673
DEINNU;18626,19161,19554,19622,19660,19667,19669,19672
DEINNW;19163,19670,19673
DEINNY;19164,19671
DEINOP;18145,19165,19298,19623,19662,19675,19676,19677
DEINOR;7100,13447,18146,18628,19166,19299,19465,19624,19663,19675,19679,19680,19681,19682
DEINOS;7101,15557,18147,19167,19300,19427,19494,19556,19625,19664,19676,19680,19683,19684,19685
DEINOT;15558,18148,19168,19428,19466,19557,19665,19677,19684
DEINOV;7102,19495
DEINPP;19559,19686
DEINPR;7105,13449,15561,18629,19496,19675,19687,19688
DEINPS;7106,18150,19302,19497,19560,19626,19676,19686,19687,19689,19690
DEINPT;7107,19677,19688,19689
DEINPU;19467,19561,19690,19691
DEINRS;7109,13451,15562,18632,18970,19171,19303,19431,19499,19627,19666,19680,19687,19693,19694,19695,19696
DEINRT;7110,19432,19562,19688,19693,19697,19698,19699,19700
DEINRU;7111,15563,18151,18633,18971,19172,19304,19433,19468,19628,19667,19681,19692,19694,19698,19701
DEINRV;7112,19434,19695
DEINRW;18634,19173,19435,19682,19696,19701
DEINSS;7113,18636,19175,19436,19629,19683,19702,19703,19704,19705,19706
DEINST;7114,13453,18152,18637,18973,19176,19437,19500,19563,19630,19668,19684,19689,19693,19702,19707,19708,19709
DEINSU;13454,15565,18153,18974,19177,19469,19669,19690,19694,19703,19708,19710
DEINSV;7115,18638,19438,19695,19704
DEINSW;7116,18154,18639,19178,19501,19564,19631,19670,19685,19696,19705
DEINSY;18975,19179,19439,19502,19565,19671,19706,19709
DEINSZ;15567,19503,19710
DEINTT;7117,15568,18641,19504,19697,19707
DEINTU;7118,15569,18642,19180,19566,19632,19672,19698,19708
DEINTV;7119,18643,19440
DEINTW;19181,19505,19567,19673
DEIOOR;13455,15570,19183,19306,19634,19712,19713,19714
DEIOOW;19713,19717,19720
DEIOOX;
DEIOOZ;19674,19714,19718
DEIOPP;19721,19722
DEIOPR;15571,18156,19185,19570,19636,19675,19723,19724,19725,19726
DEIOPS;7121,18157,18647,19571,19637,19676,19722,19723,19727,19728,19729
DEIOPT;7122,15572,18648,19572,19677,19724,19728,19730,19731
DEIORS;7123,13458,15573,18158,18650,19309,19441,19507,19574,19639,19680,19712,19723,19735,19736,19737,19738,19739
DEIORT;13459,15574,19187,19310,19442,19575,19724,19733,19736,19740,19741,19742
DEIORV;7124,13460,15576,18159,19443,19725,19737,19743
DEIORW;15577,18160,19576,19682,19713,19734,19738,19744
DEIORZ;13461,18161,19444,19714,19739,19742,19743
DEIOST;7127,15579,18163,18981,19311,19471,19642,19684,19716,19728,19736,19745,19746,19747,19748,19749,19750
DEIOSV;18164,18651,19313,19577,19729,19737,19747,19751
DEIOSX;7128,19315,19446,19749
DEIOTT;18166,19644,19730,19740,19745
DEIPPP;19721,19754
DEIPPR;7134,18168,19188,19449,19580,19646,19756,19757,19758
DEIPPS;19317,19509,19581,19686,19722,19757,19759,19760
DEIPPT;18652,19582,19758,19759
DEIPPY;
DEIPPZ;
DEIPQU;19755
DEIPRS;7137,13463,15580,18169,18653,19450,19687,19723,19757,19761,19762,19763,19764
DEIPRT;7138,15581,18654,19451,19584,19647,19688,19724,19758,19762
DEIPRZ;
DEIPSS;7140,18657,19586,19727,19761,19765,19766
DEIPST;15582,18658,19689,19728,19759,19762,19767,19768
DEIPSU;18171,19587,19649,19690,19760,19763,19765,19768,19769,19770
DEIPSV;19729,19766,19769
DEIPSW;
DEIPTT;19730,19767,19772
DEIPTU;19650,19768,19772
DEIPUV;18172,19769
DEIQRU;7141,18659,19510,19773,19774
DEIQSU;19191,19773
DEIQTU;18660,19589,19732,19774,19775
DEIRRS;7142,13464,18173,18661,19192,19319,19472,19511,19651,19777,19778,19779
DEIRRT;7143,18662,18983,19452,19733,19777
DEIRRU;15583,18174,19193,19320,19590,19692,19778,19780
DEIRRV;7144,18663,19779
DEIRRY;
DEIRSS;18665,19194,19512,19591,19735,19761,19781,19782
DEIRST;7145,13465,15584,18666,18984,19322,19453,19513,19693,19736,19762,19777,19781,19783,19784,19785
DEIRSU;7146,13466,15585,18175,18667,19195,19323,19514,19694,19763,19773,19778,19782,19783
DEIRSV;7147,13467,15586,18668,19324,19592,19695,19737,19779,19784
DEIRSW;18176,18669,19593,19652,19696,19738,19785
DEIRTT;7149,18985,19196,19454,19697,19740
DEIRTU;13468,18671,18986,19595,19698,19741,19774,19783
DEIRTV;7150,15587,18672,19325,19784
DEIRTW;19326,19596,19785
DEIRWY;19599
DEISSS;7152,19786,19787
DEISST;7153,13470,15588,19197,19602,19655,19702,19781,19786,19788,19789
DEISSU;13471,18177,18674,19198,19656,19703,19765,19782,19787,19788
DEISSW;19328,19705
DEISTU;7156,13472,18178,18989,19199,19604,19658,19708,19746,19768,19783,19788
DEISTV;7157,19460,19747,19784,19789
DEISTW;7158,18677,18990,19200,19330,19605,19748,19785,19790
DEISTZ;19750
DEISVW;
DEITTT;19609,19792
DEITTU;19473,19610,19772,19775
DEITTW;19612,19790,19792
DEIZZZ;19613
DEJKNU;
DEJKOO;
DEJKOU;
DEJLLO;19464
DEJLOS;19793
DEJLOT;19793
DEJLOU;
DEJLOW;
DEJMPU;
DEJOTT;
DEJSTU;19794,19796
DEJTTU;19473
DEKKNO;15592
DEKKOO;
DEKKOS;
DEKKOY;
DEKKRY;
DEKKUY;
DEKLOO;
DEKLOP;7176,19483,19803
DEKLOS;7177,19485,19801
DEKLOY;
DEKLRU;15597,19805,19806
DEKLSU;15598,19204,19797,19802,19806
DEKMOS;15599
DEKMRU;
DEKMSU;
DEKNNU;19808
DEKNOP;19803,19810,19811
DEKNOS;15601,19494,19807,19809,19813,19814,19815
DEKNOT;18693,19813,19816,19817
DEKNOY;19815,19818
DEKNOZ;
DEKNRU;7192,15602,19798,19805,19808,19820,19821,19822
DEKNSU;7195,13479,15603,19799,19819,19821,19823
DEKNSY;18694,19502,19815
DEKOOR;13480,15604,18183
DEKOOS;19809,19824,19825
DEKOOT;19825,19826
DEKOPR;19811
DEKOPS;19824,19827
DEKORS;15605,19507,19828
DEKORT;7200,15606,19828
DEKORW;19829
DEKORY;18696,19829
DEKOST;15607,19813,19825,19827,19828
DEKOSU;19830
DEKOTU;19817
DEKOUY;19818
DEKRSU;15608,18701,19514,19806,19821,19832,19833
DEKRSY;7204,19833
DEKRUY;19833
DEKSTU;19834
DEKSTY;19515
DELLLO;
DELLLU;
DELLMU;7206,19518
DELLNU;
DELLOP;19837
DELLOR;7209,13481,18185,19520,19837,19838,19839
DELLOT;19839
DELLOU;15610,18992,19335,19840
DELLPU;
DELLRU;7214,18708,19528
DELLSW;18712,19533
DELLUW;18993
DELLWY;19842
DELMNO;18714,19845
DELMOO;13483,19207,19835,19846,19847
DELMOR;7222,18715,19541,19848,19849,19850
DELMOS;7223,18994,19542,19845,19846,19849,19851,19852
DELMOT;19853,19854
DELMOU;18186,19208,19336,19850,19851,19854,19855
DELMOY;19543,19852
DELMPU;13484,15613,18187,18717,18995,19857,19858,19859
DELMRU;7227,13485,18188,18719,19850,19858
DELMSU;7230,15614,18189,18721,19337,19844,19851,19859
DELNOO;15616,18190,18996,19555,19863
DELNOR;7235,13487,18998,19864,19865,19866
DELNOS;7236,13488,18191,18999,19211,19338,19556,19845,19863,19864,19867,19868,19869,19870
DELNOT;7237,18724,19000,19557,19865,19871,19872
DELNOU;13489,15617,18192,19212,19558,19866,19868,19873
DELNOW;15618,18193,19869,19871,19874
DELNOZ;19870
DELNRU;7242,13490,18194,19001,19214,19805,19866,19875,19876,19877,19878
DELNRY;7243
DELNSY;7248,18730,19565
DELNTU;7249,13492,19566,19877
DELNUV;19568,19873
DELNUY;19880
DELOOP;13493,19217,19882,19883,19884
DELOOS;13495,18196,18732,19339,19569,19846,19863,19883,19887,19888,19889
DELOOT;18197,19003,19340,19884,19885,19888,19890
DELOOW;18198,19836,19847,19886,19889
DELOPP;15621,18733,19005,19218,19341,19882,19891,19892,19893,19894,19895
DELOPR;7252,18199,18734,19219,19570,19837,19848,19892,19896,19897,19898,19899
DELOPS;7253,18200,18735,19220,19571,19883,19893,19896,19900,19901
DELOPT;7254,19572,19884,19894,19897,19902,19903,19904
DELOPU;15622,19573,19898,19900,19903
DELOPW;19899
DELOPY;19895,19901
DELORR;19838,19905,19906
DELORS;7255,13496,15623,18738,19006,19221,19342,19574,19849,19864,19896,19907,19908,19909,19910
DELORT;7256,18201,19007,19575,19839,19865,19885,19897,19908,19911,19912
DELORU;7257,13497,15624,18739,19008,19850,19866,19898,19912,19913
DELORW;13498,15625,18202,18741,19222,19343,19576,19886,19899,19905,19909
DELORY;18742,19906,19910
DELOSS;7258,19009,19223,19344,19867,19887,19907,19914,19915
DELOST;7259,13499,15626,18203,19224,19345,19793,19888,19908,19916,19917
DELOSU;13500,15627,18743,19010,19840,19851,19868,19900,19915,19917
DELOSV;7260,19577
DELOSW;7261,13501,15628,19869,19889,19909
DELOSY;19578,19852,19901,19910,19918
DELOTT;7262,13502,15629,18204,19853,19890,19902,19911,19916
DELOTU;7263,13503,15630,19011,19225,19579,19854,19903,19912,19917,19920,19921,19922
DELOTV;18744,19921
DELOTW;18745,19871
DELOTX;
DELOVV;18746
DELOVW;18747,19841
DELOWY;15632,19874
DELOYY;19918
DELPPU;19583,19857,19923,19924
DELPRU;18205,18749,19012,19585,19858,19875,19898,19923,19925
DELPSS;19586,19926
DELPSU;7269,15633,18206,19226,19346,19587,19859,19900,19924,19925,19926,19927,19928
DELPTU;19903,19927
DELPUX;
DELRUY;15636
DELSSU;13507,19227,19350,19879,19915,19926,19933
DELSTU;7292,13508,15637,18208,18762,19351,19604,19794,19843,19917,19927,19931,19933,19934
DELSTV;
DELSTY;19606
DELUVV;
DEMMMU;19614
DEMMOS;
DEMMOT;19615
DEMMOV;18768
DEMMPU;
DEMMRY;
DEMMSU;15642,18210,19621,19844,19938
DEMMUV;
DEMNOO;19230,19352,19939,19940
DEMNOR;7306,18770,19624,19939,19941,19942,19943,19944
DEMNOS;7307,18211,19625,19845,19941,19945,19946
DEMNOU;13512,18213,18772,19943,19946,19947,19948
DEMNTU;7317,18777,19632,19947,19949
DEMOOP;19950,19951,19952
DEMOOR;13514,19231,19634,19939,19951,19953,19954,19955
DEMOOS;13515,15645,19232,19635,19846,19952,19953,19956,19957
DEMOOT;19954,19957,19958,19959
DEMOOV;7318,19955
DEMOOZ;
DEMOPP;19950
DEMOPR;19355,19636,19848,19951,19960
DEMOPS;7319,19637,19952,19961
DEMOPU;
DEMOPY;
DEMORR;7320,19638,19962,19963
DEMORS;7321,13516,15647,18214,18779,19017,19639,19849,19941,19953,19962,19964,19965
DEMORU;15648,19357,19640,19850,19943,19963
DEMORW;19965
DEMOSS;18782,19641,19956,19966
DEMOST;18783,19358,19642,19945,19957,19961,19964,19967,19968,19969
DEMOSU;19851,19946,19966,19968
DEMOSW;7323,19643,19965
DEMOTT;19644,19853,19958,19967
DEMPPU;19857
DEMPRU;15649,19018,19233,19648,19858,19970,19971
DEMPSU;18786,19649,19859,19970,19972
DEMPTU;19360,19650,19971,19972
DEMPUY;
DEMRRU;7331,18788,19937,19963,19973
DEMRSU;7333,18215,18789,19234,19970,19973
DEMSSU;7337,19235,19362,19656,19966
DEMSTU;13517,19658,19938,19949,19968,19972,19974
DEMSTY;19659,19969
DEMUZZ;19861
DENNOO;15650,19661
DENNOS;18792,19664,19807,19977
DENNOT;15651,18793,19665,19975,19977,19978
DENNOU;13518,19236,19976,19978,19979,19980
DENNOW;19979
DENNPU;
DENNRU;18797,19667,19808,19976,19981
DENNSU;7343,13519,19363,19669,19981,19982,19983
DENNTU;19672,19978,19983,19984
DENOOS;15654,18218,19237,19809,19863,19985,19986,19987,19988,19989
DENOOW;19365,19940,19988,19991
DENOOZ;7348,19674,19989
DENOPR;7349,18802,19238,19675,19811,19992,19994,19995,19996,19997,19998
DENORR;7352,13520,19679,20002,20003,20004
DENORS;13521,15656,18222,18805,19367,19680,19864,19941,19994,20002,20005,20006,20007,20008,20009,20010
DENORT;7353,18223,18806,19020,19368,19865,19942,19975,19995,20006
DENORU;7354,13522,15657,18224,19021,19240,19369,19681,19866,19943,19976,19996,20003,20007,20011
DENORV;19997,20008
DENORW;13523,15658,18225,18807,19022,19241,19682,20004,20009,20011
DENORY;19944,19998,20010
DENOSS;15659,18226,19683,19867,19986,20005
DENOST;7355,13525,15660,18809,19023,19684,19813,19945,19977,19987,20006,20012,20013
DENOSU;7356,13526,18227,19024,19370,19868,19946,19999,20007,20013,20014
DENOSV;20008
DENOSW;18228,19685,19814,19869,19988,20009,20014
DENOSY;7357,13527,15661,18229,19371,19815,20010
DENOSZ;19870,19989
DENOTU;15662,19242,19817,19947,19978,19990,20013
DENOTW;19871
DENOUW;13528,18230,19979,19991,20011,20014
DENPRU;7366,19025,19875,19996,20015,20016
DENPSS;20017
DENPSU;18231,19690,19819,19999,20015,20017
DENPSY;7371
DENPTU;7372,20016
DENRST;7379,18817,19693,20006,20020
DENRSU;7380,13530,18232,18818,19026,19243,19373,19694,19821,19876,19981,20007,20015,20018,20020,20021
DENRSY;20010,20019
DENRTU;7384,13531,18821,19244,19374,19698,19822,19877,20016,20020
DENRTY;7387,19700
DENRUU;15664,19245,19878,20021
DENRUW;19701,20011
DENRUY;7388,15665
DENSST;18823,19702,20022
DENSTU;7394,13533,18234,18827,19377,19708,19949,19983,20013,20020,20024
DENSTY;7396,19709,20022
DENSUU;19027,20021
DENSUV;7397,18829
DENSUW;7398,18830,20014,20023
DENTTU;7401,20024
DEOOPP;15666,19882,19950,20026
DEOOPR;18235,19028,19951,20027,20028
DEOOPS;15667,19029,19824,19883,19952,19985,20026,20027,20029,20030,20031
DEOOPT;15668,19380,19884,20028,20029
DEOOPX;20031
DEOORS;7406,13536,19030,19712,19953,20027,20033,20034
DEOORT;7407,19031,19885,19954,20028,20032,20033,20035,20036
DEOORV;15670,19248,19955
DEOORZ;19714,20034
DEOOSS;19715,19887,19956,19986
DEOOST;13538,15671,19249,19382,19716,19825,19888,19957,19987,20029,20033,20037,20038,20039
DEOOSX;20031
DEOOTT;19384,19890,19958,20037
DEOPPP;19721,19891,20040
DEOPPR;15673,18239,19892,19992,20040,20042,20043
DEOPPS;7408,19386,19722,19893,20026,20043,20044,20045
DEOPPT;19894,20044
DEOPPU;19993,20041
DEOPPW;19387,20045
DEOPRR;7410,18240,18834,20042,20046,20047
DEOPRS;13540,15674,18835,19723,19896,19994,20027,20043,20046,20048,20049,20050
DEOPRT;7411,13541,19724,19897,19960,19995,20028,20048,20051
DEOPRU;15675,19250,19898,19996,20047,20049,20051
DEOPRV;7412,19725,19997
DEOPRW;18241,18836,19899,20050,20052
DEOPRY;19998,20052
DEOPSS;7413,18837,19727,20053,20054
DEOPST;7414,13542,19728,19827,19961,20029,20044,20048,20053,20055,20056
DEOPSU;15676,19900,19999,20049,20054,20056
DEOPSW;15677,20030,20045,20050
DEOPSY;19901
DEOPTT;19730,19902,20055,20057
DEOPTU;18839,19903,20051,20056,20058
DEOPUV;20058
DEOQTU;15678,19732,20059
DEORRS;7415,13543,15679,18842,19251,19962,20002,20046,20060,20061,20062,20063,20064
DEORRT;19733,20032,20061
DEORRU;13544,19963,20003,20047,20062
DEORRV;18843,20063,20065
DEORRW;7416,15680,19734,19905,20004,20064
DEORSS;7418,13545,15681,19252,19388,19735,19907,20005,20060,20066,20067,20068
DEORST;7419,13546,18844,19033,19253,19389,19736,19828,19908,19964,20006,20033,20048,20061,20069,20070,20071,20072
DEORSU;7420,13547,15682,19254,20007,20049,20062,20067,20070,20073
DEORSV;7421,18845,19390,19737,20008,20063,20073,20074
DEORSW;7422,13548,15683,18242,18846,19391,19738,19909,19965,20009,20050,20064,20068,20071
DEORSZ;19739,20034
DEORTT;7423,18848,19393,19740,19911,20069,20075,20076
DEORTU;7424,13549,15684,19034,19255,19741,19912,20035,20051,20059,20070,20076,20077,20078
DEORTW;18850,19394,20036,20071,20078
DEORTX;18851
DEORUV;13550,18853,19913,20073
DEORVY;18854,20065,20074
DEORWY;7425,19829,20052
DEOSSS;19914,20066,20079
DEOSST;19256,20053,20080
DEOSSU;15686,19830,19915,19966,20054,20067
DEOSSW;20068,20079,20080
DEOSTT;7427,19395,19745,19916,19967,20012,20037,20055,20069,20082,20083,20084
DEOSTU;15687,19257,19396,19746,19796,19917,19968,20013,20038,20056,20070,20083,20085,20086
DEOSTV;18856,19747
DEOSTW;19258,19397,19748,20071,20080,20084
DEOSUX;20086
DEOSXY;
DEOTTT;20075,20082
DEOTTU;7428,20076,20083,20087
DEOTTW;20084
DEOTUV;19752,19921,20058
DEOTUX;20086
DEOTUZ;19922
DEOTWZ;
DEPPPU;19754
DEPPSU;18861,19760,19924
DEPPTU;7435
DEPRRU;18863,20047,20088,20089
DEPRRY;7438,20089
DEPRSS;7439,18243,18864,19761
DEPRSU;15690,18244,18866,19763,19832,19925,19970,20015,20049,20088,20090,20091,20092
DEPRSY;7441,19764,20092
DEPRUU;20091
DEPRUW;
DEPRUY;20089,20092
DEPSSU;19765,19926,20017,20054
DEPSTU;7445,13551,18870,19768,19927,19972,20056,20090
DEPSUY;19928,20092
DEPTTU;19400,19772
DEPTUY;
DEPTUZ;
DEQTUY;
DERRSY;7452
DERRUY;20089
DERSSU;7453,13553,18246,18876,19782,20018,20067,20094,20095
DERSSY;20019
DERSTU;13554,15693,19260,19783,19931,20020,20070,20090,20093,20095,20096,20098,20099
DERSTY;7458,18880,20072,20097,20099
DERSUU;13555,20021,20091,20098
DERTTU;18882,19932,20076,20096
DESSSU;19787,20094
DESTTU;7464,19934,19974,20024,20083,20096
DESTTY;20097
DESTUV;7466
DETTTU;
DETTUU;
DFGGOO;20109
DFGIIR;
DFGILU;
DFGOOX;
DFIINY;20112
DFIIRT;20103
DFIKRU;20121
DFILNO;20113,20126,20127
DFILNU;18954,20124
DFILOR;20128,20129
DFILSU;18963,20119,20132
DFILUV;
DFIMOY;
DFINSU;18974
DFIORS;7491,13565,20136
DFIRST;18984
DFIRTY;
DFJORS;
DFLNOU;20142
DFLNOY;
DFLOOS;
DFLOPU;20147
DFNNOU;20150
DFNORS;
DFNOSU;19024,20142
DFNSUU;19027
DFOORX;20152
DFOOSU;
DGGNOU;19076,20167
DGGRUY;
DGHIIN;15703,20169,20170
DGHINY;20172
DGHIST;19098
DGHOOP;20182
DGHOOT;20183
DGHOSU;19106
DGHOTU;19107,20185,20186
DGHOUY;20186
DGIIKN;15705,18251,20187,20188,20189,20190
DGIILN;7531,18252,19110,20156,20169,20187,20191,20192,20193,20194,20195,20196,20197
DGIILR;20194,20198,20199
DGIINN;7534,13569,19113,20111,20157,20188,20201,20205,20206,20207,20208,20209,20210
DGIINO;7535,15706,20193,20211,20212,20213,20214
DGIINP;20215,20216,20217,20218
DGIINR;7536,13570,18254,19114,20158,20189,20194,20206,20216,20219,20220,20221,20222
DGIINS;7537,13571,15707,19115,20170,20190,20195,20202,20207,20211,20217,20219,20223,20224,20225
DGIINT;15708,19116,20208,20220,20224,20226,20227
DGIINV;20212,20221,20225,20228
DGIIRS;19119,20198,20219
DGIIST;20224
DGIJOU;20230
DGIKNU;15710,20232,20236,20237
DGIKNY;20233
DGILNO;7546,13574,15711,19132,20113,20161,20171,20193,20238,20241,20242,20243
DGILNU;7549,19136,20239,20244
DGILOT;7552,20247
DGILSU;7555,20244
DGIMNO;18255,19151,20162,20231,20241,20250
DGIMOO;20250
DGIMTU;20253
DGINNO;13577,15712,18257,20114,20164,20254,20256,20257,20258,20259,20260
DGINOP;18258,19165,20256,20267,20268
DGINOR;7565,15714,18259,19166,20116,20176,20242,20257,20269,20270,20271,20272,20273
DGINOS;7566,13579,15715,18260,19167,20211,20235,20258,20268,20270,20274,20275,20276,20277,20278
DGINOT;7567,18261,19168,20271,20275,20279,20280
DGINOU;20117,20236,20259,20276,20280
DGINOV;20212,20272
DGINOW;19169,20213,20260,20266,20273,20277
DGINOX;20214
DGINOZ;20278
DGINPU;18262,20218,20251,20281,20282
DGINRS;7572,19171,20219,20270,20283,20284
DGINRU;7574,15716,18263,19172,20261,20283
DGINRY;7576,19174,20166,20222,20284
DGINSU;7578,19177,20177,20237,20244,20276,20282,20283,20285,20286
DGINSY;19179,20262,20284
DGIOTW;20288
DGIOYZ;
DGIPRU;7584,19189,20289
DGIRTU;
DGKLUY;19205
DGLNOP;19210
DGLOOS;20295,20296
DGLOOU;20296
DGLOOY;
DGLSUY;
DGMSUY;
DGNOOR;7599,20181,20305,20306
DGNOOS;7600,19237,20306,20307,20308
DGNOOW;20266,20308,20309
DGNORU;7603,19240,20292,20303,20310
DGNOSU;20167,20276,20310,20311
DGOORS;20306
DGORSU;13586,19254,20310,20314
DGORUY;
DGOSTY;
DGOTUU;20315
DHIIMM;20320
DHIIPS;19269,20322,20327
DHIISW;20319
DHIKRS;7628,19271,20328
DHILOS;7633,15727,20173,20330,20335,20336
DHILPU;20337
DHIMOS;19290,20341,20343
DHINSY;20352
DHIOOT;19308,20354
DHIOPY;20349,20355,20356
DHIORR;
DHIOST;7646,19311,20326,20335,20354
DHIOSV;19313
DHIOSY;20355
DHIRST;19322
DHIRSU;19323,20345,20351,20359
DHIRSY;13590,18273,20360
DHISTU;20353
DHISTW;19330
DHLLOS;20330
DHLOOY;
DHLOPU;20366
DHLOSU;20336,20366
DHNOOU;20369,20371
DHNOSU;7667,19370,20371
DHOOOO;20372
DHOORS;7675,20374,20375
DHOORT;20374
DHOOSY;
DHORSU;7680,20375,20376,20378,20379,20380
DHORSW;19391,20357
DHORSY;20363,20377,20380
DHORTU;20185,20379,20381
DHOSSW;7681
DHOSVZ;
DIIJNN;
DIIKLT;20390
DIILLS;7691,19411,20392
DIILMP;19414
DIILOP;15744,18278,20403
DIILOS;7695,13597,19417,20396,20403,20404
DIILPS;19419,20403
DIILQU;20405,20406
DIILST;7698,20390,20392,20397,20404,20409,20410
DIILTY;20398,20408,20410
DIIMNU;20414
DIIMOS;7703,15745,20204,20383,20396,20415,20416
DIIMOU;
DIIMRS;7705,13599,20415
DIIMTW;20418
DIIMTY;20398
DIINNW;20210,20421
DIINOS;19427,20211,20387,20423,20425
DIINOX;20214,20425
DIINRS;19431,20219,20423,20426
DIINRT;19432,20220,20424,20426
DIIOOP;20427
DIIORV;19443,20429
DIIOST;20326,20404,20431
DIIOTT;
DIIOTV;20431
DIISTX;20432
DIITTT;
DIJMSU;20434
DIJNNS;
DIJNNY;
DIKKLU;20436
DIKKOP;20437
DIKLNY;7724
DIKLTU;20439
DIKMNU;20441
DIKNNU;15760,20232,20443
DIKNRS;7734,19499
DIKOOS;18282,20447
DILLMY;
DILLRS;
DILLSY;7747,20450,20451
DILLVY;7749,20393
DILLWY;
DILMOR;19541,20455
DILMOU;7757,20458
DILMPY;20460
DILNNU;13605,19554,20399,20462
DILNOO;19555,20463
DILNOP;20126,20334,20464,20465
DILNOS;7765,15767,19556,20127,20463,20464,20468
DILNSU;7771,20244,20462,20468,20471,20473
DILNTU;19566,20473
DILOPU;19573,20474
DILOPY;20246
DILORS;19574,20455
DILOSS;20456,20477,20478
DILOST;20247,20335,20404,20457,20479,20480
DILOTU;7777,15768,19579,20474,20475,20479
DILOXY;20470
DILOYZ;
DIMNOO;15771,20250,20485,20488
DIMNOR;19624,20413,20490
DIMNSU;15772,20414,20441,20493
DIMOOR;15773,19634
DIMOPU;20489,20494
DIMOSS;15775,19641,20343,20416,20456,20496,20497,20498
DIMOST;7797,19642,20457,20484,20496,20499
DIMOSU;15776,20458,20494,20497,20499
DIMOSW;19643,20495,20498
DIMOSY;7798,18290,20459
DIMOTU;20499
DIMOXY;
DIMOYZ;
DIMPSY;
DIMRSU;7803,18291,20345
DIMSST;7808,19655,20496
DIMSSY;7810
DINNOS;19664,20258,20346,20442,20486,20506
DINNUW;20264,20507,20508
DINOOR;13617,20502,20509,20510
DINOOZ;19674,20512
DINOPS;19676,20268,20348,20464,20513
DINOPU;20489,20513
DINORS;7826,19680,20270,20350,20423,20490,20509,20514
DINORU;19681,20514,20515
DINOSW;19685,20277,20517,20518
DINOWW;20516,20518,20520
DINPTU;20521
DINPUW;19691,20522
DINRSU;7835,13622,19694,20283,20351,20514,20523
DINSTU;7839,13623,15784,19708,20286,20353,20473,20521,20524
DINTUY;
DIOOPP;20525
DIOOPS;20427,20525,20526,20527
DIOORT;20446,20510,20528,20529
DIOOST;13626,19716,20354,20511,20528,20530
DIOOSU;
DIOOSV;
DIOOSZ;19718,20512
DIOOTX;20530
DIOPRT;7846,19724,20531,20532
DIOPSS;15787,19727,20527,20533
DIORRT;19733,20534
DIORST;7849,19736,20528,20531,20534,20535
DIOSST;15789,20496,20533,20536
DIOSTT;15790,19745,20535
DIOSTU;7853,13629,19746,20435,20479,20499,20536
DIOSTV;19747,20431
DIOSWW;20518
DIPPRY;
DIPRTU;20538
DIPSTU;19768,20521,20538,20539
DIQSSU;
DIRSSU;7861,18296,19782,20523,20540
DIRSTU;13631,19783,20538,20540,20541
DIRSUZ;
DJLMOY;
DJLOSS;
DJNNOO;20542
DKLSUY;20440
DKNOOP;20544
DKNOOS;19809,20544
DKNOPU;20545
DKNOSY;19815
DKNRSU;19821
DKOOOO;20546
DKOORS;
DKORSU;
DKORSY;20363
DKOSUU;20548
DKSUUZ;
DLLOOP;20549
DLLORS;7893
DLLORY;20550
DLLOUY;
DLMNOU;20552,20553
DLMOOU;20140,20364
DLMOSU;19851,20458,20552,20554
DLMOUY;
DLMRUY;
DLNORU;7909,19866,20292,20556,20558,20559
DLNOSU;7912,19868,20142,20468,20552,20558,20560
DLNOSW;19869
DLNOTU;7915
DLNUUY;
DLOOPS;19883,20549,20563,20564
DLOOPZ;20564
DLOORS;20569
DLOORU;20143,20569
DLOORY;
DLOOSW;19889
DLOPSU;7924,19900,20147,20366
DLORSW;19909
DLORTY;20573
DLORUY;20559,20572
DLOSSY;
DLOSUW;20574
DLSTUY;20483
DMMRUU;20367,20576
DMMRUY;
DMNOOR;7933,18299,19939,20578
DMNOOS;15808,20488,20578
DMNOOY;20551
DMNOSU;7941,19946,20552,20580
DMOORS;19953,20578
DMOOSS;13637,19956
DMOOSU;
DMOOSY;
DMORSU;7949
DMOSUU;20554
DMRSUU;18300,20576
DNNOOT;7954,20503,20584
DNNTUU;19984,20590,20591
DNOORS;7964,15813,20306,20509,20578
DNOOSS;13642,19986,20307
DNOOST;19987,20511,20584
DNOOSU;20371,20593
DNOOUV;20593,20595
DNOPSU;19999,20513,20545
DNOPSW;
DNORST;20006,20599,20600
DNORSU;15814,20007,20310,20514,20558,20600
DNORSW;7974,18301,20009
DNORTU;7975,13645,20515,20592,20600
DNOSST;20599,20601,20602
DNOSSU;7978,20311,20580,20601,20603
DNOSSW;20517,20602,20603,20604
DNOSSY;
DNOSTU;7980,13647,20013,20600,20601
DNOSTW;20602
DNOSUV;20593
DNOSUW;20014,20588,20603
DNOSUZ;
DNOSWW;20518,20604
DNOUWY;
DNRSUY;
DOOOOV;20605
DOOOPW;20606
DOOPRS;7989,20027,20526,20610,20611
DOOPRU;20373,20610,20612
DOOPRY;20611
DOORRS;20614
DOORSU;20375,20569,20607,20610
DOOSUV;7996,20593,20616
DOOSWY;
DOOUUV;20595,20616
DOPRSS;
DOPRSU;20049,20314,20376,20610
DOPRSY;20377,20611
DORSSU;20067,20378,20617
DORSSW;20068
DORSSY;
DORSTU;20070,20379,20600,20617
DORSUY;20380,20618
DORSWY;8002,13650
DORUVY;20618,20619
DPSTUU;20620
DRSTUY;20099,20541
DRSUYY;
EEEEPT;20624
EEEEPV;20625
EEEEPW;20626
EEEETV;20627
EEEEWW;18305,20628
EEEFFR;18306,20630,20631
EEEFFT;
EEEFIR;13655,20635,20636
EEEFLR;8009,13656,15829,18307,20637,20638,20639
EEEFNR;15831,18309,20641,20642,20643
EEEFRR;20621,20635,20637,20645,20646
EEEFRZ;20646,20647
EEEFSS;20640
EEEFSZ;20647
EEEGLS;20651
EEEGMR;18318,20653,20661,20662
EEEGNP;18319,20654,20664,20665
EEEGNR;13661,15832,18320,20655,20664,20666,20667,20668,20669
EEEGRS;15834,18322,20662,20667,20673,20674,20675
EEEGRT;8017,18323,20672,20674
EEEGRZ;20675
EEEGTV;
EEEHIZ;20680
EEEHLR;20685,20686
EEEHLT;20687
EEEHNT;20689
EEEHNX;20690
EEEHPR;15840,20692
EEEHPS;13665,18330,20683,20692,20693,20694
EEEHPZ;18332,20694
EEEHST;18334,20687,20689,20696,20699,20701
EEEHSV;20700
EEEHSZ;20680,20694,20702
EEEHTT;18335,20697,20701
EEEHWZ;18336,20688,20698,20702
EEEIJL;18337,20703
EEEIKL;13666,20704,20705,20706
EEEIKR;20649,20707
EEEILN;8019,13668,20650,20708,20709
EEEILR;20710,20711,20712
EEEILS;20651,20703,20705,20708,20711,20713
EEEIMM;20714
EEEINW;20723,20724,20725
EEEIPR;15845,20656,20717,20726,20727,20728
EEEIPW;20728,20731
EEEIRR;13670,18341,20635,20707,20710,20726,20732,20733
EEEJRR;18347,20742
EEEJST;20743
EEEKKR;20744
EEEKLR;20657,20747,20751
EEEKLU;20745
EEEKMN;20746,20752
EEEKMR;
EEEKNR;20747,20755
EEEKNT;20754,20756
EEEKPR;20758
EEEKRR;20707,20759
EEEKRS;18353,20744,20751,20755,20758,20759,20760,20761
EEEKSV;
EEEKSW;
EEELLT;
EEELMS;18357,20766
EEELMX;20765,20766
EEELNS;18359,20708,20748,20767,20768
EEELNV;20768
EEELPR;13675,20769,20770,20771
EEELPS;18360,20683,20769,20772
EEELRR;20637,20710,20774,20775
EEELRV;13677,18363,20712,20762,20775,20776,20777
EEELSS;20640,20778,20779,20780,20781
EEELSV;15853,18365,20768,20776,20780
EEELTY;20784
EEEMMS;20714,20786
EEEMNR;18370,20641,20763,20787
EEEMNT;20716,20764,20789
EEEMRS;13680,18373,20662,20718,20787,20793,20794
EEEMRT;18374,20719,20790,20792,20794,20795
EEEMSS;13681,20786,20788,20793,20796
EEEMST;13682,18375,20753,20789,20794,20796,20797,20798
EEEMSX;20766
EEEMTU;20798
EEENNV;20801
EEENPS;18377,20665,20807,20808,20809,20810
EEENRS;15856,18379,20642,20667,20721,20755,20787,20812,20816,20817,20818,20819
EEENRT;18380,20722,20800,20805,20813,20817,20820,20821,20822
EEENRV;18381,20643,20669,20806,20814,20818,20820,20823
EEENSS;15857,20670,20788,20807,20816,20824
EEENST;18384,20689,20756,20767,20789,20808,20817,20825,20826,20827
EEENSV;18385,20768,20801,20818,20825,20828
EEENSZ;18387,20819,20824
EEENTT;18388,20623,20671,20802
EEENTW;13684,20725,20821,20826
EEENVW;20828
EEEOPP;20830,20831
EEEPPR;20835
EEEPPS;20830,20835
EEEPRV;18396,20806,20838
EEEPRW;20728,20839
EEEPST;18398,20624,20729,20772,20808,20837
EEEPSV;20625,20838
EEEPSW;13686,20626,20731,20809,20839
EEERRT;15859,20672,20732,20813,20844
EEERRV;18402,20733,20775,20814,20843,20845
EEERSS;13687,15860,18403,20673,20760,20793,20816,20836,20846,20847
EEERSV;15863,18405,20735,20776,20818,20832,20838,20845,20849,20851,20853
EEERTT;20697,20848,20854
EEERTW;18409,20821,20850,20854,20855
EEERVW;8023,20853
EEESTT;20701,20797,20848,20856,20858
EEESTV;18413,20627,20825,20849,20857
EEESTW;18414,20737,20826,20850,20858,20859
EEETWZ;18417,20855,20859
EEFFIO;
EEFFIR;20864
EEFFKL;20865
EEFFOT;20868
EEFFSU;18422,20869,20870
EEFGIN;13690,18424,20871,20873,20874,20875
EEFGIT;13691,20872,20877,20878
EEFGRU;18427,20632,20884
EEFHIR;15870,20885,20886
EEFHOR;20893,20894
EEFHRT;8034,15873,20886,20893,20898
EEFIIR;18431,20900,20901
EEFILN;18433,20871,20905,20906
EEFILR;8035,13692,18434,20907,20908,20909,20910,20911
EEFILS;13693,18435,20903,20906,20910,20912,20913
EEFILT;18436,20872,20911,20913,20914
EEFINR;18438,20873,20916,20918,20920,20921,20922
EEFIPR;20908,20925,20926
EEFIRR;13696,15876,18442,20635,20876,20900,20909,20920,20925,20927,20928
EEFIRS;8037,13697,18443,20636,20864,20885,20901,20910,20921,20926,20927,20929,20930,20931,20932
EEFIRZ;18447,20932
EEFKLS;20865
EEFLLO;20934
EEFLLR;20935,20936
EEFLMS;8042
EEFLNN;20940,20941
EEFLNS;18450,20889,20906,20941,20942,20943,20944
EEFLRR;20637,20909,20949,20950
EEFLRS;20638,20890,20910,20935,20943,20947,20949,20951,20952
EEFLRT;8043,15879,20639,20911,20951,20953,20954
EEFLRU;8044,18454,20936,20950,20952,20954,20955
EEFLRW;8045
EEFLRX;20955
EEFLRY;8046,18455
EEFLST;20913,20937,20951,20956
EEFLSX;
EEFLTT;18457,20953,20956
EEFLUY;20957
EEFMMS;
EEFMNN;
EEFMNO;20958
EEFMOR;18458,20958,20961
EEFMTW;20964
EEFNNR;20918,20966
EEFNRS;15883,18459,20642,20892,20921,20943,20966,20970,20971
EEFNRU;13699,18460,20971
EEFPRR;20925,20979
EEFPRT;15884
EEFPTY;
EEFRRS;8055,20645,20895,20927,20949,20979,20981,20982
EEFRRT;8056,20928,20981,20983,20984,20985
EEFRST;8057,13701,15885,20898,20930,20951,20981,20986,20988,20989,20990
EEFRSU;18464,20884,20952,20971,20980,20982,20987,20989
EEFRSV;
EEFRSY;
EEFRTT;18466,20953,20983,20988
EEFRTU;8058,18467,20954,20984,20989
EEFRTW;20990
EEFRTY;20985
EEFSSS;
EEFSSU;15886,18468,20869,20987,20991
EEFSTT;8060,18469,20956,20988
EEFSTW;20964,20990
EEFSTY;
EEFSUZ;18470
EEFSZZ;
EEGGGI;20992
EEGGIL;20995,20996,20997,20998
EEGGIN;20996,20999
EEGGIR;20997,20999,21000,21002,21003
EEGGIV;21003,21005
EEGGKR;21006
EEGGLR;8062,20993,20997,21007
EEGGLS;8063,18472,20998,21007,21008
EEGGMU;21010
EEGGRS;8068,21002,21006,21007
EEGGRY;
EEGGSV;21005
EEGHNS;
EEGHNU;21026,21028
EEGHNW;8074,20648
EEGHSS;18478,21032
EEGIJN;21035,21036,21037
EEGILN;8078,18482,20650,20871,20996,21019,21035,21041,21050,21051,21052,21053
EEGILR;13706,18483,20997,21051,21056,21057
EEGILS;13707,18484,20651,20998,21049,21052,21054,21055,21056,21058
EEGILT;8080,20872,21053,21058
EEGIMR;8082,13709,20653,21059,21060,21064,21065
EEGINN;13710,18487,21044,21066,21067,21068,21069,21070,21071,21072,21073
EEGINP;8083,13711,20654,21036,21045,21050,21066,21074,21076,21077,21078,21079,21080
EEGINS;8085,13713,18489,20874,21047,21052,21061,21068,21075,21078,21081,21084,21085
EEGINT;13714,15891,21021,21048,21053,21062,21069,21082,21086,21087,21088
EEGINW;18491,21072,21080,21085,21087
EEGINY;18492,21022
EEGIRS;15893,18494,21002,21034,21056,21065,21081,21093,21094
EEGIRV;18495,21003,21057,21083,21092,21094
EEGISS;8091,21084,21093
EEGISV;21005,21094,21097
EEGKLR;20657,21098
EEGKLS;21098
EEGLLN;21101
EEGLLT;21103
EEGLMN;8098,20659
EEGLMS;21106
EEGLMU;18502,21104,21106
EEGLNN;21107
EEGLNR;8101,21051,21108,21112,21113
EEGLNT;8102,15897,18504,20660,21053,21109,21112,21114
EEGLNU;8103,21026,21110,21115
EEGLOS;20881,21054,21116
EEGLRS;8109,18509,21007,21056,21098,21119,21120
EEGLRT;21112,21119,21121,21122
EEGLRU;8110,18510,21118,21120
EEGLST;8115,21058,21103,21114,21119
EEGLTY;21122
EEGMMN;
EEGMNO;13719,21027,21124
EEGMNR;8122,21060,21125
EEGMNS;8123,21061,21124,21125,21126,21127
EEGMNT;8124,21062,21126,21128
EEGMNU;18514,21028,21127,21128
EEGMOT;21129
EEGMRR;8126,20661,21064,21130
EEGMRS;8127,18515,20662,21065,21125,21130
EEGNNT;21069,21134
EEGNOP;8134,21074,21135,21136
EEGNOR;15899,18519,21012,21099,21108,21135,21137
EEGNOX;21138
EEGNRS;8136,13723,18520,20667,21081,21125,21137,21140,21141,21142,21143
EEGNRT;8137,21029,21082,21112,21141
EEGNRV;8139,20669,21083,21142
EEGNRY;15902,21030,21113,21143
EEGNST;8141,21114,21126,21134,21141,21145
EEGNSV;8142,21142
EEGNSW;21085
EEGOOS;18522,21146
EEGOSY;18525
EEGPRS;8149,21151
EEGPRU;8150,21017,21151,21152
EEGRRS;8152,21130,21153,21154,21155,21156
EEGRRT;8153,20672,21154
EEGRRU;8154,18527,21118,21155,21157
EEGRRV;21092,21156
EEGRRW;8155
EEGRRY;21157
EEGRSS;8156,20673,21093,21140,21153,21158,21159,21160
EEGRST;8157,20674,21119,21141,21154,21158,21161,21162,21163
EEGRSV;8158,21094,21142,21156
EEGRSX;
EEGRSY;21143,21160,21163
EEGRTT;21095,21161
EEGRXY;
EEGSSS;21032,21149,21164
EEGSST;21158
EEGSSU;18529,21144,21159,21164
EEGSTY;21163
EEHHRT;8165,21166,21167
EEHHSS;8166
EEHHSW;8168,15906,21168
EEHIIN;21169
EEHIMP;21183,21184,21185
EEHINR;8169,15913,18534,21020,21187,21190,21191,21192,21193,21194
EEHINT;21021,21174,21193,21195
EEHIRR;13732,18535,21191,21201
EEHIRS;20885,21177,21186,21192,21196,21201,21202,21203,21204
EEHIRT;15918,18536,20886,21193,21198,21203,21205
EEHIST;8172,13733,15922,18537,21179,21195,21203,21207,21208,21209
EEHITT;21200,21208
EEHITV;18538,21209
EEHKLS;15926,21211
EEHKRS;21025,21213
EEHKSS;21211,21213
EEHKST;15929
EEHLLR;21172,21218,21219
EEHLMR;21221,21222
EEHLMT;21222,21223
EEHLNU;15932,18543,21026,21224
EEHLNY;21225
EEHLPR;21227,21228
EEHLQS;21230
EEHLSS;8187,15937,20891,21211,21229,21230,21235,21236,21237
EEHLST;8188,13736,15938,20687,21179,21223,21231,21238,21239
EEHLSV;18546,21232,21236,21239
EEHLSW;8189,15939,18547,21233,21237
EEHLWY;
EEHMMR;21240
EEHMMS;21181,21240
EEHMNP;21243
EEHMNS;18549,21242,21244,21247
EEHMNT;8193
EEHMOR;18550,21248,21249
EEHMPT;21185,21250
EEHMRS;8194,15941,21186,21221,21240,21248,21251,21252
EEHMRT;8195,15942,21222,21249,21252
EEHMSS;15943,21247,21251,21254
EEHMST;8196,21223,21250,21252,21254
EEHMUV;21255
EEHMUX;18552,21253,21256
EEHNNR;21187,21258,21259
EEHNOR;21190,21260,21262,21263,21264
EEHNOT;21261,21263
EEHNOX;21265
EEHNPS;8198,21266,21267
EEHNPW;21267
EEHNRS;8200,18555,20892,21192,21258,21262,21268
EEHNRT;8201,21029,21193,21263,21268
EEHNSS;21247,21266,21269
EEHNSW;15950,21267,21273
EEHNSY;20691,21225,21272
EEHNTY;21272
EEHNWW;21273
EEHOPS;13741,21277,21278
EEHORS;13742,15953,18557,21196,21248,21262,21280,21281,21282,21283
EEHORT;15954,18558,20893,21249,21263,21281,21284,21285
EEHOSX;21265,21288
EEHOTW;21285,21289
EEHPPR;
EEHPRS;8206,15957,18561,20692,21227,21293,21294
EEHPRT;8207,21198,21228,21294,21295
EEHPSS;8208,20693,21229,21266,21277,21293
EEHPSW;21267
EEHPSY;
EEHQTU;21296
EEHRSS;8212,18563,20897,21202,21213,21251,21280,21293,21299,21300
EEHRST;8213,13747,15962,20696,20898,21203,21231,21252,21268,21281,21294,21301,21302,21303
EEHRSU;15963,18564,21282,21299
EEHRSW;8215,13748,15965,18565,21233,21283,21297,21300,21302,21304
EEHRSX;
EEHRSY;15966,21234
EEHRTT;8216,20697,21166,21284,21301,21305
EEHRTW;8218,18566,21167,21205,21285,21298,21302,21305
EEHRVW;21286,21304,21306
EEHSSS;15969,21032
EEHSST;8219,13751,20699,21207,21254,21269,21287
EEHSTT;20701,21208,21238,21301
EEHSTW;15972,21168,21289,21302
EEHSTY;13752,21272,21290,21307
EEHWYY;
EEHWYZ;
EEIIKK;21308
EEIIKR;21309
EEIILM;21310
EEIIMN;20899,21312
EEIINN;21317
EEIINW;15975,21321
EEIJNN;21334
EEIJSS;21337
EEIJST;21338
EEIJSW;
EEIKKT;21340
EEIKLM;21040
EEIKLP;8224,21042,21342,21346,21347
EEIKLS;20705,21341,21346,21348,21349
EEIKLT;8226,15978,21328,21343,21345,21347,21349
EEIKNR;18580,21046,21355,21356
EEIKPW;21361
EEIKRS;21309,21330,21355,21360,21362,21363,21364
EEIKSS;15981,21348,21357,21366
EEIKSV;8230
EEILLN;21370
EEILLR;8231,13756,18583,21172,21372,21373,21374,21375
EEILLS;13757,18584,20903,21049,21331,21341,21370,21371,21372,21376,21377,21378,21379
EEILLV;13758,21374,21378
EEILLW;21379
EEILMR;8232,21382,21386,21387
EEILMS;8233,13760,18585,21310,21383,21388
EEILNO;15984,18586,20905,21389,21392,21393
EEILNP;8234,21050,21342,21394,21395
EEILNR;8235,13761,15985,18587,21051,21382,21392,21396,21397
EEILNS;8236,15986,18588,20708,20906,21052,21370,21383,21393,21394,21396,21398,21399,21400
EEILNT;8237,15987,18589,21053,21174,21343,21390,21395,21399,21401,21402
EEILNY;18591,20709,21344,21384,21400
EEILOR;18592,20907,21392,21405,21406,21407
EEILOT;21345,21404,21406,21408,21409
EEILPT;8239,15990,21347,21385,21395,21404,21412,21415
EEILRR;8240,20710,20909,21410,21418,21419
EEILRS;8241,13764,15992,18596,20711,20910,21056,21177,21372,21396,21405,21411,21418,21420,21421,21422,21423,21424
EEILRT;8242,15993,18597,20911,21373,21386,21406,21412,21421,21425
EEILRV;8243,13765,18598,20712,21057,21311,21374,21387,21397,21407,21419,21423,21426
EEILRX;21424
EEILRY;13766,18600,21375,21426
EEILSS;15995,18601,20912,21348,21376,21398,21414,21420,21427,21428,21429,21430,21431,21432
EEILST;15996,18602,20713,20913,21058,21179,21349,21377,21388,21399,21408,21415,21421,21428,21433,21434
EEILSV;15997,21378,21423,21430,21433,21435,21436
EEILSX;21180,21424,21432,21434
EEILTV;8246,18605,21402,21433
EEILVW;21436,21440
EEILZZ;21437
EEIMNP;21350
EEIMNR;8248,18611,20916,21060,21382,21449,21450,21451
EEIMNS;8249,18612,20715,21061,21312,21383,21441,21447,21449,21452,21453,21454,21455
EEIMNT;8250,16002,18613,20716,21062,21446,21448,21453,21456
EEIMNY;21384,21455
EEIMPR;8252,18615,20717,21183,21313,21351,21462,21463,21464,21465
EEIMRR;8253,21064,21462,21468,21469,21470,21471,21472
EEIMRS;8254,13768,16003,18618,20718,21065,21186,21442,21449,21459,21463,21469,21473,21474,21475
EEIMRT;8255,18619,20719,20917,21314,21386,21464,21470,21474,21476
EEIMSS;8256,18621,21443,21452,21460,21473,21477,21478
EEIMSV;
EEINNP;18623,21066,21479,21480
EEINNR;20918,21067,21187,21481,21482,21483,21484,21485
EEINNT;18625,21069,21390,21446,21482,21486,21488,21489
EEINNV;21071,21391,21484,21487
EEINOS;13773,16007,21075,21353,21393,21447,21491,21493
EEINPR;8260,13776,16008,18629,21077,21490,21495,21496,21497,21498
EEINPS;16009,21078,21394,21480,21491,21494,21496,21499,21500,21501
EEINQU;20720,21502,21503,21504,21505
EEINRS;16012,18632,20721,20921,21081,21192,21355,21396,21449,21481,21496,21506,21509,21510,21511,21512,21513
EEINRT;8261,13777,16013,20722,20922,21082,21193,21318,21356,21482,21497,21507,21510,21514,21515
EEINRV;16014,21083,21319,21397,21450,21484,21508,21511
EEINRW;18634,20723,21194,21451,21485,21512,21516
EEINRX;18635,21513
EEINSS;18636,20923,21084,21357,21398,21452,21493,21499,21509,21517,21518,21519,21520
EEINST;8262,16015,18637,21195,21320,21399,21453,21486,21500,21510,21518,21521,21522,21523,21524,21525
EEINSV;16016,18638,21487,21501,21511,21519,21523
EEINSW;13779,18639,20724,21085,21321,21454,21512,21520
EEINSX;18640,20924,21513,21524
EEINSZ;
EEINTT;8263,18641,21401,21456,21514,21521
EEINTV;8264,18643,21086,21322,21402,21523
EEINTX;21088,21524
EEIORS;13781,18650,21196,21405,21459,21531,21532,21533,21534
EEIORT;8266,16018,21406,21533,21535
EEIPPT;18652,21526,21539,21540,21541
EEIPPY;
EEIPQU;21542,21543
EEIPRS;8268,16023,18653,20727,20926,21360,21411,21463,21496,21545,21550,21551,21552,21553,21554
EEIPRV;18655,21546,21552,21557
EEIPRX;18656,21548,21554
EEIPSS;16026,18657,21414,21499,21527,21550,21559
EEIPSU;20730,21543
EEIPSZ;
EEIPTT;21200,21540,21555,21560
EEIPTW;21561
EEIRRS;8273,13784,18661,20927,21201,21335,21362,21418,21469,21506,21531,21545,21567,21568,21569,21570
EEIRRT;8274,16030,18662,20732,20928,21470,21507,21566,21568,21571,21572
EEIRRV;13785,18663,20733,21092,21324,21419,21508,21546,21569,21571,21573
EEIRRW;8275,18664,21547,21570,21572
EEIRSS;16031,18665,20929,21093,21202,21420,21473,21509,21532,21550,21567,21574,21575,21576,21577,21578
EEIRST;8276,13786,16032,18666,20734,20930,21203,21363,21421,21474,21510,21533,21551,21568,21575,21579,21580,21581,21582,21583
EEIRSV;16034,18668,20735,21094,21204,21423,21511,21534,21552,21569,21577,21581,21585,21586
EEIRSX;20931,21424,21475,21513,21554
EEIRSY;13787,21364
EEIRSZ;18670,20736,20932,21578,21583,21584
EEIRTV;8279,18672,21571,21581,21587
EEIRVV;18673,21573,21585,21587
EEIRVW;21325,21557,21586
EEISSS;21337,21427,21477,21517,21559,21574,21588
EEISSV;18675,21430,21519,21577,21588,21589
EEISSW;21431,21520,21590
EEISSZ;21578
EEISTV;20933,21097,21209,21327,21433,21523,21581,21589,21594
EEISTW;13791,18677,20737,21561,21582,21590,21592
EEISWZ;
EEITTW;21592
EEITTY;21593
EEJJNU;
EEJKRR;21329,21596
EEJLSW;
EEJLSY;
EEJLYZ;20739
EEJNNT;21599
EEJQRU;18682,21607,21608
EEJRST;16045,21605,21609
EEJRSY;21610
EEJSSS;21337
EEJSSU;13795
EEKKLR;
EEKKNO;8292,21611
EEKKSY;21614
EEKLMP;21618
EEKLMY;
EEKLNN;21620
EEKLNR;20747,21622
EEKLNS;8296,20748,21620,21621,21622
EEKLNY;21344
EEKLPR;21623
EEKLPS;8298,16049,18686,21346,21618,21623
EEKLRS;8299,18687,20751,21098,21622,21623,21624
EEKLRT;21624
EEKLRW;
EEKLSS;16050,21211,21348,21625
EEKLSV;8300
EEKLSW;21627
EEKLSY;21616,21625
EEKLTT;18688,21626
EEKLWY;
EEKMNU;
EEKMPR;8303,21351,21629
EEKMRS;8305,18691,21629,21630
EEKMSS;21630
EEKNNR;21631
EEKNNT;21632,21633
EEKNOS;21353,21611,21621,21628,21635,21636
EEKNOT;13797,18693,21636,21637
EEKNPP;
EEKNRR;
EEKNRS;8309,16052,20755,21355,21622,21631,21638,21639
EEKNSS;8312,21357,21635,21638,21640
EEKNST;20756,21632,21636,21639,21640,21641
EEKOPS;13798,21643
EEKORV;18695,20757,21645,21647
EEKORW;8315,21634
EEKOSS;16053,21635,21648,21649
EEKOST;21636,21646,21649,21650
EEKOSV;21647,21650
EEKPPU;21651
EEKPRR;21359,21652
EEKPRS;8316,16055,20758,21360,21623,21629,21643,21652,21653
EEKPRU;18699,21653
EEKRRU;13801,21654,21655
EEKRSS;20760,21213,21630,21638,21656,21657,21658,21659
EEKRST;8320,20761,21363,21624,21639,21646,21656,21660
EEKRSU;8321,13802,18701,21653,21654,21657
EEKRSV;21647
EEKRSW;8322,21658
EEKRSY;21364,21659,21660,21661
EEKSST;21366,21640,21649,21656,21662,21663
EEKSTY;21660,21663
EEKSVY;
EELLMR;21665,21667,21668
EELLMS;8327,18704,21666,21667
EELLNT;21672
EELLNW;21673
EELLOP;21675
EELLPT;21679,21680
EELLRS;20935,21218,21372,21667,21671,21676,21678,21682,21683,21684,21685,21686
EELLRT;21373,21679,21683
EELLRU;18708,20936,21681,21684
EELLRY;18710,21219,21375,21686
EELLSS;8330,21102,21376,21682
EELLSV;21378,21687
EELLTV;21687
EELMOT;16065,21693,21696
EELMPS;8340,21618,21697,21698
EELMPT;18716,21385,21693,21698,21699
EELMRS;8342,13808,18718,21221,21667,21697,21700,21701,21702
EELMRT;8343,13809,21222,21386,21700
EELMRU;18719,21701
EELMRW;21695,21702
EELMRY;
EELMSS;8344,13810,21703,21704
EELMST;8345,18720,21223,21388,21696,21698,21700,21703,21705
EELMSU;8346,18721,21106,21701,21704
EELMSY;16067,18722
EELMTT;18723,21699,21705
EELMTY;
EELNNT;21390
EELNNV;21391,21706
EELNOS;8350,16068,20942,21393,21621,21709,21710
EELNOV;21670,21707,21709
EELNPS;8352,16070,21394,21713,21714,21715
EELNPT;21395,21714
EELNRT;8355,13813,16072,21112,21717,21719
EELNRU;16073,21718,21720
EELNSS;8357,18727,20944,21398,21713,21721,21722,21723
EELNST;8358,18728,20767,21114,21399,21672,21714,21717,21722,21724,21725,21726
EELNSU;13814,21115,21224,21718,21723,21725,21727
EELNSV;8359,20768,21706,21709,21727
EELNSW;8360,18729,21673
EELNTT;18731,21401,21711,21719,21724,21729
EELNTU;20945,21712,21725,21729
EELNUV;21403,21674,21720,21727
EELNVY;
EELNXY;21728
EELOPP;18733,21730,21731,21732
EELOPR;8362,18734,21692,21730,21733,21734
EELOPS;18735,21675,21731,21733,21735
EELORS;8364,16074,18738,20947,21405,21676,21733,21737,21738,21739,21740
EELOUV;21747,21749
EELOVV;18746,21743,21748
EELPPU;21751
EELPRS;8369,18748,20769,21227,21411,21623,21678,21697,21733,21753,21754,21755
EELPRT;8370,16082,20770,21228,21412,21679,21753,21756,21757
EELPRY;18750,21755,21756,21759
EELPSS;8372,21117,21229,21414,21713,21735,21760
EELPST;13819,18751,20772,21415,21680,21698,21714,21753,21760,21761,21762
EELPSV;
EELPSX;21763
EELPSY;21715,21755,21762
EELPTT;8374,18752,21699,21761
EELQSU;8377,21765
EELRRV;8379,20775,21419,21766,21767
EELRSS;8381,13820,16085,18754,21420,21682,21737,21768,21769
EELRST;8382,13821,16086,20951,21119,21231,21421,21624,21683,21700,21717,21738,21753,21768,21770,21771,21772,21773,21774
EELRSV;8384,18756,20776,21232,21423,21739,21766,21771,21775,21777
EELRTT;20953,21425,21719,21741,21770
EELRTW;21121,21772
EELRUV;8388,18758,21720,21775
EELRVV;21743,21777
EELSSS;13824,20778,21427,21721,21744,21778,21779,21780
EELSST;8389,16091,18759,20779,21428,21703,21722,21745,21760,21768,21781,21782,21783
EELSSV;8390,20780,21236,21430,21779,21784
EELSSW;8391,13825,18760,21237,21431
EELSTT;18761,20956,21238,21626,21705,21724,21746,21761,21770,21781
EELSTU;8394,18762,20782,21725,21782,21785
EELSTV;8395,21239,21433,21687,21771,21786,21787
EELSTW;18763,21627,21772,21787,21788
EELSTY;8397,20784,21726,21762,21773,21783,21785,21788
EELSUV;18764,21435,21727,21747,21775,21784
EELSUX;16092,21763,21776
EELSYZ;
EELSZZ;13826,21437
EELTVV;21786,21789
EELTVW;8401,21787
EELTWY;21788
EEMMNO;21790,21791
EEMMNR;
EEMMNS;21441,21790,21792
EEMMOP;21688
EEMMOR;16094,21793,21794
EEMMOV;18768,21797
EEMMRS;13828,21240,21442,21793,21798,21799
EEMMRY;21123,21794,21799
EEMMSS;20786,21443,21792,21800,21801
EEMMST;18769,21444,21795,21798,21801
EEMMSW;
EEMNNP;8409
EEMNOR;18770,20958,21806,21807,21808,21809
EEMNOT;18771,21448,21791,21810
EEMNOV;18773,21802,21808,21811
EEMNOY;18774,21805,21809
EEMNPR;8411,21806,21812
EEMNRS;8414,18775,20787,21125,21449,21807
EEMNSS;8416,20788,21247,21452,21792
EEMNSU;21127
EEMNSW;21454,21803
EEMNTU;18777,21128,21813,21814
EEMNYZ;21815
EEMOPT;8419,16102,21458,21693,21818,21821
EEMORR;21817,21822,21823,21824,21825
EEMORT;8420,20790,21249,21818,21823,21826
EEMORV;18780,21808,21819,21825,21827
EEMOST;18783,21129,21696,21795,21810,21821,21826,21828
EEMOSV;21797,21811,21827
EEMOSX;13833
EEMPRS;8422,18785,21463,21629,21697,21832,21833,21834
EEMPRT;8423,20792,21464,21818,21830,21831,21833,21835,21836
EEMPRY;8424
EEMPSU;18786,21834,21837
EEMPTX;21839
EEMQSU;
EEMRRT;21470,21823,21831,21840
EEMRRU;13834,18788,21471,21824,21841,21842
EEMRSS;8430,20793,21251,21473,21630,21832,21843,21844
EEMRST;8431,16105,20794,21252,21474,21700,21798,21826,21833,21840,21843
EEMRSU;8432,13835,18789,21701,21834,21841,21844,21845
EEMRSV;21827
EEMSSS;8435,21477,21800,21846
EEMSST;8436,20796,21254,21478,21703,21801,21828,21843,21847
EEMSSU;13837,21704,21837,21844,21846,21847
EEMSSW;
EEMSTU;16106,20798,21847,21848
EEMSZZ;
EENNOZ;18795,21852
EENNPR;21855
EENNPS;21480,21855
EENNRS;8442,13838,20966,21258,21481,21631,21855,21857
EENNRT;16110,20800,21482,21849,21857
EENNST;8444,13839,18798,21134,21486,21599,21632,21857,21859
EENNSU;21860
EENNUV;21858
EENNUY;18800,20803
EENOPR;8447,18802,21135,21490,21806,21862,21864
EENOPS;18803,21136,21491,21864,21865
EENOPT;16113,18804,21261,21863,21865,21866,21867
EENORW;18807,21264,21634,21874
EENORY;13843,21602,21809,21871
EENORZ;16116,18808,20968,21872
EENOSS;8450,21493,21603,21635,21851,21869,21875,21876
EENOSV;21709,21811,21878,21880
EENOTV;21873,21878
EENOTW;21879
EENOVZ;21880
EENPRS;8452,16118,18811,21496,21855,21864,21883,21884
EENPRT;16119,18812,20805,21497,21882,21883,21885,21886
EENPRY;21884,21886
EENPSS;16120,20807,21266,21499,21713,21887
EENPTU;21813,21888
EENQSU;21503,21891
EENQUY;21505,21716
EENRRT;8458,13845,20813,21507,21892,21895
EENRRV;8459,20814,21508,21868,21894,21896
EENRSS;8461,16122,18816,20816,20970,21140,21509,21638,21869,21897,21898
EENRST;8462,16123,18817,20817,21141,21268,21510,21639,21717,21857,21870,21883,21892,21897,21899,21900,21901,21902,21903,21904
EENRSU;16124,18818,20971,21718,21893,21898,21900
EENRSV;18819,20818,21142,21511,21894,21901,21905
EENRSW;8463,21512,21902
EENRSY;16125,21143,21871,21884,21904
EENRTT;8464,21514,21719,21899
EENRTU;13846,18821,21515,21814,21900,21906
EENRTV;8465,18822,20820,20972,21873,21885,21901,21906
EENRTX;20822,21903
EENRTZ;
EENRVV;21905
EENRVY;
EENSSS;21517,21721,21887,21907,21908
EENSST;8467,18823,21269,21518,21640,21722,21859,21897,21907,21909,21910,21911
EENSSU;8468,18824,21144,21723,21860,21898,21912,21913
EENSSV;8469,21519,21910,21912,21914
EENSSW;8470,20973,21520,21861,21875,21911,21914
EENSSY;18825,20974,21876,21908
EENSTT;8471,18826,21521,21724,21899,21909,21915,21916
EENSTU;13847,18827,21145,21270,21522,21641,21725,21877,21888,21891,21900,21917
EENSTV;20825,21271,21523,21878,21901,21910,21918
EENSTW;20826,21879,21889,21902,21911,21917
EENSTY;21272,21525,21726,21890,21904,21916,21918
EENSUV;8472,13848,18829,21727,21912
EENSVW;20828,21914
EENSVY;21918
EENSWY;20829
EENSYZ;21815
EENTTX;21915
EENTTY;21916
EENTUX;
EENTWY;
EEOOTT;21920
EEOPPS;13850,20830,21731,21921
EEOPRS;13852,18835,21643,21733,21864,21919,21921,21924,21927,21928
EEOPSS;18837,21277,21527,21735,21927,21931,21932,21933,21934
EEOPST;16128,21278,21528,21821,21865,21932,21935,21936
EEOPSX;18838,21529,21928,21934
EEOPSY;21936
EEOPTU;18839,21644,21736,21923,21930,21935,21937
EEOPTY;16130,21867,21936
EEORRS;8478,13853,16131,18842,21531,21822,21924,21939,21940,21941
EEORRT;16132,21823,21939,21942,21943,21944
EEORRW;16135,21926,21944
EEORRZ;20976,21941
EEORSS;8479,21280,21532,21737,21869,21927,21945,21946
EEORST;8480,18844,21281,21533,21605,21646,21738,21826,21870,21939,21945,21947,21948,21949,21950
EEORSV;8481,13855,16137,18845,20832,21534,21647,21739,21827,21940,21948,21951,21952
EEORSZ;21872,21941
EEORTV;8482,13857,16138,18849,21148,21742,21873,21943,21948,21954,21955
EEORUV;18853,21951,21954
EEORVW;8483,21286,21874,21952,21955
EEOSST;13859,21287,21536,21649,21745,21828,21932,21945,21957
EEOSSY;21876,21956
EEOSTU;21877,21935,21957
EEOSTV;18856,21650,21878,21948
EEOSXY;
EEOSYZ;
EEPPPR;18859,21538,21958,21959
EEPPST;18860,21291,21539,21960,21963,21964
EEPRRS;8490,18862,20979,21545,21652,21924,21967,21968,21969,21970
EEPRRT;8491,21831,21968,21971
EEPRRU;16144,18863,21606,21969
EEPRRY;21292,21970,21972
EEPRSS;8493,16145,18864,20836,21293,21550,21832,21927,21967,21973,21974,21975,21976,21977,21978
EEPRST;8494,16146,18865,20837,21294,21551,21753,21833,21883,21960,21968,21974,21979,21980,21981,21982,21983
EEPRSU;13861,18866,20980,21151,21653,21754,21834,21969,21975,21980,21984
EEPRSV;8495,20838,21552,21976,21984
EEPRSW;20839,21553,21977,21981
EEPRSX;21554,21928,21961,21978,21982,21985
EEPRSZ;8496,20840
EEPRTT;21555,21835,21929,21979,21986
EEPRTU;8497,18867,21836,21930,21980
EEPRTW;21981,21987
EEPRTX;16147,21982,21986
EEPRTY;8498,18868,21295,21556,21756,21886,21962,21983,21987
EEPRUV;18869,21984
EEPSSS;8500,21559,21887,21931,21973
EEPSST;8501,21760,21932,21963,21974,21988
EEPSSU;21837,21933,21975
EEPSSW;8502,21977
EEPSSY;
EEPSTT;8503,21560,21761,21838,21979,21988,21989,21990
EEPSTW;21561,21889,21981
EEPSTY;16149,21762,21890,21936,21983,21990
EEPSWY;
EEPTTU;21989,21991
EEQRSU;8505,21563,21608,21993,21994
EEQRUU;21994
EEQSTU;8506,13862,18871,21296,21565,21891,21993,21995
EEQSUU;21994
EEQUXY;
EERRSS;8508,18872,21153,21567,21967,21997,21998
EERRST;8509,13863,20844,20981,21154,21568,21840,21892,21939,21968,21997,21999,22000,22001,22002
EERRSV;8511,13865,20845,21156,21569,21766,21894,21940,21998,22001,22003,22004,22005
EERRTT;8513,20983,21999,22006,22007
EERRTU;20984,21942,22000,22006
EERRTV;8514,21571,21943,21971,22001
EERRUV;16153,18873,21896,22003
EERRVY;21767,21972,22005
EERSST;8517,13868,16155,18875,20847,20986,21158,21575,21609,21656,21768,21843,21897,21945,21974,21997,22008,22010,22011,22012,22013,22014
EERSSU;8518,13869,16156,18876,20987,21159,21299,21576,21657,21769,21844,21898,21975,22009,22015,22016
EERSSV;8519,21577,21976,21998,22011,22017
EERSSW;21300,21658,21977,22012,22017
EERSSX;21946,21978,22013,22015
EERSTT;8521,13870,16157,20848,20988,21161,21301,21579,21770,21899,21947,21979,21999,22010,22018,22019,22020,22021,22022,22023
EERSTU;8522,20989,21162,21580,21900,21980,21993,22000,22019,22024,22025
EERSTV;13871,18877,20849,21581,21771,21901,21948,22001,22011,22020,22024,22026
EERSTW;8523,13872,18878,20850,20990,21302,21582,21772,21902,21981,22002,22012,22021,22027
EERSTX;8524,18879,21903,21949,21982,22013,22022
EERSTY;18880,21163,21660,21773,21904,21950,21983,22023,22025,22027
EERSTZ;21303,21583,21774,22014
EERSUV;8525,20851,21775,21951,21984,22003,22024
EERSVV;21585,21777,21905,22026
EERSVW;8527,18881,20853,21304,21586,21952,22004,22017
EERSVX;
EERSVY;22005
EERSZZ;
EERTTT;22018
EERTTV;22020
EERTTW;20854,21305,22021
EERTTX;8529,21986,22022,22028
EERTUV;21906,21954,22024
EERTUY;22025
EERTVV;21587,22026
EERTVX;
EERTWY;21987,22027
EESSSS;
EESSSY;8533,21908,21956
EESSTT;8534,13875,18884,20856,21781,21909,21988,22010,22029,22030,22031,22032,22033,22034
EESSTU;13876,20991,21782,21847,21957,21995,22031
EESSTW;21590,21662,21911,22012
EESTTU;21848,21989,22019,22031
EESTTW;20858,21592,22021,22035
EESTTX;21915,22022,22032,22036
EESTTZ;22034,22037
EESTWY;21788,22027
EETTZZ;22037
EFFFOS;
EFFGIN;22042,22043,22044
EFFGIR;8541,22043,22045
EFFGIU;22046
EFFGIY;
EFFGOR;22047
EFFHRU;16163,22051,22055
EFFIIR;22057,22058
EFFILP;18893,22064,22065
EFFILR;18894,22064,22066,22067,22068
EFFILS;18895,22060,22063,22065,22067,22069
EFFIMO;18896,22070
EFFINR;22043,22058,22071
EFFINT;20863,22072
EFFIOS;16165,18898,22070,22076
EFFIRS;13879,18901,20864,22045,22050,22067,22071,22079
EFFKOY;
EFFLMU;18905,22081,22082
EFFLOP;22084
EFFLRU;8561,13881,18907,22040,22081,22086,22087,22088
EFFLUX;
EFFOPU;18912,22094
EFFORS;16169,18913,22047,22096,22097
EFFORT;16170,22074,22095,22096
EFFORX;22075
EFFOST;20868,22076,22096,22098
EFFPRU;22077,22099,22100
EFFRSU;13884,16171,18915,22055,22087,22089,22099,22101,22102
EFFRTU;22088,22102
EFFSTU;13885,16172,18916,20870,22091,22102,22104
EFFTTU;22104
EFGGOR;18919,22106,22110,22111
EFGILN;8579,20871,22117,22118,22119,22120,22121,22122,22123,22124
EFGINN;8582,16175,18921,22127,22128,22129,22130
EFGINR;8583,18922,20873,22043,22116,22119,22129,22131,22132,22133,22134
EFGINS;8584,20874,22044,22120,22130,22133,22135
EFGINT;8585,22113,22121,22126,22136,22137
EFGINU;18923,22122,22134
EFGINY;18924,22124
EFGIOS;
EFGIRS;18926,22045,22133,22142,22143
EFGIRT;8587,18927,20877,22114,22140,22142
EFGIRU;8588,13887,18928,22108,22125,22134,22141,22143
EFGISU;22046,22143
EFGLLU;8590,20879,22145
EFGLNU;22122,22146,22147
EFGLOR;20880,22110,22148,22149
EFGLOS;20881,22148,22150
EFGLSU;13889,22145,22146
EFGMNO;22151
EFGNOS;22153
EFGOOR;22138,22152,22154,22155
EFGORR;8605,20882,22154,22156,22157,22158
EFGORS;8606,22047,22111,22148,22155,22156,22159,22160,22161
EFGORT;8607,22149,22159,22162
EFGORW;22161
EFGOSY;
EFGRSU;8610,20884,22143,22160
EFGSUU;
EFHILS;16179,22166,22167,22168
EFHIRS;18933,20885,22050,22164,22172,22173,22174
EFHISS;22167,22172
EFHIST;16184,18934,22168,22171,22173
EFHLSS;8619,20891,22167,22181,22184
EFHLSY;22177,22183,22185
EFHMUY;
EFHNOS;
EFHOOR;22188
EFHORT;18938,20893,22187,22189,22191
EFHRRU;20896,22192,22193
EFHSTT;
EFHSTW;
EFIIKR;
EFIINT;22208,22211
EFIIRS;8626,20901,22164,22204,22217
EFIISW;22221
EFIIVX;
EFIKLO;22226,22227,22228
EFIKNR;22116,22230,22231
EFIKNS;22230
EFIKRS;18948,22230,22233,22234
EFIKRY;
EFILLR;18950,22240,22241
EFILLS;8635,20903,22197,22235,22238,22241,22242
EFILLT;22242
EFILLY;22222,22236
EFILMR;8637,22198,22247
EFILMT;22244,22246,22249
EFILNO;13892,20905,22062,22250,22251,22252
EFILNS;8639,20906,22063,22120,22251,22253
EFILNT;8640,16193,18953,22121,22244
EFILNY;22124,22236
EFILOO;18955,22237,22254,22255
EFILOS;13894,22227,22238,22251,22254,22259,22260,22261
EFILOU;13895,22260
EFILPP;18957,22262,22263,22264
EFILPR;20908,22064,22256,22262,22265,22266
EFILRR;8645,20909,22066,22240,22257,22268,22269,22270
EFILRS;20910,22067,22241,22247,22265,22268,22271
EFILRT;13897,18959,20911,22200,22258,22269,22271,22272,22273,22274
EFILRU;8646,16195,18960,22125,22229,22273
EFILRY;13898,22068,22201,22266,22270,22274
EFILSS;8651,18961,20912,22069,22167,22202,22248,22253,22259,22277,22278
EFILST;8652,18962,20913,22168,22242,22249,22271,22278,22279,22280
EFILSU;13899,18963,22260,22280
EFILSX;22261
EFILTU;22273,22280
EFILWY;8655
EFILZZ;18967,22276,22281
EFIMOT;22246,22286
EFIMRR;8659,22203,22287
EFIMRS;8660,22204,22247,22287,22288
EFIMRT;20917,22288,22289
EFIMRU;22283
EFIMST;22205,22249,22286,22288,22290
EFINNR;20918,22129,22206,22292,22293,22294
EFINNU;22294,22295
EFINPR;8664,22132,22296,22297
EFINRS;8666,18970,20921,22071,22133,22230,22293,22297,22298,22299
EFINRY;18972,22300
EFINST;8670,16200,18973,22072,22171,22211,22298,22301
EFINSU;18974,22212,22295,22299,22302,22303
EFINZZ;22304
EFIOOR;13901,22138,22305,22306,22307,22308,22309
EFIOOT;22308,22310
EFIORS;13902,22307,22315,22316
EFIORW;22309,22314
EFIORX;13903,22075
EFIORZ;
EFIOST;18981,22076,22286,22310,22316,22319,22320,22321
EFIOSX;22261,22320
EFIPRS;20926,22265,22297,22324
EFIPRX;
EFIQSU;
EFIRRS;20927,22233,22268,22287,22327,22328
EFIRRZ;22328,22332,22333
EFIRSS;8675,16202,20929,22172,22315,22334,22335
EFIRST;8676,13904,18984,20930,22079,22142,22173,22217,22234,22271,22288,22298,22316,22324,22334,22336,22337,22338,22339
EFIRSU;13905,22143,22299,22327,22335,22337,22340
EFIRSV;22341
EFIRSX;20931,22340
EFIRSZ;20932,22328,22339,22342
EFIRTT;8677,18985,22272,22329,22336,22343
EFIRTY;16203,22274,22289,22325,22331
EFIRUX;22340,22345
EFIRVY;13906,22341
EFIRZZ;18988,22219,22276,22333,22342,22346
EFISST;8678,22278,22301,22319,22334
EFISTT;8679,22279,22336,22347,22348
EFISTY;22348
EFISWY;
EFISZZ;22281,22304,22342
EFKLSS;
EFKLSU;22355
EFKLUY;22353
EFKNRU;22231,22352,22356
EFKORR;22232,22357
EFKRSU;16208,22356,22358
EFLLOS;20934,22080,22238,22360,22361
EFLLOT;8693,22360
EFLLOW;22239,22361
EFLLRU;20936,22359,22362,22363
EFLMNY;
EFLMSU;13912,22082,22366,22368
EFLMSY;
EFLNNU;22370,22371
EFLNOS;18999,20942,22251,22369,22376,22377
EFLNOT;19000,22372,22376,22378
EFLNOY;22375
EFLNPU;22379,22380
EFLNSU;8709,22083,22146,22178,22371,22377,22379,22381,22382,22383
EFLNTU;16210,20945,22147,22382,22384,22385
EFLOOT;19003,22388,22391
EFLOOY;22389
EFLOOZ;19004,22255,22390,22392
EFLORR;22257,22386,22394
EFLORS;8714,19006,20947,22148,22387,22394,22395,22396,22397,22398,22399
EFLORT;8715,19007,22149,22258,22372,22388,22396,22400,22401,22402
EFLORU;19008,22359,22373,22397,22401
EFLORW;22374,22398,22402,22404,22405
EFLORX;22399
EFLOST;8717,22360,22376,22391,22396,22408
EFLOSU;13914,19010,22085,22260,22366,22377,22397,22407,22408
EFLOSX;22261,22399
EFLOSY;
EFLOUW;22410
EFLPPU;22264
EFLPRU;8721,19012,22367,22411,22412,22413
EFLPSY;
EFLRRU;19013,20950,22086,22411,22415
EFLRSU;8725,20952,22087,22182,22362,22397,22412,22415,22416,22417
EFLRSY;8726,22183
EFLRTU;8728,20954,22088,22273,22401,22417,22418
EFLRUU;19014
EFLRUX;20955
EFLRUY;22363,22413
EFLSSU;22184,22381,22407,22416,22419
EFLSTU;8731,22280,22349,22365,22382,22408,22414,22417,22420
EFLSTY;22185
EFLSUU;22368,22419
EFLSUX;
EFLTUY;
EFLUZZ;19015,22421
EFMNOR;8733,20958,22151,22284,22423
EFMNOT;22422,22424
EFMNRU;8735,22425,22426
EFMORR;8736,22428,22430
EFMORS;8737,19017,20961,22423,22430
EFMRRU;22433
EFMRSU;22425,22433
EFMSTU;22290
EFMTUY;22434
EFNNRU;22294,22436
EFNORR;8746,22441,22442,22443
EFNORS;16213,22423,22444
EFNORZ;20968,22447
EFNOST;16216,19023,22376,22424,22440,22444,22448
EFNOSY;
EFNRTU;22426,22445,22449
EFNRYZ;
EFNSTU;22091,22382,22438,22449
EFOORR;13916,22092,22154,22306,22386,22450,22453
EFOORT;19031,22308,22388,22452,22454,22456
EFOORW;22309,22439,22455,22456
EFOPRT;22312,22429,22452,22459,22461,22462
EFORRU;22157,22442,22463,22466
EFORRV;8754,20975,22464,22466
EFORST;19033,22096,22159,22191,22316,22396,22444,22454,22459,22467,22469,22470
EFORSU;16223,22160,22397,22460,22463,22468,22469
EFORSY;8757
EFORTU;19034,22162,22317,22401,22445,22461,22469
EFORTW;22402,22446,22456,22470
EFORWW;22404
EFOSSS;22406
EFOSTT;22471
EFOSTU;8760,22408,22469
EFRRSU;13918,20982,22192,22327,22415,22433,22463,22475,22476,22477
EFRRSY;
EFRRTU;20984,22193,22330,22476
EFRRUU;22477
EFRSSU;20987,22101,22194,22335,22358,22416,22468,22475,22478
EFRSSW;
EFRSUZ;
EFRTTU;8768,22343,22418,22479
EFRTTY;
EFRTUU;22480
EFRTUX;22345
EFSSSU;22478
EFSTTU;22104,22479,22481
EFSTTY;22348
EFSTUZ;22420
EFSUZZ;22421
EGGGIL;19036,22483,22484,22485
EGGGIN;13920,19037,22482,22483,22486,22487,22488
EGGGLO;19039,22489,22490
EGGGLU;8775,19040,22491
EGGGNO;22492
EGGHIL;19042,22493,22494
EGGHOR;22499,22500
EGGHOT;22501
EGGHRU;16228,22497,22502
EGGHSY;
EGGIIL;22504,22505
EGGIIN;22504,22506,22507
EGGIIP;22508,22509
EGGIJL;19047,22511
EGGIJR;8783,22503,22512
EGGILM;22515
EGGILN;8785,19049,20996,22483,22504,22513,22514,22516,22517,22518,22519,22520
EGGILO;22521
EGGILR;20997,22484,22493,22517,22521,22522,22523
EGGILS;20998,22485,22494,22505,22511,22515,22518,22522,22524,22525,22526
EGGILT;22524
EGGILU;22519,22525
EGGILW;19050,22523,22526
EGGIMN;22527,22528,22529
EGGIMO;22530
EGGINR;8787,20999,22487,22517,22529,22533,22536,22537,22538,22539,22540
EGGINS;8788,19051,22506,22518,22534,22536,22541
EGGIPU;22547,22549
EGGIRR;8790,22107,22546,22550,22551,22552
EGGIRT;8792,19057,22496,22551,22553,22555
EGGIRW;22510,22523,22539,22554,22555,22557
EGGISU;13926,22525,22545,22549
EGGJLO;19061,22558,22559
EGGJLU;19062,22560,22561
EGGJOR;22558,22562
EGGKSS;
EGGLLY;
EGGLMU;22563
EGGLNO;8798,22564
EGGLOO;19065,22566,22567
EGGLOR;13928,16233,19066,22110,22489,22521,22558,22568,22569,22570
EGGLOT;19068,22569,22571
EGGLOW;22572
EGGLPU;19070,22573,22574
EGGLRU;19071,22560,22573,22575,22576
EGGLTU;22576,22577
EGGMRU;22531,22578
EGGNRU;22537,22581,22582,22583
EGGNSU;8812,19077,22565,22582,22584
EGGNTU;22584,22585
EGGOPR;19078,22586
EGGOPS;
EGGORR;21014,22586,22587
EGGORS;13930,16236,19079,22111,22499,22544,22562,22568,22580,22587,22588,22589
EGGORT;19080,22569,22588,22590
EGGORU;21015,22589
EGGOSU;22545,22589
EGGPRY;22548,22591
EGGRRU;19083,22552,22581,22592
EGGRSU;8817,13931,19084,22502,22575,22578,22582,22589,22592,22593
EGGRTU;19085,22576,22593
EGHHIR;22597
EGHHIT;8823,13933,19086,22595,22598
EGHHSU;22600,22601
EGHHUW;22601
EGHIIN;22603,22604,22605,22606
EGHIKS;21018,22609
EGHIKT;
EGHILN;8826,16238,19088,21019,22603,22610,22611,22613,22614,22615,22616,22617
EGHILS;22494,22615,22621,22622,22623
EGHINO;16239,19091,22631
EGHINR;8830,19092,21020,22604,22608,22614,22633,22634,22635,22636,22637
EGHINS;16241,22615,22625,22631,22632,22634,22638,22639,22640
EGHINT;8831,13934,16242,19093,21021,22113,22605,22616,22626,22629,22635,22638,22641
EGHINW;16243,19094,22636,22639,22642
EGHINX;22640
EGHINY;21022,22637
EGHIOT;19095,22646,22648,22650,22651,22652
EGHIRS;8835,16246,22597,22609,22634,22645,22654,22655,22656,22657
EGHIST;16247,19098,22598,22622,22638,22648,22655,22660,22661
EGHISW;22639,22660
EGHITW;19099,22660,22662
EGHITY;22661,22662
EGHLMP;22612,22664,22665
EGHLNT;8839,22616,22668,22669
EGHLOS;8840,22498,22670,22672
EGHLPU;22667,22673
EGHLSY;
EGHLUY;22674
EGHMMO;22675
EGHNOR;22666,22679,22680
EGHNOS;16250,22631,22678,22679,22681
EGHNOU;22676,22680,22681,22682
EGHNRU;8853,22680,22683
EGHNST;8856,22638,22668
EGHOPR;22684
EGHOTT;22650,22687
EGHRSU;22502,22656,22683,22689
EGHSSU;22600,22689
EGHSTU;
EGIIJL;22691,22692
EGIIKN;
EGIILL;19109,22602,22695
EGIILR;13939,22697,22703,22704
EGIIMM;22705
EGIIMN;8865,22706,22707,22708,22709,22710
EGIINN;13941,19113,22706,22715,22716,22717,22718
EGIINP;16256,22707,22715,22719,22720,22721
EGIINR;13942,19114,22604,22697,22708,22716,22722,22723,22724,22725,22726
EGIINT;19116,22507,22605,22699,22709,22723,22728,22732,22733
EGIJLN;19121,21035,22742,22743,22744,22745
EGIJNW;
EGIJRS;22512
EGIKLN;8866,21041,22513,22750,22752,22753,22754,22755,22756
EGIKLR;22753,22757,22758
EGIKLS;22754,22757
EGIKNR;8869,13946,16260,21046,22116,22608,22741,22753,22763,22767,22768,22769,22770
EGIKNU;22768,22774
EGIKNW;22756,22772
EGIKNY;22770,22773,22774
EGIKRS;22609,22757
EGILLN;8877,13947,16262,22117,22514,22610,22742,22776,22777,22778,22779,22780,22781,22782
EGILLR;8879,19126,22783,22785,22786
EGILLT;8881,22780,22787
EGILLU;8882,19127,22788
EGILMN;8886,19129,22118,22611,22776,22789,22792,22793,22794,22795,22796,22797
EGILMP;16263,22612,22801
EGILMS;8888,19130,22515,22793,22799,22801,22802
EGILMT;22696,22794,22802
EGILNN;8889,19131,22516,22803
EGILNO;13949,19132,22777,22804,22805,22806
EGILNP;8890,16264,19133,21050,22613,22752,22778,22804,22807,22808,22809,22810,22811,22812
EGILNR;8891,13950,16265,21051,22119,22517,22614,22697,22743,22753,22792,22808,22813,22814,22815
EGILNS;8892,13951,19134,21052,22120,22518,22615,22698,22744,22754,22779,22793,22803,22805,22809,22813,22816,22817,22818,22819,22820
EGILNT;8893,13952,19135,21053,22121,22616,22699,22745,22755,22780,22794,22806,22810,22814,22817,22821,22822,22823
EGILNU;8894,13953,16266,19136,22122,22519,22795,22818,22822,22824
EGILNZ;22820
EGILOO;22826
EGILOP;19139,22804,22827
EGILOR;13955,19140,22521,22783,22798,22828
EGILOS;8897,13956,19141,21054,22784,22799,22805,22826,22827,22828,22829,22830,22831
EGILOU;8898,19142,22618,22800,22831
EGILPR;22808,22832,22833
EGILPT;22619,22810,22834
EGILPY;22812,22835
EGILRS;8901,13957,19144,21056,22522,22704,22757,22786,22813,22828,22837,22838,22839,22840
EGILRT;13958,22620,22814,22838,22841,22842
EGILRU;13959,19145,22125,22758,22833,22836,22839,22843
EGILRV;21057,22843
EGILSS;8903,22621,22816,22829,22837,22845,22846,22847
EGILST;8904,13960,21058,22524,22622,22787,22802,22817,22830,22834,22838,22846,22848,22849,22850
EGILSU;22525,22623,22788,22818,22831,22839,22848
EGILTU;8906,19147,22759,22822,22848
EGILTW;22823,22849,22851
EGIMMR;8908,21059,22790,22852,22853,22854
EGIMMS;22705,22853,22855
EGIMNN;8909,19150,22528,22706,22857,22858,22859,22860,22861
EGIMNP;8910,22707,22760,22868,22869
EGIMNR;8911,13961,21060,22529,22708,22792,22859,22862,22868,22871,22872,22873
EGIMNS;8912,19152,21061,22625,22761,22793,22860,22863,22871,22874,22875,22876,22877
EGIMNT;8913,21062,22126,22626,22709,22794,22864,22869,22872,22875
EGIMNV;22710,22866
EGIMNW;22796,22861,22867,22877
EGIMNY;22797
EGIMOS;8914,22530,22799,22863,22879,22880,22881
EGIMPU;19153,22882
EGIMPY;22883
EGIMRS;8919,13962,21065,22853,22871,22879,22884
EGIMST;8924,19155,22802,22875,22881,22885
EGINNP;8927,19157,21066,22128,22715,22886,22890,22893,22894
EGINNR;8928,16271,19158,21067,22129,22533,22716,22763,22859,22887,22891,22893,22895,22896,22897,22898,22899,22900
EGINNS;8929,16272,19159,21068,22130,22534,22717,22803,22860,22896,22901,22902,22903,22904,22905
EGINNU;8931,13963,19161,21070,22630,22894,22898,22903
EGINNW;8932,19163,21072,22861,22904
EGINOO;22889,22909,22910
EGINOP;19165,21074,22719,22804,22890,22911,22912,22913
EGINOR;8934,16273,19166,22131,22862,22891,22909,22912,22914,22915,22916,22917,22918
EGINOS;8935,13964,16274,19167,21075,22631,22746,22805,22863,22910,22913,22915,22919,22920,22921,22922
EGINOT;19168,22806,22864,22916,22923,22924,22925
EGINOW;19169,22867,22920
EGINPP;8937,21076,22766,22807,22911,22926,22927,22928
EGINPR;8938,16276,21077,22132,22767,22808,22868,22893,22912,22927,22929,22930,22931,22932
EGINPS;8939,21078,22632,22720,22809,22913,22928,22929,22933,22934,22935,22936
EGINPU;22894,22930,22934
EGINPY;22812,22932,22936,22938
EGINRR;8941,13966,16277,19170,22633,22722,22895,22914,22940,22941
EGINRS;8942,13967,16278,19171,21081,22133,22536,22634,22813,22871,22896,22915,22929,22940,22942,22943,22944,22945,22946,22947,22948
EGINRT;8943,21082,22635,22723,22814,22872,22897,22916,22943,22949,22950,22951,22952
EGINRU;19172,22134,22537,22768,22873,22898,22930,22944,22950
EGINRW;8945,13969,16279,19173,22539,22636,22725,22941,22946
EGINRZ;8946,22726,22918,22948
EGINSS;8947,13971,16281,19175,21084,22135,22541,22727,22747,22816,22874,22901,22933,22942,22955,22956,22957,22958,22959
EGINST;8948,13972,19176,22638,22728,22748,22771,22817,22875,22902,22943,22956,22960,22961,22962,22963,22964,22965
EGINSU;8949,13973,16282,19177,22818,22876,22903,22919,22934,22944,22961
EGINSV;22729,22945,22962,22966
EGINSW;19178,21085,22639,22730,22772,22819,22877,22904,22920,22935,22946,22957,22963,22967
EGINSX;22640,22958,22964,22966
EGINSY;8950,19179,22773,22905,22921,22936,22947,22959,22967
EGINTU;8952,19180,22822,22950,22961
EGINTW;19181,21087,22137,22543,22823,22963,22970
EGINTY;22952
EGINVX;22966
EGINVY;22825,22908,22954
EGINWX;
EGINXY;
EGINZZ;22968
EGIOOR;19183,22138,22775,22909,22972,22973
EGIOOS;13975,19184,22643,22826,22910,22973,22974,22975
EGIOPR;19185,21089,22736,22912,22972,22977,22978
EGIOPS;22644,22827,22913,22976,22977
EGIORR;19186,22878,22914,22979,22980,22981
EGIORS;22544,22645,22828,22879,22915,22973,22977,22979,22982
EGIORT;8956,16283,19187,22646,22916,22982,22983,22984,22985
EGIORV;13976,22139,22917,22981,22984,22986
EGIOST;8957,21090,22648,22830,22881,22975,22982,22987,22988,22989
EGIOSV;22989
EGIOTY;
EGIPPR;8958,19188,22832,22927,22991,22992
EGIPPY;22994
EGIPRR;8960,22546,22738,22991,22995
EGIPRS;8961,22929,22977,22992,22995
EGIPRY;22548,22932
EGIRRS;16284,19192,22550,22940,22979,22995,22999,23000,23001
EGIRRV;21092,22981,23001
EGIRSS;8964,19194,21093,22654,22837,22942,23003,23004
EGIRST;8965,22142,22553,22655,22838,22943,22982,22999,23003,23005,23006
EGIRSU;13979,19195,22143,22656,22839,22944,23000,23004,23005,23007
EGIRSV;8966,21094,22945,23001,23006
EGIRSY;22657,22840,22947
EGIRSZ;8968,22948,23007,23008
EGIRTV;8969,22951,22984,23006
EGIRTY;22842,22952
EGIRUZ;8971,23007
EGISST;8972,19197,22846,22885,22956,22987,23003
EGISSU;8973,13980,19198,23004,23010
EGISTU;8975,19199,22848,22961,23005,23011
EGISZZ;22968,23008
EGJLNU;19201,23013
EGJLTU;23014
EGKLSU;19204
EGKMSU;23017
EGKNOY;23018
EGKNRS;8990
EGKRSY;
EGLLOR;8999,22783,23019
EGLLOS;22784,23019,23020
EGLLRU;23021,23022
EGLLTU;9005,23023
EGLLUY;23022,23024
EGLMOS;22799
EGLMSU;21106,22563,23029
EGLNNU;23030
EGLNOP;19210,22804,23033
EGLNOR;21108,22666,23027,23034,23035
EGLNOS;9016,13987,19211,22564,22805,23033,23034,23036,23037,23038
EGLNOU;19212,21110,23035,23037,23039,23040
EGLNPU;19213,22667,23043,23044
EGLNRU;9023,13988,19214,23035,23043,23045,23046
EGLNST;9027,21114,22668,22817,23036,23048
EGLNSU;9028,13989,19215,21115,22146,22565,22818,23013,23030,23037,23044,23045,23047,23048,23049
EGLNTU;9032,22147,22822,23046,23048
EGLNTY;22669
EGLNUU;9034,19216,23049
EGLOOY;16288,22567,23032,23051
EGLOPR;9037,19219,23052
EGLOPS;19220,22827,23033,23052,23053
EGLORS;9038,19221,22148,22568,22828,23019,23034,23050,23052,23056,23057,23058,23059
EGLORU;23035,23057
EGLORV;9040,22570,23058
EGLORW;19222,23016,23055,23059
EGLOSS;9041,19223,21116,22150,22672,22829,23053,23056,23060,23061
EGLOST;9042,13992,19224,22571,22830,23036,23061
EGLOSV;9044,23058,23062
EGLOSY;16290,23020,23038,23051
EGLOSZ;
EGLOUV;13995,23039,23062
EGLOUY;23040
EGLPRU;9048,22573,22833,23043,23063,23064
EGLRSU;13996,21120,22575,22839,23021,23045,23057,23063,23065,23066,23067
EGLRTU;9058,22576,23046,23065,23069
EGLRUY;23022,23064,23067
EGLRYY;23068
EGLSSU;9063,19227,23029,23047,23071
EGLSTU;13998,22577,22848,23014,23023,23048,23065,23071,23072,23073
EGLSUY;23024,23067
EGLTTU;19228,23069,23072
EGLUZZ;19229,23070,23074
EGMMRU;9071,22854,23025,23077,23078,23079
EGMMRY;21123
EGMNNU;
EGMNOO;19230,23026,23083
EGMNOR;9074,22151,22862,23027,23084,23085,23086
EGMNOS;9075,21124,22863,23080,23083,23084,23087,23088,23089
EGMNOU;22676,22865,23085,23088
EGMNOY;13999,23086,23089,23090
EGMNRU;22873,23085
EGMNSU;21127,22876,23088,23091,23092
EGMNTU;9082,21128,23091
EGMNUU;23092
EGMOOS;19232,23083,23094
EGMORS;9084,22879,23084,23095,23096
EGMORT;23075,23095,23097
EGMORU;23085,23096,23097
EGMOST;21129,22881,23087,23095
EGMOSU;22677,23076,23088,23096
EGMRSU;9088,19234,22578,23078,23096
EGMRTU;21131,23079,23097
EGNNNU;
EGNNOO;16291,22889,23098
EGNNOS;9091,23080,23098,23100
EGNNOU;19236,23100
EGNNRU;9096,21133,22898,23102,23103
EGNNYY;23104
EGNOOR;9100,22152,22909,23107,23108
EGNOOT;23109,23111
EGNOOY;22579,23032,23108,23110,23112
EGNOPS;19239,21136,22913,23033,23106,23113,23115,23116
EGNOPU;
EGNOPW;23116
EGNORS;9103,16293,21137,22580,22679,22915,23034,23084,23107,23113,23118,23119,23120,23121,23122
EGNORT;9104,22916,23099,23119
EGNORV;22917,23121
EGNORY;9106,16295,23086,23108,23114,23122,23123
EGNOSS;23115,23118,23124
EGNOTT;14004,22923
EGNOTU;14005,19242,22682,23111,23125
EGNOXY;23041,23126
EGNPRU;22930,23043,23127
EGNPSU;22934,23044,23127,23128,23129
EGNPUX;21139,23129
EGNRTU;9118,19244,22950,23046,23130,23131,23134
EGNRTY;9120,22952
EGNRUY;16297,22583,23103,23123,23132
EGNSTU;21145,22584,22961,23048,23091,23125,23131
EGNSUU;23049,23092
EGNUVY;19247,23135
EGOOPR;22972,23136
EGOOPS;23106,23136,23137
EGOOPY;23137
EGOORV;19248,23138,23139,23142
EGOOSS;21146,22974,23094,23143,23144
EGOOST;19249,22975,23109,23143,23145
EGOOSY;14009,23051,23110,23137,23140,23144
EGOPPT;23146
EGOPRR;22586,23147,23148
EGOPRS;9126,22684,22977,23052,23113,23136,23147
EGOPRY;23114
EGOPSU;
EGOPSY;23137
EGORRS;16301,19251,22156,22587,22979,23147,23149,23150,23151,23152
EGORRU;22157,22685,22980,23148,23151,23153,23154
EGORRW;23055,23117,23152
EGORSS;9131,19252,23056,23118,23149,23155,23156,23157
EGORST;9132,19253,22159,22588,22982,23095,23119,23150,23156,23158
EGORSU;9133,14010,16303,19254,22160,22589,23057,23096,23120,23151,23157,23159
EGORSV;23058,23121,23139,23158,23159
EGORSY;23122,23140
EGORSZ;
EGORTV;21148,22984,23142,23158
EGORUV;9136,22986,23159
EGOSSS;21149,23060,23155
EGOSTU;9140,14011,19257,23125,23145,23161,23164
EGOSTY;23162,23165
EGOSUV;23062,23159
EGOSYZ;23163,23165
EGOTTU;9144,23164
EGOTYZ;23165
EGOUVY;
EGPPRY;23166
EGPRRU;23148,23167
EGPRSU;9153,21151,23063,23127,23167,23168,23170
EGPRSY;23166,23169
EGPRUW;
EGPSSU;9155,23128,23168
EGPSTU;9156
EGQSSU;
EGRRSU;9160,14013,21155,22592,23000,23151,23167,23171,23172
EGRSSU;9167,14014,21159,22689,23004,23157,23168,23171,23173,23174
EGRSTU;19260,21162,22593,23005,23065,23131,23173,23175,23176
EGRSYY;23068,23133
EGRTTU;23009,23069,23134,23175,23177
EGRTUZ;23176
EGSSTU;19261,22594,23071,23161,23173,23178
EGSSUY;23174
EHHIIS;23179
EHHIKS;9180,23180
EHHIRT;16307,23186,23188,23189
EHHISS;23180,23184,23190
EHHIST;9183,16308,22598,23186
EHHKST;
EHHNPY;23192
EHHRST;9190,23186
EHHRSU;23187,23195
EHHSSU;16313,19266,22600,23195,23196
EHHSTY;9193
EHIIMS;23179,23204
EHIINN;19268,23205
EHIIPP;16322,23211,23212
EHIIRS;19270,22164,23206,23215,23216
EHIIST;14016,23216,23219,23220
EHIKKS;23222,23223
EHIKMV;23228
EHIKNO;23229
EHIKNU;23232,23234
EHIKOR;16329,23235
EHIKPR;23238
EHIKRS;9200,14020,16333,19271,22609,23222,23230,23238,23239,23240,23241,23242,23243
EHIKSS;9201,23180,23223,23233,23240,23244,23245
EHIKST;9202,16336,23237,23246
EHILLR;16339,21172,23201,23253,23254,23255
EHILMU;23259,23261
EHILNS;9210,16342,22615,23250,23264,23265
EHILOO;23251,23267,23268
EHILOR;9212,23267
EHILOS;14023,23252,23268,23270,23271
EHILOT;19277,23263,23269,23271
EHILPR;9213,16344,19278,23272,23273
EHILRS;9215,19279,21177,23253,23272,23276,23277,23278,23279
EHILRT;9216,14024,16346,19280,22620,23254,23273,23277,23280,23281
EHILSS;9218,16348,19282,22167,22621,23265,23270,23274,23276,23282,23283,23284
EHILST;9219,14025,16349,21179,22168,22622,23271,23277,23283,23285,23286,23287
EHILSV;23279,23286
EHILSW;9220,14027,23287
EHILTV;23286
EHIMMS;9227,16355,19284,21181,23292,23293
EHIMNR;9228,23296,23297
EHIMNS;9229,19286,22625,23294,23295,23296,23298
EHIMNT;9230,22626,23227,23299
EHIMNU;16356,19287,23297,23298
EHIMOR;14028,16358,19289,23300,23301,23302
EHIMOS;16359,19290,23294,23300,23303
EHIMRS;9233,16361,19292,21186,23292,23296,23300,23308,23309
EHIMRT;16362,23301,23308,23310,23311
EHIMRU;16363,19293,23297,23305,23309
EHIMST;9235,16364,19294,23303,23308,23312,23314,23315
EHIMSU;16365,23259,23298,23307,23309,23313,23314
EHIMTU;23314
EHINNN;22628,23318
EHINNS;19296,21188,22170,23182,23205,23318,23320,23321,23322
EHINOR;16368,19299,21190,23323,23326,23327
EHINOT;16369,23263,23328
EHINPP;23330
EHINPX;23325
EHINRS;9239,16376,19303,21192,22634,23206,23230,23296,23327,23332,23333,23334,23335
EHINRT;9240,16377,21193,22635,23207,23231,23319,23333,23336,23337,23338
EHINRW;16378,21194,22636,23208,23335,23337
EHINSS;9241,16379,23210,23233,23265,23320,23331,23332,23339,23340
EHINST;9242,14031,16380,21195,22171,22638,23328,23333,23340,23341,23342
EHINSW;9244,16383,22639,23321,23335,23341
EHINSZ;16384,23342
EHINTW;16385,23337,23341,23344
EHINTY;23266,23299
EHINTZ;23338,23342
EHINUV;19305,23343
EHINWY;
EHIOPR;23323,23348,23349
EHIOPT;16387,23269,23351
EHIORS;16390,19309,21196,22645,23300,23327,23349,23352,23354,23355,23356,23357,23358
EHIORT;16391,19310,22646,23301,23346,23353,23355,23359,23360,23361
EHIOSS;23270,23350,23354,23362
EHIOST;14032,16392,19311,22648,23237,23271,23303,23328,23347,23351,23355,23362,23363,23364
EHIOTT;22650,23359,23363
EHIPPR;9246,16395,23211,23348,23365,23366
EHIPRS;9249,16397,23183,23238,23272,23349,23365,23369,23370,23371,23372
EHIPSS;9250,23184,23274,23331,23350,23369
EHIPSZ;23374
EHIRRS;9256,16401,19319,21201,23239,23352,23376,23377,23378
EHIRSS;9257,21202,22172,22654,23215,23240,23276,23332,23354,23369,23376,23381,23382,23383
EHIRST;9258,14035,16403,19322,21203,22173,22655,23186,23216,23277,23308,23333,23355,23370,23384,23385,23386,23387,23388
EHIRSV;9259,19324,21204,23279,23334,23378,23382,23386,23389
EHIRSW;9260,23242,23335,23357,23372,23383,23387
EHIRSX;
EHIRTT;16406,22658,23188,23310,23359,23384,23390
EHIRTV;19325,23336,23361,23379,23386
EHIRTW;9261,19326,21205,23189,23217,23281,23337,23380,23387,23390
EHIRTZ;23338,23388
EHISSS;23218,23244,23282,23339,23381,23392,23393
EHISST;9263,21207,23219,23283,23312,23340,23362,23394,23395
EHISSV;9264,23382
EHISSW;19328,23190,23383,23393
EHISTT;9265,14038,16408,19329,21208,23285,23363,23373,23384,23394,23396
EHISTU;23314,23385,23395
EHISTW;16409,19330,22660,23220,23246,23287,23341,23387,23396,23397
EHISZZ;16410,23288,23374,23398,23399
EHITTW;9269,23290,23390,23396
EHITWY;22662,23291,23397
EHJOPS;23400
EHJORS;23401
EHJOSS;23400,23401
EHKLPT;23405
EHKLSW;
EHKLWY;
EHKMSS;9271
EHKNOR;23402,23408
EHKNOY;23409
EHKNRU;23232,23410
EHKNUY;23412
EHKOOR;9275,16417,23235,23413
EHKOOY;21212,23414
EHKORS;14041,16418,23408,23413,23415,23416,23417
EHKORW;23416
EHKORY;23417
EHKRSU;16422,23241,23410,23419,23420
EHKSTY;16425
EHLLOR;23423
EHLLOS;9285,21216,23252,23422,23423,23424
EHLLRU;23255,23425
EHLLSS;
EHLLSY;16432,22177
EHLMMU;23427,23428
EHLMNU;23431
EHLMOP;23433
EHLMOS;23432,23433
EHLMOY;23430
EHLMSW;
EHLMTY;23435
EHLNOP;23262,23436
EHLNPY;23438
EHLOOS;16446,19339,22670,23268,23422,23432,23443,23444
EHLOOY;23444
EHLOPP;19341,23445,23446
EHLORT;9309,14048,16448,23437,23449,23451,23452
EHLORW;19343,23450,23451
EHLOSS;9310,19344,22181,22672,23270,23443,23453,23454,23455,23456
EHLOST;9311,16450,19345,23271,23449,23454,23457,23458,23459
EHLOSU;23424,23455
EHLOSV;23456
EHLOSW;14049,23450,23458
EHLOSY;23444,23448,23459
EHLOTW;23451,23458
EHLPPS;16451,23446,23461,23462
EHLPSS;9313,16452,21229,23274,23461,23464
EHLPSW;
EHLRRU;14050,16455,19347,23465
EHLRSU;9318,14051,16456,19348,22182,23278,23425,23463,23465,23466,23467,23468
EHLRTU;19349,23280,23439,23467
EHLRUY;23468
EHLSSU;14052,19350,21235,22184,23284,23434,23455,23464,23466,23469,23471
EHLSTT;9326,21238,23285,23457,23470,23472
EHLSTU;14053,19351,23467,23471,23472
EHLSTY;22185,23435,23459
EHLSVY;
EHLSXY;
EHMMOS;22675
EHMMRU;23473
EHMNOP;21243,23476
EHMNOT;9336,23429,23477
EHMNPU;23479
EHMNSU;14054,16458,19354,23298,23431,23479
EHMNSY;16459
EHMORS;14056,16463,21248,23300,23488,23489
EHMORT;9342,21249,23301,23489,23490,23491
EHMOSS;16465,23482,23488
EHMOST;19358,23303,23477,23483,23489
EHMOSY;23407,23492
EHMPRU;23305,23494,23495
EHMRRY;23496
EHMRST;9348,21252,23308,23489
EHMRSU;23309,23473,23494,23498,23499
EHMRSY;23496
EHMRUY;
EHMSSU;19362,23313,23434,23498,23501,23502
EHMSTY;23315,23435
EHMTYY;
EHNNUW;23508
EHNOOR;16472,19364,21260,23475,23503,23509,23510
EHNOOV;
EHNOPR;23323,23504,23511,23512
EHNOPS;23324,23436,23476,23511,23513,23514
EHNOPU;19366,23513,23515
EHNOPY;9361,23505,23512,23514,23515,23516
EHNORR;23326,23509,23517,23518,23519
EHNORS;9362,14060,19367,21262,22679,23327,23408,23510,23511,23517,23520,23521,23522,23523,23524
EHNORT;9363,14061,16474,19368,21263,22187,23437,23518,23521
EHNOSS;23520,23525,23526
EHNOST;14062,16476,23328,23477,23521,23525,23527,23528
EHNOSU;16477,19370,22681,23329,23513,23522,23526,23529
EHNOSY;19371,23409,23514,23524,23528
EHNRSU;16482,19373,22683,23410,23506,23522,23532
EHNRSY;23524,23531
EHNRTU;9374,14063,16483,19374,23439,23532
EHNSTT;23527
EHNSTY;9380,16485,21272,23528
EHOOOP;23536
EHOOPR;23537,23538
EHOOPY;23539
EHOORT;9384,14064,16490,23346,23540,23542
EHOORV;23541,23542
EHOOST;19382,21275,23347,23483,23540,23543
EHOOSV;23541
EHOOSY;16492,23414,23444
EHOPPR;16494,23348,23445,23545,23546,23547
EHOPPS;19386,23446,23545,23548
EHOPRS;16495,22684,23349,23511,23537,23545,23550,23551,23552,23553
EHOPRT;9385,14066,16496,23546,23550,23554,23555
EHOPRU;21276,23551,23554,23556
EHOPSS;21277,23350,23400,23548,23557,23558
EHOPST;9386,16498,21278,23351,23550,23558,23559
EHOPSU;14067,16499,23513,23551
EHOPUV;
EHORRS;9387,23352,23517,23560,23561
EHORRT;14068,16500,22189,23353,23518,23561,23562
EHORSS;16501,19388,21280,22190,23354,23401,23415,23488,23520,23560,23563,23564,23565,23566
EHORST;9388,14069,16502,19389,21281,22191,23355,23449,23489,23521,23540,23550,23561,23563,23567,23568,23569,23570
EHORSU;14070,16503,21282,23356,23522,23551,23564,23568
EHORSV;19390,23541,23565
EHORSW;19391,21283,23357,23416,23450,23523,23552,23566,23569,23571
EHORSY;16504,23358,23417,23524,23553,23571
EHORTT;14071,19393,21284,23194,23359,23567
EHORTU;9390,16506,22686,23360,23490,23554,23568,23572
EHORTV;23361,23542
EHORTW;16507,19394,21285,23451,23562,23569
EHORTX;9391,23570
EHORTY;23452,23491,23555,23572
EHORTZ;
EHOSSS;23418,23453,23557,23573,23574
EHOSST;21287,23362,23454,23525,23543,23558,23563,23573,23575
EHOSSU;16509,23455,23526,23564,23574
EHOSSV;23456,23565
EHOSSY;
EHOSTT;19395,22687,23363,23457,23527,23567,23575,23576
EHOSTW;9395,19397,21289,23458,23569
EHOSUY;
EHOTXY;23460,23493
EHPRSU;16513,23371,23463,23494,23551,23578
EHPRSY;16514,23531,23553,23579,23580
EHPRYZ;23580
EHPSST;9405,23558
EHPSSU;23464,23578
EHPSSY;16516,19399,23579
EHRRSU;14073,16518,22192,23377,23465,23584,23585
EHRRSY;23496
EHRRTU;9412,19401,22193,23497,23585,23586
EHRRWY;
EHRSSU;14074,16519,21299,22194,22689,23195,23419,23466,23498,23564,23578,23583,23584
EHRSSW;9415,21300,23383,23566
EHRSSY;23579,23587
EHRSTW;9418,21302,23387,23569,23589,23590
EHRSTY;16521,23587,23591
EHRTUW;23582,23590
EHSSSU;23196,23392,23469,23501,23534,23574,23593
EHSSTU;16522,23395,23471,23593
EHSSTY;16523,23587
EHSTTY;
EIIJMM;19404,23597
EIIJRV;
EIIKLL;23602,23603
EIIKLS;16526,19406,23199,23603,23605,23608,23610,23611,23612
EIIKLT;23607,23609,23612,23613
EIIKNP;23617,23618
EIIKNR;19407,23200,23601,23606,23617,23619,23620
EIIKRS;14080,21309,23610,23619,23624,23626,23627,23628
EIIKSV;23628
EIILLM;23630,23631,23632,23633,23634
EIILLN;14081,23631,23635
EIILLP;23602,23636
EIILLS;14082,16536,19411,22197,22695,23603,23633,23636,23637,23639,23640,23641
EIILLT;9433,23634,23638,23640,23642,23643
EIILLW;19412,23641
EIILMR;9435,14083,22198,23604,23632,23645,23648,23649,23650
EIILMS;21310,22199,23605,23633,23646,23649,23651,23652,23653,23654
EIILMU;23653,23655
EIILNR;9437,22697,23606,23657,23664,23665,23666
EIILNS;19416,22698,23656,23658,23662,23665,23667,23668
EIILNT;22699,23607,23659,23666,23668,23669,23670
EIILOR;23657,23671,23672,23673,23674
EIILOT;23659,23675
EIILPP;16539,23676,23677
EIILPR;23645,23671,23676
EIILRR;9439,22703,23648,23664,23672
EIILRV;9441,19420,21311,23594,23674,23681
EIILRW;
EIILRX;23682
EIILSV;14086,23654,23681,23683
EIILZZ;23687
EIIMMS;22705,23597,23691,23692,23693,23694
EIIMNN;22706,23695
EIIMNR;16544,22708,23696,23697,23698
EIIMNS;16545,21312,23695,23699
EIIMNT;9447,22709,23697,23699,23700,23701
EIIMPS;16548,22712,23646,23703,23705
EIIMRR;22203,22713,23615,23648
EIIMRT;9449,19423,21314,23650,23697,23708
EIIMRX;
EIIMST;9451,16552,19424,21315,22205,23652,23693,23699,23705,23708,23710,23713,23714
EIINNP;22715,23715,23718
EIINNT;23616,23720,23721,23723,23724
EIINOS;16557,19427,23658,23717,23726,23728,23730,23731,23732
EIINOZ;16559,19429,23661,23729,23732
EIINPR;23596,23617,23696,23725,23733,23734
EIINPS;16560,22720,23618,23662,23718,23726,23734,23735
EIINPT;23735,23736
EIINQU;9455,23719,23737,23738,23739,23740
EIINRT;9458,16562,19432,21318,22208,22723,23207,23666,23697,23720,23741,23742,23743
EIINRV;19434,21319,22724,23698,23742
EIINRW;19435,22725,23208,23743
EIINSS;16564,19436,22210,22727,23210,23621,23667,23730,23744,23745,23746
EIINST;9459,14090,16565,19437,21320,22211,22728,23622,23668,23699,23721,23731,23735,23745,23747,23748,23749,23750
EIINSX;9460,22213
EIINSZ;22731,23732,23746,23751
EIINTV;19440,21322,22732,23700,23723,23742,23749,23752
EIIPPR;16569,19449,23211,23676,23733,23760,23761,23762,23763
EIIPPY;23765
EIIPRS;16571,19450,23624,23703,23734,23766,23769,23770,23771,23772
EIIPRT;16572,19451,22214,23213,23762,23767,23770
EIIPRU;
EIIPST;16573,21323,23678,23705,23735,23764,23770,23774
EIIPSX;
EIIRRW;
EIIRSS;16574,23215,23627,23707,23769,23778,23779
EIIRSV;23628,23681,23757,23771,23779,23780,23782
EIIRSZ;23782,23783
EIIRVZ;23782
EIIRWZ;23773,23783
EIISSS;16578,23218,23709,23744,23778,23785
EIISSV;22220,23683,23711,23779,23786
EIISTV;14096,19460,21327,23599,23749,23780,23786,23790
EIISTY;
EIISVV;14098,16579,19461
EIISVZ;23782,23792
EIITTT;23775,23789
EIIVZZ;19463,23792
EIJKNR;22741,23795,23796,23797
EIJKNT;23798
EIJKNU;23797,23799
EIJKOR;16581
EIJLLT;23804
EIJLMS;
EIJLRT;23805,23807
EIJLTU;23808
EIJMOS;
EIJMPR;23598,23809
EIJNNO;23221,23811
EIJNOR;19465,23812,23813,23814
EIJNRU;19468,23797,23816,23818,23819
EIJNSX;
EIJNTY;23820
EIJOPT;23822
EIJRSU;16583,23819
EIJRSV;9481
EIJRTT;21336,23823,23824,23825,23826
EIJSTU;16584,23808,23827,23829
EIJSTV;23599
EIJSUV;23828
EIJSZZ;
EIKKLN;22750,23600,23830,23831
EIKKOO;23835
EIKKRS;16586,19475,23222,23834,23836,23837
EIKKRY;23837,23838
EIKLLR;23842
EIKLLY;9488
EIKLMN;9489,23844,23845,23846
EIKLMR;9491,16587,23604,23846,23847
EIKLMS;14105,16588,23605,23847
EIKLNN;23845,23848,23849
EIKLNR;9494,14106,16589,19478,22753,23606,23830,23846,23851,23852,23853,23854,23855
EIKLNS;9495,14107,16590,19479,22754,23831,23848,23850,23852,23856,23857,23858,23859,23860,23861
EIKLNT;9496,19480,21343,22755,23607,23853,23857,23862,23863,23864
EIKLNU;9497,19481,22225,23849,23854,23858,23863
EIKLNV;9498,23859
EIKLNW;19482,22756,23839,23855,23860,23864
EIKLOO;23865
EIKLOX;14111,22228
EIKLRS;9502,14112,16595,19486,22757,23610,23842,23847,23852,23874,23875
EIKLRT;9503,16596,19487,23853,23874,23876
EIKLSS;9507,16598,21348,23611,23856,23877,23878
EIKLST;9508,16599,19488,21349,23612,23843,23857,23871,23874,23879
EIKLSV;23859
EIKLSY;14114,16601,23832,23861,23873,23880
EIKLTT;19489,23613,23862,23876,23879
EIKMMR;23881,23882
EIKMNR;9513,23833,23846,23884,23885
EIKMNS;9514,22761,23883,23885,23886,23887,23888
EIKMOS;23889,23890,23891
EIKMRR;23615,23881,23894,23895
EIKMRS;16602,19492,23847,23882,23885,23889,23894,23896,23897,23898
EIKMSS;9517,23886,23890,23896,23899,23900,23901
EIKMST;9518,16605,23887,23892,23897,23899,23902
EIKMSU;23893,23898,23900,23902
EIKMSY;16606,23891,23901
EIKMTU;23902
EIKNNO;23903,23904
EIKNNP;23905
EIKNOO;23907,23908
EIKNOS;19494,21353,23229,23850,23904,23908,23909,23912,23913
EIKNOV;19495,22765,23910,23913
EIKNPP;22766
EIKNPR;9520,19496,22767,23617,23795,23851,23914,23915,23916
EIKNPS;19497,23618,23905,23909,23915,23917,23918,23919
EIKNPU;23916,23918
EIKNPY;16609,21354,23919
EIKNRS;9522,14116,16611,19499,21355,22230,23230,23619,23796,23834,23852,23885,23906,23915,23920,23921,23922
EIKNRT;9523,21356,23231,23853,23921,23923
EIKNRW;9524,23855,23911,23922
EIKNSS;9525,16612,21357,23233,23621,23856,23886,23912,23920,23924
EIKNSU;14117,23234,23799,23858,23918,23924
EIKNSV;23859,23913
EIKNSZ;9529,19503
EIKNTT;19504,23862,23923,23925,23926
EIKOOR;14118,22775,23235,23835,23907,23928,23929
EIKOPP;23931,23932
EIKOPR;16616,23931,23933,23934
EIKOPS;16617,23909,23932,23934,23935
EIKORR;16618,19506,22232,23928,23933,23936
EIKORS;14120,19507,23889,23929,23934,23936,23937,23938
EIKORY;23868,23938
EIKOSS;23890,23912,23939
EIKOSZ;
EIKPPR;23931,23940
EIKPPT;23941
EIKPRS;9535,16623,21360,23238,23624,23915,23934,23940,23942,23943
EIKPRU;23916
EIKPSS;23625,23942,23944
EIKPSY;23873,23919,23943
EIKRRS;9538,14123,16628,19511,21362,22233,23239,23626,23894,23936,23946,23947
EIKRSS;9539,16630,19512,23240,23627,23836,23896,23920,23942,23946,23948,23949,23950
EIKRST;9540,14124,16631,19513,21363,22234,23874,23897,23921,23937,23947,23949,23951,23952
EIKRSV;23628,23950
EIKRSY;16634,21364,23243,23837,23938,23943
EIKRUY;16637,21365,23838
EIKSSS;9544,23244,23877,23944,23948
EIKSST;16638,21366,23899,23939,23949,23953,23954,23955
EIKSSV;23950
EIKSTT;9545,16639,21367,23629,23879,23925,23951,23953
EIKSTW;16640,23246,23954
EILLMO;19517,23959,23960,23961
EILLMR;23632,23962
EILLMS;16642,22235,23633,23959,23962,23963,23964,23965
EILLMT;21369,23634,23960,23964,23966
EILLMU;19518,23958,23961,23965,23966
EILLNO;16643,22777,23249,23968
EILLNP;22778,23967
EILLNT;22780,23970
EILLOR;16645,19520,22783,23802,23973,23974,23975,23976
EILLOS;16646,19521,22238,22784,23252,23803,23840,23957,23959,23968,23972,23973,23977,23978,23979
EILLOT;23960,23977
EILLPU;9554,23983
EILLRS;9558,14130,21372,22241,22786,23253,23637,23842,23962,23973,23981,23986,23987,23988
EILLRT;9559,19527,21373,23254,23638,23985,23987,23989
EILLRW;9561,23975,23988
EILLSS;9562,19530,21376,23639,23963,23969,23982,23986,23990,23991
EILLST;9563,14132,16647,19531,21377,22242,22787,23640,23804,23843,23964,23970,23977,23987,23990,23992,23993,23994
EILLTT;23642,23989,23992
EILLTU;23966,23984,23993
EILLTW;19534,23994
EILLVY;
EILLWY;23995
EILMMR;9568,22790,23997,23998
EILMNO;9571,23996,23999,24000,24001
EILMNR;9573,14134,21382,22792,23846,24003
EILMNS;9574,14135,19537,21383,22793,24000,24002,24003,24004,24005,24006
EILMNU;9576,19538,22245,22795,23958,24005
EILMNY;21384,22797,24006
EILMOR;9577,14136,19541,22798,24009,24010,24011,24012
EILMOS;14137,19542,22799,23959,24000,24007,24011,24013,24014
EILMOT;16650,22246,23960,24001,24012,24014
EILMPP;19544,24015,24016
EILMPR;9578,16651,19545,23645,24009,24017,24018,24019
EILMPS;9579,19546,22801,23646,24002,24015,24017,24020,24021,24022,24023,24024,24025
EILMPT;9580,21385,23647,24021,24026
EILMPU;24016,24018,24022
EILMPW;19547,23258,24023
EILMPX;24024
EILMRS;9582,14138,22247,23649,23847,23962,23997,24003,24011,24017,24029,24030,24031,24032,24033
EILMRT;9583,14139,21386,23650,24012,24030,24034
EILMRV;21387,24032,24035
EILMSS;9584,22248,23651,23963,24004,24013,24020,24029,24036,24037,24038,24039
EILMST;19548,21388,22249,22802,23652,23964,24014,24021,24030,24037,24040,24041
EILMSU;14141,16652,23259,23653,23965,24005,24022,24031,24038
EILMSY;24006,24025,24033,24039
EILMTU;23966
EILMTY;9586,24026,24034
EILMZZ;19552,24042
EILNNO;21389,22250,24044
EILNNS;19553,22803,23656,23848,24047,24048,24049,24050,24051
EILNNT;21390,24048
EILNNU;16653,19554,23849,24045,24049
EILNNW;24050
EILNNY;9587,24046,24051
EILNOO;14143,19555,23999,24052,24053,24054,24055
EILNOP;9588,16654,22804,23262,24052,24056,24057,24058,24059
EILNOR;9589,21392,23657,24044,24053,24057,24060,24061,24062
EILNOS;9590,14144,16655,19556,21393,22251,22805,23658,23850,23968,24000,24054,24058,24061,24063,24064,24065
EILNOT;9591,16656,19557,22806,23263,23659,24001,24059,24062,24064,24066,24067,24068
EILNPP;19559,22807,24056,24070
EILNPS;9593,16658,19560,21394,22809,23264,23662,24002,24058,24070,24071,24073,24074,24075
EILNPT;9594,21395,22810,24059,24074,24076
EILNPU;19561,24045,24072,24075,24077
EILNRS;9599,14146,21396,22813,23665,23852,24003,24061,24071,24078,24079
EILNRT;9600,19562,22814,23666,23853,24062,24078,24080
EILNRU;23854,24072
EILNSS;9605,21398,22253,22816,23265,23667,23856,23969,24004,24047,24063,24073,24082,24083,24084,24085,24086,24087
EILNST;9606,14148,16659,19563,21399,22817,23668,23857,23970,24048,24064,24074,24078,24083,24088,24089,24090,24091
EILNSU;9607,14149,16660,22818,23858,24005,24049,24065,24075,24084,24088,24092,24093,24094
EILNSV;9608,23859,24079,24085,24089,24092,24095
EILNSY;9611,14150,19565,21400,23861,24006,24051,24087,24091,24094,24095
EILNTT;21401,22821,23669,23862
EILNTU;9612,16661,19566,22822,23670,23863,24066,24088
EILNTV;9613,21402,24067,24089
EILNTW;19567,22823,23864,24068,24090
EILNTY;23266,24076,24080,24091
EILNUV;9614,19568,21403,23971,24077,24092
EILNUY;22824,24094
EILOOR;14153,23267,24053,24097,24098,24099,24100
EILOOS;14154,16662,19569,22254,22826,23268,24007,24054,24098,24101,24102,24103
EILOOT;16663,24099,24102,24104
EILOOW;24100,24103
EILOPS;9619,16665,19571,22827,23972,24058,24106,24108,24110,24111,24112,24113
EILOPT;16666,19572,21404,23269,23866,24059,24109,24111,24114,24115
EILORS;14159,16667,19574,21405,22828,23673,23973,24011,24061,24098,24108,24116,24118,24119,24120,24121,24122
EILORT;14160,16668,19575,21406,22258,23805,24012,24062,24099,24109,24119,24123,24124,24125
EILORU;16669,23974,24117,24120,24124
EILORV;9620,21407,23674,24121,24125
EILORW;14161,19576,23806,23975,24100,24122
EILORY;14162,23868
EILOST;9622,14163,16671,21408,22830,23271,23675,23977,24014,24064,24102,24111,24119,24127,24128,24129,24130,24131
EILOSU;22260,22831,24065,24112,24120,24128
EILOSV;19577,23978,24113,24121,24126,24129
EILOSX;14165,22261
EILOTT;16672,24114,24123,24127
EILOTU;19579,24066,24124,24128,24132,24133
EILOTV;9623,24067,24125,24129,24132
EILPPR;9624,16673,19580,22262,22832,23676,23980,24105,24135,24136,24137,24138
EILPPS;9625,19581,22263,23677,24015,24070,24106,24136,24139,24140,24141,24142
EILPPT;19582,24137,24140
EILPPU;19583,22264,24016,24138,24141
EILPRS;9626,16674,21411,22265,23272,23981,24017,24071,24108,24136,24143,24144
EILPRT;9627,19584,21412,23273,24109,24137,24144,24145,24146
EILPRU;19585,21413,22833,24018,24072,24138,24147
EILPRY;22266,23870,24019
EILPSS;9629,16675,19586,21414,23274,23982,24020,24073,24110,24139,24143,24148,24149,24150,24151
EILPST;9630,21415,22834,23678,23871,24021,24074,24111,24140,24144,24149,24152,24153
EILPSU;16676,19587,23872,23983,24022,24075,24112,24141,24153,24154,24155
EILPSV;16677,24113
EILPSW;24023,24142,24150
EILPSX;24024
EILPTU;16678,24153
EILPZZ;24156
EILRRU;14167,16681,19590,22836,24027,24117,24161
EILRSS;9635,14168,16682,19591,21420,22837,23276,23986,24029,24118,24143,24163,24164,24165
EILRST;9636,14169,16683,21421,22271,22838,23277,23680,23807,23874,23987,24030,24078,24119,24144,24163,24166,24167,24168
EILRSV;9637,16685,19592,21423,23279,23681,24032,24079,24121,24164,24169,24171
EILRSW;9638,19593,23988,24122,24165,24170
EILRTT;9639,14170,16687,21425,22272,22841,23876,23989,24123,24145,24166,24173
EILRTU;9640,14171,16688,19595,22273,23280,24124,24158,24167,24174
EILRTY;9642,14172,19597,22274,22842,24034,24080,24168,24173
EILRUW;24170
EILRVY;9644,19598,21426,24035,24081,24171
EILSSS;9646,14176,16689,21427,22277,22845,23282,23877,24036,24082,24148
EILSST;9647,14177,19602,21428,22278,22846,23283,23990,24037,24083,24149,24163,24175,24176,24177
EILSSV;9649,21430,23683,24085,24126,24164,24178
EILSSW;9650,21431,22847,24086,24150,24165,24176,24178
EILSSZ;24151,24179
EILSTT;19603,22279,23285,23684,23879,23992,24040,24127,24152,24166,24175,24180,24181,24182,24183
EILSTU;9651,14178,16691,19604,22280,22848,23685,23808,23993,24088,24128,24153,24167,24181
EILSTV;9652,21433,23286,24089,24129,24182,24184
EILSTX;21434
EILSTY;9654,19606,24091,24168,24177,24183,24184,24185
EILSUY;24094,24154
EILSUZ;24155
EILSVW;21436,24178
EILSVX;
EILSWY;23995
EILSXY;23880
EILSZZ;19608,21437,22281,23288,23687,24042,24156,24172,24179,24187,24188
EILTTT;19609,24180
EILTTU;14181,16692,19610,23289,24181
EILTTV;19611,24182
EILTTY;24157,24173,24183
EILTVY;9657,24184
EILUVV;24186
EILVVY;
EILVWY;21440
EILZZZ;19613,24188
EIMMMR;
EIMMNR;24193,24194
EIMMNU;24194,24195
EIMMOP;24196
EIMMOR;24197
EIMMOS;9661,14182,16693,24190,24196,24197,24198,24199
EIMMRR;9663,14183,16694,22852,23881,24200,24203,24204,24205
EIMMRS;9664,19617,21442,22853,23292,23691,23882,23997,24193,24197,24201,24203,24206,24207,24208,24209
EIMMRU;16695,19619,22283,22854,23998,24194,24202,24205,24208,24210
EIMMST;9667,19620,21444,23693,24191,24198,24207,24211,24213,24214
EIMMSW;24209
EIMMSY;23293,24215
EIMNNT;9669,21446,24217
EIMNNX;
EIMNOP;19623,24222,24223,24224
EIMNOR;9670,14184,16697,19624,22284,22862,23884,24216,24218,24222,24225
EIMNOS;9671,16698,19625,21447,22863,23294,24000,24219,24223,24225,24226,24227,24228
EIMNPS;19626,23295,24002,24223,24231,24232
EIMNPT;22869,24224,24230,24232,24233
EIMNRS;9676,16700,19627,21449,22871,23296,23885,24003,24193,24225,24236,24237,24238
EIMNRT;9677,22872,23697,24230,24236,24239
EIMNRU;16701,19628,22873,23297,24194,24235,24237,24239
EIMNRV;9678,21450,23698,24238,24240
EIMNSX;24247
EIMNSZ;24248
EIMNTT;21456,22285,24244
EIMNTU;14185,19632,24233,24239,24245
EIMNTY;9684,23299,23701,24229
EIMNUX;19633,24247
EIMNZZ;24248,24249
EIMOOR;14186,16703,19634,24218,24250,24251
EIMOPR;9687,16704,19636,24009,24222,24252,24253,24254,24255,24256
EIMOPS;19637,21457,24196,24223,24254,24257,24258,24259,24260
EIMOPT;16705,21458,24224,24258
EIMORS;9689,14188,19639,21459,22879,23300,23889,24011,24197,24225,24251,24254,24262,24263,24264,24265
EIMORT;16708,23301,24012,24263,24266,24267
EIMOSS;14191,19641,21460,22880,23702,23890,24013,24226,24257,24262,24269,24270,24271
EIMOST;9690,19642,22286,22881,23303,24014,24198,24227,24258,24263,24270,24272,24273,24274,24275,24276
EIMOSU;24264,24271,24273
EIMOSV;24199,24265,24274
EIMOSX;16710,24259,24275
EIMOTV;14193,16712,19645,21461,24267,24274
EIMOTY;24229
EIMOZZ;24278
EIMPRR;9693,16715,21462,24200,24253,24280,24281,24282
EIMPRS;9694,16716,21463,23703,24017,24201,24254,24280,24283,24284,24285
EIMPRT;9695,19647,21464,24230,24281,24284,24286,24287
EIMPRU;14194,16717,19648,23305,23809,24018,24202,24282,24285,24286
EIMPRX;24287
EIMPSU;16718,19649,22882,23307,23893,24022,24285,24289,24290,24292
EIMPTU;19650,24233,24286,24290
EIMPUY;24292
EIMRRS;9704,19651,21469,22287,23894,24203,24280,24295,24296
EIMRRT;21470,24204,24281,24295
EIMRSS;9706,21473,23707,23896,24029,24206,24262,24283,24297,24298,24299
EIMRST;9707,14195,16719,21474,22288,23308,23708,23897,24030,24207,24236,24263,24284,24295,24297,24300,24301,24302
EIMRSV;9709,24032,24238,24265,24299
EIMRSX;21475
EIMRSY;9711,19653,24033,24302
EIMRTU;9712,14197,24239,24286,24301,24303,24304,24305
EIMRTX;24287,24305
EIMRUV;24304
EIMSSS;9716,21477,23709,24036,24241,24269,24307,24308,24309
EIMSST;9717,14199,19655,21478,22885,23312,23710,23899,24037,24211,24242,24270,24288,24297,24307,24310
EIMSSU;16721,19656,23313,23900,24038,24212,24243,24271,24289,24298,24308
EIMSSX;24309
EIMSTY;19659,23315,24291,24302,24310,24312
EIMSUV;9723
EIMSZZ;24042,24248,24278
EIMTYZ;9725,23317,24312
EINNNR;22887,24315
EINNOO;19661,22889,24316
EINNOR;14202,19663,22292,22891,23903,24044,24216,24320,24321,24322,24323
EINNOT;9727,19665,24217,24318,24321,24325,24328
EINNOY;24327
EINNPR;9728,22893,24330,24331,24332
EINNPS;21480,23718,23905,24317,24330,24333,24334
EINNPT;9729,24318,24331,24333
EINNRS;9730,19666,21481,22293,22896,23906,24315,24320,24330,24336,24337,24338,24339
EINNRT;9731,21482,22897,23319,23720,24321,24331,24337,24340
EINNRU;9732,19667,21483,22294,22898,24322,24332,24335,24338,24341
EINNRW;21485,24339
EINNST;9734,16724,19668,21486,22902,23721,24048,24325,24333,24337,24342,24345,24346,24347
EINNSU;14205,19669,22295,22903,24049,24338,24343,24346,24348
EINNSV;21487,24326,24347
EINNTT;9737,22906,24328,24345
EINNTV;22907,23723,24340,24347
EINNTY;
EINOOT;14208,16725,24220,24353,24355,24356
EINOPP;22911,24056,24358,24359
EINOPR;16726,19675,21490,22296,22912,23323,23725,24057,24222,24358,24360,24361,24362,24363
EINOPS;9738,19676,21491,22913,23324,23726,23909,24058,24223,24317,24359,24361,24364,24365,24366,24367
EINOPT;16727,19677,24059,24224,24318,24362,24365,24368,24369
EINOPW;24366
EINOPY;24367
EINORR;16728,19679,21492,22914,23326,23727,24060,24360,24371
EINORS;9740,16729,19680,22915,23327,23728,23812,24061,24225,24320,24352,24361,24371,24372,24373,24374,24375,24376,24377
EINORT;9741,14209,16730,22916,23813,24062,24321,24362,24373,24378,24379,24380,24381
EINORV;16732,22917,23910,24323,24363,24375
EINORX;24377
EINOSS;9742,14211,16734,19683,21493,23730,23912,24063,24226,24324,24364,24372,24382,24383,24384,24385
EINOST;9743,14212,16735,19684,23328,23731,23815,24064,24227,24325,24353,24365,24373,24383,24386,24387,24388
EINOSV;9744,14213,16736,23913,24326,24375,24389
EINOSW;19685,22920,24228,24366,24376,24387
EINOSZ;9745,14215,22922,23732,24354,24385
EINOTT;14216,16737,22923,24328,24368,24378,24386,24390
EINOTW;24068,24355,24380,24387
EINOTX;16738,24388
EINOVW;24329
EINPPR;9748,22927,23733,24358,24391
EINPPS;9749,19686,21494,22928,23330,24070,24359,24391,24392,24393,24394
EINPPW;24394
EINPRS;9750,16741,19687,21496,22297,22929,23734,23915,24071,24330,24361,24391,24397,24398,24399
EINPRT;9751,19688,21497,24230,24331,24362,24395,24398,24400
EINPRU;22930,23816,23916,24072,24332,24396,24399,24400
EINPRY;16742,22932
EINPSS;9752,21499,22933,23331,24073,24231,24364,24392,24397,24401,24402
EINPST;9753,16743,19689,21500,23735,23917,24074,24232,24333,24365,24393,24398,24401,24403,24404,24405
EINPSU;19690,22934,23817,23918,24075,24399,24402,24404
EINPTT;9755,22937,23736,24368,24403,24406
EINQRU;21502,23737,24407,24408,24409
EINQSU;16745,21503,23738,24234,24407,24410,24411,24412,24413
EINQTU;9758,21504,23739,24411,24414,24415
EINQUU;22939,24408,24412,24415
EINQUZ;23740,24413
EINRRS;9759,14217,21506,22940,24371,24416,24417
EINRRU;16746,19692,23818,24235,24335,24396,24417,24418
EINRSS;9761,16747,21509,22942,23332,23920,24336,24372,24397,24416,24419,24420,24421
EINRST;9762,16748,19693,21510,22298,22943,23333,23921,24078,24236,24337,24373,24398,24419,24422,24423,24424,24425,24426
EINRSU;14218,19694,22299,22944,23819,24237,24338,24374,24399,24407,24417,24420,24423,24427
EINRSV;9763,16749,19695,21511,22945,23334,24079,24238,24375,24421,24424,24428
EINRSW;16750,19696,21512,22946,23335,23922,24339,24376,24425,24427,24428,24429
EINRSX;21513,24377
EINRSY;14219,22947,24426,24429
EINRTT;9764,14220,16751,19697,21514,22949,23741,23923,24378,24422,24430,24431
EINRTU;9765,14221,19698,21515,22950,24239,24379,24400,24418,24423,24430,24432,24433
EINRTV;22951,23336,23742,24340,24424,24432
EINRTW;9766,23337,23743,24380,24425,24431,24433,24434
EINRTY;19700,22952,24080,24426,24434
EINRUV;9767,16752,24341,24432
EINRUW;9768,19701,24427,24433
EINRVW;24428
EINRVX;
EINRVY;22954,24081,24240
EINRWY;9771,24429,24434
EINSSS;9772,21517,22955,23339,23744,24082,24241,24382,24435,24436,24437
EINSST;9773,16753,19702,21518,22301,22956,23340,23745,24083,24242,24342,24383,24401,24419,24435,24438,24439,24440,24441
EINSSV;9774,19704,21519,24085,24421,24439
EINSSW;19705,21520,22957,24086,24440,24442,24443
EINSTT;9775,19707,21521,22960,23747,23925,24244,24345,24386,24403,24422,24444,24445,24446
EINSTU;9776,16755,19708,21522,22961,23748,24088,24245,24346,24404,24411,24423,24438,24444
EINSTV;9777,21523,22962,23749,24089,24347,24424,24439
EINSTW;9778,22963,23341,23750,24090,24246,24387,24405,24425,24440,24445,24447
EINSTY;16756,19709,21525,23820,24091,24426,24441,24446,24447
EINSUW;24348,24427,24442,24448
EINSUX;22303,24093,24247
EINSVW;24428,24448
EINSVX;22966
EINSWY;9782,16757,22967,24349,24429,24443,24447
EINSWZ;24449
EINTTU;24414,24430,24444,24451
EINTTY;23926,24406,24446,24451
EINTWY;24434,24447
EINUVW;19711,24448
EINWZZ;24449
EIOOPW;23345,24456
EIOORR;22306,23928,24250,24453,24457
EIOORS;16761,19712,22307,22973,23929,24098,24251,24352,24458
EIOORT;22308,23346,24099,24457,24458,24459
EIOORZ;14224,19714,24459,24460
EIOOST;14225,16762,19716,22310,22975,23347,23930,24102,24353,24455,24458,24461,24462,24463
EIOPPS;16764,19722,22976,23932,24106,24359,24465,24466,24468,24469
EIOPPT;21526,24467,24469
EIOPRR;22311,23933,24253,24360,24453,24471,24472,24473
EIOPRS;9787,16765,19723,22977,23349,23934,24108,24254,24361,24466,24471,24474,24475,24476,24477
EIOPRT;16766,19724,22312,24109,24362,24467,24472,24475,24478,24479,24480
EIOPRU;22978,24470,24473,24476,24479
EIOPRX;19726,24477
EIOPSS;9788,19727,21527,23350,24110,24257,24364,24468,24474,24482,24483,24484
EIOPST;9789,16767,19728,21528,23351,23822,23935,24111,24258,24365,24455,24469,24475,24483,24485,24486,24487,24488
EIOPSY;24260,24367,24488
EIOPTT;19730,23754,24114,24368,24478,24485
EIOPTU;24369,24479,24486,24490
EIORRR;9791,24493,24494,24495
EIORRS;14228,16770,21531,22979,23352,23936,24116,24371,24471,24493,24496,24497,24498,24499
EIORRT;14229,19733,22313,23353,24457,24472,24494,24497
EIORRU;16771,22980,24117,24473,24500
EIORRW;19734,22314,24261,24495,24499
EIORSS;14230,16773,19735,21532,22315,23354,24118,24262,24372,24474,24496,24502,24503,24504,24505,24506,24507
EIORST;9792,14231,16774,19736,21533,22316,22982,23355,23756,23937,24119,24263,24373,24458,24475,24497,24503,24508,24509,24510,24511
EIORSV;9793,16776,19737,21534,23757,24121,24265,24375,24498,24505,24510
EIORSW;16777,19738,23357,24122,24376,24499,24511
EIORSX;24377,24477,24506
EIORSY;14233,23358,23938
EIORSZ;16778,19739,24507
EIORTT;16779,19740,23359,23823,24123,24266,24378,24478,24508,24512,24513,24514
EIORTU;19741,22317,22983,23360,24124,24379,24479,24491,24509,24513,24515,24516
EIORTW;16781,24380,24511,24517
EIOSST;9794,16785,21536,22319,22987,23362,23939,24270,24383,24461,24483,24503,24518,24519
EIOSTU;19746,24128,24273,24486,24509,24518,24521,24523,24524
EIOSTV;16789,19747,22989,24129,24274,24510,24519,24523,24525
EIOSTW;16790,19748,24130,24387,24511,24522
EIOSTZ;9796,16793,19750,22321,23759,24131,24276,24463,24524
EIOSWY;
EIOSZZ;16794,24278,24489
EIOTTT;24390,24512,24520
EIOTTU;24279,24513,24521
EIOTUV;19752,22990,24132,24515,24523
EIOTVV;24525
EIPPRR;19756,22322,22991,23761,24135,24528,24529
EIPPRS;9800,16796,19757,22992,23365,23940,24136,24391,24466,24528,24530,24531,24532,24533,24534
EIPPRT;9801,19758,22323,23762,24137,24467,24529,24531,24535
EIPPRU;16797,24138,24527,24532
EIPPRY;9802,24533
EIPPRZ;9803,23763,24534
EIPPSS;9804,24139,24392,24468,24530,24536
EIPPST;9805,16798,19759,21539,23367,23764,23941,24140,24393,24469,24531,24536,24537
EIPPTT;21540,24535,24537
EIPPUY;24538
EIPQSU;21543,24539
EIPQTU;16799,24539
EIPRRS;9808,16800,21545,22995,23766,24280,24471,24528,24540,24541,24542,24543
EIPRRU;24282,24396,24473,24542,24544,24546
EIPRRZ;21549,24543
EIPRSS;9810,16801,19761,21550,23369,23769,23942,24143,24283,24397,24474,24530,24540,24547,24548,24549,24550
EIPRST;9811,16802,19762,21551,22324,23370,23770,24144,24284,24398,24475,24531,24541,24548,24551,24552,24553,24554,24555
EIPRSU;9812,16803,19763,23371,24285,24399,24476,24532,24542,24549,24552,24556
EIPRSV;9813,21552,23771,24553
EIPRSW;9814,21553,23372,23772,24550
EIPRSZ;24534,24543
EIPRTT;9815,21555,24145,24478,24535,24551,24557
EIPRTV;9816,24480,24553
EIPRTX;24146,24287,24554
EIPRTY;16806,21556,22325,24545,24555
EIPRXY;9818,16807
EIPSSS;9819,16808,21559,23944,24148,24482,24547,24559
EIPSST;9820,14242,16809,24149,24288,24401,24483,24536,24548,24560
EIPSSU;14243,19765,24289,24402,24484,24549,24559,24561
EIPSSW;9822,24150,24550
EIPSTT;9823,19767,21560,23373,23774,24152,24403,24485,24537,24551,24562,24563
EIPSTU;9824,19768,23945,24153,24290,24404,24486,24539,24552,24562
EIPSTW;9826,21561,24405
EIPSUZ;19770,24155,24561
EIPSWY;
EIPSXY;19771
EIPTTU;19772,23776,24557,24562
EIQRSU;16810,19773,21563,24407,24564,24565,24566
EIQRTU;14244,19774,21564,24158,24491,24565,24567
EIQRUV;9828,24566,24568
EIQSTU;21565,24293,24411,24539,24565,24570
EIQTUY;24160
EIRRSS;9832,21567,23376,23946,24416,24496,24540,24573
EIRRST;9833,19777,21568,22999,23947,24295,24497,24541,24572,24573,24574,24575,24576,24577
EIRRSV;9834,19779,21569,23001,23378,24498,24576
EIRRSW;21570,24499,24577
EIRRTT;9835,16813,22329,23002,24574,24579
EIRRTW;9836,21572,23380,24162,24577
EIRRVY;
EIRRZZ;22333,24578
EIRSST;9840,14250,19781,21575,22334,23003,23949,24163,24297,24419,24503,24548,24573,24580,24582,24583,24584
EIRSSU;9841,14251,16817,19782,21576,22335,23004,24298,24420,24504,24549,24564,24581,24583,24585,24586,24587
EIRSSV;16818,21577,23382,23779,23950,24164,24299,24421,24505,24584,24586
EIRSSW;23383,24165,24550,24587
EIRSSX;24506
EIRSSY;
EIRSSZ;9842,21578,24507
EIRSTT;9843,14252,16819,21579,22336,23384,23824,23951,24166,24300,24422,24508,24551,24574,24582,24588,24589,24590,24591
EIRSTU;14253,16820,19783,21580,22337,23005,23385,23952,24167,24301,24423,24509,24552,24565,24575,24583,24589,24592
EIRSTV;9844,19784,21581,23006,23386,23780,24424,24510,24553,24576,24584,24590,24592
EIRSTW;9845,16821,19785,21582,22338,23387,23781,24425,24511,24577,24591
EIRSTZ;21583,22339,23388
EIRSVV;9847,21585,24593
EIRSVW;9848,21586,24428,24594
EIRSVZ;23782
EIRTTT;9849,24512,24588,24595
EIRTTV;9850,24514,24590,24596
EIRTTW;9851,23390,23784,24431,24591,24595
EIRTUV;22344,24174,24304,24432,24515,24592,24596
EIRTVY;9855,14256
EISSSS;9857,23785,24597
EISSSU;16827,19787,23010,23392,24308,24436,24559,24581,24598,24601
EISSSW;9859,23393,24597,24599,24601
EISSTT;23394,23953,24175,24582,24602
EISSTU;14258,16828,19788,23395,23827,24438,24518,24583,24598,24603,24604
EISSTV;9861,19789,21589,23786,24439,24519,24584,24603,24605
EISSTW;21590,23954,24176,24440,24599,24605
EISSTX;9862,21591,23787,24600
EISSVW;24178,24605
EISTTW;9869,19790,21592,23396,24445,24522,24591,24608
EISTTY;9871,21593,22348,24183,24446,24563,24602
EISTVW;9872,24605
EISTZZ;23791
EISUVZ;
EISWZZ;19791,23399,24187,24449,24606
EISZZZ;24188
EITTTX;
EJKNRU;23797,24611
EJKNTU;24612
EJKOPS;
EJKORS;
EJLLOR;23802,24615,24616
EJLLOS;23803,24615,24617
EJLLOY;24616,24617
EJLOPS;
EJLORT;23805,24618
EJLORW;23806,24619
EJLOST;19793,24618,24620
EJLOSU;9882
EJLPSU;
EJLRSU;
EJLSTU;19794,22349,23014,23808,24622
EJMOOS;
EJMOST;24624
EJMPRU;23809,24625
EJNOST;23815,24628,24629
EJNOSY;
EJNOTT;24629
EJNSXY;
EJOOSY;24631
EJOPRT;16837,24632,24633,24634
EJORSS;23401,24635
EJORTT;23823,24634,24636
EJOSSS;24635
EJOTTU;24638
EJPSTU;
EJRSTU;24637,24640
EJRSUV;
EKKOPS;16840,24644
EKKOPU;24644
EKKORS;
EKLLNS;
EKLLSS;
EKLLSV;
EKLLSY;21616
EKLMMU;24648
EKLMSS;24649
EKLMSU;16845,24645,24648,24649
EKLNOS;16846,21621,23403,23850,24651,24652,24653
EKLNOU;24653
EKLNRU;14268,16847,19805,22352,23854,24654,24656
EKLNST;9909,23857,24657
EKLOOR;24658
EKLOPT;23866,24659
EKLOST;9913,16849,24659,24660
EKLOSY;
EKLPSS;9917
EKLRRU;24647,24661
EKLRSU;14270,16853,19806,23875,24643,24656,24661,24662
EKLSTT;21626,23879,24664
EKMNOY;16857,24668,24670
EKMNSY;24670
EKMOOP;24672
EKMORS;16859,23889,24673
EKMOSS;14272,23890,24673,24674
EKMOSY;23407,23891,24670,24674
EKMRRU;23895,24675
EKMRSS;9936,21630,23896,24673
EKMSTU;23902,24676,24677
EKNNOR;23903
EKNNOT;24679
EKNNSU;16862
EKNNTU;9942
EKNOPS;23909,24681
EKNORR;16864
EKNORT;16866,24682,24685,24686
EKNORW;21634,23911,24667,24683,24686,24688
EKNORY;24668,24684,24687,24688
EKNOSS;21635,23912,24652
EKNOST;14278,16867,19813,21636,24679,24682,24689
EKNOSW;9943,19814,24683
EKNOUY;19818,24687,24690
EKNPRU;23916,24654,24691
EKNPTU;9947,24671,24692
EKNPUY;24693
EKNRSU;9951,14279,19821,22356,23410,24611,24656,24691,24694
EKNSTU;21641,24612,24692,24696,24697
EKNTTU;24697
EKOOQU;
EKOORR;16872,23928,24700,24701
EKOORT;24698,24702,24703
EKOPRR;16876,23933,24705,24706
EKOPRS;9958,21643,23934,24705
EKOPSS;
EKOPST;16877,19827,23935,24659
EKOPSU;24644,24681,24704
EKOPSY;
EKORRS;9959,14283,16878,22357,23936,24700,24705,24709,24710,24711
EKORRW;24706,24710
EKORRY;14284,16879,24701,24711
EKORST;9961,16880,19828,21646,23937,24682,24702,24709,24712
EKORSY;23417,23938,24684,24711
EKORUY;24614,24687,24707,24713
EKORWY;19829,24688
EKOSSS;21648,23418
EKOSST;14286,16882,21649,23939,24712
EKOSTW;
EKPRSU;16883,19832,21653,24691
EKPSTU;9968,23945,24692
EKRRSU;14288,21654,24661
EKRRSY;24711,24716
EKRSSY;9974,21659,24715,24716
EKRSTU;16888,23420,23952,24676,24717,24718
EKRSTW;
EKRSTY;9975,21660,24718
EKRTUY;24695,24718
EKRUVY;24719
EKSSTY;21663,23955
ELLLOR;24720,24721
ELLLOZ;24722
ELLLRU;24723
ELLMNU;9980,23958,24727
ELLMOW;24730,24731
ELLMPU;24732,24733
ELLMRU;24734
ELLMSS;23963
ELLMSY;9985,24737
ELLMTU;23966,24735
ELLMUV;24736
ELLMUY;24737
ELLNOP;9988,24725,24740,24741
ELLNOR;9989,21669,24646,24742
ELLNOV;9990,21670,24745,24747
ELLNOY;9991,24747,24748
ELLNSS;9994,23969,24750
ELLNSU;23421,24727,24744,24749,24750,24751
ELLNSY;
ELLNUU;9997,24751
ELLNUW;
ELLOPR;19837,24755,24756
ELLOPS;21675,23972,24740,24756
ELLOPX;9999
ELLORR;14293,19838,24720,24729,24755,24758,24759
ELLORS;10000,16894,21676,23019,23423,23973,24615,24721,24742,24756,24758,24760,24761
ELLORT;10001,19839,24759,24761,24762
ELLOSS;10004,24760,24764
ELLOST;16895,22360,23977,24743,24761,24764,24765,24766,24767
ELLOSY;16897,23020,24617,24753,24767,24768,24769
ELLOTX;24766
ELLOTY;24762,24767,24772
ELLOVY;24747,24763,24768,24773
ELLOWY;24731,24769,24773,24774
ELLPRU;10007,24775
ELLPSS;10008,23982,24776
ELLPSU;23983,24732,24749,24775,24776,24777,24778,24779
ELLPTU;10010,24757,24777
ELLPUW;24778
ELLPUY;24779
ELLQSU;
ELLSST;10020,23990,24764
ELLSSW;10022
ELLSTU;14299,16902,19843,22365,23023,23993,24735,24765,24777
ELLSTY;10025,24767
ELLSUV;24736
ELMMOP;21688,24780,24781
ELMMPU;21689,24781,24783,24784,24785
ELMNOR;10039,23027,24792
ELMNOS;10040,14304,19845,24000,24792,24793,24794
ELMNOT;10041,23429,24001,24726,24789,24793,24795,24796
ELMNOY;14306,23430,24794,24796
ELMNPU;24797,24798,24799
ELMNSU;10047,14307,16905,23431,24005,24727,24798
ELMOOP;24800,24801
ELMOOS;14309,16906,19846,23432,24007,24801,24803,24804
ELMOOY;24804
ELMOPU;10051,24781,24807
ELMOPY;10052,21694,24806,24808
ELMORS;10053,16909,19849,24011,24792,24809,24810,24811
ELMORT;14312,16910,24012,24782,24802,24805,24810,24812,24813
ELMOST;10057,21696,24014,24793,24810,24814,24817,24818
ELMOSU;14313,19851,22366,24807,24811,24815,24819,24820
ELMOSY;10058,14314,19852,24794,24804,24808,24816,24818,24821
ELMOTT;10059,19853,24812,24817
ELMOTY;24796,24818
ELMOUV;19855,24820
ELMOXY;24821
ELMOZZ;19856,24822
ELMPPU;19857,24016,24797,24823,24824
ELMPRU;14315,16911,19858,22367,24018,24783,24823,24825,24826
ELMPSU;10065,19859,24022,24732,24784,24798,24807,24824,24825
ELMRSU;10070,14317,21701,24031,24734,24786,24811,24825
ELMRTY;14319,24034,24827,24829
ELMSST;10074,21703,24037,24814
ELMSSU;10075,16913,21704,23029,23434,24038,24649,24815,24831
ELMSUV;24736,24820
ELMSUY;16915,24737
ELMSXY;24821
ELMTUU;16916,24828,24832
ELMTUW;24833
ELMTUY;19860,24829
ELMUZZ;19861,24830,24834
ELNNOR;24044,24836
ELNNOS;22369,24836,24837
ELNNRU;10082,24838,24839
ELNNTU;10084,14322,24839,24840
ELNOOS;10085,16920,19863,24054,24842,24843,24844,24845,24846
ELNOOT;24789,24841
ELNOOW;24739,24790,24844
ELNOOY;14324,23032,24845
ELNOPS;10086,23033,23436,24058,24740,24849,24850
ELNOPT;10087,24059,24741,24841,24849,24851
ELNOPU;10088,24835,24847,24851
ELNOPY;21708,24848,24850
ELNORR;24060
ELNORS;10089,16921,19864,23034,24061,24651,24742,24792,24836,24852,24853,24854
ELNORT;19865,22372,23437,24062,24853,24855
ELNOSS;19867,24063,24652,24837,24842,24852,24856,24857,24858,24859,24860
ELNOST;10092,14325,22376,23036,24064,24743,24793,24849,24853,24857,24861,24862,24863
ELNOSU;16922,19868,22377,23037,24065,24653,24744,24843,24854,24858,24862,24864,24865
ELNOSV;21709,24745,24859,24863,24864,24866
ELNOSW;19869,24746,24844,24860
ELNOSZ;14326,19870,24846,24865,24867
ELNOTT;21711,22378,24861,24868
ELNOUV;19873,23039,24864
ELNOUZ;10095,24865,24869
ELNOVY;24747,24866,24870
ELNOZZ;24867
ELNPPU;24797
ELNPST;10102,21714,24074,24849,24871,24872,24873
ELNPTU;10104,24851,24872
ELNPTY;10106,24076,24873
ELNRSU;16924,19876,21718,23045,24656,24838,24854,24874,24875,24877,24878
ELNRTU;10115,14328,16925,19877,23046,23439,24839,24875
ELNRUU;10117,19878,24877
ELNRUZ;24878,24879
ELNSSU;10119,14329,19879,21723,22381,23047,24084,24750,24858,24874,24880
ELNSSY;24087,24881
ELNSTU;10123,14330,21725,22382,23048,24088,24840,24862,24872,24875,24882
ELNSXY;21728
ELNTTU;21729,22384,24882
ELNTTY;23440
ELNTXY;
ELNUZZ;19881,24879,24883
ELOOPP;19882,24800,24884
ELOOPR;14332,16928,24097,24885
ELOOPS;19883,24801,24884,24885,24886,24887,24888
ELOOPT;19884,23442,24841,24887
ELOOPZ;24888
ELOORS;10129,14333,16930,22387,23050,24098,24658,24885,24889,24890,24891
ELOORT;19885,22388,24099,24802,24890,24892
ELOORW;19886,24100,24891
ELOOSS;14334,19887,23443,24101,24803,24842,24886,24889,24893,24894
ELOOSV;
ELOOSW;19889,24103,24752,24844,24891,24894,24897
ELOOSY;23051,23444,24753,24804,24845,24897
ELOOSZ;22392,24846,24888
ELOOTT;19890,24892,24895
ELOPPP;19891,24899
ELOPPR;10131,19892,21730,22393,23445,24105,24900
ELOPPS;16932,19893,21731,23446,24106,24884,24899,24900,24901,24902,24903
ELOPPT;19894,24901
ELOPPU;24902
ELOPPY;19895,24903
ELOPRR;10133,24755,24904,24905,24906,24907
ELOPRS;10134,19896,21733,23052,24108,24756,24885,24900,24904,24908,24909,24910,24911,24912,24913,24914
ELOPRT;10135,19897,24109,24805,24909,24915,24916,24917,24918
ELOPRV;10136,24911,24919
ELOPRW;19899,24906,24912,24917
ELOPRX;21734,24913
ELOPRY;24806,24848,24907,24914,24918,24919
ELOPSS;21735,23053,24110,24886,24908,24920,24921
ELOPSU;14335,16934,19900,24112,24807,24902,24910,24921,24923
ELOPSY;19901,23448,24808,24850,24903,24914,24924
ELOPTT;10139,19902,24114,24915,24922
ELOPTU;10140,16935,19903,21736,23054,24757,24851,24916,24923,24926
ELOPTY;24918,24924,24926
ELORRS;22394,24116,24758,24904,24927,24928
ELORRW;19905,23055,24906,24928
ELORSS;10142,14336,16938,19907,21737,22395,23056,24118,24760,24809,24852,24889,24908,24927,24929,24930,24931,24932
ELORST;10143,14337,16939,19908,21738,22396,23449,24119,24618,24761,24810,24853,24890,24909,24930,24933,24934,24935,24936
ELORSU;14338,16940,22397,23057,24120,24811,24854,24910,24931,24934,24937,24938
ELORSV;16941,21739,23058,24121,24911,24932,24935,24937,24939
ELORSW;14339,16942,19909,22398,23059,23450,24122,24619,24891,24912,24928,24936,24939,24940
ELORSY;14340,16943,19910,21740,24914,24938,24940
ELORTT;10144,14341,16944,19911,21741,22400,24123,24812,24892,24915,24933,24941
ELORTU;10145,14342,16945,19912,22401,24124,24813,24916,24934,24942
ELORTV;10146,21742,24125,24935,24943
ELORTW;22402,23451,24917,24936
ELORTY;10147,23452,24762,24855,24918,24941,24942,24943
ELORUV;19913,24937
ELORVW;24939
ELORVY;10151,16946,22403,24763,24919,24943
ELORWY;10152,22405,24940
ELOSSS;10153,19914,21744,22406,23060,23453,24856,24929,24944
ELOSST;10154,16947,21745,23061,23454,24620,24764,24814,24857,24893,24920,24930,24945,24946,24947
ELOSSU;14343,16948,19915,22407,23455,24815,24858,24921,24931,24944,24945
ELOSSV;10155,23456,24126,24859,24932,24948
ELOSSW;10156,14344,24860,24894,24946,24948
ELOSSY;24621,24816,24947,24949
ELOSTT;14345,19916,21746,23457,24127,24817,24861,24895,24922,24933,24951,24952
ELOSTU;14346,19917,22408,24128,24765,24862,24896,24923,24934,24945,24951,24953,24954,24955
ELOSTV;10158,24129,24660,24863,24935,24954
ELOSTW;23458,24130,24936,24946
ELOSTX;24766
ELOSTY;16950,23459,24767,24818,24924,24947,24952,24956
ELOSUV;16951,21747,23062,24820,24864,24937,24954
ELOSUZ;10160,24865,24955
ELOSVV;21748
ELOSVW;24939,24948
ELOSVX;
ELOSVY;10161,24768,24866
ELOSXY;24821,24949
ELOSZZ;19919,24822,24867,24950,24958
ELOTTU;10162,16952,22409,24770,24951
ELOTTY;24941,24952
ELOTUV;10163,19921,21749,24132,24898,24954
ELOTUZ;19922,24869,24955
ELOTWY;
ELOTYZ;24956
ELOWYY;24774,24957
ELPPRU;19923,24138,24823,24959,24960
ELPPSU;10170,19924,21751,24141,24824,24902,24960,24961
ELPQUU;24962
ELPRRU;22411,24905,24959,24963
ELPRSU;10176,16953,19925,21754,22412,23063,23463,24775,24825,24910,24960,24963,24964,24965,24966
ELPRSY;10178,21755,24914
ELPRTY;10180,21756,24918
ELPRUV;24966
ELPRUY;10181,22413,23064,24826
ELPSST;10183,21760,24149,24871,24920
ELPSSU;19926,23464,24776,24921,24961,24964,24969,24970,24971
ELPSSY;24971
ELPSTU;10185,19927,22414,24153,24777,24872,24923,24965,24972
ELPSTZ;10187,24925
ELPSUX;21763
ELPSUY;16955,19928,24154,24779,24971
ELPSUZ;24155,24973
ELPUZZ;19929,24968,24973
ELRRSU;10194,14348,16956,19930,22415,23465,24161,24661,24963,24974
ELRSSU;10200,21769,22416,23466,24662,24874,24931,24964,24976,24977,24979
ELRSTU;10205,14350,16958,19931,22417,23065,23467,24167,24875,24934,24965,24974,24977,24980,24982
ELRSTY;10208,16959,21773,24168,24827,24876,24978,24981,24982,24983
ELRSUV;10209,16960,21775,24169,24937,24966,24979
ELRSUY;14352,23067,23468,24938,24982,24984
ELRTTU;10216,16962,19932,22418,23069,24975,24980,24986
ELRTTY;24173,24941,24981,24986
ELRUWY;24984
ELRUWZ;24985
ELSSSU;21778,23469,24831,24880,24944,24969,24976,24988,24989
ELSSTU;10222,14354,19933,21782,23071,23471,24622,24945,24977,24988,24990
ELSSTW;10224,24176,24946
ELSSTY;10226,21783,24177,24947,24978,24991,24992
ELSTTU;14355,16966,19934,23072,23472,24181,24664,24882,24951,24980,24990
ELSTTY;10232,24183,24952,24981,24991
ELSTUX;10233
ELSTUZ;22420,24665,24955
ELSUZZ;22421,23074,24834,24883,24973,24993
ELUWZZ;19935,24993
EMMMOT;24994
EMMMRU;24995,24996
EMMNNO;24997
EMMNOT;10243,16967,21791,24999,25001,25002,25003
EMMNTU;10245,25002
EMMORS;10247,16971,21793,24197,25007,25008
EMMORY;21794,25000
EMMORZ;25008
EMMOST;21795,24198,24994,25001,25006,25009
EMMOSU;21796,23076,25010
EMMOYZ;25011
EMMPRU;24202,24783,25012
EMMPTU;24785,25013
EMMRRU;14360,19937,23077,24205,25014
EMMRSU;14361,16973,23078,23473,24208,24666,24786,24995,25012,25014,25015,25016,25017
EMMRSY;10252,21799,25017
EMMSTY;
EMMSUU;25018
EMNNNO;
EMNNOS;10258,23080,24997,25020
EMNOOR;19939,23475,24218,24998,25019,25023,25024
EMNOPT;24224,25022,25031,25032
EMNOPY;25034,25035
EMNORS;10271,19941,21807,22423,23084,24225,24792,25023,25037,25038
EMNORT;10272,19942,25024,25031,25038,25039,25040
EMNOSS;10276,24226,25025,25037,25041
EMNOST;10277,14365,19945,21810,22424,23087,23477,24227,24793,25001,25026,25032,25038,25041,25042,25043
EMNOSV;21811
EMNOSY;23089,24670,24794,25028,25034,25043,25044
EMNOTY;24229,24796,25003,25029,25043
EMNOXY;25044
EMNPSU;10282,23479,24798,25033,25045
EMNRRU;10286,24235,25036,25046,25047
EMNRSU;10288,14369,16979,22425,24237,25046,25048,25049
EMNRTU;10289,16980,21814,22426,24239,25040,25049
EMNSSU;10293,24243,25045,25048
EMNSUW;
EMNSYZ;21815
EMNTTU;10296,14372,23481
EMOORR;23093,24250,25053
EMOORS;14374,19953,24251,25023,25050,25053,25054,25055
EMOORT;10298,19954,24802,25024,25051,25054
EMOOSS;19956,23094,23482,24803,25025,25056
EMOOSV;10301
EMOPPR;10302,24252,25030,25062
EMOPPT;25063,25065
EMOPPY;25064
EMOPRR;21817,22428,24253,25005,25066
EMOPRS;16985,24254,25050,25062,25066,25067,25068
EMOPRT;16986,19960,21818,22429,24805,25031,25051,25067
EMOPRY;24806,25052
EMOPST;16987,19961,21821,24258,25006,25032,25063,25067
EMOPSY;24260,24808,25034,25064,25070
EMOQSU;25071
EMORRS;10305,14375,16990,19962,21822,22430,25053,25066,25073,25074,25075
EMORRT;21823,25073
EMORRW;10307,24261,25075,25076
EMORSS;10308,14376,16991,23488,24262,24673,24809,25007,25037,25077,25078,25079
EMORST;10309,14377,19964,21826,23095,23489,24263,24810,25038,25054,25067,25073,25078,25080
EMORSU;10310,14378,23096,24264,24811,25055,25068,25074,25079,25080,25081,25082
EMORSV;21827,24265,25081
EMORSW;10311,14379,19965,25075
EMORTU;23097,23490,24813,25040,25080
EMORUV;25081
EMOSSS;24269,25056,25077,25083
EMOSSU;16992,19966,24271,24815,25010,25069,25071,25079,25083
EMOSSY;16993,24674,24816,25070,25085
EMOSTT;10315,19967,24272,24817,25057,25084,25086
EMOSTY;19969,24818,25043,25059
EMOSUY;25082
EMOSZZ;24278,24822
EMOTTT;25086,25088
EMPPRU;24823,25090
EMPPTU;25065,25091
EMPRSS;21832,24283
EMPRST;10325,21833,24284,25067,25092
EMPSSU;10331,21837,24289,25045,25069,25094
EMPSTT;21838
EMPSTU;19972,24290,25013,25091,25092,25094
EMRRSU;10339,19973,21841,22433,24296,25014,25046,25074,25095,25096
EMRRUY;16997,25047,25096
EMRSSU;10344,21844,23498,24298,25015,25048,25079,25097
EMRSTU;10346,14385,16998,24301,24676,25016,25049,25080,25092,25095,25097,25098
EMRTTU;24303,25093,25098
EMSSSU;10352,21846,23501,24308,24831,25083
EMSSTU;10353,14386,21847,24677,25094,25097
EMSSTY;24310,25100
EMSSUY;24678
EMSTTU;10356,17000,19974,21848,25098
EMSUZZ;10359,24834
ENNNOP;25101
ENNOOR;17001,23503,25019,25104,25105,25106,25107
ENNOPT;24318,25109
ENNOPU;24835
ENNORT;10363,19975,21849,22435,23099,24321,25106,25110,25113
ENNORU;14389,19976,21850,22436,24322,25111,25113,25114
ENNORW;14390,25112
ENNOSS;10365,21851,24324,24837,25115,25116,25117
ENNOST;14392,17005,19977,24325,24679,25109,25110,25115,25118,25119,25120,25121
ENNOSU;14393,23100,25111,25116,25118
ENNOSX;
ENNOTW;25119
ENNOTZ;25121
ENNPRU;24332,25123
ENNPSU;25123,25124
ENNPTU;23101,25124
ENNRRU;24335,25125
ENNRSU;17008,19981,23102,23506,24338,24838,25111,25123,25125,25126,25127
ENNRTU;24839,25113,25126
ENNRUW;25127
ENNSTU;14395,19983,22438,23507,24346,24840,25118,25124,25126,25128,25129,25130
ENNSUW;23508,24348,25127
ENNTTU;25129,25132
ENNTUU;19984,23105,25130
ENOOPR;25104,25133,25134
ENOORS;14396,17011,23107,23510,24352,24680,25023,25105,25134,25136,25137,25138,25139,25140
ENOORT;17012,25024,25106,25137,25141
ENOOSS;17013,19986,24842,25025,25136,25142,25143,25144
ENOOSZ;19989,24354,24846,25140,25144
ENOPPU;19993,25149
ENOPRR;14398,24360,25150,25151,25152
ENOPRS;10381,17014,19994,21864,23113,23511,24361,25134,25150,25153,25154,25155,25156
ENOPRU;14399,17015,19996,24847,25151,25155
ENOPRV;19997,24363
ENOPRY;19998,23114,23512,24848,25148,25156,25158
ENOPST;10383,21865,24365,24849,25032,25109,25154,25159,25160
ENOPSY;10387,17017,23514,24367,24850,25034,25135,25156,25162
ENOPTT;21866,24368,25157,25160
ENOPWY;25162
ENORRS;10389,17021,20002,23517,24371,25150,25164,25165,25166
ENORRT;10390,22441,23518,25165,25167
ENORRW;14400,17022,20004,22443,23117,25152
ENORRY;23519
ENORRZ;14401,25166
ENORSS;10392,17023,20005,21869,23118,23520,24372,24852,25037,25136,25153,25164,25169,25170,25171,25172
ENORST;10393,14402,17024,20006,21870,22444,23119,23521,24373,24682,24853,25038,25110,25137,25154,25165,25170,25173,25174,25175
ENORSU;10394,14403,17025,20007,23120,23522,24374,24854,25111,25138,25155,25174,25176,25177,25178
ENORSW;20009,23523,24376,24683,25112,25139,25171,25177
ENORSY;20010,21871,23122,23524,24684,25156,25172,25175,25179
ENORSZ;14404,21872,25140,25166,25178,25180
ENORTT;17026,24378,24685,25039,25141,25157,25167,25173
ENORTU;10395,17027,22445,24379,25040,25113,25174,25181,25182
ENORUV;17030,25114,25168,25176
ENORUZ;22447,25178
ENORVY;25179
ENORZZ;25180
ENOSSS;10399,24382,24856,25142,25169,25183
ENOSST;10400,22448,23525,24383,24628,24857,25041,25115,25143,25159,25170,25183,25184,25185,25186,25187
ENOSSU;14406,23526,24384,24858,25116,25185,25188
ENOSSW;10401,14407,21875,24860,25117,25171,25186,25188,25189
ENOSSY;17031,21876,23124,25172
ENOSTT;10402,14408,17032,20012,23527,24386,24629,24861,25145,25160,25173,25184,25190
ENOSTX;24388,25187
ENOSTY;23528,24689,25043,25120,25175
ENOSUV;24389,24864,25176
ENOSUW;20014,25177,25188
ENOSVW;10405
ENOSVY;17035,24866,25179
ENOSWW;25189
ENOSXY;23126,25044
ENOTTU;25190,25192
ENOUVW;25122
ENPPRU;10409,25193
ENPRRU;24396,25151,25194
ENPRST;10413,21883,24398,25154,25195,25197
ENPRSU;20015,23127,24399,24691,25123,25155,25193,25194,25196,25197,25198
ENPRTU;20016,24400,25197
ENPRUU;25198
ENPRUY;
ENPRWY;25199
ENPSTU;10422,21888,24404,24692,24872,25124,25197,25201,25202,25203,25204
ENPTTU;25202
ENPTUU;25203
ENPTUW;25204
ENQRSU;24407
ENQSUY;
ENRRSU;14413,21893,24417,25046,25125,25194,25206,25207,25208,25209
ENRRTU;17039,23130,24418,25207,25210,25211
ENRSST;10434,21897,24419,25170,25195,25212
ENRSSU;14414,20018,21898,24420,24694,24874,25048,25196,25206,25212
ENRSSY;10436,17040,20019,25172,25213
ENRSTU;10438,14415,17041,20020,21900,22449,23131,23532,24423,24875,25049,25126,25174,25197,25207,25212,25214
ENRSTW;10440,21902,24425
ENRSTY;10441,21904,24426,24876,25175
ENRSUU;17042,20021,24877,25198,25208
ENRSUY;10443,23132,25209
ENRTTU;10445,23134,24430,25214,25217
ENRTUU;25210
ENRUZZ;24879,25215
ENRVWY;25216
ENSSTT;21909,25184
ENSSTU;10451,14416,24438,24696,25128,25185,25201,25212,25218
ENSSUW;20023,24442,25188
ENSUXY;
ENTTWY;
ENTUVX;
EOOPPR;24452,25133,25220,25221,25222
EOOPPS;10463,20026,24884,25220,25223
EOOPRR;22450,24453,25224,25225
EOOPRS;10464,17046,20027,21919,22451,23136,23537,24885,25050,25134,25219,25220,25224,25226,25227,25228
EOOPRT;20028,22452,24698,25051,25225,25227,25229,25230,25231
EOOPRX;
EOOPST;20029,24455,24887,25227,25234
EOOPSV;
EOOPTY;23539,25236
EOORRS;22453,24700,25053,25224,25237,25238
EOORRT;20032,24457,25225,25238
EOORSS;14417,17048,24889,25136,25226,25237,25240
EOORST;14418,17049,20033,22454,23540,24458,24702,24890,25054,25137,25227,25238,25241,25242
EOORSW;22455,24891,25139,25228,25243
EOORTT;24892,25141,25241
EOOSST;23143,23543,24461,24893,25143,25234,25245,25247,25248
EOOSSW;23544,24894,25235
EOOSTZ;20039,24463,25242,25248,25249
EOPPPR;20040,24464,25251
EOPPPT;25252
EOPPRR;17055,20042,25253
EOPPRS;10466,14421,17056,20043,21921,23545,24466,24900,25062,25220,25251,25253,25254,25255,25256,25257,25258
EOPPRT;23546,24467,24632,25255
EOPPRY;17058,22457,25148,25258
EOPPST;20044,23146,24469,24901,25063,25252,25255
EOPPSU;24704,24902,25149,25256,25259
EOPRRS;10471,14422,17059,20046,21924,23147,24471,24705,24904,25066,25150,25224,25253,25260,25261,25262,25263
EOPRRT;10472,17060,24472,25225,25261,25264
EOPRRU;17061,20047,23148,24473,24905,25151,25262,25264
EOPRRV;10473,14423,21925,25263
EOPRRW;21926,24706,24906,25152
EOPRRY;23549,24907
EOPRSS;10474,17062,21927,22458,24474,24908,25153,25226,25254,25260,25265,25266,25267,25268,25269
EOPRST;10475,14424,17063,20048,22459,23550,24475,24633,24909,25067,25154,25227,25255,25261,25266,25270,25271,25272,25273,25274
EOPRSU;17064,20049,22460,23551,24476,24910,25068,25155,25256,25262,25267,25271,25275,25276,25277
EOPRSV;24911,25263,25276
EOPRSW;20050,23552,24912,25228,25257,25268,25272,25277
EOPRSY;23553,24914,25156,25258,25269
EOPRTT;10476,17065,21929,24478,24634,24915,25157,25270,25278
EOPRTU;20051,21930,22461,23554,24479,24916,25229,25264,25271,25279
EOPRTW;24917,25231,25272
EOPRTX;25273,25281
EOPRTY;22462,23555,24918,25158,25278,25279,25280,25281
EOPRTZ;25274
EOPRXY;25281
EOPSSS;10480,21931,23557,24482,25265,25282,25283,25284
EOPSST;10481,14425,20053,21932,23558,24483,24920,25159,25234,25266,25283,25285
EOPSSU;20054,21933,24484,24921,25069,25259,25267,25284
EOPSSY;25070,25269
EOPSTX;24487,25273,25285
EOPSTY;10483,17068,21936,23559,24488,24924
EOPTTU;24708,25286,25289
EOPTUV;20058,25288
EOQRSU;25291
EOQRTU;10485,17069,20059,21938,24491,25290,25291,25292
EOQSTU;14428,17070,25291,25293
EOQTTU;25293
EORRRS;10488,24493,25294
EORRRT;24494,25294
EORRRY;
EORRSS;10489,14431,17071,20060,23149,23560,24496,24927,25164,25237,25260,25295,25296,25297
EORRST;10490,17072,20061,21939,23150,23561,24497,24709,25073,25165,25238,25261,25294,25296,25298,25299,25300,25301,25302
EORRSU;10491,17073,20062,22463,23151,25074,25262,25297,25299
EORRSV;10492,20063,21940,22464,24498,25263,25300
EORRSW;14432,17074,20064,23152,24499,24710,24928,25075,25301
EORRSY;17075,24711,25302
EORRTT;25167,25298,25304,25305
EORRTU;10494,17077,21942,23153,25264,25290,25299,25305
EORRTV;21943,25300
EORRZZ;25303
EORSST;10496,14434,17080,21945,22467,23156,23563,24503,24712,24930,25078,25170,25266,25296,25306,25308,25309,25310,25311,25312
EORSSU;10497,14435,17081,20067,22468,23157,23564,24504,24931,25079,25267,25297,25307,25308
EORSSV;23565,24505,24932,25309
EORSSW;14436,17082,20068,23566,25171,25268,25310,25313
EORSTT;10498,14437,17084,20069,21947,23567,24508,24636,24933,25173,25241,25270,25298,25314,25315,25316,25317,25318
EORSTU;14438,17085,20070,22469,23568,24509,24637,24934,25080,25174,25271,25291,25299,25308,25315,25319
EORSTV;14439,17086,21948,23158,24510,24935,25300,25309
EORSTW;14440,20071,22470,23569,24511,24936,25272,25301,25310,25316
EORSTX;21949,23570,25273,25317,25319
EORSTY;20072,21950,25175,25302,25311,25318
EORSTZ;14441,25242,25274,25312
EORSVW;10500,21952,24939,25243
EORSWW;25313
EORSXY;
EORTTT;20075,24512,25304,25314,25321
EORTTU;10502,20076,24513,25305,25315,25322
EORTTX;25317
EORTUV;10503,17088,21954,24515
EORTVX;10505
EORTWY;
EORUVY;14446,25320
EOSSSS;25282,25323,25324
EOSSST;14447,17089,23573,25183,25245,25283,25306,25323
EOSSSU;17090,23574,24944,25083,25246,25284,25307
EOSSSW;20079,25324
EOSSTU;21957,23161,24518,24945,25185,25308,25325
EOSSTV;10506,24519,25309
EOSSTW;14449,20080,24946,25186,25310
EOSSTX;25187,25285
EOSSVW;24948
EOSTTU;10507,17093,20083,23164,24521,24638,24951,25190,25286,25293,25315,25325
EOSTUZ;24524,24955
EOSTWZ;25249
EOSUUV;
EPPPRY;21959
EPPPTU;25328
EPPRSU;10515,17095,24532,24960,25090,25193,25256,25331
EPPSTU;10520,21964,25091,25328,25332,25333
EPRRSU;10525,17096,20088,21969,23167,24542,24963,25194,25262,25334,25335,25336,25337,25338
EPRRSY;10527,21970,25338
EPRSST;10532,21974,24548,25195,25266,25341,25342
EPRSSU;10533,17097,21975,23168,23578,24549,24964,25196,25267,25331,25335,25340,25341,25343,25344
EPRSSW;21977,24550,25268,25344
EPRSSY;10534,17098,23579,24715,25269,25342
EPRSTU;10536,17099,20090,21980,24552,24965,25092,25197,25271,25336,25341,25345,25346,25347
EPRSTW;21981,25272
EPRSUU;20091,23170,24556,25198,25275,25337,25343,25346
EPRSUW;17101,25277,25344
EPRTTU;23581,24557,25093,25345
EPRTTY;25278
EPRTUU;24967,25339,25346
EPRTWY;21987
EPRUVY;25348
EPSSSU;24559,24969,25200,25284,25340
EPSSTU;10544,17103,25094,25201,25332,25341
EPSSUY;24971
EPSTUZ;
EPSTXY;
EQRTWY;25349
EQSSTU;21995
EQSSUU;
EQSTUU;24570
EQSTUY;14456
ERRSTU;14458,20093,22000,22476,23585,24575,24974,25095,25207,25299,25336,25350,25353
ERRSTY;10561,25302,25354
ERRSUU;22477,25208,25337,25351
ERRSUY;23172,25096,25209,25338,25352
ERRTTU;22006,23586,24579,24975,25305,25353
ERSSST;10565,22008,24580,25306,25355,25356
ERSSTT;10568,22010,24582,25358,25359
ERSSTU;14459,17107,20095,23173,24583,24640,24717,24977,25097,25212,25308,25341,25350,25355,25358,25360,25361
ERSSTV;10569,22011,24584,25309
ERSSTW;10570,22012,25310
ERSSTY;10571,23587,24978,25311,25342,25356,25359,25361,25362
ERSSUU;14460,24585,25343,25351,25357,25360
ERSSUV;10572,24586,24979,25363
ERSSVY;25363
ERSTTU;10576,14461,17109,20096,22019,22479,23175,23588,24589,24980,25098,25214,25315,25345,25353,25358,25364,25365
ERSTTY;10579,20097,22023,24981,25318,25354,25359
ERSTUU;10581,20098,22480,25346,25360
ERSTUV;14462,17110,22024,24592
ERSTUY;10582,17111,20099,22025,23591,24718,24982,25347,25361
ERSTVY;10583
ERSTWY;10584,22027,24983,25349
ERSTXY;25362
ERSUVY;24719,25320,25348,25363
ERTTUX;22028,25365
ESSSSU;
ESSSTU;14465,23178,23593,24598,24988,25218,25355
ESSSUW;24601
ESSTTU;10589,14466,22031,22481,24641,24990,25325,25358
ESSTTY;22033,24602,24991,25359
ESTTUY;
ESTUYZ;
ESTUZZ;
FFFLOY;25368
FFFLSU;
FFFLUY;
FFGIIN;14468,25371,25372,25373,25374,25375
FFGILS;
FFGINO;14469,17114,20100,25369,25378,25379
FFGIRS;22045
FFGLOO;25382
FFGRSU;
FFGRUY;25383
FFHIOS;25392,25393
FFHIST;10605,25392
FFHISW;
FFHIWY;
FFHORS;25395
FFHOSU;25396
FFHOSW;25394
FFIILY;25397
FFIINT;25374,25398
FFIKLS;22060,25400
FFIKSS;25400
FFILLU;22061,25401,25402
FFILOT;25367,25404
FFILPS;10610,22065,25406
FFILTU;25409
FFIMNU;25377,25411
FFINNU;25412
FFINPU;25380,25416
FFINRU;10614,25381,25417
FFINSS;
FFINSY;25403
FFIOPR;22073,25418
FFIOPT;25415,25419
FFIOST;22076,25392,25404,25419,25421
FFIPSS;25406
FFIPSY;
FFIQSU;25422
FFISST;25421
FFISTY;25410
FFISUX;
FFKOSS;
FFLOTY;25430
FFLPSU;
FFLPUY;25407
FFLRUY;25383
FFLSSU;
FFNORU;25431,25432
FFNSSU;
FFNSUY;25428
FFOPSU;22094,25434
FFOPSY;10626
FFOPTU;25434
FFOPUY;
FFOSSW;
FFRRUU;25435
FFSSTU;
FFSTUY;
FGGIIS;25439,25441,25442
FGGIIZ;25442,25443
FGGORY;
FGHILT;25456,25458
FGHIRT;22114,25464
FGHIST;25456,25464
FGHOTU;25467
FGIIKN;10639,25468,25469,25470
FGIILN;10640,25471,25472,25473,25474,25475,25476,25477,25478
FGIINN;10641,20111,25372,25468,25480,25481,25482
FGIINR;10642,25373,25469,25474,25479,25483,25484,25485,25486,25487
FGIINW;10644
FGIINX;25477,25489
FGIINY;20112,25478,25486,25490
FGIKNY;25497
FGILNS;10653,22120,25475,25510,25511
FGILNU;10655,22122,25376,25445,25493,25498,25499,25504,25507,25509,25510,25512,25514
FGILNY;10657,22124,25478,25506,25508,25511,25513
FGILST;25456
FGILUY;25447
FGIMNU;25377,25459,25499
FGINOR;17131,20116,22131,25378,25449,25495,25502,25517,25522,25527,25528
FGINOS;25379,25527,25529,25530,25531
FGINOX;25531
FGINRY;10671,25486,25534
FGINSU;25496,25510,25533,25536,25537
FGINUZ;25539,25540
FGIORT;14481,25528,25541,25542
FGIOSU;
FGIOTZ;
FGIRST;22142,25464,25541
FGJLUU;25544
FGLMUU;25547
FGLNOS;10682,25549
FGLORU;25548,25552,25553
FGLTUU;25555
FGNOOS;
FGNORY;25557
FGNOSU;22153,25549,25558
FGNSUU;25558
FGOORS;22155
FGOORT;
FGOOSU;
FGORSU;22160,25552
FHIIKS;
FHIINS;22163,25385,25453,25563
FHILST;22168,25456
FHILSU;14483,20119,25388,25457,25565,25568,25570
FHILTY;22169,25389,25458,25562
FHIMUY;
FHIRST;10705,17136,22173,25464,25583,25584
FHIRTT;25584,25585
FHISST;10706,25579,25583,25588
FHISSU;25573,25587,25588
FHISTU;14486,25574,25580,25582,25588
FHISTW;
FHISTY;
FHLOSU;25593
FHLSUY;14487
FHOOOR;25597,25598
FHOORW;25600
FHOOSW;25394,25600
FHORST;22191,25601
FHORTU;17137,25589,25601
FHORTY;
FHORWY;
FHOSTT;
FHOSTU;25396,25580,25601
FHOSTW;
FHPRUY;
FHSTUY;
FIIKNR;25469,25603
FIILLN;25471,25607
FIILLP;25608
FIILMS;22199,25560
FIILNT;10723,17141,25476,25610,25611,25612
FIILPR;25614
FIILSU;25609
FIILVY;
FIIMNR;25479,25619
FIIMNY;
FIIMST;22205,25620
FIINOR;14490,25621
FIINOT;17145,25610
FIINVY;
FIIOST;25613,25624
FIISTX;
FIITXY;
FIIVVY;
FIJLOR;22223
FIKLSS;25400
FIKLSU;25630,25633,25635,25636
FIKLSY;
FIKNOS;25637,25638
FIKRSS;10734
FIKRSY;
FILLLU;25401,25640
FILLOS;22238
FILLPU;10740,25645
FILLRS;22241
FILLRY;10741
FILLUW;10744,22243,25640
FILMOU;25648
FILMPS;
FILMRY;
FILMSY;
FILMUU;
FILNOR;25502,25651,25652
FILNOW;25505,25632,25653
FILNST;25611,25655
FILNSU;25510,25633,25655
FILNTU;10752,25512,25655,25656
FILNTY;10753,25513,25612,25656
FILNUX;25514,25654
FILOOS;22254,25566,25657
FILORT;20128,22258,25659,25661,25662
FILORV;25660
FILOSS;22259,25663
FILOTU;25643,25661,25664
FILOUZ;25405
FILOXY;
FILPPY;25665
FILPTU;25569,25615,25666
FILRST;22271,25659,25668
FILRTY;10759,22274,25408,25662,25668
FILSSU;20132,25670
FILSTT;22279,25671
FILSUZ;
FIMNOR;17155,22284,25517,25679,25680
FIMNOY;
FIMNRU;25680
FIMNUY;20134
FIMOST;17156,22286
FIMSTU;22290,25649
FINOOS;25687
FINOPR;22296,25688
FINORT;25528,25692,25693
FINORX;
FINOSU;25571,25689,25694
FINOTY;25690,25693
FINSST;22301
FINSTU;10783,25537,25574,25655
FINSTY;
FINTUX;
FIOOST;22310,25575,25696
FIOPRT;22312,25697
FIOQSU;
FIORRT;22313,25683,25700
FIORST;10784,17159,22316,25541,25659,25692,25697
FIOSST;22319,25421,25579,25696
FIOSSY;
FIOTTU;25702,25703
FIPRUY;
FIPTYY;
FIRSST;22334,25583,25705
FIRSTT;22336,25584,25705
FIRSTU;17161,22337,25639
FIRTUY;14500,25423,25586,25685
FIRYZZ;25669
FISSTW;
FISTWY;25674
FJLLOO;
FJLOUY;
FKLNSU;25633
FKLNUY;22353,25634
FKLOOS;
FKLOSY;
FKNOTY;25709
FLLLUY;
FLLOOW;25712
FLLOSY;25714
FLLOUY;25716
FLMNOU;10812,25719,25720
FLMOOR;25722,25723
FLMORY;25724,25725
FLMPSU;
FLNOOU;25719,25728
FLNOOW;25729
FLNRUU;25730
FLOORS;22387,25722,25733
FLOOSY;25592
FLOOUZ;25429,25734
FLOOYZ;
FLOPPY;
FLOPTU;25713,25736,25738
FLOPUW;25737
FLORSU;10831,22397,25552
FLORUY;
FLOSSY;25714
FLOSTU;22408,25664,25736
FLOSTY;25430
FLOTUY;25554
FLPRUU;25740
FLPRUY;22413
FLRRSU;22415
FLRRUY;25667
FLRSUU;25730,25740,25741,25742
FLSTUY;25673
FMNORU;25680,25743
FMORSU;10853,25743
FMOSUU;
FMPRSU;
FMPRUY;22432
FNOORU;25556,25748
FNORST;22444,25692
FNORSW;
FNORWY;
FNOSTU;
FNRTUU;25750
FOOPRS;22451
FOOPSS;
FOOPSY;
FOORSS;25755
FOOSTY;
FOOTUX;
FORRSU;22463,25758
FORRUW;25758,25759
FORSST;22467,25760
FORSTW;22470,25760,25761
FORSTY;25761
FORSUU;25701
FORSWY;25761
FORUYZ;
FORWYZ;
FOSTUY;
FRSSTU;
GGGIIN;14511,20153,25436,25762,25765,25766,25767,25768,25769,25770,25771
GGGIIT;25769,25772
GGGILY;
GGGINU;10887,14513,25438,25764,25774,25776,25778,25780,25784,25785,25786,25787,25788
GGGLOS;22490
GGGLOY;
GGGORY;
GGHINO;25763,25799,25800
GGHORU;25805
GGHOTU;25806
GGHSUY;
GGIIJJ;10897,25808
GGIINP;25767,25812,25816,25820,25826,25827,25828
GGIINV;10902,25832
GGIIRR;25834
GGIJLY;
GGIKNO;25838,25839
GGILNO;10908,14521,20161,25444,25775,25842,25844,25845,25846,25847
GGILNU;14522,22519,25445,25776,25814,25836,25840,25843,25848,25849,25850,25851
GGILNY;22520,25851
GGILOO;25852
GGILOT;25853
GGILWY;25855
GGINNO;14523,20164,25779,25799,25819,25842,25863,25864,25865,25866,25867,25868
GGINOQ;25874
GGINOR;25449,25781,25838,25858,25865,25872,25875,25876,25877,25878
GGINOS;14525,25782,25800,25839,25844,25866,25871,25874,25875,25879
GGINRU;10933,22537,25786,25849,25869,25876,25882,25883
GGINRY;10935,20166,22540
GGINUY;25851
GGINVY;
GGIOOR;25886
GGIOST;25853
GGITWY;
GGLLOO;25888
GGLOOO;25890
GGLOOY;22567
GGLRUY;
GGMOSY;
GGMRUU;25891
GGNOOR;25892
GGNOOY;22579,25893
GGNRUY;22583
GGOORT;25894
GGORST;22588,25894
GGPRUY;22591
GGPSUY;
GGRRUU;25895
GGSTUY;
GHHHIT;22595,25897
GHHILY;
GHHINO;
GHHIST;22598,25897,25901
GHHOSU;17183,25903
GHHOTU;25902,25904
GHIIKN;25906,25907,25908
GHIINO;25906,25917
GHIINR;10966,17187,22604,25910,25921
GHIINV;17189,22606,25924
GHIKNO;17190,25906,25932,25934,25935,25936,25937
GHIKNT;25908,25938,25940
GHIKST;25938
GHILNO;10975,20171,25932,25945,25946,25947
GHILNY;10982,20172,25951,25952
GHILPT;22619,25954,25955,25956
GHILST;10986,14533,22622,25456,25954,25958,25959
GHILSU;22623,25457,25943,25950,25953,25960
GHIMNO;17194,25965
GHIMST;25970,25971
GHIMTY;
GHINNO;10992,17195,25799,25934,25972,25973,25974,25975,25976
GHINOO;14535,20175,25460,25935,25972,25978,25979,25980,25981
GHINOP;25973,25978,25982,25983,25984
GHINOS;17197,22631,25800,25917,25931,25945,25965,25975,25979,25983,25985,25987,25988,25989,25990
GHINOT;25946,25976,25980,25987,25991,25992
GHINOV;25981,25989
GHINOX;10995
GHINOY;25984
GHINPY;25984,25995,25997
GHINST;11003,22638,25923,25938,25987,26000
GHINSY;11007,25951,25997
GHINTY;25940,25952,26002
GHINWY;
GHIOPZ;26003
GHIORS;22645,25985,26004
GHIORT;22646
GHIOSS;
GHIOSY;17204,22649,25463
GHIPST;25954,26006,26008
GHIPTY;25956
GHIQTU;26010
GHIRST;11015,14539,22655,25464,25901,25930,26006,26011
GHIRTW;26011
GHIRTY;25957
GHISST;25958,25970,26008
GHISTT;25971,26012
GHISTW;22660,26011,26012
GHITTW;26012
GHLLSY;
GHLMOU;26014
GHLNOS;17205,25945,26015
GHLOOS;11025,22670,26016
GHLOPU;26017
GHLOSU;11026,17206,25953,26014,26017,26019,26021
GHLOUY;26018,26021,26022
GHLPSU;22673,26017
GHLPSY;
GHMOTU;26024
GHMPRU;26025,26026
GHNNUU;
GHNOOP;25978,26027
GHNORT;26029
GHNOST;25987,26029,26032
GHNOSU;22681,25988,26031,26032
GHNOTU;11034,22682,25992,26032,26033
GHNOTY;26033
GHNPUU;
GHNRUY;11038
GHOOPT;26035
GHOOQU;26036
GHOORS;26037
GHORSU;14545,25805,26004,26023,26038
GHORTU;14546,20185,22686,25902,26038,26040,26041
GHORTW;11044,26039,26040,26042
GHORUY;17208,25466,26018,26041
GHOSST;
GHOSSU;25903,26019,26031
GHOSTU;14547,25806,26024,26032,26038,26043
GHOSTY;26020
GHOTUY;20186,25467,26022,26033,26041
GHPSUU;
GHRSSU;22689
GIIINR;26045
GIIJNV;
GIIKLN;11051,14548,17211,20187,26052,26053,26054,26055,26056,26057
GIIKMN;26053
GIIKNN;17213,20188,25468,25809,26046,26050,26054,26058,26059,26060,26061,26062,26063,26064,26065
GIIKNP;11053,17214,26059,26066,26067
GIIKNR;11054,17215,20189,25469,26051,26055,26060,26068,26069
GIIKNS;14549,17216,20190,25470,25907,26056,26061,26067,26068,26070,26071,26072
GIIKNT;17217,25908,26044,26057,26062,26071,26073
GIIKNV;26063,26072
GIIKNY;26069
GIILMN;11055,14551,20192,25472,25811,26053,26075,26083,26084,26085,26086,26087,26088
GIILNN;11056,26054,26076,26083,26091,26092,26093,26094,26095
GIILNO;14552,17220,20193,25473,26077,26084,26096,26097,26098,26099
GIILNP;17221,25812,26078,26085,26096,26100,26101
GIILNR;11057,14553,20194,22697,25474,25813,25910,26055,26079,26092,26097,26102,26103
GIILNS;11058,14554,17222,20195,22698,25475,26056,26086,26093,26098,26101,26102,26104,26105,26106
GIILNT;11059,22699,25476,25911,26047,26057,26080,26087,26094,26099,26103,26104,26107,26108
GIILNV;11060,22700,26105
GIILNW;11061,20196,25912,26081,26106,26108
GIILOS;26098,26109,26110
GIILSS;26109
GIILSV;26105
GIIMMN;11065,20200,26112,26113
GIIMNN;11067,17223,20201,22706,25815,26083,26112,26114,26115
GIIMNP;22707,25816,26085,26116,26117,26118,26119
GIIMNR;14555,17224,22708,25479,25817,26113,26117,26120,26121
GIIMNT;22709,26087,26115,26120,26123
GIIMNX;26124
GIINNN;14557,20205,25480,25818,26091,26125,26126,26127,26128,26129
GIINNP;11070,22715,25820,26059,26125,26130,26134,26135,26136
GIINNS;11072,20207,22717,25482,25822,25914,26061,26093,26114,26127,26132,26135,26137,26140
GIINNT;20208,25823,25915,26062,26094,26115,26128,26133,26138,26141,26142,26143,26144
GIINNV;22718,26063,26143
GIINNW;11073,17227,20210,25824,25916,26064,26129,26140,26144
GIINNX;26049
GIINOR;17229,26097,26131,26146,26147
GIINOY;26148
GIINPP;20215,25826,25918,26066,26100,26116,26134,26150,26151,26152,26153,26154,26155
GIINPR;11075,17231,20216,25827,26117,26151,26157,26158
GIINPS;17232,20217,22720,25828,25919,26067,26101,26118,26135,26145,26152,26157,26159,26160,26161
GIINPW;26119,26161,26163
GIINPZ;22721,26155,26158
GIINRS;11076,14560,20219,25484,25829,25921,26045,26068,26102,26137,26146,26157,26167,26170,26171,26172,26173
GIINRT;11077,14561,17233,20220,22723,25485,25830,26103,26120,26138,26147,26168,26171,26174,26175
GIINRV;20221,22724,26121,26172
GIINRW;11078,22725,26173,26175
GIINST;14562,20224,22728,25488,25923,26071,26104,26123,26160,26171,26176,26180,26181,26182,26183
GIINSV;11080,20225,22729,25832,25924,26072,26105,26172,26182,26184
GIINSW;22730,25925,26106,26140,26161,26173,26178,26183,26184
GIINSZ;22731,26179
GIINTT;14563,20226,25491,25833,25926,26073,26107,26141,26149,26162,26174,26180,26185,26186
GIINTW;11081,25927,26108,26144,26163,26175,26183,26186
GIINVW;11084,22734,26184
GIIOPR;22736,25929
GIJKNO;26191,26192,26193
GIJKNU;11087,26190,26193
GIJLNO;26194,26195,26196,26197
GIJLNU;26196,26198
GIJLNY;
GIJNOW;26197
GIJNOY;
GIJOST;
GIKLNY;
GIKLSS;
GIKNNU;11113,14566,20232,25494,25837,26190,26223
GIKNOP;17241,26209,26218,26224,26227,26228,26229
GIKNOR;14568,17242,25495,25838,25936,26225,26227,26230,26231,26232
GIKNOT;17244,26220,26230,26233,26236
GIKNOY;11117,17246,26206,26232,26235,26237
GIKNPU;17247,26229
GIKNRY;11124,22770,26069,26232,26238
GIKNST;11126,22771,25938,26071,26233,26239,26240
GIKNSY;22773,25497,26235,26238,26240
GIKNUY;17251,22774,26207,26237
GIKOPS;26228
GIKRTU;25941,26241
GILLNU;11133,14572,17253,20239,25498,25840,25942,26243,26244,26245,26249,26250,26251
GILLOO;26253
GILLOR;11136,22783,26247,26254
GILLOY;20240
GILLRS;22786,26254
GILLUY;
GILMNO;11143,14574,20241,26084,26256,26257,26258,26259
GILMNU;11148,14575,17254,22795,25499,26244,26260,26261,26262
GILMRY;26090
GILMSU;26262
GILNOO;14577,17258,25500,26208,26256,26264,26271,26272,26273
GILNOP;11160,22804,25501,26096,26209,26246,26271,26274,26275,26276,26277,26278,26279,26280
GILNOR;11161,20242,25502,26097,26247,26257,26275,26281,26282,26283
GILNOS;14578,17259,22805,25844,25945,26098,26210,26272,26276,26281,26284,26285,26286,26287,26288,26289
GILNOT;11162,14579,17260,22806,25503,25946,26099,26195,26248,26258,26273,26277,26285,26290,26291,26292,26293
GILNOU;25504,26196,26265,26278,26282,26286,26291
GILNOV;11163,25845,26287,26292,26294,26295
GILNOW;14580,17261,25505,25846,25947,26197,26266,26279,26288,26293,26295,26296
GILNOX;
GILNPS;11167,22809,26101,26276,26299
GILNPU;25507,25848,25948,26249,26260,26278,26297,26298,26299,26300
GILNPY;11170,17263,22812,25508,26280,26300
GILNRU;14582,17264,25509,25849,25949,26211,26261,26267,26282,26298,26301
GILNSS;11174,22816,26284,26302
GILNST;11175,22817,26104,26285,26303,26304
GILNSU;11176,14584,20244,22818,25510,25850,25950,26198,26212,26250,26262,26268,26286,26299,26301,26302,26303,26305
GILNSY;11179,17265,25511,25951,26289,26304,26305
GILNTU;14585,22822,25512,26269,26291,26303
GILNTY;11180,25513,25952,26304
GILNUX;25514
GILNUY;22824,25851,26300,26305
GILNWY;11185,26296
GILOOS;22826,25852,26253,26272,26308,26309,26310
GILOOY;14587,25515
GILORS;11188,22828,26254,26281,26308
GILORY;25516,26283,26313
GILOSS;22829,26109,26284,26309
GILPSU;17269,26299
GILRSU;14588,22839,26301
GILRSY;22840,26316
GILRTY;22842,25957,26313,26316,26317
GILSSU;26302
GILSTU;22848,26303,26319
GILTUY;26315,26317,26319
GILTYZ;
GIMMNU;14589,17272,25856,25963,26320,26323,26325,26326
GIMMOR;26327
GIMMSU;22855,26325
GIMNNO;11200,22858,26328,26329,26330
GIMNOO;14591,17273,20250,26256,26328,26332,26333,26334,26335,26336,26337
GIMNOP;17274,26332,26338,26339,26340,26341
GIMNOS;11205,17276,22863,25965,26213,26330,26334,26342,26345,26346,26347,26348
GIMNOU;22865,26340,26343,26347
GIMNOV;11207,22866,26322,26336
GIMNOW;14594,22867,26344,26348
GIMNOY;26259,26341
GIMNOZ;26337
GIMNPU;14595,20251,25859,25966,26199,26260,26323,26340,26349,26350,26351,26352,26353
GIMNPY;25860,26341,26353
GIMNRU;22873,26214,26261,26343,26350,26354
GIMNSU;11219,22876,25861,25968,26215,26262,26325,26347,26351,26354,26355,26356
GIMNTU;26331,26352,26356
GIMNUX;
GIMORS;11222,22879,26327,26342,26359,26360
GIMOSS;22880,26345,26359,26361
GIMOSY;11224,14596,25518,26361
GIMOSZ;
GIMOTU;26362
GIMPSU;22882,26351
GIMRSU;11226,25969,26354,26363,26364
GINNNO;17277,20254,25519,26216,26366,26367,26368
GINNOO;22889,25863,25972,26217,26264,26328,26366,26373,26374,26375
GINNOS;11234,14597,17281,20258,25866,25975,26132,26219,26330,26373,26376,26378,26382,26383,26384,26385
GINNOT;11235,25867,25976,26133,26220,26383,26386
GINNOW;14599,20260,25868,26221,26266,26368,26374,26380,26384,26386
GINNOY;25521,26377,26381
GINNOZ;11236,26222,26375,26385
GINNPW;11240
GINNPY;26377
GINNRU;14600,20261,22898,25869,26139,26267,26370,26379,26387,26389,26390
GINNSY;17283,20262,22905
GINNTU;11248,14601,20263,25977,26142,26269,26331,26372,26388,26390,26391,26392,26393,26394
GINNTY;26394
GINOOP;11254,17284,25870,25978,26224,26271,26332,26395,26396,26397,26398
GINOOS;14602,17285,22910,25871,25979,26226,26272,26334,26373,26397,26399,26401,26402,26403,26404
GINOOW;20266,25524,26374,26403
GINOOZ;14604,26337,26375
GINOPR;11255,14606,22912,25872,26227,26275,26339,26396,26411,26412,26413,26414,26415,26416
GINOPS;11256,17287,20268,22913,25983,26145,26228,26276,26376,26397,26407,26411,26417,26418,26419,26420,26421
GINOPT;26277,26398,26408,26412,26418,26422,26423
GINOPU;17288,25526,25873,26229,26278,26340,26409,26413,26419,26423
GINOPX;
GINORS;11258,14607,17291,20270,22915,25527,25875,25985,26146,26281,26342,26378,26399,26411,26427,26428,26429,26430,26431,26432
GINORT;11259,20271,22916,25528,26147,26230,26400,26412,26425,26428,26433,26434,26435
GINORV;20272,22917,26414,26426,26430
GINORW;17293,20273,25877,25986,26231,26344,26380,26415,26431,26435
GINOSS;11261,14609,17295,20274,25879,26284,26345,26382,26401,26417,26427,26436,26437,26438,26439
GINOST;11262,17296,20275,25529,25987,26233,26285,26346,26383,26402,26418,26428,26437,26440,26441,26442,26443,26444
GINOSW;14611,17299,20277,22920,25530,25990,26288,26348,26384,26403,26420,26431,26439,26443
GINOSY;17300,22921,26148,26235,26289,26404,26421,26432,26444
GINOSZ;20278,22922,26385
GINOTT;14613,17301,20279,22923,25991,26149,26200,26290,26405,26422,26433,26440,26445,26446,26447
GINOTU;11264,20280,25992,26236,26291,26423,26424,26434,26441,26446,26448,26449
GINOTV;11265,22924,26292,26442
GINOTW;26293,26386,26435,26443,26447,26448,26450
GINOTY;26444
GINOTZ;11266,22925,26449,26450
GINOVW;11267,26295
GINOWW;14615,25993
GINOWY;26296
GINPPU;17303,20281,25994,26297,26349,26409,26451,26452,26453
GINPRS;11276,22929,26157,26411,26455,26456,26457
GINPRU;14616,22930,25882,26298,26350,26387,26413,26454,26456
GINPRY;11279,22932,26416,26457
GINPSU;11282,20282,22934,25996,26299,26351,26419,26452,26456,26459,26461
GINPSY;11284,22936,25997,26421,26457,26458,26460
GINPTU;11286,26352,26388,26423,26453,26459,26462,26463,26464
GINPTY;26164,26460,26463
GINPXY;
GINQSU;
GINRRU;14617,17304,25532,26454,26466
GINRST;11292,22943,26171,26428,26467,26468,26469
GINRSU;11293,14618,17305,20283,22944,25533,25883,25998,26301,26354,26389,26429,26456,26466,26468,26470
GINRSW;11295,22946,26173,26431
GINRTU;14619,17307,22950,25535,25999,26390,26434,26468,26471
GINRTY;11299,22952,26469
GINRWY;11302
GINSST;22956,26176,26437,26467
GINSSU;11305,14622,17309,20285,25536,26177,26302,26355,26438,26472
GINSSW;11307,22957,26178,26439
GINSTY;11314,26240,26304,26357,26444,26460,26469,26474
GINSUU;26470
GINSVY;
GINSWY;11318,14625,22967
GINTWY;
GIOORV;26477
GIOPPS;22976,26407
GIOPSS;11331,26417,26479,26480,26481
GIOPST;26418,26480,26482
GIOPTU;26423,26482
GIORRS;22979,26483
GIORRU;22980,26478,26483
GIORST;11332,22982,25541,26428,26484
GIORSU;11333,14628,26004,26429,26483,26484,26485
GIORSV;11334,26189,26430,26477,26485
GIORTU;22983,26434,26484
GIORUV;22986,26485
GIOSTU;11335,26362,26441,26482,26484
GIPPRY;
GIPRSS;26455
GIPRTU;26007,26487
GIPSTY;26460
GIRSST;23003,26467
GIRTTY;
GISSTU;20291
GJLNUY;
GJMSUU;
GJNOOU;26490
GJNRUU;26491
GKLNOS;11350,26210
GKMOOU;26495
GLLMUY;
GLLNOY;
GLLOOP;26497
GLLOOS;25888,26253,26497
GLMNOO;23026,26256,26499,26500
GLMOOS;14634,26500
GLMOOY;26503
GLMOSU;26014
GLMPSU;
GLMPUY;
GLMRUY;14635
GLMSUY;
GLNOOO;11380,26499,26507,26508
GLNOOS;11381,14636,26272,26500,26507,26511
GLNOOU;26511
GLNOPS;11382,23033,26276
GLNOSU;11387,17317,23037,25549,26286,26511,26513
GLNOUY;20293,23040,26515
GLNPUU;25550,26516
GLNSUY;25889,26305
GLOOOY;26508,26517,26518,26519
GLOOPR;26509,26520
GLOOPS;11394,26497,26520
GLOOPY;11395,26510
GLOORY;26517,26521
GLOOTU;26522,26523
GLOPPY;
GLOPSS;23053
GLOPTU;23054,26524
GLORSW;23059
GLORWY;26512
GLOSST;23061
GLOSSY;26525
GLOSTU;26522,26524
GLRRRS;
GLSUUV;
GMNNOO;26328,26529
GMNOOS;23083,26334,26500,26529
GMNOST;11417,23087,26346
GMNOSU;23088,26347
GMNSUU;23092,26532,26533
GMNTUU;26532
GMNUUZ;26533
GMOOPR;26534
GMOORS;14643,26534
GMOOTU;14644,26535
GMORSS;11428,26359
GMPRSU;11431,26025
GMPRUY;26026
GMPSUY;26538
GNNOOR;11435,26505,26540
GNNOUW;26541,26543
GNNSUU;26506,26546
GNOOPS;23106,26027,26397
GNOORT;26400,26550
GNOOSZ;11441
GNOPPU;26409,26551
GNOPRS;23113,26411
GNOPRU;26413,26552,26553,26554
GNOPSY;26421
GNOPTU;26423,26552,26555
GNORST;11446,23119,26029,26428,26550
GNORSW;26431
GNORSY;23122,25557,26432
GNOSUY;
GNOTUU;26556,26557
GNPRSU;23127,26456
GNRSTU;23131,26468
GOOOOR;26559
GOORSS;26037
GOORTT;20312,26492,26561
GOORVY;
GOPPSY;
GOPRSS;
GOPRSU;11460,20314,26564
GOPRUW;26554,26564
GOPRUY;
GOPRYY;
GORRTU;23153,26565
GORSTU;11465,26038,26484,26565,26566,26567
GORSUU;26536
GORSUY;26567
GORSYZ;
GORTTU;26566
GORTTY;
GORTUY;11466,26041,26563,26567
GOSSTU;23161
GOSTUY;26567
GPRSSU;23168
GSYYYZ;
HHISSY;
HHISTW;26569,26576
HHMMUU;26577
HHMPSU;
HHMRTY;26570,26579
HHOOSS;23193
HHOOSW;
HHOOSZ;
HHRSTU;
HIIKLM;17332,26585
HIIKMO;26586
HIIKOS;26586,26588
HIILNS;20317,26591
HIILPU;26593
HIIMMS;20320,26596
HIIMNS;26598
HIIMPS;20322,26599
HIIMST;11502,17341,26602,26603
HIINOS;17344,25917,26588,26605,26606
HIINPP;25918,26607
HIINPS;25563,25919,26589,26607,26608
HIINSW;25925,26609,26610
HIINTW;25927,26610
HIIOPR;25929,26611,26612,26613
HIIOPT;17347
HIIRSS;23215
HIISSX;
HIITZZ;
HIJNSU;26619
HIJOSS;
HIKLOY;
HIKMUZ;26626
HIKNRS;11520,23230,26632
HIKNST;25938
HIKRSS;11528,17358,23240,26632
HIKSST;11531,17359
HIKSSW;
HIKSSY;
HIKSTY;17360
HIKSWY;23247
HILLOS;11535,20330,23252
HILLOY;14663,26636
HILLPU;26637
HILLRS;23253,26638,26639,26640
HILLRT;11536,23254,26639,26641
HILLSS;11537,26638
HILLST;11538,26639
HILLWY;
HILMOS;11547,26643,26644,26645
HILMOW;26645
HILMOY;
HILMSU;11550,23259,26646,26648
HILMSY;26647,26648
HILNPT;26654
HILNTY;23266,25952,26650,26653
HILOOT;26655,26656,26657
HILOPS;26643,26658
HILORT;17368,26661
HILOST;17369,20335,23271,26655,26658,26662,26664,26665,26666
HILOSW;25567,26645,26663,26665,26667,26668
HILPSS;23274,26671
HILPST;25954,26592,26654,26658,26671
HILRST;23277,26639
HILRSW;
HILRWY;
HILSSY;26647,26673
HILSTT;23285,26674
HILSTW;23287,26665,26675
HILSTY;11568,25959,26666,26673,26674,26675,26676
HIMMSY;23293,26679
HIMMWY;
HIMNOS;23294,25965,26623,26680
HIMNOY;
HIMNSU;23298,25968,26682,26683
HIMNTU;26683
HIMOPS;14671,20341,26643,26686,26687,26688
HIMORS;11578,17377,23300,26685,26686,26689,26690
HIMOTY;26692
HIMPRS;26686,26693,26694
HIMRST;11586,23308,26689,26697
HIMSST;23312,25970,26602,26698
HIMSTY;17381,23315,26679,26684,26697,26699
HIMSWY;23316
HINNST;11592,26702
HINNSY;23322
HINNTU;25977,26628
HINNWY;
HINOOP;25978,26704,26705
HINOPS;17383,20348,23324,25983,26704,26710,26711
HINORS;17385,20350,23327,25985,26572,26605,26712,26713,26714
HINOST;17386,23328,25987,26702,26709,26712,26715,26717
HINPSU;25996,26631,26703,26718,26719
HINPSX;
HINPTY;26720
HINRSU;11601,14675,17390,20351,25572,25998,26713,26722
HINSTY;17391,26684,26720
HINSUW;
HIOORU;26724
HIOOSV;26725
HIOPPS;14679,25576,26710,26727,26728
HIOPRT;17397
HIOPRU;11611,26729
HIOPST;14681,17398,23351,26573,26658,26688,26731,26733
HIOPSY;20355,26634,26732
HIORSS;11614,23354,26734
HIORSU;23356,26004,26713,26724,26729,26734
HIOSSS;
HIOSST;17402,23362,25579,26662,26715,26731,26736,26737
HIOSSW;26663,26716,26726,26737
HIOSTW;26665,26717,26737,26739
HIOSTY;23364,26666,26735
HIOTTU;26738,26740
HIOTWZ;
HIOWZZ;
HIPPSU;25581,26718,26741
HIPPWY;
HIPRST;11620,23370,26006
HIPSSY;17406,26732
HIQSSU;26742
HIRRSS;11627,23376
HIRRSW;11629
HIRRWY;
HIRSST;11630,25583,26743
HIRSTT;11631,23384,25584,26743,26744,26745
HIRSTY;17409,26697,26735,26745
HIRTTY;25585,26745
HISSST;17410
HISSSU;23392,25587
HISSTW;11635,26576,26737
HISSTX;
HISSWY;
HISTTY;26674,26699,26745
HISTUZ;11637,26746
HISTVZ;17413
HIWYZZ;
HJNNOY;
HKLOOZ;26749,26752
HKMOSU;
HKNOOS;17427,26753,26754
HKNOOU;26629,26754
HKNOSY;23409
HKNRSU;23410
HKNSTU;
HKNSUU;26756
HKOOPU;26758
HKOOSS;26753,26759
HKOOST;17428,26759
HKRSUU;
HLLOOO;26763
HLLOOS;11659,23422,26763,26764,26765
HLLOOU;26764
HLLOOW;26765
HLLOPY;26636,26766
HLLOSU;11662,23424,26764
HLLOWY;
HLLSUY;26767
HLMOOS;11674,17432,23432,26770
HLMOTY;26768,26772
HLMPSU;17434,26646,26773,26774
HLMPSY;26774
HLMPUY;26774
HLNOOS;
HLNOPY;26651
HLNOUY;
HLOOSS;17435,23443,26770,26776
HLOOST;17436,26655,26777
HLOPSS;26776
HLOPSY;23448,26766,26780
HLOPTY;26779,26780
HLORSS;17438
HLORSW;23450
HLORUY;26018
HLOSST;11686,23454,26662
HLOSSY;
HLOSTU;11687,14687,26664
HLOSTW;23458,26665
HLOSTY;23459,26020,26666,26772,26777,26780,26781
HLPRUU;26783
HLPSSU;11691,23464,26773
HLPSSY;11692
HLPSUY;26672,26767,26774
HLPSYY;
HLRSTU;23467
HLSSUY;
HLSTUY;17443
HMMMUU;11694,26784
HMMOOS;26786
HMMSTU;
HMMSUU;26577,26784
HMNOPY;26788,26789
HMNOST;23477
HMNPSY;26788,26790
HMNPUY;26790
HMOOPR;26791
HMOOPS;11708,26791,26792
HMOOPW;26578,26792
HMOORS;14690,17444,26685,26791,26793
HMOOSS;11709,17445,23482,26770,26793,26794
HMOOST;17446,23483,26794,26795
HMOOSW;23484,26792
HMOOSZ;17448,23486,26797
HMOPRS;26686,26791
HMOPSW;26792
HMORRS;
HMORSU;14691,26023,26798
HMORUU;26798
HMOSTU;11714,26024
HMOSTY;26772,26795
HMOSUU;26796,26798
HMOTUY;
HMPRUY;26026
HMPSSU;11718,26773
HMPSTU;
HMPSUW;
HMPTUY;26696
HMRRSY;23496
HMRRYY;
HMRSTU;11720
HMSSTU;26698
HMSTUY;17450,26799
HMSUUY;
HMTUYZ;26799
HNNOOP;26800
HNOOPS;17454,26027,26704,26800,26804,26805
HNOOPT;26705,26804,26806
HNOOPU;26805
HNOORS;17455,23510,26807,26808,26809
HNOORT;17456,26706,26808
HNOORU;26809
HNOPSY;23514,26788,26811,26812
HNOPTY;26806,26812
HNORST;11728,23521,26029,26712,26808,26813
HNORSU;17458,23522,26713,26801,26809
HNORTW;26814
HNORTY;26813
HNOSSY;26811
HNOSTU;26032,26810,26815,26816
HNPSXY;
HNRTUU;26819
HNSSTU;11739,26815,26820
HNSSTY;
HNSTUU;17463,26816,26820
HOOOOP;26821
HOOOOR;26822
HOOOOW;
HOOPSS;26776,26825
HOOPST;14695,26035,26804,26823,26824,26826,26827,26828
HOOPSW;26792
HOOPSY;14696,26825,26828
HOOPTT;26826
HOORRR;26830
HOORST;17465,20374,23540,26808,26824,26831
HOORTT;
HOORUZ;26832
HOOSST;17467,23543,26759,26794
HOOSSW;23544,26726
HOOSTT;26580,26826,26833
HOOSTW;14697
HOOTTY;
HOPPSU;
HOPPSY;
HOPPTU;17468,26581
HOPRST;23550,26824,26834
HOPRTY;11745,23555,26779
HOPRYY;
HOPSSY;17469,26732,26761,26811,26825,26837
HOPSTU;26733,26827,26834,26838,26839,26840
HORSST;14699,23563
HORSSU;20378,23564,26734
HORSSW;23566
HORSTT;11749,23567,26841
HORSTU;11750,17472,20379,23568,25601,26038,26834,26842
HORSTW;11751,23569,26039,26841
HORSTY;26735,26781,26813
HORTTW;26841
HORTWY;26042
HOSSTT;23575,26736,26843
HOSSTU;17473,26815,26838,26843
HOSSTW;17474,26737
HOSSUY;
HOSTTU;26738,26833,26843,26844
HOSTUY;26840
HOTUYY;26782
HPPSUU;26845
HPRSSU;23578
HPRSUU;14700,26783
HPSSTU;17475,26838
HPSTUY;26840
HQRSUU;
HQSSUU;
HRSSTU;26847,26848
HRSSUU;
HRSTTU;23588,26744,26847
HRSUUU;
HRTTUY;
HSSUUW;
IIIMRT;26852
IIIRST;26852,26854
IIIRTT;26854
IIJMNY;26859
IIJNNS;
IIKKOR;26864
IIKKOS;26864
IIKKSS;26865
IIKLMS;23605,26585
IIKLNS;20389,26056,26870
IIKMNS;26851,26874,26875
IIKNNO;26058,26876
IIKNNS;26061,26587,26876
IIKNOS;26588,26870,26876,26877
IIKNPP;26066,26878
IIKNSS;23621,26070,26875,26877,26879
IIKOST;26880,26881
IIKOTT;26881
IIKPUW;17493,26882
IIKRRS;23626
IILLMU;
IILLOY;
IILLPU;26890
IILLWY;
IILMMU;
IILMNS;11791,20394,26086,26891,26892
IILMST;20397,23652,26895,26896
IILNNS;11797,23656,26093,26898
IILNNU;20399,26898
IILNOV;23660,26902
IILNPS;17500,23662,26101
IILNRT;23666,26103,26907
IILNRV;26908
IILNST;23668,25611,26104,26888,26907,26909
IILNTY;11804,25612,26899
IILPST;23678,26592,26911,26916,26917
IILRWY;
IILSTU;23685,26895
IILTTU;26921
IILTTW;26922
IIMMNS;11812,26924
IIMMNU;25618,26923,26924
IIMMNW;
IIMMST;23693
IIMNNO;17514,26597,26925
IIMNOU;14718,26927
IIMNRS;25619
IIMOSS;14720,20416,23702,26894,26926,26931,26932
IIMRST;11828,17521,23708,26852,26933,26935
IIMRSU;26600,26934
IIMRTX;
IIMSSS;20417,23709,26601,26938
IIMSSZ;23712,26938
IIMSTT;23713,26603,26939
IINNOP;11831,26130,26941,26942
IINNOS;23717,26132,26876,26925,26942
IINNPY;26944
IINNQU;11833,23719,26945,26946
IINOPT;26900,26948
IINORT;17530,20424,26147,26949,26951
IINORV;14724,26950
IINOSV;26902,26950,26952,26953
IINPPP;26150,26955
IINPRT;26929
IINPTX;
IINSST;11845,23745,26176,26909,26959
IINSTW;23750,26183,26610,26961
IINSTY;
IINTTU;26954,26960
IINTTW;26186,26961
IIOOPP;26962
IIOOTT;26963
IIOSTT;26881,26963,26968
IIPPST;23764
IIPPUU;26970
IIPRRU;26971
IIPRST;11849,23770,26972,26973,26974
IIPRTU;26973
IIQTUV;26976
IIRRTT;26977
IIRSVZ;23782
IISSTV;14730,23786
IISSTZ;23788,26978
IJKLOY;26983
IJKMOU;26984
IJKMSU;26984,26985
IJKMUZ;26985
IJKNOS;26192,26986
IJLMPY;26989
IJMNOS;26860,26992,26993
IJMOOT;26994
IJMOSS;26993,26995
IJNORU;26997
IJNOST;23815
IJNPSU;23817
IJNRUY;26201
IJOSST;
IJRSTU;26999
IKKNNU;27002
IKKNSS;
IKKORR;27007
IKKOSS;
IKKRSS;23836
IKKRSU;
IKKUUY;27008
IKLLRS;23842
IKLLSS;
IKLLSY;17557,26867,27012
IKLLTU;27009,27011
IKLMOS;27014,27015,27016
IKLMSS;11877
IKLNNU;23849,27019
IKLNOU;27023
IKLNPS;27025
IKLNPU;27013,27025
IKLNPY;
IKLNSS;23856
IKLNSY;11880,23861
IKLNTY;27027
IKLOOT;27021,27028,27029
IKLOPY;17566
IKLPSU;23872,27010,27025
IKLPSY;23873,26871
IKLRSS;
IKLSSU;11885,23878,26621,27030,27031
IKLSTU;17572,20439,25636,27011,27032
IKLSTY;
IKLTTU;27032
IKLTTY;
IKMNOO;14737,27034,27035,27036
IKMNOR;23884,26873,27035,27037
IKMNRU;26214,27040,27041
IKMOSS;14740,23890,27043
IKMOSU;26984,27043
IKMOSV;
IKMOTV;26624
IKMPRS;11895,27044
IKMPSS;27044
IKMPSY;
IKMRSS;23896,27044
IKMRSY;
IKMSSU;17577,23900,27043,27045
IKMSTU;17578,23902,27045
IKNNNO;26216,27046
IKNNPU;27033,27047,27048
IKNNSY;
IKNNTU;26628,27048,27049
IKNOOR;23907,26225,27035
IKNOPS;23909,26228,27052
IKNOPT;27052
IKNORW;23911,26231,27051,27053,27054
IKNOSS;23912,26877,26986
IKNOST;11901,26233,27050,27052
IKNPRS;11902,23915
IKNPSS;11903
IKNPTU;17584,27048,27055
IKNSST;
IKNSSU;14741,23924
IKNSSW;
IKNSTW;
IKNSTY;26240
IKNTWY;27027
IKOOPT;
IKOORS;23929,26633
IKOORU;
IKOPTU;
IKPPSY;
IKPRSU;27059,27061
IKPSTU;17591,23945,27055,27061
IKQRSU;
IKQRUY;
IKRRSS;11912,23946
IKRSST;11913,17593,23949
IKRSTU;23952,25639,26241,27057,27061
IKSVVY;
ILLMOU;23961,27063,27068
ILLMPY;27069
ILLMSY;11923,26885
ILLNOT;26248,27074
ILLNOY;27071
ILLNUW;26251,27076
ILLOPW;27083,27084
ILLORT;11931
ILLOWW;27089,27093
ILLPRS;11933,23981
ILLPSS;23982
ILLPUV;11936,27095
ILLQQU;27096
ILLQSU;11937,27096,27097
ILLRST;23987,26639
ILLSST;23990
ILLSSW;
ILLSTW;23994
ILLSTY;11941,27099
ILLSUV;27087,27095
ILLTWY;
ILMNOU;27063,27105
ILMNRU;11958,20453,26261,27064,27106
ILMNSU;11960,24005,26262,27105,27106,27107
ILMOOS;17603,24007,27014,27109,27110
ILMOOV;11961,24008,27110
ILMOPY;
ILMORS;11964,20455,24011,26893,27111
ILMORW;27111
ILMOSS;20456,24013,26644,26894,27109
ILMOSU;14756,20458,25648,27068,27105,27114
ILMOTU;27112
ILMPPY;
ILMPRY;24019
ILMPSY;11971,24025,26263,27115
ILMRSY;24033,27117
ILMRTY;24034
ILMSSU;24038,27101,27107,27118
ILMSSY;11977,24039,26647,27115,27117,27118
ILMSTU;11978,17604,25649,26895,27116,27119
ILMTUU;26649
ILMYZZ;27120
ILNOOS;17606,20463,24054,26272,27020,27125,27127,27128,27129
ILNOOT;26273,27021,27103,27129
ILNOPP;24056,26274,27130
ILNOPT;20465,24059,26277,26900,27132
ILNOQU;11987,20466,26990,27072,27136
ILNOST;11989,24064,26285,27074,27129,27132,27137,27140,27142,27143
ILNOSU;17609,20468,24065,26286,27023,27105,27133,27136,27138,27141,27142
ILNOSY;26289,26903,27134,27143,27144
ILNOTU;11990,14762,17610,24066,26291,27139,27142,27145
ILNPRU;17612,24072,26298,27131,27146
ILNPST;11993,24074,26654,27132,27147,27148
ILNPSU;11994,17613,20471,24075,26299,27025,27133,27146,27148
ILNPUY;26300
ILNRTY;12003,24080,27149
ILNSSY;24087,27151
ILNSTU;12007,17615,20473,24088,25655,26303,27142,27148,27150
ILNSVY;24095,27151
ILOOPS;27125,27154
ILOORT;24099,27156,27157
ILOOST;17619,24102,26310,26655,27028,27129,27154,27156,27158,27159
ILOOYZ;14765,27160
ILOPPY;27161
ILOPRX;
ILOPRY;17621,27081,27162,27163,27164
ILOPSS;24110,27165,27166
ILOPST;12016,24111,26658,26911,27082,27132,27154,27165,27167,27168
ILOPSU;14766,17622,24112,27133,27168,27169
ILOPSW;17623,27083
ILOPSX;27166
ILOPTU;20474,27168
ILOPTY;
ILOQRU;27170
ILORST;12023,14767,17624,24119,25659,27137,27156,27172
ILORSV;24121,25660
ILORSY;26660,27163,27171
ILORSZ;
ILORTU;20475,24124,25661,26661,27112,27139,27172
ILOSSU;14768,20478,27030,27141
ILOSTV;24129,26913
ILOSTW;24130,26665,27174
ILOTTW;27174
ILPPRY;
ILPPSU;12036,24141,27175,27176
ILPPSY;12037,27161
ILPPTU;27176
ILPRTY;
ILPSST;12043,24149,26671,26916,27147,27165
ILPSTU;12044,24153,25666,27116,27148,27168,27176,27178
ILPTTU;27178
ILQRSU;27170,27181
ILQSTU;
ILRSSW;24165
ILRSTU;12052,24167,27172,27182,27184
ILRSTW;
ILRSTY;12053,14772,24168,25668,26316,27149,27183,27184
ILRSWY;
ILRTWY;
ILSSTT;24175,27187,27188
ILSSTU;12058,27150,27182,27187
ILSTTU;17631,24181,25671,27032,27178,27187,27189
ILSTTW;27174
ILSTTY;12063,24183,26674,27179,27188
ILSTUU;27189
ILSTWY;25674,26675
IMMMOS;24190,27190
IMMNOS;27191,27192
IMMNOU;27192,27193
IMMOOR;27194
IMMOOS;14775,27194,27195
IMMOSU;27192,27197,27198
IMMOTU;27196,27198
IMMOTW;27199
IMMSTU;24213,27198,27200
IMMSWY;
IMNNOW;27203
IMNNTU;26331,27204
IMNOOR;12078,17638,24218,26333,27035,27202,27207,27208,27209
IMNOOS;20488,24219,26334,26680,27036,27208,27210,27211,27212,27213
IMNOOT;12079,24220,26335,27103,27206,27209,27211
IMNORS;12084,14778,17639,20490,24225,25679,26342,27037,27208
IMNOST;12087,14781,24227,26346,27211,27220
IMNOSU;14782,17641,26347,26927,27105,27192,27212,27217
IMNOSY;14783,27213,27221,27222
IMNRRU;12094,24235,27218,27223
IMNRTU;12097,24239,27041,27224
IMNRUY;
IMNTUX;
IMNTUY;
IMOOTV;27228
IMOPRS;24254,26686,27229,27230,27231
IMOPRT;27230,27232,27233
IMOPRV;24255,27231
IMOPST;12107,24258,26688,27230,27234,27235
IMOPSU;20494,26930,27217,27235
IMORRR;27236
IMORRS;27236
IMORSU;17647,24264,27238
IMOSST;17648,20496,24270,26931,27220,27234,27237,27240
IMOSSX;
IMOSSY;17649,26361,27221,27241
IMOSSZ;27241
IMOSTU;20499,24273,26362,27198,27235,27238,27240,27243,27244
IMOSTV;24274,27228,27243
IMOTTT;27242
IMOTVY;
IMOTYY;
IMPPRS;
IMPRSS;17652,24283,26693,27044,27229,27245
IMPRSU;24285,27245
IMPRSY;12118,17653,26694
IMPSTU;24290,27116,27235,27246
IMPSUX;
IMQRSU;12119,27247,27248
IMRRSS;
IMRRSU;24296,27223
IMRRSY;
IMRSST;12120,24297,26933,27237,27249
IMRSTU;12121,14787,24301,27224,27238,27249
IMRSUU;17655,26364
IMSSSU;14789,24308
IMSSTU;12127,14790,17656,26698,26940,27045,27200,27240,27246,27249
IMUZZZ;
INNNOS;24314,27046
INNOOR;20502,27202,27251,27254
INNOOS;24316,26373,27253,27254,27255
INNOOT;20503,27255
INNOOY;27121
INNOPS;12130,24317,26376,26942,27122,27253,27257
INNOPY;26377,27256,27257
INNORS;24320,26378,27254,27258
INNORT;24321,26701,27258
INNORW;26380
INNOST;12133,24325,26383,26702,27255,27258,27260
INNOSU;14791,17661,27259,27260,27261
INNOTW;26386
INNOWW;27262
INNPSU;26703,27047
INNPSY;24334,26944,27257
INNRSU;12139,24338,26389,27264
INNRTU;12141,26390,27264
INNSTU;12143,24346,26391,27049,27204,27260,27264
INOOPS;17665,26397,26704,27125,27253,27266,27267
INOOPT;26398,26705,27206,27265,27267
INOORS;14792,17666,20509,24352,26399,27127,27208,27254,27268,27269,27270
INOORZ;26707,27270
INOOST;14794,20511,24353,26402,26709,27050,27129,27211,27255,27267,27269,27272
INOPPR;24358
INOPPS;17669,24359,26407,26710,27130,27274
INOPRS;12150,24361,25688,26411,27275,27276,27277
INOPRT;12151,24362,26412,27265,27276
INOPRU;26413,27131,27277
INOPSS;12152,24364,26417,26711,26947,27266,27275,27278,27279
INOPST;24365,26418,26948,27052,27132,27267,27274,27276,27278,27280,27281
INOPSW;24366,26420
INOPTT;12153,24368,26422,27280
INOPTY;25690
INOQSU;12155,27136
INORSS;17672,24372,25691,26427,27268,27275
INORST;12156,14796,17673,24373,25692,26428,26712,26949,27137,27258,27269,27276,27282,27283
INORSY;26432,26714
INORTT;24378,26433,26951,27271,27282
INORTU;12158,17675,20515,24379,26434,27139,27283
INORTX;12160
INOSSV;26952
INOSSZ;24385
INOSTT;12162,24386,26440,27280,27282,27286
INOSTU;17679,26441,27142,27260,27281,27283,27287,27289
INOSTX;24388
INOSUV;24389,26953,27285
INOTUW;20519,26448,27289
INOTVY;
INPPSU;26452,26718
INPPSY;
INPRST;12168,24398,27276,27290,27291,27292
INPRSU;12169,24399,26456,27146,27277,27291
INPRTU;12172,24400,27291,27293
INPSTU;12176,20521,24404,26459,27055,27148,27281,27291
INPSUY;14801
INPSUZ;
INQSTU;12181,24411,27294,27295
INQSUY;12182,27263,27295
INRSST;12185,24419,26467,27290
INRSTU;12187,14802,17682,24423,26468,26722,26957,27224,27264,27283,27291,27296
INRSXY;
INRTVY;
INRTWY;24434
INSSTT;12190,27286
INSSTU;12191,20524,24438,27150,27287,27294,27297
INSTTY;24446,26474
INSTUU;14805,27297
INSTUW;27289,27298
INSTYY;
IOOPRS;20526,26723,27300,27301
IOOPRT;17683,27265
IOOSSS;27226,27303,27307,27308
IOPPPT;27309,27310
IOPPSZ;
IOPPTT;27312
IOPPTZ;
IOPQSU;
IOPRRS;24471
IOPRRY;27162
IOPRST;12199,14810,17688,20531,24475,25697,27230,27276,27311,27313,27315
IOPRTU;24479,27233
IOPSST;20533,24483,26480,26731,27165,27234,27278,27313,27316
IOPSSY;26481,26732,27314
IOPSTT;24485,27167,27280,27312,27315,27317
IOPSTU;12204,24486,26482,26733,27168,27235,27281,27316,27317
IOPSTV;
IOQSTU;27320
IORRST;20534,24497,27321
IORRTW;14813,27321
IORRTY;25700
IORRZZ;27322
IORSST;12209,14814,24503,27237,27304,27313,27324
IORSSU;12210,24504,26734,27324
IORSSV;12211,24505,26966
IORSTU;12212,17694,24509,26484,27057,27172,27238,27283,27306,27324,27325
IORSTZ;
IORSUV;12215,26485,27285
IORSVZ;
IOSSTT;12216,26736,27286,27328,27329
IOSSTV;24519
IOSSTZ;
IOSTTU;24521,25702,26738,26968,27317,27325,27329,27330
IOSTXY;
IOTTUW;12218,26740,27327,27330
IPPQUU;27331
IPPQUY;
IPPRTY;
IPPTUY;
IPQSUU;27331
IPRRTU;24544,27332
IPRSST;12223,17701,24548,26972,27290,27313,27333
IPRSSU;17702,24549,27059,27245,27333
IPRSSY;27060,27314
IPRSTT;24551,27315
IPRSTU;12225,20538,24552,26487,26973,27061,27291,27332,27333,27334
IPRSTW;
IPRSTY;24555,26974,27292,27335
IPRSTZ;27335
IPRSUY;12226,27177
IPRTUY;27293
IPRTWY;
IPSSTU;20539,27246,27316,27333
IPSTTU;24562,27178,27317,27338
IPSTTY;17705,24563,27179,27337
IPSTXY;
IPSVVY;
IPTTTU;27338,27339
IPTTUY;27318,27339
IQRRSU;27340
IQRSTU;24565,27341
IQSSTU;27294,27320,27341
IRSSTU;12237,17707,20540,24583,26999,27182,27249,27324,27333,27341
IRSSTW;
IRSSTY;27183
IRSTUV;24592
IRSTUZ;
IRSTWY;
IRTTUX;
ISSSTU;14820,24598
ISSTTW;
ISTTTU;24607,27338
ISTTWY;
JLLOOP;27344
JLSTUY;
JMNOOS;
JMORSU;
JNNOTU;26996,27347
JNOORU;14824,27348
JNOPSU;
JNOSTU;14825,27347
JNSTUU;
JOOPPY;27349
JOOSUY;
JORRSU;
JOSSTU;
JOTTUU;27350
KKLMUU;27351
KKLOOZ;26749,27352
KKLSSU;
KKMMUU;27353
KKMOOU;27354
KKMOSU;27354
KKMTUU;27355
KKNORS;27356
KKNRSU;12268,27357
KKNRUU;27357
KKNSSU;
KKNSUY;
KKOOPU;27358
KKOSSU;
KKOSTU;26751,27359
KKOTUU;27359
KKSSTT;27360
KKSSUU;
KLLNOS;
KLLNOY;
KLLOSY;
KLLSSU;
KLMRUY;27017
KLNOOP;27362
KLNOPS;27362
KLNOPY;
KLNPSU;24655,27025
KLNPUY;
KLNRSU;24656
KLNRUY;
KLOOPS;27362,27364
KLOOPU;27364
KLOOPY;
KLOOSS;
KLOPSU;17725,27364
KLOPUY;
KLRTUU;27366
KLTUYZ;
KMOOOR;27367
KMOOSS;12289
KMOSUX;
KMOSUY;27368
KMPRSU;12291,27369
KNNOSW;
KNNOTU;27372
KNNSUU;
KNOORR;
KNOORS;24680
KNOOSS;26753
KNOPRS;
KNOPSS;
KNOQSU;
KNORRU;
KNORST;24682
KNORUW;27376
KNORUY;24687
KNOSST;
KNOSSW;
KNOSTU;12299,17733,27372
KNOTTY;
KNPSSU;
KNPSUY;24693
KNRRSU;
KNRSTU;
KOOPSS;
KOOPSY;
KOOPTU;
KOORST;24702
KOORSU;17738
KOOSST;26759
KOOSSU;27380,27381
KOOSTW;27383
KOOTTU;27377,27382
KOOTWW;27383
KOPRSS;
KOPRUW;27384
KORSST;24712
KOSSSU;27380
KRRSUY;
KSTTUU;
LLLOOP;27387,27388
LLMMUU;27386,27389
LLNORU;27073,27392
LLOOPY;27078,27388,27394
LLOOTU;24754,27395,27396,27397
LLOOWY;27080
LLOPRS;12339,24756,27398
LLOPRU;27398
LLOPRY;12340,27081
LLOQSU;
LLORST;24761,27400
LLORTY;24762
LLOSSY;25714
LLOSTY;24767,27401
LLOSWY;12351,24769
LLOSXY;
LLOTUY;24772,27401
LLPPUU;27402
LLPSUU;27402
LLRSTU;12360
LLSSTU;
LLSXYY;
LMMOUX;25718
LMMPUY;
LMMSUY;12364
LMMTUU;27403
LMOOOO;27404
LMOORU;25723,27405
LMOOSS;14845,24803,26770,27109
LMOOSY;24804,27406
LMORSS;12386,24809,27408
LMORSU;12388,24811,27405,27408
LMOSST;12390,24814
LMOSSU;24815,27408
LMOSTU;
LMOSTY;24818,26772,27113,27406
LMPPSU;24824
LMPPUY;27391
LMPRUY;17753,24826
LMPSSU;26773
LMPSUY;26774
LMSSTU;
LMTTUU;27410
LNNOSY;
LNOOPY;26510
LNOORS;27127
LNOOSS;12407,14852,17756,24842,27128,27416
LNOOST;27129,27416
LNOPSY;20557,24850,27134
LNOPTU;12411,24851,27415,27417
LNOSTU;14856,17759,24862,27142,27417
LNOSUU;27418
LNOTWY;
LNPTUU;27419
LNRUUY;27421
LOOORT;27423
LOOOSV;
LOOPRS;24885,26520
LOOPRY;
LOOPSS;12428,20563,24886,26776
LOOSST;24893,27158,27416,27425
LOOSTT;24895
LOOSTV;27425
LOOSTY;17767,26777,27159,27406
LOOVVX;
LOPPPY;
LOPPRY;12433,27426
LOPPSU;24902,27427,27428
LOPPSY;24903,27161,27426,27428
LOPRRY;24907,27162,27429
LOPRSU;12438,24910,27398,27431
LOPRSW;24912
LOPRTY;24918,26779,27430,27432
LOPSTU;14864,24923,25736,26524,27168,27417
LOPSUU;27407,27427
LOPTTY;
LORSUY;17771,24938,27431
LORTTY;24941,27434
LOSSTY;24947,27173,27433
LOSTYZ;24956
LOSYZZ;
LPPRUY;
LPPSUY;27428
LPRRUY;
LPRSSU;12463,24964,27437,27438
LPRSTU;24965,27437
LPRSUY;26526,27177,27431
LPRSYY;
LPSSUY;24971
LRRSUY;
LRSTUY;24982,27184
LRUUXY;
LSSTUY;
LSTTUY;27436
MMNOSU;27192,27440
MMOOPP;27441
MMOOTT;27442
MMRRUU;27444
MMTUUU;27445
MMUUUU;27446
MNNOUW;12495
MNOOPP;12498,27205,27451,27453
MNOOPT;25022,27206,27454,27455
MNOORS;12499,20578,25023,27208,27456
MNOORU;26530,27448,27456
MNOOSY;25028,27213,27459
MNOOTU;27457
MNOOTW;20579,27458,27460
MNORSU;25743,27456,27461
MNOSTU;12515,14873,25042,27457,27461,27462
MNOSUV;
MNOTTU;27462,27463
MNPTUY;
MNSTUU;12526,26532
MOOPRS;12529,25050,26534,26791,27467
MOOPRY;25052,27467
MOOPSS;27468
MOOPTT;27469
MOORRS;25053,27470
MOORRW;27470
MOORSS;26793
MOORST;25054
MOORSV;12532
MOORTY;
MOOSST;26794
MOOSSU;27227,27468
MOOSTT;14876,25057,27442,27469,27471
MOOSTY;14877,17789,25059,26795,27406
MOPPRT;27472
MOPRST;25067,27230,27472,27473
MOPRSU;25068,27473
MOPRTU;27233,27473
MOPSST;27234
MOPSSU;25069,27468,27474,27475
MOPSTU;27235,27473
MOPSTY;27443
MOQRUU;27476
MOQTUU;27477
MORRSU;12537,25074,27478,27479
MORRUU;27479
MORSST;12542,14878,25078,27237
MORSTU;17790,25080,27238,27461,27473,27478,27480
MORSTY;27239
MORTUU;27480
MOSSTU;17792,27240,27482,27483
MOSSTW;
MOSSTY;27481
MOSTTU;27462,27471,27482
MOSTUU;27477,27480,27483,27484
MPRSTU;25092,27473
MPRSUU;17795
MPSSTU;25094,27246,27485
MPSTUU;27485
MPSTUY;
MRRSUY;12553,25096
MRSSTU;12555,25097,27249
MSTTUY;
NNNORU;27252
NNOOPT;27488,27492
NNOORY;27493
NNOOTW;27494
NNORTU;17799,25113,27495
NNORUW;17800,20586,26541,27496
NNOSST;12564,25115
NNOSUW;20588,26543,26803,27496
NNOTUW;
NNPSUU;
NNRTUU;14881,20590,27499
NOOPRS;12573,25134,27489,27502,27503
NOOPRT;12574,27265,27503
NOOPSS;27266,27491,27502,27504
NOOPSY;25135,27504,27505
NOOPUY;27505
NOORST;12575,17807,25137,26550,26808,27269,27503,27506,27507
NOORTU;17809,20592,27507,27508
NOOSST;14882,17810,25143,27272,27416,27506
NOOSSW;
NOOSTY;17812
NOOSUY;27459,27505
NOOSWY;
NOOSYZ;
NOOTTU;27509
NOOTUW;20594,27508
NOPPRU;27511
NOPRSY;25156
NOPRTU;25749,26552
NOPSTU;12583,17819,26555,27281,27417,27512,27513
NOPSTY;26812
NOPSUY;12584,27505
NOPSUZ;
NOPTUW;20597,27513
NORSST;20599,25170,27506
NORSSU;14885,17820
NORSTW;
NORSTY;12590,25175,26813
NORTUU;14888,26556,27514,27515
NOSSTU;20601,25185,26815,27287,27512,27516
NOSSUW;14889,20603,25188,27516
NOSTTY;
NOSTUW;27289,27513,27516
NOSTUY;
NPRSSU;12596,25196
NPRSTU;12597,25197,27291,27517
NPRSUU;25198,27517
NPRTUU;27517
NPSSUU;
NRSTTU;12604,25214,27296,27518,27520
NSSTTU;12607,27518
OOOOZZ;27522
OOOPST;
OOPPRT;20609
OOPPST;26823,27525,27526
OOPPTU;27526
OOPRRT;17826,25225,27527
OOPRSS;17827,25226,27300,27502,27528
OOPRST;25227,26560,26824,27503,27527,27529,27530
OOPRSU;20610,27528,27529
OOPRTU;17828,20612,25229,27523,27529,27531,27532
OOPSST;25234,27525,27533
OOPSSW;25235
OOPSTT;12610,26826,27469,27533,27534
OOPSUY;17830,27505
OOPSWY;
OOPTTU;27424,27531,27534
OOPWWW;27535
OORRST;12611,25238,26831,27527
OORRSW;14897,27470,27536
OORRSZ;
OORSST;27304,27506
OORSTU;12617,17831,27306,27507,27529,27537,27538
OORSTV;12618,27530
OORSTW;27538
OORSTY;
OORTUW;17833,25244,26562,27379,27508,27538
OOSTTY;17835
OPPPRU;27540
OPPSSY;
OPRSST;12629,25266,27313,27545
OPRSTU;12631,25271,26834,27473,27529,27542,27545
OPRSTY;17838,27430,27543
OPRTTU;12634,26835,27531
OPSSSY;26837
OPSSTU;12637,14901,25757,26838,27316,27512,27545,27546
OPSSTW;
OPSTTY;
OPSTUY;12639,26840
OPTTUU;12641,27547
ORSSTU;12649,17843,20617,25308,27324,27545,27549,27550
ORSSTW;14903,25310,25760
ORSSTY;25311
ORSTTU;14904,25315,26566,27325,27548,27550,27552,27553
ORSTUY;12653,26567,27553
ORSUVW;
ORTTUY;25322,27553
OSSTTT;12657
OSSTTU;25325,26843,27329,27482,27550
OSSTXY;
OSTTTY;
OSTTWY;
PRRSUY;25338
PRSSTU;25341,27333,27437,27545
PRSSUU;25343,27438
PRSSUY;
PRSTUY;25347
PRSUYY;
RSSTTU;12675,25358,26847,27518,27550
RSSTTY;12676,25359
RSSTUU;25360,27519,27554
RSSTUW;
RSTTUY;27553
SSTUXY;
