AAAARR;4,6,17,28
AAAATT;25
AAABCL;0,42,45
AAABCN;46
AAABCS;38,44,47,54,57
AAABDG;
AAABDH;58,61,62,63
AAABDJ;
AAABIS;47,82,93
AAABKK;
AAABKL;
AAABKS;
AAABKY;
AAABLQ;
AAABLR;85
AAABLT;32,34,90
AAABNN;1
AAABNS;69,78,91
AAABRS;38,47,52,54,60,69,102,104,105
AAABRT;39,70,76,87
AAABRZ;
AAABSY;
AAABTT;48,90
AAACCI;111,112
AAACDG;
AAACDN;121,122,127,131,132
AAACJN;
AAACLP;45,165
AAACMR;152,177
AAACNR;5,122,141,147,152,157
AAACPT;
AAACSV;50,178,195
AAADGG;
AAADHM;
AAADMR;220,243
AAADNN;132
AAADNP;206,210
AAAEGP;
AAAEKT;264,265
AAAELZ;140
AAAFRS;60,214,282,285,289
AAAGIP;
AAAGLR;85,253,304,317
AAAGMS;310,312,314
AAAGNN;297
AAAHIT;341,345
AAAHKR;
AAAHLL;156
AAAHLW;
AAAHMR;12,339,341,352
AAAHNV;
AAAILL;81,229,370,371
AAAILR;111,126,165,166,228,230,375,376,378,379,381
AAAIMN;14,161,339,364,372,385
AAAITW;
AAAITX;16,174
AAAJKT;
AAAJMP;208
AAAJMT;
AAAJMU;
AAAKKN;19
AAAKKR;264
AAAKLM;22,176,235
AAAKLS;331,368
AAAKMR;177,400,401
AAAKMS;347,399,400,401
AAAKNT;19,65
AAAKPT;
AAALMP;
AAALMS;66,99,100,113,163,179,209,239,240,312,313,314,374,408
AAALPP;
AAALPS;102,406,408,413,415
AAAMNN;
AAAMNP;210,364,421
AAAMNR;339,372,385,400,421,422
AAAMNS;179,239,347,400
AAAMNT;260
AAAMNW;
AAAMRS;319,387,400,419,431
AAAMRT;177,220,341,435
AAAMTT;25,211,425,427,430,434
AAANNS;190,272,350,411,437
AAANNZ;
AAANRT;412,442
AAANRU;13,376,391
AAANSS;27,78,91,196,227,247,272,276,288,298,315,327,390,436,441,443
AAANST;283,358,411,413
AAANTT;425
AAAPPY;
AAAPTZ;
AAARST;184,233,257,277,282,285,318,359,360,382,392,415,448,452,453
AAARTV;270,442
AAASTT;336,361,451,452,453
AAASYY;249,417,454
AABBBO;
AABBCO;
AABBCU;
AABBCY;
AABBDS;459,472,474
AABBGS;460,474,478,492
AABBHL;30,33
AABBKS;35,468,469,493
AABBLL;479,482,483,495,498
AABBLO;487
AABBLR;476,488,489,496
AABBST;467,469,492
AABBSY;
AABCCE;505
AABCCS;36,38,506,508,510,512,521
AABCEO;553,574
AABCHM;43,556,608
AABCHS;41,44,508,510,512,547,555,556,599,602,604,605,606,609
AABCIM;515,559,597
AABCIR;466,561,610,614,619,629,630
AABCKR;530,540,541,542,598,642,643
AABCLS;506,543,555,566,571,573,576,577,579,580,602,611,615,620,637,654,658
AABCLU;42,534,580,603,656,658
AABCMN;559
AABCMT;522,583
AABCRS;38,47,52,54,459,471,537,550,552,577,587,588,589,599,609,625,658,662,663,664,666
AABCSU;580,591,626,658,667
AABCUU;656
AABDER;473,684,687,692,697,699,703,704,705,716,725,727,729,732,745,746,751,752
AABDES;59,472,676,700,718,720,726,728,735,736,754
AABDET;59,473,504,525,526,668,675,692,739,741,745,748,751,752
AABDEU;710,722
AABDGO;762,764,765,766
AABDHI;61,63,702,767
AABDHS;756,770,771
AABDIN;524,695,758,778
AABDIR;773,784
AABDIT;525,708
AABDLL;532,768,769,776,786,787
AABDLM;723,788,789,790
AABDLS;728,731,735,736,774,797
AABDMN;778,788,789
AABDNR;70,540,544,674,699,705,725,760,806
AABDNS;68,472,545,738,740,770,771,785,798,802,805
AABDOR;680,727,745,764,765,784,794,795,796,811,812
AABDRR;544,764,784,795,806
AABDRT;70,473,675,692,732,745,748,751,752,765,811
AABDRY;542,786,796,806,811,812
AABDSS;676,682,713,754,763,792,805,807,809,814,816,817
AABEEM;827,828,830,834,844,845
AABEFN;819
AABEGM;873,880,883
AABEGS;73,460,478,700,852,861,864,875,887,888
AABEGT;553,822,823,870,876,882,883,885
AABEIK;
AABEIL;479,707,866,906,909,916
AABEKT;464,526,830,948
AABELM;482,856,857,858,873,932,960
AABELR;476,488,489,548,565,574,687,707,727,733,734,825,839,857,900,916,975
AABELT;965,967,969,980
AABELZ;878,914
AABEMN;559,879,880,919,941
AABEMO;856
AABEMS;845,920,933,997
AABEMT;583,739,830,843,882,883
AABERS;550,552,587,588,845,864,881,888,997,999,1006,1009
AABERT;76,675,692,748,752,848,882,948,1008
AABERU;877
AABERZ;878
AABESS;78,480,585,591,676,713,754,860,930,942,1005
AABEST;59,904,905,924,930
AABETU;741,925
AABETZ;
AABGGR;1021
AABGGS;861,863
AABGIM;597
AABGIN;695,758,869
AABGIR;696
AABGKT;
AABGMN;86,879,1040
AABGMS;761
AABGOZ;1044
AABGRT;87,765,876,882,885,1021,1045
AABGSS;763,1025,1026,1027,1036
AABHIJ;1052
AABHIS;510,1059,1060
AABHJN;
AABHKS;493,512,602,604,605,606,894,1023,1062
AABHKT;513
AABHLR;600,769,825,900,1053
AABHMR;608,704,827
AABHMS;89,556,895,1065,1068
AABHNV;
AABHNW;
AABHSS;494,1025,1026,1070
AABHSW;606,902,1064
AABILL;81,479,495,532,906,909,910,1081
AABILM;1086
AABILU;534,1054,1085,1089,1093
AABILX;1015,1106
AABIMR;515,919,1055,1110
AABINN;516,617,621,622,758,781,1089,1108,1115
AABINQ;
AABINR;912,919,922,1055,1090,1093,1110,1115
AABINS;91,626,1109,1117
AABINW;
AABINZ;678,914,921,1119
AABIRR;466,629,784,892,1099,1121
AABIRS;47,497,630
AABIRZ;1119
AABISS;480,628,630,631,713,926,930,1036,1080,1088,1104,1114,1120,1122,1126,1128
AABIST;93,467,632,930,1076,1130
AABISW;
AABISZ;1073,1130
AABJNS;936
AABJNX;715,936
AABJRS;1132
AABKMT;830
AABKNN;
AABKNR;540,941
AABKNS;641
AABKRS;775,1023,1141
AABKSU;493
AABLLN;768
AABLLO;649,1038
AABLLR;769,786,1039,1133,1149
AABLLT;721,938,949
AABLMR;653,857,1144,1155
AABLMS;99,654
AABLNS;1017,1160
AABLOR;85,101,574,619,727,794,795,796,974,975,976,1090,1155
AABLOV;978,1164
AABLRZ;878
AABLSS;500,792,1135,1136,1160
AABLST;
AABLTU;1054,1156,1163
AABMMS;659,737,1107,1171
AABMNR;879,919,941,1110,1155,1176
AABMNS;798,801,1066,1084,1109,1137,1174
AABMNT;739,843,1156,1176
AABMNY;789,799,959
AABMOS;470,761,1157,1171,1173,1177,1179
AABMOY;523
AABMPS;
AABMRS;801,845,881,997,1132,1177,1180
AABMRY;608,653
AABMSS;585,660,1179
AABMST;1068,1132,1180
AABNNY;799
AABNOR;661,847,884,903,1044,1090,1155
AABNSS;78,91,682,763,792,805,807,809,860,942,972,1025,1036,1056,1080,1160,1184
AABNST;545,770,904,973,1001,1139,1145
AABNSU;626,740,808,1117,1160
AABNSW;998
AABNSY;771
AABNYY;586
AABORR;764,784,795,975,1003,1043,1185
AABORS;54,471,499,587,976,1141,1146,1177
AABORT;765,811,1045,1178,1185
AABORZ;1044
AABOSU;1005,1096,1117,1171,1177,1179,1187
AABRRS;588,645,662,888,945,997,1009
AABRRT;629,748,848,1000,1003,1008,1021,1099,1185,1190
AABRSS;97,807,814,816,817,1122,1128,1142,1167,1186,1191,1192
AABRST;666,1132,1180
AABRSV;810,927,1124,1194
AABRSY;947,1102
AABRSZ;
AABRTY;811,948,1129,1190
AABSSU;591,660,817,891,1005,1010,1070,1160,1179,1192,1195
AABSTT;665,666,667,988,1011,1068,1170,1188,1189,1196
AABTTU;
AABTTW;
AABZZZ;1013
AACCDI;1212
AACCDU;1206
AACCEL;107,1215,1222,1223,1226,1228,1229,1230
AACCHK;505,513,1253
AACCHM;1245,1259
AACCHN;514,1259,1262
AACCIL;111,1212,1222,1239,1241,1242,1246,1247,1268,1271
AACCIM;112,515,1203,1272
AACCIN;516,1212,1222,1272
AACCKR;1287
AACCLO;1257
AACCLP;1247
AACCLR;1229,1239
AACCMO;522,523,1259
AACCNN;516
AACCOS;1274,1300,1301
AACCRT;39,117,507,1232,1236,1287
AACCSY;
AACDDU;1308
AACDEF;1327,1330
AACDEI;119,525,1305,1352
AACDEL;120,1204,1372,1373
AACDER;1207,1322,1331,1334,1389
AACDEU;123,1206,1385
AACDFR;1327,1393
AACDGI;1395
AACDHR;530,1210,1396,1401,1405,1406,1409
AACDHS;1318,1397,1399
AACDHT;1406,1408,1416
AACDIR;1312,1395,1402,1404,1419,1436,1437,1438,1443
AACDLU;534,1424,1427,1452
AACDMP;1411
AACDNR;127,540,544,1312,1393,1395,1426,1437,1438,1465
AACEFI;1470,1511,1513,1514
AACEFL;546,1217,1471,1512,1513,1518
AACEFR;1327,1524
AACEGH;1528
AACEHP;1556,1576
AACEHR;1528,1549,1570,1580,1581,1583
AACEHT;142,1527,1555,1556
AACEIL;1222,1223,1514,1529,1530,1551,1552,1553,1588,1593,1597,1598,1599,1600,1601,1602,1603,1604,1605
AACEJR;
AACELN;107,1222,1529,1540,1552,1588,1601,1649,1651,1657
AACELP;1471,1518,1602
AACELS;506,555,566,1595,1665
AACELT;1215,1491,1493,1530,1596,1603,1628,1645,1648
AACEMO;1542,1645,1683,1684
AACEMR;1334,1340,1554,1608,1632,1684
AACENN;145,1485,1497,1611,1649,1650,1683
AACENP;1693,1696
AACENR;572,1498,1499,1638,1651,1652,1657,1684,1692,1698,1701
AACENT;142,1234,1330,1356,1375,1380,1589,1611,1616,1691,1706
AACERS;550,588,1479,1482,1498,1525,1544,1547,1557,1580,1612,1619,1624,1692,1698,1724
AACERT;1355,1603,1674
AACEST;567,1635,1709,1713,1727
AACESU;591,1577,1623,1688,1695,1730
AACETU;136,1234,1493,1628,1648,1660,1691
AACETV;1510,1616,1627
AACETX;1510,1587
AACFIL;593,1239,1513,1514,1734
AACFIS;1736,1738
AACFLO;1217,1735,1745
AACFLU;
AACFNT;1330
AACFRS;1732,1738,1747,1748
AACFRX;1523
AACGGM;
AACGHN;147,1758
AACGIM;597,1761,1776,1777,1778,1779,1780,1781
AACGIN;1395,1529,1531,1532,1750,1761,1762,1763,1767,1768,1769,1771,1777,1778,1783
AACGIR;1395,1473,1531,1534,1753,1754,1755,1762,1769,1774,1780
AACGIU;1755,1766,1772,1781,1784
AACGLY;1540
AACHHL;1242,1793,1795,1799
AACHKN;529
AACHKP;1405
AACHKR;530,1405
AACHKW;
AACHLL;156,1246,1254,1400,1551,1756,1808,1809,1846,1848
AACHLN;157,1338,1407,1552,1562,1812,1849,1851
AACHLS;41,158,555,602,1258,1564,1567,1813
AACHLT;1254,1257,1408,1799,1852
AACHMN;1259,1817,1819,1821,1822,1849,1859,1860,1861,1862,1863
AACHMS;556,1570,1571
AACHMT;1555,1811,1821,1861,1862,1864,1865
AACHNO;1259,1262,1414,1758,1849,1851
AACHNR;147,157,1248,1262,1758,1804,1819,1828,1859,1860
AACHNS;1397,1574,1829,1868
AACHNT;514,1416,1527,1861,1862
AACHNZ;1822
AACHPS;1263,1417,1868,1870
AACHRS;160,599,1258,1482,1564,1570,1580,1581,1583
AACHRT;1416,1852,1864,1865,1879
AACHSW;1829
AACHSY;160,1843,1845,1884
AACHTT;1834,1881
AACHTW;1861
AACIJM;1899
AACILL;532,614,1246,1400,1421,1551,1592,1734,1808,1809,1907,1908,1909,1911,1912
AACILM;1422,1423,1424,1811,1886,1887,1899,1909,1913,1915,1917
AACILP;45,165,1247,1421,1553,1602,1808,1911,1930
AACILR;111,165,166,610,614,619,1239,1269,1603,1604,1774,1888,1889,1912,1930,1935,1937,1938,1939
AACIMN;161,1272,1422,1761,1777,1778,1817,1818,1819,1821,1822,1886,1891,1903,1913
AACIMS;168,535,1351,1435,1607,1943,1949
AACINR;1248,1312,1395,1404,1438,1762,1804,1819,1893,1895
AACINS;169,623,626,1597,1783,1805,1829,1904,1910,1919
AACIOT;624,1441,1782,1915,1929,1946,1947,1948,1956,1957
AACIPR;165,1276,1617,1620,1895,1930,1953,1958,1971
AACIPS;169,171,627,1277,1618,1621,1783,1959,1967,1968
AACIPT;1620,1622,1950,1970,1971
AACIRV;166,1816,1889,1921,1939,1976
AACISS;628,1420,1621,1775,1832,1928
AACIST;467,620,1266,1277,1786,1826,1833,1931,1941,1972
AACITV;170,1616,1625,1627,1785,1957,1976
AACITX;174,1837,1948
AACJKL;1741
AACJLS;
AACJOU;1283
AACKLP;564,638,1741,1742
AACKPZ;
AACKRR;1632
AACKRW;541,643,1282,1630,1992,1995
AACKSY;639,644,647,648,1843,1845,1982,1994
AACKTT;1359,1636
AACLLN;1447,2000
AACLLS;178,652,1290,1743,2003,2005
AACLLU;1289,1452,1766,1846,1997,1998,2008
AACLMT;7,1423,1596,1645,1646,1648,1811,1909,1915,1917,2012
AACLMU;1424,1788,1998,2012
AACLNO;618,635,1651,1768,1851,1918,2017,2018
AACLNR;157,572,1363,1393,1638,1651,1652,1656,1657,2000,2017
AACLNS;179,1919,2009,2010,2019
AACLNT;655,2014,2018,2022
AACLNU;656,1427,1924,1926
AACLOS;49,1661,1664,1665,1850,2003,2024,2028,2029,2032
AACLOT;1257,1408,1640,1645,1799,1915,2012,2014
AACLOX;
AACLPR;165,1930
AACLPS;1746,2019,2025,2038
AACLPU;1930,1933,2026,2039
AACLRS;180,185,658,1432,1454,1902,1916,1936,2005,2028,2029,2041
AACLRW;1630,1675,2043
AACLSU;658,2028,2032
AACLTU;1493,1628,1648,1660,1924,1933,2008,2012,2026,2042
AACMNR;152,1790,1819,1859,1860,1988,2049
AACMNS;179,186,1790,1980,1987,1989,2009,2010,2011,2048,2051
AACMNY;131,1291,1464,1862,1863,2049
AACMOY;523
AACMRT;583,1436,1494,1865
AACMSS;660,1413,1867,2010
AACMSW;
AACNNS;190,623,640,1904,1952,2009,2016,2057
AACNOR;661,1262,1573,1651,1758,2017
AACNPT;1654,1696
AACNRT;1416,1988
AACNRY;1438,1657,1700,1792,2000,2021,2049
AACNST;545,1787,1989
AACNSV;195,1233,1273,1378,1659,1698,1872
AACNTT;1923,2018,2060
AACNTV;170,1616,1706,1785,1957,2022
AACPPY;2067
AACPRS;1300,1384,1417,1469,1687,1692,1714,1715,1870,1993,2061,2066,2068
AACPSS;1832,1841,2062,2078
AACRRT;629,1468,1718,1737,1749,1973,2072
AACRRU;1718,2013,2027,2050
AACRST;666,1732,1993,2079,2081
AACRSU;189,194,658,1296,1301,1469,1883,2020,2028,2035,2040,2041,2051,2064,2068,2075,2080
AACRTV;1976,2072
AACSSV;1237,1548,1726
AADDEL;2087,2088,2093,2101,2102
AADDER;2084,2089,2090,2091,2096,2099,2104,2105
AADDEW;
AADDHS;2092
AADDIL;1311,2118
AADDLN;1311,2093,2097,2118,2122,2123,2124
AADDOU;
AADDRW;2123,2127
AADDST;
AADDSU;
AADEFL;2088,2165,2170,2174,2178,2179,2180
AADEFR;1327,2174,2175,2176,2178,2179,2182,2183
AADEGJ;2202
AADEGL;697,2136,2137,2138,2188,2192,2193,2204,2205,2206,2208
AADEGM;2136,2206
AADEGN;204,206,2141,2184,2188,2189,2194,2195,2215,2216
AADEGS;1333,2134,2169,2185,2190,2218,2221,2223,2224
AADEGZ;2184,2201
AADEHK;703,2143,2235,2236
AADEIT;525,708,1352,2193,2195,2198,2199,2201,2230,2261,2264,2269,2274,2279,2280,2285,2295,2296
AADEKM;
AADEKW;2147,2148,2303,2308
AADELS;209,720,724,726,728,731,735,736,2101,2151,2242,2243,2312,2314,2319,2320,2325,2326,2327,2328,2332,2336,2340,2341,2342
AADELT;1329,1372,1373,2165,2170,2180,2193,2204,2269,2270,2330,2340
AADELV;689,1365,1373,2152,2209,2338,2343
AADELY;736,2206,2323,2328,2329
AADEMM;
AADEMN;121,210,1350,2271,2272,2273,2305,2347
AADEMT;211,1352,2245,2279,2321,2348
AADEMZ;207,2275,2323,2347,2353
AADENT;212,741,1330,1356,1375,1380,2158,2159,2195,2216,2280,2283,2285,2355,2358,2363
AADENX;715,742
AADEPR;2160,2211,2217,2249,2287
AADEPS;2107,2161,2314,2345,2365
AADERS;2169,2185,2190,2212,2220,2234,2243,2253,2299,2306,2325,2350,2357
AADERT;473,675,745,748,751,752,1343,2348,2355,2358,2366
AADERW;2213,2303
AADEWW;
AADFIR;2174,2175,2176,2386,2387
AADFLW;2392,2395
AADFMU;
AADFNR;1393,2166,2383,2387,2390
AADFNT;1330,2385,2389
AADFRS;60,214,2169,2175,2382,2386
AADFRT;
AADGGS;
AADGHR;2405,2408
AADGIM;2399
AADGIO;2411,2414
AADGIR;696,759,1395,2194,2196,2405,2412,2423,2425,2426,2427,2428
AADGJU;2202
AADGMN;2399,2416,2441
AADGNP;206,2424,2441
AADGNR;699,759,1395,2141,2189,2194,2215,2425,2426,2427,2452
AADGOP;2208,2441
AADGRS;474,2169,2219,2220,2410,2429,2455
AADGRU;2111,2187,2222,2408,2426,2428,2445,2451,2452,2456
AADGRY;
AADHIL;1400,1401,2227,2228,2464,2465,2466,2467
AADHKN;529
AADHMM;1410
AADHMR;704,2235
AADHNR;226,705,767,2189,2241,2247,2465,2472
AADHNS;756,770,1397,2244,2246,2248,2384,2471,2488,2491
AADHNX;
AADHNY;2479,2484
AADHPR;1405,2249,2405
AADHRS;2232,2234,2243,2254,2462,2482,2494
AADHRZ;2096,2252,2493
AADHSW;2254
AADIKS;677,775,2116,2505,2506
AADILO;1425,1429,2118,2414,2515,2520,2525,2526,2527
AADILR;230,2412,2464,2467,2503,2504,2510,2512,2526,2529
AADILS;774,777,2415,2497,2498
AADILU;230,534,1424,1427,2260,2527
AADIMN;778,1350,1422,1433,2113,2271,2272,2274,2399,2416,2514,2515,2516,2534,2537,2544
AADIMR;1436
AADINR;127,1312,1395,1404,1438,2387,2423,2426,2507,2552
AADINS;2409,2415,2471,2497,2499,2522,2549,2551,2553
AADINT;2195,2261,2274,2285,2385,2470,2524,2537,2550,2556
AADINV;2519,2544,2556
AADIPP;2287
AADIQS;
AADIST;233,2198,2279,2292,2296,2406,2546,2548,2570
AADISZ;2284,2548,2564
AADKMS;2506,2576,2577
AADKNS;236,785,1358,2307,2506,2576,2578
AADKPU;
AADLLS;1361,2312,2314,2430,2511,2513,2581,2583,2586
AADLMP;2240,2317,2321,2516,2582
AADLMW;
AADLMY;789,2323,2478,2582
AADLNO;2118,2520,2584,2596
AADLNS;239,2319,2325,2326,2327,2328,2391,2480,2497,2522,2523,2581,2586,2587,2589,2595,2596,2598,2599
AADLNU;1427
AADLNV;1365,1428,2519
AADLOP;794,2208,2437,2525
AADLPR;794,2437,2439,2510,2521,2529,2574,2594,2604
AADLRU;230,790,2483,2575,2603
AADLSS;1457,2481
AADLST;2151,2326,2340,2341,2342,2391,2596,2602
AADLSW;735,797,2327,2430,2480,2586
AADMMN;2416,2534,2608,2609
AADMMR;1410,1461,1462
AADMMS;130,2417,2609
AADMNS;239,241,2589,2590,2591,2609,2615
AADMOU;2485
AADMPS;245,2345,2486,2546,2617,2623
AADMRS;2299,2306,2350,2351,2577,2583,2593,2621,2624
AADMRU;681,790,1462,2104,2322,2349,2445
AADMRZ;2541
AADMSS;246,1413,2119,2446,2469,2542,2590,2613
AADMYY;
AADNNP;2300
AADNNR;781,2535
AADNPR;2106,2521,2574
AADNPS;805,2107,2246,2345,2471,2488,2522,2553,2557,2595,2628,2634
AADNRS;2325,2357,2599,2635,2638,2639,2641
AADNRT;1416,2355,2358,2636
AADNSV;1378,2128,2357,2631
AADNSY;2328,2360,2450,2599,2632,2639,2640,2641
AADOPS;1381,2365,2486,2525,2553,2564,2595,2601,2617,2648
AADPPY;
AADPST;2365,2369,2546,2557,2634,2644,2648,2653
AADPSW;
AADPSY;1450,2566,2601,2649
AADPYY;
AADRRS;2530,2558,2568,2569,2624,2638,2639,2643
AADRSW;797,815,2457,2494,2547,2568,2614,2638,2641,2651
AADRTU;2408,2451,2575,2603
AADRTY;811,1443,1460,2339
AADRVW;
AADSSZ;
AAEEGL;820,1475,1476,2136,2137,2663,2664,2668,2669,2671
AAEEGT;823,2135,2677,2681
AAEEKK;2683
AAEELP;835,1471,1480,2150,2664,2715,2717,2721
AAEELT;1215,1481,1492,1493,2693,2697,2718,2725,2726
AAEEOZ;
AAEEPR;835,844,1501,2160,2162,2660,2673,2721,2731,2742,2743
AAEERT;848,850,2677,2739
AAEFFR;2756,2758,2759,2761
AAEFGN;204,2765
AAEFGR;2660,2763,2764,2765,2769
AAEFLM;856,857,858,1513,1518,2783,2784
AAEFLR;857,2174,2178,2179,2756,2759,2771
AAEFLV;
AAEFNR;2765
AAEFNS;1472,2181,2760,2778
AAEFNU;2776,2777,2785
AAEFRS;2175,2661,2662,2780,2790,2791,2793,2795,2797
AAEGGL;820,862,2802,2803
AAEGGR;2799,2801,2802,2804,2808
AAEGGV;
AAEGLM;252,873,2136,2206,2823,2860,2861,2868
AAEGLN;867,869,874,1529,1540,2188,2663,2668,2811,2824,2826,2871,2872
AAEGLR;253,1475,2137,2669,2884
AAEGLS;73,852,2659,2667,2812,2813,2814,2861,2863
AAEGLT;870,876,1530,2193,2768,2826,2830,2872,2874,2878,2884,2888
AAEGLV;1476,2867,2888
AAEGMN;880,1543,2832,2835,2892
AAEGMR;2804,2815,2836,2897,2898,2902,2904,2905
AAEGNN;2838
AAEGNT;823,2195,2826,2878
AAEGOR;884,885,1219,2808,2897,2927,2929
AAEGPR;1536,2217,2660,2808,2862
AAEGPS;256,1537,2809,2812,2839,2913,2915,2916
AAEGPV;
AAEGRV;1535,2895
AAEGST;2754,2910,2947
AAEGSV;2924
AAEGTU;136,2222,2769,2865,2878,2888,2908,2921,2926
AAEHKP;
AAEHKS;894,2967
AAEHKT;2236,2684,2964
AAEHLM;895,2240,2685,2952,2971,2972
AAEHLT;2170,2979
AAEHMS;556,895,1570,2972,2991
AAEHMT;260,1555,2144,2956,2964,2988,2989,2992,2994,2995
AAEHNT;142,260,2956,2958,2959,2989,2992,2998,3000
AAEHNY;2990
AAEHPR;1576,2249,2688,2955,2980,2981,2993
AAEHPW;
AAEILM;2260,3008,3028,3029,3030,3039,3043
AAEILR;912,1603,2771,2955,3029,3034,3036,3043,3047,3058,3059,3061
AAEILV;918,1600,3015,3022,3038,3042,3054,3069
AAEILX;3039,3069
AAEIMN;919,2271,2272,2273,2831,2832,2835,3072,3073,3076,3078
AAEINT;923,1589,1611,1613,1616,2195,2283,2285,2775,2779,2843,2846,3018,3092,3093,3101,3102,3103,3104,3109
AAEIRS;1557,1607,1612,1624,2755,2780,2842,2849,2850,3013,3014,3087,3089,3128
AAEITV;918,1616,1627,2846,3038,3054,3069,3132
AAEKLM;3145,3146
AAEKLN;481,2301,2302
AAEKLS;566,894,907,937,2963,3021,3149
AAEKMW;3145,3154
AAEKNN;
AAEKNS;2307,2699,2858,2966,3007
AAEKNW;2147,2701
AAEKRS;1225,2309,2705,2967,3142,3143,3147,3149
AAEKRT;264,948,1487,1538,1636,2684,2700,2964,3151,3153,3157
AAEKSW;718,2705
AAELLP;569,951,953,2820,3032,3165,3166
AAELLU;722,958,1517,2865,3027,3165,3166,3176
AAELMR;857,2685,2707,3029,3043,3146,3162,3186,3195,3196,3202,3203
AAELMT;268,1596,1648,2784,3043,3203
AAELNN;485,965,1649,1650,2149,2714,3206,3207,3208
AAELNP;968,970,2317,2715,2811,2824,2871,2953
AAELNT;965,967,2874,2878,3206,3207,3208,3221
AAELOR;727,974,3169,3233
AAELPP;2150,2313,2871,3032,3057,3194
AAELPR;2955,2981,3059,3196,3242,3243
AAELPS;968,983,2263,2715,3215,3246
AAELPT;898,2979
AAELRT;253,1603,1656,1674,2759,2788,2874,2884,3043,3061,3186,3203,3220,3221,3233
AAELRU;877,1672,2723,2875,3251,3252
AAELRV;2883,3169
AAELST;2151,2341,2342,3067,3234
AAELSV;1659,1665,1673,2986,3210,3224,3239
AAELTV;2152,2270,3054,3069,3199
AAELTZ;1681,3193
AAEMMM;
AAEMNP;210,2272,2317,2695,2832,2892,2990,3073
AAEMNS;2699,2712,2991,3187,3189,3190,3260,3263,3265,3272
AAEMNT;260,3266
AAEMNX;3072,3184,3277
AAEMRS;845,881,920,997,2212,2276,2299,2351,2731,2791,2893,2898,2900,2907,2991,3085,3087,3089,3181,3201,3202,3257,3263,3268,3272
AAEMRT;583,2348,2964,2995,3151,3153,3203,3279,3280
AAEMSS;2789,3044,3079,3187,3197,3204,3205,3275,3284
AAEMST;1496,2279,2674,2733,2734,2781,2910,3070,3261,3262,3281,3282,3287
AAEMSZ;
AAENNZ;3046
AAENOP;273
AAENOZ;921,935,2974,3266
AAENPS;256,968,999,2107,2715,2913,2916,3211,3215,3304
AAENPV;274
AAENRS;999,1376,1498,1544,1612,1692,1698,2282,2357,2676,2737,2760,2842,2893,2918,2920,2991,2996,3096,3263,3268,3272,3301,3304,3316,3317
AAENST;904,2740,2741,2966,3303,3322
AAENSU;1695,2740,3215,3260,3272,3276,3295,3301,3316
AAENSW;998,2845,2916,2920,3189,3229,3265,3316
AAEORT;1708,1712,2348,2364,2719,2929,2995,3093,3151,3157,3233,3264,3279,3280,3302,3331
AAEOSZ;887,3327
AAEPPR;1707,2160,2249,2287,2742,2930
AAEPRR;943,2742,3158,3333
AAEPRS;944,999,1006,1687,1692,1715,2731,2996,3139,3268
AAEPRT;3337
AAEPRZ;3116,3243
AAEPTT;2746,3286,3326,3336
AAEPTW;
AAERRR;1008,2372,2794,2917,3120,3310
AAERRS;588,888,945,997,1009,1519,1580,2661,2737,2780,2795,2849,2880,2918,2936,3013,3087,3152
AAERRT;748,848,1008,1718,3153,3158,3288,3333
AAERRW;1503,2747,2881,2903,3099,3154
AAERST;
AAERSY;278,947,1724,2752,2797,2943,3143,3174,3202,3219,3317,3344
AAERTT;2377,2749,2798,2985,3203,3241,3279,3330,3331,3350
AAERTU;2769,3119,3251,3337
AAERWX;2751,3006
AAERWY;2691,3242,3253,3351
AAESTV;2941,3332
AAESWY;278,992,1717,1724,1730,2258,2379,2797,2950,3068,3229,3246,3352
AAFFIM;
AAFFIR;3357,3358
AAFFIT;3357
AAFFJS;
AAFFLR;2756,2758,2759,3357
AAFFPR;2758,3358
AAFFRY;2167,2761
AAFFRZ;
AAFGHN;3367
AAFGIN;2765,3368,3369
AAFGNR;2765,3367,3371,3372
AAFGNS;
AAFHLS;3376,3381,3382
AAFHMT;
AAFHRS;282,3378,3379,3383,3385
AAFHTW;2172
AAFIJT;
AAFIKL;2772,3392
AAFIKS;
AAFIMS;2386,3395
AAFINR;2387,2765,3358,3390,3393,3403,3409
AAFINT;2385,2779,3369,3404
AAFIRS;285,1738,2175,2386,2780,3379,3411,3415
AAFIST;285,1515,1738,3379,3395,3401,3411,3412
AAFKNS;
AAFKNT;
AAFLLL;855,2388,2767
AAFLNS;1017,2391,3398,3425,3427
AAFLNU;3370,3396,3397,3420
AAFLOT;1018,2393,2394,2768,2783,3424,3426
AAFLSV;
AAFLTU;859
AAFNSU;3408,3410,3427
AAFOST;3383
AAFRSY;214,289,2797,3414,3415
AAFSTW;2770,3428
AAGGKU;
AAGGLO;292,3450
AAGGMN;2399,3440,3441
AAGGNZ;2184
AAGGQU;
AAGGRS;3451
AAGGRT;1021
AAGGSW;3456
AAGHIN;293,1022,3459,3465,3468,3469
AAGHJN;
AAGHKN;3472
AAGHLS;296,2404,2812,2813,2814,3464,3474
AAGHLZ;
AAGHMR;2815,3466
AAGHMS;2816,3458,3465,3478,3479
AAGHNR;147,293,1758,2189,2817,3367,3480,3481
AAGHNS;296,3435,3459,3460,3465,3467,3468,3474,3478,3479
AAGHNU;2817,3367
AAGHRR;1754,3470,3485
AAGHST;2406,3487
AAGIKN;3488,3499,3500,3501
AAGILN;869,1031,1529,1763,1770,2663,2826,3489,3508,3516
AAGILO;1764,1772,1773,2411,3528
AAGILP;303,2664,2820,3463,3528,3529,3532
AAGILR;2412,2413,3513,3518,3532,3533
AAGILS;82,1028,1030,2404,3353,3510,3519,3535,3536
AAGILV;3511
AAGIMN;1761,1777,1778,2399,2416,2418,2832,3440,3441,3489,3492,3515,3516,3538,3542
AAGIMS;2823,3458,3493,3504,3519,3546,3547
AAGINN;758,1777,2838,3440,3442,3492,3494,3538,3539,3549,3550,3555
AAGINR;1395,1762,2418,2423,2427,3436,3441,3443,3551,3561,3562
AAGINS;308,1783,2409,2666,2839,2845,3366,3459,3468
AAGINT;2195,2424,2826,2840,2846,3369,3442,3521,3522,3526,3550,3555,3556
AAGINU;1784,3494,3508,3527
AAGINV;1785,3443,3497,3555
AAGIOS;
AAGIPR;294,1753,2405,2420,2423,3470,3532,3561,3562
AAGIRS;2410,2421,2429,2849,2850,3446,3471,3504,3578
AAGIRW;2427,3533,3551,3561
AAGIRY;1035,3518,3532,3562
AAGISS;1036,1775,3510,3525,3543,3546,3567,3571,3572,3573,3579
AAGIST;1786,2406,3446,3493,3531,3536,3578
AAGJNR;
AAGJNS;1787
AAGJRS;
AAGJRU;
AAGJSU;310,2857
AAGKLY;
AAGKNS;311,2858,3580
AAGLLN;290,1763,2668,3370,3438,3508,3509,3586,3587
AAGLLP;2820,2862,3589,3590
AAGLMM;2860,3513
AAGLMN;1040,3489,3514,3515,3516
AAGLNO;1041,2870,3450,3586,3594
AAGLNR;3371,3587
AAGLNS;3474
AAGLNT;316,1031,1770,2826,2872,2874,2878,3371,3450,3521,3522,3526
AAGLNU;1040,3370,3508,3527,3597
AAGLRS;2401,2440,3451,3581,3600,3603
AAGLRT;253,876,2874,2884,3371
AAGLST;314,1789,3531,3535,3536
AAGLSY;2432,2814,2887,3451,3519
AAGLSZ;
AAGLXY;
AAGMMN;2416,2889
AAGMMR;2804,2889,3513
AAGMMS;2417,3605
AAGMMT;1776
AAGMNR;3441,3515,3542
AAGMNS;3478,3616
AAGMNZ;3608
AAGMPR;320,2420
AAGMRS;881,2905,2906,2907,3504,3620
AAGMRY;3518
AAGMSY;2432,3519,3544,3605,3616
AAGNNO;2381,2912,3453,3539,3550,3594,3606,3621
AAGNNS;3452,3474,3607,3622,3623
AAGNNW;
AAGNOR;884,1758,2442,3557,3582,3606,3609,3626,3628
AAGNOT;1020,1782,3450,3521,3550,3625,3626,3628
AAGNPR;3481,3560,3561,3562
AAGNPS;256,1783,2839,2913,2915,2916,3468,3541,3563
AAGNRR;3372,3598,3626
AAGNRS;311,325,326,1544,2676,2919,2920,3622,3629
AAGNRY;1035,1792,2807,3481,3562,3570,3587,3630,3631
AAGNSS;315,763,1036,2435,2876,2922,3525,3543,3558,3572,3573,3593,3596,3610,3615
AAGNST;1787,2449,3613,3616,3623,3629
AAGNSU;326,1791,3478,3622
AAGNTU;1784,2451,2878,2921,2926,3614,3628,3630
AAGNUY;3630
AAGNWY;2453
AAGORS;2407,2455,3373,3584,3635
AAGOTU;766,3618,3628
AAGPPR;2930,3483
AAGRRY;
AAGRST;325,1732,2449,3568,3578,3584,3613,3620,3629,3639,3640
AAGRSZ;2942,3627,3640
AAGRUV;2452
AAGRVY;1792,2943
AAGSST;1026,2852,2938,2947,2948,3461,3487,3579,3620,3639
AAGSUV;
AAHHJJ;
AAHHLL;
AAHHLV;
AAHHMZ;
AAHHNT;
AAHHPT;335
AAHIIK;3654
AAHIKM;
AAHIKP;
AAHIKR;
AAHILT;1054,2466,3377,3655,3659
AAHILY;3463
AAHIMS;3458,3682
AAHINT;2470,2956,2958,3688
AAHINW;3469
AAHIOT;2230,2470,3672,3691
AAHIPR;294,2405,2955,3470
AAHIRR;892,1754,1823,2231,2472,3470,3676
AAHIRS;343,2232,2468,3378,3464,3656,3669,3682,3687
AAHIRV;1816,2467
AAHITW;
AAHJKT;
AAHJLS;
AAHJNR;
AAHJRR;
AAHJRS;2234,3657
AAHKKT;
AAHKLS;331,602,894,3376,3658
AAHKLT;2475,3377,3646
AAHKLY;
AAHKMS;347,1839,3647
AAHKNT;1806
AAHKNU;3644
AAHKPS;
AAHKPU;
AAHKSS;1560,1844,2476,2968,3705
AAHKSY;1843,1845,2477,2967
AAHLLL;1846,3707
AAHLLN;768
AAHLLO;1756,1848,2238,3707,3709
AAHLLP;1808,3709
AAHLLS;3708
AAHLLW;1061,2239
AAHLMM;
AAHLMS;895,1065,2972,3712
AAHLMT;
AAHLMU;2973
AAHLNS;296,350,2480,2977,3474,3716,3717
AAHLOS;1813,1850,1853,3712
AAHLPS;2481,3658,3674,3675
AAHLRS;1258,1564,2243,2482,3464
AAHLRT;1852,2466,3655,3718
AAHLST;3381,3382
AAHLSV;901,2986,3674
AAHLSW;902,2480,3381
AAHMMM;
AAHMNR;339,352,1819,1859,1860,2686,2992,3668,3723
AAHMNS;347,2244,3478,3479,3722
AAHMNT;260,352,1821,1861,1862,2956,2970,2989,2992,3723
AAHMOS;1850,2486,3661,3678,3712,3724,3729
AAHMPR;1865,1866
AAHMPY;1866,2990
AAHMRS;1570,1824,3647,3682
AAHMSS;1413,1867,3705
AAHMST;1068
AAHMSU;3478,3722
AAHMSW;354,3479,3682
AAHMSZ;
AAHMTZ;
AAHNNT;297,1827,3671
AAHNPS;1868,1870,2471,2487,3468,3652,3679,3684,3685,3686,3716,3726,3732,3734,3738,3739
AAHNSS;227,1056,2476,2489,2490,3689,3731
AAHNST;358,770,904,2384,2491,2977,2998,3716,3735,3737,3738,3739
AAHNSZ;
AAHNTW;1861,3740
AAHNUW;3740
AAHNZZ;3681
AAHORS;2407,3383,3653,3662,3729,3734,3735,3736,3741
AAHOTW;3704
AAHPPR;1877,2249,3483
AAHPRY;1866,3481
AAHPSS;344,1832,1855,2250,2461,2481,3719
AAHPTY;345,3739
AAHRSS;1581,3002,3004,3486,3744
AAHRST;282,359,360,2462,2689,3005,3383,3727,3735,3741,3745,3750
AAHRSY;160,1843,1884,2482,2494
AAHSST;494,1026,1063,3386,3461,3482,3487,3689,3719
AAHSSW;2490,2495,2968,3386,3486,3677,3706,3720
AAHSSY;1867,2255,2495,3004,3705,3749
AAHSTV;3697
AAHSTW;360,3745,3746,3750
AAIIKK;3488,3754,3755
AAIIKW;
AAIIKZ;
AAIILS;611,774,1028,1073,2497,2498,3490,3757,3758,3762,3763,3764
AAIJKR;
AAIJNR;3018
AAIJNT;3018
AAIJRW;
AAIJSV;
AAIKKS;367,3791,3792,3793
AAIKLL;2502,2503,3022,3023,3392
AAIKLM;
AAIKLN;3500,3501,3794
AAIKLS;368,907,1079,1902,2505,3658,3659,3797
AAIKNO;3500,3792
AAIKNR;1804,2507,3501,3806
AAIKNT;3024,3805,3806
AAIKRS;775,1902,3797,3809,3810
AAIKRT;3026,3806
AAIKRU;1906
AAIKSS;1080,3807,3811,3812,3813
AAIKST;368,1079,3659,3793,3804,3812,3813,3814
AAILLP;229,371,1421,1808,1911,2510,2820,3033,3823,3829
AAILLX;
AAILMN;161,1422,1886,2514,2515,2516,3489,3514,3516,3839,3841
AAILMP;2516,3008,3823,3839,3849,3852
AAILMS;373,374,2517,2518,3395,3519,3758,3824,3827,3854
AAILMU;1424,2260,3855
AAILNN;617,1089,2514,2519,3396,3671,3794,3838,3856,3857,3858
AAILNR;375,912,1090,1092,3047,3050,3390,3393,3759,3862,3863
AAILNS;1597,1910,1920,2497,2523,3052,3667,3831,3862,3865
AAILNT;1031,1092,2524,3871,3875
AAILNY;1927,3822
AAILPR;165,375,378,379,1930,2262,2510,2521,2955,3047,3059,3399,3832,3868,3882
AAILPS;3056,3658,3674,3675
AAILQU;381,1935,3756,3784,3871,3888
AAILRS;1902,1916,1920,1936,3669,3758,3764,3824,3834,3836,3888,3890,3893,3894
AAILRT;496,1092,1099,1603,1888,1937,3034,3061,3357,3655,3765,3863,3895
AAILSS;380,1104,1775,1928,3510,3530,3815,3879,3886,3898
AAILSV;374,2498,3674,3848,3865,3873,3881,3890,3892,3893
AAILSY;167,1102,1105,1941,3068,3519,3885,3893,3894,3898
AAILTV;918,3038,3066,3069,3511
AAIMMS;384,1107,1943,2417,3070,3900,3901,3902
AAIMMX;2534
AAIMNR;339,385,919,1055,1110,1819,1944,3073,3076,3078,3403,3441,3542,3752,3907,3911,3915
AAIMNS;3786,3798
AAIMNT;1821
AAIMNV;2544
AAIMRR;385,1780,1823,3537,3542,3850,3915
AAIMRT;341,1436,1947,2422,3466,3683
AAIMST;384,1826,2279,2518,2546,2548,3070,3395,3493
AAIMSU;1033,2543
AAIMSZ;2548
AAIMTT;1609,3090,3855,3910
AAIMTU;3545,3855,3913
AAINNT;2550,3092,3442,3550,3555,3556,3671,3770,3805,3856,3857,3859,3933,3934,3935,3937,3938
AAINOP;389,1900,1953,1954,2552,2554,3932
AAINOT;624,1782,1954,1956,1957,2470,2550,2554,2555,2556,3093,3550,3771,3934,3935,3943
AAINOX;3072,3094,3841,3867,3935,3943
AAINPP;3095,3559,3944
AAINPR;365,375,389,922,1115,1895,1953,1958,2423,2521,2552,3047,3073,3095,3097,3358,3560,3561,3562,3772,3868,3911,3944,3946,3947
AAINPS;1783,2471,2551,3468,3541,3679,3786
AAINPT;3946,3947,3949
AAINRS;343,3687,3862,3942,3953,3954
AAINRT;3018,3093,3097,3101,3102,3688,3806,3863,3937,3951
AAINRU;391,1110,2387,3102,3688,3915,3950,3951
AAINST;
AAINSV;1273,3010,3831,3865
AAINTT;1058,1923,2285,2524,2694,3053,3092,3098,3101,3805,3876,3910,3934
AAINTV;170,1616,1785,1957,2556,2846,3497,3555,3771
AAINTW;3369,3498,3556
AAIOPR;389,1617,1953,2552,3082,3399
AAIORR;784,2526,2565,3850,3878,3970
AAIORZ;3778,3976
AAIPPR;2287,3095,3832,3944
AAIPRT;1276,1958,1971,3946,3947
AAIPRY;1971,3117,3562,3944
AAIPSS;92,344,380,394,1621,1832,2289,2500,3111,3113,3886,3969,3978
AAIPTY;345,1278,1934,1950,1960,1971
AAIPZZ;3773
AAIRRY;2569,3833,3925,3926
AAIRST;233,285,3446,3578,3781,3782,3975,3980
AAIRSV;927,1124,2429,2850,3014,3064,3126,3128,3578,3781,3881,3890,3892,3893,3975
AAIRTY;1129,1279,1443,1937,1971,1976,2562,3683,3895,3926,3961
AAIRUW;
AAIRVY;1103,1976,3893
AAIRWY;3961
AAIRZZ;1977,3986
AAISSS;309,395,2851,3695,3929,3962,3963,3981
AAISST;930,1104,2852,3130,3579,3811,3812,3813,3886,3898,3987
AAISTW;1978,3127,3536,3782,3813,3985,3988
AAITUY;1129,1444,3895
AAJJMR;
AAJKNS;1980,3699
AAJLPS;1979,3785
AAJMNP;2695
AAJMPY;2298
AAJNNO;
AAJNNS;
AAJNOW;
AAJNOY;
AAJNPR;3136
AAJNPS;3016,3785
AAJNSW;
AAJNSZ;3788
AAJQQS;
AAJRST;1132,3137,3992
AAJRSV;3140
AAJRSW;3141
AAKKLP;
AAKKMR;
AAKKNU;
AAKKOP;
AAKKPU;
AAKKSY;3143,3998
AAKLMS;3999,4001
AAKLOS;1135,1285,1448,4002,4003,4004,4005
AAKLOT;2475,3646
AAKLPS;3149,3658,3795,3797,3999,4004
AAKLRS;1902,3147,3149,3581,3797
AAKLSS;1135,3703
AAKLST;368,1079,1986,3148,3796,4005
AAKLSV;94,3581
AAKLTU;2575
AAKMMO;2121,3995
AAKMMU;
AAKMNU;
AAKMRS;400,401,2576,2577,3647,4010,4015
AAKMRT;2700,2964,3151,3153
AAKMRU;4000
AAKMSS;401,3155,3802,4013
AAKMSY;397,2577,4001,4015
AAKMTU;402
AAKNOR;3582
AAKNRT;1988,3156,3806
AAKNST;1989,2307,2858,3148,4016
AAKNWZ;
AAKOPR;4021
AAKOPS;4004,4020
AAKPPS;404,3809,4020
AAKPRS;944,1993,2309,3149,3159,3797,3809,3810,4022
AAKPSS;96,2310,2703
AAKPST;1993,3159,3160
AAKRST;1842,1993
AAKRSY;947,1843,2577,2967,3143,4015,4017,4022
AAKSSV;3812
AAKSTT;2311
AAKSTZ;3793,3998
AAKSUW;
AAKTUY;
AAKUYZ;
AALLLN;
AALLLS;3163,3816,4024
AALLMM;1998,2860
AALLMS;2583,2861,3163,3708,3820,3824,3827,4025,4030
AALLNS;2586,3167,3168,3820,3830,3831,4025,4032,4033
AALLNY;2000,2122,2584,2585,3420,3509,3587,3822,4026,4027,4031,4034,4036
AALLOR;3169,4028,4037,4039
AALLOZ;
AALLPP;951,2313
AALLRU;1289,4029,4035,4038,4044
AALLRV;3035,3169,4044
AALLSS;955,1151,2863,3167,3175,3510,3591,4030
AALLSU;1152,4038
AALLSW;98,2430,2586,3417,4042
AALLSY;2005,2007,2513,3174,3710,4024,4042,4043
AALLTT;3037
AALLVV;23
AALMMM;3818
AALMMS;3181
AALMNP;1643,2317,2516,3185,3839,4050
AALMNU;1040,1156,4027,4047,4051,4052
AALMNW;2971,3189,4049
AALMNY;789,959,1291,3190,3822,3844,4026,4027,4050
AALMOR;407,1144,1155,1914,3423,3713,3840,3850,4047,4054
AALMOS;99,1850,2320,2593,3192,3449,3712,4053,4055
AALMOT;1086,1915,2012,3517,3849,4057
AALMPR;3195,3196,3713,3852,4029,4054
AALMPS;408,3198,3999,4055,4058,4059,4060
AALMRS;1647,1916,2517,2583,2593,3181,3201,3202,3758,3824,3836,3854,4059
AALMRU;2322,3843,4000,4029,4047
AALMST;314,408,2518,3395,3846,3854,4025,4030,4062
AALMSU;962,3192,3999,4001,4058,4061,4062
AALMSV;374,3848
AALMSW;3189,3201
AALMTY;1917,3200,4026,4050,4057
AALNNS;350,411,2009,2587,3474,4063,4067
AALNNU;1089,3208,3396,4031,4068,4071
AALNOT;967,2014,2018,2596,3183,3207,3424,3426,3450,4032,4034,4046,4066,4067,4073,4074
AALNOX;3184,3841,3867
AALNOZ;2974
AALNPR;375,2017,2521,2574,2594
AALNPT;791,4050,4066,4079
AALNRT;1092,1656,2874,2975,3186,3218,3221,3371,3863,4036,4046,4080
AALNRU;4047,4075
AALNRW;2123,3213
AALNRX;3221
AALNSS;315,1160,2010,3593,3596,4048
AALNST;411,1145,2391,2596,4025,4032,4067
AALNSU;1160,3215,4003,4078
AALNSY;2019,2599
AALNTT;1923,2018,2524,3426,3875,3876,4070
AALOPT;2979,3529,3709,3849,3861,4066,4073
AALOPY;3590,3599
AALORT;2603,2719,3233,3863,4073,4086,4096,4097
AALOSS;1135,1457,1928,3209,3476,3530,3591,3879,4048,4053,4089,4093,4094,4098
AALOVW;978,1164
AALPPS;1854,3851,3883,4088
AALPPU;
AALPRR;3718,3761
AALPRY;2333,3242,3243,3599
AALPSS;380,1165,2481,3596,3719,3869,3886,4077,4089,4102
AALPST;183,406,408,415,1150,1295,1746,2034,2038,3361,3422,4041,4060,4101
AALPSU;3215,3999,4076,4078
AALPSY;983,1165,2019,2038,2607,3246,3675,4042,4060
AALPSZ;1932,4092
AALQST;1098
AALQWW;
AALRST;415,4041
AALRSU;1296,1672,2035,2041,3063,3603,3888
AALRSV;1673,2041,2883,3064,3239,3581,3881,3890,3892,3893,4106
AALRSW;797,2787,3201,3894,4107
AALRSY;416,1102,2005,2336,2482,2599,3174,3202,3219,3451,3893,3894,4106
AALRSZ;185,2029,3250,3764
AALRVV;4044
AALSSS;4008,4109
AALSST;2044,2532,3719,3886,3898,4030,4098
AALSSV;2886,2986,3224,4106
AALSTT;1170,3401,3535,3887,3899,4062
AALSUX;1106
AALSWY;992,3068,3229,3246,3428,3710,3894,3989,4009,4042
AALTUV;4096
AALWYY;3178,3253
AAMMMS;3257,4110
AAMMNS;2609,3260,3900,4010,4111
AAMMNT;
AAMMOO;3995
AAMMRR;3990
AAMMRT;
AAMMUZ;
AAMNNN;3538
AAMNNS;1137,2009,3452,3607,3722,3798,3903,4115,4116,4117
AAMNNU;
AAMNNV;
AAMNOO;1172,2047,3905
AAMNOR;421,1155,3403,3606,3840,3907,4047
AAMNOZ;3266,3608,3905
AAMNPS;1987,3541,3612,3679,4111,4121
AAMNPT;
AAMNRT;1176,1988
AAMNRW;3274,3907
AAMNSS;2010,2542,2590,2613,3079,3187,3275,3431,3543,3593,3610,3615,3845,3908,3917,4048
AAMNST;1989,2011,3611,3616,4025
AAMNSX;3728
AAMNSZ;
AAMNTU;1156,1176,3614,3913,4051,4052
AAMNTV;
AAMNTX;3277
AAMOPR;421,2618,3082,3432,4054,4124
AAMORS;426,1111,1177,2545,2593,2621,3801,3991,3992,4011,4125,4126,4128
AAMOSS;1179,2053,2789,3610,3617,3908,4013,4048,4053,4123,4126,4127
AAMOST;187,426,1173,2054,2621,3261,3282,3611,3724,3909,3992,3996
AAMPPS;245,428,2617,2623,3267,3284,3851,4058
AAMPRS;419,429,1687,1949,2731,3085,3268,3285,3921,3922,4059,4111,4120,4121,4130
AAMPSU;428,2623,3922,3999,4058
AAMQSU;2619,3853,4061,4122
AAMRRS;431,997,2052,2055,2624,3152,3991,4118,4125,4130
AAMRSU;189,1177,2051,2791,3272
AAMRSW;354,2547,2614,2907,3201,3682,4015,4134
AAMRTU;3614
AAMSSS;432,2056,3929,4131,4135
AAMSTU;3287,3715,4110
AAMSTZ;2548
AAMTTU;434,3286,3291
AANNNO;3621,3931,4064
AANNNS;2549,3292
AANNPS;2913
AANNRU;
AANNST;411,420,437,1181,1952,3407,3623,3859,3933,3938,4016,4067,4117,4136,4137,4140
AANNSU;2626,3295,3408,3552,3722,4016
AANNTT;3623,3805,4070
AANNYZ;
AANOQY;
AANORT;1956,3093,3302,3625,3626,3628,3863,4073,4143,4144
AANOST;2596,3724,4032,4067,4074
AANOTT;2018,2060,3426,3910,3943
AANPPS;3267,3304
AANPRS;999,1692,1870,2996,3211,3268,3304,3734,4111,4121
AANPRT;442,2736,3097,3156,3305,3306,3433,3625,3946,3947,4143
AANPRU;323,3560
AANPRY;3306,3481,3562,3944,4143
AANPSS;805,2628,3596
AANPSV;
AANQST;4150
AANQTU;444,1961,3298,3952
AANRRS;662,2558,2737,3311,3312,3942,3953,3954,4118
AANRRT;3626,3914,4080,4144,4152
AANRRW;3099,3409
AANRRY;422,3270,4080,4152,4153
AANRSS;288,1962,1991,3953,3955,3956,3957,4149
AANRST;3629,4081,4150,4151
AANRSU;808,2051,2064,2635,3272,3301,3316,4150,4154,4155
AANRSV;195,1698,1872,2357,3315,3629,3736
AANRSW;26,439,2614,2641,2920,3316,3687,4155
AANRTT;4152
AANRTU;1176,2451,3614,3628,3630,3688,3937,4154
AANRTY;1700,3306,3630,3631,3961,4036,4080,4143,4147,4152,4153
AANRTZ;3138,3318,3631
AANSSS;1702,1965,3319,3632,3962,3963,4156
AANSSU;443,1160,1874,3572,3956,4083
AANSTV;3629
AANSTZ;1966,2059,2361,3228
AANSYY;3317,4017
AANSZZ;3776
AANTUV;1706,2363,2572,2926
AANWYY;
AAOPST;1709,1967,2070,2071,2365,2644,2648,3326,3327,3741,3777,3971,3973
AAORRU;4124
AAORRV;2072,3878
AAORST;426,2621,2644,3383,3741,3971,3975,3992
AAORTT;1045,1125,2076,2929,3279,3331,3384,3574
AAOSTW;4166
AAOTTV;3331
AAPPST;448,3236,3334,3336,3883,3977,4088
AAPPSW;
AAPPSY;3790
AAPPWW;
AAPRRS;2643,3810,4130,4167
AAPRRU;4124
AAPRST;359,415,429,448,1993,2034,2644,3741,3745,4041,4090,4100,4130,4168
AAPRTT;430,3241
AAPSST;2078,3719,3886,4102
AAPSTT;451,2634,2648,2653,2746,3118,3308,3326,3336,3341,3738,3887,3977
AAPSTW;3745,3746
AAPSWW;
AAPWXX;3342
AAPZZZ;3343
AAQRSU;2635,2654,2793,3888,3980,4150
AAQSTU;1972,2654,3287,3412,3980,3982,4150
AARRSS;29,1186,1191,1192,3637,3953
AARRST;3924,4130,4151
AARRSY;416,2569,2624,3344,3925
AARRTT;1973,3747,4103,4152
AARRUW;2456,3601
AARRWY;198,2374,2796,4153
AARSST;816,1142,1191,2129,3639,4023
AARSSU;817,1010,1192,1720,2939,3636,3639,3744,3956,3974,4007,4023,4094,4104
AARSTT;452,453,666,1011,1722,2079,2377,2749,2940,3349,3457,3750,4169
AARSTY;2081,4134,4169
AARSWW;
AASSST;200,395,450,3632,4109,4135,4156,4158
AASSSY;3348,3929,3963
AASSTY;3898,4084,4159
AASTTU;451,453,667,1170,1196,1728,2653,3349,3966,4085,4154,4165,4169
AASTZZ;3256
AATTUU;
ABBBEL;4176
ABBBLY;
ABBBSU;4181,4186
ABBCDE;457,4170,4188
ABBCEI;4193,4199,4200,4201
ABBCIR;465,466,4193,4200,4201,4211,4213,4215,4217
ABBCOS;
ABBCOT;
ABBCRY;4217,4224
ABBCSY;4218,4223,4224
ABBDDE;4226
ABBDEG;457
ABBDEI;4227,4241,4242,4243
ABBDEJ;4233
ABBDEL;4234,4241,4245,4247
ABBDEN;472,4188,4234,4241,4242,4247,4248,4253
ABBDER;4231,4232,4233,4237,4242,4251,4253,4255
ABBDES;472
ABBDET;
ABBDEU;4226,4252,4253
ABBDIJ;
ABBDRY;4237
ABBEEU;4192,4226,4284,4286
ABBEEW;
ABBEFR;
ABBEGL;
ABBEGR;
ABBEIR;4175,4200,4201,4242,4243,4280,4312,4315,4318
ABBEIS;4300,4307,4313
ABBEIY;4304
ABBEJL;
ABBEJR;4233,4281
ABBEKS;4323
ABBELR;476,489,4290
ABBELS;484,486,4307,4313,4314
ABBELU;4203,4206,4284,4289,4308,4324
ABBELW;
ABBENR;4242,4253,4280,4285,4327,4345
ABBEOR;491,4229,4251,4255,4285,4303,4341,4345,4348,4349
ABBERR;4278,4281,4317,4318,4351,4352
ABBERS;4350
ABBERT;4287,4303,4348,4349
ABBERY;489,4237,4345,4351,4352
ABBESS;480,4209,4288,4302,4313,4319,4320,4328,4336,4346,4353,4354
ABBESY;4340
ABBFLY;4357
ABBGHU;
ABBGMU;
ABBGOR;4213,4262
ABBGRY;
ABBHIJ;
ABBHJU;
ABBHOO;4239,4266
ABBHSY;4181
ABBIJL;4361
ABBIJS;
ABBILL;479,495,4214,4305,4306,4357,4383
ABBILO;4267,4306,4310
ABBIMS;4307,4374,4387
ABBINR;465,4215,4280
ABBIRS;497,4264,4268,4394
ABBIRT;496,4265
ABBIST;467,4184,4367,4385
ABBITW;
ABBKOS;4323,4372,4382,4398
ABBLOO;4271,4322,4329,4358
ABBLRU;4402
ABBLSU;500,4272,4398,4402,4403,4404
ABBLSY;4218,4224,4339,4340,4375,4401,4404
ABBLWY;
ABBMOO;4271,4406
ABBMOX;4342
ABBNOO;4397,4406
ABBNOS;4296,4344,4346,4376,4382,4387,4389
ABBOOS;4372,4373,4411
ABBORS;471,499,4273,4389,4407,4411
ABBORT;491,4303,4348,4349
ABBOST;4186,4323,4385
ABBOTY;
ABBRSU;497,4272,4299,4337,4350,4378,4394,4402,4410,4411
ABBRTU;
ABBSWY;
ABCCIO;4413,4434
ABCCIU;
ABCCLU;4419,4445
ABCCOS;4428,4443,4448,4449
ABCDEH;4414,4471,4472,4473,4475,4476,4477
ABCDEK;526,4188,4454,4472,4486,4487
ABCDEL;527,528,4189,4473,4474,4480,4490,4493
ABCDER;4451,4456,4463,4467,4475
ABCDEU;4462,4468,4487,4494,4499
ABCDHO;4414,4472,4508
ABCDIR;4522
ABCDTU;4453,4468,4499,4539
ABCEEL;546,548,4417,4544,4545,4546,4548,4552,4554,4555,4556,4557
ABCEEM;4460,4464,4544,4553
ABCEES;550,4565,4566,4567
ABCEFI;4571,4572,4573,4574
ABCEGO;553,4583
ABCEGU;4584,4589
ABCEHL;555,4455,4473,4544,4545,4546,4547,4548,4597,4598
ABCEHR;4456,4471,4476,4543,4546,4549,4599,4608,4610
ABCEHS;555,556,4197,4594,4598,4601
ABCEHT;4198,4593,4602,4606
ABCEHY;4196
ABCEIK;4572,4573,4578,4616,4617,4618,4619,4622
ABCEIM;559,4553,4580,4638,4639
ABCEIR;561,4201,4543,4573,4615,4638,4649,4652,4653
ABCEIS;4481,4624,4626,4632,4634,4639,4644,4648,4656
ABCEJT;4457,4658
ABCEKR;4573,4585,4586,4659,4673
ABCEKT;464,526,4670
ABCELL;527,568,569,570,4459,4582,4661
ABCELM;563,4460,4544,4683,4689
ABCELR;548,570,572,574,575,578,4546,4556,4557,4597,4599,4695,4704
ABCELS;506,555,566,573,4594,4598,4600,4620,4632,4663,4666,4668,4697
ABCELT;4557,4658,4689,4690,4692,4695,4698,4704,4706
ABCEMN;559,4494,4553,4580,4683,4707
ABCEMR;4638,4707,4710
ABCEMW;4638
ABCEMX;4464
ABCENO;4204,4465,4491,4574,4576,4628,4640,4670,4690,4716
ABCENU;4205,4487,4494,4499,4629,4645,4691,4716,4718
ABCEPS;4481,4565,4726
ABCERR;4604,4649,4727,4728
ABCERS;550,552,589,4561,4567
ABCERU;4659,4727,4730
ABCFIR;4573
ABCFNO;4574,4576
ABCHIT;4592,4593,4750,4776
ABCHKU;603,4779
ABCHLN;4473,4509,4545,4597,4598
ABCHNR;
ABCHOR;4599,4608,4609,4610,4771,4774,4790
ABCHOS;604,4428,4751,4775,4781,4782,4789,4791
ABCHPU;4607,4752,4779
ABCHRS;599,605,609,4510,4768,4784,4789
ABCIIM;4512,4794
ABCIKP;4431,4618,4738,4806
ABCILT;620,4434
ABCILU;534,4629,4794,4813,4814,4817,4820,4823
ABCIMU;4772,4794,4827
ABCINO;4219,4574,4640
ABCINS;623,625,626,4212,4438,4641,4644,4740,4755,4757,4758,4759,4796,4798,4810
ABCIOR;619,4213,4771,4840
ABCIOS;627,628,4519,4632,4648,4742,4743,4775,4822,4841,4842
ABCIRT;561,629,4423,4615,4642,4647,4649,4652,4776,4827,4840
ABCISS;628,630,4429,4523,4798,4811,4824,4828
ABCISU;626,4759,4814,4839,4842,4844
ABCKLS;566,602,637,639,4515,4594,4620,4663,4666,4668,4669,4747,4761,4767,4807,4849,4854,4855
ABCKOR;4432,4528,4530,4531,4585,4665,4846,4847,4848,4857,4858,4868,4869
ABCKPU;4667,4735,4779,4850
ABCKRS;4768,4809
ABCKRU;4517,4659,4869,4871
ABCLLO;649,4440,4661,4848,4877,4878
ABCLMY;616,653,4683,4687
ABCLNO;635,4491,4576,4690,4762,4851,4877
ABCLOT;4434,4690,4692,4695,4698,4795
ABCMOP;
ABCMOR;4684,4707,4710,4771,4826,4857,4858,4892,4893
ABCMOT;522,4495,4602,4710,4788,4893
ABCMRS;4436,4809,4861
ABCNOR;661,4864,4877,4886,4892,4895,4896
ABCNOS;4863
ABCORS;54,471,663,664,4448,4510,4534,4537,4538,4899
ABCORX;4888
ABCORY;4502,4540,4832,4886,4888,4892,4896
ABCOSU;4428,4538,4713,4723,4725,4782,4839,4842,4873,4889,4903
ABCOSV;4697,4724,4842,4889
ABCOSZ;4715
ABCRSS;4650,4729
ABCRST;589,664,666,4567,4612,4674,4722,4904
ABCRSW;4504,4526,4651,4703,4899
ABCSSU;591,660,4450,4705,4726,4729,4733,4763,4875,4887,4890
ABCSTU;667,4734,4903,4904
ABDDDO;
ABDDEE;4225,4226,4905,4908,4909,4913,4915,4916,4917
ABDDEG;669,4909,4910,4922
ABDDEI;
ABDDEL;4932
ABDDEN;4916,4917,4935,4936,4937
ABDDEO;4923,4932,4936
ABDDER;
ABDDEU;4226,4924,4935,4936
ABDDEY;4917,4934
ABDDHU;4924
ABDEEH;683,684,4232,4956,4967,4972,4974
ABDEEJ;4233,4998
ABDEEK;4171,4454,4908,5001,5004
ABDEEL;683,689,690,4172,4225,4913,4915,4957,4974,4990,4991,5030
ABDEEM;4464,4905,4963
ABDEEN;4465,4917,4955,4969,4977,5003,5004,5037,5038,5039,5040,5041,5042,5043
ABDEER;684,4231,4232,4233,4456,4956,4959,5037,5039,5041
ABDEES;4960
ABDEET;4468,4961,4997
ABDEEZ;5027,5030,5041
ABDEFF;
ABDEFL;4469,5058,5059,5061
ABDEFR;4964,5064,5066
ABDEGG;4909,5069
ABDEGL;5075,5087
ABDEGN;4969,5069,5094
ABDEGO;5085,5087,5095,5096
ABDEGR;699,701,5091,5092,5094,5095,5096
ABDEGS;698,700,4960,5070,5079
ABDEHL;670,683,4455,4473,4474,4974,5103,5105,5106,5107,5109
ABDEHS;4240,4477,5070,5101,5119
ABDEHT;5109,5117,5122
ABDEIL;706,4241,4983,4985,4986,4990,4991,5058,5068,5073,5074,5124,5130,5131,5133,5136,5138,5139,5152
ABDEIR;
ABDEIS;4479,4481,5057,5070
ABDEIT;525,4478,4961,4997,5076,5080,5161,5166,5168,5171,5184
ABDEIZ;712,5081,5133,5171
ABDEJM;4998
ABDEKL;5186,5187
ABDEKN;4188,4486,5001,5004,5104,5126
ABDEKO;4173,4472,4484,5104,5186,5191,5192,5193,5194,5195
ABDEKR;703,716,717,5125,5191,5193,5194
ABDEKS;718,4479,5126,5187,5190
ABDEKU;5195
ABDELL;5059,5098,5105,5106,5107,5128,5196,5197,5198
ABDELM;723,4245,5131,5133,5196,5199
ABDELO;719,4245,4247,5059,5085,5106,5138,5139,5186,5196,5202,5203
ABDELR;729
ABDELS;726,735,736,5187,5205,5210
ABDELT;
ABDELU;722,4462,4474,4974,5016,5107
ABDELW;4991,5011,5136,5187
ABDELY;736
ABDELZ;5017,5027,5030,5133,5203
ABDEMM;
ABDEMN;4494,5112,5131,5153,5199,5216
ABDEMS;4496,5115,5220
ABDENN;4486,4935,5188,5215,5216,5222,5223
ABDENP;
ABDENR;699,705,4475,5040,5041
ABDENT;739,4937,5019,5042,5043,5080,5135,5163,5206
ABDENY;4917,5040,5137,5204,5216
ABDEOS;744,4254,4477,4500,4938,4939,5119,5160,5167,5218,5223,5225,5242,5246
ABDEOT;4495,5168
ABDERR;5066,5253
ABDERS;4938,4940,5067,5242,5246
ABDERT;675,748,751,752,5221,5259
ABDERU;4971,5243,5247,5248,5259
ABDERV;752,4959,5026,5035,5145,5178
ABDERY;4502,5066,5194,5227
ABDERZ;712,5027,5041
ABDESS;676,754,5065,5121,5252
ABDEST;59,4505,5235
ABDESU;5249,5260
ABDETT;751
ABDETU;4453,4468,4505,4997,5102,5182,5221,5256,5259
ABDETY;
ABDEZZ;5030
ABDFII;5057
ABDFOR;5262,5267,5268
ABDGNO;762
ABDGOR;764,765,4262,5092,5095,5096,5278,5283,5290
ABDHNS;756,770,771,5101,5261,5295,5296,5300,5308
ABDHOY;4266,4925,4944
ABDILR;773,5275,5312,5313,5314,5323,5327,5336
ABDINR;5318,5323
ABDINT;5135,5166,5319
ABDIRR;784,4949,5263,5314,5318,5334,5353
ABDIRS;4264,5264,5288,5297,5298,5322
ABDIRU;5279,5353
ABDLLY;786,787,4270,5328
ABDLNS;4248,5018,5205,5206,5276,5289,5295,5302,5329,5360,5364,5365
ABDLOS;4519,4950,5289,5304,5330,5331,5332,5360,5362,5364,5368
ABDLRY;786
ABDLSU;4272,5291,5302,5337,5363,5370
ABDMUW;5374
ABDNOR;4275,5268,5377,5383
ABDNOU;4936,5202,5268,5344,5374,5383
ABDNRS;
ABDNRY;806,5040,5204,5227,5349,5383
ABDOOS;4534,5330,5357,5358,5378,5390,5392,5393
ABDORR;764,784,795,4277
ABDORS;4254,4273,4500,4510,4534,4538,4938,4952,5167,5245,5246,5297,5305,5331,5339,5362,5390
ABDORY;811,812,4502,4540,4944,5194,5227,5383
ABDOST;813,5332,5345,5381
ABDOYY;
ABDRRU;4277,5230,5243,5353
ABDRSU;4272,4538,5269,5369,5370,5376,5396
ABDRUY;4540,5353,5383
ABDRWY;753,812,5054
ABEEFL;546,819,5397,5414,5415,5416,5418,5421,5422
ABEEGG;820,4909,4965,4966
ABEEGH;
ABEEGL;820,5429
ABEEGR;821,5431,5437
ABEEGZ;
ABEEHJ;
ABEEHN;4416,4545,4977,5459
ABEEHV;
ABEEIL;4279,4552,4913,4983,4985,4986,4987,4989,4990,4991,5414,5415,5416,5418,5429,5447,5468,5469,5470,5471,5472,5473,5477,5478,5479,5480,5481,5483,5484,5486,5487,5488,5489,5490,5492,5493,5498,5499
ABEEIN;4280,4553,4986,5415,5430,5471,5477,5481,5483,5484,5486,5487
ABEEJM;4998,5514
ABEEJR;4233,4281,5514
ABEEJS;
ABEEKL;828,829,4554,5402,5468,5469,5470,5471,5473,5515
ABEEKR;821,831,5518,5524
ABEEKT;829,830,5473,5475,5515
ABEELM;828,833,4544,5470,5481,5540,5541,5542
ABEELN;819,833,4545,5415,5422,5471,5477,5481,5483,5487,5540,5550
ABEELP;4417,4957,5402,5403,5452,5488,5489
ABEELS;832,837,5454,5530,5536,5537,5558,5569,5572
ABEELT;4279,4284,4552,5418,5473,5498,5515,5531,5534,5538,5561,5562,5578
ABEEMN;4553,5436,5481,5518,5540,5579,5581
ABEEMR;827,844,5436,5514,5518,5519,5539,5542,5544,5579,5580,5581
ABEEMS;5405
ABEENT;823,4542,4562,5038,5042,5043,5406,5408,5439,5588,5591,5593,5595,5597,5599,5601
ABEEOR;847,4285,4418,5425,5514,5524,5581,5602
ABEERR;4278,4281,5410,5425,5500,5594,5602,5607,5608,5616
ABEERS;550,837,4550,4561,5398,5419,5449,5454,5491,5506,5536,5551,5563,5567
ABEERT;551,4562,4564,5406,5588
ABEERV;5026,5431,5508,5524,5559,5602,5605,5614
ABEERW;831,839,5493
ABEERY;5608,5615,5620
ABEERZ;5027,5041,5450,5544
ABEEST;5408,5426,5467,5601,5606,5621,5622
ABEFFL;4289,4570
ABEFGL;5631
ABEFHL;854,5634
ABEFIL;4572,5414,5418,5639,5640,5641,5643,5644,5648
ABEFLL;855,5059,5414,5421,5422,5631,5639,5640,5641,5642,5643,5658
ABEFLM;856,857,858,5640,5657,5661
ABEFLR;857,5061,5397,5631,5659,5661,5662
ABEFLS;5063,5663
ABEFLT;859,5418,5630,5643,5644,5648,5660,5664
ABEFMO;856,4963,5661
ABEFMR;857,4964,5636,5661
ABEFPR;
ABEFTY;
ABEGGI;5068,5670,5672,5673,5676
ABEGGR;
ABEGHI;866,4577,5685,5686,5687,5688,5689
ABEGIS;4293,4581,5070,5084,5629,5696,5703,5710,5715,5716,5729,5731
ABEGLL;72,872,873,4582,5677,5701,5736
ABEGLM;873,5702,5741
ABEGLN;867,874
ABEGLR;5686
ABEGLS;73,5710
ABEGLT;870,876,5630,5707
ABEGLU;5075,5671,5677,5736,5741
ABEGMN;879,880,5436,5749,5750
ABEGMR;5436,5437
ABEGMS;5696,5713
ABEGMT;882,883,5437,5438,5751
ABEGNR;699,868,879,4589,5094,5757
ABEGNS;478,700,4297,5681,5753,5758
ABEGNW;874,4969,5723,5728
ABEGOR;885,5095,5096
ABEGOZ;
ABEGRS;888,889,4581,5695,5763
ABEGTU;5446,5698,5757
ABEHIL;866,4300,5634,5685,5769,5774
ABEHJS;5787
ABEHKL;854,5103,5788
ABEHKS;4595,5790,5791,5792,5793
ABEHLM;4544,5795
ABEHLN;867,4473,4545,4597,5105,5772
ABEHLR;900,4597,4599
ABEHLS;555,897,901,902,4547,4600,4601,5455,5634,5799
ABEHNO;903,4977,5104,5687,5789,5797
ABEHOS;5119,5462,5692,5777,5787,5791,5799,5816,5817,5818,5819
ABEHPR;
ABEHRR;892,4278,4549,4604,4608,5118,5464,5691,5815
ABEHRS;5427,5462,5466,5695,5787,5792,5810,5813
ABEHRT;76,4303
ABEHSS;4611,4979,5121,5456,5460,5690,5780,5811,5817,5820
ABEHST;904,905,4240,4980,5457,5467,5778,5781,5785,5786,5790,5793,5808,5812,5814,5817,5818
ABEIIL;5825,5826,5827,5828,5829,5830,5833,5834
ABEIIT;5123,5825,5829,5832,5833,5834
ABEIJL;5840,5841
ABEIKK;4616,5468,5845
ABEILL;479,909,910,4305,5098,5414,5480,5639,5640,5643,5866,5867,5868,5869,5875,5880
ABEILM;4985,5073,5130,5470,5640,5847,5866,5869
ABEILO;4309,4310,4628,4630,4631,5138,5139,5644,5709,5840,5853,5855,5884,5894,5895,5907,5909,5910
ABEILR;912,916,4175,5490,5705,5827,5830,5899,5907,5911,5915,5918
ABEILS;4300,5912,5929,5930
ABEILT;5418,5498,5630,5643,5644,5648,5707,5709,5774,5833,5834,5841,5867,5871,5880,5895,5903,5904,5910
ABEILV;916,918,4310,4990,5138,5145,5487,5496,5498,5499,5828,5833,5903,5905,5906,5910
ABEILW;4991,5136,5488,5499,5868,5893
ABEILY;4304,4421,4637,5708,5850,5904,5906
ABEILZ;914,5649,5834,5915
ABEIMR;4315,4638,5636,5936,5939
ABEIMS;4639,5503,5696,5713,5716,5932,5934
ABEINS;908,4641,5651,5836,5862,5932,5933,5941,5946,5951,5954,5955,5956
ABEINT;5135,5166,5871,5903,5904
ABEIOT;925,4309,5644,5652,5709,5855,5909
ABEIRR;892,4201,4292,5490,5674,5830,5876,5907,5918,5978,5984
ABEIRS;5419,5474,5506,5637,5721,5836,5862,5954,5955
ABEIRT;561,929,4423,4615,4647,4653,5975
ABEIRZ;5450,5915,5975
ABEISS;480,930,4319,4320,5509,5510,5638,5976,5995
ABEISZ;5786,5977,5998
ABEITW;5728,5923
ABEJLS;931,6002
ABEJMN;4998,5842
ABEJMR;5514,6004
ABEJMS;933
ABEJNT;
ABEJOR;5514,6004,6005
ABEJRS;
ABEJRU;
ABEJTU;5698,5841
ABEKLM;4662,5470,5847
ABEKLR;6016
ABEKLS;566,937,4663,4666,4668,4669,5187,5732,6013
ABEKLY;4304,4554,5859,6012,6014,6015
ABEKMN;941,5001,5518,6020
ABEKMR;941,5002,5125,5518,5519
ABEKNR;941,5518,5789,6023
ABEKNT;4670,6020,6022
ABEKRR;943
ABEKRS;5734,5792,5864,6029,6033,6034
ABEKRY;4586,4673,5194,6012,6030,6034
ABEKST;4323,5793,5858,5864,6032,6034
ABELLM;482,873,910,949,5008,5196,5532,5640,5657,5847,5866,5869,6035,6039,6040
ABELLR;5197,5794,6036,6039,6047,6053
ABELLS;5530,5537,6038
ABELLT;721,938,949,4625,5010,5198,5531,5532,5534,5538,5643,5794,5867,5880,6037,6047,6050
ABELLU;722,958,4324,5107,5677,5736,5875,6035
ABELMM;932,5795,5869
ABELMR;857,5542,5544,5661,6039,6040,6062
ABELMS;6058,6064,6071
ABELMU;858,5016,5657,5741,5795,6001,6035,6040,6062,6067
ABELMW;
ABELMY;959,4683,4687,5741,6065,6066,6071
ABELNR;4597,5772,5827,6072,6074
ABELNU;4308,4629,4691,5905
ABELNY;959,4683,5137,5708,5906
ABELNZ;914,5203,6057,6074,6087
ABELOR;574,4599,4631,4665,4684,5661,5884,6036,6039,6072,6074
ABELOT;487,896,4309,4329,4692,4698,5515,5534,5644,5664,5800,5801,5855,6037,6049,6050,6060,6065,6092,6099,6110
ABELRR;5830,5876,5918,6081,6114
ABELRS;5563,5567
ABELRT;6111,6114
ABELRV;916,5026,5145,5559,6095
ABELRW;839,900
ABELRY;489,985,4687,5679,6096
ABELRZ;878,5027,5544,5915,6074,6087
ABELSS;4209,4328,4668,4688,4699,5205,5516,5545,5572,5575,6071
ABELST;6013,6058
ABELSU;5646,5665,5929,6018,6052,6103,6112,6120
ABELSY;4701,5210,5537,6038,6071
ABELSZ;5547
ABELTT;4635,4706,5435,5538,5548,5554,5564,5578,5648,5774,5880,6127,6128
ABELTY;985,4637,4658,5801,6050,6065,6092,6128
ABELWY;581
ABEMMR;5579,5580
ABEMNO;4707,5540,5581,5750,6056,6057,6129
ABEMNR;879,941,4707,5217,5436,5518,5579,5581,5806,6133
ABEMNS;5713,5882,5932,5933
ABEMNT;739,6020,6138
ABEMNY;880,959,4683,5216,5714,5750
ABEMRS;997,5220,5810,6134,6139,6141
ABEMRT;583,882,5221,5939
ABEMRU;4315,5580,5666,5810,5936,5938,6040,6062,6133,6141
ABEMRY;4687
ABEMSW;
ABEMSY;5405
ABENNO;5942,6022,6041,6056,6146
ABENNR;5588,5589,5650,5860,5944,6073
ABENNT;965,5588,5591,6022,6146
ABENOR;847,903,4285,4345,5581,5789,5806,5945,6023
ABENOS;4346,5160,6024,6148,6155
ABENOT;4670,5593,6022,6146
ABENRR;1000,4604,4711,5594,5595,6081,6160
ABENRS;999,4561,4605,4641,5596,5598,5779,5836,5933,5955
ABENRT;4562,5406,5588,5595,5599,5757
ABENRU;1002,5589,5757,5944,5957,5958,6133
ABENRY;4345,5227,5724,6154,6160
ABENRZ;5041,6087,6160
ABENST;904,973,4937,5042,5206,5408,5553,5601,6045,6089
ABENTT;5043,5238,5439,5461,5554,5583,5599,6138,6152
ABENTU;1002,4645,4718,5591,5757,5957,5964,6020,6131,6138,6146
ABENTZ;5593,5949
ABEORS;744,4938,5246,6029
ABEORT;4303,4349,4647,5652,5969,6031,6180
ABEORZ;5966,6142
ABEOSV;
ABEOTV;5605,6153,6180
ABEOTX;5606,5818,6183
ABEPPW;
ABEPRU;5251,5607,6133,6184
ABEPRW;
ABEPST;905,5802,6097,6168,6169,6186
ABEPTU;6068,6111,6184
ABEQRU;4286,5653,5978
ABEQSU;1007,4334,5610,5951,6112,6159
ABERRS;747,888,997,1009,5682
ABERRT;748,1000,1008,4727,6114,6184,6189,6191
ABERRV;5410,5602,5614
ABERRW;4728,5244,5616,6192
ABERRY;4351,4352,4728,5047,5066,5608,5615,5616,5985,6081,6160,6189,6191,6192
ABERRZ;6160
ABERSS;4354,6144,6149,6167,6172,6176,6185
ABERST;4674
ABERSU;4299,4337,5444,5567,5665,5666,5684,5695,5746,5752,5792,5810,5938,5992,6018,6052,6120
ABERSV;927
ABERSY;947,6185
ABERSZ;
ABERTT;4613
ABERTU;4727,4730,5221,5233,5247,5259,5757,5822,5957,6031,6085,6111,6114,6174,6180,6184
ABERTX;
ABERTY;948,985,4653,5615,6154,6189,6191
ABERUU;4730,5747
ABERWY;753,4728,6192
ABESSS;754,890,4288,4355,5572,5600,5804,6122,6162
ABESST;930,4319,4655,4731,4732,5179,5633,5767,5817,5976,6165,6169
ABESSU;591,891,1005,4726,4731,4733,5121,5180,5234,5767,5811,5820,5940,5961,6021,6027,6135,6158,6201,6202
ABESSY;987,4676,5181,5252,6028,6116,6156,6176,6185
ABESTT;5761
ABESTU;4505,4731,4734,5182,5249,5426,5512,5785,5793,5812,5997,6032,6143,6182,6201
ABESTY;5467,5622,6157
ABESUZ;4343,6120
ABESZZ;1013,5623,5998,6163
ABETTU;4706,5446,5624,5964,5999,6109,6127,6128,6138
ABETUY;5656,5822,6091,6128,6199
ABEZZZ;1013,5623,5998
ABFFLS;6204,6207,6208,6209
ABFFSU;6209
ABFGLU;
ABFHIT;
ABFILU;
ABFIRS;5264,5419,5637,5645,5655,6218,6230
ABFISY;5647
ABFLRU;5662,5665
ABFLRY;6240
ABFNOY;6247
ABFNSU;5651,6227,6241
ABFOOR;
ABGGIT;5676
ABGGIW;
ABGGNO;1020,6260
ABGGNU;6259
ABGGRY;
ABGHIS;5070
ABGHNS;6276
ABGHRU;6277,6279
ABGHSU;5692,5695,6275,6279
ABGHTU;
ABGIKN;5700,6281
ABGIKT;5700,6281
ABGILM;5073
ABGILN;4180,4361,4364,6312
ABGIMR;5279,6308,6326
ABGIMT;
ABGIMY;5714
ABGINN;4753,6288,6290,6312
ABGINO;6288,6291,6313,6325,6331,6336,6339
ABGINR;6291,6295,6326,6336,6338
ABGINS;5281,5287,6254,6330
ABGINT;
ABGINY;5282
ABGIOS;5729,6296,6322,6348
ABGIOU;
ABGKNO;
ABGKOO;5733
ABGLLO;1038,5737,6212,6352,6355,6357
ABGLMO;5085,5739
ABGLMY;5741
ABGLOR;85,5290,6357
ABGLOU;6357,6364
ABGLRU;1042,6357,6358
ABGLRY;1039,1042,5089,5679,6358,6373
ABGMNO;5749,6325,6374
ABGMOS;761,6273,6327,6376,6377
ABGNOO;6260,6337,6375
ABGNOR;1044,5283,6291,6313,6331,6338,6339
ABGNOS;6382,6383
ABGNSU;4297,5758,6359,6381,6382
ABGORS;6351,6377,6386
ABGORT;765,885,1045,5096,5751,6338
ABGSTU;6382,6387,6388
ABHHIS;4765
ABHHJU;
ABHIJS;
ABHIKL;6397,6398
ABHIKT;
ABHIMR;4771,4772
ABHIMS;4374,6409
ABHIMZ;
ABHINS;4376,5261,5295,5296,6394,6403,6410
ABHIOO;4770,4774,5770
ABHIOP;5782,6270
ABHIRS;1059,4264,4768,5296,5298,6266,6394,6414,6415,6416
ABHISS;5780,6267,6399,6415
ABHIST;1059,4592,5293,5778,5786,6409
ABHKRU;
ABHLSU;4601,5302,6408,6419,6425,6426,6428,6430,6431,6432
ABHLSY;4375,6430
ABHMNO;6433
ABHMOS;5305,5777,6273,6435
ABHMRU;4772,5114
ABHMSU;5811,5812
ABHNOO;4427,5301,6417
ABHNOT;1069,5797,6404,6417,6433
ABHNSU;
ABHOOP;4780
ABHOPR;6270
ABHORR;4608,4790,5118,5691,5815
ABHORS;4510,4609,4789,5305,5308,5462,5787,6276,6421,6422,6435
ABHORT;4303,5310,6277,6427,6436
ABHOST;4791,5817,5818,6272,6278,6390,6440,6443
ABHOTX;4788,4792,5818
ABHOXY;5819
ABHPTY;
ABHQSU;
ABHRSY;5813
ABHSSU;5121,5292,5309,5811,5820,6221,6432,6437,6438
ABHSTU;4380,4785,5307,5793,5812,6221,6391,6426,6432,6443
ABHSUW;4786,6419
ABIIKK;
ABIILL;495,5313,6222,6450,6451
ABIILN;5826,5827,5828,6455,6458,6459,6461
ABIILS;774,1028,1073,6204,6449,6454,6462
ABIILT;1072,5825,5829,5833,5834,6284,6285,6455,6464
ABIINN;4753,6288,6289,6290
ABIIST;1075,1076,4801,4802,5293,5837,6215,6255,6294,6395,6448
ABIJRS;5322,5843,6471
ABIJRU;6295
ABIKKU;
ABIKLS;1078,1079,4515,4807,6298,6449,6477,6482
ABIKMO;6478
ABIKMR;5125
ABIKNS;4382,4740,4810,5126,5325,5852,5862,6477,6484
ABIKNT;6281
ABIKST;1079,4621,4741,4807,5476,5858,6448
ABIKTT;
ABILMM;4816,5130,5869,5881,6307
ABILMS;4817,6226,6453,6454,6477,6490,6502,6503,6504
ABILMT;1086,6505
ABILMU;4817,6226,6478,6505
ABILNO;1090,4267,5840,5894,6313,6452,6501,6507,6508
ABILNS;5295,5329,6227,6471,6477,6491,6502
ABILNT;1092,1094,5135,5871,5883,5897,5901,5903,5904,6460,6472,6510
ABILOR;619,1090,4433,4631,4818,4821,5884,5907,6508
ABILOT;1086,1097,4434,4795,5644,5709,5855,5910,6228,6285,6321
ABILPS;5141,5874,5896,5912,5916,5917,6405,6491,6495,6503,6512,6513,6514,6520
ABILQS;1087,1098,6456
ABILRS;6457,6471
ABILRT;496,1092,1099,5327,6406,6496,6510
ABILRU;1093,4813,4823,5856,5899,5918,6508,6510,6518
ABILRZ;5336,5915,6459
ABILSS;1088,1104,6399,6407,6449,6481,6482,6497,6520,6523
ABILST;4807,6317,6407,6495,6498
ABILSY;1102,1105,4218,4375,4822,6482,6514,6520,6521,6523,6524
ABILTU;5151,5841,6464,6472,6510
ABILVY;1103,5906,6461,6494
ABIMMR;5881
ABIMNN;1108,5711,5842,6483
ABIMNR;1110,6308,6326,6529
ABIMNU;1110,6326,6529
ABIMPT;
ABIMRS;4436,6230,6504,6531
ABIMRU;1110,4315,4772,4827,5279,5936,6326,6529
ABIMSS;1088,1114,4388,4824,4828,6328,6532
ABIMST;5503,5778,5934,6409,6526
ABIMSU;1033,5316,6226,6327,6454,6490,6526
ABINNU;1089,5944,6312,6333
ABINOS;1109,1116,4376,4382,4387,4389,5160,5317,5343,5941,5946,6205,6468,6536,6541
ABINOT;4381,6465,6539
ABINQS;5951,6456
ABINRS;4641,4830,5779,5836,5862,5898,5946,5954,5955,5956,6394,6446,6457,6468,6469,6471,6536,6541
ABINRY;4832,4835,5349,6543,6549
ABINSS;91,1056,1080,1120,4391,4523,4798,4948,6411
ABINSU;626,4391,4438,5164,5348,5651,5902,5951,5954,5961,6227,6547
ABINSV;6548
ABIOOS;4836,5330,6296,6536,6538,6551
ABIORR;784,5907,5945,6485,6557
ABIORS;4389,5339,5343,6230,6468,6530,6531,6536,6541,6553
ABIORT;4647,4840,5320,5652,6559
ABIOST;4743,6348,6554
ABIRRS;6341,6349,6414,6561
ABIRRY;4393,4949,5353,5984,5985
ABIRSS;630,1128,6342,6349,6415,6470,6487,6562
ABIRSU;497,4394,4839,4844,5954,5987,5992,6414,6553,6562
ABIRTU;929,1129,4827,5957,6510,6529,6542,6549,6559
ABISST;930,1104,1114,1120,1128,4319,4395,4655,4828,5179,5509,5925,5960,5976,5995,6328,6344,6467,6487,6532,6533,6544,6560,6565
ABISWZ;
ABIZZZ;5998
ABJJOO;
ABJKMO;
ABJLMU;6001
ABJMSU;933
ABJNOS;4804,5300,6474
ABJOST;6474
ABJOWX;6007
ABJOZZ;
ABKLNS;4663,5852,6013,6298,6477
ABKLNY;636,6012,6014,6479
ABKLSU;4398,5732,6018,6419,6575
ABKLSY;639,4747,5859
ABKLTY;6014
ABKLUY;6476
ABKMOO;4857,5733,6568
ABKMOT;
ABKMUZ;
ABKNOS;4382,4863,5357,6024,6576,6577,6578
ABKNRS;6303,6484
ABKNRU;6579
ABKNRY;4864,6012,6479
ABKOOR;4528,4846,4857,4868,4869,6568,6582
ABKORS;1141,5359,5734,6351,6421,6422,6480,6572,6584
ABKRSU;6018,6033,6575,6584
ABLLNO;950,4877,6041,6043,6355,6569
ABLLOO;4878,6212,6234,6424,6587,6592
ABLLOT;5198,5534,6037,6043,6049,6234,6423
ABLLOW;5658,6046,6355,6588
ABLLPU;4679,4850,4880,6206
ABLLSY;4401,4404,4879,5537,6038,6589,6596,6598
ABLMOO;4271,4882,6061,6587
ABLMOP;6360,6588
ABLMOR;1144,1155,4684,5661,5739,5884,6039,6062,6240,6587
ABLMOT;1086,1157,6065,6423,6505,6602
ABLMOU;6062,6063,6478,6505
ABLMPU;6001,6067,6068,6360
ABLMRU;6040,6062,6600
ABLMRY;653,4687,6240
ABLMSU;654,4817,4876,4884,4885,6226,6354,6359,6361,6454,6490,6502,6599
ABLMTY;6065
ABLMWY;
ABLNOZ;5203,6057,6074,6607
ABLNSU;1160,5302,5365,6227,6241,6359,6502,6609,6612
ABLNTU;1156,6472,6510
ABLOOR;4821,4878,5290,6587,6604,6613
ABLOOS;5330,6207,6362,6366,6567,6571,6601,6605,6616,6617
ABLORS;499,1146,5362,5364,6593
ABLORU;6508,6518
ABLORW;5303,6323,6574
ABLOST;1157,6208,6242,6243,6244,6272,6366,6601,6602,6608,6617,6632
ABLOSX;4400,6428
ABLOSY;4401,4822,4879,5368,6077,6244,6368,6514,6596,6622,6627
ABLOTT;1018,1097,6228
ABLOTV;
ABLPRU;6633
ABLPYY;
ABLRST;6431,6634,6635
ABLRSU;4272,4337,4402,4702,5212,5369,5370,5567,5665,6018,6052,6118,6120,6237,6431,6575,6634,6635
ABLRSW;797,5335,6575
ABLRSY;1102,4224,5370,6521,6627,6635
ABLRTU;5571,6085,6111,6114,6118,6121,6510,6629
ABLRWY;6511,6574
ABLSST;6407,6432
ABLSSY;6071,6116,6520,6521,6523,6598
ABLSTT;6498
ABLSTY;1105,6244,6524,6596,6611,6627,6635
ABLSUY;4404,4885,5291,5370,6523,6524,6598,6611,6612,6635
ABLSWY;6500
ABMMOS;1171,6599
ABMNOW;1175,5374,6132
ABMNSU;5356,6359
ABMNTU;1156,1176,6020,6131,6138,6529,6636
ABMNUY;6636
ABMOOW;
ABMOOZ;6061
ABMOPT;
ABMOSS;1179,4408,4859,4894,6566,6639,6641
ABMOSZ;
ABMOTW;1175,6132
ABMRSU;1177,4861,5220,5376,5666,5752,6141,6642
ABMRTU;4827,5221,6529
ABMRUY;6642
ABMSSY;
ABNNRY;
ABNNSU;
ABNOOT;5224,6260,6363,6417,6645
ABNORS;4389,6468,6541
ABNORT;6246,6645,6651
ABNORY;4345,4832,4864,4886,4892,5227,5383,6379,6543,6607,6648
ABNOSS;1183,1184,4346,4533,5384,5755,6075,6149,6155,6156
ABNOST;5381,6382,6578,6608,6653
ABNOTY;5346,6433
ABNRRU;5385
ABNRST;1139
ABNRSU;6381,6528
ABNRSW;5955,6541
ABNRTU;1002,1176,4866,5757,5957,6085,6246,6510,6529,6542,6549,6579,6651
ABNRUU;6600,6651
ABNRUY;5383,6086,6549
ABNRWY;6511,6543
ABNSTU;4867,5389,6382,6653
ABNSUY;6611,6612
ABNTYZ;
ABOOST;4449,6213,6248,6249,6366,6384,6439,6440,6583,6601,6614,6616,6617,6657,6658,6659
ABOOSY;5358,5393,6249,6376
ABOOSZ;1140,6617,6647
ABOPWY;
ABORRS;4898,6593,6637
ABORRU;4277,4900,5243,6101,6174
ABORRW;5244
ABORST;6248,6638
ABORSV;810,1124,6422,6516,6558
ABORSY;6531
ABORTU;4539,4900,5247,5391,6174,6179,6180,6246,6542,6559,6629,6651
ABORTW;4349,4840
ABORTY;811,6517,6559,6615,6619
ABOSSS;5970,6181,6649,6652
ABOSST;1183,4408,4412,4894,4902,5817,6165,6169,6181,6385,6412,6544,6639,6641
ABOSTU;4186,4873,4902,4903,5249,6032,6107,6182,6242,6278,6382,6388,6413,6443,6519,6554,6608,6631,6632,6653,6658,6661
ABOSTW;5972,6108,6183,6243,6440,6632,6659
ABOSUU;5350,6245,6621
ABOSUY;5762,6443
ABOSWW;6429
ABOUXY;
ABPRSU;5351,6279,6553
ABPRTU;6111,6184,6579,6633
ABPRUY;5251,6633
ABPSSY;1165,5252,6185,6187,6520
ABPSTY;6186
ABQRSU;
ABQSSU;
ABRRSU;4378,6372,6414,6561
ABRSST;816,1128,1142,1167,1191,5395,6487,6533,6662
ABRSSU;4901,6562,6625,6660,6662
ABRSSY;6116,6176,6185,6521
ABRSTU;1168,1193,4904,6635
ABRSTY;6563,6635
ABRTTY;
ABSSTU;1195,5395,6124,6195,6201,6202,6221,6251,6432,6438,6444,6565,6641,6660,6662
ABSUWY;5260
ABSWYY;
ACCCIL;6668,6669,6671
ACCCLO;6669
ACCDEE;6683,6688
ACCDEH;6702
ACCDEK;
ACCDEL;1204,6684,6704,6705,6706,6707,6714,6715
ACCDEN;1206,6694,6704,6708,6709,6716,6717
ACCDII;6664,6680,6681,6724,6731,6732,6733,6734,6735
ACCDIM;1203,6726
ACCDOR;6679,6716,6718,6727,6730,6739,6740
ACCDSY;6746
ACCEHN;4416
ACCEHR;6793
ACCEHS;6789,6799,6823
ACCEHT;6754,6791,6797,6811,6821
ACCEIL;1223,4420,4421,6706,6707,6760,6845
ACCEIP;6843
ACCEIS;6677,6703,6711,6785,6789,6799,6802,6805,6848,6852,6855,6862
ACCEIT;6754,6803,6853,6856,6858
ACCEKL;6764,6829
ACCELN;107,6868,6880,6883
ACCELR;1229,4420,6666,6753,6760,6766,6769,6835,6845,6883,6889
ACCELS;506,6768,6887
ACCEMS;1205,6799,6848,6849,6870,6893
ACCEMU;
ACCENR;1232,6850,6854,6868,6883
ACCENT;1216,1232,1234,6687,6709,6773,6840,6854,6856
ACCEPT;1228,6688,6751,6776,6821,6860,6901,6902
ACCERS;6689,6777,6877,6903
ACCERU;1220,1236,6865,6883,6889,6905
ACCERW;6692
ACCESS;1209,1237,6693,6779,6788,6825,6866,6874,6906
ACCESU;4425,6820,6823,6827,6862,6875,6893,6899
ACCGNO;6787,6921,6929,6930
ACCHHI;1242,6934
ACCHIK;4415,6695,6792,6793,6918
ACCHIS;510,1249,1251,4426,6725,6796,6802,6805,6939,6947,6949,6952
ACCHKS;
ACCHKU;
ACCHKY;6698,6807
ACCHLS;1255,1258,6725,6958
ACCHLT;1254,1257,6699,6797,6811,6812,6913,6943,6944,6957
ACCHNO;1259,1262,4427,6961,6963
ACCHNR;1248,1262,6961
ACCHNY;6941,6960,6964,6965
ACCHOR;6730,6955,6959,6961,6968,6969
ACCHOS;6935,6949,6950,6956,6959,6970
ACCHOU;6936,6963,6966,6968,6971
ACCHOY;6969
ACCHRT;6670,6938,6951,6953,6968,6969,6976
ACCHST;1263,6939,6958,6970,6972
ACCHSU;4426,6820,6823,6827,6958,6972
ACCHTT;6934,6971
ACCHTU;6963,6965,6966,6968,6971
ACCHTY;6670,6913,6944,6965,6969,6975,6976
ACCIIN;1265,6731,6982,6983,6984,6986
ACCILO;4434,6669,6737,6928,6943,6996
ACCILT;1241,1271,4434,6671,6738,6914,6943,6944,6979,6981,6996,7005,7009,7017
ACCINO;6930
ACCINS;4438,6785,6802,6839,6855,6932,6986,6997,7032
ACCINT;6709,6840,6854,6856,6997,7019
ACCINW;
ACCINY;6930,6987,7031,7033
ACCIOS;6805,6848,6949,6952,7023
ACCIOT;4434,6858,6977,6988,6996
ACCIPR;6672,7012
ACCIRR;1224,6863,6953,7013,7021,7042
ACCIRS;1213,4436,7014,7032
ACCIRT;6733,6938,6953,6981,6990,7042
ACCISW;
ACCITT;6934,6995,7042
ACCITU;6743,6856,6865,7017,7019
ACCKLS;1285,1286,7047
ACCKRS;6869,6876,6877,7045,7047,7050,7053,7055,7058
ACCKRY;
ACCLOU;
ACCLOY;6933,7059
ACCMOP;7020
ACCMOS;6747,6848,6870,6935,6959,7001,7018,7023,7049,7050,7063,7065,7066,7068
ACCMOY;523
ACCNOO;4427,6916,7027,7073
ACCNOT;
ACCOOS;4448,4449,6748,7065,7066,7078
ACCORS;1293,1300,1301,4448,6822,6885,6896,6903,6904,6959,7047,7050,7053,7055,7072,7078,7082
ACCOSS;6788,6906,7010,7080
ACCOST;4449,6719,6748,6887,6903,6970,7065,7067,7068,7078,7079,7082
ACCOSY;6956,7038,7063,7066,7079
ACCRUY;1201,6964,7033
ACCSTU;1299,4444,6827,6910,6958,6972,7068,7077
ACCSUU;6722,6750,6911,7061,7062,7069
ACCSUY;
ACDDEE;7088,7089,7090,7091,7097,7098,7101,7103,7104
ACDDEG;7105
ACDDEI;1305,7090,7106,7111,7118,7121
ACDDEK;6678,7092,7106,7107,7122,7123
ACDDEN;1307,6676,7098,7099,7100,7101,7107,7126,7127
ACDDER;4452,6679,7114,7118,7123,7129,7130
ACDDES;1202,7108,7128
ACDDEU;1308,7103,7127
ACDDII;6680,6681,7110,7111,7137,7145
ACDDIN;7133,7134,7135,7147,7150
ACDDIS;7146
ACDDIT;6681,7084,7090,7115,7118,7121,7149
ACDDIY;7116,7135,7139,7147,7149
ACDDTU;1308,4453,7085,7103,7127,7132,7158
ACDEEF;4454,7168
ACDEEN;4465,7098,7177,7184,7197,7199,7234,7236
ACDEEP;4466,6688,7097,7192,7209,7217,7230,7234
ACDEER;4467,7163
ACDEES;1318,1320,1323,7190,7191,7213,7233,7258,7259,7260
ACDEEZ;7242
ACDEFF;7263
ACDEFH;1327,7167,7267
ACDEFR;1327,7263,7276
ACDEFS;7265,7273
ACDEGH;7282
ACDEGL;7284
ACDEGR;1334,7176,7298
ACDEGS;1333,1335,7265,7293,7295,7297
ACDEGT;7300
ACDEHK;4472,7106,7107,7180,7266,7306,7322,7323
ACDEHO;4472,7088,7180,7282,7320,7323,7346
ACDEHR;7303
ACDEHS;1318,7186,7314,7319,7339,7347,7350
ACDEHT;7352
ACDEHW;7344
ACDEIN;6709,7197,7199,7363,7364,7368,7370,7371,7398,7399,7408,7413,7419,7420
ACDEIO;7378,7386,7400,7401,7425,7426
ACDEIR;6710,7118,7400,7404,7425,7426,7440
ACDEIS;4479,6703,6711,7170,7312,7319
ACDEIT;525,1355,4478,7084,7090,7115,7118,7316,7363,7365,7367,7371,7408,7411,7413,7415,7420,7425,7429,7431,7435
ACDEIV;7179,7317,7367,7426,7435
ACDEJK;7204,7306
ACDEKL;7205,7206
ACDEKP;1332,1357,7208,7209,7370,7372,7444,7446,7447
ACDEKR;
ACDEKS;1333,4479,6713,7160,7293
ACDEKT;526,1359,7204,7209,7371,7450
ACDEKV;4485,7323
ACDEKW;
ACDEKY;6698,7206
ACDELL;6714,7294,7453,7454,7455
ACDELM;120,1362,4460,7216,7457
ACDELN;
ACDELO;1204,6705,6715,7378,7386,7469
ACDELP;7181,7223,7326,7382,7387,7389,7463
ACDELR;6712
ACDELS;4189,7262
ACDELT;1329,1368,1373,1374
ACDELU;4462,4474,6706,7194,7296,7472
ACDELV;1365,1373,4485
ACDELW;7096,7468,7469
ACDELY;6707,6714,6715,7175,7206,7384,7394,7396,7465,7480
ACDEMM;7309
ACDEMO;4495,7378,7397,7401,7486
ACDEMP;7097,7230,7398,7403
ACDEMU;7360,7492,7495,7496
ACDENN;4486,7184,7197,7234,7236,7272,7407,7484,7497,7499
ACDENO;4465,6717,7098,7229,7275,7486,7497
ACDENP;1357,7230,7234,7326,7370,7382,7398,7409
ACDENR;
ACDENS;1378,1379
ACDENT;1330,1356,6709,7115,7363,7371,7399,7419,7522
ACDENY;7236,7484,7508,7522
ACDEOP;7409,7488,7502,7525,7526
ACDEOT;1382,1383,4495,7248,7278
ACDEOX;
ACDEPP;4466,7429,7511
ACDEPR;1367,7525,7526,7542
ACDEPS;7347,7349
ACDERR;1207,4467,7163,7210,7254,7546
ACDERS;7483,7494
ACDERT;1355,6710,7118,7365,7404,7431
ACDERV;7227,7240,7317,7426,7473,7517,7518,7536,7550
ACDERY;4502,7109,7526
ACDERZ;7242
ACDEST;1323,1390,4505,7252,7258,7495,7543
ACDESU;1390,7258,7259,7260,7319,7428,7495,7538
ACDESY;1371,7260,7394,7418,7493,7508
ACDETT;1324,1359,1391,7174,7244,7522
ACDETV;7104,7248,7367,7435,7536,7550
ACDEUX;7259
ACDHIR;1210,1401,1404,6724,6727,7584,7587,7590,7598,7599
ACDHMR;7604
ACDHOR;6727,7584,7590,7596,7604,7605
ACDHOS;7142,7594,7606,7607
ACDHRS;7144
ACDIIM;1347,4512,7111,7360,7619,7625,7626,7627,7628
ACDIIP;7192,7269,7305,7563,7582,7616,7618,7632,7634
ACDILL;532,1400,1421,4518,7649
ACDILP;1421,1430,7382,7387,7388,7389,7587,7588,7618,7649
ACDILS;1430,1432,4519,4521,7568,7580,7588,7621,7623,7647,7656,7659,7660,7662,7664,7667
ACDILY;6707,6737,7147,7384,7394,7649,7660,7663
ACDIMO;1435,6726,7400,7401,7626,7678
ACDIMP;7398,7402,7403
ACDINO;4522,6739,7558,7590,7682,7683,7684,7685,7686
ACDINR;127,1312,1404,1426,1437,1438,4522,6739,7558,7590,7591,7655,7658,7684,7685,7686
ACDINS;7568,7571,7573,7574,7615,7621,7630,7635,7656,7659,7673,7674,7680,7682,7683,7684,7687
ACDINW;4516,7645,7686
ACDINY;1438,7135,7147,7561,7572,7591,7634,7658,7681,7690
ACDIOR;4522,6727,6739,6740,7145,7400,7426,7558,7584,7590,7596,7626,7636,7686
ACDIOS;1435,4519,7594,7647,7656,7662,7673,7676,7678,7680,7682,7683,7699
ACDIOT;1441,7411,7585,7633,7691
ACDIOZ;1429,7386
ACDIPR;7587,7616
ACDIPS;1430,7582,7588,7594,7597,7662,7667,7683,7701
ACDIRS;7573,7687,7702
ACDIRU;1419,7599
ACDISS;1420,1439,1442,4523,7152,7637,7639,7652,7694
ACDIST;6734,7597,7701,7706,7707
ACDLNU;4509,4532,7718,7721
ACDLSS;1453,1457,7652,7669,7721
ACDLSU;7623,7659,7667,7721,7725,7727
ACDLTU;7643,7653,7725,7727
ACDLTY;1374,1460
ACDMPU;7735
ACDMTU;7459,7603,7653,7735
ACDNOR;1465,4522,6739,7558,7590,7605,7685,7686,7731,7742
ACDORW;4501,4531,4535,7130,7157,7344,7605,7686,7724,7742,7752
ACDOST;6748,7560,7578,7607,7720,7725,7744,7757
ACDRSY;7612,7760
ACDSSU;6721,7547,7721,7754,7758
ACDSTU;1390,7258,7481,7520,7543,7706,7708,7725,7727,7757
ACEEFF;7778
ACEEFN;4542
ACEEFR;7761,7785,7790
ACEEFS;7786,7789,7792
ACEEFT;1470,4542,7781,7787,7793,7797,7798
ACEEGN;1478,7762,7801,7811,7814
ACEEGP;7763,7812
ACEEHK;7840
ACEEHL;1480,4544,4545,4548,7837,7841
ACEEHN;4416,4545,7177,7185,7800,7801,7827,7828,7850,7857
ACEEHT;7859,7878
ACEEIP;6763,7192,7201,7765,7766,7883,7903,7904,7911,7912
ACEEJT;7920
ACEEJY;
ACEEKS;1474,1488,7160,7211,7213,7919,7925
ACEELL;7879,7885,7886,7928,7931,7932,7933,7934,7935
ACEELN;4545,7762,7811,7887,7890,7937,7938
ACEELR;548,1475,6753,6760,7785,7923
ACEELV;1476,1490,4555,7848,7881
ACEEMN;4553,7827,7887,7937,7979
ACEEMR;7882,7900,7985,7988,7989
ACEEMS;7233,7852,7901,7939
ACEEMZ;7900
ACEENR;1499,7769,7857,7926,8002,8005
ACEENS;6770,7903,7908,7919,7925,7994,7998
ACEENT;4542,7767,7828,7904,7909,7910
ACEENV;6762,7857,7909,8005
ACEEOR;4418,7222,7779,7790,7819,7820,7985,7988,7989
ACEEOT;7859,7860,7896,7931,7978,7986,8011
ACEEPR;1501,4564,6771,6776,7763,7765,7911,7985,8003,8019,8020,8021
ACEEPS;4565,6763,7893,7903,7925,7939,7953,7963,7982,7994
ACEERR;1503,7163,7210,7761,7769,7773,7819,8005,8031
ACEERS;550,1479,7764,7807,7916,8038
ACEERT;4564,7775,7781,7797,7917,7920,8019,8020,8039
ACEESS;6693,7165,7190,7228,7789,7792,7822,7845,7936,7975
ACEESZ;8038
ACEFFT;7166,7781,8050
ACEFHR;1327
ACEFHS;7782,8046,8066,8067,8068,8069
ACEFHU;
ACEFIL;1514,4572,7168,7270,8050,8065,8082,8084
ACEFIN;4574,8060,8087
ACEFIR;4573,8045,8076,8078,8088,8097,8098,8099,8100
ACEFIS;6783,7170,7789,8061,8066,8067,8068,8077,8096,8101
ACEFLS;1328,7262,7792,8056,8069,8102,8104,8106,8111
ACEFLU;4570,8055
ACEFLY;7793,8081,8086,8103,8110
ACEFPU;7791
ACEFRR;7761,7795
ACEFRS;8056,8057,8102,8111,8118,8124,8125
ACEFRU;
ACEFSS;1521,7789,7792,8054,8093,8096,8101,8106,8127,8131
ACEFST;1218,1515,1522,6783,8064,8067,8073,8094,8101,8104,8118,8122,8124,8128
ACEFSU;8095
ACEFSY;7794
ACEFTU;
ACEGHN;4577,7801,8141,8143,8145,8152
ACEGHR;8153
ACEGHS;8146,8159
ACEGHU;8150,8151
ACEGIN;4577,4580,7806,8044,8058,8060,8136,8145,8186,8190,8199,8208
ACEGIR;1473,1534,1535,7807,7808,8138,8210
ACEGIU;7288,8171,8212
ACEGLN;1540,7762,7811
ACEGLP;7812
ACEGLS;7295,8063,8146,8147,8214,8215,8217,8224,8229,8230
ACEGLY;1540,7175,7811,8149,8150,8172,8182,8227
ACEGNU;4589
ACEGNY;1478,1540,6787,7811,7816,8227,8231,8237,8238,8239,8242
ACEGOS;7265,7293,7295,7297,7821,8064,8146,8158,8178,8191,8201,8215,8218,8221,8224,8225,8229,8230,8233,8241,8250
ACEGOW;8220
ACEGRS;1479,1525,1544,1546,1547,4581,7764,7807,7815,8139,8180,8194,8205,8210,8211,8217,8228,8232,8252
ACEHHL;
ACEHHT;6791
ACEHIK;1550,6695,6792,7106,7306,8065,8279,8281,8282
ACEHIL;1552,1553,7826,8065,8141,8279,8282,8292,8293,8297
ACEHIM;7309
ACEHIN;4577,8141,8143,8292,8319
ACEHIP;1553,8143,8256,8279,8292,8297,8320
ACEHIR;4543,6804,8045
ACEHIS;6789,6796,6805,7319,7826,7830,7835,8046,8068,8256,8259,8285,8331,8337
ACEHKL;7837,8065,8279,8282,8353
ACEHKR;8362
ACEHKS;4595,8360,8361,8363,8364,8365
ACEHLP;6795,7181,7841,8279,8289,8296,8354
ACEHLS;555,4601,8290
ACEHLT;8149
ACEHLV;7848,8353
ACEHLY;8149,8150,8358,8404
ACEHMN;6813,8152,8262
ACEHMR;8153,8416
ACEHMS;556
ACEHNP;7335,8143,8154,8321,8429,8437,8438
ACEHNR;7857,8432,8438
ACEHNS;8360
ACEHNU;1562,7302,7322,7328,7335,7336,8308,8323,8380,8384,8438
ACEHOP;4607,6821,7860
ACEHOR;1573,4608,4610,8153,8362,8408,8415,8416,8435,8436,8460,8462,8463,8464
ACEHPR;8354
ACEHPS;6823,7350,8256
ACEHPT;6821,8429,8434
ACEHPY;6807,7341,7867,8475
ACEHQU;1579,7352,7868,8337,8476
ACEHRR;4608,8456
ACEHRS;
ACEHRT;8463
ACEHRV;7857,8362,8464
ACEHRW;7344,8416
ACEHRX;1566
ACEHSS;1560
ACEHST;8364,8466,8467,8476,8490
ACEHSW;7847,8159,8365
ACEHTX;1587
ACEIKR;4573,4619,7884,8168,8529,8533,8537,8542,8547,8551,8552
ACEILL;1593,7879,7886,8494,8531,8532,8562,8563,8564,8566,8567,8568,8570,8571
ACEILM;7889,8171,8573
ACEILN;1552,1588,1593,1598,1600,1601,4617,4628,8294,8498,8562
ACEILP;1553,1602,4630,6795,6843,8082,8289,8297,8494,8563,8570,8617,8625
ACEILR;6760,6835
ACEILT;1514,1598,8050,8557,8562,8642
ACEILU;1223,4636,6706,6837,7113,7194,7889,8171,8587,8589,8611,8640
ACEILV;1600,6838,6841,7881,8176,8615,8616,8642
ACEILX;8498,8625
ACEIMM;7309,8185,8573,8574,8643,8646
ACEIMN;4553,4580,8087,8186,8538
ACEIMS;1351,1607,6848,6849,7402,7406,7898,8051,8191,8194,8502,8539,8664
ACEIMT;1591,1609,8506,8646,8660,8662,8668,8675
ACEIMU;7360,7889,8171,8308,8506,8589,8658,8668,8675
ACEINN;1485,7197,8136,8186,8196,8200,8538,8647,8678
ACEINO;4574,4628,4640,8319,8593,8678,8690,8691
ACEINP;7370,7883,8696,8700
ACEINR;6851,8529,8690,8691,8710
ACEINS;
ACEINT;1589,1598,6709,6840,7115,7363,7806,8060,8175,8562
ACEINU;7288,7364,7368,8308,8323,8653,8696,8700,8702
ACEINV;1600,1614,4643,8324,8690,8710
ACEINX;8091,8319,8498,8650,8691
ACEIOZ;8662,8678,8687
ACEIPR;1617,7765,8076,8097
ACEIPS;1618,1621,7766,7830,8061,8256,8331,8546,8549,8550,8666,8726
ACEIQU;8696
ACEIRR;1224,1534,4201,6831,8138,8193,8547,8552,8748
ACEIRS;1607,7807,7898,7916,8194,8502,8645
ACEIRU;6865,8323,8702,8707,8759,8766,8768
ACEIRV;4643,7426,7917,8503,8540,8552,8690,8708,8710,8742,8767,8768,8769
ACEISS;1621,7789,8054,8096,8515,8726,8729,8733,8740,8745,8746,8761
ACEISV;6861,8068
ACEITT;1609,1622,8209,8315,8335,8523,8646,8675
ACEITV;1625,6858,7836,7917,8615,8634,8642,8735,8768,8769
ACEIVV;8345,8735
ACEJKR;7920,8277,8779
ACEJKT;7204,7920
ACEJLO;
ACEJNT;1356,8278
ACEJNU;
ACEKLM;563,4662,7921,8530,8796
ACEKLN;6764,8799
ACEKLR;1630,7205,7921,7923,8535,8537
ACEKLS;566,4666,4668,8214,8215,8806,8810
ACEKLT;8799
ACEKLY;4554,7206,8103,8358,8532,8537
ACEKMO;4662,8812
ACEKNO;4204,4670,6871,8812,8817
ACEKNR;6871,7809,7926,8168,8813
ACEKNT;4670,7450,7767,8799,8813
ACEKNU;4205,8799,8819
ACEKNW;7926,8817
ACEKPR;1536,1631,7208,8354,8825,8826
ACEKPT;7209,7924
ACEKRR;1632,7210,7884,8552
ACEKRS;1225,8219
ACEKRT;1487,1538,7920,8222,8368,8813,8823
ACEKRU;4659,7324,7448,8222,8792,8819
ACEKRW;1630,7810,7923,7926,8220,8802,8824,8826
ACEKRY;4586,4673,8103,8537,8833
ACEKST;1488,1635,8221,8364
ACEKSW;4660,8549
ACEKTT;1359,7840
ACEKTY;8358
ACELLO;4661,8370,8563,8567,8857
ACELLR;570,1637,1638,4623,4680,6835,7214,7934,7935,8170,8558,8568,8571,8841,8846
ACELLT;4625,7928,7930,7932,7934,8557,8560,8562,8860,8864
ACELMN;4683,6880,7216,7938,8870
ACELMP;1518,1643,1646,8289,8577,8582,8796,8872
ACELMR;8870
ACELMS;8843,8845
ACELMT;1646,7928
ACELMU;7889,8171,8796,8870
ACELMZ;
ACELNN;
ACELNR;572,1638,1652
ACELNS;
ACELNT;6840,8175,8294,8562,8799
ACELNU;4691,7952,8380,8799,8869,8895
ACELOR;8908
ACELOS;1664,4666,4685,6768,8215,8230,8877,8910,8920
ACELOT;4692
ACELOV;6882,8216,8353,8607,8615,8616,8801,8851,8857,8890,8896,8897,8908
ACELPR;8354
ACELPS;
ACELPT;8942
ACELPU;7791,7812,7964,8796,8943
ACELQU;
ACELRR;1229
ACELRS;8056
ACELRT;578,6889,8112
ACELRU;6889,8148,8391,8400,8841,8914,8927,8954
ACELRV;7473,8801,8851,8890,8903,8908
ACELRW;1630,1675,7923,8802,8852
ACELSS;4209,4668,6891,7792,7936,7947,8106,8798,8862
ACELST;
ACELSU;8230,8261,8375,8611,8640,8910,8932
ACELSV;1659
ACELSX;7977
ACELTT;4706,7976,8956
ACELTU;1493,1628,1660,4636,4706,6889,7952,7964,7971,8112,8400,8633,8799,8942,8954
ACELTY;4637,4658,6847,7396,7793,8149,8358,8642,8864
ACELYY;6892
ACEMNO;1542,1683,6813,7229,7486,7979,7981,8114,8152,8231,8407,8812
ACEMNP;
ACEMNR;8232,8870,8969
ACEMNU;8308,8653,8658,8869,8870,8966,8969
ACEMOP;7986,8407,8660,8872
ACEMOR;4710,7988,7989,8153,8415,8416,8976,8977,8982
ACEMOS;4587,4685,4708,6848,8191,8580,8644,8843
ACEMOT;4495,4602,4710,7491,7896,7978,7981,7986,8415,8649,8660,8661,8662,8960,8975,8976,8982
ACEMPR;
ACEMRS;6849,7494,8194,8232,8502,8652
ACEMRT;583,4710,7491,8976,8982
ACEMRY;7991,8235,8969,8982
ACEMSU;1688,7492,8422
ACEMTU;8506,8658,8668,8671,8675
ACEMUX;1610,8983
ACENNO;1683,6814,7497,7499,7979,8196,8236,8427,8647,8785,8817,8992
ACENNR;7499,8236
ACENNS;6770,6894,7854,7980,7994,7998
ACENNU;8684,8992
ACENOR;1573,8116,8432,8435,8685,8690,8691,9009,9010,9017
ACENOS;8433,9006
ACENOT;1691,4670,9003,9008
ACENPR;1652,1693,6771,7941,8003,8117,8432,8437,8999,9004
ACENPS;7925,7994,8820
ACENPT;1693,8003,8117,8429,8437
ACENPU;8154,8696,8700,9028
ACENPW;
ACENRS;1544,8232
ACENRT;
ACENRV;1377,1614,1701,4643,7240,7517,7518,7857,7946,8005,8116,8324,8690,8708,8710,8890,8903
ACENRY;6819,7816,8710,8969,9017
ACENRZ;1701,7242,8092
ACENSS;8242,8798,8820,8871,8898,8968
ACENST;
ACENSU;6899
ACENTU;1234,1660,1691,1706,4718,8799,8895,9008,9024,9028
ACENUV;1706,8723
ACEOPS;6872,8546,8686,8780,9006,9041,9042,9045,9048
ACEOPT;6821,6901,7860,7986,8120,8975,9046,9049
ACEOPW;8728,8826
ACEORR;6895,7819,8435,8456,8460,8964,8973,8977,9009,9010,9057
ACEORS;8057,9045
ACEORT;1708,4710,6901,8121,8248,8249,8415,8462,8823,8975,8982,9043,9049
ACEORW;4501,7130,7344,7989,8220,8416,8802,8824,8826,8852,9009,9057
ACEORX;8691,8983
ACEOST;1635,1713,8064,8221,8364,8467
ACEOSX;4725,8613
ACEOTT;8462,8469,9043,9049,9054
ACEOTU;1382,1691,7510,7539,8011,8366,8469,9008,9024
ACEOTV;1383,6858,8615,8735
ACEPPR;1707,8455
ACEPRR;8456,9046,9075
ACEPRS;9048
ACEPRT;4564,6776,6901,7251,7797,8003,8017,8019,8021,8117,9004,9046,9049
ACEPRU;7525,8620,8914
ACEPSS;4726,7432,8515,8666,8697,8745,8746,8820,8831,8968,8988,8989
ACEPST;9079
ACEPSU;1577,4726,6823,6875,8023,8988,9042
ACEPSY;1717,8025,8475,8698,8831,9079
ACEPTU;7351,7964,8668,8942,8943,9028
ACEQSU;1688,7868,8832
ACERRS;8139,8961
ACERRT;
ACERRU;8702,8748,8759
ACERRV;8005,8552,8828,8977,9056,9057
ACERRY;4728,7991,8235
ACERSS;4650,7437
ACERST;
ACERSU;
ACERSV;1547,1723,4724,8038,9062
ACERSY;1724,6888,8926
ACERSZ;8038
ACERTU;4730,6865,6889,7971,8400,8633,8671
ACESST;1713,4732
ACESSU;591,4726,4733,7822,8023,8347,8487,8745,8772,8840
ACESTT;1585,1678,6826,8271,8403,8491
ACESTU;4505,4734,6827,7258,8520,8778
ACESTX;8010,8037,8042,8778,9063,9091,9093
ACESTY;1705,8025,8350,8426,8452,8467,8475,8717
ACESUV;1729,7538,7777,8640,8932,9084
ACESUY;1730,7260,8946,9001
ACFFHS;8046,8047
ACFFHU;7261,7551,8048
ACFFHY;8049
ACFFIN;9095,9101
ACFFLS;1731,7262,7553,8056,9102,9105
ACFFSS;8054,9106
ACFFSY;
ACFGIN;7264,8044,8058,8060,9109,9111,9113
ACFHLN;7267,8069,9121
ACFHRT;8073
ACFHST;1733,8073,9134
ACFHSU;9133,9134
ACFIIN;9109
ACFILS;4742,9102,9122,9135,9136,9142,9146,9148,9154
ACFIMS;8051,9100,9138,9157
ACFINN;
ACFINR;7558,9147,9155
ACFINS;1736,4740,9142,9145,9148,9161,9162,9165
ACFIOS;1735,4742,4743,7559,8083,9122,9148,9157,9161,9162,9166
ACFIPY;
ACFIRT;1737,1738,1739,8078,8098,8099,8100,9150,9152,9167
ACFISS;7789,8054,8093,9124,9127
ACFIST;1515,1736,1738,4741,4743,6783,7559,8094,9099,9102,9103,9135,9140,9154,9161,9164,9165,9166
ACFKLS;4747,8102,8104,9142,9170,9171
ACFKRS;8102,8105,9170,9172
ACFLNO;4576,6916,8107,8108,8109,9118,9177,9178,9179
ACFLNU;9101
ACFLOT;7274,8109,9149,9150,9151,9183
ACFLPU;7791
ACFLRU;9128,9176
ACFMTU;9186
ACFNOR;7558,8108,8116,9097,9118,9131,9132,9147,9160,9179
ACFNRS;8118,8119,9188
ACFNTU;
ACFORT;6917,7277,8121,9104,9150,9160
ACFORX;8125
ACFRSS;1521,8127,8131,9124
ACFRST;1522,1732,1738,1747,8073,8118,8128,9103,9164
ACFRTY;8100,8133,9152,9167
ACGGHI;1394
ACGGIN;1750,8134,8136,9191,9192,9198,9199,9201,9203,9204
ACGGIO;1750,1751,4749,8137,9203,9205,9206
ACGGLY;9202,9208
ACGGRY;9202
ACGHIN;7561,8141,8143,9210,9212,9213,9220,9223,9224,9226,9231,9232,9234,9247
ACGHNS;
ACGHNU;4752,9107,9196,9223,9231,9247,9256
ACGHOT;7562
ACGHOU;1760
ACGHRU;148,1755,1757,1760
ACGHSW;8159,9243
ACGHTU;8163,8164,9249,9256,9258
ACGIKN;9280,9288,9292,9295
ACGILL;
ACGILN;6919,7133,9191
ACGILO;1772,1773,6928,7564,9225
ACGILR;1774,9202,9225,9287
ACGILS;
ACGILY;8182,9202,9287
ACGIMN;1761,1777,4580,8186,8188,8189,8190,9109,9212,9227,9228,9268,9289,9336
ACGIMO;597,1779,4749,7570,9269,9337,9338,9339
ACGIMS;7565,8189,8191,8194,9269,9270,9289,9307,9331,9333,9335,9336,9338
ACGINN;1777,4753,6920,8058,8136,8186,8196,8200,9113,9193,9198,9203,9204,9210,9213,9231,9272,9279,9280,9292,9343,9349
ACGINO;1750,6921,6930,9203,9232
ACGINP;9232,9236,9343,9350
ACGINR;1762,6931,9330,9361
ACGINS;4212,9192,9331,9336
ACGINT;6924,7806,8060,8190,8208,9199,9268
ACGINV;1785,9272
ACGINW;4756,9298
ACGIOR;4213,7575,9206,9337,9338,9372,9374
ACGIRS;4581,7290,7807,8194,8210,9274,9302,9338,9372,9374,9375
ACGIRT;1774
ACGLNS;9381,9382
ACGLNU;9207,9376,9383
ACGLNY;1540,7811
ACGLOU;9207,9376,9380,9383
ACGNOR;1758
ACGNOS;7297,7578,8225,8241,9381,9384,9388,9391
ACGNOU;9207,9376,9383
ACGORS;7579,9338,9372,9373,9378,9393,9394
ACGORU;1760,9383
ACGOST;1789,7578,7579,7821,8064,8221,8229,8241,8246,8250,9353,9373,9391,9392
ACGOSU;
ACGOWY;
ACGRSS;8245,9250,9260,9362,9394,9397
ACGTTU;
ACHHIN;7301,8255,9119,9210,9211,9399,9400
ACHHIS;1796,4765,8255,8256,8258,8259
ACHHNU;7302,8264,9408
ACHHOO;
ACHHSW;
ACHHTT;6934,9408
ACHIIS;1399,4765,6939,9417,9420,9421
ACHIJK;7306,8277,9209,9422
ACHIKO;7585,9430
ACHIKS;1805,4767,9217,9412,9424,9425,9433
ACHILM;1811,9427,9444
ACHILO;4770,6669,6940,6943,9121,9446,9450
ACHILP;1247,1553,1812,1815,6795,7587,8279,8289,8292,8296,8297,9398,9414,9429,9441,9449,9450,9453
ACHILR;7587,9440
ACHILS;6725,6796,7826,8293,9221,9445
ACHILT;6943,6944,7586,9222,9398,9414,9429,9444,9451,9453,9457
ACHIMR;4771,4772,6945,9227,9462,9466,9472
ACHIMS;9465
ACHINP;1403,1812,1818,6948,7583,8143,8292,8304,8321,9226,9234,9235,9236,9464
ACHINR;601,1248,1404,1804,1819,1828,4773,7590,7591,9416,9462,9479,9481
ACHINS;1249,1805,1820,1829,6947,7593,9424,9445,9447,9463,9465,9478,9483,9489
ACHINT;7586,9399,9400,9464,9481,9484
ACHIOR;4771,4773,4774,7590,7596,8328,9462,9466,9479,9492
ACHIOS;6805,6947,6950,6952,9483,9492
ACHIPS;7830,8256,8332,9248,9468
ACHIPT;9236,9398,9414,9429,9453,9464,9497
ACHIQU;9249
ACHIRS;9124,9125,9126,9418,9420,9421,9492,9493,9501,9502,9504,9505
ACHIRU;1755,4772,7599,8341,9421,9454
ACHIST;1836,6939,9420,9502,9505
ACHISU;4426,6952,7319,8259,8341,8347,9421,9465,9475,9478,9486,9489,9498,9505
ACHITT;1834,4593,6934,8301,8315,8335,8344,9108,9244,9457,9500
ACHITY;6944,9246,9400,9444,9453,9457,9476,9507
ACHKKU;
ACHKLS;602,4767
ACHKLT;4777,9429
ACHKLY;8358,9427
ACHKNS;7838,8360,9217,9424,9431
ACHKOR;6955,7600,8362,9508
ACHKOS;604,4595,4751,4781,4782,6956,7142,7839,8364,9510,9517
ACHKOW;4778,9508
ACHKRS;
ACHKRU;7324
ACHKSS;1560,1841,1844,8356
ACHKST;1842,1845,4785,8364,9517
ACHKSW;4786,8367,9425,9435
ACHKSY;1843,1845,8360,9436,9516,9518
ACHKTU;8366
ACHKTW;4596,7325,8368,9437
ACHKWY;9518
ACHLLO;1756,8369
ACHLLY;9521
ACHLNO;1849,1851,7601,9121,9404,9446,9525
ACHLNP;1407,1812,9448
ACHLNU;1562,4509,7328,8380,8384,9223,9525
ACHLOR;1256,6955,9129,9404,9405
ACHLOS;1850,1853,9403,9522,9535
ACHLOT;1257,1408,1853,4777,6943,6957,9536
ACHLRY;1409,9405,9406,9521,9531
ACHLST;6958,9254,9523,9527,9528,9535
ACHLSU;4601,6958,8261,8375,9254,9407
ACHMMY;
ACHMOR;1864,4771,6945,7604,8153,8415,8416,9541,9544
ACHMOS;1850,6935,9403,9510,9522
ACHMPS;8418,9468,9469,9522,9542,9548
ACHMPY;1866
ACHMRS;9539
ACHMSS;1413,1867,9545
ACHMST;9523,9548
ACHMSU;8422,8425,9465,9539,9548
ACHMSY;8426,9546
ACHNOR;1262,1573,1758,6816,6961,7334,7590,7601,7605,8432,8435,9097,9132,9233,9404,9479,9550,9554
ACHNOS;1868,7606,8433,9463,9480
ACHNOT;6817,6963,8318,8428,8434,9484,9513
ACHNOU;6963,8380,9525,9550
ACHNOY;9538,9554
ACHNPU;4752,6948,7335,8154,8438,8439
ACHNRU;7336,8384,8438,8443,8446,9550,9558
ACHNST;
ACHNTU;6963,6965,7603,9256,9408,9540,9560
ACHNTY;1862,6965,9246,9400
ACHOOS;4781,6962,9519,9552
ACHOOT;6957,6966,9513,9541,9561,9562
ACHOPR;1877,1878,9479
ACHOPS;1868,6967,9522
ACHOPY;7341,7595
ACHORR;1878,4608,4790,8435,8456,8460
ACHORT;1864,1880,6968,6969,7343,7861,8415,8462,8463,9541,9544,9561,9562
ACHOSS;9409,9467,9491,9492,9495,9533,9534,9545
ACHOST;1853,4791,6970,7345,8364,8392,8466,8467,9517,9535
ACHOSV;8468
ACHOSW;6970,7606,8159,8465
ACHOTW;4792,7562,7608,9536,9567
ACHOUV;7346,8464,8468
ACHPPU;
ACHPPY;
ACHPRS;1417,1831,1870,9248,9418,9568
ACHPTY;7867,8474,8475,9453,9565,9570
ACHQTU;1579,7352,8476,9249
ACHRRS;1835,1882,6973,9259,9502,9571
ACHRRY;9503,9572
ACHRST;9134,9420,9471,9502,9504,9505,9558,9568,9571,9573
ACHSST;9409,9545
ACHSSU;1857,1874,8347,8482,8487,9127,9260
ACHSSV;
ACHSSW;9534
ACHSTU;1586,1858,1883,4785,6827,6958,6972,8164,8425,8466,8476,8490,9134,9254,9498,9505,9548,9568,9569,9571,9573
ACHSTW;6970,9499
ACHSTY;1845,8350,8404,8426,8467,8475,9507,9518,9535,9546
ACHSUW;4786
ACHTTY;8486,9457,9507,9570
ACHTUW;7355,9130,9567
ACHVVY;
ACIIIL;7613,9574,9575
ACIILS;9267
ACIILT;1888,1890,6671,6914,6979,6981,9587,9591,9593,9596,9601,9602
ACIILV;1889,1890,9587
ACIIMN;1761,1886,1891,6982,7625,8273,8495,9109,9212,9261,9268,9574,9590,9607,9608,9610,9611,9613,9614,9615,9616
ACIINN;1893,1894,4753,6982,6984,9198,9213,9262,9272,9608,9628,9629,9630,9631
ACIINP;6984,7632,7634,9598,9605,9632,9633,9639
ACIINS;1418,1897,4796,4798,7362,7615,7635,8509,8511,9417,9576,9606,9612,9613,9614,9640,9641
ACIINV;1265,8167,8512,9272,9629
ACIIRT;1888,4615,6938,6981,6990,8078,8276,8510,8517,9273,9416,9593,9602,9622,9642,9647
ACIITV;9587,9604,9625,9626,9647,9653,9654,9655
ACIJOT;
ACIKKS;8528,9424,9425,9656
ACIKLN;4617,4737,8533,9577,9662,9663,9664
ACIKMR;4809,6926,6992
ACIKMU;
ACIKNO;9283,9288,9293,9430,9577,9662,9676,9677
ACIKNP;7370,7583,7645,7883,9430,9663,9676
ACIKNR;1804,8529,8533,8542,9664,9674,9677
ACIKNT;9580,9662,9663,9677
ACIKOP;6998,9430,9676
ACIKPS;6830,8548,8549,8550,9302,9656,9670,9671,9672,9681
ACIKPX;
ACIKPZ;
ACIKSS;4811,9299,9679
ACILLN;4812,6834,7374,8562,9683,9688,9689,9690,9691
ACILLP;1421,1911,7649,7886,8494,8563,8568,8569,8570,9684
ACILLS;4814,4815,7647,9146,9303,9582,9585,9586,9690,9695,9696
ACILLY;1734,1911,4812,4815,6673,7000,7649,8081,8561,8570,9146,9685,9691,9696,9698,9700
ACILMS;7001,9307,9661,9703,9704,9708,9711,9713
ACILMX;7002
ACILMY;616,1917,6674,9427,9444,9685,9701,9713,9714
ACILNO;8592,9446,9577,9596,9662,9688,9717,9718,9720
ACILNP;4820,9598,9663,9702,9720
ACILNR;7658,9664,9728,9729
ACILNS;1910,7660,9445
ACILNT;6840,7005,7586,7657,8294,8562,8595,8597,9149,9596,9598,9662,9663,9717,9720,9722
ACILNU;4820,9101,9691,9729
ACILOR;619,1914,4821,9150,9693,9694,9705,9734,9742
ACILOS;4519,4742,4822,7647,7662,9600,9686,9696,9704,9706,9708
ACILOT;1929,4434,4795,6943,6996,7005,7009,9149,9150,9151,9451,9596,9662,9693,9697,9698,9717,9722
ACILOX;6928,7002,8613
ACILPS;7662
ACILPT;4806,9143,9398,9429,9663,9709
ACILRT;1774,1888,6981,7009,9150,9319,9440,9451,9593,9601,9693,9722,9741
ACILRU;1930,1935,1938,1939,4813,4823,9320,9454,9728,9729
ACILRY;4217,9202,9287,9322,9664,9666,9729
ACILSS;1775,7652,7669,9323,9726,9749
ACILST;620,1940,1941,4807,9102,9154,9661,9713,9754,9755,9756,9757
ACILSU;4814,8611,8640,9154,9756
ACILSV;7011,9708,9740,9743,9756,9757
ACIMNO;9607,9611,9760,9769
ACIMNR;1819,9227,9330,9334
ACIMNS;4796,7674,7675,9289,9307,9331,9335,9336,9465,9606,9613,9614,9667,9770,9774,9775
ACIMNT;1821,1891,1913,1946,7019,9228,9268,9464,9608,9611,9613,9615,9616,9667,9768,9769,9771,9775
ACIMOO;9761
ACIMOS;1435,6848,7001,7023,7678,8191,8580,8644,9157,9269,9338,9686,9706,9780
ACIMOT;1946,1947,1948,7896,8649,8661,8662,9764,9769
ACIMOV;
ACIMPS;1949,7024,7402,8651,8664,9138,9335,9670,9672,9762,9770
ACIMPT;1950,7403,8310,8582,8668,9464,9592,9709,9771
ACIMRS;168,1607,1916,1943,1949,4436,4809,6849,7898,8194,8502,8539,8583,8645,8664,9157,9338,9670
ACIMRT;1436,1947,4827,9472,9593,9622,9710
ACIMRY;8585,9472,9766
ACIMST;7025,9661,9667,9713,9775
ACIMSU;7024,7628,7671,7674,9465,9475,9614,9770,9773,9775
ACINNT;7631,9608,9630,9631,9795
ACINNY;7572,7681,9346,9631,9795
ACINOR;7558,7590,7686,8685,8691,9479,9634,9798
ACINOS;7680,7682,7683,9162,9480,9800,9819
ACINOT;1946,1957,7633,7657,9484,9596,9611,9662,9717,9799
ACINOV;1957,7006,7412,8694,9718,9725,9799
ACINOX;8319,8650,8691,8695,9819,9820
ACINOZ;8687,9484,9634
ACINPS;169,7683,9163,9762,9770,9800,9802,9823
ACINPT;9236,9464,9598,9639,9663,9771
ACINRS;7635,9640,9823
ACINRT;9416,9795
ACINRU;4831,8702,9320,9345,9728,9729
ACINRY;1438,4832,4835,7033,7591,7658,8703,8710,9322,9346,9352,9361,9664,9729,9766,9795,9813
ACINST;9165,9576,9613,9774,9830,9831
ACINSU;626,4438,7674,9145,9465,9478,9614,9770
ACINSV;1273,9162,9636,9810
ACINTT;1923,9732,9733,9830
ACINTU;1784,4799,7019,7690,9615
ACINUV;8723
ACIOPR;1617,1953,8328,8602,8659,8685,9337,9449,9466,9479,9705,9735,9798
ACIOPT;6988
ACIORS;9157,9338,9372,9373,9492,9493,9779,9780,9844
ACIORT;1947,4840,9150,9646,9647,9693,9739,9741,9779,9846
ACIOST;4743,9166,9373,9646,9844,9849
ACIOSV;1968,4842,7011,8612,8731,9162,9600,9636,9740,9743,9810
ACIOTZ;8662,9484,9833
ACIPRS;7041,9163,9248,9274,9302,9357,9418,9670,9681,9746,9747,9783,9822,9852
ACIPRY;1971,7012,8743,9836,9853
ACIPSS;1621,1832,8515,8621,8726,8745,8746,9419,9491,9496,9838
ACIPTT;1622,1834,8335,8699,9500
ACIPTY;1278,1950,1960,1971,8743,9639,9771,9824,9853
ACIQSU;7702,9673,9805
ACIQTU;9249
ACIRRS;172,1835,1936,9360,9784
ACIRRT;629,1737,1973,7042,9751,9807,9842,9857,9858
ACIRRU;4823,7013,7599,8702,8748,8759,9751,9850,9858
ACIRSS;4650,6954,7152,7437,7639,7694,8339,8704,8729,8762,9124,9250,9362,9434,9492,9640,9645,9808
ACIRST;9103,9493,9834
ACIRSU;4525,4844,7702,9421,9501
ACIRSV;4844,9365,9740,9810
ACIRTT;1739,1973,7042,9857
ACIRTU;1906,4827,6865,8671,8766,8768,9622,9858
ACIRVY;1976,4835,8710,8769,9846
ACISSS;9159,9168,9786,9814,9847,9851,9854,9859,9864
ACISTT;9370,9651,9653,9680,9682,9755,9816,9830
ACITUY;1444,6743,7690,9116,9476,9714,9759,9867
ACITVY;1976,8642,8769,9654,9655,9745,9757,9846
ACJKOP;
ACJKSY;1982
ACKKNS;1984,8793,9424
ACKKNY;8794
ACKKSY;
ACKLNS;9881,9883
ACKLNY;636
ACKLOP;4852,4853,9884
ACKLOS;1285,1448,4666,4761,4849,4854,4855,7047,7576,8215,8800,9170,9171,9665,9870,9879,9881,9882,9883,9885,9886,9887,9888,9889
ACKLPS;9880
ACKLPY;638
ACKLSS;4668,8356,8798,8804,8807,8810,8811,9174
ACKLSU;8806,8809,9880,9883
ACKLTY;8358
ACKMSS;4859,8816,9894
ACKMSU;4861,4862,7712
ACKNOW;4527
ACKNPR;9674
ACKNPU;7447,8819
ACKNRS;4865,9897,9898
ACKNRY;4864
ACKNSS;1634,1991,8544,8798,8820,8821,9299,9679,9899
ACKNST;1989,9892
ACKNSY;8360
ACKNTU;7450,8799
ACKOPY;6873
ACKORS;7047,7050,7053,7055,7713,8219,8800,8815,8827,8829,9170,9378,9882,9885,9887,9888,9889,9897,9900,9902,9903
ACKORY;1992,7156
ACKOSW;6745,9870,9886,9888,9905
ACKPRS;1993,7053,7058,7713,9302,9670,9681,9900
ACKPSY;644,1450,1994
ACKQSU;8806,8832,9433,9673
ACKQUY;8833
ACKRST;1842,1990,1993,7055,9898,9902,9903
ACKRSW;9435,9888,9903
ACKSST;4874,7057,9679,9894,9899,9904,9906
ACKSSW;646,1844,4872,4875,8840,9904
ACLLMY;1999,9685
ACLLNO;4877,7059,8223,9688,9689,9690,9907,9909,9912
ACLLOO;7046,9688,9912
ACLLOP;8563,9684
ACLLOR;4848,4877,9169,9689,9693,9694,9869
ACLLOS;7647,9686,9690,9695,9696,9879,9919
ACLLOW;8852,9908
ACLLSS;7936,8106,8373,8853,8858,8861,8862,9915,9916
ACLLSU;4682,4814,4876,7061,7456,8375,8844,8861,8863,9379,9585,9880
ACLLSY;652,2005,4815,4879,6878,8845,9146,9696,9700,9919,9920
ACLLUY;2008,4445,4880,6879,7000,9691,9917
ACLMMY;4881,9685
ACLMOP;8872
ACLMOR;1914,7650,9705,9923,9925,9927
ACLMOS;1850,4685,4883,7001,8580,8843,8876,9403,9442,9686,9703,9704,9708,9881
ACLMPS;9928,9931
ACLMPY;8879
ACLMSU;4876,9928,9931
ACLMTU;2012,7653,9309,9709,9710,9714,9930
ACLMUU;7004,8883,9380
ACLNOT;2014,2018,7005,9149,9314,9596,9662,9720,9722,9945
ACLNOX;4762
ACLNUV;
ACLNUY;2021,9328,9691,9729,9950
ACLOOZ;
ACLOPS;1292,2024,2025,7662,9180,9181,9529,9719,9736,9951,9953,9957
ACLOPU;2026,9450
ACLORR;2027,9952,9956,9962
ACLORS;1293,1454,2024,2029,7047,7717,9170,9382,9885,9887,9888,9889,9939,9953
ACLORT;7009,7665,9150,9693,9722,9741,9930,9945,9962,9963
ACLORU;2027,8391,8927,9962,9963
ACLORY;1456,4886,4888,7719,7724,9179,9385,9405,9521,9531,9694,9917,9927,9955,9958
ACLOST;9535,9919
ACLOSU;1664,2032,4889,8611,8893,8910,8920,8932,9723,9883
ACLOSV;1458,4889,7011,9600,9708,9740,9743,9887,9942
ACLOSW;4855,7726,9105,9181,9870,9886,9888
ACLOSZ;2029,8614,8894
ACLOTW;9536,9963
ACLPSS;9726,9749,9916,9948,9959,9960
ACLPST;183,1295,1746,2025,2034,2038,9957
ACLPSU;9379,9880,9931
ACLPUU;9750,9949,9961
ACLRRU;2013,2027,4823,7013,9184,9751,9956,9962
ACLRST;
ACLRSU;658,1296,2020,2035,2041,9931,9932
ACLRSW;9888
ACLRSY;2005,4224,6888,7480,8399,8926,9208,9889,9920
ACLRTU;2042,6889,7971,8400,8927,8954,9921,9930,9962,9963
ACLRTY;
ACLRWY;1675,2043,7724,9955
ACLSST;2044,7016,7669,9603,9749,9754,9965
ACLSSY;6891,8958,9153,9700,9950,9960
ACLSTU;6958,7727,9154,9254,9527,9730,9756
ACLSUV;4889,8640,8932,9756,9935
ACMMOS;7729,8644,9377,9458,9510,9758,9891,9966
ACMNNO;1463,1683,7979,8647,9607,9760,9968
ACMNOR;9925,9926,9970,9971
ACMNOS;7063,7729,7730,9388,9966
ACMNOT;1946,7981,8649,9611,9764,9769,9971
ACMNOW;9968
ACMNPU;
ACMNSU;2051,7674,9465,9539,9614,9770,9773,9928
ACMOPS;7730,9388,9542,9762,9973,9977
ACMORR;4826,4858,7021,7489,8873,8964,8973,8976,8977,9156,9970,9978
ACMORS;6747,7050,7734,9157,9338,9780,9977
ACMORT;4710,4893,7491,8415,8976,8982,9541,9544,9764,9930,9971,9976,9978
ACMOST;187
ACMOSU;
ACMOTT;9186,9547,9618
ACMOTU;2012,9186,9544,9547,9769,9930
ACMPRS;1949,9542,9670,9783,9931,9973,9977,9981
ACMPRY;1866,2049
ACMPSS;8968,8986,8988
ACMPSU;7024,8988,9548,9770,9928,9931,9982
ACMPSY;
ACMPTU;7735,8668,9709
ACMRSS;9983
ACMRSU;189,2051,4861,7069,8422,8979,9539,9773,9929,9931,9932
ACMRSW;7494,8980,9984
ACMRSY;9974,9985
ACMSSU;660,4763,9712
ACMSTU;9548
ACMTUU;8883
ACMUUV;7496
ACNNNO;7497,8884,8992,9760,9788,9987
ACNNOS;2057,4829,4863,7070,7680,9381,9390,9715,9792,9872,9936,9938
ACNNOT;2014,9389,9988
ACNNOY;7681
ACNNRY;9346,9795
ACNOOP;8887,9632,9798,9969,9991
ACNOOR;2047,9761,9798,9969,9970,9992
ACNOPS;1868,7683,7730,8433,8686,9005,9006,9388,9480,9719,9762,9800,9802,9803,9943,9973
ACNOPY;9943
ACNORR;661,4711,6895,7503,7737,7742,8435,8964,9009,9970
ACNORS;
ACNORT;4896,10000
ACNORU;4831,4895,8966,9017,9550,9765
ACNORY;4832,4864,4886,4896,7506,7719,9016,9017,9179,9352,9554,9813,9996,10004
ACNOSS;2058,4533,9997,10005
ACNOST;7578,9391
ACNOSW;1466,4714,7606,9819
ACNOSX;9354,9819
ACNOSZ;2057,2059,4715,8894,8995
ACNOTT;2018,2060
ACNOTU;1691,7510,7741,8895,9008,9024
ACNPSU;9359,9770,10007
ACNPTU;7074,9028,9804,9949
ACNRRU;2050,8702
ACNRSS;1962,1991,9362,9640,9772,9808,9826,9827,10006
ACNRST;
ACNRTU;9540
ACNRXY;9034,9554
ACNSST;196,2058,2062,7688,9369,9488,9679,9826,10005
ACNSTU;7708
ACNSTY;1705,7689,8717,9033,9165,9797,9824,9830,9831
ACOOTV;9044,9799
ACOPPR;7746,8455
ACOPRS;1300,2024,2068,7053,7524,7713,8912,8974,9048,9900,9953,9973,9977,10011
ACOPRT;1708,2069,6901,7054,9004,9049,9050
ACOPSS;7751,9491,9514,9837,9838,9916,9959,9960,9997
ACOPST;2025,2070,2071,4870,7079,9189,9873,10013
ACOPSY;2071,7079
ACOPTW;
ACORRT;1468,2072,9807,9978
ACORSS;2053,7694,9492,9533,9645,9808,9841,9983
ACORST;7037,7055,7078,9373,9646,9903
ACORSU;1301,2068
ACORSW;4899,9888,9903,9984
ACORSY;7038,7612,8926,8981,9393,9564,9780,9889,10023
ACORTT;2076,8248,8462,9043,9049
ACORTU;4539,7158,9544,9930,9963
ACORTV;2072,9494,9647,9741,9846
ACORTX;2065
ACORVY;9846
ACORYZ;
ACOSST;1713,2058,4902,7751,7756,9019,9065,9106,9409,9904,10005,10026
ACOSTT;665,1303,2031,4791,7039,9175,9189,9517,10013
ACOSTU;2077,4873,4902,7040,9166,9849
ACOSUY;9556
ACOSZZ;9905
ACOTTU;1881,2076,6971,7539,8469,9024,9183,9186,9547,9567,9840,10003
ACPPRY;2067
ACPPSU;9396
ACPRSS;10006
ACPRSU;1469,2035,2068,7058,9568,9747,9931,10007
ACPRSW;7541
ACPSSU;2037,4726,8023,8745,8941,8988,9077,9838,9948,9959
ACPSTU;1983,6972,9498,9548,9568,9569
ACRRSY;9393,9784,9999
ACRRTU;9751,9858
ACRSST;9965
ACRSSU;6974,9260
ACRSSW;9861
ACRSSY;9862,10006,10023
ACRSTT;666,2063,2079
ACRSTU;1883,2080,9568
ACRSUY;7760
ACSSTT;202,2044,10026
ACSSTU;10026
ACSTTY;2045,9507,9682,9755,9830,9867,10024
ADDDDE;
ADDDEE;2083,4905,4906,10030,10031,10034,10039
ADDDEG;10033,10040
ADDDEL;10030
ADDDEM;4905,10031,10034,10036,10041,10044,10045
ADDDEN;
ADDDEO;10045,10049,10050,10051
ADDDEP;10039,10047
ADDDER;2085,10048,10050
ADDDES;10039,10050,10052
ADDDEU;10040,10051
ADDDEW;2085,10049
ADDDOO;10045,10049
ADDEEH;2083,7088,7089,10058,10093
ADDEEI;4913,7091,10034,10069,10070,10097,10102,10104
ADDEEL;4225,4913,4915,10030,10035,10054,10061,10069,10079,10081,10098,10111,10116,10121
ADDEEM;4905,7097,10034,10100
ADDEEN;6676,7098,7101,10055,10065,10067,10073,10101,10102,10126,10128,10134,10135
ADDEER;10074,10116,10140
ADDEEV;7104,10061,10106,10111,10121,10140,10148
ADDEEW;7096,10058,10065,10132,10143,10146
ADDEFF;10149
ADDEFG;10067
ADDEFL;2088,10054,10069,10071,10150,10151,10155
ADDEFN;10055,10067
ADDEFR;10074,10075,10149
ADDEGG;4909
ADDEGN;669,10067,10082,10166,10167
ADDEGO;10083,10159,10166
ADDEGR;2090,4922,10161
ADDEGU;
ADDEHI;1305,7106,10169,10173
ADDEHK;7106,7107
ADDEHL;670,10172
ADDEHN;671,2094,7107,10169,10171,10173,10179,10180,10181
ADDEHS;2092,10158,10171,10181,10184
ADDEIL;10069,10097,10150,10152,10202,10203
ADDEIM;10034,10070,10100,10208
ADDEIN;2097,10097,10169,10173,10189
ADDEIR;10162,10190,10191,10219,10220,10224,10225,10226
ADDEIS;10162,10217,10222,10224
ADDEIT;7084,7121,10192,10208
ADDEIW;4930,10173,10175,10198
ADDEKR;7123
ADDELL;673,2088,7093,10079,10109,10110,10111,10233
ADDELN;2097,10196,10236
ADDELO;4932,10112,10116,10159,10176,10233,10234,10236,10237,10241,10242
ADDELP;10238,10242
ADDELR;10088,10116,10155,10233,10241
ADDELS;10234
ADDELU;2102,10121,10155,10200,10202,10242
ADDELW;7096
ADDELY;10201
ADDEMM;10252
ADDEMN;
ADDEMP;7097,10123,10254
ADDEMR;2104,10178
ADDENR;2106
ADDENS;2107,4937,10171
ADDENT;2103,4937,7101,10134,10255
ADDENU;4935,10092,10136,10179
ADDENW;4930,10065,10132,10173,10264
ADDEOR;6679,7123,7129,7130,10083,10116,10149,10233,10241,10265
ADDEOS;4939,7124,7128,10046,10137,10158,10176,10184,10204,10210,10234,10256
ADDEOT;4932,10051,10265,10266
ADDEOW;7130,10049,10183,10184
ADDEPP;10126
ADDEPR;4918,10074,10103,10127,10139,10140,10168,10182,10185,10212,10216,10258,10260,10268
ADDEPS;2107,7128,10039
ADDERR;7129
ADDERS;7131,10156,10190,10224
ADDERT;675,2090,7132,10186,10265,10268
ADDERU;2104,10178,10185,10224,10265,10267,10268
ADDERW;7130,10132,10143,10175,10183,10264
ADDERY;7109,10186
ADDETU;1308,2102,4453,7085,7103,7132,10051,10265,10266
ADDETW;
ADDGIN;7135
ADDGIO;10159
ADDGIP;
ADDGIS;7105,10160,10162,10280
ADDGIY;7135,10290
ADDGMO;
ADDGMU;10293
ADDGOO;
ADDHIS;10300,10302,10303,10305
ADDHOO;10177,10299,10308
ADDHOS;7142,7143,10158,10176,10184,10303,10309
ADDHSU;7136,7144,10181
ADDIKZ;10310
ADDIMR;7138
ADDIMS;10327
ADDIMY;10329
ADDIOS;10204,10210,10217,10303,10327,10330,10332
ADDITZ;
ADDLWY;4951
ADDMNO;
ADDMOO;10045,10177,10299
ADDOOR;10241,10308,10352,10353,10354
ADDORS;4952,7143,10029,10296,10303,10330,10332,10345
ADDORT;7158,10265,10335,10348
ADDOSS;10326,10347,10355
ADDOTU;7158,10051,10265,10266
ADDRSY;2130,10346
ADDSWY;
ADEEFL;7168,10054,10069
ADEEFM;4962,4963,10416
ADEEFN;4955,10055,10067,10068,10073,10357,10403,10409,10426,10430,10433
ADEEFR;10075,10356,10403,10404,10430,10434,10439
ADEEFS;4960,10412,10437
ADEEFT;4961,10056,10076,10433,10436
ADEEFZ;
ADEEGG;4909,4966,10077,10443,10445,10446,10447,10448,10449
ADEEGL;
ADEEGM;2140,10455,10473,10474,10478,10480
ADEEGR;2133,2140,10443,10447,10451,10452,10453,10455,10460,10492,10506
ADEEHJ;10367,10514
ADEEHL;683,2143,4974,10515,10516,10529,10530,10533,10537
ADEEHP;10093,10548,10549,10558,10561
ADEEHR;684,2133,4232,4956,4967,10403,10404,10450,10451,10453,10524,10539
ADEEHT;2135,2144,10523,10537
ADEEHV;7179,10561
ADEEHX;
ADEEIL;4913,4983,4989,4990,4991,7168,7193,7194,10069,10099,10515,10572,10574,10580,10584,10595
ADEEIM;7195,10034,10070,10408,10455,10575,10581,10608,10609,10610,10612,10613,10615
ADEEIN;7169,7177,7198,7199,7200,10101,10102,10372,10409,10456,10458,10514,10582,10618,10619,10620,10622,10623,10626,10627
ADEEIR;2145,10455,10456,10460,10575,10581,10604,10608,10611,10612,10619,10622,10623,10635,10636
ADEEIS;7170,7201,10408,10578,10583,10615
ADEEIT;2145,4961,4989,4995,7193,10372,10460,10519,10523,10592,10595,10598,10620,10622,10626,10630,10635,10637
ADEEIW;4991,10583,10626,10627,10644
ADEEJN;4998,10367,10514,10645
ADEEJY;10059,10645
ADEEKL;2143,7205,7206,10515,10574,10579,10580
ADEEKP;5005,7208,7209,10525,10656
ADEEKR;10525,10581,10646,10647,10656
ADEELM;
ADEELN;2149,10376,10530,10533,10664,10665,10693
ADEELO;5021,7222,10112,10116,10418,10466,10530,10584,10678,10683,10694,10707,10708,10709,10710
ADEELP;2150,4957,7181,10707,10715
ADEELR;10035,10116,10672,10708,10709,10723
ADEELS;10722
ADEELT;10537,10675
ADEELV;689,4990,5020,10111,10589,10676
ADEELY;7175,7206,10537,10705,10721,10735
ADEEMN;10745
ADEEMO;2156,4963,5031,10072,10427,10473,10478,10538,10678,10683,10742,10744,10745,10757
ADEEMR;2140,10388,10455,10539,10575,10581,10612,10737,10738
ADEEMS;1320,2153,7233,10545,10613,10615,10739
ADEEMT;10474
ADEENN;2149,5037,7234,7236,10122,10482,10483,10645,10648,10692,10693,10741,10779,10781,10782
ADEENP;2158,7230,7234,10123,10126,10127,10128,10548,10618,10619,10620,10746,10748,10777,10783,10790,10792,10793,10794,10795,10797
ADEENR;5037,5038,5041,10390,10403,10409,10550,10551,10619,10622,10790,10792,10793,10795,10798,10803
ADEENS;10489,10787,10808
ADEENT;2158,5038,10101,10130,10135,10372,10620,10622,10626,10653,10793,10804,10805
ADEENV;5004,5020,10376,10627,10704,10812
ADEENW;4969,10065,10132,10393,10626,10627,10664,10755,10781,10783,10798
ADEENY;7236,10357,10645,10665,10705,10782,10810
ADEEPR;10103,10127,10619,10628,10656,10792,10794,10795,10813,10826
ADEEPS;2161,10039,10362,10763,10815,10838,10839
ADEEPT;2158,6688,7209,7252,10620,10763,10777,10837
ADEEPV;10561
ADEEPZ;10833,10836
ADEERR;7210,7224,10420,10434,10439,10651,10656,10708,10725,10792,10813,10819,10826
ADEERS;
ADEERT;10447,10460,10492,10622,10653,10804,10840
ADEERV;4959,5035,10841,10857
ADEERW;6692,10132,10823
ADEERX;10795
ADEERZ;5027,5041,7242,10470,10599,10612,10833,10836
ADEESS;6693,7165,7228,10133,10399,10423,10431,10674,10739,10750,10774,10787,10808,10858
ADEEST;1323,7213,7252,10462,10494,10815
ADEESV;7233
ADEESX;7259,10425,10861
ADEESZ;10615,10833
ADEETT;1324,7174,10076,10510,10616,10643
ADEETZ;10510,10523,10836
ADEEVW;10627,10644
ADEFFF;
ADEFFG;10864
ADEFFI;
ADEFFN;2166,10869
ADEFFW;
ADEFFY;2167
ADEFGG;10873
ADEFGN;204,7264,10067,10879,10886
ADEFGR;10881,10885
ADEFGS;2168,4960,7265,10875,10878,10887
ADEFHL;2170,7267,10890
ADEFHS;
ADEFHT;10405,10894,10895
ADEFIK;
ADEFIL;2174,5058,7168,7268,7270,7271,10069,10150,10151,10152,10407,10876,10877,10890,10898,10899,10901,10908,10909,10910,10911,10912
ADEFIN;5058,10407,10876,10898,10904,10922
ADEFIR;2174,2176,10880,10881,10899,10902,10905,10906,10907,10911,10915,10924
ADEFIT;4961,10151,10867,10880,10882,10901,10906,10912,10924
ADEFIW;
ADEFKL;
ADEFKN;
ADEFLM;4962,10416,10908,10928,10935
ADEFLN;5058,5060,7267,7270,10869,10898,10908,10909,10910,10937,10938,10939,10940,10941,10942
ADEFLO;4469,5059,10877,10928,10931
ADEFLR;2174,2178,2179,7271,10899,10909,10932,10950,10951
ADEFLS;1328,2168,5062,5063,7262,10869,10870,10929,10933,10936,10947,10952
ADEFLU;10927,10934,10941,10942,10947
ADEFLW;10942,10948,10950
ADEFLY;2179,10890,10914,10932,10934,10945
ADEFMO;4963,10072,10427,10895,10928,10954
ADEFMR;10865,10902,10915,10916,10935,10953,10954
ADEFMT;10895,10954
ADEFMY;
ADEFNN;10956
ADEFNR;2166,5064,7276,10403,10426,10430,10886,10896,10937,10939,10953,10957
ADEFNU;5060,5064,7276,10430,10921,10939,10940,10941,10942,10956
ADEFNW;7275,10942
ADEFNY;10357,10922
ADEFOR;7263,7277,10149,10404,10410,10427,10434,10435,10871,10892,10896,10954,10957,10960,10961
ADEFPR;10915,10918,10946,10957
ADEFRR;5066,10411,10420,10428,10434,10439,10866,10905,10919,10960,10962
ADEFRS;10429,10437
ADEFRT;10867,10871,10906,10943,10949,10950,10954
ADEFRU;5064,7276,7280,10430,10441,10881,10907,10921,10953,10963
ADEFRY;2167,2179,2183,5066,7173,10075,10413,10439,10932
ADEFST;10926,10952,10958,10964
ADEFTT;7174,10076,10433
ADEFTU;7280,10441,10882,10966
ADEFTW;10950,10966,10968
ADEGGG;10970
ADEGGH;
ADEGGI;5068
ADEGGJ;10443,10975
ADEGGL;10975
ADEGGM;10971
ADEGGN;2184,5069,10970,10981,10982,10983
ADEGGR;10443,10447,10448
ADEGGS;10979
ADEGGT;2186,10447,10873,10982
ADEGGU;2187,5069,10448,10970,10976,10982,10983
ADEGGV;
ADEGGW;10449,10981
ADEGGZ;2184
ADEGHI;10991
ADEGHN;694,2188,2189,10450,10998,11000,11002
ADEGHS;2134,2190,5071,10158,10989,10997,10999,11004
ADEGIM;5073,5076,7285,7287,10454,10455,10874,10879,11010,11025,11041,11042,11043,11044,11047
ADEGIN;2195,10454,10879,11010,11013,11042,11056
ADEGIT;2195,2199,2200,2201,5076,5080,10882,11013,11015,11064
ADEGJS;10163,10997,11016
ADEGKW;
ADEGLL;2204,7294,11080,11082,11083,11084
ADEGLN;2188
ADEGLO;5085,10999,11079,11083,11084,11086,11087,11101
ADEGLR;11083,11101,11102
ADEGLS;7295,10165,10463,10471,10472,10999,11085,11087,11103
ADEGLY;2206,7175,10975,11032,11036,11079,11090,11093
ADEGLZ;10883,11024,11099
ADEGMM;10473,10474,11104,11105
ADEGMN;10879,11010,11041,11042,11043,11104,11106,11108,11109
ADEGMS;10979,11087,11112,11113
ADEGMU;11115
ADEGNN;10483
ADEGNP;206,11028
ADEGNR;699,2189,2210
ADEGNT;2195,2216,5080,11013,11064
ADEGNU;5069,10970,10983
ADEGNW;4969
ADEGOR;5095,10083,10493,11033,11044,11083,11086,11101,11133,11134,11135,11136
ADEGOS;7265,7293,7295,10158,10479,10887,10979,10984,10989,10999,11004,11034,11087,11112
ADEGOT;11145
ADEGPP;5082,11100,11102,11135
ADEGPR;2211,2217,5095,11071,11102,11135,11136,11137
ADEGPS;2218,10362,11045,11112,11149
ADEGPU;11149
ADEGPW;
ADEGRR;701,2196,5083,10994,11071,11136,11138
ADEGRS;2190,2212,2220,2221
ADEGRT;10447,10452,10497,10500,10506,11006
ADEGRU;2187,2222,11006,11142
ADEGRV;11101,11133
ADEGRY;10453,11060,11073,11134
ADEGRZ;10470,11131
ADEGSS;2214,2218,2224,7291,11061
ADEGST;10165,10462,10508,11103,11149
ADEGSW;2224,10505,10509,11016,11063,11140
ADEGUV;
ADEHHK;
ADEHHS;2092,2225,10171,10888,10989,11155,11156,11159,11160
ADEHIJ;7306,10514
ADEHIL;2228,6696,7307,7308,10172,10515,10991,11168,11173,11175,11183
ADEHIN;5101,10169,10173,10514,11169,11189,11190,11196,11197,11198
ADEHIR;
ADEHIS;5101,7312,7314,7318,7319,10520,10521,10522,11156,11184,11189,11196,11197,11198,11211,11212
ADEHIZ;10523,11164,11183
ADEHJS;2234,10997
ADEHKN;5104,7107,7322,10524,11167,11214
ADEHKR;703,2235,10524,10525
ADEHKS;11220
ADEHKW;10527,10528,11219
ADEHLM;2240,11175,11221,11228,11229
ADEHLN;2188,5105,10530,10533,10998,11214,11228,11234
ADEHLO;7282,7320,10530,10998,11175,11177,11228,11229,11235,11238
ADEHLR;2228,10172,11225,11226,11235,11240
ADEHLS;11227
ADEHLT;2170,10535,10894,10991,11225
ADEHLU;4474,4974,5103,5107,7328,10533,11179,11214,11221,11223,11234
ADEHLV;11168,11181,11234
ADEHLW;2239,10529,11183,11224,11226,11238
ADEHMM;7309,10538,10539
ADEHMR;704,2235,5114,10178,10539
ADEHMS;4975,5115,10541,10546,10891,11165,11242,11246,11249,11252,11253,11254
ADEHMW;11251
ADEHNP;7326,7335,10180,10548,11256,11257,11263
ADEHNR;705,2189,2247,10090,10403,10450,10524,10550,10551,10896,11002,11256,11259
ADEHNS;2244,2248,5101,7314,10171,11189,11198,11242,11255
ADEHNT;11002,11194,11243,11257
ADEHNU;6701,7283,7302,7322,7328,7335,10092,10179,10533,11000,11001,11179,11192,11214,11234
ADEHOR;2226,10404,10555,10556,10557,10896,11158,11235,11256,11258,11259,11275,11276,11277,11284,11285,11286
ADEHOX;
ADEHPP;2249,10548,10558
ADEHPR;2249,10182,10185,11256
ADEHPS;7347,7350,11159,11249,11274,11279
ADEHPT;10560,11263
ADEHRR;2251,2252,11240
ADEHRS;2190,2234,2254,11281,11284
ADEHRT;11002,11005,11006,11225,11267,11285,11286
ADEHRY;2191,7109,7337,10453,11240,11276,11290
ADEHSS;2250,2255,5121,11170,11201,11289
ADEHST;2245,2256,2257,4240,11156,11166,11171
ADEHSU;7319,7350,10997,11253,11288
ADEHSV;11172,11181,11198,11207,11270
ADEHSW;2254,2258,4981,5119,10184,10566,11208,11255,11266,11271,11284
ADEHSX;2248
ADEHTT;2256,4982,5122,10567,11199,11272,11285,11293
ADEHTW;2172,11007,11273
ADEHTY;2257
ADEHYY;
ADEIJL;10574
ADEIKL;4983,10515,10574,10580,11017,11168,11329,11330,11334,11335,11336
ADEIKP;7370,7372,10194,10582,11339,11341
ADEIKR;4984,5125,10096,10581,11019,11330,11336,11339,11341
ADEILL;5098,10584,11173,11329,11348,11351
ADEILM;5073,5131,5133,10908,11025,11295,11347,11363,11367,11375
ADEILN;706,2097,2261,4241,5058,5131,5134,5135,5136,5137,10196,10898,10908,10909,10910,11295,11351,11352,11364,11367,11387,11388
ADEILO;5138,5139,6705,10584,10912,11173,11177,11329,11334,11335,11379,11387,11410,11411
ADEILP;11009
ADEILR;10909,11178,11381
ADEILS;
ADEILT;2261,2269,2270,10592,10901,10910,10912,11301,11302,11334,11383,11387,11395,11396,11410,11411,11421,11441,11442
ADEILU;6706,7113,7194,11419,11441
ADEILV;4990,5138,5152,10589,11168,11301,11411,11442
ADEILW;4991,5136,10198,11182,11183,11333,11337,11351,11360,11422,11438
ADEILY;6707,7384,7396,10152,11032,11036,11302,11367,11442
ADEILZ;5133,7359,10572,10580,10599,11024,11183,11299
ADEIMM;7309,11444
ADEIMN;1350,2271,2272,5131,7310,7377,7398,11025,11041,11363,11365,11367,11454,11465
ADEIMR;7195,7287,7400,10455,10581,10587,10612,10865,10902,11044
ADEIMS;7312,7402,10613,10615,11165,11468
ADEIMV;2277,10589
ADEINN;2271,7408,11304,11447,11486,11487,11488,11489,11494
ADEINP;2272,7370,7398,7409,10582,10618,11056,11448,11454,11489,11495,11508
ADEINR;10590
ADEINS;11317
ADEINT;2195,2261,5080,5135,5161,6709,7371,7408,7411,10372,10592,10626,11031,11383,11387,11486
ADEINV;10627,11319
ADEINW;10173,10626,10627,11333,11351,11454
ADEINZ;7422,10922,11343,11459,11465,11491
ADEIOR;5155,7400,7425,10410,11044,11069,11344,11466,11467,11532,11538,11541
ADEIOT;2230,5161,5168,7411,7425,10912,11185,11199,11312,11334,11344,11387,11403,11410,11411,11451,11467,11470,11486,11499,11506,11507,11538,11541,11542,11549
ADEIPR;4992,10103,10216
ADEIRR;2196,10866,10905,10972,11562,11567,11568,11569
ADEIRS;10225
ADEIRT;6710,7365,7425,10637,10867,10906
ADEIRU;10907,11480,11557,11576
ADEIRV;2197,2277,7317,10226,11210,11577
ADEIRW;10198,10225,11073,11422,11481,11556,11565,11566,11567,11568,11574,11577
ADEISS;2177,2278,10917,10925,11074,11170,11205,11212,11476,11571,11582
ADEISU;2290,6711,7120,7319,7428,10222,10227,11462,11492,11564
ADEISV;11172,11547
ADEISW;10583,11016,11182,11208,11212,11337,11360,11547,11548,11556,11565
ADEISX;11439,11493,11559
ADEISZ;2284,7434,10615,11437,11440,11584
ADEITU;5102,5151,5184,10882,11327,11419,11421,11441,11557,11561,11576,11586
ADEITV;5168,7367,7435,10192,11301,11326,11327,11411,11442,11537
ADEITW;10626,10637,10644,11481,11566
ADEITX;10630
ADEIUX;
ADEIVV;5152
ADEIVW;2297,10627,10644,11065,11210,11577
ADEIVZ;10226
ADEJKU;
ADEJMM;11588
ADEJPP;
ADEJPR;
ADEJPU;
ADEJRR;
ADEJRU;7369,11590
ADEJRY;11592
ADEJZZ;
ADEKKR;
ADEKKY;
ADEKLN;2301,11214,11596
ADEKLR;6712,7205,11330,11336,11595,11600
ADEKLS;5000,5187
ADEKLT;11334,11602
ADEKLW;2303,5187,11333,11337,11600
ADEKMR;5002,5125,10107,10581,10646,10647,11339,11340,11595,11603
ADEKMS;11338
ADEKNR;2305,11019
ADEKNS;11613
ADEKNT;7371,7450
ADEKNW;11333
ADEKNY;11342,11343
ADEKOS;6713,7293,7451,10655,11218,11220,11605,11609,11615
ADEKOY;5194,11079
ADEKPR;5005,7208,10525,10656,11339
ADEKPY;
ADEKQU;10657,11616
ADEKRR;5006,7210,10646,10656,11336
ADEKRS;
ADEKRW;2303,5193,11219,11600
ADEKRY;717,2304,5194,11595
ADEKST;2311,10462,10926,11171,11220,11615
ADEKUW;11616
ADELLL;2237,5007,10660,10927
ADELLM;5008,5196,7373,10109,10661,10928,11347,11617
ADELLP;11082,11628,11629
ADELLR;2178,2315,7214,10666,10671,10673,10932,11225,11226
ADELLS;2312,10929,10933,11227,11624,11625,11631
ADELLU;722,5107,7453,10669,10927,10934,11223,11621,11627,11639
ADELLV;10111,10465,10673,10676,11633,11635
ADELLW;2239,2316,5011,10529,10677,11226,11360
ADELMM;
ADELMO;4245,5085,5196,10678,10928,11228,11229,11643,11648
ADELMP;2240,2317,2321,11088,11649
ADELMR;11371,11375,11595,11649
ADELMS;209,2319,11640
ADELMT;2321,7380,7459,11373,11648,11649,11653,11654
ADELMU;5199,11648,11654
ADELMW;11643
ADELNO;4247,5202,5203,10112,10236,10237,10530,10678,11177,11228,11364,11379,11385,11388,11596
ADELNP;2317,7326,7463,10238,11091,11094,11622,11657,11662,11663
ADELNR;10909,11381
ADELNS;726,2319,4248,10869,10929,10936,11622,11640
ADELNT;5135,10196,10910,11383,11396,11626,11670
ADELNU;10533,10697,10941,11214,11234,11666,11677,11678
ADELNW;5136,11333
ADELNY;2329,5137,7384,10665,10705,11032,11352,11367,11626
ADELOP;10242,10707,11238,11628,11629,11679
ADELOR;10116,10241,10708,10710,11101,11235,11600,11680,11693
ADELOS;2312,10870,11587
ADELOV;5138,10710,10944,11101,11404,11411,11633,11635,11660,11679,11680,11693,11704,11706
ADELOZ;5203
ADELPP;2150,2313,2331,10713,10714,10715,11100,11102,11683,11707
ADELPR;11102,11598,11649,11663,11709,11711,11712
ADELPS;11094
ADELPT;11602,11649,11712
ADELPU;7463,7472,10238,10242,10697,10715,11391,11415,11419,11602,11663,11666,11686,11708,11709,11712,11715
ADELPW;11238,11628,11687
ADELPY;
ADELRR;10420,10708,10723,10724,10725,11240,11693
ADELRS;2336
ADELRT;10949,11225,11649,11669,11712,11718
ADELRU;10731,11712,11724
ADELRY;7480,10932,10945,11240,11595
ADELRZ;5027,10470,10599,11299,11430
ADELSS;10423,10674,10719
ADELST;2342,11103
ADELSU;10722,11587
ADELSV;2209
ADELSW;735,5187,10933,11337,11360
ADELSY;736,1371,2336,2342,7480,10247,10729,10735,11103,11227,11651,11652,11725
ADELUV;11234,11397,11677,11715
ADELUW;11705
ADELVV;5152
ADELWW;11636,11682
ADELWY;2316,10677,10732,11706
ADELZZ;5030,11678
ADEMMN;10252,11104,11443,11444,11588,11727
ADEMMR;10539,10737,10738,11105
ADEMMS;10739,11728
ADEMNN;2271,5216,7484,10122,10540,10741,11041,11241,11304,11447,11730,11732
ADEMNO;7229,7486,10678,10744,10745,11104,11108,11109,11228,11243,11731,11736,11738
ADEMNP;210,2272,2317,7230,7398,10123,10254,10679,10746,10748,11365,11448,11454,11735,11736,11739
ADEMNR;2210,2305
ADEMNS;
ADEMNT;11108,11243,11736
ADEMNU;2347,5112,5199,10745,11588,11739
ADEMOP;7488,11448,11735,11736,11753
ADEMOR;2348,4251,5155,5219,10427,10757,10954,11044,11114,11467,11749,11750,11753,11760,11761
ADEMOT;2156,2348,4495,5219,7491,10744,10757,10895,10954,11108,11185,11243,11252,11451,11467,11469,11470,11648,11736,11738,11749,11751,11754,11756,11759,11760,11761
ADEMOV;7401
ADEMOW;11114,11251,11643,11758,11761
ADEMPP;10758,11370,11739,11763
ADEMPR;2211,11735,11753
ADEMPT;2321,7403,11373,11736
ADEMPU;7492,10254,11088,11115,11739,11755,11763
ADEMPV;10761
ADEMRR;11766
ADEMRS;2212,2299,2350,2351,4496
ADEMRT;2348,5219,7491,10954,11749,11756,11761,11766
ADEMRU;2104,10178,10388
ADEMRW;2213,10767,11114,11251,11481,11744,11758,11761
ADEMRY;10738,10762,10768,10773,11595,11753,11766
ADEMSS;10481,10613,10739,10769,10774,10917,11468,11476,11762
ADEMST;2245,7333,7495,11252,11728,11751
ADEMSU;5115,7492,7495,10955,11253,11483,11728,11755
ADEMTT;211,10208,10616,10772,11310,11479,11653
ADENNP;2300,7234,11117,11489
ADENNT;10257,11383,11486,11494,11656,11767,11768,11770,11771,11772,11775,11778
ADENNU;4935,5188,5222,10179,10779,10781,10782,10956,11489,11494,11607,11767,11770,11774,11776,11778
ADENNV;10483,11050,11487
ADENNW;10781,11051,11732,11771,11776,11778
ADENOS;5223,5225,10046,10784,10787,11258,11260,11792
ADENOT;10547,10744,11215,11243,11312,11451,11486,11610,11738,11770,11771,11772,11801
ADENOU;5202,7486,7510,10745,11122,11452,11731,11738,11770,11801,11802
ADENOY;7506,10786,11109,11190,11797,11801
ADENPP;7511,10126,10548,11495,11508,11739,11805
ADENPR;2106,10127,10746,10793,10795,11664,11810
ADENPS;2107,11622
ADENPT;2158,10793,10797,11810
ADENPW;10650,10783,11454
ADENPX;10128,10795,11508,11787
ADENRR;2355,10129,10390,10550,11741,11774,11818
ADENRS;2357
ADENRT;2355,10551,10698,10793
ADENRU;11590,11774,11776
ADENRW;10132,10264,11590,11744,11776,11781,11796,11829
ADENRY;5227,11060,11520,11524
ADENRZ;5041,7242,11459,11491,11501
ADENSS;10431,10489,10787,10807,10958,11124,11788,11799,11800,11813
ADENST;4937,10958
ADENSU;11804
ADENSV;1378,2357,11125,11613
ADENSW;
ADENSY;7418,10802,11342,11520,11613,11817,11825
ADENTT;7522
ADENTU;11767,11770,11778,11801
ADENTV;212,2216,10704,10812
ADENTW;5228,10626,10755,11273,11771,11778,11796,11832
ADENUW;10264,10781,11273,11590,11744,11776,11778,11802,11811
ADENUX;742,11798
ADENWY;11819
ADENWZ;10393
ADEOOR;5191,5239,10241,11133,11134,11158,11235,11248,11275,11276,11680,11734,11750,11781,11835
ADEOPP;11100,11135,11495,11683,11839,11840
ADEOPS;10984,11159,11274,11277,11279,11591,11841,11845
ADEORR;2366,10434,10708,10816,10960,10962,11138,11538,11693,11837
ADEORS;744,4254,5225,11218,11258,11277,11591,11785
ADEORT;2348,2366,10435,10757,10871,10954,11467,11538,11542,11756,11761,11852
ADEORW;4501,5193,5226,5239,7130,7344,10183,11219,11251,11275,11600,11687,11697,11761,11781,11796,11835
ADEOSV;7538,11125,11546,11547
ADEOTU;1382,7510,7529,10051,11145,11615,11738,11770,11801
ADEOTV;1383,5168,7248,7536,10436,11144,11411,11537,11542,11633,11703,11704,11860
ADEOTZ;11145,11470,11545,11549
ADEOVW;10818,11706,11802,11853
ADEPPP;
ADEPPR;2249,11102,11135,11683,11707,11840
ADEPPS;2161,7347
ADEPPT;2331,7429,10714
ADEPPW;
ADEPPY;11707
ADEPPZ;11551
ADEPRR;10656,10759,10819,10825,10826,10827,11146,11709,11866
ADEPRS;5250,11591,11845
ADEPRT;10965,11810
ADEPRW;7541,10832,11556,11687,11710,11835
ADEPRY;2217,5251,7526,10762,11592,11753,11810,11812
ADEPSS;5252,10269,11239,11813
ADEPST;5170,7252,7433,10837,11322,11558,11560
ADEPSU;2290,5250,10267,10830,11148,11262,11555,11755,11790,11804,11807,11845,11869
ADEPSY;5252,7493,11868
ADEPTT;7528,11561
ADEPTU;7351,7529,10966,11419,11561,11602
ADEPUY;5251,11126,11666,11812,11868,11869
ADEPWY;
ADERRS;4257,5253,11593,11765
ADERRT;748,2355,2366,7531,7546,11138,11718,11756,11766,11818,11837,11842,11852,11866
ADERRW;11204,11566,11567,11568
ADERRY;5047,5066,10144,10439,10725,10768,10849,10962,11240,11290,11423,11766
ADERST;11594,11877
ADERSU;10267,10830,11867,11876,11877
ADERSW;4504,5176,7541,11208,11556
ADERSY;10729,10802,11426,11478,11520,11858
ADERSZ;10833,11325
ADERTT;751,11293
ADERTV;752,2338,7536,7550,11860
ADERTW;5259,11143,11481,11566,11761,11796,11852
ADERUW;5259,10264,11590,11744,11776,11811,11829
ADERVV;
ADERWY;5054,10732,10849,11073,11577,11819,11829
ADERZZ;11569
ADESSS;754,2352,2370,10507,10858,11698,11873
ADESST;2375,5254,7519,10926,10958,10969,11799,11821,11848,11854,11861
ADESSY;5181,5252,10230,11291,11433,11582,11651,11673,11762,11800,11813,11875
ADESTT;2256,2296,2311,11580
ADESTU;1390,4505,5249,5256,7495,7549,10964,11594,11615,11728,11855,11877
ADESTV;11703
ADESTW;10251,11675,11832
ADESTY;2257,2342,11103,11435,11484,11585,11725,11868
ADESVW;11547
ADESWY;2258,2379,5260,10400,10509,10659,10776,11858,11863
ADETTT;10854,10860,11153,11575,11586,11838
ADETTU;1391,11153,11441,11561,11586
ADETTV;10643,10812,11144,11326
ADETTW;11293
ADETUV;1392,7550,11327,11576,11860
ADETVW;2297,10644
ADEVYZ;
ADEWZZ;2353
ADFFOR;7263,10149,10871
ADFFRS;10872,11883
ADFFRY;2167
ADFGIN;7264,10273,10876,10879
ADFGLY;
ADFHSU;10893,11900
ADFILU;7555,7557,11911
ADFILY;10152,10890,10914,11896,11905,11913
ADFINR;2387,7558,10271,11917
ADFIRT;7552,10867,10880,10906,10924,11913
ADFISV;11919
ADFLSU;5063,10893,10947,10952,11900,11927,11928,11931
ADFLTY;11913
ADFLYY;
ADFMNO;11910,11923,11924
ADFMOU;
ADFNOS;11884,11886,11929
ADFNOT;
ADFORR;10434,10960,10962
ADFRST;5264,11918,11932,11939
ADFRSU;2382,5269,11931,11932,11939
ADFRSW;5269,11899,11916,11938
ADFRTY;11913
ADGGRY;11944
ADGHIN;5271,7561,11951,11958,11959
ADGHNO;10998,11958,11965
ADGHRU;
ADGIIN;11013
ADGIJN;5072,12007
ADGIJO;
ADGILN;11951,12020,12025
ADGILO;2411,7564,11977
ADGIMW;12014,12034,12040
ADGIMY;12039
ADGINO;11042,11055,12036,12053
ADGINR;
ADGINT;2195,2424,11013,11031,11064,11982
ADGINU;7288,11056,11891,12035,12040
ADGINV;11994,11998,12004
ADGINW;12010,12014,12034,12040
ADGINZ;12025
ADGIRV;12032
ADGJOS;
ADGLLY;12011
ADGLNS;5289,10291,12076,12078,12079,12080,12081,12082
ADGLNU;12079
ADGLNY;11032,12011
ADGLOP;2437,12027
ADGLOY;11036,11079,12029,12083
ADGMNO;2441,2443,11042,11104,11107,11108,11109,12036
ADGMOS;761,2419,2443,10479,10979,11087,11107,11112,11113,12041,12078,12086
ADGNOO;12053
ADGNOP;2441,12036,12053,12055
ADGNOR;
ADGNOS;2443,7578,10291,10292,12076,12078,12082
ADGNRS;
ADGNRU;2111,2451,2452
ADGNSW;11968,12082
ADGOPS;10984,11112,12095,12096
ADGORW;2438,2454
ADGPRU;
ADGRSU;11950
ADHHIS;2458,10888,11155
ADHHIT;
ADHHIW;
ADHHKU;
ADHHOU;
ADHHOW;
ADHHWY;
ADHIIJ;
ADHIJS;4263,12111
ADHIKS;12113
ADHIKU;
ADHILO;11173,11177,12118,12122
ADHILS;6725,7580,7588,12116,12123
ADHIMR;12129,12135
ADHINS;5101,5261,5295,5296,7314,7592,7593,10302,11189,11193,11197,11198,12116,12123,12143
ADHIOO;10299,12120
ADHIOR;4943,6727,7584,7590,7596,11952,11958,12122,12129
ADHIPS;2458,2473,5298,7582,7588,7594,7597,11961,12100,12113,12124,12128,12144,12146,12147,12148
ADHIRS;2473,4264,5296,5298,11883,11899,12146,12147
ADHIRY;5299,12135,12140,12147
ADHISS;2469,10520,11170,11201,11211,11212,12107,12134,12144
ADHISW;7593,11182,11208,11212,11899,12146
ADHJKO;
ADHJOS;5300
ADHKKU;
ADHKLO;2475,4508,7320
ADHLOR;5303,11235,12122,12155,12159,12162
ADHLOS;5304,10306,11902,12154,12156,12160,12165
ADHLRY;11240
ADHLSU;5302,11900
ADHMNO;2485,5111,11228,11242,11243,12129,12130,12131
ADHMNU;2485,5112,7603,11245,12131
ADHNNU;10179
ADHNOO;5301,12169,12171
ADHNOR;7334,7590,7601,7605,10896,11256,11259,11958,12122,12129,12151,12155,12162,12169,12170
ADHNOS;5300,7606,11189,11242,11260,11884,12130,12156,12175
ADHNOU;2485,12131,12164
ADHNPU;7335,11001,11262,11263
ADHNRU;
ADHNSS;227,2476,2488,2489,2490,5309,11967
ADHNSU;11900,12138,12143
ADHNSY;10302,11901,12142
ADHOOR;5310,10308,11158,11235,11248,11275,11276,12169,12181
ADHORS;2407,5305,10556,11218,11250,11277,11281,11284,11971,12152,12167,12168,12182,12184,12189
ADHORU;7604,11286
ADHOSS;11260,11903,11967,12102,12144,12153,12185
ADHOSW;5119,5304,7606,10184,11284,11287,11968,11971,12152,12174,12175,12180
ADHPRU;10185
ADHPUU;
ADHRRU;7599
ADHRSS;
ADHRSY;2482,2494,7612,12147,12168,12184,12189
ADHSSU;5121,5292,5309,11269,11289,12153
ADHSWY;
ADIIKO;12196
ADIIKY;
ADIILL;5313,11294,11976,11977,12193,12199,12200,12201,12202,12204
ADIILM;11295,12194,12199
ADIILN;2497,7356,7613,7621,10898,11295,12193,12200,12207,12209,12210,12211
ADIILR;5312,5313,5314,11980,12199,12202,12215
ADIILS;774,2497,2498,7580,7621,7623,11981,12207,12208,12209,12216
ADIIMN;5315,7625
ADIIMO;7625,7626,7627,11988
ADIIMR;5315,7626,10902,11305,11308,11986,11988,12199
ADIINS;1418,2497,2499,5317,7362,7615,7621,7630,7635,10903,11311,11313,12209,12229
ADIINV;10314,11318,11319,11994,11998,12191
ADIINZ;12226
ADIIPR;7616,12234,12237,12238
ADIISY;12239
ADIJMS;2501,11165,11328,12105
ADIJNO;10193
ADIJSS;
ADIKMO;7644
ADIKNO;12196,12258
ADIKNP;7370,7583,7645,10194,10582,11341,12196,12258
ADIKOS;12113
ADIKOT;7585,11334,11344
ADIKST;11171,11345,12195,12197,12257,12261
ADIKSU;12254,12263
ADIKTT;
ADIKTZ;
ADIKUZ;
ADILLP;229,1421,2510,7649,12117,12201,12265,12271,12272,12273
ADILLY;7649,12011,12200,12265
ADILMO;12015,12269,12283
ADILMS;2517,2518,12013,12266,12282
ADILMY;11347,11367,11375,12292,12297
ADILNN;2514,2519,10324,12279,12298,12299,12300
ADILNO;2118,4267,10325,11177,11379,11385,11387,11388,11908,12299,12300,12303,12304,12307
ADILNR;5134,5323,10590,10909,11178,11381
ADILNS;777,2497,2522,5295,5329,7621,7660,10320,10322,12116,12208,12209,12249,12250,12271
ADILNT;2261,2524,5135,7586,7657,10196,10592,10910,11031,11383,11387,11390,11395,11396,11982,12022,12206,12210,12211,12299,12306,12307
ADILNU;12212,12298
ADILOO;7654,12026,12120,12272,12283,12302,12315
ADILOP;2525,12201,12213,12272,12273,12304,12314,12318
ADILOR;2526,12202,12283,12287,12321
ADILOZ;1429
ADILPS;7588,7662,7667,12124,12271,12273,12308
ADILPU;11391,11415,12294
ADILRS;7664,7668,11947,12028,12031,12215,12216,12251,12320,12321,12327
ADILRY;2504,12321,12333
ADILRZ;5336,10599,11299,11430,12333
ADILSS;7669,10326,12252,12323,12334
ADILST;5332,12030,12126,12288,12320,12323
ADILSU;7623,7667
ADILTU;5151,7643,7653,11395,11421,11441
ADILTY;5333,11302,11442,11957,11985,12211,12219,12291,12307
ADILUV;7666,11397,11436
ADILVY;11429,11442,12032,12219
ADIMMT;12338,12339
ADIMNO;778,2536,2537,12036,12129,12131,12335,12342,12345
ADIMNR;12129,12342
ADIMNS;7674,7675,10322,10328,12013,12037,12253,12337
ADIMNT;2537,2539,12341
ADIMOT;11185,11451,11467,11470,12285,12291,12339,12341
ADIMOY;11915,12350
ADIMPY;12286,12351
ADIMQU;
ADIMRS;12245,12352
ADIMRU;5279,11457,11480,11911,12287
ADIMRY;2540,11915,12039,12135
ADIMSS;2278,2469,10613,10917,11468,12134
ADIMST;2518,2546,2548,11989,12223
ADIMSU;2543,5316,7628,7671,7674,11462,12041,12222,12254
ADIMSY;7675,11463,11484,12337,12349
ADIMTX;
ADIMWY;
ADINNN;12256,12298,12361
ADINNP;11380,11488,11489,12044
ADINNU;7150,11384,11489,11494,11891,11993,12017,12035,12047,12052,12256,12298,12361,12367
ADINOR;2536,6739,7558,7590,7686,11917,12129,12342
ADINOS;2499,2553,5317,5345,7680,7682,7683,12363,12370,12374,12378,12386,12388
ADINOX;
ADINPT;12061
ADINPU;11056,11391,11489,11511,12061
ADINQR;2507
ADINRS;7635,12229
ADINRT;12139
ADINRU;2387,12394
ADINRW;7686,10301,10334,12110,12139,12140,12311
ADINST;12141,12244,12257,12387,12388
ADINSU;2543,5164,7674,11462,12138
ADINSV;12384
ADINSW;5325,5329,12209,12313,12395
ADINTY;2562,5346,5349,7689,7690,11464,11531,12059,12068,12211,12307,12349,12388
ADIORS;2545,5331,5339,10330,12028,12251,12321,12352
ADIORT;2565,5320,10335,11344,11467,11538,11541,11542,12406
ADIOST;5332,5345,12030,12058,12244,12323,12325,12378,12387,12388,12399,12405
ADIOSU;7428,11408,12041,12254,12289,12319
ADIOSV;11546,12316
ADIOSX;7638,7697,7699
ADIOSZ;2564,11920
ADIPRS;2473,2528,5298,5351,11961,12072,12100,12146,12147,12308,12327,12356
ADIPSS;2500,10315,10316,12134,12137,12144,12235,12259,12389,12390,12397
ADIPSX;11559
ADIQTU;2567,11421,11514
ADIRRS;2530,2558,2568,2569,7693,11962,12062,12352,12379,12400
ADIRRT;2565,12406,12415
ADIRRZ;11568,11569,12417
ADIRST;233,2531,5264,5288
ADIRSU;7702,12241,12263
ADIRSV;2429,2561
ADIRSW;2568,4526,5176,5335,5352,10225,11208,11556,11565,11574,11899,12146,12216
ADIRSY;2569,5322,11209,11426,11520,12031,12065,12147,12321,12327,12369,12412
ADIRSZ;11325,11920
ADIRVZ;10226,12394
ADIRWZ;11568,12333,12417
ADIRZZ;5336,11569
ADISST;10275,10336,11885,12141,12217,12231,12242,12323,12328,12389,12407,12416,12418
ADISSY;2533,5181,10230,11433,11582,12142,12264,12329,12390,12418,12419
ADISTU;7706
ADISTV;7706
ADISVV;
ADISYY;
ADITTY;12331
ADJKOU;
ADJNOR;11078
ADJNSU;7708,12423
ADJOPY;11592
ADJSTU;7708,10231,11594,12425
ADKKSU;
ADKLNY;
ADKLRY;2304,2504,11595
ADKLSS;12252
ADKLSY;2505,12250,12426
ADKMSU;5356,7712,11604,12254,12427
ADKOPS;7155,7710,7713,12113
ADKOPU;
ADKOSV;
ADLLOP;11082,11628,11629,12117,12201,12272,12441
ADLLOR;10340,12155,12202,12248
ADLLOS;2312,4950,5360,7647,11618,11631,12076,12154,12156,12274,12275,12440,12442
ADLLUY;787,10934
ADLMNO;10678,11228,11923,12158,12446,12447
ADLMOS;2593,11925,12160,12421,12450,12453,12454
ADLMOW;11643,12452
ADLMPY;2582,12286,12292,12453
ADLMSU;2591,11927,12079,12427,12454
ADLMSW;
ADLMTU;7459,7653,10691,11648,11654,12297
ADLNOO;5355,7460,7654,10236,10276,10343,12158,12303,12446
ADLNOR;2588,2594,10340,10344,11923,12155,12162,12428,12448,12468
ADLNOS;2595,2597,2598,5289,5360,10291,11886,11929,12076,12082,12156,12442,12456
ADLNOT;12206,12299,12458
ADLNOU;5202,10237,12164,12281
ADLNOX;11596
ADLNPU;7463,10238,10697,11391,11663,11666
ADLNRU;
ADLNSU;5302,11900,12079
ADLOPU;7472,10242
ADLORS;1454,2593,2602,5331,7664,12028,12251,12320,12321,12421,12450,12480
ADLOSS;1457,5367,10326,10347,12252,12318,12323
ADLOSU;7725,11408,11587,11702,12289,12319,12324,12479
ADLOSW;5304,7726,12082,12084,12274,12442,12456,12479,12480
ADLPSS;2481,10719,11239,11688
ADLPSU;2605,7667,11927,12294,12330
ADLRSU;4272,5369,5370,10341,11950,12427
ADLRSW;797,5335,12216,12445,12480
ADLRWY;7724,10732,12311,12332,12333,12468,12477,12481,12482
ADLSTU;5363,5372,7725,7727,12472
ADMMNO;2608,11104,11727,12335
ADMMOT;12339
ADMNOR;11923,12129,12430
ADMNOS;2443,2610,5373,7730,12166,12493,12494,12495
ADMNOY;11109
ADMNRU;12087
ADMNSU;2543,2591,5356,7674,12079,12499
ADMNUY;
ADMORR;2620,12431,12501,12502
ADMORU;7604,11757,11760,12087
ADMOSU;4274,11253,11755,12041,12254,12289,12506
ADMRSU;5376,12427
ADMSTU;5307,11728
ADMSUW;
ADMTUY;12297,12511
ADNNOO;7679,12169,12446
ADNNOR;5377,7499,7736,11116,11730,12169,12170,12487
ADNNOS;802,2610,5223,5373,7680,11769,12340,12363,12456
ADNNOT;7500,10257,11486,11656,11771,11772,12043,12225,12299,12341,12458
ADNNOU;7736,11731,12088
ADNNSU;2626,12516
ADNOOR;11781,11934,12169,12518
ADNOOS;5357,7682,11779,11782,12370,12484,12493,12495
ADNOOW;5379,10343,11781,12462
ADNOPR;7716,12428,12463,12525
ADNOPT;12463
ADNORS;2629,10784,11792,11794,12527,12529,12531,12533
ADNORU;5268,5344,5382,5383,12383,12518,12527
ADNORW;4275,5226,5379,7605,7686,10351,11781,11796,12151,12162,12430,12462,12492,12525,12534,12535
ADNORY;5227,5383,7506,7719,10786,12170,12366,12377,12380,12533
ADNOSU;2631,7743,7745,12383,12423,12523,12527
ADNOSZ;2598,11505,12495
ADNOTT;12373
ADNRST;12176,12467,12496,12519,12530,12531
ADNRSU;2633,2635,7743,12423,12523,12527
ADNRTU;2451,2636
ADNRUW;10264,11590,11744,11829,12534
ADNSST;7519,7688,10807,10958,11268,11525,11745,11799,12141,12231,12389,12469,12537,12540
ADNSSY;5384,11673,11800,11813,12142,12348,12390,12471
ADNSTU;5389,7708
ADNSTY;2640,7689,12176,12349,12388,12473,12531
ADOORS;4534,5390,7749,11890,12450,12503,12504,12547,12548
ADOOUV;
ADOPRY;2645,7526,11592,11753,12184,12350,12377,12404,12477
ADOPSS;7751,10355,12144,12185,12235,12318,12397,12401,12545,12553,12554
ADOPST;2644,2648,11935,12095,12399,12402,12405
ADORRS;2643,7611,7693,12179,12379,12400,12480,12528,12551
ADORRU;4277,5243,11757,11843
ADORSS;7694,7753,7754,12381,12401,12407,12408,12409,12507,12553
ADORST;2602,2629,2644,12095,12097,12182,12188,12425,12467,12519,12529,12531,12555,12557
ADORSU;5382,12096,12097,12423,12425,12523,12527,12529,12544,12556,12557
ADORSW;5390,11938,12152,12180,12480,12551,12553
ADORTW;5366,11143,11697,11796,11852,12481,12535
ADORWY;7724,7752,12477,12481
ADOSTT;7757,12354,12410
ADOSTY;813,7698,10309,12145,12325,12355,12388,12405,12473,12531,12557
ADPPRY;11707
ADPRSU;1469,2633,5250,5351,10267,10830,11555,11807,11845,12476,12523,12539,12544
ADPRTU;7735,12237,12415,12559
ADPRUW;12482
ADPSSY;5252,10355,11813,12329,12390
ADQSSU;11289
ADRRSU;7545,11151,11593,11716,11765,12092
ADRSST;816,2129,2375,2655,5254,5395,7703,7753,7758,10850,11570,11854,11874,12099,12242,12407,12416,12418,12507,12510,12560
ADRSSW;12438,12553
ADRSUW;5269,12556
ADRSUY;5370,5376,7760,12511,12557
ADRSWY;2379,2457,2494,2641,12445
ADRTWY;7705,12332,12481
ADSSTU;5395,7758,12099,12510,12537,12540,12560
AEEEHL;12590,12591
AEEFFN;5412,7778,12645
AEEFFR;10356,10401,12641,12643,12645
AEEFGU;
AEEFIR;12647,12649,12660,12664,12666,12674,12676,12678
AEEFKR;7790,12664,12666,12681,12682,12683
AEEFLM;7784,12668,12684,12685,12693
AEEFNS;12650,12652,12653,12691,12705,12709,12711
AEEFOV;12696,12697,12712
AEEFRR;5425,7761,7795,10411,10420,10434,10439,12567,12647,12664,12674,12676,12683,12698,12712
AEEFRS;5398,10421,10429,10437,12565,12566,12700,12702,12705,12706,12717
AEEFRT;7781,7797,12568,12645,12649,12678,12710
AEEFSS;7789,7792,10423,10431,12654,12677,12679,12689,12694,12700,12711,12715
AEEFSZ;
AEEGGL;820,12723
AEEGGM;
AEEGGN;12728
AEEGGR;4966,10077,10443,10445,10447,12721
AEEGGT;10447
AEEGGW;10449,12719
AEEGHZ;
AEEGJR;10443
AEEGJY;
AEEGLL;2668
AEEGLP;7812,12807
AEEGLR;1475,6753,12573,12574,12646,12765
AEEGLS;2659,2667,7804,10472,12570,12650,12757,12759,12767,12804,12806,12814
AEEGLT;12735
AEEGLU;7812,12723,12752,12762
AEEGLV;1476,5429,12574
AEEGMM;10473,12841,12842,12843
AEEGMN;
AEEGMR;2140,5437,12579
AEEGMT;5437,5438,12579,12772,12851
AEEGNN;7813,10483,12773,12813,12858
AEEGNR;12740,12872
AEEGNS;12650,12743,12814,12819,12864,12865
AEEGNT;823,12773,12785
AEEGNV;
AEEGOP;10478,12738,12879
AEEGOT;12735,12815,12851
AEEGPS;5441,12786,12859,12865
AEEGRR;2678,7802,7819,12647,12775,12867,12881
AEEGRS;1479,7764,7807,12588,12733,12744,12792,12900
AEEGRT;2681,5428,5437,10447,10452,10460,10492,10497,10506,12649,12734,12748,12765,12772,12793,12794,12809
AEEGRV;5400,5431,12574,12721,12794
AEEGST;10462,12655,12749,12796
AEEGSW;5441,5445,10505,10509,12588,12655,12743,12767,12829,12894,12899
AEEHHW;10366
AEEHIR;2682,4543,5447,5449,5450,7825,7832,12656,12905,12914,12915,12917,12918,12930,12931,12932,12933,12935
AEEHKM;
AEEHLR;2685,12737,12914,12941
AEEHLT;826,10537,12735
AEEHLW;10529,12737,12950
AEEHLX;12960
AEEHMR;827,2682,2685,2686,10539,10543,12592,12739,12976,12984,12985
AEEHMT;2144,12921,12922,12953,12991
AEEHMU;12982,12991
AEEHNP;5459,10548,12740,12916,12994
AEEHNT;7828,12923,12993
AEEHNV;7857,12961
AEEHNX;7801,12920,12960,12983,12993
AEEHPR;12592,12739,12740,12946,12985,12994,13008,13018
AEEHPS;12927,12966,13019
AEEHRR;4278,5464,12595,12745,12931,12944,12946,12968,12976,12985,13009,13015,13022,13023
AEEHRS;5427,5449,5462,12656,12733,12744,12915,12948
AEEHRT;12595,12734,12745,12931,13022,13030
AEEHRV;7857,13008,13009,13018
AEEHRW;2691,12737,12984,13003
AEEHST;5467,12596,13012,13031
AEEHSV;13019
AEEHTV;2692,7836,7848,7877
AEEIKV;7881,13050
AEEILM;5470,5481,7784,7885,7887,7888,7889,12667,12668,13043,13044,13063,13064,13066,13067,13073
AEEILS;6761,7786,7804,7826,7893,12672,12753,12766,12767,13041,13048,13049,13062,13091,13092,13094,13110,13111,13112,13113
AEEIMN;4553,5481,7827,7887,12667,12755,13063,13067,13125
AEEIMS;10408
AEEINT;7806,7828,7904,7910,10101,10372,10620,10626,12773,12785,12923
AEEIPR;4992,7765,7911,10103,10593
AEEIRR;12647,12664,12775
AEEIRS;5449,5474,7807,7905,7915,12733,12776,12791,12792,12915,12924,12932,12934,13053,13137,13145,13147,13171,13186
AEEISS;5494,5510,7789,12677,12932,13055,13082,13100,13145,13148,13150,13158,13175,13188
AEEJNT;12601
AEEJRV;
AEEJVY;
AEEKKP;12602,13038,13201
AEEKLN;5471,6764
AEEKLP;5402
AEEKLR;7205,7921,7922,7923,12941,13205,13206
AEEKLV;7881,13050
AEEKMR;5002,5518,7882,7921,10107,10581,12681,13051,13206,13213
AEEKMS;12603,12604,13042,13207
AEEKMZ;12604,13044
AEEKNS;5520,7838,7919,7925,13199,13220,13221,13224,13225
AEEKNW;
AEEKNY;
AEEKPR;7208,10525,10656,12682,12946
AEEKRS;12915,13057
AEEKRT;1487,5475,7212,7920,7922,13046,13233
AEEKRU;13238
AEEKRW;7810,7923,12666,13047
AEELLL;2706,5007,5421,5451,5529,5531,10660,13244,13245
AEELLM;2706,2707,2708,5008,5532,7885,7928,10109,10661,10662,12684,12685
AEELLR;2707,7214,7933,7934,7935,10670,10671,10672,10673,12641,12684,12686,12688,12941,13254,13255
AEELLS;832,5536,5537,12642,12657,13041,13060,13249,13251,13259
AEELMN;5481,5540,7887,7937,12950,13063,13067
AEELMP;12953,13276
AEELMR;2685,2707,5539,5544,12684,13206,13277
AEELMS;12806
AEELMU;7889,13043,13204
AEELMZ;13044,13067,13073
AEELNO;5540,5549,5550,6765,7937,10112,10466,10530,10678,10694,12815,12956,13248,13286,13287,13288,13289
AEELNP;2716,2717,7942,12957,13287
AEELNR;2714,12610,12686,12695,13289,13305,13306
AEELNS;12650,12819,13295
AEELNT;2716,13287,13310
AEELNV;2709,5020,5487,5550,10376,10699,10704,12610,12687,12961,13085,13248,13302,13306,13310,13311
AEELNW;10664,12950
AEELOR;7222,7955,10116,10418,10683,10694,10708,10710,12697,13086,13288,13320,13321,13322,13323
AEELOT;2719,5515,5534,5561,5562,7931,7955,12735,12815,12956,13086,13087,13250,13271,13287,13288,13315,13320,13321,13322,13326
AEELPR;2721
AEELPS;7843,7893,7953,7962,7963,12966,13091,13092,13314,13337,13339,13340
AEELPT;13244,13253,13263,13287,13336,13339,13340
AEELPU;2717,7791,7812,10697,10715
AEELQU;13095,13096
AEELRR;10420,10708,10723,10725,12614,12698,13316
AEELRS;837,5536,12702
AEELRT;12573,12831,13320,13321,13322
AEELRV;2724,5559,12574,12610,12697,13302,13313,13321,13323
AEELSS;2696,5494,5516,5572,5574,7228,7792,7956,7975,10423,10600,12620
AEELST;12672,13048,13091,13111,13337,13362
AEELSV;13072,13113,13249
AEELSW;12618,12702,12767,12829,13092,13113,13364
AEELSY;5537,7963,10603,13268
AEELSZ;5497,12803,12830,13104,13342
AEELTU;1493,2723,2726,4284,5555,5571,7952,7971,10703,13115,13310,13346
AEELTV;2724,2726,5562,7848,7972,13260,13270,13302,13310,13311,13321,13347
AEELTW;2697,5577,5578,13303,13322
AEELTY;5565,7793,7965,10537,10675,10721,12972,13253,13334
AEELTZ;13073,13107
AEELWY;2727,10732,13198
AEEMMM;
AEEMMS;2153,10739,12842,12843,12844,13246,13365,13369,13370
AEEMNP;2695,10123,10748
AEEMNR;2686,5518,5579,5581,13375,13376,13391,13392
AEEMNS;13371,13378
AEEMNT;12680
AEEMNX;12983
AEEMPR;844,7985,12592,12985,13400,13402
AEEMPT;7924,12921,12953,13276
AEEMPW;
AEEMRR;12976,12985,13277,13368,13400,13401,13402,13407,13413
AEEMRS;12566,12706
AEEMRT;12564,12579,13413
AEEMSS;10545,10739,10774,12603,12986
AEEMST;1496
AEEMSW;13136,13267,13387,13397,13417
AEEMTT;2728,5548,5583,10772,12849,13269,13271,13276,13405,13409,13413
AEEMTX;12983,12991
AEENNP;
AEENNT;2735,5588,12628,12773,12813,12861,12923,12993,13138,13284,13373,13429
AEENNX;12993
AEENPR;2736,6771,8002,8003,10127,10790,10792,10793,10794,10795,12740,13223,13444,13447
AEENPS;7903,7925,7994,12859,12864,12865,13139,13221
AEENPT;2158,2716,2736,7904,7942,7999,8003,10620,10696,10793,10797,12629,13077,13141,13142,13223,13287,13444,13445,13446,13450
AEENPU;2717,10697,10794,13446,13447
AEENPW;10650,10783
AEENRR;5594,7769,8002,10129,10390,10485,10550,10651,10792,10798,12775,12944,13118,13451
AEENRS;5598,13147,13467
AEENRT;2736,5038,5406,5588,10130,10793,10804,12645,13428,13434,13444
AEENRW;1499,10132,10798,12872,13002,13003,13390,13442,13451,13472
AEENST;2740,2741,5408,5601
AEENSU;2740,7908,7949,10700,10752,10800,10809,12781,12819,12869,12876,12998,13005,13147,13295,13385,13396,13465
AEENSV;5520,5598,13152,13153,13386,13454,13466,13474
AEENTW;5601,10626,10755,12584,13303,13390,13397
AEENUV;10136,13125,13310
AEENWZ;10393
AEEOOZ;12822
AEEOUU;
AEEOVV;12883
AEEPPR;2721,7911,7958,13490
AEEPRR;5607,5608,10656,10759,10792,10813,10826,12946,12985
AEEPRS;
AEEPRT;4564,6776,7797,8003,8019,8021
AEEPRV;1501,12879,13008,13018,13166,13313,13335,13447
AEEPSS;2703,2744,5526,12586,12880,13158,13448,13449
AEEPST;10720,10815,12927,12966,13056,13091,13159,13169,13338,13339,13340,13479
AEEPSW;4565,5441,10832,10839,12673,13092
AEEPSX;13169,13275,13314
AEEPSY;7963,8025,10839,13201,13367,13404
AEEPSZ;13340,13479
AEEPTT;5609,12629,12928,13142,13161,13237,13405,13445,13450,13478,13500
AEEPVY;
AEEQRU;4286,7913,13172,13509
AEEQTU;5463,8011,13174,13409,13446
AEERRR;5594,5611,7773,8026,12698,12890,13216,13451,13491,13496
AEERRS;12614,13345
AEERRT;12595,13022
AEERRV;2678,5410,5602,8031,12712,12881,13009,13231,13484,13509
AEERRW;1503,2747,5616,12567,13451
AEERSS;2748,12677,13519
AEERST;
AEERSU;5444,10504,10800,10830,12732,12792,12869,12888,12900,12998,13147
AEERSV;8038,13183,13186,13386,13466
AEERSZ;8038,12830,12900,13104,13525
AEERTY;5053,5615,5620,7874,10853,10855,12568,12640,12659,12911,12972,13185,13355,13470
AEERVW;13029,13108,13472,13532
AEESSS;4288,5572,5600,10507,10638,10858,12620,12711,12795,12873,12912,13148,13358,13431,13460,13473,13519,13520,13521,13533
AEESST;
AEESSW;2748,10399,10774,13025,13188,13513,13524
AEESSY;
AEESSZ;13134,13504,13525
AEESTT;5511,5576,5621,12596,12937,12974,13031,13111,13190,13258,13363
AEESTX;2741,5606,5622,7876,8010,8042,10861,12884,13169,13191
AEESTZ;12903,12939,13479,13507,13525
AEESVW;13113,13153,13188,13361,13364,13475
AEEWXY;
AEFFGR;
AEFFGS;2754,13542
AEFFHT;
AEFFIN;13539,13546
AEFFIP;
AEFFIS;2755,13540
AEFFIW;13547,13550
AEFFLR;2756,2758,2759,12641,12643
AEFFLW;
AEFFLY;13546
AEFFNR;12645,13566
AEFFRT;2759,7781,10867,10871,12643,12645,13566,13571
AEFFRY;2167,2761,8049
AEFFRZ;
AEFGLN;13605,13612
AEFGLR;5631,13615,13616,13617
AEFGMU;13593,13609
AEFGNS;12652,12653,13541,13629,13630
AEFGOR;13615,13616,13617
AEFGRU;2769
AEFGRY;13595
AEFHLL;13545,13641,13642,13643
AEFHLN;7267,8069,13641,13646,13655,13656
AEFHRS;12656,13639,13653,13664,13666
AEFHRT;13665
AEFHSS;13581,13651,13667
AEFHSY;
AEFIJO;2173
AEFIKR;4573,12664,12665,12666,13587,13639,13702,13703
AEFIKS;8066,12665,13639,13640
AEFILL;5414,5639,5641,5642,5643,12662,13545,13641,13642,13643,13670,13693,13694,13695,13705,13706,13707
AEFILN;7270,10407,10898,10909,12669,13546,13641,13670,13674,13716
AEFILR;2174,2771,10899,10909,10911,13642,13647,13650,13714,13716,13719,13724,13725,13726,13729,13733,13737
AEFILS;12670,13590,13644,13650,13671,13691,13712,13725,13732,13734,13735,13736,13748
AEFILT;1514,2773,5418,5630,5643,8050,10151,12668,12671,13643,13645,13713,13738,13749
AEFIMN;8087,13678,13701
AEFINN;2776,5650,13701
AEFINR;5650,12660,12669,13681,13714,13716,13720
AEFINS;5651,13682,13684
AEFIRR;5654,8098,10411,10866,10924,12647,12664,12675,12676,13598,13599,13776,13780
AEFIRS;2755,2780,5645,13540,13551,13552,13601,13639,13650,13653,13725,13734,13735,13736,13777,13778
AEFIRT;8078,8098,8100,10867,10906,10924,12671,13685,13687,13726,13738,13754,13775,13776,13782
AEFIRY;8086,8097,8100,10413,13595,13699,13779
AEFIST;1515,4291,5420,6783,8067,13575,13604,13755
AEFITX;13690,13782
AEFJNT;
AEFKLN;
AEFKLR;13553,13785,13790
AEFKLS;
AEFKLY;8103,13699,13785
AEFKNS;13794,13796,13797
AEFKRS;8105,13639,13796,13797
AEFKRY;8103,12681,12683,13699,13785
AEFKST;2781,10926,13555,13797
AEFKSY;
AEFLLN;5422,12686,12687,13605,13641,13670,13705,13808
AEFLLR;2178,2756,5631,5642,5659,10930,10932,12641,12684,12686,12688,13642,13707,13804,13808,13809,13810,13811,13812,13814,13817,13818
AEFLLS;2757,2782,8106,10929,10933,12642,12689,12690,13607,13608,13806,13813,13815,13819,13820
AEFLLV;12687,13811
AEFLMN;8107,13822
AEFLMR;857,10935,12684,12693,13785,13828
AEFLMS;13556,13644,13654,13671,13704,13711,13712,13825,13826,13829
AEFLNN;13831,13832,13833
AEFLNS;5663,8069,10417,10929,13656,13838,13839,13844,13845
AEFLNU;10940,10942,13558,13609,13807
AEFLNX;13612
AEFLOR;8108,12697,13615,13616,13617,13716,13724,13727,13804,13810,13811,13812,13834,13849,13855
AEFLOT;2783,5664,8109,13655,13822,13827,13831,13835,13851
AEFLOV;10944,12697,13727,13811,13855
AEFLRS;8085,12565,12670,12702,13735,13736,13873
AEFLRT;2759,2788,10950,13719,13814
AEFLRU;5659,13790,13810,13817,13818,13823
AEFLRY;2179,8086,8103,8110,10932,13661,13699,13785,13808,13875
AEFLSS;7792,8106,10423,12689,12694,13557,13607,13614,13788,13815,13819,13825,13861,13862,13877
AEFLST;10424,12690,13820,13821,13845,13878
AEFLSV;13722,13735,13745,13838,13850
AEFLSX;10425,13562,13747
AEFLSY;5647,5663,10914,13712,13748,13826,13847
AEFLTU;859,5664,13623,13749,13827
AEFLTY;2773,7793,13661,13713,13821,13833,13875
AEFLUW;10942,13739,13817,13880
AEFMNN;13701
AEFMNO;8107,8114,13822
AEFMOR;10427,13888
AEFMRR;13828
AEFMRS;2790,2791,8070,10429,12566,12705,13564,13664,13883,13884
AEFNNR;5650,13714
AEFNNT;13627,13831,13833
AEFNOR;8108,8116,10886,10896,10937,13566,13628,13716,13763,13794,13836,13837,13897,13898
AEFNRR;13840,13882,13901
AEFNRU;5064,10430,10921,13767,13901
AEFNRW;13896
AEFNST;8118,10432,12653,12709,13630,13797,13883,13897,13900,13902,13905
AEFNSU;5651,8095,13891,13904,13905
AEFNSY;5663,7794,13847,13895,13905
AEFNTT;10433,12710,13764
AEFOSS;2789,5065,8096,10959,13581,13637,13788,13801,13825,13856,13861,13862,13889,13915
AEFOSV;13568,13838,13850,13910,13916,13921
AEFPPR;
AEFPRS;7796,10437,13551,13765,13798,13893,13899,13908,13909,13922
AEFPRY;8097
AEFRRS;2780,2795,5668,13559,13634,13686,13778,13799,13910,13911,13912
AEFRRT;5654,13687,13776,13886,13907
AEFRRU;13599,13767,13840,13901,13913
AEFRRY;2761,2796,5066,10439,12683,13779,13901
AEFRSS;1521,8127,8131,12654,13801,13915
AEFRST;1522,2790,5632,8118,8124,13630,13635,13797,13883,13887,13897,13908,13916,13918
AEFRSU;2791,2793,5666,13564,13569,13689,13777
AEFRSW;2787,2795,2797,12702,12717,13560,13653,13927
AEFRSY;2797,12717,13927
AEFRTT;1524,2798,12710,13636,13668
AEFRTW;2788,10950,13603,13860,13906
AEFRTY;8100,8133,12568,12659,12708,13661,13875,13918
AEFRWY;13914
AEFSST;5633,10926
AEFSTT;2762,13668,13792,13820,13863,13871,13879,13919,13925
AEFSTV;13745,13916,13921
AEFSTW;2770,12655,13746,13774,13880
AEFSTY;13821,13905,13918
AEFSUV;13921
AEGGGL;13928
AEGGGR;
AEGGHL;5671
AEGGIM;13945,13955,13956
AEGGIN;5670,5673,8136,13574,13929,13940,13955,13960,13961,13962
AEGGIS;13932
AEGGJR;10443
AEGGLN;2803,13979
AEGGLR;8135,13944
AEGGLW;13983
AEGGMN;13945,13955,13988,13989
AEGGNR;2807,13989,13994,13995
AEGGNU;2803,10970,10976,10982,10983,13574,13950
AEGGOS;2805,2809,5680,10979,10984,12727,12730,13572,13577,13935,13992
AEGGOT;2800,10873,13952,13991
AEGGRS;8139
AEGGRT;10447,13991
AEGGRU;2187,13938,13999
AEGGRW;13966,13995
AEGGRY;
AEGGSU;10974,13930,13936,13958
AEGGWW;10449
AEGHIN;4577,5687,13580,14018,14021
AEGHIO;5687
AEGHIR;14033,14034
AEGHIS;13578,13580,14006,14009,14012,14016,14019,14020,14028,14029
AEGHIW;12719,14018
AEGHLS;2812,2813,2814,8147,12736,14006,14009,14012,14013,14042
AEGHLT;8142,8149,10991,12735,14007,14014,14017,14041,14043,14044
AEGHLZ;
AEGHMO;12738,14049
AEGHNR;868,2189,10450,11002,12740,14057
AEGHOR;13938,14057,14063
AEGHOS;5692,8158,8159,10158,10989,11004,14058
AEGHPS;2812,14012,14019,14032,14059
AEGHPT;14034,14049,14055,14070
AEGHRS;2190,5071,5427,5695,12736,14042
AEGHRT;5428,10452,10996,11002,11005,11006,12734,12745,14014,14026,14034,14043,14044,14051,14070,14071
AEGHSS;2816,13939,14053,14069
AEGIKN;5700,11018,14097,14103
AEGILM;5073,8171,8172,14007,14074,14133
AEGILN;
AEGILO;5709,8169,13952,14074,14093,14141,14143,14165
AEGILP;5685,11009,14165,14171,14172
AEGILR;12763,12765,13954,14172,14178,14179,14180,14181
AEGILS;5629,5710,12767
AEGILT;870,2830,5630,5709,13592,13952,14007,14014,14017,14079,14080,14165,14178
AEGILV;8181,12768,14080,14181
AEGIMN;2831,2835,8187,10454,10879,11042,14018
AEGIMP;8165
AEGIMR;11044,14095,14202
AEGIMS;5696,13578,13583
AEGINN;8136,8200,13929,13962,14021,14023,14084,14215
AEGINR;
AEGINS;2845,14029,14266
AEGINT;2195,2840,7806,8208,11013,12785,14103,14226,14240,14241
AEGINU;7288,11056,13574,14194
AEGINV;12782,13940,13962,14197,14267
AEGINW;5728,8177,14018,14092,14103,14157,14263
AEGINZ;2835,5673
AEGIPP;14171
AEGIPR;13969,14034,14113,14172,14279
AEGIRS;2849,4581,7807,12648,12790,12792,13540,13584,13601,14281,14283,14289,14290
AEGIRT;12734,12748,12765,12793,14014,14034,14087,14178,14179,14180,14275,14279,14285
AEGIRV;1535,2197,5431,8181,12721,14116,14181
AEGIRW;11073,13603,13954,13975,14181,14202
AEGIRZ;7808
AEGIST;4293,12749,14088,14106
AEGISU;12792,13601,13958,13974,14169,14281,14283,14289,14290
AEGISV;12782,14029,14088,14262,14266,14267
AEGISW;2845,8213,11016,11063,12767,14157,14224,14263,14266,14293
AEGITU;5698
AEGITY;5676,8195,14241,14279,14285
AEGIUZ;
AEGJLN;
AEGJLT;14297
AEGJRS;14004,14296
AEGJSU;2857,10163,10997
AEGJTU;5698,14297
AEGKLR;
AEGKMS;8218,14303
AEGKRW;7810,8220
AEGKST;2858,8221,10462,14106
AEGLLN;2668,11081
AEGLLS;2861,2863,8224,13607,14316,14319
AEGLLT;10464
AEGLLU;5677,5736,14306
AEGLLY;
AEGLMN;14325,14326,14329
AEGLMR;
AEGLMS;2861,2869,11087,12806,12811,14324,14330,14332,14335,14337
AEGLMV;2867,12805,14334
AEGLMY;2206,2868,5741,8172,11090,12810,14130,14326
AEGLNO;2870,13612,14141,14295,14325,14326,14338,14343
AEGLNR;14338
AEGLNS;12820
AEGLNT;
AEGLNU;13609
AEGLNW;874,8177,14092,14139
AEGLNY;1540,7811,8227,11093,12821,14038,14326
AEGLNZ;10883,11099,14159,14162
AEGLOR;11033,13615,13617,13982,14141,14295,14338,14343,14365
AEGLOT;12735,13952,14041,14093,14165,14333,14369
AEGLOV;8216,14309
AEGLPR;2862,14113
AEGLPS;2812,14330
AEGLPU;7812,14171,14364
AEGLRR;14349,14380
AEGLRS;8147,14042,14384
AEGLRT;253,876,12573,12765,12809,14014,14178
AEGLRU;14115,14371
AEGLRV;8181,10469,12574,14116,14151,14181,14385
AEGLRY;8182,14182,14365,14368
AEGLRZ;878
AEGLST;10165,11103,13622,14324,14390,14391
AEGLSU;2813,8063,13622,13930,14042,14336,14384,14386,14390,14391,14392
AEGLSV;14389,14391
AEGLSY;2814,2887,5710,11103,12836,14379,14392
AEGLSZ;10472,12803,14120,14159,14184,14366
AEGLTU;5748,13622,13623,14297,14333,14390
AEGLTW;14375
AEGMMN;2889,11104,12841,14393
AEGMMR;2804,2889,12841,14393
AEGMMS;12843,12844,14185,14324
AEGMNO;5750,8187,8231,11042,11104,11109,14326,14404
AEGMNR;14302
AEGMNS;13988,14408
AEGMNT;
AEGMNY;880,5714,5750,8231,10477,11109,14048,14130,14326,14404,14408
AEGMOR;2897,11044,11114,13990,13991,14200,14202,14411,14413
AEGMOS;8218,8233,10479,10979,11087,11112,12806,12843,12852,13577,14330,14332,14412
AEGMPS;2900,8233,11112,12853,14330,14335,14412,14416
AEGMRS;2212,2900,2905,2906,2907,14303
AEGMRU;2901,2908,14302,14406,14415
AEGMRW;11114,14095,14202,14411,14413
AEGMSS;14053,14328,14337,14407,14408,14414
AEGMST;2869,2906,2910,14324,14412,14416
AEGMSY;14303,14408
AEGMUY;5741,11090
AEGMUZ;11115,14415
AEGNNO;2912,8236,8237,12858,14307,14338
AEGNNP;11117,14339,14417,14420
AEGNNT;7813,8239,12813,14339
AEGNOR;13994,14057,14295,14338,14437
AEGNOS;2805,12727,12864,14058,14299
AEGNRR;12816,12867,14349
AEGNRS;1544,13541,14452
AEGNRT;
AEGNRU;4589,14194,14302,14437,14440
AEGNRV;2895,13994,14057,14401,14437
AEGNRW;12872
AEGNRY;2807,5724,7816,8238,11060,12872,13595,14221,14237,14249,14255,14257,14445,14448,14452
AEGNST;5758,14453
AEGNSV;2924,11125,14029,14156,14197,14247,14262,14266,14267
AEGNSY;14061,14452
AEGOPS;2809,5760,8233,10984,11112,11121,14032,14164,14330,14461,14465
AEGOPT;11068,13631,14049,14165
AEGORS;12882,14270,14457,14475
AEGORT;885,5751,8249,13991,14051
AEGORU;13938,13999
AEGOST;886,5761,8064,8221,8250,13542,13633,14483
AEGOTT;14272,14321
AEGOTU;14333,14439
AEGOTW;10495,11143,14375
AEGOTX;14041
AEGOVY;
AEGPPR;2930,14440
AEGPRS;
AEGPRT;10497,12886,14034,14070,14275,14279
AEGPRU;2848,2901,13999,14070,14204,14415,14440,14463
AEGPRW;14411
AEGPRY;2217,8244,14237,14279,14368,14445
AEGPUZ;14415
AEGRRS;888,2849,2880,4298,5682,5744,8139,8160,13634,13984,14035,14208
AEGRRT;14087,14209,14285
AEGRRU;13599,13972,14394
AEGRRV;12867,12881,14244
AEGRRY;2904,5693,8235,14285,14431,14493
AEGRRZ;
AEGRSS;889,2905
AEGRST;8252,14499
AEGRSU;4299,5444,5695,5746,5766,8162,8252,12792,12828,12898,12900,14042,14281,14289,14290,14386,14499
AEGRSV;14457
AEGRSW;2907,5445,10505,11140,12588,12829,12894,12899
AEGRSY;2221,14061,14249,14290,14303,14452
AEGRSZ;2942,12900,14451
AEGRTT;10506,12793,12895,14071,14178,14250
AEGRTU;2222,2769,2908,5766,11006,13602,14070,14071,14486,14490,14499
AEGRTY;8249,14279,14285
AEGRUV;
AEGRVY;14255
AEGRYZ;14182
AEGSSS;890,2851,2909,2933,2945,2946,10507,12795,12856,12873,14291,14453,14454
AEGSST;2947,2948,5633,5767,8253,12874,12889,12901,14453,14487,14500
AEGSSU;5767,7822,8253,12857,14053,14500
AEGSSW;13977,14293,14377,14407,14480,14489
AEGSTU;11132,12876,12898,13622,14358,14386,14409,14425,14449,14455,14501
AEGSTY;2950,11103
AEGSUV;11076,14389
AEGSUZ;12900,14451,14484
AEGTTU;5446,12839,13582,14071
AEGTYY;
AEHHLT;14511
AEHHPR;8265,11154
AEHHPS;8256,11155,11159,14508
AEHHPY;14504
AEHHRS;8267
AEHHRT;
AEHHSS;14503,14506
AEHHST;11160
AEHHTY;8269,8272,12911
AEHIJR;8277
AEHIKN;1550,11167,14534,14536
AEHIKS;5769,14533
AEHIKW;8282,8284,14530
AEHILM;13645,14005,14007,14521,14546
AEHILN;1552,2953,2954,8292,8294,12916,13641,14534,14541,14549,14553,14554
AEHILR;2228,10172,12914,13642
AEHILS;4300,5634,5769,6796,7826,8285,14006,14012,14570
AEHILT;2954,10991,13643,13645,14007,14010,14521,14541,14544,14553,14554,14558
AEHILW;8282,14530
AEHIMM;7309
AEHIMN;5776,12920,14018,14536,14575,14581
AEHIMR;2682,2957,14537,14546,14583
AEHIMS;10891,11165,13578
AEHINR;14604,14611
AEHINS;10993,11189,13580,14030
AEHINV;8324
AEHINW;10173,14018,14610,14611
AEHIQU;
AEHIRS;12656
AEHIRY;14564,14650,14652
AEHIRZ;1559,5450,14621,14647,14652
AEHIST;5785,11166
AEHISV;8068,11172,11181,14570
AEHJJS;
AEHJRS;2234,5787
AEHKMS;14533
AEHKNR;5789
AEHKNS;2966,5790,7838,8360,12943,14665,14666,14668,14669
AEHKNZ;14536
AEHKPR;8354,10525,12946,14670
AEHKRS;2967,5792,12947,12948,14671
AEHKRW;11219
AEHKSS;1560,2968,8356,14668,14673
AEHKSU;5792,5793,11217,12948,14665,14668,14672
AEHKSY;2967,8360
AEHKWY;10528
AEHLLL;5451,14675
AEHLLT;5794,11225,13643,14532,14541,14675,14677,14678,14679
AEHLMP;2240,7841,8289,12953,14676,14690
AEHLMR;2685
AEHLMS;2972,13654,14684,14685,14689
AEHLMT;12953,13645,14007,14521,14544,14677,14686,14690
AEHLNO;2974,10530,11177,14549
AEHLNS;14684,14697
AEHLNT;8294,8382,14511,14541,14553,14554,14679,14698,14703
AEHLNU;1562,7328,8380,8384,10533,11179,11214,11234,14511,14551,14679,14687,14703
AEHLOS;5799,12952,12964,14543,14661,14689
AEHLOT;896,5800,5801,12735,14041,14544,14558
AEHLPS;14012
AEHLPY;14039,14698
AEHLRS;13934
AEHLRT;11225,14043,14714,14719
AEHLRU;8384,8391,8400,14710,14719
AEHLRV;14557,14710
AEHLRW;900,2976,11226,12737,14680
AEHLSS;2986
AEHLST;13663
AEHLSU;2813,4601,8261,8375,12964,13654,13663,14570,14689,14718
AEHLSV;901,2986,5455,11181,14566,14570
AEHLSW;902,5799,14661,14691
AEHLSY;2814,2972,8399,8404,11227,14548,14552,14569,14702,14709,14726
AEHLSZ;14571
AEHLTW;
AEHLTY;5801,8149,8358,8404,12975,14675,14677,14696,14698,14702,14726
AEHMMR;8405,10539,12976
AEHMMY;
AEHMNS;2244,2991,10541,11244,11246,12943,12978,12979,13664
AEHMNT;260,2970,2989,2992
AEHMNU;5112,8308,11246,12982,14575,14579,14580,14581,14687,14732,14735
AEHMOS;5777,8417,11249,11250,11252,11253,11254,12952,14543,14688,14689,14737,14738,14739,14740,14741,14742
AEHMPR;2993,12592,12739,14583,14729,14733,14736,14743
AEHMRR;12976
AEHMRS;2991,5810,13664,14050,14730
AEHMSS;5456,5796,5811,12954,12986,14053
AEHMST;11252,14737,14741,14742
AEHMTU;2973,12982,12991,14580,14590
AEHMUW;
AEHNNS;5458,7854,8317,8378,8430,8431,11255,12992,14054,14592,14662,14665,14758,14759,14760
AEHNPP;5459,10548,14598,14756,14762
AEHNPS;14059,14765,14766
AEHNPT;2989,8382,8429,11263
AEHNRT;2992,11002
AEHNSS;5460,12992,14770
AEHNST;904,2966,5790,5814,14781
AEHNSU;5814,12998,13005,14579,14665,14732,14735,14759,14776
AEHNSV;11270,14759
AEHNSW;8444,11255,11266,12743,13006,13666,14059,14513,14666,14669,14765,14779
AEHNSY;5813,8327,8360,14061,14552,14766
AEHNSZ;14030
AEHNTU;5798,5814,12982,13005,14511,14580,14679,14703,14735,14768,14781
AEHNTW;8413,11273,14610,14617,14779,14781
AEHNUW;11273,14611
AEHNUY;14687
AEHORS;5462,5787,10556,11218,11250,11277,11284,13010,14619,14671,14783,14785,14795,14799,14800,14801,14802
AEHORX;
AEHOSV;8468,14792,14799,14801
AEHOSX;5818,5819
AEHOTW;
AEHPPU;10558,14756
AEHPRR;7863,8456,12946,13015,14630,14784
AEHPRS;3001,14808,14809
AEHPRT;14034,14070,14583,14630,14714
AEHPSS;2250,5820,14673,14805
AEHPST;905,14810
AEHPSW;14059,14691,14765
AEHPTY;7867
AEHRRS;
AEHRRT;5464,10563,11203,12595,12745,12931,12968,13015,13023,14630,14643,14816
AEHRSS;3003,3004,13939,14811
AEHRST;3005,14823
AEHRSU;3005,5695,5792,5810,11265,12948,12998,14648,14748,14776,14797,14799,14800,14808,14809,14814,14823
AEHRSV;14792,14799
AEHRSW;2254,11266,11284,13666,14513,14793,14800
AEHRSY;5813,14061,14650,14709,14809,14815,14822
AEHRSZ;3001,14647,14824
AEHRTT;2962,2985,11285,11293,14071,14777,14816
AEHRTU;3005,5822,8163,8400,11006,14043,14070,14071,14648
AEHRTV;
AEHRTW;3006,14816
AEHRTY;12659,12911,12989,14650,14652,14815,14822
AEHRVW;11210,13029
AEHSSS;3003,14655,14812
AEHSST;5817,14803,14825
AEHSSU;5121,5811,5820,8347,8482,8487,14053,14068,14657,14673,14750,14803,14805,14825
AEHSSV;2986
AEHSSW;2968,14567,14725
AEHSTT;6826,8271,8450,8488,8491,12596,13031,14778,14788,14810
AEHSTW;13006,13031,14617,14660,14781
AEHTWY;7878
AEIIKS;3007,5823,10187,14519,14830,14832
AEIILS;13671,13672,14840,14842,14845,14852,14857
AEIIRR;3013,5838,8517,14087,14827,14917,14919
AEIJLR;13692,14089
AEIJLZ;13692,14933
AEIJMM;
AEIJNR;8527,14089
AEIJNT;8278
AEIJRV;14948
AEIJSS;5844,8525,14934,14935,14941,14949
AEIJSX;
AEIJSZ;14950
AEIKKP;13038,14955
AEIKLN;
AEIKLR;8280,8535,11330,14955
AEIKLS;3021,13041,13042,13049,14533,14952,14959,14976
AEIKLT;14828,14965
AEIKLX;11335,13695
AEIKMN;8538,13052,13701,14536,14956
AEIKMT;1591,11340,13052,14537,14963,14965
AEIKNS;908,3007,8541
AEIKNT;14103
AEIKNY;
AEIKNZ;14536
AEIKOR;8547,11344
AEIKOS;5854,8546,14967,14976,15002
AEIKPR;3026,14955,14979
AEIKRR;3025,6831,7884,8547,8552,12664,13702
AEIKRS;5474,12665
AEIKRT;3026,5475,13058,14518,14537,14833
AEILLM;910,3028,3029,3030,5847,5866,5869,5870,11347,14834,14958,14959,15028,15029,15033,15034
AEILLN;1593,3020,3031,6834,7374,8562,11348,11350,11351,13059,13641,13670,13705,14541,15035
AEILLS;3021,13041,14959,15029,15034,15053,15068,15069
AEILLT;3031,3033,3037,3038,4625,5643,5867,5871,5880,8286,8557,8560,8562,8566,13059,13643,13705,13706,14532,14541,15047,15054,15070
AEILLV;3022,3035,3038,6838,8571,14837,15045,15052
AEILLW;5868,11351
AEILMM;3028,3039,5869,8573,13064,15075,15080
AEILMN;10586,11295,11367,13067
AEILMP;8289
AEILMR;3029,11375,14546,15107,15113
AEILMS;13671,13704,13711,13712,14952,14959,14964,15029,15034,15098,15099,15100,15115,15116,15117,15118
AEILMZ;13044,13067,13073,15097
AEILNO;4628,5840,11027,11177,11379,11388,15035
AEILNP;2953,15040,15121
AEILNR;912,3049,5134,5899,10909,11381,13714,13720
AEILNS;3045,3052,14845,14852
AEILNT;5135,5871,5904,6840,8294,8562,10196,11383,14541,14553,14554,14853,15124
AEILNV;1600,3042,5487,5828,6841
AEILNW;5136,5893,8177,11333,11351,13698,14092,14139
AEILNX;14011,14161,14553
AEILOP;1602,4630,6843,8082,8563,8603,14165
AEILPP;3032,3057,5913,8617,13649,14171,14854,15136,15194
AEILPR;3059,5915,12763,13088,13730,14172,14955,15204
AEILPS;13092,13732,14981,15209
AEILPT;3033,14165,14854,14856,15172,15210
AEILQU;13094,13095,13096,14857,14982,15107,15194,15211,15214
AEILRR;5907,5918,5919,15221
AEILRS;13725,13734,13736,15181,15182,15211
AEILRT;3065,13726,15184,15185,15231,15233
AEILRW;8627,10198,11422,13108,13954,14181
AEILRY;3036,13103,14176,14182,15056,15060,15111,15181,15187,15204
AEILRZ;5915,8608,11430,15097,15175,15182,15185,15186,15187,15221,15230,15233
AEILSS;
AEILST;3067,13071,13111,15079,15115
AEILSU;3063,5646,5890,5929,8587,8611,8623,8630,8640,13094,13734,14169,14562,14570,14857,14939,15053,15059,15068,15118,15200,15209,15211,15214,15217
AEILSV;5496,13049,13072,13113,14570,15052,15068,15099,15118,15209
AEILSW;3068,8641,11438,12767,13092,13113,13732,13748,15100
AEILSY;3068,13103,13712,13748,14176,14548,15034,15060,15069,15111,15181,15214,15227
AEILSZ;3052,8501,8614,11409,11437,11440,13104,13736,14120,14159,14177,14571,14852,14861,15069,15161,15182
AEILTY;2773,4637,5904,6847,7396,8624,11302,15124,15145,15210,15215
AEILUV;8636,8640,11436,13115,13548,15113,15118,15209,15229
AEIMMM;11361,13750,15241
AEIMMN;8643,11444,13116,15242,15243,15245
AEIMMR;13051,13750,15241
AEIMMS;14871,15255
AEIMMT;8185,8646,13064,13116,14872,15072,15075,15080,15243,15245
AEIMNO;2831,3072,5776,14186,14956,15242,15270
AEIMNP;2272,3074,3075,11448,11454,15260,15272
AEIMNR;3078,14875,15273
AEIMNS;5932,14877,15272,15288
AEIMNT;15289,15290
AEIMPR;
AEIMPV;
AEIMPY;14504,15106
AEIMRS;1607,6849,8502,8539
AEIMRT;13754,14537,15297,15298
AEIMRU;4315,5936,11457,14546,14875,15088,15102,15107,15113,15273
AEIMRW;4638,5887,13550,13757,14202
AEIMRY;8585,15283
AEIMRZ;1608,3078,7900,10612,11459,15097,15241,15263,15271,15298
AEIMSS;2278,10917,11468,14881
AEIMST;5889,13711,15116,15117
AEIMSV;13072,15099
AEIMSZ;14877,15255,15287
AEIMTT;1609,3090,8315,8646,8670,8675,10208,11479,14965,15112,15119,15280,15289,15294,15297,15302,15335
AEIMXX;
AEINNN;14021,14084,14215,15336
AEINNO;5941,5942,8647,8676,8678,11379,11447,11487,15035,15081,15120,15242,15336,15337,15338,15339,15341
AEINNP;11380,11489,14591,14966,15082,15121,15337,15338
AEINNR;5650,5860,5943,13714,15341
AEINNS;3045,5941,13074,13117,15036,15083,15120,15123,15337
AEINNT;11383,11494,12923,13138,14526,14593,14891,15124,15359
AEINNV;8200,11050,11487,13138,13962,14023,14220,14891,15338,15344,15355,15359
AEINNZ;3046,5942,8678,11491,14591
AEINOZ;921,5942,5949,8678,15263,15268,15270,15375
AEINPP;11495,11508,14598,15136,15361
AEINPR;922,15389
AEINPS;5932,15272
AEINPT;14226,14895,15260,15361,15366
AEINRS;5954,5955,5956,13147,15421,15423
AEINRT;3104
AEINRV;1614,4643,8324,8690,8708,8710,13681,14897,15410,15426
AEINRW;3099,14608,15341,15352,15370,15392,15415
AEINRZ;3078,3104,8092,11459,11491,11501,13768,14901,15263,15271,15375,15423
AEINSS;13682,14903,15433
AEINST;
AEINSV;3010,12782,13153,14197,14266,14267,15288
AEINSX;11493,11504,13124,13771,15272,15378,15381,15416,15433
AEINSZ;2284,3052,5956,8719,11317,13684,14615,14852,14877,15161,15287,15421,15423
AEINTU;5964,14580,14879,14909,15289,15440
AEINTV;14880,14891,15290,15344,15382,15410
AEINTZ;3081,3104,5949,13154,14527,14554,14853,14895,14901,15268,15290,15366,15375,15407
AEIOPS;8546,14032,15291,15293
AEIOPT;14165,14226,14622,15127,15172,15174,15260,15294,15361,15362,15366,15441,15443,15448,15451
AEIOPZ;11400,14621,15175,15449
AEIORR;5907,5945,5965,5966,8547,8604,11497,11532,11538,13598,14227,14268,15177,15369,15370,15443,15444,15445,15455,15456,15457
AEIORS;3055,13725,14166,14269,14555,15178,15181,15182,15453,15455
AEIORT;5652,5909,5969,11344,11403,11467,11538,11541,11542,13726,13754,13775,14556,14625,15096,15174,15177,15183,15184,15185,15297,15298,15443,15448,15464
AEIPPT;5913,13161,13162,14854,15136,15172,15361
AEIPPY;8617,14598
AEIPRR;15389,15444,15445,15473
AEIPRS;13551,15497
AEIPRT;5975,13685,14034,14279,14913,15448,15480
AEIPSS;1621,8515,8745,8746
AEIPST;11322,13056,13169,14916
AEIPSV;6861,11513,15052,15209
AEIPSW;8549,12673,13092,13732,14981
AEIPTT;8335,11561,12928,13161,14622,15294,15441,15451,15506
AEIPTU;8668,11419,11557,11561,15309,15480,15506
AEIPTW;8336
AEIPZZ;14914,15505
AEIQSU;5951,10222,11420,11563,11564,13094,13171,13173,13777,14281,14857,14896,15024,15053,15146,15211,15213,15214,15314,15404,15508
AEIRRS;2780,2849,3013,13686,13778,14283,14284,15453,15508
AEIRRT;13687,14087,14209,14827,15509
AEIRRV;3122,5984,8552,13180,14244,14623,15410,15444,15486,15520
AEIRRW;3099,11204,11422,11565,11567,11568,13757,14528,14642,15370,15412,15445,15454,15520
AEIRSS;7437,8729,8762,11323,11572,15459
AEIRST;15530
AEIRSV;927,3014
AEIRSY;5921,5991,11209,11426,11520,13103,13185,14176,14249,14290,14650,14651,14900,15060,15154,15181,15227,15485,15494,15495,15497,15514,15531,15532
AEIRSZ;11325,13104,13736,14861,14925,15182,15423,15476,15529
AEIRTT;15297
AEIRTV;8634,8708,8768,13775,14928,15157,15184,15229,15231,15410,15425,15426
AEIRTW;10637,13058,13603
AEIRVW;11210,11577,13108,13180,14181,14254,15426,15520
AEIRWX;14256
AEIRWY;11073,11577,13975,15520
AEISST;930,3130,4319,5995,15537,15538,15541
AEISSV;5510,13188,15459
AEISSX;3124,11543,11559,14903,15114,15189,15378,15416,15433,15490
AEISSZ;8746,13134,14615,15161,15287,15332,15357,15467,15541
AEISTT;11580,13111,13978,14292,15066,15235
AEISTV;5971,12938,14088,14930
AEISTW;8213,8556,13136,14106,14293,14658,14999,15535,15541
AEISTX;5997,8349,8778,11544,13169,13191,14274,14867,14916,14924,15300,15313,15324
AEISTY;5991,8717,11484,11531,13185,15017,15325,15334,15401,15478,15494,15504,15531,15536
AEISVW;8641,11547,13113,13153,13188,14266,15432
AEISVZ;14930
AEITTT;3109,14618,14908
AEITTV;3132,15192,15302,15335,15451,15506
AEITTW;
AEITTX;3132,13192
AEIUVX;
AEJJNU;
AEJKNR;
AEJKST;15545
AEJKSY;
AEJLPS;14938
AEJLSV;14936,15546
AEJMMR;
AEJMRT;
AEJMST;8526,14940
AEJNNY;10645
AEJNST;3137,8786,8789
AEJNSU;14945,15546
AEJPRS;3139,11591,13036
AEJPRY;11592
AEJPSS;14949
AEJRVY;
AEJRZZ;
AEJSSS;14949
AEJSSY;
AEJSZZ;14950
AEJTWY;
AEKKMS;14952
AEKKNR;
AEKKRY;8794
AEKLNR;
AEKLNS;15562,15564
AEKLNT;8799,15566
AEKLNW;6011,11333,13698,14092
AEKLNY;6012,6014
AEKLPS;14969,14976,14981,15564,15578
AEKLPY;14960,15572
AEKLRR;
AEKLRS;15558,15573
AEKLRT;13205,15566,15570,15574
AEKLRV;8801,15574,15575
AEKLRW;1630,2303,3145,6016,7923,8802,11600,15571,15575
AEKLSS;4668,5516,8356,8798,8810,13202,13207,13210,13788,15562
AEKLST;2963,5517,13203,13211,15578
AEKLSW;5187,13210
AEKLSY;5859,13211,15573
AEKLTU;8799,11602,14975
AEKLWY;13198,14988,15553
AEKMNU;6020
AEKMOT;3151,13214,14963,15588,15589
AEKMPU;8359,8796
AEKMRR;13702,15590
AEKMRS;14303,14992,14994,15558,15585
AEKMRT;2964,3151,3153,8813,11340,14537,15588,15589,15592
AEKMRU;8792,14997,15552,15560,15561
AEKMSS;6021,12603,13207,13212
AEKNNR;5860,10648,11607,12799
AEKNNT;6022
AEKNOS;6024,11609,13199,13794,14299,14304,14967,15002,15563,15593
AEKNOW;6011,8817,11610,13222
AEKNPS;1633,7925,8541,8820,13221,13224,13226,14098,14969,15005,15564,15593,15599
AEKNRR;12944,15595
AEKNRS;13794,15585
AEKNRT;3156,8813,15566
AEKNRU;8819,15596
AEKNRW;
AEKNRY;6012,15596
AEKNSS;942,1634,6028,8798,8820,15562,15569,15599,15606,15607
AEKNSV;5520,11613,15015,15568
AEKNSW;14669,15606
AEKNSY;6028,8360,11613
AEKOPS;5523,5791,6872,8361,8546,8780,14976,15593,15611
AEKORS;3142,5734,6029,8219,8800,8815,8829,10655,11218,11605,14304,14671,15558,15573,15608
AEKORT;3151,3157,6031,8823,13233,13803,15570,15574,15588,15589,15609,15617
AEKOST;1635,4323,6032,7451,8221,8364,11220,11615,13555,14672,15611,15618
AEKOSY;15563,15573
AEKPRR;943,3158,10656,12946,13795,15590,15609
AEKPRS;944,3159,6033,15591
AEKPSS;2310,2703,5526,8820,14673,14995,15599,15601,15619
AEKPTU;11602,13238,15592
AEKQRU;
AEKQSU;2704,8806,10657,11616,15024
AEKRRS;13241
AEKRRT;3153,3158,15609
AEKRRY;8835,12683
AEKRSS;
AEKRST;
AEKRSW;13802,15616
AEKRSY;947,2967,14303,15573
AEKRUW;13703
AEKSST;10926,14539,14998,15011,15019,15606
AEKSSU;6021,8840,14673,15619
AEKSSV;
AEKSTW;14106,14999,15016,15023,15027,15606,15616
AEKTWY;265
AEKWYY;
AELLLS;3163,6038,11346,14107,15029,15628
AELLLY;6038,14675,15030,15626
AELLMT;949,2708,5532,7928,8560,10661,12685
AELLMY;11347,15032,15638
AELLNU;3166,6044,11081,11621,11627,13807,14679,15651,15654,15655,15661
AELLNW;15650
AELLNY;10665,11626,13808,15632,15655,15659,15661
AELLOR;6036,6039,13804,13810,13812,14680,15633,15663,15666,15675
AELLPP;951,2313,3032,12606,15048,15663
AELLPS;14310,15646,15662,15667
AELLPT;7932,10668,13244,13252,13814,15653,15665
AELLPX;
AELLPY;953,15679
AELLRT;5794,7934,10671,11225,13254,13814,15627
AELLRU;8841,8846,13810,13817,13818,15627,15655
AELLRW;8852,11226,12688,13812,13817,14680,15666,15675,15687
AELLRY;5878,10932,13808,15042,15056,15655,15687
AELLSS;2863,8106,8373,13607,14681,14682
AELLST;13813,15557,15691
AELLSU;4682,6054,8375,8863,15053,15068,15557,15628,15677,15691,15693,15694
AELLSY;957,5537,6038,6878,11227,15069,15679,15694
AELLTT;3037,5538,5880,11632,13245,13250,13252,14321,15674,15684
AELLTU;8856,8863,14679,15054,15061,15070,15627,15661
AELLTW;8864,11634
AELLTY;1642,3144,6050,8864,10675,11626,14122,14675,15659,15661
AELLVY;6051,8857,10676,11635,14123
AELLWY;2316,3177,3178,8864,15553,15687
AELMMR;15696
AELMMS;13246
AELMNO;3184,5540,6056,6057,10678,14325,14326,15629,15630,15703,15710,15711
AELMNR;3186,15704
AELMNS;2319,3189,3190
AELMNT;15632
AELMNW;2971,3189,12950,13267,15710
AELMNY;959,3190,4683,6880,8579,11367,14130,14326,15032,15073,15632,15704,15710,15711,15716
AELMOR;6039,15633,15635,15696,15730
AELMOS;3192,4685,6010,6063,6064,8580,8843,8877,12692,12806,12952,14330,14332,14543,14689,15094,15099,15100,15559,15722,15723
AELMPR;3196,13828
AELMPS;14330,15706,15723,15724
AELMPU;3165,6001,6067,8796,15102,15640
AELMRS;3201,3202
AELMRT;3186,15730
AELMRU;6040,15102,15107,15113,15560,15561
AELMRV;10689,13277,15103,15113
AELMRY;3146,3202,11375,11595,12810,13206,13785,15111,15561,15642,15704,15728,15748,15749
AELMST;5889,13711,14964,15115,15117
AELMSU;3192,13654,13829,14332,14689,15118,15559,15744
AELMSY;6071,8879,11378,11651,11652,13268,13712,14548,15111,15117,15716,15742,15748
AELMTU;2973,3182,11648,11654,13827,14133,14333,15080,15119
AELMTY;3200,6065,11653,15716,15736,15738,15748,15749
AELNNP;8590,14134,14339,14966,15082,15753,15755
AELNNR;2714,6072,8591,11381,12812,13714,14135,14338,15704
AELNNW;5893,14139
AELNOR;6072,6074,13286,13288,13834,13837,14295,14338,14343,15768,15777,15779
AELNOS;3209,3210,13838,13839,15563,15649,15758,15780
AELNOT;3207,13288,13831,13837,15645,15767,15777,15778
AELNPR;6078,11657,11663,13834,15651,15771
AELNPS;968,11622,11665,15564,15785
AELNPT;12957,13263,15653
AELNPU;6078,10238,10697,11391,11663,11666,15651
AELNRS;15803
AELNRT;3186,3221,11670,13837,15779,15796
AELNRU;3049,14551,15151,15651,15655,15787,15808
AELNRV;7946,8903,10699,12610,15656
AELNRY;3222,13808,15655,15656,15704,15779,15796,15808
AELNRZ;3222,6074,6087
AELNSS;4328,6075,8798,8891,8904,13557,13844,15562,15569,15765,15780,15809,15810
AELNST;6045,13844,15657,15809
AELNSU;13295,15546,15758,15763,15775,15794,15803,15804,15812
AELNSV;1659,3210,3224,13838,15546,15649,15780
AELNSY;13268,13847,15785
AELNTT;5554,10702,15135,15144,15792,15793,15813
AELNTU;1660,7952,8799,8895,13558,14511,14679,14703,15660,15661,15813
AELNTV;10704,13270,13311
AELNTY;11626,11670,13833,15124,15158,15168,15632,15659,15661,15796
AELNTZ;14162,14554,14703,14853,15767
AELNUW;15808
AELOOZ;6061,15767,15814,15818
AELOPR;13834,13853,15571,15666,15814,15831
AELOPS;13854,14330,14705,15662,15722,15724,15821,15832,15834
AELOPT;13851,14165,15172,15572,15668,15717
AELOPX;
AELORS;15180,15181,15182,15573,15847,15848,15849
AELORT;2719,13086,13288,13322,15096,15130,15817
AELOST;3234,15676,15856,15857,15859
AELOSV;3210,13249,13319,13838,13850,15099,15180,15577,15649,15672,15677,15727,15776,15829
AELOSW;8855,14661,15100,15673,15849,15857
AELOSZ;8614,8894,11409,11647,14366,15182,15577,15819
AELOTZ;3193,6110,14558,15193,15737,15738,15767,15861
AELOVV;
AELPPR;10713,14714,15862
AELPPS;13291,15564,15785
AELPPT;5913,10714,13851,14690,14714,14854,15136,15172,15784
AELPPU;6067,8911,10715,14171,15194,15862
AELPPY;3194,8617,15823
AELPQU;11708,15194,15824
AELPRR;11709,13828,14380,15198,15739,15867,15869
AELPRS;4333
AELPRT;6111,11712,13814,14714
AELPRU;8620,8914,11415,11663,11686,11709,11712,15102,15862,15867
AELPRW;3213,3242,11687,15571,15666
AELPRY;3242,3243,6096,13329,14368,15204,15830,15831
AELPSS;11688,15834,15835
AELPST;13339
AELPSU;13869,15209,15834,15883
AELPTT;15144,15653,15792,15793
AELPTU;6111,8942,8943,11419,11602,11712
AELQSU;4334,6112,11420,11637,14857,15053,15146,15211,15213,15214,15681,15744,15794,15884,15885,15886,15887
AELQUZ;13096
AELRRT;6114,11718,14719,15683,15739,15796,15894
AELRRY;6081,10725,11240,11423,13329,15056,15220,15669,15683,15796,15894
AELRSS;
AELRST;
AELRSU;3063,3232,4337,5746,6018,6103,6120,14352,14371,15151,15211,15583,15763,15775,15803,15847,15886
AELRSV;3239,15672,15829
AELRSW;2787,3201,12618,12702,12829,13301,13560,13986,14353
AELRSY;2336,3202,6888,7480,8399,8926,10247,11426,14709,15111,15181,15573,15728,15886
AELRTT;2985,12971,15684
AELRTV;7972,8634,10730,13106,13347,15203,15231,15685,15894
AELRTY;985,13875,15749,15796,15894,15911
AELRUV;8636,14385,14710,15113
AELRVV;
AELRWX;
AELRWY;1675,3242,3253,10732,15687,15808
AELRYY;3253,5924,15686,15687
AELRZZ;3252
AELSSS;5572,6122,11672,12620,13280,15750
AELSST;15765
AELSSU;13861,15548,15834,15866
AELSSV;2886,2986,3224
AELSSW;1677,10250,15915
AELSSY;987,3205,3225,6071,6891,11433,11651,11673,15206,15679,15701,15733
AELSTT;7976,8638,8929,13111,13743,13792,13863,13879,14990,15115,15190,15734,15856,15887,15917
AELSTU;3255,14390,14391,15691,15856,15858,15859,15887,15888,15917,15918
AELSTV;14391,15692
AELSTW;990,5577,6108,6126,10251,11675,13364,13880
AELSTX;991,3067,3234,11722,13747,14867,15791
AELSTY;2342,11103,15736,15859
AELSUV;3255,8640,8932,14391,14570,15068,15118,15165,15209,15546,15628,15677,15693,15811,15858,15883
AELSUX;5929,13562,15694,15743,15812
AELSVV;15693
AELSVY;2887,15238
AELSYZ;3230,5931,11440,15069
AELSZZ;3256
AELTTT;12703,13326
AELTTW;5578,15807
AELTTY;1680,6128,8933,8955,11653,13875,15228,15659,15684,15793,15911
AELTUX;995,3248,13623
AELUUV;11677,15860,15919
AELUVV;15169,15919
AEMMMR;13750,15241,15921
AEMMMT;15920,15921
AEMMMY;15921
AEMMNR;2889,3259,5579,8405,12841,13365,14393,15923,15924,15925
AEMMRR;12976,13368,14394,15924
AEMMRY;10738,13368,15921,15924,15934,15935
AEMMRZ;15241
AEMMST;3261,3262,12844
AEMMSU;3260,6055,14395,15937
AEMMSY;
AEMMTU;3182,13261,15080,15252,15920,15934
AEMMTW;15935
AEMNNP;14728,15082,15938
AEMNNR;8406,10741,11733,14187,15704
AEMNNT;
AEMNNV;
AEMNOP;8407,11448,11736,14046,15260,15938
AEMNOR;5581,13376
AEMNOS;3265,13378,13379,15948,15965
AEMNOT;3266,7981,10744,11736,15949
AEMNOY;5750,8231,11109,14326,14404,15710,15711,15922,15965
AEMNPR;3268,3269,6133,14733,15923,15966,15967
AEMNPU;6133,10254,11739,14733
AEMNQU;15273
AEMNRS;2991,3268,6134,8409,13664,15585,15923,15966,15976
AEMNRT;
AEMNRU;6133,8653,8969,13391,14194,14875,15273
AEMNRW;3274,11744,13387,13390,15953,15976,15979
AEMNSS;8411,14407,14408,15976
AEMNST;8814,13563
AEMNSU;3260,14579,14732,15266,15288
AEMNSV;13386,14197,15288,15957,15978
AEMNSX;14403,15272
AEMNSY;3190,8657,13268,14408,15279,15958,15965,15980
AEMNTU;6020,8658,12982,14580,14879
AEMNTV;13270,13383,14880,15290
AEMNTX;3277,12983
AEMOOV;15092
AEMOPZ;3278
AEMORR;2897,8873,8973,8976,13990,15633,15719
AEMORS;15993
AEMORT;2348,3151,3279,3280,7491,8975,8976,8982,11467,11756,11760,11761,13991,15096,15297,15298,15588,15589,15635,15721,15729,15730,15994,16010
AEMORW;7989,8416,11114,11251,11761,12984,13824,13888,14202,14411,15262,15589,15953,15994
AEMORX;3280,8983
AEMOST;3261,3282,6143,11252,11754,12852,14412,14737,14740,14742,15931
AEMOSV;6064,15099,15727,15957,15999,16008,16009
AEMOSW;3265,13890,15100,15267
AEMPPR;10758,13400
AEMPRR;2899,10759,13400,13402,13828,15590,15719
AEMPRS;2900,3268,15951,15966
AEMPRT;14736,15588,15952,15994
AEMPRV;10761,13402,15590
AEMPSU;7492,11755,13406,14416,16028
AEMQRU;14207,15107,15273
AEMQSU;15744
AEMRRR;13216
AEMRRS;997
AEMRRU;13407,14394,15997
AEMRRV;2902,10766,13277,13402,15590,16033
AEMRRW;2903,3154,10767,13757
AEMRSS;6144,15932,15966,15976,16022,16031
AEMRST;
AEMRSU;2791,5666,5810,8422,13564
AEMRSY;2351,3202,6134,13404,14303,15642,15728,15742,15958,15980,16001,16007,16020
AEMRSZ;
AEMRTT;3090,3273,3279,3291,8670,10772,11479,13413,15280,15297,15959,15987,16010
AEMRTU;15934,16010
AEMRUV;13391,15113,16033
AEMSSS;15731,15750,15751,16003
AEMSST;8991
AEMSSU;5811,5940,6021,12857,13889,14053,14213,16013
AEMSSY;3205,8989,11651,11762,14408,15701,15733,16007,16014,16036
AEMSSZ;13134,15287,15332,16013
AEMSTT;2910,3262,15714,16027
AEMSTU;3287,6143,11483,13406,14214,14416,15333,15991
AEMSTY;3282,8426,11484,14742,14752,15117,15334,15736
AEMSUV;
AEMSYZ;15334
AEMTTU;3283,3291,8675,13409,15119,15335,16010
AEMUZZ;
AENNNO;7497,8884,8992,12858,15336
AENNOS;13424,15120,15339,15342,15758,16049,16050,16057,16058,16059
AENNOV;8997,11487,15338,15344,16055
AENNOY;13832,15922
AENNPR;3136,8999,14420,14757,16043,16045,16046
AENNPS;7994,8679,13221,13372,13425,14758,15346,16041,16062
AENNRT;5588,7996,13428
AENNRV;12627,12863,14220,16055
AENNRW;11776,14422,15341,15352,16053,16066
AENNSS;272,9000,11608,12992,13285,13374,13427,13431,13432,13565,15562,15594,15761,15765,16061,16062
AENNST;15942,16041,16047,16058,16059,16063
AENNTT;8996,10780,16042
AENOPS;8433,12864
AENOPT;15260,15361,15366
AENOPV;15338,15647,15771
AENOPW;10783,15774,15938,15953,16048,16076
AENOPY;15769,16076
AENORS;13794,15551,16051,16089
AENORT;13288,13434,13566,13837,15777,15779,16091,16092,16093
AENOSS;3209,3297,4346,5755,6075,6156,11124,11260,11788,11800,14438,14770,15780,16077,16096
AENOST;13424,16059,16070
AENOSW;3265,4714,6006,13378,13839,14433,15267,15965,16087,16089
AENOSX;6024,11504,13379,14403,15134,15378,15380,15381,16059
AENOTT;3293,6152,13443,13764,14434,14597,14892,15135,15343,15374,15597,15777,16075,16090,16091,16092,16098
AENOTV;15344,15382
AENOTZ;3266,5593,5949,8998,15268,15366,15375,16095
AENPPR;
AENPPS;3267,12865,13291,15564,15599,15785,15950
AENPPT;11805,13445,15136,15361
AENPRS;999,3268,13899,15923,15966,15967,16109
AENPRT;1693,2736,3156,3269,3306,8003,8117,10793,11809,11810,13223,13381
AENPRW;3213,15953,16076
AENPRY;3306,8999,11810,11812,13382,14237,14445,15385,16074,16076
AENPRZ;15271
AENPSS;6158,8820,11788,13448,13449,14442,15599,15600,15601,16061,16062,16072,16077,16100,16106
AENPST;16041
AENPSV;11513,16109
AENPTT;10797,12629,13445,13450,15653,15792,15793,16117
AENPTU;9028,13446,16117
AENPTZ;14895,15366
AENQSU;5951,11815,13295,14896,15146,15794
AENQTU;3298,9008,13446,14768,16118
AENRRS;8440,9025,15972
AENRRT;11818,16118
AENRRW;3099,5952,9009,13451,13896,14349,15370,15411,15412,16079
AENRRY;3270,6081,6160,13882,13901,14431,15924,15973
AENRSS;15966,15975,16061,16100
AENRST;
AENRSU;12998,13147,13462,13467,15151,15351,15391,15414,15420,15421,15763,15787,15803,15804,16102,16109
AENRSV;2357,5598,12870,12999,13386,13454,13467,15957,16088,16109
AENRSW;5955,8444,14513,14608,15352,16089
AENRSY;3317,10802,11520,14061,14249,14452,14900,15279,15958,16051,16074
AENRTT;6152,14434,15959,16090,16091
AENRTU;13428,13458,16118
AENRTV;8708,14251,15410,15426
AENRTW;3274,11796,13002,13303,13390,15807,16053,16093,16133
AENRTY;3306,6154,15158,15283,15779,15788,15961,16131,16132,16133
AENRUW;10264,11590,11744,11776,11811
AENRWY;11819,12872,13003,16076,16133
AENSST;276,3223,3320,3321,15569,15606,15657,15765
AENSSU;5961,6158,15397,15414,16056,16062,16077,16083,16096,16126
AENSSW;9039,14407,14779,15012,15398,15432,15433,15606,16113,16135
AENSSY;3225,6028,6156,8714,9021,11673,11800,15013
AENSTU;2740,3295,12876,13005,13891,13905,14425,14781
AENSTX;2741,8010,11824,15791,16059
AENSTY;1705,6157,8717,13905,14264,15017
AENSTZ;2361,8453,15604,16070
AENSUV;14759,15165,15288,15420,15437,15439,15546,15804,15811,16088,16109,16128
AENSUY;6137,9001,11833,11834,13847,13905,15167
AENSVW;13153,13475,14266,15432
AENSWY;3229,15965
AENSWZ;16089
AENSZZ;6163,8454,15423,16116
AENTTT;3109,3324,14618,14908
AENTTU;5964,8720,9024,9028,13443,14909,15405,15440,15597,15792,15813,16042,16098,16117
AENTTX;3000,8721,13469,15813,16091
AENTTY;7522,8722,13450,15402,15659,15793,16117
AENTWY;16132,16133
AEOOSZ;14366,15819,15948,16070
AEOPPR;1707,6166,8455,11839
AEOPPS;14460,14461,15442,15821,15950
AEOPQU;15824
AEOPRR;8456,8973,13892,14268,14428,14784,15445,16160
AEOPRS;3139,7524,8457,8974,9048,11277,11591,11845,13909,15927,16167,16168
AEOPRT;1708,6901,8725,8975,9050,15448,15588,15994,16151,16170
AEOPSS;3297,12880,14465,14705,15834,15835,16077
AEOPST;15611,15983,16152
AEOPTT;7528,14622,15294,15441,15451,16172
AEOPTY;8919,11692,15572,15668,16172
AEORRR;5815,6171,10960,14467,14791,16079,16153
AEORRS;13634,13911,13912,15815
AEORSS;5967,6176,13915,14795,15459
AEORST;13567,13916,13917,13918,16173,16197,16198,16199
AEORSU;3232,13318,13858,14797,14800,15461,15828,15843,15847,16165,16173,16196,16198
AEORTT;3279,3331,8462,9014,9043,9054,15297,15374,15464,15959,15987,16090,16091,16092,16145,16146,16184
AEORUV;10963,11847,13913,16158
AEORVW;9057,11853,13888,15575,16002,16159,16187
AEORVY;13484,15962,16055,16187,16203
AEOSSV;9020,13485,15377,15459,16097,16163,16180
AEOSTV;3332,13486,13916,13921,14483,15462,16008,16166,16197,16199
AEOSTW;5972,6108,6183,13917,15616,15857,16087,16198,16205
AEOSTZ;14484,16015,16070,16095
AEOTTU;3283,8469,9024,13443,16098,16172
AEOUVZ;
AEPPRR;14380,15473,16147
AEPPRS;
AEPPRT;14714
AEPPRU;10821,13493
AEPPRW;2930
AEPPRY;6166
AEPPRZ;
AEPPSY;15785
AEPPTT;13161,13445
AEPPTU;
AEPRRS;
AEPRRT;3158,10965,15869
AEPRRU;5607,10826,11146,11709,11843,13493,15389,15867,16158
AEPRRW;15445,16159,16160
AEPRRY;5608,13329,14784
AEPRSS;15932,15966,16022,16061,16106
AEPRST;
AEPRSU;10267,10830,11807,11845,13899,16109
AEPRSV;3239,3335,15829,16109,16150,16156,16163,16166,16167
AEPRSW;7541,10832,13909
AEPRSX;9048,15490,15497
AEPRSY;13404,15495,15497,16074,16167
AEPRTT;8019,13237,13500
AEPRTU;6111,14070,14463,15394,16226
AEPRTX;8021,15395,15448,16170,16225
AEPRTY;8743,11810,14279,15498,16226
AEPRTZ;3116,5975,14913
AEPRUY;5251,11812,16226
AEPRWY;3242
AEPSSS;1716,2370,2933,6187,15621,16110,16111,16227
AEPSST;10269
AEPSSU;4726,5820,6158,8023,8745,8941,13448,14673,14773,14805,15397,15601,15619,15790,15834,15866,16062,16077,16207,16227
AEPSSV;16163
AEPSSY;2934,5252,6187,8989,15206,15504,15679,15881
AEPSTT;3341,9079
AEPSTU;13406,14789,16152
AEPSTX;13169,14916,15313,15791,16225
AEPSUX;15743
AEQRRU;5978,8748,11562,13407,13509,15507
AEQRSU;2793,8749,8944,13569,13777,14281,15211,15681,15886
AEQRTU;2371,3119,10840,14490,15212,15403
AEQRUV;10841,13509
AEQSTU;3287,11870,15024,15213,15887,15888,16152
AEQSUY;2935,8946,11564,15214,15886
AEQUYZ;
AERRSS;11871,16031
AERRST;15893,16230
AERRSU;11593,14814,16240
AERRSV;
AERRSZ;
AERRTT;14469,14816,16184
AERRTY;5615,6189,6191,11766,15683,15894
AERRUZ;8759,15221
AERRWY;2374,2796,4728,5616,6192,10849,11819,13914,15520,16187
AERSSS;1719,3003,3289,3348,8032,13519,13521,13522,14746
AERSST;16231,16246
AERSSU;16124,16126,16244,16246
AERSSV;3140,11572,15318,15459,15489,16163,16180
AERSSW;2748,3141,4354,6144,13513,15026,16006,16022,16031,16211
AERSSY;6176,11291,11875,13915,15319,15514,16007
AERSTT;
AERSTU;11594,11855,11877,14473,14648,14797,14814,15461,15530,16182,16191,16197,16198,16237,16246
AERSTV;1723,9062,13486,13916,15615,16008,16166,16197
AERSTW;15616,16198
AERSTX;9063,9091,9093,11722,11824,11856,11877,14798,14924,15324,15528,16038,16193,16225,16246,16248
AERSTY;13185,13918,14650
AERSTZ;2942,3250,8765,13525,14824,14925,15530,15604,15846,15907,16233
AERSUU;13526,14289,14494,15803,15847,15900,16194
AERSUV;9084,15420,16109,16128,16249
AERSUZ;6120,12900,14451,16233
AERSVV;13487
AERSVW;
AERSWX;
AERSWY;278,1724,2379,2797,11858,12639,12717,13927,15532,16201
AERSZZ;15423
AERTTT;3347,3350,5619,10854,13531,16145,16234
AERTTU;14071,16251
AERTTV;3331,13468,15850,16090,16146,16184
AERTTW;3350,9094,11293,13197,14816,15807,15909,16169
AERTTY;10855,13875,15228,15684,15911,16251
AERTUU;4730,14477,14490
AERTWY;279,3351,12640,13419,15935,16132,16133,16202
AERTYZ;14652,15851
AERVWY;11577,13532,15520,16187,16201
AESSSS;6162,10858,13519,13533,14722,15750,15877,16188,16227,16241
AESSST;8040,13420,16171
AESSSY;3348,14454,14655,15536,15621,15913,16111,16242
AESSTT;3130,11580,11861,11880,14292,14656,14751,14778,15329,15429,15466,15502,16011,16137
AESSTU;5767,6195,6201,14479,14500,14657,14803,14825,16191,16231,16237,16246
AESSTV;16134
AESSTW;2948,3321,4732,9039,14293,14480,15503,15535,15541,15606,16012,16113,16135
AESSTY;15504,15536
AESSVY;14659,16247
AESSZZ;15915
AESTTT;9066
AESTTU;13879,15887,15917,15918
AESTUV;1729,3255,3332,6182,13921,15437,15811,15858,15905,16128,16197,16249
AESTVW;13364
AESTWY;2950,3352,6126
AESTXY;5622,16138,16248
AESTYY;15240
AESVVY;10862
AESVWY;16201
AESVYZ;
AESWZZ;
AETUXY;9071,16251
AFFFLS;13537,16257
AFFGRS;16267
AFFGUW;10864,16271
AFFHIT;16260,16276
AFFIKR;
AFFILP;
AFFIMR;10865,13549,13550
AFFIRT;3357,10867,16260,16263,16272
AFFIRZ;
AFFLNY;13546
AFFLOS;6207,6208,6209,7553,9105,10870,11886,11887,16257,16281
AFFLOY;
AFFLSU;3362,6209,13561,13562,16282
AFFLUX;13562,16282
AFFLWY;
AFFNSY;16302
AFFOPY;
AFFQSU;13569
AFFRST;16301
AFFSST;9106,11885,16283
AFFSUW;
AFGGLY;
AFGGOT;10873,16310
AFGHOS;13581,16321
AFGIJM;
AFGIKN;9112,13587
AFGIMN;9109,10879,16329,16352
AFGIMY;
AFGINN;
AFGINR;16258,16305,16309,16319,16334,16360
AFGINS;16259,16306,16350,16369
AFGINT;
AFGINX;16262,16332
AFGINY;16369
AFGINZ;
AFGISY;16322,16349,16365,16369
AFGITZ;
AFGLNO;9118,13605,13612,16374,16379,16380,16381
AFGLNU;3370,13609,16380,16381
AFGLOS;13590,13618,13619
AFGLRU;16375,16376,16380
AFGMNO;
AFGMOR;
AFGNOS;16350,16372
AFGORR;
AFGORT;16272,16312,16370,16383
AFGOST;6213,8064,13542,13618,13633,13635,16321,16370,16373,16384
AFGOTU;
AFGRST;1732,5632,13600,13630,13635,13638,16326,16354,16363,16370,16373
AFGRUY;16376
AFHIIR;
AFHIKL;8065
AFHIKR;
AFHIMS;10891,13578,13644,13651,16388,16398,16399
AFHIOS;6219,9122,11898,16321,16394,16403,16404
AFHIRS;3378,9125,9126,11899,12656,13650,13653
AFHIST;11898,16320,16321,16387,16388,16389,16397,16398,16402
AFHLMU;
AFHLOO;7554,9129
AFHLSY;3382,16393,16394,16412,16414
AFHLTU;9130,16276,16407,16411,16415
AFHMOT;10895,13665
AFHORS;3383,8071,13657,16408,16409,16419
AFHRSW;9125,11899,13653,13666
AFHSST;3386,6221,13662,13667
AFIILL;3387,3388,6222,13670,16327,16424,16425
AFIILN;3390,10898,13670,13674,16425,16429
AFIIMN;9109,13677,13678,16329,16427,16435
AFIJNN;
AFIKLS;9142,16444
AFIKNU;13697
AFIKRS;12665,16423,16446,16447,16448
AFILLN;3393,11906,11907,11908,11909,13670,13705,16425
AFILLS;6216,9146,16273,16392,16393,16454,16455,16456
AFILMU;6226,11911,16451
AFILMY;13712,13713,16451
AFILNS;3398,6227,9142,9148,16274,16280,16459,16465,16469
AFILNU;3396,3397,6227,9101,16425,16429,16464,16465,16468
AFILNV;
AFILNY;13546,16468
AFILOR;3399,5262,9147,9150,10911,13647,13716,13724,13725,13726,13727,16443,16463,16464,16470,16472
AFILPS;13718,13731,13732,16317,16452,16454,16455
AFILRS;5645,8085,12670,13650,13725,13733,13734,13735,16281,16343,16385,16432,16434,16471,16474,16475
AFILRY;13699,16468
AFILRZ;
AFILSY;5647,9146,10914,11896,13712,13748,16393,16394
AFIMNR;3403,9155,16435,16441,16458,16478,16481,16482,16483
AFIMNY;8087,16479
AFIMRS;2386,6230,9157,11916,16353,16423,16436,16488,16489
AFIMRT;13754,16483
AFIMRY;11915,16436
AFIMSS;10274,10917,13651,13758,16283,16485,16490
AFIMSV;16488
AFIMUZ;
AFINNN;16462
AFINNO;3405,6217,16462
AFINNT;16330,16495
AFINRU;2387,9155,10921,13720,13767,16344,16429,16464,16468
AFINST;9161,9164,9165,11918,16389,16398,16430,16447,16498
AFINSU;3408,5651,6227,8095,16285,16358,16369,16399,16465,16484
AFINSY;9165,16365,16369,16401,16496
AFINTU;16494,16497
AFINTY;9165,16495,16497
AFINYZ;10922
AFIORT;5652,9150,9160,13726,13754,13775,16272,16335,16433,16439,16443,16463,16470,16472,16483
AFIQRS;
AFIQRU;
AFIRRS;2780,12675,13686,13756,13766,13778,13780,16287,16289
AFIRRY;13779
AFIRST;285,1738,3411,3413,5264,9164,11918,16363,16434,16447,16448,16475,16498,16503
AFIRTY;8100,9167,16448,16495,16503
AFIRUY;9167,16468
AFISTW;13746,13774,13781,16368,16397
AFJLRU;
AFKLNS;9142,16509
AFKLSS;9174,13788,13791
AFKNRS;13787,13794,13796,13797,16446,16447,16512
AFKOST;4748,9171,9175,13555,16373,16444
AFKRST;13789,13797,16373,16410,16447,16448,16515
AFLLMU;5657,9176,13805,16451,16518
AFLLNO;3419,11908,11921,11922,13605,16374,16521
AFLLNU;3370,3420,13807,16425,16453,16518,16523
AFLLOR;6232,9169,10930,13804,13809,13811,13812,16516,16519
AFLLOW;5658,10931,11922,13812,16524
AFLLPU;6206,13816
AFLLTY;13821,16526
AFLLUW;13817,16523,16527
AFLMMS;16426
AFLMNU;13609,16518,16528
AFLMNY;11924,16518
AFLMOR;3423,6240,11923,11926,16293,16519,16529,16532
AFLMRU;9176,10935,11911
AFLMYY;
AFLNNY;13832,13833
AFLNOT;3424,8109,9149,13655,13717,13822,13831,13835,16341,16374,16531
AFLNPU;16508,16541
AFLNSW;13839,16522
AFLNTU;10940,13558,16545
AFLOOS;6207,6233,9180,11887,11925,13848,13850
AFLORS;3418,3425,9170,16281,16432,16471,16542
AFLORV;3423,10944,12697,13727,13811,13849,13855
AFLOST;6208,6236,6242,6243,6244,11902,16413,16414,16444,16473,16525,16542,16551,16555
AFLOTY;16472
AFLPPY;13865
AFLPSU;10947,11927,13620,13867,13869
AFLRSU;3427,6237,16474,16475,16543,16559,16560
AFLRTU;16297,16415,16475,16536,16559
AFLSSU;6238,9174,13870,13877,16377,16474
AFLSTU;6242,9185,16378,16525,16527,16555,16559,16560
AFLSTY;3382,3428,6244,13821,16414,16560
AFLSWY;3428,13748,16511
AFLTTY;13875
AFLTUV;16545
AFLTUY;16457
AFLWYY;
AFMNOT;3404,13822
AFMNSU;16399,16484,16564
AFMOOS;11925
AFMORS;6230,9157,16299,16488
AFMORT;16293,16513,16532,16537
AFMOSU;13889,13890,16484,16539,16564
AFMSSU;13889,16491,16566,16569
AFMSUU;16489,16564
AFNNNO;16382,16462
AFNNOS;8115,9187,11933
AFNNOT;3424,13627,13831,16562,16570
AFNORT;6246,6247,9160,13628,13894,13897
AFNPRY;
AFNRSS;288,16300
AFNRSU;3427,9188,16543
AFNRYZ;
AFNSSU;
AFOORT;6917,8121,13632,13906,16420,16470,16513,16575
AFORRS;5668,8123,13799,13885,13910,16287
AFORRW;13800,13914,16514
AFORRY;
AFORSS;13801,16300,16566
AFORSV;11919,13910,13916,16488
AFORSY;16302,16409
AFORTU;6246,13803,16297
AFORUV;10963,13913
AFOSSS;
AFOSST;9106,16538,16547,16569,16580,16581
AFOSSU;13637,13889,16404,16566,16569,16580,16581
AFOSTU;6242,9166,16413,16422,16525,16573
AFOSUV;13921
AFPTUW;10966
AFRRTY;
AFRSSW;13924
AFRSTU;11932,11939,16326,16410,16475,16515,16543,16559,16560
AGGGIN;
AGGGOS;13572
AGGHIS;13931,13932,16597,16599,16600,16609
AGGHSY;16600
AGGIIL;16613,16614,16616,16617
AGGILN;16598,16617,16634,16637,16639,16647,16648
AGGILO;13952,16308,16652
AGGIMN;2399,3441,6257,13945,16636,16637,16638
AGGINO;1750,9203,9205,13963,16309,16601,16654,16656,16672,16673
AGGINP;16637,16645,16648
AGGINR;3441,16258,16309
AGGINS;3445,16259,16620,16626
AGGINT;9195
AGGINW;13966,16608,16673
AGGINZ;5673,16621,16627,16668,16677
AGGIOR;9205,9206,13969,16309,16654,16670
AGGISW;
AGGIWW;
AGGIZZ;16596
AGGKNY;
AGGLNY;16633,16648,16649
AGGLOT;3450,13952,16611,16646,16652
AGGLSU;11950,13930
AGGLSY;3451,9208,13987,16600,16696
AGGLWY;13983
AGGMNO;13989,16601,16610,16636
AGGMOT;13991
AGGMRU;16653
AGGMSU;13936,13958
AGGNOU;9207
AGGNOW;2806,10981,13995,16656,16673,16694
AGGNOX;
AGGNPU;
AGGNRU;
AGGNSU;16594,16626
AGGNSY;3456,16688
AGGORS;5270,6261,16697
AGGPRY;
AGGQUY;
AGGSTY;14002,16696,16698
AGHHSU;14003
AGHHTU;16706
AGHIJR;16714
AGHIKU;
AGHILN;3462,6919,9215,9220,11951,11954,16583
AGHILS;2404,11955,14006,14012,16317,16597,16600,16741
AGHILT;1752,8142,10991,11957,14007,14017,16702,16723
AGHIMN;6264,9212,9226,9228,16746
AGHINO;5687,6921,9232,16601,16757
AGHINR;293,5271,16318,16319,16714,16765,16768
AGHINS;3467,16709,16750
AGHINT;16710,16714,16746
AGHINV;9247
AGHINW;3469,6269,16319,16605,16608,16711,16758
AGHINY;7561,9246,16746,16755,16759,16765
AGHINZ;6269,16774
AGHIQU;9249
AGHIRR;1754,3470,9237,14024,16712,16764,16765,16776
AGHIRS;3471,16775
AGHIRT;3466,9239,10996,12734,14026,14034,16260,16318,16710,16713,16714,16768,16776
AGHIST;2406,14020,16609,16778,16779
AGHISU;16741,16749
AGHISZ;
AGHKSU;
AGHLMU;
AGHLNU;
AGHLOS;6272,11955,16726,16738
AGHLSU;2813,14042,16741
AGHLSY;2814,16600,16737,16739,16741,16788
AGHLTU;14043,16706,16790
AGHLUY;8150,16741
AGHMOS;6273,16747,16780,16795
AGHNNU;9231,16754
AGHNOS;3460,6276,14037,14047,14058,16726,16750,16756,16757,16780,16787,16797,16799,16800,16801,16802
AGHNOU;16787
AGHNPS;14059,16803
AGHNPU;4752,8154,11001
AGHNRT;9239,11002,14026,16318,16710,16714,16768
AGHNRU;3367
AGHNRY;3481,9255,16731,16765,16803
AGHNSS;11967
AGHNST;
AGHNSW;3479,11968,12743,14059,16800
AGHNTU;9256,16754,16804
AGHNUY;
AGHOQU;
AGHPRS;6279,9248,11961,16760,16775,16803
AGHRRU;3485,16764
AGHRRY;5693,16765
AGHRST;16807
AGHRTU;3485,6277,8163,14043,14070,14071
AGHSST;1026,3461,3482,3487,6271,16769,16778,16779
AGHSSU;3487,9260,14053,14068,16749
AGHSTU;3487,8164
AGHSUW;
AGHSUY;16741
AGHTTU;13582,14071,16804,16808
AGHTUW;11007
AGIIJN;
AGIILN;16827,16830,16833
AGIIMN;1761,6286,9109,9212,9268,16850,16851,16852,16853,16854,16855,16856
AGIINR;1029,1762,6291,8166,12747,14081,14086,16812,16850,16872
AGIIRT;11014,11975,12748,14087,16263,16713
AGIIST;3496,6255,6294,11984,12749,14088,16625,16838,16845,16864,16876,16877,16878
AGIISV;14088,16844,16878
AGIJLN;4361,9276,9278,14089,16629,16880
AGIJNP;16880
AGIJNW;
AGIJRS;16888
AGIJSW;11016
AGIKLN;16895
AGIKLS;
AGIKMN;9281,9288,16901,16902
AGIKNR;
AGIKNS;16921
AGIKNT;5700,6281,14103,16920
AGIKNW;4756,14103
AGILLU;1766,3512,16946
AGILMM;301,3513,14124
AGILMN;3516,16635
AGILMO;3517,12015,14074,16890,16956
AGILMP;16956
AGILMY;16723
AGILNN;6312,16967
AGILNP;10283,11979,16647
AGILNR;16934,16990,16992
AGILNS;16925,16969,16973
AGILNU;4364,6299,6312,16647,16824,16833,16967,16989,17013
AGILNV;16996
AGILNW;10286,12014,16588,17011,17014
AGILNX;3516,14011,14152,14161,16830,16998,17013,17015
AGILNY;16826,16967
AGILNZ;12025,14159,14162,17014
AGILOR;9225,16843,16890,16900,16956
AGILOS;16340,16726,16844,16894,16961,16969,16971,16975,16977
AGILOT;5709,6285,6321,13952,14093,16652
AGILOV;16652
AGILRS;6324,11947,12021,12031,16343,16834,16953,16963,16983,16991,16992,16993,17024
AGILRU;9320,9329,14015,14172,14173,14179,16843,16992
AGILRY;3518,3532,8182,9202,9287,14176,14180,14182,16739,16740,16900,16945,17023,17024
AGILSS;1775,3510,3530,16947,17022
AGILST;3535,3536,6324,11984,16845
AGILSU;9329,14169,16741,16958
AGILSW;3536,12767,17021
AGIMMS;2417,14185,17030
AGIMNN;1777,16901,16950,17035
AGIMNP;3541,16902,17026,17047,17050
AGIMNR;3441,6326,16653,16883
AGIMNS;6286,9335,12037,17044,17049,17050
AGIMNT;9228,9268,16352,16746,17029,17035
AGIMNW;6310,12014,12034,12040,16852,17050
AGIMNX;3516,11987
AGIMNY;5714,16746,17029
AGIMNZ;
AGIMOS;2419,6327,9269,12041,16747
AGIMRU;5279,6326,16653,16748,16883,17033,17055,17062
AGIMSS;3546,16749,17060
AGIMST;3547,16354,16747,17063
AGIMWW;
AGINNO;6288,6331,9203,12042,16654,16656,17065,17071,17072
AGINNP;9342,9343,12044,16906,17071,17072,17083
AGINNS;6330,16589,16604,16752,17068
AGINNT;3555,16330,16866,16886
AGINNU;3494,6312,6333,9231,9279,9311,9341,9343,9345,9349,11891,11993,12017,12035,12047,16824,16966,16967,17033,17070,17083
AGINNW;
AGINOR;6291,6331,6336,6339,16309,16360,16361,16654
AGINOS;16340,16726,16969,16977
AGINOT;14226,16867
AGINPR;3560
AGINPS;3541,17026,17050,17142
AGINPT;2424,2840,9350,12055,14226,14241,16867
AGINPV;14236,17104
AGINPW;3469,3564,16762,17050
AGINPY;12044,14241
AGINRR;9237,9360,16764,16872,17085
AGINRS;16888,16990,17157
AGINRT;16714
AGINRU;6295,6326,6333,6931,9320,9345,9368,14194,16344,16366,16883,16911,16934,17033,17039,17055,17090,17135
AGINRV;16360,16812,16836,16863,16872,17104,17113
AGINRW;16319
AGINRX;6334,14152,14253,14256,16998
AGINRY;9352
AGINRZ;
AGINSS;3567,3571,12002,12048,16367,16873,16875,17086,17147,17159
AGINST;
AGINSU;16369,16594,16626,16921
AGINSV;12782,14197,14267,17043,17068,17164
AGINSW;2845,4369,17050,17124
AGINSY;12051,16369,16918,17094,17164
AGINSZ;308,1037,3507,9366,16875,17142,17157
AGINTW;14103,17014
AGINTX;8208,12785,14161,14253,17013,17098
AGINUX;17013,17098
AGINVW;
AGINWX;11066,14256,16998
AGINWY;16673
AGIOPS;6348,14032,14164,16775,17019,17171
AGIORS;9372,14269,16775,17168
AGIORU;12057,16843,17169,17172
AGIORV;3575,6339,14271,16360,17104,17113
AGIOTU;17169
AGIOUY;17172
AGIPRS;9248,9274,9302,9375,11961,12072,16775
AGIRST;3446,3578,5288,6324,16354,17024,17063
AGIRSV;2429,3471,3578
AGIRTU;9368,12067,13602,14179,16366,16689,17055,17090,17135,17169,17178
AGISST;3571,3579,6271,6344,9369,16367,16687,16769,16778,16779,16878,16924,16999,17022,17115,17138,17147,17159,17160,17174,17176
AGISTT;13978,14272,14287,14292,16609,16777,16778
AGISTU;
AGITTW;3447,11964
AGJLMO;
AGJLNY;16880
AGJLSU;17179
AGJLUU;14297
AGJNOR;11078,14295,16882
AGJTTY;
AGKLNO;
AGKLNS;17183
AGKLOO;
AGKLOS;4761,7576,8215
AGKLOT;14093,14300
AGKLOU;
AGKNOU;
AGKNRS;311
AGKNRU;14302,16911
AGKNSY;16918
AGKOPS;16372,17185,17187
AGLLNO;6355,16374,16720,16930,16931,17190
AGLLOP;3589,3590,11082,13606,14315,16942,17191
AGLLOR;6357,9251
AGLLOW;3592,6355,11084,16930,17190,17191
AGLLRY;1039,3587,6358,16376,16935,16945,17199
AGLLSU;6354,9379,16377,16378,17193,17197
AGLMMY;
AGLMOR;2431,12015,16693,16784,16890,16956
AGLMOS;3449,11087,12078,12806,14330,14332,17201
AGLMSU;6354,6359,6361,12079,14332,14335,14336,14337,16929,16955,16958,17203
AGLNNO;3594,11965,14307,14325,14338,16379
AGLNNU;6312,9311,12017,14138,14341,16824,16966,16967
AGLNOO;3594,16379,16724
AGLNOP;11091,14342,16694
AGLNOS;5289,9313,9382,9384,10291,12019,12078,12081,16726,16973,16977
AGLNOU;2870,6364,9207,9376,16381
AGLNOW;1041,6355,6364,16381,16694,16930,17190
AGLNRS;9318,9382,12021,12081,16343,16730,16834,16953,16963,16973,16983,16990,16991,16993
AGLNRU;9320,16344,16934
AGLNRY;3587
AGLNSS;315,2435,3593,3596,17212
AGLNSY;16788,17209,17213
AGLNTY;
AGLNUU;3597,17208
AGLOOP;3528,3589,14364
AGLOOR;5290,9385,12083,13615,14365,16693,16695,16784
AGLOOS;12026,14366
AGLOOT;16611,17200,17215
AGLOPS;6368,14164,14330,14367,17019,17201,17216
AGLORS;3595,9382,12081,17216,17217
AGLORU;6357,14373,16843
AGLOSS;3476,3530,6371,16789,17020,17022,17216,17217
AGLOST;1789,6272,6369
AGLOSV;16844,16977
AGLOSW;13619,17021
AGLOTV;16652
AGLOTY;6367,14376,16979,17200,17215
AGLOWY;3592,13983
AGLPSY;6368,17198,17201,17218
AGLPUY;16946
AGLRSU;2440,3602,9329,11950,12828,14042,14336,14382,14384,14386,17197
AGLRUV;14385,17199
AGLRUY;1042,6358,6373,14356,14387,16376,17199
AGLRYY;
AGLSSU;6371,9387,16377,16947,17212
AGLSSY;12836,17217,17218
AGLSTU;3602,5748,9387,13622,14358,14386,14390,14391,16378,17004,17193,17213,17220
AGLSUV;14389,14391,17005
AGMMNO;6325,11104,14393,17221,17222
AGMMNU;
AGMMSU;3605,14395
AGMNNO;
AGMNNU;12035,16901,17033,17035
AGMNOR;3609,6374,17221,17228,17230
AGMNOS;9388,10292,12078,16780,17185
AGMNOX;14403,14404
AGMNRU;3614,6326,14194,14302,14406,16653,16883,17033,17055
AGMNSU;3478,6359,11111,12079,16792
AGMNUY;
AGMOOY;16785,16791,16793,17200,17222,17230,17236,17237
AGMOPS;8233,9388,11112,14330,14412,17185,17201,17238,17239
AGMORS;6377,16697,17238,17239,17240,17241
AGMORV;14401
AGMORY;17040,17230,17236
AGMOST;12852,14412,16747
AGMOYZ;3619,17225
AGMPRS;12853,14203,17045,17238
AGMPRY;16794,17236
AGMPUZ;11115,14415
AGMRSU;6275,16796,17203,17240
AGMSTU;14214,14416
AGNNOT;9389,17244,17246,17249
AGNNOY;8237,17065
AGNNRY;8238,12090,14423
AGNNSU;3622,11119,13993,14421,17247
AGNNTU;17246,17249
AGNNUW;16966,17070,17249
AGNOOZ;
AGNOPS;3624,6380,9388,12864,14429,16372,17181,17185,17187
AGNOQU;12088,17103,17246
AGNORR;
AGNORS;16799,17245
AGNORU;14437
AGNORW;17106
AGNORY;6379,9352,16361,17040,17114,17230,17252
AGNOSS;3610,5755,11124,11967,14438,16699,17248
AGNOST;7578,9391,17181,17187
AGNOSU;16797
AGNOSW;6383,11968,14433,16800,17227,17248,17253
AGNOSZ;3627,14231
AGNOTU;14439,17246
AGNOWY;16673,17209
AGNOZZ;
AGNPRS;6380,16803,17254
AGNPSS;3596,14347
AGNPSU;14444,17205,17210,17254
AGNRRS;6341,9360,12062,12092,16888,17085,17128,17145
AGNRST;325,2449,3613,3629,17255
AGNRSU;326,3622,17254
AGNRSW;
AGNRTY;3631
AGNSST;6344,9369,12874,14062,14258,14447,14453,16367,16687,16769,16924,16999,17138,17147,17159,17160,17233,17234,17255
AGNSSU;2922,17212
AGNSSY;16699,17234
AGNSTU;5758,11132,12876,14358,14449,14455,17193,17213,17255
AGNSTW;2925,14359,14450,17253
AGNSTY;328,17213
AGNTTY;
AGNTWY;
AGOORT;16383,17101,17169,17223,17256,17257
AGOORV;11133
AGOOSZ;3583,12075,14366,17168
AGOPRS;2455,3624,6380,12094,16775,17216,17238
AGOPRT;3625,17170
AGOPRU;13999,14463,17172
AGORRT;17059,17173
AGORSS;3635,9394,17020,17174,17189,17216,17217,17259
AGORST;3584,7579,16373,16807,17263
AGORSU;6386,17240
AGORSY;9393,14475,17217,17261,17263,17264
AGORTU;17169
AGOSTU;6278
AGOSTV;14378,14483
AGOSYZ;14481
AGOTTU;
AGOTUY;3618,14439,17215
AGPRSS;17216
AGPSUU;9396,14488
AGPSUW;14489
AGRRTU;3485
AGRSST;3620,3639,9397,12099,17147,17174,17176,17251,17255,17259
AGRSSU;3639,9260,9397,12073,12099,17176
AGRSSY;3637,17023,17149,17217
AGRSTU;3602,3639,3640,5766,8252,9397,12898,14386,14449,14486,14499,17255
AGRSUU;9395,12093,14289,14494,14499
AGRSUY;14290,16701,17264
AGRUUY;
AGSTTU;3641,14455,14501,16808
AGSTUU;3641,17220
AGSUWY;
AHHIJR;
AHHIKS;17265
AHHIRS;16703,17265,17267
AHHISS;3645,14506,14509,16704,17271,17273,17274,17275
AHHISV;14510
AHHKOO;
AHHKPS;
AHHKSY;
AHHLPY;9406,17280
AHHOOR;11158
AHHOPW;
AHHORS;14514
AHHPPU;
AHHRRU;11161,17281
AHHRST;2462,6392,17277
AHHUZZ;11163
AHIIKP;
AHIILT;3655,9414,14521,16702,17293,17294
AHIINT;14526,16313,16710,17303,17304
AHIISS;9419,12107,16386,17290,17307,17308,17312
AHIJJS;
AHIJRS;3656,3657
AHIKKS;9424,9425,17265
AHIKLP;8279,9429,14534
AHIKLS;14533
AHIKLT;3377,9429,17315
AHIKMR;14537
AHIKMS;9412,14533
AHIKMV;
AHIKNS;1805,9424,17321
AHIKOW;3663,17322
AHIKPP;
AHIKRS;17265
AHIKSS;12107
AHIKST;3665,17321
AHIKSU;6401,9433,16390
AHIKSZ;6401
AHIKTW;9437
AHILLO;11173,12115,12117,12118,14531,17326
AHILLP;6402,11174,12117,17327,17335
AHILLS;3666,3667,6216,12116,14006,16273,16391,16392,16393,16721,17327,17331,17337
AHILLT;6402,12118,13643,14532,17329
AHILLZ;
AHILMO;
AHILMS;17327,17328
AHILMU;14546,17329,17345
AHILNR;2465,3668,12122
AHILNU;11179,14551
AHILNY;6941
AHILPS;3674,6405,11180,12124,14012,14559,14560,16317,17270,17327,17335,17352,17353
AHILRW;6406,17361
AHILST;12123,12126,16275,16396,16397,17269,17342,17350,17353,17355
AHILSV;3674,11181,14563,14570,16735,17337
AHILTU;16276,17329,17345,17357
AHILTW;6406,17293,17334,17361
AHILYZ;
AHIMNR;339,1819,3668,9462,12129,17297
AHIMNT;1821,9228,9464,16398,16746,17368,17369,17370
AHIMOR;4771,6945,9462,12129,17374
AHIMPS;17327,17372
AHIMRS;3669
AHIMRT;341,3466,3683,8312,9472,12135,14537,14583
AHIMSU;9465,14579,16399,17272,17362,17368,17381
AHINPR;9479,17387
AHINPT;9464,17268,17303,17347,17384
AHINRS;343,3378,3656,3687,5296,6394
AHINRU;3688,11195,14551,14604,14609,14611,17297,17387
AHINSS;1056,3680,16400,17391
AHINST;12123,16398,17333,17366,17369,17390
AHINSU;9465,9478,9489,12138,14579,16399,17272,17362,17395
AHINSV;9489,17395
AHINSW;7593,17367,17394
AHIOPS;3684,12113,12124,14032,14594,14619,16775,17311,17346,17353,17372,17373,17402,17403,17404,17405
AHIORS;6950,14555,14619,16756,16775,17403
AHIORT;3691,14556,14625,17351
AHIORV;5783,9494,14557,14623
AHIPPS;3685,17375,17391,17411
AHIPRS;5298,9248,11961,12147,16775,17372,17404
AHIPRU;16748,17357
AHIPSS;344,1832,9419,9496,12137,16761,17356,17358,17391,17411
AHIRRS;6414
AHIRRW;11204,14528,14643,17322,17374
AHIRST;9420,9505,17360
AHIRSU;6414,8341,9421,9501,9505,14562,14648,17409,17417
AHIRSV;
AHIRSW;3687,9125,11899
AHIRSZ;9487,14647
AHIRTW;6406,9437,12139,12149,16768,17361
AHISST;17302,17380,17401,17411
AHISSV;16770,17380
AHISSW;3677,11212,14567,14646,14654,17325,17407
AHISTT;16609,16772,17336
AHISTU;9498,9505,14648
AHJKOS;
AHJOOP;
AHJPSU;
AHJSTU;
AHKKPU;
AHKKSU;
AHKLOO;17315
AHKLPU;
AHKMNU;
AHKMOS;3661,9510,9511,17428
AHKMOW;3704,14664,17276
AHKNPU;
AHKNRS;1062,3699
AHKNSS;2476,14668
AHKNST;5790,14667,17321
AHKNSU;11217,14665,14668
AHKOOS;4781,14671
AHKOPS;5791,12113,17425
AHKOSS;12153,16782,17323
AHKPUU;
AHKRSS;
AHKRST;1842,3665,12947,14667
AHKRTU;
AHLLMO;6423,8369,12115,14676,17326
AHLLMU;11221,16783,17326,17329
AHLLNU;12157,14679,17439,17440
AHLLOO;3707,6424,11222,17434
AHLLOS;12154
AHLLOT;3709,6423,12118,16411,17438
AHLLOU;11223,16411,17326,17439
AHLLOW;11224,14680,17438,17439
AHLLPY;
AHLLRT;5794,11225,14678,17440
AHLLUX;
AHLLWY;
AHLMNY;
AHLMOO;9252,12120,12158,16784,16785,17340,17449
AHLMOS;1850,9403,9522,12160,12952,14685,14688,14689,17452
AHLMSS;5796,12954,14692,17328,17338,17339,17448
AHLMSU;14689,14694
AHLMUY;
AHLNOP;14549,17346,17457
AHLNOS;16787,17455,17456,17457,17458
AHLNSU;5302,11900,16412
AHLOOP;17340,17434
AHLOPS;6405,9522,9529,11237,12124,14705,14706,17346,17352,17353,17425,17455,17456,17457,17462
AHLORT;6427,12159,17351,17426,17463,17464
AHLOSS;3476,9533,9534,16789,17349,17352,17436,17441,17443
AHLOST;1853,6272,9535,11902,12126,16414,16738,17269,17292,17342,17353,17355,17425,17456,17461
AHLOSY;9526,9535,12127,12160,12165,14709,16394,16414,17437,17445,17457
AHLOTY;5801,14696,17451,17463
AHLPRS;9529,17455
AHLPRY;8394,9406,9531,17446
AHLPSS;1855,2481,3719,17352,17356,17441,17462
AHLPSU;1856,6430,14718,16786
AHLPSY;6430,12161,17457
AHLRSY;2482,8399,14709,16739,17316,17360,17466
AHLSSU;1857,6432,14701,17448
AHLSSW;3677,3720,9534,14567,14724,14725,17443
AHLSTU;1858,3715,6431,6432,6958,9527,14718,17466
AHLTUZ;14703,17345
AHMMOW;
AHMMSU;17362,17469
AHMMSY;17470
AHMMWY;
AHMNNU;17471
AHMNOS;3678,3724,9463,9537,12130,12166,16780,17366,17475
AHMNPY;17474
AHMNSU;3478,9465,14579,14732,14735,16399,16792,17272,17362,17368
AHMNSY;
AHMOOP;11247,16793,17340,17476
AHMORS;3729,5305,6435,11250,12167,12168,14050,14688,14730,16795,17428,17475,17478,17482
AHMORY;17484
AHMORZ;
AHMOSS;9545,12102,17483
AHMOSU;11253,14689,14732,17343,17452,17482
AHMOSV;17365
AHMOSY;9546,11254,12160,12168,14742,16795,17371,17470,17484
AHMOTU;5306,9544,9547,17486
AHMOTZ;
AHMOWY;
AHMPRS;9542,12167,17282,17372,17376
AHMPSS;12986,17477
AHMPSU;9548,16786,16792,17282,17429
AHMRRU;17281
AHMRST;3727,3730
AHMRSU;8422,14694,17282
AHMRSY;12168,16795
AHMRTW;17485,17486
AHMSSU;5811,6437,14053,17448,17490,17491
AHMSSW;9549,17377
AHMSTU;3715,5307,9548,17368,17381,17429,17472
AHNNOS;14662,16750,16797
AHNNSU;9478,14665,14758,14759,14760
AHNNSY;17383,17493
AHNOPR;8432,9479,11256,12994,14729,14763,17387
AHNOPY;12136,17386,17457,17474,17494,17499
AHNORS;3736,6276,16756,16799,17475
AHNORT;17283,17502
AHNOWY;
AHNPSS;12137,16761,17500
AHNPSU;12138,17496,17505
AHNRSS;2489
AHNRSY;5813,9559,14061,16803,17393,17396
AHNRTW;12139,13002,14610,16768,17283,17459,17502
AHNRVY;1873
AHNSST;3482,17500
AHNSTU;12173,13005,14735,14776,17472,17504
AHNSTY;358,3739,12176,17396,17493
AHNTUW;3740,11273
AHOORS;6435,6439,14671,14782,16419,16799,17478,17495
AHOORY;9562,11276,12181,17497
AHOOSW;6440,12180,16421,16800,17460,17461,17478,17509
AHOOSY;9552,17371,17508
AHOPRS;3729,3741,11277,12167,12177,12182,12183,12184,14619,14783,14786,16775,17372,17402,17403,17404
AHOPRW;
AHOPST;3741,9563,16417,16422,17287,17311,17353,17373,17402,17425,17456,17462,17473,17500
AHOQTU;14768
AHORRW;11283,14791,17322,17374
AHORRY;12187,14784,17463,17497
AHORST;3383,3741,12182,16419
AHORTT;3384,8462,11285,16420,17464,17485,17513
AHORTU;1880,3742,6277,6968,9544,9561,17464,17486,17513
AHORTW;6427,17283,17426,17485,17486,17502,17513
AHORTX;
AHOSST;5817,6412,9409,9495,9545,12185,14067,14787,14794,14803,17284,17389,17401,17406,17483,17500,17508,17510,17514,17515
AHOSTW;6440,6970,16421,17410,17461,17487,17503,17509
AHOSTZ;17355,17390
AHOTUU;
AHOTWZ;
AHPRSS;
AHPRST;359,3741,3745,9563,9568,12182
AHPRSU;6279,8473,9568,14808,14809,17282
AHPRSY;9564,12147,12184,14809,16803,17393,17414
AHPRTU;3742,9568,14070,17357
AHPSST;3719,12185,17411,17462,17500,17510
AHPSSW;16806,17510
AHPSUW;17512
AHPTUZ;
AHQSSU;17417,17490
AHRRSU;1071,4378,6414,6441,6973,9571,14814
AHRRUY;4379,9572,11290
AHRSSU;3744,6437,6974,8482,9260,14811,17417,17491
AHRSSY;3004,3749,11291,17492
AHRSTT;9573,16808
AHRSTW;360,3745
AHRSTY;11292,12176,14650,14815,14822,17360,17396,17466
AHRSUU;3385,14823
AHRSUW;14800,17516
AHRTTW;11293,14816,17467,17485,17513
AHRTWY;6976,17361,17459,17467
AHSSTU;3487,6221,6432,6444,14803,14825,17433,17491,17514,17515
AHSSTW;3386,6444,17510,17514
AHSSWY;2495,14725,16406,17416
AHSTTU;4380,9573,16808
AHSTUY;6443,17466,17515,17516
AHSTWY;3698,3746,9518,17410
AHSUZZ;14753
AIIKKW;
AIIKNT;6281,9580,16815
AIIKPT;9581
AIIKRS;14830,16423,17535
AIILLM;3387,6450,12199,14834,16816,17537,17539,17541,17544
AIILLR;3388,5313,6222,6450,11294,12199,12202,14834,14835,17541,17551
AIILMN;1886,8495,9574,9589,9590,11295,17289
AIILMS;6454,13671,14842,16426,16428,17518,17566
AIILNN;17545
AIILOS;6462,9600,16432,16844,17292,17574,17575
AIILRY;17579,17580
AIIMMN;17585,17586,17589
AIIMMS;14871,16426,17584,17590
AIIMNP;364,3769,9605,16435,16819,16853,17531
AIIMNS;4796,6286,6466,9610,9612,9614,13677,14082,14877,16618,17530,17591,17592
AIIMNT;6465,9268,9608,9611
AIIMNV;16853
AIIMOR;7626,17602
AIIMPR;9619,9620,16435,17531,17605
AIIMPS;9138,12108,12222,14842,14883,17601
AIIMRS;6466,8502,9612,13679,14884,14886,16423,16436,16857
AIIMST;16428,17518,17542,17566,17584,17590
AIINNP;6984,17532
AIINNZ;12226
AIINPR;365,1895,3772,14893,16435,17531
AIINRS;3774,6394,6446,6457,6466,6468,7635,9612,9641,12230,17571,17596,17623,17624,17625
AIINST;1075,1897,3391,3496,3774,6294,6460,9576,16430,16625,16838,16864,16877,17519,17572,17615,17623,17625
AIINSX;17588,17595
AIINTT;5319,14826,14908,14909,16841,16866,16874,17573,17622,17627
AIIORS;6468,12233,12236,16432,16857,16868,17575,17628,17629,17630
AIIPPR;17604
AIIPRS;3012,3762,8514,9274,14910,14912,17551,17576
AIIPTW;17293
AIIRTV;3781,3783,9647,14922,14928,17630,17631
AIITUW;
AIJJMM;
AIJKNS;9277
AIJLMS;14935
AIJLOR;17639
AIJLOV;17640,17642
AIJLSW;14937
AIJLTW;
AIJMNS;2501,3786,16881
AIJMOR;16441,16882,17643
AIJNNS;16885
AIJORS;14946,14947,17645
AIJORW;
AIJOSU;14939
AIJPRU;
AIJPSS;14949
AIJPTU;
AIKKLU;
AIKKMS;12245,14952,17648
AIKKNO;14956,17638,17649
AIKKOS;17646,17648,17650,17651,17652
AIKKST;3793,6448,17648
AIKLLS;5849,13041,14959,14961,14962,17526,17657
AIKLMN;9281
AIKLMS;9661,13042,14533,14952,14959,14964
AIKLMU;6478,13043,17656
AIKLNO;9577,9662
AIKLNS;12249,17314,17661,17662
AIKLOS;9665,14976,14977,16444,17646,17665
AIKLPS;3795,3797,14969,14976,14978,14980,14981,17659,17661,17662,17667
AIKLSS;6449,6481,12252
AIKLST;368,1079,3796,4807,9661,12195,16444,16896,17526,17657,17662,17668
AIKLSU;17665
AIKLSV;13049,14985,17665
AIKLTU;4808,7643,14975,17660
AIKMMS;
AIKMNS;2506,3800,9667
AIKMNW;1903
AIKMOO;17647,17670,17672
AIKMOS;9669,17648,17674,17675
AIKMPR;17531
AIKMRU;14997
AIKMSS;3802,17319,17675
AIKMST;3800,3803,3804,9661,9667,9669,9671,17648,17674,17676,17677
AIKMSU;3804,12254,17676
AIKMSV;
AIKNNN;3794,9578,12256,17529,17532
AIKNNP;14966,16891,16905,16906,17532
AIKNNU;12256,15001
AIKNOT;9662,9677,16915,17649,17681
AIKNPR;9674,17531
AIKNPS;3795,14098,14969,15005,17321,17662
AIKNRT;3806,9677,17681
AIKNSS;1080,3807,9679,12260,17679,17683
AIKNST;12257,17321,17662
AIKNSU;16921
AIKNTU;16920
AIKOPS;12113,14976,17651
AIKOPT;
AIKORR;6485,8547,17322
AIKORT;9677,11344,16335,16443,16915,17534,17681
AIKOST;9669,16444,17648,17674
AIKOTW;17666
AIKPPS;3809,14104
AIKPQS;
AIKPRS;3797,3809,3810,9302,9681,17667
AIKPSU;17659
AIKRRS;3810,17535
AIKRST;16448,17668,17677,17688
AIKRSU;12263,17535,17688
AIKSST;3807,3811,3812,3813,8554,9679,15011,15019,16924
AIKSTT;9680,9682,17668,17682
AIKSUZ;6401,6486,17688
AILLMS;3820,3824,3827,5870,12266,14108,14959,15029,15031,15033,16926,17327,17328,17694,17695
AILLMU;12268,16451,17326,17329,17656,17701
AILLNV;11350,15044,17705,17709
AILLNW;10321,11351,11909,17334
AILLPR;2510,3832,16945,17698,17725
AILLPU;3829,16946,17723
AILLRV;3035,8571,11358,14116,15062
AILLRY;3036,3833,3835,5878,6496,15042,15056,15060,16935,16945,17541,17698,17715,17724,17725,17730,17731,17732
AILLST;1083,3816,6493,6495,9695,12203,16454,16944,17526,17542,17695,17733
AILLSV;9586,14119,15052,15068,16456,17337,17727,17734
AILLSZ;14120,15069,17716
AILLTT;3037,9697,17544,17717,17719
AILLUZ;3512,15070
AILLYZ;15069
AILMMS;9588,12266,12278,16426,17555,17739,17743,17744,17745
AILMNO;3840,3841,6501,16458,17736,17750,17752,17757
AILMNR;9589,16458,17750,17753,17757
AILMNS;10322,16280,17694
AILMNU;17562,17737,17748
AILMNY;3844,8579,9701,11367,14542,15073,17764
AILMOP;15093,16460,16956,17770
AILMOT;1086,3517,6505,12291,14963,15075,15096,17558,17740,17747,17752,17757,17768,17775
AILMPR;3852,9705,12292,16460,16956,17698,17753,17770
AILMPS;17327
AILMPU;9709,17563
AILMRS;373,1916,2517,3669,3824,3836,9443,17741
AILMRT;9710,17740,17757,17768,17775
AILMRU;9710,11911,12287,14546,15107,15113
AILMSS;9594,9687,9712,17328,17700,17771,17787
AILMST;2518,3395,3846,8586,9661,11377,13071,13711,14964,15079,15090,15115,16428,17518,17542,17566,17694
AILMSU;5890,6226,6454,17744,17745
AILMSX;3827,3837,8588
AILMSY;3519,13712,14548,15111
AILMTU;3855,6505,7653,8589,9309,9709,9710,9714,12297,14133,15080,15119,17329,17345,17562,17660,17748,17762,17790
AILMTY;1917,9444,9714,12291,12297,16723,17565,17697,17775,17790
AILMUV;15113,17563,17701
AILMYZ;
AILNNP;3857,8590,11380,14966,15082,17661
AILNNU;1089,3396,3858,6312,11384,12017,12298,14138,15037,16824,16966,16967,17748,17796
AILNOP;6507,9720,17347,17567,17802,17804,17805,17806,17808
AILNOS;3520,3862,3865,16340,16465,16969,16973,16977,17690,17708,17810,17815,17816
AILNOT;7005,7657,9149,9596,9662,9717,9720,9722,12206,12306,12307,16463,17347,17348,17547,17558,17706,17752,17755,17757,17802,17804,17808,17809,17812,17817,17818
AILNPS;6491,12249,12271,12308,16452,17661,17710,17820,17822
AILNPT;9663,9720,16466,17268,17347,17802,17804,17808
AILNPU;3829,3868,4820,11391,15128,16647,16989,17805
AILNRT;1092,3863,6510,9722,12306,16463,16467,17706,17757,17812,17829
AILNRU;5899,6508,6510,9320,9728,9729,13720,14551,15156,16344,16429,16464,16467,16468,16934,17798,17805,17823,17829,17835,17836
AILNSS;9599,17832
AILNST;6460,16430,17519
AILNSU;6227,16465,17708,17810
AILNSV;3848,3865,3873,12208,17569,17816
AILNSW;5329,12209,12313,17664,17822
AILNSY;7660,9724,17710,17807,17816,17820,17840
AILNTT;1923,2524,3053,3875,6319,9326,9732,13723,15135,15144,16346,16841,16978,16988,17010,17011,17561,17817,17828
AILNTU;6472,6510,17013,17641,17748,17835
AILNTY;5904,12307,15124,15168,17641,17831
AILNUV;12212,17709
AILNVY;1927,6461,16996,17007,17816
AILNYZ;17840
AILOOR;4821,9716,12283,12302,12315,13724,15170,16470,16941,17351,17639,17738,17750,17768,17841,17845
AILOPS;2525,6405,6512,7662,12124,12273,12318,17352,17574,17848
AILOPZ;11400,12314,15175
AILORS;11402,12251,12305,12321,13725,14555,15129,15173,15180,15181,15182,16281,16432,16471,17575,17715,17716,17860
AILORT;3863,7009,8606,9150,9451,9722,9741,13086,13726,14556,15096,15130,15177,15183,15184,15185,16433,16443,16463,16470,16974,17348,17351,17740,17757,17768,17812,17845,17861,17862
AILORU;6508,6518,12287,16464,16843,17805,17849,17851,17861,17862
AILOSS;3530,6481,10326,12252,12318,12323,17022,17352,17776,17852,17863,17864
AILOST;12126,12323,12325,16444,17269,17292,17355,17718
AILOSV;3865,3881,6462,6516,7011,8612,9600,9708,9740,9743,12316,15099,15180,15191,16844,16977,17569,17575,17665,17769,17779,17815,17816,17860
AILOSX;8613,15134,15189
AILOSY;4822,9696,9724,12127,12275,12321,12325,15181,16394,17715,17718,17814,17816,17858,17860
AILOTX;3867,17819
AILOTY;5333,9698,12291,12307,12325,16979,17697,17718,17809,17814,17818,17866
AILOWY;
AILPPS;3851,3883,16981,17574
AILPRS;6512,9746,12308,16983,17822,17847
AILPSS;380,6520,17352,17356,17358,17783,17868,17869,17870,17874
AILPST;6495,16454,16845,17335
AILPSU;15209
AILPSW;13092,13732,14981,15142,15202,16986,17270,17822
AILPTU;1933,9709,9748,17357,17660,17723,17849
AILQSU;3400,3853,3888,13094,15146,15211,15213,15214,17344,17810,17830,17854,17876
AILRST;
AILRSU;3063,3888,11425,13734,14562,15211,15217,16474,17884
AILRSV;3881,3890,3892,3893,6516,6522,9740,17575,17860,17884
AILRSW;3894,5335,12216,16471,16993,17021,17822,17844,17859
AILRSY;1102,3893,3894,5921,6521,11426,12031,12321,13103,14176,15060,15111,15154,15181,15227,16739,17023,17715,17741,17774,17860
AILRTU;3895,6510,16467,17357,17731,17829,17849,17879
AILRTY;3895,6496,16740,17294,17361,17565,17580,17725,17731,17732,17879
AILRWY;6511,12276,12311,12332,12333,17361,17732,17836
AILSSS;17317
AILSSV;
AILSSW;6497,12313,17001,17700,17874,17886
AILSTU;9756,17876
AILSTV;3873,3892,9604,9743,9756,9757,17566,17581,17779
AILSTX;3067,13747,14867
AILSUV;6522,8640,9756,11436,14570,15068,15209,16456,17665,17727,17734,17884
AILSVY;3893,9757,15227,15238,17007,17337,17734,17816,17860
AILSVZ;
AILTXY;3767,17015
AILVWY;
AILWXY;
AIMMMU;17887
AIMMNO;6325,6525,12335,12336,15242,15244,15245,16478,16479,17670,17736,17887,17889,17890
AIMMOS;3900,9458,12278,12336,17030,17365,17890
AIMMSS;4824,17271,17896
AIMMSU;3902,4825,6526,7671,17362,17743,17744,17745,17892,17895,17898
AIMMSX;3837,14871,17588,17590
AIMNNO;8647,9607,9760,15242,15256,17295,17899,17901,17902
AIMNNS;12221,13117,15083,15257,15259,17556,17592
AIMNNT;9608,12341,16950,17035,17747,17748,17899,17901,17902,17903
AIMNNU;12035,16901,17033,17035,17748,17901,17903
AIMNNY;9701,17585,17902
AIMNOP;11448,12036
AIMNOR;2536,3403,3840,3907,12129,16441,16458,16478,16482
AIMNOS;4387,6527,16484,17367,17890
AIMNOT;6465,9611,12341,17558,17747,17902
AIMNPS;3074,3541,3786,5932,8651,9335,9770,12037,15272,17026,17044,17045,17047,17049
AIMNPT;9464,17891
AIMNPW;11454
AIMNPY;17756,17920
AIMNRS;
AIMNRT;
AIMNRU;1110,6326,11457,14194,14875,15273,16653,16883,17033,17297
AIMNST;9667,16398,17369,17694
AIMNSU;2543,7674,8656,9465,9614,9770,11462,14579,15266,15286,16399,16484,17272,17362
AIMNSV;14197,17043,17049,17592,17599,17926
AIMNSZ;14877,15287
AIMNTT;3910,15280,15289,17919
AIMNTU;3913,7019,8658,14198,14580,15289,16352,17035,17058,17370,17748,17762
AIMNUV;2544
AIMNUZ;14581
AIMNVY;
AIMOPT;15294
AIMOPY;12286,12350,17756
AIMORS;1111,2545,3801,3920,5339,6230,6530,6531,9157,9780,10330,12352,16488,17675,17931,17936,17939
AIMOST;16747,17603,17648,17674
AIMOSU;6327,6527,6530,12041,12254,12289,15266,16484,17061,17343,17759,17773,17778,17895,17913,17917,17936,17939
AIMOSW;15100,15267,17367,17890,17918
AIMOSX;15293,15300,17601
AIMPPS;3851,17044,17604,17780
AIMPRS;1949,3920,3922,17045,17372,17908,17931
AIMPRT;3852,17605
AIMPSS;6532,12293,17047,17760,17782,17783,17896,17931,17933,17934,17945
AIMQSU;3853,9673,17344,17676
AIMRRS;9784,12352,17063,17785,17897,17922,17935,17936
AIMRSS;3802,3927,17060,17521,17671,17673,17675,17771,17787,17893,17923,17931,17939
AIMRST;17063
AIMRSU;16489,17898,17936,17939
AIMRSZ;
AIMRTU;4827,9622,9710,17954
AIMRTX;15324
AIMSST;6532,16283,17380,17894,17896,17933,17944
AIMSSW;12357,17377,17700,17950
AIMSSY;17929,17934,17951
AIMSTT;6534,17953
AIMSTU;6526,8674,14214,15333,17381,17676
AIMSTX;15300,15313,15324,15331,17369,17590
AINNNT;12361
AINNOP;3932,9477,15338,16960,17071,17072
AINNOS;4829,5941,7680,8676,12364,15339,17611,17678
AINNOT;2550,3934,3935,12225,12341,12362,12365,12367,17612,17901,17902,17958,17959,17960,17966
AINNOW;15341,16656,17032
AINNPS;8679,15345,17799
AINNPU;9343,11489,17083
AINNRU;6333,9345,12047,16662,16911,17033,17798
AINOPR;389,1953,6507,8685,9479,13762,15125,15360,17387,17805,17806
AINOPS;7683,9480,9800,9803,12370,12374,12378,16496,17984,17991,17992,17993
AINOQU;15367,15368,17103,17912,17996
AINORS;1116,3862,3942,4389,6468,6536,17977,17997
AINORT;3863,16463,17618,17681,17706,17812,17999,18007
AINOSV;3865,9162,9636,9810,12384,16977,17043,17111,17569,17611,17616,17815,17981
AINOSX;9354,9819,15134,15378,15380,15381,18006
AINPRS;9163,9823,12308
AINPRU;3560,3868,11511,15389,17387,17798,17805,17823
AINPRW;
AINPSS;12137,12390,17391,17593,18019
AINPST;17984,17991,17993
AINPSV;11513,17827
AINPTU;3913,17891
AINPTY;1960,9639,9824,17136,17995
AINQRT;3806
AINQSU;5951,14896,15146,16763,16921,17143,17395,17613
AINQTU;3952,16497,17144,18024
AINQUY;9821,10333,15406,16497,17831,18024
AINRSS;1962,3567,3953,3956,3957,6342,9362,9772,9808,9827,12260,12381,12392,16678,16922,16990,17086,17108,17148,17149,17673,17832,17923,18002
AINRST;16498,17624,17625,17972
AINRSU;5954,13147,15414,15420,15421,17997
AINRSV;6548,9810,12384,17624,17926
AINRSW;3687,5955,14608,15009,15352,15415,15419
AINRSZ;1964,3788,3954,3960,5956,9366,9487,15421,15423,16682,17157,17625
AINRTU;3688,6510,17835
AINSSS;1965,3962,3963,9814,17813,17990,18008,18018,18019,18023,18029
AINSST;6344,6544,7688,9369,9679,16367,16687,16924,17115,17160,17965
AINSSV;3957,18010
AINSSW;11527,12313,15012,15356,15398,15415,15432,15433,17679,18002
AINSTT;9680,9830,18021
AINSTU;3966,18011
AINSTW;3690,9818,17918,17993,18005
AINSTY;3919,3959,3968,7689,8717,9165,9797,9824,9830,9831,11531,12349,12388,15017,15401,15438,17396,17615,17972,17975,18028
AINSUX;
AINSYZ;8719,15018,17840
AINTVY;18007
AIOORS;4836,6536,6551,9372,17167,17168,17684,17685,17977,17978,18031,18032
AIOPRV;9735,15444,15449,17104,17806,17846,17989
AIOPST;3777,6348,12378,12399,12405,17171,17311,17964,17984,17991,17993,18039
AIOPTU;9840,17849
AIORRU;17996,18000
AIORST;7037,9646,9844,17628,17629,18042
AIORSU;6530,6553,17403,17913,17997
AIORSV;1124,3881,6516,9740,9810,16488,17575,17860
AIORSX;18006
AIORTV;9494,9647,9741,9846,11542,13775,14271,15184,15464,17113,17631,17845,17862,17989,18007
AIOSSS;5970,9814,9847,15465,17990,18008,18046,18052
AIOSSV;12414,15377,18010
AIOSTT;7039,9844,12410,17629,18036,18040,18042,18049,18050,18053
AIOSYZ;
AIPPRR;8736,13157,15472,15473
AIPPRY;3944,17867,18054
AIPPST;3883,3977,9648,12399,17123,17171,17984,18054
AIPPSU;13160
AIPPTT;13161,17985,18013
AIPRST;7041,9681,9746,9852,18054
AIPRSU;3576,3922,3972,5351,6553,12072,18037
AIPRSV;
AIPRSW;
AIPRSX;393,3978,15490,15497
AIPRTY;1971,8743,9853,12238,14279,15494,17136,17605,17725,17946,18054,18056
AIPRUY;17172,17851,17867
AIPSST;6532,17896,17933
AIPSTT;3887,3977,3979,16288,17140,17635,17853,17991,18016,18021,18036,18040
AIPSTW;9499,17993
AIPSZZ;15505,17142
AIPZZZ;15505
AIQRSU;3888,3980,7702,8749,9501,9855,11563,12241,12263,13171,14281,15211,15508,17143,17417,17997,18022
AIRRSS;3953,6349
AIRRST;3924,6555,6561,17063,17145,17628,17632,17877,17878,17935,18033,18042,18043,18058,18059
AIRRSU;6414,6561,14283,15217,15484,15508,16289,17535,17785,17877,17922
AIRRTY;3926,4393,9503,17878,17879,18045,18058
AIRRZZ;11569
AIRSST;12242,12418,17881
AIRSSU;3927,3956,6562,16290,16474,17148,17417,17787,17832,17871,17923,18015
AIRSSZ;6562,9785,9863,17952,18063
AIRSTT;6534,12243,12410,17629,17940,18036,18042,18050
AIRSTU;3980,14648,15530,17688
AIRSTV;3578,3697,3781,3892,3958,6548,17151,17624,17926
AIRSWZ;
AIRTTT;3416,18044
AIRTTY;9845,9853,15519,17178,17954,18038
AIRVVY;17634
AISSST;395,9168,9754,9786,9847,9854,9859,9864,16504,17421,17637,17947,17955,18018,18029,18046,18052,18060,18064
AISSTV;3812,3930,3987,9866,16506,16878,17380
AISSTW;1978,3813,9861,14293,15236,15525,15535,15541,17160,17886,17950
AISSTX;
AISTTU;3966,16477,17635,17838,17876,17930,18011,18021,18040,18053
AISTVV;3814,15540
AISTWZ;15541
AISTZZ;14950,15469,18059
AISUWX;
AITTTU;6550
AITTWX;
AJKNSY;
AJKORS;
AJLOOR;17639
AJLOPS;14938
AJLOPY;
AJLOSU;18067
AJLRSU;17179,18067
AJMNSU;9874,18065
AJMOPT;
AJMORS;3991,3992,12421
AJMRSU;
AJMRTU;
AJNORT;
AJNOSY;8787
AJNRTU;14943
AJNSTU;7708,8789,9874,14945,18065
AJNTUY;17641
AJOOPS;
AJORSW;
AJOSSU;3993,15548
AJRSTU;11594,12425
AKKKOO;
AKKLSU;3994
AKKMOS;3996,17648,18073
AKKNRU;
AKKNSS;15555
AKKNSY;
AKKOOP;
AKKOPS;17651
AKKOQU;
AKKORS;3142,18074
AKKORU;
AKKOSS;15556
AKKSUW;
AKLLNY;
AKLLSY;17657
AKLMMU;13204
AKLNOU;16507
AKLNOX;11596
AKLNPS;3795,12249,14969,15564,15565,17661,17662
AKLNRS;17314,17663
AKLNRY;6012,6479,17663
AKLNSU;11599,16509,17183
AKLOPS;4004,14976,17425,18079
AKLOSS;1135,6481,12252,13788
AKLOST;4005,4854,6572,9171,16444,17425,18081
AKLOTW;6573,16510,17426,17666
AKLOXY;
AKLPRY;4006
AKLPSU;3999,9880,17659,18083
AKLPTU;11602,17660
AKLPUW;
AKLRVY;14987
AKLSST;
AKLSTU;16509,18081,18082
AKLSTY;13211,17657
AKLSUW;6419,6575,15583,18082
AKMNSU;5356,16512,18065,18088
AKMNSY;
AKMORS;3801,4011,7050,8815,9511,9882,11605,15558,17428,17675
AKMOSU;12254,15559
AKMPRU;
AKMSUZ;4014
AKMTUU;402,11606
AKMUYZ;
AKNNOO;18066
AKNOPS;6578,9896,15593,16372,17185,17187,18096
AKNORU;15596
AKNORY;4864,15596,17681
AKNOSS;15002,16916,18098
AKNPRS;
AKNPRY;
AKNPSS;8820,15599,15600,15601
AKNPSU;
AKNRRY;
AKNRSS;1991,12260,16922,17673,17683
AKNRST;9898,12433,18088,18094,18097
AKNRSU;9898,12433,16512,18088
AKNRSY;4017,17663
AKNRTZ;15604
AKNSST;9679,9899,15011,15569,15602,15606,16924,17683,18098
AKNSSW;4018,13229,15012,15603,15606,15607,17679
AKNSTW;15016,15606,18096
AKNSUZ;
AKNSWY;4019,17664
AKNTWY;
AKOOPS;4004,4020,6581
AKOORR;4868,12431,12435,17427
AKOORS;9885,14671,15608,17684,17685,18089,18094
AKOOSZ;1140,3583,12075
AKOPPS;4020
AKOPSW;9896,18079,18096
AKOPSY;17651
AKORSS;17189,17323,17675,18091
AKORST;6572,6584,7055,9902,9903,16373,18074,18080,18094,18097,18101
AKORSU;3808,4011,6421,6584,18099
AKOSTU;4873,6032,6584,11615,14672,15611,18082
AKOSTY;
AKOSWY;403,12437,16511
AKOTWY;
AKPRSS;12262,17324
AKPRSY;4022
AKPSTU;17429
AKPTTU;17686
AKQRSU;12263
AKQSUW;11616,15622
AKRSST;1142,18091
AKRSTU;6584,8838,9898,12433,16515,17688,18097
AKRSUU;6580
AKSSTT;18104
AKSUVZ;18075
AKSWYY;
ALLLOT;6037,16449
ALLLSY;4024,6038,18105
ALLMOR;1144,6039,6587,8842,9910,11617,15633,15635
ALLMOS;6589,8843,9686,9911,11618,17696,18109,18111
ALLMOT;6423,15635,15637,18112
ALLMOW;6588,17191,18113
ALLMSS;4030,9687,13247,15033,15639,15643,16450,17328,17700
ALLMSU;4876,6354,9911,18110
ALLMSY;6589,18109
ALLMUV;17701
ALLNOP;12441
ALLNOS;4032,4033,9690,12442,15648,15649,17690,17702,17707,17708,18109,18119
ALLNSU;2002,16937,17193,17708,18110
ALLNUU;16523
ALLOOP;3589,12272,17434
ALLOPR;14315,15663,15665,15666
ALLOPW;6046,6588,11628,12441,15666,17191,17713
ALLORS;6593,6594,6595,17715,17716,18126
ALLORY;1147,9521,9694,9917,12444,16516,17715
ALLOSS;9915,9916,17436,17441,17442,18120
ALLOST;4032,8854,9695,9919,13813,14320,15671,15676,16944,17707,17718,18123,18125
ALLOSV;6048,13249,15649,15672,15677
ALLOSW;11631,12274,12442,15673
ALLOSY;4401,4879,6589,6596,9696,9879,9919,12275,12444,15676,17437,17445,17696,17715,17718,18109,18122,18123
ALLOTT;9697,11632,13250,15674,17717,17719
ALLOTV;11633,15047
ALLOTW;11634,16524,17438,17713,18127,18128
ALLOUY;9917,18113,18117
ALLOVY;11635,17640
ALLOWW;11636,15650,15675,18128
ALLPPU;17720,17721,17723,18106
ALLPRU;4029,4035,18107,18114
ALLPSS;9916,17441
ALLPSY;4042,15680,17198,17710,17722,17724,17726,17728,18122,18123
ALLQSU;11637,15681
ALLRUY;9917,15655,16376,16526,17199,17731,18076,18107,18131
ALLSST;1151,4030,17442,17712,18120,18125
ALLSTY;4024,4043,6596,9919,17198,17445,18123,18130
ALLSWY;3710,4042,6500,12445,17728
ALLUVV;
ALMMSS;3711,15698,15700,15701,17448
ALMMSY;
ALMMUW;
ALMMUY;
ALMNOR;1155,2588,3840,4046,9925,11923,12447,16458,16529,17449,17750,17753,17757,18134
ALMNOS;9881,16531
ALMNOU;8869,9909,9922,12281,15703
ALMNRU;6600,18132
ALMNSU;6359,12079
ALMOOS;4053,6567,6601,9704,11925,17751,17769,18135,18142
ALMORS;2593,12421
ALMORT;12159,15096,15635,15730,16293,16537,17740,17757,17768,17775,18112,18133,18137
ALMORU;
ALMOST;6601,6602,18144,18148
ALMOSU;3192,6063,6361,6599,12289,14332,14689,15559,15722,15735,16539,17343,17452,17778,18148
ALMOTW;16537,18133
ALMOXY;4057
ALMPSS;12293,17760,17782,17783,18136,18139,18150
ALMPSU;3999,4058,9931,11927,16520,16786,18149
ALMQSU;3853,4061,15744,17344
ALMQUY;
ALMRSU;9931,12427,18149
ALMRSY;3202,4059,15111,15642,15728,15742,17741,17774,18147
ALMRWY;
ALMSST;1159,4030,9933,18150
ALMSUY;4001,11652,16539,18147
ALMTUU;4052,8883,11654,18115
ALNNOU;12457,15703,15756,15757,15758,17795,17796,18117,18159
ALNNSU;15758,15760,15766
ALNOOS;4002,4072,6590,6605,9936,9939,9941,9942,17435,17751,17803,18118,18135,18156,18163,18165,18166,18170
ALNOOZ;15767,18168,18169
ALNOPR;2017,2594,4073,6507,7716,11657,12428,12463,12464,13286,13834,15125,15768,15771,16529,16541,16970,17753,17805,17806,18172,18173
ALNOPS;2595,4074,6605,9943,11929,12465,17456,17457,18158,18165,18166,18174,18175
ALNOPT;3861,4066,4073,4074,9720,12463,16972,17755,17804,17808,17809,18078,18171,18173
ALNORS;3425,3595,3862,4072,9382,9721,9939,16973,18119,18156,18177
ALNORT;3863,4046,4073,9722,9945,13288,15130,15777,15778,15779,16974,17706,17757,17812,18137,18172,18173
ALNOSS;3209,6075,13290,15780,17436,18119
ALNOST;4032,4067,4074,6608,16531,17456,18165,18174
ALNOSW;6591,12442,12456,13839,16522
ALNOSY;6077,9384,9526,9724,9943,15563,15782,17209,17437,17457,17807,17814,17816,18158,18175,18177
ALNOSZ;2598,8894
ALNOTV;3866,17797,17808,17817
ALNOUZ;
ALNPST;17456,18165,18171
ALNPTU;9949
ALNRSS;16990,17832,18119,18161
ALNRSU;8902,13842,15787,15801,15803,15804,16543
ALNRSY;2599,10346,17663,18177
ALNRUY;2021,6086,9729,14356,15655,15808,16468,17764,17836,18180
ALNRXY;15806
ALNSST;8904,13307,13844,14700,15569,15657,15765,15799,15809,15810
ALNSTU;9527,9947,12472,17193,17213
ALNSTY;6611,12473,17213
ALNSUW;17006
ALNSUY;6611,6612,9950,13847,15167,16412,16788,17210,17213
ALNSVY;15805,17007,17816,18177
ALNSXY;15806
ALNTUW;
ALNTUY;15661,17641,17831,18180
ALOOPS;4004,6605,9180,9951,9953,18135,18140,18142,18163,18165,18166,18181,18182
ALOPPR;4054,4086,4087,18162
ALOPPT;13851,15172,15822,17804
ALOPRR;6613,9952,17846
ALOPRS;6512,9529,9953,17216,18079,18140
ALOPRT;4073,4086,6619,12463,18164,18172,18173,18183
ALOPRV;4087,6620,9735,17806,17846
ALOPRY;3599,4405,6096,6619,6620,9531,9958,12477,13853,14368,15830,15831,16550,17850,17851,18141,18173
ALOPSS;4089,8915,9916,9960,11688,12318,14705,15826,15832,15835,17216,17352,17441
ALOPST;16551,17214,17425,17456,18123,18165,18174,18196,18197
ALOPSU;6621,15722,15773,15821,15837,17196,17205,18174,18189,18196,18197
ALOQTU;6099,6623
ALORRW;18176
ALORSS;4089,9533,17216,17217
ALORST;18080,18201,18202
ALORSU;13318,15847,18200
ALORSV;3881,6104,6516,9740,9887,13319,14372,15180,15672,15727,15776,15829,15844,15848,17575,17860,18177
ALORSY;6627,8926,9889,12321,12444,13859,14709,15181,15573,15728,15845,15848,15849,17217,17715,17774,17858,17860,18126,18147,18177,18200,18203
ALORTU;2603,4096,6629,9945,9962,9963,16297,17464,17849,17861,17862,18127,18172,18183,18204
ALORUV;4075,4096,6518,14710,17862
ALORVY;4097,6620,18177
ALOSSS;9890,9946,18194
ALOSST;4098,12323,16547,17022,17863,17864,18120,18205,18206
ALOSSV;18195
ALOSTT;8929,11701,13863,14713,15734,15836,15842,15857,16551,18191,18201
ALOSTV;9743,17779
ALOSTX;3234,4095,18121
ALOSVV;4091
ALOTUW;9963,11705,18127,18204
ALOTUY;1163,6623,15861,17215,18204
ALPPSU;18178,18186,18188,18189,18207
ALPRRU;11709,15867
ALPRSU;2035,4076,4100,9931,18149
ALPRSW;17822,18079
ALPRTY;6619,6633,17725,17850,18173
ALPRUW;12482
ALPSST;3719,4077,4102,16558,18150
ALPSSU;2037,4102,8941,9948,14383,15790,15866,15880,17868,17870,18139
ALPSSW;17874
ALPSSY;1165,6520,9960,12329,15206,15872,15881,16558,17218,17783,17869,17873,17874,18150
ALPSTU;18149,18192,18196,18197,18207,18209
ALPSTY;2038,4060,17198,18123,18150,18197,18207
ALPSUY;15876,17210,17875,18197,18207
ALRRSU;1166,6372,17785,17877,18198,18200
ALRSST;9965,17786,17880,17881
ALRSTU;6431,6635,16543,16559,16560,17466,18149
ALRSTW;4107,6626,18080,18201,18202
ALRSTY;6627,6635,16560,16696,17466
ALRSUW;6575,6628,15583,15901,17859
ALRSWW;18202
ALRTTY;4103,8955,13875,15684,15911,17467,18180
ALRTUW;6629,9963,16415,18127,18204
ALRUUV;18131
ALRUVV;4044,17884
ALSSSU;4008,4109,4890,6122,15912,17212,18153,18194,18210
ALSSSY;15913,17218,18153
ALSSTU;6432,18205
ALSSUU;5371,6630,7062
ALSSVY;4106
ALSSWY;17874,18072
ALSTTY;2045,4099
ALSTUV;9756,14391,15811,15858,15905
ALSTVY;9757,15238,15692
ALSUUV;9935,15883
ALSUVV;15693,17884
ALTTUY;6128,15911,15918,17885,18180
ALTUVY;
AMMMNO;17887
AMMMOS;9891,17468
AMMMOU;15920,17887
AMMNOO;6129,6525,7728,12335,12484,17222,17670,17736
AMMNOS;3900,4045,9966,15244,15695,17890
AMMORT;15926,17223,17740,17889,18133,18211
AMMOSU;1171,6599,15931,17895,18215
AMMOSY;9966,15697,17030,17224,17470
AMMOXY;4113
AMMPSY;13367
AMMPUW;
AMMRRU;14394
AMMRSS;4114,8962,14727,15698,15928,15932,15933,17671,17893
AMMRSU;3902,4114,14395,17898
AMMRSY;17224,17741,17897
AMMSSU;4114,12485,15937,17448,17895
AMMSTU;4110,6526,17743,17892,18215
AMMSUW;15937
AMNNNO;9760,17471
AMNNOR;12487,18068,18134
AMNNOT;12341,12489,16562,17747,17899,17901,18222
AMNNOY;12487,15922
AMNNSU;12488,18224
AMNOOO;9924,12490,17904,18085
AMNOOR;2047,6374,8963,9925,9969,9970,9971,15945,15946,15947,17228,17230,17449,18068,18134
AMNOPT;11736
AMNORR;9970,16482,17037
AMNORS;18237
AMNORT;9971,18137,18211
AMNORY;17040,17230,17915
AMNOSS;3610,3908,17041,17900,18212,18244
AMNOST;1173,3724,18221,18222,18223
AMNOSW;3265,12494,12497,13378,15267,15965,17890,17918,18237
AMNOTU;12489,18225
AMNOTV;17911
AMNOTY;6433,15961,17907,17915,18137,18235,18236,18243
AMNPTY;18213
AMNRSU;2051
AMNRTU;1176,3614,9540
AMNSUY;15980,18245
AMNTTU;4051,6636,17058,17600,17919,18225,18246
AMNTUU;4052,12486
AMOOPT;15717,15983,17476,17766
AMOORV;11750,17905
AMOOTT;15987,15990,15992,18257
AMOPPY;
AMOQRS;
AMORRS;3991,4125,6637,16697,17238,17428,18214
AMORRT;2620,8976,9978,11756,13886,17059
AMORRU;4124,11757,15997
AMORRW;12502,16514,17374
AMORRY;16001
AMORSS;2053,4123,4126,4127,9983,16566,17675,17893,17931,17939,18249,18250
AMORST;426,3992,4128,6638,6640,18251,18253,18263
AMORSU;1177,4011,4126,6530,6640,17061,17232,17239,17913,17939,18242,18263
AMORSW;6377,9984,12497,12508,16535,17478,18219,18237,18264
AMORSY;6531,8981,9780,9985,12168,12504,15728,16001,17484,17774,17941,18147,18259
AMOSST;4408,6639,6641,12353,16569,17603,17894,17933,17942,18255,18260
AMOSTW;9984,12508,17487,17918,18222
AMOSTZ;12509,15301,16015,18233,18253
AMOSUW;13890,18224
AMOTTZ;
AMOTUZ;
AMPRST;429,4120,4130,6638,9981,18090,18145,18149,18251,18258,18267
AMPRTY;17605,17946,18267
AMPRUW;
AMPSSS;15310,17488
AMPSST;6532,6639,15311,15968,17782,17896,17933,17944,18150,18260
AMPSSW;16022,16026,17377,18266
AMPSUW;16026
AMPSWY;
AMRRSU;17785,17922
AMRRTY;3926,11766
AMRRUY;
AMRSST;17492
AMRSSU;16566,17787,17923,17939,18266
AMRSSW;6144,12357,15976,16006,16022,16031,17950,18266
AMRSSY;15319,16036,17492,17951
AMRSTU;16567,18149
AMRSTY;4134,9985,12511,18069,18243,18267
AMRSUU;7069,12358,16489,17898,17927
AMRSUV;
AMSTUZ;15333,17381
ANNOOX;15754,17961
ANNOPR;16043,16045,16046,17072,17962,18155,18273
ANNOPS;18158
ANNOPT;4066,14417,14754,15755,16045,17244,18078
ANNORT;9988,16562,17074,17454,17962,18273
ANNORW;15341,16053
ANNORY;12170,12366,12487,12514,18157,18220,18273
ANNOST;1181,4067,4137,6644,13424,15942,16057,16058,16059,18221
ANNOSY;12513,18158
ANNOTT;8996,9989,15343,16057,17077,17958,17966
ANNOTW;4138,11771,12458,16053,17249,18160
ANNOTX;3935,14755,16059,16060
ANNOTY;11772,12514,18160
ANNPSU;2626,14758,15760,17799,18276
ANNPTU;
ANNPUY;17083,18276
ANNRTY;4140,9795,12514,16495,17091,17972,18273
ANNSSU;12459,16056,18161
ANNSTU;3295,4016,11777,12515,12516,13891,15766,16058,16063
ANNSTY;4140,9797,16065,17093,17493,17615,17972,17975
ANNSUW;14760,18224
ANNSWY;16066,17095
ANNTTU;16042,17096,17966,18225,18229
ANOOPS;3940,6605,11779,12370,16068,17100,17496,18118,18135,18165,18166,18230
ANOORT;6645,13434,15946,16069,18211
ANOOSW;16800
ANOPRS;3624,6380,9973,18238
ANOPRT;3625,4073,4143,12463,18172,18173,18273,18284,18286,18289
ANOPRW;12525,15953,16076
ANOPST;4074,6578,9803,17181,17187,17456,17500,17984,17993,18096,18165
ANOPSW;12526,17498,17993,18096
ANOPSY;9943,12526,16496,17457,17499,17807,18158,18175,18238
ANOPTT;16075,18289
ANOPUY;
ANORRW;9009,15370,16079,17106,18176
ANORSS;6646,9808,12381,16300,18001,18002,18119,18280,18281,18291,18292
ANORST;12530,16301,16572
ANORSV;3736,9810,12384,12524,15373,15776,15957,16086,16088,17111,18177,18288,18293,18294
ANORSW;439,14433,16087,16089,16572
ANORSY;440,12532,12533,16051,16074,16302,18177,18294
ANORTT;6152,11795,14434,15374,15777,15959,16075,16090,16091,16092,17112,17618,17999,18289
ANORTU;6246,6651,18172,18286,18289
ANORTV;17113,18007,18293
ANORTY;4143,4147,9016,9813,9996,10000,10004,14436,15779,15961,16092,17114,17252,17681,17915,18007,18137,18173,18273
ANORYZ;6607,6648
ANOSST;6544,10005,12537,17389,17500,18001,18009,18098,18280,18290,18292
ANOSSW;9997,10005,17248,18002
ANOSSY;1184,5384,6156,9021,9815,11800,12471,14438,16699,18010,18244,18270
ANOSTT;17503,18221,18232
ANOSTU;6608,6653,16573,17504,18275
ANOSTX;6653,12387,15380,16059,17504,18006
ANOSTY;6157,9555,12388,12473,15782,17814,18245
ANOSTZ;2059,16070,17390,18233
ANOSUY;9556,18245,18294
ANOSWY;2632,6383,12526,12532,15965,17209
ANOSXY;12533
ANOUXY;
ANPPSY;15785,17125,17499,17820
ANPRSU;9026,11807,12523,13899,14444,15787,15967,16102,16109,17254
ANPRSW;
ANPRSY;4121,16074,16803,17133,17393,18238
ANPRTY;3306,4143,11810,15788,17136,18173,18273
ANPRUW;
ANPRUY;11812
ANPSSW;4139,9997,15398,16106,16113
ANPSUW;
ANPSUY;17210
ANPSUZ;
ANPSWY;12526,17141
ANPTUU;9949
ANQRST;4150
ANQSTU;4150,18247
ANRSST;4149,17251,18241,18280,18302
ANRSTT;
ANRSTU;4081,4150,16543,18299
ANRSTW;4151,12530,16572,17152,18005
ANRSTY;12176,17153,17396,17972,18299,18302
ANRSUY;18294,18299
ANRTTU;9829,10003,17835,18180,18289,18300
ANRTTY;4147,4152,18180,18300
ANRUWY;17836
ANSSSY;3963,14454,16111,18019
ANSSTU;12537,12540,17233,18098,18290
ANSSUY;9950
ANSTTU;3966,4085,17838,18021
ANSTUV;15437,15811,16128
ANSTXY;16138
ANSYZZ;17840
ANTUVY;16131
AOOPST;9832,10012,11935,12178,15983,16068,16417,17214,18165,18182,18251,18279,18303,18309,18310
AOOPTT;15441,16418,17976
AOORRT;6645,9978,11837,12543,16069,16141,16575,18030,18277
AOORRY;9992,10352,17497
AOORSS;4123,6646,15816,16142,18249,18250,18278,18280,18281,18307,18316,18317
AOORST;6164,6384,6439,6614,6657,7078,7749,9954,10012,12503,12547,14456,14782,15985,17684,17843,18089,18182,18251,18253,18303,18310
AOORSZ;6647,16576,17168,18253,18304
AOORTT;9043,15987,16145,16146,16420
AOORTV;6552,9044,16146,17845
AOOSWZ;
AOOTTT;11838,16145
AOPPPS;
AOPPRS;12522
AOPPRT;4021,4086,11839,17170,17983,18284
AOPRRT;12543,16575,18100,18277,18286
AOPRRU;4124,11843,16158,18286,18325
AOPRRW;15445,16159,16160,18100
AOPRSS;4089,12401,12553,17216,17931,18250,18323
AOPRST;2644,3741,6638,12182,18090,18251,18303,18308,18328
AOPRSU;2068,3972,6553,11845,12183,12523,12544,17403
AOPRSV;12524,15829,16150,16156,16163,16166,16167,18288
AOPRSY;9564,12184,16074,16167,16168,18238,18259,18306,18324,18328,18329
AOPRUV;11847,16158
AOPRVY;6620
AOPSST;6385,6639,7751,9837,12185,17258,17500,17510,17933,18039,18260,18274,18331
AOPSTU;14789,15611,15837,16152,16422,17287,17512,18196,18215,18332
AOPTUY;16172,18333
AOPWWW;
AOQRTU;
AOQSTU;16152
AORRSS;1186,4898,9841,9983,18285,18323
AORRST;6555,12555,17628,18042,18043
AORRSW;4157,13481,17188,18031,18041,18102
AORRSY;9393,9999,16001,17261,18200,18324
AORRSZ;4125,6556
AORRTW;11852,18045,18336
AORRTY;12187,17463,18045,18070
AORRWY;7752,12436,13914,16187,18045,18176
AORSST;17251,18280
AORSSV;4127,4162,13485,16163,16180,16192
AORSSW;12553,14795,16006,17189,17407,18002,18323
AORSTT;12410,16578,16579,17263,17629,17856,17940,18036,18042,18049,18050,18191,18201,18263,18327,18328,18335,18339
AORSTU;11855,12425,12555,16182,16196,16197,18263,18339
AORSTX;4095,11856,14798,16193,18006
AORSTY;13918,15845,16199,17261,17263,17484,18193,18324,18328,18338
AORSUU;15847,16194,18146
AORSUV;4163,18318
AORSVY;2650,4164,12412,17860,18177,18293
AORTUW;6629,9963,17486,17513,18127,18204
AORTUY;6559,9064,10004,10020,12413,15617,16202,16568,18070,18204,18262,18265
AORTVY;4097,9846,16199,16203,18007,18293
AORVWY;16187,16201
AOSSST;4158,6181,9847,15465,16171,18052,18330
AOSSTT;2652,4098,10026,11861,12550,16011,16580,18104,18205,18260,18341
AOSSVY;15855,18010
AOSTTT;6661,9066,16195,16204,17865,18339
AOSTTU;4129,6658,6661,18040,18049,18053,18263,18327,18332,18337,18339
AOSTTY;1189,4099,10024,17263,18328,18338
AOSTUW;16205,16573,17253,18053
AOSTUY;6443,18245
AOTTTW;11864
APPPSU;16206,16207
APPRTY;
APPRUW;
APPSUY;18207
APPSUZ;
APRRSY;18324
APRSST;6662,18297,18343
APRSSY;10006,18056
APRSTT;9852,18016,18036,18191,18308,18326
APRSTY;17946,18056,18267,18324,18329
APRSWY;4022,17414
APSSSU;12554,16227,17488,18194,18330
APSSTU;4102,6662,12540,18020,18055,18297,18343
APSSUW;14489,16026,18266
APSTUY;11868,17875,18207
APSUWY;11869
AQRRUY;
AQRSTU;2654,3980,4150,9855,18022
AQRTUZ;16176,16233
AQSSTU;9081,9856,16231
AQSSUW;
AQUYZZ;
ARRSST;1191,18268
ARRSSU;18268
ARRSTY;17261,17878,18058,18299,18324
ARSSST;9859,17947,18060
ARSSTT;
ARSSTU;3639,4104,5395,6195,6662,12099,15898,16220,16231,16237,16246
ARSSTW;9861,17950
ARSSTY;9862,9965,12418,17492,17687,17881,17951,18056,18302
ARSTTT;452,2079,18339
ARSTTU;453,4169,16559,16578,16808,18339
ARSTUW;6198,13926,16129,17516
ARSTUX;9093,11877,16225,16246
ARSTUY;4108,4169,6635,7760,12511,16560,17466,17516,18069,18299
ARSTWY;2081,3985,4134
ARSTXY;16248
ASSTTU;6251,10026,16580,18104,18205
ASTTWY;
BBBDEI;
BBBDEO;4170,4173,18347,18348,18349
BBBEIL;4175,18351,18352,18353,18354
BBBEIR;4175,18351,18353,18354
BBBEIU;18354
BBBELO;4176,18353
BBBELU;
BBBELY;18358
BBBEOR;18348,18353
BBBESU;
BBBHUU;18363
BBBINO;18356
BBBLOY;
BBBLUY;18358
BBCDEO;4170,18369
BBCDEU;18370
BBCELO;
BBCEOR;
BBCEOW;18346
BBCESU;4197,18370,18381,18382,18386,18388
BBCHUY;18395
BBCLUY;18395,18398
BBDDEI;18408
BBDDEO;4229,18404
BBDDEU;4226,18405,18408,18409
BBDEEK;4171,18347
BBDEEN;4234,18414,18416
BBDEEW;18416
BBDEFI;18420
BBDEFO;
BBDEFU;
BBDEGI;18410,18411
BBDEGO;
BBDEGU;
BBDEHO;4239,18422
BBDEIJ;18412
BBDEIL;18426
BBDEIN;4242,18408,18432,18433
BBDEIO;18431,18432
BBDEIR;4242,4244,18432,18433
BBDEJO;
BBDELO;
BBDELU;18426
BBDEMO;4251,18404,18431
BBDEMU;4252,18405,18414
BBDENU;4253,18349,18408,18409,18414,18416,18433,18443
BBDEOO;4239
BBDEOR;4229,4251,4255,18422,18432
BBDEOS;18415
BBDEOU;18349
BBDEPU;
BBDERU;4253,18433,18443
BBDESU;18434
BBDETU;
BBDIKU;18451,18452
BBDINO;4267,18432
BBDINU;18408,18433
BBDKUY;18452
BBDOSU;4274,18454
BBEEEE;
BBEEIK;
BBEEIR;4280,18351,18460,18461,18465
BBEEIW;
BBEEKL;
BBEELP;18461
BBEEMX;18455,18462
BBEENS;18458
BBEERR;4235,4278,4281,18418,18460,18465
BBEERS;4282,18419,18457
BBEEST;18413,18468
BBEFIR;18476
BBEGIN;18352,18480
BBEGIR;18410,18488
BBEGIT;18411
BBEGLO;
BBEGNU;
BBEGOT;
BBEHIK;
BBEHLO;18459
BBEHOR;4303,18422,18498
BBEIIM;
BBEIIR;
BBEIJO;
BBEIJR;18412
BBEIKL;4304
BBEIKS;
BBEILM;4307
BBEILN;4308,18352,18480,18507
BBEILR;4175,4312,18351,18353,18354,18492,18511,18515,18517,18518
BBEILS;4300,4307,18516
BBEILW;4312,18511
BBEIMO;18431,18476,18522
BBEIMX;18462
BBEIOO;
BBEIRR;4292,4317,4318,18465,18473,18488,18517
BBEIRS;18526
BBEISU;18434,18516
BBEJOR;
BBEKNU;4205,18505
BBEKOS;4323,18380,18543
BBEKSU;18381,18382,18541
BBELLU;4206,4324,18438,18471,18506,18544,18546,18547
BBELMO;4176
BBELMU;18470
BBELNO;18507
BBELNU;4308,4327,18509
BBELNY;
BBELOR;18353
BBELOT;487,4329,18557
BBELOW;18459,18557
BBELPY;
BBELRU;18492,18509,18515,18547
BBEMNU;18387,18414
BBEMOR;4251,4341,18476
BBEMOS;4342,18561
BBENRU;4253,4327,18443
BBENSU;18529
BBEOPS;
BBEORR;18498
BBEORS;18526,18543,18563
BBEOSU;18554
BBERRU;
BBERTU;
BBESSY;
BBESUZ;4343
BBFILU;18570
BBGINO;18584
BBGIOW;18591
BBGLOY;18592,18605
BBGRUY;18595
BBHIOT;4377,18494,18611
BBHJOO;
BBHLUY;18395
BBHNOO;18362
BBIIKS;
BBIIRT;
BBIIUU;
BBIKOS;4382,18367
BBIKSU;
BBILLU;18398,18506
BBILNY;
BBILOS;18590,18606,18625,18626,18627,18628
BBIMOS;4387,18596,18620,18632
BBINNU;
BBINOR;
BBIRTU;18629
BBKNOY;
BBKNUY;
BBKOOS;4372,18638,18639,18640
BBLLUU;18641
BBLNUY;
BBLOOS;18440,18637,18638
BBLOSY;4401,18545,18556,18625,18626,18627
BBLOWY;18605
BBLRSU;4272,4402,18629
BBLRUY;18358,18547,18595
BBLSSU;500,18559,18560
BBLSUY;4340,4404
BBMOOS;18620,18633
BBMOSU;4274,4409
BBMOUY;
BBMOXY;18561
BBMRUY;
BBNNOO;
BBNOOO;
BBNOSY;18563,18626
BBNOTU;18644
BBNSUY;
BBOOOO;
BBOOSY;18366,18610,18633
BBOOUU;18363
BBORTU;
BBOSUY;18454
BBRSUU;4394,4410,18445
BBSTUY;
BCCEEH;4416
BCCEIO;
BCCEOS;18653,18663
BCCIOR;18649,18666,18671,18673
BCCIOS;18367,18672
BCCISU;18661,18667,18672
BCDEEK;4454,4458,18681,18682,18691,18692,18702,18703,18704,18705
BCDEIO;18726,18727
BCDEIS;4481,4483,18694,18698,18700,18715
BCDEKO;4472,18702,18703,18729
BCDEKU;4487,18682,18704,18705
BCDEMO;4495,18702,18726,18735,18736
BCDENU;4487,4494,4497,4498,4499,18738
BCDERU;18370,18704,18708,18714,18717,18728,18738
BCDIOU;4520,18727,18753
BCDIRY;18725
BCDNOU;
BCEEHO;18776
BCEEHR;4456,4543,4549,4550,18686,18764,18765
BCEEHY;
BCEEKN;18691,18703,18763,18793
BCEEKR;4458,18692,18704,18784,18793
BCEEKS;18769,18773,18795
BCEEKT;18705
BCEEKZ;
BCEELO;4555,18707,18776,18796,18797
BCEELS;18694,18769
BCEEMO;18702,18709,18800
BCEEQU;
BCEERS;550,4550,4559,4561,4566,4567,18765,18766,18777,18778,18803,18808
BCEESX;18788,18808
BCEESZ;
BCEGLO;4583,18818
BCEHLN;4473,4545,4597,4598,18688,18774,18775,18813
BCEHNY;
BCEHOR;4599,4608,4610,18841,18843
BCEHOS;
BCEHOU;4195,4607,4610,18843
BCEHRU;4610,18374,18651,18824,18843
BCEIIK;18851
BCEIIS;18719,18854,18857,18858
BCEIKR;4573,18784
BCEIKU;18783,18859,18866
BCEILM;18782,18821
BCEILR;18659,18660,18693,18725,18785,18870,18875
BCEILS;4620,4624,4634,18661,18694
BCEILY;4637,18725,18821,18871
BCEIOR;18889
BCEIOX;18788,18885
BCEIPS;4481,18887
BCEIRS;18857,18858
BCEIRT;561,4423,4615,4642,4647,4649,4652,4653,18820,18829,18831,18832,18833,18891,18894
BCEIST;4634,4639,4644,4648,4656,18377,18379,18700,18880,18891,18893
BCEJOT;18701,18792,18895
BCEKLU;4203,4657,4667,18383,18783,18859,18866,18897,18900
BCEKMO;4424,4662,18702,18860
BCEKNO;4204,4670,18703,18793,18899
BCEKRU;4659,18704
BCEKTU;18705,18866
BCELMO;
BCELOR;574,4599,4684,4695,18707,18797,18915
BCELOS;4600,4666,4678,4693,4696,4697,18834,18898,18908,18914
BCELOU;4698,18915
BCELRU;18659,18708,18799,18870,18875,18909,18915
BCEMOO;18736,18917
BCEMOR;4684,4707,4710,18800,18917
BCEMOS;4587
BCEMRU;18664,18801,18824,18878
BCENOO;4640,18818,18920
BCENOS;18914
BCENOU;4716,18387
BCENSU;18711,18794,18804,18886
BCEORS;18730,18742,18803,18905
BCEOTT;18713
BCERRU;4727,18838,18843
BCERSU;18370
BCGINU;4507,4759,18940,18941,18954
BCGORU;18956
BCGORY;
BCHIIR;18820,18935
BCHILO;4769,4770,18967
BCHIMS;18823,18968
BCHIOP;
BCHIRT;4776,18820,18829,18831,18832,18833,18971
BCHITY;18833,18958,18967
BCHLOT;4777,18716,18776,18834
BCHLSU;4601,18394,18835,18976
BCHNRU;18973,18978
BCHNUY;18966
BCHOOR;4774,4790,18718,18841,18969
BCHORS;4510,4789,18747,18970,18978
BCHOTY;18847
BCHSUU;18397,18976
BCIILM;18782,18854,18944
BCIINO;18815,18989,18993
BCIINU;4799
BCIIOP;18856
BCIIOT;18929,18981,18988
BCIITU;4799,4803,18668,18721
BCIKNO;
BCIKRS;4768,4809
BCIKRY;
BCILMS;615,4817,18399,18985,19006,19008
BCILOO;4770,18862,18945,19001
BCILOS;4519,4742,4819,4822,18672,18752,18987,19002,19006,19010
BCILPU;4820,18875,19005
BCILRU;4813,4823,18376,18659,18753,18870,18875,18984,19011
BCIMOR;4826,18666,18748,18754,18755,18928,18931,18951,18990,19012
BCIMOS;18755,18952,19006,19012
BCIMOT;18880,19007
BCIMSU;18399,18968,18985,19008,19012
BCINOR;18673,18951,18992,18993
BCINOS;18756,18952,19014,19015,19016
BCINRU;18757
BCIORS;18755,18758,18970,18987,19010,19012,19023
BCIOSX;18788
BCIRRU;4823,18882,19019
BCISTU;18379,18401,18893,18968,19015,19022
BCKLOS;4666,4761,4849,4854,4855,18403,18864,18898,18901,18963,19002,19028,19030,19032
BCKLOY;4221,19031
BCKNUU;18900
BCKORS;18730,18760,18901,18905,18906
BCKOSU;4782,4873,18403,18760,18964,18974,19030,19032,19036
BCKSUU;18397,18932,19026
BCLOSY;4822,4879,4883,19006
BCMOOS;18677,19039
BCMOOT;4893,19040
BCMORS;18755,19012,19047
BCMORY;4892,18737
BCMRSU;4861,19012,19046,19047
BCMRUY;
BCNOOR;
BCNORS;18803,18921,18978
BCNOSU;18978,19013,19014,19016,19032
BCNOTU;4834
BCNOUY;4716,4897,19009,19049
BCNRUU;18738,18757
BCOOOO;18676,19027
BCOOSY;19018,19052,19054
BCOOWY;18740
BCOPSU;18842,19022
BCORSS;18979,19053
BCORSU;4538,4839,4901,18747,18760,18978,19012,19013,19023,19044,19047,19055
BCRSSU;4729,4901,18806,18916,18919,18924,18925,19056
BDDDEE;4905,4906,19058,19059,19060,19061,19062,19063
BDDDEU;19058,19062,19063,19065
BDDEEI;19060,19078,19079,19082
BDDEEN;4916,4917,18683,19063,19075,19080,19081,19082,19087,19090,19092
BDDEER;18406,19092,19093,19097
BDDEET;19091,19096
BDDEEY;4917
BDDEGO;
BDDEGU;19072,19075,19076
BDDEIN;19081,19082
BDDEIO;19079,19083,19103,19107,19109,19110,19111
BDDEIR;
BDDELO;4932,19089
BDDELU;19071,19088,19115
BDDEMU;4924,18405,19062,19088,19115
BDDENO;
BDDENU;4935,18409,18683,19063,19065,19075,19087,19090,19092,19120
BDDERU;19092,19097,19115,19120
BDDESU;
BDDISU;19125,19131
BDEEEF;4955
BDEEEI;19141,19144,19145,19147
BDEEEL;19144,19150,19154
BDEEEN;4955,19138,19139,19144,19157
BDEEEP;
BDEEET;19143,19157,19161,19162,19163
BDEEFL;19071,19169,19171,19177,19178
BDEEFW;19170,19180
BDEEGG;4909,4965,4966,19072,19167,19183,19184,19185,19186
BDEEHL;683,4973,4974,19205,19206,19207,19208
BDEEHR;684,4232,4456,4956,4967,4972,18686,18689,19206,19209,19210,19213
BDEEIL;4985,4986,4987,4989,4991,19144,19171,19188,19189,19190,19216,19217,19225,19226,19227,19229,19230,19232,19234,19235,19237,19239
BDEEIN;4986,18697,19081,19082,19144,19146,19172,19188,19193,19194,19216,19230,19231,19246,19247,19251,19252
BDEEIR;18692,18693,19147,19189,19217,19222,19232,19236,19237,19255
BDEEIS;18698,19187,19204,19242,19245,19246,19252,19253,19256
BDEEIT;4961,4989,4997,18411,18697,19168,19176,19218,19223,19234,19239,19247
BDEEJL;
BDEEJM;4998
BDEEKM;5001,5002
BDEEKR;18692,19219,19266,19267
BDEELL;19268,19269,19270,19271,19272,19273
BDEELN;18688,18706,19144,19188,19196,19205,19216,19230,19231,19274,19279
BDEELS;19152,19208,19284,19285
BDEELT;19223,19234,19272,19288
BDEEMR;18709,19155,19209,19210,19292,19293,19294,19295
BDEEMS;19134,19156,19244
BDEENO;4465,4977,5031,18703,19138,19196,19205,19247,19248,19274,19279,19289,19290,19300,19303
BDEENR;5003,5037,5038,5039,5040,5041,18689,19092,19139,19265,19291
BDEEOY;19295,19303
BDEEPS;5044,18698,19304,19310
BDEERR;18418,19097,19181,19324,19325,19326
BDEERS;19152,19159,19201
BDEERW;19147,19237,19326
BDEERY;19153,19210,19261,19271,19287,19295,19326
BDEEST;19099,19281,19288,19321,19322,19323
BDEESW;4981,19069,19100,19204,19252,19256,19302,19323,19329
BDEESY;5050,19261
BDEETT;18713,19096,19157,19161,19163,19176,19262,19322,19330
BDEEWY;5054,19326
BDEFFI;
BDEFFO;
BDEFFU;19164,19165,19166
BDEFIR;19333,19334,19335,19338,19339,19340
BDEGGI;5068,19183
BDEGGO;19167,19184
BDEGGU;5069,19072,19185,19186
BDEGIL;5068,5073,5075,19073,19189,19190,19345
BDEGIN;19193,19194,19349,19355,19356
BDEGIO;
BDEGIR;18410,19189,19191,19344,19346
BDEGIU;5075,19190,19356
BDEGLO;5085,5087,19196,19359
BDEGLU;5075,18687,19169,19190
BDEGNO;19138,19196,19359
BDEGNU;5069,5094,19075,19185,19195,19356
BDEGOR;5092,5095,5096,19363
BDEGOS;19361,19362
BDEGOU;19197,19359
BDEGRU;4971,5091,5094,19140,19186,19202
BDEGSU;
BDEGTU;19076,19202,19356
BDEHIN;
BDEHLO;5106,5109,18716,19205,19206,19207,19371
BDEHOO;4239,5056,18718,19211,19373,19374,19375
BDEHOS;4477,5119,19077,19214,19366,19369,19370,19376,19377
BDEHOT;5109,18422,19212,19375
BDEHSU;
BDEIIM;19103,19381,19386
BDEIIR;5123,18720,19217,19332,19333,19334,19379,19381,19383,19384
BDEIKL;19379
BDEILL;5098,5128,5129,18424,18425,19396,19397,19398
BDEILM;4985,5073,5130,5131,5133,19227,19367,19381,19394
BDEILN;706,4986,5058,5131,5135,5136,19144,19216,19230,19231,19395,19396,19399,19403
BDEILO;5138,19105,19234,19235,19397,19402,19403,19404,19412
BDEILR;18693,18725,19189,19217,19222,19227,19236,19237,19379,19381
BDEILS;19337
BDEILU;18426,18695,19190,19230,19337,19401,19403,19411,19412,19418,19425
BDEILY;18647,18725,19385,19420
BDEIMN;5131,18726,19399,19426,19427,19428
BDEIMS;19244,19245,19427,19435,19437
BDEIMU;19245,19394,19401,19427,19428,19437
BDEINN;5158,19106,19172,19387
BDEINR;18433,19447,19448
BDEINT;5080,5135,5161,5166,18697,19081,19247,19250,19349,19356,19426,19443,19447,19451
BDEINU;5127,5166,18433,19230,19356,19395,19406,19428,19447,19448,19451
BDEIOO;5154,19439
BDEIOR;19083,19255,19335
BDEIOS;5160,19246,19256,19366,19369,19388,19441,19442,19462
BDEIPR;4992,5169,19417
BDEIPS;4481,5141,5170,18698,19369,19388
BDEIRR;18720,18722,19333
BDEIRS;
BDEIRU;18433,19175,19255,19257,19334,19448,19455
BDEIRV;5145,5178,19236,19258
BDEIST;18724,19347,19357
BDEISU;18434,19245,19337,19401,19437,19462
BDEITT;5184,19176,19262,19451
BDEKLU;19466
BDEKNO;5104,18703
BDEKNU;19087,19195,19265
BDEKOO;5186,5192,18729,19467
BDEKOR;5193,5194,19267,19335,19391
BDEKRU;5189
BDEKSU;
BDELLO;719,5059,5106,5196,5198,18439,19269,19397,19398,19471,19473
BDELLU;722,5107,18438,19268,19270,19272,19273,19466,19473
BDELMO;5085,5196,19274,19275,19371,19475
BDELMU;5199,18733,19394,19401
BDELNO;4491,5203,19089,19196,19205,19274,19279,19351,19399,19402,19404
BDELNS;726,4248,5205,5206
BDELNU;18706,19230,19395,19480
BDELOO;4492,5186,19177,19471,19490
BDELOR;18707,19206,19275
BDELOS;19285,19475
BDELOT;18716,19234,19413
BDELOU;19411,19412,19473,19490
BDELOW;19371,19397,19486,19490
BDELRU;18708,19270,19287
BDELRY;18725,19153,19271,19287,19420,19495
BDELSU;18733,19337,19401,19422,19476,19497
BDELTU;19272,19418
BDEMMU;
BDEMNU;4494,5112,5199,18414,19291,19427,19428,19501
BDEMOO;5154,18736,19373,19504
BDEMOR;4251,5113,5217,5219,19209,19275,19292,19294,19295
BDEMOS;5218,19475,19498,19499
BDEMOT;4495,5219,19289,19426,19500,19504
BDEMOW;19371
BDEMOY;18736,18737,19295,19373,19432,19475,19503
BDEMPU;19297
BDEMRU;
BDEMSU;5115,5220,18733,19401,19427,19435,19437,19476,19499,19501,19505
BDENNU;4935,5188,5222,19090,19106,19480,19508
BDENOR;
BDENOT;19091,19119,19247,19289,19300,19426,19443,19484,19500,19506,19510,19511,19516
BDENOU;18349,19303,19510,19516
BDENOW;5185,5228,19290,19302,19439,19511
BDENOY;19303,19404,19507
BDENRU;18433,18443,18717,18738,19092,19108,19120,19265,19291,19306,19448,19508,19519
BDENSU;18711,19307
BDENSY;
BDENTU;19119,19356,19443,19451,19500,19506,19510,19516
BDEOOR;5239,18718,18739,19308,19509
BDEOOS;19362,19468
BDEOOT;18739,19308,19504,19510,19511
BDEOOZ;
BDEOPP;18417
BDEOPR;5095,5240,19309,19311,19512
BDEORR;19363
BDEORS;744,4500,4938,18730,19377
BDEORT;18422,18739,19212,19308,19319
BDEORU;5248,19255
BDEORW;5193,5239,5244,19365,19523,19531
BDEORY;4502,5194,5227,18737,19295,19363,19432,19456,19495
BDEOSS;5065,18441,18731,18743,19095,19214,19296,19320,19321,19415,19434,19441,19461,19482,19515,19527
BDEOSU;5249,19462,19528
BDEOSW;5119,19256,19302,19323,19361
BDEOTT;18713,19096,19322,19504,19516
BDEOUY;19303,19495,19507
BDEPRU;5250,5251,19297,19324,19417,19512
BDERRU;5230,19097,19181,19257,19306,19324,19325
BDERSU;19476
BDERTU;5221,5259,19202,19298,19325,19330
BDERUX;5248
BDESSU;5121,18743
BDESTU;4505,5249,19099
BDESUU;5236,19182,19449,19497,19521
BDESUW;5260,19100,19329
BDETTU;19330,19451,19516
BDEUZZ;
BDFILO;5262,19543,19544
BDFIOR;5262,19335,19338,19546
BDGIIN;19348,19349,19558
BDGIIO;
BDGINO;19124,19573,19576,19577
BDGINY;5282,19126,19194,19572
BDGMUU;
BDGOOY;19554,19574
BDGORU;19576
BDHIIN;
BDHIOS;5297,19366,19369,19584,19589,19590
BDHIRY;5299,19129
BDHNSU;
BDHNUU;
BDIILO;4511,19604
BDIIMR;5315,18748,19381,19607
BDIINS;5317,19597,19599
BDIITT;5319
BDIKNO;
BDILNS;777,5276,5295,5329,19584,19611,19615
BDILOO;19105,19409,19544,19609,19612,19616
BDILOY;5333,18751,19404,19567,19609,19610,19616,19617
BDILSU;5149,5337,19337,19401,19422,19425,19545,19602,19611,19615,19619
BDILUY;
BDIMOR;18748,18754,19585,19586,19610,19621
BDIMOS;19622,19625,19626
BDIMOY;18371,18751,19432,19610
BDINNU;19106,19628
BDINOS;5160,5317,5343,5345,18756,19246,19438,19441,19584,19589,19629,19630,19631
BDINOU;5344,19546,19566,19576,19577,19621
BDINPU;19132,19614
BDIOOT;19636
BDIOPS;19369,19388,19589
BDIOSV;19459
BDIOTU;19443,19460,19577,19618
BDIRTU;19620,19633
BDKLOO;5186,5355,19467
BDLLOY;4270,19609
BDLMUY;
BDLNOO;5355,19544,19565,19612,19647,19648,19649
BDLNOS;5289,5360,5364,5365,19584
BDLOOS;19580,19650
BDLOOY;19609,19616,19648
BDLOUY;19495,19648
BDMOSU;4274,19499,19594,19622,19626,19654
BDNOOS;5357,5378,19438,19468,19629,19630,19642,19657,19658,19659
BDNOOY;19574,19648
BDNORS;19575,19608,19629,19631,19657,19661,19662
BDNOSU;19642,19657,19658,19662
BDNOTU;19119,19443,19484,19500,19506,19510,19516,19577,19655,19656,19660
BDNOUY;5383,19303,19507,19648
BDNSTU;5387,5389
BDNSUU;5236,5389,19449,19518,19521,19578,19615,19624
BDOORS;4534,5378,5390,18453,19629,19635,19652,19657
BDOORY;19616,19636,19644
BDOOSS;5392
BDORSU;4538,5382,18747,18760,19550,19635,19651,19654,19657,19661,19662
BDORWY;812,19644
BDOSTU;5249,19496,19528,19533,19645
BEEEFL;19666
BEEEHP;
BEEEKL;5402
BEEELS;19152,19694,19696,19698,19703,19704,19710,19711,19712,19714,19716
BEEELT;19695
BEEEMS;5405,18455,19134,19156,19710,19712,19718
BEEEMT;
BEEENS;5408,18766,19670,19679,19683,19696,19699,19710,19718,19720,19721,19722
BEEEPR;19723
BEEEPW;
BEEERS;5398,5399,5411,18456,18457,18765,18766,18767,19067,19152,19159,19667,19673,19677,19680,19683,19684,19685,19702,19715,19716,19726
BEEERZ;19672,19700
BEEESS;19068,19158,19668,19675,19681,19692,19721,19727
BEEESV;5411,19688,19698,19716
BEEFIL;5414,5415,5418,18768,19730,19736,19737,19738
BEEFLL;5414,5421,5422,19736,19737
BEEFLY;
BEEFOR;5425,19179,19745,19746,19747,19749
BEEFRT;19729,19748,19749
BEEGIL;5429,19073,19188,19678,19730,19755,19758,19759,19760,19761
BEEGIN;19188,19193,19194,19678,19750,19758,19761
BEEGIR;5431,18410,19074,19680
BEEGIS;18771,19187,19767
BEEGIY;19194
BEEGLS;19682,19779
BEEGMS;19198,19767,19780,19782,19783
BEEGNO;19138,19786
BEEGNR;19778
BEEGNU;19075,19195
BEEGOR;19778,19789
BEEGOS;5440,19762,19782,19790
BEEGRS;18771,19201,19680,19685,19767
BEEGRU;19140,19186,19200,19202,19763
BEEGST;5443,19788
BEEGUY;19777
BEEHIP;
BEEHLT;826,18776,19799
BEEHNS;
BEEHOP;19809
BEEHOT;18776,19212,19791,19793
BEEHOV;19801
BEEHRT;19810
BEEHRY;
BEEHST;4980,5457,19142,19807
BEEIKL;5468,5469,5470,5471,5472,5473,18783,19792,19831,19832,19833,19834,19835,19836
BEEILR;4987,5447,5472,5490,5492,5493,18351,18461,18693,19217,19227,19232,19237,19792,19835,19852,19854,19867
BEEILS;19696,19698,19827,19856,19859,19860,19861,19871
BEEILV;5429,5487,5496,5498,5499,19761,19866
BEEIMR;19852,19854,19872,19873,19875
BEEIMT;5502,18463,18464,19766,19793,19872,19875
BEEINW;19082,19193,19887
BEEIOT;19234,19793,19828,19866,19872,19894
BEEIRT;19828,19845,19867,19872,19875,19894,19898
BEEIRY;
BEEIST;19674,19699,19740,19822,19825,19826,19829,19860
BEEISV;5496,5510,19238,19688,19698,19796,19846,19869,19897,19900
BEEISX;18788
BEEIZZ;
BEEJLS;19703,19704,19827
BEEJMS;
BEEJNS;
BEEJNU;
BEEKNS;5520,5521,19907,19908
BEEKOR;5524,18793,19266,19267,19835,19905
BEEKRS;19219,19830
BEEKRU;
BEELLS;832,5433,5530,5536,5537,19706,19914,19915,19916,19917,19918
BEELMM;19150,19920
BEELMR;5539,5542,5544,19753,19852,19854,19925
BEELMS;19710,19712,19922,19923,19927
BEELNS;18775,19696,19710,19779,19856,19857,19859,19860,19930,19931,19933
BEELNU;18706,19230,19282,19738,19843,19862,19935,19936
BEELOT;5515,5561,5562,18776,19234,19866,19939
BEELOV;4555,5535,5541,5550,5559,5562,19801,19866,19940
BEELPS;19714,19853,19943
BEELPT;19151
BEELRS;837,5025,5434,5454,5536,5551,5558,5563,5567,5568,18777,19152,19280,19714,19716,19804,19947
BEELRT;18799,19845,19867,19939,19948
BEELRY;19153,19271,19287
BEELST;19281,19288,19764,19860,19871,19916,19927,19949,19950
BEELSV;19238,19698,19716,19846,19869,19917,19946
BEELSZ;5497,5547,19704,19865,19933,19947
BEELZZ;19713,19928
BEEMMR;5539,5579,5580,18800,19155,19717
BEEMNS;19156,19710,19718,19780,19922
BEEMRS;19293,19806,19953,19955,19956,19957
BEEMRU;5580,18801
BEEMSU;19718,19782,19807,19922,19927,19959
BEENNR;5037,5588,5589,19768,19929
BEENNS;5458,5587,5590,19720,19808,19930,19966
BEENNT;5588,5591,19300,19967
BEENNU;5589,5591,19090
BEENOR;847,4285,5581,18793,19778,19879,19929,19951,19970,19971
BEENOT;5593,19091,19289,19300,19786,19968,19970,19971
BEENST;5042,5408,5504,5553,5582,5597,5601,19251,19281,19699,19721,19722,19740,19774,19860,19888,19975,19976,19978
BEENTU;5555,5591,18780,19282,19935,19936
BEENTW;5601,19887,19978
BEEOOT;19308,19749,19983,19985
BEEOPP;18417,18472
BEEORR;5425,5602,19983,19984
BEEORS;19953,19956,19957,19992,19993,19995,19997
BEEORY;19295
BEEPRU;5607,19297,19324,19944
BEEPTW;
BEERRS;19159,19305,19685
BEERRT;19325,19867,19898,19924,19983,19991,20007
BEERRU;5607,18418,19097,19181,19257,19306,19324,19325,20007
BEERRV;5410,5602,5614,19160,19314,19984
BEERRW;
BEERST;18807,19724,19962,19975,19977,19995,20004
BEERSV;19201,19716,19796,19869,19900,19946,20010
BEERSW;19329,19892,19901,19957,19998
BEERTT;18791,19161,19262,19686,19875,19886,19898,19939,19985
BEERTV;5508,5614,18809
BEERYZ;19870
BEESST;19288,19721,19727,19916
BEESTU;5426,5512,5618,5621,18807,19099,19263,19807,19825,19829,19902,19927,19950,19962,19995,20011,20013,20014
BEESTW;5577,5601,19323,19722,19941,20014
BEESUV;19917,20010,20013
BEFFIR;18810
BEFFLU;4289,4570,19728,20017
BEFFOU;
BEFFPU;19164
BEFFRU;19165,19729
BEFFTU;5413,19166,19729
BEFGIT;5630
BEFGLU;19169,20021
BEFGOS;
BEFHOO;5056,5635
BEFILM;5640,20028
BEFILO;5641,5644,18812,20028
BEFILX;19737,20027
BEFIRS;5637,5645,19336
BEFIRT;20039
BEFIST;4291,5420,19674,19740,20031,20037
BEFITU;5656
BEFIWY;
BEFLMU;858,5657,19728
BEFLOO;19177
BEFLOU;5664,19745,20046
BEFLRY;
BEFORY;19342,20051
BEFOSU;
BEFRRU;19181
BEFRUY;
BEFSUU;19182,20047
BEGGII;20053,20054
BEGGIR;
BEGGLO;
BEGGOR;
BEGGRU;19186,19751
BEGHIS;5070,19187,19347,20062,20070,20071
BEGILN;18352,18480,18813,19678,19730,19758,19759,19761,20117
BEGILO;5709,20103
BEGILR;5686
BEGILS;5629,5703,5710,20019
BEGILT;870,5630,5709,19345
BEGIMR;
BEGINN;18814,20106,20129,20130,20132
BEGINO;18815,18816,20066,20067,20068,20096,20123,20124,20129,20132,20135,20137
BEGINR;20066,20069,20130,20132
BEGINS;18485,18486,19102,19353,20052
BEGINT;19349,19356,20087,20091,20094
BEGINU;19356,20098,20125,20142
BEGIOO;
BEGIOS;20058,20071,20127,20128
BEGIOU;
BEGIRS;4581,18771,19680
BEGIRT;5722,19346,20069,20072,20091
BEGIRU;18488,20098,20125,20142
BEGISW;18486,19776,20141
BEGKNU;19195,20098
BEGLNO;18818,19359,20073,20153
BEGLNU;20073,20153
BEGLOS;
BEGLOT;20148,20158
BEGLOW;5743,20110,20153
BEGLRU;
BEGLSU;19765,20152
BEGLTU;20148,20158
BEGMNO;5749,18816,20096,20122,20123,20124
BEGMOS;19780,19782,20122,20127,20128,20149
BEGMSU;5752,18817,19198,19782,19783,20126,20151,20152
BEGNOY;
BEGNRU;4589,5094,5757,20098,20125,20142
BEGNSU;5681,5758,20165
BEGNUY;20142
BEGOOR;19789,20161
BEGOOS;20061
BEGOOY;20160
BEGOPX;19790
BEGORS;18489,20118,20136
BEGORU;20076,20166
BEGOSU;5692,5762,19782,20078
BEGOSY;5760,5762,20128
BEGOTU;20076,20148,20158
BEGOTW;
BEGRRU;20150,20166
BEGRSU;4299,5695,5752,5766,20167
BEHIKR;19792
BEHILT;5774,19345,20177
BEHINS;18827,20024,20195,20196,20197
BEHINT;5448
BEHIOT;19793,20067,20199
BEHISS;5780,19794,19797,20169,20174,20184,20203,20205
BEHISU;18811,18827,20175,20192
BEHITT;4593,5774
BEHITZ;
BEHKOR;5789
BEHKOS;4595,5791,19366,19370,20168,20171,20174,20207
BEHLMU;5795
BEHLOW;18459,19207,20210
BEHLRU;18492,20185,20187
BEHLSU;4601,18496
BEHMOR;5113,5806,5809,19209,19805
BEHNOR;903,5789,5806,20066
BEHOOS;18840,19811,19812,20074,20190,20217,20226,20227,20235,20236,20239
BEHORT;4303,18422,19212,20076
BEHOSS;5817,19214,20174,20184,20207,20219,20242,20244
BEHRST;18848,20233,20246
BEHRSU;5695,5792,5810,20233,20246
BEHSSU;5121,5811,5820,19798,20244
BEIIKK;
BEIIKR;20250
BEIIKS;5823,20251
BEIILL;19215,19754,20018,20082
BEIIRR;5830,5838,18720,19333,19823
BEIIRS;5637,18857,19733,19821,19824,20026
BEIIRV;
BEIISS;5638,19824,20080,20095,20169,20261,20265,20276,20278,20281,20282,20283
BEIITT;
BEIJLR;20286
BEIJLU;5841,20286
BEIJMU;20286,20288
BEIJNU;
BEIJRS;5843
BEIJTZ;
BEIKLN;19833,19834,20290
BEIKLR;19792
BEIKLY;4304,5850,19834,19837,20299,20300
BEIKNR;18504,18505,19391,20302,20305
BEIKNU;5127,18505,20098
BEIKOO;5770,5853,18862,20291,20310
BEIKOY;20299
BEIKRS;5474,19830
BEIKSS;5857,18723,18867,19220,19839,20174,20297,20306,20312,20313,20314
BEIKSU;20172,20175,20301,20315
BEILLR;18425,20316,20321
BEILLS;20100,20176,20317,20323
BEILLT;4625,5643,5867,5871,5880,19223,19695,19736,19832,19842,19845,19847,19848,20177,20292,20319
BEILMN;19399,19758,20331,20334
BEILMO;19850,20254,20256,20294,20295,20331
BEILMR;19227,19852,19854,20286,20316,20329,20338,20340
BEILMW;20295
BEILMY;18821,20180,20316,20338
BEILNO;5840,5894,5895,18507,19399,19402,19403,19404,19833,19841,20290,20330,20331,20350
BEILNR;912,5772,5827,5899,18870
BEILNT;5135,5871,5883,5895,5897,5903,5904,19842,20319,20346
BEILNU;4308,4629,5486,5899,5905,18509,18870,19230,19395,19403,19406,19843,19862,20319,20331,20332,20334,20346
BEILNY;5904,5906,18871,19834,20181,20350
BEILNZ;914,18871,19817,19862,20117
BEILOO;5853,18862,19105,20291
BEILOR;18353,20321,20363
BEILOT;5644,5709,5855,5895,5910,18874,19234,19866,20292,20294,20299
BEILOW;19397,20360
BEILRR;5490,5830,5885,5919,18473,18518,19854,19867,20376,20377
BEILRS;20383,20384
BEILRT;19845,19867,20374
BEILRU;5899,18354,18376,18492,18509,18515,18520,18659,18870,18875,19868,20185,20286,20329,20332,20343,20363,20367
BEILST;19871,20257,20266
BEILSZ;19865,20384
BEILTW;5923
BEILVY;5906,19408,20350
BEIMMO;18522,20254
BEIMNN;5711,5842,20267,20268,20302
BEIMOS;5777,20122,20127,20128,20192,20193,20269,20287,20402,20403,20404
BEIMOZ;19850,20256,20288
BEIMRT;5502,5939,19243,19872,19875,20270
BEIMRU;4315,5936,18824,18878,18882,19873,20125,20286,20329,20332,20340,20389
BEIMRX;
BEIMST;4639,5716,5778,5889,5934,18524,18880,20127,20179,20257,20333,20394,20402,20403,20404
BEIMSU;19245,19427,19437,19876,20126,20192,20390
BEIMTX;
BEINNO;18825,19352,19402,20129,20303
BEINNS;18485,19353,20090,20271
BEINNT;20303,20346,20412,20415
BEINNZ;19387,20414
BEINOR;5718,5945,5946,20066,20107,20135,20136,20272,20418,20421
BEINOS;5160,5946,18523,18526,19442,20024,20036,20196,20197,20269,20272,20388,20420,20421
BEINOV;18885,19440,20068,20109,20350
BEINOX;18885,20124
BEINOZ;921,5949,20418,20422
BEINRR;18465,20305,20417,20418
BEINRS;4641,5779,5933,5946,5953,5955,5956,18526,18883,19883,19884,19885,20036,20388,20419,20420,20429
BEINRU;5899,5944,5958,19108,19406,19448,20098,20125,20142,20332,20389
BEINRY;20305,20414
BEINSZ;5956,19253,19885,19889
BEINTT;19451,19888,20277,20415,20435
BEIOOT;20308,20438
BEIORR;5945,5966,18889,20135,20392,20395,20417,20418
BEIORS;18526,20136,20272,20420
BEIORT;4647,5652,5969,18531,18829,19828,19872,19894,20039,20399,20438
BEIORU;5936,18531,18884,19255,19455,19460,20363,20447
BEIORX;
BEIOSS;18888,19415,19461,19864,20174,20184,20278,20297,20312,20362,20371,20439,20455
BEIOST;18377,18487,18524,18880,19357,20058,20127,20312,20402,20403,20441,20452,20454
BEIOSW;5972,18881,19256,19892,20197,20397,20403,20420,20446
BEIPPU;
BEIPST;19822,20406,20436,20441,20442
BEIPTY;18466
BEIQSU;5951,18434,18516,18533,19890,19895,20364,20458
BEIQUU;20274,20443
BEIRRS;20201,20387
BEIRRU;5978,18488,18882,19257,19455,19873
BEIRRY;5984,5985,19420,19456,20139,20305,20377,20427
BEIRSS;19701,19742,19824,19884,19900,19901,20205,20306,20314
BEIRST;
BEIRSU;5992,19868,19903,20383,20384,20457
BEIRSV;927,5989,19796,19869,19897,19900,20140,20451
BEIRSW;4651,5176,5955,5990,19892,19901,20141,20344,20368,20397,20420,20446
BEIRSZ;19885,19893,19903,20382,20384,20398
BEIRTT;18791,19262,19875,19898,20039
BEISST;930,4319,5960,5994,5995,20169,20276,20282,20312,20423,20452,20455
BEISSU;5926,5940,5961,19876,20035,20042,20345,20352,20390,20433,20434
BEISTZ;5977,19826,20251,20285,20440,20467
BEISZZ;5998,20467
BEITUY;5656
BEJJUU;
BEJLMU;6001,18470
BEJNSU;
BEJORU;20470
BEJOST;20468
BEKKNO;20290
BEKKRY;
BEKLOS;4666,6010,18898,18901,20475,20476
BEKLOY;6015,20299,20471
BEKLRU;20477
BEKMOS;6010,19390,20479,20480
BEKNOR;5789,6023,18793,19391,20471
BEKNOT;4670,6022,18899,20303
BEKNRU;18505,19265,20098
BEKOOR;18904,20473,20474,20487,20490
BEKOOS;4672,19468,20468,20475,20476,20479,20480,20484
BEKOOT;5192,20308,20309,20468,20489,20490,20491
BEKORR;19267
BEKORS;5734,18730,18901,18905,18906,20492
BEKOST;4323,6032,18905,18907,20168,20298,20309,20311,20468,20476,20489
BEKPSU;6033,20175
BEKRRU;
BEKRSU;5792,6033,20315
BEKSTU;5793,6032,20301,20315
BELLNO;950,6041,6042,6043,18507,19841,20501,20502,20503,20504
BELLOU;6049,18544,18546,19473,20499
BELLOW;5658,6046,19269,19397,19913,20210,20293,20502,20510
BELLRU;18544,18547,18909,19270,20499,20500
BELLTU;19272,19848,19911,19919,20148,20319,20506
BELLUY;18546,18547,19466,20043,20500,20506
BELMMU;5795
BELMOS;6010,6064,19923,20213,20523,20525,20528
BELMOY;6065,6066,20520
BELMRU;6040,6062,20332,20499,20500,20527
BELMSU;20152,20497
BELMTU;19911,20339
BELNNY;20106
BELNOR;6072,6074,19778,19929,20107,20330,20471,20502
BELNOS;18914,19930,19931,19932,20501,20503,20504,20539,20540,20541,20542,20544
BELNOZ;5203,6057,6074
BELNTU;19935,19936,20319,20506,20546
BELNTY;19936,20355,20506
BELNUY;6086,6091,19936,20506
BELNYZ;6087,18871
BELOOR;18552,18797,19800,20473,20474,20554
BELOOS;19937,20217,20476,20507,20508,20542,20550
BELOOY;6015,6092,20216,20520
BELOPU;6094,19411
BELORR;20524,20557
BELORS;20060,20523
BELORT;20474,20510,20552
BELORU;18915,19745,19938,20046,20363,20477,20499,20527
BELORW;19746,19913,19940,20046,20502,20510,20527,20554
BELOSS;18441,18540,18911,19415,19482,19864,19914,19931,20184,20297,20337,20362,20371,20511,20528,20529
BELOST;18834,20217,20476,20511,20522,20528,20555
BELOSU;19932,20348,20364,20539,20544
BELOSW;18914,19923,19941,20543
BELOTT;20546
BELOWZ;20370
BELPSY;983,4701,5210,20565
BELPUW;
BELRRU;6101
BELRST;20159
BELRSU;5212,5567,5665,6120,19422,19487,19868,19947,20016,20384,20567
BELRSY;20159,20351,20381
BELRTU;5571,6111,6121,18799,19948,20571
BELRTY;985
BELRUY;6086,18358,18547,19287,19495,20500,20531,20533
BELSSU;18559,20035,20345,20478,20534,20567,20569
BELSTU;20017
BELSUY;20564,20573,20574
BELTTU;993,4706,6109,6121,6127,6128,20546
BELTUU;6127,19948,20158,20571
BEMMRU;5580
BEMNOT;19289,19426,19500,20224,20580
BEMNOW;6132,19290,20123
BEMNRU;6133,18801,18878,19291,19952,20125,20332,20389
BEMNSU;19427,19501,19718,20126,20390,20579
BEMOOR;4341,5809,6004,18917,20048,20580,20588
BEMOPS;20479,20523
BEMORS;20523
BEMORW;20527,20592
BEMORY;18737,19295,19432,20399,20400,20520
BEMOSS;18911,20521,20528,20529,20575
BEMOST;6143,18524,18549,18880,20127,20226,20228,20394,20402,20403,20404,20522,20528,20593,20594
BEMOSW;18881,19923,20213,20403
BEMOSY;18561,19503,20128,20193,20227,20404,20594
BEMPRU;6133,19297
BEMRSU;5220,5666,5752,5810
BEMRUY;20500,20531,20533,20536,20595
BEMSSU;5811,5940,6021,6135,18913,18919,19501,20345,20390,20407,20534,20579,20590
BEMSTU;5812,6143,18497,18836,18903,19807,20228,20229,20593,20594
BEMSUY;6137,20536,20594
BENNOS;19498,19808,19930,19966,20602
BENNOT;6022,6146,19300,19506,19967,20303,20599,20600
BENNOU;6146,20231,20599,20600
BENNSU;
BENNTU;5591,6146,19506,20415,20599,20600
BENOOR;18562,19509,20049,20161,20580,20604
BENOOT;5224,19510,19511,20580,20600
BENORR;4711,5945,20049,20135,20604,20606,20609,20610
BENORS;18526,18551,18563,18883,20036,20136,20272,20388,20420,20421,20582,20583,20602,20607,20616
BENORT;19970,19971,20163,20580,20609,20617
BENORU;19970,20609,20610,20617
BENORZ;20422
BENOST;
BENOSW;4714,6006,18914,19302,19361,20197,20349,20420,20504,20543,20602,20607,20614
BENOSZ;4715
BENOTT;6152,19516,20546,20617
BENOTY;19968,19974,20224
BENRRU;18838,19306,19952,20609,20610
BENRST;19975,19976,19978,20275,20429
BENRTU;1002,5757,20163,20609,20617
BENRTY;6154,20624
BENSTU;18529,20435
BEOORS;18840,20237
BEOORT;18739,18895,19308,19749,19983,19985,20308,20438,20474,20490,20552,20580,20588,20626
BEOORZ;
BEOOSS;4719,6165,18888,20439,20575
BEOOSZ;20440
BEOOYZ;
BEOPPR;6166,18472
BEOPRR;5240,18889
BEOPRS;20361,20488,20523,20551
BEOPRU;6094
BEOPST;6097,20436,20441,20442
BEOQSU;6170,19890,20364
BEORRS;18922,20241,20606,20608,20642
BEORSS;5603,6149,6167,6176,19987,19994
BEORST;18905
BEORSU;19989,20647
BEORSV;19459,19534,20451,20635,20647
BEORSW;18846,19813,19892,20420,20492,20602
BEORSX;20237
BEORTT;19985,20039,20470,20588,20617
BEORTV;5969,6153,6180,20626
BEORUZ;
BEORVV;
BEORVY;
BEORWY;
BEOSSS;19320,19958,19999,20618,20629,20643
BEOSST;5817,6165,20244,20423,20454,20455,20511,20528,20555,20562,20619,20638
BEOSSU;1005,18743,19988,20244,20637,20648
BEOSSW;
BEOSSY;6156,6176,19461,20050,20207,20371,20455,20494,20529
BEOSTT;5761,19322
BEOSTU;5249,6032,6143,6182,20454,20593,20594,20632,20648
BEOSTW;5972,6108,6183,19323,19941,20372,20403,20543
BEOSWY;20513
BEOTUY;20564
BEPRSU;18568,20167,20457,20649
BEPRUY;5251,20531
BEQTUY;
BERRRU;20640
BERRTU;4727,6174,19325,19530,19991,20007,20609
BERRUY;20166,20533,20595,20622
BERSSU;18559,18916,18919,20534,20567
BERSTU;
BERSUX;5992
BERSUY;20622,20624,20647
BERTTU;20470,20617
BERTUY;5822,18849,20624
BERUZZ;
BESSSU;4355,6122,6194,19331,19464,19965,19980,20008,20222,20433,20453,20567,20597,20603,20618,20625,20643,20656
BESSTU;5767,20244,20637,20638,20650
BESTTU;18850,20013,20014,20585
BESUZZ;20467
BFFIIN;
BFFINO;
BFFIOS;20663
BFFLSU;6209,20016,20017
BFFOOS;6207,20663,20664,20666
BFFORU;
BFFOSU;6209,20666,20667
BFFOUY;
BFGOOW;
BFIILR;19332
BFIINR;20020
BFIMOR;18476,18928,18931,19338,20028,20686,20687
BFINOW;
BFIORS;6218,6230,20671,20680,20689
BFIRSU;19548
BFIRUY;
BFISUX;20042
BFLOSU;6209,6242,6245,20690,20694,20696
BFLOTY;
BFLOUX;
BFLOYY;
BFLSYY;
BFLTUU;19549,20665
BFNOSY;20050
BGGIIN;19551,20054,20703,20710
BGGIIW;
BGGINO;20714,20715
BGGINU;20710
BGGINY;20057,20706,20715
BGGLOY;
BGGLUY;
BGGNOO;6260,20714,20715
BGGNOU;
BGHIIL;20063
BGHIIN;6263,18389,18935,18936,20703,20720
BGHILT;19345,20065
BGHIRT;19346,20065,20069,20072,20720,20723,20728
BGHIST;19347,20062,20070,20071
BGHMUU;
BGHORS;6276,20726
BGHORU;
BGHOSU;5692,20078
BGHOTU;20075,20725,20735,20736
BGHRSU;5695,6275,6279,20079,20727,20732
BGIIJN;20738,20739
BGIIKN;6281,18942,19555,20741,20742
BGIILN;19348,19556,19558,20739,20748,20749,20753,20756,20757,20758
BGIILS;1028,20019,20084
BGIINO;5697,6288,6291,18815,20054,20707,20741,20742,20762,20765
BGIINT;18936,19349,20087,20094,20703,20757,20758
BGIJNO;20773
BGIKNO;20096,20741,20776
BGIKNY;
BGILLY;20785,20789
BGILNO;6313,18947
BGILNS;
BGILNU;5277,6312,19123,19558,19564,19566,20660
BGILNY;6320,18950,20706,20739,20749,20757,20789
BGINNO;6288,6331,6332,18588,20129,20132,20762,20825
BGINOO;6336,19573,19574,20715
BGINOR;5283,5718,6291,6313,6331,6336,6338,6339,18956,19124,19573,19576,20107,20132,20135,20137,20701,20712,20750,20762,20765,20773,20802,20803,20823,20824
BGINOS;18952
BGINOW;20137
BGINOX;20124,20752,20828
BGINOY;20715
BGINRS;
BGINSU;19125,19578,20661,20820,20846
BGINTU;18941,19356,19577,20668,20724
BGINUY;19126,19572,20789
BGIORU;18956,19576,20773,20823
BGIOSS;20821
BGIOST;6340,6348,18487,18599,19357,20058,20071,20119,20127,20670,20671,20804,20832,20835
BGLMOO;20792
BGLNOO;18818,20852
BGLOSU;19553,19579,20797,20805,20854
BGLRUU;5747
BGMOOR;6374,20816,20857
BGMOOS;6273,6376,20817,20858
BGMOSU;6327,6361,19782,20733,20797,20858
BGMSUU;20152
BGNOOS;20849,20860
BGNOOY;6375,6379,19574,20160,20715,20852
BGOORS;6378,6384,20814
BGOORU;20161
BGORSU;6370,6381,6386,6387,20862,20863,20864
BGOSUW;20854,20864
BGOTUU;20158,20735
BHHIKU;
BHIIST;5293,6215,6395,18960,20867,20870
BHIKOS;18964,18965,19366,20174
BHIKSU;6401,20172,20175
BHILSU;6408,18394,20722,20879,20882
BHIMOR;
BHIMOS;5777,20191,20192,20193,20889
BHIOPS;19369,19589,20196,20892,20894
BHIOSY;18965,20193,20719,20876,20883
BHIRST;1059,6416,19590,20870
BHIRSU;6414,18745,20730,20889
BHIRSY;18613,20205
BHKNOU;18973
BHKOSY;18965,19370,20207
BHLMUY;
BHLOSY;20876,20883
BHLSSU;6432,20907
BHMORS;5305,20887
BHMPSU;20229
BHMRSU;20214
BHMSTU;5307,5812,18497,18836,19807,20215,20228,20229,20912
BHMTUY;
BHOOOO;19374
BHOOST;6439,19811,20217,20226,20235,20236,20238,20913
BHOOTX;19375,20238,20914
BHORST;19590,20912
BHORTY;18611,18847
BHOSTU;6413,6442,6443,18974,20912,20916
BHRSSU;6437,18616,20921
BHRSUY;20909
BIIIKN;19378,20247
BIIIMN;18575,20247
BIIKRS;20743,20868,20924
BIIKTZ;19380,20250,20251
BIILNS;18500,18982,20252,20259,20927,20932,20936,20937,20938
BIILTW;
BIIMOS;19386,20255,20269,20679,20946
BIIMOZ;20256
BIIMSZ;
BIIMUV;
BIINOT;4381,6455,6465,20765,20923,20935,20949,20951
BIINOU;20934
BIINST;1075,6395,6460,20867,20937,20953
BIIORS;4800,6468,18987,18996,19542,19605,19821,20272,20279,20680,20681,20940
BIIORV;19598
BIIRRS;18961
BIIRTU;20768
BIISTV;
BIITTT;
BIJOSU;20287,20774
BIJOUX;
BIKLNS;6298,6477,18982,20777,20959,20960
BIKMNU;20874
BIKMOS;19390,20961
BIKNOS;4382,20304,20778,20781,20782,20959,20960,20961
BIKNRS;6303,6484,19608,20743,20782,20924
BIKNSU;19000,20924
BIKPSU;20175,20962
BIKRSS;5326,6487,20306,20313,20314,20868
BIKRSU;20315,20924
BIKRSY;
BIKUUZ;20964
BILLNO;18507,19841,20875
BILLOR;6492,20321,20875,20925
BILLOU;20322,20969
BILLOW;19397,20293
BILLOX;19398,20323
BILLOY;6494,18623
BILLRS;1082,20973
BILMNY;18950
BILMOS;6503,6504,18625,19006,20679,20975
BILMPS;6503,19008,19853,20869,20974
BILMRU;18984,20286,20329,20332,20340,20794
BILMSU;4817,6226,6454,6490,6502,18399,18985,19008,19602,20931,20966,20974
BILMUY;20966
BILNTZ;20758
BILOPU;19411
BILORS;18987,19010,19605,20814,20975
BILOXY;
BILRTY;6496,6517,20723
BILSST;1104,6407,18619,20985
BILSSY;6482,6520,6521,6523,20353
BILSTU;18401,18629,18630,20812,20878,20879,20882,20931,20937,20976,20977,20978,20980,20987,20989
BILSUY;6523,6524,18630,20383,20966,20969,20987,20989
BIMMOO;6525
BIMNOR;19621,20686,20884
BIMNOS;1109,4387,18523,18596,18877,18952,20122,20269,20817,20961
BIMNOT;6465,19426,20884
BIMNSU;19427,19623,19624,20126,20390,20391,20676,20820
BIMOSS;18631,18634,19625,20821,20886,20888,20990,20991,21000,21001
BIMOST;18524,18880,19626,20127,20394,20402,20976,20998
BIMOSZ;
BIMSTU;6526,19626,20976
BINNOR;6331,20762,20823,20824,20825,21004
BINNOU;
BINNRY;20414
BINOOT;20923,20949
BINORS;1116,5343,5946,6468,6541,19608,19631,20036,20272,20420,20421,20680,20893,20950
BINORY;4832,6543,20421,20688,20803
BINOSS;18608,19014,20956,21007
BINOST;18599,19015,20804,20959,20978
BINPUY;
BINRSU;6528,20924
BINTTU;5964,6550,19451,20415,20432
BIOORZ;
BIOOST;19020,19021,20670,20981,20982,20998
BIOOSV;20439
BIOPRT;20871,20895
BIOPSY;6514,19018,20442,20984
BIORRS;19023,20965,21012,21014,21015
BIORST;18636,19590,20671,20998,21014,21015,21019
BIORTT;1125,20039,20369,20983
BIORTY;6517,6559,18611,19636,20399,20450,21018,21019
BIOSTU;6413,6519,6554,18636,19015,19022,20426,20454,20882,20976,20978,20987,21014,21017,21019,21020
BIOSZZ;
BIOTUW;
BIQSSU;
BIQSTU;20458
BIRSTT;4843,6416,6534,6563
BIRSTU;18629,18636,21014,21019
BIRTTU;
BISSTU;19634,19640,20844,20955,21009,21011,21024
BISTTU;20989,21020
BJLMUY;
BJMOOU;
BJMOSU;20287
BJNOTU;
BKLNSU;18538,19032,20472,20777
BKLOOS;6571,18638,19028,20475,20476,20690,20691,20848
BKMNUU;
BKMOSU;
BKNOSU;19032,19642
BKOOOO;19027
BKOORS;
BKOOSY;5358,20691
BKORWY;6574,19644
BKOSXY;20494
BKPSUU;
BKRTUU;
BLLOOO;
BLLOOX;19471,20508
BLLORY;1147,20146
BLMMUY;
BLMNUY;
BLMOOS;6567,6601,19039,21039,21042
BLMOOY;20520,21041,21044
BLMOSY;18625,19006
BLMPSU;19008,20530,20974,21037,21038,21045
BLMRUY;20500,20531,20533
BLMSUU;4884,6603,20152,21037,21038,21045
BLNOOS;6590,6605,20540,20542
BLNORY;4886,6607,20471,20803
BLNOTU;19484,20546
BLNSTU;20812,20879,20937,20980,21047
BLOOPS;6605,20551,20855,20981,21048,21049
BLOOPY;6570,20216
BLOORS;19010,20696,20814,20982,21042,21050
BLOOSU;18638,20507,20690,20696,21052
BLOOTT;6616,20906,20983
BLOOWY;18605
BLOPUW;
BLORTU;6629
BLOSTU;6242,6519,6631,6632,20976,20987,21026,21052,21055
BLOSUY;20564,20987,21054
BLOSWY;20513,20695,20970
BLOTTY;
BLOWYZ;20971
BLRRUY;6373,20533,20972
BLRSSU;6625,18559,18916,20221,20478,20534,20567,20568,20569,20815
BLRSTU;1168,6431,6634,6635,18629,20977,21056
BLSTUY;6524,6611,6635,20564,20570,20573,20574,20987,20989,21047,21054,21056
BMNOTU;6131,19500,21064
BMOORS;4407,6637,19652,20998,21042,21065,21066,21067
BMOORY;20520,21068
BMOOSS;20575,20886,20990,21062,21066
BMOOSY;6376,18633,19503,20227,21044
BMOOTT;19504,20588,21068
BMOOTY;21041,21068
BMORST;6638,6640,20912,20998,21067
BMORSU;1177,6530,6640,19012,19654,21063,21066,21067,21069
BNNORU;4895,6643,20823,21070
BNOORS;18643,19657
BNOOSS;21062
BNOOST;18639,20913,21030,21074
BNOOTU;19510,19655,19656,19660,20600,21076
BNORSU;5382,6381,18643,18978,19657,19662,20734,21063
BNORSW;6541,19631,19662,20420,20582,20602,20607,20614,20616,20836,20893,20993,21008,21063
BNORTU;6246,6542,19970,20163,20609,20617,21064,21070,21076
BNORWY;6543
BNORYY;
BNORYZ;6607,6648,20688
BNOSSU;19014,20956,21046,21062
BNOSUW;19662,20854,20916,21008,21063
BNOTTU;19516,20546,20617,21071,21080
BNOTUY;
BNRSTU;21073,21081
BNRUUY;19519,19581
BNSUUY;6612,21047
BNTUUU;
BOOPSY;19018,19052,21049
BOOPTW;
BOOPTY;
BOORRW;19523,20627,20628
BOORST;6248,6384,6439,6614,6657,19020,20982,20998,21005,21067
BOORSU;4411,6656,18643,19635,19657,20605,20696,21066,21067,21082
BOOSST;6165,20555,20630,20917,20920,21051,21083
BOOSWX;19664
BOOTUW;21076
BOOTUX;19525,20632
BOOTXY;20633
BOOWWW;19526
BOPSUW;
BORRSU;18922,19023,19529,19989,20445,20606,20642,21012,21014,21082
BORRUW;19531,20640,20859,21078
BORSSU;4901,6625,6660,21066,21069
BORSTU;20864,20912,21014,21019,21067,21069
BORSTW;20864,21013,21015
BORSWY;
BORTTU;6179,20470,20617,20919,21080
BORTUU;
BOSSTU;4902,6641,6660,19048,20244,20454,20619,20638,20648,21069
BOSSWY;
BOTUUY;21036
BRSSTU;5395,6660,6662,19056,19640,20955,21002,21009,21021,21069,21081,21086
BRSTUY;6635,20570,20624,21010,21019,21054,21056,21085
BRSUUU;
BSSSUU;18934,20597,20692
BSSSUY;20625,20656
BSTTUU;21084
CCCCIO;
CCCDIO;6664
CCCHOY;21098
CCCILY;18646,21087,21095,21096,21100,21101,21102
CCCOOS;21088,21104,21106
CCCOSU;
CCCOXY;21097
CCDEEI;21112,21114
CCDEER;21121
CCDEIS;6677,6703,6711,21144,21146
CCDEIT;21127
CCDEKO;21120,21155,21156
CCDELY;6707,6714,6715,18647,21121,21146,21147,21161
CCDEOS;6713,21133,21135,21159,21166
CCDEOT;21108,21134,21136,21160
CCEEHL;21112,21113,21194,21200,21201
CCEEHR;6758,21200
CCEEIS;6763,21193,21196,21206,21222
CCEEOR;4418,21226,21236
CCEERS;6689,6772,6777,6778,21240
CCEHIL;21194,21274,21276,21277,21280
CCEHIM;21266
CCEHIO;21277
CCEHIR;6793,6801,6806,18651,21192,21263,21266,21274,21278,21284
CCEHIT;6754,6797,6806,21127,21280,21288
CCEHKS;21193,21197,21199,21270,21272,21273,21292,21295,21296,21299,21300
CCEHKY;6698,6807
CCEHLN;21113,21128,21194,21200,21201,21274,21275,21302,21303
CCEHLO;21276,21277,21301
CCEHLU;21131,21302
CCEHNO;
CCEHOR;21301
CCEHOS;21138
CCEHOU;21298
CCEHSY;21204
CCEIIL;18655,21321,21322,21323,21324,21325,21326,21328
CCEILR;4420,6760,6835,6845,18659,18660,21209,21257,21274,21276,21278,21325,21347,21356
CCEILS;18657,21145,21341,21349
CCEILY;6707,6842,6847,21095,21096,21212,21255,21257,21277,21280,21348,21355
CCEIMO;21361
CCEINS;6785,6839,6855,21260,21379
CCEIOR;6857,21152,21325,21361,21385
CCEIOS;6844,21383,21386
CCEIPT;6860,21326,21377
CCEIRS;21334,21391
CCEIRT;
CCEIRU;6864,6865,18651,18659,21248,21278,21284,21337,21340,21352,21356,21363,21364,21378,21385,21391
CCEITY;6847,21280,21355,21376,21379,21387,21389
CCEKLO;21338
CCEKLS;21292,21339,21341,21394
CCEKLY;
CCEKOP;
CCEKOR;6871,21399
CCEKOT;21298
CCELRY;6666,18660,21257,21305,21355,21409
CCELSY;21404,21405,21407,21408,21410
CCEMSU;6893,21294
CCENOS;21191,21238,21251,21262,21392,21395,21396,21397,21404,21411,21412,21416,21417,21418,21420
CCEORS;6885,6896,6903,6904,18663,21166,21411,21417,21418,21423,21424,21426,21428,21429,21431,21432
CCEOSS;6788,6874,6906,21231,21407
CCEPSY;21405,21408
CCERSU;21166,21391,21394,21401,21424,21429,21430,21431,21434
CCESSU;21124,21306,21320,21410
CCFILO;21436,21441,21442
CCHHII;21263
CCHHIN;21125,21264,21469
CCHHOO;21472
CCHHRU;21126,21265,21471
CCHIKS;21193,21270,21273
CCHIKT;21127
CCHILN;6919,6940,6941,21128,21194,21274,21275,21478,21479
CCHILO;6669,6940,6943,21169,21277
CCHILY;6941,6944,21277,21280,21479
CCHIMY;
CCHINO;21173,21469
CCHINU;6948,21284,21448,21450,21473,21478,21479
CCHIOR;21171,21474
CCHIOS;6949,6950,6952
CCHIOT;21172,21288,21469,21474
CCHIPU;6948,21129,21475
CCHKOO;
CCHKOS;21296,21492
CCHKOY;18665,21476
CCHKSU;21273,21292,21295,21299,21300,21493
CCHKUY;21488
CCHLNU;21302,21303,21478,21479,21495
CCHLSU;
CCHLTU;21131,21495
CCHNOO;4427,6961,21173
CCHNOS;
CCHNOY;
CCHNRU;21132,21284,21308,21471
CCHOOS;
CCHOOT;6957,6966,21134
CCHORS;6950,6959,21480
CCHORT;6951,6968,6969,21474,21497
CCHORU;6968
CCHOST;6970,21138,21314,21317
CCHRTU;6968,21139,21318,21319
CCHSTU;6972
CCIILN;21174,21321,21323,21324,21452,21454,21455
CCIILT;6671,6914,6979,6981,21323,21326,21328
CCIINO;6983,6985,21142,21177,21178,21329,21331,21438,21507,21508
CCIINP;6984,21501
CCIINZ;21268,21473,21507
CCIIPR;6672,21499
CCIIRS;21180,21334,21504
CCIIRT;6733,6938,6981,6990,21181,21474,21499,21503
CCIIST;18667,21179
CCIISV;21498
CCIKLS;21339,21341,21513
CCIKRS;21339,21342,21344,21515
CCIKRY;21476
CCILNO;21101,21347,21436,21442,21456,21461
CCILNY;21095,21101,21348,21479
CCILOS;18657,18672,21145,21175,21182,21349,21463,21502,21513,21518,21519,21521,21523
CCILTU;7017
CCIMOS;7001,7018,7023
CCINOS;21178,21464,21502,21518,21519,21527,21529,21531,21532
CCINPY;21501,21529,21530
CCINSY;21379,21505,21529,21531
CCIORS;21180,21480,21515,21531,21536
CCIOSS;7010,21523
CCIOTT;21375,21512
CCIPRU;21385
CCIRSU;6864,7032,21391,21509
CCISTY;7025,7043,21379
CCKLOS;1285,7047,21184,21513
CCKLSU;21184,21292,21394
CCKLUY;
CCKMOO;21542
CCKMOU;21541
CCKNOU;21155,21543
CCKOOU;21156
CCKOPU;21491
CCKORS;7047,7050,7053,7055,21466,21515,21546
CCKOSY;21228,21397
CCKRSU;7045,7058,21300,21394,21401,21546
CCLMUU;7004,21540
CCLOSY;21182,21404,21407,21484,21523
CCLOTU;18675,21160,21350,21406,21548
CCLSUY;21408,21410,21520
CCNOOO;21162,21413,21550
CCNORU;21163,21543
CCOOOO;18676,21444,21557
CCOOOR;21413,21422,21550,21557
CCOOSZ;21551
CCOPUY;21427
CCORSU;1301,7082,21166,21315,21401,21424,21429,21431,21546,21552
CCOSSU;7080
CCOSTU;7040,7068,7077,7082,21167,21187,21431,21537,21556
CCSSUU;4450,6911,7062,18678,18680
CDDDEO;
CDDEEI;7090,7091,21575,21587,21592,21594,21597,21598,21599
CDDEEK;7092,18681,18682,21591,21592,21602,21605
CDDEEO;7088,21108,21585,21597,21598,21606
CDDEEU;7091,7103,18682,21584,21607,21609,21610
CDDEHI;1305,7106,21586,21623,21624
CDDEIK;7106,21591,21592,21629,21630
CDDEIS;
CDDEIT;7084,7090,7115,7118,7121,21592,21597,21599,21601,21626,21636
CDDEIU;21634,21638
CDDEKO;6678,7122,7123,21629,21630,21640
CDDEKU;18682,21602,21605,21640
CDDELO;21606,21631,21642
CDDELU;21584,21607,21609,21610,21632
CDDENU;7126,7127
CDDEOO;21585,21642,21643,21648,21649,21651,21652,21653
CDDEOR;4452,6679,7123,7129,21637,21649,21650,21651,21652,21654
CDDERU;21638,21650,21654
CDDETU;1308,4453,7085,7103,7127,7132,21565,21636
CDDHUY;
CDDINU;7134,7150,21658,21659
CDDLOY;
CDDLUY;21610
CDDRUY;
CDEEEH;21682
CDEEEM;21684,21703,21704,21705
CDEEER;7161,21676,21679,21693,21704
CDEEES;21680,21692,21694,21699,21701,21707
CDEEEX;21570,21676,21697,21702,21712,21718,21721
CDEEFH;7167,21725
CDEEFK;4454,21732
CDEEFN;21723,21725,21730,21734,21735
CDEEFT;21572,21677,21681,21729,21730,21738
CDEEGK;
CDEEHL;21112,21113,21757,21759,21772,21773,21775,21776
CDEEHO;7088,7180,18690,21761,21762,21772,21773
CDEEHP;21789
CDEEHR;18689,21588,21725,21760,21765,21766,21779,21782
CDEEHT;21771,21777,21790
CDEEHW;21682,21688,21689,21766
CDEEIL;7168,7193,7194,21112,21726,21756,21793,21794,21823,21826,21827
CDEEIM;7195,7196,18696,21589,21727,21796,21807,21830,21832,21834
CDEEIN;7169,7177,7197,7199,18691,21690
CDEEIP;7192,7201,18698,21116,21796,21840
CDEEIR;18692,18693,18696,21693,21766,21805,21814,21815,21823,21827,21830,21834,21846
CDEEIS;7170,7201,18698,21692,21728,21855
CDEEIT;7090,7193,7196,21592,21597,21745,21817
CDEEIV;21118,21834
CDEEIX;
CDEEJT;18701,21804
CDEEKK;
CDEEKL;7206,21793,21806,21866
CDEEKN;18691,18703,21602,21696,21806,21810,21866
CDEEKO;7180,18702,18703,21119,21120,21732,21865,21866,21867,21870,21872,21875,21876,21877,21878,21879,21880
CDEEKP;7208,7209,21811,21876,21882
CDEEKR;18692,18704,21119,21591,21603,21732,21812,21815,21870,21871,21875,21877,21879,21882
CDEELL;21697,21885,21886,21887
CDEELP;7217,7223,21868
CDEELW;7096,21888,21892,21893
CDEENO;4465,7229,7237,18703,21773,21866,21913,21914,21925,21926,21927,21928
CDEENR;18689,21111,21577,21588,21679,21698,21725,21779,21782,21929,21931,21932
CDEENS;18711,21680,21710,21934
CDEENT;21578,21703,21706,21891,21916,21917,21925,21926
CDEEOO;21875,21893,21918,21936,21937
CDEEOR;7222,7247,18707,18709,21704,21805,21823,21830,21867,21870,21875,21877,21878,21885,21909,21941,21943,21948
CDEEPR;21882,21901,21929,21952,21953
CDEERS;
CDEERU;6691,18704,18710,21747,21842,21852,21871,21874,21882,21922,21929,21932,21940
CDEERW;6692,21581,21688,21766,21782,21791,21932
CDEESS;6693,7190,7228,21612,21767,21847,21869,21898,21923,21933,21950
CDEESU;7258,7260,18711,21754,21855,21863,21910
CDEETT;1324,7174,7244,18713,21582,21717,21803,21817,21948,21960
CDEFFO;7263,21722
CDEFFU;21965
CDEFII;7268,7269,21618,21972,21974,21975
CDEFIO;21618,21969,21974,21975,21983
CDEFKU;7266
CDEFNU;7276,21734,21965,21979,21985,21987,21988
CDEFOR;7263,21974,21983,21986
CDEGGO;
CDEGIN;21743,22003,22011
CDEGIO;21744,21745
CDEGIR;
CDEGLU;7296,18687,21584,21751
CDEGNO;22014,22015
CDEGOR;21752,21994,22015
CDEGUW;
CDEHIL;21756,21757
CDEHIM;7309,7310,7312,21969,22022
CDEHIN;21757,21760,22031,22041
CDEHIR;21760,21766,22038
CDEHIS;7312,22026,22045
CDEHIT;22040,22046,22047,22048
CDEHIU;21129,22046
CDEHIV;7317
CDEHKO;4472,7180,7323,22054
CDEHKU;7266,7324
CDEHLY;
CDEHMO;21772,22022,22036
CDEHNR;18689,21588,21725,21760,21779,21780,21781,21782,22031,22038
CDEHOR;21135,22056,22067
CDEHOS;21133,21135,21138,21761,21785,21971,22033,22039,22057,22061,22065,22068,22069
CDEHOU;22054
CDEHOW;
CDEHRU;7303,7324,21126,21139,21995
CDEHSU;7350,21754,21776
CDEHTU;7340,7351,7352,7355,21131,21139,21790,21993,21995,22048
CDEIIK;21793,22082,22084
CDEIIR;18720,21739,21799,22095,22111
CDEIIT;4478,7358,7367,18721,22076,22079,22092,22107,22110,22117
CDEIJU;7368,7369
CDEIKK;22080
CDEIKL;21756,21793,22123,22127,22129
CDEIKM;7285,21807,22082
CDEIKN;7370,7371,18691,21808,21810,22083,22084,22131,22132
CDEIKP;7370,7372,21811,22131
CDEIKR;21591,21808,21815,22121,22123
CDEIKS;
CDEIKT;7371,21592,21811,21817,22132
CDEIKU;22122,22131,22132
CDEIKW;22084,22129
CDEIKY;21807,21815,22129
CDEILO;6705,7386,22120,22153
CDEILP;7382,7387,7389,21996,22149
CDEILR;18368,18693,18725,21819,21826,22121,22125,22126,22149,22154,22164,22166
CDEILS;21146,22075,22144,22151,22167,22169
CDEILT;21794,21821,21826,22092,22166
CDEIMN;1350,7310,7377,7398,7399
CDEIMO;7401,21969,22022,22172,22173
CDEIMR;7195,7287,7404,18696,21828,21833,21834,22150
CDEIMS;1351,7312,7379,7402,7405,7406,22037,22098,22144,22151,22177
CDEINO;21142,21148,22091,22101,22118,22120,22179,22182,22186,22192
CDEINR;21148,21980,22031,22038,22121,22182,22184,22186
CDEINU;7199,7364,7368,21979,22041,22131
CDEINW;22084
CDEINZ;7422,21596
CDEIOP;7409,7423,21116,21151,21153,22106
CDEIOS;21975,22045,22077,22106,22108,22109
CDEIOT;21597,21745,22046,22047,22092
CDEIOV;7401,7412,22179,22191,22192
CDEIOX;21982,22172
CDEIOY;21983,22006,22047,22142,22148,22208,22216
CDEIOZ;7386,21762
CDEIPR;22111,22164
CDEIPS;18698,21692,21764,21840,22106,22195,22225
CDEIPT;7389,7403,7413,7429,7435,22110
CDEIRS;
CDEIRT;1355,6710,7118,7391,7404,7415,7440,22166,22199
CDEIRV;7317,21118,21693,21834,22200
CDEIRY;18725,21815,21983,22166,22216,22222
CDEIST;22202
CDEKLO;21867,22123,22124,22234,22235,22238,22239
CDEKLU;22235
CDEKMO;18702,21870,22234,22235
CDEKMU;21871,22130,22235
CDEKNO;18703,21155,21640,21999,22054,22242,22243
CDEKNU;21155,21602,21640,22131,22132,22242,22248
CDEKOO;18729,21156,22242,22243
CDEKOP;21876,22238,22249
CDEKOR;21603,21867,21870,21877,21879,21880,22123,22234,22239
CDEKOS;6713,7293,22012,22240,22249
CDEKOT;21604,21876
CDEKOW;21880
CDEKOY;21120,21865,22239,22249
CDEKPU;7447,21882,22131
CDEKRS;
CDEKRU;7324,18704,21871,21882
CDEKRY;21815,22239
CDEKSU;22012,22013
CDEKTU;7450,18705,22132,22138,22248
CDEKUY;
CDELLO;7294,7454,7455,21885,21886,22252,22253
CDELLU;7453,21887,22251,22257
CDELMU;18732,22150,22235,22259
CDELNO;21773,21889,22091,22145,22152,22265
CDELNU;18706,21890,21892,22251,22271,22272
CDELOO;4492,7469,21750,21893,22057,22252,22276
CDELOR;18707,21867,21885,21896,21897,21986,22058,22234,22239,22283
CDELOS;22057,22263,22265,22267
CDELOT;21886,22092
CDELOW;7469,21888,21893,22156
CDELOY;6715,21897,21986,22142,22148,22239
CDELPY;21161
CDELRU;18732,22260,22271,22287,22292
CDELSU;21964,22272,22295
CDELTU;21131,21903,21993,22241,22257
CDEMMU;22300,22303
CDEMOO;18736,22173,22258,22306
CDEMOP;7488,21907,22311
CDEMOR;21704,21870,21907,21909,22234
CDEMOY;18736,18737,22148
CDENNO;7497,7499,21911,21912,21913,21914,21978,22002,22178,22179,22261,22320
CDENOP;7409,7502
CDENOR;21148,22004,22182,22184,22186
CDENOS;21988,22266,22299,22305,22307,22308,22326
CDENOT;21921,21926,22322,22324
CDENPU;21890,21929,22131,22194
CDENSS;21612,21710,21933,21934,22042,22197,22201,22246
CDENSU;18711,21164,21930,21934,21988,21990,22266,22272,22308,22310,22326,22328,22332,22333
CDENSY;7418,21935,22011,22195,22202,22272
CDEOOP;21936,22252
CDEOOS;7523,21133,22057,22068,22203,22273,22340,22341,22342
CDEOPP;21151
CDEOPS;22106,22157,22207,22249,22307
CDEOPU;7529,21153,22312
CDEOPW;
CDEORR;21165,21614,21736,21877,21919,21941,21943,22182,22209,22210,22344,22348
CDEORS;18369,21135,22342
CDEORU;21165,21943
CDEORW;
CDEOST;22349
CDEOSU;7428,7538,21164,22108,22188,22308
CDEOSW;
CDEOSY;21947,22135,22216,22249
CDEOTT;18713,21948,21951,22219,22324
CDEOTU;1382,7278,7529,7539,22303,22312
CDEOTY;22047,22208
CDEOYZ;
CDEPPU;7511
CDEPSU;22225
CDERRU;7546,21165,22344,22348
CDERSU;18370,21966,22304,22333
CDERSY;21947,22216,22222,22291,22355
CDERTU;21139,21995,22113,22199,22223,22292,22334
CDERUV;7517,7550,22114,22200,22293,22335,22356
CDERUY;
CDESSU;6721,7547,18744,21646,21655,22115,22225,22227,22231,22246,22290,22294,22295
CDESTU;1390,4505,7258,7495,7520,7543,21910,21990,22138
CDFINU;21979,22359
CDFIOU;7557
CDFIOY;21983
CDGIIN;22373
CDGINO;22371
CDGOOY;22385
CDHILS;6725,7580,7588,21170,22388,22395
CDHIOR;6727,7584,21171,22392,22405,22408
CDHIRY;21662
CDHIST;7592,7597,22410,22411
CDHORS;18747,21135,21785,22065,22070,22071,22412,22416
CDIIIM;22076,22419,22420
CDIIIR;7614,7616,22078,22422
CDIINS;1418,7615,7621,7630,7635,21178,21666,22419,22421,22433,22434,22437
CDIINT;7631
CDIIOX;7638
CDIIOY;
CDIISV;21802,22421,22429
CDIKTY;
CDILNO;22091,22120,22145,22153
CDIMNU;22359,22420,22431
CDIMOO;22173
CDIMOR;7626,7650,18748,18755
CDIMOS;1435,7673,7677,7678,18755
CDIMOU;7651,22431
CDIMOY;7678,18371,18751,22148
CDIMSU;7628,7671
CDIMTU;22432
CDINOO;7654,7679,21173,21177,22118,22181,22475
CDINOR;4522,6739,7558,7655,7684,7685,7686,21148,21837,21980,22182,22183,22184,22185,22186,22475,22479,22480
CDINSY;22011,22195,22202
CDINTU;7690
CDIOPS;7423,7594,7662,7683,7692,21670,22106,22157,22205,22207,22407,22463,22468,22478,22484,22486,22487
CDIORS;18755,18758,22360,22382,22455,22465,22479,22484,22486,22487
CDIORV;7636
CDIOSS;7694,21671
CDIOST;22436,22481,22489
CDIOTT;7696
CDIOTY;22047,22208
CDIPRY;22406
CDIPSU;7667,18749,22165,22458,22487
CDISSU;22115,22227,22449
CDISTY;7689,7701,7707,21669,22202,22410,22411
CDJNOU;22491
CDKNOU;21155,21640,22054,22236,22242,22245
CDLLOY;22142,22461
CDLOSS;1457,21898,22162,22265,22279,22284,22469
CDLOSU;21184,22503
CDLOUY;22461,22491,22504
CDMNOO;7728,22258,22298,22306,22510
CDMNUU;22511
CDMOOO;
CDMOOT;22472,22509
CDNOOR;22475
CDNOOS;22363,22386
CDNORU;22480,22511
CDOOOT;22413,22505,22513
CDOORT;7723,7739,18739,21652,22204,22322,22404,22466,22472,22507,22520
CDOORY;22507
CDORSS;7694,7753,7754,21671,22523
CDORSU;18747,18760,21673,22444,22487,22496,22522,22523
CDORSW;18758,22479,22523
CDORWY;7724,7752
CEEEFL;
CEEEGN;7762,22539,22541,22544
CEEEGR;7763
CEEEHL;22551
CEEEHS;22524
CEEELV;22551,22571,22599
CEEEMS;21684,22553,22603,22605,22607
CEEENO;21707,22537,22544
CEEEPS;21686,21692,21711,22529,22557,22558,22577,22582,22598,22607,22611,22619
CEEERS;22529,22536,22569,22582,22586,22607,22619
CEEFFO;21189
CEEFFT;7166,7781,21189,21677,22531,22638
CEEFHL;22644,22645,22647,22648
CEEFIR;7785,22530,22533,22535,22654,22656,22657,22659,22660,22661,22662
CEEFLY;7793,22655,22657
CEEFNN;
CEEFNR;21725,22645,22659,22674
CEEFNS;21680,22636,22646,22666
CEEFRT;7781,21681,21738,22531,22638,22659,22679
CEEFSU;7799,22666,22669
CEEGHO;6752,22686
CEEGIR;1473,22695,22706
CEEGNO;7814,22544,22697,22699,22714,22715,22721
CEEGNY;1478,7811,22705,22714,22721
CEEGRS;1479,7815,22718,22722,22724,22725
CEEHHW;21682
CEEHIL;7825,21112,21756,21758,22732,22738,22740,22741
CEEHIR;4543,7178,7825,7829,7833,21192,21763,21765,22726,22737,22739,22765,22767,22768,22769,22771
CEEHIS;7830,21193,22549,22726,22769
CEEHIT;22731,22751,22757
CEEHIW;21769,22734
CEEHKL;7837,22644,22732
CEEHKS;18773,21193,21199,22733
CEEHKY;22732
CEEHLN;4545,18688,18774,21113,21200,21723,22645
CEEHLR;21200,21683,22551,22645,22647,22648,22738,22739,22795
CEEHLS;21776,22788,22798
CEEHLW;4548
CEEHLY;22732
CEEHMS;7852,22788,22802
CEEHNT;7828,21781,22751,22757,22791,22810,22813,22818
CEEHNV;7857,22814
CEEHNW;22734,22809
CEEHOR;22651,22803,22814,22824,22827
CEEHOS;6757,7839,7842,21203,22790,22796,22797,22811,22828,22834
CEEHOY;22806,22827
CEEHPS;21686,21764,21789,22558,22782,22792,22811,22815,22828,22838
CEEHQU;21775,21778,21790
CEEHRS;18778,22650,22726,22754,22769,22771
CEEHRT;22810,22818
CEEHRU;7823,18779,22648,22651
CEEHRV;7833,7857,22551,22562,22739,22814
CEEHRW;21688,21791
CEEHRY;7874,21788,22562,22827,22836
CEEHSS;7190,7858,7871,7875,21792,22785,22822,22832,22838
CEEHST;22729,22828,22838,22840,22844
CEEHSW;21689
CEEHSY;22779
CEEHTV;7836,7848,7877,21771
CEEHTW;7878
CEEIKS;21193,21809,21816,22733,22869,22870,22871,22874
CEEILR;6760,7785,7825,7895,18693,21207,21213,21823,22533,22654,22657,22739,22740,22741,22868,22878,22896,22898,22902
CEEILS;7786,7804,22534,22876,22900,22906
CEEIMN;4553,7827,7887,21215,22539,22572,22696,22918,22919
CEEIMR;7195,7882,7897,7899,7900,21828,21830,21832,21834,22573,22574,22847,22848,22878,22921
CEEIMT;22747,22848,22921,22922
CEEINP;7883,7890,21818,22658,22683,22687,22690,22882,22888,22925
CEEINS;7788,7805,7908,22540,22579,22696,22704,22853
CEEINT;7828,7909,7910,18787,22575,22653,22757,22857,22926,22938
CEEINV;6762,7909,21217,22854,22885,22938
CEEIPR;7829,22902
CEEIPS;6763,7201,7766,7830,21692,21764,22953
CEEIRS;7914,7916,22549,22586,22726,22759,22769,22860,22958,22980
CEEIRT;1486,7899,7917,22587,22848
CEEIRU;7913,21747,21842,22767,22861,22943
CEEISS;7789,21218,21847,22579,22588,22929,22936,22950,22963,22976,22988
CEEISX;18788,22586,22756,22905,22923,22942,22958,22987,22991
CEEITX;7910,22542
CEEJNO;22857
CEEJRT;7920,22858
CEEJST;
CEEKKL;22862,22863
CEEKLS;18769,22663
CEEKLT;7922
CEEKNR;7809,7926,18793,21227,23002
CEEKPR;7208,21198,21882,22780,23004,23005,23009
CEEKPS;7925,22782,22873,22874,22996
CEEKRS;21199,22663,22781,22783,23001,23011
CEEKRY;21815
CEELMO;7937,21606,21772,22878,23013
CEELMY;21229
CEELNP;7890,7938,7941,7942,21818,21890,22690,22793,22882,22886,22887,22888,22997,23031,23033,23034,23040
CEELNR;18774,21200,21698,22593,22645,22665
CEELOR;7222,18707,18797,21226,21823,21867,21885,21896,22595,22665,22709,22878,22896,22898,23027,23037,23047
CEELOS;6768,7842,7953,7957,22797,22900,23055
CEELOU;21894,23013,23015,23033,23037,23047
CEELOV;1490,4555,7957,21896,22885,23046
CEELPS;7843,7939,7953,7960,7962,7963,21902,22598,23019,23056,23057
CEELRS;21234,22536,22663
CEELRT;
CEELRU;22648
CEELRV;21896,22551,22599,22739,22892,22909,23021,23052
CEELRW;7923,23027
CEELRY;22657,22902,23021,23064
CEELST;21733,21899,22711,23023,23028,23039,23045,23054,23055,23065
CEELSV;23055
CEELSX;7977,22905
CEELSY;7963,21234,22598,23023,23051,23063,23064
CEEMNT;21703,22604,23067
CEEMNY;21229,22714,22918,23071,23072
CEEMRR;18802,22574,23069
CEEMRS;22607,23068,23073,23074,23078
CEEMRT;21909,22604,22606,22608,22848,22921,23030
CEENOR;18793,21216,21239,22749,22803,22813,22814,22932,22933,22934,22935,23002,23036,23069,23070,23071,23084,23086,23100,23101
CEENOT;18787,21239,21921,21925,21926,22544,22673,22719,22721,22813,22857,22926,22933,22938,23084,23100
CEENPR;6771,7941,8002,21929
CEENPS;7855,7925,7982,7994,22782,22811,22815,22996
CEENPT;7942,22609,23040,23103
CEENRS;18778,22821
CEENRT;21239,22604,22615,22719,22813,22818,23100
CEENSS;21218,21612,21923,21933,21934,22804,22822,22893,22929,22936,22950,22998,23038,23112,23113
CEENST;21241,22610,22618,22711,22999,23045,23113,23114
CEENSY;7794,7998,21924,21935,22951,23108
CEEOOS;21753,21918,22825,23025,23074,23082,23091,23092,23115
CEEOPU;21894,22931,23033
CEEORV;7820,7988,22720,22814,23075,23086,23101
CEEPRS;21711,21939,22529,22607,22619,23057,23078,23116,23118,23141,23142
CEEPRT;4564,6776,7251,7865,8017,8019,8020,18805,22620,23004,23117,23120
CEEPRY;18805,21232,21788,22827,22836,22902,23120,23144
CEEPTX;21712
CEEPTY;7798,7867,7965,18805
CEEPUY;
CEERRU;8030,18802,22981,23150
CEERSS;22678,22807,22832,23125,23148
CEERST;18807,21243,22724,23115,23126,23133,23134,23135
CEERSU;22725,23141,23155
CEERSW;7916,23134,23153
CEERTT;7775,7873,7970,8019,21717,21948,22601,22631,23100,23136
CEESSS;22588,22617,22633,22988,23080,23112,23138,23157
CEESSX;21719,22633
CEESSY;23007,23144
CEESTX;7876,8010,8037,8042,21720,22630,22634,23135
CEESUV;7777,21863,21958,22834,22991,23149,23158
CEESUX;22634,22991
CEESVZ;8038
CEFFHY;8049
CEFFIO;
CEFFLO;23167
CEFFLU;4570,8055,23167
CEFFOR;23167
CEFHIM;21969,23181
CEFHIS;8046,8066,8068,18811,22642
CEFHIT;21968,21970,23185
CEFHLN;7267,8069,21723,21967,22645,22646,23174,23182,23183
CEFHLT;21724,21968,22647,22649,23185,23186
CEFHNR;21725,22645,22650,23182
CEFHST;8073,23161,23195
CEFIKL;4572,8065,8079,23176
CEFIKN;
CEFILS;22534,23200,23214,23215,23217
CEFINT;8060,21247,21730,22653,22659,23222,23224
CEFIOS;8083,8096,21975,21981,23179,23203,23218,23220,23221,23223,23225
CEFIRR;8098,21248,23205,23227
CEFKLS;8102,8104,18769,22663,22664,23230,23232,23233
CEFKLY;23233
CEFKRU;23234
CEFLST;8104,21733,22649,22668,23186,23195,23200,23210,23214,23232,23238
CEFNOR;8108,8116
CEFORR;21736,22670,22675
CEFORS;8071,8111,8124,8125,21737,21984,23203,23240,23246
CEFOSU;8126,23235
CEFRUW;23234
CEGGII;
CEGGIO;8137,23255,23258,23259
CEGGLO;23255,23261
CEGGOR;
CEGGPU;
CEGHIN;4577,8144,18814,21252,23265,23276,23279,23282
CEGHIO;
CEGHIR;8144,22684,23275,23278,23279,23285
CEGHLU;8148,8150
CEGINO;18815,21258,22697,22699,23258,23259,23302,23326,23346,23348,23351,23360,23361
CEGINR;23278,23279,23307,23369
CEGINU;23276,23279,23364,23369
CEGIOS;8178,8191,21744,23179,23298,23312
CEGIOT;8209,21745,22693,23283,23312,23358,23360
CEGIRR;1534,8138,8193
CEGIRS;4581,7290,8180,8194,8210,8211,23257,23260,23335,23371
CEGIST;22703,23179,23312,23321,23344,23358,23362,23365,23371
CEGKOS;7293,8215,8218,8219,8221,22012,23373,23374
CEGLRY;8182,21257,23331,23335,23376,23377
CEGNOR;
CEGNOS;7297,8225,23373
CEGNOT;22544,22719,22721,23353,23360,23379,23387,23393
CEGNSU;22722,23287,23389
CEGNTY;8239,22721,23379,23387,23393,23394
CEGORR;7819
CEGOSU;
CEGRSY;23335,23368,23390
CEHHST;22728,22729
CEHHSU;8259,8261,8267,21265,21754
CEHHTT;21755,22729
CEHIIK;
CEHIIN;8273,21268,22024,23265,23419
CEHIKR;21192,22547,22640,23412,23443
CEHIKY;22732,23454
CEHILN;1552,8287,8292,21128,21274,21967,22031,23182,23419,23465
CEHILS;8285,8290,8299,23440,23456,23458,23460,23468,23470,23476
CEHILT;23418,23421,23439,23469
CEHIMO;8288,21969,22022,22036,23417,23423,23487,23493,23501
CEHIMR;21266
CEHIMS;23181,23272,23460,23492
CEHIMU;
CEHIMV;
CEHINP;8292,8304,8321,21269,22751,23399,23465,23489
CEHINR;21274,21284,22031,22038,23182,23279,23443,23490
CEHINS;18373,23492,23505,23507,23515
CEHINT;22751,22757,23489
CEHINV;8324,23282
CEHINX;22756
CEHINY;23265,23282,23399,23465,23515,23516
CEHINZ;
CEHIOR;8295,8328,23472,23529,23532
CEHIPR;23532
CEHIQU;22767
CEHIRR;22548,22768
CEHIRS;22549,22737,22771,23184,23456,23476
CEHIRT;18833,23285,23559
CEHIST;23553,23561
CEHISU;8259,18811,21273,22762,23191,23286,23403,23535
CEHISV;8068,8342,23476,23547
CEHISW;8343,22045,23451,23542,23546,23563
CEHITT;4593,8301,8315,8335,22757,23481
CEHKLO;7837,8353
CEHKLU;22644
CEHKNU;23443,23573
CEHKOR;8362
CEHKOS;4595,7839,8361,8363,8365,23572
CEHKOY;
CEHKST;8357
CEHKTV;21771,22784,22786
CEHLMS;8290,8377,23458,23460,23567,23579,23586
CEHLMU;23459,23585
CEHLNO;23585,23588
CEHLNP;22792,22793,23268,23462,23465,23592
CEHLOR;21276,22032,22056,23463,23472
CEHLOS;22033,22059,22796,22797,23579,23582,23602
CEHLOT;18776,23421,23469
CEHLOU;8380,22059,23459,23570,23583,23585,23588,23591,23602,23603
CEHLPS;22792
CEHLPU;21774,22793,23592
CEHLQU;21775
CEHLSY;8399,8404,23194,23460,23480,23587,23605,23606,23609
CEHMMY;
CEHMNS;22802,22804,23272
CEHMOR;8153,8408,8415,8416,22803,22805
CEHMOS;8417,21971,23567,23579
CEHMOT;4602,8376,8415,8417,22036,22805,22806,23493,23496,23499,23501
CEHMSU;8422,21294
CEHMSY;8426,23460,23587
CEHMTU;
CEHNOO;22019,22789,23405,23507
CEHNOS;8433,22039,22065,22811,22812,23405,23505,23507,23509,23512,23515,23626,23627,23631,23634
CEHNOT;6817,8428,8434,18837,23629
CEHNOU;8380,23406,23511,23514,23585,23588,23591,23622,23623,23629,23632
CEHNQU;21778,22816,22817
CEHNRT;21781,22810,22818,22820
CEHNRW;8444
CEHNST;
CEHNUU;
CEHOOS;22069,23446,23507,23628,23649
CEHOPS;22811
CEHOPT;6821,7860,8388,8434,18837,22829,23409,23629
CEHORS;22065,22071,23290,23631
CEHORT;8415,8462
CEHORU;4610,8072,18843,22651,23406,23514,23532
CEHORY;18841,18847,23472,23601,23633
CEHOSS;22760,22796,23410,23447,23533,23545,23634
CEHOSU;22762,23570,23649
CEHOSW;8159,8365,18846,22797,23542,23649,23658
CEHOTU;8366,8469,21298,23591,23629,23663
CEHPRU;23532
CEHPRY;21788,22836
CEHPST;21789,22838,23575,23664,23665
CEHPSY;8475,23605
CEHQTU;1579,7352,21790,22048
CEHQUY;23606
CEHRRY;22836
CEHRST;18848,21318,23292,23578,23620,23639,23664
CEHRSU;23254,23292,23620
CEHRTW;21791,22842,23436,23556,23558,23559
CEHRTY;18833,18847,18849,21319,23559,23601
CEHSST;21317,22785,22822,22838,23410,23452,23504,23525,23545,23552,23554,23560,23562,23637
CEHSSU;8487,21306,23612,23640,23670
CEHSTU;1586,8164,8490,22844,23161,23191,23195,23286,23288,23292,23609,23664
CEHSTW;23658
CEHSTY;8350,8404,8426,8467,8475,22779,23480,23609,23662
CEHSWY;
CEHTTY;8272,8486,23454,23481,23662,23669
CEHTVY;
CEIIKR;23412,23680,23681,23682,23685,23687
CEIIKS;23692
CEIILS;18854,22075,22093,23295,23298,23672,23704,23709,23711,23712,23714,23717,23720,23723,23727,23728,23731
CEIILT;21323,21328,21794,22092,23296,23418,23420,23421,23422,23683,23697,23705,23707,23718,23719,23732
CEIILX;8498,23724
CEIIMR;21266,22848,23426,23680,23685,23744,23746
CEIINP;22849,23748,23755,23757,23765
CEIINR;8166,8496,8508,23294,23304,23306,23765
CEIINS;8497,22853,23295,23309,23676,23677,23709
CEIINT;1589,8512,21323,21332,22653,22849,23296,23300,23310,23311,23674,23705,23733,23751,23757,23764
CEIIRR;8508,8517,18720,18852,21333,21799,23205,23306,23681,23693,23744,23787
CEIIST;8519,8520,8521,22730,23196,23206,23312,23437,23678,23780,23781,23793,23794
CEIISV;8518,8521,21802,22109,23672,23676,23761,23781,23791
CEIJNT;8278,21804,22688,22857,22858,23797
CEIJRU;7369,22861,23798
CEIJSU;
CEIKKR;23802
CEIKLM;8530,22865
CEIKLN;4617,18851,21254,21321,22689,22862,22866,22867,23176,23266,23314
CEIKLP;22845,23439
CEIKLR;8280,8537,22123,23681,23802,23814
CEIKLS;18864,23815
CEIKLT;18866,23439,23805,23816
CEIKLU;18783,18859,18866,22122,22865,23805,23816
CEIKMY;21807
CEIKNR;8542,21808,22083,23412,23443,23687
CEIKNS;8541,21270,23317,23318,23836,23839,23840
CEIKNT;22132,23319
CEIKNW;22084,23320
CEIKOO;18862
CEIKOR;18863,22123,23207,23802,23806,23814,23830,23850
CEIKPR;
CEIKPT;21811,23439,23829
CEIKRR;6831,7884,8542,8552,18784,18852,22565,23681
CEIKRS;21342,23850
CEIKRT;23319
CEIKRW;23320,23814
CEIKRY;8537,21815,23209
CEIKTT;21817,23696,23823,23861
CEIKTW;
CEIKTY;23454,23838
CEILLM;23197,23697,23864
CEILLO;8169,8563,8566,8567,23211,23699,23864,23868,23871
CEILMS;22144,22147,22151,22879,23325,23458,23460,23704,23880,23881,23883
CEILNO;8576,8593,21322,21347,22091,22120,22145,22153,23198,23324,23326,23809,23893
CEILNP;21818,22886,22887,22888,23465,23903
CEILNS;23295,23322,23329,23333,23704,23709,23714,23891
CEILNT;1598,6840,8175,8562,8595,8597,21323,23296,23705
CEILNU;18870,23713,23812,23906
CEILNY;6842,7384,8579,8601,18871,21095,21348,22154,22881,23465,23706,23891,23897,23903
CEILOO;18862,21256,21345,23255,23326,23878,23893,23910,23912
CEILOP;1602,4630,6843,8082,8563,18856,23297,23699,23715
CEILOR;21276,21325,21347,22878,22896,22898,23207,23256,23463,23472,23802,23806,23809,23814,23910,23912
CEILOS;22900,23298,23815,23882
CEILOT;18874,22092,22693,23421,23719,23816,23871,23927
CEILPS;23325,23720
CEILPV;23916
CEILPY;8297,8570,8617,8624,8625,21212,22902,23465,23474,23725,23897,23903,23919
CEILQU;23713,23726,23868
CEILRS;23184,23257,23329,23456
CEILRT;22166,23199,23721,23729
CEILRU;18376,18659,18870,18875,21278,21356,23330,23722,23726,23884,23906,23932
CEILSS;21357,23701,23714,23873,23907
CEILST;
CEILSU;8611,8640,18873
CEILSV;23672,23815
CEILTU;4636,8589,18866,18874,23805,23816,23871,23888
CEIMMN;8643,23323,23940,23941
CEIMMO;8573,22171,22172,23940,23941,23942,23943
CEIMNO;23487,23876,23941,23955
CEIMNR;21828
CEIMNS;21829,22696,22919,22920,23272,23338,23491,23492,23828,23962
CEIMNU;8656,8658,21215,23941,23962
CEIMPU;8668,23743,23885
CEIMPY;22915,23955
CEIMRS;1607,6849,8194,8583,8645,18868,18879,23945,23948,23970,23973,23974,23975
CEIMRT;22097,22848,23744,23746,23983
CEIMRU;18882,21363,21364,22150,23212,23983
CEIMST;18880,22176,23218,23959,23963,23978,23985
CEIMSU;23338,23834,23969
CEIMTY;8195,22922,23461,23976,23985
CEINNO;8196,8677,8678,21258,22002,22178,22925,22926,23258,23340,23341,23835,23889,23986,23987,23989,23991,23993
CEINNT;21836,22099,22575,22880,22926,22928,23300,23343,23506,23751,23753,23835,23889,23986,23993,23994
CEINOR;8593,8691,21837,22935,23991
CEINOS;23223,23507,23509,23515
CEINOT;18787,22857,22926,22938,23360,23751,23764,23986,23993,23994
CEINOV;7412,8694,18885,21217,22885,22938,23360
CEINOX;8650,8691,18885,21982,22699,22935,23223,23361,23762,24019
CEINPR;21377,23765
CEINPT;21377,23489
CEINQU;8696,22943,23713
CEINRS;18886,24034
CEINRT;22199,23319,23343,23369,23905
CEINRW;23991
CEINST;24043
CEINSU;18886,22947,23836,23843,23961,24013,24026,24034,24038
CEINSW;22853,23904
CEINTY;21376,22104,23516,23838
CEINWY;
CEIOOR;21367,21380,23347,23910,23912,23997
CEIOOT;8724,21380,21381,21382,22204,23493,24045,24046
CEIOPR;1617,6857,8328,18889,21385,23202,23532,24049
CEIOPS;7423,8686,8726,18887,22106,23756
CEIOPT;23779
CEIOPW;8728
CEIORR;8604,18889,22209,22210,22859,22896,23910,24060
CEIORS;22860,22958,23163,23203,23260,23738,23830,23974,23975
CEIORT;23226,24059
CEIORU;21385,23164,23532,23544,23943,24053,24073
CEIORV;8607,23539,23916
CEIORW;23355,23814,23991
CEIORX;8691,22706,22935,22958,22962,23967,23974,24066
CEIORZ;8608,22898,22962,23356,23497,23912,23968
CEIOSS;8096,8726,18888,22760,23447,23498,23533,23546,23851
CEIOST;18377,18880,21362,23179,23218,23312,23739
CEIOSV;8612,21848,22109,22763,23815
CEIOSZ;8614,22136,22189,22764,22900,23359,23763,23964,24020
CEIOTX;21381,21389,24046
CEIOTZ;8662,21382,23719,24000
CEIOZZ;
CEIPPR;
CEIPPT;22110,22967,22968,24002
CEIPRR;18889,23928,24049
CEIPRS;
CEIPRT;21377
CEIPRY;8097,22902
CEIPSS;1621,7432,8515,8666,8697,8726,8745,8746,22225,23533,23742,23766,24055
CEIPST;23934,24079
CEIPSY;8698,22195,23839,24033,24048
CEIPTY;8624,21387,22208,23474,23725,23919
CEIQRU;22767,22943,23726,23786
CEIRRS;21351,21856,22944,22977,22978,22979,22980,23945,24090
CEIRRU;8748,8759,18882,21248,21363,23946,23980
CEIRSS;7437,8339,8760,21290,23284,23503,23554,23984,24094
CEIRST;24096
CEIRSU;23165,23366
CEIRSV;23791
CEIRSZ;22708
CEIRTU;6865,8671,8707,8768,21337,21378,22113,22199,22217,23229,23285,23369,23524,23544,23770,23786,24015
CEIRTW;23436,23558,23559
CEIRUV;8636,8768,21364,22114,22861,23229
CEIRUZ;8759,24061
CEIRVX;22987
CEISST;22988,23504,23554,23560,23562,23747,23788,23793,23873,23984,23985,24094,24096
CEISSU;8745,22115,22225,22976
CEISSY;8714,21357,23851,23985,24042
CEISTU;8212,8520,8674,8750,8778,18379,22138,23191,23286,23321,23403,23553,23834,23856,23863,24078,24079
CEISTV;22229,22589,22985,23791,23794,24096,24099
CEIUZZ;
CEJKOY;21865
CEJNOU;23799
CEJOOS;24106,24111
CEKKOP;
CEKKSY;
CEKLMU;8796,22235,22865
CEKLNO;18899,22867,23809,24116
CEKLNU;8799,18897,18900,22997
CEKLOR;21867,22123,22234,22239,23207,23231,23802,23806,23809,23814,24116,24126
CEKLOS;4666,8215,18864,18898,22124,22240,23230,23815,24118,24119,24127,24130
CEKLOT;8534,18899,23816
CEKLPU;4667,8796,22997
CEKLRS;22663,22781,23001
CEKLRU;23234
CEKLSU;8806,24114
CEKMOR;21870,22234,23806,23827
CEKMRU;8792,21871
CEKNOR;6871,18793,24116,24142
CEKNOT;4670,18899
CEKNSS;1634,8798,8820,8821,22998,24123
CEKNSU;18794,23003,23840,23843,24114,24125,24147,24149
CEKOOR;8779,8823,8824,18904,23231,24126,24142,24151
CEKOOY;
CEKOPT;21876,23004,23829
CEKORR;21877,23006
CEKORS;8219,8829,18906,23850
CEKORT;8823,23004,23006,24159
CEKOST;1635,8221,18907,23008
CEKPRU;8819,21882,23009,24148
CEKPRY;
CEKPSS;8804,8820,8831,22873,23000,23855
CEKPSY;8831,22249,23233,23839
CEKRST;22783
CEKRSU;21401,23003
CEKRSW;23011,24150,24161
CEKRTU;8222,24140,24146
CEKRUY;8833
CEKSTU;22138,23321,23826,23834,23856,23863,24122,24147
CEKTTU;
CELLOS;18898,18908,23230,23566,23579,24118,24119,24166
CELLOT;18796,21886,22256,23016,23871
CELLOU;8856,21249,23015,23375,23583,23866,23868,23871,24171
CELLRU;4680,8841,8846,18909,22254,23018,23872
CELLSU;8375,8844,22594,23012,23019,23580,23584,24168
CELLTU;8856,22256,22257,23805,23871,23872,24169,24170
CELMNU;8869,8870,22259,23585,24182,24184
CELMOO;21345,23878,24185,24186
CELMOP;8872,21403,23026,24186
CELMOR;22234,22878,23027,23806,23879,24179
CELMOS;8580,8843,8876,8877,22147,23567,23579,23881,23882,24121,24165,24191,24192
CELMOY;8875,22148,23864,24181,24182,24186,24187,24189,24192
CELMSU;24165,24188,24193,24195
CELMUY;23875,24182
CELNNU;
CELNOO;8887,8888,22789,23893,24207
CELNOR;21347,22665,23036,23037,23463,23809,23894,24116,24208,24211,24212
CELNOS;18914,21404,22265,22267,24216
CELNOU;8380,8869,23015,23033,23037,23585,23866,24182,24205,24209,24210
CELNOV;6882,8890,8896,8897,22885,24202,24207,24215,24216,24217
CELNRU;18870,22271,23237,23330,23906,24205
CELNSU;21230,22272,22666,23045,23238,24114
CELNTU;1660,7952,8799,23040,23045,24169,24170,24184,24218
CELNUU;4691,18900,22251,22271,23237,24169,24184,24209,24218
CELNUW;7468,21892,22269
CELOOR;8908,18797,23231,23912,24126,24220,24226,24227
CELOOS;8910,21250,24106,24127,24222
CELOOT;4692,6884,8387,8888,22276,23381,24185,24204,24226
CELOPP;8911,23715
CELOPU;23033,24209,24210
CELOQU;23868,24171
CELORS;23262
CELORT;24204,24208,24211,24226,24247
CELORU;18915,23037,23167,24205
CELORV;1662,7473,8607,8801,8851,8890,8908,18915,21896,22161,22275,23052,23916,24126,24220
CELOSS;18911,21407,22265,23383,23597,24119,24123,24127,24130,24174,24206,24222
CELOST;23028,23039,23054,23055,24214,24232,24249
CELOSU;1664,8611,8877,8910,8930,23570,23603,23882,24191,24228,24249
CELOSV;23055,23815,24216
CELOSX;8613,23902
CELOSY;21404,21405,21407,22267,24106,24187,24189,24192,24216
CELOSZ;8614,8894,22900
CELOTY;23048,23239,23379,23381,23601,23919,23922,23927,24181,24201,24247
CELOUV;18915,23216,24202
CELPRU;8620,18875,22287,23592,23722,23932
CELPSU;23019,24195
CELPSY;21405,22598,23233,23605,24189
CELPTY;23048,23239,23474,23725,23919
CELPUU;22287,23885,23932,24209,24218
CELRRU;24134
CELRSU;23168
CELRSY;7480,8399,22291,23064,23594,24177,24253
CELRTU;6889,8112,8400,24194
CELRUU;8113,8945,21356,21409,22271,22287,23237,23932,24244
CELRUV;8636,18915,22293,23906
CELRUW;18909,23234
CELSTU;21307,23045,23054,23195,23238,23288,23603,23608,23609,24122,24195,24199,24214,24228,24232,24262
CELSTY;23023,23480,23595,23609
CELTTU;4706
CELTUY;22257,23609,24170
CEMMOR;23942,23943,24263,24266,24271
CEMMRU;24266,24271
CEMNNO;1683,7979,23384,24274
CEMNOO;8114,8812,8963,21360,22298,22306,23384,23949,23953,24263,24274,24277
CEMNOS;22299,22305,22307,24267,24275,24279
CEMNOW;22306,24274
CEMNPU;
CEMNRU;8870,8966,8969,24266
CEMNTU;8658,22060,22309,23067,24184
CEMOOS;8971,8972,23074,23963,23964,24269,24270,24288,24289,24290,24291
CEMOPR;
CEMOPT;8872,21403,24280
CEMOPU;
CEMORR;7489,8873,8964,8973,8976,8977,23069,24277
CEMORS;23074,23240,23738,23956,23972,23973,23974,23975,24281,24288,24297
CEMOST;18880,21362,22176,23028,23218,23499,23739,23959,23963,23972,23978,24138,24190,24267,24269,24275,24291
CEMOSU;22313,23882,23969,24165,24191
CEMOSY;8981,23240,23975,24139,24187,24189,24192,24287,24288,24291,24299
CEMRTU;8671,23030,23983,24271
CEMTTU;8675
CENNOO;8785,23949,24274
CENNOR;7499,8236,21911,22716,23084,23085,23086,23219,23340,23749,23950,23989,23990,23991,24305,24306
CENNOS;21238,21912,22305,23088,23089,23624,24200
CENNOT;22926,23032,23084,23751,23835,23889,23986,23993,24201,24305,24306
CENNRU;23085,23989,24306
CENOOP;8887,23346,23996,24302
CENOOR;21367,21413,23347,23996,24142,24263,24318
CENOOS;23091,23092,23405,23507,23628,23999,24143
CENOPR;7502,8432,9004,24208,24302
CENOPS;8433,8686,9005,21416,22307,22811,23093,23509,23756,23895,24006,24144
CENOPU;22931,23033,23511,23623,24209,24210
CENOPY;23034,23351,23897,23955,24210
CENORR;4711,6895,7503,8435,8964,9010,21919,22670,23069,24107,24305,24328
CENORS;21418,23631
CENORT;21921,22719,23036,23084,24208,24305
CENORU;8966,9017,23406,24205,24266
CENOSS;23038,23392,23634,24123,24213,24282,24307,24321,24338,24339
CENOST;21392,21416,24267
CENOSU;6899,21164,22188,23088,24026
CENOSV;6900,9020,23089,23098,23102,23631,24143,24215,24316,24336
CENOSY;21397,21404,23390,23515,24025,24105,24139,24337
CENOSZ;4715,8894,8995,22189,23092,23099,23359,23634,23763,24020
CENOTU;1691,9008,9024,23993,24028
CENOTV;22938,23360,23764
CENOVX;18885,21927,23102,24217
CENOVY;8897,21928,22325,23101,23633,24217,24318
CENPSU;23107,24344,24345
CENRSY;23368,23390,23594,23844,24031,24150,24320,24337,24342
CENRTY;21419,23044
CENRUY;8969,9017,21421,24337
CENSST;21933,22618,22822,23113,23392,23637,23641,24307,24329,24338,24339,24347
CENSSU;21934,23107,23110,23112,23113,23244,23612,23640,23641,24110,24183,24213,24282,24310,24321,24330,24339,24344,24347,24348,24349
CENSTY;1705,8907,9033,21935,24342
CENSUU;22247,22310,24110
CENTUU;22248,22334,24109,24169,24184,24218,24343
CEOOPR;21936,22824,24302,24351
CEOORS;7523,8971,21424,22340,22341,23074,24288
CEOORT;8121,8823,9043,9044,18739,18895,21380,21652,22204,24355
CEOORV;8908,9044,18917,23075,24126,24142,24151,24220,24303,24351,24356
CEOOSY;24106,24187,24287,24288
CEOOSZ;23092,23615,23964
CEOOTY;23077,23381,23387,24278
CEOPPR;1707
CEOPRS;8912,9048
CEOPRT;1708,8913,9004,9050,22676,23004,23119,23120,24208
CEOPRU;9050,21385,21427,23532,24053,24294
CEOPRY;7526,8244,21427,23120,24320
CEOPSS;23121,23533,24054,24055,24222,24231,24285,24312,24321,24322
CEOPSU;9042,9051
CEOPTY;8919,21387,22208,23239,23409,23919
CEOQTU;8011,9008,23123
CEORRS;21312,24172,24223
CEORRT;22209,23971,24010,24060,24305,24355
CEORRW;9057,18923,24060,24155,24356
CEORRZ;
CEORSS;
CEORST;21243,21432,21944,22724,22994,23134,23135,23171
CEORSU;21401,21424
CEORSV;4724,23631,23659,24336,24372,24384
CEORSW;18846,21418,21432,23134,23658,24161,24334,24370,24373
CEORSY;8981,21947,22216,23240,23390,23975,24072,24288,24320,24337,24387
CEORSZ;23099
CEORTT;8248,8462,9043,9054,21316,21948,23136,24355
CEORTU;23137,24053,24073,24271,24294
CEORTV;24247
CEORTX;
CEOSSS;6906,8013,9018,23080,23648,24130,24289
CEOSST;1713,9019,9065,21317,21433,21950,22354,23121,23392,23410,24111,24298,24307,24338,24339,24390
CEOSSU;24321,24339,24390
CEOSSW;
CEOSSY;21407,23007,23383,23851,24174
CEOSTT;21425,21951,23008,23662
CEOSTV;22343,23055,24359
CEOSTY;8467,18907,23662,24299,24380,24387
CEOSVY;24072
CEOSYZ;
CEOSZZ;
CEOTTT;
CEOTTU;7539,8469,9024,23123,23663,24073
CEPPRU;23635,24393
CEPRSU;24398
CEPRSY;24253,24320
CEPRTU;24343,24393
CEPSST;22838,23121,23143,23637,24367
CEPSTU;22288,23575,23934,24078,24079,24195,24232,24295,24323,24345
CERRSU;24163,24346
CERRSY;
CERRTU;23058,23150
CERSST;23554,23668,23788,23859,23984,24035,24083,24094,24096,24255
CERSSU;18916,18919,21655,22290,23172,24176,24273,24310,24348,24349,24403
CERSSW;23061,23148,23153,24349,24395
CERSSY;23668,24402
CERSTU;21318,21434,23292
CERSUV;9084,21958,23149,23659,24336,24372,24384,24398
CERSUX;9093,24403
CERSUZ;
CERSWY;1724,24150
CERTTU;
CERTUV;21961,23229
CERUVY;22293
CESSSU;8487,18926,22074,23112,23157,23640,23670,24137,24197,24344,24399
CESSTU;21433,22294,22354,23081,23113,23157,23173,24261,24262,24298,24339,24389,24390
CESTTU;18850,22844,23114,23158,23642
CESTUY;23609,23643,23863,24299
CESUZZ;
CFFHSU;23161
CFFHUY;
CFFILS;1731,9102
CFFILY;
CFFINO;21962,24417
CFFINU;9101,24414,24417
CFFLOS;7553,9105
CFFNUU;21965
CFFOSS;9106,23170,24421
CFFOTU;
CFFRSU;
CFFSSU;23166,23169,23173,24421
CFGINU;9107,24431
CFHILN;9121,21967,23174,23182,23183,24422
CFHILT;21968,23185,23186,24436
CFHIRT;21970,23185
CFHISU;18811,23191,24435,24438
CFHITY;24436
CFHLSY;23194
CFHOOS;
CFIILM;23197,24447
CFIINS;24448,24453,24458
CFIINU;24447,24449
CFIIST;9099,9135,9140,9141,21976,23196,23200,23206,24448,24452,24458
CFIITY;9137,21977,23201,23206
CFIKLS;9142,24460
CFIKLY;23209,24459
CFILOR;9147,9150,18812,18930,23207,24450,24459,24465
CFILST;9102,9135,9154,23186,23200,23210,23214,24448,24452,24460
CFILTY;9137,9152,23201,24436
CFIMOR;18928,18931,24454,24455,24465
CFIMOT;
CFINOT;21247,21442,23187,23213,23222,23224,24430,24472
CFINOX;21982,23223
CFIORT;9150,9160,18929,23222,23226,24430,24455,24457
CFIRTU;9167,23229,24418
CFISTU;9154,9166,23191,24452,24460,24463,24464
CFITYY;
CFKLOS;9170,9171,23230,23232,24474
CFKLOY;24459
CFKORS;9170,21984,22360,24434,24476
CFKPUU;
CFLPUU;24440
CFORST;23171,23246,23249,23251,24441,24488,24490
CFOSTU;8126,9166,23245,23251,24441,24477,24490
CFOSUU;
CFRSSU;8131,23250
CFRSTU;23251,24441,24490,24492
CFRSUY;
CFSSTU;23173
CGGLOY;23261,24505
CGGORY;
CGHHOU;21445
CGHIIN;18389,23265,24422,24511,24517,24520,24531,24534,24542
CGHILT;1752,8142,9222,23269,23271,24522,24553
CGHINR;22684,23275,23277,23278
CGHINS;22366,24524,24528,24537,24568,24580,24584
CGHIOT;18939,24514,24548,24553,24565,24572,24574,24578
CGHLNU;9223,21992,23287,24498,24544,24550,24551,24554
CGHLOU;
CGHLTU;21993,23288
CGHOOS;24570,24586,24587,24588
CGHORU;1760,9257,24575
CGHOSU;24576,24587
CGHRTU;
CGIILT;23296,24522,24589,24596,24619,24620
CGIINO;18815,23302,23303,24517,24601,24631,24632,24634
CGIINR;1762,8166,18390,18946,21454,23294,23306,24637,24638
CGIINS;9271,18946,23303,23309,24503,24524,24528,24537,24590,24624,24625,24628,24629,24631,24634,24635,24637,24638
CGIINT;9199,9268,23296,23300,23310,23311,24589,24591,24626,24630,24632,24634
CGIINV;8167,9266,9272,23301,23310,24638
CGIKNO;
CGILNS;23322,23329,23332,24648,24664,24668,24686,24687
CGILNU;18392,21455,21460,21658,22380,24408,24498,24615,24617,24680,24685,24686,24689
CGILNY;24552,24665,24688
CGILOS;21463,22368,23298,24610,24611,24619,24694
CGILPU;23328,24646,24667,24680
CGIMNO;24621
CGIMNY;9336,23337,23339
CGINNO;8196,9203,18955,21258,23258,23341,24640,24698,24713
CGINOO;22697,23259,23347,23348,23349,24423,24708,24717
CGINOP;9232,9350,23302,23350,24572,24612,24632
CGINOR;24495,24676,24718
CGINOS;24409,24496
CGINOT;18939,21465,23353,23360,24430,24514,24565,24572,24574,24578,24626,24632,24633,24700,24713,24715,24717,24727
CGINOV;23354,23360,24579,24717
CGINOW;21465
CGINOX;22699,23361
CGINOY;6930,8202,22006,23337,23348,23361
CGINOZ;
CGINRU;6931,9345,24703
CGINRY;9322,9346,9361,24688,24733
CGIOOT;24690,24715,24717
CGIORS;9338,9372,9373,9374,23260,24694
CGLLOY;21459,23376,24505,24663
CGLLYY;23377
CGLNOU;9207,9376,9383,21460,22380,24680,24681,24685
CGLOOS;23378,24677
CGLOOU;23375,24692
CGNOOS;9391,22386,24586
CGNOOU;22387
CGNSUY;24748
CGOOSS;23395
CGORSS;8245,9394,23388,23395,23397,24724
CGOSSU;23382,23397
CHHISS;21468
CHHIST;24750,24752
CHHITY;9400,21467,24751,24756
CHHNOO;22019
CHHOOS;24757
CHHOOT;23408,24759
CHHOSU;24758
CHIIKM;
CHIILL;23415,24520,24766
CHIILS;21170,22388,24767,24775
CHIILT;9414,22389,23418
CHIIMR;1802,21266,22023,23426,24523,24778,24779
CHIINS;22366,24524,24528,24763,24780
CHIINT;24761
CHIIPP;24531,24785
CHIIRZ;23434,24778
CHIKNS;1805,9217,9424,9431,21270,23413,23444,23445,24547,24549,24763,24795
CHIKNT;1806,9218,24519,24548,24793
CHIKNY;24789
CHIKOR;
CHIKOS;18963,18964,18965,24547,24787,24795
CHIKOT;7585,24548,24797
CHIKRS;24764
CHIKST;24750,24762,24764
CHIKTY;23454,24797
CHILLS;23456,23457,24787,24801
CHILLY;24766,24788
CHILMO;23417,23459,24804,24805
CHILNU;9223,18966,21478,21479,24498,24544,24550,24551,24554,24789,24811
CHILOR;23472
CHILOS;23464,24787,24804,24805,24810,24820
CHILPY;8297,9453,23465,23474,24436,24773,24774,24807,24811,24816
CHILRS;22737,23184,23440,23456,23473,23475,23476,24754
CHILRY;22741,23472,24773
CHILST;
CHIMNY;24830,24831
CHIMOR;9462,24559,24778,24826,24828,24832
CHIMOS;22399,24437,24804,24805,24829,24830,24835
CHIMPS;9468,9469,24563,24755,24804,24806,24836
CHIMRS;
CHIMSS;22748,23484,23498,23504,24437,24438,24836,24837
CHIMST;18968,24834,24835
CHIMTY;9444,9472,9476,23461,24756
CHINOP;24558,24569,24571,24572,24573,24794,24838
CHINOS;9447,9463,9483,22039,23464,23505,23507,23515,24411,24795,24808,24810,24830
CHINOT;9481,9484,18939,21469,24514,24548,24553,24565,24572,24574,24578,24838,24840,24843,24844
CHINPY;23399,23465,24807,24811
CHINRU;18826,21284,23443,23490,23514,23518,23524,24844
CHINST;24848
CHINTZ;9484,23527,24846
CHIOPR;8328,9449,9479,22405,22406,23508,23529,23530,23532
CHIOPT;24572,24797,24813,24838,24843,24849,24851,24858
CHIORS;6950,9492,18970,24783,24859
CHIORT;18971,21474,22392,22404,22408,24574,24782,24840,24844,24855
CHIORW;22405,24828
CHIOSW;22045,23546,24577,24810
CHIOSY;9483,18965,22407,23515,24814,24820,24830,24842,24847,24857
CHIOSZ;22393,22764,24846,24854
CHIPPY;24816
CHIPRS;1831,9248,9418,18970,24850,24856,24861,24862
CHIPRY;22406,24773,24864
CHIPSY;22407,22410,24563,24800,24857,24862
CHIPTY;9453,23474,24436,24774,24797,24843,24851,24857,24864,24865
CHIQTU;9249,22048
CHIRRS;1835,9502,24862
CHIRST;1836,9420,9471,9502,9504,9505,24764,24786
CHIRSU;9421,9501,9505,18745,24754,24853
CHISST;22394,23504,23525,23552,23554,23560,23562,24837,24865
CHISTT;24786,24819
CHISTU;9498,9505,18968,23191,23286,23403,24835
CHISTW;9499
CHISYZ;
CHITTW;22052,23558,23564
CHITTY;9457,9507,23454,23481,24864
CHITWY;23559
CHIVVY;
CHKLOO;23568
CHKLOS;18963,24787,24790,24868
CHKMOS;9510,9511,23442,23567,24870,24871
CHKMSU;24871
CHKNSU;24549,24873,24875
CHKNUY;23573,24789
CHKOOS;4781,18396,22412,23446,23568,24757,24868,24870,24876
CHKORU;18973
CHKOSS;23447,23574,24799,24874,24877
CHKOSW;
CHKSSU;23577,24435
CHKSTU;4785,18974,24878,24879
CHLMOO;9252,22787,24880
CHLMUY;24803,24883
CHLNSU;22395
CHLOOS;9519,24868,24885
CHLOOT;6957,8387,22413,24802,24813
CHLORS;24881,24885
CHLOST;1853,9535
CHLOSU;22059,23570,23600,23602,23603,24805,24885
CHLOTU;23591,23603,24821,24887
CHLRSU;18976,24754,24885
CHLSSU;1857,21306,23477,23602,23608,24882
CHLSTU;1858,9254,9527,23195,23288,23603,23608
CHMMUY;24803,24872
CHMNUY;1863,24831
CHMOOR;9541,24822,24826,24832,24880,24888
CHMOOS;24870
CHMOPS;9522,9542,23616,24804
CHMORY;9538
CHMOSS;9467,9545,24437,24833
CHMOSU;22399,24805,24829,24835,24871,24890
CHMPSU;9548,24755
CHMSTU;9548,18968,24835
CHNOOP;24569,24838,24884,24893
CHNOOR;6961
CHNOOS;9552,23507,23628,24570,24586,24587,24808,24841
CHNORY;9538,9554,22401,23633
CHNOSZ;23634,24846
CHNOTY;23516,24843
CHNPUY;23573,24811
CHNRSU;9539,9558
CHNSSY;24898
CHNTUU;9256,21495
CHOORT;9541,9561,9562,22404,24855
CHOOSS;24852,24874,24901
CHOOST;22069,23408,23628,24841,24902
CHOOSY;9552,24814
CHOPPY;23651,24816
CHOPSY;22407,23653,24842,24857,24886,24904
CHOPUY;24904
CHORRU;18843,22418,24889
CHORSU;18747
CHORTU;1880,6968,9544,9561,24887
CHORTY;6969,9562,9565,18847
CHORWY;
CHOSTT;4791,9517,23661,23662,24819,24905
CHOSTU;18974,24835,24878,24902,24903,24904
CHOSTW;6970,23658
CHOTUY;24821,24887,24904
CHPSSY;
CHPSTU;6972,9498,9548,9568,9569,23575,23664,24878,24879,24902,24903,24904
CHRRSU;6973,9259,9571
CHRSTW;8484,22842,23556,23658
CHSSSU;8487,22074,23640,23660,23667,23670
CHSTUU;23671,24879,24903
CHSTUY;23643,24904
CIIIRT;21499,22422,24761,24916
CIIKLY;24924,24927,24928
CIIKNP;21501,24932
CIIKNW;22084
CIIKST;18943,22424,24607,24609,24750,24762,24764,24926,24928,24933,24935
CIILMN;1886,8495,9261,9574,9589,9590,18944,23704,23705,23706,24447
CIILMU;9590,24447,24908,24937,24941
CIILNP;9598,24768
CIILOP;18856,23297,23699,23715,23716,23717,24450,24939
CIILSV;22429,23672,24911,24955
CIIMMS;24597,24929,24961
CIIMOT;24777
CIIMSV;21498,24914
CIIMTV;9626
CIINNU;9628,21506,22373,24628,24974
CIINOP;7632,9632,9633,23302,23748,23757,24456,24632,24978
CIINOR;9595,9609,9634,18993,21438,21507,24974
CIINOS;21178,22374,22433,22436,22437,24458,24625,24631,24634,24635,24915,24975,24979,24980,24988,24989
CIINQU;9628,23713,24534,24615
CIINRS;7635,9612,9640,18946,24503,24604,24638,24913
CIINRT;9416,9642,24761,24916
CIINSV;9636,22421,22437,23676,23761,24635,24638,24914
CIIOTT;9637,18981,18997,23779,23780,24989,24990,24996,25000
CIIPRS;9274,9418,21504,24956,24969,24995,25002
CIIRSS;7639,9640,9645,9649,18991,22449,24783,24985
CIIRTV;9647,23729
CIISTY;4802,18999,21669,22447,23206,23773,24776,24928,24954,24957,24960,24970,24997,25004
CIJKOR;
CIJNOO;22118
CIKKLS;8528,24922,25011
CIKKNS;9424,19000,23803,24592
CIKKPU;
CIKLNO;9577,9662,22120,22867,23809
CIKLNS;18982,24595
CIKLRY;8537,9287,23209,23822
CIKLSS;25018,25021
CIKLSY;24928,25029
CIKLTY;24928,25029
CIKMNU;22359,24791,24792,24793
CIKMSU;22130,23832
CIKNPU;24792
CIKNPY;21501,24934,25040
CIKNSS;9299,9679,24659,25041,25043
CIKNYZ;24446
CIKORR;19003
CIKOSS;22133,23447,23851,24799,25018,25032,25041,25047,25048
CIKOSY;18965,22135,23851,25005,25029
CIKPPU;
CIKPRS;9302,9670,9681,21515
CIKPRY;
CIKPSS;22873,23855,25051
CIKPTU;
CIKQSU;9433,9673,23692,23840,23856
CIKQUY;
CIKRST;24764,24798
CIKRSW;9435
CIKRTY;
CIKSST;9679,25035,25043,25047,25048,25051
CIKSTY;9682,24928,25005,25029
CILLOU;7648,9692,9699,21441,22141,22460,22461,23868,23871,25060
CILLSU;4814,9585,24664,24801,25054,25057,25060
CILMNY;8579,9701,23706
CILMSS;7652,9594,9687,9711,9712,23881,23887,24940,25021,25065,25069,25074
CILMUU;7004,23885,23888,24671,25066,25067,25073
CILNOO;7654,9688,9717,9718,23893,24943,25055,25081
CILNOS;24809,24810,25082,25084
CILNOU;19009,22153,22380,24680,24681,25064,25066,25078
CILNPU;4820,22887,23328,24646,24667,24680,24811,25064
CILNST;24448,24769,24947,25023,25080
CILNTU;24670,24689
CILOPU;9450,22158,23918,24680,25064,25083,25100
CILOPY;7663,21102,22468,23897,23919,24816,24939,25070,25091
CILORS;18987,19010,22465,24694,25016,25022,25056,25059,25060,25068,25077,25082,25084,25094,25099
CILORT;7009,7665,9150,9693,9722,9734,9741,22466,25092
CILOSU;8611,18672,18873,21463,23882,23925,24805,25060,25094,25096,25105
CILOSV;7011,8612,9600,9708,9740,9743,23815,24955
CILOSY;4822,9696,9724,19006,21182,21523,22468,22470,24814,24820,24954,25029,25070,25084,25086,25102,25104
CILOTU;9151,9744,18874,19007,21350,23816,23871,23918,24821
CILOYZ;9742,24815,25091
CILPSU;24451,24806,25073,25106,25107
CILQUY;
CILRSY;18400,24506,24942,24957,25084,25102,25108
CILSUY;21520,25054,25062,25086
CIMMNU;23941
CIMMOS;22471,24961
CIMMOT;22171,23942
CIMMOX;22172,23944
CIMNNO;9760,24698,24825
CIMNNU;24556,24791
CIMNOR;24828,25053,25118
CIMNOS;24830
CIMNOU;9765,9769,22431,23941,24470,24560,24701,24831,25064,25066,25116
CIMNRU;18953,21525,24470,24703,25116
CIMNSU;8656,9465,9614,9770,9775,23338,23491,23962,24624,24668
CIMNUU;18954,21525,24671,25066,25067,25122
CIMOPY;23955,24939
CIMORS;9157,9338,9779,9780,18755,18879,23738,23830,23966,23970,23972,23973,23974,23975,24966,25034
CIMORU;7022,9765,18931,18990,23943,24470,24824,24832,25071,25116
CIMOSS;23498,23881,23977,24437,24471,24833,24940,25032,25069,25125
CIMOST;18880,21362,22176,23499,23959,23972,23978,24834,24835,25033,25121,25129
CIMOTY;22922,23976,25117
CIMPRS;1949,9670,9783,24969
CIMPRY;
CIMRSS;18991,23831,23984,25119,25125
CIMRUU;21525
CIMSSU;9475,9712,24438,24471
CIMSTU;8674,9775,18968,24835,25121,25129,25130
CIMSTY;7025,9713,24970,25075
CIMSUV;
CINNOS;4829,7680,9715,9792,9793,24461,24915,24975,25006,25036,25037,25038,25039,25135,25136,25141
CINNOU;9790,18955,22178,24417,24640,24709
CINNOY;7681,23952,25076,25141
CINOOP;9632,24838,24978,25143
CINOOS;7026,21527,23507,23999,24795,24841,24962,24980,25036,25136
CINOOV;9718,9799,24717,24796
CINOOZ;21368,22181,23349,23893,24000,24981,25114,25144
CINOPP;24001,24002,24978
CINOPT;21528,21530,24456,24572,24632,24700,24715,24838,24843,25040,25083,25118,25143,25146,25152
CINORS;21531,22455,22479,25022,25056,25082,25084,25139,25157
CINORT;21526,21528,24430,24574,24653,24840,25118,25134,25146
CINORZ;9634,21507,23356
CINOSS;24946,24983,24988,25041,25151
CINOST;18994,21527,21532,22436,22482,24947,24964,24975,24980,24989,25023,25038,25080,25136,25141,25152
CINOSU;19013,19016,22188,24013,24026,24984,25149,25157
CINOSV;9162,9636,9810,21532,22437,25161
CINOSZ;22189,23359,23763,24020,24846
CINOUZ;
CINRSU;22198,22947,23843,24013,24034,24038,25087,25139,25157
CINSTT;8715,9370,9680,9774,9816,9830,22440,24021,24036,24043,24738,24848,24976,24989,25155,25163
CINSTU;19017,21103,24738,24848,24977,24992,24993,25009
CIOOPT;8724,9832,21533,22483,24715,24838,24849,24851,24994,25143,25169
CIOORT;21380,21526,22204,22404,22466,24840,24855,25092,25134
CIOPRS;18970,21515,22484,22486,22487,24719,24850,24982,25082,25099,25145,25165
CIOPRT;21528,22443,25118
CIOPSS;8726,9491,9837,9838,23533,24050,24054,24055,24983,25101,25127,25147,25151,25174
CIOPST;19022,21516,21533,21537,24951,24994,24996,25012,25025,25033,25044,25045,25090
CIOPTT;23779,24007,24858,24996,25045
CIOPWY;
CIOQSU;9805,23969,25170
CIORSS;7694,9492,9645,9841,9843,21671,24783,24833,24852,24860,25125,25172
CIORST;7037,7695,9373,9779
CIORSU;19013,22444,22487,24725,25060,25139,25157
CIORTT;24818,24855,25046
CIORTV;9494,9647,9741
CIOSST;19024,24953,25047,25048,25095,25103,25104,25173,25174
CIOSTU;7040,9166,9839,9849,19022,21537,22489,24076,24835,25129,25130,25170,25173
CIOSTX;7697
CIPPSU;24078,24730
CIPRSS;
CIPRST;1970,7041,7700,9681,9746,9783,9822,9852,24969,25002,25106
CIPRSY;24862
CIPSSU;8745,9838,23933,24055,24086,25051,25088,25107
CIRRSU;24732,25180
CIRSTT;22450,24786,25003,25108,25163,25180
CIRSTU;21509,24921,25002,25003,25106,25180
CIRSUY;25157
CIRTTY;9845,18894,23861,25108
CISSSU;9864
CISSTU;25043,25048,25051,25103,25107,25111,25160,25173
CISSUV;9866,24097
CJKOOS;22490
CJNOSU;
CJNOUY;22491
CJNSUU;24110
CKKNOS;22995,24115
CKLNOS;9881
CKLNOU;22236
CKLNOY;
CKLNSU;24114,24125
CKLNUY;24789
CKLOPU;22238
CKLPSU;9880
CKLPUY;25020
CKLSSU;9174,25021
CKMOPU;
CKMOSS;4859,9894,25032
CKNORU;18973,21543,22245,24146
CKNRSU;4865,9898,23003,23843,24125,24149,25209
CKNTUU;22248
CKOORS;9885,21466,22412,22498,25031,25190,25197,25198,25205
CKORST;7055,9902,9903,24798,25215,25218
CKOSST;7057,9894,9904,24799,24877,25047
CKOSTY;18907,24132,25005,25029,25220
CKRSTU;9898,25209,25215,25218
CKRSUU;24164,25209
CKSSTU;4874,9899,9906,25035,25043,25051
CLLOOP;22252,22501,25222
CLLOOY;25225
CLLORS;25016,25056,25059,25060,25190,25191
CLLSSU;25223
CLMNOU;8869,9909,9922,9926,22259,23585,24182,25064,25066
CLMOPS;24804,25063,25070,25228,25229
CLMOPY;24186,24189,24939,25070
CLMOSU;19039,19041,23882,24188,24805,25193,25229
CLMOSY;4883,19006,24187,24189,24192,24881,25070
CLMOUU;9380,25066
CLMPSU;9928,9931,19008,24188,24193,24195,24196,25073,25229
CLMPUY;24883
CLMSTU;24122,24195,24199,25229
CLMSUY;24883,25054,25062
CLNOOS;9936,9939,9941,9942,25232
CLNOOU;9525,22264,24205,25078,25081,25233
CLNOOY;24678,24743,25226
CLNOSU;9944,22503,24483
CLNOSW;18914,24683,24810
CLNOTU;9945,25233
CLNOUW;22269
CLNRUU;22271,23237
CLOOPS;9180,9951,9953,21521,22463,22506,24221,24222,24484,24485,25197,25237
CLOOPT;2023,25222,25236
CLOORS;9885,9913,9939,9953,9954,19010,22465,25059,25068,25077,25093,25190,25197,25198,25232
CLOORU;19038,19042,22274,24205,24224,24478,25233
CLOORY;9385,9955,22507,24227,24880
CLOOST;9941,9954,22508,25199,25232
CLORSU;19044,24483,24486,25060,25191,25243
CLORSW;9888,24694,25099,25198
CLOSSW;9534,25101
CLOSTU;19044,23054,23603,24228,24232,24242,24249,25199,25200,25229,25243
CLOSTY;9535,9919,22470,24886,24954,25029,25102,25104,25235
CLOSUU;2032,9386,9961,22503,24233,24244,25105
CLOTTY;8933
CLPRUU;22287,23932
CLPSSU;2037,8941,9948,9959,23933,24231,24251,24882,25088
CLPSTU;22288,23934,24195,24232,24252,24695,25089,25106,25200,25229,25243
CLRTUY;25109
CLSSUU;7062,19045,24198,24262,25105,25244
CLSTUU;9934,22297,24199,24257,24262
CMMNOO;7728,22298,24263,24265,25226,25245
CMMOOR;24263,24822
CMMOOS;22301,24270,24870,25192
CMMOOT;22509
CMMRUY;25061
CMMSUY;25062
CMNNOO;9968,23384,23949,24274,24698,24746,24825,25245
CMNOSY;7063,9966,9974,24139,24830,25120,25123
CMOOPS;9977
CMOOPT;
CMOOSS;9980,24285,24289,25032,25069,25125,25254
CMOOSU;19039,24290
CMOPST;25033,25229,25251
CMORSU;8979,9929,19047,22313,22496,23617,24281,24296,25255
CMOSTU;24835,25121,25129,25130,25229,25251
CMOSUU;19047,25122,25129
CMOSUY;24299,25123,25130
CMPRSU;9931,22315,23981,24193,24301,25255
CMPRUU;
CMPRUY;
CMRSSU;18919,24273,24296,25256
CMSSUU;18678
CMSTUU;24199,25129,25252
CNNOOR;9988,24489,24708,24746,25134,25231,25259
CNNOPY;
CNOOPU;22510
CNOORS;21555,24487,25205,25264,25265,25267
CNOORT;21526,24489,25134,25146,25259,25262,25268
CNOORY;9992,9996,24318,25268
CNOOST;9391,9941,21106,21527,21556,22323,23091,23628,23999,24304,24716,24841,24980,25080,25136,25206,25248,25273
CNOOSV;9942,24143,24316
CNOOTT;21415,22324,23241,24893,25274
CNOOTY;9996,22514,23387,24278,25117,25150,25249,25268
CNOOVY;22325,24318
CNOPTU;7074,9804,24896,25083
CNORSS;24897,25269
CNORST;24490,24899,25260,25275
CNORSU;19013,24483,24490,24725,24748,25139,25156,25157,25260,25261,25265,25271
CNORSW;21418,22329,22479,24327,24334,24726,25261,25267
CNORSY;21531,23390,24320,24337,24748,24987,25084,25120,25157,25275
CNORUY;9017,24337,24748,25157
CNOSSY;9815,25151,25276
CNOSTU;21187,21556,22515,22516,24490,24899,25260,25271,25277
CNOSTY;9555,22482,24025,25141,25152,25235,25275,25276
CNOTUY;25235
CNRSTU;24490,24899,25209,25260,25271
COOORZ;23644,24900
COOPRS;9953,9977,10011,10012,22484,24850,25145,25165,25168,25197,25253,25264,25265,25282,25284,25285,25286
COOPSS;22518,24222,24285,24312,24901,25147,25212,25224,25254,25263,25266
COOPST;9832,10012,10013,21533,21545,24350,24353,24994,25168,25210,25213,25279,25282,25283
COOPTU;
COOPUY;
COOPWX;24354
COORSS;19053,21534,24852,25125,25172,25214,25269,25288
COORTU;19042,25239
COORUU;9979
COOSST;9980,22518,24111,24357,25095,25173,25254,25283,25288
COOSTY;25010,25279
COPPRY;2067,25097
COPRRS;9900,10011,10015,10016,22486,25282,25291
COPRSU;2068,21546,22487,22522,24486,24895,25243,25255,25265,25284,25286,25291
COPRTY;9565,9836,23120
COPRUY;21427,24473,25100,25286
COPSSU;9838,9959,24055,24231,24321,24368,25266
COPSSW;9997,25101
COPSUY;24904
CORRSU;9998,10019,25291
CORSSU;22523,25172,25214
CORSSW;19053,22523
CORSTU;19044,19055,22522,24490,25218,25243,25260,25291
CORSUV;23659,24336,24372,24384,24386
CORTUY;9064,10020,24375,24387
COSSSU;25219,25240
COSSTU;4902,9065,10026,22354,24076,24339,24389,24390,25160,25173
COSTTU;19036,19055,24477,24905,25049,25216
COTTUU;21559,21562,25274
CPRSTY;
CPRSUY;10007,24253,24396,25286
CPSTUU;24397,24879,24903,25217,25252
CRRSUY;
CRSSTU;19056
CRSSUU;19056,21561,24164,24348,24400,24403,25244
CRSTUY;7760
CRSUVY;25110
CSUYZZ;
DDDDEO;25293
DDDEEE;10030,10031,10032,19059,25295,25296,25297,25298,25299,25300,25301
DDDEEI;10034,19060,25304,25306
DDDEER;25293,25298,25300,25301,25303,25305,25310,25313,25314
DDDEET;4906,21565,25300,25308,25316
DDDEEW;25301,25312
DDDEGO;25318
DDDEHO;
DDDEIK;
DDDEIL;25326
DDDEIR;25319
DDDEIU;25324,25326
DDDELO;19064
DDDEMO;10045,25330
DDDEMU;10044,19062,25309
DDDENO;25310,25318,25331,25336
DDDEOP;
DDDEOR;25293,25303,25310,25313,25336
DDDEOS;
DDDEOT;10051,25333
DDDERU;10048
DDDEUW;25312
DDDILY;
DDEEEH;4907,10057,10058,21573,25354,25355
DDEEEM;19059
DDEEEN;10032,10055,10064,21571,21577,25296,25297,25298,25299,25340,25346,25347,25351,25355,25358,25359,25372,25373,25374,25376
DDEEER;10064,25298,25300,25301,25341,25342,25346,25348,25365,25374,25375,25381,25382,25383
DDEEES;10057,10066,25295,25341,25347,25356,25371,25376,25383,25386
DDEEEV;21575,25359,25383,25385
DDEEEW;10058,21581,25301,25342
DDEEFI;10070,19070,25343,25387,25390
DDEEFN;10055,10067,10068,10073,21571,25296,25302,25346,25388,25393,25397
DDEEFU;10073,25302,25392,25397
DDEEGG;4909,10077,19072,25389,25399,25400
DDEEGH;10078,25401
DDEEGK;
DDEEGL;10079,10080,10081,19073,25349,25402,25403,25411
DDEEGR;19074,25399,25400,25403,25404,25407,25410
DDEEGS;10086,25414,25418
DDEEGW;
DDEEHL;25354
DDEEHN;21588,25420,25421,25424,25425
DDEEHR;21588,25421,25422,25424,25427
DDEEIL;10097,10099,21593,21594,25402,25432,25438
DDEEIN;10097,10102,25359,25420,25432,25452
DDEEIR;25387,25399,25422,25445
DDEEIS;10104,25423
DDEEIT;21587,21592,21597,21599,21601,25360,25390,25422,25449,25467,25470
DDEELM;19088,25477
DDEELN;21593,25402,25412,25432,25435,25437,25438,25480
DDEELP;21594,21607,25364,25477,25491
DDEELR;7094,10088,10114,10116,25349,25365,25394
DDEELS;25366
DDEELU;4915,10115,10121,19088,21607,21609,21610,25477,25479,25480,25491
DDEELV;10111,10121,25487
DDEELW;7096,25480
DDEEMN;25309,25495,25496
DDEEMO;10072,18404,19079,25396,25445,25496,25497,25498
DDEENN;10122,25450,25451,25500,25501
DDEENP;10113,10123,10126,10127,10128,25297,25340,25373,25443
DDEENR;21577,21588,25298,25310,25346,25351,25368,25374,25424,25496,25500,25504,25507
DDEENS;25508
DDEENT;7101,10134
DDEENU;10073,10102,10115,10136,19087,25379,25392,25479,25480
DDEENV;25359
DDEENW;10132,25312,25480
DDEEOR;10083,10116,19083,19094,25293,25303,25310,25314,25394,25396,25400,25415,25424,25427,25445,25457,25476,25482,25485,25496,25500,25504,25506,25514,25515,25519,25520
DDEEOS;10137,19077,19094,19095,25311,25314,25415,25485,25486,25506,25508
DDEEPR;4918,10074,10127,10139,10140,21579,21613,25315,25370,25504,25515,25516,25524
DDEERR;19097,25348,25374,25381,25499,25510,25524,25526
DDEERT;21601,25300,25353,25360,25381,25422,25427,25467,25515,25519
DDEERW;10132,10143,21581,25301,25342,25365
DDEERY;25490,25522
DDEEST;19099,25418,25529
DDEESU;25418,25527,25529
DDEETU;7103,21565,25416,25418,25523
DDEEUX;21609,25491,25523,25528
DDEFFO;10149,25388
DDEFFU;25530
DDEFGI;25390
DDEFGU;
DDEFIL;10150,10151,25533,25537
DDEFLO;25394,25395,25542
DDEFLU;25541,25542
DDEFNO;21619,25388
DDEFNU;25302,25392,25397,25545
DDEFOR;10149,19101,21583,25303,25394,25396,25398
DDEGGI;25399,25546
DDEGGO;25389,25400,25547,25548
DDEGIL;19073,25402,25549,25554,25555,25557,25558,25559,25562,25563
DDEGIN;21622,25549,25550,25553,25554,25555,25557,25558,25565,25566,25571
DDEGIR;10162,25399,25407,25573
DDEGIT;25390,25409,25552,25562,25572
DDEGIU;21622,25558,25563,25566,25568,25571,25573,25574
DDEGJU;25410,25576
DDEGLO;10159,25411,25547
DDEGLU;25558,25563
DDEGMO;
DDEGMU;25413
DDEGNO;10166,25411
DDEGNU;10167,21622,25558,25566,25568,25571,25576
DDEGOR;10083,25400,25580
DDEGOS;10158,25414
DDEGRU;25410,25568,25573,25580
DDEGRY;25561,25586
DDEHIN;10169,10173,25420,25421,25549,25587,25590,25591
DDEHIR;25421,25591
DDEHIS;21586,21624,25419,25423,25589,25593
DDEHLO;25588
DDEHLU;
DDEHNO;10180,25420,25424,25425,25591
DDEHNU;10179,25590,25599
DDEHOO;10177,25531,25588,25598,25601,25602
DDEHOR;25424,25427,25591,25592,25603
DDEHSU;21624
DDEIIK;
DDEIIM;19103,21589,25533,25535,25536,25618
DDEIIO;19103,21618,25535,25621
DDEIIS;25606
DDEIIT;10192
DDEIIV;10192,25618
DDEIIW;25536,25618
DDEIKL;
DDEIKN;10194,25553
DDEIKR;10096,21591
DDEIKS;25553,25635
DDEILL;25433,25434
DDEILM;25533,25554,25636,25638
DDEILN;2097,10097,10196,21593,21632,25402,25435,25437,25438,25537,25549,25554,25555,25556,25558,25587,25636,25643,25644
DDEILO;10159,19105,25537,25588,25637,25638
DDEILP;21594,25555
DDEILR;21634,25610,25644,25651,25658
DDEILS;25652,25661
DDEILT;25438
DDEILW;10198
DDEIMM;19078
DDEIMN;25554,25636
DDEIMS;
DDEINN;19106,25450,25451,25452,25565,25566,25590,25663,25671,25672
DDEINR;25610,25619,25643,25681
DDEINS;19102,25553,25565,25567,25631
DDEINT;21636,25643,25672,25682
DDEINU;25324,25392,25452,25456,25558,25566,25571,25590,25620,25672,25679
DDEINW;4930,10173
DDEIOP;25637,25666
DDEIOS;19110
DDEIOT;21597
DDEIOV;25638
DDEIPP;25679
DDEIPR;10212
DDEIRR;
DDEIRT;21601,25360,25453,25465,25467,25675,25681,25682,25699
DDEIRW;10198,25657
DDEIRY;25561,25656
DDEISS;19086,21627,25408,25423,25462,25468,25594,25628,25634,25654,25680,25683,25684,25695
DDEITT;7121,10208,25449,25470
DDEITU;21636,25456,25620,25672,25682
DDEJRU;25307,25410
DDEKNU;19087,21602,21640,25472
DDEKNY;10232
DDEKOO;25632
DDEKOU;21640
DDEKSU;25472,25701
DDELLO;21641,25471,25473,25474,25475,25703
DDELLU;21641,25702
DDELMO;10234,25637,25638
DDELMU;19088
DDELNO;
DDELOO;25588,25703
DDELOP;10242,25542,25637,25703
DDELOR;10116,25394,25476,25485,25706
DDELOT;4932
DDELOY;25547,25648,25707,25713
DDELPU;10238,10242,21607,25491,25542
DDELRU;25651
DDEMOO;10045,10177,25718,25722
DDEMOR;25396,25476,25496,25497,25498
DDEMPU;10254,25666,25721
DDEMRU;2104,10178
DDENNO;10257,19118,21648,25501,25724
DDENNU;4935,10179,10235,10253,19106,19118,25545,25566,25590,25663,25671,25672,25724
DDENOP;10166,10180,10258
DDENOR;21649,25310,25424,25496,25504
DDENOS;21611
DDENOW;
DDENOY;25425,25501
DDENPU;25599,25679,25721
DDENRU;19120
DDENSU;25709
DDENSY;25709,25738
DDENTU;19119,21636,25620,25672,25682,25708,25730,25736
DDENUY;25709,25738
DDEOOR;21649,21651,21652,25686,25687
DDEOOS;25531,25579,25602,25740,25742
DDEOOW;10049,25503,25602,25727
DDEOPP;
DDEORR;7129,21651,25692
DDEORS;19094,19117,25485,25514,25603,25710,25711,25712,25744
DDEORT;10265,19121,21652,25427,25515,25519,25520,25746
DDEORV;
DDEORW;10183
DDEOSS;19095,25517
DDEOST;10137,25719,25732,25733,25734
DDEOSU;25486,25603,25669,25701
DDEOSW;25742
DDEOTT;10266,19096,25519,25736
DDEOTU;10051,10265,10266,25416,25520,25523,25583,25722,25730,25733,25736,25746
DDEPPU;25679
DDEPRS;25711,25744,25745
DDEPRU;10168,10185,10260,10268,21654,25315,25524
DDERRU;19097,25499,25510,25524,25526
DDERSU;10156,25527
DDESST;25628,25683,25693,25700,25716,25732
DDESSU;19098,21646,25715,25716,25717
DDESTU;19099,25418,25527,25529
DDESTY;25660,25738
DDFILY;
DDFIOR;
DDGINU;21622,21658,21660,25558,25566,25571,25749,25756,25762,25763,25788,25793
DDGIPU;25573
DDGMOO;
DDHIIS;
DDHINO;25420,25591
DDHIOS;10303,21663,21664,25589,25592,25593,25796,25798,25799
DDHIRY;7140,19129,21662
DDHISU;21624,21661,25797
DDHOSY;10309,25796,25798,25799
DDHPUU;25599
DDHSUU;
DDIIKK;
DDIIKV;
DDIIMS;25808,25809
DDIIOS;25752,25805,25808
DDIIOX;
DDIKNO;
DDIKOS;21670
DDIKSY;10318,25633,25635
DDILNR;10284,19104,25437,25556,25610,25643,25644,25772,25782
DDILOS;21663,25805
DDILPY;25806
DDILTY;7149
DDIMOY;
DDIMRU;
DDIMSU;25808,25820
DDIMSY;
DDIOPY;25806
DDIORS;10303,10330,10332,19127,25789,25798,25817
DDIOTU;
DDIOTY;10304,10335
DDIRSU;25813
DDLMUY;
DDLPUY;
DDMMUU;21674
DDMRUU;10293
DDNORW;10351,25828,25829
DDOOOO;25601,25739
DDOPSY;
DDPSUY;
DEEEFR;10358,21681,25343,25348,25832,25833,25850,25852,25868,25869,25871,25872
DEEEFS;25846,25853
DEEEFZ;25833
DEEEGK;
DEEEGR;19140,25873,25878,25882
DEEEHL;25835,25845,25900
DEEEHR;4956,10369,10370,25835,25902,25906,25914,25915
DEEEHZ;
DEEEIP;25848,25849,25878,25935
DEEEJL;
DEEEJP;
DEEEJR;21695,25947
DEEEKK;
DEEEKL;25916,25918
DEEEKN;25836
DEEEKP;25955,25957
DEEEKR;25916,25952,25956,25957
DEEELN;10374,10376,19144,25921,25961,25962,25963,25971,25977,25978
DEEELP;10377,25901,25964,25966,25971,25979,25980
DEEELR;10377,10378,25349,25365,25835,25882,25902,25916,25964,25983
DEEELS;19152,21699,25356,25366,25860,25875,25884,25983,25987
DEEELT;10383,10384,25837,25900,25923,25961,25977,25978,25991
DEEELV;25923,25924,25980,25991
DEEEMR;10388,19155,21704,21705,25839,25906,25997
DEEEMS;19134,21684,25838,25907,25909
DEEEMT;10386,21703,25369,25900,25992,25996
DEEEMX;25996
DEEENP;21690,25297,25340,25373,25971
DEEENR;7161,10064,10390,21111,21577,25298,25374,25947,26011
DEEENS;21707,21710,25376,25877,25932,25948,26019,26020
DEEENT;7162,10361,10372,10386,10389,21703,21706,25961,25992
DEEENV;10376,21691,25359,25962
DEEENW;10393,25874,25921,25963,26001
DEEENZ;10393
DEEEPP;25848,25979,26033
DEEEPR;10377,25370,25873,25878,25882,25957,25964,26025,26033
DEEEPS;10362
DEEEPV;25980
DEEERR;25348,25374,25381,25832,25839,25856,25868,25869,25957,25997,26011,26012,26025,26027,26038,26041
DEEERS;10378,19067,19152,25341
DEEERT;2131,10358,10369,19161,25300,25360,25381,25843,25869,25871,25915,25937,26041,26053
DEEERV;10398,21693,25942,25956,26031
DEEERW;10398,21581,21688,25301,25342,25365,25902
DEEERY;19153,26031
DEEESV;
DEEETW;
DEEFFJ;
DEEFFR;2132,10401,19165,25387,26060,26063,26065
DEEFGL;10402,19169,26058,26067,26074,26075,26076
DEEFHT;10405,25846,26080,26083
DEEFIL;7168,21726,26090,26097
DEEFIN;7169,19172
DEEFIR;25343,25387,25844,25852
DEEFIS;7170,26071
DEEFKR;21731,21732,26113
DEEFLL;10415,25854,26088,26089,26090,26115,26116
DEEFLM;4962,10416,26091,26092
DEEFLS;21733,25860,26124,26125
DEEFLT;26121
DEEFLU;19169,19178,26058,26076
DEEFLW;26076,26097,26116,26123
DEEFLX;10425,25345,25859,25860,26090,26093,26097,26122,26128
DEEFLY;
DEEFNR;10403,10426,21725,21735,26064,26119,26129,26134,26135
DEEFNU;10073,21734,25302,25392
DEEFRS;7172,10421,10429,10437,10440,21737,26132,26140,26143
DEEFRT;21681,21738,25857,25863,25869,25870,25872,26083,26141,26143
DEEFRY;7173,10075,10439,26078,26145
DEEFSS;10423,10431,25864,26098,26103,26138
DEEFSU;19182
DEEFTT;7174,10076,10433,19176
DEEFTW;25872
DEEFUZ;
DEEFZZ;
DEEGGI;19183,25399,26150,26151,26152,26153,26154
DEEGGK;
DEEGGL;26155
DEEGGP;25873,26150,26157
DEEGGR;4966,10077,10443,10445,10446,10447,10448,19186,25399,25400,25873,26066,26151,26152,26153,26154,26155,26156,26159,26160,26162
DEEGGV;
DEEGHP;26150,26164,26172,26174,26175
DEEGHR;2133,4967,10078,10450,10451,10452,10453,26173,26174,26176
DEEGHS;2134,10442,19187,26165,26167,26170,26175,26177
DEEGIJ;26151
DEEGIN;10458,21741,26206,26215
DEEGIR;10455,10460,18410,19074,19191,25399,25878,25879,26072,26151,26153,26154,26198,26201,26216,26219
DEEGIS;10461,19136,19187,21744,25880,26071,26180
DEEGIT;10460,18411,19168,21740,21745,25390,25406,26072,26154,26171,26184,26189,26204,26216,26218
DEEGIW;19183,26073
DEEGKR;
DEEGKS;10462,21749,26181,26228
DEEGLL;26229,26230,26231
DEEGLN;19196,25411,25412,26074,26232,26233,26234,26235
DEEGLP;26172,26183
DEEGLR;25349,26155,26229,26232,26235,26238
DEEGLS;10463,10471,10472,25885,26240
DEEGLU;18687,19169,19190,26058,26074,26076,26172,26190,26231,26233
DEEGLY;7175,26195,26231,26235
DEEGMM;10473,10474,19137,25413,26198
DEEGMN;26245
DEEGMR;2140,10455,10475,10480,19191,26198,26200,26201,26245,26246
DEEGNN;10483
DEEGNR;26173,26235,26246,26252,26254
DEEGNU;10487,19185,19195,25889,26074,26157,26158,26173,26190,26233,26250,26252,26253,26254
DEEGNV;25890,26251
DEEGOS;10479,10494,21744,25414,25415,26175,26177,26217,26228,26237,26248,26256,26257
DEEGRS;19201,26227,26256,26260,26262
DEEGRV;19201,25890,26238,26251
DEEGRW;26176
DEEGRY;10453,25895,26078,26195,26210,26235,26254
DEEGSS;25408,25880,25893,26180,26211,26224,26261
DEEGSU;10504,26161,26165,26222,26227,26247,26260
DEEGSW;10509,26177,26247
DEEHIL;10515,10516,21112,21756,21757,21758,26270
DEEHIR;21763,21766,26270,26272,26275,26288,26289,26291,26296,26297
DEEHLL;10529
DEEHLM;21772,25900,26308
DEEHLP;26172,26301,26310,26315
DEEHLV;
DEEHMM;10538,10539,25906,25907,26278,26307,26317
DEEHMS;4975,10544,10545,10546,25907,25909,25911,25912,26278,26309
DEEHMT;2144,4976,10542,10546,21777,25900,25912,26281,26320
DEEHNN;
DEEHNR;7185,10090,10403,10450,10524,10531,10550,10551,18689,21588,21725,21779,21781,21782,25424,26173,26303,26322,26323
DEEHNT;21781,21783,26080,26285,26286,26287,26323,26326
DEEHPS;10549,21764,21789,26175,26301,26315
DEEHRR;21779,26322,26330
DEEHRS;26268,26272,26275,26295,26296
DEEHRY;10453,19210,21788,26299,26335
DEEHSW;4981,19204,21689,25897,26177,26300
DEEHTW;26171,26287
DEEHWW;10527
DEEHYY;
DEEILM;19225,19226,19227,26091,26182,26183,26184,26369,26370,26389,26399,26401,26402
DEEILR;18693,19217,19227,21827,25916,26270
DEEILS;25917,26376,26439,26440
DEEILV;10589,10602,25924,26277,26375,26397,26436,26439,26440
DEEILX;26090,26093,26097,26421
DEEILY;26397,26441
DEEIMN;26399
DEEIMP;19226,21796,26183,26280,26389
DEEIMR;7195,10455,10575,10581,10587,10609,10612,21834,26091,26198,26201,26344
DEEIMS;10614,10615,19242,19244,19245,25927,26345,26461
DEEIMT;25448,25927,26099,26184,26345,26346,26461
DEEIMV;10589,21834,26454
DEEINN;19172,25450,25928,26362,26371,26474
DEEINP;10582,10618,10620,21690,21818,21840,21841,25443,26206,26207,26405,26450,26480,26490,26491,26492
DEEINR;10622,10623,26472,26474,26505,26507
DEEINS;19146,19246,19253,26347,26480,26492,26495,26516
DEEINT;10372,10620,10622,10626,19247,19250,26285,26287,26380,26382,26482,26496,26508,26509
DEEINV;10623,25359,26454,26474,26479,26497
DEEIOR;10410,19083,19255,21805,21845,21846,25457,26106,26216,26289,26519,26520,26525,26529,26530,26531,26532
DEEIOV;26417,26487,26525,26530,26532,26533
DEEIPR;4992,10518,10628,25878,26107,26219,26385,26535,26539,26543,26544
DEEIPS;7201,18698,21764,21840,26071,26207,26220,26492,26493
DEEIPZ;21854,26524,26535,26538,26544,26555
DEEIRS;26272
DEEIRT;2145,10460,10622,10635,10637,25360,25453,25941,26154,26216,26364,26382,26472,26482,26505,26508,26509,26531,26575,26577
DEEIRU;19175,19255,19257,21747,21827,21852,26201,26219,26352
DEEIRV;10623,21118,21693,21834,21846,25942,26087,26454,26474,26532,26559
DEEIRW;21766,21814,26298,26532,26577
DEEISS;21767,21847,25408,25423,25468,25880,25943,26180,26224,26357,26358,26359,26360
DEEISV;19238,26273,26277,26300,26438,26439,26440,26579
DEEISW;10583,19204,19256,26300,26358,26376,26377,26440
DEEISX;26359,26523
DEEISZ;10615,19253,26360,26476,26516
DEEITV;25469,26533
DEEITX;10630,25935,26290,26509,26533,26550
DEEIVW;10644,25924,25942,26300,26440,26532
DEEIWZ;
DEEJKR;26361
DEEJLL;25471,25946
DEEJSS;
DEEJST;4999,10577
DEEJTT;26582
DEEKKL;
DEEKLP;
DEEKLW;25918,26370,26376
DEEKMP;
DEEKMS;19264,26228
DEEKNN;10648,25951,26371,26379,26590
DEEKNR;19265,25952,26303
DEEKNT;10653,10654,26382,26383,26580,26585
DEEKOV;
DEEKPP;26385
DEEKPR;5005,7208,10525,10656,25957,26385
DEEKRV;26387,26599
DEEKRY;21815,26366,26599
DEEKSW;10583,10659,25954,25959,26376,26377,26594
DEEKSY;10659,26378,26598
DEEKUY;26599
DEELLM;5008,10109,10661,10662,19268,25473,26389,26600,26601,26602
DEELLP;21887,25964,25965,25966,26389,26393,26603,26605,26614,26615
DEELLW;5011,10529,10664,10677,19269,19273,25946,25963,26116,26398,26601,26609,26611,26613,26614
DEELLY;25475,26231,26397,26398,26612,26613,26615
DEELMR;25970,26091
DEELMS;26309,26623,26626
DEELMT;19277,25900,25970,26184,26624,26625
DEELMU;26308,26399,26624
DEELMW;21888,25436,26370,26601,26625
DEELMY;26628,26634
DEELNR;26119,26232,26235,26604,26637,26638,26643,26645,26646
DEELNS;21889,26584,26623,26636,26640,26644
DEELNT;21891,25961,25973,25978,26121,26624,26625,26635,26645,26646
DEELNW;10664,21892,25363,25480,25921,25963,26192,26625,26650
DEELNY;10665,10705,21891,26235,26643,26646,26650
DEELOO;19177,21750,21893,25481,26075,26586,26622,26651
DEELOP;21894,26415,26603,26620,26628
DEELPP;2150,10713,10714,10715,26315,26405,26420,26632,26676
DEELPR;25964,25981
DEELPT;26415,26680
DEELPX;10686,25491,25966,26421,26682,26683
DEELPY;10721,25484,26425,26615,26628,26684
DEELRS;19152,25984,26082,26687
DEELRU;19286,19287,25974,26408,26645
DEELRV;
DEELRW;25365,25902,25986
DEELST;21733,21899,25493,26124,26312,26673,26687
DEELSU;10700,10722,19208,25976,26424,26619,26644,26683
DEELSV;19238,19285,26411,26436,26438,26440,26659,26673
DEELSW;26376,26440
DEELTT;25985,26419,26432,26665
DEELTU;10691,10703,19272,19282,19286,21900,21903,25978,26121,26624,26635,26645,26649,26675,26680
DEELTW;26442,26625
DEELUX;25491,26122,26128,26682,26683
DEELVV;25991
DEEMNN;10122,10540,10741,25495,25992,26199,26693,26694
DEEMNO;5031,7229,10743,19290,26695,26700
DEEMNR;19291,26246,26693
DEEMNS;26623,26695,26700,26702
DEEMNT;21703,25369,25992,26625
DEEMOR;10757,18709,19292,19294,19295,21704,21907,21909,25497,25498,26703,26704,26708,26709,26710,26714
DEEMOT;2156,10757,21908,21909,26320,26704,26709,26714
DEEMOU;19197,26631,26708,26714
DEEMOV;
DEEMOW;21888,25498,26601,26710,26712
DEEMPR;19297,21705,21907,25370,25995,26133,26627,26703,26706,26715,26718
DEEMPT;10760,10763,21908,25995,25996,26707,26716,26718
DEEMPU;19297,26133,26715,26718
DEEMQU;26696,26708
DEEMRS;
DEEMRT;19277,19298,21909,26320,26699,26704,26709,26711,26714,26716,26718,26721,26722
DEEMRU;10388,21871,26133,26201,26246,26689,26693,26708,26714,26715,26718,26722
DEEMRY;10738,10762,10768,10773,19210,19295,26634
DEEMSS;10481,10545,10739,10750,10769,10774,19299,25994,25998,26723
DEEMST;19244,21910,25448,26345,26467,26716,26721,26723
DEEMSU;21910,26247,26319,26457,26469,26702
DEEMSW;26247,26309,26377,26712,26719
DEEMSY;10753,10776,26378,26723
DEEMUY;26634
DEENNO;19279,21913,21914,26362,26724,26727
DEENNP;7234,10692,21915,26724,26725,26727
DEENNR;5037,10648,10741,10778,25450,26000,26470,26471,26472,26474
DEENNT;21706,21916,21917,25502,25992,26000,26635,26694,26735,26739,26740
DEENNY;7236,10645,21915,21917
DEENOP;10618,10783,26206,26250,26321,26603,26724,26727
DEENOR;10694,10785,10786,25310,25424,26064,26119,26322,26604,26638
DEENOS;10743,10787,25311,25508,26302,26347,26403,26448,26484,26486,26584,26623,26636,26639,26640,26641,26695,26700,26702,26744,26756
DEENOT;7237,10547,10789,19247,21925,21926,26487
DEENOV;10785,21914,21927,21928,26251,26486,26487,26638,26742,26744
DEENPR;10127,10746,10792,10794,10795,21929,26252,26643
DEENPX;10128,10795,25373,26007,26253
DEENRR;10129,10390,10485,10550,10651,10792,10798,21779,21919,25374,26011,26012,26013,26322,26697,26746,26751
DEENRS;
DEENRT;5038,10551,10622,10653,10698,10803,19250,26285,26382,26453,26472,26496,26505,26508,26509,26646
DEENRU;19265,19291,21874,21922,21929,21931,21932,25889,25947,25974,26005,26018,26173,26246,26252,26254,26303
DEENRV;21931,26251,26454,26474,26497,26638,26736,26742
DEENRY;26210,26235,26254,26643,26646
DEENRZ;5041,7242,26102
DEENSS;10133,10431,10489,10552,10750,10787,21612,21710,21923,25508,25864,25913,25994,26008,26019,26594,26700,26730,26748,26756
DEENST;
DEENSU;10700,10752,18711,25948,25976,26120,26319,26457,26492,26495,26516,26640,26644,26702
DEENSW;19302,26594,26754
DEENSY;10753,10802,10810,21924,21935,26732
DEENTT;26739,26772,26773
DEENTU;7245,10554,10703,10811,19282,21916,21925,26121,26158,26580,26635,26649,26739,26740,26772,26773,26774
DEENTV;10704,10812,26740,26771,26772,26774
DEENTX;21926,25378,26017,26509
DEENUV;10136,10806,21931,26018,26414,26479,26517,26518,26736,26740,26768,26772,26774
DEENUY;19303,26254,26774
DEEOPP;18417,21938,26745,26775,26779,26780
DEEOPS;7246,10815,26175,26707,26780,26796
DEEORS;25314,25415,26140
DEEORT;7247,10435,10492,10757,10814,19308,19318,21738,21878,21909,25515,25520,26026,26106,26141,26144,26160,26216,26416,26519,26529,26651,26668,26704,26709,26714,26776,26783,26797,26803
DEEORV;10493,10785,10818,26251,26532,26742
DEEORZ;26027,26289,26793
DEEOSX;26816
DEEOTV;10436,26487,26533
DEEPPP;
DEEPPR;21938,25458,26385,26420,26535,26652,26676,26715,26775,26779,26819,26820
DEEPRS;
DEEPRU;10794,10821,19297,21787,21852,21929,21940,25315,26133,26219,26226,26252,26259,26352,26539,26715,26793
DEEPRV;26655,26706,26785,26823
DEEPRY;10762,21788,26335,26789,26823,26826,26828
DEEPSS;26821
DEEPSW;10796,10832,10839,26220,26493,26719,26825
DEEPSY;10839,26335,26425,26789,26826
DEEPTT;26537,26549,26553,26582,26790,26827
DEEPTU;26540,26555,26582
DEEQUU;26560
DEERRS;21955,26260,26830
DEERRW;19326,25518,26336,26596,26710,26751,26786,26805
DEERSS;19315,26261
DEERST;26262,26268,26685,26721,26837
DEERSU;10504,25527,26051,26227,26260,26262,26811,26830,26837,26838,26839,26840
DEERSV;19201,21958,26830,26840
DEERSW;19329,26825
DEERSY;5050,7257,10729,10802,19261,21947,26335,26431,26664,26789,26812,26826,26840
DEERTT;19161,19262,21717,25843,25896,25915,25985,26015,26047,26053,26054,26055,26364,26432,26468,26505,26549,26571,26575,26576,26577
DEERTV;21961
DEERTX;26509,26550
DEERVV;26670
DEESSS;10507,10638,10858,19320,19331,25987,26019,26357,26434,26551,26578,26756,26769
DEESST;19321,21950,25943,26224,26264,26552,26723,26794
DEESSU;26672,26795,26816,26821
DEESSW;10399,10774,26261,26358,26512,26594
DEESSY;26723,26836
DEESTT;19322,25384,25529,26047,26056,26057,26808,26837
DEESTU;19099,19263,21910,25527,25529,26056,26572,26721,26817,26818,26835,26837,26838,26839
DEESTV;10642,25469,26438,26515,26579,26771
DEESTW;19323,26817
DEESTX;10861,21720
DEESTY;21935,26648,26723
DEESTZ;
DEESUX;10861,26619,26683,26816,26818,26839
DEESWY;10400,10509,10659,10776,10839,25386
DEETTV;10812,26772
DEETTW;25470,26577,26773
DEETTX;26814,26841
DEETUV;21864,21961,26517,26675,26740,26768,26771,26772,26774,26815,26838
DEETWY;26442
DEFFFU;
DEFFGO;26059
DEFFHU;26843
DEFFIM;10865
DEFFIN;21962,26845
DEFFIO;26849
DEFFIR;25387,25844,26060
DEFFIT;10867,26062,26845
DEFFIV;26849
DEFFLU;26058
DEFFLY;
DEFFMU;
DEFFNO;21962,25388
DEFFOR;7263,10149,10871
DEFFPU;19164
DEFFRU;19165
DEFGGI;26864
DEFGGO;10873,19167,25389
DEFGGU;
DEFGIR;26067,26872
DEFGIS;10875,10878,26069,26071,26877
DEFGIT;10882,19168,25390,26865,26878
DEFGLO;10877,10884,26075
DEFGLU;10885,19169,26058,26074,26076,26869,26874,26875
DEFGLY;26876
DEFGOO;26075,26880,26884,26886
DEFGOR;26059,26077,26078,26883,26885
DEFGOS;7265,10887,26881,26886
DEFGOW;26880
DEFGSU;10887,26877,26882
DEFGUU;
DEFHIS;26888,26891,26892
DEFHMU;26079,26887
DEFHOO;5056,25531,26898,26899
DEFHOU;26896
DEFHOW;
DEFIKN;
DEFIKR;19335
DEFIKS;
DEFILL;26089,26090,26906,26908,26909,26939,26940
DEFILM;10908,26091,26092,26941
DEFILO;10877,10911,10912,25537,26849,26890,26912,26914,26942,26943,26944,26948,26949,26950,26951,26952,26953
DEFILR;2174,7271,10899,10911,26910,26914,26916,26948,26949,26951,26957,26958
DEFILS;19336,26911,26913,26915,26945
DEFILT;10151,10901,10912,26865,26952,26955
DEFILX;26090,26093,26097
DEFIMR;10865,10902,10915,10916,26091,26910,26921,26925,26964
DEFIMS;26850,26963
DEFINN;19172,21978,21979,26942,26965
DEFINO;25537,26912,26920,26928,26942,26943,26944,26960,26966,26967
DEFINR;19339,21980,26921,26960,26966,26967,26969
DEFINS;21981,26888,26903,26913
DEFINU;21979,25392,26972
DEFIOO;26880,26893,26973
DEFIOT;10912,26106,26928,26932,26952,26953,26974,26977,26978
DEFIRT;10867,10906,21970,26970,26974
DEFIRV;26087,26109,26951,26957
DEFIRZ;2176
DEFIST;
DEFISX;26856
DEFITT;19176,26112,26938,26972
DEFIZZ;
DEFJLS;
DEFKLU;
DEFKNU;26984
DEFKOR;10892,19335,26983,26984
DEFKSU;26113
DEFKSY;
DEFLLU;10927,10934,26939,26940
DEFLMU;10935,26941
DEFLMY;
DEFLNO;21985,26912,26942,26944
DEFLOO;19177,26075,26986,27000,27001
DEFLOR;21986,25394,26081,26115,26123,26914,26948,26949,26951,26983
DEFLOT;26953
DEFLOU;21985,25395,25541,25542,26944,26989,27001,27002
DEFLOW;10931,26116,26123,26986,27001,27002
DEFLOY;10945,21986,26953,26983
DEFLPY;
DEFLRU;
DEFLST;5062,10424,10952,21733,26124,26993,27004
DEFLTU;26121,26859,26955,26996
DEFLTY;
DEFLUU;10941,26996
DEFLUX;26122,26128
DEFMOR;10954,27008,27009
DEFMRS;10429,10916,26925
DEFNNO;21978,26942,27011,27012,27013,27014
DEFNNU;10956,21734,21979,25545,26118,26965,27014
DEFNOR;10886,10896,10957,26129,26135,26960,26966,27021
DEFNOU;21985,21989,26944,26989,27014,27020
DEFNOY;
DEFNRU;5064,7276,10953,27028,27029
DEFOOR;26139,26142,26898,26900,26973,27009,27032
DEFOOT;27020,27035
DEFOOW;19180,26142,26880,26973,26986,27001,27019,27032
DEFOPP;
DEFOPU;25542,27002
DEFORT;10435,10871,10954,26106,26974
DEFOSS;5065,10959,21991,26852,26861,26931,27010,27013,27026,27034,27038
DEFOST;10897,10964,19343,26124
DEFOSW;26963,27026,27039
DEFRRU;19181,26137,26147,26964,26975,26980,27022,27028,27036,27037
DEFRSU;25543,26976,26980,26981,27005,27007,27036
DEFRTU;10949,26859,27029
DEFSSU;21991,26855,26897,26959,26981,26982,26995,27034
DEFSTU;10952,10964,21990
DEFTTU;26972,27031
DEFTUZ;
DEFUZZ;
DEGGGI;27040
DEGGHO;26149
DEGGHU;27045
DEGGIJ;26151
DEGGIL;5068
DEGGIN;25546,26152,27046,27051,27052
DEGGIO;
DEGGIP;26150,27047
DEGGIR;25399,25546,26151,26152,26153,27050
DEGGIT;10973,27040,27056
DEGGIW;19183
DEGGIZ;
DEGGJO;
DEGGJU;
DEGGLO;25547
DEGGLU;10976,27049
DEGGMO;19184
DEGGMU;
DEGGNO;10981,26156
DEGGNU;5069,10970,10976,10982,10983,19185,26157,26158,27049,27051,27052,27054
DEGGOR;25400,26156,26159,27066,27068
DEGGOS;10979,10984
DEGGOT;10873,27056
DEGGOU;
DEGGPU;26157
DEGGRU;2187,10448,19186,27068
DEGGRY;27065
DEGGSU;10974,26161
DEGGTU;10982,26158
DEGHHI;19344,26163,27072
DEGHIN;25550,27074
DEGHIR;19344,27043,27085
DEGHIS;19187,25550,26167,27042,27043,27074,27076,27080,27082,27083,27084
DEGHSU;10997,26165,27045,27103
DEGIIK;27108,27109
DEGIIM;10874,11010,27110,27119,27120
DEGIIN;11010,26867,26871,27120,27131
DEGIIR;11014,21739,27105
DEGIIW;27115,27127,27135
DEGIKN;11018,11019,27075,27142,27143,27146
DEGILL;27149
DEGILM;5073,26182,26183,26184
DEGILN;25556,27162
DEGILR;27111,27162,27178
DEGILS;22001,25562,27079,27173,27179
DEGILU;5075,19190,26869,27173
DEGILY;11032,11036,25561,26195,26876,27116,27118,27159,27162,27166,27168
DEGIMN;10879,11010,11043,27120,27184,27185
DEGIMP;26183,27120,27153
DEGIMR;7287,10455,11043,11044,11046,11047,19191,26198,26200,26201,27185,27189
DEGIMS;25564,27140,27189
DEGIMT;5076,11047,26184,27183,27187
DEGINN;22002,27195
DEGINP;11056,26207,27120,27184,27218,27219,27220,27221
DEGINR;
DEGINS;19102,25550
DEGINT;2195,5080,11059,11064
DEGINW;
DEGINY;22006,27116,27159,27166
DEGINZ;22007,26215,26879,27129,27195
DEGIOO;26880,27168,27187,27188
DEGIOS;11070,21744,25564,25572,26217,26881,27084,27237,27238,27241
DEGIPP;5082
DEGIPR;11071,11072,25878,27218,27219
DEGIRR;2196,5083,10972,10994,11071,25879,26153,26169
DEGIRS;27233,27241
DEGIRT;26221,27133,27138,27198,27225,27243,27246,27247
DEGIRU;21747,26201,27085
DEGIST;19357,25552,25562,25572,27056,27059,27106,27109,27138,27171,27234,27238,27241
DEGISU;22001,27123,27140,27173,27179
DEGITT;2199,11015,27088,27232
DEGITU;10882,27087,27242,27243,27246
DEGITW;
DEGJRU;26883
DEGJSU;10163,10997,27140,27141
DEGJUY;
DEGKLU;27143,27145
DEGKNU;19195,27143,27146
DEGKOR;
DEGLLU;26230,26231
DEGLNO;19196,22014,25411,26232,26234,27090,27250,27253,27255
DEGLNU;21992,25412,26074
DEGLNY;11032,11093,26235,27116,27159,27162,27166,27250
DEGLOO;21750,22014,26075,27167,27168,27255,27261
DEGLOP;27092
DEGLOR;11083,11086,11101,26229,26232,26238,27090,27093
DEGLOS;7295,10999,11087,26240,27089,27091,27094
DEGLOV;11101,26238,27144,27170,27256
DEGLOW;11084,27158
DEGLOZ;26234,27172
DEGLPU;26172,27092
DEGLRU;27264,27266
DEGLSU;11085,27094,27175,27179
DEGLSY;11103,26240
DEGLUY;11090,26231,27065
DEGMMU;11105,25413,27267
DEGMNO;11104,11106,11107,11108,11109,26245,27253
DEGMNU;27184,27185,27249,27267
DEGMOR;11044,11086,11106,11113,11114,26245
DEGMOS;10479,10979,11087,11107,11112,11113,26228,27095,27152,27182
DEGMPU;11088,11115
DEGMPY;
DEGMRU;19358,26201,26246,27185
DEGMSU;11111,19198,26247,27095,27123,27140
DEGNNU;
DEGNOO;22014,27207,27255
DEGNOP;26250,27277
DEGNOR;27066,27090,27098,27099,27274,27282
DEGNOT;27253,27255,27276
DEGNOW;27273
DEGNRU;25889,26173,26246,26252,26254
DEGNSU;27272
DEGOOP;11003,27268
DEGOOS;11004,19362,26886,27091,27100,27285
DEGOPR;5095,11135,11136,11137,26174,27268
DEGOPS;10984,11112,25414,26175,27084,27237,27238
DEGORR;11136,11138,19363,27278
DEGORS;26881,27211,27233,27274,27285
DEGORT;27098,27286
DEGORU;26883,27239
DEGORV;10493,11101,26238,26251,27170,27213,27240
DEGORW;19365,22018,26176
DEGOSS;27237,27269,27275
DEGOST;19357,26217,27056,27238
DEGOSW;11140,19361,22018,26177,27215
DEGOSY;19362
DEGOTU;11145,25583,27242
DEGOUV;27256
DEGPPY;
DEGPRU;26226,26252,26259,27264,27283,27289
DEGPSU;11148,11149,27103,27220,27244,27289
DEGRSU;26260,27264,27266,27289
DEGRSY;2221,25895,27228
DEGRTU;2222,11006,19202,21995,26263,27243
DEGSTU;11132,11149
DEGTTU;11153,26263,27232
DEHHIS;10888,11156
DEHHSU;21754,26165,26269,27293
DEHIIM;22022,22023,26887,27303,27304,27305,27306,27307,27308
DEHIKO;19366,27320,27321
DEHIKT;11171,27075
DEHILL;5098,11174,27073,27300,27325
DEHILS;27076,27079,27298,27301,27302,27332,27335,27336,27340,27341,27343,27344
DEHILT;19367,27291,27343,27345
DEHILW;11182,11183,26842,27291,27300,27327,27343,27345
DEHIMN;7310,27305,27318
DEHIMO;21969,22022,27318
DEHIMR;26281
DEHINO;11177,25420,27318
DEHINR;22031,22038
DEHINS;10993,11169,11196,11197,11198,26274,26286,26888,26892,27042,27074,27076,27301,27311,27312,27363
DEHINT;11194,11197,22040,22043,26080,26285,26286,26287,27312,27360
DEHINW;10173,26287,27310,27363
DEHIOO;25588,26893,27320,27356,27365
DEHIOR;26289,27085,27368
DEHIOS;19366,19369,21761,22026,22033,25593,27084,27336
DEHIOW;26893,27365,27371
DEHIOX;26290
DEHIPP;
DEHIPS;19369,21764,26291,27084,27086,27322,27336,27339,27340,27341,27347,27351,27352,27366,27376
DEHIPT;27338,27367
DEHIRS;26291,26297,27043
DEHIRT;
DEHISS;10520,11170,11196,11201,11205,11211,21767,22042,25423,25593,25594,27311,27313,27316,27349,27361,27369,27373,27376,27377
DEHIST;11156,11166,11171,11197,11202,11211,27312,27316,27344,27382
DEHISW;11182,11208,19204,25595,26297,26300,27308,27363
DEHITT;11199,27088,27345
DEHITW;26287,27291,27345
DEHIZZ;
DEHJOS;
DEHKLO;27320,27383
DEHKLU;5103,11214,27383
DEHKNO;5104,11215,22054,26302,27383,27384
DEHKOO;27320,27384,27386
DEHKOR;26304
DEHKOW;11219
DEHKSU;11217,27322,27385
DEHKTY;
DEHLLU;5107,11221
DEHLNO;10530,10998,11177,11228,19205,21773,27090,27330,27331,27383,27397
DEHLOR;11235,19206,22032,22056,22058,26081,26305,26311,27090,27093,27330,27334,27394,27401,27405
DEHLOS;22033,22059,26313,26314,26896,27044,27089,27094,27326,27336,27395
DEHLOT;
DEHLOW;11224,11238,19207,19371,27389,27391,27397,27399,27404
DEHLPS;26301,26315,27332,27336,27339,27341,27406
DEHLPU;21774,26172,26310,27092,27405,27408
DEHLRU;27405,27408
DEHLSU;21776,22053,22059,26313,27094,27293
DEHMMU;26317,27392,27412
DEHMNO;5111,11228,11242,11243,27318,27346
DEHMNU;5112,11245,26308,26317,27414
DEHMNY;11241,27413,27414
DEHMOS;11242,11249,11250,11253,11254,21971,22061,22062,27095,27395,27415,27417,27419
DEHMOT;10895,11243,26320,27393
DEHMPU;27096,27396
DEHMRY;11187,19210,27294,27394,27414,27420
DEHMSU;5115,11253,22062,22063,27095,27353
DEHNOO;22019,22064,25598,27097,27356,27384,27423
DEHNOP;10180,11256,11257,22064,26321,27426
DEHNOR;10896,11256,11259,25424,26322,27090,27099
DEHNOS;11242,11260,26302,27097,27425,27430,27431
DEHNOY;27099,27413,27429
DEHNRU;26173,26303,27414
DEHNSS;22042,25913,27311,27361,27430
DEHNSU;26892,27362,27363,27385
DEHNSY;
DEHNTU;22060,27398,27422
DEHNYY;
DEHOOP;27356,27423,27437
DEHOOS;11004,11274,21133,22061,22068,25531,26899,27097,27100,27386,27415,27417,27419
DEHOOT;19375,21134
DEHOOV;19211,26327,27365,27401
DEHOPP;27437
DEHOPS;11159,11237,11249,11274,11277,11278,11279,19369,26175,27084,27336,27347,27358,27366,27406,27426,27440
DEHOPY;7341,11280,26321,27390,27420,27426
DEHORS;11218,11250,11277,11281,19376,19377,21135,22070,25603,26844,26899,27101,27415
DEHORT;11005,11286,18422,27102,27438,27442
DEHORW;10183,11219,11251,11275,11283,19213,26176,26900,27416
DEHORX;26334
DEHOSS;11260,19214,22068,22072,22073,25593,27295,27349,27373,27374,27386,27417,27430,27439,27443
DEHOST;21138,27431
DEHOSU;11253,19376,25603,26313,26331,26896,27395,27407
DEHOSV;26314
DEHOSW;5119,26177,27430
DEHOTT;11199,26178
DEHOTU;11286,27442
DEHOWW;
DEHPPU;10558,27444
DEHPPY;
DEHPST;21789,27086,27440,27444
DEHPSU;7350,11262,11288,27103,27322,27362,27376,27444,27445,27446
DEHPSY;26335,27341,27352,27426
DEHRSS;25594,25604,27445
DEHRST;26268,27433,27448,27449
DEHRSU;27045,27445,27446,27448,27449
DEHRSW;2254,11208,11266,25595,27410
DEHSSU;5121,11289,25604,27373,27376,27377,27443,27445,27447
DEHSTU;11288,27353,27444,27448,27449
DEHTTU;5122,11272,27411,27449
DEHTTY;
DEIIKN;19378,22084,27461
DEIIKR;19379,27462
DEIIKT;19380,22086,26338
DEIILL;19215,26906,26907,26908,27467,27468
DEIILP;11009,11297,21996,22094,25613,26908,27482,27491
DEIIMS;11296,11303,11306,11309,19386,22096,26343,27303,27304,27308,27458,27470,27471,27475,27476,27477,27499,27502,27506,27508,27509,27512
DEIINO;21142,22024,22091,22101,26912,27131,27513
DEIINS;10903,11306,11311,11317,26350,26888,26903,27304,27309,27530
DEIINT;26845,26929,26930,27483,27504,27515,27528,27540,27541,27542
DEIINV;11319,22101,26904,27114,27131,27305,27452,27461,27482,27484,27505,27516
DEIINY;19382,22104,26871,26930,27116,27484,27485,27522,27526,27541
DEIIOS;18719,19386,19388,21798,21975,22077,22096,22106,22108,22109,26924,27555
DEIIOZ;27546
DEIIPR;22105,22111,25613,25621,26933,27472,27507,27526
DEIIPT;11322,19218,22107,22110,26935,27528,27545,27558,27561
DEIIRS;22085,25609,25626,26086,26343,26353,26355,26356,26925,27462,27499,27509,27564
DEIIRT;5123,10906,11014,19383,27455
DEIISS;21627,22115,25616,25628,26180,26353,26357,26358,26359,26360,26926,26934,26937,27139,27313,27316,27453,27463,27492,27508,27510,27564,27566
DEIIST;11300,11322,27106,27316,27469,27494,27558,27562,27569
DEIISV;21802,22109,26355,27302,27476,27509,27512
DEIISX;26350,26359
DEIIVZ;27452
DEIJKN;26361
DEIJLT;
DEIJNO;10193,22118,26362,27318,27570
DEIJNX;
DEIJOS;27571,27575
DEIJRR;27574
DEIJRS;10576,11328,27571,27575
DEIJRU;7369
DEIJSU;27140,27141
DEIKKN;27142,27576,27577
DEIKKR;26365,26366
DEIKLL;11329,11330,11331,19389,27578
DEIKLM;26369,26370,27319,27458,27580,27581,27582
DEIKLN;27461,27576
DEIKLO;11329,11334,11335,22120,26369,26375,27320,27576,27584
DEIKLR;11330,11336,19379,22125,22127,25916,26270,26367,27145,27582
DEIKLS;25917,26271,26376,27319,27580,27592
DEIKLT;11334,26338
DEIKNO;21999,22120,26380,27142,27576,27584,27595,27598,27603
DEIKNP;7370,10194,10582,22131,26379,27599
DEIKNR;11019,19391,27598,27600,27602,27603
DEIKNT;7371,22132,26380,26382,27075
DEIKNV;21810,27461
DEIKNW;22084,27603
DEIKNY;11343
DEIKNZ;11343
DEIKPP;26385
DEIKPS;27322,27614
DEIKRS;26387,27616
DEIKRU;27145,27582,27600
DEIKRY;21815,26366,27616
DEIKSS;11170,18723,19220,22133,27147,27463,27579,27588,27592,27601,27604,27608,27612,27613,27617,27618
DEIKST;11171,26181,26388,27612,27617
DEIKSV;11172,26273,26384,26387,27466
DEIKTT;21817,26388
DEILLL;19221
DEILLM;7373,11347,26389,27467,27468
DEILLN;7374,11348,11349,11350,11352,18424,19395,26390,26391,26906,26939,27148,27619,27621
DEILLO;10584,11329,19397,19398,26390,27624,27630
DEILLP;22143,26389,26908,26940,27323,27467,27624
DEILLR;18425,27324
DEILLT;19223,26089,26391,27468,27621
DEILLU;26939,26940,27621,27622
DEILLW;19397,25434,26398,27624,27630
DEILLY;22142,26397,26398
DEILMN;5131,7377,10586,10908,11363,11364,11365,11367,19399,22145,25435,25636,27635
DEILMO;25638,26182,26369,26401,27150,27635,27638,27647
DEILMP;26183,26389,26402,27650
DEILMR;10587,11374,11375,19227,19381,22030,22150,26091,26910,27473,27582,27651,27652
DEILMS;22151,26911,27458,27475,27476,27652,27653
DEILMT;7380,11373,19367,26184,26402,27329,27638,27647,27650
DEILMW;25436,26370
DEILNN;22090,26371,26942,27655
DEILNO;11177,11364,11379,11385,11388,19399,19402,19404,22091,22120,22145,25537,26912,26942,26943,27330,27331,27481,27576,27584,27663
DEILNR;11029,11178,11381,11392,22031,22154,25556,25610,25644,27111,27161,27162,27330,27658,27664,27665,27668,27670
DEILNS;22155,26848,26945,27668,27674
DEILNT;2261,5135,10196,11383,11390,11396,27483
DEILNW;5136,25921,27679
DEILOO;19105,19409,25588,27167,27168,27320,27334,27590,27623,27638,27681,27682
DEILOP;26890,27323,27624,27681,27683
DEILOR;26914,26943,26949,26950,26951,27330,27334,27488,27682,27690
DEILOS;27698,27700,27701,27702
DEILOT;10912,11334,11407,11410,11411,19234,22092,22163,26419,26953,27171,27638,27645,27647,27698,27700,27702
DEILOV;5138,11404,11411,19414,22161,25638,26375,26417,26849,26951,27144,27170,27643,27647,27663,27704
DEILPP;27683
DEILPS;27341,27713
DEILPX;26421
DEILRS;26945,27493,27632,27652,27664,27669,27712,27718,27720,27722
DEILRT;27493
DEILRV;19414,22161,26951,27170,27177,27643
DEILRW;10198,11422,26916,27587
DEILRY;18725,19420,22154,25561,26947,27162
DEILSS;22162,22167,27463,27489,27588,27592,27636,27644,27653,27659,27674,27675,27699,27726
DEILST;27079,27171,27493,27495,27687,27693,27708
DEILSV;19238,26277,26411,26436,26438,26440,27164,27302,27476,27495,27674
DEILSW;11182,11337,11438,19416,26376,26440,27703,27729
DEILSY;21146,22151,22169,27341,27653,27715
DEILTT;2269,7395,11410,11427,26413,26419,26432,27483
DEILTU;5151,11419,26955,27496,27497,27498,27650,27710
DEILTW;26442,27291,27705,27730
DEILWY;11438,22129,27166,27679
DEIMMN;11443,11444,25662,26443,27180,27731,27732
DEIMMR;26198
DEIMMU;11444
DEIMNO;19399,19426,27318,27595,27635,27731,27741,27745,27746,27750,27751
DEIMNP;2272,7398,11365,11454,25443,26450,27120,27184,27752,27754
DEIMNR;26921,27503
DEIMNS;19427,27742
DEIMNT;19426,27183,27503,27745,27747,27748,27750
DEIMOR;11044,11467
DEIMOW;22173,27750,27751
DEIMPP;
DEIMPR;27351,27597
DEIMPU;25666,27648
DEIMPW;11454
DEIMRS;19435,22177,25639,26925,27189,27509,27652,27778,27781,27782,27783,27784
DEIMRT;19436,22174,27748,27755,27772,27783
DEIMRV;2277,11473,21834,26454,27509,27643,27767,27774
DEIMSS;2278,10917,11376,11476,26926,27328,27508,27653
DEIMST;19244,25927,26467,27778
DEIMSU;11462,19245,19401,19427,19435,19437,26457,27123,27140,27189,27475,27637,27646,27652,27742,27773,27781,27784
DEIMTU;26099
DEINNO;11379,11447,11487,19352,19402,21978,22002,22178,22179,26362,26942,27154,27193,27194,27195,27570,27741,27785,27794
DEINNP;11380,11488,11489,27514,27599,27786,27795
DEINNR;22038,25450,26470,26472,26474
DEINNS;
DEINNT;7408,11383,11488,22099
DEINNU;11489,19106,21979,22178,25590,27516,27570,27577,27599
DEINNW;27310,27794,27800
DEINNY;
DEINOP;7409,10618,11385,11495,27806,27812
DEINOR;21148,21980,22184,22186,26943,27518,27519,27602,27826
DEINOS;19246,19438,19442,26486,27807,27808
DEINOT;5161,11451,11499,11506,11507,19247,19426,19443,26380,26482,26487,27745,27748,27750,27809,27826,27835,27836
DEINOV;19440,22101,22179,22186,22191,22192,26486,26487,27131,27193,27213,27216,27521,27663,27809,27816,27828,27830,27836
DEINPP;11495,11508,25679,26488,27514,27523,27811,27812,27837,27838,27839
DEINPR;27219,27526,27665,27752,27795,27837,27842
DEINPS;21840,22195,26207,26490,26493,27196,27527
DEINPT;21841,26450,27221,27528,27754,27838,27844
DEINPU;11056,11192,11489,11511,22131,22194,25679,27184,27197,27221,27528,27599,27752,27754,27786,27795,27815,27837,27838,27839,27841,27842,27844
DEINRS;27668
DEINRT;19250,22184,25453,25675,26285,26382,26453,26472,26482,26496,26507,26508,27198,27748,27792
DEINRU;18433,19406,19448,27665,27837,27842
DEINRV;19440,22186,22200,26454,26474,26497,26507,27213,27602,27799,27816,27828
DEINRW;27587
DEINSS;22042,22197,22201,25680,27361,27588,27601,27607,27666,27668
DEINST;22043
DEINSU;11393,11462,26457,26495,27363,27530,27637,27661,27807
DEINSV;27164,27203
DEINSW;27363,27539
DEINSY;7418,11463,11520,22195
DEINSZ;2284,11317,11505,19253,26476,27808,27831,27834
DEINTT;19451,26972,27232,27483,27540,27541,27677,27835,27844,27858
DEINTU;19443,19451,25620,26929,26972,27528,27540,27542,27835,27836,27838,27844,27858
DEINTV;27216,27809,27836
DEINTW;10626,26287,26508,27539,27750,27820,27833,27851,27858
DEIOOR;27590,27682,27859
DEIOOW;19439,22156,22173,26880,26893,27365,27681,27806
DEIOOX;27746
DEIOOZ;
DEIOPP;11495,21151,27683,27811,27812
DEIOPR;11532,27859
DEIOPS;19369,19388,22106,27084
DEIOPT;27545
DEIORS;26851,26881,26976,27055,27575,27882
DEIORT;11344,11467,11499,11542,25675,26106,26482,26530,27748,27792
DEIORV;26417,26525,26530,26532,26951,27170,27213,27240,27602,27643,27828,27895
DEIORW;26532,27371
DEIORZ;11501,26289,27885
DEIOST;19357,26217,27056,27171,27612,27698
DEIOSV;11546,11547,22109,27521,27735,27830,27868
DEIOSX;19462,26523,27875
DEIOTT;11199,11410,11506,26419,27835
DEIPPP;11412
DEIPPR;26385,26488,26535,27811,27837
DEIPPS;
DEIPPT;7429,22110,27838,27903
DEIPPY;27683
DEIPPZ;11551,26535,26538,27839
DEIPQU;26539,26540
DEIPRS;27057,27351,27597
DEIPRT;27243,27904
DEIPRZ;11551,26535,26544,27560,27842,27907
DEIPSS;22224,25680,26934,27313,27361,27508,27527,27753,27843
DEIPST;5170,11202,11322,11418,11474,11558,11560,27086,27736,27780
DEIPSU;2290,27322
DEIPSV;11513,11560,26548
DEIPSW;11556,26220,26493,27874
DEIPTT;26537,26549,27561
DEIPTU;11419,11557,22223,26540,26555,26955,27221,27243,27528,27710,27838,27841,27904
DEIPUV;
DEIQRU;25651,27529,27690
DEIQSU;10222,11420,11564,18434,21855,25334,25652,26495,26853,27377,27530,27562,27845
DEIQTU;11514,22048,27087,27562,27845
DEIRRS;27632,27821,27860,27880,27881,27882,27901
DEIRRT;27246,27846,27904
DEIRRU;11562,19257,19455,26556,26964,26975,27883,27904
DEIRRV;22210,27240,27563,27870
DEIRRY;11423,19420,19456,27223,27574,27882
DEIRSS;5173,7437,10925,11205,11323,11476,11516,11572,22197,25594,27453,27531
DEIRST;25655,27059,27737
DEIRSU;26854,26976,27652,27694,27738,27773,27784,27919
DEIRSV;25626,27509,27616,27919
DEIRSW;5176,11208,11556,11565
DEIRTT;19262,19423,26364,26432,26468,26549,26571,26575,26576,26577,27380,27917
DEIRTU;11480,11557,11576,22113,22223,27243,27246,27904
DEIRTV;27455,27723,27895
DEIRTW;10637,11481,11566,25941,26508,26577,27851,27884
DEIRWY;11073,11577
DEISSS;22167,26357,26434,26551,27592,27756,27853,27865,27876,27886
DEISST;25468,25628,25693,25943,26552,26937,27316,27566,27612,27866,27877,27897
DEISSU;11431,22115,26855,26959,27373,27377,27726
DEISSW;10229,11582,26358
DEISTU;22138,27562,27922
DEISTV;25469,26438,26515,26579,27382
DEISTW;27539
DEISTZ;11584,27382,27567,27569,27728,27907
DEISVW;11547,26300,26440,27512,27703
DEITTT;11575,11586,26575,27898,27909,27922
DEITTU;5184,11583,11586,19451,26972,27232,27540,27835,27858,27917,27921,27922
DEITTW;22052,25470,26577,27088,27858
DEIZZZ;
DEJKNU;26580
DEJKOO;
DEJKOU;
DEJLLO;25471
DEJLOS;11587
DEJLOT;11213
DEJLOU;11587
DEJLOW;
DEJMPU;
DEJOTT;
DEJSTU;10231,11594,27141
DEJTTU;26582
DEKKNO;27142,27576,27925
DEKKOO;26583
DEKKOS;
DEKKOY;26583,27925
DEKKRY;26366
DEKKUY;
DEKLOO;5186,19467,26586,27320,27590,27928,27929
DEKLOP;22238,27929
DEKLOS;22240,26584
DEKLOY;11079,22239,26983,27925
DEKLRU;27145,27582
DEKLSU;11599,27594,27931
DEKMOS;11605,19264,19390,25701,26228,26589,27321,27596,27932
DEKMRU;11603,21871,27582,27933
DEKMSU;11604,22130,25701,27932,27933
DEKNNU;5188,26590,27146,27577,27583,27599
DEKNOP;
DEKNOS;11609,26302,26584,27932
DEKNOT;11215,11610
DEKNOY;26588,26593,27925
DEKNOZ;
DEKNRU;19265,26303,26984,27935
DEKNSU;25472,27385,27932
DEKNSY;11613,27937
DEKOOR;26586,26595,27590,27609,27939
DEKOOS;25632,27386,27609
DEKOOT;5192
DEKOPR;27591,27939
DEKOPS;22249
DEKORS;10655,11218,11605,26304,26589,27942
DEKORT;
DEKORW;5193,11219,11600,21880,26596,27603,27935
DEKORY;5194,22239,26983
DEKOST;11220,11615,27612
DEKOSU;11609,11615,22012,25701,27932
DEKOTU;5195,11615
DEKOUY;
DEKRSU;
DEKRSY;27616,27942
DEKRUY;26599
DEKSTU;11615,22138,27594,27926,27931,27936
DEKSTY;
DELLLO;27944
DELLLU;10927
DELLMU;18438,19268,26602
DELLNU;7453,11081,11349,11621,11627,19395,22251,25702,26114,26939,27148,27619,27621,27622,27948,27949,27951,27952
DELLOP;11082,11628,11629,22252,25703,26603,27251,27323,27390,27624,27944,27948,27955
DELLOR;21885,22253,22254,26115,26229,26305,26600,26604,26607,26608,26985,27949,27950,27957
DELLOT;5198,7455,11632,11633,11634,21886,22256,26609,26610,27955,27959,27961
DELLOU;19473,27628,27948,27949,27954,27955,27961
DELLPU;21887,22143,26614,26615,26940,27948,27951,27954,27955
DELLRU;22254,27949,27954
DELLSW;10933,11625,11631,27946,27960,27962
DELLUW;11627,19273,26614,27622,27961
DELLWY;2316,10677,26398,26613
DELMNO;11228,11364,19399,22145,22258,22259,25704,27150,27253,27635,27963,27964,27966
DELMOO;22258,26622,27393,27635,27638,27963
DELMOR;22234,27394,27964
DELMOS;25969,26630,27946
DELMOT;26630,27253,27393,27638,27645,27647,27966,27973
DELMOU;22235,22259
DELMOY;11229,26628,27254,27394,27964
DELMPU;11088,27650,27967
DELMRU;22150,27473,27582,27651,27652,27974
DELMSU;19401,19476,19478,27061,27475,27637,27652,27654
DELNOO;26622,27255,27397,27928,27963,27978,27979
DELNOR;22262,26232,26604,26638,27090,27330,27950,27964,27985
DELNOS;21889,22267,26584,26641
DELNOT;19483,19484,22268,27253,27255,27978
DELNOU;26989,27383,27928,27948,27978,27980,27982
DELNOW;19486,27158,27397,27584,27950,27982
DELNOZ;5203,11388,26234,27481
DELNRU;25974,26408
DELNRY;22154,26235,26643,26646,26947,27162,27672,27964,27985
DELNSY;22267,22272,25707,25709
DELNTU;22268,25978,26121,26624,26635,26649,26996,27398,27978
DELNUV;11234,11677
DELNUY;11666,11671,22270,22272,25709,27398,27678
DELOOP;11679,22252,25703,27681,27929,27944
DELOOS;22273,26997,28001
DELOOT;11681,27255,27638,27978,28006
DELOOW;7469,11681,11682,19490,21893,22156,27001,27397,27399,27681,27979
DELOPP;27980
DELOPR;
DELOPS;26990,27406
DELOPT;
DELOPU;10242,25542,27002,27092,27929,27948,27980,27982
DELOPW;11238,11628,27002,27624,27681,27982
DELOPY;11692,25484,26628,26658,27260,27390,27689
DELORR;10708,11693,26653,26661,26949,27682,27998
DELORS;25710,28001,28017
DELORT;22058,26666,26667,26668
DELORU;27407,27628,27690,27694,28018
DELORW;11600,11697,27950
DELORY;10945,19495,21986,22239,26983,27064,27093,27394,27697,27964,27985,28003
DELOSS;18441,19415,21898,22162,26418,27489,27644,27686,27698,27699
DELOST;26124,26630,26673,26993,27645,27660,27687,27698,27702,27959,27973,27988,28008
DELOSU;11408,11587,11696,27094,27407,27694,28017,28018
DELOSV;19285,26314,26659,26663,26673,26674,27960,27990,28001,28017
DELOSW;27702,27703,27946,27960,28023
DELOSY;11661,22267,25707,26125,26240,26641,27959,28021
DELOTT;26419,28024
DELOTU;27961,27978,28024
DELOTV;11411,11633,11703,27647
DELOTW;11634,11681,11697,11705,27702,27705,27961,28023,28024
DELOTX;2330,26610
DELOVV;27663
DELOVW;11706,27703
DELOWY;11706,26613
DELOYY;27985
DELPPU;10715,27980
DELPRU;11709,11712,22287,27408,28027
DELPSS;10719,11239,11688,26678,27263,27406
DELPSU;19497,26126,26644,26683
DELPTU;11419,11602,11712,26680,26955,27650,27710,27717,28027
DELPUX;11708,25491,26682,26683
DELRUY;11671,11724,19287,19495,26634,27065,28018
DELSSU;11431,21646,21905,22290,22295,26959,27726,27930,28030
DELSTU;
DELSTV;11434,11703,26438,26673,27495
DELSTY;2342,10735,11103,11725,26648,26687,27959,27973,28021
DELUVV;
DEMMMU;26689
DEMMOS;22299,22301,26444,26690,27732,27734,27735,28033,28034,28035
DEMMOT;22303
DEMMOV;22302,27733,27735
DEMMPU;26621
DEMMRY;10738
DEMMSU;26692,28034,28036,28037
DEMMUV;
DEMNOO;22258,22298,25718,26622,26695,27595,27635,27731,27744,27745,27746,27963,28032,28033,28041,28042,28045
DEMNOR;
DEMNOS;19498,22299,22305,22307,26695,26700,28033,28035,28045,28046
DEMNOU;7486,11452,11731,22259,22300,27741
DEMNTU;22060,27249
DEMOOP;11247,28041,28042
DEMOOR;11248,27009,27416
DEMOOS;11752,26695,27419,28033,28046
DEMOOT;27187,27393,27638,27745,28042
DEMOOV;22302,27733,27963,28060
DEMOOZ;27419,27764
DEMOPP;26705,28061
DEMOPR;7488,11735,11753,21907,26706
DEMOPS;22307,27969,28062
DEMOPU;11755,22312,25666,27970,28062
DEMOPY;11753,26628,26705,27420
DEMORR;19292,25497,26131,26697,26709,26710,28053
DEMORS;
DEMORU;11760,26708,26714,28057,28064
DEMORW;11114,11251,11758,11761,19294,25498,26710,27416,28050
DEMOSS;11646,11762,26987,27010,27971
DEMOST;
DEMOSU;10955,11253,11755,22062,22313,25669,25701,27095,27773,28057
DEMOSW;27946,27968,28046
DEMOTT;
DEMPPU;11739,11763,26715
DEMPRU;19297,26715
DEMPSU;7492,11755,28062
DEMPTU;22312
DEMPUY;11763
DEMRRU;26964,27651
DEMRSU;19435,19476,22304,22313,27652,27738,27773,27781,27782,27783,27784,27972,28039,28057
DEMSSU;19299,19501,19505,25717
DEMSTU;7495,21910,22063,26721
DEMSTY;26723
DEMUZZ;
DENNOO;27011,28067,28068
DENNOS;5223,11769,19498,22305,22317,25723,25724,27013,27272,28040,28070
DENNOT;10257,11656,11771,11772
DENNOU;11731,21913,22178,22261,22320,25724,26727,27570,27741,27785,28040
DENNOW;11732,11771,26729,27194,27794,28068
DENNPU;11117,11489,26725,26727,27197,27599,27786,27795,28074
DENNRU;11733,11774,11776,19508,28074,28075,28076,28077
DENNSU;25724,27272,28040,28066
DENNTU;11767,11778,21916,25502,26635,26694,26735,26739,26740,28077
DENOOS;19438,26695,26744,27016,27744,27807,28033,28043,28084
DENOOW;11781,19439,19511,25503,26743,27019,27806,27979,28068,28079,28080,28089
DENOOZ;28067,28068
DENOPR;
DENORR;21919,26322,26697,26746
DENORS;26860,27016,27274
DENORT;22184,22322,22330,27280,27518,27826,28078,28085,28086,28104,28111,28112
DENORU;26755,28085,28111
DENORV;10785,11259,11660,19440,22186,26251,26638,26742,27018,27025,27213,27602,27828
DENORW;11781,11796,27950
DENORY;5227,7506,10786,11797,27099,27282,27429,27985
DENOSS;10787,11124,11260,11788,11799,11800,19515,26700,26730,26748,26756,26757,26861,27013,27026,27430,27934,28113
DENOST;25732,25734,27431,27988,28098
DENOSU;21164,22188,27069,27272,27807
DENOSV;11125,26486,26744,27521,27830,27990
DENOSW;19302,19361,27026,27430,28098
DENOSY;26641,26732,28035,28072,28083
DENOSZ;11505,22189,26733,27431,27831,27834
DENOTU;11801,19119,19443,19484,19516,25730,25736,26755,27024,27662,27835,27836,27984,28100,28101,28104,28111,28112,28115
DENOTW;5228,11610,11771,11796,19511,25734,26592,27750,27820,27833,28073,28079,28089,28098,28112,28114
DENOUW;11802,22269,27982
DENPRU;21929,22194,26005,26252,27283,27752,27795,27837,27842,28074
DENPSS;11740,11788,11813,25680,25728,26008,26490,26748,26760,27361,27527,27666,27753,27818,27843,28091
DENPSU;11262,11804,11814,26644
DENPSY;22195,27426,28083
DENPTU;27221,27528,27754,27838,27844,28097,28100
DENRST;
DENRSU;
DENRSY;10802,11520,11817,11825,26968,27228,27937
DENRTU;22330,22334,25730,27024,27029,28076,28077,28085,28104,28111,28112,28120
DENRTY;26646,27429,27435,28077,28108
DENRUU;18443,19120,19448,19508,19519,27028,27029,27798,28074,28075,28076,28095,28105,28118,28120
DENRUW;10264,11590,11744,11776,11811,11829,21932
DENRUY;19519,26254,27414,27435,27937,28077
DENSST;7519,10958,11268,11745,11799,11821,19520,25732,28113,28124
DENSTU;21990,27926,28126
DENSTY;21935,25738,26648,28072,28108,28125,28126
DENSUU;5236,7521,11747,19449,19521,22247,22310,27385,27432,27856,27857,27989,28036,28066
DENSUV;27990,28126
DENSUW;27363
DENTTU;19451,19516,25736,26649,26739,26772,26773,26972,27031,27232,27540,27677,27835,27844,27858,28100,28111
DEOOPP;26775,27437,27924,28081,28130
DEOOPR;11835,21936,26775,27259,27859,27939,28081,28131
DEOOPS;11274,11836
DEOOPT;27805,28042
DEOOPX;
DEOORS;22016,22273,22321,22340,22341,22342,25710,25740,26778,27274,27285,28000,28001,28002,28084,28127,28136
DEOORT;18739,19308,21652,22204,22322,26741,27286,28078,28086
DEOORV;11680,19489,26327,26742,26777,26778,26999,27018,27401,27939,27998,28001,28004,28131,28137,28140
DEOORZ;
DEOOSS;10959,11836,22068,27034,27295,27386,27439
DEOOST;
DEOOSX;26886
DEOOTT;11838,22324,27286,28142
DEOPPP;
DEOPPR;11135,11839,11840,26775,28061,28130
DEOPPS;28146
DEOPPT;11839,28061,28130
DEOPPU;28145,28146
DEOPPW;27812
DEOPRR;27235,27859,27870,28053,28131
DEOPRS;11277,11591
DEOPRT;25515,26026,26328,26783,26790,26791,26792
DEOPRU;11847,26793
DEOPRV;26655,26706,26785,27939,28131
DEOPRW;11835
DEOPRY;7526,11592,11753,26658,26789,27420
DEOPSS;25728,27263,27406,28091
DEOPST;26749,28098
DEOPSU;11755
DEOPSW;28098
DEOPSY;11791,22249,26789,27426,28083
DEOPTT;7528,11846,26790,28100
DEOPTU;7529,22312,28100
DEOPUV;11847,28096
DEOQTU;28101
DEORRS;25692,27860,27882
DEORRT;2366,7531,11138,11756,11842,11852,19530,22348,26330,26709,26783,26802,26803,28104,28147,28154
DEORRU;21165,21943,22348,26803,26804,26975,27037,27239,27883,28154
DEORRV;11282,11693,11853,22210,27240,27870,27998,28131,28137
DEORRW;19523,19531,25518,26596,26710,26786,26805,27032,27037,28137,28138
DEORSS;26787,26807,27010,27038,28157
DEORST;22349
DEORSU;25603,26331,26662,26976,27005,27407,27694,27773,27972,28018,28057
DEORSV;22342,27285,28001
DEORSW;27942,28127
DEORSZ;
DEORTT;27286
DEORTU;25520,25730,26714,26755,26803,26815,27442,28064,28104
DEORTW;11143,11697,11761,11796,11852,27884
DEORTX;11856,27551,27894,28086,28162
DEORUV;10963,11847,11860,27025,27895,28096,28140
DEORVY;
DEORWY;
DEOSSS;19320,26756,27865,27876,28163
DEOSST;11699,11799,11854,11861,19321,21950,22218,22250,22349,22354,25693,25732,26757,26807,27038,27443,27612,27698,27776,27829,27866,27887,27896,27897,28014,28113,28151,28155,28157,28164
DEOSSU;19515,26816,27034,27373,27443,27896,28113,28164
DEOSSW;11700,22073,27026,27374,27430,27439,27987,28005,28087
DEOSTT;19322,21951
DEOSTU;5249,10964,11615,26817
DEOSTV;11703,22343,28161
DEOSTW;19323,25734,26817,27988,28023,28098,28114
DEOSUX;19462,26816,28099
DEOSXY;
DEOTTT;11838,11864
DEOTTU;19516,25736,27835,28024,28100,28142
DEOTTW;11864,28024
DEOTUV;11860,26815,28060,28115,28140,28142,28161
DEOTUX;19525,25523,27035
DEOTUZ;11145,27900
DEOTWZ;
DEPPPU;
DEPPSU;11804,27444,28145,28146
DEPPTU;27444,27710,27838,27903
DEPRRU;11146,11709,11866,27904,28166
DEPRRY;26823
DEPRSS;27445,27943,28091
DEPRSU;5250,11148,27445
DEPRSY;22355,26335,26789
DEPRUU;22287,22356,27006,27283,27408,28027,28074,28095,28118,28166
DEPRUW;11811,26825
DEPRUY;5251,11812,26828
DEPSSU;19535,25747,26821,27445,27943
DEPSTU;27444
DEPSUY;11868,11869
DEPTTU;26582,26827,28100
DEPTUY;11868
DEPTUZ;26555
DEQTUY;
DERRSY;27882
DERRUY;11290,25586
DERSSU;22290,27266,27270,27445,27930,27943
DERSSY;11291,11875,26836,27719,27916,28157
DERSTU;11594,11877,25527,26721,26838,26839,28039
DERSTY;22355
DERSUU;22353,27007,27784,28167
DERTTU;11826
DESSSU;19331,22074,27938,28030,28031,28119
DESTTU;25529,26056,27921,27922
DESTTY;11725,28021,28125
DESTUV;26771,26838,28126,28161
DETTTU;11153,11586,27909,27922,28168
DETTUU;27031,27975
DFGGOO;
DFGIIR;11881,26872,28179,28181,28182,28184
DFGILU;25749,26869,26874,26875
DFGOOX;26886
DFIINY;26930,28202
DFIIRT;10906,26936,28184,28206
DFIKRU;
DFILNO;11908,11910,19544,25537,26912,26942,26943,26944,28213
DFILNU;25749,28213
DFILOR;5262,10911,26914,26943,26948,26949,26951,28209
DFILSU;19545,22358,25751,28215
DFILUV;
DFIMOY;11915,26962
DFINSU;28169,28189,28191,28219,28220
DFIORS;22360,26105,26851,26881,26976,28174,28215,28221,28222,28223
DFIRST;5264,11918,28172
DFIRTY;11913,26970,28173
DFJORS;
DFLNOU;21985,25541,26944,26989,26992,28213,28226
DFLNOY;11924,28226
DFLOOS;11887,11925,26895,26997,27000,28229,28230
DFLOPU;25542,27002,28231
DFNNOU;22362,27014,28188,28213,28226
DFNORS;26860,26991,27016,27021,27023,28234
DFNOSU;22363,28191,28219,28234
DFNSUU;
DFOORX;
DFOOSU;22363,27034,28229,28234
DGGNOU;
DGGRUY;27065
DGHIIN;25760,28241,28264,28266,28268
DGHINY;7561,28283
DGHIST;2406,28265,28270,28284
DGHOOP;11003,11969
DGHOOT;28289
DGHOSU;28292
DGHOTU;28288
DGHOUY;19554,28291
DGIIKN;
DGIILN;18447,19556,19558,28309,28310,28318
DGIILR;
DGIINN;25770,28296,28310,28312,28327
DGIINO;25765,28244,28298,28322,28327,28328,28333,28335,28336,28340
DGIINP;11979,25771,27120,28308,28310,28327
DGIINR;28333,28336
DGIINS;28238,28249
DGIINT;11982,11997,12006,25774,28241,28264,28318
DGIINV;11994,25766,27114,28296,28344
DGIIRS;2410,10280,28294
DGIIST;11984,11989,25552,26873,27106,27109,27122,27138,28265,28270
DGIJOU;
DGIKNU;27143,28251
DGIKNY;25768
DGILNO;25777,25778,25779,25780,28367,28368,28369,28372,28373
DGILNU;19123,19552,19558,19564,19566,19568,21658,22375,22380,22381,25749,25756,25762,25776,25781,25782,28251,28275,28318,28363,28364,28368,28370,28377
DGILOT;25780,28372,28376,28378
DGILSU;22001,27173,27175,27179,28366,28379
DGIMNO;12036,28321,28322,28384,28386
DGIMOO;27187,27188
DGIMTU;
DGINNO;12043,27154,27192,27193,27195,28273,28367
DGINOP;12036,12053,12055,28252,28386,28400
DGINOR;19573,19576,28336,28355,28357,28400,28403
DGINOS;28187,28239,28253,28274,28362
DGINOT;28372,28376
DGINOU;12057,19566,19576,22371,22380,25788,27212,28322,28363,28386
DGINOV;27193,27216
DGINOW;28283
DGINOX;27217
DGINOZ;11055,22007,27195,28298,28336
DGINPU;11056,12061,27197,27221,28377,28391,28409
DGINRS;
DGINRU;18449,19576,28240,28259,28275,28357,28382,28409
DGINRY;25792,28375,28409
DGINSU;18450,19125,19578,21660,28169,28189,28249,28250,28255,28257,28389,28399
DGINSY;12070,28276,28408,28411
DGIOTW;28378
DGIOYZ;28414
DGIPRU;28409,28412
DGIRTU;12067,27243,27246,27247,28259,28260,28381
DGKLUY;
DGLNOP;25779,28252
DGLOOS;12026,12080,19569,27091,28420,28421
DGLOOU;27261
DGLOOY;12083,22385,27168,27254,27260,28352,28419,28421,28422
DGLSUY;5291,28366
DGMSUY;28366
DGNOOR;19573,27066,27207,28190,28355,28371,28400
DGNOOS;22386,28390,28401,28426,28432
DGNOOW;
DGNORU;19576,28357
DGNOSU;25582,27272
DGOORS;11970,12094,22016,27233,27285,28285,28436
DGORSU;12097,28292,28430
DGORUY;28291,28293,28424
DGOSTY;28380
DGOTUU;12098,27242,28288
DHIIMM;
DHIIPS;7582,28267,28454,28458
DHIISW;27308,28454
DHIKRS;28463
DHILOS;19584,25796,27326,27335,27336,28446,28471,28472,28473,28474,28476
DHILPU;
DHIMOS;12121,12130,22399,28449,28450,28471,28480,28481,28487
DHINSY;10302,28276
DHIOOT;22404,28197
DHIOPY;7595,12125,22406,28466,28470,28484
DHIORR;22408,27368,28475
DHIOST;19590,28480,28500,28501
DHIOSV;22409,28476
DHIOSY;12127,12145,25796,25798,25799,28464,28471,28476,28501,28502
DHIRST;19590,22411,28501
DHIRSU;18745
DHIRSY;11209,22411,28464,28501,28502
DHISTU;19587,27353,27375,28199
DHISTW;
DHLLOS;12154,12156,27089
DHLOOY;10307,22414,28510
DHLOPU;27092,27405
DHLOSU;22059,26313,26896,27094,27395,27407,28508,28511,28513
DHNOOU;12171,25598,27384,27423,27424,28201
DHNOSU;22416,28481,28494,28521,28522,28523,28524
DHOOOO;19374,25601,27436
DHOORS;22403,22412,26899,27415,28285,28287,28491,28510
DHOORT;5310,22404,27438,28509,28525,28526
DHOOSY;19596,28510
DHORSU;18747,19376,22070,22416,25603,26331,27407,27427,28487,28494,28522,28523
DHORSW;11971,12152,12180,12189,28523,28529
DHORSY;7612,12168,12189,19377,25798,27428,28501,28502,28510
DHORTU;11286,27370
DHOSSW;22073,27374,27430,27439,28290
DHOSVZ;
DIIJNN;
DIIKLT;26338
DIILLS;28304
DIILMP;28308,28552,28557
DIILOP;12201,12213,28557,28569
DIILOS;21175,28204,28314,28446,28572,28573
DIILPS;12214,28315
DIILQU;19604,28533
DIILST;25615,27493,27494,27495
DIILTY;7624,11302,11985,12211,12219,19385,22427,22430,26918,27118,27497,28205,28534,28568
DIIMNU;22420,22431,26922,27504,27505,28322,28581
DIIMOS;19386,25808,26924,27502,28449,28450
DIIMOU;22431,25808,28322,28551,28581
DIIMRS;25809,26343,26925,27499,27509,28171,28294,28536
DIIMTW;
DIIMTY;22432,28453,28537,28591
DIINNW;27310,27515
DIINOS;2499,5317,19599,21178,22433,22436,22437,28449,28538,28548,28563,28592,28593,28595,28596
DIINOX;28566
DIINRS;7635,12229,19597,28455
DIINRT;28206
DIIOOP;28594
DIIORV;7636,19598
DIIOST;12198,12236,22436,22447,25623,27520,27548,27555,28535,28544,28548,28599,28601
DIIOTT;27555,28340
DIIOTV;26932
DIISTX;
DIITTT;
DIJMSU;27140
DIJNNS;
DIJNNY;
DIKKLU;
DIKKOP;22453
DIKLNY;28546,28607
DIKLTU;7643
DIKMNU;22359,27581
DIKNNU;12256,27577,27583,27599,27600,28607
DIKNRS;19608,22455,28463,28609,28612
DIKOOS;27609,28207,28611,28614
DILLMY;11347,12270,28552
DILLRS;2511,11356,27324,27626,27632,27633,28467,28617
DILLSY;28555
DILLVY;26397
DILLWY;12276,26398
DILMOR;7650,12015,12283,12287,19610,28621
DILMOU;27642,28363,28551
DILMPY;12286,12292,28470,28552
DILNNU;12017,12298,28213,28368,28370,28607
DILNOO;7654,12302,12303,19544,19565,19612,25778,28186,28367,28371,28372,28373,28608
DILNOP;11385,12304,25779,27156,28252,28608,28615
DILNOS;19584,28253,28274,28314,28362,28374,28563,28609,28622,28631
DILNSU;19615,22155,22395,27637,28623,28634
DILNTU;19568,28318,28564,28568
DILOPU;28379,28629
DILOPY;7663,12125,12286,12304,19617,22468,25806,27683,27689,28466,28470,28571,28635,28636,28640,28642
DILORS;5331,7664,12028,12251,12305,12320,12321,19605,22398,22465,25817,28215,28374,28467,28473,28573,28609,28617,28637,28644,28645
DILOSS;10326,11406,12252,12318,12323,19415,22162,22469,25818,26418,27489,27659,27686,27692,27698,27699,28446,28474,28570,28575,28637,28646
DILOST;5332,11407,12320,12323,22163,22469,25647,27660,27687,27693,27698,27700,27702,28628
DILOTU;19618,28564,28639
DILOXY;
DILOYZ;
DIMNOO;12335,12342,27595,27635,27731,27745,27746,28448
DIMNOR;2536,12129,12342,19621,28621,28650
DIMNSU;2543,11462,19427,19622,19623,19624,25664,26457,27637,27742,27760,28255,28365,28387,28481,28623,28658,28660,28662
DIMOOR;12283,12342,19585,28216,28664,28665,28666
DIMOPU;25666
DIMOSS;12343,19625,25819,28217,28218,28654
DIMOST;28450,28480,28535,28655,28657,28661,28671
DIMOSU;12041,12254,19622,25669,25808,25820,27773,28481,28487,28651,28662
DIMOSW;25821,28622,28661,28662,28663
DIMOSY;27596,28388,28671,28672,28673
DIMOTU;12339
DIMOXY;
DIMOYZ;
DIMPSY;12351,12356,27352,27780,28388
DIMRSU;19435,27189,27652,27738,27773,27781,27782,27783,27784,28536,28623,28668,28674,28675
DIMSST;28560
DIMSSY;27653,28626
DINNOS;7680,12363,12364,19627,28592,28627,28676,28677,28678
DINNUW;19628,27800,27803
DINOOR;12054,12302,12342,22475,27207,28190,28355,28371,28400,28490,28679
DINOOZ;
DINOPS;2553,7683,12363,12370,12374,12376,12378,22478,28593,28678
DINOPU;25810,27815,28391,28594
DINORS;19608,19631,22455,22479,28609,28612,28689
DINORU;5344,12057,19546,19576,19621,28357,28393
DINOSW;18756,19630,19631,22456,22479,28611,28622,28661,28662,28663,28678,28690
DINOWW;12345,19613,25678,25822,25824,27751,27794,28341
DINPTU;12061,22439,27221,27528,27754,27838,27841,27844,28691
DINPUW;
DINRSU;28220,28623,28634,28692
DINSTU;28219,28597,28660,28688,28690,28692
DINTUY;7690,27678,28411,28496,28568,28597,28691,28692
DIOOPP;25815,28635
DIOOPS;12370,22463,27680,27804,28401,28680
DIOORT;12315,12396,19636,22204,22404,22466,22472,28666,28693,28695
DIOOST;28614,28667
DIOOSU;19635,22442,27807,28614,28624,28638,28651,28680,28683
DIOOSV;12316,27868
DIOOSZ;
DIOOTX;28695
DIOPRT;22443,28569,28693,28695
DIOPSS;12144,12235,12318,12401,28286,28474,28486,28492,28570,28669
DIORRT;2565,12406,22408,28643,28693
DIORST;19590,28501,28599,28601,28644,28671,28688
DIOSST;12323,12407,25693,27612,27698,27829,27866,27887,27897,28575,28599,28646,28684,28696,28700,28701
DIOSTT;12354,28685
DIOSTU;22481,22489,28219,28614,28688,28690
DIOSTV;22489
DIOSWW;11548,27869,27893
DIPPRY;28577
DIPRTU;11557,12237,12415,22223,27243,27841,27904,28647,28691
DIPSTU;12330,28641,28648
DIQSSU;27245,27377
DIRSSU;22449,28488,28579
DIRSTU;12393,12411,25813,28260,28644,28674,28688
DIRSUZ;
DJLMOY;
DJLOSS;
DJNNOO;
DKLSUY;
DKNOOP;28608
DKNOOS;5357,19642,22498,28207,28611
DKNOPU;
DKNOSY;
DKNRSU;12433,28463
DKOOOO;
DKOORS;22412,22498,27609
DKORSU;18760,21673,22496,28711
DKORSY;5359,12437,27942
DKOSUU;
DKSUUZ;
DLLOOP;12272,22252,22501,25703,27251,27944
DLLORS;19472,22253,27626,27953,27957,27958,28467,28617,28713
DLLORY;12444,26608,27956,28209,28714
DLLOUY;22461,28714
DLMNOU;12281,22259,25704,28363
DLMOOU;12451,28624
DLMOSU;12454,25826,28225,28508,28713,28719
DLMOUY;28719
DLMRUY;26634,28719
DLNORU;
DLNOSU;22503,28721,28726
DLNOSW;12082,12442,12456,28622,28715,28722
DLNOTU;19484,22268,27662,27978,27984,28564,28725
DLNUUY;22504
DLOOPS;22463,22506,28731,28734,28735,28736
DLOOPZ;12314,22464
DLOORS;12450,12461,19488,22273,22465,25710,26997,28000,28001,28002,28510,28617,28637,28727
DLOORU;12451,12474,22274,28004,28720
DLOORY;12083,19616,22507,28003,28510,28636
DLOOSW;28230,28420,28715,28722,28730,28736
DLOPSU;28379,28629,28641,28723,28734
DLORSW;12480,19651,28645
DLORTY;10348,12322,12481,22507,26668,27697,28003,28640,28643,28725
DLORUY;19495,28018,28719
DLOSSY;12471,25818,28626,28646,28724
DLOSUW;12479,19651,28225
DLSTUY;7727
DMMRUU;28038
DMMRUY;
DMNOOR;28707
DMNOOS;12166,12484,12493,12494,12495,26695,28033,28045,28046,28426,28715,28716,28740,28742,28743
DMNOOY;27413,28385,28741
DMNOSU;19622,28481,28658,28660,28662,28742
DMOORS;12450,12503,12504,19652,28738
DMOOSS;25819,28217,28483,28667
DMOOSU;28057,28059,28427,28506,28508,28624,28651,28738,28742,28744
DMOOSY;10349,12504,19503,28193,28716
DMORSU;19654,22313,22496,25826,27773,27972,28057,28428,28430,28487,28668,28713,28719,28738,28749
DMOSUU;28430
DMRSUU;12358,27784,28430,28674,28675
DNNOOT;19655,22318,22513,22514,28739,28754
DNNTUU;12460
DNOORS;19657,27016,28082,28084,28234,28753,28762,28765
DNOOSS;28519,28684
DNOOST;12493,12519,28434,28742,28743,28766,28767
DNOOSU;19642,19657,19658,22363,27807,27976,28088,28234,28680,28683,28721,28742,28764,28765,28766
DNOOUV;
DNOPSU;12465,12523,28521,28723,28764,28770,28771,28772
DNOPSW;12526,28098,28521,28678,28762,28772
DNORST;2629,12382,12467,12496,12519,12530,12531,28682
DNORSU;5382,12172,12423,12523,12527,19657,19662,28234,28522,28523,28756,28757,28765,28770,28771,28773,28774
DNORSW;19631,19662,22479,28406,28523,28689,28753,28757,28762,28765
DNORTU;22330,25730,26755,27024,27280,27984,28104,28111,28112,28708,28725,28758
DNOSST;11799,12469,25732,26757,27829,28684
DNOSSU;19515,27986,28106,28596,28770,28774
DNOSSW;27026,27430,27987,28087
DNOSSY;5384,11800,12471,22331,28724,28774
DNOSTU;21187,22481,22515,22516,28219,28524,28660,28690,28742,28766,28772
DNOSTW;7744,12530,22516,25734,27833,27988,28098,28114,28434,28524,28661,28690,28743,28766,28767,28772
DNOSUV;2631,27990
DNOSUW;12174,19662,22516,28521,28523,28524,28662,28690,28765,28766,28772
DNOSUZ;
DNOSWW;12175,19659,28520,28722,28767
DNOUWY;28632
DNRSUY;11825,27937,28634,28692,28774
DOOOOV;25739
DOOOPW;22417,28709
DOOPRS;28527,28762,28776,28780,28783
DOOPRU;12474,12542,28233,28412,28720,28752,28761,28763
DOOPRY;28636,28665
DOORRS;12179,19522,19652,22340,27860,28084,28135,28136,28681,28785,28786
DOORSU;19635,19657,22341,28057,28139,28234,28683,28738,28765,28785,28786,28787
DOOSUV;
DOOSWY;5393,11937,12548,25742,28736,28784
DOOUUV;25743
DOPRSS;12401,12553,26787,27871,28091,28438,28530,28698,28770
DOPRSU;12476,12523,22487,22522,28668,28723,28770,28771
DOPRSY;26789
DORSSU;7754,12408,22523,28438,28770,28774,28787
DORSSW;12553,19637,22523,28670
DORSSY;25831,28157,28774
DORSTU;12097,12411,12425,12555,12556,12557,22522,28439,28644,28711,28749,28777,28782,28785
DORSUY;12557,19550,28018,28719,28774
DORSWY;27942,28502,28645,28672
DORUVY;12558
DPSTUU;28028
DRSTUY;7760,12511,12557
DRSUYY;
EEEEPT;28808
EEEEPV;28807
EEEEPW;28808
EEEETV;
EEEEWW;
EEEFFR;22530,22531,28812,28816
EEEFFT;21677,22531,28811,28812,28814,28815
EEEFIR;22530,22533,22535,25343,25844,25847,25852
EEEFLR;28810,28826
EEEFNR;28789,28812,28834,28837,28838
EEEFRR;7761,12567,25348,25868,25869,28817,28834,28840,28842,28843,28845
EEEFRZ;25833,28789,28838
EEEFSS;25864,28820,28835,28841
EEEFSZ;
EEEGLS;12570,12571,12575,12576,19682,25883,25884,25885,28849,28874,28875
EEEGMR;12579,22543,28878,28879,28880
EEEGNP;
EEEGNR;12569,12572,12580,28794,28876,28878
EEEGRS;5399,12585,12588,19680,19684,19685,28818,28847,28849,28868,28869,28874,28895
EEEGRT;19686,28857,28870,28876,28878,28880,28892
EEEGRZ;28867
EEEGTV;12577,12589,28862,28872,28873
EEEHIZ;28906,28907
EEEHLR;12591,19689,21683,22551,25835
EEEHLT;12591,19689,25900,28911,28913,28914
EEEHNT;28848,28913,28914,28924,28927,28928,28932
EEEHNX;28915
EEEHPR;12592,25914,28937
EEEHPS;28925
EEEHPZ;
EEEHST;19687
EEEHSV;19688
EEEHSZ;
EEEHTT;5401,28798
EEEHWZ;
EEEIJL;
EEEIKL;25916,25918,28946,28949
EEEIKR;22547,25916,28948,28949,28954,28955
EEEILN;21188,22566,22568,25919,25921,28946,28958,28959,28960
EEEILR;22533,22570,25916,25919,28857,28897,28949,28959,28960,28961
EEEILS;19694,19698,22534,25356,28898,28972
EEEIMM;
EEEINW;25921
EEEIPR;28959,28986
EEEIPW;
EEEIRR;22548,22574,28864,28980,28990
EEEJRR;22590
EEEJST;22591
EEEKKR;29020
EEEKLR;25916,28949
EEEKLU;25953
EEEKMN;25836
EEEKMR;29033,29034
EEEKNR;12605,29020,29037
EEEKNT;7767,28952
EEEKPR;25957,29039
EEEKRR;25957
EEEKRS;28819,28955,29040
EEEKSV;28955,29040
EEEKSW;25954,25959,28950,29029
EEELLT;12607,19695,19708,25961,25965,25967,29050
EEELMS;19710,19711,19712,28801,28875,28947,28957,29053,29060,29061
EEELMX;
EEELNS;19710,28912,29066,29067
EEELNV;10376,12610,25962,28855,28913,29062,29068
EEELPR;10377,12612,22595,25882,25964,28959,29047,29070
EEELPS;22598,28856,29029,29058
EEELRR;12612,19707,29047,29050,29065,29080
EEELRV;12574,12610,22551
EEELSS;12616,22552,22596,25366,25884,25903,25975,25983,25989,28858,28909,28919,28972,29024,29028,29030,29073
EEELSV;12576,12621,19698,28973,29089
EEELTY;25837,28811,28914,29069,29078
EEEMMS;25838,25907,29091,29092
EEEMNR;22543,22604,28878,28879,28975,29095,29096,29099
EEEMNT;10386,21703,22604,25369,25992,28878,28924,28927,29094,29096
EEEMRS;12566,12624,22607,29092
EEEMRT;2657,12564,12579,12622,22604,22608,28878,29059
EEEMSS;12603,22553,28983,29060,29107
EEEMST;28801
EEEMSX;18455,29110
EEEMTU;29059
EEENNV;12627,12628,29115
EEENPS;19670,22577,22611,28925,28930,29023,29123,29124,29127
EEENRS;12593,28930,29066,29067,29123
EEENRT;5406,12580,12609,12631,19671,22604,28812,28837,28876,28878,29069
EEENRV;5407,12610,12627,28933,29037,29099,29120,29121
EEENSS;12633,19692,19721,25864,25913,25975,26019,26020,28900,28934,28935,28951,28998,28999,29028,29035,29116,29147,29148,29149
EEENST;5408,12583,19699,19721,22610,22618,28891,28998,29000,29117,29122
EEENSV;7771
EEENSZ;19720
EEENTT;12601,12629,12631,28837,28996,29000
EEENTW;12584
EEENVW;28933,29120
EEEOPP;25979,28916,29054,29070
EEEPPR;19723,26033,28805,29070,29160
EEEPPS;28806,29161
EEEPRV;22583,28807,29004,29039,29151
EEEPRW;29165
EEEPST;29161,29169,29170
EEEPSV;
EEEPSW;28920,29029
EEERRT;5409,12595,12634,12636,25381,25869,26041,26045,28843,28845,28937,29050,29080,29105,29108,29165,29177
EEERRV;5410,28807,28840,28940,29102,29151,29172
EEERSS;12616,28820,28841,28903,29015,29016,29017,29082,29157,29158,29179,29182,29183,29184
EEERSV;5411
EEERTT;7775,12631,19161,19686,21717,22601,22631,25843,25871,25896,25985,26015,26053,26054,28837,28845,28982,28996,29080
EEERTW;12636,12640,29165
EEERVW;25942,28816,28933,28940,29013,29120
EEESTT;25384,26021,26056,26057,28831,28891,29000,29117,29170,29191
EEESTV;12621,22589,28872,28973,29089
EEESTW;29088
EEETWZ;
EEFFIO;
EEFFIR;10401,22530,22635,25387,25844,26060,29197,29198
EEFFKL;29193
EEFFOT;21189,22638,28814,28815,29204,29207
EEFFSU;29199,29202,29205,29211
EEFGIN;29217
EEFGIT;25390
EEFGRU;29224
EEFHIR;29239
EEFHOR;10404,22651,26081,29243,29258
EEFHRT;
EEFIIR;12660,19734,29213,29273
EEFILN;5415,12667,12669,18768,19738,29270,29285,29291,29295,29301
EEFILR;22533,22654,22657,29213,29214,29239,29273,29285,29293,29295
EEFILS;7786,22534,29287,29296
EEFILT;5418,12668,19736,29271,29283,29290,29298
EEFINR;12660,12669,22535,29285,29321
EEFIPR;22660,22661,26108
EEFIRR;12664,12674,12676,29331,29338
EEFIRS;
EEFIRZ;19734,29221,29341
EEFKLS;18769,22663,22664,29286,29287
EEFLLO;26115,26116,29348,29349
EEFLLR;12641,12684,12686,12688,25854,26088,26115,28826,29239,29292,29293,29348,29349,29351
EEFLMS;26092,29251,29253,29296,29297,29353,29355
EEFLNN;26118
EEFLNS;12650,12691,22666,29353
EEFLRR;10420,12698,12699,29370
EEFLRS;10421,12700,12702,22663
EEFLRT;29204,29348,29357,29372,29373
EEFLRU;19745,22648,29354,29358
EEFLRW;19746,26123,29273,29293,29359,29370,29373,29374,29375
EEFLRX;25859,28829,29351
EEFLRY;22657,29228,29351,29384
EEFLST;10424,19676,21733,22649,26124,28830,29253,29256,29360,29376,29377
EEFLSX;10425,25860,28829,29205,29378,29383
EEFLTT;12644,12703,29369
EEFLUY;29384
EEFMMS;29314
EEFMNN;29274,29288
EEFMNO;26130
EEFMOR;29206,29258,29315,29354,29390
EEFMTW;
EEFNNR;29397
EEFNRS;12652,12705,12709,29389,29399
EEFNRU;12695,28838,29358,29363,29400,29403,29404
EEFPRR;7795,22675,29393,29406
EEFPRT;29407
EEFPTY;7798
EEFRRS;22677,29209,29236,29410
EEFRRT;25869,28834,28843,29261,29405
EEFRST;25870,26143,29237,29389,29391,29399,29407
EEFRSU;7799,19744,29412
EEFRSV;28836,29245,29282,29410,29412
EEFRSY;12717,29238,29340
EEFRTT;12678,12710,28837,29341,29404
EEFRTU;19729,19748,29400,29403,29404
EEFRTW;22679,25872,29373,29401
EEFRTY;12568,12659,12708,29246,29340,29384
EEFSSS;12711,29329,29342,29352,29364,29385
EEFSSU;29355,29365,29385,29386
EEFSTT;29249,29330,29343,29392,29395,29402,29413,29415
EEFSTW;12655,29344
EEFSTY;29256,29312,29340
EEFSUZ;29386
EEFSZZ;
EEGGGI;
EEGGIL;
EEGGIN;19750,29435,29439,29440
EEGGIR;25399,26151,26153,26154,29425
EEGGIV;
EEGGKR;29427
EEGGLR;26155,29422,29444,29447
EEGGLS;29420,29421
EEGGMU;
EEGGRS;29449,29450,29451,29452,29453,29454,29455
EEGGRY;
EEGGSV;29452
EEGHNS;12741,12742,12743,22685,28851,29460,29464,29465,29469,29470,29471,29482,29484,29489,29491,29492,29493
EEGHNU;25401,26173,29487,29493
EEGHNW;29461,29463,29467,29473
EEGHSS;29478,29480,29493
EEGIJN;22688
EEGILN;19758,19761,29499,29522
EEGILR;12646,12756,12763,12765,22695,28857,29213,29511,29546,29547
EEGILS;7804,12757,12767,29542
EEGILT;22693,22695,26184,28857,29514,29545,29546
EEGIMR;26201,29511
EEGINN;
EEGINP;22683,22687,29466,29468
EEGINS;22540,22685,22703,22704,29439,29440,29470,29471,29608,29609,29610,29612
EEGINT;12780,25406,26212,29439,29583,29589,29608,29609
EEGINW;29461,29463,29473,29505,29549
EEGINY;22705,29431,29506,29520,29557,29569
EEGIRS;12648,12733,12788,12790,12792,19680,28868,28869,29222,29225,29459,29476,29617,29619,29624,29625,29627,29628
EEGIRV;5431,12794,29621
EEGISS;19681,25408,25880,26180,26196,26224,28858,28871,29478,29516,29538,29541,29548,29622,29629
EEGISV;12782,29533,29572
EEGKLR;29511
EEGKLS;2667,12570,12797,19682,29513
EEGLLN;2668,12800,29509,29522
EEGLLT;10464,29226
EEGLMN;19758,29227,29637,29638
EEGLMS;12757,12804,12806,12808,12811,28875,29523,29639,29640
EEGLMU;29227,29638
EEGLNN;12812,12813,26185,29481,29512,29641
EEGLNR;29647
EEGLNT;29481,29638,29641
EEGLNU;25412,26074,26190,29227,29229,29529,29638,29641,29647
EEGLOS;12806,12814,12823,12824,19779,22710,22712,26237,26240,28875,29639,29643,29644,29645,29649
EEGLRS;28849,29230,29639,29649
EEGLRT;12573,12765,12809,12831,22695,28857,29545
EEGLRU;19763,29444,29529,29547,29647
EEGLST;26242,29420
EEGLTY;29646
EEGMMN;12841,12842,29549
EEGMNO;12845,22714,26245,29232,29637,29656
EEGMNR;22543,26245,26246,28878,28879,29232
EEGMNS;
EEGMNT;28878
EEGMNU;28879,29227,29556
EEGMOT;12851,28880,29486,29661
EEGMRR;
EEGMRS;19783,29639,29659,29660,29662
EEGNNT;7813,12813,12861,29481,29641,29664
EEGNOP;26250,29488,29490,29637,29642,29670
EEGNOR;12845,29232,29233,29579,29581,29663,29664,29668
EEGNOX;22699,29667
EEGNRS;22722,29634
EEGNRT;22719,28878,29664
EEGNRV;22720,22723,26251,29668
EEGNRY;12872,26210,26254,28794,28887,29520,29557,29569
EEGNST;19774,22703,26212,28891,29439,29470,29521,29583,29589,29608,29610,29611,29612,29669
EEGNSV;29533,29572,29610,29666
EEGNSW;12743,28851
EEGOOS;19784,29235,29576,29669,29681
EEGOSY;29238,29673
EEGPRS;26241,28868,28883,29453,29585,29617,29624,29649,29682,29690
EEGPRU;26219,26226,26252,29587,29647
EEGRRS;19685,25417,25891,28884,29222,29236,29450,29453,29593,29690
EEGRRT;29223,29504
EEGRRU;28885,29224,29685
EEGRRV;2678,12867,12881,28886,29650,29680,29685,29686
EEGRRW;29686
EEGRRY;28887
EEGRSS;26243,26261,29445,29480,29687
EEGRST;22724,26221,26256,29225,29237,29561,29619,29624,29682,29689
EEGRSV;19201,29452,29681,29689
EEGRSX;28869,28895,29691
EEGRSY;25895,29238,29694
EEGRTT;10506,12895,19686,25896,26263,29495
EEGRXY;
EEGSSS;10507,12795,12856,12873,28894,29605
EEGSST;12833,12874,12889,12901,26224,26264,29478,29548,29622,29629,29657,29679
EEGSSU;7822,12857
EEGSTY;12796,29479
EEHHRT;26265,26268,29699,29703,29707,29708
EEHHSS;28896,29698,29708,29709,29710
EEHHSW;25897,28896,29710
EEHIIN;
EEHIMP;26280,29715
EEHINR;29712
EEHINT;5448,7828,12919,12923,22751,22757,26080,26287
EEHIRR;12931,22548,22758,22765,22768,22770,29750,29790,29791
EEHIRS;5449,12733,12915,12926,22549,22726,26272,26291,26297,28902,28905,29459,29476,29786
EEHIRT;12734,12905,12918,12931,28906,29731,29752,29774,29791,29796
EEHIST;29457,29479,29745,29748,29775,29776,29800
EEHITT;12922,12940,22757,22773,29472,29474,29752,29767
EEHITV;7836,22775,29796
EEHKLS;26271,26301,29716,29717,29801
EEHKRS;10526,12915,12945,12947,12948,21199,22781,22783,25899,26272,26304,28819,29720
EEHKSS;19798,22785
EEHKST;12947
EEHLLR;5453,12941,26305,29807
EEHLMR;2685,19753,29726
EEHLMT;12953,25900,28911,29252,29814
EEHLNU;29725
EEHLNY;12951,12961,28914,28915
EEHLPR;22780
EEHLQS;22798
EEHLSS;19802,25903,26276,28909,29732,29734,29737,29805,29806,29808,29811,29816,29826,29832,29836
EEHLST;26312,26316,29256,29809,29823,29827,29837
EEHLSV;5455,22742
EEHLSW;28898,28912,28920,28922,29813
EEHLWY;29250,29719,29739
EEHMMR;10539,12976,25906,29838,29839
EEHMMS;25907,28923,29812,29813
EEHMNP;7849,12978,28925
EEHMNS;12943,12978,12979,12981,28925,29251,29257,29484,29724,29742,29812,29845,29846
EEHMNT;28924,28927,29743,29814,29848
EEHMOR;12984,19805,22803,29258,29726,29838,29853
EEHMPT;12953,28911
EEHMRS;19806,25911,26318,29257,29845,29846,29854
EEHMRT;26281,29743,29747,29752
EEHMSS;5456,10545,12954,12986,28923,29740,29805,29816,29850
EEHMST;19807,25912,29745
EEHMUV;29749
EEHMUX;12991
EEHNNR;7853,22810,29487,29857
EEHNOR;12994,22803,22814,25424,26322,29864
EEHNOT;10547,12956,22791,29814,29821,29856,29872
EEHNOX;
EEHNPS;22782,22792,22811,22815,26325,28925,28930,29465,29489,29761,29763,29841,29865,29873
EEHNPW;29467,29728
EEHNRS;18778,22555,22821,28930,28931,29492,29845,29846,29873
EEHNRT;19810,21781,22810,22818,28932,29874
EEHNSS;5460,7858,10552,12959,12992,12996,19692,19794,25913,28900,28931,28934,28935,29260,29493,29757,29766,29769,29806,29858,29860,29867
EEHNSW;12743,13006,28851,28912,29844,29869
EEHNSY;29471,29492,29846
EEHNTY;28914,29866
EEHNWW;
EEHOPS;22811,22826,26175,29489,29730,29770,29841,29877,29879,29884,29885
EEHORS;12744,12962,29825,29877,29880,29888
EEHORT;13007,13011,29731,29774,29890
EEHOSX;29775
EEHOTW;
EEHPPR;13013,29828,29883
EEHPRS;29746,29761,29778,29873,29877,29885
EEHPRT;25914,26328,28937
EEHPSS;22838,29698,29782
EEHPSW;28920,29879,29884
EEHPSY;26335,29831,29898
EEHQTU;5463,21790
EEHRSS;19802,19815,22560,28931,28941,29708,29811,29832,29833
EEHRST;26268,29707,29708
EEHRSU;12948,12998,19804,29265,29786,29830,29845,29854,29873,29897
EEHRSW;28943,29476
EEHRSX;28905,29794,29854
EEHRSY;19806,26335,29492,29846,29898
EEHRTT;22773,22843,29752,29767,29781,29874
EEHRTW;
EEHRVW;13029,28933,28940,29736
EEHSSS;12912,28934,28944,29797,29826,29860,29900
EEHSST;22785,22838,29266,29708,29709,29832,29836,29837,29896,29901,29903
EEHSTT;13031,22729,22844,29496,29497
EEHSTW;13006,13031,29798,29799,29800,29837
EEHSTY;13032,22779,29256,29479,29800,29835,29855,29898
EEHWYY;
EEHWYZ;29739
EEIIKK;29904,29905
EEIIKR;29907,29913
EEIILM;18782,29271,29916,29917,29920,29921
EEIIMN;21795,29920,29934,29936
EEIINN;26179,29274,29923
EEIINW;29925
EEIJNN;26362,29981,29985
EEIJSS;29980
EEIJST;10577,19829,29979,29984
EEIJSW;
EEIKKT;29905
EEIKLM;5470,13042,13043,13044,22865,26369,26370,28947,29284,29714,29715,29716,29989,29996,29997
EEIKLP;22845,22868,29715,29904,29912,29996,30005,30006
EEIKLS;10579,13042,13049,26271,26373,26376,29286,29287,29513,29716,29717,29914,29915,29998,30003,30008
EEIKLT;19832,19836,26338,28949,29283,29713,29905,29908,29995
EEIKNR;29285,30000,30019
EEIKPW;
EEIKRS;5474,12665,12915,19219,19830,19838,26272,26386,26387,28948,28955,29286,29459,29992,30008,30017,30025
EEIKSS;19220,19839,29516,30015,30017,30029
EEIKSV;26273,26384,26387,28955,29914,30012
EEILLN;5477,13059,19841,19842,19843,22735,22877,26390,26391,29270,29291,29509,29522,29722,29906,30042,30046
EEILLR;29293,29907,30037,30039,30042
EEILLS;22876,29721
EEILLV;22736,25433,26397,29522,29909,29991,30036,30046,30061,30062
EEILLW;25434,26398,29293,30036,30062
EEILMR;19227,19852,19854,22878,26091,28957,29511,29726,30037,30038,30039,30081
EEILMS;22876,22879,28947,28957,29296,29523,29716,29721,29980,30038,30040,30074,30079,30081,30083,30087
EEILNO;19833,19841,29727,29999,30067,30095,30096
EEILNP;21818,22882,22886,22887,22888,26405,28959,29722,29727,29728,29924,30067,30091,30097,30099,30100
EEILNR;28959,28960,28961,29285,29923,29925,29982,30000,30099,30106,30107
EEILNS;19856,19861,30090,30114
EEILNT;19842,28960,29920,29982,30107
EEILNY;19858,22881,29291,29431,29506,30102,30107
EEILOR;19835,22878,22896,22898,29432,29726,30006,30120
EEILOT;13087,19234,19866,22693,22884,26404,26419,30088,30130
EEILPT;
EEILRR;19854,19867,21213,22889,22896,26406,29526,30118,30120,30147
EEILRS;29931
EEILRT;19867,28857,28949,28960,29528,29545,29546,29982,30107
EEILRV;22739,29736
EEILRX;26421
EEILRY;13103,22657,22741,22902,22911,28961,29546,30107
EEILSS;5494,19855,19864,28858,29538,29732,29922,29980
EEILST;5495,13111,19871,29933
EEILSV;5496,10602,13049,13072,13083,19238,19698,26277,26411,29533,29914,30090,30094
EEILSX;13084,22905,30079
EEILTV;19866,22571,28974,29545,30061
EEILVW;5499,13050,13108,25924,28974,29736,30036,30131
EEILZZ;30053
EEIMNP;22919,25443,26450,29934,30067,30175,30182,30183,30184,30185
EEIMNR;28975,29712,29743,30177,30183,30184,30187,30191
EEIMNS;22919,30186
EEIMNT;29743,29920,30187,30191,30192
EEIMNY;22918,29557
EEIMPR;19852,30037,30183
EEIMRR;19854,22574,26451,30188
EEIMRS;30038,30083,30219
EEIMRT;19872,22747,22921,29555,29743,30177,30191,30192,30203,30204
EEIMSS;19855,19876,22748,29516,29922,29944,29980,30015,30040,30217
EEIMSV;13072,29944,30083,30087,30190,30196
EEINNP;22925,29289,30232
EEINNR;7902,25450,26470,29923,29985
EEINNT;12923,13138,22575,22926,28984,30232
EEINNV;13138,26477,26479
EEINOS;26347,26481,26485,26486,29759,30250,30251,30256
EEINPR;28959,29948,29950,30099,30100,30183,30257
EEINPS;26492,26493,29763,30020
EEINQU;29564,29592,29754,29764
EEINRS;13147,19885,29957,30268
EEINRT;25453,26453,26482,26507,26508,26509,29982,30107,30177,30192,30253
EEINRV;10623,26507,29321,30019
EEINRW;19887,29603,29925,30257,30277
EEINRX;13121,22935,29604,30238,30253,30264,30278
EEINSS;19794,19877,21218,22579,22929,28900,29757,30299
EEINST;19699,19740,19774,19881,29001,29201,29439,29521,29583,29611,30303
EEINSV;12782,13083,13153,29533,30094,30114
EEINSW;13153,30023,30241,30301,30303
EEINSX;13084,13124,22756,22942,29763,30294,30299
EEINSZ;12783,19253,19878,19882,19885,19889,26476,26516,28995,29328,29574,29957,30242,30303
EEINTT;22757,29472,29613,29614,30232
EEINTV;22938,29003,30192,30237,30276
EEINTX;7910,26509,28952,29002,30180,30253,30264,30278
EEIORS;21219,22860,22954,22958,29332,29580,29617,30018,30025,30245,30304
EEIORT;19828,19872,19879,19894,26106,26216,26482,26519,26529,26530,29315,29760,29947,30177,30203,30204,30248,30252,30253,30307,30315,30316,30317
EEIPPT;22967,22968,29777,30331,30333
EEIPPY;29777,30133,30333
EEIPQU;12787,26534,26540
EEIPRS;29617,30304,30327,30338,30356
EEIPRV;13166,22583,29588,29950,30100,30357
EEIPRX;22973,30264
EEIPSS;13158,13167,29007,29698,29782,30015,30028,30216,30217,30335,30359,30360
EEIPSU;13160,22972,26424,26492,26547,26554,29618,29784,30137,30141,30262
EEIPSZ;22975,30215,30312,30337,30345,30356
EEIPTT;13142,30232
EEIPTW;30347
EEIRRS;30363
EEIRRT;19867,19898,29504,29791,30118,30147,30307,30317,30331,30346,30364,30381
EEIRRV;13180,29331,29338,30318,30365
EEIRRW;29013,30120
EEIRSS;19701,19824,19901,29016
EEIRST;
EEIRSV;29282
EEIRSX;22586,22958,22986,22987,28869,28905,29794,30320
EEIRSY;13103,13185,26431,29016,29340,30153,30286,30354,30391
EEIRSZ;13104,19885,19893,22708,29773,29957,30202,30215,30323,30345,30356
EEIRTV;19894,22587,22775,22960,29018,29545,29602,29796,29959,30192,30203,30237,30357
EEIRVV;29621,30124,30324
EEIRVW;13108,13180,25942,26532,29013,29736,30324,30325
EEISSS;10638,12795,19839,22588,22988,26357,26578,29342,29797,30370
EEISSV;5510,13188,22776,29944
EEISSW;13188,19901,26358,29342,30206,30377
EEISSZ;13134,26360,30399
EEISTV;7918,10642,13190,22589,22964,25469,26579
EEISTW;13136,22778,29344,29611,29800,29933,29977,30060,30127,30241,30303
EEISWZ;19889,30303
EEITTW;25470,26577,29614
EEITTY;18469,30228,30291
EEJJNU;30402
EEJKRR;
EEJLSW;19703,29022
EEJLSY;
EEJLYZ;
EEJNNT;
EEJQRU;
EEJRST;13195,29979,30414
EEJRSY;25950,30410
EEJSSS;
EEJSSU;30416
EEKKLR;13039
EEKKNO;
EEKKSY;13201
EEKLMP;29715,29996
EEKLMY;13206
EEKLNN;22866,25951,26371,29026,29512,30425
EEKLNR;26372,29285,30000,30421
EEKLNS;22998,22999,26373,26585,29513,29990,30001,30002,30003,30422
EEKLNY;30421
EEKLPR;22780,22868,30006
EEKLPS;29029
EEKLRS;22663,22781,23001,29286,29992,30008,30424
EEKLRT;7922,13046,13205,28949,30009,30429
EEKLRW;7923,13047,29718,29913,30429
EEKLSS;2696,5516,13202,13207,13209,13210,26587,29024,29028,29030,29031,30426,30430,30432
EEKLSV;29914,30012,30422,30428
EEKLSW;13210,26376,28950,29029,29915
EEKLSY;13211,29801,30003
EEKLTT;30004
EEKLWY;13198,19837,29719
EEKMNU;
EEKMPR;19905
EEKMRS;30424
EEKMSS;12603,13207,13212,19906,29032,29516,30015
EEKNNR;10648,12799,29026
EEKNNT;
EEKNOS;19907,26302,29036,29633,30435
EEKNOT;
EEKNPP;
EEKNRR;10651,12944,23002,30021
EEKNRS;29633,29634,30435
EEKNSS;22998,26594,29028,29032,29035,30440
EEKNST;10654,13208,13224,22870,22999,26585,29521,30002
EEKOPS;30442,30445
EEKORV;5524,13213,13233,13234,30019,30444
EEKORW;21880,26596,30418,30429
EEKOSS;19906,30430,30431
EEKOST;21881,23008,30445
EEKOSV;26384,26598,30428
EEKPPU;
EEKPRR;10656,12946,23009,25957
EEKPRS;30449
EEKPRU;13238,23009
EEKRRU;23009
EEKRSS;13235,19909,23001,26587,29445,30029
EEKRST;22783,30420
EEKRSU;23003,29634,30025,30032
EEKRSV;26387,28955
EEKRSW;23011,25959
EEKRSY;23010
EEKSST;22785,29031
EEKSTY;13211,30035,30437
EEKSVY;26598
EELLMR;2707,12684,26602,28826,30037,30039
EELLMS;22876,29721,29804,29805,30040,30041,30406
EELLNT;7930,13059,19799,19842,22877,25961,26391
EELLNW;10664,25963
EELLOP;26603,26605,29918,30047
EELLPT;2710,7932,10668,13244,13252,13253,25965,30458
EELLRS;5536,10670,12802,29049,29052
EELLRT;7934,10671,13254,19708,23016,25967,29050,29348,30478
EELLRU;23018,23020,29635,30039,30465
EELLRY;23021,29351,30407,30421,30479,30480
EELLSS;19914,19916,23017,23022,26618,28909,29024,29347,29352,29805,29806,29808,29810,30457,30467,30468,30469,30472,30481,30482,30486,30490,30491
EELLSV;13249,19917,29052,30422,30460,30471,30476,30482,30483
EELLTV;13260,30061
EELMOT;13271,29056,29057,29252,29814,30076,30507,30508,30510
EELMPS;19853,22879,26633,29058,29804,30074,30079,30493,30504
EELMPT;12953,13263,28911,30458
EELMRS;28957,29639,30069,30081,30083,30424,30496
EELMRT;23030,25970,29056,29059,30507,30508,30514,30517
EELMRU;19925,23030,29059,29354,30039,30070,30511,30514,30517
EELMRW;
EELMRY;12810,13206,13274,26634,30502,30508,30516
EELMSS;29060,29640,29805,29816,29922,29980,30040,30071,30081,30457,30459,30509
EELMST;19927,28801,29053
EELMSU;19922,19927,29353,30072,30087,30406,30493,30497
EELMSY;13268,19712,29817,30073,30086,30497,30504,30516
EELMTT;5548,13269,13271,29057,30498
EELMTY;30086,30499,30508,30516
EELNNT;12813,13284,23032,26635,29481,29641,30521
EELNNV;30461,30522
EELNOS;19779,19930,19931,19932,19933,26623,26636,26639,26640,29643,29644,29645,30463,30495,30496,30520,30523,30531,30534,30535,30536,30538,30539,30540
EELNOV;5550,22885,26638,29999,30095,30096,30533,30542
EELNPS;26642,26644,30526
EELNPT;2716,7942,10696,12957,13263,13287,23040,29820,30525,30528,30529
EELNRT;25973,26637,26645,26646,28960,29068,29069,29357,29363,29982,30107,30521,30525,30533
EELNRU;12695,13289,13305,25974,26408,26645,29065,29358,29363,29529,29647,30000,30070,30099,30465,30521
EELNSS;19931,22998,23038,29028,29446,29806,30426,30469,30520,30537,30538
EELNST;22999,23039,29360,30427
EELNSU;7949,10700,13295,21230,22666,22895,25976,26120,26640,26644,28963,29353,30072,30497
EELNSV;26411,29533,30105,30110,30113,30422,30549
EELNSW;28912,29066,29534,30111,30546
EELNTT;5554,7951,13269
EELNTU;5555,7952,10703,13310,19282,19936,23040,23043,25978,26624,26635,26645,29064,29638,29641,30115,30499,30521
EELNUV;13310,29229,29366,30522
EELNVY;12821,12961,13311,30522
EELNXY;28915
EELOPP;28916,29054,30005,30524
EELOPR;22595,23047,30006,30091,30525,30561
EELOPS;5557,7953,13314,29730,29823,30074,30117,30503,30504,30526,30527,30563
EELORS;29639,30496,30506,30523
EELOUV;26669,30464,30568
EELOVV;23046,30095,30542
EELPPU;10715,26632,26676,30511,30524
EELPRS;19943
EELPRT;26680,30525,30561
EELPRY;13274,13329,21232,22902,30502
EELPSS;19943,23000,26678,29073,30484,30586,30591,30598
EELPST;7962,12966,13338,13339,13340,29823,30408,30556,30563,30587,30599
EELPSV;13333,13339,26659,30138,30142,30526,30559
EELPSX;13275,13314,22905,26660,29058,29075,30079,30560
EELPSY;7963,22598,26425,29831,30052,30133,30504
EELPTT;29078,29369,30528,30561
EELQSU;22798,22906,29542,30145,30487,30588
EELRRV;29650,30566,30568,30569
EELRSS;29030,29073,29082,29255,29361,29833,29834
EELRST;25493,25984,26685
EELRSV;19946,30460
EELRTT;5570,7970,12971,22601,25985,29080
EELRTW;13303,13322,25986,26667,29373,30429,30567
EELRUV;19944,30568,30578
EELRVV;29086
EELSSS;13280,13358,22801,29352,30518,30596,30601,30610
EELSST;19916,29837,30491,30609,30610
EELSSV;19946,30482,30509,30549,30572,30583,30604,30611
EELSSW;23061,29088,30469,30489,30491,30546,30605
EELSTT;5576,7976,12837,13111,13258,13362,13363,19871,19950,22913,23065,30058,30158
EELSTU;19927,19950,22914,23054,23062,23065,29376,29382,30159,30408,30563,30574,30585,30587,30599
EELSTV;23055,26673,29089,29377,30549,30583,30585,30609,30611
EELSTW;5577,19941,29088,29837,29933,30060,30127,30143,30154,30491
EELSTY;19942,23023,29256,29312,29827,30086,30160,30492
EELSUV;19917
EELSUX;26619,29205,29378,30159
EELSYZ;
EELSZZ;
EELTVV;13260,25991,29086,30542
EELTVW;28974,30510
EELTWY;26442
EEMMNO;21235,30614,30615
EEMMNR;5579,12841,13365,29091,30161,30618
EEMMNS;12842,13365,29091,29812
EEMMOP;29838,30615
EEMMOR;29838,29839,30163
EEMMOV;30617
EEMMRS;13365,26692,29091
EEMMRY;10738,13368,30618
EEMMSS;10739,30620,30623
EEMMST;12844
EEMMSW;29813
EEMNNP;30627,30628
EEMNOR;5581,12845,13376,22803,23069,23070,29095,30068,30177,30433,30629,30640
EEMNOT;7981,29387,29814,30629,30640
EEMNOV;30617
EEMNOY;19781,22714,23072,29483,29656,30614
EEMNPR;29096,30182,30184,30641
EEMNRS;23073,29257,29389,29845,29846,30641,30642,30644,30645
EEMNSS;26700,29657,30631,30635,30641,30646
EEMNSU;10752,13385,13396,19718,19922,22605,23073,26319,26457,26702,29353,29843,29845,29847,30072,30186,30497,30637,30642,30644,30646
EEMNSW;13267,13378,13387,13397,29101,29844,30645
EEMNTU;12982,13396,23067,29848,30498,30499,30646
EEMNYZ;23072,29656
EEMOPT;
EEMORR;19292,23069,25497,26131,26697,26710,29206,29258,29390
EEMORT;19872,21909,22921,26699,26704,26714,29315,29387,29661,30076,30177,30203,30204,30507,30508,30629,30640,30652
EEMORV;7988,13213,13399,23075,29033,29104,29853,30203,30507
EEMOST;29392,29745,29938
EEMOSV;30500,30509
EEMOSX;13379,26713,30207,30649,30653
EEMPRS;22607,23078,30633,30654,30655,30656
EEMPRT;
EEMPRY;30502
EEMPSU;13406,30493
EEMPTX;25996
EEMQSU;13408,19959,30186,30219,30220,30657
EEMRRT;10765,13218,13413,19924,29108,30514,30681
EEMRRU;13407,29393,30514,30681
EEMRSS;19956,30459,30635,30659
EEMRST;19962,26721,29389,29662,30644,30645
EEMRSU;23073,29659,29662,29845,30168,30219,30227,30637,30644,30657,30665
EEMRSV;5586,13386,29098,30083,30190,30460
EEMSSS;19958,23080,29060,30518,30666
EEMSST;26723,29657,30676,30677
EEMSSU;12857,26469,29847,30623
EEMSSW;10774,30194,30206
EEMSTU;13282,13396,13406,19807,19927,19962,26721,29318,29662,30172,30220,30227,30644,30665,30675,30679
EEMSZZ;
EENNOZ;29397
EENNPR;26470,29111,29562,30627
EENNPS;7994,12859,13221,13283,13372,13425,26734,29113,30687
EENNRS;23083,26728,28882,30691,30694
EENNRT;5588,12861,13284,13373,13428,13429,26735,30521
EENNST;22610,23087,29113,29117,29861,30692
EENNSU;22669,23088,26738,29571,29861,30234,30691,30693,30694
EENNUV;26479,26740,30522
EENNUY;30522
EENOPR;29111,29118,29864,30525,30706,30707,30708
EENOPS;13436,19907,22811,29841,30526,30527,30687
EENOPT;13287,30243,30525,30688,30707
EENORW;22672,23070,29359,29401,30689
EENORY;10786,23101,29121,30436,30708
EENORZ;13376,29095,30700
EENOSS;19931,19972,21923,23038,25508,26639,26700,26748,26756,26757,29208,29872,30534,30535,30536,30538,30631,30709,30722,30724
EENOSV;23089,23098,23102,26486,26744,29112,29119,29666,30251,30712,30720
EENOTV;22938,26487,30542,30617,30684
EENOTW;23094,26592,29401,30721
EENOVZ;30096
EENPRS;28883,28930,29123,29124,29127,29873,30641,30642,30729
EENPRT;2736,13223,13381,30525,30643,30706,30707,30732
EENPRY;13382,26643,30708
EENPSS;13448,13449,26748,26760,30641,30687,30703,30709,30728,30729,30734
EENPTU;13446,23040,23103,30263,30438,30707,30732,30736
EENQSU;13295,22613,22817,23108,29131,30693
EENQUY;23108
EENRRT;22818,26763,30713,30738,30742
EENRRV;
EENRSS;30641
EENRST;29389
EENRSU;12869,12998,13147,13385,13467,19787,28889,29146,29597,29634,29672,29678,29845,29873,30234,30262,30268,30287,30288,30637,30642,30691,30694,30705
EENRSV;5598,12999,13300,13386,13467,23098,30545,30638,30694,30720
EENRSW;22821,26754,29066,29135,29869,30720
EENRSY;10802,13456,29067,29846
EENRTT;19979,23100,26015,28837,29404,29874,30706,30713
EENRTU;8008,12871,13001,13428,13458,23043,29136,29363,29400,29403,29404,29870,29874,30404,30521,30698,30707,30732,30738
EENRTV;29602,29959,30192,30237,30276
EENRTX;13304,13469,26509,29604,30253,30264,30278,30732
EENRTZ;28997
EENRVV;
EENRVY;13392,22674,22723,23101,29099,29121
EENSSS;5600,8009,12711,12873,13393,13431,13460,19980,22617,23112,26019,26756,28934,29860,30440,30695,30714,30743
EENSST;19721,19972,19981,22618,23113,29100,29128,29148,29657,29679,30646,30709,30734,30737
EENSSU;19980,19981,23107,23112,23113,29847,29875,30295,30441,30646,30733,30737
EENSSV;29116
EENSSW;26594,26647,29129,29149,30440,30469,30546
EENSSY;28935,29149,29677,30298,30550,30734,30747
EENSTT;23114,28891,29117,29402,30434,30647,30692,30710,30725,30735
EENSTU;2740,13396,21241,23113,23114,30646
EENSTV;12877,13474,26771,30647
EENSTW;5601,13006,13397,29611,30241,30301,30303
EENSTY;10810,19974,21935,29122,30437
EENSUV;29146,30287,30694,30726,30741,30748
EENSVW;13153,13475,30720
EENSVY;
EENSWY;30023
EENSYZ;
EENTTX;13469
EENTTY;13450,13470,30291
EENTUX;29002,29615,30732
EENTWY;
EEOOTT;19985,29882,30652
EEOPPS;22953,26780,29770,29884,30305,30442,30702,30758,30759
EEOPRS;13477,22826,22954,23078,23118,29407,29617,29682,29683,29885,30197,30309,30655,30656,30775,30776,30777,30778
EEOPSS;12880,30687
EEOPST;10815,13477,13479,26780,26788,29407,29682,30556,30750,30758,30763,30775,30777
EEOPSX;13314,19790,30649
EEOPSY;26789,29150,30504,30527
EEOPTU;
EEOPTY;29494,30780
EEORRS;28839,29154,29209,29236,29409,29450,29889
EEORRT;13476,19983,26330,26783,26802,29261,29405,29411,29890,30118,30248,30307,30317,30713,30760,30767,30770,30788,30796,30797
EEORRW;13481,13483,25518,26596,26710,26751,26805,29262,29370,29686,29889,30120,30689,30753
EEORRZ;26027
EEORSS;19315,19956,19993,19994,22678,23125,28841,29157,29158,29687,30659,30790,30802,30803
EEORST;19995,19997,21243,22724,23115,23134,29237,29407,29682,29688,30750,30776,30785
EEORSV;29452,29681,29880
EEORSZ;19893,29773,30202,30321,30323,30477
EEORTV;29104,30203,30444,30754,30780
EEORUV;23131,29685,30318,30568
EEORVW;19940,26532,26671,26805,29374,29686,30324,30325,30753
EEOSST;21950,23138,26757,29413,30722,30724,30755,30810
EEOSSY;23007,29158,29895,30431,30783
EEOSTU;12713,13012,19995,23054,26257,26817,26818,29376,29415,29688,30574,30585,30665,30785,30791,30804,30805
EEOSTV;8015,13325,22964,23055,29377,30583,30585
EEOSXY;
EEOSYZ;
EEPPPR;13490,19723,29160
EEPPST;30556,30702,30758
EEPRRS;20003,22619,22835,29124,29164,29453,29690
EEPRRT;22620,23117,26783,28937,29125,29165,30307,30331,30346,30347,30760,30767,30769,30770,30822
EEPRRU;5607,13493,13501,29393,30815,30822
EEPRRY;5608,13329
EEPRSS;19943,30449,30484
EEPRST;29407,29682,30750,30777
EEPRSU;22837,22972,23118,23141,29873,29885,30262,30338,30705,30779
EEPRSV;20003,30559,30655,30731,30765,30777,30819,30821
EEPRSW;10832,26825,30656,30766
EEPRSX;29075,29691,30594
EEPRSZ;30215,30345,30356,30593
EEPRTT;8019,10834,13237,13500,26827,30822
EEPRTU;30263,30357,30732,30822
EEPRTW;26791,29165,30347,30769
EEPRTX;26037,26550,26792,30264,30595,30732,30770
EEPRTY;18805,23120,30780
EEPRUV;13018,13335,13447,19944,30357
EEPSSS;30596
EEPSST;22838,22974,26552,29007,29128,29782,30028,30216,30265,30360,30677,30734
EEPSSU;8023,13448,23107,26821,30141,30586,30598,30733,30814
EEPSSW;29129,30360,30782,30814
EEPSSY;23144,29107,29831,30217,30449,30677,30734,30783,30829
EEPSTT;29170,30710,30758
EEPSTW;30782,30784,30830
EEPSTY;30677
EEPSWY;10839
EEPTTU;26582,26827,30438,30736,30822
EEQRSU;22725,22839,29171,29174,29455,30487,30588,30657
EEQRUU;30815
EEQSTU;
EEQSUU;5610,19959,26039,29131,30693
EEQUXY;
EERRSS;19909,23125,23147,23148,29132,29264,29417,30659,30678,30739
EERRST;29707,30420
EERRSV;
EERRTT;19898,26802,29080,30147,30224,30346,30381,30713,30767,30788,30796,30797
EERRTU;8030,13022,13346,13458,13501,19325,22981,23058,23150,26763,26832,29136,30275,30364,30451,30514,30738,30742
EERRTV;26045,29137,29177,30742
EERRUV;13509,29172,29685,30318,30365,30568,30798
EERRVY;13484,23132,26806,29338
EERSST;29708,30831,30846
EERSSU;29182,29183,30416,30802,30831,30833,30844,30846,30847
EERSSV;19946,19994,20010,22629,26046,29082,29157,29182,29833,30416,30572,30802
EERSSW;2748,13351,13513,19901,23061,23148,26261,29183,30151,30377,30489
EERSSX;13463,29794
EERSTT;
EERSTU;18807,19962,19995,23062,23152,25527,26685,26721,26835,26839,30574,30603,30665,30842,30846
EERSTV;13027,22841
EERSTW;23134,30806
EERSTX;22630,22986,29110,29186
EERSTY;13185,13418,29340,30391,30625,30838
EERSTZ;13507,29187
EERSUV;20010,21958,26767,26840,30287,30416,30694
EERSVV;13487
EERSVW;
EERSVX;22987,29186,30289,30807
EERSVY;13357,13489,26812,26840,29085,29159,30153,30391
EERSZZ;30356
EERTTT;5619,10854,13531,26053,26575,26813,30381,30392,30796,30808
EERTTV;13468,22631,23136,26054,26576,30393
EERTTW;13197,26577
EERTTX;26814,30797
EERTUV;21961,30357
EERTUY;23156,29384,30369
EERTVV;29086,30754
EERTVX;29018,29186,30807
EERTWY;12640,13419
EESSSS;10858,13519,13533,19999,30358,30840,30841
EESSSY;30843
EESSTT;29343,29413,30397,30398
EESSTU;23113,23152,23157,26264,26835,29679,29696,29875,29903,30295,30385,30441,30745,30824,30833,30842,30846,30847
EESSTW;29088,29190,29709,29837,30491,30782
EESTTU;5621,19950,20013,20014,22844,23065,23114,23158,25529,26056,26770,29415,29497,30371,30552
EESTTW;13031,20014,30830
EESTTX;8042,30158,30584
EESTTZ;12903,22990
EESTWY;29800
EETTZZ;30668
EFFFOS;8043,28809,29194,29195,30854,30857
EFFGIN;8044,23159,30852
EFFGIR;29198,30858,30862
EFFGIU;30858,30862
EFFGIY;
EFFGOR;26059,30859
EFFHRU;
EFFIIR;18810,23162,30865,30883
EFFILP;
EFFILR;13547,23162,30853,30858,30868,30887,30892
EFFILS;30864,30869,30889
EFFIMO;
EFFINR;26060
EFFINT;26845
EFFIOS;30854,30898,30902,30905
EFFIRS;2755,8053,13551,13552,23163,23165,30883,30902,30905,30909
EFFKOY;
EFFLMU;19728,30915
EFFLOP;
EFFLRU;23167,30858,30887,30894,30918
EFFLUX;13562,29205
EFFOPU;30903
EFFORS;13554,28813,29195,29209,29210,30857,30878,30902,30905,30926,30927
EFFORT;10871,13566,28814,29204,30925
EFFORX;29210
EFFOST;5628,13542,13555
EFFPRU;
EFFRSU;13543,13564,13569,29211,30909,30931
EFFRTU;13571,19729
EFFSTU;13561,30855,30872,30908
EFFTTU;13571
EFGGOR;30945
EFGILN;23174,23176,26864,26868,30934
EFGINN;30935,30964,30965
EFGINR;20020,30950,30966,30968,30969,30970,31003,31006,31008
EFGINS;26877,30956,30962,30993
EFGINT;26878,30964,31007,31008
EFGINU;13574,13597,30861,31002
EFGINY;13595,30969,31002,31003,31008
EFGIOS;13590,23179,26881,30937,30940,30951,30994,31009,31012
EFGIRS;12648,13584,29222,30941,31012
EFGIRT;30942,31006,31007,31008
EFGIRU;30995
EFGISU;13604,26877,26882,30943,30961,30992
EFGLLU;30972,30977,30978
EFGLNU;13609,23180,26074,29227,29229
EFGLOR;13615,13616,13617,30973,30979,30981
EFGLOS;13590,13618,13619,30937
EFGLSU;8063,12651,13620,13622,29199,30961,30992,31018,31019
EFGMNO;
EFGNOS;31020
EFGOOR;13615,13632
EFGORR;30939,31011
EFGORS;26881,29238,31012
EFGORT;
EFGORW;13617,31000
EFGOSY;29238,30951,30994
EFGRSU;30863,31018
EFGSUU;31018,31021
EFHILS;5634,10889,13646,13650,19732,20023,29240,30864,30869,30947,30948,31028,31030,31041,31042,31043,31044
EFHIRS;13639,13650,13653,20025,23184,30949,31044,31050,31053,31056
EFHISS;13651,22642,29247,29248,31035,31039,31048,31059,31060
EFHIST;29247,29249,30872,30873,31039,31059
EFHLSS;23194
EFHLSY;23194,31073
EFHMUY;
EFHNOS;20024,31063,31077,31078
EFHOOR;23193,26898,26900,30877,31049
EFHORT;13665,30955,31054
EFHRRU;
EFHSTT;13668,23190,29249,31076,31083
EFHSTW;23192,30873,31076
EFIIKR;29269,31094,31095,31096
EFIINT;13673,22653,26085,26845,26928,26929,26930,30958,30964,31087,31093,31097,31104,31118
EFIIRS;20026,23203,30880,30883,31094,31096,31099,31109,31130,31131,31134,31138,31145
EFIISW;19735,26927,30866
EFIIVX;13690
EFIKLO;13696,30886,31040,31154,31156,31157,31158,31162
EFIKNR;29285,31095
EFIKNS;31160,31169,31172
EFIKRS;12665,13639,23208,29269,29286,31094,31163,31166
EFIKRY;13699,23209
EFILLR;5642,13642,13707,29239,29292,29293,31182,31183,31187
EFILLS;30976,31042,31180
EFILLT;5643,13643,13705,13706,19736,26089,29283,29290,29292,31029,31097,31157,31189
EFILLY;8081,20027,22655,31042,31186,31187,31188,31189
EFILMR;20028,23212,26091,29295,30979,31159
EFILMT;12668,13645,13713,29271,29290,29298
EFILNO;13716,13717,23198,23213,25537,26912,26943,26944,30975,30981,31198,31199
EFILNS;20030,23183,23214,23215,26913,26945,31030,31160,31180,31191,31204
EFILNT;31093,31097,31103,31104,31197,31202
EFILNY;13546,26947,31104,31203,31205
EFILOO;13724,31040,31161,31162,31198
EFILOS;8083,13590,13691,13725,13728,29296,29302,30937,31043,31152,31153,31192,31209,31211,31215,31219
EFILOU;23216,26944,26950,26952,31105,31199,31212,31216
EFILPP;13649
EFILPR;13730,26954,30990,31224
EFILRR;18473,26956,31228
EFILRS;5645,8085,13650,13725,13734,13735,13736,18474,19336,23184,23208,23217,25538,26945,30982,31044,31094,31109,31152,31163,31166,31214,31233,31234
EFILRT;13719,23185
EFILRU;29308,30853,30894,30896,30897,31044,31109,31187,31199,31212,31227
EFILRY;8086,13699,22657,23209,26947,26957,30984,31187,31203
EFILSS;20035
EFILST;20031,23200,23210,23214,30986,31111,31153,31165,31222
EFILSU;13734,23215,23217,29287,29308,30897,30961,31044,31109,31160,31166,31179,31191,31196,31204,31223,31227
EFILSX;13747,31204
EFILTU;13749,26952,26955,31189,31197
EFILWY;31046,31205
EFILZZ;
EFIMOT;13754,29315,31247
EFIMRR;26964,31242,31246,31247,31248,31252
EFIMRS;31241,31243,31244
EFIMRT;13754,31247
EFIMRU;23212,26964,30995,31252,31253
EFIMST;13752,29314,30993,31245
EFINNR;5650,13714
EFINNU;2776,21979,31197
EFINPR;31095
EFINRS;20036,23221,31034,31115,31131,31243,31244
EFINRY;13595,29324,30969,30984,31003,31008,31131,31203,31263
EFINST;19740,29320,29330,30986,30993,31172,31245,31257,31266
EFINSU;5651,8095,20030,23189,23215,30861,30898,31160,31172,31191,31200
EFINZZ;
EFIOOR;13724,31049,31161,31198
EFIOOT;31162
EFIORS;10923,13725,13763,23163,23203,23221,23225,26105,26851,26881,26976,29243,29302,29332,30902,30905,31012,31050,31053,31152,31163,31170,31211,31243,31254,31258,31262,31277,31281
EFIORW;26967,30906,31000,31164,31183,31287
EFIORX;29332
EFIORZ;31283,31284
EFIOST;13728,20031,23179,30940,31125,31153,31165,31219,31220,31266
EFIOSX;23223,29332,30905,31264
EFIPRS;13551,23225,30883,30902,31037,31050,31055,31056,31138,31271,31277,31289,31295
EFIPRX;13730,26108,29334,31295
EFIQSU;13777,26853,30909
EFIRRS;2780,13686,13766,13778,13780,26979,30941,31013,31141,31277,31280,31281,31289,31300
EFIRRZ;13768,31284
EFIRSS;30899,31120,31175,31193,31244
EFIRST;
EFIRSU;13689,13734,13777,23165,23217,26854,26976,29308,30897,30909,31044,31056,31109,31138,31166,31241
EFIRSV;13735,29245,29282,31012,31053,31233
EFIRSX;13552,13771,30905
EFIRSZ;13736
EFIRTT;20039,29341,31006,31054,31296
EFIRTY;26970,29246,29340,31008,31263
EFIRUX;
EFIRVY;26957,29338,31147
EFIRZZ;
EFISST;20041,26937,26982,29247,29343,30885,30912,31039,31059,31148,31149,31310,31311,31312
EFISTT;23190,26112,29249,29330,29343,30907,30912,31132,31148,31150,31245,31251,31266,31275,31311,31312
EFISTY;23206,29312,29340,31111,31140,31188,31232
EFISWY;13748
EFISZZ;31151,31314
EFKLSS;13788,13791,22664,30888,31322,31324
EFKLSU;29287,31160,31166,31168,31319,31320
EFKLUY;
EFKNRU;26984
EFKORR;13793,13800,31328
EFKRSU;26113,31166
EFLLOS;23230,23235,31336
EFLLOT;29348,31157,31335
EFLLOW;5658,10931,13812,26116,26986,31329,31330,31334,31335,31338,31340
EFLLRU;5659,13817,13818
EFLMNY;
EFLMSU;13654,13829,29353,29355,31179,31191,31196,31351
EFLMSY;13712,13826,31196
EFLNNU;13807,26118,31197
EFLNOS;13836,13838,13839,31063,31316
EFLNOT;8109,13655,13717,13822,13831,13835,23213
EFLNOY;13832,31064,31359
EFLNPU;
EFLNSU;20030,22666,23215,26120,29353,29362,31160,31191,31204,31319,31363
EFLNTU;10940,13558,13843,31197,31333
EFLOOT;29368,31015,31162,31317,31335
EFLOOY;31015
EFLOOZ;
EFLORR;13855,29370,31347,31377
EFLORS;31063,31069,31152,31163,31211,31318,31374,31383
EFLORT;29204,29348,29372
EFLORU;13823,19745,20046,23167,29354,31212,31323,31371,31375,31376,31377
EFLORW;13617,13812,13824,19746,20046,26123,29370,29374,31164,31183,31323,31334,31338,31372,31375
EFLORX;31376
EFLOST;20031,23232,26124,29377,31067,31153,31165,31192,31219,31350
EFLOSU;23235,29378,31068,31072,31073,31321,31384
EFLOSX;29378,31066,31384
EFLOSY;13826,13859,26125,31069,31073,31359,31382,31383
EFLOUW;20046,27001,27002,31323,31338,31340,31375
EFLPPU;
EFLPRU;30894,30990,31224,31375,31376
EFLPSY;13868,23233,31388
EFLRRU;13840,31212,31377
EFLRSU;18478,20045,23217,25543,27007,31018,31109,31166,31319
EFLRSY;31232,31382,31383,31388,31392
EFLRTU;
EFLRUU;8113,23237,30918,31018,31341,31346,31387,31391
EFLRUX;13818,31376
EFLRUY;29384,31343,31377,31382,31392,31393
EFLSSU;13876,13877,20035,23169,26959,29355,29385,29386,31019,31238,31324
EFLSTU;20017,20047,23195,31019,31075
EFLSTY;13821,20044,29312,31111,31188,31232,31359,31392
EFLSUU;13846,13869,20047,27007,31018,31072,31342,31363,31384,31387,31391
EFLSUX;13562,29205,29378,29383,31204,31384
EFLTUY;29384,31189,31333,31392,31393
EFLUZZ;
EFMNOR;27008,31395,31396
EFMNOT;13822,26130,29387,31395,31396
EFMNRU;27008,31346
EFMORR;26131,29206,29258,29390,31242,31246,31247,31248,31347
EFMORS;23240,31249,31318,31348,31349,31398,31399,31401
EFMRRU;26964,29393,31252
EFMRSU;2791,5666,13564,20045,29394,30916,31241,31253,31349,31351,31399
EFMSTU;29395,31402
EFMTUY;
EFNNRU;
EFNORR;19747,20049,22670,29398,31123,31242
EFNORS;13763,13794,13836,13893,13898,20036,26860,26991,27016,27021,27023,28833,29396,31063,31170,31254,31258,31262,31354,31405,31410,31414,31415
EFNORZ;31356
EFNOST;29402,31125,31266
EFNOSY;13895,20050,31359
EFNRTU;13843,19748,27029,29363,29403,29404,31007,31270
EFNRYZ;31203,31356
EFNSTU;13904,13905,21990,23245,26971,31172
EFOORR;26139,27032,29405,31409
EFOORT;5667,8121,13632,19749,23247,29405,30925
EFOORW;26142,26900,27032,31334,31372
EFOPRT;13852,13894,13907,22676
EFORRU;26975,27037,31212,31283,31377,31436,31441
EFORRV;31011,31213
EFORST;8124,13887,13916,13918,23249,29391,29408,31439
EFORSU;13898,26976,27023,29412,31262,31399,31405
EFORSY;23240,29238,31069,31382,31383,31426,31439
EFORTU;13803,23247,31441
EFORTW;22679,30906,31328
EFORWW;
EFOSSS;23252,31135,31418,31442
EFOSTT;13863,13919,29392,29402,29415,30907,31219,31251,31266,31275,31350,31358,31379,31402,31416,31428,31430
EFOSTU;23245,29414,29415,31402,31433
EFRRSU;8129
EFRRSY;13912,31439
EFRRTU;8130,31441
EFRRUU;27028
EFRSSU;8131,31420
EFRSSW;13924,30930,31306
EFRSUZ;31309
EFRTTU;29404,31441
EFRTTY;13875,31296,31393
EFRTUU;27029
EFRTUX;
EFSSSU;23252,29385,30933,31310
EFSTTU;13879,13919,29395,29415,31239,31313,31362,31402
EFSTTY;
EFSTUZ;31309,31314
EFSUZZ;31314
EGGGIL;
EGGGIN;13929,31445
EGGGLO;
EGGGLU;
EGGGNO;31452
EGGHIL;
EGGHOR;13938,29422,31463
EGGHOT;
EGGHRU;13938,31463,31465
EGGHSY;
EGGIIL;31444,31466,31471
EGGIIN;13940,20053,20054,27046,30935,31455,31456,31472,31473,31476,31477
EGGIIP;
EGGIJL;31466
EGGIJR;26151,29425
EGGILM;13945,31485
EGGILN;
EGGILO;13952,23255,30937,31481,31487,31496,31497
EGGILR;8135,13573,13944,20056,31466,31499
EGGILS;30937,31496
EGGILT;13949,13952,29430,31488
EGGILU;20056,31499
EGGILW;
EGGIMN;13945,19750,31485
EGGIMO;
EGGINR;25546,31509
EGGINS;20052,29439,29440,31445,31449,31483,31516,31517
EGGIPU;
EGGIRR;26153,29425,31450,31500,31509
EGGIRT;29438,30942
EGGIRW;
EGGISU;10974,13958,13974,27060,29440,30943,31461,31462,31505,31515,31517,31528,31530
EGGJLO;
EGGJLU;
EGGJOR;
EGGKSS;29445
EGGLLY;31484
EGGLMU;31485
EGGLNO;23261,31481,31487
EGGLOO;23255,29447
EGGLOR;13982,29422,29447,31463,31541
EGGLOT;13952
EGGLOW;13983
EGGLPU;
EGGLRU;20056,31463,31491,31499,31541
EGGLTU;
EGGMRU;
EGGNRU;19751,27068
EGGNSU;19752,29440,31515
EGGNTU;10982,26158
EGGOPR;2808,13969,13999
EGGOPS;2809,10984,12730,31556
EGGORR;13990,30939,30945,31450,31454,31509
EGGORS;29452
EGGORT;13991
EGGORU;13938,13999,27068,31463,31510,31541
EGGOSU;27069
EGGPRY;
EGGRRU;
EGGRSU;29454,29455,31522
EGGRTU;30942,31465
EGHHIR;19344,26163,31563
EGHHIT;23264,29456,31561
EGHHSU;14003,26165
EGHHUW;26166,31564
EGHIIN;23265,27074,31455,31456
EGHIKS;31457,31566
EGHIKT;20064,23267,27075,29458
EGHILN;31589,31600
EGHILS;14006,14012,14013,26167,29462,30947,31566,31567,31588
EGHINO;5687,20066,20067,20068,31584,31590,31591,31610,31616,31620,31621,31626
EGHINR;20066,23274,23275,23279,31610,31621
EGHINS;10993,13580,14029,14030,25550,27042,27074,27080,29464,29471,31459,31562,31577,31617,31619
EGHINT;31626,31629,31639
EGHINW;14018,29461,29463,29467,29473,31456,31586,31594,31600,31638,31639
EGHINX;14011,31612
EGHINY;23265,23282,31616,31625
EGHIOT;20067,31590,31626
EGHIRS;27043,29462,29476,31458
EGHIST;14020,29457,29478,31462,31614,31615,31654,31656,31657
EGHISW;29476,31457
EGHITW;23281,29477,31636,31638,31639,31648
EGHITY;31561
EGHLMP;31661
EGHLNT;29481
EGHLOS;27089,27094,31602,31660,31662
EGHLPU;26172,27092,31659,31670
EGHLSY;2814
EGHLUY;8150,31664
EGHMMO;
EGHNOR;14057,20066,23274,27098,27099,31610,31620,31621
EGHNOS;14037,14047,14058,29482,29489
EGHNOU;20073,31658
EGHNRU;23279,26173,29487,31631,31664
EGHNST;29491,31682,31684
EGHOPR;14063,26174,31670,31671
EGHOTT;26178,29495
EGHRSU;5695,8162,14042,20079,23291,23292,31687,31689
EGHSSU;14053,14068,29493,31461,31654,31676,31691
EGHSTU;8164,20077,23286,23288,23292,29424,29497,31462,31646,31654,31657,31682,31689,31690
EGIIJL;31466,31693
EGIIKN;27108,31694,31696,31697,31698,31700,31701,31702
EGIILL;14072,19754,20018,20081,20082,31468,31695,31703
EGIILR;14075,29213,30960,31444,31466,31471,31724,31725
EGIIMM;31704,31726,31727
EGIIMN;20086,20088,20089,27110,27121,29500,30962,31700,31704,31726,31727,31729
EGIINN;14076,14084,23300,30935,30964,30965,31455,31472,31475,31476,31696,31706,31709,31710,31750,31752
EGIINP;31713,31756,31757
EGIINR;8166,12747,23304,30967,30968,30969,31753,31754,31755,31757,31764
EGIINT;20094,23300,30964,31750,31759
EGIJLN;
EGIJNW;29505
EGIJRS;14004,29507,31787,31789
EGIKLN;21254,23176,23266,27143,31696,31800,31801,31802
EGIKLR;29511,30973
EGIKLS;31566,31803
EGIKNR;31799,31811,31819,31822
EGIKNU;27143,27146,31801,31824
EGIKNW;14097,14101,14103,23320,31822
EGIKNY;
EGIKRS;14099,14105,20097,29519,31787,31811,31814,31819,31820,31821
EGILLN;27148,29509,29522,31800,31801,31802,31832,31838
EGILLR;19757
EGILLT;
EGILLU;20099,20101,29510,30972,30977,30978,31801,31832,31837,31838
EGILMN;19758,23324,28853,31846
EGILMP;14125,26183,31849,31859
EGILMS;31844
EGILMT;14007,14133,26184
EGILNN;20106,29512,31589,31696,31706,31707,31709,31710,31711,31800,31827,31846,31847,31863,31864
EGILNO;14141,23324,23326,29524,30981,31481,31487,31591,31706,31712,31846,31867,31868,31873
EGILNP;18480,31849
EGILNR;25556,27161,31867,31868,31880,31886
EGILNS;23333
EGILNT;31488
EGILNU;29529,31589,31600,31710,31790,31801,31832,31838,31867,31880,31886
EGILNZ;14162,20117
EGILOO;21256,23255,23326,27167,27168,31839,31854,31899,31900,31902
EGILOP;14165,23297,29537,31899,31903
EGILOR;14141,29524,30973,30981,31601,31712,31867,31868,31899,31900,31903,31904,31906,31907
EGILOS;23298,30937
EGILOU;23313,29537,29540,31867
EGILPR;12763,14113,31603,31858,31899
EGILPT;14165
EGILPY;
EGILRS;31844,31858,31911,31919
EGILRT;12765,14179,22695,28857,29545,31724,31725,31906
EGILRU;14015,14115,14179,23330,29529,29547,31491,31724,31790,31851,31867,31887
EGILRV;8181,14116,14151,14181,27170,31717,31906
EGILSS;26196,28858,29541,31486,31860
EGILST;25562
EGILSU;19765,22001,27173,27179,29542,30961
EGILTU;31724
EGILTW;31699
EGIMMR;
EGIMMS;14185,29551,31843,31924
EGIMNN;31847
EGIMNP;27184,31849
EGIMNR;
EGIMNS;20086,30962,31731,31736
EGIMNT;
EGIMNV;14197
EGIMNW;14018,29463,29549,31727
EGIMNY;5714,20089,23337,23339,29557,31792,31936,31941,31944
EGIMOS;20128,25564,30994
EGIMPU;14204,31613,31849,31859,31938,31949
EGIMPY;31941
EGIMRS;27189,31741,31858,31950
EGIMST;29551,29561,31505,31614,31615,31740,31741,31925,31926
EGINNP;
EGINNR;
EGINNS;18485,31793,31812,31959,31961
EGINNU;31489,31502,31710,31728,31750,31847,31864,31930,31957
EGINNW;23273,31476,31751,31752
EGINOO;22697,23259,23326,23346,23348,23349
EGINOP;14226,23346,23351,31993
EGINOR;20066,20107,20137,29524,31510,31712,31817,31867,31868,32006
EGINOS;31483,32007
EGINOT;14217,14226,20067,23358,29583,31623,31813,31952,31985,31989
EGINOW;20110,20137,23355,31000,31868,31872,31987,32002,32005
EGINPP;
EGINPR;31757
EGINPS;21260,23318,23362,27196,30997,31449,31810,31939,32022
EGINPU;11056,23328,27184,27221,31002,31849
EGINPY;14241,23351,31002,31941,31993
EGINRR;28864,29218,29526,29584,29594,31003,31512,31880,31881,32013,32029
EGINRS;31787
EGINRT;23319,31799,31822
EGINRU;20142,23279,23330,23364,29529,29591,31631,31790,31795,31867,31880,31886,31887,32023
EGINRW;29568,29603,31000,31822,31868,31987,32002,32005
EGINRZ;19773,28867,29221
EGINSS;31562,31622,31984
EGINST;22703,23358,23362,29439,29583,29589,31985,31989,32011
EGINSU;29440,29606,30861,31515,32025
EGINSV;12782,14029,14156,14197,14266,14267,27164,27203,29533,29572,31598,31894,31982
EGINSW;2845,14266,18486
EGINSX;23309,23370,26214,31981,31991
EGINSY;23333,29471,31495,31836,31895
EGINTU;29615,31629,31639,31750,31759,32008
EGINTW;5728,14103,14252,20094,23281,31636,31639,31822,32002
EGINTY;14241,14264,31797,31941
EGINVX;31897
EGINVY;14267,20144,23282
EGINWX;11066,14256,30989
EGINXY;22705,23361,31897,31993
EGINZZ;20117,26215
EGIOOR;31839,31854,31900,32048
EGIOOS;14199
EGIOPR;13969,14268,31903
EGIOPS;27237,27238,29618,32047
EGIORR;13598,14268,30939,31450,31900,31904,32054
EGIORS;14269,14270,26881,31012,32058,32063
EGIORT;31907,32054
EGIORV;14270,27170,29621,31563
EGIOST;18487,19357,20058,23179,23312,23358,25572,27056,27238,30940,31989
EGIOSV;14270,31012,32063
EGIOTY;31902,31907,32061
EGIPPR;
EGIPPY;
EGIPRR;27235,29584,31949,32013
EGIPRS;27057,28868,29624,31522,31781,31782,31858,31950,32069
EGIPRY;14279,32052
EGIRRS;2849,12790,14035,14208,14282,14284,29222,31721,31841
EGIRRV;14244
EGIRSS;31526,31945,32050
EGIRST;26221,27138,29561,29624,29627,31741,31781,31925,32075
EGIRSU;12792,13974,14281,14289,14290,31522,31950,32051,32063,32069
EGIRSV;31012,31918,32063
EGIRSY;14290,32052,32061,32073
EGIRSZ;22708,32062
EGIRTV;29545
EGIRTY;14279,14285,28870,32061,32073
EGIRUZ;29547
EGISST;29478,29629,31654,31655,31783,32077
EGISSU;29606,31461,31515,31519,31523,31654,31890,32077,32078
EGISTU;20059,23286,23321,30943,31462,31505,31524,31530,31646,31654,31657,31926,32066
EGISZZ;
EGJLNU;31790,32081,32082
EGJLTU;14297,32082
EGKLSU;5732,14301,31803
EGKMSU;18817
EGKNOY;31817
EGKNRS;20097,29519,29633,29634,31582,31787,31806,31811,31814,31819,31820,31821
EGKRSY;14303,31821
EGLLOR;20146,22709,23376,26229,32085,32087
EGLLOS;8224,14308,14319,14320,20147,22710,27089,27252,31660
EGLLRU;14115,26230,29635
EGLLTU;20148,29226,31837
EGLLUY;26231
EGLMOS;11087,12806,14330,14331,14332,20149,28875,29639,29640,32093,32095,32097,32099,32100
EGLMSU;14332,14335,14336,20151,20152,31853,31856,32092
EGLNNU;14138,14341,29641,31489,31589,31710,31847,31864,32103
EGLNOP;14342,29637,29642,31661,32105,32106,32109
EGLNOR;14141,14295,14338,14343,20107,30981,31712,31868,32101,32105,32107
EGLNOS;23373,23378,29645,32093,32102,32112
EGLNOU;2870,20073,20153,31658,32082
EGLNPU;23328,31849
EGLNRU;23330,29529,30983,31491,31664,31790,31851,31880,31886,31887
EGLNST;
EGLNSU;23287
EGLNTU;29638,29641,32082,32103
EGLNTY;23379,29646,31885,32103,32120
EGLNUU;32111
EGLOOY;14365,27168,27254,27260,31015,31666,31669,31902,32088,32121,32123
EGLOPR;31670,31671,31899,31903,32087,32098,32105,32122,32128
EGLOPS;14330,32089,32129
EGLORS;18489,23374,29639
EGLORU;14373,31463,31541,31670,32098,32122,32128
EGLORV;26238,27170,29650,29651,31906,32107
EGLORW;5743,13617,14375,31868,32085
EGLOSS;23382,23383,32090,32102,32113
EGLOST;31017,31668,32127,32129
EGLOSV;
EGLOSY;14379,26240,32135
EGLOSZ;14366,27172,29645
EGLOUV;
EGLOUY;14379,31541,32135
EGLPRU;31670,32098,32122,32128
EGLRSU;14042,14336,14384,27266,32140
EGLRTU;31724,32128
EGLRUY;14356,14387,27065,31533,31541,31664,31887,32120
EGLRYY;23377
EGLSSU;23382,31543,32091,32133,32137,32142
EGLSTU;13622,14391,23288,32092,32129
EGLSUY;14379,14392,31895
EGLTTU;12839,14361
EGLUZZ;
EGMMRU;
EGMMRY;31845
EGMNNU;31502,31728,31847,31930
EGMNOO;14398,20160,23384,31672,31931,32143,32147,32150
EGMNOR;26245,32143
EGMNOS;
EGMNOU;
EGMNOY;8231,11109,14048,14326,14404,22714,23337,29483,31672,32094,32147
EGMNRU;14302,14406,26246,28879,32154
EGMNSU;11111,32096,32154,32155
EGMNTU;27249,31545
EGMNUU;27267
EGMOOS;14199,14410,20149,32097,32156
EGMORS;29639,29660,32097,32099,32156
EGMORT;5751,13991,14051,28880,29486,29661
EGMORU;32098
EGMOST;14412
EGMOSU;14332,19782,31856
EGMRSU;19783,20151,29662,31943,31950,32154
EGMRTU;2908,14406
EGNNNU;20131,27190,31955,31957
EGNNOO;32101,32147,32158
EGNNOS;26248,29665,29666,31793,31961,31962,32102,32159
EGNNOU;32161
EGNNRU;27271
EGNNYY;
EGNOOR;20161,27066,29668,32101,32105,32107,32143,32165,32167
EGNOOT;14398,23387,27255,31677,31679,32158
EGNOOY;20160,23348,23387,31672,31679,32147,32158
EGNOPS;14429
EGNOPU;11122,26250,27277,31990,32169
EGNOPW;31987
EGNORS;32173
EGNORT;20163,22719,27098,27280
EGNORV;13994,14057,14401,14437,22720,26251,29668,31681,32107,32167
EGNORY;27099,27282,31817
EGNOSS;5755,11124,14230,23357,23392,25581,27275,29582,29665,31020,31622,31678,31869,31984,32102,32112
EGNOTT;14434,32161,32176
EGNOTU;14435,14439,32000,32008,32082,32161
EGNOXY;14404,23361,29667,31993
EGNPRU;14440,26252,27283,29675,32169
EGNPSU;
EGNPUX;
EGNRTU;20163,23394
EGNRTY;23394,32120
EGNRUY;14356,20142,26254,31664,31887,31944,32023,32120
EGNSTU;5758,11132,14425,14455,32163,32164
EGNSUU;20165,31021,31683,32025,32164,32182
EGNUVY;
EGOOPR;19789,27259,27268,32087,32105,32122,32165,32184
EGOOPS;32047
EGOOPY;27260,32088,32106,32123
EGOORV;29668,31983,32107
EGOOSS;23395,27275,31023,31667,31678,32124
EGOOST;13633,14456,20155,31668,32187
EGOOSY;14458
EGOPPT;
EGOPRR;11136,14268,14428,27235
EGOPRS;29682,29683
EGOPRY;8244,14368,31671,32052
EGOPSU;14461,14465,29618,29683,31642,31990,32051,32129,32190,32191
EGOPSY;5760,31992,32052,32089,32171,32191
EGORRS;14430,32156,32185
EGORRU;27278,29685
EGORRW;14413,29686,31688,32186
EGORSS;23395,31945,32050
EGORST;22724,29682,29688,31689,32127,32187,32188
EGORSU;29631,29683,29688,31644,31689,32051,32059,32188
EGORSV;12882,14270,14475,29452,31012
EGORSY;14475,29238,32052,32061,32135
EGORSZ;32062
EGORTV;14374
EGORUV;29685,31681
EGOSSS;
EGOSTU;29688,31026,31646,31689,31910,32059,32066,32129,32157,32195
EGOSTY;32061,32180
EGOSUV;32066
EGOSYZ;32153
EGOTTU;32161
EGOTYZ;29674
EGOUVY;14478
EGPPRY;
EGPRRU;11146,31949,32013
EGPRSU;31522,31950,32051
EGPRSY;32052,32138,32171
EGPRUW;
EGPSSU;27265,31523,31691,32091,32191
EGPSTU;27244,31524,31912,32129
EGQSSU;27245
EGRRSU;25585,27290,32183
EGRSSU;27266,27270,31543,32118,32154
EGRSTU;5766,8252,14473,14486,14499,23292,30863,31026,31689,32146,32157,32188,32195
EGRSYY;
EGRTTU;14071,14476,26263
EGRTUZ;
EGSSTU;5767,8253,14487,14500,29679,31654,32077
EGSSUY;32078,32191
EHHIIS;31560,32201,32202
EHHIKS;
EHHIRT;12905,26265
EHHISS;14506,14509,31027,31562,32214
EHHIST;27292,29697,32202,32206,32211,32214
EHHKST;20168
EHHNPY;23399,26266
EHHRST;26268,29703,29707,29708,32222,32224
EHHRSU;8267,21265,26269,29706,32222
EHHSSU;32214
EHHSTY;
EHIIMS;8274,21267,23181,23424,23427,27303,27304,27307,27308,31033,32234,32247,32250,32251
EHIINN;14526,23419,31455,31572,32246,32255,32256,32258
EHIIPP;31570
EHIIRS;23434,31560,32201,32241,32242,32251,32270,32274
EHIIST;14519,14523,22730,23414,23427,23428,23437,27307,27312,27317,29457,31032,31576,31581,32202,32225,32230,32232,32243,32250,32269,32271,32283
EHIKKS;32286
EHIKMV;
EHIKNO;32291
EHIKNU;
EHIKOR;32291,32299,32307
EHIKPR;
EHIKRS;
EHIKSS;20174,23447,23452,32229,32231,32312,32313
EHIKST;20173,32225,32230,32297,32298,32303,32305,32311
EHILLR;5771,13642
EHILMU;14546,23459,29725,32290,32335
EHILNS;26274,27301,29724,29729,31030,32236,32292,32330,32343,32344,32347,32348
EHILOO;25588,27320,31040,32285,32293,32337,32349
EHILOR;20182,20183,21276,22032,23463,23470,23471,23472,27330,29726,29731,31587,31601,32205,32291,32340,32341,32351,32352,32356,32357,32358
EHILOS;14543,14555,22033,23464,23470,27326,27336,29717,29730,31043,31602,32234,32292,32294,32330,32338,32344,32351,32357
EHILOT;14544,14556,14558,23421,23471,29731,31601,32289,32295,32358
EHILPR;20185,32205
EHILRS;20183,23184,23440,23470,31458,31595,32236,32242,32368
EHILRT;29731,31031,32340,32358,32377
EHILSS;29738,32229,32327,32384
EHILST;27344,32232,32297,32328,32347,32367
EHILSV;11181,14566,14570,22742,26277,27302,29738,31598,32329,32344
EHILSW;22743,28898,30869,31599,32233,32242,32327,32333,32348,32365,32368,32380
EHILTV;
EHIMMS;32245
EHIMNR;23488,29712,29743,31610,32391,32392,32400
EHIMNS;23492,29724,29744,32249,32298,32402
EHIMNT;23489,29743,32204,32392,32394,32396,32398
EHIMNU;14575,14580,14581,29725,31612,32387
EHIMOR;29726,31587,31610,32331,32391
EHIMOS;5777,14543,20190,20192,20193,32234,32403,32406
EHIMRS;32251,32414,32416
EHIMRT;14537,14583,20194,26281,29743,29747,31571,32428
EHIMRU;2957,14546,20194,29750,32410,32428
EHIMST;20179,29748,31614,31615,32250,32298,32336,32398
EHIMSU;20192,29242,31033
EHIMTU;14580,14590,20194,32410,32419,32428
EHINNN;
EHINNS;8317,20195,23505,31609,31618,31619,32284,32436,32441
EHINOR;14596,20066,31610,31620,31621,32291,32340,32341,32392,32434,32450,32451
EHINOT;14596,14597,20067,29760,31047,31620,31626,32207,32255,32392,32396,32434,32435,32444,32447,32450
EHINPP;14598,32443,32454
EHINPX;14601,29763,32458
EHINRS;32437,32456
EHINRT;32340,32392,32444,32447
EHINRW;14611
EHINSS;19794,28900,29744,29769,31459,31562,31611,31622,32393,32462
EHINST;27312,32230,32298,32305,32347,32398,32402,32441
EHINSW;20197,27363,32348,32446,32462
EHINSZ;14030,14615,32263
EHINTW;26287,31638,32435
EHINTY;23516
EHINTZ;14527,14554,31626
EHINUV;
EHINWY;32348
EHIOPR;8328,14620,14621,20198,23531,23532,27367,32205,32352
EHIOPT;14622,27367,32207,32444,32477
EHIORS;14555,20183,31053
EHIORT;14556,14596,29731,29760,29774,32340,32352,32358,32434,32444,32487
EHIOSS;20174,22760,23447,23498,23546,25593,27349,27373,27374,31622,31640,32300,32393,32403,32488
EHIOST;29775
EHIOTT;11199,14597,14622,32396,32477,32494
EHIPPR;32454
EHIPRS;26291,27351,28902,29746,29761,29778,31037,31627,32270,32397,32414
EHIPSS;23552,27313,27376,29782,32268,32413,32497,32505
EHIPSZ;14635
EHIRRS;20201,31630,31650,32273,32274,32322,32368,32414,32510,32512
EHIRSS;20203,20204,20205,21290,23503,23554,25594,32388,32422,32423,32515,32516
EHIRST;
EHIRSV;31053,32270
EHIRSW;25595,26297,29476,29789,30871,32242,32251,32274,32368,32519
EHIRSX;28905,29794
EHIRTT;2962,14633,29767,29781,32377,32513
EHIRTV;22775,29796
EHIRTW;23559,32487
EHIRTZ;14652,28906,29774,32487
EHISSS;14588,14653,14655,29797
EHISST;20203,23452,23552,23554,23562,31058,31652,31655,32211,32312,32500,32517,32522,32524
EHISSV;22776,29738,29769,32524,32525
EHISSW;14567,14634,14658,23546,23562,23563,29798,31060,32231,32253,32312,32313,32327,32365,32383,32431,32462,32491,32523,32525
EHISTT;31615,31637,31656,32283,32432,32441
EHISTU;5785,23191,23286,23403,23553,27375,30872,31462,31646,31657,32297,32305,32328,32367,32385,32453,32506
EHISTW;14658,29798,30873,32412,32491,32498,32522,32523
EHISZZ;
EHITTW;22052,27088,31638,32477,32494
EHITWY;23559
EHJOPS;
EHJORS;5787
EHJOSS;
EHKLPT;23439,32227
EHKLSW;
EHKLWY;29719
EHKMSS;21293,32533,32536
EHKNOR;5789
EHKNOY;
EHKNRU;26303
EHKNUY;23573
EHKOOR;32532
EHKOOY;
EHKORS;11218,26304,32307,32534
EHKORW;11219,21297,32532
EHKORY;
EHKRSU;5792,12948,32534
EHKSTY;32530,32531
EHLLOR;8371,14680,26305,29807,32548
EHLLOS;20211,23566,23579,23582,27089
EHLLRU;
EHLLSS;8373,12949,14681,14682,14683,20212,28909,29805,29806,29808,29810,29811,32318,32326,32327,32545
EHLLSY;11227,32329
EHLMMU;5795
EHLMNU;14687,23585,26308,29725,32553,32554
EHLMOP;14676,31661,32315,32544
EHLMOS;12952,14543,14685,14688,14689,20213,23567,23579,23586,27326,27395,29816,29817,32234,32330,32332,32549,32551,32552
EHLMOY;11229,27394,29817,29818,32316,32544,32558,32559,32560
EHLMSW;14547,14691,20213,26309,29813,32333,32549,32550
EHLMTY;14677,20180,23461,27329,32559,32560
EHLNOP;29820,31661,32562
EHLNPY;14698,20181,23465,27333
EHLOOS;20217,31066,32215,32528,32529,32573
EHLOOY;20216,31666,31669,32574,32575
EHLOPP;28916
EHLORT;29731,31601,32352,32571,32578,32586
EHLORW;14680,32548,32556
EHLOSS;22796,29808,29816,29822,32564,32580
EHLOST;20217,29809,29823,31067,31668,32215,32528,32551,32557,32573
EHLOSU;12964,14689,22059,23570,23600,23603,26313,26896,27094,27395,27407,31068,31072,31073,31602,32357,32563,32585
EHLOSV;26314,29825,32344,32585
EHLOSW;14661,22797,27404,32549
EHLOSY;14709,23582,28918,29801,29817,31069,31073,32294,32552
EHLOTW;
EHLPPS;26315,29828
EHLPSS;27406,32572,32579,32580
EHLPSW;14691,28920,32333,32365
EHLRRU;14719
EHLRSU;32585
EHLRTU;8400,14043,14719
EHLRUY;21305,31664
EHLSSU;14701,21306,32545
EHLSTT;31076
EHLSTU;13663,14718,21307,23195,23288,23603,23609,32297,32328,32367,32531,32546
EHLSTY;8404,14569,14702,14726,23480,23595,23609,27344,29835,32347,32375,32531,32570
EHLSVY;32329
EHLSXY;32591
EHMMOS;23482,32549,32597
EHMMRU;23483,27412,32598
EHMNOP;8407,14046,14729,23487,31661,32391,32603
EHMNOT;20224,32392,32396,32601,32606,32607
EHMNPU;14733
EHMNSU;14732,14735,29484,29843,29845,29847,31674,32602,32611
EHMNSY;29846,32402,32552,32555,32610
EHMORS;11250,14050,14688,14730,27415,31673,32534,32535,32604,32615,32617,32622
EHMORT;32613
EHMOSS;27349,29816,31676,32393,32406,32536,32627
EHMOST;8417,14737,14739,14740,14741,14742,20228
EHMOSY;11254,14742,20193,20227,29817,32552,32558,32625
EHMPRU;14733,27096
EHMRRY;32400,32420,32421
EHMRST;23620,32599,32629,32630,32631
EHMRSU;5810,8422,14694,14748,20214,23610,23617,23620,29845,29854,32534,32624,32630,32631
EHMRSY;19806,29846,32389,32426,32625
EHMRUY;23289,27414,32632
EHMSSU;5811,14053,23612,23619,23621,29847,31676,32633
EHMSTY;8426,14742,14752,29855,32610,32625,32633
EHMTYY;32632
EHNNUW;
EHNOOR;32645
EHNOOV;
EHNOPR;8432,11256,12994,14729,14763,29864,32603
EHNOPS;8433,14764,14765,22811,23626,29489,29865,32650
EHNOPU;14595,23511,23623,23629,29864,32562
EHNOPY;26321,29490,29866,32640
EHNORR;8435,26322
EHNORS;23631,31063
EHNORT;31620,32392,32434,32444,32450,32637,32645,32659
EHNOSS;11260,14770,23634,27430,29858,31622,31678,32300,32342,32393,32646,32650,32651
EHNOST;14695,14764,27431,29865,31682,32638,32647,32661
EHNOSU;14732,29705,29843,32638,32647,32662
EHNOSY;23515,31625,32552
EHNRSU;12998,29845,29873,32401,32456,32459
EHNRSY;5813,14061,23594,29492,29846,32437
EHNRTU;29870,29874,32637,32659
EHNSTT;8450,14616,14778,23642,31637,31684,32441,32611
EHNSTY;32347,32402,32570,32610
EHOOOP;20234,27437,32547
EHOOPR;14670,20198,22824,27438,29878,32571,32603,32613,32666,32670
EHOOPY;20216
EHOORT;27438,29849,32571,32613,32618,32645,32666,32670
EHOORV;26327,27401,29878,32575
EHOOST;20217,20235,20238,21311,23408,23628,31668,32215,32217,32221,32528,32573,32647,32672,32673,32674,32680
EHOOSV;19812
EHOOSY;20227,20239,32674
EHOPPR;14063,29883
EHOPPS;29770,29884,32469,32472,32473
EHOPRS;11277,14785
EHOPRT;26328,27367,27438,32352,32444,32571,32613,32666
EHOPRU;14620,23532,27405,31670
EHOPSS;8458,14705,14785,27406,32541,32572,32580,32651,32687
EHOPST;31067,32217,32573,32672,32673
EHOPSU;14789,31068,31642,32473,32673
EHOPUV;32690
EHORRS;21312,22830,26329,27101,29888,29889,31687,32615,32685
EHORRT;26330,29890,32666
EHORSS;14785,32681
EHORST;
EHORSU;14799,14800,25603,27407,31687,32534,32585
EHORSV;14792,14799,14801,23631,23659,29825,29888,29892,31053,32484,32585,32690
EHORSW;14793,14800,14801,18846,31079,31686
EHORSY;14709,19377,31069,32584,32625,32694,32697
EHORTT;8462,21316,32586,32698
EHORTU;29870,29893,29894,32637,32659,32698
EHORTV;13011,29871,32626,32659
EHORTW;32487,32645,32698
EHORTX;26334,29890
EHORTY;18847,27372,27429,31081,32654,32694
EHORTZ;29774,32487
EHOSSS;23648,32218,32488,32619,32678
EHOSST;5817,14067,14803,20244,21317,23410,27443
EHOSSU;14068,14803,20244,27373,27443,31676,32490,32627
EHOSSV;
EHOSSY;20207,29895,32492,32536,32541,32580,32590,32651,32692
EHOSTT;14739,14788,23661,23662,32672
EHOSTW;32412,32491
EHOSUY;20239,31073,32662,32697
EHOTXY;
EHPRSU;14808,14809,27446,29873,29897,32702
EHPRSY;14809,26335,29898,32362,32504
EHPRYZ;
EHPSST;22838,23552,23637,23665,29782,29896,32211,32364,32500,32505,32592,32703
EHPSSU;5820,14673,14773,14805,23665,27376,31691,32457,32497,32505,32703
EHPSSY;29831,32366,32541,32580,32651,32663,32692,32703
EHRRSU;31687
EHRRSY;14815,32685,32694
EHRRTU;32479
EHRRWY;
EHRSSU;25604,32276,32459,32516,32639,32664,32708
EHRSSW;
EHRSSY;3004,11291,20205
EHRSTW;
EHRSTY;11292,14650,14815,14822,29835,29898,32375,32426,32584,32625,32689,32694
EHRTUW;26337,29894,32698
EHSSSU;8487,14812,22074,23667,23670,29900,32700,32705
EHSSTU;14803,14825,20244,27443,29875,29903,32224,32542,32633,32664,32696,32703,32708
EHSSTY;14780,29855,29895,29903,31655,32430,32492,32590,32633,32692,32703
EHSTTY;14726,14752,14822,23662,23669,32432
EIIJMM;
EIIJRV;
EIIKLL;14828,29267,29906,29907,29908,29909,31092,31695,32722,32724,32727,32728,32729
EIIKLS;5823,29914,29915,32725
EIIKLT;14828,23683,26338,29905,29908,31699,32724
EIIKNP;29910
EIIKNR;31701,32719
EIIKRS;22085,23694,25609,32751
EIIKSV;27466,29914,32767,32768
EIILLM;23197,27467,31092,32722
EIILLN;13670,23698,26906,29270,29906,31097,31468,31703,32729,32776,32777,32778,32779
EIILLP;8494,23699,23700,26908,27467,29918,32777
EIILLS;32779,32780,32788
EIILLT;23700,29908,31029,31097,32724
EIILLW;
EIILMR;27473,32802
EIILMS;11296,14840,18854,20255,23704,27470,27471,27477,32234,32710,32789
EIILMU;27473,32774
EIILNR;23708,25610,29923,29925,32711,32772,32777
EIILNS;8497,13672,14840,14852,18500,20252,23704,29272,31030,32725,32773,32779,32780,32824
EIILNT;13673,14853,21323,23420,23705,26340,29920,29927,31097,31104,32781,32791
EIILOR;21325,23718,26914,27488,32831
EIILOT;22092,23421,23707,23718,23719,32790,32795,32827,32831,32833
EIILPP;14854,29912,29924,32827
EIILPR;11297,14855,23721,23722,25613,27491,31713,32738,32743,32777,32837,32838,32839
EIILRR;23681,31098,31107,32240,32834,32844,32845
EIILRV;23729,31717,32784
EIILRW;26342,26916,29273,29913,29925,29931,31471,32240,32242,32741,32844,32845
EIILRX;
EIILSV;14866,23672,27302,27495,29914,29932,31085,31719,32780,32788,32814,32824
EIILZZ;32802
EIIMMS;11303,27303,27470,31112,32715,32771,32789,32855
EIIMNN;11304,14838,14874,20267,20268,29274,32246,32791,32853,32854
EIIMNR;11305,14875,20267,26921,31114,31115,32772,32868,32869
EIIMNS;11306,13677,14082,14840,14877,20086,20269,27121,27304,27471,27502,30962,31086,31112,31113,31115,31117,31700,31729,31731,31732,31736,32247,32249,32715,32773,32793,32855,32863,32864,32865,32867,32869,32871
EIIMNT;23674,23705,23733,27504,29920,29936,32733,32791,32792,32794,32854,32856,32862
EIIMPS;14883,27508,32878,32880
EIIMRR;14882,23740,23744,32868,32888,32894
EIIMRT;20270,23426,23744,23746,31571,32882
EIIMRX;31734,32873,32877,32897
EIIMST;32885,32893
EIINNP;23748,27513,27514
EIINNT;14526,14874,22099,23300,23751,27126,30964,31087,31475,31709,31750,32255,32791,32808,32854
EIINOS;19818,20269,31113,31729,32247,32864
EIINOZ;19819,32248,32910
EIINPR;14893,23304,27525,27526,29950,31713,31743,31756,31757,32777
EIINPS;27527,31126,31127,32932,32938
EIINPT;14893,14895,22849,23757,27525,27528,32862,32920,32940
EIINQU;20274,23713
EIINRT;20275,32719,32758,32920,32924,32926,32936,32948,32951,32953
EIINRV;13681,14897,32711,32927
EIINRW;29925,29956,32741,32949
EIINSS;14890,14898,14903,29953,29961,29962,32869,32912,32916,32932,32935,32938,32943,32949
EIINST;32262
EIINSX;23309,23762,26350,31776,32266,32938
EIINSZ;11317,13684,14852,14877,14906,23677,23774,29957,32263,32761,32817,32939
EIINTV;8512,23764,32781
EIIPPR;32762,32972
EIIPPY;
EIIPRS;3012,29968,30883,31037,31138,31779,32201,32828,32835,32838
EIIPRT;14855,14893,14913,29969,32798,32839,32920,32990,32991
EIIPRU;23722,26352,26933,27507,31136,31138,32838,32858,32972,32975,32980,32985,32990
EIIPST;11322,14915,14916,31140,31478,31783,32763,32963,32992,32994
EIIPSX;14916,29968,31127,32226,32938
EIIRRW;14528,27314,31762,32240,32272,32274,32844,32845,32947,32981,32998
EIIRSS;11323,14858,14898,14921,19824,20261,20281,26353,27453,27531,27547,27564,29953,29966,31134,31722,32718,32819,32925,32948,32949,32965,32999
EIIRSV;3014,8518,14886,14918,14926,25626,26355,27509,27534,29282,29955,29973,31765,32871
EIIRSZ;11325,14861,14925,23434,23792,27454,27550,27560,29957,31145,31767,32263,32890,32928,32967,33003
EIIRVZ;14863,14928,32714
EIIRWZ;32279
EIISSS;14864,26357,31135,32766,32992,33005
EIISSV;29961,32768
EIISTV;8521,14088,14866,14929,14930,23781,23794,32202,32963
EIISTY;23206,23773,31111,31140,31581,32807,32823,32841,32851,32885,32987
EIISVV;14907,14926,31091,32768,32988
EIISVZ;14930
EIITTT;14908,14927,14931,23696,32970
EIIVZZ;
EIJKNR;26361,32719
EIJKNT;32719
EIJKNU;
EIJKOR;33012
EIJLLT;
EIJLMS;14935,29980
EIJLRT;29982
EIJLTU;5841,29978,33015
EIJMOS;20287
EIJMPR;
EIJNNO;26362,27570,29985,31794
EIJNOR;20289,23798,29985
EIJNRU;14943,23798,31790,31795,33022
EIJNSX;
EIJNTY;31797,33008
EIJOPT;
EIJRSU;33029
EIJRSV;
EIJRTT;
EIJSTU;14945,19829,27141,33011,33020,33029
EIJSTV;
EIJSUV;
EIJSZZ;14950
EIKKLN;14953,20290,22862,27576,28946,33032,33033
EIKKOO;14954,20291,32285,33032,33038
EIKKRS;19830,29988
EIKKRY;26366
EIKLLR;11330,26367,27578,29907,29993,33043,33049
EIKLLY;29993,32727,33045,33046
EIKLMN;27581,32288,32728,32733,33056,33057
EIKLMR;27582,29511,31159,33059,33060
EIKLMS;13042,14533,14952,14959,14964,27319,27580,28947,29716,29997,33042,33055,33057,33061
EIKLNN;14966,22866,26371,29512,31696,31800
EIKLNR;29285,32291,33043,33063
EIKLNS;29990
EIKLNT;33033
EIKLNU;31801,33045
EIKLNV;27461,29911,29999,31802
EIKLNW;13698
EIKLOO;5853,14954,18862,20291,27320,27590,31040,31161,31162,32285,33032,33040,33048,33056,33063,33079
EIKLOX;11335
EIKLRS;28948,29286,30008,31163,33089
EIKLRT;28949,30009,31167,33079,33084,33091
EIKLSS;20297,27579,30888,33042,33050,33052,33054,33061,33090,33092
EIKLST;20298,20301,31165,31168,32297,33035,33086,33093
EIKLSV;13049,14985,23815,29914,30012
EIKLSY;32294,33086
EIKLTT;14965
EIKMMR;13051,23685
EIKMNR;20302
EIKMNS;33057,33100
EIKMOS;19390,23442,27321,33057,33099,33100
EIKMRR;3025,13702
EIKMRS;14994,32749
EIKMSS;29516,30015,32735,33042
EIKMST;29997,32736
EIKMSU;22130,23808,33100
EIKMSY;26378
EIKMTU;
EIKNNO;20303,23835,31813,33097
EIKNNP;14966,26379,27599,29289
EIKNOO;27595,33032,33056,33097
EIKNOS;20304,23837,31170,31483,31786,33098,33099,33100,33118,33121
EIKNOV;14968,29999
EIKNPP;
EIKNPR;
EIKNPS;8541,14098,14969,23318,23810,29518,31805,31810,31818
EIKNPU;22131,27585,27599
EIKNPY;
EIKNRS;31819,31820,31821,33115,33119
EIKNRT;23319,31799,31822,32719,33124,33127
EIKNRW;23320,31822
EIKNSS;27147,27601,33113,33132
EIKNSU;15014,23836,23840,23843,31171,31172,31820,31824,33037,33100,33133
EIKNSV;15015
EIKNSZ;32761,33133
EIKNTT;
EIKOOR;27590,31161,33078,33079
EIKOPP;30005
EIKOPR;27591,30006,33064,33078,33080,33081
EIKOPS;14976,33083,33101
EIKORR;33142
EIKORS;21342,23850,30008,30018,30025,31163,31170,32299,33111,33119
EIKORY;31817
EIKOSS;20174,20297,22133,23447,23851,27610,27613,33050,33085,33141
EIKOSZ;22136
EIKPPR;26385,30026
EIKPPT;
EIKPRS;27597,27614,33087,33146
EIKPRU;23818,27614,33080,33087,33146
EIKPSS;14980,14995,22873,23855,30015,30028,33088,33101,33106,33113,33117,33125,33145
EIKPSY;
EIKRRS;31819,33122,33146
EIKRSS;20314,33052
EIKRST;33152
EIKRSV;14985,23850,26387,27616,28955,33119,33140
EIKRSY;27616,31821,33151,33152
EIKRUY;20300
EIKSSS;19839,23845,32766,33109,33131
EIKSST;14539,15011,27617,32311,32747,32759,32763,32766,32767,33054,33074,33093,33145
EIKSSV;27618,32767,32768
EIKSTT;
EIKSTW;14106,14999,15016,15023,15027,32760,33077,33121,33143,33152
EILLMO;15028,23864,29989,32314,32315,32316,33040,33157,33163
EILLMR;3029,8558,20316,30037,30039,33163
EILLMS;5870,14108,14959,15029,15031,15034,29721,31826
EILLMT;8560
EILLMU;30039,33041,33171
EILLNO;15035,15038,18507,19841,26390,30042,32729,32776,33043,33154,33157,33159,33172,33173,33175
EILLNP;15039,15040,29722,30043,32777,33172,33173,33176,33177
EILLNT;3031,5871,8562,13059,13705,14541,19842,20319,22877,26391,27621,31097,32781,33172,33175
EILLOR;15038,20321,30042,30049,31182,32776,33043,33049,33163,33190
EILLOS;5872,15046,20322,20323,33192
EILLOT;8566,13706,15047,20292,23871,27627,31157,33172,33175,33186,33190
EILLPU;22143,26940,33041,33156,33167,33177
EILLRS;27632,27633,33203
EILLRT;23872
EILLRW;29293
EILLSS;32327,33050,33053,33192
EILLST;
EILLTT;3037,5880,19847
EILLTU;14121,15061,15070,19848,20319,23805,23871,23872,27621,29995,31189,31837,33175
EILLTW;
EILLVY;14123,15045,26397,30061,30062,32329,32769,32784,33155,33181,33182,33203
EILLWY;26398,30062
EILMMR;32770
EILMNO;19399,20330,20331,22145,23324,23876,27150,30064,30067,30068,31846,33157,33159
EILMNR;32772
EILMNS;23704,32773,33055,33161
EILMNU;20331,20332,20334,29725,30066,30070,33221,33225,33230
EILMNY;8579,11367,14542,15032,15073,23706,25636,32288,33222,33230
EILMOR;22878,23806,29726,30068,31159,32331,33059,33060
EILMOS;8580,14543,15094,15099,15100,23880,23882,29296,30074,32234,32789,33242
EILMOT;14544,14963,15075,20294,27638,27647,32289,32790,32795
EILMPP;19851,32796
EILMPR;19852,30037
EILMPS;19853,22879,23880,30074,33164,33231
EILMPT;20339,27650,33167,33216,33225
EILMPU;20339,23885,27650,31849,32290,33041,33167,33225
EILMPW;
EILMPX;
EILMRS;25639,28957
EILMRT;
EILMRV;15103,15113,27643,33059
EILMSS;19855,27328,29980,31486
EILMST;5889,8586,14964,15079,15090,15116,15117,20179,20333,23807,33213,33229,33258
EILMSU;15116,15118,25641,27646,27654,30087,31196,31856,33213,33241,33242,33258,33259
EILMSY;11378,13712,14548,15034,15117,22151,23460,30086,31196,32807
EILMTU;8589,14133,15080,15116,15119,20339,23888,27650,27654,30080,33015,33213,33221,33225,33229,33230,33241,33251,33254,33256,33258,33260,33261
EILMTY;20180,23461,27329,30086,32807,33222,33230,33257,33261
EILMZZ;32802
EILNNO;11379,15035,15081,15120,19402,23889,27154,27655,31487,31706,31827,31846,32808,33157,33214,33263,33264,33265,33266,33267
EILNNS;3045,13074,13715,15036,15083,15120,19856,30065,30090,33262,33264
EILNNT;11383,14137,15122,15124,20346,23889,27655,31197,31488,31709,31863,31864,32791,32808,33266,33267,33271
EILNNU;14138,15037,20346,29981,30066,31197,31489,31589,31710,31847,31864
EILNNW;5893,14139
EILNNY;20106,22881,33271
EILNOO;23326,23893,33032
EILNOP;30067,33173
EILNOR;20107,20330,21347,23463,23809,26943,27330,30981,31199,31867,31868,32291,32341,33043,33293
EILNOS;32344,33264,33265,33301
EILNOT;30088,33033,33266,33303,33304
EILNPP;15136,29924,30097
EILNPS;33176
EILNPT;33225
EILNPU;15128,22887,23328,31849,33177,33225,33284
EILNRS;26945,27668,27670,30890
EILNRT;23905,28960,29982,30106,31202,33318
EILNRU;3049,5899,13720,14551,15088,15151,15156,18509,18870,19406,20332,22891,23330,23905,23906,25644,26408,26946,27161,27671,29529,30070,30108,30983,31199,31491,31790,31851,31867,31880,31886,31887,32341,33291,33314,33316,33318
EILNSS;27668
EILNST;
EILNSU;28963,32779
EILNSV;26411,27164,29533,30090,30094,31598,31719,32344,32780,32814,33220,33264,33276,33301
EILNSY;23333,31180,31495,31836,31878,32346,32348
EILNTT;3053,13723,15135,15144,15155,27677,31202,33266,33271,33290,33320,33324
EILNTU;20319,20346,30115,31197,33225,33230,33318
EILNTV;32781,32826,33318
EILNTW;33319
EILNTY;5904,15124,15168,27678,31104,33222,33230,33271,33303,33304
EILNUV;23906,31886,32826,33302,33318
EILNUY;21348,27678,27679,30102,31205,33045,33182,33230,33308,33313
EILOOR;13724,15170,23910,23912,27167,27590,27682,31161,31839,31854,31900
EILOOS;
EILOOT;27638,31162,31902
EILOOW;22156,27681,33048
EILOPS;29730,30074,31043,33231,33356
EILOPT;14165,15172,32795,32827,33186,33329,33339
EILORS;3055,13725,14555,15181,15182,31152,31163,33365
EILORT;14556,15177,15185,31601,31907,32358,33084
EILORU;20363,26950,27642,27685,27690,31199,31867,32341,33080,33281
EILORV;19414,20321,20358,22161,23916,26951,27170,27643,31182,31213,33049,33059,33293,33368
EILORW;23814,30120,31164,31868,31904,33060,33081,33292,33347,33368
EILORY;15181,15187,23472,23870,23922,27696,27697,31907,32358,33239,33345,33348,33366,33368
EILOST;25647,27698,31153,31165,33086,33369
EILOSU;8611,11408,14939,18873,20322,20364,23882,23925,27646,33051,33085,33242
EILOSV;8612,15099,23815,30094,30129,32344,32814,33220,33234,33242,33264,33276,33300,33301
EILOSX;8613,15134,15189,23902,30126,33354
EILOTT;11410,13087,15135,15192,15193,26419,30130,32816,33266
EILOTU;18874,21350,23816,23871,23918
EILOTV;19866,23927,27647,32833,33374
EILPPR;33375
EILPPS;30133
EILPPT;5913,14854,15136,15172,32827,33339
EILPPU;14171,15194
EILPRS;18514,25649,27712,32743,32838,33087,33388,33392,33393
EILPRT;20373,20374,23721,31224,32798
EILPRU;8620,15200,18875,20185,20373,23722,23818,23931,30894,31224,32361,32838,33080,33087,33343,33388,33393
EILPRY;15204,22902,23903,31875,32362,33308,33345,33348,33375,33382,33391,33393,33394
EILPSS;32744,33088,33399
EILPST;
EILPSU;15200,15209,30137,30141,32239,32361,32838,33388,33392,33396
EILPSV;15052,15201,15209,30138,30142
EILPSW;13092,13732,14981,15142,15202,23904,30143,32745,33176,33356
EILPSX;15143,22905,33354
EILPTU;11419,20339,20373,26955,27650,27710,27717,31224,33167,33225,33284,33383
EILPZZ;30053
EILRRU;15219,15221,30896,33068,33314,33378
EILRSS;32819,33069,33089,33406,33416
EILRST;25655,33408
EILRSV;31233
EILRSW;20344,29931,31231,31501,31884,32242,32368,32374,32844,33071,33408,33418,33423
EILRTT;32376
EILRTU;31724,32848,33091,33383
EILRTY;21355,22911,23922,32325,32358,33084,33409
EILRUW;13739
EILRVY;32784,33368
EILSSS;33192,33204,33358,33369,33410,33424
EILSST;23824,23924,32747,32832,32850,33093,33332,33369,33370,33427
EILSSV;27726,33428
EILSSW;23825,32327,32380,33430
EILSSZ;15161,33429
EILSTT;8638,13111,15237,19871,22913,30112,30158,31892,31922
EILSTU;30159,32297,32382,33035,33093,33213,33256,33258,33405,33427
EILSTV;27495,33207,33413,33420
EILSTX;3067,13747,14867,33354
EILSTY;23480,29312,30086,30144,31111,31188,32807,32841,32851,33086,33334
EILSUY;15214,20383,27727,31196,32851,33404
EILSUZ;11437,20384,32852
EILSVW;8641,27703,33195
EILSVX;30157
EILSWY;3068,11438,13748,15239,32348,33325
EILSXY;11439,22169,33326
EILSZZ;
EILTTT;30130
EILTTU;15119,31235,32825,33015,33260,33261
EILTTV;13114,15192
EILTTY;23481,23732,33261,33271
EILTVY;23927,27723,30061,33374
EILUVV;15169
EILVVY;33374
EILVWY;33368
EILZZZ;
EIMMMR;13750,15241,33433
EIMMNR;
EIMMNU;11444,23941,25662,32387,32856,32857,33435
EIMMOP;33438
EIMMOR;15074,23942,23943,30163,33433,33438
EIMMOS;26444,27732,32789,33208
EIMMRR;
EIMMRS;23948
EIMMRU;15252
EIMMST;31924
EIMMSW;14574
EIMMSY;23948
EIMNNT;27743,32791,32854,33435
EIMNNX;
EIMNOP;23487,23876,23955,30067,33466
EIMNOR;30068,30177,30178,32392,33476,33477
EIMNOS;18523,20269,31113,32864,32865,33100
EIMNPS;3074,5932,8651,15272,22919,30182,31731,31810,31937,32867
EIMNPT;3075,23489,26450
EIMNRS;31115,31244,32867,32869,33479
EIMNRT;23957,26453,27748,29743,30177,30187,30192,32392,33461,33476,33477
EIMNRU;14875,15088,15273,20332,20389,28975,30070,30183
EIMNRV;31933,33462
EIMNSX;13124,15272,33465
EIMNSZ;14877,15287,32865
EIMNTT;14878,15280,15289,31737,31940,32396,32794,32872,33457,33471
EIMNTU;8658,14198,14580,14879,15289,32856,33221,33230,33435
EIMNTY;31941,33230,33486
EIMNUX;15269,31612
EIMNZZ;
EIMOOR;31854,32331,33492
EIMOPR;32877,33438,33504
EIMOPS;15094,15291,23880,32880,33164,33231
EIMOPT;15294,27766,31738,32795,32881,33498
EIMORS;23738,23970,23973,23974,23975
EIMORT;11467,13754,15298,19872,20399,27748,27766,29315,30177,30204,31247,33102,33461,33468,33476,33477,33492,33498,33521
EIMOSS;23498,32403,33440,33528
EIMOST;18524,18880,20394,20403,20404,21362,23739,23963,29938,32885
EIMOSU;15266,20192,20287,23500,23882,23969,25669,27646,31856,31935,32395,32886,33100,33219,33242
EIMOSV;15099,32864,32884,33220,33234,33242
EIMOSX;30207,32886,33465
EIMOTV;15302,32866,32887,33472
EIMOTY;20399,20404,22922,23976,32885,33506,33519,33521
EIMOZZ;
EIMPRR;
EIMPRS;27351,27597,31937,32397,32416
EIMPRT;32798
EIMPRU;14204,30183,31938,33504
EIMPRX;23967,26464,30214,32877
EIMPSU;
EIMPTU;8668,20339,23743,32419,33167
EIMPUY;33248
EIMRRS;23502,23970,32894,33238,33508
EIMRRT;14209,23744,23971,23983,31247,32421,33510,33511
EIMRSS;23503,31244,31942
EIMRST;
EIMRSV;27509,33552
EIMRSX;15324,23974,32897,33553
EIMRSY;23948,23975,32389
EIMRTU;23983,32410,32428
EIMRTX;15324,30204,32873,32897,33521
EIMRUV;15113,21364
EIMSSS;
EIMSST;33541,33556,33557
EIMSSU;5940,14213,15330,19876,20409,33541,33556
EIMSSX;15114,15331,30207,33526,33557
EIMSTY;15117,20404,30086,32807,32885,33453,33542
EIMSUV;30087,33242,33259,33552
EIMSZZ;15255,33558
EIMTYZ;
EINNNR;33559
EINNOO;23949,32904,33097,33214,33454,33560,33561
EINNOR;15341,23749,23991,29985,32904,33564,33574
EINNOT;20303,22926,23751,23835,23889,23986,23993,23994,30088,31047,31813,31952,32255,32435,32808,33267,33561
EINNOY;23952,31616,31794,33458,33564
EINNPR;26470,33564
EINNPS;8679,14218,27196,30997,31255,31968,33268,33585
EINNPT;30232
EINNRS;20271,23752,32257,32437
EINNRT;27797,33591
EINNRU;33591
EINNRW;15341,23991,27800,32258,33574
EINNST;
EINNSU;8682,23836,32908,32913,33566
EINNSV;15355,27203,31748,31973,31982
EINNTT;20415,30232,30236,33271,33591
EINNTV;13138,15344,15359,23994,26477,33267
EINNTY;15124,23995,33271
EINOOT;27789,27805,27809,30243,33560,33561,33598,33611
EINOPP;11495,15361,24002,27812,33466,33562
EINOPR;33563,33564
EINOPS;33600
EINOPT;14226,15361,15366,30243,30246,31259,32207
EINOPW;27806,27812,27820,31987
EINOPY;23351,23897,23955,27817,30246,31988,31993,33173,33278,33285,33564
EINORR;5945,15369,15370,20417,20418,31242,31260,31261,33628,33629
EINORS;18526,20036,20421,30018,31170
EINORT;25675,26482,27518,27748,29760,29947,30177,30248,30253,31124,31260,31263,32392,32447,32450,32924,33461,33477,33628
EINORV;15131,19440,27828,29321,30178,32450,33293,33462,33628
EINORX;3094,8691,22935,30253,32003,32006
EINOSS;31264,31622,31984
EINOST;29583,33624,33648,33649
EINOSV;26486,27521,27830,30094,32344,32814,32864,32930,33220,33276,33298,33301,33649
EINOSW;20197,20349,33065,33265,33296
EINOSZ;22189,27834,33639
EINOTT;11506,13764,14597,14892,15135,27835,32396,32816,33625
EINOTW;27750,27820,32435
EINOTX;15382,27217,30180,30253,31259,32003,32345,33303,33561,33611
EINOVW;27828,32005
EINPPR;26488,27837,30257,32454,33650
EINPPS;
EINPPW;27523,27812,30257
EINPRS;32397
EINPRT;21377,32018
EINPRU;11511,22194,23518,27752,27815,27837,27842,30183,32454
EINPRY;15385,27526,27817,33308,33564,33583,33656
EINPSS;23766,25680,27527,32912,32938,33113,33586
EINPST;
EINPSU;23519,31255
EINPTT;27844,30232,33659
EINQRU;15273,15367,15403,31795,33623,33663
EINQSU;5951,15146,33566
EINQTU;31629,33623
EINQUU;20274,33313
EINQUZ;15407,29764
EINRRS;27606,32302,32934,33122,33654
EINRRU;13767,14604,15412,30267,31267,31512,31631,31880,32941,33068,33314
EINRSS;27531,27668,30899,31244,32819,32869,32949,33672
EINRST;20275
EINRSU;13147,15151,15420,15421,22947,23769,23843,24038,30287,30288,32304,33037
EINRSV;
EINRSW;5955,15392,15415,32949
EINRSX;13771,15153,15416,27850,33672
EINRSY;11520,14900,15154,15279,23844,24031,26968,31131,32437,33583,33672
EINRTT;31202
EINRTU;21378,23524,23770,23905,32953
EINRTV;8708,15157,15410,15426,24016,26507,30192,30276,33628
EINRTW;19887,26508,29603,30277,31822,33072
EINRTY;15283,30291,31263,32954,33477,33656
EINRUV;30108,30287,31886,32019,33640
EINRUW;
EINRVW;14254,15426,27828,32005
EINRVX;30289
EINRVY;8710,11524,32954
EINRWY;
EINSSS;23845
EINSST;33132
EINSSV;33578
EINSSW;15012,15356,15398,15415,15432,15433,32916,32949,33129,33619
EINSTT;24043,33320
EINSTU;18529,20426,31172,32305,32453,33011,33133,33648
EINSTV;24023,33649
EINSTW;29001,30241,30303,33596
EINSTY;14264,15017,15401,32402,33649,33653
EINSUW;15166,27363,33325
EINSUX;19450,23370,30288,30299,31981,33683
EINSVW;13153,14266,15432,31778
EINSVX;30289,32266
EINSWY;30023,32348,33325
EINSWZ;19889,27834,30303
EINTTU;5964,8720,14909,15289,15440,19451,20415,26972,27232,27540,27677,27835,27844,27858,32825
EINTTY;8722,27541,30291,31797,33271
EINTWY;
EINUVW;
EINWZZ;
EIOOPW;27681,27806
EIOORR;19452,23910,23997,27682,27860,27861,31900,32048,33694,33696
EIOORS;33687,33690,33694,33696
EIOORT;20308,21380,22204,33461,33560,33598
EIOORZ;23912,33604,33605,33696
EIOOST;
EIOPPS;29770,32473
EIOPPT;15172,15361,24002,32827,33339,33562,33706
EIOPRR;11532,14268,15444,15445,18889,27235,27870,30308
EIOPRS;30902,31271,33690,33720
EIOPRT;15448,30310
EIOPRU;14620,21385,23532,27685,27815,30903,33080,33281,33438,33504,33563
EIOPRX;15448,23967,32877
EIOPSS;20278
EIOPST;32963
EIOPSY;24048,32052,32476,33345
EIOPTT;14622,15294,15441,15451,31010,32477,33706
EIOPTU;23536,23918
EIORRR;27368,27769,30247
EIORRS;15295,25692,27770,27860,27882,33696
EIORRT;15177,15369,23971,24010,24059,24060,30118,30248,30315,30316,30317,32054,32055,32056,32924,33287,33357,33510,33511,33628,33629,33735,33749
EIORRU;19455,20445,20447,26975,27883,31283,32479,33735,33740,33744,33749
EIORRW;15370,15445,20417,24060,30120,30316,31904,32480,33142,33629
EIORSS;14269
EIORST;
EIORSV;20451,31012,31053,32063,33140,33719
EIORSW;15463,19892,20397,30322,33503,33520,33690
EIORSX;22958,23974,24071,27549,29332,30905
EIORSY;15181,22216,23975,24072,27575,27696,27882,31998,32052,32061,33239,33345,33519,33638,33748,33751
EIORSZ;15182,19893,20398,29773,30202,30321,30323,32062,32409,32928,32967,33189,33365,33604,33639,33696,33720
EIORTT;20039,31282,32054
EIORTU;18531,20447,24059,33740
EIORTW;27371,27884,30316,30906,32480,33102,33347,33703,33724,33756
EIOSST;20452,20455,25693,27698,27897,32832,32968,32969,33193,33369,33758,33759,33761
EIOSTU;14273,20426,24022,31646,32453,33580,33624,33648,33737
EIOSTV;5971,15379,32493,32930,32963,33649,33692
EIOSTW;5972,20403,31276,31948,32412,32491,33701,33734
EIOSTZ;29623,30312,30321,32062,33639,33766
EIOSWY;
EIOSZZ;15469,33365,33610
EIOTTT;30130,30208,32970
EIOTTU;27835,32494,33625
EIOTUV;24045
EIOTVV;8735,32833,32887,33374
EIPPRR;8736,13157,15473,22965,30026,30326,33494
EIPPRS;30209,30327
EIPPRT;22967,30333,30334
EIPPRU;27837,32454,32975
EIPPRY;30333,31290,33375,33770
EIPPRZ;26535,30334
EIPPSS;32268,32413,32497
EIPPST;
EIPPTT;27903,33706
EIPPUY;
EIPQSU;32499,33707,33767
EIPQTU;15480,26540
EIPRRS;33122
EIPRRU;31136,31292,33378
EIPRRZ;15473
EIPRSS;
EIPRST;
EIPRSU;30137,30338,31138,31295,31522,32838,33087,33393,33786
EIPRSV;27873,33140,33344,33502,33617,33712,33719,33777,33786,33787
EIPRSW;27874,33503,33690,33786
EIPRSZ;27560,27907,30215,30356,32890,32989,33720,33784
EIPRTT;31296
EIPRTV;20374,30357
EIPRTX;15395,15448,26550,30264
EIPRTY;14279,15498,32018,32991,33394,33722
EIPRXY;
EIPSSS;32992,33536
EIPSST;26552,27908,29007,29782,30028,30359,30360,31783,32211,32505,32763,32992,32993,32994,33788,33789
EIPSSU;8745,23933,24086,30141,31523,32497,32505,33088,33385,33398,33399
EIPSSW;30360,32994,33619
EIPSTT;
EIPSTU;24078,24086,30908,31524,32505,32506,33788
EIPSTW;32498,32503,32892,32994,33734
EIPSUZ;33779
EIPSWY;32504
EIPSXY;15497,33588,33789
EIPTTU;15506,32419
EIQRSU;13777,14281,15211,15314,15508,18533,30909,33401,33403,33404,33540,33707,33767,33795
EIQRTU;3119,15403,15480,15509,23786,31649
EIQRUV;26559,30365
EIQSTU;8750,15024,15213,23553,23856,27562,32997,33198,33737
EIQTUY;15406,30369,32946,33542
EIRRSS;18892,20459,24089,31299,33406,33545
EIRRST;20201,31141,31226,32273,33199
EIRRSV;24092,33777,33802
EIRRSW;8755,11565,14642,32027,32274,32368,32844
EIRRTT;19898,20376,30147,30224,30346,30381,33510
EIRRTW;24060,27884,32947,32981,33629
EIRRVY;5984,15520,29338,33748
EIRRZZ;11569,26567,27885,31913
EIRSST;23554,23788,32517,32718
EIRSSU;32276,32370,33148,33406
EIRSSV;11572,15489
EIRSSW;15026,15415,15525,19901,20314,24065,30377,30387,31306,31526,32032,32949,33129,33449,33800,33805
EIRSSX;3124,15416,15490,29794,33672
EIRSSY;15319,15514,20205,27719,27916,29016,32033,33253,33414,33549,33672,33751
EIRSSZ;33416,33784,33807
EIRSTT;27565,31527,33003
EIRSTU;15530,33029
EIRSTV;
EIRSTW;31529,33152
EIRSTZ;8765,14925,15529,15530,20382,27907,32062,32967,33003,33419,33421,33639,33776,33784,33807
EIRSVV;24039,31233,32988,33747,33787
EIRSVW;33520
EIRSVZ;30323
EIRTTT;26575,30381,30392
EIRTTV;26576,30393
EIRTTW;26577,33756,33814
EIRTUV;8768,11576,30357
EIRTVY;27723,29796,30391,32954
EISSSS;23938,24102,30358,33487,33554,33642,33679,33815
EISSSU;20453,30370,33030
EISSSW;29342,30293
EISSTT;3130,5995,8773,11580,14292,15329,15429,15466,15502,15537,15538,15539,20282,20466,24075,27566,27854,27921,29343,30359,30395,30396,30397,30398,30399,30912,31148,31311,31312,32039,32064,32077,32902,32956,32968,32993,33006,33524,33556,33557,33592,33644,33680,33681,33699,33727,33758,33759,33760,33761,33817
EISSTU;15330,15538,30396,31238,31311,32077,32850,33093,33110,33153,33256,33398,33425,33427,33452,33537,33541,33556,33817
EISSTV;32524,33428
EISSTW;14293,14658,15503,15525,15541,23562,31149,31306,31312,32491,32517,32523,32994,33761,33800,33805,33817
EISSTX;24077,27897,32042,33526,33557,33683,33684,33729,33789
EISSVW;13188,15432,32525,33809
EISTTW;31150,31240,31312,31922,33007
EISTTY;20464,32432,33151
EISTVW;29977
EISTZZ;14950,15469,20467,31314,33431,33558
EISUVZ;
EISWZZ;
EISZZZ;5998,15505
EITTTX;30400
EJKNRU;30404
EJKNTU;26580,30404
EJKOPS;8780
EJKORS;30405,33012
EJLLOR;
EJLLOS;
EJLLOY;
EJLOPS;14938,33821
EJLORT;15547
EJLORW;
EJLOST;31153,33014,33016,33017,33821
EJLOSU;33821
EJLPSU;30408,33821
EJLRSU;20469,31532,33823
EJLSTU;30408,33821
EJMOOS;30403
EJMOST;
EJMPRU;33824,33825
EJNOST;8786,21392
EJNOSY;8787,24105,30410,33827
EJNOTT;
EJNSXY;
EJOOSY;24106,33830
EJOPRT;13196
EJORSS;30411,33822,33833
EJORTT;20470
EJOSSS;
EJOTTU;20470
EJPSTU;8790,15545,30408,30414,33020,33821
EJRSTU;11594,23800,30414,33029,33828
EJRSUV;30416,33834
EKKOPS;
EKKOPU;
EKKORS;3142,24115,33840
EKLLNS;29990,30422,33044,33842
EKLLSS;13202,14961,24119,24120,27579,29024,29994,32731,33042,33050,33052,33053,33054,33841,33843
EKLLSV;30422
EKLLSY;33843
EKLMMU;13204
EKLMSS;13207,32735,33042,33061
EKLMSU;15559
EKLNOS;15563,18537,31316
EKLNOU;22236,27383,27928,31061,31658
EKLNRU;
EKLNST;22999,24124,26585,30427
EKLOOR;20473,20474,23231,24126,26586,27590,31161,31315,33063,33078,33079,33845,33851
EKLOPT;15570,15572
EKLOST;20298,20476,30427,31165,32528,32530,33086,33848
EKLOSY;15563,15573,24132,29801,30431,32294,32530,33086,33837,33843
EKLPSS;23000,31324,32744,33088,33850
EKLRRU;24134,33068
EKLRSU;15583
EKLSTT;13792
EKMNOY;26588
EKMNSY;
EKMOOP;33861
EKMORS;11605,15558,26589,31318,32534,32535,33840,33857,33863
EKMOSS;32533,33859,33864
EKMOSY;33840
EKMRRU;
EKMRSS;33858
EKMSTU;18903,24122,33865
EKNNOR;20482,33869
EKNNOT;6022,20303,23835,31813,33869
EKNNSU;14665,32537,33870
EKNNTU;
EKNOPS;15593,19907,24144,30435,33846,33875
EKNORR;13793,15595
EKNORT;30436,33869
EKNORW;27935,31325,33871
EKNORY;20471,30436,31817
EKNOSS;27934,33859,33872,33875,33876
EKNOST;33099,33116,33121,33848
EKNOSW;33065,33121
EKNOUY;
EKNPRU;8819,20485,24148
EKNPTU;30438,33124
EKNPUY;23573
EKNRSU;23003,23843,24149,29634,31820,33037,33879,33880
EKNSTU;15014,24147,24149,27926,27936,31172,31326,31824,32305,33133,33880
EKNTTU;15597,30438
EKOOQU;
EKOORR;26595,33861,33883,33884,33889
EKOORT;8823,20308,20474,20490,33079,33869,33882
EKOPRR;15609,33861,33883
EKOPRS;20488,24152,24158,31327,33846,33885,33886,33895,33896
EKOPSS;15610,27941,32541,33101,33117,33875
EKOPST;15611,30445,33862,33888,33895
EKOPSU;15611,30445,31321,33083,33888,33895,33896
EKOPSY;22249,32541,33875,33886,33896
EKORRS;30446
EKORRW;13800,15613,24155,26596,31173,31328,33142,33889
EKORRY;33898
EKORST;33895,33900
EKORSY;15573,27942,33840,33886,33896,33900
EKORUY;15617,33898
EKORWY;33900
EKOSSS;15556,15614,24130,33864
EKOSST;15576,27941,33848,33854
EKOSTW;15616,24161,33121,33143,33878,33891,33900
EKPRSU;6033,15591,33087,33146,33867,33895,33896
EKPSTU;23575,24162,30445,33888,33895
EKRRSU;24163,27615,33146,33148,33867
EKRRSY;
EKRSSY;
EKRSTU;27936,31326,33895
EKRSTW;13243,15027,15616,24161,33143,33152,33878,33891,33900
EKRSTY;33151,33152,33900
EKRTUY;15617
EKRUVY;26599,33898
EKSSTY;
ELLLOR;6036,13804,15626
ELLLOZ;
ELLLRU;8841,15627
ELLMNU;33909,33910
ELLMOW;26601,30456,32085,33909
ELLMPU;3165,30458,33041,33167,33910
ELLMRU;6040,11619,20499,20500,26602,30039
ELLMSS;13247,15636,15639,15643,29805,30457,30459,33841
ELLMSY;27947,33907
ELLMTU;19911,30458
ELLMUV;33171
ELLMUY;20500,33910
ELLNOP;26603,27948,33173,33919
ELLNOR;20502,27949,27950,32776,33917,33919
ELLNOV;31830,33917
ELLNOY;27250,33154,33173,33907,33908
ELLNSS;29347,29806,30467,30468,30469,33920
ELLNSU;30466,30470,30471,32779,33180,33903
ELLNSY;14313,30045,31180,31836,33179,33181,33903,33907,33922,33923
ELLNUU;22251,24169,25702,27951,33177
ELLNUW;11627,27622,33909
ELLOPR;14315,15663,15665,15666,32087,33163,33919,33932,33933
ELLOPS;8847,15662,15667,20211,24118,32089,33934,33935
ELLOPX;
ELLORR;8848,15669,30462,30473,33926
ELLORS;19472,31336,33911
ELLORT;20498,20510,23016,29348,30478,33190,33932
ELLOSS;19914,20512,23017,24119,24174,27252,29808,30457,30472,30481,30482,30914,32090,33050,33185,33192,33843,33921,33928,33938,33939,33941
ELLOST;14320,19915,29809
ELLOSY;18545,27947,33843,33907,33923,33941
ELLOTX;26610,30478
ELLOTY;6050,15637,15668,20509,33186,33908
ELLOVY;6051,8857,11635,26612,33155
ELLOWY;26613,30480,31330,31340
ELLPRU;23018,27954,30465,33919,33932,33933
ELLPSS;29810,30472,30484,30486,33934
ELLPSU;23019,23584,31331
ELLPTU;30458,33167
ELLPUW;26614
ELLPUY;26615,33910
ELLQSU;11637,15053,15681,30487,33198
ELLSST;19916,30468,30486,30490,30491,33948
ELLSSW;26618,30469,30489,30491,32327,33201,33928,33947
ELLSTU;15557,15691,30470,30490,32546,33948
ELLSTY;20044,23023,30492,31188,33179
ELLSUV;15068,15628,15677,15693,19917,30471,30483,32788,33180,33207
ELMMOP;
ELMMPU;
ELMNOR;20330,24179,27964,30068
ELMNOS;24121,24180,30495,31316,32093,33906,33959,33962,33964
ELMNOT;27253,27966
ELMNOY;14326,15710,15711,24182,27964,32094
ELMNPU;31849,33225,33910
ELMNSU;27965,29353,30497,32096,33959
ELMOOP;15717,23878,24186,33961
ELMOOS;15718,30495,30500,32093,32097,33906,33911,33963,33972
ELMOOY;20520,24186,27254,31534,32094
ELMOPU;27970,32098,33976
ELMOPY;24186,32544
ELMORS;20519,20523,20526,29639,30455,30501,30506,31318,32097,33911,33912,33973,33975
ELMORT;15635,15730,29056,30507,30508,32559
ELMOST;18549,20522,32557,33913,33985
ELMOSU;3192,8877,14332,14689,15559,15709,15735,23882,24165,31856,33219,33241,33913,33953,33959,33984
ELMOSY;24192,29817,33239,33986
ELMOTT;29057
ELMOTY;6065,15637,15738,30508,32559,32560,33977
ELMOUV;33243,33983
ELMOXY;32560
ELMOZZ;
ELMPPU;6067
ELMPRU;32098,33976
ELMPSU;24195,24196,32561
ELMRSU;25705,30916,31535,33992,33993
ELMRTY;30508,32559,33977
ELMSST;20537,33958
ELMSSU;20534,20537,33955,33958,33988,33990
ELMSUV;15118,30087,33259
ELMSUY;11652,20536,30497,31196,33957
ELMSXY;
ELMTUU;11654,27975,33260
ELMTUW;
ELMTUY;30499,33230,33261
ELMUZZ;19928,33969
ELNNOR;6072,14338,15757,19929,32101
ELNNOS;8885,15120,15758,19930,20539,24200,33263,33264,33265,33915,33959,33995,33996,34000
ELNNRU;
ELNNTU;26635,29641,31197,31864,32103,33960,33997
ELNOOS;20540,30495,30523,32093,33906,33963,34003
ELNOOT;8888,15645,15767,24204,27255,27978,32526,33275,34004,34007
ELNOOW;27397,27979
ELNOOY;27979
ELNOPS;26990,27981,30526,33846,33964,33996
ELNOPT;24208,29820,30525,30528,30529,34011,34012
ELNOPU;23033,24209,24210,27948,27980,27982,30524,32563,33964
ELNOPY;15769,23897,24210,32106,32109,33173,33278,33285,34011,34012
ELNORR;30462
ELNORS;18551,20540,30523,31063,34015
ELNORT;13288,15777,15778,23036,24204,24208,24211,30525,30532,30533
ELNOSS;3209,6075,8891,13290,19931,23038,30537,30538,32113
ELNOST;23039,23590,24124,27988,30427,32567,34000,34007
ELNOSU;15709,15758,15773,19932,20517,20539,20544,32563,33959,33964,33996
ELNOSV;3210,13838,15776,32344,32814,33220,33264,33276,33301
ELNOSW;13839,18914,20349,20543,31871,33065,33265,33299,33966,34021
ELNOSZ;8894,29645,30538,32815
ELNOTT;15135,15777,20546,32816,33266,33290,34011,34016
ELNOUV;24202,30464,33302,33924
ELNOUZ;
ELNOVY;8897,20350,24217,32108,34009
ELNOZZ;
ELNPPU;27980,30524,34025
ELNPST;
ELNPTU;23040,24218,33225,34026
ELNPTY;30529,34011,34012
ELNRSU;13842,15151,15713,15787,15804,30917,33307
ELNRTU;29363,33291,33318,34026
ELNRUU;23237,30918,31346,32111,33314,34026,34027
ELNRUZ;
ELNSSU;24183,33850,34031
ELNSSY;3225,11673,15810,30537,30550,31361,32113,32555
ELNSTU;32546
ELNSXY;15806,32115,33326,33923
ELNTTU;14361,15792,15813,20546,27677,32825
ELNTTY;15659,15793,33271,34011,34016
ELNTXY;33303
ELNUZZ;33969,34028
ELOOPP;33272,34002,34032
ELOOPR;15814,27259,31364,32087,32105,32122,32571,34002,34032,34035,34036
ELOOPS;15662,33273,33852
ELOOPT;15717,20552,32123,33329,34035
ELOOPZ;15814,32349,33274,33329
ELOORS;25710,28001,30523,33911,33973,34041
ELOORT;15817,15818,20474,20552,24204,24226,32571,34035
ELOORW;15817,18552,20554,24226,31334,31372,32548,32556,34036
ELOOSS;24127
ELOOSV;13850,28001,29367,30500,33234,33276,34041,34042,34047,34048
ELOOSW;33852
ELOOSY;24106,33334,33837
ELOOSZ;14366,15819,32529,33335,33838
ELOOTT;
ELOPPP;33336
ELOPPR;34002,34008,34032,34049
ELOPPS;
ELOPPT;13851,15172,15822,32578,32827,33339,34053
ELOPPU;8911,15822,27980,30524
ELOPPY;15769,15823,33278,33339,34008,34032,34049,34053
ELOPRR;26653,30558,31210,33235,33327,33340
ELOPRS;20523,33846
ELOPRT;20552,24208,30525,32571,32578,34035
ELOPRV;23916,26655,31364,33933,34035
ELOPRW;15571,15666,31375,33081,34036
ELOPRX;31376,34067
ELOPRY;6096,13853,14368,15831,26658,31671,33348,34032,34067,34068
ELOPSS;8915,11688,14705,15832,15835,27406,32579,32580
ELOPSU;15773,31068,31321,32563,33996
ELOPSY;21405,32089
ELOPTT;24234,29369,30528,34011
ELOPTU;
ELOPTY;8919,11692,15572,15668,20509,23048,23239,23919,30529,32123,32574,33186,33285,33339,34011,34012,34053
ELORRS;6100,8921,13316,15815,15839,24223,24236,26661,30565
ELORRW;29370,30120,30567
ELORSS;33853
ELORST;31539
ELORSU;3232,11696,13318,15847,26662,27407
ELORSV;6104,15672,15727,15776,15848,28001,31383,34015
ELORSW;15673,30506,33853
ELORSY;13859,14709,15181,15573,15728,15845,15848,31069,31383,32125,32584,33239,33820,33937,33973,34015
ELORTT;32586,34078
ELORTU;30577,30578,34078
ELORTV;34035
ELORTW;11697,13322,14375,15817,20510,24211,24226,26667,30429,30567,33292
ELORTY;23922,24243,26668,27697,28003,30508,31907,33084
ELORUV;14710,18915,20477,30568,30578,31337,31371,33367,33933,33983
ELORVW;15575,19940,20554,26671,29374,31372,33368
ELORVY;29651,32575,33368,34015
ELORWY;24212,30480,32131,33368
ELOSSS;23923,24130,24248,33192,33349,33369,33938,34037,34043,34069,34079
ELOSST;27698,32832,33369,33854
ELOSSU;15548,30430,33085
ELOSSV;30482,30509,30583,33854
ELOSSW;24239,28015,33853,34081
ELOSSY;15855,20371,21407,23383,24174,24240,30431,30537,32090,32113,32580,33843,33941,34046
ELOSTT;8929,13863,15857
ELOSTU;8930,15735,15859,23054,23603
ELOSTV;23055,26673,29377,30583
ELOSTW;6108,15857,19941,20543,27988,28023,33943,33966,34021
ELOSTX;3234,30584,32591,33354
ELOSTY;15782,15845,15859,19942,20564,31359,33086,33334,34000,34077
ELOSUV;15677,33355
ELOSUZ;
ELOSVV;33301,34048
ELOSVW;27703,27960,30129,33195
ELOSVX;34048
ELOSVY;31383
ELOSXY;32115,32126,32591,33923
ELOSZZ;33365
ELOTTU;20546,28024,30577,34078
ELOTTY;8933,34011
ELOTUV;
ELOTUZ;6110,15861
ELOTWY;27991
ELOTYZ;15738,15851,15861,33304
ELOWYY;
ELPPRU;15862
ELPPSU;33946,34025
ELPQUU;
ELPRRU;11709,15867,26677,33245
ELPRSU;20565,32838,33087,33307,33392,33393,33849,34090
ELPRSY;20565,24253,31388,32138,32362,33382,33391,33393,34083
ELPRTY;33391,33394
ELPRUV;13335,19944,26681,33933
ELPRUY;20565,24253,33308,33393,34027,34083
ELPSST;32592,34084,34087,34092
ELPSSU;8941,14383,15790,15880,23933,30141,30598,31324,33088,33250,33311,33398,33400,33850
ELPSSY;15206,15679,15872,15881,29831,32366,32580,34071
ELPSTU;24195,30408,30587,30599,32592,33954,33989,34084,34093
ELPSTZ;30593,30597
ELPSUX;15743,34093
ELPSUY;15876,20565,31388,32138,34074,34083,34093
ELPSUZ;
ELPUZZ;34028
ELRRSU;29652
ELRSSU;18559,18916,20534,20569,22290,24176,27266,31543,33252,33406,33823,33955
ELRSTU;33956,33992,34098
ELRSTY;20159,32584,33937,34064
ELRSUV;34098
ELRSUY;15876,15886,15908,22291,23064,24177,24253,31388,33393,33404,33823,33957,34029,34083
ELRTTU;30577,34078
ELRTTY;8955,13875,15684
ELRUWY;15808
ELRUWZ;
ELSSSU;6122,24137,28030
ELSSTU;24262,31238,31360,32850,33093,33256,33321,33398,33427,33958,34084,34092
ELSSTW;29088,29837,30491,30605
ELSSTY;20573,34099
ELSTTU;13879,15887,15917,15918
ELSTTY;20574
ELSTUX;30159,30599,34093
ELSTUZ;15888,32852
ELSUZZ;
ELUWZZ;
EMMMOT;15920,33432,34101
EMMMRU;26689
EMMNNO;15242,15922,23940,30614,32853,33434,34102
EMMNOT;33432,33434
EMMNTU;23067,32856,33435,33437
EMMORS;20576,32144,33857,33952,34104,34108,34109,34115,34117,34118
EMMORY;
EMMORZ;30163,33433
EMMOST;3261,15929,15931,24269,24272,32144,33952,34116
EMMOSU;15931,24268,24272,28034,33857,33951,33953,34108,34111,34118
EMMOYZ;
EMMPRU;
EMMPTU;
EMMRRU;32598,34122
EMMRSU;26692,34108
EMMRSY;23948,32389,34109,34124
EMMSTY;30625,33453,34112,34116,34124
EMMSUU;28036,34121
EMNNNO;31927,34125,34126
EMNNOS;19498,22305,23951,24275,27740,28040,30173,30630,33456,33959,34131
EMNOOR;8963,15945,15947,24179,24277,30433,32150
EMNOPT;11736,24280,34129
EMNOPY;23955,34129,34135
EMNORS;20582,20583,24279,24281,34108,34109,34147,34152
EMNORT;23957,29387,30177,30629,31395,31396,32392,33476,33477,34148
EMNOSS;24282,26700,33859,34146
EMNOST;24138,24275,34130
EMNOSV;15957,32864,33220,34142,34155
EMNOSY;15958,15965,20583,28035,28049,30639,34109,34131,34154,34155
EMNOTY;15961,20224,31396,32601,34129,34148,34156
EMNOXY;14404,20581,34156
EMNPSU;30642,33481,34132
EMNRRU;19952
EMNRSU;29845,30637,30642,32152,34108,34137,34152
EMNRTU;
EMNSSU;19501,20579,20584,23612,24183,24282,29847,30646,32096,32155,33859
EMNSUW;15971
EMNSYZ;32153
EMNTTU;29658,30498,33489,34113,34133
EMOORR;15945,15984,24277,28053,30650,30651,33861,34158
EMOORS;8971,14410,15718,15986,23074,23613,24288,30619,32097,32617,33863,33911,33973,34115
EMOORT;20588,29849,30650,30652,32618,33492,34167
EMOOSS;15988,15989,20575,24285,30620,30653,33493,34159,34163,34165,34166,34168,34169,34170
EMOOSV;24270,30500,33234,34142,34171
EMOPPR;28061,33824,34172,34173
EMOPPT;28061,34172
EMOPPY;26705
EMOPRR;8973,15719,28053,33861,34158,34172
EMOPRS;15720,15927,15951,20523,27969,30501,30633,30655,30656,32622,33975
EMOPRT;14736,15588,15994,33498,34172
EMOPRY;11753,27420
EMOPST;14412,14737,15983,33862
EMOPSY;24287,34161
EMOQSU;23969,30657,33507
EMORRS;33238,33508,33912
EMORRT;8976,11756,13886,20524,23971,31247,33498,33510,33511,34148,34158,34172
EMORRW;26710
EMORSS;27010,30659,34159
EMORST;
EMORSU;22313,23617,24281,30637,30657,32534,33857,34108,34152
EMORSV;15727,15957,15999,16008,16009
EMORSW;23973,29660,30506,30656,32535,32622,33475,33503,33518,33520,33863,34138,34184
EMORTU;11760,16010,20592,24271,24294,26714,28064,30662
EMORUV;23618,32626,33825,33983,34173
EMOSSS;15731,19958,23080,30666,32100,34153,34185
EMOSSU;13889,16013,31676,32627,33859,33866,34188
EMOSSY;11762,16007,16014,33523,34169,34170
EMOSTT;29392,30664,31402,34150
EMOSTY;3282,14742,20404,20594,24299,32625,32885,33506,33519
EMOSUY;20594,24299,33866,34154,34155
EMOSZZ;
EMOTTT;30208
EMPPRU;26715,33824,34173
EMPPTU;
EMPRSS;8986,15740,15932,15966,16021,16022,24292,33990,34159,34176,34177,34191,34192
EMPRST;
EMPSSU;32561,33988,33990,34192
EMPSTT;16023,16027,16028,33539,34193
EMPSTU;13406,14416,15969,16028,20229,24195,24295,34132
EMRRSU;18918,20532,33867
EMRRUY;20533,20595,34190
EMRSSU;18919,20534,27270,33990,34192
EMRSTU;26721,29662,32631,33992
EMRTTU;3291,16010,19963,26722,30681
EMSSSU;20597,32155
EMSSTU;23621,24298,31547,32429,32633,33256,33452,33488,33525,33541,33555,33556,33958
EMSSTY;16036,26723,29855,30677,32633,34169
EMSSUY;32633
EMSTTU;20585,31402,32611,33489,33530,33539,33556,33984,34133,34189
EMSUZZ;33490,33558
ENNNOP;26724
ENNOOR;27011,31403,31958,32101,32904,34195
ENNOPT;14417,14754,15755,16045,26726,30688,33997,34129,34201,34207
ENNOPU;16048,23623,26727,33563,33870,34205,34206
ENNORT;24305,32636,34197
ENNORU;15757,16054
ENNORW;15341,16053,23991,26729,30689,33574,34195
ENNOSS;27013,27934
ENNOST;13424,14419,15942,16057,16059,30692,33915,34204
ENNOSU;15758,23088,23624,24200,25724,28040,31352,32908,33566,33870,33959,33995,33996
ENNOSX;16059
ENNOTW;11771,16053,28073,32435,34207
ENNOTZ;8998,16044,34199
ENNPRU;14757,28074,34206
ENNPSU;14758,15760,16062,31255,31968,33268,33585,33870,33996
ENNPTU;33997,34215
ENNRRU;11774,28075
ENNRSU;30694
ENNRTU;13428,26735,27797,28076,28077,31974,33591
ENNRUW;11776,27800
ENNSTU;3295,14425,16063
ENNSUW;
ENNTTU;16042,20415,26739,32161,33591,34212
ENNTUU;
ENOOPR;23996,31408,32105,32165,32603,33598,33871
ENOORS;27016,28084,30409,30523,34217
ENOORT;11780,13434,16069,26741,28078,28085,28086,30698,30699,31408,32645,33598
ENOOSS;31678,31984,32646,33599,34222
ENOOSZ;15948,16070,23092
ENOPPU;30524,32169,33466,34232
ENOPRR;11784,13892,14428,26746,29118
ENOPRS;33846
ENOPRU;29864,30707,32169,33563,33618,34206,34237
ENOPRV;15771,34009,34206
ENOPRY;16076,30708,33564
ENOPST;21416,24144,24323,28097,28098,34220
ENOPSY;30711,33875,34239
ENOPTT;24280,28100,34011
ENOPWY;16076,34207
ENORRS;19969,20606,20607,30634,30712,31414,31415,32173,33826,34147,34244
ENORRT;20609,24010,24305,24328,28104,30248,32924,33287,33628,33629,34148,34245,34246
ENORRW;15370,16079,30689,33629,34224
ENORRY;9010,14431,34148
ENORRZ;29398
ENORSS;20612,34209
ENORST;
ENORSU;30637,30716,31414,33826,33827,33879,34108,34147,34152,34247
ENORSW;14433,16087,16089,20582,20607,20614,20616,21418,24327,24334,30720,31415,32173,32178
ENORSY;15958,16051,18563,20421,20583,20616,24337,33827,34109
ENORSZ;15551,16089,32928,33639
ENORTT;6152,11795,14434,15777,16090,16091,16092,20617,28111,30532,31355,34016,34212
ENORTU;19970,20163,20609,20617,25730,26755,27280,27984,28085,28104,28111,29870,30698,30707,32659,34245,34246
ENORUV;14437,27025,28096,31681,32659
ENORUZ;30700
ENORVY;15962,16055,23101,23633,24318,29121,34009
ENORZZ;32451,33605
ENOSSS;20618,26756,30723,32650,34239,34255
ENOSST;19972,23392,25732,26757,30724
ENOSSU;16077,16083,16096,23244,24282,24321,24330,28106,30716,32175,33859,34146,34247,34255
ENOSSW;27026,27430,28087,32646,33619,34141
ENOSSY;6156,11800,20050,20621,32651,33875,34214,34222,34239
ENOSTT;29402,30692,30725
ENOSTX;16059,24341,30719,34231
ENOSTY;6157,15782,19974,24025,29122,30711,31359,32180,33649,34231
ENOSUV;30726,34142,34155
ENOSUW;
ENOSVW;30720,34229
ENOSVY;33649,34155
ENOSWW;
ENOSXY;33923,34231
ENOTTU;9024,13443,15597,16098,19516,20546,20617,25736,27835,28100,28111,32161,33625,33641,34113,34212
ENOUVW;11802
ENPPRU;23635,27837,32169,32454,34232
ENPRRU;
ENPRST;24342
ENPRSU;9026,13899,15787,15967,16109,23636,29873,30642
ENPRTU;24343,30643,30707,30732,34026,34237,34261
ENPRUU;24148,24343,27283,28074,28095,28118,34026,34027
ENPRUY;11812,33308,34027,34261
ENPRWY;16076
ENPSTU;24323,24345,28097
ENPTTU;9028,15792,16117,27844,28100,30438,30736,33659,34261
ENPTUU;24218,24343,28118,34026
ENPTUW;34237
ENQRSU;11815,24324
ENQSUY;23108,30270
ENRRSU;23638,28102,31414,31552,33826,34244
ENRRTU;11818,13458,16118,20609,26763,27993,28104,29136,30738,30742,34246
ENRSST;
ENRSSU;9030,16083,16126,24310,24330,24348,24349,30923,32175,32639,32656,34209,34247
ENRSSY;29677,30747,32033,33672,34258
ENRSTU;33828,33880
ENRSTW;20614,24334,32178,33878
ENRSTY;20624,24342,33880
ENRSUU;20431,20615,33828,34152,34267,34268
ENRSUY;20624,24337,27937,33827,33879,33880,34029,34253
ENRTTU;19979,20617,28111,29404,29874,34212
ENRTUU;22334,24109,24343,27029,28076,28118,28123,33678,33828,34026,34267,34268
ENRUZZ;
ENRVWY;
ENSSTT;9037,14778,15429,16123,16136,16137,27854,28124,32039,32956,33132,33320,33592,33671,33680,33681,34266
ENSSTU;23113,23641,28124,29679,29875,30548,30646,30737,30924,31360,31554
ENSSUW;16126,24349
ENSUXY;33326
ENTTWY;
ENTUVX;
EOOPPR;26775,28130,34032
EOOPPS;30442,33688,34200,34220
EOOPRR;24351,28053,28131,32184,33861,33883,33884
EOOPRS;20488,33134,33885,33886
EOOPRT;20552,30752,32571,32670,33598,34271,34288
EOOPRX;30751,32669,34288
EOOPST;15983,16068,16143,24286,24350,31428,32217,32672,32673,32674,33862,33888,34134,34220,34223,34289,34290
EOOPSV;33692,33885,34276,34285,34289
EOOPTY;32123,34135,34278,34288
EOORRS;15815,19522,22340,24223,24313,27860,28084,28136,32185,32641,33696,34292,34294
EOORRT;16069,19983,24355,29405,30650
EOORSS;27862,32676,33890,34165,34166,34295,34296,34297
EOORST;14456,32188,34295,34298
EOORSW;15986,25740,27863,28127,28136,31686,33863,33891,34292,34298
EOORTT;9043,15987,16145,16146,19985,20588,24355,27286,30652,32466,34299,34300
EOOSST;6165,15988,20630,24111,24357,33890,34165,34168,34169,34293,34295
EOOSSW;28087,34141,34168,34225,34297
EOOSTZ;16070,34007,34290
EOPPPR;
EOPPPT;
EOPPRR;16147,30756,33494,34049,34172,34232,34305
EOPPRS;
EOPPRT;11839,28061,28130,34172,34305
EOPPRY;6166,29883,34032,34049,34305
EOPPST;30702,30758,30759,34220,34277
EOPPSU;14461,30759,32473,34174
EOPRRS;30927,32685
EOPRRT;26783,30760,30767,30768,30769,30770,34057,34172,34305
EOPRRU;16158,34313
EOPRRV;24351,27870,28131,33499,33713,33883,34313
EOPRRW;15445,16159,16160
EOPRRY;34305,34313
EOPRSS;
EOPRST;29682,30777,30778
EOPRSU;29683,30779,33896
EOPRSV;15447,16150,16163,16166,16167,27873,28094,30655,30777,33140,33502,33617,33718,33885,34276,34285
EOPRSW;13909,16168,30656,30766,33503,33894
EOPRSY;16167,16168,26789,30778,31426,32052,33886,33896,34161
EOPRTT;
EOPRTU;9050,14463,16151,24294,34237
EOPRTW;15994,16169,16170,26791,30769,33703,33724,34237
EOPRTX;15448,16170,23119,26792,30770
EOPRTY;23120,30778,34305
EOPRTZ;30310,30752,33723,34271
EOPRXY;30708,34067
EOPSSS;34037,34239
EOPSST;34119,34320,34321,34322
EOPSSU;14465,16077,20637,24321,32191,34321
EOPSSY;24322,30783,32191,32541,32580,32651,32692,33730,33875,34071,34222,34239
EOPSTX;
EOPSTY;34290
EOPTTU;15838,16172,24234,28100
EOPTUV;
EOQRSU;6170,16174,24324,30657,33707
EOQRTU;
EOQSTU;16152,33507,33624,33708,33737,34241
EOQTTU;16175,23123,30658,30786,33625,34291
EORRRS;23124,26798,32652,34178,34292
EORRRT;6171,14467,16153,30760,30788,34326
EORRRY;
EORRSS;30659,30790
EORRST;30928,33936
EORRSU;19989,20445,20606,30795,33746,33826,34244,34334
EORRSV;32185,34244,34294,34334
EORRSW;13481,13911,14793,29889,30766,31415,31429,34292,34294
EORRSY;13912,16001,27882,32685,33748,34056,34334
EORRTT;9054,14469,16184,24355,26802,30767,30788,30797,31282,32054,33510
EORRTU;19530,20447,20557,20609,27883,28104,32479,33357,33740,34245,34246,34335
EORRTV;9056,16157,16184,16185,32056,33511,33628,33713,34246,34335
EORRZZ;16186,27885
EORSST;34337
EORSSU;30716,30802,34209
EORSSV;13485,16163,16180,19994,24384,28158,29157,30790,30802,30803,34297,34317
EORSSW;16006,30803,30930,33853,34297
EORSTT;
EORSTU;14473,16197,16198,29688,30805,32188,34298,34343
EORSTV;13916,15615,16008,16086,16166,16197,16199,28161,31431,32677,33834,34252,34285,34343
EORSTW;15616,16087,16198,21432,23134,24161,24334,30806,32178,33878,33891,33900,34298
EORSTX;9063,11856,16193,24071,33637
EORSTY;13918,15845,16199,20450,20631,24243,24387,32061,32584,32625,32689,32697,33519,33900,33937,34064,34077
EORSTZ;15846,30321,32062,32967,33639
EORSVW;33520,34184
EORSWW;20492,20591,27893
EORSXY;
EORTTT;16145,30808,32586,34078
EORTTU;20470,20617,24246,29893,30577,30786,32698,34078,34212,34299,34300
EORTTX;16091,26814,27894,30797
EORTUV;28140,28161,32626,32659,33834,34246,34252,34299,34335,34343
EORTVX;30807
EORTWY;16202,33900
EORUVY;14478,33898,34313
EOSSSS;16188,19999,33642,33938
EOSSST;15465,30579,30666,33369,33522,33758,34079,34185
EOSSSU;20453,20618,34255
EOSSSW;30809,32488,32678,34018
EOSSTU;9065,14803,20244,20637,20638,21433,22354,24298,24389,27443,28150,32699,34319
EOSSTV;30583,30724,33854,34019,34187
EOSSTW;14480,16012,30782,32491,33761,34168,34186,34322
EOSSTX;16193,24077,27897,33526,34340
EOSSVW;16097,30803,30809,34297
EOSTTU;29415,31402,34189,34301
EOSTUZ;14484
EOSTWZ;33766
EOSUUV;34023,34343
EPPPRY;15863,33375,34345
EPPPTU;34345
EPPRSU;20001,26819,34346
EPPSTU;24078,27444,33387,34082
EPRRSU;33867
EPRRSY;32685,33769,34056
EPRSST;
EPRSSU;25747,27943
EPRSSW;16022,16106,16211,16222
EPRSSY;34258,34348,34352
EPRSTU;
EPRSTW;15493,32503
EPRSUU;24398,31387,34121
EPRSUW;18568,26825,33786
EPRTTU;26827,30822,34261
EPRTTY;16224,31296,33394,34261,34356
EPRTUU;24343,24393,28118
EPRTWY;
EPRUVY;16226,26828,34313
EPSSSU;16227,24399
EPSSTU;19535,20637,20650,27908,28150,32505,32592,32703,33398,33728,33788,34092,34319,34321
EPSSUY;20650,24396,32191,32703,34348,34352,34355
EPSTUZ;
EPSTXY;33789,34093
EQRTWY;
EQSSTU;9081,16231,20638,33541,33664,33792,34325
EQSSUU;27447,32704,32705
EQSTUU;20639,34241
EQSTUY;33542
ERRSTU;9083,16230,16240,24163
ERRSTY;30838,32073
ERRSUU;14494,20651,20653,30680
ERRSUY;16240,30839,34334
ERRTTU;
ERSSST;
ERSSTT;32695,34075,34248,34314,34328,34337,34339
ERSSTU;16231,16246,30831,30847,30932,32224
ERSSTV;20655
ERSSTW;31306,32517,33800,33805
ERSSTY;26836,30452,30747,33549
ERSSUU;13526,15900,16194,24164,24348,24403,31443,32543,32704
ERSSUV;20010,20655,24384,28158,29182,30416,30802,30847,34317
ERSSVY;16247
ERSTTU;
ERSTTY;20464,23669,33151,33675,34356
ERSTUU;20646,20653,24257,24385,33794,33828,33992,34098,34264,34268,34343
ERSTUV;15905,16128,16197,16249,28161,32631,33834,34098,34252,34343
ERSTUY;20624,33029,34253,34342
ERSTVY;30391,30838
ERSTWY;33152,33900
ERSTXY;
ERSUVY;15908,26840,30839
ERTTUX;15910,16251
ESSSSU;16227,20656,23670,24102,28030,30841,33554,33815
ESSSTU;16252,23157,24389,24399,34319
ESSSUW;
ESSTTU;27921,28124,32077,33153,33556,33680,33817
ESSTTY;
ESTTUY;15918,20574,28125,34097,34342,34356
ESTUYZ;
ESTUZZ;20467,31314,33558
FFFLOY;
FFFLSU;30856
FFFLUY;34364
FFGIIN;16261,16262,24406,34367,34369,34375,34376,34378,34380
FFGILS;3353,34378,34387
FFGINO;30852,34370,34371,34390
FFGIRS;16267,34373,34374,34381,34391
FFGLOO;
FFGRSU;13543,30863,34374
FFGRUY;
FFHIOS;24411,34373,34400,34401,34402,34403
FFHIST;30872,30873,34397,34398
FFHISW;30866,30869,30871,30873,34401
FFHIWY;
FFHORS;20662,26844,30878,34373
FFHOSU;20662
FFHOSW;34401
FFIILY;28170,34409,34410,34411
FFIINT;16277,26845,34410
FFIKLS;34414
FFIKSS;
FFILLU;34364,34417
FFILOT;24416,30892,34413
FFILPS;34411
FFILTU;16276,34417,34419
FFIMNU;
FFINNU;24417
FFINPU;
FFINRU;
FFINSS;3359,30881,30891,30899,30901,34396,34425
FFINSY;
FFIOPR;34424
FFIOPT;24416
FFIOST;34423
FFIPSS;30884,34403,34425
FFIPSY;34411
FFIQSU;26853,30909
FFISST;11885,16283,30885,30901,30912,34397,34420
FFISTY;34398
FFISUX;16282,26856,30913
FFKOSS;
FFLOTY;
FFLPSU;
FFLPUY;
FFLRUY;
FFLSSU;23169,30876,30919,30920,34420
FFNORU;
FFNSSU;30919,30923,30924
FFNSUY;34434
FFOPSU;34427
FFOPSY;
FFOPTU;
FFOPUY;
FFOSSW;30930,34406
FFRRUU;16298,16303,34432,34436
FFSSTU;23173,28177,29212,30924,30932,34407,34420
FFSTUY;26863,34421,34434
FGGIIS;30936,34450
FGGIIZ;
FGGORY;16312,30945
FGHILT;16316,26865,34444,34458,34461,34462,34464
FGHIRT;16260,16318,34464,34466
FGHIST;16320,16321,34460,34469
FGHOTU;30954,30955,34467,34470,34473
FGIIKN;24424
FGIILN;24422,24424,25748,26868,30959,34367,34376,34446,34487,34493
FGIINN;30935,30963,30964,30965,34446,34447,34475,34484,34496,34497
FGIINR;20020,24426,28179,30963,30967,30968,34437,34447,34449
FGIINW;34369,34508
FGIINX;16262,16332,30965,30968,34475,34496
FGIINY;34497
FGIKNY;
FGILNS;28187,34453,34518,34522,34523,34525,34526,34528
FGILNU;18570,25749,34535
FGILNY;34515
FGILST;16345,30986,30991,30992,34491,34526,34533,34534
FGILUY;34388,34515
FGIMNU;16352,34537,34538
FGINOR;16360,16361,34542
FGINOS;16340,16350,24431,28187,28191,34440,34453,34486,34518,34522,34525,34527,34544
FGINOX;
FGINRY;30984,31003,31008
FGINSU;16358,16369,20661,24410,24431,26877,28169,28189,28191,30861,34372,34389,34393,34495
FGINUZ;26879
FGIORT;16272,16335,34395
FGIOSU;24431,28191,34527
FGIOTZ;
FGIRST;16354,16363,34501,34510,34551
FGJLUU;
FGLMUU;
FGLNOS;28187,34453,34486,34518,34522,34523,34525,34526,34528,34555
FGLORU;20672
FGLTUU;34562
FGNOOS;34472,34518,34544,34545,34546,34555,34566
FGNORY;16361
FGNOSU;24431,28191,34566
FGNSUU;31021,34557
FGOORS;34472,34545,34566
FGOORT;13632,16383,34567
FGOOSU;31023,34566
FGORSU;34566
FHIIKS;31028,34457,34571,34572,34573
FHIINS;16389,34573,34575
FHILST;16275,16387,16395,16396,16397,20674,34576,34577,34585
FHILSU;31044,34586
FHILTY;24436,34587
FHIMUY;28194
FHIRST;34576,34597
FHIRTT;31054,34593
FHISST;29247,31039,31048,34397
FHISSU;9127,16404,24435,24438,28195,31060,34404,34588
FHISTU;23191,30872
FHISTW;16397,23192,30873
FHISTY;34398,34577,34597
FHLOSU;16413,26896,31071,31072,31073,34586,34601,34604,34605,34611
FHLSUY;16412,31073
FHOOOR;26898,30877,31049
FHOORW;26900
FHOOSW;16421
FHORST;3383,16419,34570,34597,34615
FHORTU;30955,34608,34609,34610
FHORTY;31081,34587,34597,34610
FHORWY;
FHOSTT;34616
FHOSTU;16413,16422,34601,34605,34611,34614
FHOSTW;16421
FHPRUY;
FHSTUY;
FIIKNR;31095
FIILLN;13670,16425,26906,29270,31097,34626
FIILLP;26908,34622
FIILMS;16426,16427,16428,20679,34483,34623,34624,34630
FIILNT;31093,31097,31103
FIILPR;24450,31106,34629
FIILSU;22358,24451,24452,25751,26917,30961,31109
FIILVY;
FIIMNR;16435,26921,31114,34628
FIIMNY;31118,34628
FIIMST;16388,16428,34617,34639
FIINOR;21438,24426,24457,31123,31124,34641
FIINOT;16438,26928,31124,31125,34499,34641
FIINVY;28202
FIIOST;24458,31125,34499,34639
FIISTX;16278,31090
FIITXY;34643
FIIVVY;31147
FIJLOR;
FIKLSS;34650,34651
FIKLSU;29287
FIKLSY;34621,34648
FIKNOS;28207,31170,34383,34579,34646,34649,34652
FIKRSS;31175,31176,34654
FIKRSY;16448,34621
FILLLU;31177,34647
FILLOS;34623,34648,34659,34660
FILLPU;26940
FILLRS;
FILLRY;28209,31186,31187
FILLUW;34657
FILMOU;
FILMPS;34583,34630,34662
FILMRY;34628,34663,34666
FILMSY;13712,31196,34624,34630
FILMUU;
FILNOR;9147,13716,16458,16463,26943,31198
FILNOW;
FILNST;3398,13721,16345,23214,30986,34526,34534
FILNSU;6227,16465,20030,23215,24466,31191,31200,31204,34418,34656,34667,34668,34669
FILNTU;31197
FILNTY;
FILNUX;31204
FILOOS;20663,34518,34661,34671
FILORT;9150,16433,16443,16463,16470,34413,34582
FILORV;13727,26951,31182,31213
FILOSS;28212,34525,34632,34660,34664,34672
FILOTU;9151,26952,34529
FILOUZ;34676
FILOXY;
FILPPY;34658
FILPTU;26955,31224
FILRST;16434,16475,34576,34678
FILRTY;34633
FILSSU;16474,16476,20035,20684,31238,34420,34588,34627,34650,34651,34664,34679
FILSTT;3401,16396
FILSUZ;
FIMNOR;3403,16441,16458,16478,16481,16482,16483,34681
FIMNOY;16479
FIMNRU;9155,34537,34538
FIMNUY;34515
FIMOST;34639,34665,34690
FIMSTU;34690,34691
FINOOS;28207,34412,34423,34518,34544,34545,34546,34589,34661,34692
FINOPR;16481,34424,34543
FINORT;9160,16463,16483,23222,24457,31124,31260,34424,34580,34641
FINORX;
FINOSU;16285,16465,16484,24431,24466,28191,28219,30898,31200,31262,34527,34640,34668,34669,34684,34696
FINOTY;
FINSST;16367,16499,34506,34594
FINSTU;26971,28219,31172,31257
FINSTY;9165,34534
FINTUX;34643
FIOOST;20670,34423,34546,34671
FIOPRT;34424
FIOQSU;
FIORRT;16439
FIORST;20689,34597
FIOSST;34632,34644,34672,34698
FIOSSY;34540,34660
FIOTTU;31288,34470,34699
FIPRUY;24473,31292,34666
FIPTYY;
FIRSST;3413,34654,34672,34698
FIRSTT;16503,20689,34678,34701
FIRSTU;16475,16501,34510,34551,34673,34678,34691,34701
FIRTUY;9167,31303,34633,34699,34702
FIRYZZ;
FISSTW;31149,31306,31312
FISTWY;
FJLLOO;
FJLOUY;34703,34704
FKLNSU;16509,31319,31320
FKLNUY;
FKLOOS;20690,20691,34555,34708
FKLOSY;16511,20691,34648
FKNOTY;
FLLLUY;16517,20043,34655
FLLOOW;16524,26986,31329,31334,31335,34716,34718
FLLOSY;20695,34648,34717
FLLOUY;34703,34717
FLMNOU;34721
FLMOOR;24465,34558,34722
FLMORY;6240,16519,31347,34663
FLMPSU;11927,16520,31351,34583
FLNOOU;26989,34716,34729
FLNOOW;28227,34709,34716,34729
FLNRUU;16544,23237,26994,30918,31346,34710,34721
FLOORS;20696,34727
FLOOSY;20691
FLOOUZ;
FLOOYZ;
FLOPPY;34658
FLOPTU;
FLOPUW;27002,31375,34718
FLORSU;20696,24483,24486,28215,34428,34586,34604,34668,34673,34724,34725,34735
FLORUY;16550,16554,31377,31382,34610,34676
FLOSSY;
FLOSTU;6242,16413,16525,16555,28229,34601,34605,34611,34725,34728,34731,34734
FLOSTY;6244,16414,20685,31359,34674
FLOTUY;34610,34612
FLPRUU;27006,28231
FLPRUY;16550,34666
FLRRSU;
FLRRUY;31377
FLRSUU;24467,24480,27007,31018,31391,34564,34737
FLSTUY;16560,31392
FMNORU;16530,27008,34721
FMORSU;31349,31399,34422,34688,34724,34725
FMOSUU;16564
FMPRSU;29394,31351,34591
FMPRUY;34666
FNOORU;27017,28233,34745,34749
FNORST;16301,16542,16563,16572,24490,34433,34743
FNORSW;16571,16572,31410,31415,34652,34713,34747
FNORWY;
FNOSTU;16573,23245,24490,28219,31417,34433,34614,34728
FNRTUU;16544,27029,34710
FOOPRS;16574,28222,34740,34746,34751
FOOPSS;31424,34435
FOOPSY;31426,34692
FOORSS;31366,31424,34686,34697,34733,34748
FOOSTY;6249,16577,20698
FOOTUX;27035,31433
FORRSU;34688
FORRUW;27037,31436
FORSST;34672,34698
FORSTW;16572,16579,34553
FORSTY;13918,31439,34597,34674
FORSUU;31443,34564
FORSWY;34675
FORUYZ;34676
FORWYZ;34677
FOSTUY;34690
FRSSTU;30932,31305,31389,31420,34654,34741
GGGIIN;34770
GGGIIT;27040
GGGILY;34791
GGGINU;
GGGLOS;34785
GGGLOY;34791
GGGORY;31454,34791
GGHINO;16601,24499,34803,34817,34820,34821
GGHORU;13938,31463,34817
GGHOTU;34820
GGHSUY;
GGIIJJ;
GGIINP;34808
GGIINV;31477,34855
GGIIRR;
GGIJLY;
GGIKNO;31481
GGILNO;31481,34866,34870,34871,34877,34878,34880,34884
GGILNU;16598,16639,24498,25756,34884,34886,34887
GGILNY;16633,16648,16649,20706,34830,34832,34866,34880
GGILOO;23255,34783,34869,34871,34877
GGILOT;13952,16646,16652,34444,34786,34884
GGILWY;
GGINNO;9203,23258,34454
GGINOQ;
GGINOR;9205,16670,20712,31509,34880,34903
GGINOS;13963,16671,24510,25758,28258,34840,34908,34913
GGINRU;18573,20710,25759,28259,34368,34449
GGINRY;34880,34885
GGINUY;34902,34917
GGINVY;16672,34902
GGIOOR;9206,34455,34890,34903
GGIOST;16671,20058,27056,28258,30940,31518,34818,34904
GGITWY;
GGLLOO;16692,34869,34918
GGLOOO;
GGLOOY;16692,16695,34918
GGLRUY;27065,31533,31541,34885
GGMOSY;16698
GGMRUU;
GGNOOR;27066,34455,34890,34903
GGNOOY;20715
GGNRUY;34885
GGOORT;
GGORST;6261
GGPRUY;16701
GGPSUY;16701
GGRRUU;
GGSTUY;
GHHHIT;
GHHILY;31561
GHHINO;20717,24514,34803,34928
GHHIST;34804,34920,34924,34927,34930,34932
GHHOSU;34925,34931,34932,34935
GHHOTU;16706,34932
GHIIKN;24516,24518
GHIINO;24530,34806,34943,34947
GHIINR;20720,28268,34809,34973,34976,34977,34978
GHIINV;34968,34977
GHIKNO;
GHIKNT;9218,16716,20064,23267,24548,27075,29458,34994
GHIKST;34993,34997
GHILNO;18574,31584,31591,34943,34998,34999,35005,35007
GHILNY;24552,35007,35016
GHILPT;
GHILST;34920,34945,34952,35010,35018
GHILSU;34814,35003,35024
GHIMNO;16601,31610,35027,35028,35029,35030,35032
GHIMST;14020,16747,28265,31614,34815,34927,34945,34960,34961,35036
GHIMTY;16723,16746,34946
GHINNO;28273,28279,31616
GHINOO;16724,24557,34998
GHINOP;9232,24558,24572,24573,35027,35028,35029
GHINOS;
GHINOT;18939,20067,24514,24548,24572,24574,31620,31626,34466,34821,35062
GHINOV;20068,24579,31591,31621
GHINOX;
GHINOY;28283,31616,31625,34821,35070
GHINPY;35026
GHINST;24584
GHINSY;24568,24584,29471,31625,35070
GHINTY;9246,16746,16755,24584,34821
GHINWY;28283
GHIOPZ;
GHIORS;16775,28285,34373,34988,35019,35020,35021
GHIORT;24574,34466,35044,35058,35061,35062,35080
GHIOSS;28286,31622,31640,31641,34991,35009,35022,35031,35056,35057,35063,35064,35065,35066
GHIOSY;20719,35021,35070
GHIPST;27086,31614,34469,34930
GHIPTY;
GHIQTU;9249,27087,31629,31649
GHIRST;34997,35058,35077
GHIRTW;16768,29477,31636,34978,35062
GHIRTY;
GHISST;6271,16769,16778,16779,28270,29478,31652,31654,31655,34933,34980,35063,35078
GHISTT;16609,16772,16777,16778,31608,31637,31645,31653,31656,34924,34983,34990,35067,35079,35081
GHISTW;16773,16779,34984,35069
GHITTW;11964,27088,31638,34955,34986
GHLLSY;35001
GHLMOU;
GHLNOS;14037,16787,31662,35091
GHLOOS;35004,35086
GHLOPU;27092,31659,31670
GHLOSU;27094,31660,35091
GHLOUY;
GHLPSU;16786,35003,35013,35024
GHLPSY;28278
GHMOTU;20725,35032
GHMPRU;16748,27096,31613
GHNNUU;
GHNOOP;29488,31677
GHNORT;24574,27098,31620,34466,35044,35061,35062
GHNOST;
GHNOSU;16787,16797,20734,24587,35091
GHNOTU;20735,28288,34473
GHNOTY;31679,34821
GHNPUU;
GHNRUY;31664,35016,35075
GHOOPT;20736,31677,35048
GHOOQU;
GHOORS;11970,16799,20737,24588,28285,28287,31686,34472,34823
GHORSU;9257,23291,31680,31687,35091
GHORTU;35080,35093,35105
GHORTW;31688,35062
GHORUY;28291
GHOSST;14067,35063,35096,35101
GHOSSU;14068,31676,35095,35096
GHOSTU;31646,31690,34932,34935,35081
GHOSTY;35103,35108
GHOTUY;
GHPSUU;27103,31691,35084
GHRSSU;9260,35039,35076,35095
GIIINR;16812
GIIJNV;
GIIKLN;31694,31698,35128
GIIKMN;20741,31700,35140,35141,35142
GIIKNN;
GIIKNP;35128
GIIKNR;35155
GIIKNS;31700,35140
GIIKNT;6281,16815
GIIKNV;
GIIKNY;24601,25768
GIILMN;31704,35190
GIILNN;18579,19556,20704,24500,25770,28310,28311,31706,31710,31711,34446,34767,34827,34833,35111,35194,35196,35200
GIILNO;16830,31706
GIILNP;11979,16822,16832,25771,28310,31713,34376,34948,35128,35133,35196,35212
GIILNR;21454,35183,35206,35218
GIILNS;34768,34825,34937,34944,35214,35225
GIILNT;20757,20758,24589,25774,28318,34838,34839,35208,35215
GIILNV;35173,35200,35218,35228
GIILNW;18580,20747,31698,34769,35136,35185
GIILOS;16844,23298,24610,24611
GIILSS;16837,20755,24616,28316,31722,34490,35187,35213,35219,35220,35233
GIILSV;16844
GIIMMN;31704,31726,31727,34956,34957,35113,35121,35140,35179,35180,35236,35240
GIIMNN;34958,35241,35242,35243,35245
GIIMNP;16853,24623,35241,35254
GIIMNR;11986,16849,16850,35142,35242,35255
GIIMNT;9268,16856,24525,28264,35248,35249,35254
GIIMNX;11987,20088,31734,35113,35245
GIINNN;14084,24526,34964,35265
GIINNP;24527,24627,28310,35279
GIINNS;18581,24590,24628,35288,35289
GIINNT;16330,16860,16864,23300,24591,30964,31747,34494
GIINNV;6290,9272,11994,16825,16863,28296,34855,34968,35200,35291
GIINNW;31751,31752,35286,35291
GIINNX;27128,30965,34475,34496,35245
GIINOR;6291,11996,16850,28333,28336,31753,35300
GIINOY;24601,35243
GIINPP;35302
GIINPR;31713,31743,31753,31756,31757,34948,35145,35165,35212,35272,35279
GIINPS;34380,35311
GIINPW;34971
GIINPZ;35311
GIINRS;24637,31732,31764,31767,35237,35313
GIINRT;34977,35304,35314
GIINRV;16812,16836,16863,16872,34977,35218,35300
GIINRW;19561,24606,28330,34850,34951,34973,35286
GIINST;3496,16625,16864,24634,34852,35127,35269
GIINSV;24635
GIINSW;12005,24608,28338,34775,35240,35325
GIINSZ;34509,35225,35311,35325
GIINTT;16856,31737,35315
GIINTW;20094,34776
GIINVW;35291
GIIOPR;35272
GIJKNO;35330
GIJKNU;
GIJLNO;9278,34777,35330
GIJLNU;20772,31790,34778
GIJLNY;16880,20739,29506,31788,35330,35331
GIJNOW;
GIJNOY;31794,35330,35331
GIJOST;35127,35332,35335,35336
GIKLNY;16898,34992,35330,35346
GIKLSS;31807
GIKNNU;24545,24643,34994,35344,35345,35346,35355,35359,35360,35362
GIKNOP;
GIKNOR;28357,31816,35152
GIKNOT;20776,35365
GIKNOY;35330
GIKNPU;16902,16920,35344,35351,35352,35361
GIKNRY;
GIKNST;
GIKNSY;
GIKNUY;35346
GIKOPS;
GIKRTU;24658,35362
GILLNU;31801,31832,31837,31838,35167,35384
GILLOO;16941,28361,31839,34869,34998,35371,35386
GILLOR;35389
GILLOY;16931,21459,24505,24663,34513,34866,35331,35371,35376,35380,35381,35388,35389,35390
GILLRS;
GILLUY;16946,20785,20789,24665,34868,35177,35372,35382,35384,35385
GILMNO;23324,24666,31846,34870,35397,35398,35402,35404
GILMNU;25776,28363,35181,35401,35402,35409
GILMRY;3518,20796,31845,35412
GILMSU;16929,16958,20797,28366,31856,35003,35192
GILNOO;16724,16968,25778,28371,28373,34783,34998,35422,35430,35431
GILNOP;24666,25779,28252,34784,34872
GILNOR;20107,20712,20802,24644,24676,29524,31868,34879,35008,35425
GILNOS;3520,12019,16340,16961,28187,28362,35453
GILNOT;25780,28376,34786
GILNOU;19566,20786,21460,22380,28363,34999,35402
GILNOV;20109,31591,31830,35381,35402,35403,35418,35430,35446
GILNOW;16930,27158,28373,31868
GILNOX;16830,20752
GILNPS;
GILNPU;23328,24646,25781,35196,35344,35461
GILNPY;35186,35210,35383,35459
GILNRU;16934,25782,27161,29529,31790,31880,31886,31887,35384,35464
GILNSS;20755,24616,28316,34490,35187,35213,35219,35220,35467
GILNST;
GILNSU;24617,35214
GILNSY;31495,31836,31878,35189
GILNTU;9327,17012,17013,24670,24689,28318,34838,34886,35015,35215,35227,35464,35469,35470
GILNTY;20757,28376,31885,35454,35465,35469,35470
GILNUX;17013,31838,31896
GILNUY;9328,16967,20789,24665,34515,35016,35346,35384,35454,35469,35470
GILNWY;27166,35174
GILOOS;12026,19569,35410
GILOOY;17016,17018,24672,24678,27168,28352,31902,35371,35410,35411,35422,35428,35430,35431,35476,35480
GILORS;24694,35019,35020,35021,35481
GILORY;12029,16900,20796,24693,34791,35021,35389,35476
GILOSS;3530,17020,17022,35022,35387,35390,35482
GILPSU;16958,20790,27173,28379,31912,35003,35024,35192,35232
GILRSU;9329,35475
GILRSY;12031,16739,17023,24506,35021,35444
GILRTY;35234,35465
GILSSU;16947,20815,34814,35022
GILSTU;24695,35024,35232
GILTUY;35177,35392,35469,35470
GILTYZ;35178,35470
GIMMNU;28382,28383,35239
GIMMOR;
GIMMSU;35489
GIMNNO;24621,28384,35241,35243,35493,35494
GIMNOO;35496
GIMNOP;12036,35029,35241,35246,35505
GIMNOS;18596,25783,28321,28362,34840,35122,35182,35246,35399,35515
GIMNOU;16851,24560,28322,28363,28384,35032,35401,35402,35493,35494,35496
GIMNOV;35249,35402,35403,35494
GIMNOW;16852,17032,35029
GIMNOY;17040,23337,28385,31936,35243,35486,35515
GIMNOZ;35404
GIMNPU;16902,24623
GIMNPY;31941,35026,35186
GIMNRU;6326,16653,16883,17033,17055,18953,20761,28382,35239
GIMNSU;24624
GIMNTU;14198,16352,17055,17058,20724,20795,24562,24670,35032,35401
GIMNUX;31612,35245
GIMORS;35263
GIMOSS;28325,35489
GIMOSY;28388,31936,35399,35410,35515
GIMOSZ;
GIMOTU;20725,20798,35032,35401,35493,35506
GIMPSU;16958,35003,35037,35192
GIMRSU;25785,27189,31950
GINNNO;17065,20129,20822,31927,31952,31953,35266,35527,35528
GINNOO;17071,24707,24708
GINNOS;31793,31966,35415,35528
GINNOT;24713,27192,31952,31963,34541,35416,35493,35543,35544
GINNOW;17032
GINNOY;17065,31616,31794,35243,35360,35551
GINNOZ;20825,23341,27195,31953,31965,35116
GINNPW;28392
GINNPY;12044,17083,35026
GINNRU;9345,16911,17033,24567
GINNSY;3554,17093,17094,17095,35542,35551,35558
GINNTU;24713,34900,35359
GINNTY;16755,17091,17093,35544,35551
GINOOP;
GINOOS;
GINOOW;35049,35053,35365,35431,35566
GINOOZ;23349,34520,35569
GINOPR;24718,25787,28403,35272,35570
GINOPS;
GINOPT;9350,12055,14226,16867,17073,24572,24632,24700,35274,35293,35544
GINOPU;17103,28391
GINOPX;31991,31993
GINORS;
GINORT;20802,24574,34796,35044,35378,35396
GINORV;6339,16360,17113,34903,35300,35446,35501
GINORW;17106,20137,31000,31868,32005,35588
GINOSS;29582,31622,34991,35065
GINOST;18599,29583,35127
GINOSW;
GINOSY;28408,35070,35515
GINOSZ;20833,20837,34883,35453,35569
GINOTT;17077,35358
GINOTU;24713,32008,34900,34905,35493,35607
GINOTV;24717,35249,35293,35585,35607
GINOTW;21465,24656,35053,35365
GINOTY;12059,16979,17114,28376,34821,35454,35486,35544,35584,35607
GINOTZ;35299,35442,35569
GINOVW;32005
GINOWW;28341
GINOWY;16673,28283,35588
GINPPU;17127,35302
GINPRS;
GINPRU;3560,17135,28409
GINPRY;28409,35459
GINPSU;18601,24657,34393,34798,35281,35311,35361,35530
GINPSY;34858,34915
GINPTU;24581,27221,32017
GINPTY;14241,17136,31941,32018,35544,35584
GINPXY;31993
GINQSU;16763,16921,17143,32024,32025,35214,35313
GINRRU;16764,31512,31631,31880,31970,35075,35507
GINRST;
GINRSU;35313
GINRSW;
GINRTU;12067,17055,17135,28259,35314,35517
GINRTY;28347,35465
GINRWY;35588
GINSST;3571,6344,9369,16367,16687,16769,16924,16999,17138,17159,17160,20844,28410,35078,35370,35466,35467
GINSSU;29606,31515,34800,34916,34917,34929,34996,35046,35073,35076,35078,35370,35554,35615,35618
GINSSW;20845,35615
GINSTY;24584,28411,35558
GINSUU;19578,32025
GINSVY;14267,17007,17155,17164,31982
GINSWY;35452
GINTWY;
GIOORV;31983,32048,34903,35476,35501
GIOPPS;17171
GIOPSS;27237,28286,31641,32050,35387
GIOPST;6348,17019,17171,27238,32047,34469,34930
GIOPTU;32053
GIORRS;17105,35263,35327,35587,35624
GIORRU;34539,35507
GIORST;35327,35481
GIORSU;32051,32058,35475
GIORSV;31012,32060
GIORTU;17169,34395,35080
GIORUV;
GIOSTU;31646,31910,32065,32066,34932,35081,35483
GIPPRY;
GIPRSS;14277,32050,35082,35629
GIPRTU;17135,27243,32017,32053,35517,35579
GIPSTY;24696
GIRSST;17174,17176,34933,35082,35233
GIRTTY;17178,31920,35234,35620
GISSTU;17176,20844,31654,32074,32077,34554,35078,35322,35370,35466,35525,35601,35618
GJLNUY;
GJMSUU;
GJNOOU;
GJNRUU;
GKLNOS;23373,24739,34555
GKMOOU;
GLLMUY;35372
GLLNOY;16931,20852,24663,27250,28360,34513,34866,35331,35376,35380,35381
GLLOOP;3589,27251,32087,32088,35386,35640,35641
GLLOOS;17192,17194,17195,35639
GLMNOO;34558,35647
GLMOOS;32097,35086,35410,35652
GLMOOY;16785,17200,24672,27254,31534,32094,35087,35371,35410,35411,35646,35651
GLMOSU;6361,14332,17203,20797,31856,35398,35655
GLMPSU;14335,16786,16958,35003,35192,35407
GLMPUY;35372,35412
GLMRUY;35412
GLMSUY;28366,35408
GLNOOO;34559
GLNOOS;23378,34555,35656,35659,35660
GLNOOU;35089
GLNOPS;35659,35660,35662
GLNOSU;28418,35091,35662,35667
GLNOUY;35454,35668
GLNPUU;
GLNSUY;16788,17210,17213
GLOOOY;22385,23380,28419,28421,28422,35087,35651,35669
GLOOPR;27259,31899,32087,32122,35672
GLOOPS;20855,35423,35660,35669,35673
GLOOPY;27260,28419,32088,32123,35640,35641,35651,35669,35670,35672,35673,35674
GLOORY;9385,12083,14365,16695,20856,31666,32125,35476,35672
GLOOTU;17215
GLOPPY;
GLOPSS;17216,35387,35673
GLOPTU;35441
GLORSW;17021,24694,35020,35655
GLORWY;32131
GLOSST;17022,17207,28423,35231,35478,35482
GLOSSY;23383,32090,32113,35390,35637,35673
GLOSTU;31910,35450,35483,35667
GLRRRS;
GLSUUV;32142
GMNNOO;23384,24746,32147,35678,35679
GMNOOS;17229,28426,35680,35681
GMNOST;
GMNOSU;17232,35680
GMNSUU;28417,35650
GMNTUU;35649
GMNUUZ;
GMOOPR;17228,17236,27268,35497
GMOORS;14410,17229,32097,32156,35499,35652,35680,35681
GMOOTU;
GMORSS;32099,35095,35682
GMPRSU;28428,31950
GMPRUY;35412
GMPSUY;
GNNOOR;24708,24746,31958,35041
GNNOUW;17249,20827,27273,28397
GNNSUU;35684
GNOOPS;28432,35659,35660
GNOORT;34567,35689
GNOOSZ;20833,35537,35569
GNOPPU;27277,32169
GNOPRS;3624,6380,35099,35659,35662,35690,35691,35692
GNOPRU;32169,35662
GNOPSY;32171,35099,35660
GNOPTU;
GNORST;35664,35690
GNORSW;14433,32173,32178,35638,35681,35688,35692
GNORSY;24748,35099,35664
GNOSUY;24748,28408,32179,32180,35070,35103
GNOTUU;20735,28288,34473,34562
GNPRSU;17254,35662,35684,35690,35691,35692,35694
GNRSTU;17255,35685,35690
GOOOOR;
GOORSS;23395,32124,35474,35686,35695,35697
GOORTT;35700
GOORVY;35476
GOPPSY;
GOPRSS;17216,28438,32050,32170,32189,35575,35629,35695
GOPRSU;20862,29683,32051,32190,35577,35628,35630,35662,35690,35691
GOPRUW;35107
GOPRUY;17172,28424
GOPRYY;35672
GORRTU;
GORSTU;20863,20864,27288,28439,29688,31026,32157,32177,32188,32197,35683,35690,35697,35698
GORSUU;9395,20862,20863,32134,34564,35675,35691
GORSUY;24748,32135,32179
GORSYZ;
GORTTU;14476,35080,35595,35700
GORTTY;17263
GORTUY;
GOSSTU;35096,35101,35601,35697
GOSTUY;32180,35103,35483
GPRSSU;28438
GSYYYZ;
HHISSY;35708
HHISTW;27292,32213
HHMMUU;
HHMPSU;17282,24755,35711
HHMRTY;17278,27294
HHOOSS;17284,35719
HHOOSW;27296,32219,35712,35716
HHOOSZ;27297,32220
HHRSTU;6392,17277,32222,32224,35717
HIIKLM;28445
HIIKMO;
HIIKOS;35730
HIILNS;16708,17291,24769,31030,31569,32235,32236,32237,34575,34937,34944,34949,34952,35720,35721
HIILPU;
HIIMMS;34956
HIIMNS;17298,24524,27304,28442,28449,32247,32249,34956,34959,34960,35720,35725,35750,35752
HIIMPS;20869,32250,35738,35739,35753
HIIMST;20870,27307,28265,28450,32250,34945,34960,34961,35725,35737,35740
HIINOS;28449,32247,32254,34575,35750,35756
HIINPP;
HIINPS;17291,17305,17306,24780,24781,28454,32235,35758
HIINSW;28454,32260
HIINTW;28456
HIIOPR;20871,28457
HIIOPT;17303,17311,20871,35702,35743
HIIRSS;17290,17312,20868,24783,28459,35726,35760,35765
HIISSX;35768
HIITZZ;35770
HIJNSU;
HIJOSS;34991
HIKLOY;24788,32294,32295,35773
HIKMUZ;
HIKNRS;28463,34941,35776
HIKNST;17321,20173,23444,32230,32298,32303,32305,35725,35772,35777
HIKRSS;20868,35726
HIKSST;32311,32312,35733
HIKSSW;17325,32231,32309,32312,32313
HIKSSY;14540,32313,35782
HIKSTY;34993
HIKSWY;
HILLOS;20876,24787,35787,35788,35789,35790
HILLOY;24788,32316,35785,35790
HILLPU;20877
HILLRS;28467
HILLRT;34582
HILLSS;32318,32326,32327,35792
HILLST;20878,23457,28468,32232,32326,32328,35001,35735,35787,35788
HILLWY;35790
HILMOS;24805,27326,28471,32234,32330,32332,35737,35793
HILMOW;
HILMOY;28470,28471,32316,35796,35797,35799
HILMSU;24801,24805,35002,35740,35793,35803
HILMSY;14548,23460,24767,28471,32334,35739,35741,35796,35802
HILNPT;17268,17347,31593,32339
HILNTY;35722
HILOOT;17315,17351,24802,24813,34581,35786,35794,35795
HILOPS;6405,12124,17346,17352,27336,28472,28473,28474,29730,31043,32338,32351,32353,35006,35019,35804,35811,35812
HILORT;14556,17348,17351,29731,31601,32340,32352,32358,34582,34587,35773,35789,35805,35816
HILOST;16738,17269,17292,17342,17355,20674,35010,35737,35772,35789
HILOSW;24810,35012,35020
HILPSS;17352,17356,17358,28474,28477,28478,34588,35708,35745
HILPST;14560,17335,32360,32367
HILRST;17350,17360,24817,34576,35746,35747,35813
HILRSW;32242,32368,32374,35020,35823
HILRWY;17361,35816
HILSSY;17358,28478,32366,35708,35745,35792
HILSTT;16396,17336,24819,35735,35746,35748,35808,35824
HILSTW;16397
HILSTY;23480,24776,27344,32347,32375,34577,35747
HIMMSY;
HIMMWY;
HIMNOS;3678,9463,12130,17366,17367,24827,24829,24830,28449,28480,28481,35750,35828,35830,35831
HIMNOY;24830,24831,35830,35831
HIMNSU;9465,16399,17272,17362,20676,24829,28481,35774
HIMNTU;14580,17370,20724,20874,24562,24793,35032,35033
HIMOPS;35827,35830
HIMORS;20889,28487
HIMOTY;35799,35831
HIMPRS;14582,17376,27351,29746,32397,32414,32415,32416,34591,35037,35845
HIMRST;20870,34961,35845,35848
HIMSST;9474,17378,17380,24837,35826,35832,35839,35840,35847,35849
HIMSTY;35846
HIMSWY;35741
HINNST;29758,31618,32436,32438,32441,34966,35047,35703,35777
HINNSY;17383,24568,35755,35852
HINNTU;
HINNWY;
HINOOP;17386,27356,28490,32337
HINOPS;3684,17346,20892,35804,35828,35830,35859
HINORS;20893,35776,35828,35855
HINOST;17366,17390,28480,35772,35806,35831
HINPSU;12138,20892,23519,27362,32456,35804
HINPSX;29763,32458
HINPTY;24843
HINRSU;32304,32401,32456,32459
HINSTY;17396,32347,35806
HINSUW;27363,32462
HIOORU;24832
HIOOSV;
HIOPPS;28441,29770,32470,32472,32473,35811
HIOPRT;3691,17402,20871,20895,27367,32352,32444,32475,35834,35864,35866
HIOPRU;23532,28457,35825
HIOPST;17311,17402,28500,34469,35853,35859
HIOPSY;17405,24842,24857,32476,35796,35811,35812,35830
HIORSS;24783,24833,24852,24859,24860,28459,28493,35057,35714,35760,35835,35840,35860,35867,35869,35874
HIORSU;17409,20889,28487,34586,35813,35814,35841
HIOSSS;24859,32488,35838,35857,35871
HIOSST;6412,17401,17406,35714,35760,35840,35867
HIOSSW;17407,23546,27374,32488,35869
HIOSTW;17410,32412,32485,35783,35842
HIOSTY;12145,17410,18612,24857,28500,35831,35873
HIOTTU;18972,24858,34470,35071,35080,35779
HIOTWZ;32487
HIOWZZ;
HIPPSU;32473,32497,35761,35800,35821,35822,35877
HIPPWY;
HIPRST;24856,35845
HIPSSY;17358,17416,28478,28503,32366,34989,35085,35708,35745
HIQSSU;14637,17417,27377,32507,35765
HIRRSS;24866,35874
HIRRSW;29789,32274,32368,32512
HIRRWY;
HIRSST;20203,23554,24860,29792,31652,32369,32422,32481,32500,32516,32517,34933,35082,35714,35760,35840,35847,35860,35867
HIRSTT;24786,34990,35746
HIRSTY;14650,17360,17396,32375,35747
HIRTTY;24864,32377
HISSST;14653,17421,29797,32280,32378,32461,32521,32522,35871
HISSSU;17379,17421
HISSTW;23562,29798,32312,32383,32517,32522,32523
HISSTX;35768
HISSWY;16406,17416,32313,32431
HISTTY;9507
HISTUZ;
HISTVZ;17382,27382,32524
HIWYZZ;
HJNNOY;
HKLOOZ;32529
HKMOSU;24871,28506,32534
HKNOOS;32538,34995,35891
HKNOOU;27384
HKNOSY;
HKNRSU;24875,28463,35889
HKNSTU;32305,35777
HKNSUU;24873,27385,35771,35774,35889
HKOOPU;
HKOOSS;18614,27386,32527,32533,32540,35781,35886
HKOOST;32306,32528,35892
HKRSUU;32543,35889
HLLOOO;25800,27387,32547
HLLOOS;35787
HLLOOU;27388,35897
HLLOOW;20210,27389,32548,35896
HLLOPY;27390,28507,32544,35898
HLLOSU;20904,34601
HLLOWY;35790,35896
HLLSUY;35784,35792
HLMOOS;28508,35086,35899
HLMOTY;17451,32559,32560,35799
HLMPSU;16786,27396
HLMPSY;12161,32334,32558,35739,35796,35802
HLMPUY;
HLNOOS;17435,24808,35004
HLNOPY;17457,35903
HLNOUY;31064,32554,35785
HLOOSS;16789
HLOOST;17461,20217,27403,28511,31668,32215,32528,32557,32573,34605,35904,35905
HLOPSS;14705,17352,17441,17462,27406,28474,29822,32353,32579,32580,34607
HLOPSY;17457,35796,35811,35812,35900
HLOPTY;17451,32574
HLORSS;32356,32564,32581
HLORSW;35020
HLORUY;20881,24887,34610
HLOSST;20907,28513
HLOSSY;24869,32580,32590,35818
HLOSTU;23603,28511,28513,34601,34605,34611,35904,35905
HLOSTW;17461,35905
HLOSTY;9535,16414,17445
HLPRUU;27408
HLPSSU;28477,34588,34607,35907
HLPSSY;28478,29831,32366,32580,35708,35745
HLPSUY;6430,35908
HLPSYY;35802
HLRSTU;6431,17466,35813,35902
HLSSUY;35792
HLSTUY;17466,32531,35902
HMMMUU;
HMMOOS;24870,32597,35909
HMMSTU;32599,35912
HMMSUU;28514,32600,35912
HMNOPY;17474
HMNOST;3724,17366,17473,28480,35831,35913,35916
HMNPSY;32610,35710
HMNPUY;
HMOOPR;20885,32603,32613,35919
HMOOPS;35827
HMOOPW;
HMOORS;17478,27415,32604,32615,32616,32617,35911,35920,35922
HMOOSS;20886,28483
HMOOST;35913,35916
HMOOSW;17478,35920
HMOOSZ;
HMOPRS;3729,9542,12167,23616,32622
HMOPSW;32622,35836,35881
HMORRS;17428,17475,17481,17482,32615,35901
HMORSU;17482,23617,24890,28487,32534,32624,35841,35911
HMORUU;27421,34602,35923
HMOSTU;20228,20912,24835,32624,35841,35880,35916
HMOSTY;9546,14742,17470,17484,32625,35831
HMOSUU;17452,32627
HMOTUY;28517,35799
HMPRUY;
HMPSSU;35097,35711
HMPSTU;9548,17429,20229,32417,32629,35845,35846,35880
HMPSUW;35881
HMPTUY;
HMRRSY;35901
HMRRYY;
HMRSTU;20912,23620,32599,32624,32629,32630,32631,35717,35841,35845,35848,35902,35912
HMSSTU;17491,23621,32633,35096
HMSTUY;32633,35717,35846,35902
HMSUUY;
HMTUYZ;
HNNOOP;
HNOOPS;17495,35928
HNOOPT;14761,24893,31677,35929
HNOOPU;27423,35929
HNOORS;16799,17495,28287,28491,34472,35855,35928
HNOORT;20914,32645,35929,35931
HNOORU;27424,29863,32642,35089,35929
HNOPSY;17457,17499,24842,35099
HNOPTY;17474,24843,29866
HNORST;24899,35936
HNORSU;12172,20734,28522,28523,34604,35091,35936
HNORTW;17283,17502,32645,35062,35931
HNORTY;27429,32654,35805,35861,35937
HNOSSY;24898,35925
HNOSTU;12173,17504,20916,24899,28524,32453,32638,32658,32662,34614,35936
HNPSXY;32663
HNRTUU;
HNSSTU;23641,29875,32664,32665,34594,35078
HNSSTY;14780,35832,35925
HNSTUU;17399,35940
HOOOOP;35926
HOOOOR;27436,35926
HOOOOW;
HOOPSS;17477,20917,24901,32671,35781,35942,35945,35946,35947
HOOPST;12178,16417,32217,32463,32573,32671,35892,35947
HOOPSW;17460,29879,32464,32668,35893,35928,35947
HOOPSY;
HOOPTT;16418,24759,24893,34595,35866
HOORRR;
HOORST;6439,16419,34570,34615,35867
HOORTT;16420,20919,24855,32466,35866,35950
HOORUZ;
HOOSST;17284,17401,17508,20917,20920,35719,35867,35868,35933,35942,35945,35946,35947,35948,35951
HOOSSW;20920,28290,34406,35104,35947
HOOSTT;17509,32468,32679,34616,35808,35868
HOOSTW;16421,17461,17509,35905,35947
HOOTTY;29882,35810
HOPPSU;17285,32473
HOPPSY;17499,32684,35811,35934,35943
HOPPTU;
HOPRST;3741,9563,12182,17402,24856,35906
HOPRTY;
HOPRYY;28531,35953
HOPSSY;32580,32692
HOPSTU;14789,16422,17287,17512,24878,35880
HORSST;17406,17483,24860,35714,35760,35840,35860,35867,35955
HORSSU;3744,35095,35955
HORSSW;17407,35869
HORSTT;24905,35957
HORSTU;20912,35813,35841,35932,35936,35957
HORSTW;35783,35842,35936,35956
HORSTY;17484,32625,32689,32694,32697,35108
HORTTW;17485,17513,32698,35950
HORTWY;35816,35937
HOSSTT;35719,35945
HOSSTU;14803,17514,17515,20244,20907,27443,28513,32490,32696,32699,34407,35096
HOSSTW;17510,17514,20920,32589,35947
HOSSUY;17515,35949
HOSTTU;23661,24905,31690,34935,35957
HOSTUY;6443,17515,32662,32697,35103,35108
HOTUYY;
HPPSUU;17505
HPRSSU;20921,28530,35907,35955
HPRSUU;27446,32701,35084,35959
HPSSTU;32505,32592,32703,34598,35878
HPSTUY;32703,35846
HQRSUU;32704
HQSSUU;17490,27447,32704,32705
HRSSTU;17433,17491,32224,32516,32542,32593,32664,32696,35955
HRSSUU;18616,20921,32543,32701,32704,35907
HRSTTU;9573,16808,24905,35940,35957,35959
HRSUUU;
HRTTUY;
HSSUUW;
IIIMRT;
IIIRST;28540,32718,35723,35979
IIIRTT;
IIJMNY;
IIJNNS;35123,35988,35989
IIKKOR;
IIKKOS;35990
IIKKSS;24923,28545,35992
IIKLMS;35132,35995,35996,35997
IIKLNS;18982,32725,32739,32742,35962,35994,35995
IIKMNS;17530,24930,31700,35132,35140,35142,35725,36001
IIKNNO;36000
IIKNNS;9579,17530,17533,24930,32753,32754,32755,32756,35963
IIKNOS;19599,28548,35152,36001,36003
IIKNPP;24932
IIKNSS;28545,28547,34573,35727,35729,35992,36004
IIKOST;12198,20922,28548
IIKOTT;
IIKPUW;
IIKRRS;17535,35156
IILLMU;24937,28551,32774,34625,35162,35968,36006,36010,36011
IILLOY;
IILLPU;36007,36008,36020,36021
IILLWY;35174
IILMMU;36023,36024,36026
IILMNS;23704,32773,35720,35995,36024,36030
IILMST;16428,17518,17542,17564,17566,34945,35188,35737,36032,36034
IILNNS;20932,36038
IILNNU;16824,31710,35111,35181,35193,35196,35198,35200,36037
IILNOV;17567,20933,24909,28565,36041
IILNPS;17291,17559,17570,35962,35995,36013,36042,36044,36045
IILNRT;24945,36014,36028,36046
IILNRV;16836,31717,32711,35218
IILNST;6460,17519,17570,17572,20937,24769,24947,28563,35721,36030,36038,36040,36042,36045
IILNTY;20757,20935,20939,28568,32823,35224,35722,36046
IILPST;3763,12214,16845,17570,24910,24926,35232,36045
IILRWY;36046
IILSTU;20937,24452,35222,35232,36045,36056,36058,36059
IILTTU;32825,35227
IILTTW;17582,20943,34955,35229
IIMMNS;20944,24961,28319,31112,32715,34956,35140,35180,35236,35237,35240,35973,35974
IIMMNU;28581,32856,32857,35239,36023,36062
IIMMNW;31727,34957,35240
IIMMST;17584,17590,35974,36064,36066
IIMNNO;28582,32853,35241,35242,35243,36000,36067,36069
IIMNOU;16851,22431,28322,28581,35751,36023,36069
IIMNRS;6466,9612,17596,20760,23734,24913,28585,31732,32867,32869,32870,32871,35142,35237,35252,35255,35256,36001,36071,36078,36080
IIMOSS;35753
IIMRST;20870,34961,35256,36032,36078,36080,36082,36087,36088
IIMRSU;12224,17607,25809,28536,36087,36088
IIMRTX;32873,32897
IIMSSS;36075,36089
IIMSSZ;
IIMSTT;9624,17598,35260,35976,36066,36081,36087
IINNOP;23748,27513,36092,36093
IINNOS;16437,17611,24915,24975,28592,34640,35756,35988,36038,36094
IINNPY;
IINNQU;35275,36037
IINOPT;9633,16867,17303,23757,24456,24632,28584,32862,32920,32922,35274,35293,36092,36093
IINORT;29947,31124,32810,32906,32920,32924,34641,36014,36028,36074
IINORV;35300
IINOSV;9636,17611,17616,22437,23761,24635,27521,28337,28538,32864,32909,32930,36103
IINPPP;
IINPRT;14893,16871,27525,28206,32920,32936,35212,35279,35304,35307,35979
IINPTX;
IINSST;35981,36004,36076,36095,36100,36104,36106
IINSTW;
IINSTY;17572,17615,23773,28597,32823,35224,35262,36080,36103
IINTTU;14909,17600,27540,32825,35227,35312,35315,36105
IINTTW;
IIOOPP;24978,36047
IIOOTT;
IIOSTT;17619,17629,18997,20280,23780,24989,24996,27555,32962,32968,35301,36052,36081,36101
IIPPST;9648,35305,35762
IIPPUU;
IIPRRU;25001,31136
IIPRST;24969,24995,28540,35307,35329,35979,36048,36078
IIPRTU;12237,25001,32975,32990,35763,36085
IIQTUV;29971
IIRRTT;14919,17622,31784
IIRSVZ;
IISSTV;16878,35724,36054,36114
IISSTZ;
IJKLOY;35330
IJKMOU;
IJKMSU;
IJKMUZ;
IJKNOS;
IJLMPY;
IJMNOS;
IJMOOT;
IJMOSS;
IJNORU;20773,23798,27572,33022
IJNOST;6474,12244,17645,28544,35127,35332,35335,35336,35988,36124
IJNPSU;35334,35985
IJNRUY;33026
IJOSST;28604
IJRSTU;23800,24921,33029
IKKNNU;27577
IKKNSS;28545,33036,35992,36131
IKKORR;
IKKOSS;36132
IKKRSS;36132
IKKRSU;33037
IKKUUY;
IKLLRS;25016
IKLLSS;14961,20957,25018,27579,29994,32731,33042,33050,33052,33053,33054,36135,36137
IKLLSY;17657,34648,36121,36135
IKLLTU;23805,29995
IKLMOS;33057,33061,36141
IKLMSS;25021,32735,33042,33061,36139,36140,36143
IKLNNU;20775,24643,28607,34511,35344,35345,35346
IKLNOU;
IKLNPS;3795,12249,14969,17661,17662,23810,31805,33066,35962,35995,36146
IKLNPU;24646,27585,33067,35344
IKLNPY;36150
IKLNSS;28547,34650,35998,36149
IKLNSY;20960,35994,36127,36150
IKLNTY;16898,34992,36148
IKLOOT;17315,19001,31162,33079,36134
IKLOPY;36151
IKLPSU;17659,25026
IKLPSY;17667,36150,36151
IKLRSS;14983,23820,33052,33069,33089,33090
IKLSSU;20957,25021,34650,34651,36137,36149
IKLSTU;20301,32297,32748,33035,33093
IKLSTY;17657,24928,25029,33086,34993
IKLTTU;
IKLTTY;36148
IKMNOO;17670,17672,27595,33056,33097,36000
IKMNOR;
IKMNRU;
IKMOSS;17675,25032,35350,36139,36140,36143,36159,36161
IKMOSU;12254,33100,36128
IKMOSV;
IKMOTV;
IKMPRS;27597,32749
IKMPSS;14995,30015,33101,33106,36002,36140
IKMPSY;35996
IKMRSS;3802,17319,17671,17673,17675,35726
IKMRSY;35997,36160
IKMSSU;
IKMSTU;3804,17676,36163
IKNNNO;
IKNNPU;27599,35344
IKNNSY;31815,36164
IKNNTU;15001,35359,35362
IKNOOR;36166,36167
IKNOPS;25037,36164,36169,36171
IKNOPT;25040,36166
IKNORW;36126,36167
IKNOSS;16916,25041,28358,34653,35350,36159,36161,36168,36170,36171
IKNOST;20304,20959,23837,25023,25038,27605,28548,33099,33112,33118,33121,35772,36003,36130,36147,36174
IKNPRS;36169
IKNPSS;33113,33117,33125,35154,35729,35992,36002,36149,36170,36171,36175
IKNPTU;16920,33124
IKNSST;3807,9679,15011,16924,17683,23846,25043,32759,33074,33128,33132,35370,36004,36168,36170,36175
IKNSSU;24659,25043,34650,34996,35370,36004,36131,36149,36175
IKNSSW;15012,17679,25041,33129,36161
IKNSTW;15016,32760,33077,33121,36173,36174
IKNSTY;15017
IKNTWY;
IKOOPT;36166
IKOORS;17684,17685,25031,36158,36176
IKOORU;
IKOPTU;
IKPPSY;
IKPRSU;27614,33087,33123,33146
IKPSTU;
IKQRSU;12263,35732
IKQRUY;35999
IKRRSS;
IKRSST;34654,36177,36179
IKRSTU;17688,36163,36165
IKSVVY;
ILLMOU;12268,17326,28551
ILLMPY;17698,28552
ILLMSY;20966,25054,35784,36191,36192
ILLNOT;17547,17706,25055,33172,33175,36014,36194
ILLNOY;16931,24663,28360,33154,33173,34513,34866,35331,35376,35380,35381,35785
ILLNUW;27622,34657
ILLOPW;17713,27624,35175,35386,36189,36199,36204
ILLORT;27627,33187,33190,34582,35378,35789,36014,36194,36201,36204,36208
ILLOWW;27630,28210,33191
ILLPRS;
ILLPSS;28619,35387,36137,36190,36202,36206
ILLPUV;33156,36008,36021
ILLQQU;
ILLQSU;33198,36195,36207
ILLRST;17730,36208,36215
ILLSST;17712,28554,36018,36197,36206,36210
ILLSSW;6497,15065,17700,32327,33201
ILLSTW;17733,20929,36212
ILLSTY;28555,28618,31188,33179,35001,36213
ILLSUV;15068,16456,17734,32788,33180,33207
ILLTWY;17732,36214
ILMNOU;6501,12281,20331,25064,25066,28363,33221,35401,35402,36023,36219,36221
ILMNRU;20332,30070
ILMNSU;36024,36030,36138
ILMOOS;17751,17767,28620,28624,34661,35393,35410,36187,36188,36218
ILMOOV;
ILMOPY;12286,17756,24939,25070,28470,35394,35796,35797
ILMORS;20975,25068,34662,35395,36187,36223,36224
ILMORW;28621,33060,36133,36142,36189
ILMOSS;17758,17771,17776,25065,34664,35397,36140,36143,36190,36191
ILMOSU;17343,17773,17778,23882,24805,31856,33241,33242,35793,36222,36223,36225
ILMOTU;6505,17778,19007,20798,20976,33221,33241,34665,35401,35799,36221,36225,36226
ILMPPY;17780
ILMPRY;12292,17698,25072,34666,35412
ILMPSY;25070,25072,34630,35739,35796,35802,35996,36192,36229
ILMRSY;17741,17774,24942,25072,35997,36224
ILMRTY;17565,17775,36224
ILMSSU;9712,12295,17787,25021,25074,28616,28625,34664,36228,36230
ILMSSY;28626,36143,36191
ILMSTU;20976,20977,27654,33170,33213,33229,33241,33254,33256,33258,35803,36223,36225,36230
ILMTUU;23888,33258,33260,36227,36230
ILMYZZ;
ILNOOS;17751,34661
ILNOOT;6506,9717,17791,17802,24943,25055,25081,36036,36041,36194,36233,36238,36242
ILNOPP;17703,17804
ILNOPT;3861,9720,17347,17755,17802,17804,17808,17809,25083,36233
ILNOQU;36037
ILNOST;20959,24947,25023,28563,34631,35772,36038
ILNOSU;16465,17708,17795,17815,20968,20979,34669,36016,36257
ILNOSY;9724,17816,18626,20960,25084,25086,28631,36127,36257
ILNOTU;28564,36221
ILNPRU;3868,17798,17823,19614
ILNPST;
ILNPSU;36198,36258
ILNPUY;24811,33308,33312,36150
ILNRTY;35465,35805,36046,36252
ILNSSY;3872,17002,35467,36246,36254
ILNSTU;20879,20937,20980,36030
ILNSVY;17007,17816,20938,36257
ILOOPS;21521,22463,27680,33231,36151,36260
ILOORT;12315,16470,17351,17768,17841,17845,20983,22466,25092,35425,36194,36201,36233,36238
ILOOST;34671,36188
ILOOYZ;24815,25091,35807
ILOPPY;24816,25097,27683,28635,33278,33339,34658,36184
ILOPRX;17770,36205
ILOPRY;17850,19617,28636,28640,33348
ILOPSS;12318,17352,20984,25101,28474,28570,35387,36049,36140,36190,36202,36234,36244,36245,36246
ILOPST;25025,28642,36267
ILOPSU;17848,28379,34659,36222,36270
ILOPSW;33356,35438,36245
ILOPSX;33354,35812
ILOPTU;17849,23918,25083,33284,35441,36266
ILOPTY;17809,17850,23919,28640,28642,33186,33285,33339,36051,36267,36269
ILOQRU;20363,27690,36271
ILORST;35481,35789,36032,36048,36052,36053,36224,36267
ILORSV;3881,6516,9740,17575,17860,36053
ILORSY;12321,15181,17715,17774,17858,17860,25084,25102,25817,27696,28645,33239,34674,34675,35444,36209,36224,36251
ILORSZ;15182,17716,33189,33365,36200
ILORTU;17849,17861,17862,36271
ILOSSU;17864,23925,25096,25103,25105,33360,33370,34664,35022,36210,36268
ILOSTV;9743,17779,36225,36256
ILOSTW;34671,35479,36212,36253
ILOTTW;17666,36214
ILPPRY;17867,25097,28577,33375,33382,36272
ILPPSU;35457,35800,35821,35822,36222
ILPPSY;30133,33382,35822,36022,36044
ILPPTU;17723,27710,33383,36227,36266,36272
ILPRTY;17725,17850,28640,28647,33391,33394,35023,36267,36272
ILPSST;25107,36228
ILPSTU;24695,25106,25107,28648,35024,35232
ILPTTU;17828,27717
ILQRSU;3888,15211,30145,33401,33402,33403,33404
ILQSTU;15213,17830,17854,17876,33198,33402,33405
ILRSSW;
ILRSTU;18629,20977,25106,34678,35463,36274
ILRSTW;31231,32374,33408,33418
ILRSTY;24957,25102,25108,35747,36224,36267
ILRSWY;3894,20973,28645,34675
ILRTWY;12332,15232,17361,17732,33319,33409,35816,36046
ILSSTT;17863,35748,36057
ILSSTU;25074,25103,25107,27724,31238,32382,32850,33093,33256,33370,33398,33427,34420,34651,36210,36228,36230,36268
ILSTTU;17838,17876,17882,20989,35468,36216,36231,36273
ILSTTW;15237,17582,20943,31240,31922,32386,33418
ILSTTY;20989,24960,25108,34680,36216,36231,36255,36273
ILSTUU;17839,20980,33258,33405,33427,35803,36058,36230,36274
ILSTWY;15239
IMMMOS;
IMMNOS;3900,12336,15244,17890,24961,27732,33208,33436,36276
IMMNOU;17887,23941,28581,36023
IMMOOR;17738,24822,34681,36063,36279
IMMOOS;28651
IMMOSU;22471,28651,35793,36065
IMMOTU;12339,36279
IMMOTW;
IMMSTU;6526,17743,17892,35488,36066,36282
IMMSWY;36027
IMNNOW;17032
IMNNTU;17748,17901,17903,27743,33435,36069
IMNOOR;34681,36294
IMNOOS;17751,24962,34661,36218,36288
IMNOOT;25117,36061,36067,36286
IMNORS;35828,36071,36297,36299,36300
IMNOST;24964,25121,28480,28655,28660,28661,35831,36072,36077,36300,36301
IMNOSU;15266,16484,17913,17917,28481,28659,28660,28662,32395,33100,33474,34684,36128,36284,36287,36299,36301
IMNOSY;24830,25120,25123,31936,35399,35515,35830,35831,36160,36300
IMNRRU;20996
IMNRTU;35517
IMNRUY;17764,31944
IMNTUX;
IMNTUY;17370,33230,36062,36079
IMOOTV;36311
IMOPRS;3920,17908,28587,28668,34638,34662,36071,36297,36303,36305,36315
IMOPRT;9777,17909,25118,27766,33468,33498,35504,35834
IMOPRV;
IMOPST;25033,35505,36064,36072,36081,36289
IMOPSU;36222,36305
IMORRR;27769
IMORRS;12352,15295,17935,17936,23970,25034,27770,33238,33497,33508,33509,34688,35263,36291,36299,36303,36315
IMORSU;6530,17061,17773,17913,17936,17939,20889,28487,28668,34422,34684,34688,35510,36299,36305
IMOSST;17894,17942,21000,21001,36312
IMOSSX;30207,33526
IMOSSY;17776,17934,18634,21001,28626,33105,33523,36083,36143,36191,36312
IMOSSZ;33527
IMOSTU;17778,17917,20976,24835,25121,25129,25130,34665,34690,36226,36301,36306
IMOSTV;17779,35843
IMOTTT;30208
IMOTVY;36084,36311
IMOTYY;
IMPPRS;17604,30209,33495
IMPRSS;17945,20947
IMPRSU;3922,17781,28668,34591,35037,35845,36305,36318
IMPRSY;36315
IMPSTU;17921,35518,35845,35846,36123
IMPSUX;
IMQRSU;27781,30219,33540
IMRRSS;15316,33107,33508,33545
IMRRSU;17785,17936,34688
IMRRSY;3925,9784,17897,36315
IMRSST;35847,36329
IMRSTU;28674,34691,35845,35848,36087,36088,36282,36330
IMRSUU;12358,16489,17898,17927,27784,28674,28675,32427,33550,34691,36302
IMSSSU;17379,36089,36217,36283,36324,36327
IMSSTU;33256,33488,33541,33555,33556,35525,36230
IMUZZZ;
INNNOS;17956,17957,24705,25133,35526,35527,35528,35529,36284,36334,36336
INNOOR;24708,25134,31958,32904,33560,35041,36337,36338
INNOOS;17678,25006,25036,25135,28627,28653
INNOOT;9789,17791,17958,17959,17960,25007,25132,25134,25137,25138,33454,33560,33561,36036,36067,36286,36332,36337
INNOOY;17961
INNOPS;25037,28678,36342
INNOPY;
INNORS;12364,16492,25139,35776,36232,36334,36342,36343
INNORT;12365,17074,17962,21004,24973,25134,34541,35277,36333,36335,36337,36344
INNORW;15341,21004,23991,33574
INNOST;24975,25038,25141,28655,35988,36038,36336
INNOSU;17076,17795,28395,28592,31966,32908,33566,33569,34640,35415,35528,35547,35552,36068,36232,36284,36287,36334,36340,36342
INNOTW;21004,28489,32435
INNOWW;25822,27794,33574
INNPSU;17799,17968,31255,31968,33268,33585,33587,35281,35530,35553,36340,36342
INNPSY;
INNRSU;25139,36232,36334,36342
INNRTU;27797,33572,33591,36335,36344
INNSTU;24977,25009,35989,36096,36097,36125
INOOPS;3940,12370,27804,28593,28680,33459,33597,33600,34692,36288,36290
INOOPT;12371,17802,17976,25143,27805,30243,36332,36352
INOORS;17977
INOORZ;33605
INOOST;17980,17981,21527,24980,34423,36357
INOPPR;17983,24718,28403,35570
INOPPS;12374,36288,36296
INOPRS;24982,25082,25145,35828,36071,36169,36297,36343
INOPRT;21528,25118,28687,34424,36333,36359,36360
INOPRU;17387,27815,33563,33618,36338,36359,36360
INOPSS;25151,34425,36171,36245,36246,36362
INOPST;9803,12378,17910,17964,17993,25152,34426,35859
INOPSW;17993,28678,35859,36169,36173,36245,36297
INOPTT;36352,36359
INOPTY;17809,17995,21530,24843,25040,25152,28687,30246,33285,35544,35584,36360
INOQSU;28595,33566,33624
INORSS;12381,18001,18002,21006,21007,28493,35860,36043,36100,36248,36249,36364
INORST;36130,36174,36300
INORSY;20421,21531,24987,25084,25120,25157,33638,34696,36160,36251,36300,36343,36356
INORTT;9811,17999,36344,36359
INORTU;34641,36335,36344,36359,36360
INORTX;25158,30253,32003,33637,35861,36252
INOSSV;15377,18010,27830,33578,33633,35065,35602,36364
INOSSZ;36346
INOSTT;24989,28685,36003,36102,36255,36357
INOSTU;12386,17917,18011,20426,27832,28219,28660,32453,33624,33648,36102,36301
INOSTX;12387,18006,36077
INOSUV;17815,25149,25161,34913,36256,36257
INOTUW;
INOTVY;18007,20951,33649,35607,36103
INPPSU;36162,36296
INPPSY;17125,17820,33653,36044
INPRST;35307,35979,36078
INPRSU;
INPRTU;35517,35579,36359
INPSTU;24992
INPSUY;33312,35614,36150
INPSUZ;35311
INQSTU;24993,36096
INQSUY;30270
INRSST;21006,21009,25154,25162,35860,36100,36104,36248,36353,36371
INRSTU;28692
INRSXY;33672
INRTVY;18007,32954
INRTWY;3961,36046
INSSTT;27854,32039,32956,33132,33320,33592,33671,33680,33681,35321,36106,36371,36374
INSSTU;20844,21009,25043,25162,34594,35078,35322,35370,35618,35981,36004,36104,36175,36368,36371,36374
INSTTY;3968,9830,17975,18028,36255
INSTUU;17399,17839,27857,33648,33666,35621,36005,36125,36301,36302,36372
INSTUW;33596,33677,33682,35324,35557
INSTYY;9831,35521
IOOPRS;24044,25145,25165,25168,31271,33134,33597,33687,33689,33690,35560,35624,36260,36303,36304,36305,36348,36378,36379
IOOPRT;12396,17841,20895,28693,28695,33689,35864,35866,36304,36378,36379
IOOSSS;27865,35477,36349
IOPPPT;
IOPPSZ;
IOPPTT;17985,33706
IOPPTZ;
IOPQSU;33707,33708
IOPRRS;12400,18033,21012,22486,35624,35628,36303,36315,36375,36391
IOPRRY;28413,34687,36110,36315
IOPRST;35630,36048,36267,36379,36395,36396
IOPRTU;17849,35579,35630,36359,36360,36394,36395,36396
IOPSST;9837,18039,25174,34644
IOPSSY;17934,20984,25127,25151,25174,33730,36171,36246,36362
IOPSTT;18039,24996,25045,36081
IOPSTU;19022,21537,36395,36396
IOPSTV;27878,32963,33692,33718,36107
IOQSTU;17854,25170,33507,33624,33708,33736,33737,36306,36399,36400
IORRST;6555,17628,17935,18033,18042,18043,21014,25153,25175,35327,35587,36380,36402
IORRTW;18045,24060,27884,30316,32480,33629
IORRTY;18045,28643,36110,36380
IORRZZ;27885
IORSST;24860,25154,28599,28700,28701,34672,35589,35714,35760,35860,36100,36114,36248,36402,36405
IORSSU;21007,25172,34697,35590,36113,36249,36354,36364,36383,36393,36406
IORSSV;36364,36376,36383
IORSTU;18636,21014,21019,36115,36395,36396,36400,36408
IORSTZ;16502,30321,32062,32967,33639
IORSUV;20451,28602,33364,33719,33746,33755,36115,36383,36386,36391,36397,36403,36408
IORSVZ;30323
IOSSTT;21016,24075,25047,28701,32064,32968,33524,33699,33727,33750,33759,33761,36382,36392,36405
IOSSTV;35602,36054,36114
IOSSTZ;15467,32969,33527,33762
IOSTTU;18011,21020,25049
IOSTXY;36213
IOTTUW;
IPPQUU;
IPPQUY;
IPPRTY;18054,30333,33770,36272
IPPTUY;36272,36409
IPQSUU;
IPRRTU;12415,25001
IPRSST;35082
IPRSSU;17871,18015,36393
IPRSSY;18056,28503,36055,36369
IPRSTT;3979,9852,18016,36370
IPRSTU;25106,35845,36318,36394,36396
IPRSTW;15493,21013,32503
IPRSTY;17946,18054,18056,36267,36379,36396
IPRSTZ;27907,33776,33784,35329
IPRSUY;33778,35614,36396
IPRTUY;28647,36085,36272,36396
IPRTWY;
IPSSTU;18020,24086,25051,25107,32505,33398,33788,34598,35878,36175
IPSTTU;17635,18021,35616,36370
IPSTTY;28603
IPSTXY;33789
IPSVVY;33787
IPTTTU;27909
IPTTUY;35617
IQRRSU;15508,27910,30363,33401,33540,33790
IQRSTU;3980,9855,18022,36399,36400
IQSSTU;9856,33541
IRSSTU;20955,21009,21021,34654,35618,36104,36371
IRSSTW;9861,15525,17420,17950,30387,31306,32517,33800,33805,36405
IRSSTY;9862,12418,17687,17951,18056,25181,28705,33549,33751,35847,36329,36369
IRSTUV;18051,36088,36115,36386,36408
IRSTUZ;15530,17177,17688,31309,33807
IRSTWY;3985,33152
IRTTUX;33812
ISSSTU;9864,17421,18029,28415,36089,36283,36324,36327,36373
ISSTTW;17422,30398,31312,33681,33761,33805,33817,35983,36106,36374,36405
ISTTTU;34700,35622
ISTTWY;
JLLOOP;
JLSTUY;36414
JMNOOS;
JMORSU;
JNNOTU;21539,25182
JNOORU;25183,36417
JNOPSU;
JNOSTU;35336
JNSTUU;33828,36125,36414
JOOPPY;27924
JOOSUY;36415,36419
JORRSU;12424,33826
JOSSTU;28604,33833,33835
JOTTUU;
KKLMUU;21540
KKLOOZ;33838
KKLSSU;33839
KKMMUU;35991
KKMOOU;
KKMOSU;36128
KKMTUU;
KKNORS;24115,36130
KKNRSU;33037
KKNRUU;
KKNSSU;36131
KKNSUY;
KKOOPU;
KKOSSU;36421,36424
KKOSTU;25013
KKOTUU;
KKSSTT;27927
KKSSUU;35715,36131,36424
KLLNOS;33842,35341,35993
KLLNOY;
KLLOSY;9879,33843,34648,36121,36135
KLLSSU;20957,24120,33841,36137,36426
KLMRUY;4000,15561,18076
KLNOOP;28608
KLNOPS;33846,36146
KLNOPY;
KLNPSU;
KLNPUY;36150
KLNRSU;35348
KLNRUY;
KLOOPS;4004,25189,25197,33852,36151,36430
KLOOPU;27929
KLOOPY;6570,36151
KLOOSS;20475,24127,32527,36139,36152
KLOPSU;31321,33083
KLOPUY;
KLRTUU;24475,34710
KLTUYZ;
KMOOOR;21027,21542,25203,25204,28707,35888,36129,36432
KMOOSS;25032,32533,33864,36139,36159,36421
KMOSUX;33860
KMOSUY;
KMPRSU;27933,33867
KNNOSW;6577,25039,35357,36155,36434,36435
KNNOTU;35359
KNNSUU;24873,35889
KNOORR;35890,36167
KNOORS;18094,22498,25205,35638,36158,36435
KNOOSS;33872,35635,36159,36168
KNOPRS;30435,33846,36169,36438
KNOPSS;33117,33875,36170,36171
KNOQSU;
KNORRU;35887
KNORST;17680,18094,18097,35368,36130,36147,36174,36427,36438,36439
KNORUW;27935
KNORUY;
KNOSST;18098,25208,33848,33876,36168,36170
KNOSSW;25041,36161
KNOSTU;36437
KNOTTY;36148
KNPSSU;15601,33125,33850,36149,36175
KNPSUY;36150
KNRRSU;
KNRSTU;9898,12433,18088,18097,24149,25209,27936,31326,33880,36163,36165
KOOPSS;6581,25212,35781
KOOPSY;33886,36151
KOOPTU;33887,33888
KOORST;17684,18089,18094,25215,36176,36433,36440,36441,36442
KOORSU;33892,36433,36442
KOOSST;33136,33890,36152,36168
KOOSSU;25214,36421
KOOSTW;21030,33891,36441,36442
KOOTTU;
KOOTWW;27940,33893
KOPRSS;15610
KOPRUW;
KORSST;18091,36177
KOSSSU;25219,36154
KRRSUY;
KSTTUU;
LLLOOP;17434,22501,25222,27944,36182
LLMMUU;
LLNORU;20903,27949,28714,33919
LLOOPY;32088,35640,35641,36450
LLOOTU;
LLOOWY;34918,35641,35896
LLOPRS;36447,36449
LLOPRU;24479,27954,33919,33932,33933,36448
LLOPRY;35898,36450
LLOQSU;36195,36207
LLORST;6594,35789,36208,36449,36452
LLORTY;18112,36450
LLOSSY;24174,32090,33843,33941,35390,36135,36191,36211
LLOSTY;6596,9919,17445,17718,18123,18130,28618,36213
LLOSWY;20695,20970,35790
LLOSXY;33923,36213
LLOTUY;21036,21548
LLPPUU;
LLPSUU;33914,36198,36453
LLRSTU;36208,36215,36452
LLSSTU;30490,33940,33948,36210
LLSXYY;
LMMOUX;33953
LMMPUY;
LMMSUY;25062,33957
LMMTUU;
LMOOOO;36457,36458
LMOORU;12451,18143,19038,36459
LMOOSS;4053,36462
LMOOSY;18142,21044,28716,35410,36460
LMORSS;36031
LMORSU;25826,28713,28719,34725,35655,36223
LMOSST;
LMOSSU;18138,19041,25223,28625,34664,36426,36462
LMOSTU;15735,17778,18148,20976,25229,33241,33913,33982,33984,33985,34665,34725,36223,36225,36226,36465
LMOSTY;6602
LMPPSU;4058,35800,36222
LMPPUY;
LMPRUY;34666,35412
LMPSSU;18139,33250,33988,33990,36228
LMPSUY;36192,36229
LMSSTU;9933,20537,25074,33256,33958,36228,36230,36466
LMTTUU;27975,33260
LNNOSY;18158,34000
LNOOPY;18167,18168,35903,36236,36455,36456,36468,36469
LNOORS;4072,9939,12461,18156,18163,18170,20540,24203,25232,30523,34727,35656,35659
LNOOSS;36470
LNOOST;9941,18165,18170,25232,33963,34003,34007,34728,36471
LNOPSY;9943,17457,18158,18175,35660
LNOPTU;25083,35441
LNOSTU;12472,34728,35667
LNOSUU;17208,20544,20979,22503,27989,28718,28721,28726,34023,36220
LNOTWY;18160,27991
LNPTUU;9949,24218,34026
LNRUUY;34027,34029
LOOORT;25236,28509,36458,36467
LOOOSV;
LOOPRS;9953,18140,18163,18181,18182,25197,36260,36430,36447,36449,36477,36478
LOOPRY;18141,28636,34032,35672,36450,36469,36478
LOOPSS;25224,35673,36234,36261,36470
LOOSST;16547,18120,21051,25241,28423
LOOSTT;6616,35808,36153,36262,36477,36479
LOOSTV;34047
LOOSTY;21051,28735
LOOVVX;34048
LOPPPY;
LOPPRY;25097,34008,34032,34049,35898,36464,36469
LOPPSU;18186,18188,36222,36265
LOPPSY;28731
LOPRRY;
LOPRSU;24486,25243,28723,34735,35662,36243
LOPRSW;18079,25099,36430
LOPRTY;6619,17850,18173,28640,36450,36464
LOPSTU;18192,18196,18197,25200,25229,25243,28734,35904,36451,36453,36479
LOPSUU;6621,9961,12478,18196,24233,34072,36270,36453
LOPTTY;34011,34732,36269
LORSUY;18147,18200,18203,21054,28719,36209
LORTTY;
LOSSTY;18206,21051,25241
LOSTYZ;
LOSYZZ;
LPPRUY;17867,34083,36272
LPPSUY;18207,33946,34083,35822
LPRRUY;
LPRSSU;
LPRSTU;4100,17872,18149,18192,18209,25106,25243,34735
LPRSUY;15876,20565,24253,31388,34083,35908
LPRSYY;16557,34066
LPSSUY;
LRRSUY;18200
LRSTUY;4108,6635,16560,17466,21054,21056,35902
LRUUXY;
LSSTUY;20573,30613,34099
LSTTUY;15918,20574,20989,34097,34680,36216,36231,36273
MMNOSU;24268,28034,34108,34111
MMOOPP;
MMOOTT;36483
MMRRUU;20578,28038,34122
MMTUUU;
MMUUUU;
MNNOUW;
MNOOPP;
MNOOPT;36493,36496
MNOORS;24487,35681
MNOORU;21061,25116,28044,36496
MNOOSY;28716,35909,36481,36482,36497
MNOOTU;18234,34144,36496
MNOOTW;18235,21060,32606,34145,36494
MNORSU;15956,17232,17913,21063,24281,30637,32152,33474,34108,34147,34152,35510,36299
MNOSTU;25121,25251,28660,35514,36301,36490
MNOSUV;34142,34155
MNOTTU;17919,18225,34113,36221
MNPTUY;18213,36079
MNSTUU;21057,25252,36301,36302,36490,36502
MOOPRS;25253,34740,36303,36304,36305,36447
MOOPRY;17236,18141,28665
MOOPSS;17477,18250,24285,25254,34159
MOOPTT;
MOORRS;6637,18214,19652,36291,36303,36506
MOORRW;12502,15984,25250,34712,35915,36432,36504
MOORSS;4123,18249,18250,21066,25125,34159,34165,34166,34686,36499
MOORST;12503,18089,18251,18253,20998,21067,24488,25126,25253,34740,36292,36304,36308,36309,36310,36433,36507,36508
MOORSV;
MOORTY;18252,18254,21068,28058,34139,34167,36293,36310,36311,36483,36508
MOOSST;9980,15988,18231,18255,25254,28667,33493,34140,34165,34168,34169,36312
MOOSSU;18255,21062,21066,34166,36421,36462,36499
MOOSTT;18232,36308,36500
MOOSTY;18256,36310,36312,36497,36508
MOPPRT;28061,34172,36464
MOPRST;6638,9981,18090,18145,18251,18258,25253,34740
MOPRSU;17239,25255,28428,28668,36305
MOPRTU;24294,33976,36459,36488,36496,36509
MOPSST;6639,18260,25254,34119,34176,36484
MOPSSU;28669,36298,36320
MOPSTU;9982,18215,18240,24295,25229,25251,34174,35880,36416
MOPSTY;33506,36497
MOQRUU;
MOQTUU;
MORRSU;34688,36299
MORRUU;28063,34179
MORSST;25256,36501,36510,36511
MORSTU;6640,16567,18263,20912,21067,21069,28749,34725,35683,36433,36508
MORSTY;9985,17484,18243,32625,36508
MORTUU;35923,36509
MOSSTU;6641,16569,18255,21069,34183,35096,36501,36510
MOSSTW;16012,21000,34168,34186,36325
MOSSTY;21001,34169,36083,36312,36484
MOSTTU;4129,18148,18263,31402,33530,33984,34189,36323
MOSTUU;25129,33985,36301,36416,36465,36490
MPRSTU;18149,35845
MPRSUU;34121,34192
MPSSTU;
MPSTUU;25252,36123,36416
MPSTUY;35846,36229
MRRSUY;
MRSSTU;21069,25256,34741,36466,36501,36510,36511
MSTTUY;36231,36330
NNNORU;6643
NNOOPT;17244,34201,36332,36337
NNOORY;18157
NNOOTW;28754
NNORTU;21070,28758,35924,36335,36344,36488,36519
NNORUW;21070
NNOSST;35548,35925,36345,36517
NNOSUW;18224,36434
NNOTUW;17249,21070,28073,28758
NNPSUU;35684
NNRTUU;
NOOPRS;25145,25264,25265,28762,34746,35560,35659,35928,36520
NOOPRT;31408,35929,36467,36493,36496
NOOPSS;24312,25263,25266,36470
NOOPSY;34692,35660,35930,36236,36497
NOOPUY;
NOORST;34743,36518
NOORTU;30698,34567,35929,36496,36519
NOOSST;18231,35933,36517
NOOSSW;28087,32646,34141,34225
NOOSTY;28686,34231,35930,36241,36356,36497,36518,36525
NOOSUY;21075,36419
NOOSWY;20860,36525
NOOSYZ;
NOOTTU;25274,36352,36519
NOOTUW;34729
NOPPRU;28761,32169,34232
NOPRSY;18238,25275,35099,36343,36438
NOPRTU;18172,18286,18287,18289,21077,30707,33618,34237,35929,35935,36359,36360,36488,36496
NOPSTU;21077,28097,34240,36437
NOPSTY;25152,25275,25276,30711,36438,36497
NOPSUY;
NOPSUZ;
NOPTUW;34237,35935
NORSST;17251,18001,18241,18292,21006,25154,35589,35860,36100,36248,36501
NORSSU;16083,18281,18291,18292,28106,28770,28774,30716,32175,32656,33632,34013,34209,34247,34249,34748,35590,36249,36354,36364,36418,36499,36501,36521,36523
NORSTW;12530,16087,16572,18005,20614,24334,32178,33878,35592,35936,36174,36524
NORSTY;25275,35593,35664,36251,36300,36356,36427,36438,36439,36518
NORTUU;28708,34245
NOSSTU;18098,18275,18292,25208,25234,36501,36523
NOSSUW;35666
NOSTTY;34251,36255,36525
NOSTUW;16573,17253,20916,22516,28114,28524,28766,35693,35936,36524
NOSTUY;18245,25235,32180,32662,34253,35103
NPRSSU;28770,36368
NPRSTU;21077,35690
NPRSUU;28771,35613,35684,35691,35694
NPRTUU;24343,28118,34026
NPSSUU;34260
NRSTTU;
NSSTTU;28124,33680,34256,36374
OOOOZZ;
OOOPST;18303,22517,24350,25210,25278,25279,28776,34751,34752,35892,36514,36531,36533
OOPPRT;
OOPPST;28780,33688,34220
OOPPTU;34739
OOPRRT;12543,16575,18277,28693,28781,34750,36503
OOPRSS;18250,35695,36536
OOPRST;10012,18182,18251,18303,18308,18310,25168,25253,25283,28776,28780,28783,34740,34751,36304,36378,36379,36441,36449,36477,36531
OOPRSU;18311,25265,25285,25286,34034,34275,34746,36305,36478,36515
OOPRTU;18183,35929,36459,36496
OOPSST;20917,21083,22518,25254,25283,34435,35695,35946,35947,35948,36261,36350,36517,36536
OOPSSW;12545,35947
OOPSTT;25213,31428,34223,34289,34752,36262,36351,36378,36436,36477
OOPSUY;36476,36478
OOPSWY;21049,28736,28784
OOPTTU;36352
OOPWWW;28134
OORRST;28785,36380
OORRSW;4157,18031,24749,25267,28136,31429,34292,34294,34747
OORRSZ;33696
OORSST;18316,20630,24357,25283,25288,32676,33890,34038,34165,34282,34293,34295,34296,35695,35697,36536
OORSTU;21067,28139,28777,28785,32188,34040,34295,35697,35699,36433,36452,36508,36534,36541
OORSTV;31431,32677,36386,36440
OORSTW;6657,12547,18310,28783,31432,33891,34286,36441
OORSTY;20631,35699,36310,36356,36379,36380,36385,36508,36518
OORTUW;35950
OOSTTY;36109,36385,36525
OPPPRU;
OPPSSY;
OPRSST;25283,35695,36536
OPRSTU;21077,22522,25243,25291,28439,34735,35630,35690,36394,36395,36396
OPRSTY;18324,18328,18329,30778,32689,36379,36396,36438
OPRTTU;36359,36394,36509
OPSSSY;34239,36362
OPSSTU;28150,34321,36540
OPSSTW;17510,18331,30782,34322,35947
OPSTTY;18328,33733,36269
OPSTUY;34074,36396
OPTTUU;36509
ORSSTU;21069,35697,36480,36501,36510,36511,36523
ORSSTW;36405
ORSSTY;18338,25831
ORSTTU;16578,18263,18327,18339,24905,36444,36534,36537,36541
ORSTUY;21019,21054,21085,24387,32697,34077,34253,36396,36508
ORSUVW;16200,34184
ORTTUY;18265,34699
OSSTTT;30810,33759,34320,34337,34344
OSSTTU;10026,16580,18104,18205,18341,36540
OSSTXY;18206
OSTTTY;
OSTTWY;36525
PRRSUY;35954
PRSSTU;6662,18297,18343,21086
PRSSUU;20921,21086,36393,36412,36545
PRSSUY;18344,24396,34348,34352,34355
PRSTUY;18329,36396
PRSUYY;
RSSTTU;21021,28704,36328
RSSTTY;36329
RSSTUU;19056,21086,34741,36412,36466,36480,36511,36547
RSSTUW;
RSTTUY;4169,34097,34356,36273,36330,36530
SSTUXY;
