AAAADNP;
AAAALTY;
AAAANRW;
AAAARRS;23,25,53
AAAASTT;49,52,53
AAABBCL;
AAABBKL;
AAABBLS;
AAABCCL;63
AAABCCR;
AAABCHT;69
AAABCIR;70
AAABCLO;
AAABCLS;3,74
AAABCLV;
AAABCMR;
AAABCNR;65,78,79
AAABCNS;3,60,62,82,85
AAABCOR;87
AAABCSS;68,76,77
AAABCTW;
AAABDFR;
AAABDGS;91,96
AAABDHS;
AAABDJS;
AAABDLM;88
AAABDNN;93
AAABEGL;88,104
AAABFLL;
AAABGIL;
AAABHLQ;
AAABILX;
AAABIPS;117,144,145
AAABISS;98,114
AAABITV;
AAABKKS;
AAABKLS;7
AAABKLV;
AAABKLW;
AAABKPS;119
AAABKRS;119,120
AAABKSY;120
AAABLLW;
AAABLMT;57,63
AAABLPR;
AAABLQS;
AAABLST;56,74,85
AAABMOS;101
AAABMST;75,144,149
AAABNNR;
AAABNNS;6,82
AAABORR;87,150
AAABRST;75,103,149
AAABRSX;
AAABRSZ;140
AAABSTT;74,125,145,147
AAACCCH;
AAACCHM;
AAACCIS;160,176,177,178,179,183
AAACCLM;63,155
AAACCLP;11
AAACCLR;
AAACCRS;163,169,173
AAACDGS;
AAACDIR;
AAACDLU;
AAACDMM;14,191
AAACDNS;157
AAACEHR;162,163
AAACENP;211,230
AAACGNT;242
AAACHHL;
AAACHLZ;
AAACHNT;79,242,264
AAACHRY;267
AAACILM;155,243
AAACIMR;180,208,254,285
AAACINP;
AAACINR;22,79,223,249,250,254,282,289
AAACIRS;176,183,258,283,287
AAACJMR;
AAACJNS;13,229
AAACLLV;245
AAACLMN;24,194,294,295
AAACLMR;24,194,231,292,294
AAACLNT;24,175,264,278,280,294
AAACLPS;217,266,293
AAACLPT;230,231
AAACLRZ;
AAACMNP;
AAACMRS;26,75
AAACNNR;195,200,210,223,235,250,286,298
AAACNPT;230
AAACNRS;282,287
AAACNRT;79,223,242,254,267,289,294,298,301
AAACNRU;22,208,239,292,294
AAACNRV;250,295
AAACNST;82
AAACNTT;242,289,298,301
AAACPRX;
AAACPST;270
AAACRWY;
AAACSST;179,185,253,259,296
AAACSSV;
AAACSTT;74,222
AAADDMO;
AAADELM;88,304
AAADFRY;
AAADGGH;197
AAADGGS;
AAADGIL;197,198,338,339
AAADGRS;91,311,337,342,345
AAADHHS;346,347
AAADHMM;
AAADHMR;
AAADHMS;157
AAADHNS;157
AAADHWY;
AAADILX;
AAADIMN;208,303,325,326,359
AAADIRT;205,207
AAADJMR;
AAADKNW;
AAADLMN;194
AAADLMW;
AAADMNT;27,325,359
AAADMPP;
AAADMRS;209,311,332,333,342
AAADNNS;363
AAADNPS;328,345,353,357
AAADNRS;310,328,333,342,345,353
AAADNRT;365
AAADWYY;
AAAEGLT;30,319,320,392,393
AAAEGNP;383,398
AAAEHLT;113
AAAEIMN;109,216,303,325,326,372,379,385,415,419,427,431
AAAEKST;402
AAAELMP;
AAAELSZ;121
AAAEMRT;4,231,399,403,411,422,427,436,444,445,457
AAAENST;377,397,405,434,447,451
AAAERWY;
AAAFFLL;
AAAFHRT;
AAAFIRT;
AAAFNRS;310,464
AAAFRWY;
AAAGGLN;129,240,315
AAAGHIP;477,478
AAAGHLN;
AAAGHNT;242,480
AAAGHPR;215,480
AAAGILN;129,240,244,245,339,385,472,483,487,488
AAAGINR;109,250,318,339,385,471,483,485
AAAGINZ;
AAAGIPT;478
AAAGISS;135,247,248,470,491
AAAGJMU;
AAAGKNR;471
AAAGLMM;30
AAAGLMN;104,110,385,483,487,488
AAAGLNO;240,244,340,472,487
AAAGLNS;
AAAGLRS;380,390,490,496
AAAGMMT;30
AAAGMNR;109,343,385,396,398,483,485,492
AAAGMNS;376,397,493,498
AAAGMTT;392,493,498
AAAGNNS;6,397
AAAGNPR;398,480,485
AAAGNRR;343,396
AAAGNRT;242,398,480
AAAGNRU;
AAAGNST;96,322,397,493
AAAGNTY;
AAAHHKL;
AAAHHLL;
AAAHHLV;
AAAHIKP;
AAAHIKW;
AAAHINR;79,200
AAAHIPS;38
AAAHIST;199,259,402,404,405,406,479,507,508,509,510,513,515
AAAHJKW;
AAAHKRS;261
AAAHLLS;108,130,518
AAAHLMR;
AAAHLNN;
AAAHLSW;
AAAHMMT;
AAAHMRS;371
AAAHMST;9,172,252,262,263,513,521
AAAHNSV;218
AAAHPRT;174,267,480,516,525
AAAHRTW;
AAAHTTT;
AAAIKKR;
AAAIKLT;274
AAAIKRS;416
AAAILLS;7,44,114,142,143,176,177,277,336,417,466,486,528,537,544
AAAILMR;422,489
AAAILNX;488,546,553
AAAILPS;21,281,357,417,420,528,547
AAAILRS;143,176,206,282,466,544
AAAILRT;46,70,141,205,207,284,422,424,543,552
AAAIMNS;249,532,535,545,557
AAAIMNT;280,325,359,379,415,488,511,546
AAAINPS;117,144,145,328,357,388,547
AAAIPRX;
AAAIPSV;
AAAIQRU;
AAAISST;179,253,259,313,404,467,505,563,567,569
AAAISTW;406
AAAISTX;
AAAJKST;
AAAJMPS;
AAAJMST;
AAAJMSU;535
AAAKKMR;
AAAKKNS;
AAAKKRS;
AAAKLMS;536
AAAKLMY;
AAAKLSS;
AAAKMMU;
AAAKNST;82,537
AAAKPPU;
AAAKPST;
AAALLPT;
AAALMPT;
AAALMRS;48,332,333,446,572
AAALMSS;185,296
AAALNNT;549
AAALNPT;
AAALPPS;106
AAALRRY;
AAALWYY;
AAAMMNS;342,363,545
AAAMMPR;
AAAMNNS;363,557
AAAMNNT;27,298,325,415,511,577
AAAMNPS;50,144,547
AAAMNRT;294,298,444,577
AAAMNSS;430,443,562,563
AAAMNST;252,262
AAAMNSW;
AAAMNTY;
AAAMORT;150,180,411,436,457,577
AAAMPPU;
AAAMPRT;4,231,445
AAAMRRZ;
AAAMRSS;433,456,458,562,563
AAAMRST;494
AAAMRTU;138,150,294,403,422
AAAMSTT;125,222,446,455,493,513,521,523
AAANNSV;
AAANNSZ;557,559
AAANNTT;298,549,577
AAANORW;
AAANPPS;345
AAANPPY;525
AAANRST;515
AAANRSU;149,512,535,575
AAANRTT;242,289,298,301,577
AAANSTT;145,451,493,513,524,568
AAAOPRZ;
AAAPPRT;480,525
AAAPPSY;
AAAPRSS;148,433,452,458,463,496,499,562,565,579
AAAPSST;148,296,452,458,463,567,579
AAAPTTU;
AAARSST;139,148,233,269,452,456,458,463,467,468,517,563,579
AAARSTV;381
AAARTTT;301,457,564
AAARTTU;538
AAARTXY;
AABBBOS;581,582
AABBCEG;
AABBCGY;
AABBCKR;599
AABBCMO;594
AABBCOS;596
AABBCSU;589
AABBDGR;609,610
AABBDHS;
AABBEGN;
AABBEIS;637
AABBELT;580,641,647,651
AABBERT;626,641
AABBGRT;
AABBHLS;592
AABBHST;
AABBIJL;
AABBLLS;602,658
AABBLOR;587
AABBLOS;658
AABBSST;618,623,652,653,656,666
AABBSSU;
AABBSTY;
AABCCEL;672,673,674,678,684,686
AABCCER;672,676,679,681
AABCCET;674,686
AABCCHH;
AABCCIR;695,696,698
AABCDIM;737
AABCDIR;725,726,734
AABCEFR;837
AABCEKR;676,679,681,708,729,847,859,904,908,910
AABCELN;801,844
AABCELP;674,686,832
AABCELT;594,674,686,724,732,800,833,878,885,886,920
AABCEMR;753,795,861
AABCEMS;740,845,879,902,917,919
AABCEOS;596,685,756,883,884
AABCERR;867,889,910
AABCERT;910
AABCFKT;
AABCHHR;949
AABCHIR;949,955,957,958
AABCHKO;769
AABCHMT;770
AABCHNR;960,963
AABCHOR;769,770,772,859,955,957,960,962
AABCHSS;68,794,860
AABCILM;943,984,985,987
AABCINR;698,945
AABCIOP;953,955,956,973
AABCITX;
AABCKLY;784
AABCKNN;
AABCKPY;
AABCKRR;698,904,910,945
AABCKRS;668,681,683,703,763,785,786,818,902,908,909,912,1005
AABCKSW;912
AABCKWY;784
AABCLMU;63,920,985,987
AABCLPY;686,970,1016
AABCLSY;1020
AABCMMU;1014
AABCMST;879,892,986,999,1021
AABCMSU;
AABCNRR;698,945,963
AABCORR;87,941,957,994
AABCORT;87,751,770,772,790,837,941,957,973,994,998
AABCOTT;885,954
AABCRSS;76,77,792,1012,1023
AABCSUU;937,1003,1019
AABCTTU;
AABDDEL;706,710,711,1029,1032,1033
AABDDEN;1032,1045
AABDDER;584,606,708,1029,1041
AABDDIK;
AABDDIN;1045,1052
AABDDLN;1032,1033,1039
AABDDNS;607,1035,1045
AABDEFL;669,715,1057
AABDEGM;88,1087
AABDEGN;1082,1084
AABDEHS;727,730,1043,1100,1103,1107
AABDEIR;725,726,1127,1128
AABDEIS;614,736,1108,1117
AABDEKW;1101
AABDELL;1101,1105,1109,1118
AABDELT;731,1131
AABDELW;1101
AABDEMM;1087
AABDEMN;1044,1087
AABDEMS;740,1146,1147,1148
AABDENU;746,1069,1138
AABDERR;606,612,1062,1065,1066,1073,1152
AABDERS;91,584,615,753,762,1026,1078,1145,1148
AABDERW;
AABDERY;
AABDESU;1078,1107,1131,1142,1148
AABDGHN;
AABDGHR;
AABDGMO;1161
AABDGNS;96,1162,1163,1166,1168
AABDGOS;1090,1163,1168
AABDHMS;1170
AABDHNT;
AABDHNY;
AABDHRS;1041,1158,1169
AABDHRU;
AABDIIS;
AABDIKR;
AABDILN;1178
AABDIMR;
AABDINR;1052
AABDINS;1162,1166
AABDINT;94,1064,1080,1121,1123,1124
AABDIOT;775,1121,1123
AABDIRS;1164,1169,1188
AABDLLS;782,787,1159,1191
AABDLMS;783,1177
AABDLNS;
AABDLRW;784
AABDMNN;
AABDMNR;100
AABDNNO;790,1089,1134,1165,1197
AABDNOR;790,1052,1167,1171,1193,1197
AABDNRS;615
AABDNRU;100,1069,1138,1178,1184
AABDNSW;771,1144,1166,1168
AABDORS;101,102,588,713,785,787,1158,1159,1169,1190,1191
AABDORV;620,1167
AABDORX;
AABDOTY;
AABDRRS;67,622,713,1049
AABDRRW;1171,1197
AABDRST;762,763,1081,1130,1142,1145,1148,1182,1186
AABDRSU;67,102,753,1078,1142,1148,1188
AABDRSY;1097
AABDSTU;1131,1142,1148,1189
AABEELT;800,821,1208,1255,1264
AABEEMN;1210
AABEEMO;1236,1277
AABEERZ;1231
AABEFFL;793,800,1079,1283,1284
AABEFFN;
AABEFGL;1287
AABEFGU;1286
AABEFLX;
AABEFNS;
AABEGGG;1082,1302
AABEGGM;107,1210
AABEGGR;107,1083,1210,1302
AABEGLR;802,839,1212,1287,1332
AABEGMR;
AABEGMS;841
AABEGRR;1306
AABEGSS;842,1036,1219,1317
AABEGST;591,846,1305,1318,1326,1333
AABEGSU;112,1086,1094,1222,1327,1334
AABEHLT;69,1337
AABEHNT;113,851,852,1348
AABEHRS;810,853,859,866,868,1043,1311,1339,1341,1350,1352
AABEHSS;68,794,857,860,1107,1341,1345,1347,1350,1351
AABEIKN;847,1373
AABEIKS;
AABEILM;57,639,1119,1232,1284,1314,1355,1370,1387,1388,1389,1390,1391
AABEILN;116,638,639,1232,1292,1358,1378,1387,1393,1401
AABEILS;883,887,1285,1369,1389,1391
AABEILT;57,116,641,833,849,878,885,886,1290,1292,1337,1358,1359,1386,1388,1393,1401,1409,1410
AABEILX;1232,1391
AABEIOR;1115,1120,1293,1324,1338,1340,1379,1402,1403,1404,1412,1415,1417,1423,1424,1425
AABEIRS;1305,1309,1322,1326,1327,1339,1374,1426,1427
AABEIRZ;1231,1382,1403,1410
AABEJLL;
AABEJMU;
AABEKLM;1431,1432
AABEKLT;71,1370,1432,1434
AABEKNS;615,818,903,905,908,1102,1103,1343,1429
AABEKPR;679
AABEKRS;615,616,628,629,683,818,859,902,908,912,1132,1133,1328,1368,1430
AABEKRY;1431
AABEKST;629,647,1103,1132,1370
AABELLL;1046,1245,1436,1439
AABELLN;122,123,1039,1060,1105,1224,1246,1292,1378,1436,1440,1444,1446
AABELLO;649,843,1379,1380,1441,1448
AABELLR;1105,1200,1202,1231,1249,1379,1382,1439,1448
AABELLS;121,1297,1438,1442
AABELMN;639,648,844,861,1314,1387,1450,1452
AABELMS;115,121,845,877,919,1215,1252,1297,1389,1450
AABELMT;57,594,878,1288,1385,1387,1388,1432
AABELNO;639,1315
AABELNR;126,633,1256,1260,1261,1262,1263,1331,1450
AABELNS;122,1260,1261,1343,1443,1452,1463
AABELPP;106
AABELPR;1355,1359,1388,1395,1439
AABELPY;686
AABELRS;1455,1463
AABELRT;126,641,1290,1359,1388,1409,1410,1434,1447,1466,1468
AABELSS;68,817,857,883,923,1036,1215,1219,1273,1345
AABELST;647
AABELSV;
AABELSY;1396,1408,1455,1456,1459
AABELTT;116,885,1208,1255,1259,1264,1337,1401,1409,1434
AABELTU;651,724,1358,1393,1410,1457
AABELTV;
AABELTX;1458
AABELWX;
AABEMNO;639,1144,1412,1413,1450,1451
AABEMNS;115,917,1334,1413,1414,1450,1452,1478
AABEMOS;919,1075,1144,1146,1147,1236,1278,1293,1329,1363,1413,1414,1441,1450,1454,1477
AABENNW;
AABENPR;1136
AABENRT;823
AABENTY;651,894,1139,1440,1453,1462
AABEORT;837,1417,1447
AABEPRW;
AABERRW;1238,1242,1244,1419
AABERSS;76,95,653
AABERST;629,1129,1130,1305,1326,1341,1367
AABERSU;112,753,866,1222,1253,1260,1327,1334,1455,1482
AABERSZ;925,1346,1482
AABERTT;1409,1417,1434
AABERTU;
AABESTZ;854,1130
AABETTU;831,1480
AABETUX;
AABFFLY;1157,1484
AABFILU;1286,1486
AABFLNO;942,1488
AABFLRU;942,1299,1490
AABGGRS;1163
AABGGRY;1495
AABGGSS;
AABGHNR;
AABGHNS;
AABGHST;
AABGHSW;
AABGIIL;943,1314,1498,1499,1501,1502
AABGILM;943,1314,1499,1507
AABGIMS;1088
AABGINR;654,945,1493,1515
AABGINS;96,947,1162,1166,1304,1491,1494,1500,1503
AABGINT;96,764,765,840,1303,1319,1320,1321,1493,1494,1503,1514,1515,1517
AABGINZ;1315,1501
AABGIRS;1164,1305,1318,1326,1327
AABGMNS;1334
AABGMNY;1499
AABGOSZ;
AABGRST;846,1305,1318,1326,1333,1518,1524
AABHHIS;
AABHHKS;688
AABHHRU;
AABHHSS;
AABHINS;768,1339,1532
AABHINT;79,851,852
AABHISS;1535
AABHITT;1337,1544
AABHJNS;
AABHKNR;847
AABHKSS;860
AABHKST;1103
AABHLRS;691,1158,1531
AABHLTY;952,1536,1537
AABHMNR;861
AABHMRS;1540,1553
AABHMSS;1347
AABHMTT;1544
AABHNSV;
AABHNSW;692,771
AABHSSW;860,1172,1528,1535
AABIILX;1567
AABIILZ;1501
AABIJMY;
AABIKLM;
AABIKNS;977
AABILLN;142,638,657,981,1292,1378,1498,1559,1580,1582,1583,1585,1586
AABILLR;1175,1231,1379,1382,1498,1585,1589
AABILLS;7,142,658,946,975
AABILMN;639,659,1232,1314,1387,1499
AABILMS;1391,1590,1593
AABILMY;659,1499,1555,1561,1579,1580,1581,1594
AABILNS;142,992,993,1500,1509,1563,1584
AABILOU;693,964,985,1592,1598,1600
AABILRS;1164,1531,1563
AABILST;
AABILSU;946,993,1179,1400
AABIMMR;
AABIMNO;639,659,1412,1592,1604
AABIMOS;1236,1363,1593
AABIMRS;1540,1595
AABIMST;144,879,892,999,1370,1414,1506,1539,1540,1543,1579
AABINNS;99,1162,1166,1500,1503,1513,1569
AABINOU;700,1412,1576,1592,1598
AABINQS;1179
AABINRS;58,1339,1374,1377,1396,1397,1418,1421,1563
AABINRT;79,696,1493,1515,1517,1576,1604,1606
AABINST;144,145,1494,1584
AABINSW;1166,1421
AABINSZ;
AABIORS;1002,1169
AABIORT;941,957,973,994,998,1324,1415,1424,1493,1512,1515,1517,1537,1576,1600,1604,1606
AABIPUX;
AABIRST;1130,1305,1326,1367,1426,1427,1609
AABIRSZ;1169,1531
AABISSW;1187,1528,1535,1607
AABISTT;145,901,1427,1518,1573,1609
AABJMRT;
AABKLSU;1343,1429,1549,1611
AABKMST;1370,1578,1579
AABKNNS;
AABKNRS;604,615,818,908,1374
AABKNRT;1373
AABKOOZ;
AABKRST;629,683,703,763,786,912,1005,1132
AABKSSU;1526
AABLLNS;122,142,782,820,1377,1442,1443
AABLLNT;657,1246,1292,1440,1559,1583
AABLLNY;122,123,664,981,1440,1444,1580,1582,1585,1586,1614
AABLLOR;1115,1379
AABLLOS;142,649,658,1380,1438,1441,1442,1551,1615,1616
AABLLPT;
AABLLST;647
AABLLSY;134,143,1560,1613
AABLLWY;
AABLMRS;84,845,919,1252,1595
AABLMRU;985,987
AABLMSS;1215,1618
AABLMST;1506,1579
AABLMSY;8,1455,1456,1579,1593,1594,1617
AABLNTT;116,1208,1255,1259,1510
AABLORT;837,994,1196,1447,1466,1468,1537,1600,1622
AABLOSV;
AABLPRU;995,1093,1469,1473,1603
AABLPYY;1552
AABLRST;1005,1008,1020
AABLRSU;1260
AABLRSZ;140,925,1346,1397,1531
AABLRTU;987,1262,1410,1599,1600,1603
AABLRTY;952,1196,1495,1537,1603,1620,1622,1625
AABLSST;1626
AABLSSY;1509
AABLSTU;1189,1611
AABLTTU;665,1510,1598
AABLTXY;1567
AABMNOT;1451,1488,1592,1604
AABMNOY;659,1488
AABMNST;144,892,1478,1506,1539
AABMORU;962,985,1412
AABMOSY;1017,1477,1593
AABMRSS;101,660,1146,1185,1294,1330,1595
AABMRTU;138,987
AABMSST;929,1010,1347,1479
AABMSSY;1594
AABNNOZ;
AABNNSY;
AABNORS;595,605,908,930,1023,1459
AABNOST;85,930,1335,1616
AABNOSY;605,1459
AABNSST;1054,1151,1209,1279,1347,1433
AABNSYY;
AABORRS;622,1049,1243,1311,1497,1522,1524
AABORST;1524
AABORSZ;925,1011,1169,1612
AABOTTY;1625
AABQSUU;1003
AABRRST;934,1024,1326,1427,1487,1524
AABRRSU;67,1327,1482,1523
AABRRTU;87,150,1525
AABRRUV;996
AABRSTY;1020
AABSSSY;
AABSTTW;1352,1554
AABSTUX;
AABTTTU;
AABZZZZ;
AACCDEI;1650,1657,1658,1660,1661,1662
AACCDEM;1669
AACCDES;156,671,1645,1646,1648,1662,1668,1670
AACCDII;158,1644,1672,1674,1680,1681,1682
AACCDIR;1661,1672,1682,1685
AACCDIS;1662,1684
AACCDSU;1648,1668,1683
AACCEFT;1700,1701
AACCEKR;676,679
AACCELO;685,1691,1718,1731,1756
AACCENV;1727,1740
AACCERS;163,169,1637,1688,1692,1696,1702,1712,1715,1716,1719,1722,1734,1757,1768
AACCEST;163,167,677,683,1639,1667,1703,1722,1728,1747,1749,1751,1755,1757,1761,1766,1768
AACCESV;156,1662,1715,1751
AACCHHK;
AACCHIM;1707,1709,1788,1789,1792
AACCHIN;1709,1710,1711,1786,1791,1796
AACCHIR;1714,1715,1716,1771,1777,1788,1790
AACCHKS;172,1651,1699,1717
AACCHLN;170,1709,1718,1791,1805
AACCHMP;
AACCHMS;1788,1789,1794
AACCHNN;161,1710,1711,1786,1795
AACCHNS;61,157,692
AACCHOR;1778,1806
AACCHPT;174,1796,1798,1800
AACCHRT;174,1724,1793,1798
AACCILM;1707,1709,1810,1822,1828,1829
AACCILS;176,178,179,1643,1726,1783,1812,1823,1831,1832,1833,1835
AACCILU;693,1769,1811,1828,1836
AACCIMS;160,1684,1788,1789,1794,1838
AACCIMT;180,699,1789,1810,1822
AACCINS;178,1684,1726,1733,1741,1744,1770,1784,1817,1819,1830,1831,1832,1838,1839,1841,1843,1844,1846,1847
AACCINV;1740,1842
AACCIOR;152,180,1636,1661,1685,1736,1740,1748,1775,1842
AACCIPT;165,1700,1729,1737,1743,1836
AACCIRT;152,180,182,696,1636,1661,1739,1746,1748,1790,1793,1833,1842,1846,1850
AACCITT;165,1748,1845,1850
AACCJKR;153,1780
AACCKLP;
AACCKRR;698
AACCKRS;668,689,703
AACCLLO;1664,1691,1756,1822,1851,1852
AACCLLT;175,1690,1691,1756,1781,1810,1822,1824,1827,1852,1853
AACCLOP;1736
AACCLOR;1852,1856
AACCLOS;184,685,1679,1783,1831,1832,1834,1861
AACCLPS;
AACCLPT;1836
AACCLRS;1667,1692,1734,1757
AACCLRU;1765,1856,1858
AACCLSU;
AACCLTW;
AACCMOS;184,1684,1760,1794,1806,1838,1854
AACCNNS;1646,1670,1831,1839
AACCNVY;
AACCORU;1852,1856
AACCOST;685,701,1639,1703,1783,1784,1794,1809,1833,1834,1841,1844,1848,1849,1868
AACCOTT;1756,1850,1857,1863,1865
AACCRRT;182
AACCRSS;1686,1785,1797,1807,1817,1866
AACCRST;683,701,703,1667,1702,1757,1768,1774,1833,1835,1846,1849,1866,1868
AACDDEL;154,706,710,711,1871,1872,1874,1891
AACDDER;584,708,709,1874,1876,1877,1880,1887,1888
AACDDHR;708
AACDDIN;1882
AACDDRW;
AACDEEM;1911,1916,1936
AACDEFL;669,715,1911,1959
AACDEFS;1905,1906,1910
AACDEHM;1963,1977,1982,1992
AACDEHR;708,729,1652,1653,1964,1996
AACDEHT;717,731,1982,1992
AACDEII;733,734,735,1922,2003,2004,2008,2009
AACDEIL;718,738,739,1923,1924,1980,2011,2029
AACDEIN;1660,1922,1969,2054,2055
AACDEIR;64,718,733,734,739,1924,2001,2002,2032
AACDEIS;64,733,742,1655,1662,1929,1970,1971,2060,2062
AACDELL;1664,1936,2069
AACDELN;1959,2067
AACDELP;1891,1911
AACDELR;718,720,738,739,747,751,1872,1924,1934,1936,1960,2002,2069,2082
AACDELS;156,711,727,744,1668,1891,2088
AACDELY;739,1977,2020,2087
AACDEMY;1977,1992,2020
AACDENR;719,729,1631,1647,1653,1948,1956,1964
AACDENV;1660
AACDENZ;1984
AACDEPS;671,744,1891,2062,2068,2088
AACDERS;64,584,733,742,753
AACDERV;1924,2009
AACDERY;739,2020,2087
AACDETU;1665
AACDETV;735,1660,2009
AACDEUX;
AACDFIR;725,1957,2106,2111
AACDFRS;763,2108,2112,2113
AACDGGI;1962
AACDGHI;1965,2114,2115
AACDGIS;1914,1965,1967,1970,1971,2120
AACDHMR;770,2143
AACDHMS;157,2130,2133
AACDHNR;729,1653,1964,2143,2144
AACDHRS;
AACDHST;199,771,2145
AACDIIS;2001,2109,2149
AACDILR;1672,1923,1924,2000,2002,2147,2148,2150,2154,2155,2167
AACDINS;768,2120,2130,2168
AACDINT;1660,1680,1922,1982,2042,2043,2054,2125,2175
AACDINV;1660,1890,1927,2058,2125,2175
AACDIOR;1661,1678,1986,2044,2059,2111,2115,2123,2161,2169
AACDIRS;1899,2112,2159,2179
AACDJKW;
AACDKPY;
AACDKSY;204,745
AACDLNO;1666,1959,2070,2076,2187
AACDLNS;2120,2139,2140,2168,2170
AACDLOR;587,747,769,2022,2074,2076
AACDLOS;1679,2168,2188
AACDLPR;2121,2153,2154
AACDMPS;783,2046,2091
AACDNOW;2070
AACDNRS;589,791,2127,2159,2191,2192
AACDOOV;2175
AACDPRU;1998
AACDRSS;159,792,1686,1940,2107,2184,2185,2192,2199,2200
AACDRSZ;189,2032
AACEEGK;
AACEEGR;1916
AACEEHR;2214,2215,2236,2240
AACEEHT;2201,2234
AACEEKT;
AACEELN;801,1690,1874,1937,2202,2205,2217,2222,2230,2235,2236,2250,2276
AACEEMR;795,796,811,1916,1936,2224,2236,2240,2246,2247
AACEEMS;2224,2246,2248,2275,2295,2298
AACEENT;1917,1922,2230,2242,2254,2255,2276
AACEERT;2311
AACEESS;794,817,2208,2312
AACEEST;2201,2213,2227,2243,2245,2305,2306,2311
AACEETT;2263,2264
AACEFIS;2209
AACEFLT;214,800,837,1701,2332,2335
AACEFLU;214,2318,2335
AACEFMN;2316,2336
AACEFRR;1961,2338,2339
AACEFRS;2319,2331,2336
AACEGGR;2214
AACEGHN;801,838,1964,2214,2215,2345
AACEGHS;1703,2201,2341,2343,2348
AACEGIP;1968,2345,2358,2359,2362,2372,2377,2380
AACEGKP;2358
AACEGKS;841,2386
AACEGLS;841,845,1914,2315,2319,2347,2348,2365
AACEGNR;1964,2397,2399
AACEGNT;840,1917,2354,2355,2360,2378,2379,2397,2399
AACEGRT;840,2355,2378,2397,2399
AACEGSV;1705
AACEHIN;852,1711,2231,2232,2345,2412,2439,2442,2449
AACEHIR;2407,2460
AACEHKS;727,855,858,859,1651,1699,1717,2234,2409,2417,2474,2475,2476,2479,2481
AACEHLP;215,2489
AACEHLR;839,861,1652,1872,2236,2407,2477,2485
AACEHLT;1992
AACEHNO;1718,1720,2235,2442,2443,2449,2502
AACEHNP;2231,2323,2345,2427
AACEHNR;1964,1981,2214,2216,2236,2240,2241,2412,2421,2476,2496,2506
AACEHPP;1996,2345
AACEHPS;865,1717,2234,2473
AACEHPU;
AACEHRT;2478,2482,2496
AACEHST;677,854,865,1703,2201,2234,2504,2507
AACEHTT;69,2497,2505
AACEHTU;852,1995,2448
AACEILM;2247
AACEIMN;2254,2316,2354,2358,2377,2378,2412,2439,2442,2524,2605,2608,2609
AACEIMU;1659,2040,2448,2516,2542,2564,2569,2574,2604,2609
AACEINR;2316,2412,2421,2566,2569,2605,2609
AACEIQU;888,2054,2055,2638
AACEIRV;
AACEIST;591,854,1728,1749,1970,2526,2614,2648
AACEJLS;1752,2539,2655,2656,2657
AACEJRS;902,1753,2473,2659
AACEKNP;2358
AACEKNS;818,903,908,1752,2475,2476,2541
AACEKOT;
AACELLN;1690,2202,2276,2323
AACELLS;2221,2275,2279,2549,2669,2675
AACELLT;804,1690,2278,2546,2547,2556,2672
AACELMN;844,861,2235,2236,2387,2680
AACELMR;194,231,795,861,2074,2206,2236,2247,2332,2387,2388,2485,2566,2568,2569,2573,2574,2680,2687
AACELMU;2542,2569,2682,2684,2685
AACELNP;2323
AACELNS;1752,2319,2347,2475,2476,2697
AACELNT;1690,2067,2276,2689,2692
AACELNU;749,914,2222,2694,2697
AACELNV;2680,2689,2692,2694,2698
AACELOR;1960,1993,2074,2082,2277,2332,2388,2491,2661,2666
AACELOV;863,2689,2692
AACELPR;215,1736,2362,2372,2514,2674
AACELPS;1891,2656,2657,2699
AACELPT;2519
AACELRS;1692,1757,2319,2667
AACELRV;2293,2668,2680,2694
AACELSS;817,883,923,2208,2697
AACELST;1667,2335,2712,2713
AACELSU;2071,2248,2275,2487,2669,2677,2697,2715
AACELSW;858,864,2670,2712
AACELTT;885,1634,1737,1756,2285,2325,2436,2692
AACELTV;2252,2293,2374,2689,2692,2698
AACELTY;2489
AACEMMR;1916,2440,2472,2478,2485,2604
AACEMNP;
AACEMNS;2295,2336,2337,2717
AACEMNV;2680
AACEMOS;919,1760,2045,2091,2223,2389,2422,2481,2613,2614,2676,2682,2683,2684,2685,2720,2724
AACEMPR;231,918,2350,2377,2423,2440,2498,2566,2604
AACEMQU;
AACEMRS;753,902,2298,2336,2717,2724
AACEMSS;2073,2572,2620
AACENPS;1897
AACENRT;2242
AACENSS;76,760,1943,2073,2080,2094,2286,2400,2408,2499,2506,2509,2673
AACENST;677,2504,2509,2731
AACENTT;1995,2042,2095,2101,2379,2497,2505,2533,2623,2692,2730
AACENTY;894,1638,1720,2067,2095
AACEOPT;2502,2678,2691
AACEORS;1768,1973,1986,2091,2096,2104,2321,2352,2401,2405,2473,2481,2501,2645,2724
AACEPRT;910,2271
AACEPRU;2604
AACEPRV;2732
AACEPSS;237,682,760,1997,2404,2406,2499,2506,2512,2662
AACEPWY;
AACERSS;76,872,2312,2313,2406,2659,2665
AACERST;233,1749,1755,1757,2667,2712,2713,2724
AACERSU;753,937,1637,2099,2336,2717,2737,2738
AACERSZ;189,873,925,2714
AACERTT;2264,2536,2596,2709
AACERTU;815,937,2335,2392,2448,2556,2574,2587,2596,2597,2626,2630,2638,2661,2672,2687,2725
AACERTV;
AACERWY;
AACESTU;928,937,1639,2305,2335,2395,2712,2713,2725,2738
AACESTV;1747,2504,2559,2575,2648,2660,2731
AACESTX;2245,2306,2713,2743
AACETTU;1695
AACETUV;2374
AACFFIL;
AACFILS;1773,2109,2752,2759,2760,2772,2779
AACFILU;1769,1773,2769,2771,2772,2779,2780
AACFINT;2106,2327,2329,2751,2783
AACFISS;
AACFLLT;
AACFLLU;1769
AACFLLY;
AACFLPT;2775
AACFLRT;837,1701,1960,2332,2771,2778
AACFLRU;942,1773,2335,2771
AACFLSU;1773,2335,2772,2779
AACFLTU;214,2335,2771,2772,2779,2780,2789
AACFNST;2108,2333,2756,2790
AACFRRU;
AACGGMS;
AACGHNS;2801,2803,2809,2810
AACGILL;943,2362,2847
AACGILM;246,943,1779,2119,2357,2364,2750,2849,2851
AACGILS;17,947,1914,2120,2365,2793,2797,2824,2850,2858
AACGINT;764,765,840,2118,2354,2355,2360,2378,2379,2751,2821,2831,2834,2835,2839,2864,2869,2870
AACGIRS;249,2343,2373,2384,2797,2811,2841,2843,2850,2858,2861,2862,2863,2869,2872
AACGIRV;250,2808,2871
AACGISU;2384
AACGJNT;2838
AACGLOT;2119,2371,2796,2826,2845,2856,2880
AACGLOU;843,2880
AACGLSY;2365,2854,2858,2875,2881
AACGNOU;2867
AACHHKR;
AACHHLL;
AACHHLS;2409,2890
AACHHTW;1976
AACHIKL;2417
AACHIKN;
AACHIKR;2131,2418
AACHILO;767,1676,2804,2894,2895,2902,2905
AACHILR;2342,2807,2902,2908,2912
AACHILT;952,1676,2417
AACHIMR;949,1793
AACHIMS;160
AACHINT;852,954,1796,2888,2931
AACHIPR;949,955,1798,1800,2233,2440,2460,2908
AACHIPS;1640,2932
AACHIPT;1796,1798,1800
AACHIRS;958,1771,2801
AACHIRT;952,957,1793,1798,2131,2807,2808
AACHITY;952,2901,2925,2935,2937
AACHKMN;2480
AACHKMP;
AACHKNS;2137,2475,2476,2756
AACHKPS;261,1717,2234
AACHKRS;261,1651,2474,2476,2481,2939
AACHKRT;856,2482
AACHKRY;
AACHKSW;
AACHLLN;2323
AACHLLS;592,2941,2943,2944
AACHLMS;262,2139,2409,2487,2939,2948
AACHLNS;217,218,262,265,768,805,2139,2140,2347,2475,2476,2907
AACHLNT;264,2888,2906,2950
AACHLPP;2951
AACHLPS;266,2943,2945,2948
AACHLPU;
AACHLST;262,265,2755,2814,2943,2944,2948
AACHLSU;2487
AACHMNP;
AACHMNS;157,252,262,2139
AACHMPS;2447,2818,2903,2945,2948
AACHMST;9,172,252,262,2940,2948,2955
AACHMSY;2133,2815,2818,2948
AACHNOP;953,1796,2502,2895
AACHNOU;264,2449
AACHNPX;
AACHNRS;173,2216,2347,2476,2801,2810
AACHNRV;
AACHNRY;963,1805,2144,2240,2495,2496,2908,2928
AACHNSS;201,1797,2141,2408,2428,2453,2499,2506,2922,2930
AACHNST;771,2504,2507,2929,2931,2956,2958
AACHNSU;80,256,2142,2446,2500,2886,2891
AACHNSZ;2457,2907
AACHNZZ;
AACHRRT;867,957,2242,2465,2491,2807,2952
AACHRST;2892,2944,2955,2962
AACHRSW;810,2456,2944,2955,2962
AACHRTU;2116,2131,2448
AACHRWY;
AACHSSW;1725,2145,2814
AACHSTT;1802,1803,2812,2892,2938,2955,2958,2962
AACIILN;598,969,1811,2151,2152,2761,2792,2824,2825,2826,2895,2966,2967,2976,2977,2979,2980,2981,2982,2983
AACIIMS;1789,2526,2830,2896,2897,2991
AACIINP;2152,2160,2768,2895,2897
AACIINT;696,764,1680,2118,2792,2826,2836,2893,2982,2983,3004
AACIITV;735,1729,2533,2537,2836,3004
AACIJLP;
AACIJMS;2539
AACIKLL;2837,3014,3015
AACIKLR;274,3014
AACIKNN;2821
AACIKNT;765,2360,2821,2839
AACIKRT;599,2360,2839
AACILLN;175,275,981,1811,2163,2758,2966
AACILLS;176,177,975,976,1823,2109,2165,2549,2759,2769,2969,3015,3019,3028
AACILMR;2147,2150,2247,2566,2568,2569,2573,2973,3039
AACILMS;2772,2851,3019,3035,3038
AACILNP;2121,2152,3064
AACILNR;598,2421,2566,2569,2908,2976,2983
AACILNT;175,2888,2906,2966,3045
AACILOS;983,1812,1823,1831,1832,1833,1834,2023,2168,2169,2544,2549,2793,2850,2967,2979,3015,3019,3022,3035,3037,3038,3055,3069,3072
AACILOX;3035
AACILPS;1823,2591,2858,3015,3035
AACILPT;1737,2251,2519,2775,2856,2963,2968,3025,3068
AACILRR;284,994,996,2407,2553,2807,3036,3067
AACILTT;972,2325,2436,2438,2778
AACILTV;2011,2252,2374,2808,3026
AACIMMR;285,2440,2604
AACIMNO;2442,2798,3084
AACIMNS;249,1830,2861,3016
AACIMNY;2848,3033,3084,3086
AACIMOR;285,2111,2123,2766,2840,3093
AACIMPR;949,2377,2423,2440,2566,2604,2973,3039,3089
AACIMSS;2572,2620
AACIMTY;2925
AACINNT;286,2852,2864,3029,3045,3047,3048,3049,3101,3103,3108
AACINOR;1740,1775,1795,2344
AACINPT;1743,2864,2888,2906,3064
AACINRS;249,2159,2810,2841,2997
AACINRT;289,696,2839,2870,2871,2983,2996
AACINRZ;2802,2828
AACINSS;1815,2408,2785,2865,2965,2999,3090
AACINST;1784,1847,2868,2929
AACIOPT;973,2775,2856,2968,3025,3068,3070,3126,3128
AACIOPV;3128
AACIOST;701,781,899,1784,1794,1820,1833,1834,1970,2177,2645,2646,2648,2767,2776,2868,2872,2929,3038,3072,3097,3127,3129,3130
AACIPPR;2262,2372,2927,3039,3068,3126
AACIPRS;778,1642,2112,2858
AACIPRX;2460
AACIQTU;
AACIRSS;2987,3127
AACIRST;701,781,997,1749,1833,2179,2797,3011,3042,3072,3127
AACIRSV;2777,2913,3043,3112,3115,3130
AACISSS;273,291,1826,2180,2598,2647,2936,3041,3044
AACISST;179,253,259,291,978,2812,2857,2987,2992,2999,3080,3127
AACISTT;291,2812,2830,2992,3009,3097
AACISTX;
AACJKLS;702,1752
AACJKMN;
AACJKSS;2659,2660,2748,2754,3133
AACJOSU;3135
AACJPTU;
AACKLPS;1891,2540,3015
AACKLTW;907
AACKMNP;2358
AACKMRT;2271,2482
AACKNRS;604,818,908,977,2476,2756,2841
AACKPRT;2271
AACKPSZ;
AACKPWX;
AACKPWY;
AACKRRS;261,2183,2273,2873
AACKSTT;3138
AACLLNS;
AACLLNT;175,1690,1781,2276,2546,2547,2672,2966
AACLLNU;275,1811,2542,2672
AACLLOO;2874,3021,3024
AACLLOR;1664,1851,1852,2277,2666,3018,3022,3024,3025,3026,3141
AACLLSU;177,1758,2165,2275,2549,2669
AACLLVY;2557,3142
AACLMNO;280,1829,2387,2565,2678,2679,2970,3029,3030,3031,3032,3033,3144
AACLMNT;24,294,2678
AACLMRU;292,294,985,2569,2687,2813,3134
AACLMST;986,2683,2772,2851,2948,3038,3042
AACLMSU;209,293,1830,2248,2275,2487,2677,2682,2684,2685,2772,3038,3134
AACLNNO;988,1013,1856,2166,2905,3144
AACLNNU;989,2789,2852,3047,3049
AACLNOS;85,184,983,1831,1832,2023,2168,2169,2187,2390,2475,2544,2670,2879,2907,2967,2970,2979,3022,3052,3055,3056,3144,3150
AACLNPY;1791,2806,2853,2908,3054
AACLNRS;265,1692,2139,2140,2319,2347,2476
AACLNRU;292,294,942,1858,2569,2587,2672,2694,2696,2878
AACLNST;2879,3150
AACLNSU;293,749,917,1830,2142,2187,2697,2879,3150
AACLOPR;918,1016,1736,2074,2856,2942,2946,2951,3024,3025,3068
AACLOPT;2678,2775,2856,2942,2968,3025,3068
AACLORT;284,837,994,1701,1833,1852,2277,2332,2666,2856,2878,2880,3018,3025,3026,3036,3067,3068,3148,3149,3151
AACLORZ;
AACLOST;85,1833,1834,2188,2776,3038,3072,3135,3139
AACLOTT;1756
AACLOTV;2689,2692,3026
AACLPRS;266,2858,2903
AACLPRT;2775,2856,2942,3025
AACLPSS;296,2081,2662,3140,3146
AACLPSU;293
AACLPTY;686,2489
AACLRSS;247,282,2107,2185,2877,2987,3056,3065,3140,3145,3146,3154
AACLRST;1005,1020,1667,1757,1833,1994,2493,2667,2797,2944,3139
AACLRTY;3136,3148
AACLRVY;295,1018,1860,2293,2557,2680,3142
AACLSSU;248,2187,2394,2697,3080
AACLSTT;
AACLSTU;2395,2706,2715,2772,2879,3038
AACLSUV;2669,2684,2706
AACLTTU;1857,2715
AACMMOT;2189,2716
AACMNOR;239,1864,3156
AACMNRU;208,239,292,294,2040,2172,2569,2609,2781,3089,3156
AACMNSY;2127,3016
AACMORR;186,2111,2123,2143,2664,2766,2788,2816,3036,3093,3148,3160
AACMORS;84,919,1017,1760,1806,1854,1904,2091,2481,2676,2945,3037
AACMORT;1864,2332,2719,3148,3160
AACMOSY;1017,1854,2685,2815,3019,3143
AACMRRT;2573,2616,2829,3036,3040,3099,3148,3160
AACMRSS;1807,3159
AACMRST;26,257,299,1774,2686,2725,2862,2955,2990,3042
AACNNOZ;2730,3101
AACNOST;85,1021,1784,2177,2191,2390,2504,2767,2868,2879,2929,2956,2957,2958,3150,3158,3161,3163,3164
AACNOTZ;2730,3101
AACNPRT;
AACNPST;3150
AACNRST;1023,1866,2191,3164
AACNRTU;294,1746,2587,2626,2638,2672,2878,3089,3149
AACNSSV;2865
AACNSTT;1021,1819,1847,2931,2958,3009,3158,3161
AACNSTU;2879,3150,3158
AACOPPR;3068,3126
AACORST;1833,1849,1866,2191,2195,2196,2321,2776,3127,3137,3139,3153,3164
AACORTU;87,1852,2392,2878,2880,3149,3151
AACOTUV;
AACPRSS;1012,2200,2406,2506,2512,3091,3111,3140,3146
AACPSTW;2311,2962
AACRRST;829,2213,2273,2639,2649,2710,3011,3164,3167
AACRRSU;23,67,1019,2099,2198,3011,3073,3079,3167
AACRSTV;2196,3008,3115,3130
AACRTTT;301,2870,3116
AACRTUV;297
AACRTUY;1837,3077,3117,3136
AACRTWY;
AACTUWY;
AADDDEN;3176,3177,3180
AADDEGM;
AADDEHH;
AADDEIL;3178,3179,3204,3205,3224,3232,3233
AADDEMM;3206,3249
AADDEMN;303,1032,1875,1893,3225,3227,3245,3249
AADDENP;3176,3215,3225
AADDEOR;606,1888,3188,3202,3211,3232
AADDEPR;3178,3205,3208
AADDEPT;304,3174,3235,3240
AADDERS;584,1026,1031,1041,3183,3191,3195,3199,3203,3208,3223,3239,3241,3242,3247
AADDERW;3237
AADDESX;
AADDGNR;3202,3211,3254
AADDHKR;708
AADDHRS;307,1031,1041,3203,3217,3260
AADDIIK;
AADDIIV;
AADDILS;1643
AADDIMS;1899,3227,3235,3265
AADDIST;1045,1889,3191,3235,3236,3239,3269
AADDLNS;3270
AADDMRY;3267
AADDNVV;
AADDOSU;1904
AADDRST;1055,3191,3199,3221,3236
AADDRSW;3199,3237
AADDSST;1054,3220,3261
AADEEFR;1057,1913,3181,3277,3279,3280
AADEEGH;1028
AADEELT;1942,3324,3353,3356,3360,3364
AADEEMM;1916,3301
AADEEMT;3331,3353,3354,3373
AADEENR;719,721,1030,1033,1069,1647,1874,1926,1937,1948,3192,3197,3274,3275,3307,3308,3320,3333,3335,3356,3359,3360,3361,3376
AADEERT;3277,3279,3281,3296,3297,3298,3302,3306,3307,3353,3356,3360,3376,3378,3384
AADEERW;1074,3308
AADEFFR;1079
AADEFGL;3277,3388
AADEFGR;1956,3277,3391
AADEFHT;
AADEFIS;
AADEFLU;
AADEFNZ;
AADEFTW;
AADEGGR;315,316,1083,3411,3413,3415,3417,3418
AADEGHR;1966
AADEGLS;1914,3436,3437
AADEGMN;1087,1968,3412,3439
AADEGMR;3468
AADEGMS;3283,3439,3442
AADEGNS;322,1965,3284,3292,3293,3296,3390,3419,3421,3423,3439,3471,3472
AADEGOT;1084,1917,3474
AADEGRT;1092,3277,3289,3454,3470,3474
AADEGRV;316,317,3473
AADEGRY;
AADEGST;322,3464,3471
AADEGSV;322
AADEHIR;726,1981,3303,3480,3481,3482,3493
AADEHJR;
AADEHKS;727,1103,1651,3506
AADEHMN;1981,1982,3480
AADEHMS;3278,3491
AADEHNX;1907,3493
AADEHPS;3483,3498,3501,3526
AADEHPW;
AADEHRW;3308
AADEHWY;
AADEIKK;
AADEILR;2022,2026,3232,3411,3558,3572,3576,3587
AADEILS;1108,1117,3430,3553
AADEILV;3411,3572
AADEIMR;3331,3481,3558,3604
AADEIMS;3227
AADEINR;3387,3493,3572,3574,3618
AADEINS;329,3227,3228,3419,3430,3492,3494,3529,3550,3563,3621
AADEINZ;326,1124,1984,3415,3431,3530,3565,3608
AADEIOR;1115,1120,1661,2044,2059,3232,3333,3450,3488,3533,3542,3566,3572,3587,3589,3611,3620,3631
AADEIPS;3235,3494
AADEIRS;331,1655,3241,3426
AADEIRT;1092,1127,3481,3500
AADEITV;735,1660,2053,2061,3339,3342,3541,3545,3641
AADEITW;3303,3578,3626
AADEJMR;
AADEKKY;
AADEKLR;3505
AADEKLS;711,727,743,744,1110,1891,3343
AADEKMR;3642
AADEKMS;
AADEKPR;1915,1990
AADEKPS;671,744,1891,2068
AADELLP;1046,3347,3351
AADELLY;1117,1118,3351
AADELMN;3245,3565
AADELMO;747,1040,2017,2074,3245,3566,3642,3647,3663
AADELMR;747,1936,2074,3247,3353,3505,3557,3558,3642,3647,3663,3664
AADELMX;3567
AADELNR;315,3356,3360,3361,3403,3428,3456,3460,3462,3572,3574,3576,3578,3669
AADELNT;305,320,2067,3356,3360,3403,3669
AADELNW;2070,3245,3578,3657
AADELNX;1068
AADELPR;323,3347,3512,3663
AADELPT;3174
AADELRT;1667,1960,2082,2083,3277,3353,3356,3360,3656,3664,3668,3673
AADELRU;1069,1138,2084,3456,3460
AADELRY;2020,3361,3576,3660
AADELSS;618,1036,3247,3273,3357,3365,3509,3515,3661,3667
AADELTU;1665,1972,2089,3364,3659
AADELTY;319,1139,3364,3438,3564
AADEMMN;321,1087,2016,3249,3601,3679
AADEMMS;332,3249,3557,3603,3655,3679
AADEMNO;1123,1669,2017,3245,3326,3369,3395,3601,3608,3682
AADEMNS;2041,3227,3249
AADEMNT;27,3458,3659,3682
AADEMRY;2020,3406,3660,3682
AADEMSS;754,1943,1989,2073,3344,3371,3511
AADENNT;27,1945,2021,2050,2095,3332,3356,3444,3485,3541,3617,3691
AADENRV;318,3572,3609
AADENRW;3275,3308,3496,3578,3657
AADENST;1889,2051,2098,2100,3296,3376,3494,3521,3524,3697,3698,3700
AADENSU;1648,2005,2058,2071,2090,2098,2099,3249,3375,3423,3472,3570,3579,3582,3621,3623,3624,3629,3653,3665,3690,3693,3697,3700
AADENSW;1144,1947,1985,3496,3694
AADENWZ;
AADEPRR;1066,1152,2006,2087,3276,3363,3450,3663
AADEPRS;3693
AADEPRT;1990,1998,3302,3307,3331,3337,3552
AADEPSS;760,2078,3357,3381,3690,3695
AADEPWW;
AADERRS;331,2096,2099,3241,3340,3352,3383,3476,3546,3554,3603,3612,3639,3643,3687,3688,3698
AADERRW;
AADERRY;2087,3194,3241,3363,3576,3660,3688
AADERST;1081,1142,1148,3279,3306,3376,3514,3521,3643,3688
AADERSW;3237,3465,3672
AADERSY;3241,3382,3696
AADERTU;3337,3691
AADERWY;
AADESSY;1126,3597,3616
AADFLTW;
AADFMSU;
AADFNRR;1956,3396
AADFNST;
AADFRST;763,1081,2108,2113,3279,3409,3716
AADGGHR;
AADGGLR;315,316,3411,3723
AADGGOT;1084
AADGGRS;1163
AADGHIL;197
AADGHOR;2115,3202,3730,3731
AADGHRS;337,3727
AADGIIR;198,338,1672,2114,3709,3711,3719,3740,3742
AADGIMM;3206
AADGIMO;1161,2119,3256,3748
AADGIMR;
AADGIMS;3442,3751,3752
AADGINW;1166
AADGIOS;1090,1970,2124,3758,3771,3772
AADGIOT;2119,2125,3741,3744,3754,3771
AADGIRV;1167
AADGJSU;
AADGLLW;
AADGLMY;3256
AADGLNO;
AADGLNR;315,339,2121,3428,3460,3462,3723
AADGLNS;3777,3778
AADGLRU;766,3460,3462,3466,3762
AADGMNR;3734
AADGMNS;3439,3442,3751,3752,3777
AADGMOT;2119,3780
AADGMRS;2126
AADGNPR;
AADGNPS;3284,3293,3471,3728,3736,3745,3771
AADGNRS;1163,1973,3292,3710
AADGNRT;3470,3780
AADGNRY;3770,3774
AADGOPR;344,2115,3450,3474,3730,3731
AADGOPS;3471,3771
AADGRSU;2128,3203,3476,3768,3785
AADGRSY;3732
AADGRWY;
AADHHPS;347
AADHHRT;3302
AADHILS;768,2133,3788
AADHIMR;3480,3481,3484,3797
AADHIMS;2130,2133,3786,3796
AADHINP;3799
AADHJNR;
AADHKNS;1102,1103,2137
AADHKNY;
AADHLRY;
AADHMMS;
AADHMNR;1981,2143,3480,3734,3797
AADHMRS;3217,3278,3306,3519
AADHNPR;323,3307,3512,3799
AADHNRS;3217,3260,3496,3497,3521
AADHNSW;771,1985,3496
AADHNSY;3260,3423,3706
AADHPRS;347,3526
AADHRSS;1172,2107,3794,3809
AADHRSZ;28,189,347,348,1169,3497,3504
AADHRWY;
AADHSWY;
AADIILR;1672,2000,2147,2148,2149,2150,2151,2153,2154,3533,3819,3820,3821
AADIILV;2148,3532,3739,3818,3821
AADIINO;196,775,2110,2152,3263,3531,3741,3744,3789,3811,3816,3817,3818
AADIINR;351,353,2003,2004,2162,3480,3710,3711,3719,3740,3742
AADIIPS;352,353,2160,3736,3745,3788,3790,3814,3820,3824,3830
AADIJMN;
AADIKLY;
AADILLO;773,1051,1115,1175,3792
AADILMR;205,1178,2147,2150,2167,3558,3559
AADILMT;1119,3549,3713,3815
AADILNP;2024,2152,3737,3757,3811
AADILNR;1178,3576,3578,3723
AADILPS;3788,3814,3838
AADILRS;1164
AADILRT;205,207,2150,2154,3762,3819,3860
AADILSS;98,777,1181,3835,3843,3846,3854,3859
AADILST;336,2034,2156,2170,3813,3814,3840,3849,3850
AADILSY;2133,2170,3489,3563,3715,3738,3752,3756,3788
AADILTV;3739,3818
AADILWY;
AADIMNR;208
AADIMNS;1177,2130,3529,3563,3752,3796,3823,3824,3826,3862,3864
AADIMNY;3264,3563,3564,3565,3864
AADIMOR;2044,2111,3611,3869
AADIMOT;2119,3610,3611
AADIMRS;3265
AADINNN;1165
AADINNP;3332
AADINPT;3865
AADINRR;1052,1184,2162,3268,3878
AADINRS;353,2159,3710
AADINRT;3775
AADINRV;318,1167,1927,3572,3609,3878
AADINRW;3496,3578
AADINST;329,355,3810,3813,3826,3840,3853,3864
AADINSV;329,1890,2052,2058
AADINSY;2170,2177,3563,3715,3738,3752,3756,3841,3864
AADIOPZ;
AADIPTX;3338,3880
AADIQSS;3866,3870
AADIRRW;
AADIRSU;1188,2165,2178,2179,3577,3623,3624,3753,3760,3761,3768
AADISST;1185,1187,3832,3871
AADKMRY;
AADKMSS;1989,3344
AADKNRT;
AADKNSS;1686,3344
AADKPSU;
AADKRWW;3644,3791
AADLLLN;2012,3804
AADLLMR;1936,3505,3647
AADLLNW;2070
AADLLPU;3650
AADLLSS;98,1176,3509,3805,3843
AADLMNN;2072,3888
AADLMNO;3245
AADLMNU;2072,3458,3659,3888
AADLMOR;747,2074,2167,3642,3647,3663
AADLMPS;783,3838
AADLMSW;
AADLNOP;2152,3811
AADLNOV;3572,3818
AADLNOZ;3431
AADLNRY;1138,1193,2164,3361,3576,3660,3842,3888
AADLNSS;364,3357,3667,3803,3805,3854
AADLNSU;749,1179,2071,2142,2187,3570,3579,3582,3653,3665,3853,3854,3891
AADLNSV;3461
AADLOPY;1193
AADLPPU;3650,3757
AADLPRS;
AADLPYY;
AADLRRU;3677,3860
AADLRSU;209,1142,2084,2165,3654,3674,3891
AADMMRS;332,342,3557,3603,3655,3763,3764,3892
AADMNNO;3369,3780
AADMNNS;3250
AADMNOR;
AADMNOW;1144,3245,3657
AADMNRS;3895
AADMNRW;3657
AADMNRY;3646,3660,3888
AADMNSY;2127,3563,3752,3777,3864
AADMNTU;2172,3458,3606,3659,3734
AADMOPP;3869
AADMOQU;
AADMORT;770
AADMOSU;1904,3768,3894
AADMPPU;3869
AADMRRY;3194,3660,3782
AADMRSU;209,753,1148,1904,3686,3753,3768,3894,3895
AADMRSZ;28,348,3615,3684
AADMRZZ;
AADMSYY;
AADNNOT;790,2189,3780
AADNNPS;3513,3689,3783
AADNNRS;1149,2140,2159,3257,3260,3397,3459,3569,3783,3784
AADNOOT;2175,2191,3754,3893
AADNOPR;344,3899
AADNORT;759,790,3470
AADNORY;1193,1632,2144,3797,3863
AADNPRS;328,353,2077,3269,3272,3575,3622
AADNPRU;3885,3899
AADNRRW;1171,1197,3899
AADNRRY;2162,3576,3660,3770
AADNRSS;1686,2192,3667,3695,3875
AADNRST;2079,2100,3376,3514,3668,3698,3700,3716
AADNRTY;
AADNRVW;3308
AADNRWY;
AADOPRR;2194,3450,3663,3730,3896,3899
AADOPRS;785,2091
AADOPRT;772,2194,3896
AADOPRX;3880
AADOPSS;3586,3630,3843,3900
AADOPSU;3633,3693,3800
AADOPTT;360
AADORWY;
AADOSTT;366,3380,3703,3704,3856
AADOWWX;
AADPSSW;3890,3898
AADPSSY;2200,3882
AADPSYY;
AADPTTU;2089
AADQRTU;367
AADRRSS;2146,2192,2200,3401,3687,3809
AADRSTU;366,1142,1148,2128,2178,2198,3761,3781,3785
AADRSTY;3382,3688,3802,3881
AADRSVW;3465,3672
AADRWWY;
AAEEFFR;
AAEEFGL;3277,3919,3920
AAEEFRT;1913,3277
AAEEGKL;
AAEEGLT;3904,3919,3936,3941,3954
AAEEGMN;104,368,3934,3939,3944,3956,3959,3963,3965
AAEEGMT;3902,3944,3959,3965
AAEEGRV;3940,3963,3965
AAEEGST;2201,3949
AAEEHRT;625,1063,1211,3314,3981,3993
AAEEINT;1922,2254,2255,3287,3332,3333,3334,3918,3947,4022,4044,4049
AAEEKKS;
AAEEKLS;628,2268,3343,4020,4021,4062,4063
AAEEKRW;2267,2269,4068
AAEELMN;372,2205,2235,2236,3318,3909,3924,3939,3956
AAEELMT;2206,2228,2280,3318,3353,3924,3993,4031,4061,4078,4080
AAEELOR;1256,1265,3920
AAEELPT;3174,4036,4061,4078,4079,4093
AAEELRT;3277,3353,3356,3904,3954,3981,3992,3993,4028,4033,4061,4071,4078,4080,4086
AAEEMNT;2254,3924,3959,3965,4002,4022,4101
AAEEMRT;3331,3353,3965,3993,4002,4031,4080,4101,4106
AAEEMTX;3993
AAEEPPS;106,1241,2283,2290
AAEEPRT;1203,1267,2262,3331,3337,3932,4036,4052,4053,4054,4056,4071
AAEERST;629,2313,3379,3915
AAEERSW;810,4060,4097,4122
AAEERTU;815,3337,3384,3977,3991,4052,4068,4113
AAEERTW;1244,4068
AAEERTX;799,3376,3903,3914,3954,3981,3993,4019,4039,4056
AAEFFGR;
AAEFFIR;1284,2316
AAEFFLL;1283
AAEFFNR;2316
AAEFFRS;4129
AAEFFTT;4127
AAEFGNS;376,2319,2320,3389,3390
AAEFGRS;2319,2320,2321,2322,3921,4146,4148
AAEFGTW;
AAEFIRR;1206,1295,3280,3396,4172
AAEFKLO;4175
AAEFLLV;
AAEFLPR;4177
AAEFLRS;836,1081,1298,2319,3404,3927,4146,4156,4157,4174,4181
AAEFLRW;
AAEFLSV;4147,4180
AAEFMOS;1293,4146,4163
AAEFMRT;2332,3406,4145
AAEFQRU;314
AAEFRRW;2339
AAEFRWY;
AAEGGLS;380,3933,4193,4195,4197,4203,4204
AAEGGNO;1084,3418,4198
AAEGGOP;1962,3282
AAEGGRS;378,380,4197
AAEGGRT;1306,3903,3932,4189,4198
AAEGGRY;
AAEGGSV;380,381,4197,4199
AAEGHLU;2346,4214,4224
AAEGHLY;838,839,1308,4223
AAEGHNT;3936,4137,4221,4231
AAEGILR;387,609,2372,4212,4214,4244,4288,4290
AAEGILS;1285,1313,1914,3943,4193,4195,4213,4245,4268,4289
AAEGINP;2345,2380,4140
AAEGINR;
AAEGINV;318,1705,2381,3940,4242,4277,4297
AAEGINW;
AAEGIPR;382,387,2362,2372,2377,2380,3445,3450,3932,3947,4140,4211,4244,4277,4288,4290,4302,4309
AAEGIRR;4310,4321,4324
AAEGISS;3426,3452,3950,4142,4192,4200
AAEGIST;591,1326,2384,3943,3951,3952,4289,4300,4323
AAEGISU;1327,2384,4195,4245,4262,4300,4308
AAEGITT;2379
AAEGITZ;2371,4302,4307
AAEGJTU;
AAEGKNT;2360
AAEGKOS;1328,1329,4327,4329
AAEGLLR;1213,3456,3954,4144,4335
AAEGLLT;3919,3954,4143
AAEGLMN;104,110,385,844,1314,2357,2363,2364,2387,3939,3956,4145,4264
AAEGLMT;30,319,393,2364,4145,4253
AAEGLNN;844,2363,3939,3958,4340
AAEGLNR;1287,2387
AAEGLNS;2390,4193,4203,4268,4332
AAEGLNU;2222
AAEGLOP;29,1332,2348,3937,3956,4221,4272,4287,4288,4289,4333,4340
AAEGLRR;3435,4196,4335,4342
AAEGLRS;4146,4328,4338,4345,4346
AAEGLST;3464,4289
AAEGLSV;
AAEGLSX;4344
AAEGMNO;3956,3963
AAEGMNR;385,2377,4227
AAEGMNS;376,2349,4191
AAEGMNT;3959
AAEGMPR;2350,2377,4227,4302
AAEGMRT;399
AAEGMRW;
AAEGMSS;3962,4358
AAEGMTT;
AAEGNNP;1320,4140
AAEGNNS;1094,3389,3390,3459,3906,3946,4218,4251,4268,4329
AAEGNNT;1319,1320,2379,2398,2399,3444,3959,4247,4307,4340
AAEGNOP;3956,4221,4272
AAEGNPT;4231
AAEGNPW;
AAEGNRR;396,4310,4342
AAEGNRT;2399,4231
AAEGNRW;
AAEGNST;
AAEGNSU;376,1086,1094,1334,3423,4308
AAEGNTV;3965
AAEGNTW;
AAEGORS;1311,1328,1973,2321,2353,2391,2401,2402,3292,4233,4287,4311,4345,4368
AAEGPRR;2219,3435,3450,3451,3966,4367
AAEGPRS;846,1688,3967,4222,4225,4233,4345,4368
AAEGPRW;
AAEGPSS;2404,4330,4334,4358
AAEGPSV;
AAEGPSY;4213,4220,4369
AAEGQUY;
AAEGRRV;4196,4321,4324
AAEGRST;1326,4368,4374
AAEGRSV;
AAEGRTT;2399
AAEGSSU;2394
AAEGSSV;3467,3950
AAEGSSW;400
AAEGSTU;2384,2395,4235,4237,4300,4308,4339
AAEGSTW;4226
AAEGTTW;
AAEGTUX;
AAEGTWY;
AAEHHPR;2410,3302,4380
AAEHHPT;2410,3302,4380
AAEHILP;3489,4210,4213,4384,4393,4400
AAEHIRT;3303,3500,3981,4214,4217,4397,4421
AAEHKNT;
AAEHKPS;1717,2234,4389
AAEHKRY;
AAEHKST;402,2234,2479,4391
AAEHKSW;858,1104,3935,4426
AAEHLLL;2419,4377
AAEHLMT;1288,1992,3484,3993,4436
AAEHLNT;113,3936,4221
AAEHLPS;4389,4431,4433,4438,4442
AAEHLPX;
AAEHLRT;625,1211,3981,3992,3993,4214,4380,4449
AAEHLST;3305,3994,4152
AAEHLTT;69,1337,2436
AAEHMSS;1347,3511,3990,4006,4008,4406,4410,4412,4413,4435,4455,4458,4459
AAEHMST;3985,3994,3999,4003,4004,4005,4006,4153,4410,4415,4452,4453,4457,4458
AAEHMTT;31,408,410,411,2497,4415,4436,4454,4457
AAEHNPR;323,412,3307,3512,4231,4405
AAEHNPS;4228,4416,4431,4433
AAEHNSY;3423,4000,4191,4408,4434
AAEHPRZ;
AAEHPSW;
AAEHPSX;4425
AAEHRSY;868,3491,4456,4466,4471
AAEHSTT;401,1229,1342,1352,3985,4003,4009,4415,4457,4463
AAEIKLN;2357,2541,4020
AAEILLX;2548,2551,4159,4482,4545
AAEILMN;372,385,419,639,1232,1314,3429,4020,4030,4160,4478,4565
AAEILMS;115,420,1370,1391,4020,4021,4030,4561,4572,4575
AAEILNN;93,1392,1393,3485,4395,4577,4578
AAEILNO;639,1120,1731,2544,2565,2579,3486,3572,4160,4256,4269,4272,4395,4396,4491,4532,4577,4578,4585,4591,4592
AAEILNT;1358,1393,4474,4585,4599,4601,4605
AAEILOR;1115,1120,1338,1379,1403,1736,2022,3232,3487,3533,3566,3572,3587,4031,4260,4265,4288,4519,4607,4608,4609,4610
AAEILPX;2551
AAEILRS;416,426,1734,2246,2425,2432,2591,4025,4030,4037,4156,4394,4482,4530,4544,4598
AAEILRU;888,1405,1410,2556,2596,3556,4036,4214,4608,4612
AAEILRV;
AAEILSS;883,1361,1411,2523,2558
AAEILSV;4616
AAEILSX;426,1391,4482
AAEIMMT;2441,2564,4483,4552
AAEIMNS;3227,4020,4030,4162,4163,4502,4561,4632,4636
AAEIMNT;4640
AAEIMPY;3983,4405,4409
AAEIMRR;2573,2615,2616,3613,4506,4507,4570
AAEIMRT;812,2256,2615,3331,3481,3540
AAEIMRU;431,1412,2040,2604,2609,4304,4665,4666
AAEIMTV;1387,2256,3540,3609,4488,4665
AAEINNO;1089,1319,1392,1738,2049,2449,2605,2623,3617,4269,4306,4307,4395,4491,4577,4578,4633,4636,4668,4672,4673
AAEINPS;117,881,2540,2580,3621,4416,4682
AAEINPT;117,118,1743,4682
AAEINST;434,4672
AAEIPPS;4416
AAEIPRR;1235,2006,3450,4053,4054,4506,4570,4607,4612,4680
AAEIPRS;416,426,1402
AAEIPRT;3331,3337,3932,4052,4054,4421
AAEIPTT;330,3636,3984
AAEIRRT;900,1295,3209,3500,3613,4053,4172,4507
AAEIRSS;3426,3495,3950,4164,4166,4200,4413,4420,4476,4629,4705
AAEIRST;1404,2317,4025,4035,4530
AAEIRSX;426,3632,4482,4515,4696,4708
AAEIRTT;1409,1748,2263,2264,2596,2653,4548,4550,4610
AAEIRTV;626,1324,4510,4665,4678
AAEIRTW;3303
AAEIRVW;
AAEISTT;1342,2253,2601,2602,3985,4158,4415,4657
AAEISTV;2648,3641
AAEISTX;4057,4425,4515,4708
AAEITUX;
AAEJMST;2539
AAEJNRT;2658
AAEJOPR;
AAEKKOR;
AAEKKPY;
AAEKKRY;
AAEKLMS;2268,2409,2474,3343,4020,4021,4327,4328,4720,4721
AAEKLNS;903,905,1343,1429,1752,2475,2540,2541,2655,4020,4062,4327,4479
AAEKLNT;
AAEKLSS;857,1433,2662,4173,4175,4328,4427,4520,4723
AAEKMNW;
AAEKMRR;1239,1431,4064
AAEKMRS;902,2474,2481,4720,4721
AAEKMSW;
AAEKNNS;4062,4251,4329
AAEKNSW;4066,4251
AAEKNUW;
AAEKPRT;1990
AAEKPTU;4730
AAEKRSS;1754,2484,2659,2665,4427,4517,4526,4527,4719,4723
AAEKRST;629,683,912,1132,1755,3644,4391,4524,4720,4727,4731
AAEKSSV;2484,2660
AAELLLM;4529
AAELLNV;1378,1446,4528
AAELLNZ;123,4480
AAELLPR;1200,1249,2514,2674,3350,3351,4534,4545
AAELLPS;4220,4431,4433
AAELLPT;4176
AAELLRT;438,2277,2666,2672,3954,3992,4335,4738,4741
AAELLRY;1439,1448,2674,3351,4071,4732,4733,4737,4738,4743,4748
AAELLSW;1430,1438,2670,2675,4179,4751
AAELLTV;
AAELMMR;2485,4483
AAELMMT;30,32,441,442,3656,4483,4552
AAELMNT;32,1246
AAELMNU;33,419,648,1452,2542,3659,4160,4556,4755,4760
AAELMOT;442,3566,3647,3656,4031,4519,4741
AAELMPT;
AAELMRW;2485,3657,3909,4565,4758
AAELMST;1761,4720
AAELMSX;1391,1454
AAELMSY;1456,1761,2365,2685,3648
AAELNNS;447,1442,1443,2677,3244,3389,3459,3510,3513,3665,4062,4180,4773
AAELNOP;1136,2076,2678,2679,2691,3956,4176,4221,4272,4378,4437,4756
AAELNOV;2689,2692,3572,4578,4589,4592
AAELNPR;323,448,1136,3512,4735,4767
AAELNPT;4176
AAELNPU;2582,2691,3659,4278,4559,4593,4767
AAELNRS;1233,1256,1260,1261,1377,1384,1397,1443,1450,1692,4030,4394
AAELNSS;2697,3515,4781
AAELNST;4178,4605
AAELNSY;122
AAELNTT;1208,1255,1264,2692
AAELNTY;651,1139,1453,1462,2067,2489,4745
AAELNTZ;4474,4601
AAELNWY;4565
AAELNYZ;123
AAELORR;2082,2491,2590,3232,3487,3587,3663,4265,4606,4607,4609,4610,4764,4775,4792,4793
AAELORS;3404,3655,3664,3672,4094,4146,4337,4736,4764,4792
AAELORU;1299,1469,2392,2661,4588,4608
AAELOTX;442,1458,4396,4590,4591
AAELPPR;387,423,2372,3574,4275,4612,4777
AAELPPS;106,1241,2283,2657,2699,4442
AAELPPT;4093,4384,4777
AAELPPU;3650,4612
AAELPRS;426,453,4097,4243
AAELPRT;1203,1267,1468,4380
AAELPRV;4277
AAELPSS;2081,2662,3996,4175,4334,4346,4347,4439,4583,4750,4781
AAELPST;4788
AAELPTT;1737,2089,2436,2593,4788
AAELPTU;2089,2691,3659,4036,4278,4559,4573,4593
AAELPTY;686,2489,4071,4093,4098,4290,4380,4749
AAELRST;1667,2712,2713,3588,3664,4720,4792
AAELRTV;4793
AAELRTZ;1410,4028,4600,4601
AAELRVY;1408,2293,2557,2680,4449,4551,4737
AAELSST;3509,3595,3597,4152,4173
AAELSTT;4037,4099,4158,4161,4339,4350,4575,4615,4620,4752,4788,4798
AAELSTV;1276,3464,4076,4077,4092,4147
AAELSTZ;2603,3600
AAELSUX;453,1391,1454,2713,4344,4605,4625,4786
AAELSWX;
AAELTUV;2698,4592
AAELTVV;4040
AAELTZZ;3585
AAELWWY;
AAEMMMR;
AAEMMMT;4531
AAEMMNT;32,3959,4552
AAEMMNU;
AAEMMOT;442,2716,3656
AAEMNNT;27,427,2606,3959,4552,4640,4811,4812
AAEMNOR;1412,3963,4001,4227,4633
AAEMNPP;
AAEMNPS;4228,4355,4431,4756
AAEMNPT;
AAEMNRT;
AAEMNRU;431,1412,2040,2609,3685,4755
AAEMNST;
AAEMNTU;3606,3659,4755
AAEMOTY;2716,3406,4106
AAEMOTZ;
AAEMPRT;4,2271,2498,3331,4302
AAEMQSU;3372,3686,3953,4662
AAEMRSS;421,443,456,458,1294,4032,4109,4186,4412,4413,4435,4459,4508,4554,4629,4655,4759,4764,4808,4819,4820,4824
AAEMRST;2683,2724,3519,3688,4720,4727
AAEMRTU;2687,4755
AAEMSSS;4082,4111,4667,4807,4816
AAENNNT;2622,4668,4669
AAENNST;2577,2606,2625,3999,4492,4634,4639,4671,4676,4827
AAENNSZ;4679
AAENNTT;1255,1945,2095,2399,3691
AAENNTV;2689,3541,4247,4578,4673,4678
AAENOPS;1897,2501,2628,2718,2720,3649,3693,4085,4228,4355,4416,4417,4433,4437,4461,4462,4681,4756,4769,4774,4829
AAENOSZ;4274
AAENPPR;211,412,2732
AAENPSS;760,1150,1461,2303,3690,3695,3913,4046,4358,4539,4781
AAENPST;3689,4066,4827
AAENPSV;
AAENPSX;4596,4829
AAENPTT;
AAENRRT;2242,4086,4101,4115,4342,4440,4450,4560,4692,4758,4775,4834
AAENRSS;76,95,1237,1416,1754,2506,3495,3523,3695,3913,4046,4164,4230,4365,4420,4476
AAENRST;3697
AAENRTT;4831
AAENRTU;450,1767,2672,3669,3691,3697,3700,4113,4730,4755,4768,4771,4785,4786,4826,4834,4837,4838
AAENRTV;2631,3609,3948,3965,4510,4589,4678
AAENRUW;1263
AAENRUZ;3219,4601
AAENSSU;1461,1464,2509,2589,2697,2723,3579,3667,3690,4104,4187,4579,4638,4653,4781,4784,4787
AAENSSV;
AAENSSW;4420,4429,4467,4757
AAENSTV;2504,4076,4092
AAENSTW;4066,4114,4691,4835
AAEOPTZ;
AAEORRT;2491,2741,3912,4106,4172,4450,4607,4609,4610,4775,4793,4840,4842,4844
AAEORRU;1312,3702,4172,4848,4850
AAEORST;2321,3588,3634,4035,4094,4121,4182,4337,4353,4368,4399,4611,4736,4796
AAEPPRS;413,462,909,1435,4470
AAEPPRT;1267,2262
AAEPPRV;1467,2732,4045
AAEPRRS;413,462,1281,1482,4060,4096,4097,4107,4124,4233,4456,4778,4801,4827,4847
AAEPRSS;458,463,1997,2506,2512,3311,3695,3907,3913,3996,4014,4120,4719,4819,4845,4849
AAEPRST;4366,4462,4827
AAEPRSY;3382,3696,4124,4456,4471,4846
AAEPRSZ;1482,3684,4315,4514,4763
AAEPRTY;2511,3382,4071,4098,4188,4290,4380,4743,4844,4846
AAEPSTW;2311,3675,4066,4123
AAEPTTW;
AAERRRS;369,459,911,3476,4108
AAERRRY;2338,4844
AAERRSS;643,2312,3401,4200,4372,4629,4700,4707,4764,4791,4800,4808
AAERRST;459,1722,1755,2213,2273,2297,2710,3409,3527,3688,4017,4107,4108,4124,4185,4374,4731,4801,4852
AAERRTT;867,1961,2339,3547,4018,4053,4080,4188,4324,4507,4548,4610,4775,4793
AAERSST;458,463,1228,1296,2313,3908,3915,4186,4719,4727,4728,4819,4820
AAERSSY;2659,2711,4317,4728
AAERSTU;2305,2712,2713,2738,2742,4731,4786,4801,4852,4853
AAERSTW;128,912,1352,1471,2712,4185,4226,4236,4349,4374,4726,4835,4852
AAERTTU;450,2596,3366,3669,3691,4113,4677,4686,4697,4831,4841
AAESSTV;2313,2654,2660,3385,3915,4058,4804
AAESSWY;400
AAESTTT;451,1274,1476,2601,2621,3692,4119,4468,4718,4752,4828,4851
AAFFILN;4128
AAFFILX;
AAFFIMS;4861
AAFFINS;
AAFFINT;4859
AAFFIRS;4861
AAFFIST;2317,3708,4130
AAFFLRS;
AAFFPRS;
AAFFRSY;
AAFFRSZ;
AAFGHIN;
AAFGHNS;3706
AAFGLMN;375,2750,4145
AAFGNRS;2319,2320,4872,4873
AAFGORR;
AAFHIKL;
AAFHINR;2106,4879
AAFHLLS;2752,4150
AAFHLWY;
AAFHMST;4153
AAFHSTW;
AAFIILR;4881
AAFIJST;
AAFIKLS;4155
AAFIKSS;
AAFILNT;1292,1486,3714,3924,4866,4884,4888
AAFILQU;
AAFINNT;4866,4870
AAFINNU;465,4879
AAFINRS;940,1487,2782,3715,4133,4162,4165,4167,4168,4861,4873
AAFINST;1487
AAFINTT;4863,4888
AAFIPRT;2775
AAFIQTU;
AAFIRSS;1294,4131,4141,4142,4157,4166,4881,4890
AAFIRSU;1773,4869,4891,4895
AAFIRUY;
AAFIRWY;
AAFISST;313,4862,4868
AAFJLLW;
AAFJLOR;
AAFKNST;2756
AAFLLLS;
AAFLLTY;4875
AAFLMPR;
AAFLNOR;942,2773
AAFLNRU;942,4144,4883
AAFLNUU;
AAFLSTU;1489,2772,2779,4178,4869
AAFLWYY;
AAFMNRT;4145
AAFMNST;
AAFNRRT;1301,4886
AAFNSTT;2790,3716,4171
AAFNSTY;4871
AAFOSST;468,1300
AAGGHNT;
AAGGIJN;
AAGGILN;129,240,2792,2796,3722,4897,4900,4909
AAGGJRY;
AAGGKSU;
AAGGLMO;
AAGGLOS;2793,3726,4195,4203,4924
AAGGLRY;1495
AAGGMNS;4191,4206
AAGGNOY;
AAGGNST;475,4206
AAGGNSZ;4921
AAGGNTT;
AAGGNWY;
AAGGQSU;
AAGGRSS;4200,4916
AAGGRST;475
AAGHHRR;
AAGHHST;
AAGHILR;476,2342,2804,2807,2808,4211,4212,4214,4933,4937
AAGHINN;4219
AAGHJNS;
AAGHKNS;2803
AAGHKNT;
AAGHLNT;3936,4221,4934
AAGHLOS;2348,3937,4946
AAGHLSZ;
AAGHMNN;
AAGHMNU;3734,4931
AAGHMNW;4926
AAGHMRS;2343,2351,2817,2818,3729,4932,4941
AAGHNRS;378,2216,2347,2801,2810,3421,4208,4222,4950
AAGHNSS;4230
AAGHNST;4934
AAGHQUU;
AAGHRSW;337,469,4226
AAGHSTY;34,479,2820
AAGIINT;764,2354,2355,2751,2792,2826,2831,2833,2834,3737,3741,4899,4970,4971,4972,4973,4994,4998
AAGIKNS;4969
AAGIKNT;765,2360,5007
AAGIKNW;5005,5012
AAGIKNZ;4965
AAGILMY;1499,2848,3256,5008
AAGILNN;1500,1501,1504,3723,3939,4866,4897,4908,4909,4977,4978,4979,4980,4981,4982,5035
AAGILNO;472,1502
AAGILNP;2121,2806,3736,3757,4931,4933,4979,4983,4984,5008,5036
AAGILNR;339,1498,1502,1508,4933,5038,5042,5048
AAGILNS;947,4193,4268,4934,5024
AAGILNV;3940,4277,5006,5018
AAGILNY;129,944,1499,1508,1509,2806,2848,3738,3756,4128,5005,5008,5038,5048
AAGILOS;490,2793,4195,4240,4254,4287
AAGILOT;2369,2371,4212,4937
AAGILPS;490,2858,3436,3728,3736,4210,4243,4287,4927,4934,4938,4976,4979,4983,4988,5029,5032,5036,5041
AAGILRS;490,1164,2797,2843,2858,3758,3760,3761,4869,4976,4988,5020,5021,5051
AAGILRT;3761,3762,4212,4214,4290,4869,4937,4988,5038,5042,5045,5048,5051
AAGILSV;3943,4197,5018,5047
AAGILTW;
AAGIMNO;477,2860,3748,4991,5056
AAGIMNS;249,493,3751,4993,5024
AAGIMNT;488,493,1506,1507,2751,2849,2860,4993,5055,5056,5060,5061,5063,5064
AAGIMNZ;2828,4993
AAGINNS;947,1162,1500,1503,1513,2824,2859,3946,4268,4270,4901,4905,4918,4960,4962,4977,4979,4980,4981,4999
AAGINNW;
AAGINOS;1090,1494,1516,1784,2124,2868,3771,3772,4311,4312,4942,5001,5077,5079,5081,5083
AAGINPY;2806,2853,5008
AAGINRR;945
AAGINRS;2841
AAGINRT;1493,1515,1517,2833,2834,2860,2867,2870,2871,3775,4919,4990,5038,5042,5045,5048,5061,5063,5070,5078,5084
AAGINRU;1508,2867,4320,4856,4898,5045,5048,5061,5063
AAGINRZ;2802,2828,3415,3711,4283,4921,5043
AAGINST;96,493,1770,1784,2868,4871,5025,5079,5083
AAGINSU;3745,3751,5024,5083
AAGINSV;1705,2381,4960,5018,5047,5079,5081,5083
AAGINSY;2854,2868,3738,3756,5085
AAGINTY;3774,4871,5007,5038,5048,5064
AAGINWW;
AAGIOSS;1519
AAGIOTT;5056,5069,5072
AAGIPRS;490,2811,2858,2862,4912,4938,4945,4969,4976,4988,5002,5003,5014,5029,5032,5051,5053,5058,5066,5067
AAGIPRU;3731
AAGIRRY;
AAGIRSW;337,469,3952,4872,4873,4914
AAGIRSY;479,2858,2863,3732,4945
AAGISTT;4918,5072
AAGJNRS;
AAGJRSU;
AAGKKNO;
AAGKLSY;
AAGKOOZ;
AAGKORT;
AAGLLNS;2361,3749,4193,4203,4252,4259,4964,5016,5018
AAGLLNT;1781,2845,4143,4971,4972,4973,5007,5091
AAGLLVY;
AAGLMMS;5024,5093
AAGLMNS;3751,3777,4966,5009,5024,5094,5095
AAGLNOR;1502,2387,2878,4341,5026,5038,5102,5103
AAGLNOS;2390,2879,3778,4203,4327,5099
AAGLNOY;3750,3756,4947,5038,5099,5103
AAGLNPS;3728,3736,3957,4923,4934,4979,4983,5029,5036,5041,5094
AAGLNRS;1520,4948
AAGLNRU;1508,1520,1521,2878,5042,5048
AAGLNST;2390,2879,4934,5025,5030,5049,5098,5099
AAGLNSU;1520,2879,3751,3777,5024,5037,5046,5047,5049,5095
AAGLNTY;4877,5007,5038,5048,5098,5099,5103
AAGLORU;2392,2878,2880,5102
AAGLRST;2797,3758,4876,4938,4988,5021,5051
AAGLRUU;1331,1521,2813
AAGLRVX;
AAGLSST;2814,2857,4855,4868,5034,5039,5049,5050
AAGMMNS;342,3764,5010,5024
AAGMMRR;396,3960
AAGMMRS;342,3763,3764,4353,5053,5054,5104
AAGMMST;4353,5053,5054
AAGMMTU;
AAGMMUY;4910
AAGMNNR;3740,4967,4990
AAGMNOS;5094,5095
AAGMNOT;5056
AAGMNPR;485,2377,4227,4991
AAGMNPY;5008
AAGMNRS;1511,5095
AAGMNRT;4990
AAGMNSW;4914,5009
AAGMNSZ;4993
AAGMOPY;5093,5097
AAGMORS;2817,2882,3767,3768,4911,5065,5089,5094,5095,5104
AAGMOSU;3768,4204,4300,4338,4360,5065,5090,5095,5106
AAGMPRS;2818,2862,4941,4976,5032,5053,5066,5067
AAGMRRY;3782
AAGMRSY;2127,2818,2863,5089
AAGNNOS;1168,3783,4329,4942,5109
AAGNNRU;474,3469,4898
AAGNNSW;1168
AAGNOPR;2832,2866,4917,4991
AAGNORS;1163,1516,1973,2124,2396,2401,2402,3292,3772,4295,4311,4352,4911,5081
AAGNORZ;
AAGNOST;1335,1784,2390,2402,2868,2879,3471,3771,3772,4311,4312,5001,5077,5079,5081,5083,5099
AAGNPRS;3967,4222,4969,5002,5003,5014
AAGNRRS;1523
AAGNRRY;4877,5103
AAGNRSS;2403,4230,4365,4858,4954,5111
AAGNRTV;2871,3948,3965
AAGNSST;2400,3463,5105,5111
AAGNSTU;475,481,2879,4308,5049,5074,5083
AAGNSUY;3423,3777,5075
AAGNSWY;4873
AAGOPRU;3731
AAGOPSS;496,2404,4365,5080
AAGORSU;1516,1706,3768,3785,4878,5065
AAGOSTU;2395,2879,3785,4300,4878,4955,5065,5083,5106
AAGPPRS;345,482,4346,4368,4945,5002
AAGRRSY;1097,3477,4374,5089
AAGRSUV;1222,5047
AAGTTUU;
AAHHIRS;1975,2887,3212,4208,5126
AAHHJJS;
AAHHLLS;
AAHHLSV;
AAHHMSZ;
AAHHNNT;5122
AAHHNPT;2888,5122
AAHHNST;252,3479,4379
AAHHOPR;2799
AAHIIMT;1789,2415,3481,3789,4385,4387
AAHIJNR;
AAHIKMN;
AAHIKMS;
AAHIKOR;
AAHIKPS;
AAHIKRS;3791
AAHIKRT;2131
AAHILLL;2419
AAHILLN;5131
AAHILMR;3484
AAHILMS;4209,4210,4927,5137
AAHILMT;3484,5121,5138
AAHILNT;509,2888,4934,5123
AAHILPV;
AAHILSW;
AAHILSY;132,2133
AAHIMNO;477,511,2442,2914,3789,3797,4215,4386,5145
AAHIMNS;
AAHIMNZ;
AAHIMSS;4410,4412,4413,5117,5134
AAHINOP;477,514,953,1545,1796,2895,3799,4386,5140
AAHINPP;514,1545,2345,2927,4388
AAHINPR;2908,3799,4211,4405
AAHINST;515,2929,2931,3712,3798,4934,5154,5155,5156,5159,5160
AAHINSW;
AAHINTW;
AAHIOST;508,1794,2910,2929,3798,4399,4404,4410,4417,5135,5155,5156,5157
AAHIPRS;38,1548,3987,4945,5134,5162
AAHIPRT;516,1800,2233,4421
AAHIPTZ;2437
AAHIRRS;515,1339,1548,3727,3802,4391
AAHIRSS;1535,1797,3495,3987,4413,4420,4422,4424,5134,5162,5163
AAHIRST;479,515,3802,5141,5156
AAHIRSV;1548,1715,2455,2899,2913
AAHIRTV;1541,2465,2808
AAHISTW;406,3988
AAHJKNR;
AAHJKST;
AAHJNRS;
AAHJRRS;3727
AAHKKST;402,507,508
AAHKLRS;855,2474,2755,2939
AAHKLST;2755,5165,5166
AAHKLSY;1549
AAHKMSY;5167
AAHKNST;2756,5165,5166
AAHKNSU;1343,1549
AAHKPSS;4929
AAHKPSU;
AAHKRSS;2484,3990
AAHLLLS;
AAHLLNS;4431,4433
AAHLLOS;518,1551,2420,4433,4946,5171
AAHLLPS;2943,4220,4431,4433,4946,5171
AAHLLSS;3509,3805
AAHLLSW;2944
AAHLLWY;
AAHLMMS;
AAHLMRS;2939,2945
AAHLMRU;2813,5174
AAHLMSS;3511,4880,5176
AAHLMST;262,519,2426,2948,3305,3994,5137,5175
AAHLMSU;2487
AAHLNPX;520,4947
AAHLNRW;
AAHLPRS;266,2903,2912,2945,4946,4948,5181
AAHLPST;2238,2943,2948,4389,5175,5181
AAHLRSS;139,2107,3518,3794,3996,3997,4151,4401,4444,4935,5144,5179
AAHLRST;265,2755,2944,5129,5141,5143,5181
AAHLRSW;2944,4226
AAHMMMS;510
AAHMMNS;1538,2896
AAHMMSS;
AAHMNNU;4879
AAHMNRS;5133,5182
AAHMNSS;1347,3806
AAHMNST;252,262,521,3999,4003,4004,5173
AAHMNTX;
AAHMOPR;2816,2917,2953,4949,5152
AAHMPRS;2447,2818,2903,3729,4007,4411,4456,4457,4941,5133,5134,5182
AAHMQSU;
AAHMRSS;1807,3990,4413,5117,5134
AAHMSST;1347,2947,4006,4008,4410,4455,5176
AAHMSSU;1807,4459,5176
AAHMSTZ;1543
AAHNNOS;2956,3796,3798,4942,5177,5185
AAHNNST;521,2956,3798,3999,5173,5177,5185,5186
AAHNNTX;5153
AAHNOPR;3799,5187
AAHNORT;2135,2503,4952,5187
AAHNORV;
AAHNPSS;2930,4943,4954,5158
AAHNRTX;4397,4440
AAHNRTY;525,2496,4466,5186,5189
AAHNSUW;
AAHNSZZ;
AAHORSU;1806,5168,5188
AAHOSTW;1344,1554,2145,5166,5190
AAHPPRS;38,258,413,482,526,4441,4470,4471,4945,5162,5182,5183
AAHPRSY;2818,2937,2959,3732,4456,4466,4470,4471,4945,5162,5180,5182,5189
AAHPRTW;
AAHPTWY;
AAHRSSS;350
AAHRSST;139,517,1228,3262,3908,4013,4151,4236,4444,4465,4472,4954,5179
AAHRSTY;34,479,2937,2959,3802,4466,4471,5167,5180,5186,5189,5190,5192
AAHRTTW;1724
AAHSSST;3808,3989,4237,5149
AAHSSSY;3801
AAIIKKS;5196
AAIIKSW;
AAIIKSZ;
AAIILMR;529,1355,2150,5210
AAIILPR;351,506,1355,1359,2000,2514,3533,4244,4499,5227
AAIILPT;970,1359,2519,2963,2968,3222,3713,3737,3816,4384,4481,4488,4499,4972,5200,5209,5227
AAIILRZ;4244,4499
AAIIMNT;3538,3789,3826,4387,4992,4993,5193,5194,5209,5230,5236,5237,5239
AAIINNZ;527,1501,2825,4903,4961,4963,4978,4981,5244
AAIINRT;696,1818,2355,2983,4510,4886,4970,5194,5195,5218,5236,5239
AAIINTT;414,530,1533,1534,2530,2533,2836,2898,2982,2983,2995,3001,3004,3545,3817,4973,5221,5224,5239,5245,5255
AAIINZZ;
AAIIRVV;
AAIJKRS;1368
AAIJLNP;
AAIJMNP;
AAIJMNT;
AAIJNRS;535,1173,4476
AAIJNRZ;527
AAIJNST;1577,3013
AAIJPPY;
AAIJRSW;
AAIKKKV;
AAIKLLN;2837,4964,4965,5007,5197,5266
AAIKLLS;7,537,975,976,3015,4964
AAIKLMS;536,4020,4021,4966,5009
AAIKLNP;3811,5008
AAIKLNS;2541,4020,4479
AAIKLPR;4521
AAIKMNN;4967
AAIKMNR;3427,3748,4523,4967,5012
AAIKMOR;2840,3748,4519
AAIKMOS;1578,5263
AAIKMRS;536
AAIKMTU;
AAIKNRS;977,1374,2841,4525,4969,5014,5271
AAIKNST;4525,5269,5270,5271
AAIKORU;
AAIKOSY;
AAIKPPR;
AAIKPRR;
AAIKRSS;978,3835,4517,4526,4527,5272
AAIKRST;5014,5198,5271
AAIKRSU;5271
AAIKSTT;5196,5198,5270
AAIKTVV;
AAILLLP;539,5274
AAILLLT;539
AAILLMM;
AAILLMN;275,540,541,2542,2758,4478
AAILLMR;4882,5015
AAILLMX;5199
AAILLNT;175,530,657,1559,1583,1781,2966,4971,4972,4973,5007,5197,5266,5285
AAILLNV;245,1378,1586,4528
AAILLPP;982,1581
AAILLRX;4159
AAILLSV;2759
AAILLSX;5293
AAILLUV;1378,1586,1589
AAILLXY;2548,5202
AAILMMN;372,4552,5193
AAILMMR;4483
AAILMMS;545,776,2563,4553,5024
AAILMMX;
AAILMNR;2018,2566,2568,3559,4030,4558,4560,4562,5194
AAILMNS;545,4020,4030,5009
AAILMNT;488,546,1507,1592,5193,5194,5303
AAILMNU;275,419,2542,2849,3032,4160,4931
AAILMNV;
AAILMPS;420,1389,1593,1594,2903,3035,3838,4210,4572,4574,4575,4927,4976,5032,5308
AAILMQU;419,4255
AAILMRT;205,246,2150,2770,3036,5303
AAILMSS;3848,5033,5310
AAILMSU;1391,1590,2248,2772,3038,3753,3838,4021,4576
AAILNNS;550,1500,1831,2760,2824,4977,4979,4980,4981,5208,5322
AAILNOP;356,2152,2895,3811,5279
AAILNOT;280,2565,3012,3032,3263,4532,4585,4888,5221,5266,5301
AAILNOV;3572,5316
AAILNPS;4979,4983,5041,5322
AAILNPT;2888,3064,5123
AAILNRU;3852,5045,5048,5288,5340,5341,5342
AAILNRY;1396,1508,1564,1585,2908,3576,3842,4597,5048,5223,5284,5323,5340,5342
AAILNSS;282,3058,3065,3854,5331,5332
AAILNST;4599,4605,5049,5341
AAILNSY;1396,3715,3738,3756,3841,5284
AAILNTV;
AAILNTY;5007,5048,5123,5197,5266,5281,5323
AAILORS;490,1812,1833,2776,3758,3837,3856,5021,5306,5345,5347
AAILORU;985,1600,3819,3852,4588,4608
AAILORV;543,1338,1379,3026,3572
AAILORZ;1403,4288,5317,5343
AAILOST;1833,1834,2776,2910,3038,3069,3072,3588,3856,4035,4399,5143,5292,5308,5345,5347,5348
AAILPPT;3068,4384
AAILPRS;2432,2591,2903,4261,4287,4544,4572,4606,4613,5029,5032,5036,5306,5349
AAILPRT;1603,2775,2856,3068,3860,5227
AAILPRY;1603,2908,2909,3039,4521,4545,5227,5343
AAILPST;5274,5292,5308
AAILPTT;425,1737,1836,2436,2593,3064,3070,4595,5227,5315
AAILPZZ;
AAILQWW;
AAILRRV;489,996,2553,4196
AAILRST;1833,2776,2797,3072,4025,4035,4530,4869,5021,5143,5223,5294,5342,5345
AAILRTT;46,1409,1566,2438,2596,2778,2983,4548,4550,4562,4595,4600,4610,5224,5227
AAILRTV;543,2808,3026
AAILRWY;548,4565
AAILSSS;555,1183,1826,2598,3041,3044,3595,3822,3861,4263,4546,5327
AAILSSV;3580,3859,4284,5018,5050,5268,5332,5346
AAILSSW;3854,3859,4986,5022
AAILTTT;1409,3081
AAIMMMT;510,4531
AAIMMNO;4215,5145,5229,5230
AAIMMSS;2037,3602,4293,4629,4989,5052,5204,5267,5352,5354
AAIMNNO;511,2605,2915,3029,3084,4633,5296
AAIMNNT;511,2606,4640,5055,5357
AAIMNOS;560,3824,4163,5363
AAIMNOT;511,546,1592,5145,5230
AAIMNPT;3865,5233
AAIMNRS;249,532,535,1511,2827,2861,4030,4162,4292,4295,4484,4502,4561,5133,5208,5212,5238,5358,5363
AAIMNRT;254,3089,5063,5194,5236,5239
AAIMNST;4993
AAIMNSV;5238
AAIMNTX;488,546,2972,4643,5230
AAIMRRS;3767,4892,4893,4941,5241,5352
AAIMRRT;2573,2615,2616,2829,3036,3040,3099,3613,4507,4570
AAIMRST;1185,1540,5054
AAIMRSU;3753,3766,3768,5212
AAIMRTU;2172,3089,3099,4304,4665,4666,5061,5063,5236,5303,5367,5369
AAIMSST;2619,2620,2992,3871,4410,4412,4490,4508,4574,4655,4663,4667,5052,5354
AAIMSSU;3866,3867,4638,4653,5354
AAIMSTT;327,2992,3095,3097,3985,4415,4575,4657,4667,5215,5355,5356,5374
AAIMSTU;2772,3038,3097,4300,4415,4657,5354,5355,5374
AAIMSTV;1540,1543,2575
AAIMSUV;3043
AAINNPU;
AAINNRU;3618,4879,4898,5075
AAINNRV;250,2527,2998,4678,4959,5316
AAINOPS;2993,4681,5254,5269,5363,5364,5384
AAINORR;895,1052,3268,3878,5218,5316
AAINORV;1167,1740,3572,3878,4589,5316,5390
AAINOST;1494,1784,2177,2767,2868,2929,3772,3877,4312,4417,4682,5077,5079,5081,5083,5154,5155,5156,5157,5270,5389,5390,5391
AAINOSX;5155,5380
AAINPPS;2580,3062,4647,4685,4983,5002,5217,5325
AAINPRS;4912,4969,5002,5029,5363,5384,5385
AAINPSS;1815,2930,4046,4419,4943,5158,5371
AAINPST;117,145,5155,5269,5393
AAINRST;515,5156,5341,5379,5389
AAINRSU;512,535,992,2997,3066,3623,3624,5160,5212,5237,5288,5304,5341,5342,5368,5384,5389
AAINRSV;1418,1421,3112,4199,5047,5238
AAINRTV;2871,3609,3948,4510,4589,4678,5239
AAINRTW;5073
AAINRTZ;5317,5388
AAINSST;5332
AAINSSY;4419,5385
AAINSTT;145,493,2931,3124,4918,5156,5282
AAINSTV;5079,5083
AAINTTT;2870,3116,5000
AAINTTU;1510,1598,3064,4677,4697,5056,5060,5063,5321,5362,5365,5369
AAINTTX;
AAINTVX;2383,2636
AAIOPRS;490,1423,1575,1642,2811,4287,4582,4606,4700,5385
AAIOPRT;973,2775,2856,3068,3126,3128,4044,4309,4701,5382
AAIOPRV;3128
AAIORRS;3094,3129,3499,3767,4700,4892,4893,5352,5353,5401
AAIORSU;1002,1188,1516,3010,3096,3114,3768,4895,5065,5368,5373,5389
AAIORTV;543,1424,3026
AAIPPRS;38,570,4945,5002,5162,5225,5241,5306,5349,5396
AAIPPRU;3869
AAIPPTT;3636,5084
AAIPRST;
AAIPRSY;2937,3732,4945,5162,5363,5385,5399
AAIPRTT;181,3128,5004,5084,5227,5255
AAIPSTY;2937,3076,4425,5228,5308,5338,5364,5393,5399
AAIPSZZ;
AAIQSSU;3866,3870
AAIQTUV;3339
AAIRSST;2987,3127,5260,5346,5398
AAIRSTT;1573,1609,5054,5156,5356,5379,5389,5390,5391,5401
AAIRSTY;479,2937,3802,3881,4714,5260,5294,5399
AAIRSUW;4891
AAIRSWY;
AAIRSZZ;2469,3504
AAISTTV;1803,3130,3641,4326,4706
AAISTUY;4625,5294,5342,5381
AAITWXY;
AAJJMRS;
AAJKLWY;5005
AAJKMNR;
AAJKNSS;
AAJMNPS;
AAJMNZZ;
AAJMORR;
AAJMORT;
AAJMPSY;
AAJNNOS;
AAJNOSW;1577
AAJNOSY;
AAJNPRS;
AAJOPSU;
AAKKLPS;
AAKKLRU;
AAKKMOT;
AAKKMRS;536,2939,5265
AAKKNSU;
AAKKOPS;
AAKKPSU;
AAKKSUZ;
AAKLMPU;
AAKLMRY;3014,5403
AAKLMUY;
AAKLNOO;
AAKLNOU;
AAKLOOP;
AAKLOOT;
AAKLRSU;5404
AAKLSSU;5268
AAKLSTU;1611
AAKLWWY;
AAKMMNR;
AAKMMOS;5405
AAKMMSU;
AAKMNSU;
AAKMORU;
AAKMOSU;
AAKMRST;4720,4721,4727,5167
AAKMRSU;
AAKMRUZ;
AAKMRWY;5012
AAKMSSY;4728
AAKNNTU;
AAKNORS;908,5404,5405
AAKNPSY;
AAKNRST;2756,4525,5011,5014,5271
AAKNSST;517,1433
AAKNSTW;4066,5166
AAKNSWZ;
AAKNTWY;
AAKOOPP;
AAKOPRS;5403
AAKORST;786,1132,2183,5135,5167
AAKPRWY;
AAKRSTU;4724,4731,5271
AAKRTUY;
AAKSSTT;4727,4729
AAKSTTT;3138
AAKSTUY;
AALLLNS;4734,5273
AALLLSS;4924,5408
AALLMMS;1297
AALLMPU;
AALLNOX;
AALLNPU;
AALLNSY;122,3841,4740,4746,4749,5284,5415
AALLNVY;1586
AALLORS;1851,3022,3139,3837,4736,4876,4946,5020,5021,5278,5284,5290,5416
AALLOSZ;5016,5292
AALLOTV;543,3026,4543
AALLPPS;4747,4751
AALLPPY;
AALLPWY;
AALLRSV;2279,3142
AALLRUY;1585,3142,5294,5410
AALLRVY;2557,3142,4551,4737
AALLSTT;3028,4332,4739,4752,5023,5282,5418
AALLUVV;
AALMMMS;545
AALMMNO;
AALMMNS;363,545,2563,5024
AALMMNT;32,441,4552,5193
AALMNOS;184,3144,4327,4434,4734,5094,5095
AALMNOY;659,1488,3033,5410
AALMNPS;293,519,4431,4756,5094
AALMNSU;293,391,917,1452,2677,4336,4760,4761,5095,5173
AALMORT;2332,2683,2770,3036,3148,3647,3656,3664,4031,4519,4741,5422
AALMORY;1620,2167,2388,2946,3148,5403,5422,5424
AALMOST;572,2851,3038,5097,5175,5308,5414,5423
AALMPRY;1016,2946,3039,4743,5422
AALMPSS;296,1594,1618,3146,3848,3889,3890,4880,5176,5310,5419
AALMRRU;4766,5303,5427
AALMRSU;209,3134,3753,4338,4561,4576,4760,4765,5095,5212,5304,5409,5420,5427
AALMSSU;4744,4765,5176,5310
AALMSTY;1456,1579,4740
AALMTTU;665
AALNNRU;3888,4755,4767,4768,4771,5428
AALNNSU;3665,5173,5322,5430
AALNPRT;5431
AALNPRU;292,448,4767,4771
AALNPST;5431
AALNPUU;
AALNQTU;365
AALNRRU;1858,2694,4778,5303,5432,5441
AALNRSU;1260,1520,3891,4760,4784,5037,5046,5047,5095,5212,5288,5340,5404
AALNRSW;1261,1463
AALNRTT;2983,3716,5224,5341,5431,5440
AALNRTU;294,365,1262,1599,2587,2672,2696,2878,3149,3669,3852,4541,4563,4588,4601,4755,4768,4771,5045,5048,5102,5174,5303,5323,5428
AALNSST;573,3058,3065,3805,4868,5039,5050,5332
AALNSTT;3716,5098,5165,5216,5282,5431,5440
AALNSTU;2879,3150,3582,3653,3853,4178,4568,4605,5173,5335,5336,5430
AALNSTY;3271,5098,5099,5178
AALNTTU;1510,1598,1857,3064,3669,5321
AALOPPT;4093
AALOPRS;490,4946,5032,5036,5094,5403,5424
AALOPST;1140,4788,5097,5175,5292,5308,5414,5423
AALOPSY;1593,2699,2911,3143,3153,4437,4442,5093,5097,5142,5171,5175,5178,5180,5293,5308,5403,5414,5415,5416,5424,5443,5444
AALOPVV;
AALOPZZ;
AALORRU;5102
AALORST;1833,2776,3072,3135,3139,4035,4094,4182,4337,4399,4736,4876,5021,5129,5143,5345,5347,5440
AALORSU;1489,1619,1624,3891,5404,5438,5448
AALORTX;3673,4590
AALOSTT;1624,3856,4788,5129,5165,5347,5440
AALOSVW;3672
AALOTTY;4799
AALPPRU;
AALPPRY;1268,1472,1623,2951,3039,4777
AALPPSU;5349
AALPRRS;266,2591,3073,4095,4096,4097,4544,4606,4778,4801,5181,5349,5436,5441,5443
AALPRSW;3675,4097,4751
AALPRSY;4948
AALPRTY;1603,4071,4290,4380,4743,5227,5422
AALPSTU;5274,5336
AALQSWW;
AALRSST;2987,3065,3794,5144
AALRSSW;3365
AALRSTT;49,1020,1333,1475,1624,1627,2292,2493,3716,4099,4350,4448,4752,5129,5427,5431,5440
AALRSTU;5143,5409,5427
AALRSTY;1020,4094,5223
AALSSSV;395,574,5446
AALSSTU;2599,3080,4624
AALSSUX;4781
AALSTUV;5335,5350,5430
AALSWYY;
AAMMMRY;5275
AAMMNRT;
AAMMNST;4102
AAMMOOS;3892,5351,5419
AAMMOTY;2716,5145,5172
AAMMRRS;4808,4892,5352,5353
AAMMRST;2940,4074,4353,4631,4720,4809,5053,5054,5205,5356
AAMMSUZ;
AAMNNNS;
AAMNNOY;1862,3084,3369
AAMNOOS;2916,3680,3892,3894,4632,4813,5351,5357,5360,5361,5451,5452
AAMNORR;343,571,2143,4001,4450,4925
AAMNORS;4911,5027,5094,5095,5363,5405,5451,5453
AAMNORT;577,1864,5449
AAMNORZ;4644
AAMNOSZ;557
AAMNOTU;1451,1592,3032,5056,5301,5365,5366,5367,5368,5369,5450
AAMNOTY;1488,1864,3033,3864,5145,5411
AAMNPRT;3089,3865,5236
AAMNPRY;3865,4405
AAMNPSS;562,3090,3889,3890,4358,5359,5371
AAMNPST;3681,4355
AAMNPTY;3865
AAMNRST;
AAMNRUY;3156,3888,4760,5410
AAMNSTU;3158,5173,5452,5453
AAMOORS;1612,3680,3892,3894,4893,5360,5373,5421,5451
AAMOPRS;2091,2718,3146,4360,4763,5094,5403,5424,5451,5453,5458
AAMORRZ;
AAMORSV;5265
AAMORTY;1512,1620,1864,2954,3148,3406,4106,5167,5422
AAMOSSS;5413,5425
AAMOSTT;1021
AAMOTTU;5056,5301,5365,5369,5450
AAMPRRT;51,445,2616,3160,3896,4570,5057
AAMPSSY;1594,4820
AAMRSST;456,458,563,1185,2619,3157,3408,3614,4508,4655,4728,4820,5426,5455
AAMRSSU;234,1807,3159,3374,4725
AAMRSTU;3781,5409,5427,5453,5458
AAMRTTY;
AAMRTWY;
AAMSSTU;2723,4653,4729,5176,5354,5456
AAMSTTU;4415,5151,5356
AANNNOS;2093,2727,3161,3872,4942,5243
AANNOTT;577,1865,5450
AANNPSS;2499,3690,4460,5297
AANNPSW;
AANNPUY;
AANNRSU;2717,2997,5186
AANNSYZ;
AANOQSY;
AANORST;1023,1866,3164,5081,5436,5437,5438,5449,5453,5463
AANORTT;577,1417,2503,3116,4341,4775,4811,4831,5082,5187,5255,5369,5387,5454
AANOSST;5039,5111,5157,5257,5300,5331,5332,5370,5386,5455,5466
AANOSTT;1021,3158,5270,5452
AANPPSS;3695
AANPRST;3272,4462,4827,5189,5431,5436,5438,5463
AANPRSU;5384,5453,5463
AANPSST;
AANQRTU;4113,4730,4834
AANRRSW;1523,4814
AANRRSY;1001,4817
AANRRTW;4758,5073
AANRSSS;574,2735,2736,3125,3699,3779,4944
AANRSTT;1573,3716,5189,5258,5431
AANRSTY;2959,4117,4817,5189
AANRSTZ;
AANRUWY;
AANSSTT;2193,4463,4830,4836,4839,5462
AANSSTV;567,5050,5332
AANSSTZ;5455
AANSSYY;5076
AANSTTT;451,3692,4119,4468,4828
AANSTUV;3123,4049,4785,5083,5160,5335,5430
AANSWYY;
AAOORRW;
AAOPSST;579,2404,2644,3166,3900,4682,4845,5386,5398
AAOQSSU;
AAORRSU;2198,3167,3785,5110,5188
AAORRSV;1859,4847,5468
AAORSTT;366,3856,4878,5129,5347,5401,5468
AAORSVV;
AAOSTTV;3130,5334,5390,5468
AAOTTUY;4799
AAOTWWY;
AAPPSWW;4464
AAPRRSU;1482,3073,3167,4778,4801,5181,5349,5402,5441
AAPRRTT;51,4053,4188,4803
AAPRSST;148,458,463,579,1012,3900,4371,4719,4819,4820,4845,4849,5128,5144,5398
AAPRSTT;49,2962,3526,4457,4815,5189,5191,5431,5458
AAPRSTY;2937,2959,3272,3382,4124,4471,5189
AAPRTUU;
AAPRTWY;
AAPZZZZ;
AAQRSSU;1282,1350,3870,4725
AARRSSS;499,1483,2726,3676,4372,4821
AARRSTT;53,5401,5427,5440,5445,5468
AARRSUW;1523,4852
AARRSWY;4374
AARSSST;2652,3125,3699,3979,4714,4805,5260,5262
AARSSTT;463,4472,4782,4836
AARSSTY;4714,4728,4820,5260
AARSSWW;
AASSTTU;3080,4729,4787,5087,5272,5400,5456,5469
AASTTUU;2715,4838,5191,5457
ABBBDEL;5473
ABBBELR;
ABBBELS;
ABBBELU;5470,5472,5478
ABBBITT;5479
ABBCDER;585,5485,5486,5487
ABBCDES;
ABBCEHI;
ABBCEHU;
ABBCEIS;5500,5501
ABBCELR;5504
ABBCELS;592,5503
ABBCERR;5487,5504
ABBCGIN;5509,5510
ABBCIIS;
ABBCIKT;5510
ABBCIRS;583,5488,5513
ABBCIRT;5511,5517
ABBCKUY;
ABBCOST;596,5519
ABBCOTY;
ABBCRYY;
ABBDDEL;
ABBDDER;584
ABBDEFR;5532
ABBDEGL;5473
ABBDEGR;610
ABBDEHT;
ABBDEIT;613,614,5535
ABBDEIY;
ABBDEJL;
ABBDELR;5538
ABBDELS;5524
ABBDELW;
ABBDERR;606,610,5487
ABBDERS;615
ABBDERT;5543
ABBDEST;613,614
ABBDESU;5527,5544
ABBDESW;
ABBDGIN;
ABBDHIJ;
ABBDIJS;
ABBDILR;
ABBDINR;
ABBDITY;
ABBDLRU;5538
ABBDMOR;5547
ABBDMOU;5543
ABBDNOX;
ABBEESU;5527,5559,5578
ABBEESW;
ABBEFIR;5532,5582
ABBEFST;
ABBEGIR;5475,5582,5586,5587,5589
ABBEGLR;5475,5492,5584,5586
ABBEGLS;635,5590
ABBEGNO;5586,5588
ABBEGNU;5493,5589
ABBEGRR;610
ABBEGRS;5585
ABBEGRU;5493,5584,5589
ABBEHLS;592,5524,5593
ABBEILT;57,580,641,5608
ABBEIRS;642,5477,5565,5566,5585,5597,5600,5612,5613
ABBEIRT;626,5477,5600,5605
ABBEIST;5477,5501,5597,5610,5612
ABBEISW;
ABBEISY;5566
ABBEJLS;5590
ABBEJRS;5585
ABBELLR;632,5538,5616
ABBELMR;5568,5569,5584,5603,5617
ABBELNS;5503,5587
ABBELOR;5586,5617
ABBELPR;
ABBELRR;5504
ABBELRS;628
ABBELRU;5574,5584,5616
ABBELRW;
ABBELSU;5590,5593,5602,5619
ABBELSW;
ABBELUY;650,651
ABBEMUZ;
ABBENRS;615,642,5499,5578,5585,5587,5597
ABBEORS;597,5580
ABBEOTX;5588
ABBERRS;5565,5566,5578
ABBERST;629,642,5477,5573,5580,5597,5600,5605
ABBERSW;
ABBERSY;5508,5566
ABBESSU;5476,5619,5629
ABBFIRT;5632,5634
ABBGGIN;
ABBGHSU;
ABBGIJN;
ABBGINN;5509,5637
ABBGINR;5589,5636
ABBGINS;5585
ABBGINT;5479,5510,5588,5638
ABBGINU;5493,5589,5636
ABBGINY;5545
ABBGKOO;
ABBGMSU;
ABBGOOU;
ABBGORS;
ABBHIJS;
ABBHISY;
ABBHJSU;
ABBHOOS;5548
ABBHRRU;5592,5636
ABBHTTU;
ABBIIMN;5596
ABBIJLS;
ABBIKNO;5637
ABBILLS;637,658,5552,5640
ABBILOR;5586,5603,5634,5649,5650
ABBILOS;658,5552,5640
ABBILOT;
ABBILSU;5498,5534,5642
ABBIMNO;639,659,5496,5547,5596
ABBIMSU;5602
ABBINOR;5547,5586
ABBINRS;58,642,5499,5585
ABBIORT;5511
ABBIRST;642,5477,5600,5605,5632
ABBIRTY;
ABBISTY;5643
ABBKLOU;
ABBLLOX;
ABBLLOY;
ABBLLTU;657,665,5616,5652
ABBLMRY;5649
ABBLOOS;658,5519,5521,5548,5618,5644,5651
ABBMOOR;
ABBMOOS;5521,5618
ABBMOST;5604,5610,5645
ABBMOTU;
ABBNOOS;5554
ABBOORU;
ABBORSS;621,653,662,666,5555,5621,5625,5627
ABBORST;5580
ABBOSTY;5549
ABBQSUY;
ABBRSSU;5514,5555,5624,5629
ABBRSTU;5573,5626,5650
ABBSSSU;
ABCCCHI;
ABCCEIR;5676,5684
ABCCEIS;667,5653,5665,5666,5668,5681,5682
ABCCEOS;685,5481,5653,5682,5687,5690,5692,5693
ABCCHII;5697,5698,5699
ABCCHTY;
ABCCILU;5675,5678,5703
ABCCIMR;5669,5676,5698,5716
ABCCINU;700,5717
ABCCIOR;5676,5684,5698,5704,5716
ABCCIOS;5482,5653,5682,5709,5710
ABCCISU;5710
ABCCKOW;
ABCCKTU;
ABCCOOR;5704,5716
ABCCOOT;5716,5727
ABCCSUU;
ABCDDEU;706,712,5734
ABCDEEH;5750,5757
ABCDEEL;715,5736,5737,5740,5742,5743,5745,5765,5771,5777
ABCDEHT;717,726,731,5750,5757
ABCDEHU;5791,5797
ABCDEIK;5659,5731,5787,5811
ABCDEIN;5731,5759,5760,5761,5791,5804,5805,5814,5823,5824
ABCDEIP;5659,5762,5767,5815
ABCDEIR;725,734,5658,5767,5769,5788,5806,5830,5831
ABCDEKL;669,711,5837
ABCDEKR;708,729,5486,5837
ABCDELO;672,747,750,751,5774,5777,5803,5816,5817
ABCDEOR;672,747,751,5767,5774,5777,5779
ABCDERS;723,752,762,5840
ABCDERT;725,726,738,751,759,761,762,5658,5743,5747,5748,5764,5768,5769,5779,5780,5782,5783,5788,5806,5819,5820,5830,5841,5848,5849
ABCDERU;761,5487,5734,5783,5788,5830,5831
ABCDESU;5792,5842
ABCDHIO;767,5857
ABCDHOR;769,770,772,5857,5860,5861
ABCDHOS;
ABCDIIS;5851,5862,5863,5866,5867
ABCDILO;767,5817,5850,5852
ABCDILR;5855
ABCDINS;768,5760,5851,5853,5870,5875,5877
ABCDIRS;5859,5868,5869
ABCDIRT;725,726,738,5658,5764,5769,5788,5819,5820,5830
ABCDIRU;5788,5819,5830,5831,5856,5857
ABCDIRW;
ABCDISU;5821,5833,5867,5877
ABCDNOS;756,791,5853,5870,5875,5877
ABCDOOR;5858,5860
ABCDORR;5777,5847,5885
ABCDORU;5854,5857
ABCDSTU;5867,5877
ABCEEHS;5911
ABCEEHU;5752,5915,5918,5919
ABCEELS;5662,5665,5668,5895,5896,5943,5957,5964,5970,5973,5975
ABCEEMR;795,812,5669
ABCEEMS;5989
ABCEENR;5753,5754,5901,5912,5924,5934,5978,5990,5997
ABCEENS;722,805,820,5662,5663,5760,5781,5887,5892,5935,5943,5949,5963,5964
ABCEERR;5888,5961,5990,5994,5998,6002
ABCEERU;815,827,5783,5915,5926,5978,5981,5985,6002
ABCEESS;794,817,5661,5668,5905,5911,5923,5927,5953,5959,5970,5999,6003,6004
ABCEESU;831,5672,5964,5970,6001
ABCEFIS;834,5653,6011,6013
ABCEGIR;840,5908,6030
ABCEGMO;
ABCEGOR;
ABCEGOS;5792,6027,6040
ABCEGSU;5792,6038
ABCEHIS;6020,6056
ABCEHKL;6018,6042,6062
ABCEHKO;6019
ABCEHLO;863,6041,6071
ABCEHLU;863,5675,5677,5918,5919,6062
ABCEHMR;861,5676,5800,6021,6050,6076
ABCEHNR;6006
ABCEHOS;5481,5913,6052,6056,6084
ABCEHRS;855,866,868
ABCEHRT;5915,6006,6044,6046,6059,6060,6076
ABCEHST;677,862,865,5914,5921
ABCEHTW;5757
ABCEIIT;871,5928,6022,6041,6089,6090,6093,6096,6100
ABCEIKS;5666,6112
ABCEIKT;5787,6025,6044,6113
ABCEILL;5759,5814,5815,5938,6091,6115,6117,6118,6121
ABCEILM;5496,5667,5679,5803,5939,6090,6093,6115,6124
ABCEILR;888,5891,5912,6026,6030,6045,6046,6124
ABCEILT;732,833,849,886,6041,6046,6104
ABCEIMO;5496,5676,5766,5803,6049,6050,6115,6142,6143
ABCEINR;5492,5493,5912,5934,6030,6045,6092
ABCEINT;894,5494,5889,5932,6022,6034,6145
ABCEIOR;5676,5684,5767,5930,6051,6055
ABCEIOT;886,5936,6008,6022,6034,6041,6049,6104,6120,6145
ABCEIRS;6013,6097
ABCEIRZ;5930
ABCEISS;893,5668,5681,5950,6095
ABCEITT;5494,5787
ABCEJST;5956,6105
ABCEKLN;6062,6165
ABCEKLO;5958
ABCEKLR;5504,5771,6062,6162
ABCEKNR;729,847,5486,5688,6062
ABCEKOX;5687
ABCEKRS;681,902,909,911,6065,6068,6111,6168
ABCEKRT;910,5915,6025,6044,6069
ABCEKST;
ABCEKSY;745,6107
ABCEKTW;
ABCELLS;5917
ABCELLU;684,843,5773,5798,5814,6117,6120,6122,6165
ABCELMO;594,5496,5803,6115,6182
ABCELMR;795,861,6026,6162
ABCELMS;917,6072
ABCELOP;918,5958,5965,5981,6198,6200
ABCELOV;863,6104,6198
ABCELPS;5945,6029,6096
ABCELPU;5981,6130,6187,6200,6203
ABCELPY;686,5679,5984,6121
ABCELRS;5693,5836,5840,5896,5957,5966,5975,6172
ABCELRU;888,5675,5680,5978,5981,6062,6124,6162,6200,6203
ABCELRW;907,6030,6203
ABCELST;5921,6074,6208
ABCELSU;6103,6126,6128,6184,6208
ABCEMRS;891,902,5694,6032,6097
ABCEMSW;
ABCEMSX;6077,6140,6141,6144
ABCENOR;5906,5993,6006,6173,6218
ABCENOS;756,5963,6040,6052,6105,6141,6174
ABCENOW;
ABCENOZ;6028
ABCENRU;5901,5978,5997,6062,6151,6218
ABCENSU;914,917,921,5685,5964,6072,6103,6126,6214
ABCEOOS;596,5846,6056,6174
ABCEORR;5684,5777,5847,5982,5998,6143,6154,6163,6200,6201,6223,6225
ABCEORS;5693,5966,6172
ABCEORU;5680,5734,5981,6136,6151,6175,6200,6218,6225
ABCEORV;6198
ABCERRS;5732,5827,5829,5840,6098
ABCERSU;866,6001,6013,6038,6065,6085,6088,6171
ABCESSS;6087,6210,6226
ABCESTW;6036
ABCFIKN;6231
ABCFIKT;5787
ABCFILO;5850,6008,6009,6010,6235
ABCFIOT;941,6008,6010
ABCFIRS;834,940,6011,6012,6013
ABCFKLY;
ABCFLOO;
ABCFNOS;
ABCGHIN;
ABCGHKO;6019,6244
ABCGIKN;765,945,5510,6019,6231,6254
ABCGILN;5850,6259
ABCGINR;840,945,6030,6231,6252,6254
ABCGKLO;5852,6244
ABCGMSU;
ABCHHII;
ABCHILS;768,6020,6047,6048,6264,6268,6275
ABCHIMT;6049,6050,6273
ABCHIOT;954,957,5703,6041,6049,6237,6243,6266,6269,6271,6278
ABCHKOU;6244,6280
ABCHKSU;690,5696
ABCHKTU;5915,6069,6280
ABCHKUW;
ABCHNOR;960,5861,5924,6006,6078,6248,6291
ABCHNRU;963,5677,5856,5857,5861,6062,6242,6249,6291
ABCHNRY;963,6248
ABCHORT;770,772,957,5860,6006,6076,6083,6291
ABCHOSX;6077,6084
ABCHOTT;954,6071,6083,6269
ABCHPSU;6085,6290
ABCIILL;773,869,939,943,966,967,968,5656,5863,5928,6090,6091,6092,6250,6296,6297
ABCIILN;598,5516,5805,5855,5864,5904,6091,6092,6293,6296
ABCIILS;5665,5708,5709,5710,5863,6096,6234,6264,6268,6292,6293,6299,6303
ABCIILT;694,732,833,965,970,971,972,5864,5928,6090,6093,6096,6234,6270,6293,6304,6305
ABCIIMN;5865
ABCIIMS;6097,6299,6308
ABCIIOR;973,5511,5807,5930,6101,6238,6267,6307,6310
ABCIIOT;973,5511,5807,6101,6102,6307
ABCIJNO;6317
ABCIKLT;
ABCIKPS;5666,6236
ABCIKSY;951,5711,5869,6107,6236,6272
ABCILNO;5700,5850,5852,6259
ABCILOU;964,985,5703,6117,6120,6128,6235,6336,6340
ABCILRS;992,995,997,5512,5711,6256,6275,6321,6327,6337,6338
ABCILTU;987,997,5703,5715,6234,6304,6305,6330,6340,6341
ABCIMMS;776,6139
ABCIMMU;6342
ABCIMST;986,999,6260,6273
ABCIMSU;6112,6144,6343
ABCINOR;6310
ABCINOS;5682,6141,6152,6306,6311
ABCINOT;5718,6034,6145,6243
ABCIOOR;998,5716,6101,6142,6154,6307
ABCIORR;895,941,957,994,5684,6051,6148,6154,6310,6348
ABCIORS;999,5868
ABCIORU;985,6235,6342,6348
ABCIOUV;5811
ABCIRST;701,940,997,999,6013,6138,6279,6337,6345
ABCIRTY;952,5718,6304,6346
ABCISSS;
ABCISSU;5720,6158,6161
ABCJOSU;
ABCKLLY;5723,6167,6272,6319,6352
ABCKLOT;5686
ABCKMOT;
ABCKMRU;6162,6254
ABCKMUZ;
ABCKNNO;
ABCKNRU;5854,6062,6254
ABCKNSU;5696
ABCKNTU;6350
ABCKORS;588,786,908,1011,5490,5725,5735,5836,5868,5878,6164,6170,6245,6286,6289
ABCKORY;6319
ABCKOSW;6287,6289
ABCKOTU;6350
ABCKPSU;
ABCKRSU;5490,5725,5735,6038,6168,6170,6171
ABCKSTU;5520,6038,6171
ABCKSUW;6171
ABCLLOS;787
ABCLLOY;5723,6167,6297,6319,6325,6352
ABCLMNU;6184,6185
ABCLMOY;
ABCLMSY;
ABCLMUU;920,6333,6360
ABCLNOS;85,5503,5963,5975,6040,6174,6184,6193
ABCLNOY;991,5977,6129,6258,6259,6302,6336
ABCLNSU;749,914,917,921,992,993,5691,5964,5980,6014,6072,6103,6126,6128,6132,6184,6185,6195,6196,6197,6290,6335,6336,6337
ABCLOOX;
ABCLOST;85,5709,5870,5871,5874,6303,6332,6340,6366
ABCLOVY;1018,5977,6358
ABCLRUY;961,1018,6124,6197,6304,6329,6357,6364
ABCMOPS;5726,6299
ABCMORS;84,999,1017,5883,6343,6368
ABCMOST;986,999,1021,5726,5989,6189,6260,6332
ABCMRSS;6212,6284,6308,6361
ABCNORS;605,791,1023,5728,6368
ABCORRW;5847,6163
ABCORSS;780,792,1023,5802,5882,6066,6149,6224,6288,6356
ABCORSX;
ABCORSY;605,1017,5508,5693,5728,6217,6364
ABCOSSU;789,5845,6067,6226
ABCRSSW;5882,5995,6004
ABCSSTU;5720,6233,6367
ABDDDEL;1025
ABDDDER;6375
ABDDDOS;6375
ABDDEEH;1025,1028,6387,6388,6389,6390
ABDDEEJ;
ABDDEER;1033,6390
ABDDEES;6392,6397,6400,6401
ABDDEET;6394,6404
ABDDEEZ;
ABDDEIL;5730,6406,6417,6421,6422
ABDDEIN;6394,6406,6410,6421
ABDDEIR;6379,6422
ABDDEIS;6411,6418
ABDDELN;1032,1033,1039,6377,6382,6392,6398,6406,6412,6421,6427,6428
ABDDELR;1029,1033,5733,6383,6393,6422,6427,6428
ABDDELU;6428
ABDDENR;6380,6427,6428
ABDDEOR;6386,6390,6396,6427
ABDDEOY;6396
ABDDERW;5729,6408
ABDDEST;6411
ABDDESY;
ABDDHIS;6411,6413,6433
ABDDHSU;6434
ABDDIMN;1044,6424
ABDDINS;6431,6433
ABDDLLO;1051,6435
ABDDMOR;6390
ABDEEFG;
ABDEEFL;1057,6476,6481
ABDEEGL;88,1029,1058,5523,6488,6489,6490,6495,6496,6497,6498,6499
ABDEEGR;1058,5523,6490,6495,6499
ABDEEGZ;
ABDEEHO;5471,6389,6390,6391,6514,6516
ABDEEHS;6486
ABDEEHT;717,1061,5750,6440,6451
ABDEEHV;6508
ABDEEHW;5750,5757,6511
ABDEEIR;6386,6455
ABDEEJS;
ABDEEJT;
ABDEEKL;5771,6387
ABDEEKR;6457
ABDEEKS;5770,6457
ABDEELL;6504,6561,6562,6563
ABDEELM;88
ABDEELN;1033,1068,5752,5776,6377,6382,6398,6461,6462,6498,6570
ABDEELR;5736,5743,6463,6579
ABDEELS;6400,6467,6580
ABDEELT;5743,6440,6465,6499,6579
ABDEELY;1057,5751,5765,6398,6526,6562,6570,6580
ABDEEMN;6491
ABDEEMR;6390,6449,6491,6507,6542
ABDEEMS;
ABDEEMT;5779,6469,6542,6560,6586
ABDEEMY;6460,6526
ABDEEMZ;
ABDEEPR;6561,6573,6576,6591,6599
ABDEERR;
ABDEERS;1078,5529,5530,6483,6589,6593
ABDEERT;5743,5779,6475,6482,6499,6573,6579
ABDEERW;1074,5729,6447,6552
ABDEERY;5756,6396,6526
ABDEESS;6537
ABDEEST;6467,6580,6603
ABDEESZ;
ABDEETT;
ABDEETX;6464,6475,6542,6579
ABDEFFL;1079,6476
ABDEFLT;6613
ABDEFLU;6476
ABDEFOR;6477,6482
ABDEFOS;5789,6483,6615,6618
ABDEFRW;6606
ABDEFST;5789,6605,6618
ABDEGGL;5790,6623
ABDEGGR;1085,6621,6622,6627
ABDEGHI;5791,6487,6628,6630,6631
ABDEGHO;6621,6630,6631,6632
ABDEGHR;6621,6630,6631,6632
ABDEGIN;5791
ABDEGIR;6487,6630,6631
ABDEGLM;88,6495
ABDEGLN;6497,6498
ABDEGLR;6490,6496,6499
ABDEGLS;6409,6497,6640
ABDEGNO;1038,1084,6626
ABDEGOS;5792,5794,6409,6501,6625,6640,6659
ABDEGRS;91,1096,1097,6625
ABDEHIL;5795,6506
ABDEHIT;726,6487,6510,6511,6666,6670
ABDEHLM;1040,6675
ABDEHLR;92,5795,6506
ABDEHLS;727,1100,5796,5799,6678
ABDEHNU;5752,5791
ABDEHOW;6631,6670
ABDEHRS;1043,5802,6413,6414,6667,6668,6669,6671,6689
ABDEHRT;726,6632,6670,6682
ABDEHSU;5792,6671,6693
ABDEIIL;732,1108,1109,5784,5795,5803,5804,6520,6608,6633,6663,6695,6696,6697,6698,6699,6700,6705,6706,6707,6708,6711
ABDEIKT;5787,5810,5812
ABDEILP;5762,5815,6535,6536,6706
ABDEILR;6422
ABDEILS;6732
ABDEILT;6613,6706,6711
ABDEILU;5761,5814,5815,6530,6534,6535,6612,6733,6734
ABDEILY;1118,5765,6706,6711
ABDEIMO;1123,5533,5535,5766,5803,6608,6712
ABDEIMR;5806,6453,6507,6526,6527,6542,6609,6757
ABDEIMS;6508,6753
ABDEINR;6455,6479,6763
ABDEINS;
ABDEINV;6455
ABDEINW;6606
ABDEIRR;1128,5830,5831,6616
ABDEIRS;
ABDEIRT;725,726,1080,1092,1124,1127,1128,5788,5830,6616,6646,6649,6652,6670,6749,6752,6755,6757,6763,6768
ABDEIRU;1127,5788,5819,5830,5831,6535,6616,6622,6746,6748,6752,6757,6763,6768
ABDEIRW;6408,6511,6552,6606,6631,6670,6747,6757
ABDEIRX;6542
ABDEISS;6607,6660
ABDEIST;614,6411
ABDEISU;
ABDEISW;6423
ABDEISY;1098
ABDEJRU;6653
ABDEKLN;6771
ABDEKLU;5837
ABDEKNR;6771
ABDEKNU;
ABDEKRS;615,616,1132,6457,6655,6722,6773
ABDELLS;5539,6409,6778
ABDELMM;
ABDELMP;
ABDELMR;747,6642,6729,6777,6782,6783,6786
ABDELMS;6781,6783,6784
ABDELMW;6782
ABDELMY;6460,6526,6786
ABDELNR;5538,5660,6428,6462,6463
ABDELNU;748,749,5525,5538,5660,5752,5761,5776,5814,6428,6498,6530,6534,6733,6734,6739
ABDELOR;5541,5816,5817,6700,6742,6782,6783,6797,6799
ABDELOS;5541,5816,6409,6640,6730,6732,6741,6781,6783,6784,6787,6800,6802,6806
ABDELOT;1121,6573,6574,6575,6613,6699,6700,6742,6783,6792,6797,6799,6805,6806
ABDELOW;6782
ABDELPU;1093,5815,5837,6535,6565,6576,6743,6785,6807
ABDELPY;6398,6562,6570,6623,6706,6779,6790,6807
ABDELRR;1141,6427,6777,6786,6807
ABDELRS;5836,6772,6783,6801,6802
ABDELRT;5743,5841,6428,6463,6465,6499,6573,6579,6783,6792,6797,6805
ABDELRU;5538,6428,6535,6559,6567,6576,6579,6746,6748,6777,6786,6807
ABDELRW;6747,6782,6791
ABDELRY;5541,5840,6786,6805,6807
ABDELST;1143,6467,6580,6783,6784,6801,6802
ABDELSU;749,5842,6400,6565,6785
ABDELTT;1119,6613,6806
ABDELTU;724,5841,6428,6560,6575,6579,6656,6792,6805
ABDEMMO;
ABDEMNO;1123,5535,6712
ABDEMNS;6753
ABDEMRU;5487,6559,6567,6777,6786
ABDENNR;5801,6788
ABDENOR;6477,6812,6813
ABDENOT;759,1084
ABDENOY;
ABDENPS;1150,6761,6814
ABDENRR;5753,6427,6462,6591,6736
ABDENRS;615,6571,6595
ABDENRT;759,1080,1124,6636,6646,6649,6652,6729,6749
ABDENRU;6812,6813,6817,6818
ABDENRW;6606
ABDENSS;760,1125,1150,1151,6607
ABDENSU;5544,6571,6593,6595
ABDENSY;5539,6595,6643,6739,6781
ABDENTU;
ABDEOOT;6482,6764,6797,6799,6823
ABDEORR;606,610,1065,1141,6427,6556,6557,6650,6736
ABDEORT;6482,6544,6574,6670,6700,6742,6797,6799
ABDEORV;620,6502,6740,6812
ABDEOST;1140,6581,6784
ABDEOTU;6415,6656,6759
ABDEQSU;1078,1107
ABDERSS;5802
ABDERST;762,1081
ABDERSU;1078,5544,6555,6595
ABDERSV;91,1122,5829,6803
ABDERSY;1097,5541,5840,6689,6756,6827
ABDERTY;5820,6652,6755,6805
ABDERUY;5756,6595,6597,6780,6786,6805
ABDETTU;5849,6806,6823
ABDFIRT;725,1080,5788,6609,6616
ABDGGIN;1161,6406,6836
ABDGGOR;6621,6627,6836
ABDGIIN;764,1160,6633,6837,6846
ABDGILN;5850,5852
ABDGINN;
ABDGINO;1161,1165,5850,5852,5853
ABDGINR;
ABDGINT;764,765,6837,6846,6852
ABDGINU;6407,6843,6846,6852
ABDGINW;6606,6850
ABDGIRT;1092,6487,6493,6636,6646,6649,6652,6852
ABDGLNO;5850,5852
ABDGLUY;
ABDGNOS;1163,1168,5853
ABDGORS;6432,6501,6659,6855
ABDHHOS;
ABDHIIT;6837,6857
ABDHILS;
ABDHJNO;
ABDHMOR;770,6859
ABDHMSU;1170
ABDHMTU;
ABDHNOR;1171,5857,5861,6477,6682
ABDHNSU;1170,6434,6839,6866
ABDHOSY;6689,6860
ABDHRSU;5550,5755,6434,6671,6866
ABDIINO;775,5865,6699,6712,6857,6874,6886
ABDIJRY;
ABDIKNW;
ABDIKRS;5793,5812,5868,5869,6722,6841
ABDILMO;5533,5803,6608,6829,6859,6874,6876
ABDILOO;1180,6859,6895,6896
ABDILOR;1115,1175,1180,5817,6435,6700,6742,6856,6859,6879,6895,6896
ABDILOT;1121,6613,6699,6700,6742,6856,6879
ABDILRS;1164
ABDILRW;6747,6896
ABDILRY;6829,6869,6882,6895
ABDILUY;1174,6734,6739,6871,6881,6882,6897
ABDILWY;
ABDIMNR;5547,6901
ABDIMOR;5547,6829,6859
ABDIMRS;
ABDIMRY;6526,6755,6829
ABDINOR;1052
ABDINOT;775,6852,6857,6886,6904
ABDINRS;
ABDINRT;1080,1124,6493,6510,6522,6544,6636,6646,6649,6729,6749,6752,6763,6852,6904
ABDINRU;1178,1184,5856,6752,6763,6842,6843,6863,6901
ABDINST;6433
ABDIOSU;1188,5826,5873,5877,6760,6764,6848,6889,6893,6900
ABDIPRU;6535,6843
ABDIRRS;5553,5869,5876,6828
ABDIRRW;6408,6552,6850
ABDIRSS;780,1181,6851,6862,6887,6906
ABDIRSU;1188,6887
ABDIRTY;5820,6755,6895
ABDKMNU;
ABDKNOO;
ABDKOOY;
ABDLLNY;5545
ABDLLOR;1175,6435
ABDLNOR;1193,6830
ABDLORY;5541,6738,6790,6805,6829,6895
ABDLOSU;5873,6800,6803,6806,6840,6855,6915
ABDLOYY;
ABDLRUY;6780,6786,6805,6807,6882
ABDLRYY;
ABDLSUU;
ABDMNNO;
ABDMNOY;5865
ABDMRUY;6786
ABDMSUW;
ABDNOOR;6812,6849,6904,6919
ABDNOPR;1136,1193,5861,6568,6790,6813
ABDNORS;
ABDNOSU;5877,6588,6900
ABDNOSX;
ABDNOSY;6781
ABDNOYY;
ABDNRSU;6555,6571,6595
ABDNRTU;6852,6863,6904,6919
ABDNSTY;
ABDOORW;6896
ABDOOWY;
ABDORRS;622,1049,5553,6439,6868,6908,6917,6920
ABDORSS;101,780,792,1050,1172,1181,1198,5802,5882,6426,6835,6851,6864,6867,6888,6918
ABDORSY;5522,5541,6432,6689,6860,6920
ABDOSYY;
ABDRRSU;67
ABDRSSU;6835,6887
ABDRSTU;
ABDRUZZ;
ABEEEGR;6446,6447
ABEEELS;1201,5559,5662,5744,5887,5895,5896,6443,6467,6928,6930,6931,6947,6952,6956,6957
ABEEELY;
ABEEEMY;6460
ABEEERV;1202,5891,6939,6941,6950
ABEEFFL;793,800,6476,6977,6978,6979
ABEEFLM;6977,6980,6994
ABEEFLO;6480,6994,6995
ABEEFLS;
ABEEFTU;6478,6984
ABEEGGS;6928,6929,7000
ABEEGHR;802,7002,7004
ABEEGHS;6486
ABEEGLL;7011
ABEEGLR;802,1029,1211,1212,1218,5523,6490,6496,6499,6999,7016,7018,7028,7031
ABEEGLS;1215,6489,6931,7013
ABEEGLT;5560,6499,7014,7016,7018
ABEEGNR;1059,1221,7004,7028,7031,7036
ABEEGPW;
ABEEGRR;6490,6999,7031,7035
ABEEGRS;5909
ABEEGRU;7006
ABEEGRW;6447,7018,7022
ABEEGSZ;
ABEEHJS;
ABEEHLR;7057
ABEEHLW;1226
ABEEHMS;5922
ABEEHMT;7061,7062
ABEEHNN;
ABEEHNS;805,5887,5925,6486,7056
ABEEHNT;6515
ABEEHRT;625,5915,6935,7053,7061,7062
ABEEHRV;5920
ABEEHSV;
ABEEHTY;808,7037,7062
ABEEIKR;5888
ABEEILS;5665,7088
ABEEIMR;6453,6491,6526,7012,7108
ABEEINS;814,5892,5951,6486,6521,7000,7009,7023,7094,7153,7154,7156
ABEEINT;1064,1234,5889,5932,5942,5944,6493,6544,7014,7016,7020,7079,7093,7105,7110,7131,7155
ABEEIRT;815,6984,7020,7024,7155
ABEEIST;
ABEEJMS;
ABEEJRS;
ABEEKLR;1239,1240,1242,5771
ABEEKLS;628,5957,6993,7088,7172
ABEEKNT;7093,7173,7174
ABEEKNV;
ABEEKNY;
ABEEKOP;5958
ABEEKPR;
ABEEKPS;5666,7009
ABEEKRR;1223,1238,1242,1244,5888,5961,6938,7049,7090
ABEEKRS;628,818,5909,5957,6944,6993,7048,7050
ABEEKST;
ABEELLR;1249,5671,5965,5969,6559,6561,7185,7188,7191,7192
ABEELLY;5561,5671,5910,5969,6562,7011,7101,7184
ABEELMM;5939,7109,7194,7195
ABEELMS;5972,5973,7026
ABEELMT;5474,5560,5939,6948,6977,7115,7194,7195
ABEELMZ;7112,7115
ABEELNP;1068,1258,1259,6382,6398,6461,6570,6953,6954,7030,7212
ABEELNR;633,1033,1212,1263,5912,5978,6462,6954,7004,7028,7031,7125,7126,7188,7196
ABEELNS;805,820,1248,1257,1258,5662,5887,5963,5964,7056,7168,7170,7172,7181,7218
ABEELNT;1246,5474,5560,5889,5932,5942,6948,6977,7014,7079,7105,7194
ABEELNU;633,1224,1248,1250,1260,1263,5525,5752,5918,5919,5978,5980,6498,6954,7030,7052,7181,7186,7188,7197,7208,7218
ABEELOR;6994,7039,7098,7100,7136,7196
ABEELPR;6535,6576,6925,6953,6954,6988,6996,7192,7212,7225
ABEELPS;106,1258,5524,5945,6505,6537,7137,7141
ABEELPT;5897,5945,5946,5958,6951,6953,7140,7220,7222
ABEELQU;5559,5918,6957,7142,7214
ABEELRR;1204,1239,1242,1270,6994,6995,6996,7031,7058,7215,7220,7223,7225
ABEELRT;6465,6499,6573,7220,7222
ABEELRY;1057,5671,5910,5969,6526,6996,7031,7057,7116,7212,7216
ABEELST;5895,5921,6931,6978
ABEELSU;1248,5559,5921,5964,6400,6565,6957,7181,7207,7219
ABEELSV;6931
ABEELSW;6400,6956,7056
ABEEMNS;7019,7026,7034,7111,7153,7199
ABEEMNT;5474,5560,5568,6948,6977,7110,7171,7173,7174,7183,7194,7232,7233
ABEEMRS;7026,7034
ABEEMRT;6586,6961,7061,7062,7174,7233
ABEEMRV;
ABEEMSS;
ABEEMST;5989
ABEENNO;5948,5974,6543,6964,7208,7232
ABEENNW;
ABEENRV;7028,7188
ABEENRY;5997,7022,7031,7212,7216,7233
ABEEORS;1243,5529,5530,5929,5987,6501,7025
ABEEORT;1221,5576,5579,5906,5993,6482,6499,6544,6547,6573,6574,7020,7039,7049,7061,7136,7158,7222,7233,7245
ABEEPST;5945,7137,7141,7255
ABEERRS;1281,5529,5565,5566,5578,6585,6589,6593,6942,6998,7070,7085,7139,7154,7166,7241,7242
ABEERRT;5579,5982,7145
ABEERSS;1282,5558,5572,5927,5953,5959,6003,6004,6936,7007,7072,7086,7167,7261,7262
ABEERST;6922
ABEERSV;1222
ABEERSW;810,6956,6976,7164,7166,7265
ABEERSY;5566,5664,5673,5996,6976,7070
ABEERSZ;5954,6976,7085,7154,7160,7236,7239,7244
ABEERTT;7061,7068
ABEERTU;815,5783,5915,6002,6586,6935,6984,7260
ABEERVY;7230
ABEERWY;7022
ABEESST;1209,1228,5923,5927,5956,5999,6003,6004,6923,6936,7072,7176,7240,7258,7259,7261,7266
ABEESWX;7023,7166,7259
ABEETXY;5984
ABEFFIS;
ABEFFKO;
ABEFFLR;1079,1284,7268,7269
ABEFFLS;635,6978
ABEFFOT;
ABEFGIL;7271,7273
ABEFGLS;
ABEFGRT;
ABEFGST;
ABEFILN;1291,1292,5583,6009,7271,7281,7283,7287,7288
ABEFILR;1284,1290,6010,6611,7273,7285,7288,7289
ABEFILS;1289,5583,6610
ABEFILU;1286,6612,7287
ABEFILX;
ABEFINU;6612,7287
ABEFIRT;1080,1290,6984
ABEFITY;
ABEFLLS;1289,1297,1298,6007,6610,7301,7302
ABEFLLU;7287
ABEFLLY;
ABEFLMS;1297
ABEFLNU;6014,6015,6992,7287
ABEFLNY;
ABEFLRS;836,1081,1298,7301,7304
ABEFLRY;1057,6996,7270,7285
ABEFLST;1298,6978,7301,7304
ABEFMOS;
ABEFMRS;7286
ABEFORR;1301,7295
ABEFORX;
ABEFORY;
ABEFPRS;
ABEGGIR;7310,7311,7312,7314
ABEGGIS;1304,6620,7000,7309,7314
ABEGGLR;6999,7310
ABEGGMO;7311
ABEGGNU;
ABEGGRR;1306
ABEGGRS;6625,7314
ABEGGRU;6484,6622,6627
ABEGGRY;
ABEGHNS;6020,7005,7309,7318,7325,7326,7334
ABEGHOR;1310,6621,6630,6631,6632,7002,7328,7331
ABEGHRU;1312,5584,6484,6632,7006,7327
ABEGIKL;6018,6023,6024,7349
ABEGILN;
ABEGILV;7273,7341,7355
ABEGIMN;1087,7378
ABEGIMR;
ABEGIMT;7366,7378
ABEGINN;1089,1303,1319,1320,5674,6033,6635,6647,6648,7312,7320,7342,7384,7385,7386
ABEGINO;1315,1319,5588,6024,6028,6034,7014,7378,7384
ABEGINR;5493,5582,5589,7319
ABEGINS;6035,7000,7009,7023,7309,7385
ABEGINT;1303,1319,1320,5588,6022,6034,7342,7378,7384,7386
ABEGINY;6033,7384
ABEGIPP;
ABEGKLU;
ABEGKOR;7350
ABEGKOS;5794
ABEGLLR;7354,7355
ABEGLLS;1307,1313,6409,7321,7322,7352,7353
ABEGLMR;5584
ABEGLMS;841,1215,7410
ABEGLNR;1287,1331,7004,7028,7031,7403,7411
ABEGLNS;6040
ABEGLOR;1332,6499,7028,7273,7310,7411
ABEGLOT;6039,7408
ABEGLRR;6490,6999,7031,7375,7411
ABEGLRS;6031,7376
ABEGLRU;5584,7375
ABEGLSS;1036,1215,1219,1317,7029,7339,7357,7371
ABEGLST;1318,1333,6931,7376,7408
ABEGLSU;5590,7371
ABEGMOR;7035,7311,7381,7415,7416
ABEGMOS;7381,7382,7410,7415,7416
ABEGMRS;6625,7034,7413,7415
ABEGMRU;5584
ABEGMST;7410
ABEGNNT;1303,1319,1320,7320,7337,7342,7349,7368,7384,7386
ABEGNOR;7028,7315,7403,7411,7419
ABEGNOS;6040,7027
ABEGNRS;1334,5909,6500,7034,7334
ABEGNSW;7023,7034,7340,7414
ABEGOPY;6623
ABEGORR;610,6650,7035,7275,7411,7415,7419
ABEGORS;1311,6501,6625,7032,7381,7415,7416
ABEGORX;
ABEGOSZ;7358
ABEGOTT;
ABEGOUY;
ABEGRRU;1312,6622,7375,7419
ABEGRST;846,1318,1326,1333,7376
ABEGSTU;
ABEHILR;850,1338,5675,5795,6046
ABEHIMO;5676,6049,6050
ABEHIMS;7461
ABEHIMT;6049,6050,7431
ABEHINS;6020,7309,7446,7462
ABEHIRS;853,6414,6661,6672,7277,7468
ABEHISU;5476,6629,6671,7446,7461,7469,7470
ABEHITU;852,6060,7327
ABEHITZ;
ABEHKLS;7474
ABEHKNT;7320
ABEHKRU;5915,6062,6069
ABEHKTU;5915,6069
ABEHLMS;7440,7478,7479
ABEHLNS;1106,1343,6412,6664,6665,6678,7056,7434,7446
ABEHLNT;113,7323,7431
ABEHLNU;1224,1343,5677,5752,5918,5919,6062,7052,7444,7446,7481
ABEHLPT;6046
ABEHLRS;7279,7474,7483,7484
ABEHLRT;625,1211,6046
ABEHLSS;68,857,1345,6061,6063,6073,6676,6933,7439,7473,7484
ABEHLST;862,5914,5921,6047,6048,6678,7041,7423,7452,7458
ABEHMNO;
ABEHNOS;5594,6052,7056,7462,7493
ABEHNRY;7492
ABEHPRS;5594,5595,6080,6085,6689,7040,7054,7064,7070,7441,7448,7453,7468,7483
ABEHRRS;1311,5595,6086,6683,6690,7070,7333,7334,7484,7496
ABEHRRY;6058,7037,7070
ABEHRSS;1350,5802,6066,6073,6691,7277,7439,7442,7451,7470,7473,7484,7503
ABEHRST;1352,7432,7460,7471
ABEHRTY;6059,7037,7062,7489,7491,7492
ABEIILL;869,1283,5928,6091,6092,6696,7073,7076,7281,7511,7512,7518
ABEIILS;1285,5665,6697,6705,6982,7430,7506,7520
ABEIINN;6635,7344,7551
ABEIINT;871,1358,6022,6100,6699,6712,7079,7272,7283,7284,7431,7505,7528,7535,7536,7537,7548,7556
ABEIJLL;
ABEIJLS;1368,1369,6103
ABEIJMR;
ABEIJNS;5585,6103,6105
ABEIKKS;6107,7087
ABEIKLL;
ABEIKLN;7349
ABEIKLR;7435
ABEIKLS;
ABEIKLT;7349
ABEIKNR;847,6479,7565
ABEIKNT;5494,7565
ABEIKRR;5601,5888,6044,6106,6110,6938
ABEIKWY;
ABEILLN;638,5814,6091,6092,6116,6117,6119,7281,7287,7511,7512,7574,7575,7576
ABEILLO;1115,5936,6115,6117,6120,7098,7100,7359
ABEILLP;875,5815,5937,5938,6115,6121,6988,7101
ABEILLR;1379,7355
ABEILLS;7103,7352,7576,7583
ABEILLV;1383,6122,7355
ABEILMN;639,5496,5596,7521,7588
ABEILMR;1284,1355,1388,6124,6453,6526,6729,7110,7119,7522,7588,7589
ABEILMS;7585
ABEILMT;57,1119,1388,5939,7115,7592,7593,7595
ABEILMU;6093,6124,7112,7521,7588,7592
ABEILMW;
ABEILMX;1232,1391
ABEILMY;5679,6124,6526,7116,7586,7589,7595
ABEILMZ;7112,7115,7521
ABEILNP;6108,6130,7362,7363,7444,7530,7611
ABEILNS;6412,6732,7574
ABEILOS;1369,6732,6741,7113,7452,7584,7585,7604,7615,7616,7622,7624
ABEILPT;849,5946,6123
ABEILRS;7634
ABEILRT;641,1290,7589
ABEILRW;6030
ABEILRY;6110,6124,7116,7285,7367,7589,7595,7602,7605,7607,7618
ABEILSS;5681,7274,7357,7439
ABEILST;7452,7636
ABEILSW;6047,6423,6745,7340,7547
ABEILSY;5681,7583,7612
ABEILSZ;887,1354,6135,6703,7358,7534,7606,7624,7633
ABEILVV;
ABEIMNP;7362,7363
ABEIMNR;7097,7110,7588,7589
ABEIMNT;6646,6712,7378,7548,7637
ABEIMRR;6106,6143,7641
ABEIMRS;
ABEIMSS;1294,1413,5609,6719,6756,7043,7292,7646,7648,7649
ABEIMSU;6112,6140,6144,6753
ABEINOT;1319,5588,6022,6034,6145,7045,7378,7384,7637
ABEINPT;118,1320
ABEINRR;1295,6131,6153,6667,7154,7641,7667,7671
ABEINRT;6729,7110,7589
ABEINRW;
ABEINRZ;1124,7319
ABEINSS;893,1237,1362,5609,5950,7393,7551,7656
ABEINST;
ABEINTT;116,1401,7045,7528,7536,7637
ABEIORS;7468,7676
ABEIOSS;1126,1236,1363,5609,5950,6701,6741,7622,7645
ABEIOST;1380,6764,7113,7450,7452,7584,7615,7616,7622,7624,7645,7680
ABEIOTV;
ABEIPST;
ABEIPTZ;118,5946,7138
ABEIRRR;741,1325,5592
ABEIRRS;897,1327,1374,1418,5497,5562,5566,5951,6098,6986,7166,7566,7641
ABEIRRT;1415,1419,6755,6938,7145,7465,7550,7654
ABEIRRW;6408,6552,7164,7166
ABEIRRZ;7083,7146,7375
ABEIRSS;7086,7167,7274,7393,7439,7442,7541,7551,7597,7630,7648,7649,7656
ABEIRST;5477,7024
ABEIRSX;5613,7166
ABEIRSZ;5954,6135,7542,7633
ABEIRTT;
ABEIRTV;
ABEIRUX;7155
ABEISSS;627,636,7422,7581
ABEISTT;1342,7433,7452,7454,7458,7516,7545
ABEISTW;6047,7044,7433,7547
ABEISUV;7469,7634,7685
ABEITUX;7398
ABEJLUY;
ABEJMNO;
ABEJMNS;
ABEJMRS;902
ABEJMUX;
ABEJNOS;581,6105,7168
ABEJNOW;
ABEJNST;5956,6105
ABEJORS;7401
ABEJRRU;
ABEJRSU;7401
ABEJSSU;7402,7688
ABEKKKU;
ABEKLLY;6167,7694
ABEKLMS;
ABEKLNR;6062,6771,7403,7692,7698
ABEKLNT;7349
ABEKLOP;5958,7699
ABEKLRS;628,1328,1368,1430,5808,5836,5957,6109,6111,6718,6772,7434,7435
ABEKLRU;6062,6162,7698
ABEKMNS;6064,7509,7696
ABEKMRS;902,6064,6065,6773,7092,7509,7564,7690,7703
ABEKMSU;6065,6112,7696
ABEKNRS;615,1102,6774,6944
ABEKNRU;6062,7351,7698
ABEKNST;
ABEKNSU;1343,7562,7696
ABEKOOR;7699
ABEKOTU;7702
ABEKPRU;6775,7351
ABEKRRS;6776,7405,7564,7566,7709
ABEKSST;1296,1433,6923,7095,7176,7294,7406,7704,7708
ABELLMN;648,1246,7073,7097,7183
ABELLMS;121,1297,7712
ABELLNT;1246,7182,7183,7189
ABELLOS;1437,1438,1441,5615,6409,7695,7712,7720
ABELLOV;
ABELLRS;6172
ABELLRU;5616,6780,7192,7717
ABELLSS;5970,6061,6166,6178,6179,6676,7103,7193,7357,7439,7473,7477,7576,7693,7721,7722
ABELLST;647,5615,6947,7712
ABELLTU;5616,6122,6181,7182,7189,7518,7569
ABELMMR;7724
ABELMMS;1297,7361,7571,7584,7585,7724
ABELMNT;1246,5474,5560,5568,6948,6977,7183,7194,7200
ABELMNU;648,7112,7183,7521,7588
ABELMOV;7594
ABELMRR;1239,1431,6567,6777,6786,6994
ABELMRS;1450,1455,7734
ABELMRT;1385,1388,1432,6729,7522,7589,7593,7595,7735
ABELMSU;5619,7207,7734
ABELMSW;
ABELMTU;7592,7687
ABELNOS;5503,5975,6040,6184,6732,6787,7056,7172,7587,7604,7696,7723
ABELNOT;6792,7741
ABELNOW;6778,6791,6795,7725
ABELNOY;5977,6129,6192,6738,6790,7407,7411,7605,7607,7729
ABELNRS;1106,1443,1450,5691,6185
ABELNRT;126,1462,6729,7323,7370,7589
ABELNRU;1260,1263,1331,5978,5980,6062,6185,7481,7698
ABELNRY;7212,7367,7589,7605,7607
ABELNSU;749,921,1260,1343,5691,5964,5980,6014,6197,6571,7181,7218
ABELNSY;122,5539,6643,6739,7170,7612
ABELNSZ;7534
ABELNTU;1358,1393,1457,5606,5608,7284,7368,7535,7569
ABELNTY;1462,7212
ABELOOW;6782,7298,7725
ABELOPR;7331,7538,7539,7752
ABELOPS;6741,7425,7483,7538,7604,7739,7757
ABELOPT;5958
ABELORR;5982,6192,6201,6427,6994,6995,7220,7221,7411,7692,7710
ABELORS;5693,5836,6172,6772,7483,7739,7752
ABELORT;1466,6499,6574,6792,6797,6799,6805,7760
ABELORU;1299,5680,6175,7481,7486,7698
ABELORW;6782,6791,7299
ABELOSS;923,1300,5570,5621,5623,6063,6166,6701,6741,6798,7224,7357,7477,7484,7756,7762
ABELOST;1380,1441,6784,6978,7113,7452,7584,7712,7756
ABELOSV;
ABELOSW;1438,7686
ABELOTT;6071,6613,6799,7528,7756
ABELOTV;7760
ABELOTW;
ABELPRU;1093,6203,6535,6576,6807,7192,7225
ABELPTY;686,6706,7616
ABELQUY;
ABELRRS;6958,7059,7139,7144,7302
ABELRRW;1074,1242,6203
ABELRSS;7439,7442,7451,7484,7597
ABELRST;
ABELRSV;6111,6180,7634
ABELRSW;1430,1463,6745,6772,6791,6956,7474
ABELRSY;1455,5693,5840,7270,7483
ABELRSZ;925,1346,1397,6135,7534,7542
ABELRTT;1434
ABELRTW;907,1434
ABELRUZ;7375,7611
ABELRVY;1408,5622,7230,7285
ABELSST;5623
ABELSSU;1345,1464,5619,7693
ABELSTT;7452,7454,7458,7482,7516,7545,7636
ABELSTU;5921,7207
ABELSTY;1456,6208,6580,6784,7712,7720,7767
ABELSUY;1455,6197,6208,6739,7230,7270,7546,7580,7583,7720,7722,7767
ABELSWY;6745
ABELTWY;
ABEMMOS;1477,6139,7571,7584,7585,7723,7724,7771
ABEMMRS;6139,7412,7426,7724,7771
ABEMNOS;1413,1450,6141,6184,7587,7696,7723,7771
ABEMNOT;6712,7232,7233,7637
ABEMNRY;7233,7589
ABEMNST;1478
ABEMNSU;1334,5694,7771
ABEMNSY;6781,7231
ABEMORT;7061,7233,7489,7593,7595
ABEMOSS;929,1146,1236,1363,1413,1479,5570,5609,5625,5838,6211,7292,7382,7404,7645
ABEMOTU;6415,7592,7687
ABEMRST;1145,1478,1480,7490
ABEMRSW;7034,7380
ABEMSSY;6756,7779
ABENNOR;6543,7305,7312,7383
ABENNOS;
ABENNRR;
ABENNRS;1443,7243,7244,7551,7656
ABENNST;5949,6146,6213,6214,7459,7780
ABENORS;1450,1459,7739,7771
ABENORT;1301,5576,5906,6006,7245,7295,7315,7419,7785
ABENORW;5576,7245,7553,7659,7698,7705,7773,7774,7785,7786
ABENORZ;7305
ABENOST;
ABENOSY;5508,6217
ABENOTY;6129,7384
ABENPSU;7385,7667
ABENQTU;7386
ABENRRS;828,897,1339,1374,1418,5578,5951,6098,6147,6153,7154,7293,7306,7334,7496,7566,7641,7667,7671,7742,7775
ABENRRU;5578,5978,6131,6219,7215,7242,7252,7334,7419,7641,7654,7667,7671,7748,7790
ABENRST;
ABENRSU;1260,1334,5544,5578,6571,6593,6595,6817,6818,7199,7242,7243,7334,7771
ABENRSY;5508,5996,6217,6221,6595,7395
ABENRSZ;7244
ABENRUX;5901,5997
ABENSST;1151,1209,1433,5627,5956,7176,7217,7493,7494,7749,7751,7781,7782,7787,7791
ABENSTT;1478,7219,7250,7707,7750,7751
ABENSTU;6214
ABENSTZ;7670,7788
ABENTZZ;
ABEOORT;1466,6101,6142,6154,6209,6223,6797,6799,7315,7716,7792
ABEOOST;596,6764,6823,7373,7700,7726,7738
ABEOOTV;7794
ABEOPRS;5594,5991,6689,6814,7032,7064,7210,7448,7468,7483,7538,7739,7752,7776
ABEOPRT;6076,6209,6223,7492,7792
ABEOQRU;
ABEORRS;1243,1311,7025
ABEORRT;5579,5982,6143,6154,6223,7049,7245,7295,7427
ABEORST;7691
ABEORSU;5544,6674,6760,6817,6825,7050,7468,7469,7476,7501
ABEORSV;1425,7677,7679,7794
ABEORSX;5530,5580,5613,6802
ABEORSY;1459,5508,5541,5622,5693,6217,6689,7483,7739,7777
ABEORSZ;925,6135,6822,7236
ABEORTT;6083,6574,6799,7061,7158,7427,7489
ABEOSTV;7794
ABEPPSW;
ABEPRSU;1473,1482,6085,7468,7610,7647,7667,7713,7784,7791
ABEPRSW;6814,7793
ABEPRTW;
ABEPRTY;6059,7212,7492
ABEPSTU;1473,6085,6743,7455,7579,7615,7647,7784,7791
ABEQRSU;866,1350,7249,7263
ABEQSSU;1107,1282,1345,1350,1351,7503,7796,7797
ABERRST;934,6683,7306,7405,7496,7802
ABERRSU;1482,5491,5578,6998,7242,7252,7302,7306,7461,7496,7501,7641,7667
ABERRSV;1418,5829,7566,7679,7754,7794
ABERRSY;1097,5566,5840,6827,7070,7307,7421,7779,7802
ABERRSZ;1482,7239
ABERRUV;7755,7760
ABERRVY;
ABERSSS;1483,6210,6594,6969,7205,7246
ABERSST;1296,5695,5953,6003,7086,7167,7261,7648
ABERSSU;5624,5629,7243,7262,7503,7706,7796
ABERSSZ;7244
ABERSTT;
ABERSTU;6013,6085,7647,7685
ABERSTV;931,7794
ABERSTW;912,1352,7499,7691,7709,7780,7793,7802
ABERSTX;5580,6802,6975
ABERSTY;5996,6221,7307,7767,7802
ABERSUU;6017,6155,7229,7416,7795
ABERSWY;120,1463,6745,6976,7802
ABERTTU;6069,6596,7260,7790
ABERTTY;7489,7491
ABERUUX;5630,7229
ABESSST;7217
ABESSSY;6226,7193,7581,7722
ABESSTT;1479,6003,7072,7261,7494,7708,7782
ABESTTU;1342,6823,7495
ABEZZZZ;
ABFFGIN;
ABFFIIL;1283,1484,5631
ABFFINO;7806
ABFFLOO;
ABFFLOU;7806
ABFGILN;1486,5850,7271,7811,7812,7813
ABFGINR;6231,6606,6981,7275
ABFGLSU;7810
ABFGOOT;
ABFHIST;6230
ABFHLSU;7815
ABFIILR;1290,6983,7285,7818,7821
ABFIIMR;
ABFILRU;6235,6830
ABFILSU;
ABFIMOR;6235,6611,6829,7288,7291,7807
ABFLLRU;
ABFLLSU;7804,7826,7827
ABFLOTU;
ABFLOTW;7813
ABFLOTY;1488,7823
ABFNOSY;
ABFNSSU;
ABFOORT;
ABFOOTY;
ABFSTTU;7308,7817
ABGGGIN;
ABGGIIT;7832
ABGGILN;129,7832
ABGGILY;129,7830
ABGGINN;1303,1492,7312
ABGGINR;1492,6836,7311,7312,7313,7314
ABGGIST;1494,7838
ABGGISW;7314
ABGGNOS;1163,1304,7838
ABGGNSU;
ABGGORT;6627,7310,7315
ABGHHSU;7839
ABGHILN;7323,7841,7845
ABGHINS;6839,7309,7839
ABGHINT;
ABGHIST;
ABGHLOT;
ABGHLRU;5584
ABGHMOO;
ABGHMRU;5584
ABGHNOR;6248,7848
ABGHOTU;
ABGHSSU;6249
ABGHSTU;7008,7336,7846
ABGIILN;1499,1501,7811,7841,7860
ABGIINS;7833
ABGIINT;764,5479,6022,6251,6252,6846,7272,7342,7869,7876,7879
ABGIINZ;1501,7319,7811,7856,7871,7873,7878
ABGIJMN;7880,7881
ABGIJOO;
ABGIKLN;7885
ABGIKNN;5637,7320,7888
ABGIKNO;5637,5852,6019,6024,7350,7880,7881,7883,7885,7887,7888
ABGIKNR;6231,6254,7885,7886,7889
ABGIKNS;7009,7881
ABGIKNU;6254,7351,7843
ABGIKST;
ABGILLN;5545,7805,7860,7863,7890,7892,7896,7897,7899,7900
ABGILMN;1499,1507
ABGILMS;7903
ABGILNR;1508
ABGILNS;1509,7905
ABGILNT;
ABGILNW;7813,7890,7899,7907
ABGILNZ;1315,1501,6028,6259,6645,7811,7856,7908
ABGILOR;7273,7310,7814
ABGILRT;7017,7018,7310
ABGIMMN;1087
ABGIMRS;1511
ABGIMST;1506,5645,6260
ABGINNN;1165,6033,7888
ABGINNR;
ABGINNT;1303,1320,6251,7320,7342,7386,7840,7876
ABGINOS;1516,5640,5853,6258,6848,7842,7849,7881,7882,7905,7918
ABGINOT;5588,6022,6237,7378
ABGINRR;5636,6836,6850,7836,7878,7919,7921
ABGINRS;
ABGINRV;7355
ABGINRY;7830,7893,7897,7900
ABGINRZ;7319,7873,7878
ABGINSS;6035,6253,6255,6257,7365,7371
ABGINST;
ABGINSU;1511,1516,7000,7021,7371,7385,7395,7810,7839,7843,7846,7862,7901,7917
ABGINTT;5479,6252,6261
ABGINTU;1486,1507,6251,7327,7368,7378,7386,7812,7846,7858,7875,7907,7908
ABGINTW;1514,7813,7907
ABGINTY;7384
ABGINZZ;6645
ABGIOPT;
ABGIOSU;1516,6848
ABGKKNO;7880,7883
ABGKNOS;7881
ABGKOOS;
ABGKORW;
ABGLLMU;
ABGLMNU;
ABGLMOS;
ABGLMOU;
ABGLMSY;7903
ABGLNOO;7332,7403,7407,7896,7928,7930
ABGLOOT;
ABGLOPY;6623
ABGLORS;1328,1522,7032,7853
ABGLORT;6499,7310,7885
ABGLOSU;6840,6848
ABGLRRU;7375,7836
ABGLRSU;1520
ABGMNOY;
ABGMOOY;
ABGMORW;
ABGNOOR;7315,7403
ABGNOOS;7414,7918
ABGNOPR;7848,7866
ABGNORS;1163
ABGNOTU;7378,7419,7812,7907,7908
ABGNOWY;
ABGOORT;1515,7315,7919,7925
ABGOPST;7932
ABGORRU;1312,1525,7419,7809,7850,7854,7921,7925
ABGORST;
ABGORTU;1525,6627,7419,7925
ABGOTTU;7922
ABGSSTU;7933
ABHHISS;
ABHHJSU;
ABHHKOT;
ABHHKTU;
ABHHSUW;
ABHHSUY;7839
ABHIINT;1533,1534,6271,6857,7431
ABHIKLS;
ABHIKST;5701,6273,7437,7949
ABHIKTW;
ABHILNO;767,5700,7841,7845
ABHILOS;6275,7452,7935,7958
ABHILTU;5703,7957
ABHIMNR;6021
ABHIMRS;1540,6860,6861,7042,7461,7949
ABHIMSZ;1543
ABHINST;6433,7952,7955,7963
ABHIOOS;6056,7462,7945,7954,7961,7962,7964
ABHIOPS;6056,6262,7462,7943,7945,7961,7962,7964
ABHIORS;6262,6275,7468,7849,7944
ABHIORT;957,1537,6670,6856,7039,7465,7957,7966
ABHIOST;7450,7452,7935,7944,7945,7956
ABHIOSU;6276,7469,7943
ABHISST;6274,7947
ABHISTT;5701,7041,7433,7437,7452,7454,7458,7935,7936,7958
ABHISTU;7846,7963
ABHKLSY;1549,6272
ABHKORU;
ABHKRSU;7843
ABHLMSY;7970
ABHLOUX;7845
ABHLRSY;7483,7955
ABHLRTU;7486,7957
ABHMNOS;
ABHMNSU;1170,7488,7952
ABHMRSU;1553
ABHMSUY;
ABHNOOS;6866,7462,7954,7962
ABHNOST;5706,6052,6286,7493,7944
ABHNSTU;7846,7952,7963
ABHOOPS;6056,6080,7064,7425,7462,7853,7945,7961,7962,7964
ABHOPRS;1497,5594,5595,6080,6262,6689,7064,7448,7468,7483,7853
ABHORRS;1049,1311,1497,5595,6275,6669,6690,6868,7484,7849
ABHORRU;1312,6291,7809,7850,7854,7973,7974,7977
ABHORST;6286,6289,7944
ABHOTUY;7977
ABHPSTY;865,950
ABHQSSU;7503
ABHRSTU;1553,6085,6086,6088,7008,7336,7963
ABHSSUW;
ABHSTUW;1554,6070
ABIIINR;1556
ABIIKKS;
ABIIKKT;
ABIILLS;1560,5863,6264,6295,7862,7988,7991,7992,7995
ABIILMN;1499,7073,7431,7505,7521,7981
ABIILMU;5631,6874,7521,8005
ABIILNQ;
ABIILNS;6264,6878,6982,7074,7506,7988,7992,8007
ABIILOV;7341,7512,7821,7867,7993,7996,8001
ABIILRY;968,6304,6869,6882,7285,7515,7818,8002,8012,8016
ABIILST;694,965,971,1560,5708,5709,6234,6303
ABIILTY;972,1484,1555,1561,1565,1567,5864,6270,6304,6305,6711,6869,6870,6871,6876,6882,7536,7537,7540,7547,7818,7864,7983,8001,8005,8010,8011,8016
ABIIMNR;
ABIIMSS;1558,1568,6306,7857,8003
ABIIMST;6097,7286,7526,7941,8021,8023
ABIINNS;1500,1503,1569,5851,6431,6858,7344,7551,7552,7868,7999
ABIINOR;6310,7553,7821
ABIINRY;6873,8025
ABIIOSS;1363,1575,5598,6301,6306,6311,6316,6701,6875,6880,7554,7557,7985,8000,8015
ABIJLNR;1557,7560
ABIJLRU;1557
ABIJNOT;1576,6317,7859,7989
ABIJRSU;
ABIKKSU;6318
ABIKLLY;6272,6319,7978
ABIKLMN;
ABIKLOR;6319,7885
ABIKLOS;1578
ABIKMNR;6254
ABIKMRS;7092,7564,7949
ABIKNST;977
ABIKOUZ;
ABIKRST;7949
ABIKRTZ;
ABIKSTT;5701,7437
ABIKUUZ;
ABILLMN;1580,7073,7097,7990,7991
ABILLMU;1375,1580
ABILLMY;966,980,1580,1581,6325,6326,7893,7894,7990
ABILLNP;7101,7860
ABILLOT;1583,5936,6008,6120,6297,7359,7996
ABILLPY;980,982,1581,6121,6325,7101,7979
ABILLSW;1588,6321,7951
ABILLSY;134,143,1117,1560,6723,7583,7891,7995,8039
ABILLTT;7863
ABILLWX;
ABILLWY;7894,7900
ABILMMS;776,1590,7361,7571,7584,7585,7998,8041
ABILMNU;7112,7521,7588
ABILMOX;8044
ABILMRT;987,1385,1388,1595,6729,7110,7119,7522,7589,7593,7595,8002
ABILMRY;5649,6124,6526,6829,7116,7589,7595,7893,8002,8045
ABILMST;1506,1579,1595,6273,7982
ABILNOS;142,5640,6732,6737,6848,6878,6893,7574,7587,7604,7606,7905,7988,7992,8007,8037,8039
ABILNOT;5870
ABILNOZ;1315,6028,6259,7606,7908
ABILNRY;1396,1508,1585,5713,6738,7367,7575,7589,7602,7605,7607,7830,7893,7897,8052
ABILOPR;1180,1403,5603,5649,6267,7289,7539,7593,7594,7614,7823,8012,8045
ABILOPY;5649,7605,7823,8012,8013,8045
ABILORS;6275,6338,8040,8060
ABILORT;994,1600,6856,6879,7885,7957,8014
ABILORV;1338,1379,6740,7273,7594,7614,7621,7814,7821,8045
ABILOST;5709,6137,6332,7113,7452,7584,7935,7958
ABILOTU;1600,5703,6120,7957,8014
ABILRRY;6110,6329,7116,7820,8052
ABILRSS;1181,1587,6133,7274,7439,7442,7451,7456,7541,7597,7626,7630,7997,8004,8017,8050,8060,8063
ABILRST;7955
ABILRSU;5498,5873,6011,6327,6335,6338,6708,6893,8060
ABILRSZ;1397,1531,6135,7542,7606,7633,8040
ABILSTU;997
ABILSYZ;
ABILTTY;972,1561,1566,1567,6270,6305,7536,7911,8005,8010,8011,8013,8056
ABIMMRS;6139,7940,8066
ABIMMTU;
ABIMNRS;8068
ABIMNSU;6753
ABIMOSS;1236,1363,1413,1568,1591,6306,6344,6875,6888,7292,7645,7895,8000,8049
ABIMPST;144,8046
ABIMRSS;660,1294,7117,7292,7442,7596,7597
ABIMRST;999,1539,1540,6861,7941,7949,8021,8068
ABIMRSU;6327,8021,8070
ABIMRTT;7119,7639
ABIMTTY;1561,8005
ABINNSU;6126,6839,7385,7562,7846,7917,8071
ABINOOR;
ABINOOT;8067
ABINORT;1606,5718,6310
ABINORW;6850,7553,7659
ABINOSS;1591,5950,6301,6306,6311,6851,7920,8000
ABINOST;8037
ABINOSU;5682,6128,6152,6336,6760,6848,6893
ABINRST;7941,7955,7994
ABINRTV;7923
ABIOORR;6154,7919
ABIORRS;5553,7849,7877
ABIORRZ;7878
ABIORSS;6851,6864,6888,7920,8060,8081
ABIORST;6279
ABIORTV;7923
ABIPRTY;1603,6059,7823,7966,8002,8012
ABIPSTT;145,7141,7454
ABIRSTU;997,1609,6013,7024,7559,7647,7684,7685,8070,8082
ABIRTTY;1566
ABISSST;661,6883,6909,8075
ABISTTU;1342,1602,1609,6907,8071,8078
ABIZZZZ;
ABJJOOS;
ABJKMOS;7881
ABJLMOO;
ABJLMSU;
ABJOSZZ;
ABKLLNY;
ABKLOOW;6352
ABKLORT;6282,7885
ABKLOTX;
ABKLRUW;7698,7886
ABKLSSY;
ABKLSTY;1579
ABKMNOO;7883,7887
ABKMOOS;1612,6283,6773,7703
ABKMOST;1578,7703
ABKMSUZ;
ABKNNNO;7888
ABKNRSU;7843
ABKNRUU;
ABKOORS;1612,5878
ABKORTU;7889
ABKSSTU;7294,7406,7704
ABLLLOW;7298,7299,7890
ABLLLUY;705,1174,6324
ABLLNOO;1583,6173,7407,7896,8036
ABLLNOS;142,1616,5640,7898,7988,7992,8037,8039
ABLLOOS;658,6176,8083
ABLLOPR;5965,6561,6779,7716
ABLLORR;915,1448,6435,7692,7710,7717
ABLLORT;
ABLLORU;6175,6357,6780,7185,7717,8038
ABLLOST;1441,1615,1616,6176,6177,7695
ABLLOSU;1615,6177,6358,6840,7695,7720,7826,7827,8090
ABLLOSW;1191,1551,1588
ABLLOTY;6297,7996
ABLLOVY;6358
ABLLPSU;6565,7713
ABLLRUY;1585,6329,6357,6780,7575,7580,7715
ABLMMOU;6183
ABLMNOU;6184,7696,7723
ABLMOOT;1015,6912
ABLMOPS;
ABLMORS;84,1017,1619,5883,6436,6783,6913,6914,7201,7479,7724,7727
ABLMOSY;1593,1617,6781,7903,8048
ABLMOVY;8001,8045
ABLMPSU;7203,7713,7734,8046
ABLMPUU;
ABLMRSU;6185,6191,6327,7596,7734
ABLMSTY;1456,1579
ABLMTUY;1620,7735,8005
ABLNOOP;7332,7953
ABLNOSZ;7905,7992
ABLNOTU;1457,5652,6792,7741
ABLNOTY;991,1488,6129,7609,7906,8010,8056
ABLNRSU;992,1260,5691,5980,6185,6197,6335,6571,6893,6911,7199
ABLNSTU;1621,7952
ABLNTUY;1192,7911,8011,8031,8056
ABLOORS;1522,5878,5883,6436,6789,6913,6914,7752,7754,7853
ABLOORT;1466,1596,1600,5860,6797,6799
ABLOORY;7930
ABLOPYY;
ABLORST;8097
ABLORSU;1489,1619,1624,5873,6335,6338,6893,7815,7825,8093,8097
ABLORSW;1190,1191,1588,6772,6791,6914
ABLORTW;
ABLORUW;7698,7973
ABLOSST;1300,1626,5623,6366,7224,7477,7762,7902,7958,7972,8049,8054,8062,8084,8087,8089
ABLOSTT;147,1626,6366,7452,7485,7619,7935,7958
ABLOSTV;6340,8058
ABLOSTX;6802
ABLOSUV;6796,6803,7623,7714,8043
ABLOTUW;7907
ABLPRSU;995,1473,6168,7610,7713,7764
ABLPSUY;6341,6897,8094,8095
ABLPSYY;1552
ABLRSWY;1463,6745
ABLRTUU;1599,5715,6330,6363,7737,7748,7763,7768,8065
ABLRTUY;1620,1625,6304,6805,6882,7216
ABLSTTU;5520,7207,7219,7228,7751,7969
ABMMNOS;7723,7771
ABMNOSW;1144,6368,6582,6916,7414
ABMNSTU;7952
ABMNSUY;
ABMOORR;7689,7773
ABMOOSW;6914,6916,7414
ABMOOSZ;1612,5618
ABMOPRT;6076,6209,7593,7731
ABMOPST;5726,8046
ABMORTU;7974
ABMOSTU;1615,5726
ABMOSTW;
ABMRSSU;6212,6361,7237,7596,7688,7704,7779,8047,8050,8070,8091,8101
ABMRSTU;6191,7490,7647,8021,8070,8101
ABNNOOT;5727,8067
ABNOORS;1022,5728
ABNOORZ;
ABNOOSS;6910,7782,7929,8073
ABNOOST;7726,7738,8103
ABNORST;1023,6286,8103
ABNORSY;605,1459,1617,5508,5728,6217,7739
ABNORTY;1606
ABNOSSU;5556,5845,6370,8091
ABNOTUY;6346,8056
ABNRSTU;1621,8102,8103
ABNRSUU;6220,7975,8066
ABNRTTU;6218,6596,7790,7922,8074
ABNSTUW;
ABNSTYZ;
ABOOPSX;7918
ABOORTW;
ABOOTTW;7916
ABOPSWY;
ABORRSU;6338,6825,7829
ABORRSW;1199,6439,6908,7709,7829,8033
ABORSST;666,792,1023,1198,8098,8105
ABORSTU;1624,1630,8093,8097,8102,8103,8106,8107
ABORSTW;1199,6289,7691,7709,7780
ABORSTY;6920,7307,7777,8100
ABOSSUU;7796,7797
ABOSSWW;
ABOSTUU;7795,7828,7926,8097,8107
ABOTTTU;8028,8080
ABPRSTU;1473,6085,7647,7784,7963,8076
ABPRSUY;
ABRRSSU;6835,7967,7968
ABRRSUY;6827,7421
ABRRTUY;6219,7977
ABRSTUU;7795,7926,8101,8107
ABSSUWY;
ABSUWZZ;
ACCCILY;
ACCDDEE;8156,8157
ACCDDEI;8155,8156,8159,8160
ACCDEEN;
ACCDEER;8185
ACCDEES;8171,8177,8178,8181,8187
ACCDEHK;8174
ACCDEHL;1652,8206
ACCDEHN;8206
ACCDEHO;1652,1653,8175,8176,8200,8206,8207,8208
ACCDEHT;8200,8208
ACCDEII;8159,8210,8211,8214,8215,8217,8219
ACCDEIO;1661,1662,8215,8233,8234,8240,8243,8244
ACCDEIT;1656,1658,8173,8198,8209,8215,8218,8219,8222,8244
ACCDEIU;1659,8219,8235
ACCDEKL;669,8221,8222
ACCDEKO;5480,8222
ACCDEKR;8223
ACCDENS;1670,8201,8204,8213,8236,8249
ACCDENY;1670,8190,8211,8229,8232,8238
ACCDEOT;1661,1663,1671,8175,8200,8208,8215,8222,8233,8243,8253,8257
ACCDEOY;8238,8257
ACCDERU;1649,5660,8231
ACCDESU;1648,1668,8247,8252
ACCDFIL;8260
ACCDHIL;1674,1675,1676,1677,8267,8268,8269
ACCDILS;1643,8163,8178,8277,8288
ACCDINS;1684,8112,8204,8213,8236
ACCDIOT;1661,8222,8233,8243
ACCDKNO;
ACCDKOW;
ACCDLOY;
ACCDMOR;8233,8262
ACCDORS;8158,8259,8273,8274,8293,8296
ACCEEHL;8309,8318
ACCEEHO;8176,8334
ACCEELN;673,1690,8318,8339,8342
ACCEENR;8334
ACCEERT;8352
ACCEFIT;1700,8390
ACCEFLU;8403
ACCEGIN;1704,5674,8404,8412,8414,8418,8424,8425
ACCEGOS;1698,1703,8121,8201,8312,8409,8417,8419,8420,8422
ACCEHHI;8429
ACCEHIL;
ACCEHIM;5676,8456
ACCEHIN;1711,5674,8318
ACCEHIP;8123,8430,8439,8456,8461
ACCEHLN;1709,1718,5677,8206,8318,8477
ACCEHLO;8206
ACCEHLS;1699
ACCEHNO;8206,8492
ACCEHNR;5677,8329
ACCEHNS;677,8165,8327,8489,8492
ACCEHNT;161,8333,8490,8491
ACCEHNU;5677,8333,8452,8459,8464
ACCEHNY;1720,8206,8493
ACCEHOR;8119,8126,8127,8200
ACCEHOS;1703,5481,8434,8492,8497,8499
ACCEHPU;
ACCEHRS;162,1651,1714,1715,1716,1719,8322,8323,8451,8476
ACCEHRT;1724,8126,8200,8394,8491,8494
ACCEHST;677,1703
ACCEHTT;1724,8408,8494
ACCEHTU;8208,8333,8464
ACCEHXY;
ACCEIKP;5659,8223,8337,8412
ACCEIKR;8130,8223,8337
ACCEILL;8159,8224,8415,8443,8446
ACCEILN;8318,8339,8538,8539
ACCEILO;1731,5680,8340,8343,8398,8399,8414,8415,8416,8418,8530,8537,8538,8540,8546,8553
ACCEILS;1734,5681,8405,8509,8510,8526
ACCEILT;1634,1737,8340,8540,8549
ACCEIMR;5669,5676,8179,8233,8234,8399,8454,8456,8537
ACCEINO;1731,8412,8414,8416,8424,8425,8538,8539,8560
ACCEINV;1727,1740,8560,8574
ACCEIPR;1654,8518,8536
ACCEIPS;1728,8395,8420,8531,8576
ACCEIPV;1729,1743,8552,8577
ACCEIQU;8578
ACCEIRS;1655,1713,1714,1715,1716,8322,8323,8449,8505,8514,8517,8579,8585
ACCEIRT;1636,8130,8559,8579,8585
ACCEIST;1747,1749,1751,5670,8559,8579
ACCEITT;165,1634,1737,1745,8408,8508,8574
ACCEKLR;8588
ACCEKLS;675,680,1699,1752,5687,8120,8354,8526
ACCEKMO;1730,8588
ACCEKOP;8337,8412
ACCEKOS;5687,8120,8354,8356,8527
ACCEKPU;
ACCEKRR;5689,8590
ACCEKRT;8130,8223,8590
ACCELLY;5671,8131,8443,8444,8446,8532
ACCELNO;1666,1718,1731,8226,8227,8414,8416,8418,8477,8538,8539,8546,8595,8596,8597,8598
ACCELNS;166,1752
ACCELOR;5680,8135,8343,8398,8399,8530,8537,8588,8596
ACCELOT;1691,1756,8227,8340,8403,8418,8504,8541,8546,8549,8553,8595,8597,8598
ACCELRS;1667,1734,1757,8203,8451,8505,8507,8547,8602
ACCELSU;1764,5692,8247,8248,8361,8368,8451,8485,8548,8601
ACCELSY;1761,8313,8344,8405,8485,8486,8601
ACCEMNU;5655,8333,8339,8372,8452
ACCENOR;
ACCENOS;8249,8492,8610
ACCENOT;1663,8595,8597,8598
ACCENOV;1740,8375,8376,8560
ACCENPT;1633,1638,1742,1743,8194,8306,8381,8439,8461,8490,8595,8597,8616
ACCENRS;169,1744,5683,5694,8427,8505,8514,8558
ACCENST;677,1747,1766,8489
ACCEOPY;8230,8257,8576
ACCEORW;8126
ACCEOTT;1756,8257,8499,8581,8607
ACCEPRY;5673,8355,8500
ACCEPST;1702,1728,1766,8486,8500,8600,8607
ACCERRS;1763,8307,8380,8386,8396,8495,8604
ACCERRT;8182,8470,8506,8521,8590
ACCERSS;8254,8258,8304,8382,8397,8517,8529,8568,8586,8612,8621
ACCERSU;1719,1764,5692,5694,8496,8624
ACCERSW;8323,8473
ACCESSU;8350
ACCESSY;5695,8565,8584
ACCFIIP;8395,8629,8630
ACCFILY;1772,8260,8626,8632
ACCGHIN;8646,8652
ACCGIKN;8412,8656
ACCGNOS;8121,8201,8312,8409,8417,8422,8654
ACCHHIS;8673,8675,8677
ACCHHKU;
ACCHIKS;689,5701,5702,8171,8642,8691,8692
ACCHIMS;8691,8697,8698
ACCHINO;1796,8139,8707,8708,8712
ACCHINT;1796,8676,8690,8700
ACCHIOP;1796,1798,5704,8139,8461,8641,8653,8707,8712,8715
ACCHIOR;5704,8712
ACCHIOT;1796,8438,8461,8653,8715
ACCHIOU;
ACCHIRS;689,1715,1716,1771,1788,1790,1799,1801,1802,8322,8323,8451,8646,8648,8651,8652,8673,8690,8692,8705
ACCHJSU;
ACCHKOY;8271
ACCHKSU;690,5696,5707
ACCHKSY;
ACCHLNO;1718,1805,8206,8477
ACCHLTU;8647
ACCHNOS;692,5706,8409,8726,8727
ACCHNRS;61,173,8270,8646,8648,8651,8652,8690,8713,8727
ACCHNRU;5677,8459,8464,8649,8652,8676
ACCHOPU;
ACCHORR;8268,8271,8334,8466,8727
ACCHOSU;1806,1809,8434,8485,8496,8497,8498,8499
ACCHOTW;8126
ACCHOUY;8485
ACCHPTU;1800,8650
ACCHRRU;8263,8264
ACCHRST;8273,8274,8651,8679,8690,8724,8727,8729
ACCHRSU;1809,8451,8496,8498,8652,8680
ACCHSSU;8721
ACCIILN;8211,8505,8626,8745
ACCIINT;696,1814,8162,8437,8439,8513,8745,8764
ACCIIST;5708,8732,8770
ACCIKRR;698,8146
ACCIKRS;689,5711,8692,8773
ACCILLU;1769,1811,8780
ACCILMO;1822,1829,5697,8133,8150,8151,8340,8399,8537,8538,8539,8540,8541,8632,8739,8740,8781,8783,8784
ACCILMU;1828,8739,8781
ACCILNO;1673,1832,5713,8226,8287,8414,8416,8417,8538,8539,8545,8781,8782,8787
ACCILNY;5713,8280,8626,8662,8734,8743,8794
ACCILOR;8151,8287,8343,8398,8399,8530,8537,8632,8739,8775,8787,8795
ACCILOS;1783,1823,1831,1832,1834,5710,8163,8663,8694,8777
ACCILOV;8269,8343,8552,8553
ACCILRU;5678,8288,8533,8536,8739
ACCILRY;1677,1772,1824,1837,5713,5714,8151,8532,8555,8632,8674,8737,8743,8750,8775,8778
ACCILSS;5668,5681,8510,8633
ACCILST;178,1783,1833,1835,5708,8663,8681,8705
ACCILSU;5710,8288,8451,8548,8554,8633,8662,8780,8792
ACCIMOT;180,699,1822,5716,8233,8283,8340,8540,8541,8543,8559,8635,8657,8740,8753,8756,8759,8803
ACCIMOZ;
ACCIMRU;8757
ACCINNO;1685,1738,8416,8423,8424,8425,8560,8561,8562,8665,8666,8781,8787,8800,8807,8808
ACCINOP;8139,8153,8237,8412,8461,8539,8667,8707,8712,8801,8809,8810,8811
ACCINOR;1775,1795,8634,8645,8712,8765,8787,8801,8809,8811
ACCINOS;1831,5482,8112,8744,8765,8811
ACCINOT;700,8808
ACCINRU;5717,8459,8463,8533,8676,8745,8809
ACCINSW;
ACCINSY;5482,8534,8558,8662,8811
ACCIOPR;5704,5719,8712,8714,8747,8767,8795,8809,8811,8814,8815
ACCIORS;8145,8349,8517,8575,8765,8767,8814,8815,8819
ACCIORT;152,180,1636,1661,1850,5716,8130,8233,8580,8657,8759
ACCIOST;1783,8535,8543,8663
ACCIPRT;8659,8747
ACCIRRS;583,1799,1801,8396,8469,8520,8583
ACCIRST;183,1749,1790,1801,1802,1846,5670,8275,8345,8651
ACCISTT;5701,8691,8732,8770
ACCISTU;1683,1751,1846,8218,8770,8806
ACCKLOR;8588,8823
ACCKLRY;
ACCKMOR;8146,8588,8823
ACCKOPR;8355
ACCKOSS;8717,8774
ACCKOST;5706,5707,5724,8140,8354,8432,8478
ACCKPRU;
ACCLOSU;1764,1834,5692,5710,8247,8288,8361,8485,8601,8792,8826
ACCLOSY;1854,1860,1861,5693,8485,8601,8776,8797
ACCMNOY;1864,8708,8784,8800
ACCMOOT;5716,8540,8725,8753,8802,8803
ACCMOOY;8708
ACCMOPS;8420,8604,8698
ACCMOPT;1863,8541,8595,8635
ACCMRUU;
ACCNNOO;5727,8284,8295,8561,8787,8834
ACCNOOP;1840,8139,8707,8712,8801,8802,8809,8810,8836
ACCNOOR;8561,8787,8801,8803,8809,8835,8836
ACCNOOS;8249,8614
ACCNOST;1866,5706,8296,8727
ACCNOTT;1857,1863,1865,8665,8808,8834
ACCNOTU;700,1857,1865,5717,8637,8666,8668,8808
ACCOORT;5716,8592,8725,8728,8803,8835
ACCOPTY;8257,8635,8653,8715,8728,8789,8827
ACCOQSU;8434
ACCORSS;1721,1866,8164,8254,8258,8517,8568,8612,8621,8678,8679,8729,8765,8786,8805,8814,8825,8829,8831,8832,8842
ACCORTU;1850,1852,5717,8638,8668,8827
ACCOSST;8679,8704,8711,8729,8766,8812,8825,8831,8832,8842
ACCRSTU;1846,8806
ACDDDEI;
ACDDDEL;8844
ACDDDEU;
ACDDDKO;8844
ACDDEEF;1871,8856
ACDDEEL;706,1871,8844,8850,8862,8863,8870,8876
ACDDEER;8856,8860
ACDDEES;1879,8865,8885
ACDDEEY;8863,8874,8876,8877
ACDDEHR;708,8860,8864
ACDDEHY;8863,8891
ACDDEIL;5730,8893,8914
ACDDEIN;1882,1890,5731,8160,8897,8899,8917
ACDDEIS;1890,8896,8899
ACDDEIU;1885,8904
ACDDELN;8861,8876,8893,8926,8931
ACDDELO;8862,8873,8911
ACDDELR;8893,8906
ACDDELS;711,1891
ACDDELU;706,8925
ACDDEMU;712,1895,8911
ACDDEOP;5734,8858
ACDDERU;5734
ACDDESU;712,1879,8880,8885,8939
ACDDHHU;
ACDDHIS;8890,8896,8898,8899,8900,8948,8949
ACDDHKO;
ACDDHOR;8864,8943
ACDDHRU;8943
ACDDIIS;1643,8896,8945,8950,8951,8952,8953
ACDDIKZ;
ACDDINS;8899,8917,8945,8948,8951,8952,8953,8955,8957,8958,8959
ACDDIRS;8945,8948,8949,8956,8958
ACDDIRY;8921
ACDDIST;8900,8912,8922,8953,8957,8958,8959
ACDDISY;8161,8163
ACDDKMO;
ACDDKOP;8946
ACDDSSY;
ACDDSTU;1879,8885,8922,8938,8959
ACDEEES;1905,1908,1909,5739,5744,8110,8165,8167,8963,8970,8972,8991
ACDEEFF;
ACDEEFN;1905,5738,8967,8968,8969,9019
ACDEEFR;8856,8967,9013,9015,9019
ACDEEFS;1905,1910,1912,9020
ACDEEFT;9008,9014,9015
ACDEEGL;8970,9027,9030,9031,9035,9036,9037,9047
ACDEEGN;1917,9008,9025,9027,9032,9033,9039,9041,9042
ACDEEHL;1872,8862,9009,9056,9057,9058,9066,9070
ACDEEHP;8865,9025,9087
ACDEEHR;9083
ACDEEHT;5750,5757,9074,9075,9085
ACDEEIR;1924,5658,5769,8156,8843,8846,8856,9010,9162,9163,9176
ACDEEJT;1932
ACDEEKR;9102,9180
ACDEELL;9046,9052,9106,9110,9111,9186
ACDEELN;5752,5759,5776,9119
ACDEELR;5736
ACDEELS;8178,8187,8970,8991,9030,9036,9048,9056,9072,9090,9123,9216
ACDEELT;1942,5741,5772,8187,8188,9006,9186,9196
ACDEELV;5740,5765,9110,9123,9124
ACDEEMN;8968,8969,8992,9032,9039,9059,9060,9074,9094,9133,9139
ACDEEMO;5774,5779,9035,9140,9141,9187,9196,9197,9198,9225
ACDEEMR;1916,9198,9221,9223
ACDEEMV;9039,9096,9102,9116
ACDEENR;9221,9223,9227,9232,9235
ACDEENS;1905,5781,9020,9049,9097,9098,9138,9152,9159,9160
ACDEENT;9008,9133,9160,9222
ACDEENV;9229
ACDEEPR;9227,9232,9235,9248
ACDEEPS;
ACDEERS;9255
ACDEERT;5769,9176
ACDEERY;5756,8874,9248
ACDEETU;8195,9022,9075,9084,9085,9176,9179,9186,9226,9250,9258
ACDEETX;1948,8184,9128,9163,9164,9169,9179,9217
ACDEFFH;9263
ACDEFFS;9269,9270
ACDEFGO;
ACDEFHU;9278
ACDEFIN;1957,9263,9279,9284,9288
ACDEFIR;725,1957,5788,8856,8887,8966,9013,9016,9017,9265,9276,9286,9293,9298,9299,9300,9301
ACDEFKL;669,9009,9289,9302
ACDEFKR;9265,9302
ACDEFRS;9268,9269,9276,9299,9301,9302,9303,9304
ACDEFRT;725,1955,1961,8887,9265,9266,9286
ACDEGGL;5790
ACDEGGR;
ACDEGGS;9310
ACDEGHN;1964,1965,8891,9025,9027,9028,9309
ACDEGHR;1964,1966,8200,9316,9317
ACDEGHT;8200,9271,9317,9318
ACDEGHU;1963,1966,9317
ACDEGIN;1880,1965,8892,9025,9032,9033,9039,9040,9042,9043,9309,9326,9327,9329,9330,9344
ACDEGIR;1880,8170,9040,9043,9330,9332,9342,9344
ACDEGIS;1914,1965,8970,9036,9310,9338
ACDEGKO;5790
ACDEGLN;9027,9047,9351
ACDEGLO;5790,9035,9037
ACDEGNO;1917,9042,9050,9330,9331,9344,9345,9350,9356
ACDEGNU;9350,9358
ACDEGOR;8200,9050,9316,9317,9328,9330,9342,9344,9345,9360
ACDEGRS;9355
ACDEGST;9318
ACDEHHN;1964
ACDEHHT;9364,9366
ACDEHIN;5791,8897,9263,9309
ACDEHIP;8897,9025,9381,9383,9389,9393
ACDEHIR;
ACDEHIX;
ACDEHKL;9009
ACDEHKR;708,729,1990
ACDEHKS;1651,8171,8202,9401,9402,9405
ACDEHKT;1990,8174
ACDEHKW;
ACDEHLN;8206,9410
ACDEHLR;1652,1872,9316
ACDEHLS;1978,1991,5799,9056,9068,9072,9274
ACDEHLT;731,1992,9412
ACDEHMP;9383,9385
ACDEHMR;5800,9416,9417
ACDEHMS;9401,9402,9420
ACDEHMT;1982,1992,8174,9074,9075,9370,9378,9384,9417,9419
ACDEHNR;1964
ACDEHNT;1982,9073,9074,9426
ACDEHOP;9082,9364,9369,9383,9389,9393,9411,9412
ACDEHOR;1652,1986,9316,9433
ACDEHOS;1884,1986,8158,8896,8902,9272,9278,9365,9389,9401,9433
ACDEHOT;8175,8208,9085,9378,9393,9412,9419,9438
ACDEHPP;9393,9411
ACDEHPR;1990,1998,9364
ACDEHPT;1990,9364,9393,9412,9426
ACDEHPU;
ACDEHRR;5753,8860
ACDEHRS;9365
ACDEHRT;
ACDEHSS;1989,9315,9375,9392,9396,9403,9404,9415
ACDEHST;9405
ACDEHSY;9072,9405,9410,9414,9420,9433
ACDEHTT;5757,8975,9074,9075,9085,9399,9412,9419,9436,9438,9439
ACDEHTW;1976,5757,9318,9386,9399
ACDEHTY;731,1992,8863,9366,9405,9414
ACDEHUV;9064
ACDEIIR;733,734,2001,2002,5795,9328,9332,9451,9461,9462,9470,9471,9484,9486
ACDEILL;5785,5815,8159,8224,9107,9321,9333,9446,9498
ACDEILM;9055,9057,9089,9091,9323,9452
ACDEILN;5760,9058,9120,9517,9519
ACDEILR;1924,2002,2026,9498,9499,9528
ACDEILS;5760,8970,9117,9122
ACDEILT;2011,8222,8227,9333
ACDEILV;1924,2011,5740,5765,5805,9116,9523,9524
ACDEIMT;8916
ACDEIMV;9039,9096,9102,9116,9327,9452
ACDEIMY;1977,2020,8232,8234,9341,9474,9544
ACDEINO;1882,5824,9263,9330,9331,9571
ACDEINR;5824,8237,9567,9571
ACDEINS;5760,9117,9152
ACDEINV;1660,1890,2058,5805,9327,9523,9524
ACDEINY;2055,8232,8238,9477,9560
ACDEIOS;1662,1970,8161,8240,8896
ACDEIPR;8237,9470,9486,9549,9556,9567
ACDEIPS;
ACDEIRR;2008,2059,5827,5830,9286,9332,9471,9498,9526,9528,9556,9593,9600,9608
ACDEIRS;1655,9471
ACDEIRU;1957,5788,5830,9176,9470
ACDEISS;9267,9283,9287,9292,9475,9501,9617
ACDEIST;2060,8244,9603
ACDEISV;1662,1890,2014,2058,5829,9466,9523,9614
ACDEITT;5787,9141,9164,9179
ACDEITY;8238,8921,9474,9560
ACDEJLO;9618
ACDEJNU;9350
ACDEKKN;2068,9288
ACDEKLM;
ACDEKLN;8221,8926,9400
ACDEKLO;8222,9183,9302,9618
ACDEKLS;711,743,9302
ACDEKLT;5810,8222,9289
ACDEKLU;728,5837,8925,9400
ACDEKMS;5794,5838,9401,9402,9621,9622
ACDEKNR;729
ACDEKNS;
ACDEKNU;
ACDEKOR;2066,9180,9183,9184,9185,9302,9618,9620,9621,9625
ACDEKQU;
ACDEKRS;1651,8202,9302,9621,9622,9624
ACDEKRT;1990,8223,9265,9621,9625
ACDEKRW;1934,2069
ACDEKRY;9182
ACDEKST;5810,9405
ACDEKSW;745,5770,9405
ACDELLS;9407,9627
ACDELMM;2016,9447,9448
ACDELMP;9450,9505
ACDELMS;9631
ACDELMU;746,2072,8911
ACDELNO;1959,2070,8227,8926,9199,9519
ACDELNR;5660,9351,9644
ACDELNS;5799,9449,9457
ACDELNT;2067,8227,8229,9515,9637,9640
ACDELNU;746,748,2072,5660,5776,9351,9353
ACDELOP;2076,9209,9369,9411,9505
ACDELOR;750,751,1960,1993,2082,2083,2084,9268,9302,9528,9648,9649
ACDELOS;9193,9268,9302,9304,9627
ACDELOT;751,1993,2029,2082,2083,8175,8222,8227,9037,9202,9378,9637,9638,9640
ACDELOV;2085,2086,9199,9534
ACDELPP;9119,9125,9411
ACDELPS;8187
ACDELQU;
ACDELRR;2082,2087,8901,9526,9528,9630,9648
ACDELRS;5836,9268,9302,9304,9354,9631
ACDELRT;751,1667,1960,2082,2083,5841,9626,9637,9641,9647,9649
ACDELRU;2084,8248,9262,9351,9353,9641,9644,9648,9649
ACDELRW;1934,2069,9528,9540,9649
ACDELSS;5809,5842,9283,9292,9335,9463,9501,9511,9531,9642,9650
ACDELST;1667,1994,2083,8187,8991,9193,9362,9407,9414
ACDELSU;2033,2035,2084,5842,8248,9532
ACDELSW;
ACDELTT;9194,9305,9412
ACDELTU;1665,2089,5841,8246,8907,9186,9305
ACDELWW;
ACDEMMR;1916,9038,9543,9544
ACDEMMS;9382,9447,9652,9653
ACDEMNU;1659,2072
ACDEMOR;5800
ACDEMPR;9142,9470,9622,9665
ACDEMPS;9401,9659
ACDENNS;756,757,1646,1670,5799,8167,8180,8190,8880,8902,8917,9049,9117,9200,9201,9230,9357,9371,9387,9513,9566,9632,9635
ACDENNT;2095,9671
ACDENNU;2072,5801,8191,8225,8880,8881,8934,9351,9421,9422,9671
ACDENOR;5824,9050,9330,9571
ACDENOS;756,1884,1897,8249,8902,9623,9652,9653,9659,9673,9675,9676
ACDENOT;8253,9640
ACDENPR;2077,8983,8995,9236
ACDENPS;1897,2068,9097,9152,9623,9659,9675,9676
ACDENPT;8194,8995,9222,9233,9237,9426,9671
ACDENPU;8194,9284,9565,9671,9676
ACDENRS;9387,9391
ACDENRT;
ACDENRU;9571
ACDENRY;8934,9477
ACDENSS;760,1943,2073,2078,5845,9624,9642,9676
ACDENST;
ACDENSU;1648,2005,2058,8880,9357,9358,9676
ACDENTU;9671
ACDENUV;2058,9064,9523,9524
ACDEOPS;9401,9431,9623,9659,9675,9677,9678
ACDEOPT;2102,8215,9233,9247,9298,9364,9393,9426,9592,9593,9677,9678
ACDEORR;5777,5847,9185,9248,9253,9526,9528,9648,9691
ACDEORS;8158,9268,9302,9304,9365,9627
ACDEORT;751,1671,9626
ACDEOST;1970,2060,5789,9193,9270,9592,9598,9603
ACDEOTT;1671,2029,8243,8916,9141,9164,9194
ACDEOUV;2086,5811,9534
ACDEPPR;9486
ACDEPRS;9622,9665
ACDEPSU;8196,8919,8939,9051,9257,9597,9606,9623,9676
ACDEQSU;1929,8181,9606,9607
ACDERRS;742,5827,5829,9471,9487,9608
ACDERST;
ACDERSU;9257,9355,9622
ACDERSV;5829,9080,9156,9173,9255,9434,9466,9614
ACDERSY;9301,9420,9614
ACDERTT;1671,1935,1961,8255,9308
ACDERTU;5841,9176,9494
ACDESTT;8991,9053
ACDESTV;9580
ACDFIIT;8260,9264,9279,9285,9286,9287
ACDFIIY;8260,9705,9707
ACDFILM;9291
ACDFIOT;9014,9264,9282,9293,9296,9298,9300
ACDFOOT;
ACDGGIN;9309
ACDGIIM;8261,9032,9322,9323,9326,9327,9328,9719,9725
ACDGIKN;765,5852,8946,9731,9732
ACDGINN;9040,9313,9329,9720,9721,9737,9738,9741
ACDGINO;1673,2125,5850,5852,5853,8946,9042,9330,9331,9345,9725,9728,9729,9731,9732,9734,9735,9737,9738,9739,9741,9742,9743
ACDGINR;8170,9040,9043,9330,9342,9719,9725
ACDGKLO;5790,5852,9731
ACDGNOT;1917,2125,9345,9350,9356,9735,9739,9741
ACDGORT;8200,9317,9345,9360
ACDHIIL;5795,5855,9368,9747
ACDHIMR;9755
ACDHIOP;2115,9383,9393,9748,9758
ACDHIRY;9718,9753,9774
ACDHLOR;769,1993,5860,9316,9380,9776,9777
ACDHMRS;9312,9379,9420,9765,9781
ACDHNOW;
ACDHOOT;5860,8208,9760,9764
ACDHOPR;772,2115,5861,9082,9364
ACDHORR;2143,8268,9717,9776,9777
ACDHORS;1678,1986,8266,8273,8274,9365,9765,9781,9787
ACDHRUY;5756
ACDHRYY;9753,9782
ACDIIIN;9705,9720,9791
ACDIIJT;8904,9445,9794
ACDIINN;9329,9477,9721
ACDIINO;196,2110,8214,9330,9331
ACDIINR;2118,2158,2162,5855,9725,9811,9817
ACDIIOS;8112,8266,8283,8896,8950,8951,9460,9461,9464,9484,9749,9750,9793,9799
ACDIIRS;733,774,1655,2001,2149,8266,9451,9461,9466,9471,9484,9487,9808
ACDIIRT;2118,2150,2154,9747,9826
ACDIITY;5862,5867
ACDIKLS;204
ACDILLO;773,2117,2163,8224,9333,9446,9496,9497,9498,9499,9838,9841
ACDILMO;1675,2119,9754,9756,9801,9802
ACDILMS;2133,9756,9757,9843,9844
ACDILNO;5850,5852,9519,9731,9837
ACDILNU;8954,9788,9837
ACDILOP;2152,9505,9731,9758,9801,9804,9849
ACDILOR;8268,8269,9498,9499,9528,9736,9798,9807
ACDILOT;1676,2029,2119,5874,8222,9037,9282,9333,9378,9446,9496,9533,9801,9840,9841
ACDILPU;5815,9849
ACDILRT;205,207,2150,2154,2155,9747
ACDILRY;207,739,1677,2020,2155,2167,5820,9736,9753,9806
ACDILST;2156,2170,5870,5871,9840,9847
ACDILTW;8914,9540
ACDILTY;207,9841,9848,9851
ACDIMMU;9789,9853
ACDIMNO;8262,9710,9737,9738,9739,9754,9837
ACDIMNY;5865,8232,9341,9754
ACDIMOO;9755,9764,9842
ACDIMOT;8916,9136,9141,9378,9496,9542,9547,9854
ACDINNO;2166,8199,9710,9737,9738,9741,9828
ACDINRU;208,1957,5856,5857,9571,9811,9825,9832,9863
ACDINST;5870,5875,8957,8958,9711,9732,9742,9743,9744,9790,9845,9856,9859,9861
ACDINSW;9581,9582
ACDINSY;9727,9860
ACDIOPR;2044,8237,9298,9549,9556,9567,9593,9596,9798,9849
ACDIORR;2059,2111,2123,8268,9373,9498,9526,9528,9556,9593,9708
ACDIORS;5868,8956,9858
ACDIORT;9826
ACDIOST;1970,2060,2174,5870,5871,5874,5875,8957,9592,9603,9732,9742,9743,9840,9847,9859,9861
ACDIOSZ;9464,9602,9750
ACDIOTY;8238,8921,9806,9823,9831,9841,9848
ACDIOXY;
ACDIPRS;9718,9808
ACDIPSS;9851,9865
ACDIPTY;9848
ACDIQRU;
ACDIRST;2179,9744,9774
ACDIRTU;2131,5788,5830,9172,9176,9494,9607,9609,9611,9825,9845,9849,9863
ACDISST;2047,2060,9267,9603,9604,9617
ACDITUV;9445,9615
ACDJNTU;2181,9350,9493,9794,9828
ACDKLOP;9731,9795
ACDKLSY;204
ACDKMOO;
ACDKMPU;
ACDKOPR;9184,9620
ACDLLOR;9798
ACDLLUY;9707,9792,9800
ACDLNOR;
ACDLNOT;9637,9640
ACDLOWY;
ACDLSTY;2170,9414,9851
ACDMMNO;2189,9542,9737
ACDMNOP;9738,9746
ACDMOOW;
ACDMORZ;
ACDMPSU;
ACDMSTU;9844
ACDNOOR;8207,9223,9567,9666
ACDNORS;2192,8293
ACDNORU;5854,5857,5861,9050,9551,9571,9746,9811,9832,9863
ACDOPST;9431,9592,9598,9677,9678,9742,9847,9861,9890
ACDORST;8274,9715,9787,9871,9874,9878,9894
ACDORSU;1904,2128,2198,8288,9829,9843,9858,9870,9871,9878,9894
ACDORSW;8242,8274,8293,8940,8956,9213,9600,9627,9714,9715,9752,9769,9778,9787,9881
ACDORUZ;
ACDOSTV;2196,9580,9743
ACDRSTU;2128,2178,2179,2198,9744,9829,9845,9870,9871,9874,9878,9892
ACDRSUU;9307,9889
ACEEEPS;1908,8965,9000,9920,9922,9967,9976,9981
ACEEEUV;
ACEEFFR;
ACEEFFS;8308,9988,9990,9991,9992
ACEEFHN;10001
ACEEFIN;5904,10008
ACEEFLU;10015,10027,10030,10035
ACEEFMN;8968,8969,9895,9902,9989,10004,10008,10036
ACEEFNS;9020,9901,9991,9993,10032,10033,10036
ACEEFNY;9989
ACEEFPR;10016
ACEEFRS;2210,2212,2213,5664,9994,9996,10000,10006,10017,10018,10019,10032,10034,10037,10039
ACEEGIL;5908,9035,9037,9904,9906,10045,10063,10069,10071,10074
ACEEGNR;9909,10046,10068,10092,10114,10118
ACEEGNS;9049,10054,10055,10059,10111,10117
ACEEGNT;1917,9909,10046
ACEEGOT;1917,9037,10046,10071,10095,10097,10098,10113
ACEEGPS;1688,2220,2224,9051,10061,10094,10115,10124
ACEEGSU;9048,9051,10052,10078,10082,10102,10109,10111,10120,10126
ACEEHHT;8859,10132,10133,10136,10137
ACEEHIP;2231,8318,9025,10048,10049,10146,10149,10159
ACEEHIT;2228,10172
ACEEHIV;803
ACEEHKO;
ACEEHKS;5911,5914,8171,8297,8328,9066,10192
ACEEHLR;1872,2226,2236,2239,8309,8329,10053,10133,10193,10209
ACEEHLS;9066,9068,9072,10054
ACEEHLT;8309,9918,10047,10133,10193,10210,10211,10214
ACEEHMP;10167,10225,10229
ACEEHMR;9914,10135,10143,10168,10226,10229,10231
ACEEHMT;2228,8333,9074,9918,10143,10167,10168,10172,10223,10226,10229,10231
ACEEHNN;2231,10049,10141,10146,10148,10158,10173,10194,10205
ACEEHNP;2231,8318,9025,9077,10049,10146,10149,10199,10205,10208,10209,10210
ACEEHNS;805,1689,5887,8320,8331,10054,10201,10207
ACEEHOR;5920,5924,5926,8176,8334,8335,8864,9081,10057,10135,10222,10246,10247
ACEEHPP;9081
ACEEHPR;806,10208,10209
ACEEHPS;10225,10255
ACEEHPT;10210
ACEEHRR;8334,8860
ACEEHRS;8311,8323,9984,9987,10052
ACEEHRT;5915,10133,10193
ACEEHST;2201
ACEEHTT;5757,8116,8859,8975,9053,9074,9085,10134,10153,10167,10172,10210,10248,10262
ACEEHTX;10168
ACEEILP;5667,5946,9055,9125,9127,10063,10328
ACEEIMT;10167,10172,10274,10277
ACEEINR;10068,10161
ACEEINU;5941,5944,8339,10321,10335,10336,10348,10406,10418
ACEEIRR;9936,10023,10095,10183,10189,10440
ACEEISV;9123,10088,10091,10380,10392
ACEEJKN;
ACEEJSY;
ACEEKNP;8982
ACEELLN;2202,2217,5759,9941,10069,10198,10199,10465
ACEELLS;2221,2275,5895,5917,8358,10102,10192,10263,10469
ACEELMP;5667,10328,10476
ACEELMR;2236,2247,9198,10103,10319
ACEELNR;2236,10053,10193
ACEELNS;5887
ACEELNT;2230,5889,5932,5942,9944,10008,10193,10320,10334,10339,10451,10471
ACEELNV;5974,5977,10335,10339
ACEELPR;806,5965,5981,9954,10313
ACEELPT;674,5897,5946,5958,9196,10328
ACEELRR;2269,10515
ACEELRS;
ACEELRT;
ACEELRU;5981,9198,10015,10030,10295,10360,10364,10367,10498,10508,10516
ACEELRV;9954
ACEELST;5895,8354,9193,9990,10078,10273,10371,10475
ACEELSU;2275,2289,2290,5921,9048,9188,10015,10078,10102,10295,10360,10367,10469,10511
ACEELSV;9913,10204,10317
ACEELVX;
ACEEMNP;2255,10274,10518,10523
ACEEMNR;8372,9112,9221,9223,9961,9969,9970,10319,10528
ACEEMNS;8327,10004,10080,10111,10195,10474
ACEEMNT;2255,8333,8372,8969,9073,9074,9094,9113,9222,9895,9902,9944,9961,9966,9969,9970,10008,10223,10274,10277,10518
ACEEMNV;9039,10380
ACEEMRR;
ACEEMRS;2224
ACEEMRT;8372,9961,9966,9969,9970,10223,10229,10231,10528
ACEEMSS;5923,5971,10112,10144,10162,10166,10169,10225,10307,10323,10327,10332,10386,10474,10530,10533
ACEEMSZ;10145,10163,10325,10536
ACEENNP;2231,9962,9973,10016,10049,10084,10146,10173,10205,10518,10523,10541,10550,10551,10552
ACEENNR;210,9227,10114,10541,10552
ACEENNT;9902,9944,9972,10173,10309,10334,10518
ACEENNY;8376,10074,10194,10552
ACEENOR;2301,5924,5975,5990,5991,5992,8334,8335,8377,8864,9019,9221,9223,9227,9232,10057,10114,10118,10222,10405,10541,10558
ACEENOT;2276,5942,5976,9972,10339,10464
ACEENRS;9993,10570
ACEENRT;9961,9969,9970,10193
ACEENSS;1943,2307,8115,9231,10398,10457,10547
ACEENST;5781,5956,9020,9976,10238,10242
ACEENSV;2302,5992,10380,10553,10570
ACEENTU;1695,8333,8373,8385,10555
ACEEORS;2301,5907,5926,5929,5991,5992,8311,8335,9161,9249,10089,10094,10120,10235,10246,10247,10401,10405,10459,10558,10574,10581
ACEEORT;10020,10021,10095,10097,10384,10427
ACEEOSS;2308,5950,10112,10225,10233,10249,10423,10533,10534,10543,10547,10572,10574,10583
ACEEOST;5913,5989,8354,8374,9193,10227,10228,10422,10423,10475,10536
ACEEOTV;1697,9972,10020,10184,10339,10351,10424,10545
ACEEPRR;2219,5998,9248
ACEEPRS;1688,2220,2224,2270,2311,5673,5991,10094,10115,10394,10401,10410,10429,10576,10591
ACEEPSS;10112,10166,10225,10268,10327,10456,10530
ACEEPST;2311,9976,10573,10576,10591
ACEEPSX;10247,10359,10510,10565
ACEEPTT;1928,2285,10153,10167,10210,10248,10328
ACEERRS;2225,10459
ACEERRT;10023,10095,10384,10388,10440
ACEERSS;
ACEERST;2311,9899,9994,10006
ACEERSU;5755,5926,9225,9249,10120,10498,10522,10570
ACEERTX;8352,10092,10168
ACEERVZ;
ACEESSS;10156
ACEESST;5956,8336,8353,9231
ACEESTT;9053,10232,10281,10306,10382,10399,10524
ACEFFFO;
ACEFFHI;9263
ACEFFHR;
ACEFFIN;9263
ACEFFIS;8308,10601
ACEFFOR;
ACEFFST;2317,9990,9992,10601,10605
ACEFGIP;
ACEFGLU;2318
ACEFGOT;
ACEFHMR;10611
ACEFHOR;6006,8119,10643,10645
ACEFHRS;9276,9999,10624,10635,10636,10637
ACEFHRU;
ACEFHSU;9272,9988
ACEFIIL;832,833,2324,2325,5904,10003,10599,10648
ACEFILL;2324,6008,8398,10670
ACEFILM;8399,9291
ACEFILR;8398,8399,10615,10617,10630
ACEFILS;9292,10610,10629
ACEFINN;10648
ACEFINR;1957,2316
ACEFINS;10623,10668
ACEFINU;1957,9284,10672
ACEFIRS;834,2210,6013,9011,9276,9301,9994,10025,10624,10634,10635,10637,10639,10669,10691
ACEFITV;10020,10023,10599,10683,10688,10692
ACEFITY;2328,8390,10613
ACEFKLR;9995,10615,10617
ACEFKLT;9289,10616
ACEFKRR;10026,10603
ACEFLRU;10015,10030,10697
ACEFLSU;6011,9991,10015,10595,10697,10702,10704,10706
ACEFNNO;1959,9294,10707
ACEFNRT;5906,6006,9306,10001,10038,10618,10707
ACEFNRU;10038
ACEFOPR;10643
ACEFORR;10026,10645,10652,10681
ACEFOTU;6015,8403,10678
ACEFRRS;9986,10000,10624,10632
ACEFRRT;1961,2338,2339,10645
ACEFRRU;10030
ACEFRSU;6011,10595,10607,10697
ACEFRTU;10038,10678
ACEFSTU;9020,10614,10704,10706
ACEGGRR;
ACEGHLO;2346,10726,10759,10786,10787
ACEGHNR;1964
ACEGHNS;8409,10054,10055,10776
ACEGHNU;10750,10764,10774
ACEGHOU;2346,10726,10759
ACEGHOW;
ACEGHRR;10724,10766,10780
ACEGHRS;5907,8311,9903,10743
ACEGHRT;8200,10744,10787,10793
ACEGHRU;8406
ACEGHST;1703,2201,9318,10794
ACEGHSU;2341
ACEGILL;8413
ACEGILN;8417,9905,10805,10858,10860,10868
ACEGILP;2362,2372,9337,10063,10754,10849,10858,10866,10876
ACEGILR;2372,10617,10831
ACEGILS;8391,8405
ACEGILT;9037,9906,10807,10876
ACEGIMO;9035,9328,10769,10814
ACEGIMR;10814,10836
ACEGIMT;10066,10746,10754,10820
ACEGINO;2344,6019,6024,6028,6034,8404,8412,8418,9042,9330,9331,9344,10045,10775,10858
ACEGINP;2358,8412,9042,10084,10858,10866
ACEGINR;5493,8170,9344,10907
ACEGINS;1965,6036,10597
ACEGINV;1705,2381,9039,10912
ACEGINY;6033,10074,10613,10753,10757,10782,10851,10868,10875,10907,10916
ACEGINZ;6028,8425,10068,10730,10817
ACEGIOP;8412,8420,9042,9337,10094,10765,10769,10775,10784,10849,10858,10859,10860,10876,10882,10886,10896
ACEGIRT;10095,10097,10836
ACEGIRU;5493,8427,9347,10617,10779,10894,10906,10911,10914
ACEGIRW;10785
ACEGIST;591,2356,10066,10087,10892,10916
ACEGJKL;
ACEGKLO;10831
ACEGKLR;10617,10831
ACEGKMO;
ACEGKOR;10831
ACEGLLO;843
ACEGLNO;2387,6024,6028,6037,10045,10858
ACEGLNR;2387,9351,10053,10621
ACEGLNS;6029,10054,10055,10075
ACEGLOT;2371,9037,10787,10876,10932,10935
ACEGLOU;843,6037,10622,10726,10759,10935
ACEGLPS;2348,10933
ACEGMOP;2350,10765,10769,10882
ACEGNOR;9330,9344,10046,10057,10882,10944
ACEGNOT;1917,6022,6034,9356,10046,10739,10775,10944
ACEGNSU;8427,9357,9358,10111,10120,10597,10911,10923,10943,10945,10946
ACEGORS;8311,10094,10743,10791,10917
ACEGORU;2392,9353,10622
ACEGOSS;1974,2393,2394,2404,10112,10788,10900,10919,10930
ACEGOSW;10951
ACEGOTT;
ACEGRTU;2392,10108,10894,10906,10914
ACEGSTU;2395,10923,10931
ACEGTTU;10914
ACEHHLS;2409,10955
ACEHHLT;2226,2410,10133,10741,10967
ACEHHNS;10970
ACEHHRT;10133
ACEHHRU;8406
ACEHHRX;10131
ACEHHST;
ACEHHTT;10963
ACEHIKR;847,2418,6044
ACEHIKS;8171,10140,11003,11005
ACEHILL;8317,8443,8445,11014,11015
ACEHILM;2229,10746
ACEHILR;2342,6045,8435,10630
ACEHILT;6041,6046,10630,10978,11023,11042,11045
ACEHIMN;
ACEHIMP;10959,11076
ACEHIMR;5676,9914
ACEHIMS;
ACEHIMT;9378,10746,11023,11071
ACEHINN;1711,2231,2449,5674,6045,8437,8459,10049,10146,10148,10173,10721,10723,10753,10774,10960,10992
ACEHINR;5912,6045
ACEHINS;
ACEHINT;852
ACEHINY;6053,10753,11056
ACEHIOT;6041,9378,9393,10184,10963,11023,11071,11079
ACEHIPP;2345,9393
ACEHIPR;6058
ACEHIPT;9393,10976
ACEHIRR;2465,6044,6058,8466,8470,8860,9314,10189,10632,10724,10766,10998,11007,11127,11131
ACEHIRS;9984
ACEHIRT;6044,6060
ACEHIRV;2465
ACEHISS;9997,10628,11047
ACEHIST;
ACEHITY;6060,11023,11129
ACEHITZ;2437,8474
ACEHKLR;856,2477,6062,10193,11139
ACEHKLS;1699,2409,2475
ACEHKLT;856,8477,10193,11140
ACEHKMN;2480,10194,10195,11005
ACEHKNY;2480,10194,10753,11137
ACEHKOT;8477
ACEHKRS;1651,2481,6064,6065,6068,8476,10196,11143
ACEHKRW;2477
ACEHKRY;
ACEHKUV;
ACEHLLP;2323,10199,10641,10976
ACEHLLS;592,1991,5917,9068,10054
ACEHLLT;804,6071,9052,10133
ACEHLMT;1992,10746,10754,10978
ACEHLMY;1992,11149,11158
ACEHLNN;6045,10141,10146,10148,10205,10721,10755,11140
ACEHLNO;1718,8206,8477,10199,10205,10641,11149,11153
ACEHLNP;2323,10199,10205,10209,10641
ACEHLNR;2236,2421,8329,10053,10193,10209,10756
ACEHLNS;218,1991,9068,10054
ACEHLOP;2348,9369,9411,10199,10205,10641,10643,10980,11022,11031,11173
ACEHLOR;10643,10786,11139
ACEHLOS;2420,10628,11016
ACEHLOT;6041,6071
ACEHLPS;10760,10761,11156
ACEHLPT;10754,10976,10978
ACEHLPY;10214,11173
ACEHLRS;
ACEHLRT;8309,8329,8394,10133,10193
ACEHLRY;839,8394,10786,11015
ACEHLSS;10628,11047,11165,11170
ACEHLST;
ACEHLTT;69,6071,8975,9412,10210
ACEHMNP;
ACEHMNR;861
ACEHMNS;6072,8327,8487,10195,10201
ACEHMNT;2497,8333,9074,11153,11186
ACEHMPR;2350,2498,6076
ACEHMRR;9416,10766,11189,11194
ACEHMRS;8476,11143,11158
ACEHMRT;2478,2482,10231,11201
ACEHMRU;8406,9417,11060,11191,11194
ACEHMSS;9415,10225,11147
ACEHMST;
ACEHMTT;2497,9074,9419,10226,10231,11197,11201
ACEHMTY;1992,10231,11023,11197,11201
ACEHMTZ;11160
ACEHNNR;5801,6045,8459,8491,9421,10992
ACEHNNT;161,8437,8491,10772,10774,10992,11140
ACEHNOP;10199,10641,10980,11031
ACEHNPS;
ACEHNRR;10724,10766,11189
ACEHNRS;
ACEHNRT;2242,8329,8491,10193
ACEHNSS;2499,8492,11142,11165,11166
ACEHNST;677,2504
ACEHNSU;10195
ACEHNSZ;2457,9391,9427,10163
ACEHNTT;1995,2497,2505,8408,9074,9363,10210,10626,10631,10996,11064,11094
ACEHNTU;852,8333,10750,10774,11066,11186
ACEHNTY;1720,8490,8491,8493,11205
ACEHNZZ;
ACEHOOT;8208,8493,11071,11090
ACEHOPR;2350,2498,6076,9364,10643,10787,10793,10967
ACEHOPS;2348,6056,9431,10203,10760,10784,10794,11216,11225
ACEHORS;1986,2352,2353,2481,9365,11008,11059,11078,11097,11143
ACEHOSS;1721,8492,9415,10233,10628,10647,10788,11034,11047,11099,11165,11170,11198,11209
ACEHOTY;1720,2502,8483,8493,9366,10214,10248,11023,11036,11205
ACEHPPS;
ACEHPRS;2506
ACEHPRT;6076,10793
ACEHPRU;10258
ACEHPRY;2495,6058,9433,10165,10253,11065,11223
ACEHPSS;1919,1997,2499,2506,9087,9404,10166,10197,10959
ACEHPST;11216
ACEHQUY;
ACEHRRS;10634,11127,11138
ACEHRRT;2465,6044,9374,10645,10998,11189
ACEHRRV;2465
ACEHRRX;
ACEHRRY;6058,8466,10792,11129,11189
ACEHRSS;6066,11144
ACEHRST;
ACEHRSU;5755,6086,6088,8496,8498,9439,10252,10261,11138,11227,11228,11233
ACEHRSV;
ACEHRSW;810,11138
ACEHRSX;868,2245,9365,10058,10247,11097,11111
ACEHRSY;868,9420,9433,10253,10637,10782,11078,11106,11125,11143,11223
ACEHRTT;
ACEHRTW;1724,8126,9399,11230
ACEHRTY;2496,6060,8394,8491,11129,11189
ACEHRXY;868
ACEHSSS;9437,10635,11119,11224
ACEHSST;9403,9404
ACEHSSW;860,9088,9392,10636
ACEHSTW;8177,9318,9386,9405,9998
ACEHSTX;6077,6084
ACEHSUV;
ACEHTTU;1995,6069,9363,11131
ACEHTTW;1724,1976,5757,9399,9438,11230
ACEIILM;869,2324,2516,5803,6090,6093,8435,8905,9089,9090,9091,9323,9447,9451,9452,10265,10746,10807,10977,10979,11277
ACEIILS;5665,10263,10977,10983,11269
ACEIILT;833,2325,2411,2516,2519,5928,6041,6090,6093,8504,10003,10265,10599,10746,10807,10976,10979,10986,11253,11280,11286
ACEIILZ;2519,10264
ACEIIPS;1728,2518,2526,6096,9460,9465,9491,10269,10270,10278,10283,10982,11271,11297,11298
ACEIITV;1729,10599,11344
ACEIJKS;10668,11359
ACEIKLP;9289
ACEIKLS;2540,2541,8440,10007,10295,11003,11368
ACEIKLT;9289,10616
ACEIKMR;6106,10836,11371
ACEIKNT;5494,10292,10616,11370,11375
ACEIKOP;6113,8337,8412,11370
ACEIKPR;8223,8337
ACEIKPW;11375
ACEIKPX;
ACEIKRS;5758,5793,5808,5813,6111,9011,10007,10295,10301
ACEIKRT;6044,8130,8223,9101,9265,10603,10836,11377
ACEIKRW;
ACEIKSS;6114,8529,11008,11249
ACEIKST;
ACEIKTT;5494,5787,6113,11375
ACEILLL;874,2012,8530,8531,8532,11381,11382
ACEILLM;
ACEILLS;10263,11258,11263
ACEILLX;2548,2551,5938,6121,10263,10264,10313,11264,11390,11392,11408
ACEILMN;10843
ACEILMR;2247,2566,6026,8399,8435,9323,9452,10804,10853,11430
ACEILMS;11442
ACEILMT;8540,10746,10807,11023
ACEILMX;10805
ACEILMY;5679
ACEILNN;8225,10147,10148,10309,10334,10335,10648,11381,11392,11450
ACEILNP;6108,6118,6130
ACEILNR;2018,2421,2566,2588,8533,11479,11480
ACEILNS;10846
ACEILNU;8339,8533,10321,10335,10336,10348,10672,10868,11031,11449,11450,11479
ACEILOR;8399,8537,10831
ACEILOS;10981,11027,11029
ACEILOT;886,2029,2371,6041,8227,8340,8418,8504,8540,9037,9282,9378,11023,11042,11283,11492
ACEILOZ;886,2371,6028,11042
ACEILPR;2372,2566
ACEILPS;887,8395,8526
ACEILPT;1737,2519,5946,10976,11253
ACEILPU;5815,6108,6118,10336,11031,11387,11491
ACEILRR;2552,2553,2591,5497,6110,6131,10360,10733,10800,11509
ACEILRS;
ACEILRT;
ACEILRU;888,5678,5680,6124,8533,10348,10617,11449,11479
ACEILRV;
ACEILRY;739,2557,8532,9516,11015,11257,11409,11413
ACEILSS;5668,5681,5809,9292,9511,11442,11522
ACEILST;10371
ACEILSV;2575,9913,10317
ACEILSX;9457,10263,10358,10359
ACEILTT;1634,1737,2325,10003
ACEILVW;
ACEIMMS;2563,6140,9447,10372,10373
ACEIMNO;8557,10988,11525,11527,11532
ACEIMNP;2358,2377,8134,10274,10882,11309,11370,11533,11536
ACEIMNR;2316,2566,2568,9112
ACEIMNS;6141,10004,10372,10600,11532
ACEIMNT;2568,10008,10274,10277,11303
ACEIMOR;2615,5676,6050,6142,6143,8399,8537,8542,8559,10384,10814,10887,11077,11079,11371,11548,11549,11551,11552,11555
ACEIMOV;11315
ACEIMPR;2377,2566,2604,9114,9470,10853,11309
ACEIMPY;5679,8134,10165,11065,11076,11083,11085,11432,11528
ACEIMRT;2615,6142,6143,10836
ACEIMRU;2604,6124,9470,11371
ACEIMSS;9511,10307,11380,11388,11390,11442
ACEIMST;
ACEIMSU;6112,6140,10082,10990,11304
ACEIMSX;6140,6141,6144,11082
ACEIMTX;9473,10168
ACEINNP;2231,2624,9545,9565,10016,10049,10084,10173,10960
ACEINNR;2527,2605,11055,11305,11324,11531,11569
ACEINNS;5892,8180,8348,8917,9117,10372,11365
ACEINNT;8437,8513,10173,10309,10334,10960
ACEINNY;894,1969,6033,8232,8424,9477,9560,10074,10753,10851,11056,11450,11531
ACEINOP;8412,8461,10765,10775,10961,10988,11058,11094,11329,11370,11536
ACEINOS;2544,6141,6152,10981,11011,11029,11034,11057,11463,11525,11527,11532
ACEINOT;6022,6034,10670,11280,11393
ACEINPR;224,1742,2450,2566,2610,2624,6130,10016,10176,10394,11037,11065,11255,11309,11540,11613
ACEINPS;224,9584,10684,11613
ACEINPT;1742,1743,2624,11370
ACEINRR;226,6147,6148,10632,10724,10766,10902,11459,11569,11586
ACEINRS;11626
ACEINRT;
ACEINSS;5950,8348
ACEINST;
ACEINSU;1741,2005,2058,2459,5682,5683,6152,8427,9481,11626
ACEINSV;1890,2058,10088,10091,10380,10735,10912,11359,11567,11626
ACEINSY;814,6152
ACEINTT;2257,2379,2533,5494,8408,10626,10818,11243,11303
ACEINTU;2459,10672,10750
ACEINTV;
ACEINTX;2430
ACEINTY;894,6129,8229,8238,9560,10419,10613,11286,11627
ACEINTZ;10347
ACEINYZ;
ACEIOOZ;11014,11041,11532,11631
ACEIOPT;8215,8461,8577,9393,10775,10961,10963,11094,11329
ACEIORS;1713,8349,8575,10094,10421,10661,11078,11111
ACEIORT;1636,8130,8580,10020,10021,10095,10097,10384,10427,10688,11079,11348,11377,11549,11555,11633,11649
ACEIOST;1970,10601
ACEIOTX;8579,9164,10098,11408,11489,11649
ACEIPPR;2372,9486,11294,11334
ACEIPPT;2262,8549,10353,10408,11294,11334,11546
ACEIPRR;6058,8550,9526,10998
ACEIPRS;10394,10410,10421,10429
ACEIPRT;9897
ACEIPST;1728
ACEIPSU;8919,9606,10410,10429,11123,11125,11126,11613,11653,11655
ACEIPSZ;887,10270,10283,10300,11298
ACEIPTV;1729,1743,8577,11491,11632
ACEIQRU;888,2638,10867,10906,11324
ACEIQSU;6112,11641
ACEIQTU;2054,2638,10424,10897,10906,11400,11492
ACEIQUZ;
ACEIRRR;741,9332,10692,10907,11569,11619
ACEIRRS;226,742,897,2531,2552,2640,5497,5829,6098,9471,9572,10632,11007,11318,11586
ACEIRRT;2465,9936,10095,10384,11550
ACEIRRW;2056,9574
ACEIRRZ;6148,8521,11644
ACEIRST;2317,9899
ACEIRSU;6155,11304,11626
ACEIRSV;5829,9156,9614,10091,10380,10392,11626
ACEIRSZ;873,6150,9391,10367,11025,11572
ACEIRTT;2263,2536,11649
ACEISSS;8509,10024,10156,10362,10389,10441,10635,10657,11119,11289,11299,11421,11434
ACEISST;
ACEISSV;2654,9475,9997,11099,11482,11639
ACEISTT;
ACEISTV;2559,2575,11523,11648
ACEISVV;11246,11626
ACEITTV;8574,11612,11632
ACEITTX;9164,9179,10098,10287,11649,11656
ACEITUX;8352,9179,10895
ACEJKMN;
ACEJKOP;9619
ACEJKPT;9619
ACEJKRS;902,1753,2659
ACEJKST;2660,10450
ACEJLOR;2661,9618
ACEJLOS;2656
ACEJNOS;8587,10694
ACEJNOT;1663,10451,11362
ACEJNOY;
ACEJNSU;5685,6103,8587,11670,11671
ACEJNTU;9493
ACEJPTU;
ACEJRTT;2658,10289,10830,11362,11672
ACEKKNR;
ACEKLLP;
ACEKLMS;2409,2474,10924,11673,11678
ACEKLNR;6062,10193
ACEKLNS;1752,2475,2540,2541,2655,11141,11680
ACEKLOR;9618,10831,11139
ACEKLPS;905,2540,2655,2656,2657,8526,11666
ACEKLPT;5958,9289,10293
ACEKLQU;
ACEKLRS;5808,6111
ACEKLRT;2663
ACEKLRU;6062,6162,10617
ACEKLST;8354
ACEKLSY;
ACEKMNP;2358,11370
ACEKMOR;2664,9620,11139,11371,11683
ACEKMOS;5838,9401,11248,11674
ACEKMRS;902,2474,6064,6065,8476,9622
ACEKNOS;908,2475,9623,10695,11141,11374,11667,11676,11680
ACEKNPR;
ACEKNRR;8590,11683
ACEKNRS;
ACEKNRY;9182,10835
ACEKNST;11141,11676,11680
ACEKNSU;9939,10195
ACEKORR;2664,6163,10026,10458,11683
ACEKOSW;
ACEKPPR;2218,10837
ACEKPRS;681,9622,10196,11687,11689,11691
ACEKPST;8478,11251,11378,11379,11687,11689
ACEKQRU;
ACEKRRS;911,10841,11007,11675,11691
ACEKRRT;910,6044,8590,10603,10838
ACEKRSS;2484,2659,6066,6068,8529,8586,11008,11144,11664,11691
ACEKRST;9621,9625,10196,11689
ACEKRSU;5813,6065,6068,9622,9624
ACEKRSW;912,2386
ACEKRSY;2386,2659,10101,11143,11689,11691
ACEKRTT;6069,6169
ACEKRTY;9625,10836,11377
ACEKSST;2660,9404,10197,11146,11668,11674,11686
ACEKSTT;
ACEKSTW;9405,11146,11690
ACEKSUW;6070
ACEKTTY;
ACELLMO;11695
ACELLMY;11149,11697
ACELLNU;914,2542,5505,6117,6118,6165,8591,10027,10464,10699,11695
ACELLNY;2543,2548,8131,8534,9406,10465,10699,11012,11149,11257,11384,11699
ACELLOR;5965
ACELLOS;
ACELLOT;6071,11699
ACELLPS;2671,9189,11708,11709
ACELLPY;2674,10029,10465,11702,11704,11708,11709
ACELLRR;2553,2674
ACELLRS;1757,2221,2667,2675,6119,8357,9109,9407,10192,10453,10468,11152,11708
ACELLRY;2557,2674,5671,5910,5916,5969,8532,8874,9406,10465,10468,11015,11257,11409,11413
ACELLST;10802,11258,11263,11410,11708,11711
ACELMMR;2485,11139
ACELMNO;2678,2679,6182,8595,11149,11153,11712,11715,11716,11717
ACELMNS;6072,11154,11717,11719
ACELMOR;2332,8399,8480,8537,10701,11139,11431
ACELMOT;8340,8540,9629,10451,10471,11695,11716
ACELMOU;8911,10701
ACELMPR;231,918,2423,2566,10476,10853,11423,11430,11431,11432
ACELMPS;2682
ACELMRS;
ACELMRY;2680
ACELMSS;9511,10144,10307,10332,11147,11380,11388,11390,11439,11442,11665
ACELMST;1761,9990
ACELMSU;917,2677,6072
ACELMSZ;10145,10325,11010,11025,11276,11277
ACELMTU;11695
ACELNNO;5974,9199,9504,10205,11381,11392,11418,11716,11728,11731
ACELNNS;2577,2690,9117,9201,9514,9634,9635,10482,11279
ACELNNU;8225,9351,10335,10482,10857,11447,11448,11449,11450,11726,11730,11731
ACELNNY;10074,10851,11450
ACELNOP;2076,2679,10199,10205,10641,11733,11734
ACELNOR;5975,6173,6192,6193,11162,11163,11725,11726,11733,11734,11735
ACELNOS;2544,2670,5503,5963,5975,6174,10486,11452,11734
ACELNOT;1718,2276,8227,8477,8504,8598,10451,10471,11283,11716,11725
ACELNOZ;2679,6028
ACELNPS;11734
ACELNPT;11745
ACELNPU;2691,6108,6118,6130,8364,8597,10031,10336,11031,11733,11745
ACELNRS;6193,11734
ACELNRT;8329,8599,9637,10193,11725,11735
ACELNRU;2588,2694,9351,9353,9644,11449,11479,11480,11726,11733
ACELNRY;6192,6197,8596,8599,10465,10488,10835,10865,11257,11734,11746
ACELNST;11719
ACELNSU;914,917,921,2677,11719
ACELNTT;2692,10872,11040,11477,11716,11720,11728,11744,11745
ACELNTY;2067,6129,8229,8598,8599,8876,9640,10471,10699,11286,11699,11746
ACELNVY;11286,11450
ACELOPR;918,2076,5965,6198,6199,9209,10643
ACELOPS;2348,2656,2699,10760,10860,10933,11456
ACELOPT;5958
ACELOPU;10336,11031
ACELOQU;11400,11492
ACELORR;5777,6192,6201,8901
ACELORS;9354,10927,11727
ACELORT;1960,2332,9637,11725
ACELORY;6192,6199,6201,9516,10643,10786,11015,11405,11702
ACELOSS;923,2394,6063,11170
ACELOST;
ACELOSV;11764
ACELOTT;1756,2029,2692,5976,6071,9194,9412,11283,11716,11728,11744
ACELOTU;10935,11492
ACELOTY;6129,8483,9640,10471,10935,11023,11036,11405,11492,11699
ACELOUV;863,9534,11468,11491,11731
ACELPPR;2372,6199,10863,11294
ACELPPS;2283,2290,2580,2657,2699,11469,11501,11666
ACELPRS;
ACELPRT;
ACELPRY;2087,2674,6199,9954,10465,10488,10489,10865,11409,11432,11709,11734,11757
ACELPSS;8369
ACELPST;10704
ACELPSU;10704,11666
ACELPSY;2699,8486,10761,10933,10957,11709,11734,11757
ACELPTY;686
ACELPUU;9644,10031,11710
ACELQRU;888,10867
ACELQSU;
ACELQUY;10868,11492
ACELRRS;2591,2710,10654,10733,11437,11508,11509,11765
ACELRRU;2694,6131,6203,6204,10030,10360,10515,11509,11751
ACELRRW;2269,2477,6203,11752
ACELRSS;
ACELRST;1667,1757,2667
ACELRSU;8248,10595
ACELRSV;6180,11740
ACELRSW;2712,10217,10356,10871,11046
ACELRTT;
ACELRTY;8394,8599,9414,11760
ACELSSS;2598,2688,2697,8509,9511,10474,10657,11289,11416,11421,11434,11442,11729
ACELSST;
ACELSSU;2394,11170,11522
ACELSSV;2085,11482,11764
ACELSTU;2715,5921,6208,8548,10078,10371,10704,10706,10985,11247,11483,11523
ACELSTY;6208,8370
ACELSUU;2704,2715,6205,6208,8594,8602,9635,10704,10706,11767
ACELSUX;2713,10496,10510,11706
ACELSXY;9072,10359
ACELTUY;1759,6208,8555,8599,10699,10935,11168,11383,11492,11510,11517,11521,11697,11746
ACELTXY;5984,11264
ACEMMRR;
ACEMMRS;10219,10220,10522
ACEMNOR;10528,11769
ACEMNOS;2720,6141,8249,8557,9652,9653,10080,10527,10936,11057,11525,11527,11532,11715,11717
ACEMNPS;9660,11187,11781
ACEMNRT;2397,2568,8371,8372,9961,9966,9968,9969,9970,10528,10529,11769,11774
ACEMNRW;11427,11683
ACEMNSU;917,2295,2336,2337,2677,2717,6072,10036,10111,10195,11154,11190,11719
ACEMOPR;918,2350
ACEMOPS;2614,2682,2720,8607,8915,9401,10225,10527,11074,11781
ACEMORS;8559,10677,11552
ACEMORU;8606,9417,10701,11194,11371
ACEMOSS;929,2045,5838,9415,9469,10112,10225,10788,11184,11198,11663,11674,11713
ACEMOST;2223,2614,5989,8252,8374,8559,8605,8607,8609,10037,10535,10536,10677,11551,11552,11674,11771
ACEMOSU;8252,10109,10536,11535,11771
ACEMPRR;
ACEMPRS;9622,9965,10607
ACEMPRT;231,2271,9966
ACEMPRY;2495,10165,10523,11065,11432,11528
ACEMPST;8607,11781
ACEMPSY;11085,11182,11781,11788
ACEMRSS;6212,10884,11388,11440,11544
ACEMRST;2683,6191,8609,11774
ACEMRSY;8558,9420,11529
ACEMSSU;234,754,6212,10230,10938,11686
ACEMSTT;8607,10333,10382,10391,10524,10532,10535,11317,11321,11539,11552,11560,11771,11772,11783
ACEMSTU;2725,8373,10536,10539,11771
ACEMSUX;2337,6140,6144
ACENNOS;756,2728,8610,8611,8902,9049,9228,9357,10542,10939,11774,11792,11797
ACENNOT;2398,8611,10707,10708,10739,10939,11725,11774,11793
ACENNOX;10888,11392
ACENNOY;8376,8603,9670,11056
ACENNOZ;
ACENNRS;2717,11774,11791,11792,11797,11798
ACENNRY;8491,8603,8934,9477,11531
ACENNST;2690,2731,6214,8611,10708,10939,11774,11797,11800
ACENNSU;757,921,2295,2500,2677,2690,2717,2728,8880,9201,9230,9357,9422,9634,9635,10481,10482,10542,10928,11161,11730,11797,11800
ACENNTY;894,2095,6146,6214,8490,8491,9560
ACENOOR;6173,8207,8561,9567,9666,10943,11586,11803,11804
ACENOPT;11329,11370,11536
ACENOPU;2691,6215,8597,8615,10336,11031,11457,11594,11733
ACENORS;10486,11727,11734,11792,11804
ACENORT;10739,11725
ACENOSS;5845,5950,8492,9676,10788,10900,11184,11363,11525
ACENOST;
ACENOSY;2634,5508,6216,6217,8557,8618,11182,11185,11527,11734,11783,11806
ACENOTT;2505,2692,5976,10519
ACENOTV;11186
ACENPRR;8615,11733,11780,11807
ACENPRS;5991,9584,10115,10176,10376,10394,11037,11470,11540,11734,11792
ACENPRU;6130,8364,8615,10116,10550,10564,10941,11309,11594,11733
ACENPST;9976,10238,11800,11822
ACENPSU;11800,11824
ACENPSW;2508,2720,9675,10527
ACENPTT;8616,10210,10556,11811
ACENPTY;1638,8381,8490,10551
ACENRRY;5994,6219,9911,10492,11189
ACENRSS;76
ACENRST;
ACENRSU;2717,8427,10570,11626
ACENRSV;5992,6217,9156,10380,10553,10570,10870,10912,11476,11626,11798
ACENRSY;5508,6197,6217,8558,9646,10488,10544,10570,10782,10904,10945,11106,11603,11614,11734
ACENRSZ;2457,2586,6150,9391,9427,11572,11607,11625,11804,11820
ACENRTT;9969
ACENRTU;2672,8590,11801
ACENRTY;8491,10419,11189
ACENSST;2400,2731,5956
ACENSSU;5845,9676,10059
ACENSTT;10524,10532,10571
ACENSTU;6214,8373,10400,10555,10571,11429,11565,11719,11800,11824
ACENSUU;6220,8587,11617,11670,11719,11800,11824
ACENSUV;2058,2302,10570,11626,11671
ACEOOPP;9411,11215
ACEOOTZ;11631
ACEOPRX;2460,11489,11735
ACEOPSS;2308,2404,10112,10574,11688,11834,11839,11840
ACEOPST;8607,9431,10794,11834
ACEOPSW;2720,9675,10527,11398
ACEOPTU;11075
ACEORRS;2401,11586,11804,11827,11829,11843
ACEORRT;6154,10095,11793
ACEORSS;6066,8621,10574,11144
ACEORST;
ACEORSU;8496,8575,8624
ACEORSW;8940,9600,9627,10581,10951,11046,11818
ACEORSX;9365,11706
ACEORTU;
ACEORTV;10020,10427,10545,10683,10793,10797,10899,11098,11348
ACEORTX;6083,11489,11649,11735
ACEOSSU;2394,5845,6067,6226,9676,10647,10930,11170,11730
ACEOSTT;8607,10972,11772,11834
ACEOSTU;1639,8252,10536,10555,10923
ACEOSTV;2706,11764
ACEOTTV;2505,2692,10827,11315,11348,11632
ACEOTUU;
ACEOTUX;11744
ACEPPRR;11807
ACEPPRS;2734,10253
ACEPRRS;2104,11747
ACEPRSS;1997,2406,2506,2512,11144,11210,11688
ACEPRST;9000
ACEPRSU;9606,9622,10429,10607
ACEPRTU;
ACEPSST;2404,9404,11722,11834
ACEPSTU;10704,11126,11800,11824
ACEQRTU;2638,9695,10038,10906
ACEQSSU;237,8350,9599,11641
ACEQSTU;
ACERRRY;2338,5689,5961,6201,10717,10907,11129,11842
ACERRSS;2665,2744,5507,6190,8258,8621,8923,9699,11318
ACERRST;2710
ACERRSU;8495,10937,11138,11675
ACERRSV;236,2640,5829,10502,11843
ACERRSY;2710,5840,11691,11760,11788,11842,11843
ACERRTT;1961,2339,9982
ACERRTU;8590,11131,11619,11801
ACERRTY;2338,5994,6219,9701,10492,10515,10582,10717,11189,11672,11737,11760,11835,11842
ACERRUV;2694,11438
ACERRVY;11835
ACERSST;10719
ACERSSU;10938
ACERSSV;2484,6212,11235
ACERSSY;2659,9301,9651,10107,10468,10637,10676,10945,11106,11603,11614,11661,11664,11691
ACERSTT;
ACERSTU;
ACERSTY;8370,8609,9625,11412,11517,11518,11529,11648,11689,11760,11842
ACERTTT;9982,10417,11555,11811
ACERTTU;6069
ACERTTX;2739,6083,10915,11609,11649
ACERTTY;9701,11356,11649,11672
ACERTUV;10108,10797
ACERTUX;8352,9960
ACERTUY;6060,8555,10258,11510,11517,11521
ACESSTT;11834
ACESSTU;10262,10719,11686
ACESSTY;8584,10916,11146,11357,11561,11814
ACESSUY;6226,10945,11522,11661
ACESTTU;10469,10571,10706,11824
ACESTTY;11052,11180,11302,11561,11711,11772,11783,11806
ACESTUY;6208,6214,8601,11168,11225,11517
ACFFHSU;9988
ACFFIIT;8390,10599,11851,11859,11861
ACFFIKM;11850
ACFFILT;11851,11857,11859
ACFFINS;9704,11856,11860
ACFFINY;8389,9989,11849,11852,11853,11862
ACFFIRT;10603,11861
ACFFIRY;11853
ACFFLSS;2208,9992
ACFFLTU;
ACFFOST;10601,10605,11860
ACFGHIN;10611,11864,11867
ACFGINR;11853,11872,11877,11878,11880
ACFGINS;1770,11864,11865,11869,11873,11874
ACFHIIS;10625,11864,11892
ACFHIST;6230,11864,11892,11895,11897,11899
ACFHISU;9704,10634,10639
ACFHLNU;11866,11903
ACFHNOU;
ACFHRTU;
ACFHRTY;8394,11896
ACFIILN;2750,2758,2761,5904,8626,9706,10648,11851,11869,11870,11871,11872,11906,11907
ACFIINS;2326,2760,2765,2767,2768,9285,10004,10625,10660,11856,11860,11864,11869,11873,11874,11875,11881,11906,11917,11918,11920
ACFIKNN;
ACFIKNU;
ACFIKTY;11868
ACFILNO;5850,11870,11871
ACFILNY;8626,11849,11862,11870,11872,11907
ACFILOY;8632,11855,11859,11870,11886,11927,11934
ACFILRY;1772,8632,11872,11886,11927
ACFILSS;8633,9283,10651,10655,10657,11882
ACFIMOR;2770,2781,8399,8632,9710,11854,11896,11911
ACFIMRU;2771,10678
ACFIMSS;
ACFINNS;2760,9711,11865,11874,11875,11918,11935
ACFINNY;11935
ACFINOT;8631,9014,10631
ACFINOV;10683
ACFINRS;2753,11898,11917,11918,11930,11933,11937
ACFINRT;2106
ACFINRY;2783,11853,11872,11877,11880,11881
ACFIOPY;8635,11879,11886
ACFIOSS;11940
ACFIPRY;11880,11886
ACFIRSY;9301,11881,11917
ACFISST;11882,11940
ACFKLRU;10617
ACFKLSU;
ACFLLOY;8636,11855,11927
ACFLNOS;9712
ACFLNSU;6014,9991,11894,11933
ACFLOPW;
ACFLOST;8393,10034,10702,11902,11904,11926
ACFLPSU;10697,10704
ACFLRSU;1773,6011,10015,10595,11933
ACFLRTU;2771
ACFLRUU;
ACFLTTU;2779,2780,10035
ACFLTUY;2780,10699,11901,11934,11946
ACFMSTU;2772,10702,11902
ACFNNOT;2789,8631,11885,11919,11929,11931,11946
ACFNNUY;11935,11946
ACFNRTU;9306,10038
ACFNSTU;9020,9713,11935
ACFORST;2113,8639,9714,9715,11899,11904,11940,11942,11950,11952
ACFORTY;2783,10717,11896
ACFRRTU;8638,11888
ACFRSTU;8639,11922
ACGGHIN;8404,9309,11961
ACGGHIS;
ACGGINR;9716,10728,10729,10730,10737,11965
ACGGIOS;9310,10736,11973,11974
ACGGRSY;
ACGHIKN;6019,10753
ACGHIMO;8261,10765,10769,11988,11989,12017,12020,12021,12022,12023,12024
ACGHINR;8944
ACGHINS;1965,2809,10776
ACGHINT;
ACGHINW;9309,12021
ACGHIOR;2115,2811,6238,10725,10769,11980,11989,12023,12024,12032,12033,12034,12035
ACGHIPR;6238,10725,10752,11980,11989,12023,12024,12032,12033,12034,12035
ACGHIRS;10052,10785,11975,12005
ACGHLTU;8647,10762,11958,12008,12012
ACGHNRU;6249
ACGHOST;1703,2817,2820,10789,10794,12016,12022,12038
ACGHOSU;11964
ACGHRRU;12035
ACGHRSU;
ACGHSSW;2814,12030,12037
ACGIILN;2792,8626,10809,11851,11872,11965,11984
ACGIITU;6251,10614,10750,12067,12070,12082,12086,12093,12107,12109,12110,12117,12125
ACGIJKN;1780
ACGIKLN;11965
ACGIKNP;2358,8412,8946,9731,12140
ACGIKNR;945,6254,11965,12129
ACGIKNS;
ACGIKNT;765,5510,8656,11868
ACGIKNV;
ACGIKNY;944,10753,11868,12127,12130
ACGILLN;8413,11970,11984,12061,12128,12130,12143,12149
ACGILLO;6250,9733,11884,12003,12004,12060,12061,12065,12128,12141,12143,12144,12153,12154
ACGILMN;2364,10843,12006
ACGILMY;2848,12006,12142,12159,12162
ACGILNN;12143,12157,12163
ACGILNO;5850,6028,6259,9734,10045,10858,12143
ACGILNP;2121,2806,9731,10858,10866,12072,12075,12166
ACGILNR;11965
ACGILNS;9905
ACGILNT;11851
ACGILNU;
ACGILNV;
ACGILNW;
ACGILNY;944,2848,6258,6259,8626,10074,10851,10875,11870,11970,12128,12130
ACGILOS;2793,2850,8663,9733,11967,12016,12063,12071,12162,12175,12177,12178
ACGILOT;2119,2369,2371,2856,8663,9037,9339,10813,10876,12004,12015,12016,12065,12151,12162,12175,12176
ACGILRS;2797,2843,2850,2858,12005,12175
ACGIMMN;9737,10879,11969,12136
ACGIMNO;2798,8664,9737,12191
ACGIMNP;8664,9740
ACGIMNU;6254,9740,10764,12018,12019,12090,12093,12129,12185,12190
ACGINNN;2805,6033,9329,10888,10889,12055,12072,12099,12198
ACGINNR;250,2844,11875,11878,11972,12198
ACGINNS;947,2859,11865,12182
ACGINNT;2831,2864,6251,8665,9720,12049,12110
ACGINOR;2832,2833,2866,9330,12198,12207
ACGINOS;5853,12030,12097,12101,12200,12210
ACGINOT;6022,6034,6237,6243,11994,12111,12114,12117,12191,12207
ACGINOX;10888,12117
ACGINPP;2864,9740
ACGINPR;2121,2832,2834,2866,8659,11880,12075,12140,12166,12209
ACGINPS;9742,12101
ACGINRS;249
ACGINRT;2860,8669,12186,12209
ACGINRV;250,2871,10729
ACGINRZ;2802,2828,10068,10730,10817,11878,12029,12078,12121
ACGINSS;2865,8670
ACGINST;1770,2835,6036,12051
ACGINSU;10597,12185,12190,12208,12215
ACGINSV;1705,9743,10088,10735,12051,12062,12080
ACGINSW;6036,12205
ACGINTT;2379,2836,6261,8656,8665,10818,12052,12111,12119,12191
ACGINUV;12086
ACGIORT;2369,2833,2856,2860,5511,8657,8669,10095,10097,11994,12028,12034,12077,12114,12209,12218
ACGIRST;2797,2862,2863,12037
ACGKLLO;
ACGKMMO;948,11969,12136
ACGKORV;
ACGLLPU;
ACGLNNO;9734,11885,11966,11972,12073,12132,12143,12157,12222
ACGLNOR;2387
ACGLNOY;6259,11870,12128,12141,12167,12221
ACGLNSU;2879
ACGLNSY;2854,8662,12002,12011,12014
ACGLOSU;2879,9733,12079,12147,12170,12178
ACGLOXY;
ACGMNOP;8664,9746,10765
ACGNNOR;11972,12198
ACGNOOT;6034,6039,6243,8661,9735,10944,12111,12207,12224
ACGNORS;12225,12234
ACGNOSS;1974,10788,10900,10930,11891,12030,12212
ACGNOSU;9357,9358,10120,10923,10943,11964,12079,12147,12170,12185,12190,12204,12208,12210,12215,12223,12225,12234
ACGORRY;10792,12230
ACGORSU;12225,12234
ACGORUU;10622
ACGOSWY;
ACGSTTU;12215
ACHHIRS;2887,6262,8673,10130,10131,10955,10958,11975,12245,12247
ACHHISV;
ACHHLOT;10967
ACHHMSU;2341
ACHHOST;2892,8432,9362,10972,12243,12245,12249,12255
ACHHPPU;
ACHHTTT;10966
ACHHTTY;
ACHIIKM;
ACHIILS;1787,6264,6268,8673,10981,10983,11985
ACHIIMS;2896,2897,11976,11990,12274,12277,12279
ACHIINT;2893,6237,6271,8689,11992,12266,12268,12280,12281
ACHIIPS;2897,8675,8687,10982,12237,12261,12262,12264,12265
ACHIIRV;11986
ACHIJKS;11983,11999,12259
ACHIJNT;2893
ACHIKOR;
ACHIKOS;8442
ACHIKRS;
ACHIKRY;
ACHIKSS;6232,6240,8693,11003,12298,12301,12307
ACHILLO;2900,11013,11014,11016,12003,12004,12236,12308,12313,12314,12316,12319
ACHILLP;10976,12003,12236,12264,12265,12310,12313,12314,12317,12318,12319,12323
ACHILLS;2752,6264,6272,8694,12002,12005,12264,12265,12308,12312,12315,12323
ACHILLT;2900,2901,12004,12265,12310,12311,12319
ACHILLX;11984
ACHILMO;2902,9754,9755,12324,12328
ACHILMS;9757,12329,12330
ACHILOR;2902,12328,12332,12334,12342
ACHILOS;6268,6275,8694,9749,9750,10758,10760,11013,11016,11044,12016,12242,12243,12336,12342,12343,12345
ACHILPS;6268,8698,10142,10629,10760,10982,11044,11895,12237,12242,12243,12264,12265,12337
ACHILRS;2912,2913,6275,8673,11892,11895,12005,12011,12332,12342,12343
ACHILRY;952,1677,2908,2909,8674,9753,11015,12006,12011,12241,12318,12328,12338
ACHILST;6239,11895,11977,11999,12010,12013,12016,12243,12330
ACHILSY;2133,6048,6272,9757,9759,12002,12011,12312,12335
ACHILWY;
ACHIMNO;2914,8708,9754,11056,12304,12324
ACHIMOS;11072,11074,11078,11081,11082,11990,12279,12367
ACHIMOX;11076,11082
ACHIMRS;12279,12367
ACHIMSS;
ACHIMST;8691,9766,12260
ACHINNU;2449,5856,8452,8459,12282
ACHINOP;953,1796,2895,6277,8139,8461,9758,10961,10980,11031,11094,12269,12313,12314
ACHINOY;2905,2928,6277,8708,8709,11036,11056,11062,12269,12314,12324,12334
ACHINPS;2931,2932,8687,12261,12262,12299,12300
ACHINRS;11898,12274,12332
ACHINRU;5856,5857,8676,12348
ACHINRZ;2802,10161,11063,12029
ACHINST;2931,12300,12381
ACHINTX;2430
ACHINUV;9064
ACHIOPS;2811,2910,2911,6056,6262,6268,10760,10784,11072,11111,11899,12242,12243,12249,12336,12337,12384,12385,12386
ACHIOPT;1796,6278,8461,8653,8715,9393,9748,10775,10961,10963,11094,12015,12249,12281,12319,12353,12356,12386,12387
ACHIORT;957,9772,11079,11896,12361,12363
ACHIOST;2910,12016,12243,12249,12339,12345,12386
ACHIPPS;258,12249,12336
ACHIPST;11895,11899,12237,12243,12249,12265,12294,12300,12337,12385,12386,12390
ACHIPTU;1800,8650,11066,11075,12310
ACHIPTW;12356
ACHIQRU;
ACHIQSU;
ACHIRRT;2465,2807,9374,10189,11131,12036,12283,12363
ACHIRTU;2131,6060,8464,8676,10762,11131,12012,12271,12331
ACHIRTY;952,2937,6060,9772,9774,12294,12338,12385,12390
ACHISSS;2936,9761,9773,10156,10180,10635,11049,11119,12344,12388
ACHISST;253,259,6240,6274,8693,12037,12258,12297
ACHISTT;1803,5701,8691,11979,12263,12322
ACHKKRU;
ACHKKSU;690
ACHKLST;2755,6239,11999,12394
ACHKMMO;11139
ACHKOPS;8140,8719,12402
ACHKORS;6245,6286,6289,8722,12400,12402
ACHKOSS;6288,8717,8720,11900,12307,12394,12398,12401
ACHKOSW;6287,6289,8722,9752,12306,12400,12402
ACHKOTT;
ACHKRSU;12399
ACHKSTW;5702,6287,6289,12001,12402
ACHLLOO;12003,12313,12316
ACHLLOR;
ACHLLOS;2420,8723,11011,11016,11151,12038,12394
ACHLLOT;2138,2900,2942,6071,6280,11151,12004,12038,12317,12319,12394
ACHLMOP;2946
ACHLMSY;2133,2948,9757,11158,12329,12330
ACHLMSZ;10145,11010,11025
ACHLMYY;2949,12311
ACHLNOS;8654,12409
ACHLNOY;1805,2905,8206,11036,11149,12269,12314,12324,12334
ACHLNSU;2142,6290,11894,11978,12007,12315,12325
ACHLNTU;264,8647,11903,11958,12008,12012,12266
ACHLOPR;
ACHLOPT;12015,12319,12327,12409
ACHLORS;6275,8724,11904,12332,12342,12343,12406,12408,12413,12414
ACHLORT;5860,6282,12414
ACHLOSW;11046,11904,12345,12414
ACHLOTY;2138,8696,8701,10214,11023,11036,12004,12244,12319,12324,12327,12338
ACHLPST;2943,2948,8719,8723,11895,12010,12237,12243,12265,12330,12404,12409
ACHLTUZ;
ACHMNOR;2143,12041,12407
ACHMNOU;11060,11186,12304,12348,12407
ACHMNRU;11060,12018,12348,12407
ACHMOPR;2350,2498,2816,2946,2953,6076,11193
ACHMORS;11078,11157,11158,12279,12309,12406
ACHMORZ;11063
ACHMOST;6283,8718,9783,11902
ACHMPTU;11066,11075,12310
ACHMSSU;1807,6284,10230,12415,12416
ACHMSUW;
ACHNNOS;2956,8902,11027,12408,12417
ACHNOOY;6277,8493,8708
ACHNORS;11097,11898,12253,12306,12332,12400,12408,12417
ACHNORT;6291
ACHNOSS;8492,9768,10788,11034,11092,11099,11165,11184,11209,12030,12335,12349,12398,12401,12419,12421
ACHNOST;2504,5706,9409,9424,11141,12409
ACHNOSU;11204,11964,12378,12409
ACHNOSY;8726,11182,12253,12417
ACHNOTY;1720,1808,2502,8493,11036,11205,12324,12357
ACHNOUY;12334
ACHNOVY;
ACHNPSS;2141,2499,2506,2930,11166,12286,12376,12379,12419,12421
ACHNPUY;12287
ACHNRTY;2496,8491,11189
ACHNRUY;963
ACHNSTU;12026,12276,12290,12360,12381
ACHNSTY;268,2959,12381
ACHOOSS;6246,8492,8717,9780,9784,11170,11217,12382,12398,12412,12415,12419,12422
ACHOOST;6279,6283,6287,10972,11155,11169,12016,12362,12374,12404,12415
ACHOPRS;260,2811,6262,8714,12384
ACHOPRT;6076,9364,9426,10744,10793
ACHOPRY;1778,2928
ACHOPSY;2820,2911,8726,10794,11112,11182,12255,12336,12355,12383,12386,12405,12420
ACHORRS;6275,11898,12384,12400
ACHORRT;957,6291,9436,10645,11207,12283,12363
ACHORST;2892,6289,8273,8274,8679,8724,9787,11904,12413,12414,12425
ACHORSU;1806,6276,8496,8498,10252,10646,10975,11227,11228,12342,12343,12378,12411,12425
ACHPPSU;
ACHPRSS;2506,2512,11144,11210,11220,12250,12370,12379
ACHPTUZ;
ACHRRTU;6291,11131
ACHRSST;6233,6274,8679,9786,11900,12037,12045,12254,12258,12288,12297,12340,12379,12380
ACHRSTY;2937,2959,9774,12294,12385,12390,12413
ACHRSUU;10598
ACHSSTU;259,2471,6233,8721,10262,12045,12360,12412,12415,12424
ACHSSTY;9786,11146,12254,12380,12421,12424
ACHSSUW;6263
ACHSTUW;6070
ACHSTUY;12381
ACIIKNN;
ACIIKRS;10650,11252,12057,12259
ACIILLN;2758,2966,5516,6092,6296,11257,11984,12061,12427,12428,12451,12458
ACIILMM;11911
ACIILMS;6299,8502,8738,11269,11277,11905,12071,12463,12464,12465,12466,12468,12471
ACIILNR;598,2151,2761,2976,2983,5855,6296,8745,11872,11965,12458
ACIILNS;2760,2970,2971,2977,2979,2981,6293,8731,8738,11856,11906,12463,12465,12472,12473,12475,12481
ACIILNV;2517,2761,5805,11281,11286,12478
ACIILOV;11281,12081,12438,12478
ACIILPT;970,2518,2519,2963,2984,2985,6096,6303,9465,10653,11253,11296,11297,11298,12486,12493,12494,12495
ACIILPU;9808,12493
ACIILRY;968,2155,6296,6304,8674,8737,8743,8750,9806,11257,11262,11872,12451,12455,12458,12461,12488,12498
ACIILSS;12460,12490,12491
ACIILST;965,971,2156,2822,2977,2981,2984,2985,5708,6293,6303,12064,12434,12463,12468,12471,12472,12473,12475,12481,12494
ACIILSU;5710,6234,10985,11247,11275,11277,11292,12464,12465,12468,12471,12473,12490,12501
ACIILSV;2517,9466,10811,10983
ACIILTY;970,972,6270,6297,6304,6305,8684,8737,8740,8750,10807,10986,11286,11297,11302,12065,12461,12471,12482,12486,12494,12495
ACIIMMN;11303,12087
ACIIMMS;10987,11304,11976
ACIIMNR;2157,2158,2412,2828,9719,10817,11305,11309,11311,11908,12087,12090
ACIIMOT;6307,8657
ACIIMST;1789,11905,12468,12471
ACIINNO;10727,10808,11918,11966,12097,12099,12101,12103
ACIINNS;2760,2993,2997,8514,8731,8764,11242,11279,11325,11327,11918,12473,12506
ACIINOS;2767,2979,2981,2993,3002,8112,8951,10823,10981,11856,11860,11918,12097,12101,12104,12284,12477,12535
ACIINOV;3003,3004,9822,11281,12081,12108,12112,12478,12521
ACIINPS;2768,2835,2897,2993,12101,12118,12261,12262
ACIINTT;2530,2533,2836,2898,2983,3007,3009,6252,8656,10276,10281,10626,10818,11243,11303,11338,11340,11342,12050,12052,12119,12123,12125,12442,12443,12538
ACIINUX;12117
ACIIORS;1812,2979,8145,8266,8746,8749,8767,9461,9484,10823,11288,11918,12063,12071,12076,12091,12104,12279,12432,12454,12462
ACIIPPR;8518,9486,10752,11294,11334,12257
ACIIPRT;973,2536,8659,10139,10998,11344,12118,12257,12294,12493
ACIIRST;3008,3011,10284,10829,12118,12124
ACIIRTT;1818,2536,6252,10286,10991,11244,11348,11356,12125,12285,12533,12548
ACIITTX;10287
ACIJOST;3013,6105,9793,9829
ACIJUZZ;
ACIKLLY;3014,6272,6319,9797,12130
ACIKLNS;2540,2541,11003
ACIKLOR;10831,12131
ACIKLTY;12559
ACIKLWY;
ACIKMOO;
ACIKMOT;11370
ACIKMPR;
ACIKMPW;
ACIKMSU;
ACIKNNP;12449,12558
ACIKNPS;12262,12299,12562
ACIKNPY;12449
ACIKNRS;977,12562
ACIKNST;12552
ACIKNTT;5494,8656,11375
ACIKOPS;3015,12562
ACIKORS;5868,11374,12562
ACIKPRT;10293,12563
ACIKPSS;6114,8693,10299
ACIKPSZ;10300
ACIKRST;11922,12554
ACILLLY;5515,6324,8147,8532,11909
ACILLMS;975,6295,6327,12264,12429,12574
ACILLRY;6296,6329,8532,8737,9753,11257,11262,11389,11409,11412,11413,11415,12149,12156,12451,12461,12590
ACILLSS;2846,6298,6322,12459,12460
ACILMNO;280,1829,2902,3029,3030,3032,3033,8781,9754,9837,12324,12567,12600,12603
ACILMNU;275,2542,3032,8339,8781,9837,10321,12325,12595,12603,12606
ACILMOP;8133,8150,12569
ACILMOT;6332,8340,8540,9378,11023,11925,12162,12324,12571,12572,12573,12598,12600,12603,12607,12613
ACILMPS;2903,12264,12329,12330,12464,12555,12617,12618
ACILMPY;980,3039,5679,8150,8784,11432,12329,12569,12609,12610,12612,12618
ACILMSU;2772,3038,9757,9843,9844,12325,12464,12465,12468,12471,12594,12595,12606,12616,12617
ACILNNO;988,2166,2905,3029,3046,8781,8787,9504,9734,11381,11392,11418,11885,11966,11972,12073,12132,12143,12157,12558,12567,12622
ACILNNU;989,2976,3049,8225,8781,8954,10335,11448,11450,12473,12595,12624
ACILNNY;981,2905,3048,3049,8954,10074,11450,11970,12130,12163,12622
ACILNOR;12334
ACILNOS;1832,8503,8545,8744,11463
ACILNOU;3012,3032,6117,8781,9837,10321,10336,11031,11858,12132,12160,12334,12577,12578,12579,12603,12628,12632,12640
ACILNOY;2163,2905,5713,6129,6259,8280,8743,9516,9838,11036,11458,11870,12128,12141,12167,12269,12314,12324,12334,12482,12565,12582,12622,12629
ACILNOZ;6028,6259,12630
ACILNPS;8955,12624,12650
ACILNPY;1791,2806,2853,2908,3054,3063,6328,11458,12269,12314,12622,12629,12637
ACILNRS;12483
ACILNST;5870,6293,11906,12434,12463,12472
ACILNSU;1830,12315,12464,12465,12624
ACILNTU;5944,8745,10672,12266,12577,12578,12603,12628,12632,12640
ACILNTY;5864,6129,8229,8701,8789,11286,11458,11907,12083,12324,12482,12622
ACILNUV;10335,11450,12086
ACILOPT;3070,12015,12486
ACILORR;284,994,3036,3067,3071,8268,8796,11928,12145,12587,12591,12610,12613,12627,12640,12641,12655
ACILORS;2850,3037,11914,12063,12071,12177,12178,12343,12616
ACILORV;8269
ACILOSS;5874,6301,12169,12335,12433,12460,12490,12491,12560,12611,12615,12644,12645,12661
ACILOST;1834,3038,5870,5871,5874,6332,8663,12016,12162,12345,12434,12463,12472,12492,12593,12668
ACILOTV;
ACILOTX;10352,11489,12482,12487
ACILPRT;
ACILPST;6341,12010,12237,12265,12330,12555
ACILPSU;3069,6341,12315,12464,12555,12661,12663
ACILPTY;6331,6341,8789,9848,9851,12486,12495,12609,12612,12618,12622,12639,12663
ACILRSS;247,282,2987,3056,3065,8786,12173,12469,12611,12615
ACILRST;2797,11892,12174
ACILRSU;1773,2165,5873,6327,8288,9843,12342,12343,12594,12616
ACILRSY;2858,11412,11413,11514,11517,11518,12011,12156,12178,12488,12590
ACILRTU;1837,6330,12012,12551,12632
ACILRTY;6304,8737,8750,8778,9806,12241,12461,12488,12498,12551,12559,12589,12590
ACILRVY;2557,10370,11413,11415,11478,11521,12589
ACILRYZ;11518
ACILSSS;2594,2598,9539,9761,10156,10362,10657,11289,11299,11416,12239
ACILSSU;248,3080,8400,8633,10364,11522,12490,12501,12645,12654,12661,12669
ACILSUY;6336,6341,8662,9532,9757,9800,11517,11934,12156,12178,12465,12471,12581,12590,12606,12649,12661,12663,12668
ACILTTY;972,2778,6305,12461,12486,12495
ACILTUV;2374,6122,11444,12086
ACIMMNO;9737,10879,11525,11527,11969,12136,12348,12672
ACIMNOP;8801,11370,11533,11536
ACIMNOR;8634,9710
ACIMNOS;6141,11527,11532
ACIMNPU;3089,9740,11309,12093,12158
ACIMNRS;249
ACIMNRT;254,2172,2444,2568,2839,2990,3089,12094,12513,12692
ACIMNRU;208,2172,3089,6254,12018,12090,12129
ACIMNTT;2042,6261,10818,11303,11542,12191,12511,12691
ACIMOOS;2916,3085,11057,11532,12185,12352,12677,12682,12683
ACIMOPT;8635,12353,12356
ACIMOSS;3091,8786,8805,9469,11314,11547,12194,12515,12611,12615
ACIMOST;986,2851,3038,6332,11082,11973,12162,12196
ACIMOSV;11554
ACIMPRT;3089
ACIMPRY;3039,10165,11065,11083,11432,11528,12024,12610,12697,12698
ACIMPSS;3091,12515,12611,12618,12672,12683
ACIMPST;12618
ACIMRSS;8786,8805,11388,11440,12194,12469,12515,12611,12615
ACIMRST;3042
ACIMRSY;8558,9816,11529,11917
ACIMRSZ;11025,12367
ACIMSST;12192,12618
ACIMSTT;8691,10333,10391,11897
ACINNOT;3029,8665,11885,12558,12622
ACINNOZ;3101,12099,12103
ACINNST;8764
ACINNSY;3016,9860,12200
ACINNTU;2852,3049,3108,6251,12110
ACINOPP;2927,8153,12027,12476
ACINOPT;8461,10961,11058,11094,11370,11536,12353,12356,12357,12689,12717
ACINOQU;9571,10897,12578
ACINORR;895,6051,6148,8634,12140,12145,12627
ACINORS;11918,11937,12306
ACINORT;12707
ACINORV;9822,12478
ACINOSS;5950,6347,8774,8812,9864,10900,11034,11099,11363,11465,12030,12644,12645,12646,12729,12738
ACINOST;2177,12434
ACINOSU;1741,5682,6152,9552,9821,10405,11563,11937,12185,12190
ACINOSY;2177,2634,2868,3122,6152,8811,11527,11598,12200,12681,12688
ACINOTT;954,3109,6261,8665,8808,12191,12635,12691,12706,12710,12717
ACINOTU;3012,9794,12117,12148,12577,12578
ACINPRT;8659,12186,12209,12530,12689
ACINPRU;3089,6130,8809,11309,11594,11613,12031,12692
ACINPRY;2908,2928,11065,11595,11880,12209,12637
ACINPSS;2930,3090,3111,9865,12376,12379,12672,12683,12729
ACINPST;12650
ACINQTU;10897,10906,12578
ACINRST;12442
ACINRSU;10405,10410,11626,11937
ACINRTT;289,2983,3007,3124,12289,12442,12739
ACINRTU;3089,8676
ACINSTU;2459,9481,9866,12290,12381
ACINSUV;2058,3123,8758,11626,12736
ACIOPRS;1642,2811,8145,8714,8767,8814,10094,10421,11111,12384,12674,12698
ACIOPRT;973,3126,12218
ACIOPST;12249,12386
ACIOPTT;3001,3109,8715,10963,11094,11329,11536,11568,11597,11632,12386,12486,12656,12662,12694,12700,12717
ACIOPTY;3054,6331,8635,8653,8715,8789,9848,11112,12244,12377,12383,12386,12486,12609,12622,12639,12662,12663
ACIORRS;12179,12384,12540,12674
ACIORSU;3037,3096,8288,8349,8575,8767,8819,9484,9529,9821,9829,9843,9858,10405,11553,11937,12342,12343,12544,12616,12741,12744
ACIORTT;1850,11079,11348,11555,11556,11633,12667
ACIOSST;2857,3127,3131,5874,6347,8766,8812,9864,12560,12644,12645,12738
ACIOSSV;3132,11099,11639,12490,12491,12728
ACIPRSS;3091,3111,8814,12250,12370,12379,12515,12546,12611
ACIPRSY;2937,3076,8292,9867,11124,12294,12390,12698
ACIPRTT;181,2536,11295
ACIPRVY;6315
ACIPSST;8693,12370,12379,12546,12547
ACIPSTT;2985,11640,12386,12547,12656,12694,12700
ACIPTUY;3077,6341,12663
ACIQRTU;2638,10906,12548
ACIQSTU;12468
ACIRRSS;3098,8923,10188,10387,10411,10662,11318,12391
ACIRRST;3011,12540,12670,12739
ACIRRSU;23,3011,3073,3079,6312,12120,12670,12744
ACIRSST;978,3127,5712,5720,6274
ACIRSSU;3098,5720,12250,12391,12469,12564
ACIRSTT;
ACIRSTU;3011,3096,8806,9829,11922,12741,12744
ACIRSTW;8473,9774,10785,12393,12703
ACIRSTY;2937,9774,9816,11124,11412,11517,11518,11529,11648,12124,12220,12294,12390,12447,12539,12590
ACIRSTZ;
ACIRTUY;1837,3077,6060,6304,8555,8580,9825,9831,11377,11510,11517,11521,11627,12447,12539,12551,12590
ACISSTT;291,2785,3119,3131,8813,12547,12560,12644
ACISSTU;259,3120,6344,6347,9864,12360,12446,12514,12537,12645,12669,12733
ACISTTU;2938,12744
ACISTUV;3123,12290,12736
ACITUVY;11521,11627
ACJKKSY;12127
ACJKLOW;
ACJKNNO;
ACJKOPS;
ACJKOPT;9619
ACJLORU;12551
ACJMNTU;
ACJPTUU;
ACKKLOY;
ACKLLOP;9795
ACKLLOY;5723,6167,6319,6352,10452
ACKLLSY;5518,6272
ACKLMNO;12131
ACKLMOR;1007,8823,11139,12131
ACKLNOU;6165,12132
ACKLNRY;9182
ACKLOOR;1007,8823,12135,12302
ACKLOPS;2656,8719,11368,11680,11681
ACKLORV;
ACKLORW;12302
ACKLORY;
ACKLOSS;6063,6166,8720,12394,12397,12398,12560
ACKMMMO;12136
ACKMNOS;6354,9872,12056
ACKMNRU;6254,12129
ACKMOST;8718,9621,11685,12399
ACKMOTT;
ACKNNOW;
ACKNOSW;8293,11941,12306,12400
ACKNPRS;12134,12299,12562
ACKNPSU;9623,12137,12262
ACKNRTU;8590,12138
ACKNSTU;12139
ACKOPRR;12140
ACKOPSY;11689,12755
ACKORRT;
ACKOSTW;6287
ACKOWZZ;
ACKPSSY;
ACKPSTU;12555
ACLLLOY;9775,12403,12759
ACLLOOR;3024,12150,12153,12585,12757
ACLLOOS;6174,6176,8593,8777,9876,10848,11700,12766
ACLLOPS;1823,8723,8777,9799,9876,11926,12144,12404,12405,12453,12766,12769
ACLLORS;12063,12588,12770
ACLLORU;1852,6175,11924,12153,12579,12580,12585,12587
ACLLOSU;2549,2769,6358,8960,10102,11016,11260,12147,12227,12581
ACLLOSW;9876
ACLLOTU;1852,6280,8637,11925,12148,12571,12572,12577,12578,12587,12764
ACLLOVY;6358,12582,12589
ACLLRYY;9753
ACLLSUY;5518,6358,9800,12156,12227,12581,12590,12765
ACLMNOO;6182,8538,8782,11153,11712,11717,12157,12567,12772
ACLMNPU;12158
ACLMNUY;12159,12465,12606,12761
ACLMOPS;2682,3143,3146,9631,9880
ACLMORS;84,1017,1854,2945,3146,3147,5883,8786,11944,12071,12309,12406,12462,12776
ACLMORU;985,8739,8823,10701
ACLMOSU;3038,5521,6362,9844,11902,12595,12602
ACLMSTU;2772,3038,3042,9844,11902,12468,12471,12606
ACLMSUU;
ACLMSUY;2685,9757,11724,12465,12471,12606,12765
ACLNNOO;8787,9734,11728,12157
ACLNOOR;960,6173
ACLNOOT;12396,12772
ACLNOOV;
ACLNORU;942,1856,11726,11733,12334,12579
ACLNOSS;2186,2187,3056,3058,6301,8744,9712,12169,12335,12398,12433,12642,12644,12646,12751,12763
ACLNOST;85,12434,12463,12472,12780
ACLNOSX;6040
ACLNOUV;11731,12781
ACLNPSU;2142,3150,6290,8955,12315,12409,12624,12650,12787
ACLNRTU;294,2672,6195,8599,8745,12012,12082
ACLNSTY;12780
ACLNSUV;11740,12781
ACLOOPP;9411
ACLOOPR;3024,6198,10497,10932,11485,12166,12608,12791
ACLOORT;2880,3067,3151,10497,10932,11485,12608,12655,12791
ACLOOSZ;12657
ACLOPRT;
ACLOPRU;9849,12790
ACLOPSU;12409,12663,12787,12790,12796
ACLOPSY;2699,2911,3143,10933,11757,12336,12405,12663
ACLOPTY;3054,6331,8789,9848,9877,12244,12327,12486,12609,12622,12663
ACLORRS;1859,3147,12770,12789,12792
ACLORST;3135,9871,9878,11904,12413,12414
ACLORSU;5873,6364,8288,8826,9871,9878,12177,12178,12342,12343,12411,12746,12790,12793,12794,12796
ACLORTY;2703,3136,3148,8750,8778,9806,11405,11702,11760,12488,12551,12559,12589,12776,12793
ACLORUV;12342,12665,12667
ACLORYZ;
ACLOSST;2186,2857,2947,3058,3154,5874,6366,8720,8825,11863,12038,12169,12251,12394,12560,12644,12774,12777,12795,12797
ACLOSTU;1834,3038,3135,8826,11902,11949,12339,12663,12668,12746,12790,12793,12796
ACLOSTW;11498,11764,11904,12345,12414,12792
ACLPRTY;
ACLPRUU;9644,11504,11710,12617,12771
ACLRSSW;9218,10504,11513,12173
ACLRSSY;6364,9651,10107,10468,10676,12615,12770
ACLRSTU;6367,8826,9871,9878,12746,12771,12790,12793,12796,12798
ACLRSTY;1020,8370,9414,11412,11517,11518,11739,11760,12413,12488,12590,12776,12793
ACLRSWY;
ACLSSTU;3080,6367,8721,12501,12654,12669
ACMNOPR;3156,9746,11423,11533,11780,12354
ACMNOPY;3156,8784,11780,12181
ACMNORS;6368,9884,12773
ACMNORY;1864,3156,10528,11769,11780,12801
ACMNOSS;9873,10788,11184,11713,11777,12763,12804
ACMNOST;1021,3158,12805
ACMNSTU;3158,8373,11154,11190,11719,12805
ACMOOST;6283,9783,12776
ACMOPRT;2953,3160,12806,12807
ACMOPSS;3091,3146,10112,10225,10477,11722,12187,12515,12611,12672,12683,12774,12777
ACMOPST;11781
ACMOPTU;6187,8606,11075,12807
ACMORRS;8251,9887,12179,12188,12674
ACMORST;10037,10478,10535,11774
ACMORTW;
ACMOSST;3157,8832,11789,12777
ACMOSSU;789,2190,6344,6361,9888,12190,12369,12415,12416,12763,12804
ACMOSTT;1021,3158,8607,10535,11771,11772,11783,12805
ACMOSTU;3038,3096,3158,6189,9844,10536,10702,11771,11902,12415
ACMPSSY;12329,12618,12777
ACMQTUU;
ACMRSSU;234,1807,3098,3159,6212,6284,6361,10230,10938,11440,11544,11559,11789,12469
ACMRSSW;
ACMSSTU;6344,11686,11789,12369,12415
ACMSTUU;
ACMSUUV;
ACNNNOS;2727,3161,8610,8611,8824,8833,10540,11562,12097,12199,12200,12705,12809
ACNNNUY;
ACNNORY;2144,5885,8603,9670,9817,12408,12417,12801
ACNNOST;2956,8611,9228,11774,11797,12223,12778,12781
ACNNOSY;2956,8833,9860,12200,12408,12417,12681,12780
ACNNRSY;10544,11582,12408,12417
ACNOOPS;3085,9861,9890,11792,11802,12352,12373,12420,12677,12683,12721,12766,12811
ACNOORS;1022,10942,11792,11804,12184,12811
ACNOORT;11936,12207
ACNOPSW;2720,9675,9880,10527
ACNORRS;2096,2192,2401,3163,3164,5843,8727,9679,10557,10703,10709,11804,11808,12400
ACNORRU;6291,8615,10119,11733,12640,12747
ACNORRY;5885
ACNORST;1023,1866,3164
ACNORSU;300,6368,12815
ACNORSY;605,5508,5728,6217,8618,8811,10544,11603,11734,11739,11890,11941,12253,12408,12417,12814,12815
ACNORTT;
ACNORTU;6291
ACNOSSZ;8812
ACNOSTT;1021,2958,3158,12805
ACNOSTU;3158,10555,10923,12223,12805,12809
ACNOSTW;3164
ACNPRSY;2959,10488,11734,12253,12811,12814
ACNRRSU;6312,8495,10790,12120
ACNRRTU;6291,8590,11619,11801,11888,12640,12747
ACNRSTU;
ACNRSUY;6197,9646,10570,10945,12539,12803
ACNRSWY;11818,11941
ACNRTUY;6355,9825,12539
ACNRUYZ;
ACNSSTU;3120,6347,6370,9864,9866,12537,12651,12654,12733,12738
ACOOPRR;2194,3160,11215,12032,12810,12818,12819,12822
ACOOPRT;2194,2953,3126,3160,6209,8728,10932,11485,11631,12193,12218,12608,12655,12791,12806,12807,12818,12819,12822
ACOOPSU;3165,8816,12790
ACOOPTT;3109,11632,12717,12806,12807
ACOORTU;2880,3151,11751,12235,12791,12800,12807,12822
ACOOSTV;2196,8614,12813
ACOPPRR;11807,12810
ACOPPRS;12044,12660,12741
ACOPRRT;2194,3160,12230,12655,12697,12810,12818,12819,12822
ACOPRST;3137,12816,12825
ACOPSTU;12409,12787,12790,12796,12816
ACOPSTW;12402
ACORRST;2882,3164,9715,9891,12789,12792
ACORRTT;8638,8837,11953
ACORRTU;8638,12235,12742,12747,12822
ACORRTY;3148,3170,9701,10582,10717,11672,11760,11835,11842,12230,12697
ACORSST;1023,1866,3127,3154,3157,8679,8825,8831,8832,8842,11891,11900,12389,12745,12754,12795,12825
ACORSSU;300,2960,3162,12815
ACORSSW;5882,8621,10504
ACORSTT;8639,12425,12796,12825
ACORSTU;9829,9871,9878,12425,12544,12741,12796
ACORSTV;2196,3115,3130,12213,12726,12736,12813
ACORSTX;
ACORSTY;1868,2703,8618,11648,11689,11739,11760,11842,12755,12793,12814
ACORSUU;2704,6155,8624,8819,9889,12616
ACORSYZ;12367
ACORTUU;6363,12764,12817
ACOSSZZ;
ACOSTTU;3158,8639,11921,12425,12779,12796,12805,12809
ACOSUUV;8624,8819
ACPPRSY;10253,12044
ACPRSSW;11688
ACPSSTU;10509,10952,11822,12669
ACPSTUU;10591,10704,11617,11758,11767,11800,11824,12217,12730,12771
ACRRSTU;3011,12670,12756,12798
ACRSSTU;5720,6233,6367,10719,12446,12537,12564,12756
ACRSTTU;2790,8639,12497,12756,12796,12798
ADDDDEL;12828
ADDDDOR;
ADDDEEN;3176
ADDDEER;8843,12830,12836,12837,12839,12843
ADDDEFL;12844
ADDDEGL;12833
ADDDEIL;3178,3179,12838,12849
ADDDEIS;6375,12838,12850
ADDDEIW;
ADDDELN;3180,12849,12851
ADDDELP;3174,3178
ADDDELR;3178,3179,12849
ADDDELS;12838,12844
ADDDELW;12851
ADDDELY;12833
ADDDENO;12845,12849,12851
ADDDENS;
ADDDENU;12848
ADDDEQU;12848
ADDDGIN;
ADDDHOY;
ADDDOOS;12853
ADDEEEM;
ADDEEEY;12857,12862
ADDEEFM;
ADDEEGR;
ADDEEHL;1025,6387,6388,6389,8861,8862,12831,12834,12904,12917,12919
ADDEEHN;1028,3184,6378,8861,12864,12904,12922,12925
ADDEEHR;3173,3188,6390,12836
ADDEEHS;3186,8865,12889
ADDEEIR;6386,8156,8843,8846,8856,8872,12856,12857,12870,12936,12952,12953,12955,12967
ADDEEIT;12903,12965,12967
ADDEEKN;12917
ADDEEKR;12841,12971
ADDEELM;1032,12834,12919,12942,12976
ADDEELN;1032,8861,8876
ADDEELP;3174,12982
ADDEELS;6397,6400,12838,12973
ADDEELT;8850,8863,8873,8876,12972,12976,12978
ADDEELY;8874,8876,12833,12940,12982
ADDEEMN;1875,3184,3189,12932,12933,12951
ADDEEMR;1876,3195,6390,12942,12952
ADDEEMS;1875,3195,3196,6397,12932,12941,12988
ADDEENR;12936
ADDEENS;6401,12897,12900,12905,12932,12954,12991,12998
ADDEENV;12864,12874,12881,12882,12926,12977
ADDEENY;8876,8877
ADDEEOT;6404,8873,12892,12946,12956,12962,12976
ADDEERR;3188,12836
ADDEERS;3195,3196,12998
ADDEERT;12870,12873
ADDEERY;3182,6396,8874,12833,12862,12982
ADDEEST;1879,3200,8865,8885,12897,12914,12991
ADDEEVW;
ADDEEWX;
ADDEFHN;3201,8886
ADDEFIR;8856,8887,12856,12857,13012,13015,13021,13022
ADDEFLS;13014,13018,13020
ADDEFLY;13024
ADDEFNU;8886,13012,13021
ADDEFRT;8887,13015
ADDEFRU;12860,13012
ADDEFRW;
ADDEGGL;6406,13025
ADDEGGR;13026
ADDEGHO;3202,8889,12904,13027,13030,13031
ADDEGIL;3204,3205,6406,13011,13025,13032,13035,13037
ADDEGIN;6406,8892,12900,12907,13011,13025,13032,13035,13041
ADDEGJU;13047
ADDEGLN;6406,13011,13013,13025,13032,13035
ADDEGLR;1029,3205,12833,13031
ADDEGRS;3203,13050,13051,13052
ADDEGRU;13026,13052
ADDEHIR;13061,13063,13065
ADDEHIS;6411,8896,8898,8900,13014,13028,13053,13057,13060
ADDEHKS;
ADDEHLN;6412,8861,12904,12917,13055,13057,13058,13069,13070
ADDEHLS;3216,13014,13028,13057
ADDEHOR;3188,3202,6390,6414,8864,12846,12866,12888,12926,12928,13031,13061,13063,13065,13069,13071,13074
ADDEHRS;1041,1043,3203,3217,13071,13072
ADDEHST;3186,3221,6411,8865,8898,8900,12889,12931,13015,13028,13054,13071
ADDEIIK;
ADDEIIM;3225,12933,12935,13077,13081,13083
ADDEIIS;6411,6416,8896,12937,13033,13078,13087,13089,13092
ADDEILL;6419,6420,8159,12940,13017,13018,13035,13095,13096,13097,13098
ADDEILP;3178,3205,8913,12947,13014,13016,13055,13077,13078,13105
ADDEILR;3178,3179,3205,3224,3232,6422,8906,12849,13096,13098,13107
ADDEILS;12838,12941,12947,13014,13078,13097
ADDEILT;1886,3179,3204,3233,8907,8913,8914,13037,13079,13080,13101,13102,13107
ADDEIMR;3238,12870,12942,12952,13083,13110
ADDEIMS;3227,12941,13057
ADDEIMX;
ADDEINO;1882,8160,13019,13059,13117
ADDEINP;3225,13055,13105,13121
ADDEINR;12936,13058,13083,13124
ADDEINS;1890,3227,8917,12900,12954,13087
ADDEINT;3234,13114
ADDEINU;12848,13012,13056,13086,13087,13113,13114,13124,13125
ADDEINV;1890,3229,3230,8910,13124
ADDEIOR;3232,6386,8856,13065,13096,13107
ADDEIOT;3233,3240,8916,12892,12946,12962,13038,13039,13089,13090,13101,13107,13117
ADDEIOV;12946,12962,13022
ADDEIPS;3235,12941,12957,13014,13078,13105,13121
ADDEIRR;3190,3209,3226,3232,3241,12955,13065,13107,13118,13126
ADDEIRT;12870,12952,12965,12967,13107
ADDEISS;3242,13053
ADDEIST;6411,8900,8922,13089,13092
ADDEISV;1890,3229,13022,13104
ADDEISW;6423,13097,13121
ADDEISY;3241,6425,8161,8918,13067
ADDEITU;1885,1886,3233,3240,8904,8907,8913,8922,12951,12961,12965,13037,13079,13086,13114,13125
ADDEJLY;
ADDEJNU;12969,13047,13056,13128
ADDEJRU;12969,12970
ADDEKLR;3192,3243,12841,12939
ADDELLU;6420,12972,13018,13024,13098
ADDELMW;3245,12942,13132
ADDELNR;6427,6428,12849,13058,13069,13134,13135
ADDELNS;8931,12975
ADDELNU;6428
ADDELNW;3245,8930,8931,12851,13035,13106,13134,13135,13136
ADDELPP;13078
ADDELPR;3178,3205,12920,12982,13142
ADDELPS;306,1891,1894,3216,13014,13078,13105
ADDELRS;
ADDELRT;3179,6428,13031,13107
ADDELRW;13132,13134,13135
ADDELRY;8874,12833,12982,13024
ADDELSS;1036,1883,3216,12838,12842,12909,12947,12973,13010
ADDELST;
ADDELSW;6400,6423,8931,13097
ADDELTW;8914
ADDELTY;8863,8876,12940,13029,13080,13102,13140
ADDELYZ;
ADDELZZ;6422,13141
ADDEMMR;3206
ADDEMMW;
ADDEMNS;1875,1893,3227,3244,3249,6424,13057,13099,13112,13144
ADDEMNU;1895,12951,13047,13056,13113,13114
ADDEMOP;12984,12987,13130
ADDEMRS;3195,3247,12879,12988,13131,13145
ADDEMRY;13145
ADDEMST;
ADDEMUW;
ADDENOR;3202,6427,8864,8935,12881,12888,12896,12926,12974,12977,12995,13048,13068,13069,13134,13135,13137
ADDENOT;305,8935,12994,12995,13049
ADDENOU;13073,13086
ADDENPU;12992
ADDENRS;13050
ADDENRT;
ADDENRU;3219,13124
ADDENSS;3218,3220,8909,8917,13044,13137
ADDENSU;3249,8880,13087,13113,13125,13128
ADDENSY;6425,8918
ADDENTU;13047,13086,13114,13125,13128
ADDEOPT;1047,3240,12962,12987,13101
ADDEORS;8158,8935,8936,8940,8942,12866,12928,12971,12988,12995,13050,13071,13137,13138,13145,13149,13150,13153
ADDEOSS;3253,6429,8928,12929,13006,13010,13129,13137
ADDEPPR;3198,13004
ADDEPRS;8942
ADDEPST;3235,8865,8900,8922,12875,12957,12991,13105
ADDEPTU;3240,8913,8922,12978,12990
ADDERSS;3242,3253,8923,13052,13129
ADDERST;3221,8942,13153
ADDERSW;8940,13050,13151,13153
ADDERSY;3241,12931,13064,13067,13145
ADDERTT;8924,8941,13093
ADDESST;3220,3242,3253,8885,8928
ADDESTU;1879,8885,8922,12914,12990,13008,13125
ADDFHIS;13014,13015
ADDFIMS;
ADDFINY;13156
ADDFIST;
ADDGGIN;3254,12900,13161,13162,13163
ADDGHIN;8944
ADDGIIR;
ADDGILN;
ADDGIMN;13162,13163,13167,13175
ADDGINO;8946,13043,13162,13163,13166,13167,13175
ADDGINP;8946
ADDGINR;3254,8945,13161,13175
ADDGINS;6431,8945,12900,12907,13044,13161,13165,13168
ADDGINU;6407,13012,13040,13041,13168,13170
ADDGINW;
ADDGIOS;13033,13038,13045,13166,13174
ADDGIPY;
ADDGLNO;12904,13013
ADDGMNO;13048,13162,13163,13167,13175
ADDGMOS;13038
ADDGOOS;8894,13174,13176
ADDGOOW;
ADDGORW;
ADDHIKS;
ADDHILS;13014,13028,13057,13178
ADDHIMS;13057,13060
ADDHINP;8897,13055
ADDHISS;
ADDHITY;13029
ADDHLOO;6389,8862,13027
ADDHOOS;12853,13177
ADDHOTY;13074
ADDHPSU;
ADDHSSU;8947,12929
ADDIINS;3259,6431,8945,8951,8952,13087,13157,13161,13165,13166,13183
ADDIIPS;3259,8952,13078,13184
ADDIKPS;
ADDIKST;
ADDIKSZ;
ADDIKTY;
ADDIKTZ;
ADDILMN;13019
ADDILMS;12941
ADDILNY;13169,13178
ADDILOS;3231,6416,6430,8163,13033,13095,13097,13166,13174
ADDIMNO;13019,13059,13162,13163,13167,13175
ADDIMOR;13110,13158,13175
ADDIMRS;3265
ADDIMSS;13085
ADDIMSY;3265
ADDINOR;1052,3268,13175
ADDINRY;3267
ADDIPRS;3269,13171,13184
ADDIQST;
ADDIQTZ;
ADDIRZZ;6422
ADDISTZ;13089
ADDLLRU;13024,13098
ADDLNRY;13189
ADDLOOS;6436,13174
ADDLTWY;
ADDMNOS;3251,12853,13144
ADDMOOS;6436,12853,13131,13187
ADDNNOR;13134
ADDOORS;5522,6436,6438,6439,8940,8961,13119,13145,13149,13174,13176,13177,13187
ADDOPSY;
ADDORST;1055,8920,8935,8942,8958,8961,12971,12995,13071,13149,13153,13160,13176
ADDOSTU;8959,13179
ADDQSUY;
ADEEEFY;
ADEEELS;5744,6443,8970,13243,13247
ADEEELV;5740
ADEEEMN;8968,13244,13263,13299
ADEEERR;6444,6456,6472,13214,13218,13252,13262,13269,13302,13323,13324
ADEEERX;6475,13263,13302,13310
ADEEESW;13197,13314
ADEEFGU;13340
ADEEFHS;1910,3278,3279,12889,13348,13349
ADEEFIR;9012,13210,13340,13345,13355
ADEEFKR;6479,13211,13376
ADEEFLN;6377,8967,9019,13379
ADEEFLR;1057,3181,8967,13212,13355,13356
ADEEFLS;6443
ADEEFLT;9005,9006,13350,13380
ADEEFMR;
ADEEFMS;1910,13215
ADEEFNS;1905,13215,13342,13352
ADEEFPR;13376,13392
ADEEFRT;9015,13345,13385
ADEEFRW;12898,13212,13355,13371,13373,13384,13389
ADEEFST;12889,13397
ADEEGGH;6484,13398,13399
ADEEGGL;13399,13400,13401
ADEEGGN;13401,13409,13411
ADEEGLL;9027,9046,13226,13470
ADEEGLM;6488,6495,6496,9035,13224,13431,13434,13435,13472,13473
ADEEGLN;3291,6488,6497,6498,9027,13224,13425,13481
ADEEGLR;5523,6496,12833,13399,13400,13413,13434,13441
ADEEGLT;9037,13413,13441,13473
ADEEGLU;6498,13473,13474,13477,13480
ADEEGLV;
ADEEGLZ;9031,13425
ADEEGMN;13417
ADEEGMS;3283,13431,13492
ADEEGNR;
ADEEGNT;1917,3297,9033,9041,13422,13453,13455,13495,13496
ADEEGNV;9039
ADEEGOT;1917,9037,13453,13455,13473,13496
ADEEGPR;1915,9029,13416,13437,13456,13477
ADEEGRR;1058
ADEEGRS;13501
ADEEGRU;13340,13423,13506
ADEEGRV;
ADEEGRW;6447,13464
ADEEGSS;3285,13508
ADEEHHS;89,8963,13513,13514,13516,13518
ADEEHIR;13340,13398,13529,13530,13532,13536,13541,13544,13569,13571
ADEEHJS;9054
ADEEHLR;3300,6506,13399,13509,13536,13542
ADEEHLS;3305,9066,9072,13247,13514,13585,13594,13597
ADEEHLX;3300,13594
ADEEHMN;3184,9060,13244,13417,13531,13549,13602
ADEEHNN;3274,12864,12922,12923,12924,13605,13606
ADEEHNS;6486,13418
ADEEHNT;13519
ADEEHNV;3187,3308,9064,12864,12926,13246,13591
ADEEHPR;
ADEEHRR;1062,3188,6506,6514,9082,12836,13252,13529,13577
ADEEHRS;3313,13418
ADEEHRT;
ADEEHRV;3187,3308
ADEEHRX;13517
ADEEHSS;3311,12929
ADEEHST;12889,13597,13616
ADEEHSV;13246,13514
ADEEHSX;9072,13565,13594
ADEEHSY;9072,12931,13518,13546,13547,13585,13621
ADEEIJT;
ADEEILM;9035,9055,9057,9089,9091,13629,13669
ADEEILN;9119,13425
ADEEILR;13400,13541
ADEEILS;1914,8970,9036,13440,13741
ADEEILY;5765,6526,9125,12940,13439,13670,13673
ADEEIMN;3184,9060,12869,13531,13549
ADEEIMT;13555,13669
ADEEINN;3320,3332,6530,6543,12890,12936,12953,13368,13453,13702,13703,13749,13750,13777,13779
ADEEINS;9097,9152,13352,13660,13783,13788
ADEEIRR;12955,13267,13529,13624,13779,13831,13832
ADEEIRS;13197
ADEEIRW;6552,12942,12964,13197,13355,13371,13373,13529,13536,13779,13797,13826
ADEEISS;
ADEEIST;13408
ADEEISV;13468
ADEEITU;3334,3339,9148,9176,9179,12951,13539,13564,13703,13712,13737,13738,13765,13794,13803,13814
ADEEITV;3317,3339,9110
ADEEJSY;13429
ADEEKNP;8982,13376
ADEEKNR;
ADEEKNS;13626,13660
ADEEKNW;
ADEEKRS;3343,12841,13211,13353
ADEEKRW;13577
ADEEKTW;5750
ADEEKWY;
ADEELLP;6562
ADEELLS;3349,6504,6523,13671,13877
ADEELLY;3351,5751,6562,8874,13378,13670,13682
ADEELMM;12919,13434,13685,13686,13687,13688
ADEELMN;
ADEELMP;6513,13587,13699
ADEELMR;
ADEELMS;9188
ADEELMT;8869,9196,13587,13589,13629
ADEELMU;12834,12919,13358,13885,13889
ADEELMY;6460,6526,13585,13586,13589,13670,13673,13866,13888,13889
ADEELNP;1068,6461,6570,9119,13437
ADEELNR;3359,3361,13282,13873
ADEELNS;3291,3358,3359,3362,13469,13478,13481,13873,13908
ADEELNT;13284
ADEELOS;1939,9036,9048,9123,13426,13430,13440,13469,13514,13594
ADEELPR;6576,13477,13895
ADEELPS;5524,6513,13247,13918
ADEELPT;3174,9196,13248
ADEELQU;3364
ADEELRS;3358
ADEELRT;6579,13201
ADEELRV;12982
ADEELRW;1074,1934,12942,13212,13250,13355,13536,13884
ADEELRX;3300,6579
ADEELRY;1057,3361,6526,8874,9182,12833,13485,13593,13670,13888
ADEELST;
ADEELSV;13514
ADEELSW;6400,13513,13547
ADEELSZ;13365,13717,13741
ADEELTT;1942,3324,3353,3366,9093,9194,13201,13213,13248,13249,13287,13292,13629,13737,13890
ADEELTV;9110,12946,13380,13637,13638
ADEELTX;6464,6579,9217,13362
ADEELTZ;13638,13680,13886
ADEELUV;13278,13684
ADEELYZ;3361,13586
ADEEMNR;13299,13945
ADEEMNS;
ADEEMNT;9222,13932,13941,13945
ADEEMNY;3369,9224,13692,13866
ADEEMOS;12987,13766,13928
ADEEMPR;
ADEEMRR;13252
ADEEMRS;3196
ADEEMRT;13925
ADEEMST;3373
ADEEMSU;3373,9146,9188,13358,13410
ADEEMSW;6582
ADEEMTW;
ADEEMWY;
ADEENNS;1077,1646,6401,8167,8190,8880,9049,9201,12897,12924,12991,13215,13277,13388,13893,13926,13970,13971
ADEENNT;13388,13443,13453,13703,13748,13881,13930
ADEENNX;12954,12992,13750,13781
ADEENPS;9097,9236,12991,13458,13972,13978,13980,13989,13990
ADEENRS;3358,3376,6592
ADEENRU;13640,13713
ADEENRV;3308
ADEENRY;3361,13490,13593,13902,13987
ADEENST;3376,12991,13971
ADEENSV;13760,13805,13809
ADEENSW;6582,13513
ADEENTT;
ADEEOPT;9196,13590,13720,13725,13870
ADEEORS;3379,3380,5529,5530,6501,9161,9249,9255,13393,13501,13656,13721,13811,13911,14003,14008,14010,14012,14013,14014
ADEEORW;5729,12898,13373,13384,13389,13577,13814,13884,13979
ADEEPPR;13416
ADEEPRS;14003
ADEEPRT;
ADEEPRV;3378,9184,13256,13981
ADEEPSS;12871,12937,13241,13272,13552,13978
ADEEPTT;1928,3338,13248,13266,13292,13725
ADEEPTX;9217,13506,14008
ADEEQRU;1078,3313,3372,9170,12998
ADEEQTU;6451
ADEERRR;5531,13324,13992
ADEERRS;3352,5529,6589,6593,13968,13993
ADEERRT;13832
ADEERRV;1073,6472,6551,6552,13234,13831,13832,13996
ADEERRW;1074,6552,9253,13373,13529,13577
ADEERSS;3322,3365,13330,13569,13576,14023
ADEERST;3376
ADEERSV;1946,3183,9254,9255,13501,13860,13861,13958,14013,14014,14015
ADEERSW;9260,13197
ADEERSX;3358,3376,5530,9166,13811,13840,13954,14001,14008,14012
ADEERTT;1935,3366,13201
ADEERTV;3378,6472,13861,13958,14013,14014
ADEERTW;
ADEERTX;1948,3376,6475,6542,6579,9163,13003,13196,13310,13506,14001,14008,14012
ADEERVW;3308,6552,13831
ADEERWX;
ADEESST;
ADEESSX;1952,13739,13781,14012
ADEESSY;13378,13908,13924,13965,14027
ADEESTT;6553,6598,6603,9053,13397
ADEESTU;3368,3373,3384,6603,12970,13219,13331,13396,13397,13600
ADEESTW;8177,13512,13597
ADEESTY;
ADEESVY;13546,14014,14015
ADEESWX;
ADEETUX;6475,6579,9179,9217,13003,13320,13506,13794
ADEEWWX;
ADEFFFL;9262
ADEFFGR;14030,14031
ADEFFIN;3387,9263,13333,14029
ADEFFIP;3387
ADEFFIR;3387
ADEFFIS;13334
ADEFFIX;
ADEFFLM;
ADEFFLO;1079,14033
ADEFFLR;1079,9262,9266,9268
ADEFFLW;
ADEFFNY;
ADEFFQU;
ADEFFST;9270
ADEFFUW;
ADEFGGL;
ADEFGGR;14034
ADEFGLN;13013
ADEFGNS;3389,3390,13342,13343,14039,14041,14053
ADEFGOR;14049
ADEFGOT;14047,14049,14056
ADEFGOU;
ADEFGRS;13339,13343,14036,14050
ADEFGRT;3277,3391,14055,14056
ADEFHIS;6607,9275,9276,14059,14066,14067
ADEFHIT;9271,13350,14030,14058,14063,14067
ADEFHLS;
ADEFHLU;6476
ADEFHRW;9276,14075
ADEFHST;14058,14059,14061
ADEFIKL;3394,9009,9289
ADEFILL;3394,5785,13017,13341,13354,13355,14078,14088
ADEFILS;5786,6443,6610,13020,14087,14095,14098,14101,14104
ADEFIMN;3395,13366,14082
ADEFIMS;9281
ADEFINN;6612,12890,13368,14029,14037,14088,14092,14099,14108
ADEFINR;1080,6606,14034
ADEFINS;6607,13342,13366,13372,14061,14066,14098,14101
ADEFINT;1080,3395,3400,9014,9279,9285,9294,9297,13366,13369,13372,14084,14085,14108,14113,14115
ADEFIRS;9276,13020,14044,14050,14077,14087,14104
ADEFIST;8198,9285,9297,9299,14051,14059,14061,14067,14077,14101,14113,14115
ADEFITX;13362,14115
ADEFKLN;14117
ADEFKNR;6479,13376
ADEFKNU;14117
ADEFLLN;3403,13013,13017,14088,14120
ADEFLLW;13212,13355,14088,14121
ADEFLMM;
ADEFLNN;1959,6612,13346,13379,14037,14088,14092,14099,14120
ADEFLOR;9268,9302
ADEFLOT;3405,13380,14033,14072,14117,14128,14131
ADEFLPP;
ADEFLRS;1081,9268,9302,9304,14070,14087,14095,14135,14136
ADEFLRU;9262,14104
ADEFLTT;6613,9305,13213,14033,14063,14131,14135,14137
ADEFLTU;9291,9305,14131
ADEFMNU;14074,14092,14094
ADEFMOS;9269,14095,14106,14139
ADEFNRS;310,9307,13216,14141,14143
ADEFNSU;9020,9297,9307,13388,14041,14053,14128,14138,14143
ADEFNUZ;
ADEFOOS;14052,14054,14075,14139,14144
ADEFORS;6618,9268,9269,9302,9304,13393,14036,14070,14075,14133,14139,14144,14147
ADEFORV;13022,13218
ADEFORY;3406
ADEFOTU;14074,14103,14108,14117,14124,14131
ADEFPPR;
ADEFPRR;13376
ADEFRRT;1961,3391
ADEFRRW;13371
ADEFRST;1081,9299,14036,14077,14113,14115,14135,14136,14143
ADEFRSU;6605,13219,13382,13396,14050,14104,14134,14135,14136,14143
ADEFRSW;9276,14075
ADEFRSY;9301,13209,14133
ADEFRUY;13024,14119
ADEFSTT;13395,14051,14135,14150
ADEGGGL;6619
ADEGGHL;13399,14154
ADEGGHS;14154
ADEGGIR;3411,3413,3414,3415,13400,14158,14159,14169
ADEGGIS;3414,3416,6620,9310,13406,14158,14162,14165
ADEGGIU;6622,14166,14168
ADEGGLN;315,3410,6406,6619,13025,13401,14156,14161
ADEGGLR;315,316,3411,13399,13400
ADEGGLS;14154
ADEGGLW;
ADEGGMO;14153
ADEGGNS;1035,1085,3414,6620,13409,13411,14158,14162,14165,14169,14172
ADEGGOP;
ADEGGPS;
ADEGGRR;
ADEGGRS;6625,14158,14165,14169,14172
ADEGGRY;14155
ADEGGST;
ADEGGSW;
ADEGGTY;
ADEGHIN;5791,9025,9309,14175
ADEGHIR;6384,6631,13340,13416
ADEGHIS;14191,14194
ADEGHJU;
ADEGHLU;14179,14185,14199,14200
ADEGHMO;13417,14202
ADEGHNP;9025,13417,13421,14188
ADEGHNS;3284,3421,3423,13222,13418,13420,13421,14203,14204
ADEGHNW;9309,13421
ADEGHOR;3202,6621,6631,9316,14155,14184,14202,14206
ADEGHPR;9029,13416,13423,14188,14202
ADEGHST;9318,14035,14178,14193,14194
ADEGHUW;
ADEGILL;6628,13035
ADEGILN;3434,13035
ADEGILO;9035,9037,14288
ADEGILR;3411,13400,13413,13434,14297
ADEGILS;1914,8970
ADEGILT;9037,9333,13432,14212
ADEGILV;3411,3433,3434,14274,14297
ADEGIMP;14218,14301
ADEGIMS;3439,13431,14299
ADEGINN;1089,9329,13041,13453
ADEGINR;
ADEGINS;3439,14041,14213,14299
ADEGINV;318,3432,3434,9039,9327,14227,14247,14274,14331,14343
ADEGINW;6606,9309,13035,13464
ADEGINY;
ADEGINZ;3415,3434,9325,14159,14210,14228,14237,14249
ADEGIOT;9037,9333,13436,13453,13455,14279,14317
ADEGIRS;3426,3453,14050,14351
ADEGIRT;1092,3209,3453,3454,14293
ADEGIRU;3449,6407,6622,9347,14168,14169,14192,14294,14297,14335,14339,14341
ADEGIRZ;3415,3417,13448,14159,14237,14249,14265,14297,14311
ADEGIST;14193,14194,14350
ADEGISU;6637,9347,14041,14044,14050,14216,14308
ADEGISV;14247,14310,14343
ADEGIUV;14297
ADEGIUZ;14297
ADEGJLN;14352
ADEGLLU;9046,14195
ADEGLMM;13434
ADEGLMN;6495,14352
ADEGLMR;6495,6642,9323,13434,13435,14263
ADEGLMU;3458,6656,13473,14352
ADEGLNN;9351,13227,13346,13474
ADEGLNO;
ADEGLNR;315,3456,3460,3462,9351
ADEGLNS;
ADEGLNT;320,14352
ADEGLNU;3460,6498,9336,9351,9353,13474,13477,13482,14043,14185,14280,14352,14360
ADEGLNW;6498,13035,13346
ADEGLOP;6623,9337,14179,14287,14288
ADEGLOT;9037,9333,9339,13031,13473,14199,14279,14280,14359
ADEGLPU;1093,13477,14179,14357
ADEGLRS;3465,9354,13230,13484,14357
ADEGLRU;3456,3460,3462,3466,9351,9353,13474,13477,13480,14200,14294,14297,14357,14360
ADEGLRY;12833,13485,14042,14200,14263,14289,14293
ADEGLSS;1036,14198,14359
ADEGLTY;319,3438,6644,13029,13485,14200,14233
ADEGMNS;3439,14213,14219,14299
ADEGMNU;3458,13047,14201,14235,14300,14301,14352
ADEGMOP;14202,14301
ADEGMRU;1966,3468,14201,14300
ADEGNNO;1089,3390,9356,13453,14317,14364
ADEGNNR;3469,9351
ADEGNNU;3469,9351,13041
ADEGNOP;9042,13417
ADEGNOR;1973,3202,3418,3455,14369
ADEGNOS;3390,13050,14204
ADEGNOT;1084,1917,6626,6651,9350,9356,13453,13455,13496,14221,14279,14317,14370,14376
ADEGNOV;1038,14274,14331
ADEGNOW;14369
ADEGNPR;13437,13456,13477,14282,14336
ADEGNPS;3284,3293,13421,14305
ADEGNPU;13477
ADEGNRR;13048,14373
ADEGNRS;1973,3421,13050
ADEGNRT;3297,3462,13495
ADEGNRU;3449,3456,3460,3462,14201,14341
ADEGNRW;6606,13464,13498,14369
ADEGNST;322,3471,13049,14370
ADEGNSU;1086,3423,3472,6637,9358,14041,14204
ADEGNTU;3297,3449,9350,13041,13047,13422,13482,13495,13499,14043,14201,14260,14323,14341,14352
ADEGNTW;13464,14344,14346
ADEGNUW;6498,14173
ADEGNUZ;14173
ADEGORS;6501,13504,14171,14206,14381
ADEGORT;
ADEGORW;6631,14369
ADEGOSS;3467,14198,14230,14312,14347,14359,14381
ADEGOST;3464,3471,9318,13049,14359,14370
ADEGOTT;13455,14279,14317
ADEGOVY;
ADEGPRS;9359,14379
ADEGPRU;1093,13423,13477,13506,14341
ADEGPUZ;
ADEGRRS;1095,1097,3477
ADEGRRU;3391,3468,6622,9360
ADEGRSS;3426,14198,14342,14343,14347
ADEGRST;6655,14193,14293,14351
ADEGRSU;3203,9347,9355,14206,14290,14294,14351
ADEGRTY;6652,13485,14200,14293,14348,14380
ADEGRUU;14055,14206
ADEGRUY;14155,14200
ADEGRYZ;14355
ADEGSSU;13508
ADEHHKS;6660,9361
ADEHHOP;9364,14179,14391,14393
ADEHHOT;9364,9366,13515,14057
ADEHHRS;9365,14387,14394
ADEHHSS;3478,6660,6662,13053,14387
ADEHIJS;9054,14415
ADEHIKS;8171,8202,13532,14416
ADEHIKV;
ADEHILN;6412,6665,9274,14400,14401
ADEHILP;9055,9369,13540,13542,14402,14404,14405,14434,14439
ADEHILS;8203,9379,14185,14400,14430,14437
ADEHILY;1977,3489,13029,13546,13547,14400,14401,14436,14439
ADEHIMO;9383,13059,13060
ADEHIMR;3480,3481,3484,6507,13536,14406,14450
ADEHINP;8897,9025
ADEHINR;3480,3493,13061,13530,14456
ADEHIPP;9393,13416,13540,13542,14402,14432,14438
ADEHIPR;14434,14439,14456
ADEHIPS;8972,13554,13565
ADEHIPT;9393,14405
ADEHIRR;6506,6667,6669,6671,13065,13544,13566,13569,13571
ADEHIRS;6669,6671,13532,13544,13571,14414
ADEHIRT;3481,6670,14406,14450,14474,14480
ADEHIRW;3303,6511,6631,6670,9399,13536,14474
ADEHIRY;13572,14190,14439,14488
ADEHISZ;3497,3502,3504,9391,13067,13554,13571,14459,14470,14477
ADEHKNS;1103
ADEHKNT;1103,14175
ADEHKOR;
ADEHKOT;3507
ADEHKRS;1651,8202
ADEHLLO;9316,13069,14497,14499
ADEHLLP;14195,14497,14499
ADEHLMS;3305,3510,9056,9379,13243,13584,13588,14060
ADEHLNR;13069,14500,14504
ADEHLNS;1991,3510,3513,5799,6412,9274,9410,14400
ADEHLOS;13514,13594,13597,14416,14492,14506,14507,14509
ADEHLOT;1993,3488,8175,9380,9412,13031,13071,13537,13590,13595,14199,14427,14500,14503
ADEHLPR;323,3512,9413,13542,13543,13595,14384,14433,14439,14497
ADEHLPS;5524,6513,9413,13247,13592
ADEHLRS;13071,14070,14384,14433
ADEHLSS;3509,3518,14071,14198,14442,14443,14508,14509
ADEHLST;1994,3305,6666,9362,9407,9414,13071,13597,14058
ADEHLSU;13600
ADEHLSW;3515,3516,6673,6680,13513,13597,14506,14507,14509
ADEHLTY;731,1992,9414,13029,14200,14503,14510
ADEHMMS;
ADEHMMW;
ADEHMNR;1981,3480,9416,14500
ADEHMOP;9383,13417,14497,14503
ADEHMOR;9384,9416,9417,14450,14497,14500
ADEHMPR;14452,14497
ADEHMRS;3519,9420
ADEHMSS;1989,3511,9415,14060,14423,14447,14518
ADEHNPS;9425,14390
ADEHNRS;6683,9080,9429,13418
ADEHNRU;3219,12835,12921
ADEHNSS;3478
ADEHNST;1103,3521,6683,14203,14392
ADEHNSU;3309,3423
ADEHNTU;14074
ADEHOOP;9411,14473,14526
ADEHOPT;9364,9393,9412,13595,14503,14526,14532
ADEHOPX;
ADEHORR;3188,13065,13074,14205,14520,14532
ADEHOST;3521,6516,6690,13071,14460,14479,14535,14537
ADEHOSX;9365,13594,14523,14537
ADEHOTW;3507,6670,9438,14517
ADEHPPW;
ADEHPRS;3526
ADEHPST;3526
ADEHPSW;13421,14385,14462,14483
ADEHQSU;3313,14464
ADEHRRU;6671,9319,12836,13611,14532
ADEHRSS;9088,9277,13576,14198,14396,14527,14535
ADEHRST;3221,3514,3519,3521,3526,3527,13071,14494,14515,14528,14535,14536
ADEHRSY;6689,9420,9433,14394,14516,14524
ADEHRTW;6670,14386,14489,14517,14536
ADEHRTY;9366,13593,14200,14488,14510,14526
ADEHSST;3509,6687,9403,9404,14073,14530,14535
ADEHSSW;3515,3528,6518,9088,13583,13620,13622,14495,14509,14522,14525
ADEHSTW;3221,3516,3527,8177,9386,9405,13512,14453
ADEHSYY;
ADEHUZZ;
ADEIILR;5795,13627,14563
ADEIILS;1108,6663,6695,6705,13078,14216,14217,14400,14550,14587,14588,14594,14596
ADEIIMN;3225,13081,14082
ADEIINR;12936,13624,13631
ADEIINT;14084,14582,14625,14626,14630,14638
ADEIINZ;3530,8214,9325,13425,13631,14159,14210,14249,14401,14551,14565,14624,14630
ADEIIPR;9486,14656,14657
ADEIIRS;733,1655,6638,6716,9484,13205,14414
ADEIIRZ;734,8217,13655,14159,14249,14616,14657
ADEIISS;6701,6705,9283,9463,9469,9485,12937,13626,13641,13645,14040,14080,14230,14538,14552,14583,14587,14588,14594,14619,14648,14661
ADEIISZ;6703,6710,9464,13646,14160,14217,14232,14567,14569,14587,14596
ADEIJMR;14663
ADEIJNN;
ADEIKLN;13625,14255,14551,14666
ADEIKLS;6695,14087,14669
ADEIKLY;
ADEIKNS;3227,13626,13660,14538,14675
ADEIKRS;5793,5808,5813,8202,9011,13353,13532,14087,14675
ADEIKRT;8223,9265,13665
ADEILLL;2012,13017
ADEILLP;5815,8224,13667,13676,13679,13680,14553,14555,14682,14690
ADEILLR;
ADEILLS;13683,14078,14676,14681
ADEILLT;3317,3549,9110,9333,9446,9500,9503,12940,13672,13679,13680,13683,14539,14555,14560,14561,14682,14690
ADEILLU;3556,5815,6420,9503,13681,13684,14421,14561,14690
ADEILLV;3317,13526,13535,13673,13684,14561
ADEILLY;1117,1118,6723,6725,6727,12940,13682,14695,14698
ADEILMM;2016,3549,3558,9448,13434,13686,13688,14562,14699
ADEILMO;3566,5533,6608,13694
ADEILMP;9055,9089,13077,14553
ADEILMS;
ADEILMU;8911,9291,14266,14398,14562,14678,14699,14726,14727,14731
ADEILNN;93
ADEILNP;3574
ADEILNS;3563,6665,9457,14061,14400,14716,14753
ADEILNU;6534,13713
ADEILNV;3572,9519,13714,14274,14572
ADEILNX;
ADEILOP;3533,9369,13540,14402,14404,14434,14757
ADEILOR;3232,3487,3533,3587,9528,12849,14757
ADEILOS;13097,14416,14422
ADEILOU;3233,8911,9518,9530,9533,9534,14103,14404,14421,14726,14744,14746,14768
ADEILOZ;6641,14585
ADEILPP;3551,3574,3591,9119,9125,13078,13540,14282,14402,14432,14588,14669,14690
ADEILPR;14272,14282,14434
ADEILPS;13078,14076
ADEILPT;6706,14405
ADEILQU;
ADEILRR;3232,3554,3587,9498,9526,13107,14696,14774
ADEILRS;14087
ADEILRT;14425,14593,14699,14774,14777
ADEILRU;3556,6748,13681,13713,13738,14103,14297,14421,14593,14699,14768,14774,14777
ADEILRV;3411,9116,14294,14296,14297
ADEILRY;9516,13439,14042,14439
ADEILSS;14442,14753
ADEILST;3595,14061
ADEILSU;2034,9537,13740,14769
ADEILSV;
ADEILSY;3489,14277,14400
ADEILUZ;2036,3571,6748,9524,13713,13738,14297,14565,14593,14693,14731
ADEILYZ;1118,3565,14281,14401
ADEIMMR;3206,3558,3604,9038,9543,9544,13434,13686,14234,14663,14699
ADEIMMS;14163,14789
ADEIMMT;3549,3601,9133,9448,9542,9543,13688,14234,14562,14699,14779,14780,14783
ADEIMNO;13059,14082
ADEIMNR;14663
ADEIMNS;192,3227,8204,14299
ADEIMNT;6646,13114,14783
ADEIMNU;1659,2043,12951,13114,13750,14235
ADEIMOU;8911,13765,14308,14450,14678,14726,14819,14820
ADEIMOW;9558,13766,14819,14821
ADEIMPR;
ADEIMPV;
ADEIMRR;3604,3613,14825
ADEIMRS;
ADEIMRT;3481,3540,6609,6755,14825
ADEIMRY;6755,8234,9474,9544,14825
ADEIMST;
ADEIMSV;6508,13760,13772,14310,14614,14710,14725
ADEIMSX;14828
ADEIMTU;2043,9291,12951,13114,14398,14562,14726,14731,14783
ADEIMTY;6755,9474,13102,14825
ADEINNN;9147,9329,9560,14267,14315,14831
ADEINNR;3493,3618,12936,13061,13368,13777,13779,14543,14620,14790,14792
ADEINNS;3492,8917,14325
ADEINOR;3572,8237,9149,9567,14408,14456
ADEINOS;13660,13783,14083
ADEINOV;3572,14274,14331,14572,14857
ADEINOX;9583,14623
ADEINOZ;8214,13784,14624,14838
ADEINPR;3574,6735,8237,9567,14252,14272,14282,14336,14456
ADEINPS;3621,9097,9152,13121,13783,13788,14083
ADEINPT;6762,14638
ADEINRR;13118,13624,13779,14869
ADEINRS;
ADEINRT;14842
ADEINRU;3618,13713,14168,14869
ADEINRV;318,3572,3609,14241,14274,14331,14635,14640
ADEINSS;14538,14552
ADEINST;
ADEINSV;1890,2058
ADEINSW;1985,3496,9582,13112,13121,13761,13783,13797,14462,14675,14835
ADEINTT;13114,13702,13718,13719,13749,14582,14638,14643,14783
ADEINTU;3400,12951,13086,13114,13564,13794,14638,14783,14851
ADEINTV;1660,3609,13758,13780
ADEINVV;
ADEIOPS;13121,13406,13565,13783,14083,14164,14308,14449
ADEIOPT;8215,9298,9393,9593,14879
ADEIORS;
ADEIORV;14331
ADEIORX;3632,9163,13764,13811,14815
ADEIOSS;1126,14067,14347,14481,14645,14648,14886
ADEIOST;312,2060,6764,8244,9603,14067,14481
ADEIOSX;3632,6702,8240,13565,13811,14435
ADEIOSZ;14477
ADEIOTX;9163,9164,9583,13362,14623,14815
ADEIOVV;2061
ADEIOVW;9558
ADEIOWW;14821,14834,14853
ADEIPPR;9486,13416,13816,14282
ADEIPPU;13817,14690,14769
ADEIPRR;14891
ADEIPRS;
ADEIPRT;13568,13816,13824,14657
ADEIPRV;14655,14657,14867
ADEIPSS;
ADEIQRU;1127,3618,3631,14757
ADEIRRS;331,3241,3546,3554,3639,9608,14032,14050,14414,14441,14487,14883
ADEIRRT;1092,1128,3209,3612,3613,3639,3640,5830,6755,6766,9608,9609,13267,13452,13832,14774,14823,14824,14825,14890,14891,14893
ADEIRRV;331,6551,6552,13772,13828,13831,13832,14331,14640
ADEIRST;
ADEIRSU;13746,13837,14050,14351,14788,14823,14827,14828
ADEIRSV;331,1122,3453,5829,9614,14262,14294,14295,14614,14655,14892
ADEIRSX;3632,9166,13811,13840,14115,14828
ADEIRTT;14488,14656
ADEIRTV;14069,14557,14640,14655,14657
ADEIRTY;6652,6755,8921,9474,13572,14348,14488,14824,14825,14841,14842,14881,14895
ADEISSS;3616,6713,13053,13115,14652,14670,14716,14753,14789,14889
ADEISST;8244,9267,9485,14648
ADEISSV;
ADEISSZ;3598,9178,14648
ADEISTU;2010,2034,3548,3599,8218,9607,9609,14694
ADEISTV;3641,14069
ADEISTW;9386,13512,13761,13766,14346,14453,14481,14595
ADEISVV;3641,13809,14641
ADEISWY;
ADEITUZ;2036,6748,6762,8219,9176,13564,13738,13803,14480,14593,14630,14731,14891
ADEITWY;
ADEJMOR;
ADEJMRU;
ADEJNSU;13128,14898
ADEJNTU;9350,9493,13047,13128,14352,14898
ADEJOPR;13657,14252
ADEJRRU;
ADEJRSU;14899
ADEJSSU;14664
ADEKKNS;2068,13660
ADEKLNP;
ADEKLNR;6771,14255
ADEKLNS;
ADEKLNY;9182,14666
ADEKLOP;14669
ADEKLOS;9302,13430,14118,14416,14550,14667,14668,14669
ADEKLPP;14669
ADEKLRS;3343,5808,5836,6718,8927,9302,12841,14087,14118
ADEKLST;5810,14118
ADEKLSY;
ADEKLUW;6673,8925
ADEKMNS;3227,13849,14667,14903
ADEKMRS;9622,14353
ADEKNOU;14117,14496
ADEKNPP;8982
ADEKNPR;6775,13376
ADEKNPS;2068,9623
ADEKNRR;6639,14354,14493
ADEKNRS;615,6774,14675
ADEKNRT;6775
ADEKNRU;14354
ADEKNSS;3304,3344,3478,13272,13273,13626,14495,14538,14552,14905
ADEKNST;14903
ADEKNSU;13859
ADEKNSW;6721,6774,14675
ADEKNTW;
ADEKNUW;
ADEKNVY;
ADEKORT;1132,9621,9625,13846,14118,14494,14904,14908
ADEKPRS;9622,13211,14904
ADEKPSY;
ADEKRST;1132,3643,3644,6655,9621,9625,14118,14904
ADEKRSY;14909
ADELLMS;3349,3508,3645,3648,6523,13431,13864
ADELLMU;
ADELLNR;1105,1113,3403,3428,3456,5538,6771,9406,9497,13069,13226,13275,13578,13874,14214,14420,14684,14686,14687,14897
ADELLNW;2070,14120
ADELLOR;13876,14388,14499,14897,14916,14917
ADELLOW;2070
ADELLOY;6562,6677,13582,13877,14356,14499
ADELLPS;14357
ADELLRS;3508,9407,14918
ADELLRU;3456,3556,5538,6780,13024,14421,14687,14897,14917
ADELLST;3651,3653,6726,9069,9193,9407,9500,13875,13877,14122
ADELLSU;3653,6565,14122
ADELLSV;2014,9195,14262
ADELMMS;332,3655,13879,13880,14920,14921
ADELMNN;2072
ADELMNR;6642,9628,14263,14500,14922,14923,14927
ADELMNT;3458,3659,9629,14352,14500,14919,14923,14926,14927
ADELMOR;3566,3642,3663,6782,13132,14123,14124,14500,14502,14923
ADELMOS;
ADELMOZ;5540,6566,13586
ADELMPS;3648
ADELMRS;332,3247
ADELMRU;13889,13890,14699,14715,14727,14922,14927
ADELMSS;2073,3247,3511,3661,6785
ADELMST;3658,3664,6783,14359
ADELMSU;6785,14564
ADELMSW;
ADELMYZ;13586
ADELNNP;
ADELNNU;748,2072,3665,3666,6788,9351
ADELNOR;12849,13069,13135,14500,14923,14929
ADELNOS;3649,6778,6787,6795,14125,14128,14505,14506
ADELNOT;305,9637,9640,13590,13870,13883,14117,14126,14128,14500,14914,14923,14926,14937
ADELNOY;6738,6790,9516,9640,13136,14504,14742,14743,14745,14940
ADELNPT;14927,14941
ADELNPY;6570,13136,14259,14268,14742
ADELNRS;13198,13282
ADELNRU;3456,3460,5538,5660,9351,13480,13713
ADELNRY;3359,3361,3576,3660,13897,14042,14263
ADELNSS;2073,2078,9642,13277,13284,14717,14924,14934
ADELNST;12975,13284,14126,14734,14750,14752,14937
ADELNSU;3665,14125
ADELNSW;6791,6795,13106,13282,13513,14753,14932
ADELNSY;5539,6643,6739,14400,14755
ADELNTU;3659,14352,14914,14926
ADELNTW;3578,13707
ADELNUW;6498,6534,6733,14940,14944
ADELOPR;3533,3663,6561,6779,14497
ADELOPS;3649
ADELOPT;13590,13870,14931
ADELORS;617,750,3672,5541,5836,8927,9268,9302,9304,9354,14070,14133,14171,14949
ADELORT;1993,2082,3647,3656,3673,6797,6799,6805,9626,9637,13031,13574,13846,13868,13883,13888,14500,14923
ADELORU;9530,9649,14103,14124,14421,14768,14917
ADELOSS;13010,13580,14071
ADELOST;3405,3658,9362,9409,14506
ADELOSV;2085,3672,13104,13514,14710
ADELOSW;3672,14133,14416,14506,14507,14932,14949
ADELOTT;3673,6575,6799,9412,13140,13287,14033,14131,14926
ADELOTU;3233,3248,6575,6805,13140,14103,14117,14131,14199,14280,14914,14931
ADELPPP;
ADELPPS;3674,13078,14432,14588,14669,14941
ADELPRS;9413,14357,14958
ADELPRY;6779,6807,14439,14589,14761
ADELPST;3675
ADELPSU;3674,6565,6785,13918,14357,14691,14769,14958
ADELPSW;14385
ADELPSY;306,3489,3648,13247,14090
ADELPTT;2089,3591,3652,9412,13248,13292,13725
ADELPTW;13707,14405
ADELPTY;6706,14589
ADELRRS;3352,3554,13200,13288,13588,14430,14441,14750,14955
ADELRRU;13681,14696,14917
ADELRRW;1074,13132,14132
ADELRSS;3322,3535,13576,13635,14442,14963
ADELRST;1081,1142,1667,1994,2079,3514,9407,9414,14136
ADELRSU;3674,8248,13889,14136,14958
ADELRSW;3465,3672,6745,6791,14295,14913,14932,14949
ADELRSZ;2032,3536,9304,13636
ADELRTT;3353,3360,3366,3466,3669,3673,13201,13249,13599,13890,13905,14510
ADELRTW;3578,6747,9540,13250,14510
ADELRTX;3567,3673,3677,6579,14776,14777
ADELRTY;9414,13290,13485,13888,14121,14510,14948,14965
ADELRWW;14965
ADELRWX;
ADELRZZ;6422
ADELSST;618,3509,3595,6666,14073,14137,14286,14442,14963
ADELSTT;13108,14559,14595
ADELSTU;13600,13740,14298
ADELSUV;6796,6803
ADELSWY;1143,14133,14918,14949,14965
ADELSZZ;14957
ADELTTT;13287,13718,14560,14582
ADELTTW;6747,8914,9540,13108,14063,14510,14595
ADELTUV;14561,14748
ADELTUX;3677,6579,6808,9217,14777
ADELTWZ;
ADEMMPS;13879,14785,14921,14967
ADEMMRS;332,3655,13880
ADEMMRT;3656,9543,13925,14234,14699
ADEMNNS;3250,9548,13144,13215,13926,14299,14511
ADEMNNU;2072,6681,13750,14092,14235
ADEMNOR;3682,14500,14966
ADEMNOS;8249,9652,9653,9659,13144,14903,14967
ADEMNOW;1144,3245,3657,6582,13384,13884,14902,14975
ADEMNPS;9659,14702,14712,14967
ADEMNRS;
ADEMNRU;3685,13299,13940,14966
ADEMNRY;3646,3660,3682,9655,13490,14922
ADEMNSS;2073,3661,14970
ADEMNST;14898,14903
ADEMNSU;3249,14898
ADEMNSY;6781,14501,14925
ADEMNTU;3458,3659,6753,13047,14352,14919
ADEMOOV;
ADEMOPS;8915,9659,13953,14967
ADEMORR;3663,6514,6809,13048
ADEMORS;3686,6810,14106,14139,14981
ADEMOSV;13958,14310,14710,14725,14974
ADEMOSW;1144,6582,13766
ADEMOSY;6781,13928,14356,14721,14793,14925
ADEMOWY;
ADEMPRS;2046,3330,3539,9420,9622,13603,13644,13953,14366,14613,14614,14981
ADEMPRT;
ADEMPSS;3511,6785,14785,14921
ADEMPST;
ADEMPSW;
ADEMRRU;5487,6586,9226,14389
ADEMRST;3519,3643,3687,3688
ADEMRSU;3686,9355,9622,9664,9665,14613,14787,14788,14827,14828,14981
ADEMRSW;3237,13112,14803
ADEMRTU;9226,9665,13850,13890,13961,13962
ADEMSST;3408,3687,14359,14969,14978
ADEMSSU;754,6785,13963,14097,14518,14787,14789,14830
ADEMTTU;9075,9419,9657,13890,13962,14830
ADENNOY;3369,9670,14364,14795
ADENNPS;3513,3690,13972,14318,14367,14390,14454,14930
ADENNPT;9671,14983
ADENNST;12897,13782,13926,14242,14320,14325,14627,14628,14734,14832,14841,14971
ADENNSU;757,3665,3690,6681,8880,9201,9230,9635,13072,13893,13969,13970,13972,13976,13977,14511
ADENNSW;13977,14321,14835,14837,14839,14932
ADENNWY;
ADENOOP;9567,14843,14983,14991
ADENOOT;8253,9356,9640,13133,14736,14833
ADENOOZ;13120
ADENOPR;6813,14997
ADENOPS;1897,3649,9675,13121,13516,13783,14083,14390,14967
ADENOPT;13870,14931
ADENORR;6427,13048,13308,13842,13896,14985
ADENORT;13310,14500
ADENORU;5544,6812,6813,6817,9050,9421,13969,14140,14966,14985,14997
ADENOST;3658,13049,14128,14505,14506
ADENOSU;5544,6817,8936,9357,9358,9680,13969,13970,13982,14128,14365,14376,14683,14860
ADENOSY;14394,14524,14856,15007
ADENOTT;14496,14513,14914,14926,15008
ADENOTV;8253,9229,15008
ADENOTZ;3608,9564,14624,14838
ADENPPR;3574,6813,14282,14997
ADENPPS;3689,9675,14967
ADENPPW;9675
ADENPRR;14336
ADENPRS;9236,13989
ADENPRU;6813,14140,14997
ADENPRW;
ADENPST;13989
ADENPSW;9675,13121
ADENPSX;13788
ADENPSY;3696,13518
ADENPTU;3659,6762,8194,9671,13794,13975,14638,14851
ADENPUV;12997,14748,14867,14997
ADENQTU;3697
ADENRRS;13151,13993
ADENRRW;
ADENRRY;3576,3660,6591,13490,13902,13987,14336
ADENRSS;3683,3695,14970,14990,15004
ADENRST;3514,3668
ADENRSU;5544
ADENRSW;6721,6774,6791,13050,13112,13151,14141,14675,14803,14835,14839,14871,14913,14932,14944
ADENRSZ;3497,3684,9391,9427,14470,14993
ADENRTT;
ADENRTU;
ADENRTV;3609,9588,14635,14640,14642
ADENRTX;1948,13310
ADENRTY;6652
ADENRUY;6597,8934
ADENRUZ;3219,13124,13713,13803
ADENSSS;1150,2097,3522,9159,12883,13217,13235,13854,14986
ADENSSU;3472,3579,3690,9676,14376
ADENSSW;6795,6820,9642,13139,13273,13998,14377,14495,14522,14525,14905,15000,15003,15006,15011,15013
ADENSTT;2100,3668,3692,3698,14937
ADENSTU;13128
ADENSTV;3524
ADENSTY;9678,15007
ADENSUV;2058,6796,9523,13893,13982,14000,14857
ADENSUW;13151,13977,13995,15011
ADENSWY;15007
ADENSWZ;14995
ADENTTU;2101,3400,3625,14638,14643,14851,14914,15008
ADENTUV;13319,14746,14748,15008
ADENTUX;13320,13794
ADENUWX;
ADENUWY;14940
ADEOORS;3680,6773,6789,6810,13119,13502,13860,13951,14003,14070,14139,14144,14171,14379,14899,14949
ADEOORT;6482,6797,6799,9207,9626,14057,14102,14130,14379,14473,14526
ADEOPPS;3630,9675,9694,14003,14372,14395,14432,14449,14531,14669,14877,14967,14981
ADEOPQU;3631,9695,14757,14950
ADEOPRR;3663,9630,9662
ADEOPRT;9298,9364,9695,14526,14908
ADEOPRV;3378,9184,13256,13981,14006
ADEOPSS;6824,13006,13393,14007,14381,14907,15016
ADEOPST;14900
ADEORRS;12988,13951,13954,14139,14909
ADEORRW;9528,9600
ADEORRZ;13505,14800
ADEORSS;13006,13129,13309,13393,14007,14381,14527,14645,14671,14886,14907,14970,14979,14990,15001,15004
ADEORST;3380,3704,14013,14014,14528,14536
ADEORSU;3686,5544,6674,6817,13619,13969,14206,14523
ADEORSV;3672,3704,9434,13860,13861,13958,14013,14014,14015,14147,14529,14536
ADEORSW;3672,8242,8940,9600,9627,13153,14803,14835,14913,14932
ADEORTT;1671,3673,6799,13395,14013
ADEORTU;13814,14103,14634,14849,14858
ADEORWY;
ADEORYZ;14355
ADEOSTT;3380,3704,13395,13957,14013,14611
ADEOTTU;14131,14496,14513,14851,14914,14926,15008
ADEOWWY;
ADEPPRS;3674,14003,14981
ADEPPRT;
ADEPPRW;
ADEPPST;3689,13971,14395,14941
ADEPPSW;9675
ADEPPTU;14690,15024
ADEPPUY;
ADEPRRS;
ADEPRRY;2087,3363,6591,6807,9248,13917,13987,14336,14651
ADEPRSS;1997,3683,3695,6824,14901,14907,14951,14990,15015,15016,15020
ADEPRST;
ADEPRSY;3696,6689,9420,14651,14848,14866,14881
ADEPRTT;14654,14656
ADEPRTU;
ADEPSTT;3526,9585,14654
ADEPSTU;14900
ADEPSWY;
ADEPSZZ;
ADEQRSU;1078,3313,3372,3654,3686,13154,14958
ADEQTTU;3625,14017
ADERRST;3527,3546,3612,3643,3687,3688,6766,6767,14441,14482,14823,14824,14890,15025
ADERRSW;13151,13153,14909
ADERRSY;1097,3241,3688,5840,6827,13621,14487,14651,14824,14909,14918
ADERSSU;14149,14527,14535,14951,15016,15020,15025
ADERSSW;6518,6820,9088,14107,14839,14886,14907,15011
ADERSTT;14992,15005
ADERSTV;3704,13861,13915,13958,14013,14069,14147,14536,14655,15014,15022
ADERSTW;13153,14528,14536
ADERSTY;3688,9625,14814,14824,14841,14856,14881,14895,14948,14965
ADERSUY;6827,8248,9614,13889,14698
ADERSVW;3465,3672,14015,14295,14529,14536,14675,14892
ADERWWY;14965
ADESSTU;3548,9617,9650,9702,13508,13963,14021,14149,14535,14830,14896,15025
ADESSTW;1151,3670,14377,14481,14859,15000
ADESTTU;13600
ADESTTW;13108,14346,14595
ADESTUV;3368,3599,14000,14298,15014,15022
ADETTTW;
ADFFGIN;13333,15026,15027
ADFFHNO;9263
ADFFILY;13155
ADFFIST;3708
ADFFLNO;15026,15027
ADFFLOO;14033,15027
ADFFOOR;15028
ADFFORS;9268,9269
ADFGGIN;14034
ADFGINN;13156,14037,15026,15032
ADFGINR;3711,13012,14034,14038,14046,15033,15035
ADFGINS;13342,14039,14041
ADFGLLU;
ADFHLNU;
ADFHLNY;
ADFHLSY;
ADFHOOS;14075,15042
ADFHSSU;
ADFILLU;9707
ADFIMNR;9710,13356,14093,15033,15056
ADFIMNY;15032,15051
ADFINRS;3715,6832,15059
ADFINRT;1080,2106,13359,13369,14085,15029
ADFIORS;2112,6832,15039,15042,15055,15059
ADFIORZ;9300,14096
ADFLLYY;
ADFLMOO;
ADFLMPU;
ADFLMTU;9291,14094,14124
ADFLNOP;15052
ADFLNSY;3715,9712
ADFLORU;6617,6830,14103,14124,15053
ADFMNOS;
ADFMOSU;
ADFNNOT;14108,15041,15058
ADFNOST;13160,14101,14126,14128,15066,15069
ADFOOPT;
ADFOOTW;14130
ADFORRS;2113,6615,6618,14139,14144,14147
ADFORRW;15036
ADFPRTU;
ADGGGIN;14153
ADGGHNO;
ADGGILN;3410,3722,13401
ADGGILR;3411,3723,13400,15079
ADGGINN;3254,3412,3720,13163,15070,15077,15080,15083
ADGGINO;1161,6836,13162,13163,14153,15077,15079,15080,15084
ADGGINR;3254,3413,3415,3719,3723,6836,14159,15079,15080,15084
ADGGINU;14170,15074
ADGHILO;13027,14183,14184,15091
ADGHINN;6839,15102,15103,15104
ADGHINS;3728,6838,6839,15104,15105
ADGHINU;5791,6839,15102,15106
ADGHIPR;13416
ADGHIRR;3730,9717,15092
ADGHIRS;337,15099,15112
ADGHNNU;15102
ADGHNOS;13164,13420,14203,14204,15105,15115,15116
ADGHNOW;
ADGHOOR;6621,14205
ADGHORW;6631
ADGHRSU;3203,13164,14206,15116
ADGHRTU;15096
ADGIILN;9706,15123,15135
ADGIILT;3204,14174,14212
ADGIIMN;13167,15032,15121,15129,15135,15136,15137,15148,15149,15150,15151,15154,15155
ADGIINN;1160,9329,13032,13167,14037,14156,14180,15135
ADGIINO;9331,13167,15164
ADGIINR;3711
ADGIINS;9729,14213,14251
ADGIINU;6843,9331,9706,15074,15137
ADGIINW;
ADGIIPY;15156
ADGIJOS;14253
ADGIKNR;3748,6841,15132,15133
ADGILLN;339,3428,3749,15173
ADGILMN;15033,15135,15136,15137,15138,15172,15178
ADGILNN;15026,15123,15135,15142
ADGILNO;5850,5852,9731,9735,15026,15027,15033,15079,15173,15178,15179
ADGILNR;339,3723,15033,15079,15173
ADGILNS;
ADGILNU;3757,14043,14185,14280,15074,15137,15172,15178
ADGILOR;15079,15186
ADGILOS;
ADGILOT;2119,3754,9037,9735,13436,14279,14280,15178,15186
ADGILOV;14274,15186
ADGILRY;3762
ADGILSU;3753,3760,3761,6848,14044,14185,14216,14294,14298,15098
ADGILUY;3762,14271,15034,15100,15182
ADGIMMN;9737,13162
ADGIMNN;9737,9738,13163,13167,15032,15135,15148,15149,15150,15151,15153,15154,15155,15189,15190
ADGIMNP;9740,14218,15156
ADGIMNR;5547,8262,13175,15033,15172,15189
ADGINNR;3254,3723,3769,3770
ADGINNS;13342,14299,15082,15198
ADGINNT;13443,14161
ADGINNW;3769,15200
ADGINOR;3748,13175,15033,15036,15084,15173
ADGINOS;5853,15082,15166,15191,15198
ADGINOT;2125,3754,9345,9735,9739,13436,13455,14047,14167,14279,14303,14327,14330,15178
ADGINPP;9740,15081,15130
ADGINPR;6843,13437,13456,14252,14272,14336,15084,15133,15156,15167,15173
ADGINPS;3728,3745,3771,9742,14326,15082,15131,15133,15167,15199,15202,15206
ADGINRR;6836,6850,13175,15035,15036,15084
ADGINRS;
ADGINRT;
ADGINRU;6407,6843,13012,14339,15172
ADGINRW;6850,13464,15200,15208
ADGINRY;3770
ADGINST;13173,15124,15170
ADGINSU;14169,15198
ADGINSW;15177,15211
ADGINTU;9739,14043,14260,15178
ADGINTW;13464,14344,14346,15200,15208,15210,15211
ADGINWY;15174
ADGIORT;15095,15186,15189,15195,15200
ADGIPRU;3731,6843,15106
ADGIRSU;3753,3760,3761,3768,9347,14044,14050,14169,14290,14294,14351,15112,15204
ADGIRZZ;
ADGLLNO;340,3750,15113,15173
ADGLLOR;340,15173,15176
ADGLMNO;15033,15136,15137,15178,15215
ADGLNOO;3754,15027,15215
ADGLNOR;13475,13476,15033,15079,15173,15216
ADGLNOW;15179
ADGLNOY;3750,3756,15091,15215,15216
ADGLNRY;15216
ADGLOPS;6855,14287,15114
ADGLOWY;
ADGMNOO;14365,15191,15215
ADGMNOR;5547,8262,9725,13175,15033,15189
ADGNOOR;3418,3455,14369,15222
ADGNOOS;8894,14326,14365,14370,15105,15191,15198
ADGNOPS;3771,3783,9742,15082,15115,15199,15206
ADGNORS;1163,1973,13050,13164,15116
ADGNORU;5854,9050,9353,15216,15221
ADGNORY;3774,15216,15221
ADGNRRU;15035
ADGNRSU;13164,15116,15204,15221
ADGNRUU;3747,15083
ADGOOPS;14287,14326,14370
ADGORSW;15205
ADGORTU;15186
ADGPRSU;15119
ADGRSTU;3761,3781,6655,9744,14351,15204
ADHHIRS;3212,6661,13177,14387,15225
ADHHISS;6660,13348,14387,15087,15224
ADHHIST;15225
ADHHISW;13512,14385,14387
ADHHKSU;
ADHHMOS;15225,15226
ADHHOSU;14397,15226,15228,15230
ADHHOSW;13523
ADHHSWY;
ADHIIJS;
ADHIIJT;
ADHIIKS;
ADHIIMS;15090,15239
ADHIKNS;3786,15243,15244
ADHIKOP;
ADHIKRS;3791,8202,13532,15244
ADHIKSU;15243
ADHILMO;1675,9754,15234
ADHILNY;13178,14400,14401,15091
ADHILOP;9758,13540,14402,15234
ADHILOS;9750,14416,15039
ADHILOY;15091
ADHILRY;1677,14439,15040
ADHILSY;2133,9757,13178,13546,13547,14400
ADHIMNS;2130,3786,8204,9059,15238,15243,15249
ADHIMPS;3729,9385,13553,13554,15249
ADHIMRS;6860
ADHINOT;6857,9751,13537,14410,14411,14427,14460,15041,15251,15256
ADHINPS;15238,15249,15258
ADHINPU;15106
ADHINSS;9768,15224,15240
ADHIOOS;13177,15042,15097,15252
ADHIORS;1678,1986,3499,3790,8266,9394,9770,14437,14479,15039,15042,15094,15240,15244,15246,15252,15253,15262,15265,15268,15271
ADHIOST;3798,9394,9770,14460,14476,14479,14481,15268
ADHIRSS;3794,6862,9762,9768,9771,15237,15240,15268
ADHJKOS;
ADHKKSU;
ADHKLOS;14416,15241
ADHKORW;
ADHKOSU;6674
ADHLLLO;3804,9775,15245
ADHLLNO;3804,14498,15113,15233
ADHLMOY;9754
ADHLMPY;14502,14503
ADHLORS;1158,6679,13071,14070,14433,15039,15246,15252,15253,15275,15276
ADHLOYY;15250
ADHMNOO;13059,15279
ADHMNSU;1170,15226,15243
ADHMORY;3797,5800,9782
ADHNNSU;1170,6681,9422,13072,13180,14454,14455,14511,15243
ADHNNUY;
ADHNOOS;6866,9424,14196,14392,15115,15228,15282
ADHNORS;9781,15115,15240,15262,15265,15276,15282,15283
ADHNORU;5857,5861,6682,9421,15102,15106,15272
ADHNOSU;3800,15226
ADHNOTU;6682,14074,14496,14513,15272
ADHNRSU;
ADHNRSY;3260,13064,14394,14470,14524,15254,15273,15282
ADHNRTY;6863,13593
ADHNRUY;6863
ADHOOPT;14473,14521,14526,15259,15267
ADHOORR;6686,9776,9777,13065,14205,14520,15286
ADHOORS;6866,8273,9779,9781,13177,14070,15042,15228,15262,15282
ADHOPRT;772,9364,9426,13595,14521,14526,14532,15095,15259,15267
ADHOPRU;3731,5861,14532,15106
ADHOPST;
ADHORRU;9776,14532
ADHORSU;6674,13619,14206
ADHOSSW;1172,2145,13620,14481,14495,14509,14522,15107,15247,15277,15288
ADHOSWY;
ADHPRSU;15119
ADHPSUU;15119
ADHRRSU;6671,9319,14207,14465
ADIIILR;2147,6869,9747,15120,15290
ADIIINR;14545,15029,15293,15300
ADIIKOS;14550
ADIIKOT;
ADIIKSY;3812,14552,15304
ADIILLS;1108,2109,5863,6663,6695,8277,9320,9796,9800,14078,14216,14217,15120
ADIILMS;15045,15046,15121,15122,15139,15289,15308,15309,15310
ADIILNO;3811,6874,6878,14550,14551,14570,14572,15043,15291,15311,15319,15320
ADIILNV;3532,3739,3818,13634,14572,14575,15123,15292
ADIILOS;6878,9456,9461,9464,9749,9750,13166,14550,14566,14567,14584,14586,14587,15043,15045,15086,15141,15236,15291,15310,15315,15320,15323,15326,15327,15328
ADIILRW;14591
ADIILSS;3535,6701,6705,9283,14040,14080,14583,14587,14588,14594,15237,15306,15320
ADIILST;2156,6870,15330
ADIILUV;3821,14594,14596
ADIIMMS;15238,15308,15309
ADIIMNN;2157,3264,9809,13167,15032,15135,15150,15151,15154,15155,15332
ADIIMNS;3824,3827,9790,9813,9815,15045,15121,15129,15238,15289,15308,15336,15337
ADIIMOS;3823,3824,8283,8950,9469,9793,9802,9813,14566,14567,15045,15149,15310,15315,15336,15338
ADIIMPV;14614,14616
ADIIMRS;2149,3265,3827,6884,15290,15313,15315
ADIIMRU;9470,9789,9811,13640,14604,14609,14615,15152,15339,15342
ADIIMSS;9469,13641,13645,14619,15030,15129,15294,15340
ADIINPR;351,6843,14604,15156,15160,15300,15333
ADIINST;3810,3813,9790,9815,13183,15124,15126,15348
ADIINSU;2005,9821,13087,15303,15336
ADIINSV;9099,9482,14636,14641,15353
ADIINSZ;3827,15336
ADIIPRS;352,3820,3832,6884,9808,13184
ADIIPXY;
ADIIQRU;15325,15342
ADIIRST;
ADIIRTY;15307,15328,15329,15354
ADIISSY;6887,14552,15050
ADIITVY;13182,15354
ADIJMSS;
ADIJNOS;1173,14253
ADIJNOT;3834,9794,9828
ADIJSSS;14415,15362
ADIKLNY;14666
ADIKLOR;14255
ADIKLOS;13430,14416,14550,14667,14668,14669,15241
ADIKLPS;14669
ADIKMNN;
ADIKMOS;14667,15364
ADIKMOU;
ADIKMSS;6719,6888,14671,15129
ADIKNOS;9732,13660,14550,14667,14668,15244,15364
ADIKNPS;15131,15133
ADIKNRS;6841,14675,15132,15133,15244,15303
ADIKOST;6722,9732,15241
ADIKOTY;14665
ADIKPRS;15133
ADIKQRU;
ADIKSST;3548,9377,9495,9833,9836,13666
ADIKSSU;3548,9834
ADIKSTT;
ADIKSTZ;
ADIKSUZ;
ADIKSWY;
ADILLMM;3549,15366
ADILLRY;13670,13682,14698,15176,15307,15368
ADILLSY;5863,6723,6725,6727,9800,13682,14698,15134
ADILLTY;9841,12940,14089,15307,15368
ADILLVY;13673
ADILLYY;1901,9753,13185,14261,15365,15369
ADILMNO;9754,15136,15311,15374
ADILMNR;1178,2018,3559,6642,14263,15033,15138,15172
ADILMNU;1178,15172,15308
ADILMNW;
ADILMOP;9508,15136,15234,15312,15374
ADILMOS;3837,6890,15315,15380
ADILMOU;14726
ADILMOY;2167,3256,6829,9754,13158,15051,15311
ADILMPS;15249
ADILMSS;3846
ADILMSU;3753,9757,14564,15308,15378
ADILMSY;2133,3752,9757,15139,15249
ADILNNS;3849
ADILNOR;6830,12849,15033,15079,15173,15319
ADILNOS;357,3840,3841,3849,3850,3853,6878,15043,15251,15291,15320,15385
ADILNRS;15235
ADILNRU;1178,3852,6830,13713,14684,15172
ADILNRY;3576,3842,6738,14745,15319
ADILNSS;3846,6665,14423,14716,14717,15363,15367,15384
ADILNST;355,2170,3813,3840,3849,3851,3853,5870,9514,9522,9845,13172,13173,13183,14734,14750,14752,15124,15322,15367,15386,15387
ADILNSU;1179,3853,6848,15251,15385
ADILOOV;
ADILOOZ;6896
ADILOPR;356,358,1180,3533,9798,14434,14704,14757,15246,15312
ADILORT;3793,3819,6856,6879,15186,15325
ADILOSZ;9750
ADILOTU;9518,9530,9533,9849,14103,14280,14726,14744,14746,14768,15178,15186,15325,15329,15366,15376,15381,15382,15383,15393
ADILPRY;14434,14439,14589,14761,15176,15393
ADILPSS;15237
ADILPST;9847,15388,15390
ADILPSY;5818,6897,14090,15144,15388
ADILPTU;3860,6881,9849,15393
ADILPVY;3593,14764
ADILQSU;1179,15048,15330
ADILRSZ;2032,3536,13636
ADILRTY;207,3762,6869,6882
ADILSTU;2034,3599,3761,9131,9845,13736,13740,14298,15322,15330,15387
ADILSTY;2170,6870,6897,9851,15330
ADILTUY;3762,6871,6881,6882,6897,14755,15100,15182,15329,15330,15393
ADIMNNO;9710,9737,9738,9809,13163,13167,15151
ADIMNOS;3824,6900,15191,15336,15396
ADIMNRS;15337,15401
ADIMNSS;15129,15158,15337
ADIMNST;355,9790,15337
ADIMOOS;6900,13187,15191,15396
ADIMORR;2111,9708,13175,15053,15057
ADIMOST;15338,15403,15404
ADIMOSY;6860,13186,14793,15191,15254
ADIMOTT;359,8916,9141,13550
ADIMPRY;3865,13551,15156
ADIMQSU;
ADIMRSS;3870,3871,9857,15030,15192,15290,15294,15315,15399,15401
ADIMRSU;3753,3766,3768,9858,13187,13746,14787,14788,14823,14827,14828,15395,15401,15404
ADIMRSW;8956,15380,15404
ADIMRSY;3265,3839,9816
ADIMRYY;
ADIMSSS;3616,6713,6902,9511,13115,14618,14716,14789,15335
ADIMSST;1185,3871,15255
ADIMSSU;3866,3867,3870,14451,14787,14789,14813,15401
ADIMSSY;3616,15255
ADIMSTU;9844,15239,15403,15404
ADIMSWY;
ADINNNS;6903,15148
ADINNOP;9545,9738,14834
ADINNOR;6543,9710,13777,14700,14790
ADINNPS;14318,14454,15103,15131,15202,15258
ADINNRS;2159,6858,15258,15297
ADINNRW;3769,13779,15200
ADINNRY;3770,6873,9477,14842
ADINNSU;6839,15059,15198,15202,15204,15243,15395
ADINOOP;3799,9567,9758,14456,15052,15260,15261
ADINOPP;15081
ADINOPR;8237,9149,9567,14252,14272,14408,14456,15106,15173,15259,15261,15300
ADINOPT;
ADINORR;1052,3268,3878,6836,6850,13175,15035,15036
ADINORS;15244
ADINORT;15293,15334
ADINORV;1167,3572,3878,14274,14331
ADINOSX;
ADINOTX;9583,14623,15334
ADINPST;15167,15202,15258
ADINQRS;3624
ADINRRT;3268,3626,9573
ADINRST;15258
ADINRSU;15303,15395
ADINRSW;3496,6721,13797,14462,14467,14675,14871,15244
ADINRTU;6863,9825
ADINSTT;3810,6907,9824,15060,15104,15170,15206,15367,15387,15406
ADINSTU;9866
ADINTTY;
ADINWWY;
ADIOOPR;1180,3799,5858,9567,9591,9867,14116,14456,15260,15261
ADIOOSW;6908,15097,15205
ADIOPRR;3730
ADIOPRS;6831,15246,15392
ADIOPRT;9298,9593,14879
ADIOPRV;
ADIOPSU;3800,3844,8919,9597,14308,14457,14664,15370,15385
ADIORST;3881,15271
ADIORSU;1188,3768,5826,5873,8288,9347,9484,9529,9858,13187,14290
ADIORSV;1188,3857,15323
ADIORTU;9530,9849,13765,13814,14103,14450,14480,14768,14879,15186,15325,15339
ADIOSTU;6764,8286,14349,15049
ADIOSVW;15166
ADIPRSS;3882,15110,15209,15237,15294
ADIPRST;3269,3820,15167,15258
ADIQSTU;2179,9607,14590,14773,15330,15350
ADIRRSS;3401,8923,9348,13046,13569,13820,13827,14291,14347,14650,15062,15212
ADIRRST;3546,3612,3639,3802,6766,6767,9349,9608,9609,9770,14032,14441,14482,14823,14824,14890,15111
ADIRRSZ;3402,3502,13571,13830,14659
ADIRSSU;3870
ADIRSSV;
ADIRSSW;6906,14839,14886,15394,15416
ADIRSTY;3802,3881,5866,9774,9816,9862,14468,14814,14824,14841,14856,14881,15055,15099,15253,15265,15270,15271,15328
ADIRSUY;9614,9763,14698,15395
ADIRSVZ;13841
ADIRSWZ;14659
ADIRSZZ;3504
ADISSST;3884,6883,6909,9866,15050,15355
ADISSTU;3548,9617,9866,14896,15049,15211,15358,15417,15418
ADISSYY;15255
ADISTTY;
ADJKOSU;
ADJLMOR;
ADJLUUW;
ADJNORS;1173,14253
ADJNORU;3746,3834,15171
ADJOPSY;
ADJORRU;3886
ADJSSTU;15213
ADKKLOY;
ADKLMRU;13845,15172
ADKOOOW;
ADKOPSU;9623
ADKORWY;
ADKRSWY;
ADLLMOW;
ADLLMOY;14356,15051
ADLLNOW;2070,13871
ADLLNOY;9838,15051
ADLLOPR;6561,6779,9798,14497,14499,15173,15176
ADLLOPS;3457,3649,9876,13875
ADLLORS;3837,15039,15274,15423
ADLLRWY;14121
ADLLTUY;14915
ADLMNOS;9879,9880
ADLMNOY;9754,14501,15215,15311
ADLMOOR;
ADLMORU;14124
ADLMOSW;6914,9880,15177,15380
ADLMSTU;9844,15427
ADLNNOR;6788,14700,14732,14929,15079
ADLNNSU;3665,9201,9634,9635,13893,14125
ADLNOOR;14929
ADLNOOS;6787,6878,9709,9879,14681
ADLNOPU;14931,15113
ADLNORS;3891
ADLNORT;9637,13475,13883,14500,14923,15435
ADLNORU;3852,3891,6830,6893,15435
ADLNOSS;6795,9642,15277
ADLNOST;14506
ADLNOSU;3891,8960,14125,14668,14683,15180,15214
ADLNOSX;
ADLNOSY;3756,3841,9879,15372
ADLNOTU;14117,14280,14746,14914,14926,15178,15376,15432,15435
ADLNOTY;9640,15434,15435
ADLNPSU;2142,8955,14941
ADLNRSU;3891,6911,15433
ADLNRUU;6793,9644,13907,14129
ADLNRUY;3888,15216,15434,15435
ADLNSSU;
ADLNTUU;
ADLOPRU;9849,15393
ADLOPSU;15114,15236,15370
ADLORRW;9528,13132,14132
ADLORSS;1181,2185,3835,3855,3887,9850,13188,15315,15326,15327,15391,15394,15423,15437
ADLORSU;3891,5873,6893,6911,8288,9850,9871,9878,15389,15433
ADLOSSS;15146,15184
ADLPSSU;6785,9536,14762,14951
ADMMNOS;14967
ADMMNSU;9884,15308
ADMMOST;14968,15438
ADMNOOR;15279
ADMNOOW;14902
ADMNOOZ;
ADMNOQU;
ADMNORS;9884,15401
ADMNORT;6749,9661,9810,14303,14500,14707,14805,14923,15189,15279,15293,15334,15439
ADMNORY;3797,13938,15254
ADMNOSS;9873,14970
ADMNOSU;3894,6900,9884,13186,14365,15226,15336
ADMNOSY;6781,9813,9879,9886,13186,14501,14793,14925,15191,15254,15372,15400,15441
ADMNSTU;6753,13950,14307,14718,14898
ADMOORT;3896,9764,15279,15439
ADMOORY;15428
ADMOPPU;3869
ADMORRS;5542,6809,6810,6917,8251,9887,12988,13386,13951,13953,13954,14139,14366,14977,15220,15438
ADMORST;15338,15403,15438
ADMORSU;1904,3686,3768,3894,9225,9664,9858,9884,13187,14981,15220,15401,15403,15404,15445
ADMORTW;
ADMORTZ;
ADMRSTU;3781,13961,14823,14827,14828,15403,15404,15427
ADNNOOS;6787,6811,6903,6916,9632,9667,9872,15198,15431,15440
ADNNOOT;8295,9356,9669,13133,14983,15439
ADNNOOY;
ADNNORS;1149,13180,13968,13969,15446,15448
ADNNORT;790,3780,8295,15272,15439,15447
ADNNOST;8957,9228,14971,15257,15276,15406
ADNNOSU;9357,13180,13969,13970,15059,15180,15198,15221,15446,15448
ADNNOTU;15272,15447
ADNNRTU;3691,14933,15272,15447
ADNNRUW;
ADNOOPR;3799,9567,14843,14983,14991,15227,15259,15260,15261
ADNOORS;13119,15228,15282
ADNOORT;6919,15222,15279,15439
ADNOOSW;3778,9639,9673,14995,14996,15205
ADNOPPR;344,6813,14997
ADNOPRS;
ADNOPRU;5861,6813,9746,13146,14140,14849,14997,15106
ADNOPRV;13981,14997
ADNOPST;9890
ADNOPWY;
ADNORRW;1171,1197,6850,15036,15421
ADNORSW;6774,6791,6814,8293,9881,13050,14835,14913,14932,15205
ADNORTU;6919,15068,15447
ADNORTY;9823,15354,15434,15435
ADNORWY;
ADNOSSU;5845,8962,9676,13970,14375,15356,15448
ADNOSTT;9824,14937,15206,15352,15406
ADNOSTU;
ADNPRUW;
ADNPSTU;15202
ADNRSST;6862,6905,6906,13188,15060,15203,15229,15281
ADNRSSU;8962,15218,15281,15448
ADNRSTU;
ADNRSUW;13151,13977,13995,14944,15450
ADNSSTY;9882,14987
ADNSTYY;
ADOOPRS;2195,9591,9867,14003,14144,14946
ADOOPSU;
ADOOPSW;9876
ADOORSS;6918,14371,14527,14947,14978,14979,15067
ADOORTW;14130,15286
ADOORWY;15286
ADOOSTT;6823,9693,15444
ADOOSUV;15014
ADOOWWX;
ADOPRRW;
ADORRSU;6800,9680,15220,15446,15450
ADORSTW;1199,8274,9715,9787,13153,14536
ADORSUU;9889,14206,14956,15403,15433,15446
ADORSWY;
ADORTUW;6804,9649,13814
ADOUUVX;
ADPRSTU;15119
ADPRSUW;15011,15429,15450
ADRSSUW;14894,15213,15288
ADSSTUW;14894,15211,15213,15288
AEEEFLR;12858,13207,13212,13214,15464,15467
AEEEGGN;15487
AEEEGKL;15504
AEEEGLT;9906
AEEEGNT;15487,15516
AEEEGPR;15455,15456,15490,15504
AEEEGPS;15508,15514
AEEEGRR;9910,9911,15511
AEEEGRT;3903,13223,15456,15458
AEEEHLS;5887,8974,9913,9919,9920,13243,13246,13247,15491,15545,15547,15548,15549
AEEEILN;5889,6452,9904,15495,15497,15498,15540,15581,15582
AEEEIRT;6454,6938,8846,8979,9917,9936,9938,13210,15470,15476,15500,15501,15537,15541,15543,15581,15582,15586,15594,15598,15599,15600
AEEELRS;1201,3910,5896,6928,6930,15494,15547
AEEELTV;3911,15581,15586,15627
AEEERVW;6941,15600
AEEERWY;
AEEFFLL;
AEEFFNS;9991,9993,15708
AEEFFRS;6979,13334,15709
AEEFGLN;15467,15714,15716
AEEFGNR;15467,15712,15719,15728
AEEFGNT;15712,15714,15716,15719
AEEFGRS;3921,13339,15468,15724,15726,15727
AEEFGSU;15720
AEEFGTW;
AEEFHRT;8309,15702,15710,15712,15713,15731,15733,15734,15739
AEEFILR;3280,13355
AEEFILW;13350,13355
AEEFIRS;2210,10017,10018,10019,10025,15475,15759,15761,15764,15765
AEEFISW;9998,15732,15762,15773
AEEFKRS;3926,6993,9018,13211
AEEFLLT;1207,3919,6990,10027,15714
AEEFLMN;6977
AEEFLMS;9990,13357,13358
AEEFLRT;8309,10035
AEEFLRU;6924,10015,10030,10035,15464,15705,15727,15788
AEEFLRW;
AEEFLRY;1057,6996,15706,15780,15782,15783
AEEFLRZ;
AEEFLSU;6992,9991,10015,13382,15707,15781,15787,15788
AEEFLTX;15707,15716,15758
AEEFMNR;15466,15760
AEEFMRR;6994,15480,15728,15760
AEEFMRT;13347,15466,15475,15480,15739,15760,15761,15764
AEEFOTV;10020
AEEFPPR;15736,15744
AEEFRRS;6998,9986,12899,13339
AEEFRRT;10023,10043,15480,15702,15713,15760,15769
AEEFRST;6922,9899,10006,10037,15475,15759
AEEFRTU;6984,10035,10038,10043,15484,15701
AEEFRWY;
AEEFSTT;3916,3922,3929,13397,15704,15740,15789
AEEGGLL;
AEEGGLR;6999,13399,13400,15803,15810,15811,15812
AEEGGLS;15809
AEEGGLT;13401,15803,15810
AEEGGNR;2214
AEEGGNS;3933,7000,13409
AEEGGOP;15807,15816
AEEGGRS;3930,15826
AEEGGRU;15811,15815,15823
AEEGGST;3930,13408,15805,15826
AEEGGSW;
AEEGHIR;6384,7002,13340,13398,13416,15839,15855
AEEGHNT;3936,7001,10047,13422,15493,15859,15865,15867
AEEGHNW;15853,15859
AEEGHSZ;
AEEGILL;5908,7010,7011,10069,10070,10071,10072,15714,15837,15894,15898,15899,15900
AEEGILM;9035,15836,15881
AEEGILN;7011,9904,10069,10074,15837,15898
AEEGILP;10063,15836,15842,15894,15916,15941
AEEGILT;9037,9906,10071,15881,15941
AEEGILW;7018
AEEGIMR;3945
AEEGINP;7009,9025,9042,10048,10049,10084,15916,15978
AEEGINR;15839,15895,15973
AEEGINS;7009,7023,15896,15951
AEEGINU;15497,15811,15815,15964
AEEGINZ;15498
AEEGIPP;10063,13416,15855,15992
AEEGIPR;3932,7002,13416,15855
AEEGIRU;13340,15701,15811,15815,15823,15945
AEEGISS;10064,15711,15943
AEEGJRS;3938,16014
AEEGJSY;13429
AEEGKLL;15837,15894
AEEGLLR;3954,16019
AEEGLLS;3955,10054,10102,15722,15723,16017
AEEGLLZ;
AEEGLMN;104,3956,5560,10103,15507,16023
AEEGLMR;6496,10103
AEEGLMT;5560,13473,15881,15923
AEEGLNR;7028,15858,16038
AEEGLNT;5560,15859
AEEGLNU;2222,6498,7030,13474,13477,13480,15467,15497,15811,16036,16038
AEEGLNV;7028,10105,15859,16037
AEEGLOR;6496,7028,13399,13471,13476,15504,15858,15861,15907,15931,16019,16036,16037,16038,16043
AEEGLPR;13477,15504,15858,16023
AEEGLPS;3937,3957,15508,15842,15924,16026,16027,16030
AEEGLRR;6999,15511,15908,15945
AEEGLRS;
AEEGLRU;13474,13477,13480,15464,15467,15811,15945,16038
AEEGLRW;7018,16038
AEEGLRY;5910,7031,12833,13485,15864,15913,15936
AEEGLRZ;15495,15844,15945
AEEGLSS;1215,1219,3291,3955,7029,10055,10064,12909,13481,15722,15943
AEEGLST;10106,15863,16018
AEEGLSU;9048,10078,10102,13440,15943,16013,16027
AEEGLSV;15911,16042
AEEGLTT;3941,15860,15861,15881,16019
AEEGLTU;10076,10078,13473
AEEGLTV;15859,16037
AEEGMMT;3902,3959
AEEGMNR;
AEEGMNS;10080,10111,15514,15520,15866,15951,15953,16047
AEEGMNT;3959,5560,15487,15516,15824,15865,16047,16048
AEEGMPR;7035,15455,15900,15952,16023,16049
AEEGMRR;3945,3960,7035,10081,15728,15825,15835,15918,16049,16051,16057
AEEGMRS;
AEEGMRU;
AEEGMSS;10112,15711,15870,16056
AEEGMST;10066,15520,15967,15972
AEEGNNP;10049,10084,15916,15926,15977
AEEGNNR;210,15973,15977
AEEGNNS;3906,3946,9049,9908,10083,10088,10117,12905,13342,15725,15896,15974,15984,16047
AEEGNOP;3956,9042,15816,15858,16049
AEEGNPP;15992
AEEGNRS;15505,16014,16077
AEEGNRT;
AEEGNRU;7006,15811,16038
AEEGNRV;3948,3963,3965,7028,10057,10105,15501,15828,15988,16037
AEEGNSS;7029,10055,10059,15722,16071
AEEGNST;16047,16073
AEEGNSV;3973
AEEGNTT;3941
AEEGNTU;10076,15964
AEEGNTV;3965,15516,15828,15859,16037,16060
AEEGOPS;3937,7032,9051,10094,10124,15854,16027,16040,16041,16080,16083
AEEGORV;3963,7028,15828,15988,16037,16043,16060
AEEGOST;15827,15832,15872,15873,15989,15990,16064,16066,16067,16068,16069,16072,16083
AEEGPRS;1688,2220,3967,10115,10124
AEEGPRU;10116,13423,13477
AEEGPST;3967,15842,15863,15872,15967,15993,16030,16033,16040,16064,16075,16087
AEEGRRS;369,2225,3969,9910,16014
AEEGRRT;3977,10095,15511
AEEGRRU;3977,10119,15511,15729,15945,15969,16051
AEEGRRW;15808,15876,16015
AEEGRSS;3978,7007,16077
AEEGRST;15863,16040
AEEGRSV;10099,15911
AEEGRTU;3977,13423,15701,15823
AEEGRUZ;12911,13480,13500,15945
AEEGSSW;15834,16062
AEEGSTT;15967,15972
AEEGTTZ;
AEEHHNT;12915,13515,13520,15536
AEEHHRT;3302,10133,13520,13524
AEEHHSS;16097,16100
AEEHHST;16090,16099
AEEHHSW;13512,13513,13523
AEEHINR;5912,9061,10161,10175,13398,13530,15540,15839,16128,16148
AEEHIPR;7002,15734,15848,15855,16121,16134,16146,16164
AEEHIRV;15540
AEEHIST;7044,15805,16090,16115,16117,16120,16130,16133
AEEHISV;
AEEHITZ;15536,15543,15844,16124,16161
AEEHKMS;8328
AEEHKNR;10193,15839
AEEHKNT;10193
AEEHKRT;5915,7049,10193
AEEHKRU;3991,5915,16195
AEEHLMS;3305,3994,9919,10204,13243,13588,15547,16115,16122,16217
AEEHLNT;2230,10047,10150,13539,15859,16119
AEEHLOR;7039,7057,13399,13574,13595,15736,15857,15858,15861,16116,16195,16214
AEEHLPT;1061,10214
AEEHLRS;3996,15547,15737,16211,16217,16227,16229
AEEHLRT;625,1211,2226,3992,3993,8309,10133,15857,16214
AEEHLRV;15540
AEEHLSS;3996,3997,6933,15737,16100,16197
AEEHLST;1226,3305,3994,13597,16090,16099,16115,16117,16120,16133
AEEHLSW;1226,3935,3994,7056,13513,13547,13597,16117,16125,16143,16226
AEEHLSX;9072,13594,16133
AEEHLSY;5917,9072,13247,13546,13547,16135,16217,16227
AEEHLTT;8975,15538,15860,16221
AEEHMNT;15865
AEEHMRS;7042,7054,16144,16153,16217,16248
AEEHMRT;3993,6507,7061,10143,10168,10226,15554,15739,15857,16121,16124,16161,16214,16242,16245,16246
AEEHMST;3994,16099,16115,16120
AEEHMSU;10195,10232,13548,15806,15868,16147,16160,16237,16248
AEEHNPS;16097,16109,16165,16262
AEEHNPT;3307,10223,15557,15734,15848,16146,16164,16257
AEEHNRS;16262
AEEHNRT;2242,10001,15560
AEEHNST;4009,8331
AEEHNSV;8320,13246
AEEHNSX;16113,16259
AEEHNTW;15859
AEEHPRS;7054,7064,16217
AEEHPRT;15734,15848,16146,16164
AEEHPSS;1919,3312,4015,9087,10197,13241,16097,16182,16197,16200,16224,16273
AEEHPUV;
AEEHQSU;3313,7071
AEEHRRS;16279
AEEHRSS;3908,6936,7007,13576,16291
AEEHRST;15572
AEEHRSV;
AEEHRSW;810,8323,16208
AEEHRTT;4018,7061,7062,7068,15472,15739,16192,16242,16249,16284
AEEHRTV;
AEEHRTW;7069,15550
AEEHSST;1228,3908,6936,16273,16277,16280,16290,16291
AEEHSSV;4015,7043,9926,9997,16200
AEEHSTV;
AEEHSWY;13547
AEEIIRS;5929,6521,7075,7084,7085,10138,10284,13528,13644,15573,16295,16298,16327,16333,16335,16336,16339,16341,16342,16345,16346
AEEIKLP;15894,16111,16294,16361
AEEIKLR;9034,10007,10295,12939,13400,16294
AEEIKLT;
AEEIKLX;
AEEIKNT;16357
AEEIKPR;8337,15576,15577,15744,15897,16294
AEEIKSV;13534,16376
AEEILLR;8317,10072,10313,15900,16107,16359,16395
AEEILMR;2247,7108,10319,16304,16404
AEEILMS;9927,16125
AEEILNP;15916,16361
AEEILNR;7126,15540,16128,16404
AEEILNS;16311,16459
AEEILNT;5889,5932,5942,5944,7091,10334,16130,16444,16446,16459
AEEILNX;1232,7077,7126,10149,15716
AEEILPT;5946,10328,16483
AEEILRR;16314,16364,16395
AEEILRS;
AEEILRT;
AEEILRV;6983,15540
AEEILRZ;1231,2247,2250,7076,15495
AEEILTT;3941,6520,9093,10003,10153,13629,13702,13718,15881,16412,16446
AEEILTV;12946,13638
AEEIMNN;10141,13749,13750,15888,16324,16409
AEEIMNR;7097,10161,10319,16148,16304,16404
AEEIMNS;10004,10080,15953
AEEIMNT;2254,2255,10274,10277,15465,16324
AEEIMNX;1232
AEEIMPR;15591,15900,15952,16121,16146,16326,16414,16426,16516,16528
AEEIMRR;3945,16158,16549
AEEIMRS;16144,16556
AEEIMRT;16158,16161,16516
AEEIMSS;7043,10144,10307,15711,16125
AEEIMST;
AEEIMSZ;7118,10145,10163,10171,15957,15963,16163,16371,16406,16526
AEEIMTT;15881,16324,16412,16551
AEEINPR;4045,10016,15744,16331
AEEINRT;7155,15476,15598,15599,15600,16587,16614
AEEINST;16114,16130,16329,16356,16459
AEEINTT;7001,7045,10417,13702,13718,13749,13786,15598,15820,16174,16324,16412,16446,16471,16563,16614
AEEINTV;13643,13786,15598,15599,15600,16587
AEEINVW;15600
AEEIORT;3333,6544,7020,7158,9140,9162,10020,10021,10095,10097,10183,10375,10384,10393,10403,10406,10427,12956,13451,13466,13744,13751,13763,13765,13776,13814,15950,15965,15976,15988,16516,16517,16521,16549,16551,16565,16587
AEEIPRR;4053,16332
AEEIPRS;10421,10429,15576
AEEIPRT;2262,3331,3932,4052,4053,9897,13816,16516,16632
AEEIPSV;10430,13813,15994,16376,16458,16496,16625
AEEIPTX;16582
AEEIRRR;3945,5565,7083,7161,16599,16629
AEEIRRS;5565,5566,7085,15602
AEEIRRT;6938,9936,10023,10095,10384,13763,13832,16549
AEEIRRW;4041,13529,13826,15808,16364,16395
AEEIRST;7024,10006
AEEIRSW;3323,12964,13197,16368,16581,16647
AEEIRTT;2260,2263,2264,9917,10132,10417,10446,15598,16174,16192,16551,16614,16645
AEEIRTV;15598,15599,15600,16587
AEEISST;
AEEISVV;13809
AEEITTV;2264,6932,10287,10440,10446,10447,15502,15598,15820,15991,16340,16540,16551,16602,16645
AEEITUX;8352,13794
AEEIUVX;
AEEJKSS;10450
AEEJLLV;
AEEJMSS;16663
AEEJNST;5956
AEEJNTU;15606
AEEJRSV;
AEEJSVY;
AEEKKNO;
AEEKKOO;
AEEKLLT;
AEEKLMN;4020,13625,16668,16669
AEEKLNS;4020,4062,7172,16671
AEEKLNT;10193,10292,16357,16668
AEEKLPS;4062,4063
AEEKLRS;628,3343,4063,6993,10007,10295,10453,12841,13661,16355,16670
AEEKLSV;4063,16670
AEEKMNS;16366,16676
AEEKMNW;16669
AEEKMPR;4061,4064,13850,15455
AEEKMRR;4064
AEEKMRS;3343,16366
AEEKMRT;7174
AEEKNNN;
AEEKNNP;16111
AEEKNRS;818,6944,7175,15505,15612,16676,16682
AEEKNRT;7174,7175,10193,16668
AEEKNRW;15895
AEEKNSS;3304,7176,7177,10456,10457,13272,16097,16671,16683
AEEKNSW;15896
AEEKNSY;
AEEKORW;10026,10458,10459,13577,16015,16672
AEEKPRS;2220,4063,13211,15505,15576,15577,15897,16682
AEEKPRT;10293,15456
AEEKRRT;1223,1244,6938,7049,13665,13857,15605
AEEKRRW;1238,1242,1244,2269,10026,10458,13577,16015,16364,16672
AEEKRST;15612,16355
AEEKRSU;6555,6993,10295,13859,16686
AEEKRSW;
AEEKRTW;1244,4068
AEEKSSS;7094,10298,10305,10456,13852,13854,13858,16372,16373,16378,16671,16684
AEEKSTW;4066,15614
AEELLLS;15877,16666
AEELLMS;2275,3349,6523,9188,10463,13668,13864,13867,15617,15618,16204,16694
AEELLOV;10028,13535
AEELLPR;1200,1249,2278,4071,5937,5965,6988,7192,9941,10313,10465,16107,16390,16713
AEELLSS;3955,7193,15621,16718
AEELLST;4070,9069,9193,13877,16699
AEELLWY;10452,16359,16395,16710
AEELMNP;3956,15916,16212
AEELMNR;2236,4030,7097,7196,10103,10319,16303,16304,16404,16409,16413,16669,16720,16725
AEELMNS;7199,16719
AEELMNT;1246,1251,5474,5560,6948,6977,7183,7194,9944,10451,10471
AEELMNV;7197
AEELMNY;10471,13692,13866,15628,15923
AEELMPR;4061,4078,10476,15900,16121,16426
AEELMPS;4079,12941,13696,13879,15632,16026,16027,16735
AEELMPX;
AEELMRS;15783,16211,16670,16725
AEELMRT;2206,4078,4080,16740
AEELMSS;4032,16405,16421,16735,16746
AEELMST;9990,10475,16099,16724
AEELMSU;2275,7111,9188,13358,13887,13889,16013,16027,16411,16746
AEELMSZ;10145,16216,16406
AEELMTU;1251,7204,15625,16024,16692
AEELNNP;4084,7208,10146,10205,15916,16111,16126,16212,16755
AEELNOS;1256,4085,5963,5975,7168,7172,10337,10486,15637,16387,16413,16448,16452,16719,16761
AEELNPR;6953,6954,7212,13477,15638,16223,16770
AEELNPS;16699,16771
AEELNRR;16701
AEELNRS;3358,13198,13864
AEELNRT;15706
AEELNRW;1263,3909,10209,13884,16038,16669,16752
AEELNSS;3291,6572,7218,12909,13481,13908,15722
AEELNST;15778,15781,16311,16444,16459,16699,16753,16756,16766
AEELNSV;
AEELNSW;7056,13513,15725,16362,16759
AEELNTY;7212,7216,10211,10471,15628,15706,15923,15936,16119,16462
AEELOPR;13595,15504,15736,15751,16485,16672,16737,16775
AEELOPX;7222,15941,16737
AEELORS;15783,16413,16480,16481
AEELORU;5981,16043,16195,16709,16775,16778
AEELOST;6978,7113,8354,8360,9953,10475,10506,15578,15583,15637,15752,15787,16099,16120,16133,16313,16383,16387,16451,16661
AEELOSW;7056,15726
AEELPRR;6576,6995,16672
AEELPRS;
AEELPRT;1203,1267,4061,6951,6953,7222,15638,16737,16770
AEELPRU;4036,5981,6535,6576,6954,8364,10208,10500,13279,13477,13895
AEELPSS;7055,10268,16026,16735,16746
AEELPSU;2289,2290,6565,13918,16027,16131,16746
AEELPTT;2285,15638,16755,16770
AEELPTU;4036,4084,15625,16755
AEELQRU;7142,7143,16778
AEELQSU;16785
AEELRRT;1204,4080
AEELRRV;7146,12980,16489
AEELRRX;
AEELRSS;3997,5572,13576,16211
AEELRST;
AEELRSU;10015,10295,10360,10367,13889
AEELRSV;15462
AEELRSX;3358,7229,10331,16457
AEELRSY;10468,10479,10488,15782,15783,16217,16736
AEELRTX;3954,3981,4039,6579,7140,7222,15758
AEELRUV;10108,10369,15948,16043
AEELSST;
AEELSSV;
AEELSSW;6933,13583,16125
AEELSSY;4088,7193,7206,7213,10468,13378,13908,13924,15782,16215,16218,16233,16499,16693,16695,16716,16718,16782,16788,16796
AEELSSZ;1219,13291,16319,16476,16477,16514
AEELSTU;5921,7219,9131,10078,10469,13600,13740,15707,15781,15787,16315,16459,16688,16753,16756,16766
AEELSTV;10033
AEELSTX;1275,10496,10510,15707,15752,16133,16699,16724,16760
AEELSTY;15787,16724
AEELSTZ;4099,7081,10273,13717
AEELSWY;13547
AEELTTY;16398,16712
AEELTVW;15859
AEEMMMR;16515
AEEMMMS;16515
AEEMMNT;3959,4101,7171,7173,7174,7194,9222,9961,10518,10519,15623
AEEMMPY;
AEEMMRT;4101,7174,13925,16516,16517
AEEMMSY;7231,16020,16724
AEEMNNO;3369,7232,13931,16046,16048,16808
AEEMNNP;9962,10518,10523,15916
AEEMNOX;15551
AEEMNPR;16049
AEEMNPS;16817
AEEMNPT;9222,10274,10518,16818
AEEMNRS;16725,16814
AEEMNRT;4101,6961,7174,7233,9961,9969,9970,10528,13945,15466
AEEMNSS;16827
AEEMNST;16047,16804
AEEMNSX;10532,16804,16827
AEEMOPT;12987,16244,16516,16737,16738,16818
AEEMORT;7061,7233,10375,10384,10528,15739,15869,15950,15965,16214,16242,16245,16249,16516,16531,16678,16728,16737,16819
AEEMOSW;13766,16204
AEEMPRS;13953,16850
AEEMPRT;2271,4061,7204,10229,10476,16121,16326,16516,16737
AEEMPRY;10229
AEEMPST;4079,4103,15632,15967,16429,16555
AEEMPSW;10527
AEEMPTU;7204,13850,15625
AEEMQRU;
AEEMRRS;1281,16029,16239,16814
AEEMRSS;3964,10533,15517,15790,16056,16725,16827,16843
AEEMRST;
AEEMRSU;10522,15764,16160,16248,16433,16519,16750,16846,16847,16848,16852
AEEMRTX;6542,10168
AEEMRTY;7233,10528,15628,16800
AEEMSSS;1076,2299,13852,16843
AEEMSST;15671
AEEMSTT;15556,16219
AEEMSTX;10227,10532,16560,16724,16804,16848
AEENNOT;7232,9229,9972,10393,10545,13453,13748,13776,15777,15976,16048,16060,16220,16221,16565,16754,16858
AEENNOV;5974,8375,8376,9199,9229,9972,10114,10541,10545,13931,16060,16564,16565,16808,16858
AEENNPT;4084,10084,10173,10518,10550,10551,15557,16164,16567,16755
AEENNRS;15558,15672,16682,16805,16863
AEENNRX;15973,16754
AEENNST;3999,12897,13388,13926,15558,15635,15778,16323,16410,16753,16756,16804
AEENNSX;12954,13781,15984,16522,16804
AEENNTU;4084,8191,8881,10482,10554,12993,13388,13703,13881,13894,13966,13975,16446,16755,16756,16813
AEENOPR;5990,8377,9227,9232,10541,10556,13981,15816,16049,16869,16870
AEENOPU;7208,10336,13895,13967,16361,16870
AEENORS;2301,8335,8359,10089,10120,10337,10405,10486,15817,16366,16413,16527,16530,16564,16823
AEENOSS;5577,5950,7176,7177,7248,10233,10546,10547,15985,16071,16373,16566,16583,16683,16859,16868
AEENOSU;2301,2302,8361,10120,10207,10405,10555,10560,13969,13970,13982,15990,16068,16822,16877
AEENPRS;2303,10115,10237,10562,13972,13989,15505,15672,15679,16262,16863,16881
AEENPST;9976,10565,13989,16698,16699,16769,16874,16892
AEENPSU;3375,10237,10410,13458,13972,16534,16596,16767,16881
AEENPSW;10527,15677,16065,16759
AEENPSX;10565,13788,16259,16699,16760
AEENRRS;5578,5925,6593,13944,13993,16881
AEENRRT;4101,13612,16806,16866
AEENRRV;15654,16701
AEENRRY;5994,6591,7031,9911,10492,13490,13902,13987,16462,16603
AEENRSS;16882
AEENRST;
AEENRSW;10568,15525,15677,16065,16581,16865
AEENRTT;10417,10556,16770,16799
AEENRTV;3948,10419
AEENRUV;
AEENSST;1209,2307,5956,7176,10457,16892
AEENSSU;4104,7133,7218,10059,10398,15792,15868,16105,16237,16475,16477,16574,16598,16801
AEENSSV;2304,3973,4116,10547,10553,15685,16895,16900
AEENSSW;4118,5995,7248,10568,13998,16062,16583,16619,16620,16729,16759,16865,16876,16882
AEENSTT;4009,4119,6598,7219,7250,8379,10565,10571,14002,15637,15689,16268,16270,16705,16874
AEENSUV;2302,4049,13893,15688
AEENSWZ;16584
AEENTTV;
AEENUVW;
AEEOPRT;7222,15751,16516,16696,16737,16775
AEEOPTZ;
AEEORRS;1243,3379,5529,6501,7025,7235,9251,10039,10577,10580,12988,13762,13951,13954,14010,15564,15602,15660,15709,15791,15832,16057,16080,16271,16548,16624,16625,16906,16917
AEEORSS;2308,4120,10533,10534,10572,10574,13006,13393,13911,14010,14012,15730,15776,15799,16056,16058,16084,16375,16480,16624,16776,16843,16844,16907,16917,16928
AEEORST;3379,3380,14010,14012,15709,15832,15873,16917
AEEORSV;5992,13860,15602,16564,16625,16873,16906
AEEORTV;1697,10020,10427,13466
AEEORVW;
AEEOSUU;16847
AEEOSVV;
AEEPPRR;15692
AEEPPRS;10574,14003,16734,16767
AEEPPRT;1267,2262,10353,15692,15693,16494,16632
AEEPPRV;4045,9934
AEEPRRS;1281,4060,6945,15662
AEEPRRT;16632
AEEPRRV;
AEEPRSS;4120,16827,16850,16882,16937,16938
AEEPRST;15672
AEEPRSV;4121,10576,15994,16910
AEEPRSZ;16636
AEEPRTU;4036,4052,15693,16645
AEEPRTY;10551,10590,13987,16914
AEEPRTZ;
AEEPSSS;10456,10530,13734,13818,13942,15639,16154,16428,16838
AEEPSST;4008,15614,16273,16859,16892
AEEPSSW;4015,13847,15614,15644,16182,16197,16583,16667,16759,16882,16937,16938
AEEPSTT;16860,16874
AEEPSVY;16288
AEEQRSU;3313,7071,7249,7262,7263,12998,13976,13993,16893,16939,16941,16942
AEEQSTU;3373,7249,7250,7263,15529,16756,16785,16939,16941,16942,16943
AEERRRS;369,3969,5565,6997,6998,10042,10062,15797,16793
AEERRSS;5572,6927
AEERRST;
AEERRSU;5578,6593,6998,7242,12899,13901,13993,13995,16793,16881
AEERRSV;15602
AEERRSW;4060,4097,4122
AEERRTT;4018,9982,15472
AEERRTV;9936,10023,10440,13831,13832,15970,16680
AEERRTW;1244,5579,7245,16731,16909
AEERRVW;
AEERSST;1228,16280,16291,16926,16950
AEERSSU;1282,3975,4120,7007,16008,16084,16185,16281,16291,16647
AEERSSV;3915,3950,4116,15668,15695,15822
AEERSSY;4088,7206,10107,10468,13924,13965,14027,15782,16003,16499,16610,16716,16782,16788,16796,16938,16940
AEERSTT;15699
AEERSTU;3384,12970,13331,16160,16519,16630,16648,16686,16846,16847,16848,16941,16942
AEERSTW;16915
AEERSTX;3376,3914,4019,5580,6975,14001,14012,15572,15678,16087,16848,16877,16936,16942
AEERSUV;1222,16556,16648,16922
AEERSUX;3976,6975,7229,14001,16087,16248,16658,16792,16848,16850,16877,16936,16942
AEERSVW;10392
AEERSWX;7166,16915,16938
AEERTTX;7158,15758,16284
AEERTWW;15550,16909
AEERTWX;4019,16915
AEESSSW;4118,7248,14023,14025,16619,16620,16653
AEESSSY;4118,7193,13908,15513,15700,16618,16695
AEESSTT;3916,15671,16268,16270,16400,16705,16943
AEESSTX;7259,14012,16233,16291,16687,16912,16936
AEESSUX;6000,16291,16746,16850,16936
AEESTTT;4119,7267,16874
AEESWXY;16938
AEFFFIR;16952
AEFFFLR;16952
AEFFGIR;7268,14030,14031,15701
AEFFGNR;
AEFFGRS;
AEFFGRU;7268,15464,15701,16955
AEFFHST;4129,16961,16962
AEFFINS;4132,4133,16967,16970
AEFFIPR;
AEFFIPS;
AEFFIRX;16958
AEFFIST;2317,4130,4133,10601,10605,15703,15704,16959,16961,16962,16967,16968,16969,16970,16975,16977
AEFFISW;
AEFFISX;16970
AEFFKOP;
AEFFKOR;
AEFFKOT;
AEFFLLY;
AEFFLMW;16980
AEFFLNS;4134,9991,16982
AEFFLRR;15705
AEFFLRS;13334,16968,16969
AEFFLRU;6979,7268,7270,15464,15705
AEFFLRW;16980
AEFFLSW;
AEFFLSY;7270
AEFFLTU;
AEFFMRU;
AEFFNST;4133,10605,16959,16982
AEFFOVW;
AEFFQRU;
AEFFRST;2317,4129,4133,10604,16959,16962,16977
AEFFRSY;7270
AEFFRSZ;
AEFFTTY;16953
AEFGGGO;
AEFGGIR;14034,15710,16954,16955,16989,16990
AEFGGLR;
AEFGGMO;
AEFGGRY;
AEFGILN;4128,7271,15716,17021,17026
AEFGILO;7273,17006,17028
AEFGILR;7273,7274,10617,17006,17025,17034
AEFGINN;4140,14037,16954,16989,17008,17014,17018,17021
AEFGINR;5582,7275,13012,14034,14046,16989,17014
AEFGINS;10597,13342,14041,17015,17039
AEFGINT;15716,15719,16989
AEFGINZ;
AEFGIRT;16989
AEFGIRU;10617,16955,17025
AEFGITU;1286
AEFGLLU;4144,10619,17047
AEFGLMN;4145,17023,17024
AEFGLNR;1287,4144,4145,10621,15467,17051
AEFGLNS;3389
AEFGLOT;17048
AEFGLOW;
AEFGLPU;
AEFGLRS;4146,7274,15468,15724,15727,17001,17053
AEFGLRU;4144,15464,15467,15727,17025,17050
AEFGLUZ;
AEFGMOR;
AEFGMSU;376,17046
AEFGNRR;7275,14046,15728,16996,17014
AEFGNRT;4137,15719,16989,17051
AEFGOOT;17048
AEFGORR;15728,15729
AEFGORS;10620,17039
AEFGORT;
AEFGORV;7273
AEFGRRT;3391,17044
AEFGRSU;15727,17001,17005,17050,17053
AEFHIRT;7278,14030,15470,15710,15731,15733,15734,16993,17063
AEFHIRW;16996
AEFHISZ;
AEFHLLS;4150,10642,16960,17066,17079,17080,17081
AEFHLOR;10643,15736
AEFHLRS;7279,9985
AEFHLRT;3393,8309,10630,15731,15733
AEFHLRZ;
AEFHLSS;6005,10628,14071,16960,17061,17066
AEFHLTU;10630,17083
AEFHRRT;7278,10645,15702,15733,15741,16993
AEFHRST;14036,17003
AEFHRSY;10637,17000,17064
AEFIILT;833,1290,2325,7282,10003,10599,17093,17103
AEFIIRR;17014,17108
AEFIIRS;4156,4157,17110
AEFIJLO;
AEFIJOS;
AEFIKLN;
AEFIKLR;9995,10007,10615,10617,15731,17018
AEFIKLS;4155,10007,14087,17064,17121
AEFIKLT;9289,10616,15731
AEFIKST;10669,14077,17091
AEFILLM;2324,17122
AEFILLS;1289,4155,4156,6610,13354,15715,15746,16960,17066
AEFILMN;1291,4160
AEFILMR;1284,6611,8399,13357,17025,17136,17140
AEFILNN;6612,10648,14037,14088,14092,14099,17021,17026
AEFILNS;5583,6992,10671,17147
AEFILNT;10616,10672,15716
AEFILNU;4160,6612,6992,7287,10672,14043,14092,14099,16967,17022,17097,17151,17152
AEFILNV;
AEFILOT;
AEFILPT;7289,9289,15751,17032
AEFILRR;1206,3280,6989,6991,10014,15733,15748,17135,17137
AEFILRU;10617,17025,17155
AEFILRV;6983,7285,17025
AEFILRW;17140
AEFILRX;4159,15758,17153
AEFILRZ;
AEFILSS;4131,5583,7274,10676,16960,16988
AEFILST;8198,8392
AEFILTT;2325,10003,14063
AEFILVY;7285
AEFILWY;17130
AEFIMNR;2316,10611,15718,15760,15761,17108,17162
AEFIMNS;4162,4163,15718
AEFIMOR;6611,7291,8399
AEFIMRR;15760,17108
AEFIMRS;10602,15475,15718,15761,15763,15764,16962
AEFINNS;13342,17106
AEFINNT;9294,14099,14108,16989,17090
AEFINNZ;17107
AEFINPR;4140,5582,10016,15734,15744,15748,17126
AEFINRR;1295,6991,15748,15760,16996,17014,17108,17177
AEFINRS;4162,15469,17013
AEFINRT;1080,1295,13369,15476,15719,15734,15760,15769,16973,16989,17171,17175,17176,17177
AEFINRW;13371
AEFINRX;4159,16958
AEFINST;
AEFINSW;10623
AEFINTX;14115,15716,17178
AEFIQRU;17112,17154
AEFIRRR;10692,17108
AEFIRSS;4131,4142,4157,7274,10635,10637,10676,10689,10691,16965,16969,17119,17181,17184
AEFIRST;2210,2317,9899,10025,10669,10691,13374,15475,15759,15764,17168,17179
AEFIRTT;7278,17041,17063,17118,17175,17177
AEFISST;313,14067,16966,16998,17045,17065,17168,17181
AEFISTT;16992,17118
AEFISTX;14115,16970,17164,17178
AEFJNST;
AEFKLNN;17018
AEFKLNR;10615,17018
AEFKLNS;
AEFKLOS;8120,14118,17185,17186
AEFKLRS;6993,14087,17064,17121
AEFKLRT;15731
AEFKLST;
AEFKLUW;
AEFKNRR;17019
AEFKORS;7296,10640,14118
AEFLLNN;14088,14120,17021,17123
AEFLLOT;4176,8403,15777
AEFLLRS;1298,4150,4156,4179,7279,7302,13354,15478,15715,15746,15782,17127,17204
AEFLLSY;13378,15782,17079,17195,17203
AEFLLTT;13213
AEFLLTU;4178,8403,10027,10642,10699,15781,17080,17093,17197,17205
AEFLLUZ;17124
AEFLMNS;377,17197,17207,17208
AEFLMOR;2332,8399,10700,14123,15783,16979,17136,17208,17209,17210,17211
AEFLMRS;4146,13357,15724,15783,17096,17121,17208,17209,17211
AEFLMUW;
AEFLMUZ;
AEFLNNN;17021
AEFLNNS;4180,15725,17207
AEFLNOV;14127,15779
AEFLNRS;4181,9901
AEFLNRU;4144
AEFLNSU;4134,4178,6014,6992,9991,14125,15781,17128,17133,17143,17151,17152,17197,17207
AEFLNTT;1208,17048
AEFLNUU;10031,10672,16981,17051,17150
AEFLOOV;
AEFLOPW;17193
AEFLORS;4146,15724,17226
AEFLORT;837,1701,2332
AEFLORY;10700,17028
AEFLOST;3405,6978,8393,14072,15787,17060,17082
AEFLOSW;14133,17060,17226
AEFLPPR;15736
AEFLPRS;10013,10674,15717,17096
AEFLPRU;17126,17159,17202
AEFLPRY;6996,17129,17159
AEFLRSS;4131,4157,7274,10655,10676,16965,16969,17119,17142,17160
AEFLRST;1081,1298,2334,4181
AEFLRSU;10595,14134
AEFLRSY;7270,15782,17064,17229
AEFLRTT;
AEFLRTU;
AEFLRZZ;
AEFLSST;1300,3927,4147,9992,14137,17200
AEFLSTU;4178,10704,15781,15787,17197
AEFLSUV;17222
AEFMNOR;17162,17231
AEFMNRT;13385,15466,15760,17162,17231
AEFMNRU;
AEFMORR;6994,15728
AEFMORS;9269,14106,17209
AEFMORT;2332,17231
AEFMOUW;
AEFMRRS;4185
AEFMRRY;
AEFNNRS;10017,10658,15765,17109,17169,17192,17230,17237
AEFNNST;10708,12897,15778,17237
AEFNOPR;
AEFNOPY;
AEFNORR;1301,10709,14046,14109,15728,16971,17035,17238
AEFNRRS;10703,17230
AEFNRSS;15790,17078
AEFNRSU;4154,17169
AEFNRSW;17218,17241
AEFNSST;1209,10708
AEFNSTT;17240
AEFOPRW;
AEFORRV;10645
AEFORRY;10717
AEFORSW;14075,14133,17226
AEFORSY;17039
AEFORTV;10645
AEFOSST;1300,6016,10608,10708,14145,15730,15799,16998,17049,17082,17163,17181,17188,17200
AEFOSTU;4182,17157,17166,17179,17250
AEFPPRS;
AEFRRST;4185,7307,17221,17247
AEFRRTY;2338,4188,10717,17177
AEFRSSS;10024,10635,17043,17077,17117,17165,17243,17244
AEFRSST;1296,3408,4167,4186,10685,14113,17119,17168,17178,17200,17227,17228
AEFRSTU;6605,17166,17168,17179,17183,17250
AEFRSTW;4185,15741,17229
AEFRTTU;10693,15484,17004
AEFRTUW;
AEFRWYZ;
AEFSSTT;3916,4186,10002,15485,15799,17045,17118,17227,17253
AEFSSUV;10647
AEFSTTT;2340,3929,7308
AEGGGLS;
AEGGGLU;
AEGGGRS;3930,15486,17263,17264
AEGGGRY;17265
AEGGHLR;13399,15803
AEGGHLS;14154
AEGGHMO;17268
AEGGHRS;378,17274
AEGGHSW;
AEGGIJR;17289
AEGGIJS;
AEGGILN;
AEGGIMS;17267,17289,17306,17309
AEGGINR;7311,10724,10730,14159,16955
AEGGINS;6620,7000,7309,10735
AEGGIOS;4190,4195,9310,13402,13406,14163,14164,15804,16991,16992,17267,17271,17294,17301,17302,17309,17322
AEGGIRR;15808,17303,17306
AEGGIRS;17263,17264
AEGGIRT;3932,4198,7310,14167,15710,15803,15810,15823,17299
AEGGIRU;15811,15823,16955,17299
AEGGIST;15805,17271
AEGGISW;17263
AEGGJRS;17289
AEGGJRY;
AEGGLNO;17324,17325
AEGGLNR;
AEGGLNS;3933,4203
AEGGLRR;4196,6999
AEGGLRS;380
AEGGLRW;
AEGGLRY;17293
AEGGLSW;17325
AEGGMNY;4191,15824,17291
AEGGMOW;17268
AEGGMSS;
AEGGNNU;
AEGGNRR;10724
AEGGNRS;378,1085,14172,17331
AEGGNSU;14169,14170,14172,17319
AEGGOST;15827,15832,16991,16992,17271,17309,17329
AEGGRRY;1306
AEGGRSS;4200,15822,17334,17337
AEGGRST;
AEGGRSU;14172,17331,17336,17337
AEGGRSW;17263
AEGGRSY;17336,17337
AEGGRTY;1306,15829,17326
AEGGRWY;
AEGGSWW;17263
AEGHHIT;10741,14175,17340,17345
AEGHIJR;10740
AEGHIKL;6018,15837
AEGHILN;15837,15840,17374
AEGHILR;17339,17395
AEGHIMT;4217,15838,17401
AEGHINP;4211,7324,17360,17361,17362,17374,17375
AEGHINR;7319
AEGHINT;14175,17360,17401
AEGHINV;
AEGHINZ;7319
AEGHIOS;4216,10758,16998,17353,17369,17380,17381,17398,17403
AEGHIRS;10785
AEGHISS;14191,14194,15711,16998,17343,17406,17416,17434,17437,17441
AEGHISZ;17433
AEGHLNO;3936,4221,7332,15840,15858,17374,17385,17386,17451,17453
AEGHLNT;3936,4221,15859,17457
AEGHLOS;3937,17346,17353,17380,17381,17459,17462,17463,17464,17465,17466,17467
AEGHLRU;4224,5584
AEGHLSS;10055,17469
AEGHLST;4225,15863,17445,17455,17463,17464,17466
AEGHLSZ;
AEGHLTW;15859
AEGHMNN;10763,10764
AEGHMNO;4215,15840,15865,15867,17368
AEGHMOR;7331,14202,15835,17268,17399
AEGHMOS;17380,17398
AEGHMSU;2351,7333,17450,17476
AEGHNOX;
AEGHNRS;378,4222,7334,14203,17454,17473,17477,17479,17481
AEGHNRU;7006,7334,14201,17002,17413
AEGHNRY;17480,17482
AEGHNSS;384,10055,10059,10788,15868,17270,17416,17483
AEGHNST;14203,17455,17457,17474
AEGHOPY;14190,14202,17487,17491
AEGHORS;1311,2353,4233,10743,10791,10795,14189,14206,17274,17346,17454,17459,17462,17467,17479,17495
AEGHOSS;4230,10788,17416,17417,17475,17483
AEGHOST;1703,9318,10794,17353,17455,17463,17464,17474
AEGHPRS;4222,4225,4229,4233,9903,10061,10743,10770,10791,14189,15863,15875,17274,17450,17459,17473,17477
AEGHPST;4225,10794,14186,15842,15863,17361,17463,17464
AEGHRST;4225,4226,4235,4236,14193,15492,15863,15871,17005,17350,17439,17476,17497
AEGHSST;3285,4235,4236,4237,14194,16999,17437,17441,17469
AEGIIMN;10747,15888,15891,17282,17503,17557,17561
AEGIKLN;2357,6018,6023,6024,8411,14255,15837,17618
AEGIKLT;17616
AEGIKNP;2358,8412,17620
AEGIKNR;17629
AEGIKNS;17369
AEGIKPP;10837,17620
AEGIKPR;
AEGIKRW;
AEGIKSW;
AEGILLL;15878,15898,17504
AEGILLM;4255,10843,15899,15900,17639
AEGILLN;8413,13035,15837,15898,15899,15905,17021,17374
AEGILLP;15894,17374,17658
AEGILLR;17006
AEGILLS;1313,10848,17294
AEGILLT;15905,17658
AEGILLU;4255,15894
AEGILLV;
AEGILLY;1308
AEGILLZ;17276
AEGILMN;2357,17618
AEGILMR;14266,17025
AEGILMS;17007,17380,17677,17678,17687,17688
AEGILNN;17021
AEGILNP;10858,17374
AEGILNR;
AEGILNS;
AEGILNT;
AEGILNU;4278,7371,14043,14185,14280,17391,17607,17707,17709,17716,17720
AEGILNV;17502,17618
AEGILNY;4128,10757,10868,10875,15939,17394
AEGILOS;4254,17294,17380,17555
AEGILOU;10759,10862,17685,17709
AEGILPS;3436,4243,15717,15924,17748
AEGILRR;3435,4196,6999,10733,14289,15908,17303,17742
AEGILRS;7374,17747,17749
AEGILRZ;4244,4283,4288,7375,15495,15844,15945,17736
AEGILSS;17687,17755
AEGILST;17007,17687,17688,17755
AEGILSV;4197,17746
AEGILTU;1286,2374,4278,4286,7368,10078,14043,14280,17300,17553,17706,17709,17716,17740
AEGILTY;3438,6644,10757,10807,10875,13029,14233,15923,15939,17394
AEGIMMR;3206,4292,9038,10814,17399,17758,17763
AEGIMNN;17503,17517
AEGIMNP;10048,10747,10765,14301,14305,17768,17788
AEGIMNR;
AEGIMNS;15951,15953,17369,17756
AEGIMNT;17788
AEGIMOS;4254,4300,7382,13402,14163,14164,14308,17024,17267,17309,17369,17678,17757,17799
AEGIMPR;4302,15900,17277,17399
AEGIMPS;2359,8420,15924,17668,17678
AEGIMPT;4302,10754,10820,17788
AEGIMRR;17570
AEGIMRS;
AEGIMRT;10836,17351,17382
AEGIMRU;4304,14266,17025,17685
AEGIMRY;10836,17789,17798,17801
AEGIMSS;10806,15711
AEGIMST;4267,10066,17007,17309,17677,17796
AEGIMSV;14310,17796
AEGINNO;1089,6647,7312,7383,14315,14316,17802
AEGINNP;1320,4140,7342,10049,10084,14239,15977,17820,17821,17824
AEGINNR;15895,15973,15977,17802,17807,17811,17820,17821,17824,17827,17833
AEGINNS;3946,4218,13342,17359,17608,17836
AEGINNT;1320,4247,7342,7386,13041,17583,17827,17833
AEGINNU;7386,10764,10774,10894,10895,13041,17414,17765,17820,17827,17833,17835
AEGINNW;15977,17773,17821,17824,17833,17835
AEGINNY;4219,6033,7384,8424,10753,17773
AEGINOR;2344,10882,15816,15976,15988,17418,17419,17631,17802,17811,17812,17840,17851,17852
AEGINOS;4312,15951,15990,17369,17756,17757,17782,17854
AEGINOZ;4307,6028,8425,17536
AEGINPP;2345,17360,17589,17620
AEGINPR;4140,5582,14252,17315,17824
AEGINPS;14305,14326,17361
AEGINPZ;15996,17362,17526,17589
AEGINRR;10907,17823,17824
AEGINRS;
AEGINRT;17807,17811
AEGINRV;318,7350
AEGINRW;15977,17386,17824
AEGINRZ;3415,4283,7319,10730,10817,14159,14237
AEGINSS;17015,17836
AEGINST;17588
AEGINSU;6637,7371,7395,8427,10597,10911,14041,14169,17015,17319,17377,17389,17421,17607,17632,17637,17707,17710,17720,17842,17849,17858,17867,17869,17874
AEGINSY;13429,17608
AEGINSZ;17878
AEGINTU;2382,3449,4278,4286,4320,7368,7398,10750,10774,10894,10895,10914,13041,14323,17300,17553,17601,17706,17709,17833,17851
AEGINTV;10751,17287,17601,17803
AEGINTZ;4307,17583,17589
AEGINVW;
AEGIORT;2369,4212,4260,7020,7310,10095,10096,10097,10887,15931,15965,15976,17382,17418,17741,17798,17807,17811,17851
AEGIOST;4312,10096,16991,16998,17036,17757,17796
AEGIPPR;387,2372
AEGIPPS;
AEGIPRR;10902,15855,17044,17823,17824,17860
AEGIPRS;17735,17747
AEGIPST;14186,15842,17361
AEGIRRZ;7375,15819,15945,17681,17752
AEGIRSS;3426,4142
AEGIRST;1326,3952,7024
AEGIRSV;10099
AEGIRSW;3952,10785,17263
AEGIRSZ;15957,16011,17264,17596,17878
AEGIRTV;17017,17501,17605,17801
AEGIRUY;17034,17751,17835
AEGIRUZ;7375,15945,17685
AEGISST;16998
AEGISSU;7371,10900,10911,15943,17015,17045,17319,17634,17726,17753,17869,17874
AEGISSV;3950,4284,4325,10912,13467,14343,15822,16010,17392,17686,17727,17753,17836
AEGISTU;7024,17345,17438,17604,17880
AEGISTY;14293,17748
AEGISTZ;14160,14313,16011,17572
AEGISUZ;17754
AEGISYZ;
AEGJLNR;
AEGJLNS;17607
AEGJLSS;7400
AEGJLST;
AEGKKNO;
AEGKLOU;
AEGKLRS;1328,4328,17616
AEGKMRY;10836
AEGKMSS;1330,4328,7404,17622
AEGKNOR;3455,7350,7403,14255,17629,17631
AEGKNRS;15505
AEGKRSW;2386
AEGKSST;842,7406,10842,17627,17635,17885
AEGLLLY;17504
AEGLLNO;4256,7407,15898,17324,17374,17643,17644,17645
AEGLLNR;3456,4144
AEGLLNS;10054,15506,15722
AEGLLNT;4143,15905,17888
AEGLLNY;7407,17324,17888
AEGLLOR;4260,15907,16019,17006,17643,17886
AEGLLOT;4256,4260,7359
AEGLLRY;5910,10619,15913,17442
AEGLLST;17893
AEGLLSU;10102,17377,17637,17660,17892,17893
AEGLLSY;4220,14356,17444,17893
AEGLLTU;
AEGLMMR;
AEGLMNR;2387,4145,10103,15507,16023
AEGLMNS;14358,17445
AEGLMOR;2387,2388,10103,10852,17448,17617,17672,17886,17902
AEGLMOU;17685,17886
AEGLMPU;7363,17902
AEGLMRS;4328
AEGLMRU;5584,17025,17448,17675,17685,17886,17887,17902
AEGLMSV;15922
AEGLMSY;8313,14356,16020,17444,17678,17894,17900,17901
AEGLNOS;4327,17884,17898,17899,17906
AEGLNOT;4341,17048,17897
AEGLNPR;13477,15858,16023,17903,17904
AEGLNPS;3957,17884
AEGLNPT;16023
AEGLNRS;17454
AEGLNRT;17051,17903,17904
AEGLNRU;9351,9353,10621,13474,13477,13480,15467,15811,16036,16038,17051,17528,17693,17725
AEGLNRW;16038,17386
AEGLNRY;7031,17903
AEGLNSS;10055,10930,17891,17908,17910
AEGLNST;17445
AEGLNSU;7371,14185,17377,17391,17637,17910
AEGLNSW;15725,17889
AEGLNSY;17457
AEGLNTT;3941,4341,10872,14279,14284,17026,17030,17048,17297,17379,17394,17534,17552,17711
AEGLNTU;14043,14280,16036,17300,17553,17709
AEGLNTW;15859
AEGLNUU;1331,10621
AEGLNUW;6498,16038
AEGLOOZ;
AEGLOPR;1332,4288,7331,10787,10859,10932,14272,15504,15858,17339,17531,17736,17741,17902,17904
AEGLORS;1328,9352,9354,10620,10934,14171,17454,17462
AEGLORT;4212,4260,4341,7310,10787,10861,10932,13031,15931,16019,17382,17711,17741,17904
AEGLORV;7028,7273,10105,17385,17713
AEGLOSS;2394,10930,14359,14361,17049,17898,17907,17908,17915
AEGLOST;14359,17464,17900
AEGLOSU;
AEGLOSV;16017,17905
AEGLOTV;7341,17535
AEGLPPR;387,1332,2372
AEGLPRS;3436,4225,4243,17748
AEGLPRU;1093,13477,17902
AEGLPSS;4330,4334,4346,4347,16026,17895,17919
AEGLPSU;17698
AEGLPUY;
AEGLRRU;4335,4342,15511,17886
AEGLRSS;4328,4346,14198,17469,17895,17918
AEGLRST;15863
AEGLRSV;
AEGLRSY;17470,17893,17894
AEGLRSZ;
AEGLRTU;4335
AEGLRTY;17903
AEGLRVY;17702,17713,17732
AEGLSSS;395,3955,4348,13481,15513,17468,17910,17919
AEGLSST;14359,14361,17049,17469,17891,17908
AEGLSSU;2394,4205,7371,10930,15943,17050,17391,17469,17726,17907,17908,17910
AEGLSTT;1333,4339,4350,7376,17466,17688
AEGLSTW;4349
AEGLTUV;17300,17553,17706
AEGLUUY;
AEGLUVY;
AEGMMNS;7361,10936,17397,17756,17760
AEGMMRS;17397,17559,17758,17760,17763,17894,17923
AEGMMRU;17920,17921
AEGMMSS;4293,10881,10938,17558,17622,17761,17762,17763,17895,17924
AEGMNNO;4351,14364,16046
AEGMNOR;10852,10882,17672
AEGMNOS;10080,10936,17024,17756
AEGMNOT;7378,15824,15867
AEGMNPY;
AEGMNRS;
AEGMNRT;
AEGMNST;15520,17445
AEGMNSW;7034,7380,7414,17899,17927,17931
AEGMNTU;13047
AEGMOOR;14362,17472
AEGMORS;7416,17923,17936,17937
AEGMOSW;7414,17899,17927
AEGMOSY;14356,16020,17329,17678,17894,17900,17901
AEGMOXY;
AEGMRSU;2351,14353,17476
AEGMSUY;10111,17329
AEGMSUZ;
AEGNNOS;3390,9049,9357,10928,17331
AEGNNOT;9356
AEGNNOW;16048
AEGNNPS;14367,17477
AEGNNRT;2399,17692,17700,17827
AEGNNRU;3469,9351,10894,10941,17414,17528,17693,17700,17765,17770,17811,17820,17827,17833,17835,17941
AEGNNST;
AEGNNTT;2379,2399,16021,17297,17583
AEGNNTU;7386,10774,10894,10895,13041,13495,14323,17414,17827,17833
AEGNOOR;3418,3455,7315,7403,10944,14327,14362,14369,17330,17472,17837,17904,17943
AEGNOPT;
AEGNORR;7419,10119
AEGNORS;17331,17890,17906
AEGNORT;7020,7315,15867,15931,15988,16037,17419,17631,17846,17852,17904
AEGNORW;14369,16038,17386,17851
AEGNORY;17039,17330,17482,17840
AEGNOST;4312,14376,15990,16072,16073,17854,17944
AEGNOSY;9358,17039,17485,17782,17906,17945
AEGNOWY;
AEGNPRS;10115,15505,17473
AEGNPRT;4231,9909,16023,17904
AEGNRRS;7334,9910,10790
AEGNRRT;4310,4342,7419,17542,17578,17778,17807,17823,17838,17846
AEGNRSS;2403,7418,13491,16050
AEGNRST;
AEGNRSU;1334,7334,7395,8427,10911,10943,10945,17842,17849,17867,17869,17874
AEGNRSW;7034,13498
AEGNRTU;10894,10906,10914,14323,17051,17323,17833,17941
AEGNRTW;
AEGNRTY;2397,15719,17787
AEGNSSY;
AEGNSTT;
AEGNTTU;7398,10914
AEGOORT;7315,10932,10944,14205,14327,14380,17326,17837,17904,17913,17943
AEGOPPR;1332,17935
AEGOPRS;4233,4360,9359,10094,10124,10743,10791,10886,10896,10949,14381,16080,16084,17274,17473,17628,17775,17795,17923,17936,17952,17956
AEGOPRT;10744,10787,10793,10932,17032,17349,17741,17904
AEGOPST;10794,17464
AEGOPTT;
AEGORRT;7419,10095,15965,17471,17494,17778,17798,17807,17838,17846,17957
AEGORSS;7418,14198,14381,16063,16084,16957,17495,17907
AEGORST;
AEGORSU;4360,7416,14206,14381,16084,17322,17331,17495,17842,17849,17956
AEGORTT;16019,17741
AEGORTU;17494
AEGORUV;10797,16043,17494,17496
AEGORVY;17482,17713,17840
AEGOSST;10919,14312,14359,14361,15966,17049,17799,17800,17891
AEGOSSU;2394,7382,10900,10930,14375,15943,17332,17814,17907,17940
AEGOSTU;2395,10923,17329,17944
AEGOSTW;9318,16072
AEGOSTX;17057
AEGOSVY;
AEGOTTU;
AEGOTTV;10827,15991,17496
AEGOTUV;10797,16043,17494,17496
AEGOTUZ;
AEGPPRS;
AEGPRRS;4233,10791,10841,10949,17274,17923,17936,17937,17951,17955,17956
AEGPRRY;4234,10792,14336,15875,17436,17480,17487,17492,17860
AEGPRSS;17337,17895,17918
AEGPRST;846,4225,15863
AEGPRSU;10949,17337,17956,17962
AEGPRSW;14340,16065,17425,17956
AEGPSSU;3975,4358,17337,17962
AEGPSTU;17438
AEGPSUZ;
AEGRRSS;4148,4373,7400,7415,17327
AEGRRST;1326,4323,4361,4374,7405,17350,17439,17497
AEGRRSU;4232,10949,17350,17497,17930,17956
AEGRRSV;10099,17843,17872
AEGRRSZ;16085
AEGRRUU;
AEGRRUV;17494
AEGRSSS;14292,16074,16077,17333,17664
AEGRSST;10953,17469
AEGRSSU;10795,10911,10938,10945,16059,16084,17050,17337,17469,17495,17792,17907,17918
AEGRSSW;4236,4375,10951
AEGRSSY;10107,17000,17337
AEGRSTT;7336,10946,14208,17005,17476,17497
AEGRSTV;16069
AEGRSTY;4374,14293,17470,17748,17893,17955
AEGRSUV;1222,17867,17880
AEGRSVY;10122
AEGRSYZ;17952
AEGSSSU;17910,17949
AEGSTUU;14349,15529,17944
AEGSTUV;17880
AEGTTTU;
AEHHIKS;9361,16090
AEHHINS;3419
AEHHIRS;3212,6661,10131,10955,10958,14387,17059,17975,17979
AEHHIST;7423,16090,17059,17345
AEHHLST;3479,4379,4381,7423,14177,16090,16092,16099,17060,17969,17982,17984
AEHHLTY;
AEHHNRS;14394,16094,17975
AEHHPRS;10743,17059,17975,17983
AEHHRRS;
AEHHRSS;14387,17978
AEHHRST;17059,17975
AEHHSSS;6662,7422,13053,17972,17992,17995
AEHHSST;401,7428,8433,10968,10973,17992,17993
AEHHSTY;13054,14397,16104,17984
AEHIILR;2411,5795,8435,10979,10983,17351,17996,18006,18007
AEHIIRR;8429,10998,10999,16993,18021
AEHIJRS;
AEHIKLT;17997,18033
AEHIKNS;7434,7437,8441,10140,11005,16113,16114,17266,17369,17998
AEHIKPS;4389,10140,11006,16114,17371,17998
AEHIKRS;4391,18038
AEHIKSS;11008,15732,18028
AEHIKST;402,4149,4389,4391,7437,16090,16114,17266
AEHIKSW;14416
AEHIKSY;11005,17064
AEHILMN;7431,15840,17378,17379,18060
AEHILMO;15840,16091
AEHILMS;4209,4210,7443,13243,16115,16122,18054,18060,18065
AEHILMY;16123
AEHILNR;4397,15540
AEHILNS;4398,6412,6665,7446,16118,16129,16130,17970,18060,18070,18076,18083
AEHILNY;16128,17394,18078
AEHILOR;3487,14421,17339,17386,18006,18007
AEHILPR;13542,14434,14439,16121,16134,17339,17395,18006,18007,18061,18085
AEHILPT;4384,6046,10754,10976,10978,14405,16121,17375,18061,18075,18085
AEHILRS;17996,18065
AEHILRT;4397,6046,10630,11004,14425,17996,17997,18065
AEHILRU;10630,14421,14439,18006
AEHILSS;10628,11047,14423,16960,17061,17965,18004,18027,18028,18032,18043,18063,18076,18087,18096,18097
AEHILST;4149,7423,14061,16090,16115,16117,16130,16133,17970,18053,18060,18065
AEHILSW;6047,11046,16117,16143,18010,18053
AEHILTT;14063,18075,18078
AEHILTY;11023,13029,16119,17394,18078
AEHILUV;
AEHILVY;13546,18099
AEHILWZ;
AEHIMMR;2440,10987,16144,17399,18100,18101
AEHIMMS;16144,17397,17398,18011
AEHIMNR;3480,4405,16146
AEHIMNS;4216,13060,16118,17369,18058
AEHIMNT;17379,18107
AEHIMNY;4405,4408,11005,11056,11070,17341
AEHIMPS;7440,18011,18041,18126
AEHIMRS;7042,16144,16962,17381,18062,18065,18101
AEHIMSS;7043,16125,18028,18043,18063
AEHIMST;4415,16115,16962,18065,18129
AEHINPR;4211,4405,7464,11065,14456
AEHINPS;7446,16109
AEHINPT;17360,17362,17375,18029,18075
AEHINRS;
AEHINRT;4397,17063
AEHINSS;4419,17416,18004
AEHINST;16130,18153
AEHINSV;4398,8320,18060,18104
AEHINSW;1985,9392,10623,16118
AEHIORR;6051,6669,7329,7465,8466,9373,13065,17344,18040,18089,18090,18109,18110,18143,18167,18171,18172
AEHIPPR;4421,13542,16134
AEHIPPS;4416,14432,14438,16109,16135,17409,18009,18071,18142
AEHIPPT;4384,4388,4421,9393,17360
AEHIPRS;
AEHIPSS;4419,7449,17076,17416,17434,17437,18036,18087,18096,18165
AEHIPST;18165
AEHIPSW;14462,14483,17425,18155
AEHIPTZ;2437,17362,17367
AEHIQSU;14464,18082,18157
AEHIRRR;5592
AEHIRRS;10634,11127
AEHIRSS;
AEHIRST;18065
AEHIRSV;
AEHIRSW;
AEHIRTW;6670,9399,14474,17440,17997
AEHIRWY;17977
AEHISST;16998,17434,18165
AEHISSV;7043,9997
AEHISTT;1342,4415,6672,14193,17345,17407,18129,18179
AEHISTY;4408,4425,18125,18134,18135,18141
AEHISTZ;18065,18178
AEHISVY;13546,18099
AEHITTW;9399,14063,17440
AEHJLOW;
AEHKMSS;1989,3990,16199,17065,18028,18034,18191
AEHKNRS;6064,7434,8441,18031,18038
AEHKNRT;10193
AEHKNSZ;
AEHKOOR;18040
AEHKOSS;7051,7475,7476,16196,16199,16200,17078,18191
AEHKPRS;10196,11006,17371,18187,18188
AEHKPSU;
AEHKRRS;4391,11007,18035,18193
AEHKRSS;2484,3990,4427,6066,7473,11008,11144,11145,13576,16196,16199,17078,17372,18031,18038,18039,18191
AEHKRSW;1104,4426,7474,18187,18193
AEHKSSY;11146
AEHKSWY;4426,9405,11146
AEHLLLS;11148,14419
AEHLLOS;2420,4433,7438,11011,11016,14492,17966,18045,18046,18049,18198,18202
AEHLLOV;13535,18046
AEHLLRS;3508,4150,4432,7279,9407,11152,18051
AEHLLST;4150,7322,7423,15545,16115,16117,17080,17081,18045,18053,18197
AEHLLUV;
AEHLLYZ;
AEHLMNO;11021,11149,15840,16212,18204
AEHLMNY;11149,14501
AEHLMOR;7331,8480,11021,11139,14497,14500,14502,15857,16214,17448,18061,18203,18204,18211
AEHLMPS;4210,4431,7440,7441,9919,10142,10203,10204,11156,15547,16217,17444,17450,18064,18209,18213
AEHLMPW;
AEHLMRS;4394,7054,9379,11025,13588,15547,16217
AEHLMRT;3484,3993,4436,14500,15857,16121,16124,16213,16214,17351,17378,17382,17448,18061,18185,18203,18211
AEHLMRU;5584,17448,18185
AEHLMST;3305,3994,7443,16099,16115,17082,17445,18054,18060,18197,18209
AEHLNOS;4433,4437,18070,18198,18214
AEHLNOT;1718,4221,4396,8477,14427,17968,17981,18075,18219
AEHLNRT;11032,14425,14427,14500,18203,18219
AEHLNSS;4427,4439,11165,18004,18031,18032,18083
AEHLNST;17445,18060
AEHLNSU;1343,7446,17377,17383,17456,18186,18217
AEHLOPR;7331,10643,14433,14497,15736,15858,17339,17983,18006,18007,18201,18204
AEHLOPT;17272,17461,17968
AEHLORS;4441,7484,17346,17454,17459,17462,17983,18214
AEHLORT;13031,13574,14500,15857,16214,17448,18203,18211,18219
AEHLOSS;6063,7484,10628,11034,11047,11162,11165,11170,11175,13580,14071,14508,16100,16209,16215,17084,18027,18063
AEHLOST;1344,13597,16099,16133,17060,17353,18008
AEHLPRS;7054,11156,15547,16217,16227,17450,17459,17983,18230,18231
AEHLPSS;4439,7055,16197,17971,18097,18194,18213
AEHLPST;4438
AEHLPSY;3489,4213,4220,7453,8486,10761,10957,13247,16135,16217,16227,17444,17464,17465,17984,18009,18081,18096,18097,18209,18213,18230
AEHLRSS;3518,3997,4427,7484,13576,14198,14508
AEHLRST;17996,18231
AEHLRSU;7279,7474,18225,18228,18229,18230,18231,18232
AEHLRSV;18227
AEHLRSW;4226,7474,10217,11046,16226
AEHLRTY;2492,4449,9414,11179,14510,18211,18232
AEHLRWY;14510
AEHLSSS;15548,15735,16102,17061,17068,17390,18033,18083
AEHLSST;
AEHLSSY;3518,4439,11165,14062,14508,16215,16218,16233,17449,18004,18032,18063,18094,18096,18097,18098,18196,18213,18224,18226,18232
AEHLSTT;17080
AEHLSTW;3516,3994,6047,6680,10217,13597,14506,16117,16143,16226,17060,18010,18053
AEHLSWY;13547,17457
AEHLTWY;14510,17457
AEHMMNS;7488,8487,17072,17397,18233,18234
AEHMMRS;7426,10219,10220,10987,16144,16198,16234,17397,18101,18188,18189,18235
AEHMMSS;9415,16235
AEHMMSY;18189,18233,18234
AEHMNOR;4450,4451,14500,15551,18203,18243,18244
AEHMNOS;11057,16236,18108
AEHMNOT;4450,4451,11186,15865,18107,18113,18237,18238,18243,18244
AEHMNOY;11056,11062,11149,14501,18057,18058,18244
AEHMNPY;11065,11188,18057
AEHMNRU;11060
AEHMNST;17445,18249
AEHMOPT;18122
AEHMORT;7061,7489,14450,14500,16214,16242,16245,16246,16249,18203,18211,18244
AEHMPRR;14389,18100
AEHMPRS;7054,14516,16217,17450,17473,18188
AEHMPTY;11085,17987,18122,18125,18134,18135
AEHMRRS;7333,13588,16239,18254
AEHMRSS;14518,17087
AEHMRST;4153,16962,18189
AEHMRTU;9417,11194,14201,14450,17448,18185
AEHMRTW;2482,4002,4451,15552,16240,18185,18244
AEHMSSS;16250
AEHMSST;14512,17082,18195,18242
AEHMSTT;4003,4153,4415,4457,17407,17476,18013,18054,18248
AEHMSTU;4415,18197
AEHMSUW;
AEHMUZZ;
AEHNNTU;1348,9422,10774,13606,14455,17414,18103,18139
AEHNNWY;
AEHNOPT;16257,17968,17981,18029,18075,18218
AEHNOPW;
AEHNOPY;2502,3520,4378,11205,14393,14504,18057,18218
AEHNORS;5594,11097,16255,17454,17479,18072,18143,18214,18264,18269
AEHNORT;4450,4451,6682,7493,14203,14494,14500,15560,17002,18203,18219,18243,18244
AEHNOSX;11097,14523,16113,16259,17982,18153
AEHNPPS;4416,4438,4464,10776,11211,13609,16109,16262,17409,17420,18020,18071,18142
AEHNPRS;5594,9921,10237,16262,17473,18264,18269
AEHNPRT;3307,4231,16213
AEHNPSS;14522,16097,17416,17483,18036,18037,18239,18266
AEHNPST;
AEHNPSU;7446,18155,18217,18234,18267
AEHNPTY;3520,8490,11205,16257
AEHNRSS;4427,7497
AEHNRST;3521,6683,7493,14203,18273
AEHNRTU;4137,17002
AEHNRTX;4397,4440
AEHNSSS;384,3522,15548,15735,16268,16269
AEHNSST;4452,7493,18247
AEHNSSU;4010,10059,11213,15868,16105,16178,17484,18158,18164
AEHNSSZ;
AEHNSTY;4408,14468,18161
AEHNSUW;
AEHNSUY;3423,11168,17485,18186,18234
AEHNTTW;
AEHOORT;11090,14057,14205,14473,14521,14526,16242,17988,18085,18167,18238,18262,18276,18278,18279
AEHOPRT;9364,10744,10793,14526,14532,17349,18276,18278,18279
AEHOPST;4469,10794,18166
AEHORRS;1311,4233,5595,7484,15564,16271,17003,17274,17403,17462,17479,18089,18109,18143,18171,18264,18274
AEHORST;3521,14494,18193,18293
AEHORSX;9365,10247,11097,11111,14523,16248
AEHORTU;7486,17002,17004,17448,17494,17496
AEHORTX;4454,6083,16214,16284,18167
AEHORUV;17494,17496
AEHORUW;7069
AEHOSTU;7495,14397,18153,18179
AEHOSTW;1344,6084,7499,11118,11231,16226,17060,18193,18202,18293
AEHPPRS;413,4470,4471,18230,18298
AEHPPRW;
AEHPPSU;18230
AEHPRRS;413,4233,5595,17274,18264
AEHPRSS;1997,2512,4470
AEHPRST;3526,4471,18231
AEHPRSW;14462,14483,17425,18155
AEHPRTT;4443,4457,15740,18278,18299
AEHPRTY;4466,14526,15864,16228,16230,17349,18276,18279,18287,18299
AEHPSST;3312,4008,9087,9404,10197,17437
AEHPSSW;4015,4467,11171,14522,16197,18223,18288
AEHPSTY;4425,4469,4471,14485,16274,17464,17984,18125,18134,18135,18209,18221,18258,18284,18287,18291,18292,18299
AEHQRSU;866,3313,6081,11127,18082,18157
AEHQSSU;1345
AEHRRSS;7484,14534
AEHRRST;3527,6683,6690,17003,18193,18254,18274,18293
AEHRRTU;11131,14532,17494,18172
AEHRSST;3908,16291
AEHRSSV;2484,3528,17084
AEHRSSW;3528
AEHRSTT;1352,3526,4448,4457,6672,7336,14193,14208,17428,17476,17497
AEHRSTV;4453,14069,17429,18099,18119
AEHRSTW;1352,3221,3527,4226,7499,14528,18193,18293
AEHRSVW;
AEHRSWY;4426
AEHRSXY;868,14537
AEHRTUU;
AEHRTWY;14510,15876,17977,17994,18244
AEHSSST;4237,7487,10218,10242,11167,11203,11224,16102,16250,16268,16269,17992,18257,18286,18289,18290,18291,18297
AEHSSSW;14509,16269,17995,18290
AEHSSTW;
AEHSTTU;1342,4415,4447,4448,7336,7495,13600,14208,17080,17345,17431,17438,17476,17497,18024,18129,18164,18179,18292
AEHSTUX;16193,17432,18153
AEHSTVW;
AEIIKLR;16294,18340,18342,18344
AEIIKNT;16296,18350
AEIIKSS;11249,17091,18000,18353
AEIILLT;4238,5928,7518,10976,11253,14539,16108,16300,16301,17504,18306,18358,18362,18368,18371,18372,18373,18376
AEIILMP;9089,13077,14218,14553,15836,17513,17963,17964,18396
AEIILMR;8435,9452,10265,10979,13627,14563,16304,18311,18379,18386
AEIILNN;10648
AEIILNR;13627,14563,16306,18340,18342
AEIILNX;7077,7530,17525,17538,18003,18417
AEIILRR;14591,15573,15574,16294,16298,16314,16316,16317,18365,18371,18372,18448,18449
AEIILRS;4243,15573,17104
AEIILRV;1356,4242,6983,7285,11281,14557,16317,17537,18436,18464
AEIILRZ;4244,4499,7076,7539,15574,16301,18007,18311
AEIILSS;1353,4490,6701,6705,14230,14583,14588,16313,18337,18399,18400
AEIILST;4490,16313,18395,18447
AEIILSW;7340,7547,14595,18010
AEIILTZ;2519,4499,14212,14585,16301,17354,18311,18396
AEIIMNT;7505,10274,10277,15891,17095,17283,17520,17522,17564,18308,18350,18386,18468
AEIIMPR;2525,11309,16326,18322,18468,18482
AEIIMRT;2525,3481,3540,4507,7522,8436,10979,10991,14406,14615,17283,17351,17520,17564,18311,18386
AEIIMRV;16326,18490
AEIIMST;4490,4504,7525,7526,13075,14566,14569,14597,15742,17007,18312,18359,18395,18404
AEIIMTT;4507,11315,18495,18499
AEIINNS;7344,16323,17106,17359,17582,18303,18503,18513,18518
AEIINOP;4386,10988,11328,11329,14083,14408,14409,14570,14572,17110,17111,18385,18414,18416,18520,18521,18522,18524,18525,18527
AEIINQU;11324,12848,14084,17288,18482,18486,18528,18539
AEIINRR;13624,16332,17108,18540,18541
AEIINRS;4477,17110,17363,18020
AEIINRT;7556,17283,18350,18541
AEIINST;18019
AEIINSX;9457,11282
AEIINTX;11332,14623,17601,18533
AEIIPRR;2529,8518,10998,16294,16332,18557,18558
AEIIRRV;16317,17501,18334,18558
AEIIRST;1366,5477,5600,6102,7559,17604
AEIIRSW;14659
AEIITTV;16340,17605,18302,18334,18405,18436,18445,18464,18499,18539
AEIJKLM;
AEIJKLW;
AEIJLNV;17502
AEIJLNW;
AEIJLRS;1368,10288,18574
AEIJLSZ;
AEIJMMR;14663
AEIJMMS;
AEIJMNS;
AEIJNNS;11361,17608,17609,18577
AEIJNRS;4476,4477,5585,18574
AEIJNRT;10830,11362,17610,18578
AEIJNST;6105
AEIJNTU;9493
AEIJRSV;
AEIJRZZ;
AEIJSSV;18576
AEIKKLO;10831
AEIKKPS;8526,11364,15576
AEIKKST;402,4516,6107,7087,11364,16355,16356,18341
AEIKLLW;16359,18030
AEIKLLY;16359
AEIKLMN;2357,4020,4478,13625,17618,18585,18588
AEIKLMP;
AEIKLMR;4519,16360,17617,18582,18585
AEIKLNO;6024,7560,14255,16361
AEIKLNP;6108,16361,17620,18342
AEIKLNR;14255,17018,18340,18342,18585
AEIKLNS;2541,4020,18585
AEIKLNT;10292
AEIKLNU;6108,7562,7563,14666,14668,16361
AEIKLNV;2541
AEIKLOR;4519,7435,10831,11368,14255,17617,18344
AEIKLOT;
AEIKLRR;4521,6110,10294,10800,16294,16364
AEIKLRS;1368,5808,6718,10007,10295,14087,17121,18344,18582,18585
AEIKLRT;4519
AEIKLRV;
AEIKLRW;18030
AEIKLRY;4521
AEIKLSS;11249,18028
AEIKLST;18033
AEIKLSW;18593
AEIKLWX;
AEIKMMS;17121,18585
AEIKMNP;2358,11370,18596
AEIKMNR;4523,18350,18596
AEIKMNS;3227,4020,11005,17369,17623
AEIKMPR;18596
AEIKMRW;
AEIKMSS;4520,6719,11249,14671,18028,18586
AEIKMST;
AEIKNNT;7320,7349
AEIKNPR;7565,15744,18342
AEIKNRR;13665,17629
AEIKNRS;
AEIKNRT;4523,7565,18350,18596
AEIKNRW;
AEIKNSS;14673,18597
AEIKNST;16356
AEIKNSW;
AEIKNSY;11005
AEIKNSZ;1372,18347
AEIKNTU;17633
AEIKNTY;14665
AEIKNYZ;
AEIKOST;6722,16356,17630,18602
AEIKPRR;16294
AEIKPRS;15576
AEIKPRW;
AEIKQRU;
AEIKRRS;4391,7564,11007,11372,18035,18593
AEIKRSS;6719,11008,14671,15745,17372,17622,18601
AEIKRST;4391
AEIKRSU;5813,10295,10669,18582,18598
AEIKRSW;18593
AEIKRSZ;4518,16371
AEIKSSS;7094,7422,10298,10305,11376,16373,16378,18351
AEIKSTT;7437,16374,16379,18341
AEILLMN;2542,4478,7073,7097,10843,13667,15899,17639
AEILLNR;2546,4159,6092,6119,7513,8533,11255,14684,14686,14687,15746,17126,18306,18340,18342,18626
AEILLNS;1114,1377,5935,6116,6119,7074,7574,8534,11011,11258,14681,14683,15746
AEILLNU;638,1375,2542,4538,6117,7102,7287,7569,7575,7577,8533,17126
AEILLNY;2548,7511,8131,8534,11012
AEILLOV;9499,11261,13535,17506,18046
AEILLPR;4534,4545,6988,16107,16390,17126,17129,18342,18360,18368,18618,18626
AEILLPS;16297,16388,17966,18041,18607,18617
AEILLPU;4538,5815,8536,11382,11387,11409,14691,15894,17126,17648,18614,18626
AEILLPY;4545,14695,17129,18360,18617,18618,18639
AEILLQU;4255
AEILLRR;2553,4548,9498,13681,14686,14696,18371,18372,18647
AEILLRS;18611
AEILLRT;11262,11389,18306,18368,18371,18376,18624
AEILLRU;4538,5678,7102,7575,8445,8533,8536,11382,11409,13681,14421,14687,17126,17130,18626
AEILLRW;15579,16359,16395,18030,18642
AEILLSS;14091,16960,17965
AEILLST;18042,18616,18625
AEILLSW;11398,15579,15904
AEILLUV;1732,6122,9503,11414,13684,18641
AEILLVX;
AEILMMN;
AEILMMR;16404
AEILMMS;7571,7585,18354,18659
AEILMNN;16409,18055,18654
AEILMNO;639,4160,4532,15840,17618,17670,17672
AEILMNP;4533,16403
AEILMNR;2018,2566,3559,4565,7097,16304,16409
AEILMNS;
AEILMNT;
AEILMNU;419,2542,4160,7112,8339,10321,18055
AEILMOR;8399,17672
AEILMPR;1388,2423,2566,4534,4570,15900,16121,16426
AEILMPS;4210,15924
AEILMPT;1388,4488,4533,4570,4573,7522,7593,16121,16403,16426,18061,18396
AEILMRR;2573,4560,4570,11430,17136,18671,18689
AEILMRS;18582
AEILMRT;7522,14266,17351,18311
AEILMSS;10144,11026,11442,16125,16421,17967,18028,18063,18398,18399,18699
AEILMSZ;4487,4555,4569,10145,11025,11276,11277,14567,14569,14722,16406,18065,18388,18393,18713
AEILMTY;4535,7589,7595,10308,10807,11023,11389,13102,15923,16119,16123,18615,18623,18654,18663,18676
AEILNNY;6734,7511,7602,7603,11450,14703,17123,18055
AEILNOP;17670
AEILNOR;7126,7560,7607,12849,18575
AEILNOS;2544,7574,8447,8503,10981,11011,11029,17144,18070
AEILNOT;4396,4532,4585,4592,8504,11393
AEILNPR;6130,7611,11255,14684,17126,18342,18626
AEILNPS;
AEILNPT;
AEILNPW;13707
AEILNPX;7077,7530,10149,17525,17538,17699,18003,18417
AEILNQU;419,7588
AEILNRR;2583,3576,4560,6131,6736,18671,18672,18734,18742,18743
AEILNRS;
AEILNRT;3578,4397
AEILNRV;11480,15540
AEILNRW;3578,4565,11427,17386
AEILNRX;4159,4397,4590,7126,7607,11479
AEILNRY;3576,4565,6738,7602,7605,7607,9516,16128
AEILNSS;14753,18083
AEILNST;16130,16444
AEILNSU;17143,17377,17607,17637,17707
AEILNSV;7574,18083,18439
AEILNSW;7591,13106,14753,16118
AEILNSX;4605,9457
AEILNSY;7609,7612,17134,18392,18439,18632,18680
AEILNTU;1358,1393,4278,4286,4592,5606,5608,5944,7284,7368,7535,7569,10672,16446,17097,17300,17553,18425,18746
AEILNTV;
AEILNUV;2588,4592,10335,11450,16460,18425
AEILNUW;6534,6733,7600,11427
AEILNVY;11450,17702,17713,17732,18439
AEILOPP;13540,14402,14432,14669,16482,17708,18690
AEILOPR;3533,7614,14434,14757,17339,18006
AEILOPS;16131,16297,16388,16482,17966,18046,18087
AEILORV;1379,7594,7614
AEILOSS;16421,18063,18087,18399,18690
AEILOST;1380,7624,15578,16133,18008
AEILOTV;4592,18440
AEILPPR;387,423,2372,3574,4612,10353,11294,16134,16494
AEILPPS;11469,13078,14432,14588,14669,16135,16438,16453,16482,18009,18400,18607,18690
AEILPRS;426,4243
AEILPRT;
AEILPRV;4277,7614,8552,17537,17723
AEILPSS;17971,18087
AEILPST;
AEILPSY;3489,4213,5818,7453,7612,8344,10359,10761,10957,14090,16135,16388,17621,17650,17678,17721,18009,18617,18771
AEILQTU;
AEILRRS;5497,10654,10733,17742,18593
AEILRRT;
AEILRSS;
AEILRST;
AEILRSV;18808
AEILRSW;3323,6745,10871,11046,13020,16435,16468,17731,18593,18791
AEILRTT;18805
AEILRTU;4036,14699
AEILRTW;3578,9540,17140,18791,18799
AEILRTY;4535,7515,7595
AEILRVV;
AEILRVY;2557,7285,10370,11521,17702,17713,17732,18464,18618,18792
AEILRWY;4565,16395,17130
AEILSSS;2598,3595,7120,7457,7628,9511,9539,10156,10362,11421,11434,11442,14716,14753,14778,16139,16418,16428,16475,16476,16497,16511,16512,18087,18095,18096,18657,18687,18708,18801,18810
AEILSST;3595,4490
AEILSSU;4624,8400,10364,11512,11522,15943,17156,17753,18453,18651,18796,18802
AEILSSV;4284,11482,18364,18399,18576
AEILSSW;7591,11522,13106,14753,16362
AEILSTU;3599,4624,9131,10078,10985,11247,11292,13740,14298,17740,18378,18811
AEILSTV;
AEILSTW;6047,16435,18791
AEILSTY;18609
AEILSTZ;2603,3600,4604,7624,11518,13717,16394,18065,18713,18767
AEILSVV;18439
AEILTVY;1383,18356,18464,18782,18792,18803
AEILUVX;
AEIMMMS;14597,16515,18812
AEIMMNS;4162,4628,10372,17072,17161,17397,17760,18323,18469,18820
AEIMMOS;7571,7585,14106,14163,14784,17398,17558,17763,18659
AEIMMPS;18011
AEIMMRR;18100
AEIMMRS;4292,16144,17397,17759,17760,17763,18819
AEIMMRT;4626,9543,11524,11528,16516,16517,18100,18818
AEIMMSS;2037,4629,17558,17763,18471
AEIMMST;18323
AEIMMZZ;
AEIMNNT;4640,13749
AEIMNOR;1412,4626,4641,4643,7311,16521,16531,17035,17162,17672,17779,18840,18861
AEIMNOS;4632,6141,8557,10080,11057,11532,15951,16522,17106,17369,18108,18834
AEIMNOT;7378,16531,17162,18107,18113,18861
AEIMNOU;1412,2609,7378,7640,10321,11060,17765,18817,18840
AEIMNPR;11065,11309,11540,13753,16146,18322,18468,18482,18596,18818,18846,18852,18854,18870
AEIMNRR;11311,17108,17162,18110,18596,18671,18672,18837,18861,18873
AEIMNRS;4162
AEIMNRT;14796,17162,18350,18468,18596
AEIMNRV;3609,10380,11068,16529,17766,18119,18490
AEIMNRW;4041,4565,7380,11427,13112,14663
AEIMNSS;18485
AEIMNST;18877
AEIMNSW;7380,7591,13112,13761,16118,16150,16368,18871
AEIMNTX;4643,17401,18107,18113,18851
AEIMNTY;4408,10383,11070,15923,16119,17095,17134,17772,17773,17782,18392,18486,18588,18654,18663,18680,18844
AEIMNUV;18490
AEIMOOP;11022,17670,18122
AEIMOPR;16516,17399,18856,18889
AEIMORR;2615,6143,10384,11430,11549,11550,16549,18110,18671,18689,18837,18861
AEIMORS;11078,11554,14106
AEIMOST;2614,4300,4657,11074,11081,17309,17796,18125,18129,18878,18882,18883
AEIMOTX;14815,18107,18113
AEIMOTZ;7115,18396,18885
AEIMPRR;18837,18896
AEIMPRS;14613
AEIMPRT;1388,4302,4648,7522,7593,15591,16326,16516,18468,18818,18846,18870
AEIMPRV;15591,16326
AEIMPSS;18485
AEIMPST;18878
AEIMPSV;
AEIMPSW;18871
AEIMPSY;11085,16153,17678,18124,18125,18126,18134,18135,18617,18854
AEIMPTX;
AEIMRRR;3945,17108,17789,18873,18896
AEIMRRS;11319,11372
AEIMRRV;11438,13772,15970,16549,17801
AEIMRSS;
AEIMRST;16962
AEIMRSU;10082,10990,11304,13746,14613,18582,18824
AEIMRSV;7042,10380,10392,11068,11433,11554,13772,14310,16529,16556
AEIMRSW;3237,4413,7380,10392,11554,13112,16368
AEIMRSY;11078,16153,18124
AEIMRTU;4304,4665,4666
AEIMRTV;3540,3609,4665,14829,17801,18490
AEIMRTW;17140
AEIMRUZ;4666,17685,18903
AEIMSSS;2618,3616,9511,11421,11434,11442,13115,17165,18398,18708
AEIMSST;4490,7525
AEIMSSV;7043,16545,18399,18881,18902
AEIMSSW;4413,7591,7649,14107,16125,17142,18619,18871
AEIMSSY;3616,4567,11561,17800,18063,18134,18841
AEIMSTT;327,4415,4657,11539,17309,17407,18129,18842,18872,18877,18882,18883
AEIMSTZ;3615,11276,13646,14569,15963,16157,16163,16371,17572,18065
AEIMSUV;16556,18902
AEIMSXX;
AEIMTYZ;
AEINNNS;4218,4268,11562,11563,11565,15974,17608,18503,18834,18836,18910,18911
AEINNOT;1392,4577,4668,18136,18505
AEINNPR;2624,4140,4674,10016,14543,15977,16164,17690,17820,17821,17824,18137,18510,18511,18626,18723,18846
AEINNPT;1320,2624,4577,4674,10084,10173,10960,16164,16567,17699,18137,18511,18723,18846
AEINNRS;
AEINNRT;4674,4675,16164,17833,18140
AEINNRU;3618,4675,4677,8459,11305,11324,11449,11531,13777,16525,17414,17693,17700,17765,17770,17820,17827,17833,17835,18139,18626,18726
AEINNSS;3946,8348,8565,8917,10395,10856,15978,16574,17290,17704,18841
AEINNST;434,4492,18503
AEINNSW;
AEINNSZ;4679,16526,17810,18519,18845,18927,18936
AEINNTT;13702,13749,16324,16412,16446,16563,16567,17090,17297,17583,18329
AEINOPS;7657,13121,14083,14846,17628,18852
AEINOPZ;18073,18856
AEINORS;16581,18143
AEINORT;15988,16587,16973,17176,17631,17851,17852
AEINOSS;5950,11363,17075
AEINOST;15990,16356
AEINOSV;7574,11567,13104,14710,17144
AEINOSZ;5611,6150,7606,8516,11467,11532,18070,18347,18388,18845,18927
AEINOXZ;
AEINPPP;17817,18945
AEINPPR;10408,11334,15744,16330,16331,18747
AEINPPS;2580,4416,9152,11469,13664,13788,16109,16438,18142
AEINPRS;18852
AEINPRT;18846
AEINPSS;4419,18036,18483,18485,18597
AEINPST;
AEINPSW;7657,13121
AEINPTT;14638,14851,18521,18857,18965
AEINPTU;4278,4593,11104,13794,14638,14851,18527,18965
AEINPTY;18147,18511
AEINQTU;
AEINRRS;226,897,1418,1744,2531,2640,6098,6147,11586,11600,18972
AEINRRT;1295,4560,18873
AEINRSS;7672
AEINRST;
AEINRSV;1418,1421,4696,7566,10380,18545
AEINRTT;15598,16614,17063,18546
AEINRTU;17833,17851
AEINRTW;14858
AEINRUV;1398,2588,11480
AEINRUW;11427,14858,17832,17833,17834,17835,17851,18934
AEINRUZ;4601,11480,13124,13803,18536,18575
AEINRVV;15599,16587
AEINRWY;4565,17977
AEINSSS;14753,17813,18937
AEINSST;
AEINSSV;4284,10912,11482,17727,18364,18756
AEINSTT;
AEINSTU;405,434,2459,2612,4672,10400,11565,17116,18153,18850
AEINSTV;18104,18119
AEINSTW;13761,16617
AEINSTX;14115,16130,16479,16970,17432
AEINSTZ;4604,4679,7670,13717,13793,16179,18927,18936,18997
AEINSVV;13809
AEINSWY;17731
AEINTUV;4286,4592,14746,16460,17300,17553,17601,18425,18533,18539
AEINTVW;
AEINTVY;10419,11339,11627,16603,17600
AEINTXY;16614
AEIOPRS;1423,7676,10094,10421,10661,16581,16974,17628,18998
AEIOPSS;1423,7449,16375,17076,18015,18087,18690,18998
AEIOPST;4704,18125,18166,19012
AEIOQSU;16547,17180,18783,18858,19013
AEIORRR;3587,4609,11569,14631,18784
AEIORST;16991,19002
AEIORSV;
AEIOSST;14067,14481,16998
AEIOSTT;4704,14611,16532,18480,18532,18882
AEIOSTZ;4704,7624,11576,16628,18166,18178,18767,18781,18927,19002
AEIOTZZ;
AEIPPPR;13730,16493,18945
AEIPPPS;11500,16493
AEIPPRS;7676
AEIPPRT;2262,4421,10353,10408,11294,11334,13816,18548
AEIPPRY;4421,7676,9486,18771,18896
AEIPPRZ;16331,18772
AEIPPSS;14588,18400,18555,18604,18690
AEIPPST;
AEIPPSY;7676,8576,16135,18009,18168,18771
AEIPRRR;18896
AEIPRRS;16974,17173
AEIPRRT;4053,18557
AEIPRSS;18608
AEIPRST;
AEIPRSU;10429,11123,11125,17179,17880,19011,19030
AEIPRSV;4512,10430,15994,18333
AEIPRSW;
AEIPRTT;11295,14656,16645,18368,18548,18557,18887,19008
AEIPRTV;17590
AEIPRTW;13816,16632,18846,18949
AEIPRXY;
AEIPSSS;4546,4709,11119,13818,14652,14889,17076,18087,18096
AEIPSST;16966
AEIPSSV;11639,16376,18036,18902,18916
AEIPSSW;17184
AEIPSTT;11640,19012
AEIPSTU;6743,7455,7615,11123,11126,14440,14728,16637,17179,17438,17880,18064,18902,19011,19012,19030
AEIPSTV;16376,16458,18442,18549
AEIPSTW;14453
AEIPTXY;4425
AEIQRUV;16556,16648,18157
AEIQSSU;5614,8350,14773,16598,16647,17319,17726,18604,18605,18651,18796,18904,19033
AEIRRRT;10692,11619,14774,18784,18873
AEIRRRV;10692,16629,18784
AEIRRSS;3401,4166,8923,10662
AEIRRST;14823
AEIRRSV;331,1418,2640,4659,5829,7566,11509,13772,16496,16505,17750,18593
AEIRRTT;4324,14878,18887,19008
AEIRRTW;
AEIRRTY;6755,7165,13572,14816,16158,16603,16652,18873,18930,18931,19009
AEIRRVV;
AEIRSSS;4709,9539,10024,10362,10389,10441,10635,13115,13798,14292,14670,14770,16139,16378,16507,16536,16550,16605,16606,17043,17165,17664,18116,18819,18829,18974
AEIRSST;
AEIRSSU;16647,17156,17753,18453,18455,19019,19037
AEIRSSZ;2595,11646,16319,16354,16651,18831
AEIRSTT;
AEIRSTV;14069,18808,18935
AEIRSTW;18791,19002
AEIRSUZ;10367,16503,16636,17754,18463,18649
AEIRSVV;4705,19020
AEIRSVW;10392,14675,14892,18593
AEIRTTT;1409,2263,2470,2653,4651,4697,10417,11555,16142,16437,16539
AEIRTTV;4038,4665,15598,16540,16645,17605,18334,18457,18464,18545,18808
AEIRTTW;6747,9399,9540
AEIRTTX;4701,7158,7665,10915,11609,11649,15758,16005,16614,19008
AEIRTUY;6060,7685,8555,8580,11377,11510,11517,11521,11627,14820,17034,17751,18988,18997
AEIRTUZ;4666,13803,18536
AEIRTVY;16603,17605,17801,18464,18792
AEIRWWY;
AEISSSS;4622,7156,7549,7672,15601,16175,18833
AEISSST;16511,18810,19039
AEISSSW;4619,14753,16605,16619,16620,18599
AEISSSZ;4623,10449,16176,16476,16543,16576,18446,18937
AEISSTV;2654,11639,16376,18881,18902
AEISSTX;10965,11134
AEISSUV;2654,4624,11482,14661,14896,16642,17753,18158,18756,18800,18902
AEISSUX;19019
AEISSVV;4705
AEISTTT;17407,18377,18447,18882
AEISTTU;1342,4415,4664,15972,16637,17345,17431,17438,17604,18501,18832
AEISTTV;3641,4326,11136,19013
AEISTTW;18341
AEISTTX;4057,18518,18547,18712,18751,18811
AEISTTY;7458,7545,11052,11302,11561,17877,18177,18978,19012
AEISTVW;16402
AEISTWX;
AEISTWY;
AEITTTU;4688,4697,18965
AEITTTV;2653
AEJJLNU;
AEJKMNR;
AEJKNRS;
AEJKPTU;
AEJLNUV;
AEJLOSU;
AEJLOUZ;18575
AEJLSSW;
AEJMMRS;
AEJMNZZ;
AEJMRST;17289,18338
AEJMSST;4717,7688,11665,16663
AEJMSSY;
AEJMSTY;
AEJNNOS;11667
AEJNNSY;11667,17608
AEJNORZ;18575
AEJNSST;4717,5956,11668,18577
AEJNSSU;11363,18577
AEJPRSS;14901
AEJPRSY;
AEJRSVY;
AEJRSZZ;
AEJSTWY;
AEKKNRS;
AEKKRSY;
AEKLLTU;
AEKLMOU;13845
AEKLNPP;17620
AEKLNPR;18342
AEKLNRS;6718,7434,18585,19051
AEKLNRV;
AEKLNST;11141,11680,17185,19051
AEKLNSW;
AEKLNSY;18186
AEKLORY;7694
AEKLOST;7695,7700,8354,11141,11680,14118,17185,19048,19050,19051
AEKLOVZ;
AEKLPPT;17620
AEKLPRS;
AEKLPSS;4175
AEKLPSY;4722,17621
AEKLRRS;4174,18593
AEKLRSS;4328,13576,16196,17189,19043,19054
AEKLRST;4720,19048,19050,19051
AEKLRSV;4063,16670
AEKLRSW;1430,4716,7701,18593,19050
AEKLRUW;7698
AEKLSST;15608
AEKLSTU;19052
AEKMMNR;7174,16673,18350
AEKMNOS;4327,4329,7696,14903,16366,17369,17623,18190,18594,19057,19058,19059
AEKMNRU;
AEKMNSU;7696,10195,18190,19058
AEKMOOT;19064
AEKMOST;9621,11674,11685,18190,19057
AEKMPRU;
AEKMPSU;
AEKMRRS;7564,11007,11372,11675,14353,17191,18035,19059,19062,19065
AEKMRSS;6719,7404,7704,13129,14671,16199,16675,17622,18191,19060,19063
AEKMRST;4720,4721,4727,7703,9621,11685,18189,19048,19057
AEKMRSU;4724,6065,11685,14353,18582
AEKNNOP;
AEKNNRS;10454,11369,16682,17192,17370,17626,18598
AEKNNST;16683
AEKNNTU;7702,13853
AEKNOSW;6774
AEKNPPR;10837,15744
AEKNPRS;15505,16682
AEKNPSU;9623,17625,17632
AEKNPTU;4730,6775,17633
AEKNRRS;8589,19059
AEKNRSS;17078,18601
AEKNRST;15612,16676,16677
AEKNRSU;9624,13859,17192,18598
AEKNRSW;6774
AEKNRSY;17186
AEKNRSZ;
AEKNRVY;
AEKNSSU;9624,18601
AEKNSWY;
AEKOPRS;11368,11689,16682,17628,18188,19074,19075
AEKORRS;1243,6776,7025,7564,7709,14909,18193,19059,19062,19065,19074
AEKORSS;6066,7476,11008,11145,11374,11684,13129,14671,16196,16199,17885,18191,18601,19054,19060,19063,19067,19069
AEKORST;1132,6164,6722,7296,7703,9621,9625,10925,11685,11689,14118,14494,17185,17630,18595,18602,19048,19075
AEKOSTV;
AEKOTTU;
AEKPPSU;11666,17632
AEKPRRS;6945,16679,19074
AEKPRSS;4719
AEKPSSY;
AEKPSTU;
AEKQRSU;
AEKQSSU;4725,16377,18604,18605
AEKQSUY;
AEKRRST;4391,4731,7405,7709,18035,18193,19065,19076
AEKRSST;1296,4719,4728,7406,7704,18191
AEKRSSY;2659,4728,11664,11691,19043,19054,19063
AEKRSTY;9625,11689,16681,18189,19053,19075
AEKRSUW;
AEKSSSV;
AEKSSTT;4729,7708,15615,16687
AEKSWYY;
AELLMNU;648,1375,2542,7183,11695,13865,16692,17197,19081
AELLMRS;3508,3645,4432,10463,13864,15617,16694,18582
AELLMRT;4535,4738,4743,10462,11389,16690,16692,17887,18621
AELLMST;7572,18197,18359
AELLMSU;5602,7572,17079,17197,18197,18582,18616,19084,19091
AELLMSY;3648,4740,14356,16693,16695,17079,17444,19080,19088,19092
AELLMTY;4535,10308,11389,11697,17887,18621,18623
AELLMWX;
AELLNOP;4176,10199,10641,17374,19095
AELLNOR;6173,6771,7692,8479,13069,14897,15779,16696,19095,19098
AELLNOV;7512,11699
AELLNOY;4430,4745,7407,11149,11699,17324,17644,17645,18630,19081,19083,19096,19097,19098
AELLNPY;1444,4748,4749,10465,17888,19078,19096,19097,19102,19103
AELLNRT;438,2546,2672,3403,4177,4536,4738,4748,7513,9942,10462,11395,14686,16692,18306,18624,19093,19095,19098,19104
AELLNSS;7693,15722,16693,17198,17199,19099
AELLNSW;2670,11698,15904,17198,17199,17889,19099
AELLNTT;438,2547,7189,7356,14914
AELLNUU;1446,5505,13872
AELLNVY;11699,16706,19097
AELLOPX;18201
AELLORS;1437,18344,18365
AELLORT;4260,4536,4543,18624,18630,18641
AELLORV;7191,7719,18641
AELLORY;7694,7719,11015,11405,14499,16710,18048,18201,18612,18630,19096,19109
AELLOSS;7477,13580,16209,16707,16711,17198,19099
AELLPPS;4747,4751,7578,17660,18607,18645
AELLPRS;7713,11152,11708,11709,14357,19111
AELLPRU;7192,8536,11152,11382,11409,11709,11710,14357,17202,17892,19109,19111
AELLPSS;4334,6564,16667
AELLPST;11703,15545,16698,16699,19079,19111
AELLPTU;11387,11703,11704,19111
AELLPTY;4748,17888,19103
AELLQUY;
AELLRRU;4335,6777,7717,10030,13681,13878,14696,14917,15705,16701,16714,17886,18372,18647
AELLRST;7721,9407,11708,16717,17204,17893,19104,19111
AELLRSU;11152,16717,17204,17892,17893,19084,19091,19109,19111
AELLRSW;1430,2675,4179,4751,14918
AELLRSY;10468,11708,14918,15782,17893,19096,19102,19104,19109
AELLRTY;4071,4535,4738,4743,4748,7515,14121,15546,15913,18048,18621
AELLRVY;2557,4737,11413,18618
AELLSST;1449,4173,7721,11705,11707,17200
AELLSSU;7693,7721,7722,14091,17199,18648,18651
AELLSSW;13583,15621,16209,16667,16718,19099,19110
AELLSTT;4752,11711
AELLSTW;4179,19108
AELLSTY;4740,11412,16666,16689,17893,19104
AELLSVY;11413,16718,18610
AELLSWY;2675,14918,17206
AELLTUU;6181,11697
AELLUVV;13684
AELMMNO;6182,11712,16720,18655,19114
AELMMNS;16721
AELMMNT;32,441,7194,14919,15623,19114
AELMMOY;7586,17980,18612
AELMMRS;13880,17894
AELMMRT;3656
AELMMST;16724
AELMMSY;16724
AELMNNS;16725,17207,17445,19123
AELMNOR;4754,7196,14500,16669,16720,16727,16728,17672,18203,19047
AELMNOS;4327,4734,11715,11717
AELMNOT;8595,9629,10451,10471,11695,13883,16691,16727,16728,17897,19083
AELMNPR;2566,14927
AELMNRS;443,16725
AELMNRU;4755,14922,14927,16692,16720,19121
AELMNSS;17207,17208,19136,19143
AELMNST;17445
AELMNSU;391,2677,4761,17207
AELMNTT;444,4562,7366,11716,11720,17379,18206
AELMNTU;3659,7183,9629,11695,13865,14919,14927,15625,16692,18206
AELMOPR;918,7331,14497,14502,16979,19147
AELMOPU;6187,17902,19144,19147,19148
AELMOPY;7184,11432,14502,17679,17980,19127,19133,19147,19149
AELMORS;19156
AELMORU;16720,17685,17886,19147
AELMORV;7594,16727,16740
AELMOSS;4765,5570,11713,16421,16735,17898,18399,18690,19116,19119,19150
AELMOST;6783,7408,7479,16099,19048,19050
AELMOSY;2685,4434,6781,14356,18058
AELMOTT;4741,7480,11716,18211
AELMPRS;7713,17450
AELMPRT;6951,7204,7522,7735,16121
AELMPRY;4743,7735,11432,14502,18360,18618,18682,19127,19133,19147,19149
AELMPSS;7055,10477,11722,14921,15632,16026,16735,16746,18208,18213,19116
AELMPST;10472,14928,15632,18209,19134,19135
AELMPSU;7713,7734,14728,18064,19120
AELMPTU;3659,4573,11387,14927,14928,15625,17902,18064,18206,18704,19120,19144,19148
AELMRRS;10463,13588,16029,16723,17211
AELMRSS;443,3247,4328,4759,4765,16725,17208,17898,19136
AELMRST;2683,3664,4337,19048,19050
AELMRSU;1455,7596,7734,13889,18582
AELMRSV;4572,16434,16732,18402,18403
AELMRTT;10480,16740,18211,19148,19149
AELMRTU;2687,4755,4766,7204,14266,14699,14715,14927,16692,17675,18185
AELMSST;6125,7443,7525,11273,11665,17967,19143
AELMSSU;4765,5619,7590,7596,14097,16744,16746,17207,18391,18683,18685,18687,18703,18705,19119,19143,19151,19153
AELMSTU;4339,18197
AELNNPR;3512,4767,4771,14933,17690,17697,17903,18626,18723
AELNNPS;3513,14930,18406
AELNNPU;7208,13869,16755
AELNNRS;1443,3459,14932,18383,19163
AELNNRT;11725,17903,18203
AELNNRU;4767,9351,11449,14922,17693,17701,18626,19121
AELNNST;447,2577,4492,9514,11279,15635,15778,16410,16440,16444,16445,17445,18384,18412,18665
AELNNTU;11447,11731,13703,13894,14099,16446,16755,16981,19164
AELNOOS;6174,6787,6789,7726,7738,11029,11727,14196,14358,14681,16719,17144,17298,17454,17455,17456,17694,17707,17884,17905,18070,18198,18589,19125,19128,19129
AELNOPS;4437,17884
AELNOPT;17981,18218,19095,19097
AELNOPU;2691,7208,7740,8597,11733,13895,14931
AELNORS;1256,1459,5975,6193,7742,8359,8481,11162,11163,11727,11739,17454,19051,19162,19163,19169
AELNORU;7481,7698,7740,11733,18575
AELNORV;7028,15636,15779,16037,16727
AELNOST;14126,15637,17185,19051,19093
AELNOTV;4589,4592,14736,14746,16037,16691,16727,16762,18745,19097,19124
AELNOTY;4745,6129,8598,9640,10471,11699,14742,17897,18663,19083,19097
AELNOUZ;18575
AELNPPR;423,3574,13892,16223
AELNPPY;4777,16223,17717
AELNPRS;
AELNPRT;6953,11735,14927,14933,15638,16770,17214,17904
AELNPRY;7605,10465,10488,10489,16223,19102,19127
AELNPSS;4439
AELNPST;14941,16771
AELNPSU;14941
AELNPTU;2691,2693,3659,4278,4593,8597,14927,14941,15625,18217,18747,19173
AELNPTX;11735,17538,17699,18417
AELNPTY;4749,17888,19097
AELNQUU;7741,14749
AELNRRS;4174,4181,4778,7742,10703,19169,19174
AELNRSS;19136
AELNRST;14126,17185,19094,19169
AELNRSV;3461
AELNRSY;10488,11739,13897,17186,19102,19104,19129,19162,19163,19169
AELNRSZ;1397,2586,4494,7534,16309,16469,16470,17100,18674
AELNRTT;13905,15638
AELNRTU;450,2672,8599,16692
AELNRTV;
AELNRUU;1331,5620,6793,7737,9644,11449,11479,14129,17051,17150
AELNRUV;1398,2588,7715,7740,11480,14127
AELNSSU;1464,4205,4784,4787,7218,7693,7749,7751,17050,17207,17216,17217,17907,17908,17910,19140,19143,19172,19175
AELNSSW;3515,3670,6795,7591,9642,11698,13106,13139,14753,16362,16759,16772,19099,19100
AELNSSX;4781,4783,7747,16443
AELNSTT;7219,7751,15637,16311,16444,16478,16757,16771,18316,18412
AELNSTU;4178,15781,17219,18217
AELNSTV;10033
AELNSTY;19104
AELNSTZ;13717
AELNSUW;1465,14944,17218
AELNTUV;2698,4286,4592,11731,14746,17300,17553,18425
AELOORS;6789,7752,7753,9354,9636,10498,10877,11150,11169,11727,14171,14949,15940,16481,17301,17454,17459,17735,17739,17983,18199,19094,19106,19177
AELOOXZ;
AELOPPR;1332,1467,6199,15736,16775,19147,19180
AELOPPX;17708
AELOPRR;1468,6995,7220,8550,9526,16672,17214,19180
AELOPRS;17983
AELOPRT;16775,17904,19176,19189
AELOPRV;8552
AELOPST;
AELOPSX;14435,17465
AELOPTT;18768,18782
AELOPTU;14931,17272,17902,19144
AELORRT;1141,1466,1468,4775,4793,7220,7760,14132,17210,17214,19179
AELORSS;4765,4791,5621,7484,17898,17907,19054
AELORST;19048,19050,19051
AELORTT;3673,4443,6799,18211,19055,19148,19149
AELORTU;4608,6804,6805,7486,7760,14768,16709,16775,18641,18786
AELORTV;7760,19179
AELORTY;6805,7595,7618,7621,11405,13888,14761,18048,18090,18211,18792,19149,19176,19179
AELORTZ;
AELORUU;6793,10622,10701,14950,16778
AELORVX;
AELORVY;4737,7621,7719,17713,18792,19179
AELORWY;7694,16710
AELOSSS;11729,11762,16764,16765,19099
AELOSST;1300,4770,4797,7224,7756,16661,17049,17891,17908
AELOSSV;2085,16711,18399
AELOSSW;5621,11171,11682,11764,18223,19099,19110
AELOSSZ;17715,18699
AELOSTV;
AELOSTZ;14957,18767,18781
AELOSUZ;14957
AELOSVY;
AELOTTU;4799,11744,13140,14131,14914,16709,18746,18786,19164
AELOTUV;4592,7760,11468,11491,11731,16043,18425,18641
AELOTVV;11499
AELOTVY;7621,11699,14764,18782,18792,19097,19179
AELPPRS;16784,18230
AELPPRY;1268,1472,4777,6199,16223,17717,18230,18771,19147
AELPPSS;14588,16735,18400,18690
AELPPST;14941,16784,18221,19173
AELPPSU;7578,11469,11501,11666,11765,14769,14941,16767,16784,18230,18607,18645,19173
AELPPTU;11501,14941,19173,19194
AELPQSU;449,13918,14691,14958,16785
AELPRRS;4778,4801,11747,11754,11765,19107,19174,19183
AELPRSS;4347
AELPRST;
AELPRSU;453,3674,7713,14958
AELPRSW;4751,19181,19187
AELPRSY;7453,10488,17721,18051,18771,19181
AELPRTT;7758,11295,15638,16770,17202,18368,18723,19132,19148,19149
AELPRTY;4743,14589,14761,19149,19176,19189
AELPRUY;6807,11409,14439,17159,19147
AELPSSS;4546,7736,7765,11766,16428
AELPSST;4334
AELPSTT;
AELPSTU;10704,19079
AELPSTY;7759,8486,16771,17464,17984,18209,18221
AELPSTZ;11298,18430,18767
AELPUUV;11710
AELQRRU;1405,7142,14696,16314,16778,17725,18753,18804
AELQSSU;1345,14765,14773,17726,18651,18796,19151
AELQSUZ;
AELQTUZ;
AELRRSS;1474,3997,4435,4800,4804,5507,5572,6190,7400,7484,10513,13143,14291,14963,17327,17742,19043
AELRRSU;4778,4801,11765,17222,19174
AELRRSW;16029,16505,18593
AELRRTT;4080,4775,4793
AELRRTW;4758,7145,11752,14132,16731
AELRSSS;7205,7628,7766,14292,14670,14770,16318,16507,17664,18401
AELRSST;14963
AELRSSU;4765,4784,5624,17753,17907,18455,18685,18756,18757,19192
AELRSSV;4804,19112
AELRSSW;5621,11682,16983,17142,17189,18223,18619,19110
AELRSSY;2711,10107,10468,10676,13924,14508,14963,15782,16782,16796,18232,18757,19043,19054
AELRSTT;
AELRSTU;
AELRSTV;15462,18099
AELRSTW;2712,4081,4226,10217,16435,16751,18791,19050,19108,19170
AELRSTY;7767,9414,11412,11517,11518,17470,17893,18232
AELRSUV;2705,6180,6803,7634,17222,17223,18455,18463,18800,19186,19192
AELRSVV;16783
AELRSVY;
AELRSWX;17226
AELRSWY;1463,4716,6745,14918,17731
AELRSZZ;1346
AELRTTT;1409,4436,4803,15643,16142,16232,16437,17556,18219,18435
AELRTTU;450,3366,3669,13599,13905,18786,18804,18805,19148
AELRTUV;7760,10108,16043
AELRTWY;14121,14510
AELRTWZ;
AELSSST;3595,7457,7543
AELSSTT;14137,16705,16757
AELSSTU;4624,4787,17908,18651,19143
AELSSTV;4147,4804,7630,19112
AELSSTW;3670,11764
AELSSTX;4783,7769,16233
AELSSTY;7767,13924,14137,14963,16218,16233,16796,18232
AELSSUV;4624,11482,18756,18800,19186,19192
AELSSVY;16718,18765,19112
AELSSWY;11522,16718
AELSTTT;451,1476,2601,4603,7636,17755,18377,18447,18711,18811,19101
AELSTTW;16751,17229
AELSTTY;1456,7545,11302,11711
AELSTUX;2713,4605,4786,10496,10510,15707,16792,18712,18809,18811
AELSTWZ;
AELSUVY;18610
AELSWZZ;
AELTTTW;
AELTTUX;7770,18712,18811
AELTUVV;4040
AEMMMRS;7412,16515
AEMMMST;14597,16515,18812
AEMMMSY;
AEMMNOT;10519,11770,19114
AEMMNSS;3679,11713,15649,16801,19115
AEMMNTU;7488,11770,14783,14919,18817,19114
AEMMOPR;16516,17399,17920,19117
AEMMORS;2676,3655,6139,7771,9654,9656,10521,10522,11714,13880,14106,16198,17894
AEMMORW;
AEMMPRS;19120
AEMMRRS;4808,17923
AEMMRST;18189
AEMMRSY;11529,17760,17894,18189,18820
AEMMRSZ;4555,4630,16406,18473
AEMMSST;
AEMMSTU;7488,19120
AEMMSTW;16520
AEMNNOR;2605,4351,8603,16808,19041
AEMNNOS;4632,4635,11715,13144,14511,17106,18834,18838,19123
AEMNNOT;7232,7702,11773,19199
AEMNNOU;7702,7772,16808,17765,19041
AEMNNOZ;17107,18382
AEMNNRS;2717,3961,9963,16725,19206
AEMNNRT;
AEMNNSW;11715,19203
AEMNNTU;7702,7772,16525,16813,18103
AEMNOPP;16145
AEMNOPR;10882,11780,16049,17920
AEMNOPS;2720,3681,4355,10526,10527,11781,16236,16817,18838
AEMNOPZ;2679,18856
AEMNORR;4450,12985,13933,14790,14800,16806,16820,17162,18110,18243,18671,18672,18837,18861
AEMNORS;16823
AEMNORT;14500,16727,16728,17162,18243
AEMNORU;1412,14966,16720,17765,17920,19041
AEMNORV;
AEMNORY;9655,11062,11780,16673,17672,19041
AEMNOSS;4717,4813,10788,11184,11713,11777,17208,17232,17898,18239,18242,18245,19060,19136,19212
AEMNOST;3681,4813,14903
AEMNOTT;10519,11716,11773,11783,14513,14601,16532,16818,18480,18857
AEMNOTU;11186,11695,18113,18817,19114
AEMNPSS;4358,16816,17776,18239,18485,18656,18664,18683,18871
AEMNPST;2611,3681,4355,11187,17768
AEMNPSU;4756,11535,18234,18838
AEMNPTU;3659,14810,14927,15625,18206
AEMNPTY;11188,17787,18682,18870,19133,19199
AEMNQSU;4649,15953,18836,18858,19058
AEMNRRU;11311,15653,15654,16051,16820,17565
AEMNRST;
AEMNRSU;5694
AEMNRTU;4755
AEMNRTV;3609,18490
AEMNSSS;3661,4807,17232,19136
AEMNSST;18245,18249,19143,19200
AEMNSSU;4104,4358,15868,16801,16816,17207,17232,19143
AEMNSTU;
AEMNSTY;4408,4817,7231,10383,11783,13948,16053,17772,17782,18249,18844
AEMNTTU;11720,16024,16813,18206,19205
AEMNTWY;17773,18244,19083
AEMOORT;6142,6209,18689,19144
AEMOORW;6782,7774,16980,19047,19208
AEMOOST;7726,17677,17796,17900,18851
AEMOOSV;11717,17209,17796,19062
AEMOPPR;17935,19147
AEMOPSZ;4763,4818,14722,16817,18879,19089
AEMORRR;16245,17190
AEMORRS;4808,8251,12988,13951,13953,13954,14366,17923
AEMORRV;16246,16549,16820,16841,16842,17779
AEMORRW;2664,11683,19117
AEMORSS;13129,14671,14970,15790,16199,16243,17208
AEMORST;2683,4337,8605,8609,19156
AEMORSU;3686,4360,4724,14981,16248,16847,16848,17166
AEMORSW;16823,17899,18256,19139,19203
AEMORSX;13954,16248,16848
AEMOSST;929,4717,11674,14512,18242
AEMOSSV;3467,18399
AEMOSTT;8607,10535,11539,11771,11772,11783,13957,14611,15661,16532,16662,16802,16809,16839,16845,17309,17934,18480,18842,19202,19228,19229
AEMOSTW;13766,18679,18892,19203,19228
AEMOSUZ;10536
AEMOSWY;17213
AEMOTTZ;4658,18885
AEMPPRS;4647,11540,17404,17783
AEMPPRY;16826,18896,19147
AEMPRRS;1281,7776,13953,14366,15662,17923,17936
AEMPRRT;
AEMPRRW;17784,19117
AEMPRST;7777
AEMPRSU;7713,7734,9664,10607,11192,14613,14981,15662,17450,18824
AEMPRSV;
AEMPRSW;
AEMPRTT;18818,18855,18870,18887,19132,19148,19149,19207
AEMPRTU;7204,7735,8606,14927,17902,19144,19148
AEMPSSU;4358,13963,16744,16746,16850,17236,18208,18683,18703,18897,18902
AEMPTTT;16818,17788,18857
AEMPTTU;18206,18499,19148
AEMQRSU;3686
AEMQSSU;18259,18904
AEMRRRS;459,4108
AEMRRRY;16674,17789,18873,18896
AEMRRST;459,3688,4185,4361,4817,11319,11372,18035,18706
AEMRRSU;7333,7461,7779,11675,11723,18824,18827,18828,19153
AEMRRSV;4659,13772
AEMRRSW;2298,4185,6585,7238,16029
AEMRRTU;6586,11194,11550,15653,15969,16051,16678,18888
AEMRSST;3408,7688,7704
AEMRSSU;234,4364,4459,6212,7596,7688,7704,7779,10938,11440,14518,17236,18703,18705,18897
AEMRSTT;18255,19202,19228,19229
AEMRSTU;5626,16059,16847,16848
AEMRSTW;4185,4726,19228
AEMRSTY;3688,4817,7777,8609,11790,18189,18258,19229
AEMRTTX;4454
AEMRTTY;7062,7489,7491,10231,11197,11201,16249,18211,19064,19149,19229
AEMRTUU;2687,14829,16847,17921,18889
AEMSSSU;7736,17232,18687,18708,18909
AEMSSTU;2723,4364,4459,4729,7688,7704,11686,11789,19143
AEMSSUW;11686
AEMSSYZ;
AEMSTTU;4339,4415,11200,11771,18129,18883,19198
AEMSTUV;18404,18902
AEMSTVZ;
AEMSUZZ;4761
AENNNOS;2727,6811,8610,8611,10540,11562,13144,18834,18910,18911,19234,19236
AENNNPT;15557,17804,17938,19199
AENNOPS;10542,14367,14390,16236,16805,18214,19159
AENNORT;10545,11202,11725,11793,11795,16754,16858
AENNORY;8603,9670,17330,19041
AENNOSS;4460,4770,7475,13778,16683,19235,19236,19242
AENNOSV;4180,11567,16564,18506,18916
AENNOSY;19240
AENNOTU;11447,11577,11731,18505,19114
AENNPRS;4827,10115,13972,14367,14988,15672,16682,16805,16810,16862,16863,19237
AENNQTU;4675,7386,18918
AENNRST;4827,13148,14988,15558,15672,16862
AENNRSV;4812,10553,11798,16564,18506,18922,18935
AENNRTT;2399,3691,6965,15559,15611
AENNRTV;4812,11795,11798,18140
AENNRTY;8491,18511,18627
AENNSSW;16062,16865,18261,19235,19236,19242
AENNSTT;
AENNSTW;17415,19236
AENOOTZ;19248
AENOPPR;412,2732,6813,11807,14997,16256,17348
AENOPRS;5594,17628,18264,19246
AENOPRT;16696,16870,17904,19095,19249
AENOPST;16874
AENOPSU;18838,19213,19246
AENOPSV;14999,18269,18916
AENOPSW;2720,6814,7657,9675,10527,13121,15677,16065,16759,17889,18958
AENOPSY;16817,18669,19240
AENOPTU;2691,8597,14851,14931,16870,18527,18965
AENORRS;6147,7293,10703,11459,11586,11600,11804,16971,18143,18264,18919,18972,19246
AENORRT;1301,4450,4775,7245,7295,7419,7785,11207,11737,16806,16869,16870,17239,18243
AENORRV;18972
AENORSS;14970,15004,17898,19060,19136,19235
AENORST;19094
AENORSU;5544,14523,17842,17849,19246
AENORTU;14634,14858,16870,16878,17176,19251
AENORTV;2631,4589,10683,10899,11098,11589,11795,14635,16973,17176,17419,17585,17631,17852,18421
AENORWZ;
AENORXY;7607,15004,17943,19211,19249
AENOSSS;5577,7248,7744,14986,16373,16764,16765,16984,17075,17232,17813,17939,18974,19068,19099,19136,19250
AENOSST;7176,7494,7782,16683,17049,17891,18245,19100,19200,19236
AENOSSW;9642,11184,11698,14377,14522,14525,14859,14905,15000,15006,16583,16759,17990,18924,19060,19099,19100,19212,19235,19236,19242
AENOSTT;4009,4463,15637,16072,16532,16874,17934,18480,18532,18967,19141
AENOSTU;7495,10555,10923,14505,14860,15990,17854,17944,18153
AENOSTV;
AENOSVW;17241,19170
AENOUUV;14142,15008
AENPPRS;16262
AENPPRT;11334
AENPPRU;4826,6813,14997,18747
AENPPST;3689,4438,4747,9976,11802,13971,14941
AENPRRT;4086,7790
AENPRRW;7659,7705,17784,17824,17855,18949
AENPRST;15672
AENPRSW;15677,16065
AENPRSZ;3684,18960
AENPRTT;7790,16770
AENPRTW;16770,16812,18846,18949
AENPRUV;7740,14867,14997,17723
AENPSST;
AENPSSY;7213,11614,17483,18632,19078
AENPSTT;16860,16874,19240
AENPSTU;2693,4772,10491,11800,11824
AENPSTW;4066
AENPSTY;19240
AENPSTZ;7670,13793,18960
AENQSTU;3697
AENRRSS;17426,17869,18160,19070
AENRRST;7496
AENRRSW;4814,4835,11818,13151,17931,17945,19242
AENRRSY;4817,17860,17945,18161,18930,19169,19206
AENRRTT;4775,7790,11207,17239
AENRRTY;4834,5994,6219,11189,13987,16603,16664,17177,18930,18931,18984,19215
AENRSSS;2735,2736,7672,17333,18819,18974,19136
AENRSST;
AENRSSW;5995,10568,13998,15013,19235,19242
AENRSSY;3523,6819,11106,11603,11614,14866,15004,15686,16606,16610,18757,18977,18996
AENRSTT;
AENRSTU;
AENRSTV;18545
AENRSTW;4114,4835,10568,15683
AENRSTY;4117,4817,14468,14856,18161,18268,18977,18996,18997,19104,19168,19169
AENRSUW;13151,13977,13995,17832,19213
AENRSUY;4784,6197,7395,10570,10945,18757,18997,19102,19171,19237
AENRSWY;1463,11818,17731,17945
AENRTTU;450,4113,4831,7790,16878,19205
AENRTTY;11746,17177,18760,18988,19104
AENRTUV;
AENRTUW;14858,17833,17851
AENRUWY;17835
AENSSST;4807,6222,14986
AENSSTU;16105,16801,17949,19143
AENSSTX;4783,7747
AENSSTY;6819,10916,14987,16610,16618,17946,18977,18996
AENSSTZ;18822
AENSSWY;
AENSSXY;15004,16071
AENSTTT;451,3692,4119,4468,4828,11799,14002,16874,16903,19101,19258
AENSTTU;4119,4828,7219,7495,10571,10971,11824,15688,15689,17219
AENSTTX;10532,10565,10571,15689,18518,18751
AENSTUX;4605,4786,10496,10571,14001,14860,15689,16877,17432,17854,18153
AENSTWY;15007,17457
AENTTTU;4688,4697,4831,14002,16813,16903,18965
AEOOPPS;4829,14003,17991,18142,18263,18275,18878,18999,19238,19244,19263,19264
AEOOPRS;7064,7752,7753,7776,7793,9359,9591,11630,11747,11784,11827,11831,14003,14144,14379,14899,14946,16080,16254,16271,16272,16904,17459,17735,17795,17952,17983,18264,18275,18277,18879,19106,19125,19177,19244,19246,19247,19268,19269
AEOPPPS;14531
AEOPPRS;14003,19074
AEOPPRV;1467,2732
AEOPPSS;7757,16082,16735,17993,18144,18690
AEOPQRU;3631,14757,14950
AEOPQSU;1349,16547,16868
AEOPRRS;4233,7776,10949,11747,11754,11827,11831,15564,16080,16271,16974,17274,17923,17936,17956,18264,18493,18852,19074,19246
AEOPRRT;1468,4367,17957
AEOPRRV;
AEOPRSS;2308,13006,13393,16056
AEOPRST;19075
AEOPRTT;4443,4701,7758,18278,18548,18887,19008,19148,19149
AEOPRTV;10793
AEOPRVY;11803,17840
AEOPRWY;
AEOPSSS;11812,11833,14478,16838,16871,17076
AEOPSST;11834,19042,19227
AEOPSTT;8607,11640,16860,16874,19240
AEOPSTY;4369,4469,4846,7616,7759,7777,9598,10794,11112,11225,11689,14881,16274,17464,17955,17984,18125,18209,18221,18284,18287,18291,18773,18780,18781,19075,19183,19187,19188,19240,19274
AEOPSTZ;14882,18166,18281,18767,18781,18960
AEOQRTU;4608,17154,19251
AEOQRUV;
AEOQSUU;7797,11641,17180,17251,18858,19150,19239
AEORRRS;6826,6997,10716,11843,14146,15797
AEORRSS;4808,8621,10534,16276
AEORRST;15709,18193,19076
AEORRSU;7501,17182,17251,17322,17842,17930,17956,18919,19246
AEORRSV;7754,10502,11843,16761
AEORRSZ;11644,11804,16085,17844,18170,18694,18776,19007
AEORRTU;4172,16678,16870,17957,18172,18786,18888,19073,19251,19272
AEORSSS;7257,9437,11833,13152,18974
AEORSST;
AEORSSU;7476,14527,16281,19019,19192
AEORSTT;13957,15661,16662,16802
AEORSUV;2705,4843,8624,16783,17223,19186,19192
AEORSVW;3672,17241,19170
AEORSVY;6217,11843,14524
AEORTTU;4831,4841,8619,11608,16709,16878,18786,18961
AEORTUV;10797,16043,17496,18641
AEORTUW;6804,7069,9649,13814,14819,14858,17851,19073
AEORTVX;17852
AEOSSTV;6228,11639,18881
AEOSTTU;7495,19198
AEOSUVZ;
AEPPPRU;
AEPPRRS;413,462,1435,18298
AEPPRRT;15692,19272
AEPPRRW;16632,17855
AEPPRSS;2406,2512,4470
AEPPRST;
AEPPRSU;3674,4843,9694,11765,14981,16784,17914,18230,18770,19264
AEPPRSW;4123,4751,19181
AEPPRSY;1472,3696,4470,4471,10253,16262,18168,18230,18287,18771,19181
AEPPRSZ;
AEPPSTT;11120,16883,18025
AEPPSTU;11501,14941,15009,16637,16784,18154,18645,19173,19264,19282
AEPQRTU;14959
AEPRRRS;17936
AEPRRSS;17236
AEPRRST;
AEPRRSU;1482,4778,15662,16881,17956,18298,19174,19246,19278
AEPRRSW;4060,14483,17956
AEPRRSY;7070,15875,19184
AEPRRTU;17044,17957,18888,18983,19272
AEPRRTW;16632,16909,17246,18949
AEPRRTY;4188,13987,16228,18984,19009,19071
AEPRSSS;4709,11692,11766,11833,14652,14770,17333,19066
AEPRSST;4719
AEPRSSU;3975,7706,16850,16937,17236,17337
AEPRSSY;11614,14866,17337
AEPRSTT;3526
AEPRSTU;19030
AEPRSTY;4471,8500,10257,11689,16274,18268,18287,19075
AEPRSTZ;4514,14882,18564,18960
AEPRSUX;453,3976
AEPRSUY;17337,19237,19278
AEPRSWY;
AEPRSYY;19075,19188
AEPRTXY;19249
AEPSSTU;13963,18902,19042
AEPSSZZ;4818,16892
AEPSTTT;11640,16595,16874,16913,18985,19258
AEPSTTU;7228,11126,11824,15645,16596,16637,16785,17438
AEPSZZZ;
AEQRRSU;13993,17251
AEQRRTU;3705,3977
AEQRSSU;1282,5624,7262,7796,16647,16893
AEQRSTU;4853,7249,16648,16942
AEQRSUV;16556,16648,17867,18157
AEQRTTU;4113,4686,14017,18805,18988
AEQRUVY;
AEQSSSU;16598,16853,16893
AERRSST;13143,17327
AERRSSU;17236,18298,18827
AERRSTT;17497
AERRSTV;7679,11847,14147
AERRSTY;2710,3688,4374,4817,7307,7802,11760,11842,15697,16652,16664,16681,16925,18930,19169,19229
AERRSUZ;1482,7239,18828,19025
AERRSWY;4374,7802,11818,14909,14918,17945
AERRTTY;4188,9701,11672,19229
AERSSST;3979,14025,19233,19288
AERSSSU;4805,17244,18995,19027,19037,19192,19195
AERSSSW;1483,4375,10951,14023,14025,16653
AERSSTT;
AERSSTV;2313,3915,15668
AERSSTW;19277
AERSSTY;6819,7767,13924,14027,14895,16610,16782,16796,16940,17946,18232,18285,18977
AERSSUV;6212,17223,18455,18756,18800,19186,19192,19257
AERSSVW;3528,14886,15695,16282,16920,16937,18296
AERSSWY;11661,14895
AERSTTT;4468,4718,7308
AERSTTU;17497,17604
AERSTTV;4326,11136,11355,16949,18457,18545,18993
AERSTTW;1352,3980,4126,15005,15571,15669,15696,15699,16751,16857,17229,19228,19279
AERSTTY;4117,19229
AERSTTZ;4099,4795,15533
AERSTUU;4731,4838,4853,7795,10591,10720,11847,14956,15012,16847,16897,16942,18759,18809,19030,19037,19111,19271,19287
AERSTUY;4853,7685,7767,11517,16940,17470,17893,18232,18997
AERSTVY;
AERSTWY;4374,7802,14895
AERTTTY;16232,16797
AERTTUV;4665,9615,10446,16645,17496
AESSSTT;238,4111,4823,11821,15700,16268,17243,17441,18289,18801,19259,19261
AESSTTT;4797,4839
AESSTTU;4729,10262,13508,16943,19198
AESSTTV;3385,16927,19289
AESSTUV;2654,4624,6228,14896,18902,19018
AESSTUY;7767,16940,18232,18764,19194
AESSVVY;
AESTTTU;1476,4119,4718,4828,7308,14002
AESTTTW;16857
AFFFGIN;
AFFFLLO;
AFFGGIN;
AFFGINN;2746,15026,16954,19292,19298
AFFGINW;
AFFGINY;4128,7805,11849,11853,19291
AFFGSUW;
AFFHILN;19303
AFFHIRS;9984,16962,19301
AFFHIST;16962
AFFIITX;4859
AFFIKRS;10602
AFFILMN;
AFFILOR;
AFFILPS;19305
AFFILSY;19291,19309
AFFIMRS;4861,10602,16962,19306
AFFIMST;4861,16962,16970
AFFINRU;4856,16955,19292
AFFINTY;
AFFIORR;
AFFIRRU;
AFFIRST;4133,4861,15703,16962,16968,16969,16975,16977,19299
AFFIRSU;16977
AFFIRSZ;
AFFLOPY;
AFFLOSY;19309
AFFMOPR;16979
AFFNORS;
AFFNORT;19294
AFFOPSY;
AFFRSST;19299,19316
AFGGGIN;
AFGGINN;16954,16989,19325,19327
AFGGOST;16991,16992
AFGGOTY;
AFGHHIS;19330
AFGHINS;11867,19332,19333
AFGHINT;
AFGHIRS;11867,19334
AFGHLSU;
AFGHLTU;19320
AFGHRTU;4136,4137,17002,17004,19321
AFGIIKN;6231,11850,11868,19346
AFGIILN;2750,7811,8626,9706,11851,11870,11871,11872,19331,19341,19346,19349,19351,19352
AFGIINN;2746,4864,11852,11875,11877,11878,13156,14037,17008,17014,19332,19333,19340,19341
AFGIINR;3711,4864,6231,11853,11872,11876,11877,11878,11880,17014,19293,19327,19331,19352,19359
AFGIINT;2751,4863,7272,10612,10613,11851,11868,17010,19352,19355,19357,19359,19360,19361
AFGIINW;
AFGIJMS;
AFGIKLN;19346
AFGIKNN;
AFGILLN;7805,17021,19317
AFGILMN;2750,19347,19349
AFGILNN;11885,14037,15026,15034,17008,17021,17026,19340,19341
AFGILNO;5850,7806,11870,11871,15026,15027,17028,19331
AFGILNR;11872,15033,19329,19331,19352
AFGILNS;
AFGILNT;10616,11851,15716
AFGILNU;7806,7810,7811,9706,11866,15034,17022,19318,19336,19351
AFGILNW;7813
AFGILNY;4128,7805,8626,11849,11870,11872,14042,15034,17028,19317,19323,19349,19350,19351,19363,19366
AFGILRU;10617,17025
AFGIMNO;17035,19355
AFGIMNR;4856,10611,15033,17023,19329
AFGIMNY;15032,19349,19357
AFGINNN;17021
AFGINNS;4871,11865,13342,19332,19333,19340,19344
AFGINNW;19372,19373
AFGINNY;4871,13156,15032,15034,19323,19325,19350
AFGINOT;14047,19294,19298,19355,19359,19360,19373,19376,19377,19378
AFGINPR;4140,4864,5582,11880
AFGINRR;4870,7275,11888,14046,15035,16996,17014,19293
AFGINRS;
AFGINRT;4870,15719,19298,19343,19352
AFGINRY;11853,11872,11877,11880
AFGINST;1770,4871,19378
AFGINTT;4863,17041,19357,19360,19369
AFGINTU;19360,19373,19378
AFGINTW;7813,19373
AFGIOTT;16992,19360,19369,19377,19380
AFGIRTY;15719
AFGKNOP;
AFGKORT;
AFGLLLY;
AFGLLUY;19337
AFGLNOS;
AFGLNSU;7810,14053,17050
AFGLRYY;
AFGMNOR;15033,19329
AFGMORS;19338
AFGOOTT;17048
AFGORRS;19375
AFGOSTU;4878,15038,19353,19370,19377,19378,19380
AFHIIRS;5632,19301,19334
AFHIISW;
AFHIKLS;17064
AFHIKRS;
AFHIKUY;
AFHILLN;
AFHILSS;10628,16960,17066
AFHILTW;13350,14063
AFHIMNU;4879
AFHIMSY;
AFHINOS;11898,19332,19384,19392
AFHINPS;19333,19336,19384,19390
AFHINTU;19303,19320,19321
AFHIORS;11898,11899,15039,15042,19392,19393
AFHIRSS;
AFHIRST;5632,11892,11895,11897,11899,19334,19392,19393
AFHISST;14067,16998,17065,19304,19386
AFHISSW;10636,15732,17066,19304
AFHISTT;10638,11897
AFHISWY;15040
AFHKORY;
AFHKRTU;
AFHLMRU;
AFHLMSU;11902,19389
AFHLOOS;19383
AFHLOTY;
AFHLSTU;19389
AFHMOST;11902,17082,19338
AFHOOPT;
AFHOOTW;
AFHOPTU;
AFHORSS;11900,16957,17078,17084,17087,19394,19397,19399
AFIILNS;2760,11856,13157,15043,19410
AFIILNT;3714,11851,19352,19411
AFIILOR;7821,10652,11911,17006,19331,19385
AFIILRT;1290,7282,7818,19343,19352,19405
AFIILRY;4882,7285,7818,11872,19405
AFIIMOS;4885,11873,15045,17105,17106,19414
AFIJNNS;
AFIKLLY;
AFIKLOT;
AFIKMNR;17019
AFIKNRT;
AFIKNSU;
AFIKRSS;15745,17091,19362,19387
AFILLMS;19347,19389
AFILLNP;15052,19421
AFILLNS;15746
AFILLNY;7805,7819,11862,14089,15051,17123,19317,19363,19404,19419,19421
AFILLPT;19421
AFILLPU;
AFILLRY;1772,4882,11927,17123,17129,17130,19405,19419
AFILLTY;14089,19363,19405,19421
AFILLUV;17093
AFILLUW;17130
AFILMNT;4884,19425
AFILMOR;2770,6611,6829,8399,8632,11911,11928,13158,15053,17136,17140,19388,19420
AFILMOY;6829,8632,13158,15051,19419,19426,19427
AFILMPY;17141,19349
AFILMSS;4865,10651,14097,17138,17142,19422,19428
AFILNPU;19336
AFILNSV;15054,19364
AFILNTU;3714,7284,10672,11931,14099,15047,17097,19303
AFILNTY;17134,19363,19421,19430
AFILORW;17140
AFILOTX;17153
AFILQUY;15048,19351
AFILRRY;7820,19405,19427
AFILRSZ;
AFILRTY;7818,19405
AFILSSY;14062,19309
AFILSTU;19353,19389,19406
AFILSTY;7824,11934,15055,17134,17141
AFILTTY;19430
AFIMNRS;2753,4162,4861,11917,15761,17161,19306,19437,19438,19439,19440
AFIMOOS;4893,19424,19438,19439
AFIMORV;
AFIMRST;4861,7286,11897,15475,15759,15761,15763,15764,16962,17161,17168,19414,19437,19438,19440,19442
AFIMSSS;17165
AFIMSSV;
AFIMSTT;11897,15763,19442
AFIMSUV;
AFIMSUZ;
AFIMTTY;19357
AFINNNS;
AFINNOR;9710,11919,19372,19443
AFINNOS;8401
AFINNOT;8631,11885,11919,11929,15041,19402
AFINNST;11935,19423
AFINORS;6832,11898,11937,19364,19368,19374,19375,19376,19392,19438,19439,19444,19445
AFINRSU;11933,11937,11939,15059,17169,19368,19392,19439,19440
AFINRTU;4886,17175,17176,19440,19443
AFINSSU;10606,11889,14114,17015,17169
AFINSTU;11935,11939,17113,17116,19378,19440
AFIORST;5634,11899,11940,15055,19393,19414,19437,19438,19442,19445
AFIORTU;10678,17175,19359,19420,19425,19436,19443
AFIORTZ;
AFIQRSU;4895,19435
AFIRTTU;10693,17175,19380
AFISSTT;4862,13375,15060,15062,17045,17118,19379,19412,19417,19446,19447
AFISSTY;15050,19361,19394
AFISTTT;
AFISTUV;17183,19378,19406,19434
AFITTUY;2780
AFJLRSU;7825
AFKLNRY;17186
AFKLNTU;
AFKLOWY;
AFKMNRU;
AFKRRTU;
AFLLMPU;19312
AFLLMSU;17046,17079,17197,19389
AFLLNOS;17125,17196
AFLLNSU;4178,15781,17128,17197,17199
AFLLOOY;8636
AFLLORS;1159,4876,15039
AFLLORU;11924,11927,19420
AFLLOSW;15064
AFLLOTU;8403,8637,11925,19420
AFLLPSU;17203
AFLLPUY;10029,17203
AFLLUWY;11901,17130,17206,19398,19451
AFLMNOU;4160,19426
AFLMORS;4146,11944,15063,15724,15783,17208,17209,17211
AFLMORU;
AFLMORW;
AFLMOST;11902
AFLMRSU;
AFLMSTU;2772,11902,17133,17197,19389,19423
AFLMSUU;
AFLNORT;11945,11947
AFLNOTT;17048,19411,19430
AFLNOTU;2789,6015,7828,8637,11931,11946,15047,17097,17148,19425
AFLNPSU;17215,19336,19455
AFLNRTU;
AFLNSTU;4178,7828,15781,17197,17219,19455
AFLNTUY;10699,11946,16978,17083,19395
AFLOOST;11932,14054,17220,19383,19409,19429,19455
AFLOOTW;11947,14130
AFLOPTT;
AFLORSS;468,4890,19309,19397,19422,19428,19433
AFLORSU;1489,4891,7815,7825,7829
AFLORSV;2777,17209,19364
AFLORUV;1299,19365
AFLORVY;7814,19366,19427
AFLORWW;17194
AFLOSSU;19432
AFLPRTY;7823
AFLPSTY;17141
AFLRTUU;
AFLRTUY;17083
AFLSSTU;
AFLSTUV;19406,19434
AFLSUWY;17206
AFLSWYY;
AFMNNOR;9710
AFMNOOT;17231
AFMNORT;17231
AFMNOST;
AFMNRSU;19306,19368,19439,19440
AFMNRTU;19425,19440
AFMOOSS;11951,19316,19458
AFMORST;4896,19338,19414,19442
AFMORSU;19368,19435,19439
AFMORTU;10678,19436
AFMOSTT;19442
AFMOSTU;11902
AFMSSUU;
AFNNNOS;
AFNORRW;
AFNORTW;11947,17239
AFNOTUW;19373
AFNPRSY;
AFNSSTU;
AFOOPPR;
AFOORST;9714,11950,11952,15038,17237,17247,19300,19374,19438,19445
AFOORTZ;
AFOOTWY;
AFORRSW;4896,7829,11942
AFORRSY;
AFORSSY;19309,19394,19458
AFORSTU;4182,10040,10646,11949,13396,15038,17250
AFORSUV;17183
AFORTTU;8638,17004
AFOSSSU;17232
AFOSTTU;11921,19377
AFOSTUU;
AFPSTUW;
AGGGGIN;1491,2791,17254,19459,19460
AGGGHIN;
AGGGIJN;
AGGGILN;
AGGGIMN;2791,14153,19465
AGGGINN;15070,19461
AGGGINR;15801,17255,17256,17259,19465
AGGGINS;
AGGGINT;17254,19465
AGGGINU;4897,15072,19318
AGGGINV;17255,19461
AGGGINW;17256,19459
AGGGINZ;19460
AGGHHIS;
AGGHIIL;11955
AGGHIMN;19472
AGGHINN;
AGGHINS;17270
AGGHISW;469
AGGIIJJ;14151
AGGIILS;2793,11967
AGGIIMN;3719,17282,19326,19479,19489
AGGIINN;1160,17282,19325,19461,19494
AGGIINT;3721,17282,19479,19494
AGGIINV;3721,19461
AGGIJJO;14152
AGGIKNS;
AGGIKNW;
AGGILLN;7831,7834,19501
AGGILNN;
AGGILNO;240,472
AGGILNR;19518
AGGILNS;19519
AGGILNT;11958,19320,19464,19498
AGGILNZ;
AGGILOS;2793,4195,11967,15809,17294,17298,17301,17302,19503,19505,19517,19521
AGGIMMN;4910,11969,13162
AGGIMNN;13163,19325
AGGIMNS;17306,19522,19524
AGGIMNU;4910,17305,19326,19462
AGGINNN;17295,19466,19480,19491,19506
AGGINNP;4902,4903
AGGINNR;471,3254
AGGINNT;
AGGINNU;4897,19318,19466,19469,19491
AGGINNW;
AGGINOT;17254
AGGINPP;15081
AGGINPR;15084,15816,17315,19523
AGGINPS;2794,19483,19524
AGGINPU;4913,17288
AGGINPW;
AGGINRR;6836,7836,10724,15084,17306,19481,19523
AGGINRS;
AGGINRT;15073,15810,17299
AGGINRU;7836,15811,16955,17299,19321,19487
AGGINRV;
AGGINRY;
AGGINRZ;3415,15819
AGGINSS;470,19528
AGGINST;
AGGINSW;4914,19488
AGGINSZ;19524
AGGINUV;17300
AGGIORS;7838,10736,15817,16991,17301,17316,17322,19505,19521,19531
AGGISWW;17263
AGGISZZ;17264
AGGLOST;19503,19521,19535
AGGMNOS;19522
AGGMORR;4925,19523
AGGMOST;17309,19536
AGGMOTY;15824
AGGMRSU;
AGGNOSU;11964,14172,17331,19533
AGGNOSW;17325
AGGNOSX;
AGGNOSY;19517
AGGNPSU;19524
AGGNRSU;475,7317,14172,17331
AGGPRSY;19520
AGHHIMN;4926,17341,19540
AGHHINS;7839,11978,19538
AGHHIWY;4926,17341
AGHHOSW;
AGHHSSU;
AGHHTUY;19552,19553
AGHIILN;11984,15091,19331
AGHIINN;7840,17358,19559,19560,19561
AGHIINR;7318,7319,15093,17352,17355,17357,19331,19554,19573,19574,19575
AGHIJRS;3727
AGHIKNN;10753
AGHIKNR;
AGHIKNS;4928,17266,17369,19581
AGHIKNW;
AGHIKSU;7843
AGHIKSW;15097
AGHILLN;11984,15837,19471
AGHILNO;7841,7845,15091,15840
AGHILNR;8944
AGHILNS;
AGHILNT;19595
AGHILNU;4931,7845
AGHILNV;17385
AGHILNW;17386
AGHILNY;15091,17394,19471
AGHILOT;4212,4937,12004,12015,17354,19539,19588
AGHILRS;12005,19591
AGHILRT;476,2807,2808,11986,19539,19589,19595,19596,19605
AGHILST;4938,6239,11999,19330,19556,19583
AGHIMMN;4215,17368,19580
AGHIMNR;4932,19610
AGHIMNS;15101,17369,19558,19563,19565,19581,19609,19611,19612
AGHIMNW;4926,12021,19565
AGHIMPS;2809,3729,4927,4940,4941,19563,19564,19565,19583,19609,19611
AGHINNO;7841,12017,15102
AGHINNT;7840,19559
AGHINOR;7848,17419,19574,19610,19619
AGHINOX;7845
AGHINPP;7848,17360,17420,19563,19595
AGHINPR;7848,19574,19619
AGHINPS;10776,17421,19333,19563,19611,19625
AGHINPT;4934,17360,17362,17375,19595,19596,19598,19619
AGHINRS;
AGHINRU;4898,7843,15102,15106,17413,19321,19470,19540
AGHINSS;17270
AGHINST;
AGHINSU;6839,7839,7843,17413,17421,19469,19470,19558,19612,19623
AGHINSV;
AGHINSW;19622
AGHINSY;4928,7839,10782,19625
AGHINSZ;
AGHINTT;19559
AGHINTW;
AGHIOST;
AGHIPSW;
AGHIQSU;
AGHIRRS;12005,19554,19627
AGHIRST;479,4938,10785,12037,15099,15111,19334
AGHIRSU;7843,10052,15112,17389,17413,19334,19470,19623
AGHIRSY;479,3732,4945,9718,10782,17436
AGHISUV;
AGHJMNO;
AGHKOSW;15097
AGHLMPU;4931,19472
AGHLMSU;19635
AGHLNSU;
AGHLNUY;19471
AGHLOOS;7853,8654,10758,12016,14196,17380,17454,17455,17456,17459,17462,19475,19543,19635
AGHLOSU;6840,15114,17346,17467,19635
AGHLSTU;19598,19635
AGHLSTY;12014,17457,17464,17470,19337,19599,19607,19640
AGHMORY;15869
AGHMRRU;
AGHNNOU;15102
AGHNNSU;17413,17477,19469,19558
AGHNOOW;
AGHNOTU;17002
AGHNPSU;481,12031,17421,17477,19336,19598,19652
AGHNRST;19339
AGHNRSU;6249,7334,7843,13164,15116,17389,17413,17477,19339,19470,19623
AGHNRUY;
AGHNSTU;481,15109,19339,19598
AGHNSUY;3423,7839,15116,17485
AGHNTUY;
AGHOORT;14205,19636,19657
AGHOQSU;
AGHORTW;19552,19624
AGHPTUY;
AGHRRSU;4232,7334,14207,17350,17497
AGHRSTU;4235,4955,7008,17350,19623
AGHRSTY;34,479,15099,17470,19607,19640,19659
AGHSTUW;19618
AGIIJLN;7858,17502
AGIIKLN;4965,11965,19346
AGIIKLT;
AGIIKNP;4969,4970,15133
AGIIKNR;4967,4969,6231,6841,11965,15132,15133,19554,19700
AGIILMN;15135,15138,19346,19664,19665,19715,19716,19719
AGIILNN;1501,4975,4978,15135,15142,19341,19662,19664,19669,19715
AGIILNR;483,4957,11872,19753
AGIILNS;19707
AGIILNT;4975,11851,15885,17522,19662,19669,19715
AGIILNV;14227,15145,17011,19723
AGIILNW;
AGIILOV;7341,12081,19741
AGIILPT;
AGIILTY;7864,10807,12065,17504,19350,19555,19711,19714,19749,19750,19754
AGIIMMN;12087,17557,19346,19677,19679,19715,19716
AGIIMMS;17559,17560,19702
AGIIMNN;7868,10815,12055,13167,14235,15135,15148,15149,15150,15151,15153,15154,15155,15888,17282,17503,17513,17515,17516,17517,17557,17561,19558,19559,19560,19561,19664,19677,19715,19717,19764,19767,19768,19769
AGIIMOR;8657,10814,11989,19566,19760
AGIIMST;17007
AGIINNP;4864,4903,4963,12103,15160,19805
AGIINNR;4864,11877,11878,19725,19805
AGIINNS;
AGIINNW;17503,19769,19805
AGIINNZ;1501,2825,4961,4963,4978,4981,7871,7873,11878,12049,12099,12103,15155,17517,17526,17583,19341,19345,19561,19668,19669,19688,19690,19766,19769,19803,19810
AGIINPR;485,2832,4864,4991,6843,7866,10809,11880,12075,15156,15160,17537,19574,19734,19805,19819,19826
AGIINRS;8646,10749,12057,12120,12124,19554,19700
AGIINRT;15892
AGIINRW;15157,17256,19805
AGIINRZ;2802,2828,3711,7319,7873,7878,10068,10817,11878,12078,12121,14237,19574,19694,19698,19719,19734,19740,19741,19742,19753,19766,19775,19803,19819
AGIINSV;4960,12057,12062,12080,17011,17286,17530,19484,19488,19697,19723,19784,19818,19824
AGIINTW;19579,19825
AGIINTX;12117,17601,19672
AGIINVV;
AGIINVW;12112,15166
AGIINVZ;4961,12053,12081,17547,19674,19676,19698,19741,19819
AGIIRST;4249,5639,10828,12124,17366,17603,19334,19756,19833
AGIJKNU;
AGIJLLN;2837,12128
AGIJLNS;
AGIJMMN;19497
AGIJNPP;
AGIJNPR;14252,17610
AGIJNPS;4962
AGIJNPU;
AGIJNRR;
AGIJNSW;7882
AGIJNZZ;5006
AGIJSSW;
AGIKKNR;10832,12129,19840
AGIKKNY;12127,19840
AGIKLNN;17619,19843
AGIKLNO;7885,14255,17618,19841,19846,19847
AGIKLNR;7885,7886,11965,12131,19840
AGIKLNS;19840
AGIKLNT;7885,19841,19846,19847
AGIKLNW;5005
AGIKLWY;5005
AGIKMNR;3748,4967,5012,6254,12129,12131,15172,19850,19851
AGIKMNS;7881,17369,17623,19581,19852,19854
AGIKNNR;471,4967,15895,19850,19851
AGIKNNS;19843
AGIKNNT;7349
AGIKNNU;17625
AGIKNNW;19851
AGIKNNY;10753,12130,17619,19843,19844,19845
AGIKNOS;7881,12000,12056,17369,17623,19852
AGIKNOY;
AGIKNPR;12140
AGIKNQU;
AGIKNRR;12140,17629,19554
AGIKNRS;19840
AGIKNRT;
AGIKNRW;5012,7886,19851
AGIKNRY;5012,19840,19844
AGIKNSS;19858
AGIKNST;19538
AGIKNSW;
AGIKNUW;
AGILLLN;7890,15898,19860
AGILLMN;10843,15899,17639
AGILLMU;4255
AGILLNP;4972,7860,15173,19861,19866
AGILLNU;7884,7899,19705,19874
AGILLNW;7894,7900,12149,19463
AGILLNY;7805,12130
AGILLOR;2804,7897,12154,15173,15176,15907,17006,17643,17644,19866,19868
AGILLOT;4256,4971,7359,12004,12065,12151,19363,19502,19586,19868
AGILLRU;12067,12153,12156,19589
AGILLSU;12156,15098,17660
AGILLYZ;15175
AGILMMN;17666,17667,19715,19716
AGILMMS;19702
AGILMNO;15136,15137,15177,15178,15840,17618,17670,17671,17672,19716,19718,19719,19841,19842,19881,19882
AGILMNP;4931,5008,19878
AGILMNR;12006,15033,15138,15172,19719,19721
AGILMNS;5009,19590,19842
AGILMNT;488,1507,15178,19665,19716,19721,19724,19841,19882
AGILMNU;1507,4931,15172,15178,19877
AGILMNY;1499,2848,5008,12006,12159,15138,19349,19590,19881,19882,19884
AGILMOS;2851,4254,7903,12162,15177,17380,17677,17678,19842,19879,19881,19886,19887,19888
AGILMPS;4210,4927,4976,15924,17678,19583,19888
AGILMPU;4931,7363,12158,19472
AGILMST;484,2851,4267,12162,15122,17007,17677,17687,17688,19583,19591,19886,19887,19888
AGILNNO;4269,5035,7841,7896,7904,11885,12073,12132,12143,15026,15142,15179,17523,17689,19725,19836,19891
AGILNNP;12163,19901
AGILNNR;2844,7904,12073,12163,19725,19836,19864
AGILNNS;947,11865,19901
AGILNNT;5035,15181,15182,19592,19662,19669,19837,19902,19903
AGILNNW;
AGILNOP;10858,17670
AGILNOR;5026,15033,15079,19508,19836
AGILNOT;15178,19838,19841
AGILNOV;12081,14274,17385,17618,19741,19861,19894
AGILNOZ;6028,6259,7908,14281,15142,17536,19719,19734,19740,19741,19742,19746,19882,19915
AGILNPP;4933,4984,17708,19595,19671,19732,19907
AGILNPR;2121,5042
AGILNPS;
AGILNPT;19595
AGILNPW;
AGILNPY;2806,2853,5008,14268,19349,19750,19844,19890,19898
AGILNRT;5042,5045,5048,19595
AGILNRW;17386
AGILNRY;1508,5038,5048,19742,19840,19844,19910
AGILNSS;19870
AGILNST;13173
AGILNSU;5642,6848,7371,17707,19900
AGILNSV;12062,19484,19488,19675
AGILNSW;15177
AGILNSY;2854,3756,5643,6258,7906,8662,12171,19840,19881,19913
AGILNTY;5048,10757,12014,12083,15182,15923,15939,17394,19350,19515,19749,19750,19837,19902,19903
AGILNUV;19365
AGILNUW;7899
AGILNVV;
AGILNWW;
AGILNWY;5005,7894,7900,12149,13169,15174,19463
AGILNYZ;2855,5043,6259,14281,15175,19742,19750,19882,19915
AGILOPT;12015,19539
AGILORS;490,5051,12177,12178,19603,19756
AGILORW;17386
AGILOST;8663,12162,12175,19353,19521,19755,19756,19886,19887,19926
AGILRSS;247,491,5034,19367,19606,19757,19889
AGILRWX;
AGILSSY;
AGILSTY;2854,5023,5643,7906,12014,12162,12171,19599,19749,19881,19888,19913
AGILUYZ;19915
AGIMMNR;492,7360
AGIMMNS;17756,19522,19928
AGIMMSS;4293,5052,10881,15188,17622,17761,17762,17763,19930
AGIMNNN;12055,15135,15148,19664,19764,19877,19932,19933,19934
AGIMNNO;9737,13163,13167,15150,15151,15189,19764,19766,19932,19933
AGIMNNR;15189,15190,19851,19933
AGIMNNS;2859,7868,11987,15148,15153,15190,19344,19478,19558,19609
AGIMNNW;17503,17773
AGIMNOR;3748,5026,5547,7311,14304,15033,15189,17023,19465,19610,19851,19933
AGIMNOS;7881,15177,15191,15951,17369,17756,19611
AGIMNOT;2860,5056,7378,7887,8664,12186,12191,15150,15178,15189,17561,19355,19465,19682,19716,19764,19777,19841,19882,19929,19933
AGIMNOV;17618,17766,17779,19777
AGIMNPP;7869,9740
AGIMNPR;485,4991,15156,19523
AGIMNPT;5060,7869,8664,17788,19680,19929
AGIMNPV;
AGIMNRR;
AGIMNRS;249,1511,2827,2861,19684
AGIMNRT;2860,15189,19465,19933
AGIMNRW;5012,12021,19851
AGIMNRY;5012,5015,7893,12006,12087
AGIMNSS;6257,12192
AGIMNST;5064
AGIMNSU;1511,3766,5059,12185,15953,19462,19524,19558,19609,19612,19944
AGIMNSY;15191,15193,17782,19590,19881
AGIMNTT;6261,7366,12191,17379,17788,19369
AGIMORS;3767
AGIMORU;17685,19566
AGIMOSY;7903,11973,11990,12162,12196,15191,15193,17678,19505,19881,19888
AGIMRRT;2829,5057,5061,12088
AGIMRSU;1511,3753,3766,5059,10082,15971,19297,19944
AGIMRTY;1512,2863,10836,17787,17801,19786,19884
AGIMSST;5034,5052,5062,5064,12192,15188,15194,19943
AGIMSWW;
AGINNNP;5070,17804,19793
AGINNNT;5069,5070,10772,10889,15197,17295,17573,17689,17692,17803,17804,19506,19793,19795,19796,19877,19933,19934
AGINNNV;15975,17803,19792,19796
AGINNNW;15179
AGINNOS;5853,7882,12097,12101,12200,15082,15199,19799,19951
AGINNOT;11885,19373
AGINNOZ;4307,7871,8425,12099,12103,19766,19769,19803
AGINNPP;2864,15081,17820,17821,19616,19798,19805,19952
AGINNPS;2859,12164,15103,15199
AGINNPT;1320,2864,5070,10084
AGINNPW;
AGINNRS;1513,5075
AGINNRT;5070,17692
AGINNRW;15200,15895,17833,17834,17835,19851
AGINNRY;3770,5075,15190,19508,19844,19863,19937
AGINNST;
AGINNSU;6839,7917,19466,19469,19491,19558,19892,19948
AGINNSW;7882,12205
AGINNTU;2852,5035,6251,7368,10857,19373,19729,19793
AGINNTW;12205,15200,17415,17773,17833,19373,19572
AGINNWY;17773,17835
AGINNWZ;19769
AGINNYZ;15155
AGINOOO;15164,19610,19955
AGINOOP;2866,7324,7847,10858,12166,17315,17670
AGINOPR;2832,2866,4991,7848,10896,12027,12028,12029,12140,12209,14252,15084,15106,15816,17315,17628,17775,19523,19573,19574,19619,19955
AGINOPS;3771,9742,10896,12101,12187,12210,15082,15199,15206,17628,19573,19799,19854,19942,19966,19967
AGINORR;6836,7919,7921,12140,12145,15035,15084,19293,19691,19817,19957
AGINORS;19955
AGINORT;2860,12028,12186,14047,14330,17851
AGINORZ;12029,12078,19493,19574,19698,19719,19734,19740,19741,19742,19766,19775,19803,19819
AGINOSS;12030,15107,19799
AGINOST;4312,5077,5079
AGINOSU;6848,12079,12147,12185,12210,17707
AGINOTU;5035,5056,7378,7812,7908,12117,12148,15178,15196,17709,17712,17851,19355,19359,19360,19373,19494,19527,19825,19838,19856,19907,19929,19957,19968,19969
AGINOTV;2125,3744,5083,9743,15991,19378,19777
AGINOTZ;4307,7871,7908,17536,19746,19803,19882,19915
AGINOVW;12112,15166
AGINPPP;17817,19826
AGINPPR;7848,19826
AGINPPS;
AGINPPT;2864,7869,17360,17589,17620,19671,19732,19798
AGINPPW;
AGINPPY;
AGINPPZ;4984,17589
AGINPRR;5057,12140,13456,15084,17823,17824,19523,19826
AGINPRS;15199,19955
AGINPRT;5070,12028
AGINPRW;17784
AGINPRY;11880,15156,19844
AGINPSS;19799
AGINPST;9742
AGINPSU;3745,7385,15202,17421,17625,17632,17698,17720,17858,19336,19524,19808,19944,19948
AGINPSV;15994
AGINPSY;5085,19625
AGINPTT;4997,5060,19968
AGINPTU;4278,5044,5060,8650,10866,12093,17709,19729,19793,19808,19908,19929,19966,19968
AGINPUY;19965,19968
AGINPWY;
AGINRRT;4310,5045,5057,5061,5078,7919,7921,11888,17542,17578,17807,17823,17846,19481,19691,19692,19817,19957
AGINRRW;15092,15210,16996,17824,17855
AGINRRY;
AGINRST;
AGINRSU;7021,7395,7843,7872,14339,15204,17413,17832,17858,19944,19954
AGINRSV;5047
AGINRSW;19622
AGINRSY;12011,19840,19978
AGINRTT;5063
AGINRTW;5073,15200,15208
AGINRTY;5048,12083,15719,19711,19872
AGINRUW;7886,15208,17832,17833,17834,17835,17851,19944,19952,19969
AGINRVY;19830
AGINRWY;5012,7900,12149,15174
AGINRZZ;
AGINSSS;4944,6035,12189,15169,17813,17836
AGINSSU;6845,7371,7874,8670,13168,15211,17015,17319,17634,17726,19379,19528,19815,19858,19870,19979,19980
AGINSSV;2865,10912,14343,17836,19784
AGINSSW;6255,19858
AGINSSY;12192,19361,19930
AGINSTT;4918
AGINSTU;
AGINSTV;5079,5083,9743,19378
AGINSTW;12205,13173
AGINSTX;5085,17432,17854
AGINSTY;2854,2868,5064,5085,5643,7906,12171,19361,19599,19749,19881,19981
AGINSUX;15984,17432,17854
AGINSVW;15166,19488
AGINSWX;7023
AGINSWY;
AGINTTT;2870,5000,12191,17788,19696
AGINTTU;10914,12125,17431,19360,19825,19921,19968,19977
AGINTTV;2836,2871,5082,15820,15991,19745,19777,19960
AGINTTW;19825
AGINTUV;5083,17601,19378
AGINTVW;
AGINTXY;
AGINTYZ;2855,19750,19882,19915,19981
AGINVYZ;
AGINWWX;
AGINWZZ;
AGIOPPT;19732,19798,19907
AGIOPSS;5080,12187,15985,17416,17434,17776,17805,19799,19880,19896,19925,19945,19956,19966,19982
AGIORST;5021,5051,7912,19521,19603,19756,19785,19833,19926,19983
AGIORSU;17322,19380,19983
AGIORSV;
AGIOSTU;19353,19380,19887,19983
AGIOSUY;7903,12178
AGIOUUY;
AGIRSTU;2384,3761,5074,5086,7024,9744,14351,15109,15112,15204,15971,17880,19334,19380,19623,19822,19921,19938,19954,19970,19983
AGIRTVY;17605,17801,19830
AGISTTW;
AGISTUV;5083,14298,17880,19378
AGJLMOS;16013
AGJLRUU;
AGJNOOR;12224
AGJNORS;12225,16014,19697,19986
AGJNORY;
AGJSTTY;
AGKLNNO;12132
AGKLNNU;12132,12133
AGKLNOS;4327,17884,19987
AGKLOOS;17884,19987
AGKLOST;
AGKLOSU;
AGKMNOP;
AGKMPRU;
AGKNOPT;
AGKNRSU;7843,19986
AGKORRW;16015
AGLLNOO;7407,7896,10845,12143,17324
AGLLNOS;5016,5640,7898,12060,12144,12147,19584,19707
AGLLNTU;12148,19710,19874
AGLLOOR;19990
AGLLOOT;12151
AGLLOPS;3457,4946,12144,17889,19584,19867
AGLLOPU;7330,15113,19588
AGLLORS;4876,4946
AGLLOSS;7895,7902,12038,12155,19875
AGLLOSU;5090,6840,10102,12147,12227,15214
AGLLOSW;17889
AGLLOTT;5091,19876
AGLLPTY;17888
AGLLRSY;3776,12156,15085,17893
AGLLRYY;19860
AGLMMSY;5093,16020,17894
AGLMOPY;17679,19633,19994
AGLMORS;5094
AGLMORU;12160,17448,17685,17886,17902,19504,19999
AGLNNOS;
AGLNNSU;10928,19892,19900
AGLNOOO;8137,10929,15215,17896,19534,19636
AGLNOOS;5099,8654,12229,17454,17455,17456,17884,17905,19987,20003
AGLNOPS;5094,17884,17889,17906
AGLNOPU;15113,15216,17709,19907,19908
AGLNORU;5102,15216,16036,16038,19504,19518,19725,19836
AGLNOSS;7929,10930,17898,17907,20002
AGLNOST;2879,5099
AGLNOSU;2879,6848,12079,12147,12170,15180,19744,19905,19912,19913
AGLNOSW;17889,17899
AGLNPSY;17906
AGLNPUY;15216
AGLNRSU;1520
AGLNRUU;1331,1520,1521,10621,19864
AGLNTUY;5048,7911,15182,19837,19874,19902,19903
AGLOOPS;7853,10933,17459,17884,19475,19543,19634,19997
AGLOOPY;10933,17452,17460,17911,19476,19544,19990,19994,19997,20005
AGLOORS;1522,7853,9354,10934,12229,14171,17454,17459,17462,17912,19475,19543,20003
AGLOOST;5099,8663,12016,12175,14054,17455,17677,17739,17740,17900,17912,19521,19635,19755,19886,19887,19895,19904,19905,19995,20004
AGLORSU;12177,12178,20007
AGLOSSS;5101,15146,17468,17743,17915,19875,19927,19988,20000,20006,20008,20009,20010
AGLOSSW;
AGLOSUV;17467,17905
AGLOSWY;
AGLRSSU;17050,17469,17753,17907,17918,19367,19889,19989,20001
AGLRSUU;12177,17053,17918,19998
AGLRSUV;5047,17467
AGLRUUV;
AGLSYYZ;
AGMMNOS;10936,15187,17756,17757,19522,19928,20011
AGMMNSU;5024,20011
AGMMORY;19608,19633
AGMNNOR;15189,19766,19851,19933,20012
AGMNNOS;
AGMNNOT;3780,15150,15189,19764,19767,19933
AGMNNOW;7928,16048
AGMNORS;5094
AGMNORU;17920
AGMNOST;
AGMNRSU;1334,1511,5059,19944,20015
AGMNSSU;4358,15218,15868
AGMNSTU;19612,19722,19938,20015
AGMNSTY;15193,16053,17474,17772,17782,19881,19884,20013,20015
AGMNSYY;
AGMOOYZ;
AGMOPRR;2816,5096,7035,12023,12230,16049,19523,20012
AGMOPRU;9746,17902,17920,19566,19999
AGMORRU;17886
AGMORRW;
AGMORSS;15218,15219
AGMORSY;5089,12231,17901,19505,20013,20016
AGMOSYZ;12196
AGMPRSU;5059,17450,19944
AGMPSUZ;19524
AGMRSSU;4364,10938,15218,16059,17792,19297,19889,20001
AGNNNOO;12198,16046,19932
AGNNOOR;6849,12198,17330,19615,20012
AGNNOST;5109,12223,20018
AGNNOSY;12200,15221,19843
AGNNSSU;7874,12226,17940,19528,19815,19853,19939
AGNNSTU;3784,5109,12223,20018
AGNNSUW;17832
AGNOOSZ;4951,5100
AGNOQSU;
AGNORRS;12225,12234,19986
AGNORRT;7419,7919,7921,14330,15222,17807,17845,17846,19691,19817,19957
AGNORSS;4230,4365,7418,15218,16034,16063,17898,17907,19382,20002
AGNORST;13176,19300
AGNORSU;10120,10943,12225,12234,13164,15116,19986
AGNORTU;12224,19359,19822,19856,19957,19958,19969
AGNOSSS;5101,12189,17813,17939
AGNOSST;5105,14376,14377,15117,17484,17933,17942
AGNOSTU;2879,10923,12223,14376,17944,20018
AGNOSZZ;
AGNOTUW;15208,17851,19825,19969
AGNPRSS;4954,19382,19650
AGNRSSU;2403,4858,6249,10945,15218,17050,17907
AGNRTUY;17941
AGOORSV;19959
AGOPPST;19654,19659,20018
AGOPRST;4955,5051,12195,12231,19640,19648,19654,19656,19657,19659,19946,20019
AGOPRSU;10949,16041,16084,17892,17914,17956,20007
AGORRST;1524,2882,3785,5113,19536,19656,19833,20017
AGORRTW;
AGORRTY;5103,12230,14348,17917,19961
AGORSSU;7933,10795,12045,12212,14375,14381,15218,16084,17495,17907,19909
AGORSTU;4878,4955,19380,19623,19822,19970,19983,20017
AGORTUY;4956,17917,19371,19552
AGOSTTU;4878,19380,19983
AGOSUYZ;8671
AGRRSTU;3781,3785,5110,7405,14207,17350,17497,17871,20017
AGSSTUU;19980
AHHHISS;
AHHIIMS;
AHHIJRS;
AHHIKKR;
AHHIKSS;15224
AHHIKSW;19538
AHHIMNU;19540,20030
AHHINST;19538,20029
AHHIPRS;6262,12247,17059,17975,20032,20034
AHHISSS;3258,7422,7938,13053,17972
AHHISSV;
AHHISTT;7935,7936,10964,10966,11979,17345,20034
AHHKOOS;
AHHKSSY;
AHHLLOT;20035,20036
AHHLRSY;
AHHMPRU;19540
AHHOORS;13177,15088,15228,17983,19543,19545
AHHOPRS;6262,10743,12247,12253,15088,15231,17983,19543,19545,20032
AHHPPSU;
AHHPTUZ;
AHHRRSU;17350,20041
AHHRSTY;5126,15231
AHHSUZZ;
AHIIKPS;12261,12262,17998,18000,19384
AHIIKRS;19554,20043,20048
AHIILPS;1530,3788,4927,6268,7430,7939,9749,10982,12237,12264,12265,13527,14403,15236,18009,20053
AHIILRY;8674
AHIILST;15235,19556
AHIIMNT;19559,19560,20057
AHIIMSS;5117,5134,8685,12274,18015,19562
AHIIMST;1789,12260,15239
AHIINPR;19574
AHIINST;15235,17999,18023,19567,19572
AHIINTU;6271,10750,19560,20056,20057
AHIINTZ;
AHIIPRS;3483,3790,13528,15094,17366
AHIIRTW;17997,19579
AHIKKSS;18028
AHIKLPS;20067,20068
AHIKLRS;
AHIKLSS;11003,12301,18028,18031,18032,20068
AHIKLST;6239,11999,15241,16090,18033
AHIKLSY;6272,15241,18032
AHIKMNO;12303,12304,17368,17369,19581
AHIKMNS;11005,12303,15243,17369,19581
AHIKMRS;5135,7949,11006,11007,20048,20069
AHIKMSV;12260
AHIKMSW;
AHIKNRS;15244,18038
AHIKNSS;12307,15224,19387,20047
AHIKNSV;
AHIKNTT;
AHIKORS;15244,20043,20048,20069
AHIKOSW;9752,12306,14416,15097,15244
AHIKPPS;
AHIKPRS;8692,11006
AHIKRSS;18031,18038,18039,19387
AHIKRSW;3791,15244
AHIKSSS;7422,20066
AHIKSST;505,6240,6274,8693,12298,12301,12307,19387
AHILLNO;5131,12313,12314,15233
AHILLNP;12313,12314,15233,17375
AHILLNT;
AHILLOS;2420,7438,8694,11013,11016,12308,15039,15246,17966,18041,18042,18045,18049,18050
AHILLRT;7951,19388,19589,20073
AHILLSS;7439,7948,12321,16960,17066,17965,19587,20049,20072
AHILLST;7322,7423,7951,16115,16117,18042,18050,18053,19330
AHILLSZ;
AHILLTT;19589,20073
AHILLTY;1536,2901,8696,12004,12311,12319,18048,18050,19302,19555,20022,20073
AHILMMO;20075,20076
AHILMMS;11018,11019,18054,20075,20076
AHILMMY;
AHILMNS;5137,7952,11020,12325,15249,16118,18058,18060,20078
AHILMOP;15234,16091,17963,19385,20050,20075
AHILMOS;20075,20078
AHILMOT;5138,12324,19388,20051
AHILMOU;20051
AHILMSU;9757,12325,20083
AHILNOS;15251,18058,18070,20078
AHILNPS;7446,15249,20067,20090,20091
AHILNRS;12325,12332
AHILNRT;4397,14425,19595
AHILNSS;509,6665,16129,18004,18031,18032,18083,20090,20091
AHILNSU;7446,7952,11894,12315,12325,15251,17970,20088,20091
AHILNSY;7955,9759,12312,12335,13178,15249,20067,20078,20090
AHILORY;1537,2909,4937,11015,12318,12328,12334,12338,18048,18090,19601,20086,20092
AHILOTY;1537,4937,7956,8696,8701,11023,11036,12004,12244,12319,12324,12327,12338,18047,18048,18078,18090,19586,20026,20027,20092
AHILOTZ;20087
AHILPPS;12336,14432,14438,16135,18009,18071,19602,20075
AHILPPY;4936,5142,12336,16135,18009,19601,19602,20090
AHILPRT;6046,10152,16121,18061,18085,19539,19595,19596,19604,20092
AHILPSY;7453,7956,16135,18009,18081,19599,19602,20027,20067
AHILSST;509,3794,5144,12013,12301,12346,15087,20085,20091,20093
AHILSSV;20054,20072
AHILSTU;10985,16141,17970,19598,20083,20091
AHILSTY;7936,7956,12330,15241,19599,20027
AHILSWY;13547,15040,20023,20078
AHILSYZ;18005
AHIMMRS;1538,7940,10987,12347,16144,17397,18101,20076,20095
AHIMNNS;3796,7459,11020,11987,15243,18102,18103,18104,18105,19558,19609
AHIMNNU;4879,12019,19558,19560,19561,19609,20056,20057
AHIMNOT;511,5145,12324,12353,12356,12357,18107,18113
AHIMNPS;15238,15249,19563,19565,19609,19611,20029,20101
AHIMNRS;5133,12274,12305,12325,20065,20095,20099,20108
AHIMOPR;5152,17399,18061,19385,19566,20028
AHIMORS;5135,6860,11078,12279,12309,12367,17381,17403,18127,20048,20069,20076,20095,20099
AHIMORZ;
AHIMOSS;18015,18063,18111,18123,19562,20080,20100,20101,20104,20110
AHIMPSS;5134,20080,20084,20107
AHIMPST;19583
AHIMPSV;
AHIMPSW;19565
AHIMRSS;5117,5134
AHIMRST;1539,1540,5135,7949,16962,18065,18101,20069,20108
AHIMRSW;
AHIMSSU;14451,20070,20100,20105,20110
AHIMSTV;1540,12260,18060,18104,18119
AHIMTUZ;
AHIMTVZ;1527,1541,1544
AHINNST;3798,7459,14455,15257,15258,18068,18103,18104,18138,18141
AHINNSW;17415,19572,19618
AHINNTX;5153
AHINORT;19619
AHINOTZ;20087
AHINPRS;20113
AHINPST;2931,4934,5155,5159,19598,19599,20029,20091,20114,20117
AHINRSS;1797,2922,2930,2933,6862,9768,12274,12288,12305,12380,15240,19387,20047
AHINRST;515,1539,5160,7941,20108
AHINRSU;512,5160,7843,7963,14469,17413,18157,19301,19392,19470,19623,20095,20099,20108,20121
AHINRSV;5160
AHINRTY;6863,17977,18147,19619
AHINRVY;
AHINSST;19387,20107
AHINSSW;5158,9392,14418,15266,18037
AHINSTU;405,2459,5160,7963,11103,12381,17970,18153,18154,19594,19598,19623,20088,20121
AHINSYZ;14470,18005
AHINTUU;19303
AHIOOST;6279,7945,7954,8702,12016,12362,12374,18166,20112,20114,20115,20124
AHIOPRU;3731,12035,19566
AHIOPSS;5646,17416,17434,18015,18144,18148,18165,20101,20117,20122,20123,20127
AHIOPXY;14436
AHIORSS;6864,7451,15240,15269,17978,18123,19621
AHIORST;5135,15253,15271,19603,20043,20048,20069
AHIORSV;16132,18092
AHIORSW;9752,9769,11046,12306,15244
AHIORUV;
AHIPRSS;5162,5163,7967,15110,19629
AHIPRST;11895,12294,20034
AHIPRSU;2912,7963,7967,11122,11123,12031,16185,18155,20083,20121
AHIPRSW;8692,17425,18155,20034
AHIPRWY;19604
AHIPSSW;1528,19304,20074
AHIPSWW;
AHIPSWY;
AHIRRSS;5163,7967,12391,19621
AHIRRST;515,3802,7949,15111,19393
AHIRRSW;15111
AHIRSST;6274,6862,7947,12258,12288,12297,12380,19541
AHIRSTT;5156,20034,20089,20115,20121
AHIRSTW;9774,12393,15111,19626,20034
AHISSTT;5150,5157,5161,7958,20093
AHISSTU;259,20110
AHISSTW;19304,20074
AHISTTW;19626,20034
AHISTUZ;16179,18178
AHITTWW;
AHJOOPS;
AHKKSSU;
AHKLOOS;
AHKLPSU;
AHKMNSU;10195,15243,18190
AHKMORR;
AHKMOSS;16199,18191,20132
AHKMOSW;20128
AHKMPTU;
AHKMRTU;138,15096,18185,19582
AHKNPSU;12262
AHKPSUU;
AHKRSST;517,6274,11145,11900,18039,18191,19387,20131
AHKRSSU;5514,6284,7968
AHKRSTU;
AHLLMOS;5171,12308,12309,15274,16204,20128,20135,20137
AHLLMSU;7969,17079,18197,20071,20135
AHLLNOS;4433
AHLLNOY;4430,11149,12314,19586,20136
AHLLNSU;6290,12315,17377
AHLLOOS;18199,20137
AHLLOPS;4433,4946,5171,7438,8723,12404,12405,15246,17966,18045,18198,19584,20137,20138
AHLLOST;8723,12404,15274,18045,18049
AHLLOSU;6840,11016
AHLLOSW;1551,19585,20128
AHLLOTY;2138,8696,12004,12319,18047,18048,19586,20035,20073,20140
AHLLPSU;11152,12315,20138
AHLLPSY;2943,4220,5171,12323,12405,17444
AHLLPYY;12323,20140
AHLLRST;2944,4150,7951,9407,12320,15274,20138
AHLLSTU;10642,17080,17081,18197,19337
AHLMMSU;20076,20135
AHLMNPY;18057,20050
AHLMNSY;4434,14501,15249,18058,18205,19590
AHLMNUY;
AHLMOOS;7970,8697,10202,12308,12326,12406,15275,17380,18207,19635
AHLMORU;12407,17448,20051,20076,20082,20142
AHLMOSS;11159,12267,12397,16215,17082,17449,18063,18195,20079,20080
AHLMSTZ;18065
AHLMSUU;2487,18197
AHLNOPR;11893,14504,15858,18204
AHLNOPT;4221,18218
AHLNORT;6282,14500,18219,19636
AHLOOPS;7425,7853,12242,12404,12405,15252,17459,17983,18198,19383,19475,19543,20053,20147
AHLOOPW;
AHLOOTW;
AHLORST;5129,5143,8724,11904,12413,12414,15253,19603,19640,20149
AHLOSST;2947,7958,8720,12251,12412,15278,19391,19637,20093,20131,20150
AHLOSTU;12409,13179,18217,19635,20144,20149
AHLOTUU;
AHLPRSY;4948,5180,7453,16217,16227,18051,18230,19638,19640,19641,20067,20068
AHLPRUY;14439,18230
AHLPSSU;4939,5176,18208,18226,20091
AHLPSSY;1552,4439,7972,18213,18224,18226,20139
AHMMMOT;
AHMMMUU;
AHMMOSS;9415,20038
AHMMOSW;
AHMMOTY;5145,5172
AHMNNSU;6681,14511,15243,18105,19558,19609
AHMNNTU;12019,19560,20056,20057
AHMNNUU;18105,18106
AHMNOPS;5147,16236,18056,18108,19611,19644,20101
AHMNOPT;11058,12353,12354,12356,18238,20153
AHMNORY;3797,15254,18244,19645,20028,20136
AHMNOSS;10788,11184,12349,12359,18239,18242,18245,19562,20100,20101,20102,20104
AHMNOSW;15280,18240
AHMNRSU;512,20095,20099,20108
AHMNRYY;9782
AHMOOPS;4940,5130,7961,12352,17986,18251,19545,19611,19644,19647,19648
AHMOOSS;12415,20100
AHMORRU;7974,11194,20098
AHMORST;5135,19338,19648,20048,20151,20156
AHMORSZ;18112
AHMOSSY;12416,16215,17449,18063,20080,20109
AHMOSTU;11902,12415,19612,19635,20038,20135,20151,20152,20156
AHMOSTZ;
AHMOSWY;20128
AHMOTTZ;
AHMPSSU;5176,18208,20105
AHMRRSU;1553,7461
AHMRSTU;1553,20083,20108,20151,20156
AHMRSTW;2955
AHMRSTY;18189,18258
AHMSSSU;
AHNNSSU;15281,18261,20159
AHNOOPR;3799,8712,15227,15259,15260,15261,17988,18204,18238,18262,19547,19615,20153,20161
AHNOPRS;5594,12253,17473,18269,19573,20118
AHNORSS;9768,15229,15240,19621,20040
AHNORST;7493,14494,15283,15284,16255,20158,20166
AHNORSX;11097,14523,20119
AHNOTTW;19624
AHNPPSS;
AHNPPUU;
AHNPPUY;19616
AHNPRSU;7963,10237,11204,12031,18155,18267,20121
AHNPRXY;20161
AHNPSSU;20091,20105
AHNRSVY;14524,18269
AHNRVYY;
AHNSSTU;4010,15281,16105,17484,18247,19637,20159
AHNSTUW;19618
AHNSTUY;5186,12381,15284,20144,20154,20159
AHOORSS;7498,12422,14527,18285,19399,19657
AHOORSY;9779,15042,15282,18277,18285,19651
AHOPRSS;5179,6864,15269,19650,19657
AHOPRTY;4956,5180,7966,14526,15270,17349,18276,18279,18287,19619,19640,19649,20092,20118,20155,20165,20168,20169,20172,20173
AHOPSTW;12402
AHOPTTW;
AHORRSW;12400,15283
AHORSTT;2892,5129,5156,7817,12413,12425,19603,20089,20115,20149,20151,20156,20166,20170
AHORSTU;5188,12378,12425,19392,19623,20149,20151,20156,20158,20170,20171
AHORSTW;5190,6289,7499,8274,9787,11904,12402,12414,14528,15283,16226,18193,18256,18293
AHORTTY;7489,7977,9772,16249,16284,17994,18177,18211,20165,20168,20172
AHOSTUU;19652,20111
AHOSTUW;1554
AHPRRTY;2935,16228,20169
AHPRSST;4954,5179,19657
AHPSSUW;18288
AHPSTUZ;
AHPSXYY;19625
AHQSSUY;
AHRRSUY;12392
AHRSSSU;
AHRSSTT;15287,19661,20150
AHRSSTW;15288,20131,20150,20157
AHRSTTW;12393,15571,19626,20034,20062
AHRSTWY;5190,5192,9774
AHRTUWY;19398,19552
AHSSSTU;4237,7487,18257,18286,18297
AIIILMT;1555,5193,7505,7981,7983,12430,18308,18311,18313,19665,20182,20183,20189
AIIILNT;4474,4958,5193,5194,7505,7856,11907,15292,17498,18301,18308,19477,19662,19665,19669,19670,19671,19672,19676,20182,20189,20193,20194,20195
AIIILVX;
AIIIMRS;18305,18310,18324,19683,20187,20190,20191,20192,20203
AIIKKSW;18341
AIIKMMS;
AIIKMNN;4967,17503
AIIKNNT;
AIIKNST;
AIIKPST;5198,11251,17998
AIIKRRU;20021
AIIKRTT;
AIILLLP;8730,11253
AIILLMN;2758,4478,7073,7831,7991,12058,12427,12428,12451,18357,18358,19347,19703,20182,20221,20224
AIILLMS;6295,7991,12264,12429,12452,18354,19347,19702,19703
AIILLMW;
AIILLNV;7512,20226,20229
AIILLQU;
AIILLUV;19406,20227,20229,20231,20239
AIILMMN;5193,18308,19346,19715,19716,20242
AIILMNN;2823,4975,5207,15135,19664,19715,19717,20221,20248
AIILMNO;15136,15137,15311,19719,20050
AIILMNS;12465,15289
AIILMNT;2972,4975,5193,5194,7431,7505,7981,17095,17520,17521,17522,18308,18389,18392,19715
AIILMNV;15289,19484,19723
AIILMRS;12071,15046,15290,15313,15315,19699,19702,19718,20240
AIILMRT;7522,17351,17520,18311,19721,20051,20261
AIILMRY;15138
AIILNNS;2760,2977,5216,8731,12472,12473,15305,19407,20264,20267
AIILNOS;2979,2981,5217,5219,6878,7842,7988,7992,8503,9456,10981,11856,12472,12477,13166,14570,15043,15141,18002,18406,18409,18416,19400,19407,19410,19707,20217,20220,20267,20274
AIILNPT;20194,20268,20278
AIILNPU;16306,19729,20278
AIILNRY;5223,8743,11257,11872,12083,12451,12455,12458,15138,15319,19739,19742,19748,19754,20222,20280
AIILNTU;1358,3714,7284,7535,7858,7989,8011,8745,9458,12082,12086,12473,15322,17097,17553,18362,18425,18431,19486,19487,19710,19729,19731,19744,20195,20229,20267,20278
AIILNTV;3532,3818,4497,5220,7079,13634,14581,15292,16312,18436,20229,20266
AIILNTY;5197,7864,12083,12482,18431,19711,19713,19750,20195
AIILOPP;12476,18440,19732,20052,20268
AIILORV;7821,11281,12438,12478,19741,20230,20266
AIILOSS;6701,6875,6880,8015,12460,12490,12491,14583,14586,15306,15314,15315,15326,15327,16313,18399,18443,20234
AIILPRU;16306,18006,20282
AIILQSU;12468,15048,15330,20274,20285
AIILRST;5219,5222,5223,20196,20232,20281,20285
AIILRTV;11986,12438,14557,16317,18436,20191,20196,20197,20230,20261,20263,20266,20287
AIIMMNS;7940,15238,17105,18323
AIIMMNX;5230,19677,19679
AIIMMSS;8018,18471,20293
AIIMNNV;18477
AIIMNOR;14563,15293,15333,15334,20222,20296,20300,20301,20305,20306
AIIMNPS;1532,2897,3824,5133,8754,15238,19563,19565,19683,19770
AIIMNPT;5233,5236,7869,10274,12511,18468,19680,20300,20301,20304
AIIMNRT;5194,5236,5239,13639,15293,15334,17520,19721,20296,20300,20301
AIIMNSS;1362,1568,2965,12274,12512,13641,14606,16325,20254,20255,20305,20311
AIIMNST;20199
AIIMNTT;5239,12511,20298
AIIMNTU;5236,5237,19326,19355,19560,19772,20056,20291,20296,20303,20306,20307,20309
AIIMNTV;5239,19777,20298,20300
AIIMNTY;7981,14610,15154,17095,18392,18394,18486,19357,20224,20301,20310
AIIMPRS;3539,4976,5133,5134,5214,5242,6884,13644,14613,15313,15338,15341,19683,19770,19778,19779,20203,20307,20313,20316
AIIMPSS;5134,5242,7523,8003,11270,11316,12515,15294,15314,18015,18400,20293,20312,20317
AIIMRST;19414,20316
AIIMSST;4490,13645
AIIMSSY;8003,8022,12452,20255,20305
AIINNOP;4994,5233,5245,12102,12103,12281,15160,19798
AIINNPS;12261,18303,18512,18513
AIINNQU;
AIINNSZ;4981,18519,19668,19690
AIINNTY;7864,8025,15154,18511,19350,19403
AIINOPS;3824,5217,8754,12453,12477,14083,14570,15348,17110,18002,18385,18416,18520,18524,18525,18526,19384,19573,19818,20303,20329
AIINOTT;3817,5221,5245,6886,8010,8024,15127,15162,19360,19670,19745,19746,19777,19791,19825,20179,20272,20298,20304,20319
AIINPPR;5253,11334,16330,16331,18020,19805,19826
AIINPRS;1570,7529,12483,16333,17110,18427,18534,20307
AIINPST;1570,2835,3005,15348,20322,20323,20329
AIINRSS;5648,20047,20059,20209,20254,20255,20265,20275,20280,20305,20311,20335
AIINRSY;5223,5250,11881,11917,12124,12539,19739,19748,19754,20280,20281,20305
AIINRTV;5239,11339,14640,18421,18436,19830,20266,20338
AIINRTZ;19775,19803
AIINSST;2999,5257,5648,7985,8764,8766,12084,12115,12450,12459,12522,12526,12534,12536,19361,19416,19417,19693,19820,20209,20270,20276,20326,20335,20339,20340
AIINSSX;20340
AIINSTT;10281,11285,12050,12442,12538,15170,16311,16336,18352,18412,18515,18518,19417
AIINSTV;8026,12290,20271
AIIPRST;12294,20307
AIIPSTW;
AIIPTTU;14638,14656,18499,18535,20278,20304
AIISTUW;
AIJJMMS;
AIJLORS;10288,18574,20355,20356
AIJLORT;5195,12551,20356
AIJLSTW;
AIJLYZZ;
AIJMNSS;
AIJMORS;18338,20355
AIJNORT;1576,3834,5195,8032,11362,17610,18578
AIJORSW;
AIJPRSU;
AIJPSTU;
AIKKLOO;
AIKKLSU;
AIKKMNR;12129,20065
AIKKMOT;
AIKKNOS;12552,13660,16356
AIKKOOW;
AIKKOPY;
AIKKSUZ;
AIKLLNY;5007,5197,5266,12130,14666
AIKLMMN;18585,19346
AIKLMNN;
AIKLMNS;4020,4966,5009,18585,18587,18588,19699,19842
AIKLMPU;
AIKLMSS;4520,5267,11249,18028,18586,19842,20358,20359
AIKLMSU;18582
AIKLNOS;20217,20218,20360
AIKLNSY;19845
AIKLPWY;
AIKLQUY;
AIKLRSY;5711,20362
AIKLRTT;12556
AIKLSSU;7563,12557,20359
AIKLSSY;18032,20068,20362
AIKMMRS;17121,18585,19700
AIKMMSS;5267
AIKMNNS;17623
AIKMNRS;12448
AIKMNSS;2965,5267,18586
AIKMNSW;5009,16368
AIKMOOS;5263,18594
AIKMOQT;
AIKMPRS;
AIKMQTU;
AIKMRSU;18582
AIKMSST;12298,19701,20358,20359
AIKNNNS;
AIKNNPS;5269,18303
AIKNOST;5269,12552,16356,18346
AIKNPRS;12562,20360,20364
AIKNPSS;18034,18036,18597,19848
AIKNRST;977,5271
AIKNSTU;5270,5271,12139,19849
AIKOORT;
AIKOORW;12302,18040
AIKOPST;5269,19854,20364
AIKORRS;7564
AIKORST;5135,6722,20043,20048,20069
AIKOSTW;20364
AIKRRSS;18353,20365
AIKRSST;5272,12553,12564,20365
AIKRTUZ;
AILLLNO;7890,11381,15898
AILLMNU;275,1375,1580,2542,7991,9837,20182,20221,20223,20368
AILLMNY;7990,12428,12451,15051,19419,20222,20224,20367
AILLMOT;1822,4532,11925,12571,12572,15366,19388,19420,20223,20371
AILLMPT;11387,12310,18614,20368,20371
AILLMPU;11387,12310,18614,20368,20371
AILLMSU;18582,18616,20071
AILLMSW;
AILLMSY;12452,12574,19703,20071
AILLNNO;5279,7896,12143,12567,19861,20376
AILLNOP;5279,12313,12314,15052,15173,19866,20367,20379,20380
AILLNPY;3842,12314,20367
AILLNST;7994,13183
AILLNSV;7574,8039,15903,17653,20384
AILLNSW;
AILLNVY;1586,8039,12582,19874,20384
AILLORT;543,4543,15307,15368,17659,18641,19388,19420,20230,20232,20366,20371
AILLORZ;15907
AILLPRS;44,5287,5290,15246
AILLPRU;8536,11382,11409,15248,17126,17648,18626,20371
AILLPSU;3844,5287,12315,14691
AILLPUV;
AILLQSU;5288,6320,20071
AILLRSU;2165,5287,5288,5294,6327,12156,12554,12590
AILLRVY;2557,11413,12589,18618,19712
AILLSTT;3028,5023,5282,15367,19876,20225,20234,20369
AILLSTY;1560,2560,3028,5023,12574,18609
AILLSUZ;18649
AILLTVY;1383,7980,7996,12589,18356,19713,19874,20235
AILLTWW;
AILMMOR;11911,20219
AILMMSS;5204,5267,15371,20394
AILMMSY;18659
AILMMUU;
AILMMUW;
AILMNNO;8781,12567,20077,20396
AILMNOP;15136
AILMNOS;19881,20078
AILMNOY;659,3033,7990,9754,12141,12324,15051,15311,17672,18058,18680,19419,19426,19881,19882,20078,20222
AILMNPS;15249
AILMNPT;4533,16403
AILMNPU;4931,7363,12158,19472
AILMNRS;532,5208,5299,20250,20408
AILMNRU;12160,15172,19425,19721,20392,20402
AILMNSS;6257,12605,19885,20254,20255
AILMNSU;12464,12465,15308
AILMOOV;
AILMOPS;5276,5308,19888,20075
AILMOPT;7593,8046,18395,18396,18691,18692,19888,20258,20371
AILMORS;3837,12309,12462,15313,15380
AILMOST;2851,5308,6332,12162,12612,19881,19888
AILMOSY;1593,5308,6332,7903,12162,12612,17678,18058,18659,18680,19426,19881,19888,20078,20399
AILMPRS;2903,4976,5029,15313,19883,20408,20411
AILMPRU;20371,20415
AILMPST;8046,19583,20083
AILMPSU;8046,12464,18064,20412
AILMPSY;1593,15249,17678,18617,19720
AILMRST;19883,19884,20408
AILMRSU;3753,6327,12594,18582
AILMSSS;7120,8034,14716,16418,16428,18398,18401,18657,18687,18708,20259,20260,20373,20419
AILMSST;1390,4490,6125,7443,7525,7982,8049,8051,11026,11273,11435,15371,17967,18699,20359,20394,20421
AILMSSX;
AILMSSY;4567,12452,19590,19885,20255
AILMSTU;2772,12468,12471
AILMSTY;1579,19881,19884,20192,20370,20399,20413,20418
AILMSUV;3043,8043,19723,20263,20406
AILNNOS;
AILNNOT;11885,12558,12622,17296,17689,18715,20193
AILNNPU;
AILNNSU;6126,7562,11422,16411,17143,18411,19892
AILNOPS;15385,20360,20422,20425
AILNOPY;7605,12269,12314,12629,19890,19898
AILNOQU;4585,12578
AILNOSS;3058,5331,5332,8054,12642,12644,12645,12646,19432,20361,20425,20430,20431,20434
AILNOST;5870,12434,15251,19400,20274,20435
AILNOTU;3012,3032,4585,5301,5326,5333,12148,12168,12577,12578,12603,12628,12632,12640,14280,14746,15178,15251,15376,17097,17716,18425,19425,19518,19594,19744,19838,19846,19905,19907,19912,20223,20229,20252,20381,20392,20402,20407,20424,20435
AILNPRW;
AILNPSS;20090,20091,20422,20425,20430,20436,20437
AILNPST;8037
AILNPSU;5328,8955,12315,12464,19336
AILNPSX;
AILNPTU;4278,4593,5044,5326,5329,12168,12628,18747,19907,19908,20424
AILNPTY;2853,5123,19750,20278
AILNPUV;5044,5329
AILNQTU;12578
AILNRST;5222,5223,5338,7994,20408
AILNRSU;5288,20433
AILNRTT;46,2983,5224,19430
AILNRTY;5048,5223,5323,5342,12083,19430,19711,19868,19872,19910,20382,20385,20400
AILNSST;3058,3065,5331,5332,6894,8794,12642,12644,12646,15377,19391,20276,20361
AILNSSV;5332,11465,11482,12601,12605,12646,12654,18083,18364,18576,18756,20275,20427
AILNSTT;5216,5282,11285,15367,16311,16444,16478,18316,18412,19429
AILNSTU;3853,5335,15251,15321,20381,20428
AILNSTY;5643,7955,8057,17134,18588
AILNSUV;
AILNTTY;7911,16471,17394,19872,19873,19902,19922
AILNTUV;14746,16460,18425,20229
AILNTWY;19515
AILOORS;8746,9839,12332,15323,16480,16481,20425
AILOORW;6896,12302
AILOPRT;19539
AILOPST;5292,5308,15388
AILOPSY;2911,5142,5293,5308,12336,12612,12661,12662,12663,15324,15388,15392,16388,17678,18617,18639,18771,18773,18780,18781,19602,19888,20027,20439
AILOPSZ;5292,11456,12657,14722,17738,18416,18767,18781,20053
AILOPTT;3070,5315,8013,12486,17658,18768,18782,20258
AILOPTV;11491,14764,18440,18442,18782
AILOQTU;4585,4608,12487,15325,17154
AILORSS;8060,15327,15391,19309,20265,20275,20362,20425
AILORST;5021,20196
AILORSU;5873,6335,6893,8060,8288,9529,12177,12178,12342,12343,17156,18574,19909
AILORTY;4937,8750,8778,11405,12551,12559,12589,18048,18090,18630,18743,18792,19868,19899,19910,20390
AILORUW;7957
AILORUX;9807,12585,19431
AILORVY;3858,7621,7814,8045,12589,18792,19427
AILOSSS;11434,12344,12467,12489,15146,18087,19875,20259,20373,20388,20419
AILOSTT;7914,7935,12345,19429,19876,19904,19912,20435
AILOSTU;1834,3069,5333,5335,11292,12663,12668,17716,17740,19353,19744,19905,19912,20381,20383,20428,20435,20440
AILOSTX;16133,18008,19755
AILOSWY;11498,20078
AILOTVY;3858,7621,7996,8001,14764,18782,18792,20235
AILPPRU;18770,18772,20441
AILPPSU;5349,11469,14769,18770,20441
AILPPSY;5142,12336,16135,18009,18771,18773,19602
AILPPTY;18773,19421,20282,20442
AILPQSU;5322,5336,14691
AILPRSS;4613,4890,5144,5225,12611,15237,15391,17661,18608,18700,20054,20068,20079,20414,20425,20438
AILPRSU;5349
AILPRSY;7453,17748,18750,18771,18780,18797,20439
AILPSST;20045,20091,20391,20436
AILPSTU;3069,5274,7455,7615,8046,18064,20412,20440
AILPSTY;3076,5228,7956,15388,20027,20439
AILPSWY;
AILQSSU;14765,14773,17726
AILQTTU;18804,18805
AILQTUY;15330
AILRRVY;19427
AILRSTT;
AILRSTU;3761,5294
AILRSTY;5223,5338,5342,11517,11518,20192,20281
AILRTTU;2596,12331,12556,18804,18805,19589,19605
AILRTTY;2778,19430,19872
AILRTUV;5350,20261,20263,20287,20289,20445
AILSSSY;3861,7581,8034,18096,20419
AILSSTU;2599,3080,4624,8051,11506,12669,18651,18796,18802,20359,20394,20421
AILSSTX;
AILSSUV;4624,11482,12490,12605,12654,17753,18756,18800,19889
AILSSVY;18765
AILSSVZ;18467
AILSTTY;5023,5228,7458,7936
AILSTUW;18791
AILSVVY;18439
AILTTTY;3081,19873,20288
AIMMMSU;
AIMMMUX;
AIMMNTU;14783,18817,18821,20291,20392
AIMMORS;4892,5353,6139,8799,12179,12347,12674,14106,14784,15187,19435,19931,20095
AIMMOSS;17558,20446
AIMMOST;5355,8041,12593,19928
AIMMSUX;1590,6140
AIMNNOR;2605,2915,5234,5296,5358,9710,11055,12273,12351,12680,14700,14790,14791,14792,15189,16521,18839,18840,19766,19851,19933,20077,20296,20396,20398
AIMNNOS;12677,12681,16522,18834,18838,19437,20452,20454
AIMNNSS;5297,18814,18848,19853,19939
AIMNNSY;3016,5358,12506,12681,15153,15190,15372,15395,18847,20399
AIMNOOR;16527,17774,18849,19439,19610,19940,20098,20099,20455,20456
AIMNOOT;5362,7887,8067,8753,8802,8803,12353,15332,18107,20295,20298
AIMNOPR;4991,8801,18856,19523,20028
AIMNOPS;3824,5147,15396,18108,18838,19611,20101
AIMNOPT;5365,12353,12356,12357,19929,20304
AIMNOPZ;18856
AIMNORS;5358,19437,19438,20250,20305,20452,20456
AIMNORT;13751,14792,15189,15293,15334,16521,16531,18861,19465,19933
AIMNORU;1412,20098
AIMNOST;19437,20199,20202
AIMNOTU;1592,7378,8044,15178,15376,18113,18817,19355,19929,20223
AIMNPRT;3089,3865,4648,5236,12692,13753,14810,16146,18468,18596,18818,18846,18870,20106,20307
AIMNPST;
AIMNPSW;18871
AIMNPSY;5147,5364,12355,15249,18484,19720
AIMNPTY;3865,17787,18682,18870,20030
AIMNRRU;6901,11311,17565,19937,20098
AIMNRST;15397,19437,19438,20408,20452,20456
AIMNRSU;512,535,3766,15395,19306,19944
AIMNRTU;2172,3089,5236,5303,20106,20257
AIMNRTV;3609,5239,18490,20300
AIMNRUU;6901,20463
AIMNSST;12192,20107,20465
AIMNSTT;18842,20458
AIMNSTU;6753
AIMNSUV;8043,8758,12277,19723,19784,20406,20454
AIMNSUZ;3868,15336,18393,19524
AIMNSVY;
AIMNSYZ;4569,18845
AIMOPST;5308,8046,18395,18878,19888
AIMOPSY;1593,5147,5308,5364,7961,12355,12698,17678,18126,18617,19888
AIMORRU;11550,12613,18888,20098,20450
AIMORST;5135,5373,8069,15397,15403,15404,19414,19437,19438,20048,20306,20452
AIMORTT;12363,12693,19369
AIMORUZ;17685
AIMOSTT;4657,5355,5374,16532,17309,18129,18480,18842,18882,18883,19942,20202,20458
AIMPPSS;18400,18690,18700,18897,20414
AIMPPST;12696,18868,18878,20408
AIMPRRY;12610,12697,18896
AIMPRST;20307,20316,20408
AIMPRSY;12698,16153
AIMQRSU;19435,20311
AIMRSST;563,5062
AIMRSTU;8806,15403,15404
AIMRSTW;12703,15404
AIMRSTY;9816,19884,20192
AIMRSTZ;3615,18065,18901,18903,18907
AIMSSSY;8034,12699,19782,20419,20473
AIMSSTT;5150,5305,8051,20359,20409,20421,20465
AIMSSTU;5354,6344,8049,8051,12369,19358,20359,20394,20421,20474
AINNNOW;15179
AINNNST;5377,11565,14832,16562,18503
AINNOPS;12677
AINNOPT;5245,12558,12622,12708,12710,20477
AINNOSS;3875,13778,19800
AINNOST;15257,20199,20205,20327,20452,20488
AINNOSW;7882,12205,19768,19951,20488
AINNPSS;5297,10395,15978,18597,19511
AINNPST;15258
AINNPTU;12710,19793,19807,20477
AINNQTU;3103,3108,4675,18918,20423
AINNRSU;2997,5075,7872,15059,15395,19415,19892,20398,20454
AINNRTT;12713
AINNRTU;7654,8025,12713,18139,18726,19443,20423
AINNSTT;4918,5216,5282,5377,15104,15406,20327,20488
AINNSTU;434,4672,5252,5377,18103
AINNTUY;3049,5323,5381,8025,11935,15182,15409,19592,19837,19902,19903,20400
AINOOPR;3799,14456,15259,15260,15261,17315,19445,19615,19955,20396,20425,20455,20492
AINOORR;7919,11587,11936,12627,14109,18942,19817,19957,20086,20098
AINOORT;3100,4581,8803,11451,11566,11587,11936,12598,12626,12632,12633,12685,12707,19408,20087,20249,20402
AINOOTV;14736
AINOPPT;19798
AINOPRS;4582,5384,16581,17628,18072,18714,18736,19444,19573,19733,19906,19955,20113,20360
AINOPRT;12209,15259,19619
AINOPSS;8073,12187,12376,12672,12683,12729,15264,19956,19966,20101,20117,20430,20459,20493
AINOPTT;360,3001,5245,5315,11094,11329,11536,16585,18857
AINOPTU;5329,18527,19908,19929,20477
AINOQSU;5366,15350,18858,20495
AINORST;19437,20334
AINORSW;12306,15205,15244,16581,20360
AINORTU;5387,5388,17175,17176,17851,19359,19856,20337
AINORTW;14858,15200,15208,17851,18949,19624
AINORTX;7665,15334,17852
AINOSSU;3120,11363,11596,12645,12729,12733,12738,15320,18867,18941,19432,20100,20116,20326,20339,20430,20431,20434,20449,20459,20493,20502,20507
AINOSTT;16532,20488
AINOSUX;14860,17854,18153,19308,20119,20499
AINOSVY;
AINPPRS;12483,20408
AINPQTU;4593,5336,17859
AINPRSS;562,2930,18597
AINPRST;20408
AINPRSU;5384,12031,19944,20455
AINPRSW;20364
AINPRTT;20106,20481
AINPRTU;3089,5236,20106
AINPRTW;18846,18949
AINPSST;8073,12376,20107,20117,20465
AINPSSV;18036,18916,18954
AINPSTU;
AINQRST;
AINQRTU;
AINQRUY;18988,20385
AINQSSU;3866,9834,17319,17726,18158,19751,19858,19870,19979,20311,20342
AINQSTU;5366,15350,20495
AINQSUY;19978
AINRRTY;12641,16462,16603,17177,18743,18754,18873,18930,18931,18984,20506
AINRRUY;15407,18754,19937
AINRSST;5648,6862,6906
AINRSTT;1573,3007,12289,12442
AINRSTU;5160
AINRTTT;2870,3116,4651,4697,10417,13802,16539,16601,18435,18541
AINRTUY;5048,5323,5342,5381,9825,11627,12539,15409,18988,18997,19965,20385,20400,20407
AINSSTT;8813,15266,15367,19417,20465
AINSSTU;3120,5087,6347,8077,12733,12738,15211,19533,19971,19979,19980,20339
AINSSXY;
AINTTVY;
AIOORRW;18040
AIOORSS;3127,7157,7557,7920,8805,8814,12722,12723,15410,16480,18123,18943,18998,19000,19446,20425,20479,20497
AIOPPRR;13126,19627
AIOPRRT;12655,12697,20410
AIOPRRX;19008,19009
AIOPRST;
AIOPRSV;3112
AIOPRTT;4701,18548,20481
AIOPRTY;5399,7966,18147,19619,19961,19965,20118,20492,20514
AIOPRUV;
AIOPSTU;17179,19011,20032,20412
AIORRRW;
AIORRSU;11637,12744,17182,17322,17842,18171,18919,19418,20496,20512,20516,20519
AIORRTT;1608
AIORRTX;14815,18167,19008,19009
AIORSST;3127,19446,20365
AIORSSU;8060,17156,19019,19909,20349
AIORSSV;5346,8020,19433,20275
AIORSTU;3096,5373,5397,12544,12741
AIORSTV;12726,20483
AIORSTY;3881,5399,8818,11648,12220,14856,14881,15265,15270,15271,18177,18977,20118,20492,20514
AIORSUV;1188,8819,14857,20406,20454
AIOSSTT;3131,12389,19381,19446,20517
AIOSSYZ;
AIOTTUW;19825
AIPPRRS;570,5241,5349,5396,19627,20125
AIPPRSU;5349,6349,12741,17858,18770,20441,20518
AIPPSST;12669,19975,20387,20436,20485
AIPRRTT;4053,12739,18557,18983,18984,20316
AIPRSST;
AIPRSSW;17184
AIPRSTU;5397,8806,11123,12741,17179,17880,19011,19030,20032
AIPRSUY;
AIPRTVY;19830,20216,20353,20514
AIPSSTT;12546,12547,19917,20308,20352,20465,20523
AIPSSTW;19304,20074
AIPYZZZ;
AIPZZZZ;18565
AIRRSST;467,5398,15062,15212,19447,20365,20505,20523
AIRRSZZ;
AIRRTZZ;
AIRSSSU;663,6898,6902,6909,8070,15418,15419,17874,18829,18995,19027,19036,19037,19976,19985,20444,20451,20466,20510
AIRSSTT;15062,19446
AIRSSTU;5720,12446,19037
AIRSTTT;1609,5347,20350,20520
AIRSTTU;1609,2938,7684,14351,15112
AIRSTTY;8818,12220,18177,20353
AIRSTTZ;
AIRSTVY;3881,12545,20353,20514
AIRTUVX;
AISSSST;5068,5395,20354,20475
AISSSTX;18810
AISSTTT;19788,20315,20517
AISSTTU;5087,19379,19417,19971,19979,19980,20339,20359,20421
AISTTVY;20353
AISTUVY;7685
AJKMNNU;
AJKMNTU;
AJKNSSY;
AJLLRUY;
AJLMORY;
AJLNORU;18575,19836
AJLOORS;12746
AJLOPPY;
AJMNRUY;19041
AJMOPST;
AJMRSTU;
AJNORST;
AJNRSTU;18579,20356
AKKKOOS;5263
AKKKORU;
AKKLRSY;19840
AKKLSWY;
AKKMOOT;
AKKNRSU;12748
AKKOOPS;
AKKOQSU;
AKKORSU;12749
AKLMMSU;11678
AKLNOSU;7696,14668
AKLNOSX;
AKLOPRW;
AKLOSST;8084,8720,12394,12560,19448,20358,20361,20526
AKLOSTW;5166
AKLOTTU;19846
AKLOTUW;19847
AKLPRSY;4722,5403,19053
AKLPSTU;19052,19849
AKLPSUW;
AKLRSTY;19053
AKLRSVY;
AKMNORW;5405,11683,16669,19047,19851,20528
AKMNRTU;20528
AKMNSSU;19061,19853,20525
AKMOORT;19064
AKMOOSS;8085,11684,12754,19063,20132
AKMORST;5135,5167,9621,11685,12399,18595,19057,20048,20069
AKMPRSU;
AKMQTUU;
AKMRSTU;4724,11685
AKMSTUU;
AKNNOOS;9872
AKNORSU;5404,17192,19986
AKNORSY;5404,11941,15273,17186,20530
AKNORTU;7889,19856,20528
AKNOSTU;5270,5724,18190
AKNPSYY;
AKOOPRT;12755
AKOORRS;19059,19062,20530,20531
AKOOSTU;
AKOPRRU;
AKORRTW;19073
AKORRWW;
AKORWWX;
AKOSSTU;
AKOSTTU;5270,19857
AKOSTWY;
AKQRSSU;4725
AKQSSUW;18605,19858
AKQSUWY;
AKRSSTU;7406,12564,12756
AKSSWYY;
ALLLOST;4736,5273
ALLLOYY;12403,15365
ALLMNOP;20367
ALLMNOT;4532,5411,11695,16691,19083,20223
ALLMNOY;4430,5411,7990,11149,12141,12761,15051,19081,19083,20367
ALLMNPU;18614,20368
ALLMOOS;5090,12308,19084,20137,20369,20370,20532
ALLMORS;3837,5278,6890,12309,12570,15274,15423,20137
ALLMORY;8775,20372
ALLMOSS;7895,8088,12763,15423,20525
ALLMOST;1441,1615,5414,15274,17196,19082,20135
ALLMOSW;16204,20128,20524
ALLMPUU;
ALLMSUV;19091
ALLNOPS;1616,5415,20533
ALLNOTY;11699,18630,19083,19097,19098,19363,19502,19586,19868,20376,20382
ALLNOYZ;
ALLNRUU;8038,12579,19452,19864
ALLNSTY;4740,4749,19104,20382
ALLNTUU;5412,12767,19452
ALLOOPS;8777,9876,12404,12405,12769,19992,20137
ALLOOST;6176,8035,8083,8593,11700,12404,12766,19106,20369,20370,20381
ALLOOTX;
ALLOPRS;4946,5290,12769,20137,20138
ALLOPRY;6779,12154,12318,12586,12768,14499,15176,18201,19990,20372,20537
ALLOPSW;9876,11398,17889,19867
ALLORSS;1587,3140,5020,12770,15423
ALLORWY;7694,16710
ALLORYY;20536
ALLOSSW;8088,15423,19099
ALLOSTT;8090,18049,18638,18644,19876,20234,20369,20533
ALLOSTU;1615,7695,7718,7720,8090,19992,20381,20383,20533,20538
ALLOSTV;
ALLOSTW;18644,19108
ALLOSWW;19869
ALLOSWY;20128,20524
ALLOTTY;8090,16712,20073,20235,20389,20390,20537
ALLOTWY;5411,18606,19083
ALLOTYY;12573,15369
ALLPRSU;5287,7713,11152,11709,12771,19111,20138
ALLPSSY;20139,20535
ALLQSSU;
ALLQSUY;20071
ALLRRUY;5092,6329,8779
ALLRSTU;5294,5409,7718,7721,9878,12554,12590,12771,16717,17204,17893,19111,20138
ALLRSUY;3142,5294,7580,12156,12590,12765,14698,15085,17893,19102,20534
ALLSUUY;7827,12227,12765,17203,20538
ALMMSUW;
ALMMSUY;5420
ALMNNUY;3888,12159,19081,19121,19450,20400
ALMNOOP;
ALMNOOT;6912,7726,11153,12396,12772,17897,19124
ALMNOOW;7725,7928,11712,19424
ALMNOPS;5094,9880
ALMNOPW;
ALMNORS;5027,5094,5095,5299,12462,12773,19718,20250,20355,20398,20406,20539,20540
ALMNORU;16720,18675,19131,19504,20355,20392,20398,20402,20407
ALMNORY;17672
ALMNOSS;7929,11713,17208,17898,19136
ALMNOSU;5095,12773,20532
ALMNOSY;1617,4434,6781,9879,14501,14925,15372,18058,18205,18680,19129,19135,19426,19881,19987,20399,20540
ALMNOWY;19451
ALMNPSU;4756,5302,19131,19134
ALMNRSU;5095,12773
ALMNSUU;1452,11719,15378,19143
ALMOOPY;12609,19994,20367
ALMOORS;11944,12406,12750,12776,20539,20540
ALMOPPT;
ALMOPRT;5422,12608,20142,20371,20410,20541
ALMORRU;12613,17886,19153
ALMORSS;2185,2877,3146,4765,5426,6361,8091,12397,15423,16739,17208,17898,19118,19136,19137,19155
ALMORST;572,1619,2683,3664,4337,6783,7408,7479,12776,19048,19050,19152,19156,20539,20540
ALMORSU;1619
ALMORTU;15381,20051,20371,20392,20407,20541
ALMOSST;2947,5300,5426,8049,12774,12777
ALMOSTW;18679,19050
ALMOSXY;5424,8048
ALMOTTU;5301,7480,19148,20253
ALMRSTY;12776,19884,20192,20413,20418,20540
ALMRSUU;15378
ALMRTUU;2687,5174,12764
ALMSSUY;19151,19885,20545
ALMSTUU;18197,19143,20544
ALNNOOR;8787,11945,14929
ALNNOPY;12622,19890,19897,19898
ALNNRSU;12778,12783,19892,20398
ALNNSUU;9635,12624,12783,19900
ALNOOPR;12166,12627
ALNOOPT;
ALNOOPV;19894
ALNOORT;1596,4581,5324,18731,19408,19636,20087,20249,20402
ALNOOSS;7929,11732,12398,14934,18589,18730,20002,20218,20422,20425,20549
ALNOPPY;
ALNOPRS;3052,5036,5094,19733,19906,20360
ALNOPSS;15277,19896,20273,20422,20425,20430,20549,20550
ALNOPTU;5326,5329,8597,12168,12628,14931,19907,19908,20424
ALNOPYY;15250,19160,19898,19991
ALNORST;5440,11739,19051,19093,19162,19169,19170
ALNORSU;3891,5404,6893,6911,15433,20398,20406,20433
ALNORUY;5404,7971,12334,15216,15434,15435,19171,19431,20407,20433
ALNORUZ;18575
ALNOSST;573,3058,4770,5300,5318,5331,5332,8054,11732,11742,12642,12644,12646,12751,17216,19100,19391,19432,20273,20276,20361,20430,20431,20434,20549,20550
ALNOSUZ;5100,5439
ALNPRUY;15216,19102,20551
ALNPSTU;2693,4772,10491,13899,20551
ALNPTUY;12767,12787,19103,19908,20144,20278,20437,20541,20551
ALNPTXY;20037
ALNRSUY;4760,4784,5340,5342,5404,6197,18757,19102,19171,20280,20281,20433,20551
ALNSSTU;7749,7751,15278,15424,17216,17217,17908,19140,19143,19175,19637,20550,20552
ALNSSVY;18765
ALNSTUW;14944,17218
ALNSUUU;12783
ALOOPSS;576,1618,5419,6798,8085,8089,8092,12774,17737,18730,18766,19116,20422,20425,20438,20549
ALOOPYZ;5343
ALOORRS;1522,12789,12792
ALOPPRS;12660,15390,19638,19906
ALOPPRU;16775,18772,19147,19180,19999,20415,20442,20547
ALOPPRY;1623,2951,6199,8795,18771,19147,20415,20442,20555
ALOPPST;12660,15390,18221,20147,20148,20441,20554
ALOPRRS;5436,5443,19107,19182,19183
ALOPRRU;19180
ALOPRST;
ALOPRSU;20557
ALOPRSY;5403,5424,11757,15392,16736,18771,19181,19638,19641,20007,20557
ALOPSST;6353,8089,8092,12774,12777,12795,12797,19315,20535,20549,20550
ALOPSSU;19456,20430,20550
ALOPSSW;11171,15277,15437,16759,18223,19315
ALOPSUV;20231,20557
ALOPTUY;11704,15393,19908,20442,20537,20541,20558
ALOQRRU;16778
ALOQRSU;3891,18783
ALOQSTU;
ALORRST;5436,5440,5443,5445,12789,12792,20149
ALORRSW;7829,12792
ALORSST;8825,12788,12795,13188,20526
ALORSSU;14936,14951,16776,16781,17907,18228,19153,19155,19186,19192,19909,20431
ALORSSV;3154,3887,5346,15391,19433,20275
ALORSTU;1489,1619,1624,3135,5448,8093,8097,8826,9871,9878,11949,12746,12793,15433,20149,20553
ALORSUV;2705,6803,11740,12342,16783,19186,19192,19193,20406
ALORTWW;19055
ALORTYY;12559,19188,19189,19910,20536
ALORUVY;1018,20558
ALOSTTU;5448,12647,12779,12796,19912,20149,20435,20440,20556
ALOSTUW;18791
ALOSTUY;2188,5448,7824,7826,8090,8093,11934,12668,12793,20418
ALOSTXY;20145,20146
ALPRRSU;3073,4778,4801,5181,5349,5441,11765,12670,18646,19174
ALPRSSU;19456,19989
ALPRSSW;15437,15644,18223
ALPRSTY;20551
ALPRSUU;5441,12617,14958,19174
ALPRSUW;15429
ALPRSWY;19181,19187
ALQSTUY;15330
ALRSSUU;5417,6367,8060
ALRSTTY;1020,5418,12413
ALRSTUU;5433,12798,14956,15433,18229,18759,18809,20445
ALRSTUW;2712,14944,16795,18791
ALRSUUV;20445
AMMMNOS;9652
AMMMOSU;
AMMNOOR;11181,15056
AMMNOOT;12772,19928,20242
AMMNOPS;14967,18815
AMMNRUY;
AMMOORR;12040,12591,20450
AMMOPTU;19929
AMMORST;12799,15438,20151,20527
AMMOSXY;1477,13928,20559
AMMPSUW;
AMMRRSU;18824,18827,18828
AMMRSUY;5420
AMMSSTU;5354,15371,20038,20394,20449
AMNNOOX;
AMNNORS;19437,20398,20452,20454,20539
AMNNOSW;3144,6916,11715
AMNNOSY;15372
AMNNOTT;577,11716,11773,20200
AMNNOTY;12801,19199
AMNNOUW;19935
AMNNSTU;7772,20561
AMNOOOS;15280,15396,20011,20097,20564
AMNOOPP;
AMNOORS;5360,5451,12773,12803,16527,18594,19125,19129,19438,19439,20099,20452,20455,20539,20565
AMNOOST;7726,20152,20539,20561,20562,20564,20566
AMNOOTT;3893,6912,19207,20298
AMNOOTZ;
AMNOPPR;
AMNOPRT;20153,20541
AMNOPRY;3156,11780,19127,19133,19645,20028
AMNOPST;3681,4355,10526,11781,19135
AMNOPTU;5365,19929,20153,20304,20541
AMNOPTY;19133,19135,19199,20541
AMNORRS;12188
AMNORSS;8091,9857,11777,12679,14970,15218,15399,15401,15790,17208,17898,19060,19136,20102,20299,20305
AMNORST;5449,20250,20452,20539
AMNORSY;1617,15254,20305
AMNORTU;7974,12801,20153,20528,20541
AMNOSST;4717,5105,14512,18242,18245
AMNOSTU;3158,5452,20152,20564
AMNOSTV;18481,18843
AMNOSYZ;16817,18845
AMNOTUY;12801,19215,20407,20541
AMNPSTY;5364,20154
AMNPTYY;20154
AMNQTUU;
AMNRRUY;19937
AMNRSTU;20015
AMNRTTU;5063,5454,18821,19205,20106,20528
AMNSTTU;3158,5452,12805
AMNSTUU;11719,13950,18877,19143,19440,20108,20467,20564,20566
AMNTUUY;5412,20566
AMOOORS;6913,6917,8099,12750,15420,15426,19221
AMOOPRS;5451,7776,15445,17795,18879,19545,20455,20565
AMOOPRT;2953,3160,3896,5422,6209,7731,12193,12608,12693,12806,12807,19144,20142,20153,20155,20410
AMOORSU;3894,5373,7732,9858,12803,13187,14980,15220,15440,15445,19084,19439,20099,20455,20565,20570
AMOORSV;17209,19062,20469
AMOORXY;19211
AMOPPSY;
AMOPSTT;5458,8607,12694,12696,12700,12805,15444,18251,19942,20156,20313,20544,20572
AMORRST;2882,4896,15438,19536,20017
AMORRSU;7778,11723,19153,19214
AMORRSW;4896,15380,20569
AMORRTY;3148,12230,12697,14816,19229
AMORRUY;
AMORRWY;
AMORSST;5426,8831,8832,19316,19458,20573
AMORSSY;5426,8832,12676,19458,20109,20305
AMORTTU;12800,12807,20528
AMORWWX;
AMOSTUW;15404,20563
AMOSTUZ;10536
AMOSUYZ;
AMPRSST;20567
AMPRSUW;15429,19213,19944
AMRRSTU;1553,3781,5427,8021,20017,20461
AMRRSTY;3688,4817,15438,16681,18258,19229
AMRRSUY;19206
AMRRTYY;
AMRSSTU;7688,11789,16059
AMRSTTU;5427
ANNNOSY;2727,8833,12200
ANNOPRS;3783,12709,14367,15199,16682,16805,18214,18714,18915,19159,20486,20574
ANNOPSS;4460
ANNOPST;20018,20039
ANNOPTY;12622,19199,19240,19897
ANNORST;5109,5378,5449,12778,19437,20325
ANNORSW;9881,14932,15431,19163,19242,19951
ANNOSST;10708,12808,13190,16683,19200,19236
ANNOSTW;12205,19236,20160,20488
ANNOSTY;2956,12780,15257,19240,20159,20160
ANNOTTY;12780,19240,20160
ANNPSSU;
ANNPSTU;4772,11800,14984,14988,20018
ANNRTYY;
ANNSSTU;7781,15281,18261
ANNSSTY;14987,18141,20159
ANOOPRS;5451,12811,19246,19444,19955,20455,20530,20565
ANOOPRT;14521,14983,15259,17988,18262,19249,20153
ANOORST;8103,19300
ANOORTT;
ANOPRRS;5436,12811,15450,18264,18852,19246,19444,20113,20330,20530
ANOPRSS;12815,19382
ANOPRST;2957
ANOPRSW;6814,15450,15677,16065,16581,18958,20360,20364
ANOPRTV;
ANOPSTT;524,12805,16860,16874,19240,20163
ANOPSTU;19652,20018
ANOPSUY;12787,12815,19967,20144,20565
ANORRSW;3164,4814,5465,11818,12234,12400,17931,17945,19242
ANORRWW;14853
ANORSSV;7787,15002,19218,19257,20275
ANORSTT;8104,20166
ANORSTU;5188,8102,8103,20158
ANORSTY;8618,11739,12814,18268,18977,19168,19169,20118,20166,20382,20492
ANORSUU;7975,9889,12214,15433,15446,17849,20508
ANORWWY;
ANOSSTZ;5455,8812
ANOSTTU;3158,5452,7495,8104,12779,12805,12809,17240,17934,19141
ANPPSUW;
ANPRSSU;7706,10562,11823,12815,19257
ANPRSTU;
ANPRSUW;15011,15450,18155,19213,19944
ANPRSUY;19102,20551,20565
ANPSSUW;15011
ANPSTUU;11617,11800,11824,12217,12730,19652
ANRSSTU;15281
ANRSSUY;4784,5340,10945,12815,15448,18757,20280
ANRSTTU;
ANRSTTY;4117,5189,19104,20166
ANRSUWY;
ANSSTTU;5087,8077,12738,19379,19417,19971,19979,19980,20339,20550,20552,20567
AOOPPRS;3165,5467,14003,18275,18998,19238,19244,19263,19264,19654,20167,20578,20579
AOOPRTT;12806,12807,18278,20481
AOOPSTT;7932,15444,20124,20163,20440
AOORRST;1524,5113,5383,5467,6868,6920,8079,9891,12789,12792,19536,19656,20167,20511,20531,20580
AOORRSY;6920,12811,18277,20530,20531
AOORRTT;8837,11953,18278,18942,20175
AOORRTU;3151,6921,7925,11751,12235,12747,12822,19073,19251,19454,19957,20450
AOORRTY;1622,6920,11832,11835,15286,15425,19179,20169
AOORSTT;8099,8100,8107,12219,19271,20016,20469,20570
AOORSTU;5373,7795,8093,8103,8107,15038,15389,17953,19271,20158,20553
AOORSTV;2196,5468,12726,12813,20469,20483,20581
AOOSTTT;18882,20498
AOOSTUZ;8103,20553
AOOTXYZ;
AOPPPSU;20518
AOPPRRT;4367,4842,12810,19272,20571
AOPPRST;12660,15390,19654,19659,20543,20554
AOPRRST;5436,19656
AOPRRSU;3167,7931,10949,11637,11831,15450,17956,19246,19278,20512,20519
AOPRRSW;17956,19074
AOPRRTY;12230,12697,19009,19961,20169
AOPRSST;579,7933,8092,8842,12745,12795,19657,20535,20574
AOPRSSU;579,7933,12423,12815,19456,20471
AOPRSTU;5397,20032
AOPRSTW;12402,16915,18958,19108,19187,19279,20364
AOPRSUV;4843,19186
AOPRTTU;12742,12807,19148,20537
AOPRTUY;4956,15393,18270,19965,20172,20173,20442,20537,20541,20558
AOPRUVY;20557,20558
AOPSSTU;579,7933,12423,12424,19042,19190,19226,19266,19276,20583
AOPSTTX;18283,19269,20124,20513
AOPSTUY;19967
AOPSTWY;19187
AOPTTUU;12817
AOQRSTU;4895,5397,12544
AORRSST;1198,3168,5398,5469,8098,12826,19399,19457,20040,20157,20343,20365,20505,20573,20577,20582
AORRSSU;2960,3162,3809,5469,6835,12826,19456
AORRSTW;1199,3164,4896,5465,9715,12792,13153,14148,15069,15283,18293,20580,20589
AORRSWY;11818,17945,20589
AORSSST;12752,15443,20006,20008,20010
AORSSTT;12389,19446,20526
AORSSTU;579,15288
AORSSUV;10583,17223,19186,19192,19257
AORSSUY;6364,12815,15419,15448,19019,19278,20349
AORSTUW;
AORSTUY;1868,5448,8093,12793,20418
AORSUVY;
AORTUVY;20558
AORUVVY;
AOSSTTT;1626,4797,19381,20174,20315,20517
AOSSTUY;19537,20474
AOSTTTW;
AOSTTUY;8090,8095,19974
APPRRUU;
APPRSTY;4471,18287,19659
APPRSUW;
APPRSUY;18230,20007
APRSSSU;11692,11766,16790,19027,19195,19976,20444
APRSSWY;15437
APRSTTU;5191,19977,20121
APRSTTY;5189,20353
APRSUWY;
APSSTUY;19194
APSSUWY;
AQRTUYZ;
AQSTTUY;
ARSSSTU;4805,6372,6909,8070,8108,10953,13191,15418,16948,19027,19037,19195,19233,19285,19288,19985,20451
ARSSTTU;12756
ARSSTTY;8082,16796,18299,19289
ASSTTUY;8082
AVYYZZZ;
BBBDELO;5471
BBBDELU;5472
BBBEILS;20590
BBBEIOS;
BBBEIRS;5477,20590
BBBEIRY;
BBBEISU;5476
BBBELOS;582,20604
BBBELRU;
BBBELSU;20596,20603,20604
BBBEORS;582,20606,20607,20609
BBBEORY;20592,20609
BBBGIIN;5479,20613
BBBGINO;20593,20610,20611,20612,20613
BBBHIOS;
BBBHSUU;20614
BBBINOS;20612
BBBIOTT;20613
BBCCIKO;
BBCDEHI;
BBCDEIR;20615
BBCDELO;
BBCDELU;
BBCEEHO;
BBCEEIR;20590,20591,20617
BBCEHIN;
BBCEILR;20620
BBCEIOR;20591,20617,20620
BBCEIRR;
BBCEIRU;5493
BBCEISU;5498,20621,20625
BBCEKKO;
BBCEKKU;
BBCELOR;20620
BBCELOS;5503,20622
BBCELRU;20631
BBCEORS;595,597,5508
BBCEOSW;
BBCGINO;5509,20593
BBCGINU;5493
BBCHISU;20621
BBCINOU;
BBCRSUY;
BBDDEIL;
BBDDEIR;
BBDDERU;
BBDEEIR;20595,20645,20646,20647
BBDEEIS;20646
BBDEELP;5524
BBDEENO;20595
BBDEENS;
BBDEEOR;5529,5530,20642,20645
BBDEFLO;
BBDEFLU;
BBDEGIL;5473,20648
BBDEGLO;20648
BBDEGRU;
BBDEGSU;
BBDEHLO;5471
BBDEIIM;
BBDEIKL;
BBDEILN;20648
BBDEILO;20648
BBDEILR;
BBDEILS;5534
BBDEILW;
BBDEINS;
BBDEIOS;20643,20653,20654
BBDEIRR;20647
BBDEIRS;20615
BBDEKNO;20652
BBDELMO;
BBDELMU;
BBDELNO;20648
BBDELNU;5525,5538
BBDELOO;5540,20648
BBDELOS;617,5541,20639,20656,20657
BBDELOW;
BBDELRU;5538
BBDELSU;20655,20656,20657
BBDEMSU;20656
BBDENSU;5544,20650,20658
BBDEORS;20649,20653,20658
BBDEOST;20658
BBDEOSW;20653
BBDERRU;5487
BBDERSU;5544,20658
BBDESSU;20615,20654
BBDESTU;20658
BBDFLUU;
BBDGIIN;
BBDGINO;5547,20648
BBDGINU;
BBDIKSU;
BBDILRY;
BBDINOS;
BBDINSU;
BBDIOOR;20652,20661
BBDIRUY;
BBDKSUY;
BBEEEES;20663
BBEEERR;20664
BBEEERU;20664
BBEEIKS;
BBEEIRS;20590,20617,20663,20679,20680
BBEEIRW;20591,20597
BBEEISW;
BBEEKLS;628
BBEELPS;5524
BBEELSS;5567,5570,5572,20599,20601,20673,20687
BBEENSS;5577,20679
BBEERRS;5491,5529,5578,20600
BBEFILR;
BBEFIRS;
BBEFIRU;
BBEFIRY;
BBEFLRU;
BBEFRUY;
BBEGIKN;
BBEGILR;5475,5492,20602
BBEGINN;
BBEGINW;20593
BBEGIOR;
BBEGIOS;20670,20697
BBEGIRS;5585,20689,20699
BBEGIST;
BBEGLOR;
BBEGLOS;20670,20701
BBEGLRU;5584,20602
BBEGNSU;20698
BBEGOST;
BBEGRRU;20664
BBEHIKS;
BBEHINS;5591
BBEHIOS;20702,20704
BBEHISU;5476,20621
BBEHLOR;
BBEHLOS;5593,20604,20622,20702
BBEHMTU;20693
BBEHORS;5594,5595,20606,20607,20703,20704
BBEIIKL;20709
BBEIILR;20709
BBEIILS;20712
BBEIIMR;
BBEIIMS;
BBEIIRR;20624,20705
BBEIIRS;20671,20689,20705,20713
BBEIJOS;
BBEIJRS;5585
BBEIKLS;20717,20718
BBEILNR;5475,5492,5586,20620
BBEILNS;5583,5607,20625,20670,20717,20722
BBEILOS;20670
BBEILOT;
BBEILPR;5603
BBEILQU;
BBEILRS;
BBEILRT;641
BBEILSS;20625,20692,20712,20722
BBEILST;
BBEILSW;
BBEILSY;
BBEIMOS;
BBEINOR;5586,20605,20620
BBEINRU;5493,5589
BBEIOOS;
BBEIOOT;
BBEIORY;
BBEIRRS;20713,20721
BBEIRRY;5566
BBEIRSU;
BBEIRTU;
BBEISSU;5476,20621,20625,20654,20682,20712
BBEISTU;
BBEJORS;20606,20726
BBEJORY;
BBEKLNO;
BBEKLNU;
BBEKLOS;
BBEKLUU;
BBEKNOR;
BBEKNSU;20728
BBELLOY;
BBELLSU;5602,20655,20721
BBELLTU;5616,20685
BBELMOS;5570,5618,20656,20730
BBELMOT;594
BBELMRU;5569,5584
BBELMSU;5602,5619,20596,20603,20656,20666,20700,20729
BBELNOR;5586,20620
BBELNOS;20670,20722
BBELNSU;20625,20698
BBELNSY;5539
BBELORS;
BBELORU;20727
BBELORW;20727
BBELORY;
BBELOST;5593
BBELOSW;
BBELRRU;20727
BBELRSU;
BBELSTU;5593,20700,20729
BBEMNSU;
BBEMORS;
BBENOTW;5576
BBENRSU;5544,5578,20650,20658,20726,20728,20733
BBENSSU;20621,20625
BBEOOSY;20609,20703
BBEORRS;20649,20653,20713,20733
BBEORRY;
BBEORSS;597,621,653,5625,5627,20608,20679,20731
BBEORSW;20653
BBEORYY;
BBEPRUW;
BBERRSU;5578,20733,20734
BBERRUY;20623
BBERSTU;5573,5626,20658,20726,20728,20733,20734
BBFGIIN;
BBFGINO;5509
BBFGINU;
BBFILSU;
BBGGIIN;
BBGGINO;
BBGGINU;
BBGHINO;20610,20611,20742
BBGIIJN;
BBGIILN;5638
BBGIINN;5637
BBGIINR;20750
BBGIJNO;20610
BBGILLU;20752
BBGILNO;5586,5638,20648
BBGILNU;
BBGIMNO;5547,20742
BBGINNU;20755
BBGINOO;20610,20611,20648
BBGINOR;5547,5586,20620,20697,20750
BBGINOS;20612
BBGINPU;
BBGINRU;5493,5589,5636,20750,20755
BBGINSU;
BBGINTU;20693,20742,20750
BBGIOSU;20737
BBGIOSW;20694
BBHHIOS;20702
BBHIMOS;
BBHIOOS;20741
BBHIOST;20702,20704,20744
BBHIOSY;20757
BBHIRSU;
BBHISTU;20706,20740
BBHJOOS;20606
BBHKOOS;
BBHNOOS;20607,20741
BBHOOUW;
BBHRSUY;20614
BBIIILM;
BBIIKTZ;20745,20763
BBIILST;20651,20762
BBIIRST;5632
BBIISUU;
BBIJMOO;
BBIJNOS;
BBIKOSS;20608,20719
BBIKTUZ;20763
BBILLSU;20721
BBILLUU;
BBILNOY;659
BBIMMOS;
BBIMOSY;
BBINNSU;
BBINORS;20735,20744,20766
BBINORY;
BBIORTU;20750
BBIRTUY;
BBJLOOW;
BBKLNOY;
BBKLNUY;
BBKLOOU;
BBKNOOT;
BBKOOOO;
BBKOOSS;20594
BBLLSUU;
BBLOSUU;20657
BBLOSWY;
BBLSTUY;20767
BBMOOOX;
BBMOSUY;
BBNNOOS;
BBNOOOS;
BBNOORU;
BBNRUUY;20755
BBOOOOS;
BBOOSSY;20594
BBOOSUU;
BBORSTU;5626
BBOSSUY;20654
BBRSSUU;5629
BCCEEHS;20772,20783,20784
BCCEIIS;5665
BCCEILO;5680,20773,20776,20777
BCCEILU;20777
BCCEILY;
BCCEIOS;5653,5682,20801
BCCEMOR;5676
BCCILOU;5703,20777
BCCILUY;
BCCINOO;20798,20810
BCCISUU;20807
BCCMOOX;
BCCMSUU;20807
BCCNOOR;20810
BCDEEHL;
BCDEEHN;20818,20838
BCDEEIL;5740,5759,5765,20773,20825,20829,20830
BCDEEKS;5758,5770,20834,20858
BCDEENU;5754,20771,20774,20827,20835,20850,20861
BCDEHIR;20837,20869
BCDEHIT;726,20871
BCDEHNU;5752,5791,20839,20865
BCDEHOR;20772,20843,20844,20869
BCDEHOT;20871
BCDEHOU;20865,20871
BCDEIIO;5784,5803,5807,20869,20878
BCDEIKR;5808,5812,20821,20863
BCDEIKS;
BCDEIKT;5787,20880
BCDEILM;737,5803,20882
BCDEILO;5803,5816,5817,20773,20776,20777,20867,20869,20875,20880,20882,20885
BCDEIOS;5816,5822,5823,5825,5826,20778,20831,20851,20890
BCDEIRS;20778,20890
BCDEKLO;20776,20858,20880
BCDEKLU;728,5837,20857
BCDEKOR;20892
BCDEKOS;5794,20775,20858,20891
BCDEKOY;
BCDEKSU;5813
BCDELOU;20777,20864,20867,20882,20884,20885,20894,20895
BCDEMOR;747
BCDEMRU;753,5487,20616,20896
BCDENOU;20897,20898
BCDEORU;5734,20844,20884,20885,20892,20894,20895
BCDEORW;20868
BCDEOSU;5789,5792
BCDESUU;20893,20898,20899
BCDHIOR;5857,20869
BCDHIRU;5856,5857
BCDHOOU;20908
BCDIIRU;20910
BCDILOO;20880
BCDINOW;20868
BCDIORW;20868
BCDIOSU;5826,5877,20915,20917
BCDIRSY;5866,5869,20822
BCDKORU;5854,20892
BCDNOSU;5877,20898,20907,20917
BCDSTUU;20904,20917,20920,20921,20922
BCEEEHN;5887,20817,20826,20827,20927,20930
BCEEEHS;794,5739,5887,20927,20928
BCEEFIN;20943,20945
BCEEFKL;20944
BCEEGIR;5908
BCEEHIP;20956
BCEEHIT;20954,20956,20959,20960
BCEEHLR;20955
BCEEHLS;
BCEEHNR;5924,20969
BCEEHNS;20818,20838,20927,20928
BCEEHOS;5907,5913,20772,20783,20784,20842,20843,20928,20958,20959,20965,20970
BCEEHOU;20963,20964,20967
BCEEIMR;812,5669,20787
BCEEIPS;5666,5945,20947,20975
BCEEIRS;5929,5951,20590,20617,20935,20936,20946,20947,20954,20958,20959,20960,20961,20976,20982,20983,20990
BCEEIRT;812,815,816,20788,20931,20932,20934,20935,20936,20945,20954,20959,20960,20976
BCEEKNS;818,5909,5957,20928
BCEEKNU;20618,20857
BCEEKRS;818,5758,5909,5957,5962,20965,21001
BCEEKST;5914,5962,21001
BCEEKSZ;
BCEEKUY;
BCEELOS;5975,5983,20617,20786,20858,20984,20996
BCEELOU;5981,20619,20963,21003
BCEEMOS;5987,5988,5989,20851,20984,20987
BCEENOS;5963,20785,20831,20928,21011,21012
BCEENRU;5901,5978,5997,20618,20848,21004
BCEEQSU;20939
BCEERSU;5926,6001,20946,20971,20983,21008,21010
BCEFIIS;21021
BCEGIKN;6018,6019,6023,6024,20944,21034,21041,21042
BCEGLOS;6027,6031,6040,20953,21048
BCEHINR;6042,6045,6054,21062
BCEHINT;851,852,6054,21030,21031,21032,21059,21071
BCEHIOR;6051,6055,20869,21017,21062,21064,21073
BCEHIOT;6049,20871,21031
BCEHIRS;20836,20949
BCEHIST;20870,21059,21068
BCEHITW;6047,21030
BCEHLRU;5675,5677,6062,20955
BCEHNRU;5677,6062
BCEHNSU;6072,21083
BCEHORS;20843
BCEHORT;6006,6076,6083
BCEHORW;
BCEHOSS;20872,21071,21084
BCEHOST;6084,21078
BCEHOSU;5792,20622,21074,21076,21080,21083
BCEHRSU;866,5755,6065,20971,21081
BCEHRTU;5915,6069,21032
BCEHSTU;5921,6070
BCEIIKR;20821,20863,20931
BCEIIKS;21034,21095
BCEIISV;6099,20846
BCEIKLM;
BCEIKLO;6024,20776,21041
BCEIKLR;20863,20955,21042
BCEIKNR;847,21042,21120
BCEIKRS;5495,5758,5793,5812,5813,21114
BCEIKST;21034,21044
BCEIKSU;5813,6112,21044,21116
BCEILMO;5496,5803,6115,20984,21096,21121,21124
BCEILMR;6026,6124,21035,21124
BCEILMS;20984,21122,21123,21125
BCEILNO;20777,20867,21029,21031,21041,21047,21062
BCEILOR;20869,20885,21038,21062,21064,21124
BCEILOS;20875,20984,21065,21096
BCEILOU;5680,6117,20777,20867,20884,20885,21115
BCEILRS;20946,20983
BCEILSY;5818,20881,21123
BCEIMNO;5496
BCEIMOR;6142,6143,21022,21101,21124,21134
BCEIMOS;20851,21096
BCEINOR;6051,20852,20868,21062
BCEINOS;5682,6052,6105,6152,20785,20801,20831,21043,21071,21105,21112
BCEINOZ;5948,6028
BCEINRU;5493,21120
BCEIORS;20947,21018,21114,21145
BCEIRRS;742,897,5732,5827,5829,5951,20976,21021
BCEIRSS;20802,21066,21136
BCEIRSU;5498,6011,6155,20946,20983,21018,21131,21136
BCEIRTU;815,6060,6151,20888,21032,21142
BCEISST;20629,21020,21059,21068,21071,21107,21144,21150
BCEJOST;6105,20977,20996,21094,21112,21113,21153,21155
BCEJSTU;20978,21024,21040,21113,21153,21155
BCEKLLO;20776,21041,21115
BCEKLOR;
BCEKLRU;6062,6162,20955,21042,21115,21158
BCEKLSU;21028,21080,21116
BCEKMOS;5794,5838
BCEKNOS;908,20928,21043,21117
BCEKORT;20892,21118
BCEKORU;20892,21115
BCEKOSU;21080,21116
BCEKOTY;
BCEKRSU;5813,6038,6065,6068,6171,21001,21161,21164
BCEKSTU;6038,6070,6170,6171,20630,21001,21028,21044,21054,21164
BCELLOW;6167
BCELLSU;20881,20953,20983,21116
BCELMNU;6184,6185
BCELMOS;20984,21096,21122,21123,21125
BCELMRU;6124,6162,20938,21166
BCELMSU;917,6072,6184,21097,21122,21125
BCELNOW;21047
BCELORS;5692,5693,5966,5975,6172,21006,21082
BCELOSU;5692,6184,6188,20622,20804,21080,21083,21159,21165,21170
BCELRSU;20893,20939,20946,20983,21008,21131,21173
BCELSSU;20625,20985,21084,21099,21128,21168
BCEMNTU;21176
BCEMOOS;20851,21086,21175
BCEMORS;21055,21174,21177
BCEMRRU;5487
BCEMRSU;753,5694,6065,21010,21088,21174,21177
BCENOOS;6174,21011,21012,21082,21086,21105,21112,21127,21175,21178,21179
BCENORU;6218,21176
BCENOSU;20801,21026,21083,21122,21132,21153,21175,21181
BCEORSS;5844,6149,6224,20802,20991,21015,21147,21179,21184
BCEORSU;20799,21006,21010,21016,21018,21137,21155,21174
BCERRSU;6001,20899,20972
BCERSTU;5848,5849,6038,6170,6171,6221,20901,21155,21164,21173,21174,21187,21189
BCESSTU;20968,21000,21068,21144,21150
BCFKMUU;
BCFSSUU;6017
BCGIKNO;6019,21198,21208
BCGIKNU;6254,21208
BCGIMNO;
BCGINNU;6251,21206
BCGINRU;5493,21032
BCGORSU;6245,21055,21218,21219
BCGORSY;
BCHHORS;6262
BCHIIOP;6238,6265,6267,21223,21224
BCHIIOT;6237,6266,6269,6271,20808,21193,21222
BCHIIRR;5699
BCHIIRS;20836,20954,21225
BCHIKOU;
BCHIKOY;
BCHIKSU;
BCHILMY;
BCHILOS;6268,6275,20791,21065,21194
BCHIMOR;21224,21231,21232
BCHINOR;20808,21062,21225
BCHIOPR;955,5704,6055,6238,6267,21064,21073,21224,21235,21236
BCHIOPS;6056
BCHLOTY;
BCHLSSU;21084,21085
BCHNOOR;960,20969
BCHOORS;20906
BCHORST;6279,6286,6289,21225,21239
BCIIKLN;
BCIILMU;21199
BCIILOR;6267,20810,20869,20910,21038,21200,21245
BCIILSY;21243,21248
BCIINOS;6306,6311,20785,21105,21201,21248
BCIINOT;20878,20950,21104,21106,21193,21222
BCIIOPS;6299,6303,21110,21111,21248,21254
BCIIOPT;973,6303,20912
BCIIOST;5709,6303,20636
BCIISTU;6234,6313,20902,21093
BCIKKOX;21198
BCIKNOS;21043,21117
BCIKORT;21118,21257
BCIKOTT;6113,21208
BCILMPU;21199
BCILOOR;21062,21118,21124,21261
BCILPSU;6341,21128
BCIMNOU;21215,21263
BCIMSSU;6344,20887,21068,21136,21211,21265
BCINOOR;20810,21062,21261
BCINOOS;5875,21105,21112,21127,21214,21216,21263,21264
BCINORS;21225
BCINORU;
BCINRSU;992,6312,6313,6337
BCINSUU;
BCIOORT;998,5716,6101,6142,6154,6307,21118,21124,21231,21232,21234,21261
BCIORSS;780,6133,6149,20802,20991,21066,21136,21147,21226
BCIORST;701,781,999,6345,21266
BCIOSTY;6332,21027,21150,21264
BCIRRSU;6312
BCIRTUY;6060,6346
BCISSTU;5720,6161,6344,20629,21068,21150
BCISTUU;1003,21262
BCJKMUU;21152
BCKLLOO;6352,21203
BCKLLOU;6165,6280,21115,21204
BCKLNOU;6165,20963,21204,21205
BCKLOOX;
BCKMMOU;
BCKMOSU;
BCKNNOO;
BCKNSUU;20907,21207
BCKOTTU;21208
BCKOTUX;
BCLMOOU;
BCLMRUY;6124,21273
BCLOOSU;21080,21214,21262
BCLORTU;6363,20809
BCLSTUU;6205,6208,20921,21007,21028,21170,21173,21262
BCMMRUU;1014,6360,20896
BCMOOST;6283,21242,21263,21264
BCMORSY;1017,20815,21273
BCMOSTU;5726,6189,21137,21138,21174,21215,21263,21266
BCNOORS;791,1022,21178,21179,21219,21275
BCNOSTU;5724,21153,21181,21219,21239
BCNRSUU;6196,6220,20893,20898,20899
BCOOOOS;21238
BCOOPYY;
BCOOSWY;5881,21216
BCOOTTU;21277
BCOOTTY;21217
BCTUUZZ;
BDDDEIU;21282
BDDDELU;
BDDDEOR;6375,21279
BDDEEER;1027,6379,6380,20817,21286,21287,21288,21290,21291,21292
BDDEEES;
BDDEEEW;21287,21292
BDDEEIL;21287,21298,21299,21300
BDDEEIR;6379,21286,21287
BDDEEIS;6392,20818,21293,21297,21300
BDDEEIT;20819
BDDEELN;1032,1033,6377,6382,6392,6398
BDDEENO;6378,6401,21305
BDDEERS;21312
BDDEESU;21296
BDDEETU;6404,20819
BDDEGIN;6385,6406,21313
BDDEGIR;21279
BDDEGLU;20816,21294,21313,21316,21319
BDDEIIR;20821,21324,21325,21330
BDDEIIS;6411,6416,6418,21297,21317,21324,21329,21331,21333
BDDEILN;6392,6406,6412,21298,21313,21319,21335
BDDEILR;6393,6422,21286,21287,21334
BDDEILU;21313,21319,21335
BDDEINR;
BDDEINU;21301,21313,21321
BDDEIOO;20820,21280,21322,21338
BDDEIRR;
BDDEIRS;6413,6418,6424,21324,21330
BDDEIRU;21330
BDDEISU;20643
BDDELNU;6428,21294,21313,21319
BDDELOO;6389
BDDELOR;5733,6427,21334,21343
BDDELOS;6397,6409,6416,20639,21300,21317,21323
BDDELOU;21294,21316,21343
BDDELSU;6400,21323
BDDENOU;21294
BDDEOOR;
BDDEORU;5734,20642,21296,21315,21337,21343
BDDEOTU;6404,6415,21339
BDDERSU;21296,21312,21315,21330
BDDESUU;
BDDGIIN;21345,21348
BDDGINU;21348
BDDGIOR;6386,21279
BDDISSU;
BDDOOUW;
BDEEEFL;20825,21364,21368
BDEEEIS;6443,20832,21367,21377,21380,21381,21382,21383,21389,21393
BDEEELL;6452,21356,21395
BDEEELP;20834,21402
BDEEELR;5736,5743,6441,6446,6453,6454,6462,6463,6465,21286,21287,21358,21368,21371,21397
BDEEELT;608,5743,5745,6440,6454,6463,6464,6465,6467,20825,20830,21358,21371,21386,21388,21398,21404
BDEEELV;6466
BDEEEMN;20771,20835,21289,21370,21397,21406
BDEEEMT;6449,6468,6469,21390,21398,21407
BDEEENS;20824,20826,21409
BDEEEPS;20834,21362,21372
BDEEERR;5746,5748,6444,6456,6462,6465,6471,21290,21359,21406,21408
BDEEERV;21286,21377
BDEEERZ;
BDEEEST;6445,6457,6467,6468,21362,21376,21381,21400,21404,21405,21409,21416
BDEEFIR;20645
BDEEFOX;
BDEEGOR;6386,6499,21435,21446,21447
BDEEGOY;
BDEEGSU;21375,21450
BDEEHOV;
BDEEHRT;21436
BDEEIKL;21437
BDEEIKN;6479,21433
BDEEILL;5759,6452,6504,6523,21285,21454
BDEEILS;21364,21382,21385,21388,21423,21434
BDEEILV;
BDEEIMR;21505
BDEEIMT;21499
BDEEIMX;6542
BDEEINR;6455,20595,20852,21453
BDEEINZ;21453
BDEEIRR;21393,21446,21458,21459,21476,21491
BDEEIRS;21377,21382,21393,21485
BDEEIRT;21371,21471
BDEEISS;6537,6538,6541,20838,21420,21444,21455,21469,21500,21502,21514
BDEEIST;
BDEEIVV;
BDEEJLS;
BDEEJMS;
BDEEKMO;
BDEEKRU;21519
BDEELLS;1067,6504,6523,6524,6563,21382,21425,21434,21454,21482
BDEELMR;
BDEELMS;
BDEELMU;21398
BDEELNR;721,1033,6462,6463,6495,21378,21397,21448,21460,21522
BDEELNS;21364,21385,21423,21488,21523,21524
BDEELNT;21386,21489,21492
BDEELOV;21481,21493,21519
BDEELOW;20858,21300,21484,21496,21497
BDEELRT;5743,6463,6465,6499,6573,21358,21371,21471,21489
BDEELSS;6533,6537,6572,20860,21385,21399,21420,21444,21455,21469,21523,21524,21527
BDEELTT;21530
BDEELZZ;
BDEEMOS;1075,6397,6582,21462
BDEEMOW;21484
BDEEMOX;
BDEEMRU;6584,21505,21532
BDEEMSU;6584,20841,21360,21535
BDEENOR;6477,20595,20849,20852,21305,21397,21408,21428,21435,21460,21491,21543
BDEENOS;1075,1077,6401,6588,21523,21524
BDEENPR;6591,20852
BDEENRR;5753,6462,6591,21408,21491
BDEENRS;1059,6583,6594,6595,20824,20826
BDEEORR;20859,21408,21459,21491
BDEEORS;5530,20772,21426,21450,21521
BDEEORV;20642,21305,21481,21493,21519,21520
BDEEORW;21396,21496,21497,21546,21547
BDEEOSX;5530
BDEERST;21362
BDEERSU;1078,6584,6595,21296,21450,21531
BDEERUW;21415,21427
BDEESSU;6517,21379,21529
BDEFFLU;6476,21549,21550
BDEFILR;6611,21560
BDEFLMU;21564,21565
BDEFLOU;6617,20864,21550,21564
BDEFOOR;21552,21553,21566
BDEFOOT;6482,20864,21369
BDEGGLO;5790,6623,21316,21418,21430,21576,21577
BDEGGOR;6621,6627,21279,21576
BDEGHIT;21571,21581
BDEGHOU;6632,20865,21581,21582
BDEGILN;21313,21319
BDEGILO;6640,6641,21603
BDEGILS;6640,21434,21439,21551,21580,21583,21587
BDEGINN;6648,6649,21441
BDEGINO;20865,20868,21435,21552,21574,21592,21612
BDEGINR;20866,20868,21552,21569,21578,21585,21592,21594,21595,21596,21605,21612,21613,21615
BDEGIOO;20648,21280,21322,21552,21574,21599,21607,21611
BDEGIOR;6386,6630,6631,6647,20868,21279,21435,21446,21447,21552,21553,21579,21592,21603,21605,21607,21609,21612,21613
BDEGIOS;6640,21280,21322,21445,21446,21600,21616
BDEGIOT;21574,21581,21592,21603
BDEGIRS;20866,21320,21446,21551,21583,21594,21595,21615,21616
BDEGIRU;6622,21569,21585,21595,21605,21613,21615
BDEGISU;21445,21600
BDEGLNU;6498,21313,21319,21443,21585,21604
BDEGLRU;21448,21576,21585,21604,21605
BDEGLSU;21323,21375
BDEGNOW;20868
BDEGNSU;1086,1094
BDEGOOY;21611
BDEGORS;1096,6501,6625,20649,21446,21616
BDEGORU;6627,6632,6653,21576,21582,21605,21609,21613
BDEGRSU;21320,21595,21615
BDEGSTU;6654,6655,6659,21554
BDEHINS;21452,21626
BDEHIRT;726,6507,6510,6511,6670,21620,21628
BDEHLMU;
BDEHLOS;5796,20840,21580,21631,21632,21635
BDEHLSU;6678,21632,21635
BDEHMTU;6415,20841,21581
BDEHORY;5800
BDEHOST;6516,6690,20840,21463,21635,21636,21640
BDEHRSU;5755,6671
BDEIIRS;733,6418,6638,6707,6708,6716,20651,20836,20846,21329,21330,21476,21477,21583,21594,21595,21651,21655,21656,21657,21658,21659
BDEIIVV;
BDEIJLR;
BDEIKLN;
BDEIKLU;
BDEIKMO;21664
BDEIKNO;21599
BDEIKRS;5793,5808,5813,21663
BDEILLU;5815,6420,21669,21670
BDEILMO;5533,5803,6608,20882,21334,21665
BDEILMP;6697,21584
BDEILMS;
BDEILMW;21334,21484,21671,21674
BDEILNN;93,6530,6612,6733,6734,21468,21489,21490
BDEILNR;20874,21560,21572,21642,21671
BDEILNS;6412,6665,6739,21364,21385,21423,21580,21666,21672,21678
BDEILNY;21423
BDEILOP;6741,21480
BDEILOR;1115,5816,5817,20869,20885,21334,21560,21647,21668,21671,21674
BDEILOS;5816,6640,6737,21580,21680,21681
BDEILOX;
BDEILPP;
BDEILRR;20883,21491,21495
BDEILRS;21382,21485,21583,21674
BDEILRT;21371,21478,21489,21679
BDEILRU;5819,6746,6748,20884,21494,21495
BDEILSS;21328,21385,21420,21444,21455,21648
BDEILST;21388,21587
BDEILTT;1119,6613
BDEILTZ;6748,21653
BDEIMMR;
BDEIMNR;21337,21685
BDEIMOR;21334,21337,21664
BDEIMOS;21339
BDEIMRU;20850,21337,21483
BDEIMTU;6731,6753,20882,21339,21581,21589,21665
BDEINOR;20778,20849,20852,20868,21337,21435,21491,21552,21558,21560,21592,21609,21612,21613,21627,21662,21685,21690
BDEINOU;21606,21609
BDEINPR;6735,20852,21318,21590,21612
BDEINRR;6736,21491
BDEINRS;20778,21562,21594,21685,21690
BDEINRY;6652,6738,20874,21596
BDEINST;20870,21594,21597,21628,21692
BDEINSU;20854,20879,20889
BDEIOOR;20652,21552,21553,21611,21619,21664,21694
BDEIOOS;6764,21280,21322,21600
BDEIORR;6736,21447,21459,21491
BDEIORS;20778,21662,21663
BDEIORT;6547,6670,6749,21553,21592,21620,21664,21694
BDEIORV;21308,21447
BDEIORZ;21459,21497,21558,21656
BDEIOSY;21562,21593,21676
BDEIPRS;5827,6765,20855,20890
BDEIRRS;21367,21393,21505,21621
BDEIRST;21594,21628,21659,21692
BDEIRSU;21330,21659,21663
BDEIRSV;1122,5829,20846,21330,21377
BDEIRTU;1127,5788,5819,5830,6616,6744,6746,6748,6768,21515,21517,21651
BDEIRTY;5820,6652,6755,21596
BDEISST;21655,21686
BDEISSU;20654,20879,20889,21563
BDEISTU;21628,21659
BDEITUY;
BDEJLMU;
BDEJORU;6653,21662
BDEKLNU;20857
BDEKNOO;20652,21599
BDEKNOU;
BDEKNSU;
BDEKOOR;20652,21664,21701
BDELLOR;21396,21481,21576,21603,21668,21706
BDELMMU;21707
BDELMOO;5540,6782,21709
BDELMPU;6785
BDELMRU;6777,6786
BDELMTU;6560,6656,20882,21398,21564,21665,21708,21709
BDELNOR;21326,21397,21448,21460,21491,21560,21671,21714
BDELNOS;6778,6781,21580
BDELNOU;21707
BDELNRU;5538,5660,6428,21448,21522,21714
BDELNSU;749,6678,6739,21672,21713
BDELNTU;6428,21679
BDELOOP;
BDELOOR;6782,6797,6799,21566
BDELOOS;20860,20891,21323
BDELORS;617,750,5541,5816,5836,6679,6730,6783,6802,21527,21647
BDELORU;20884,20885,20894,21343,21576
BDELORW;6782,21334,21396,21497,21560,21668,21671
BDELOST;1140,6783,6784,6801,6802,20840,21530
BDELOSU;20655,20656,20657,21323
BDELOSW;20858,21425
BDELOTT;6575,6613,6742,6799,6806,21530
BDELOTU;6575,6656,20864,20882,21550,21564,21665,21670,21704,21709
BDELOWZ;21497
BDELRRU;6567,6576,6777,6786,6807,20894,20895,21343
BDELRTU;1142,5819,5841,6428,6744,6746,6748,21651,21679
BDELSSU;5842,6785,21567,21648,21652
BDELSTU;
BDELSWY;1143,6745
BDELTTU;6575,6746,6806
BDEMNNO;20886,21606
BDEMNOU;21337,21606,21707
BDEMNOY;21707
BDEMOOR;6770,6782,21607,21619,21664
BDEMOOS;21462,21716
BDEMORS;1146,1147,6625,6783,6809
BDEMSTU;6753,20841,21339,21537
BDENNOU;20886,20897,21539,21606,21609
BDENNSU;757,1094,6681,21344,21608,21610
BDENORR;6427,6736,6809,6815,21408,21491,21534,21724,21728
BDENORS;20778,21562,21685,21690,21719
BDENORU;21337,21428,21543,21582,21609,21613,21639,21728
BDENORW;20868,21560,21719,21724,21728
BDENORZ;5824,21558
BDENOST;21640
BDENOSU;6588,21344,21638,21640,21713
BDENOSY;6781,21562,21593,21640
BDENOUW;20897,21724,21728
BDENOUX;21639,21727
BDENRSU;6595,6818
BDENRTU;21428,21543,21545,21639,21723
BDENSSU;20879,20889,21563
BDENSTU;20854,21640,21713
BDENSUY;6595,6739,20889,21640
BDEOORR;21566
BDEOORS;21450,21521,21719
BDEOORY;21611,21701,21703
BDEOOST;6764,6821,6823,21636,21712,21713
BDEOOTX;
BDEOPRS;1154,6689,6814,20890,21617
BDEOPRT;21407,21620
BDEOPST;1140,1154
BDEORRS;
BDEORRU;20894,20895,21343
BDEORSS;5802
BDEORST;21636
BDEORSU;21315,21663
BDEORSW;20653,21521,21616,21693,21719,21729
BDEORTU;20892,21639
BDEORUV;20642,21519,21541
BDEPSTU;6743,6761,21451
BDERRSU;20899,21431,21505,21641,21687
BDERSSU;
BDERSTU;21548,21651,21659
BDERSUU;21531,21617,21683
BDERSUY;6595,6827,21315,21568
BDESSTU;21548,21554
BDESSUU;21554,21563
BDESSUW;6820
BDFIILY;
BDFIIMU;
BDFIIOR;21345,21558
BDFIISU;20902
BDFILOS;21346,21559,21561
BDFIORS;6832
BDGGINO;1161,6836,21574
BDGGINU;21573
BDGGLOU;21316,21576
BDGIINN;1160,21441,21752
BDGIINR;21345,21419,21578,21591,21592,21596
BDGIINS;21588,21593,21597,21598,21740,21743,21751
BDGIIOO;
BDGIIOS;21593
BDGILNO;5850,5852
BDGILOO;21759
BDGIMNU;21573,21589,21606,21751,21757
BDGINNO;1165,6849,21752,21764
BDGINNU;6839,21610
BDGINOS;21757
BDGINOY;21593
BDGLLOU;21316,21576,21758,21759
BDGLOOT;21430,21759
BDGMSUU;
BDGOOOW;
BDGOOSY;
BDGORSU;6432,6855,21767
BDHIINS;6838,6858,21452,21740,21741,21769
BDHINOP;
BDHIOSU;21626
BDHIRSY;6860
BDHMOOO;
BDHNSUU;20907,21638,21780
BDHOOOY;
BDIIKNO;
BDIILMS;6697,21743
BDIILOR;6700,6879,20869,20910
BDIILOS;21650,21783
BDIIMNS;21588,21743,21744,21751
BDIIMRS;6418,6884,21329
BDIIMSU;20911,21751
BDIISTT;6872,21597,21659
BDIKNOR;
BDIKNOS;21757
BDILLNY;5545,21745,21790
BDILNNU;6530,6612,6733,6734,21490
BDILNUU;21336,21443,21679,21749,21750,21760,21761
BDILOOS;21794
BDILPUU;21750
BDILRUY;21790,21793
BDILTUY;6871,6881,6897,21763
BDIMNPU;
BDIMNUU;6901
BDIMOOZ;
BDIMORS;21354,21792
BDINNOU;6759,20886,21507
BDINNSU;6839,21608,21610,21754,21784
BDINOOR;6904,20652,20661,21677,21775
BDINOOW;20661
BDINOSU;5877,6893,20917,21783
BDINOUY;21763,21793
BDINPSU;6761,21626
BDINRSU;21354,21756,21767,21768,21784
BDINSTU;5877,6546,6753,6761,20854,20904,20917,21508,21628,21756,21768
BDIOOOV;
BDIOORU;6904,20884,21677
BDIOOST;5871,5875,6764,6892,21787
BDIORSW;6908,20653,21351,21496,21616,21674,21693
BDIOSSY;21794
BDIOSTU;5877,6764,20917,21680
BDIOSUU;20917
BDIRSTU;6744,21508,21628,21651,21659,21756,21767,21768
BDISSUY;6887,20654,20889
BDKLOOS;5878,5879,20891,20918,20919,21644
BDKNOOU;
BDLNOOS;6854,6878,6892
BDLOOOX;
BDMOOSS;
BDMORUW;
BDNNOOY;21798
BDNNOUU;21722,21761,21766
BDNOORU;6904,6919,21779
BDNOOSS;6910,6918,21678,21690,21720,21727,21738
BDNOOWW;
BDNOPUU;
BDNORTU;6904,6919,20888,21428,21543,21639,21779,21796
BDNORUW;21724,21728
BDNOSTU;5877,20917,21640,21713
BDOOOWW;
BDOOOWX;
BDORSWY;
BEEEEFR;
BEEEEKS;21808
BEEEEMT;
BEEEENP;21811
BEEEFIR;21363,21818,21820,21821
BEEEFLR;21368,21818,21820
BEEEFLS;6443,21364
BEEEFTW;
BEEEGIS;
BEEEGKL;
BEEEGNR;21832
BEEEGRR;20664,21373,21825,21832
BEEEHIV;6932
BEEEHNS;5887,20826,20927,20928,20930,21826
BEEEHPS;21839
BEEEIKL;21840,21842
BEEEILL;5557,6452,6939,20779,20933,21285,21818,21827,21842
BEEEILN;5889,20933
BEEEILV;5557
BEEEIRR;5888,6938,6940,6942,6943,20668,20832,21820,21832,21842,21849,21850,21852
BEEEJLW;21828
BEEEJLZ;
BEEEKLL;21842,21861
BEEEKLS;21840
BEEELPR;1200,1203,6925,6953,6954,20934
BEEELRT;624,1203,1204,6454,6465,6951,20932,20934,21358,21371,21850
BEEELRV;6950
BEEELST;5895,6467,6931,6947,21388,21404,21845,21847,21866,21869
BEEEMOS;21389
BEEEMRS;6934,6963,21389,21854
BEEEMSS;21830,21880
BEEEMST;6468,6934,6960,6963,21405,21845,21854,21866,21869,21878
BEEENNZ;6964,21881
BEEENTW;21857
BEEEPRS;6942,6945,21413,21808,21839,21863
BEEEPSW;
BEEERSS;5558,6969,20924,20929,20942,21413,21812,21815,21859,21864,21875,21885
BEEERSZ;6976,21815,21856,21871
BEEERTV;6966,20936,21850
BEEFGIN;20943,21887
BEEFGIT;21887,21888
BEEFILR;21818,21820,21897
BEEFILS;21364,21423,21819,21898
BEEFILY;21423
BEEFINT;20926,20945,21887,21888,21896,21900
BEEFIRR;1206,6989,6991,20669,21820,21895,21896,21903
BEEFIRS;20947
BEEFLTY;
BEEFNRU;6481,21417
BEEFORY;
BEEFRST;20948,21889,21907
BEEGGNU;
BEEGIIR;21419,21437,21440,21827
BEEGILL;7011
BEEGILO;7014,21929,21930
BEEGILR;1212,6999,7012,7015,7016,7018,21913
BEEGILS;7013,21434,21923,21926,21927
BEEGILU;
BEEGIMR;7012,21938
BEEGINN;20943,21441,21817,21887,21925
BEEGINP;7009,21372,21811
BEEGINR;21938
BEEGINS;6486,7009,20670,20951,21293,21921,21923,21926,21937
BEEGINT;6493,7001,7020,20950,21887,21925
BEEGINU;
BEEGIST;7024,21833,21918
BEEGISY;21918
BEEGLNO;7014,21929,21930,21947
BEEGMNO;21929,21930,21938
BEEGMOU;
BEEGNOO;21449,21919
BEEGNOS;7005,21831,21835
BEEGNRS;1059,5909,6500,7005,7026,7034,7036
BEEGNRU;7006
BEEGNSU;21945,21952
BEEGNTU;21295,21947,21951
BEEGORS;5907,6501,7005,7025,7032,21446,21450,21912,21928,21943,21944,21953
BEEGRSU;21450,21886,21889,21943,21944,21954
BEEGSUY;
BEEHINS;6486,20818,20927,20949,21826,21914,21916,21917,21970
BEEHIOP;7002,21457,21961
BEEHIRR;6506,21915
BEEHIST;7041,7044,21914
BEEHKSU;21976
BEEHLRT;625,1211,7053,21913
BEEHLST;1226,5914,5921,7041,21962,21964
BEEHMRY;7062
BEEHNNO;21460,21461
BEEHNOS;7056,20928,21891,21977
BEEHOOV;
BEEHOPS;7064,20843,21457,21982
BEEHORS;20772,20784,20843,20959,20965,20970,21296,21463,21836,21976,21982,21985,21986,21988,21989
BEEHORW;7069
BEEHOST;5913,6516,7067,20959,20970,21463
BEEHOSV;21965,21966,21973
BEEHPSU;20971
BEEHRST;20970,20973,21463,21985
BEEHRSW;810,20961,21917,21956
BEEHRTY;7037,7062,20962
BEEHRWY;20962
BEEHSST;5923
BEEHSTY;21918
BEEIJLU;
BEEIKKR;22016
BEEIKLW;21840
BEEILLR;20677,20779,21818,21842,21897
BEEILLS;6504,6523,7074,7088,7103,21434,21454,21927,21995,22024,22025,22028
BEEILLV;21285,21481
BEEILMP;5667
BEEILMS;21813,21841,21845,21996,22017,22037
BEEILNR;1212,1234,7012,7015,7016,7110,7125,7126,7131,21846,21913
BEEILOS;20786,21898,22024,22025,22047
BEEILOZ;
BEEILRS;20590,20674,21485,21813,21996,22001
BEEILRV;6983,22005
BEEILRY;6526,7116,22049
BEEILTT;
BEEIMRS;21485,21813,21968,21996,21998,22001,22017,22032,22034,22035,22060
BEEIMST;20984,21845,22055
BEEIMSX;
BEEINNS;5892,5949,22065,22066
BEEINNZ;5948
BEEINOS;5563,20670,20987,21898,21937
BEEINOT;7014,7045,21925,21929
BEEINOZ;5948
BEEINPR;7015,7125,20852
BEEINRT;1234,7016,7093,7110,7130,7131,7155,20788
BEEINRZ;22075
BEEINSW;
BEEINWZ;
BEEIORS;5563,5952,20947,20959,20987,21901,21943,21944
BEEIOST;5913,5952,7113,20959,20977,20984,22024,22026,22046,22047
BEEIQUZ;
BEEIRRS;5951,6942,7085,7139,7154,7166,21391,21446,21476,21503,21510,21975,21994,22013,22035,22057
BEEIRRV;7146,21850,22059
BEEIRST;20680,22015
BEEIRSY;5566,7165,20994,21918,22049,22063,22086
BEEIRTY;7165,20788,20962
BEEISST;22009,22070,22072,22073
BEEISTT;21910
BEEISTW;7044,7164,21858
BEEISVV;22084
BEEISZZ;
BEEJNSU;
BEEJSSU;20998,21814
BEEKMOS;
BEEKNOT;20999,21925
BEEKOPS;21863
BEEKORS;1243,6554,7025,7048,7050,20965,21521,21863,21976,22087,22088,22091
BEEKRRS;21994
BEEKRRU;20618,20675
BEEKRSU;6993,7050,21001,21976,22017
BEELLMN;1246,7073,7097,7183
BEELLOT;20685,21480,21961
BEELMMS;21866,21867,21996,22097
BEELMNT;1246,1251,5474,5560,5568,6948,6977,7110,7183,7194,7200,21866,21868,21906,21929,21997,22096,22099
BEELMOW;21930,22098
BEELMRS;5972,5973,7026,21002,21485,21931,21996,21998,22001,22017,22032,22034,22035,22094,22097,22101,22102
BEELMRT;21993,21997
BEELMSS;21002,22101,22104
BEELNNO;5974,7208,20686,21872
BEELNOZ;6566,7196
BEELNRT;21004,21489,21873,21913,22099,22108
BEELNSU;1248,1260,5964,5980,6571,7181,21526
BEELOST;1266,5983,6978,7113,20984,20996,21006,21962,22047,22113,22115
BEELOSV;5571,7190,21948,21965,21966,22112,22115
BEELOSY;21977,21982,22088
BEELOTY;21492
BEELPST;5945,7137,7141,20975,22024
BEELRSS;826,5572,20599,20601,20687,21002,21444,21485,21527,21815,21865,21873,22001,22101,22104,22114,22118,22119,22120
BEELRST;22115
BEELRSY;21008,21982,22049,22088
BEELRUZ;
BEELSSS;21005,21404,21487,21967,21981,21983,22051,22116
BEELSSW;6933
BEELSZZ;
BEELTTU;6575,20685
BEEMMRS;21867,21968,21996,22097,22121,22126
BEEMNPT;
BEEMNRY;7233,20790,21949
BEEMORW;21938,22128
BEEMOSS;1236,5570,20986,21969,22123
BEEMOSX;21984,22089,22129
BEEMRRU;6586,21532,21823
BEEMRSU;7153,21010,21535,21986,22017,22036,22094,22097
BEEMRTU;7204,21877,22054
BEEMSSU;21950
BEENNRS;7241,7242,7243,7244,21835,21862,22012,22091,22121
BEENNST;5949,22065,22066
BEENOOT;22106,22138
BEENORR;5924,5990,7245,21408,21491,22016,22067
BEENORS;20679,21835,22021,22091,22121
BEENORY;7233,21949
BEENOST;1278,5575,20997,22106,22124,22133
BEENRRT;21883,21896,22067
BEENRTU;21004,21877,22054,22108
BEENSTU;5781,6546,6598,7250,20854,21537,21878,22023,22055
BEENSUV;21848
BEEOOST;20989
BEEOPPS;
BEEOPRR;5990,5998,6995,7035,7221
BEEOPRS;5991,7032,7064,7210,20947,21863,21982
BEEORRS;1243,7025,21902,21953
BEEORRU;
BEEORSV;5571,5992,7190,22112
BEEORSY;21953,21982,21986,22088
BEEORTV;
BEEORWY;20592,21939
BEEOSST;7224,7259,20996
BEEPRRV;
BEEPRSU;20948,20971,21451,22036,22140
BEEQSTU;7249,7250,7263,22081,22113
BEERRST;20683,21883,22057,22149
BEERRSU;5491,5578,6998,7242,7252,20600,20972,21431,21883,22117
BEERRSV;
BEERRSW;6585,7166
BEERRWY;
BEERSST;5953,6003,7086,7159,7167,7261,20998,22072,22119,22120,22152,22153
BEERSSU;1282,7007,7243,7262,20601,22118,22119,22120
BEERSTT;20970,21463,22136
BEERSTV;20936,22079
BEERSTW;1272,20961
BEERSUX;6975,7229,22050
BEERTTU;7068
BEESSTT;6003,7072,7261,21518,21548,21880,22052,22072,22105,22120,22146,22153
BEESSTU;7266,20998,21548,22152,22153
BEETTUV;
BEFFIIS;21549,22157,22158
BEFFIRS;21018,21886,22155,22157
BEFFIRU;7268,21018
BEFFLRU;7268,7269
BEFFOSU;22160
BEFFPSU;
BEFFRSU;6605,21018,21886,22155
BEFFSTU;6605
BEFGIIL;22165
BEFGIRU;
BEFGIST;22156
BEFGLSU;
BEFHOOS;
BEFILMS;
BEFILNO;6009,7283,7288,21025,21560,22169
BEFILNU;6612,7287,21025
BEFILOS;21559,22172,22179
BEFILOU;21025
BEFILPY;22165
BEFILRT;1290,6010,7289
BEFILRY;7285
BEFILSU;20946,21899
BEFINOR;7288,21025,21552,21558,21560,22166,22169
BEFIOOR;7291,21017,21424,21552,21553
BEFIORS;20947,21018,21027,21901,22179,22181,22185
BEFIORX;
BEFIRST;21027,22176
BEFIRSU;6011,6013,21018,22185,22187,22188
BEFIRVY;7285,22167
BEFISTU;6013,6985,21024,21899,22176
BEFITUX;
BEFLLTY;
BEFLLWY;
BEFLMRU;21897,22193
BEFLMSU;22195,22196
BEFLOOS;21559,21561,22185
BEFLOSU;22194,22195
BEFLTUU;21550,22193
BEFOORR;21566,21824
BEFOOTW;
BEFRRSU;6998,7302,7306,21568
BEFSSUU;6017,21554,21563,22177
BEGGGIN;21029,22198,22199
BEGGIIS;20689,21910,22204
BEGGINO;7311,7312,21029,21574,22198,22199,22209,22212
BEGGIOR;7311,7312,21279,22212
BEGGIRU;6622,22211,22212
BEGGIST;21910,22204
BEGGISU;7000,21570,21573,22211
BEGGITY;
BEGGLOR;21576,21911
BEGGLOS;22210
BEGGORS;6625
BEGGRSU;22202,22211
BEGGRUY;21432,22203
BEGHHIT;22200
BEGHINT;20693,21030,21571,22200,22201,22217,22228
BEGHISS;20692,22214,22237
BEGHITT;7001,22235
BEGHLOO;7332,22225,22239
BEGHRRU;1312
BEGIILR;21038,21437,21827,22221,22252,22263,22264
BEGIIMT;22221,22264
BEGIINN;7337,7342,7343,20943,21441,21887,22166,22218,22251,22255,22266
BEGIINR;7318,7347,7348,21578,21591,21595,22253,22275,22276,22280
BEGIINS;7318,7347,20689,21593,21594,21923,22274,22275,22279
BEGIINU;21585,21589,22266
BEGIKMN;
BEGIKNR;22251
BEGILLN;21041,21045
BEGILLY;1308,7359
BEGILNO;1315,6024,6028,7014,21029,21031,21041,21046,21929,22209,22225,22289,22291
BEGILNR;20602,20698,21442,21604
BEGILNS;21923
BEGILNT;21031
BEGILNU;1316,20602,20696,20867,21319,21585,21604,21605,22266,22296,22300
BEGILNY;21046,22165,22226,22304
BEGILOR;7273,21038,21603
BEGILOS;
BEGILRS;7274,7364,7374,21551,21583,22295
BEGILRT;7017,7018,7310,21371,21603,22252,22264
BEGILRU;1316,7374,7375,20602,20698,21585,21604,21605,22264,22299
BEGILST;
BEGIMNR;
BEGIMRS;21051,22211,22229,22263,22273,22294,22295,22297,22298,22299,22314,22317
BEGINNU;7386,21050,21606,22212,22231,22266
BEGINOS;21043,21831,22215,22236,22284,22322,22327,22329
BEGINOY;7384,21046,21593,22226,22304,22330,22333
BEGINRR;22223,22334
BEGINRS;20689,20698,20699,21320,21594,21595,21615,22155,22211,22273,22280,22295,22314,22317,22323
BEGINRV;7350,7355,22167,22325,22333
BEGINRW;
BEGINRY;21596,22167,22226,22304
BEGINSS;6035,7393,21614,21830,21831,21909,21924,22237,22275,22280,22320,22327,22331,22335
BEGINST;21040,21044,21053,21594,22156,22279,22323,22329,22336
BEGINSU;7395,21040,21044,22155,22156,22236,22327,22329,22335,22336
BEGINTT;20690,22235,22285,22319,22324
BEGIOOS;7373,21280,21322,21600,22297,22309
BEGIORV;1324,7273,7350,21447,22238,22325,22333
BEGIOSS;20692,21322,21831,21933,22320,22327,22331
BEGIOSU;7381,7382,21445,21600,21944,22236,22284,22290,22322,22327,22329,22337
BEGIRSU;1327,7021,7024,7374,7381,7395,20698,20699,21320,21595,21615,21944,22211,22280,22281,22282,22295,22299,22306,22311,22314,22317,22323,22335,22336,22337
BEGISSU;7382,22214,22280,22327,22331,22335
BEGKMOS;5794
BEGKNSU;21044,22284
BEGLLOU;843,7330,21316,21576,22289
BEGLMOO;22209,22225,22291,22339,22340
BEGLMRU;5584,22264
BEGLMUU;
BEGLNOS;6040
BEGLNRU;1316,1331,20602,21448,21585,21604,21605
BEGLNSU;21945
BEGLOOS;20701,21323,21948,22309
BEGLOOT;6039,21430,21911
BEGLOST;7408,7410
BEGLOSU;7409,7410,20701,21323,21945
BEGLOSW;21912
BEGLOUV;
BEGLRSU;22311
BEGLRTY;
BEGLSTU;20700
BEGMNOY;21046
BEGNNUU;22322
BEGNOOS;7413,7414,7418,20691,22241
BEGNORU;7006,21582,21605,21609,22212,22333,22343
BEGNOSY;21593,22241,22304
BEGNOTT;22235,22285,22305,22319,22324
BEGNOTU;7378,21947,21951,22199,22329
BEGNRSU;1334,7334,7395,20699,21320,21595,21615,22155,22211,22280,22281,22314,22317,22323,22335,22336
BEGNSUY;7395
BEGOORS;20649,21450,21953,22213,22243,22274,22297,22309,22342,22344
BEGOOSY;21953,22241,22309
BEGORSU;7381,7409,7416,21055,21944
BEGOSTU;7410,22329
BEGOSTW;20694
BEGRRSU;21431,21944,21954
BEGRSSU;20699,21055,22280,22317,22331,22335,22346
BEHHKOT;
BEHIIST;6411,7432,7433,20704,20954,22356
BEHIITX;21957,22217,22355
BEHIKLO;
BEHIKNT;
BEHIKRS;6043,7434,7435,22365
BEHILMS;7440,22220,22368
BEHILMT;7431,22171,22221,22358
BEHILOS;7452,20702,20791,21065,21580,21962,21966
BEHILRT;850,6046
BEHILST;6047,6048,7423,7450,7455,20702,21964
BEHILSU;7446,7455,22359,22370,22373
BEHILSW;6047,22172
BEHIMOR;22367,22375,22376
BEHIMOY;
BEHINOP;7464
BEHINST;20870,21059,21071,21628,21964,21970,22356,22377
BEHIOST;7450,7452,20702,20704,22347,22362,22380
BEHIOTW;6670
BEHIRRT;
BEHIRST;6661,6672,7432,7460,20704,21628,22176,22229,22347,22356,22362
BEHIRSU;7468,7469,20960,21077
BEHISSU;5476,21061,22174,22214
BEHISTT;1342,6672,7047,7433,7437,7471,7472,21970,22176
BEHISTZ;
BEHKKOO;21078
BEHKORS;6674,7050,7435,7476,20965,21976,22365
BEHLLOP;7330,21961,22239
BEHLLOX;
BEHLMOW;
BEHLMRU;5584
BEHLMSU;20666
BEHLOOT;7445,22386,22388
BEHLORT;7039
BEHLOSW;22172
BEHLRRU;
BEHLRSU;7279,7474
BEHLSSU;1345,20673
BEHLSTU;5921,6678,7455,21635,22359
BEHMNSU;7488,22174
BEHMOOY;22386
BEHMORS;7479,21986
BEHMOTU;6415,21581,21979,22227,22375
BEHMPTU;20956,22228
BEHNNOT;1348,22230
BEHNORS;5594,20607,20795,21082,21627
BEHNORT;6006,6682,7492,21639,22240
BEHNOST;6052,21071,21640,22215,22232,22236,22242
BEHNRTU;6682,7327,21032,21639,22231
BEHOORT;22240,22244
BEHOOSX;21984,21987
BEHOPRT;6076,7492,21620,22361
BEHOPSU;1349,21626,22396
BEHORRT;7049,7427
BEHORST;20704,22229,22347,22362
BEHORSU;7050,7067,7468,7469,7501,21976,21986
BEHORTT;6083,7061,7068,7427,7489,22235
BEHOSTU;6082,7067,7495,21076,21635,21640,22396
BEHRRSU;6086,7496,7501,20972,21641
BEHRSSU;1350,7503
BEHRTTU;6069,7068,7486
BEIIKKS;
BEIIKLN;20709,22251
BEIIKLR;20709,21993,22251,22252
BEIIKRR;
BEIIKRS;7509,22253,22398
BEIILLN;6091,6092,7073,7281,7511,7512,7513,20873,21645,21893,22178,22415
BEIILLS;21095,22157,22170,22179,22219,22413,22416,22418
BEIILMR;1355,7510,7522,7524,21993,21996,22000,22001,22221,22264,22414,22425,22426
BEIILMX;
BEIILRS;21583,21996,22000,22157,22179,22413
BEIILSV;1360,21380,21472,21841,21923,22006,22357,22413
BEIINOT;6022,6699,6712,7283,7527,7528,20878,20950,21104,21106,21474,21592,22272,22355,22415
BEIINRR;21591,21895,21896,21994,22013,22223,22279
BEIINRS;20689,21595,21994,22013,22280,22398
BEIINST;21421,21598,22006,22405,22407,22420
BEIIOTT;7528,21104
BEIIRRS;6638,6716,7084,7085,20624,20705,20713,21476,21621,22013,22279
BEIIRST;1366,1367,6097,7286,20954,21093,21659,21960
BEIIRTT;1365,5600,7556
BEIISTT;5600,7433,21659,21910,22204
BEIISTV;1367,21472,22006,22409
BEIISTW;7433,7547,22417,22420,22440
BEIISVV;
BEIISZZ;
BEIJLRS;1368
BEIJLSU;1369,6103
BEIJMSU;
BEIJNSU;6103,21040,21113
BEIJSTZ;
BEIKLMS;1370,22017,22453
BEIKLNR;21042,22251,22283
BEIKLNS;20717,20718,21117,22455
BEIKLOR;7435
BEIKLOS;21644,22453
BEIKLOW;
BEIKLOX;
BEIKLRS;1368,7435,22017,22453
BEIKLRU;20675,20955,21042,21115,22452,22454
BEIKLSY;
BEIKLTU;22454
BEIKNRS;21994,22398
BEIKNSU;7561,7562,21044,22284,22455
BEIKOOR;20652
BEIKOOS;21600,21644
BEIKORS;7435,7564,21114,21663,22287,22365
BEIKORT;7565,22457
BEIKOSY;
BEIKRRS;1374,6986,7564,7566,22287,22365
BEIKRST;
BEIKRSW;6721
BEIKRTU;22454
BEILLMN;7073,7097
BEILLPR;5937,6988,22256,22414
BEILLRR;21842
BEILLRS;20721,22157,22413,22462
BEILLRU;5678,7575,21115,21897,22027,22452
BEILLST;22024
BEILLSU;7561,7583,20721,20881,20983
BEILMNR;6729,7097,7110,7589,22032
BEILMNS;21123,22469
BEILMOR;21334,22414
BEILMOS;5604,21123,21125,22461,22469
BEILMRS;21813,21931,21996
BEILMRT;1385,1388,6729,7110,7522,7589,7593,7595,21124,21478,21993,21997,22221,22264,22426,22454
BEILMRW;21334,21671
BEILMSU;21125,22481
BEILMSW;21484,22420,22469
BEILNOO;7445,7604,20648,21062,21335,21677,21678,22209,22225,22291,22292,22302,22469,22483
BEILNOS;6737,7574,7606,20717,21666,21678,22039,22402,22430,22483,22487
BEILNOW;21560,21671
BEILNRS;21048,22490
BEILNRY;6738,7367,7575,7589,7602,7605,7607,20874,22226
BEILNST;20717,21098,21127,22402,22430,22483
BEILNSU;
BEILNSY;6643,6739,7612,21123,21423
BEILNSZ;7534,7606,22039,22488
BEILNTZ;
BEILOOR;21062,21118,21130,22309
BEILOOS;7604,20981,21130,22034,22185,22297,22309,22453,22459,22469,22473
BEILOPR;1403,5603,7125,7289,7593,7594,7605,7614,20885,21064
BEILOPY;7605,7616,20695,21064,22472
BEILOQU;
BEILORR;20883,21038,21491,21495
BEILORS;22180
BEILORT;21118,21124
BEILORW;21334,21560,21668,21671,22169,22366
BEILORY;6738,7595,7605,7607,7618,7621,21064,21668,22226,22304,22309,22472,22476,22477
BEILOST;884,1380,6137,7113,7450,7452,7584,7615,7616,7624,20984,21065,21098,21962,22024,22047,22401,22402,22461,22467,22485,22487,22489,22494
BEILOSW;22028,22172
BEILOSX;6702,20786
BEILRRS;5562,7139,7144,20674,20721,21849,22037,22049,22373,22491
BEILRRU;21495,22373,22491
BEILRSS;6133,7274,7439,7451,21444,22371
BEILRST;
BEILRTT;22454
BEILRTU;7017,7143,21679,22264,22426,22454
BEILRTY;5820,7515,7589,7595,22426
BEILRTZ;22252
BEILRUY;6124,7575,7602,22426
BEILRUZ;7375,7611,22452
BEILSSS;7120,7457,7543,7581,7628,21487,21967,22051,22370,22427,22438,22478,22486,22496
BEILSST;22009,22173,22474,22487,22494,22497
BEILSTU;22359,22481,22497
BEILSTW;6047,7547,21388,22420,22440
BEILSTZ;7624
BEILTTU;5608,7535,22454,22465
BEIMMOS;6139,21937,22312,22374,22498
BEIMMRR;
BEIMNOR;1412,7311,21337
BEIMNTU;1386,7378,7548,20693,21501,21589,22227,22228,22408
BEIMOOR;6142,7291,21101,21619
BEIMOOS;22312,22469
BEIMORS;
BEIMORW;21334,22457
BEIMORZ;
BEIMOSS;1236,1363,1413,7382,7645,20986
BEIMOSZ;5611
BEIMOTV;22059,22272
BEIMPRU;22376
BEIMRST;21103,22229,22273,22347,22500,22509
BEIMRSU;22211,22314
BEIMRTU;22054,22186,22264,22426,22454
BEIMRTY;6755,7589,22426,22500,22509
BEIMSST;7443,7525,7642,7646,7648,7649,21686,22503,22509
BEIMSTU;6144,21125,21138,21339,22461,22481
BEINNOP;22501
BEINNOR;6543,21139
BEINNOS;20720,20801,21043,21132,21898,22210,22284,22322
BEINNOZ;
BEINNSU;6126,7562,20801,21069,21132,21133,21140,22040,22066,22482,22514
BEINNSZ;
BEINOOS;7462,7604,7657,21105,22469
BEINOOT;6034,7445,20798,20878,21106,21574,22324,22501
BEINORT;20888,21592,21613,22305
BEINORW;21560
BEINOSS;20802,21105,21117,22275,22327,22331,22378,22464,22520
BEINOST;22215
BEINOSV;7574,22409,22513,22514,22520
BEINOSX;5613,6141,7661
BEINOSZ;5611,6150,7606,22184,22277,22488
BEINOTT;7045,7528,7637,21104,22067,22235,22285,22305,22319,22324
BEINRRS;897,1339,1374,1418,5951,6147,6153,7154,7293,7566,7641,7667,7671,20713,21994,22013,22071,22491,22498
BEINRSU;22155,22187,22211,22281,22314
BEINRSY;7395
BEINRTT;22235,22305
BEINRTU;21032,22054,22231,22334
BEINSSY;20889,22378,22522
BEIOOPT;7424,22501
BEIOORZ;
BEIOOST;6764
BEIOPPR;7676,21145,21612
BEIOPTY;
BEIORRS;20713,21901,21902,22365,22498
BEIORRT;1415,6143,6154,21903,22058,22059,22067,22457,22530
BEIORSS;20608,20802,21147,22275,22320,22331,22520
BEIORST;22229,22347
BEIORSU;5826,6155,6760,7381,7468,7559,21018,21136,21137,21662,21663,21904,22068,22187,22448,22504,22519,22531,22537
BEIORSY;7676,21145,22298,22309,22337,22476
BEIORUV;22333
BEIOSSS;22041,22064,22069,22378,22486
BEIOSSU;7382,20654,21019,21136,21630,21689,21695,21904,22077,22327,22331,22416,22464,22484,22520,22528
BEIOSSW;22028,22172,22383
BEIOSTT;6137,7452,22047
BEIOSTX;7661,22362
BEIOSTY;7609,22489,22524
BEIPPSU;7578
BEIPSST;21697,22458,22494,22509
BEIPSSU;7669,20995,21099,21128,21695,21697,22019,22327,22484
BEIQRTU;1127,7143,22446
BEIQSSU;5614,22495,22528,22532
BEIRRRU;5592,6157,21120,22061,22190,22534
BEIRRSU;1327,6716,6765,7641,7667,20721,21687
BEIRRTU;6616,7654,22190,22334
BEIRSSS;20628,21148,22447,22496,22516,22540
BEIRSST;1129,5953,7167,7648,7649,22072,22509
BEIRSSU;22540
BEIRSTT;
BEIRSTU;7559,7685
BEIRTTU;22454
BEIRTTY;
BEIRTVY;7685
BEIRUZZ;22452
BEISSTU;7669,22497
BEISTTU;1342,21076
BEITTWX;
BEJJSUU;
BEJKOUX;
BEJLMRU;6162
BEJLMSU;
BEJLOSS;20996
BEJORSU;7401,20726,21155,21662,22543
BEKKNOS;
BEKLNRU;6062,7698,21042,21158,22283,22545
BEKLOOT;5686,20880
BEKLRSU;22017
BEKMNOO;
BEKMOSS;5838,22412,22547
BEKMOST;7703,22456
BEKNNOW;7697
BEKNOOT;
BEKNORS;908,6554,6774,22091,22287,22547,22548
BEKNORU;7698,20728,22547,22548
BEKNOST;20728,22548,22549
BEKNRSU;20728,21161,22547,22548
BEKOOPR;7699,21860,22286
BEKOORS;20965,21163,21521,21976,22087,22088
BEKOPRU;21159
BEKORRS;1243,6776,7025,7180,7564,7709,21163,22287,22365
BEKORRY;6557,20966,21701
BEKORWW;
BEKOSST;7708,22338,22546
BEKOTTU;
BEKRRSU;7405
BEKRSSU;7706,21160,22019,22547
BEKSSTU;7294,21000,22338
BELLLMU;
BELLNPU;1444,7052
BELLORR;915,1448,7692,7710,7717
BELLOSU;6177,7695,7718,7720,22194,22551,22555
BELLOSW;1438,21425,22417
BELLOUV;
BELLRRU;6777,7717
BELLRSU;20983,21705,22022,22030,22192,22385,22462,22555
BELLSTU;22194,22551,22555
BELLSUY;1445,7580,7583,7720,7722,20881,22460,22552,22555
BELMMOO;6182,7195,22291
BELMMRU;
BELMMSU;20656,20729,22468
BELMNOS;1450,7726,7727,22099,22260,22469
BELMNOU;21707,21708,21868,21906
BELMNOY;7729,21707
BELMNSU;
BELMOOR;5617,6782,22557
BELMOOS;5618,22469
BELMOOT;21124,21709,22386,22471
BELMOPR;918,5603,7331,7593,7594,7731,22367,22414,22472,22557
BELMORT;7593,7595,21124
BELMOSU;20656,20730,21125,21165,22097,22195,22350,22387,22422,22461,22551,22561
BELMOSY;7712
BELMPRU;7204,22293
BELMRRU;6777,21343
BELMRSU;
BELMRTU;7204,7735,21166,22193,22264,22426,22454
BELMRTY;1432,7589,7595,7735,22426
BELMSTU;7410,20700,20729,21125,22195,22461,22481,22551
BELNNOU;1457,7208,7697,20686,22545
BELNNTU;1457,20686
BELNOOR;6173,7403,21326,21677,22292,22557
BELNOOY;7407
BELNOST;20717,21098,21127,22099,22100,22106,22402,22430,22483,22485,22487,22489
BELNOSZ;22488
BELNOYZ;7728
BELNRTU;21004,21158,21167,21679,21714,22108
BELNSSU;1464,7693,21168
BELNSTU;21713
BELNSYZ;
BELOOPR;6198,7699,22557
BELOORS;7754,21130,22087,22088,22111,22112,22185,22309,22342
BELOOSS;923,6798,20701,21327,22110
BELOPSU;7615,7757,20657,20730,21159,21170,21702,22422,22484,22485,22551,22565
BELORSS;7451,7484,21527,21567,22423,22476,22561
BELORST;
BELORSU;20804,21159,22097,22112,22561,22565
BELORSW;1471,7304,7701,21912
BELORSY;1459,5693,7483,7739,21982,22088,22304,22309,22555
BELORTT;6799
BELORTU;7486
BELOSSU;20701,21165,21567,22484,22561
BELOSSW;7303,22172,22341
BELOSTT;7452,7482,7756,21065,21530,22047,22106,22113,22194,22560
BELOSTU;22047,22113,22194,22350,22461,22485,22551
BELOSWZ;22488
BELRRSU;21131,21526,21528,22117,22491
BELRRTU;
BELRSTU;
BELRSUU;6205,7229,20893,21008,21683,21711,22192,22373,22565,22568
BELRSUY;6197,7230,7270,21008
BELRTUY;6805,7216,21167,21706,22426
BELSSTU;22497
BELSTTU;22194,22568
BELSTUU;20700,20729,21172,22481,22497
BEMMNOS;7723,7771,21937,22121,22123,22124,22312,22374,22498
BEMMOOS;22312,22374
BEMMORR;22125
BEMMRRU;
BEMMRSU;7412,7426,7771,21010,21174
BEMMSTU;7488,20729,21174,21878,22055
BEMNORW;7773,7774,22128
BEMNORY;7233,21949
BEMNOST;22100,22123,22124,22133,22406,22575
BEMNOSU;7771,7772,21132,21175,21177,22547,22574,22575
BEMNOSW;1144,6582,7414,21716,22124,22133,22469
BEMNPTY;
BEMNRSU;1334,5694,6185,7199,7771,21177,21535,21687,22101,22135,22211,22314,22317,22504,22547,22574,22575
BEMNSTU;21537,21878,21950,22571,22575
BEMNSUU;1452,22574,22575
BEMNTTU;21717
BEMOOPR;6209,7731,20708,21134,22367,22472,22557
BEMOORS;7413,7690,7703,22577
BEMORRS;21135
BEMORSS;1146,7404,21087
BEMORST;21103,21137,21174,22136,22229,22347,22575
BEMORSU;21010,21137,21174,21177,21535,21986,22097,22543,22574,22575
BEMORSW;22558
BEMORSY;7777,21986,22576
BEMORUX;
BEMORWW;7774,22128
BEMOTUY;
BEMPRSU;22134,22543,22574
BEMRSTU;1480,5626,7778,21088,21174,22575
BEMSSTU;21950,22569,22571
BEMSSUU;5619,6211,20805,21160,22561
BEMSTUW;21088
BENNORU;6788,7305,7651,21139,21539,21609,22212,22321
BENNORW;22313
BENNORZ;7305
BENNOST;7780,21153,22583
BENNOSU;20801,21132,21140,21153,21344,22066,22090,22284,22321,22322,22514
BENNSSU;6213,7243,7781,21069,21140,22040,22301,22482,22580
BENNSTU;6213,6214,21133,21153,21610,22066,22323,22392,22514,22571
BENOORS;7389,7413,7418,7658,20607,21178,21179,22138,22274,22515
BENOOST;7726,7738,21712,21713,22106,22138,22583
BENOPRR;5990,7659,7705
BENOPRU;7740,7784,21176,22519,22574
BENORRW;7245,7705,7773,7785,7786,21724,21728
BENORRZ;
BENORST;20997
BENORSU;7771,22187
BENORSZ;22184,22277
BENORWY;7786,21939,22330
BENOSSU;22160,22327,22384,22484
BENOSSW;22341,22395
BENOSTT;21721,21882,22106,22133,22549
BENOSTU;7495,21153,21181,21640,21713,22242,22549
BENOSUX;21083,21727,22160
BENOSUZ;7788
BENOSWY;22524
BENRRSU;5578,7242,7252,7306,7334,7496,7641,7667,7671,20899,21641,21687,21883,22071,22491
BENRSSU;6684,6818,6820,7243,7706,22101,22140
BENRSTU;22587
BENSSTU;7669,7781,21154,22569,22571
BEOORSS;6224,7157,7418,7557,21015,21087,21184,21988,22197,22582,22589
BEOORST;22103,22342,22344,22583
BEOORSZ;6822
BEOORTY;20732,22570
BEOPPRS;1481,7752,21145,22344
BEOPRRS;7776,21180,21183,22365,22527,22576
BEOPRRV;7221,7614,22325
BEOPRST;21155,22326,22344,22466,22475,22515,22519
BEOPSST;22494
BEOPSTU;7615,7784,21141,21155,21170,21181,22329,22396,22485,22519,22551
BEOQSSU;7796,7797,22528
BEOQSTU;22113
BEOQSUY;
BEOQTUU;7741
BEORRSS;20687,21147,21972,22114,22346,22381,22589
BEORRSW;7709,21729
BEORRWY;7786,21701,22330
BEORSST;
BEORSSU;22197,22346,22448,22531,22532,22589
BEORSSW;21990,22197
BEORSTT;20901,21185,21187,21882,22136
BEORSTU;21137,21155,21174,22448,22531,22577,22578
BEORSTV;7677,7679,7794
BEORSTW;1471,6801,7304,7499,7691,7701,7709,7793
BEORSTZ;7236,7788
BEORSUU;6155,7416,21617,22543,22565
BEORSUZ;7788,21705
BEORSVV;
BEORSWY;
BEORUVY;22333
BEOSSST;21188,21730,22578,22585
BEOSSTT;1479,6202,7224,7494,7708,7745,7756,7762,7782,21149,22147,22189,22382,22536,22560,22573
BEOSSTW;7259
BEOSSWY;6692
BEPRRTU;22148,22334
BEPRSUY;20971,21161
BEPRTUY;22148
BEPSTUY;21181
BEQRSUU;22533
BEQSTUY;
BERRRSU;6157,6998,7421,7501,7798,22061,22149
BERRSTU;7252,7306,7405,7496,20972,21883
BERSSTU;
BERSSUU;5629,6017,7262,7503,20805,21160,22083,22142,22540
BERSTTU;20734,20901,21164,21187,21189,22568,22587
BERSTUV;7632,7685,22079,22115,22336
BERSUZZ;
BERTTUY;
BESSSTU;21730,22116,22578,22585
BESSTTU;
BESTTUX;7770
BFFGIIN;
BFFGINO;7806
BFFGINU;
BFFIINS;22158
BFFILOO;
BFFINOS;22158,22592
BFFINOY;
BFFLLUY;
BFFLOOW;
BFFNOOU;22159
BFFORSU;21018
BFFOSUY;
BFGIOOT;22593
BFGIORT;21553
BFGOOSW;
BFHILSU;22595
BFHIOSX;
BFHIRSU;22594
BFHISTU;22176,22595
BFHLSUY;
BFIILMO;6608,22606
BFIILRS;22157,22179,22180,22181,22182,22602,22605,22607
BFIINOR;7821,21345,21558,22166
BFIINRS;22594,22602
BFILMRU;6235,22606
BFILOTY;7823
BFILSUY;7824,22603,22608
BFIMOYZ;22597
BFINNSU;
BFINOSW;
BFIORSS;21732,22611
BFIORSU;21018,21904,22185,22187,22188,22605
BFIRTUY;22190,22598
BFKLOOU;
BFKLOOY;
BFKSSUU;
BFLLOUW;
BFLLOWY;
BFLOSUX;
BFLOSYY;
BFLSTUU;7828
BFOOOTY;
BFOUXZZ;
BGGGIIN;
BGGGINO;22199
BGGGINU;22199,22613
BGGHIIS;22614
BGGHIOS;
BGGIILN;21908
BGGIINN;1160
BGGIINS;7833,20689,22614
BGGIISW;
BGGIITY;
BGGILNO;21192,22209,22621
BGGILNU;22621
BGGINNO;7312,21192,22212
BGGINNU;22212,22618
BGGINOS;1304,1494,7838,22210
BGGINOU;22199,22212,22617,22621
BGGINSU;7000,21573,21575,22211,22620
BGGNOOS;20691
BGGNOSU;
BGHHIOY;
BGHIILS;6838,7842,21740,22220,22614,22625
BGHIINS;6838,7318,7842,20738,21740,22220,22594,22614,22625,22626
BGHILST;6239,20740,21194,21195,21740,22595,22614,22627,22631
BGHILTY;
BGHINOO;6243,7324,7847,20610,20611,21196,22225,22232
BGHINOR;7848
BGHINSU;6629,6839,7839,7846,22236
BGHIPSU;22625
BGHIRST;20744,21918,22229
BGHLRUU;
BGHMORU;
BGHMSUU;22202
BGHNORU;7006,7850,21582
BGHOORU;7809,7854,22244
BGHORSU;6245
BGHORTU;
BGHOSTU;
BGIIKLN;
BGIIKNS;20612,21034
BGIILLN;7831,7860,7861,7863,20747,21745
BGIILMN;1499,21742,21743,22206,22637
BGIILNO;5638,7841,7861,7865,7867,21746,22596,22640,22653
BGIILNR;
BGIILNS;20749,21037,21740,21743,21923,22265,22614,22625,22641,22655
BGIIMNR;21742,22658
BGIIMNU;21199,21589,21751,22645,22646,22659
BGIINNN;21752,22615
BGIINNR;21748,22251,22255
BGIINRR;7348,7877,7878,21591,22223,22279
BGIINRS;22274,22275
BGIINRT;6252
BGIINST;21740,22614
BGIINTT;5479,6252,6846,7879,20613,20690,22622
BGIKLNU;22283,22666
BGIKNNO;7888,21599,21925,22285
BGIKNNU;
BGIKNOO;7883,7887,21203,21599
BGIKNOR;7350,7885,7889
BGIKNRU;6254,7843,7886,7889,21209
BGIKNSU;7843,21757,22284
BGILLNO;7834,7890,7896,7897,20739,21041,21045,21203,22600,22669
BGILLNU;
BGILLPU;
BGILMNO;21046,21929,21930
BGILMNU;21319,22296
BGILMOU;
BGILNOO;7865,7896,21192,21203,21214,22302,22596
BGILNOS;6258
BGILNOT;21929,22640,22653
BGILNOW;7813,7890,7899,7907
BGILNOY;6258,6259,7906,21046,21213,22640
BGILNRU;1316,1508,7886,21585,21604,21605,21748
BGILNRY;1508,7367,7830,7893,7900,22670,22672
BGILNSU;7810
BGILNTU;1486,7858
BGILOOR;21762
BGILOOY;20748,21049,22308,22309
BGILRSU;7374,22299,22311,22671,22682
BGIMMNU;
BGIMNNU;21050,21606,22675,22683,22684
BGIMNOO;7883,7887
BGIMNOR;5547,7311,22259
BGIMNOT;5645,7378,7887,20742,21215,21929,22227,22272,22315
BGIMNOW;
BGIMNPU;22228
BGIMOSY;7903
BGINNOS;7377,7882,21201,22642
BGINNOU;22617
BGINNOW;1514,21047
BGINNRU;21748,22618
BGINNTU;6251,7386,22633
BGINOOS;7918,20741,21214,21216,22690
BGINOOT;21217,22324,22653,22662
BGINOOZ;22662
BGINOPP;7848,21612
BGINOPR;7848,7866,21612,22267,22286
BGINORS;1516,22663
BGINORZ;7878,22662
BGINOSS;7920,21831,21924,22275,22320,22327,22331,22654,22667,22676
BGINOSU;1516,21215,21757,22236,22327,22329,22645,22663
BGINOSW;7882,21216,22689
BGINOSX;7918
BGINOTT;6261,7922,20613,21208,21217,22235,22285,22319,22324
BGINOUY;21213,21763,22333
BGINOWW;
BGINPRU;6843,22334,22618
BGINRRU;5636,7850,7921,22334
BGINRSU;1511,1516,7021,7395,21320,21615,22155,22211
BGINRTU;22334
BGINRUX;
BGINRUY;1508,22670,22672
BGINSSU;7874,21211,22327,22650,22654
BGINSTU;20904,21040,21215,22156,22236,22318,22329
BGINSUY;7395,7839,20753
BGINSWY;21216
BGINTTU;21208,22318,22659
BGINUZZ;22296
BGIORSU;1516,7381,21767,21944,22337,22663,22680,22682
BGIORTY;1512
BGIOSSS;1519
BGIUWZZ;
BGKLOOO;
BGKORSY;
BGLMOOS;21212
BGLMRUY;22670
BGLNOOS;20741,21214,22302
BGLNOOW;7928,22339
BGLNOUW;
BGLOOSU;20701,21214,21323,22635
BGLOSSU;20701,22654
BGLOSUY;7903,22635
BGLRSUU;1520,22671,22682
BGMOORS;21212,22213,22297,22651
BGMOOTU;
BGMSSUU;
BGNOOWY;
BGNOSSU;22327,22331,22654
BGOORSU;21219,21450
BGORTUU;22688
BGORTUW;
BGOSSUW;
BGOSTUU;22242
BHHIIST;
BHHIKSU;22693
BHIIINN;7840,22624,22696
BHIIINT;6837,6857,7840,21193,21222,22217,22354,22355,22624,22696
BHIINRS;20735,20738,21225,22356,22594,22626,22697
BHIIPSS;21226,21227
BHIISST;7942,7947,21773
BHIKLOS;22627
BHIKOOS;22627
BHIKSSU;1526,22705
BHILLOY;20739
BHILLSU;22224,22630
BHILOTU;5703,7957
BHILPSU;7446,7455,22359,22625
BHILSUY;22630
BHIMOOR;21231,21232,22709
BHIMOOS;7961
BHIMOPR;22376
BHIMOPS;7440,7943,7961
BHIMORT;6050,21231,21232,22229,22709
BHIMORU;22376
BHIMSTU;22631
BHINRSU;7963
BHIOOPR;955,5704,5858,7965,21235
BHIOORS;20906,22380,22709,22712
BHIOOST;6279,7945,7954,22232,22380,22627,22709,22712
BHIOPPS;
BHIOPSS;6864,21226,21227,21229,21971,22369
BHIOPST;7450,7945,7956
BHIOSWZ;22383
BHIRSTU;7963,20960,21077,21628
BHIRTTU;22708
BHISTTU;1342,21076
BHKNOSU;20907
BHLOSTU;22350
BHLOSUW;21240
BHLRSUU;22373
BHMOORS;22709
BHMORSU;21986
BHMUUZZ;
BHNOTUW;22633
BHOOOOS;21238,22719
BHOOPST;7945,20758,22396,22634
BHOOPSY;7961,22241,22353,22635
BHOOSTW;
BHOOSWX;
BHORSST;22380,22381,22382,22391,22393,22709,22714
BHPRSUU;
BIIIKNS;
BIIIMNS;7857,20746,21743,21744,21921,22406,22407,22637,22638,22642
BIIKLOT;
BIIKNRU;
BIILLMS;6295,7991,22637,22701
BIILLNO;7512,7990,7993,21645,22415
BIILLOU;22415,22730
BIILLTW;
BIILNNR;21748,22251,22255
BIILNQU;22403
BIILNTU;1358,7284,7535,7858,7989,22403,22415
BIILNVY;
BIILOSU;5710,21249,21783,22422,22432
BIILRSY;7533,8016,22425,22435,22607,22720,22728
BIILSTW;7547,22420
BIILSVY;22721,22728
BIILTTY;972,1561,1566,1567,6270,6305,7536,8005,8010,8011,8013
BIIMNOU;6874,22646
BIIMNSU;7520,7991,7998,21751,22407,22659,22699,22700
BIIMOSS;1363,1568,6306,6875,8000,22652,22731,22732,22733,22734
BIIMOSZ;
BIIMPRS;6884,22000
BIIMSTU;8021,8023,22407,22659,22700,22735
BIINORV;7821
BIINOST;7870,7944,7985,8026,8027,22661,22697,22702,22727,22735
BIINOSU;21783,22647,22654,22663,22727
BIIORSV;8020,21477,22728
BIIOSUV;
BIIRSTU;1366,7559,8021,8023,8029,20812,21093,21659
BIISSTV;
BIISTTT;
BIJNOSU;21113,22645,22647
BIKLLUY;
BIKLNOT;
BIKLNOY;
BIKLRSY;5711
BIKMNOO;7883,7887
BIKMNPU;
BIKMNSU;21207,21757
BIKMOSS;6888,21258,22412
BIKNSSU;21789,22705,22726
BIKORRW;21601,22457,22628
BIKSUUZ;
BILLNOS;142,5640,6116,7573,7574,7898,8035,8037,8039,21346,21666,22288,22669
BILLNOU;6117,8038,22415,22740
BILLOOY;20748,20764
BILLOPX;
BILLORS;5552,6890,8040,21352,22605,22728,22738,22741
BILLOSW;1588,22028,22288,22417,22649
BILLOSY;6326,8039,20813,21352,22669,22728
BILLOUV;22730
BILLOWY;21668,22600
BILLRUY;1585,7575,7580,21790,22670
BILLRWY;7900,21668
BILMNOR;21793,22740
BILMOSU;21260,22422,22741
BILMPUY;
BILMRSU;6327,22671,22741
BILMRTU;987,22264,22426,22454
BILMSUU;8042,21260,22481,22671,22747
BILNNOY;8052,21213
BILNOTU;22415,22743,22745,22750
BILNTUU;1599,7910,8055,21129,21679,22621,22666
BILOOPT;7953,21786,22653
BILOOYZ;
BILOPSU;7615,8046,22422,22484,22485,22751
BILORST;21795
BILOSSU;8047,8054,8060,8061,20915,22464,22484
BILOSSY;20757,21794
BILOSTX;
BILPTUU;
BILRSTY;7955,8016,21795,22681,22720
BILRTTY;1566
BILRTUY;1603,22426
BIMMOOS;22312,22374,22657
BIMMORS;6139,22498
BIMNOOY;7960,21775
BIMNORS;8068,8069,20766,21354,22753
BIMNORW;
BIMNOSS;1413,1568,1591,6306,8000,21265,21685,21686,22502,22503,22676,22732,22733,22734,22754
BIMNOST;1414,5610,5645,6260,6899,8068,8069,21215,21263,22406,22685,22735,22747,22753
BIMNOSU;20766,21132,21215,21263,22683,22747
BIMNOSY;21123,22360
BIMOSSS;8019,22734,22746
BIMOSTW;
BIMOSTY;6332,22694
BIMRSTU;8021,21266
BIMRSUX;
BIMSSSU;6902,8070,21654,22427,22442,22443,22505,22734
BIMSSTU;6344,8051,22754
BINNOSU;20801,21132,21140,22066,22514,22756
BINOORS;20766,22274,22690,22757
BINOORT;21261,22662,22743
BINOOST;21263,21264
BINOOSU;6900,8053,20766,21214,21263,22592,22683,22756,22757
BINORST;21225,21777,21795,22697,22711
BINORSU;1516,6760,6893,20766,21354,21627,21662,21767,22068,22187,22519,22663,22680,22757
BINORUW;22684
BINOSSS;6311,7608,8075,21143,21267,22041,22064,22069,22378,22486,22505,22734,22736,22759
BINOSST;21253,21255,22733,22754
BINPSUY;
BINRSTU;
BINRTUY;22598
BINSTTU;6907,8071,8077,8078,22655,22659
BINSTUU;21768,22521,22692,22725,22735
BIOOORS;
BIOORSZ;
BIOOSST;8073,8075,21258,21732,22656,22733,22760
BIOOSUV;22756
BIOPRST;1601,7660,7677,8072,8076,21254,22326,22466,22475,22492,22515,22519,22751
BIOPRTY;7823,7966,8012,21236
BIORRTU;6339,6348,7921,8014,8080
BIORRTW;22457,22628
BIORSST;21732,21797,22604,22760
BIORSTT;22712,22713,22753
BIORSUU;6155,8060,22533,22663,22682,22760
BIORTTU;7922,8074,8080,21796,22534
BIOSTUW;22689
BIRSTTU;1609,6907,8071,8078
BISSSTU;6909,8070,21267,21269,22664
BISSTTU;22726,22754
BISTUUU;22737
BJMOOSU;
BJNOORU;8032
BJNOSTU;20726,21113,21153
BKLNUUY;
BKLOTUU;22666
BKMNSUU;21207
BKNNOOO;21798
BKNOOTW;
BKNORSY;
BKOOOOS;21238
BKOORWX;
BKORSWY;
BKRSTUU;20920,21164
BLLNTUY;8031,22674
BLLOOOS;20823,22717
BLLOSUU;7827,22467,22552,22766
BLLOSUY;6358,7720,7826,7827,8090,22552,22555,22766
BLLOUVY;6358,22730
BLMMPUU;
BLMNPUU;22675
BLMOOOT;1015,22471
BLMOORW;
BLMOOSS;1618,7929,8085,8088,22652,22676
BLMOSSY;22731
BLMOUXY;
BLMRSUY;21273
BLMSTUY;
BLNNOUW;7697,8086
BLNOORW;22562
BLNOOSS;7929,22676,22742
BLNOOSU;8053,21214,21713
BLNOPUW;
BLNORSY;1459,1617,7739,20767,21795,22304
BLNOSTU;20767,21713
BLOOOTX;
BLOOPTX;
BLOOPWY;
BLOOQUY;
BLOORWW;
BLOOSWY;
BLOOTUW;21704,22765
BLOPSTU;7615,8046,8095,21170,22485,22551,22751
BLOPSUW;21240
BLORSTU;1489,1619,1624,8097,22680,22751
BLOSSTU;8054,20638,21799
BLRTUYY;
BMNNTUU;
BMNOOOW;
BMNOOSU;6900,20766,21175,21263,21804,22683
BMNORUW;22684
BMNOSTU;7772,8069,21215,21263,21804,22575,22735,22747
BMOOORX;
BMOORSY;8100,22576
BMOOSTT;8099,8100,21242,22560,22685,22753,22769
BMOOSTY;7970,8100,21264
BMORSST;8098,21797
BMORSUU;7416,22543,22574,22575,22763
BNNRSUU;22686
BNNRTUU;7737,21723,22688
BNOOSST;6910,7782,8073,8075,21720,21738,22573,22733
BNOOSTU;8053,8102,8103,21219,21263,21713,21804
BNOOTTY;20732,21217
BNORSSU;6370,8091,21807
BNORSTU;8102,8103,21219,21239,22680,22687
BNORSUU;7975,22663
BNORTUU;22688
BNOSSUW;21807
BNOSTTU;7495,8077,8104,20759,21721,22523,22549
BNOTTUY;8056
BNSTUUU;
BOOOPRX;
BOOPSTW;7793
BOOPSTX;
BOOPSTY;
BOORRSW;6439,6908,21184,21693,21729,22581,22690
BOORRTY;1622,6920
BOOSTUW;
BOOSWWW;
BOPSSTU;7933
BORRSUW;7829
BORSSTW;21807,22691,22714
BORSTTU;1624,7817,8106
BORSTUU;20921,20922,22760
BORSTXY;
BOSTUUY;22766
BPRSTUU;20922,21189,22692
CCCDIOO;22777
CCCDIOS;8112
CCCNOOT;22798,22799,22806,22821
CCCOOSU;22797,22807
CCDEEER;22831
CCDEEHK;8174,22845
CCDEEIM;8179,22853,22859,22863
CCDEEIO;20773,22825,22839,22844,22859,22861,22863
CCDEEIR;5658,8156,8170,8179,8182,22825,22844,22852,22853,22856,22857,22863,22865
CCDEEIS;8178,8181
CCDEEKL;22858,22866
CCDEENO;22839,22861,22868
CCDEENY;8190,20774,22826,22834,22838,22849,22861,22871
CCDEEOR;8185,20772,22825,22863,22865,22873
CCDEEPS;8187,8196
CCDEESU;1648,8181,22841,22847,22874
CCDEFLO;22876
CCDEHIL;
CCDEHIN;22832
CCDEHKO;22845
CCDEHKU;
CCDEHNO;1653,8176,8206,8207,22849,22882,22884
CCDEHOU;8208,22878
CCDEHTW;
CCDEIIL;8159,8178,8210,8211,22852,22879,22887,22888,22891
CCDEIIT;8215,8219,22886,22888,22895
CCDEIKL;8221,8222,20776,22858,22891,22899,22900
CCDEIKR;8223,22858
CCDEILR;8231,22852,22858,22879,22882
CCDEIMO;8233,8234,22859,22863,22903
CCDEIOS;1662,8161,8240,8244,22904,22913
CCDEIOT;8215,8222,8244,20773,22886,22903
CCDEKLO;8222,20776,22774,22866,22899,22900
CCDEKLU;22899,22900
CCDEKOR;
CCDELOU;22900
CCDENOO;8160,8207,8226,8236,8253,22868,22906,22915
CCDENOS;8201,8249
CCDENOU;22908
CCDEOST;
CCDHIIL;1674
CCDIILO;8276,8279,8280,22777
CCDIILU;
CCDIIOR;22894
CCDILOY;22775,22861,22893,22928
CCDILYY;
CCDKLOU;22900,22926
CCDNOOR;8207,22929
CCDNOTU;
CCEEGNO;22988
CCEEHIK;22942
CCEEHIV;
CCEEHKR;22779,22845
CCEEHOR;8176,8334,22845
CCEEHOU;22989
CCEEHRS;8319,8322,8323,22983,22995,22998
CCEEILN;8339,23020,23022
CCEEILS;20786,22862,22994,22995
CCEEINR;8319,8347,22955,23013,23037,23038,23039,23052
CCEEINS;1689,8117,8310,8319,8347,20785,22780,22782,22956,22961,22983,22991,22993,23032,23038,23051,23052,23053
CCEEIOR;8337,22825,22844,22865
CCEEIRS;5670,8316,8319,8321,8323,8347,8351,22782,22952,22983,22993,22995,22998,23009,23038,23052,23053
CCEEIRV;
CCEEKOY;8355,23060
CCEELNU;8186,8339,8364,8365,22846,22980,23022,23065,23067
CCEELRY;5671,23027,23064,23066
CCEENRY;20790,22834,22871,23013,23066,23078
CCEEORR;8334,8377,22785,22873,23023,23057,23077
CCEEORS;8358,8359,22973
CCEEORT;22825,22976,23057,23064,23079
CCEERSY;5664,5673
CCEFHRU;
CCEFNOT;23093
CCEGINY;8424,23095
CCEGNOY;23095,23130
CCEHHIS;23133
CCEHIKN;
CCEHIKO;23155,23156
CCEHIKU;23103
CCEHILS;20791,22994,23150,23151
CCEHILU;
CCEHIMS;22994,23102,23154,23166
CCEHINO;22787,22982,23100,23144,23155,23156
CCEHINS;22832,22983,23101
CCEHINT;22982,22992,23104,23155
CCEHINZ;
CCEHIOR;23082,23142
CCEHIOS;20791,23166
CCEHIRS;1713,1715,1716,8322,8323,8449,8451,22952,22983,22993,22995,22998,23101,23133,23149,23151
CCEHIST;8392,22998,23133,23148,23149,23154
CCEHKLU;
CCEHKMS;8327,8328,8476,23102,23176
CCEHKNU;23103
CCEHKOR;8119
CCEHKPU;22989
CCEHKRU;
CCEHLOS;20791,23003,23135,23150,23162,23173
CCEHLRU;5677
CCEHLSU;8485
CCEHNOS;8409,8492,20795,22849,22884,22953,23173,23177
CCEHOOS;8496,20794,23134,23150
CCEHORS;
CCEHORT;8126,23183,23190
CCEHORU;8127,23096,23187,23190
CCEHOSS;22996,23004,23143,23166,23175,23186
CCEHOSU;8434,8485,8497,8499,23135,23191
CCEHRSU;1719
CCEHSTU;23007,23148,23191
CCEHSTW;8177,8473
CCEIILS;1726,8502,8505,8509,8510,22891,23210
CCEIIMS;8502,8511,8512,20796,22792,23009,23011,23213,23214,23217
CCEIIPS;1728,8519,22855,23011,23014,23148,23206,23217,23225,23226
CCEIIRT;8436,22990,23106,23197,23208,23219,23228
CCEIIST;20797,23083,23141,23147,23148,23198,23213,23217
CCEIKLR;
CCEIKLT;23105,23233
CCEIKOR;8130,8337
CCEIKOS;22899,23084,23232,23234
CCEIKRT;8130,8223,23106
CCEIKRY;
CCEILMO;8340,8399,8537,8542,8543,23207,23208,23239,23240,23241
CCEILNU;8225,8339,8533,20777,23022,23090,23160,23244
CCEILOT;8227,8340,8418,8540,8541,8543,8549,8553,20773,22876,22886,23019,23021,23025,23112,23205,23208,23212,23238,23241
CCEILRR;8506,8550,23108,23161,23164
CCEILRS;1734,8203,8449,8451,8505,8542,8551,22901,22995,23009,23240
CCEILRT;23208,23211
CCEILSU;22899,23236,23240,23242
CCEILSY;8405,8534,22994,23232
CCEILTU;23237
CCEILYZ;
CCEIMNO;8454,8539,8556,8557,23116,23117,23119,23207,23213,23234,23239,23253,23254,23255
CCEIMOS;22904,23119,23166,23214,23234,23240,23258,23259
CCEIMOT;8233,8340,8540,8541,22789,22903,23208,23241
CCEIMST;1735,8511,8512,23011,23141,23154,23217
CCEINOR;
CCEINOS;20785,22797,23084,23234,23244,23274
CCEINOT;22798,23033,23036,23050,23109,23111,23112,23122,23125,23221,23238,23265,23272
CCEINRT;23038,23106,23197,23222
CCEINSS;8239,8565,8572,8573,23220,23223
CCEIOPP;8549,23231
CCEIOPT;8215,8541,8549,8577,23231
CCEIORS;1713,8449,8517,8542,8575,20799,22901,22904,22913,23214,23225,23240,23258
CCEIORT;1636,8130,8580,23057,23208,23211,23228
CCEIOSS;8244,8517,8581,8582,22964,23054,23166,23172
CCEIPST;1728,22914,23011,23148
CCEIRST;1749,5670,8585,22782,22962,22998,23038,23053,23133
CCEISSU;8350,8400,8572,8582,20789,23058,23220,23223,23248,23280,23281,23285
CCEJNOT;1663,23059,23111
CCEKLOR;8588,22803
CCEKLOS;5687,8120,8354,8527,20803,22899,23135,23150,23173,23205,23232
CCEKLRU;
CCEKNOT;23155
CCEKNOY;22915,23290
CCEKOPS;
CCEKOPT;23155,23231
CCEKORS;23286
CCEKORT;8130
CCEKOST;8354,8432,23136
CCELLOT;1691,1756,8403,23019,23093,23112,23238
CCELNOY;8596,8598,22826,22861,23066,23095,23299
CCELNUY;8599,22804,23299,23301
CCELPUY;23299
CCELRSY;23288
CCELRYY;23297
CCENNOR;8421,8561,8562,8603,22796,22894,22948,22984,22988,23120,23123,23124,23130,23219,23290,23311,23314
CCENNOT;1738,8423,8562,22796,22895,22985,23033,23036,23081,23092,23109,23111,23122,23123,23125,23218,23219,23265,23266,23268,23272,23314
CCENOPT;8595,8597,8616,22971,23073,23077,23317
CCENORT;
CCENORW;23041,23124,23187
CCENOSS;8254,8492,8612,20795,22870,23184,23186,23188,23298,23300,23318,23320,23323
CCENOTV;22798,23036,23042,23050,23125,23221,23272
CCEOOTT;23284
CCEOPRT;23077,23317
CCEORRT;22912,23057,23077,23262
CCEORRU;8615,22785,23096,23215
CCEORSS;8254,8258,8517,8568,8612,8621,20802,22870,23054,23247
CCEORTW;8126
CCEOSSU;23186,23248,23281,23298,23329
CCERTUW;
CCESSSU;23058
CCFIRUY;23333
CCFLOSU;
CCGHINO;22982,23100,23104
CCGIINS;8642,8646,23101,23347,23372
CCGIINT;23105,23106,23109,23347,23360,23361,23364,23370,23371
CCGIKNO;8412,23361
CCGIKNU;
CCGILNY;8626,23363,23364
CCGKOOR;
CCHHIIS;8673,8675
CCHHIIT;
CCHHILS;8673
CCHHINY;
CCHHOOS;23134
CCHHRUY;
CCHIIST;22991,23141,23147,23148,23149,23347,23391,23402,23404
CCHIKMS;8691,23102,23154,23349
CCHIKOS;22809,23332,23405
CCHIKST;5701,5702,8691,23332,23405
CCHILOR;23393,23408
CCHIMOR;23082,23142,23335,23409,23410
CCHIMSY;22994,23166,23399
CCHINOR;1795,8645,8712,20808,22933,23335,23400,23409
CCHINOS;22809,23334,23395
CCHINSU;8652,23160,23344,23348,23349
CCHIORY;1776,8466,8709,23158,23393,23400,23401,23408,23410,23413,23418
CCHIOST;22813,23332,23405,23407,23417,23418
CCHIOTW;
CCHIPSU;23148
CCHIPSY;
CCHIPUY;
CCHIRST;1790,1801,1802,8651,8690,8705,22998,23133,23149,23169,23347,23356,23391,23417,23418
CCHKLOS;23135,23150,23173,23405
CCHKMOS;8718,23176
CCHKMSU;23349
CCHKOOS;8722,20794,22934,23134,23150
CCHKOSY;20775,23157
CCHKPUU;23350
CCHKSTU;
CCHLSTU;
CCHLTUY;
CCHNOOS;23177,23334,23411,23419
CCHNRSU;8652,23344,23356
CCHNRUY;23390
CCHOORS;8496,8628,8722,23353,23411,23415
CCHOOST;22813,23354,23419
CCHOSTU;1809,8497,8498,8499,23007,23191,23417
CCIIILS;8681,8731
CCIILNO;20810,23392,23427,23428,23429
CCIILNS;1726,8502,8505,8731,23210,23431
CCIILOT;8143,8682,8740,8742,22886,23205,23212,23394
CCIILPR;1813,22791,23393
CCIILST;5708,8681,8751,22815,23431,23435,23436
CCIINPS;23085,23206,23372,23442
CCIIRST;1790,8275,22815,22935,23347,23391,23434,23435,23436
CCIIRTU;23360,23371
CCIISTY;8770,22793,22815,23402,23404,23431,23436
CCIKLOW;
CCIKLOY;23233
CCIKOPT;23155,23231,23447
CCILNOO;8226,8267,8279,8287,8538,8661,8700,8787,20810,23113,23238,23392,23428
CCILNOU;8781,20777,22892,23022,23090,23451
CCILNSY;8534,8794,23210,23458
CCILOOP;22777,23159,23163,23408,23432,23450,23459,23461
CCILSTY;8705,22815,22820,23243,23431,23436,23453,23462
CCIMNOU;8781,8804,22936,23239,23252,23451
CCIMOTY;8635,8740,22789,22816,22819,23241,23410,23430
CCINOOT;20798,22798,22799,22806,22821,22937,23092,23238,23265,23268,23272,23340,23441,23447
CCINORY;5713,5718,8669,8743,23277,23400
CCINOTV;1842,22798,23036,23042,23050,23125,23221,23272,23370,23441
CCIOORS;5719,8575,8746,22901,22904,22913,22935,23214,23258,23353,23376,23385,23411,23415,23442,23456,23465,23472
CCIOPTU;8577,8667,8810,23447
CCIORSS;8164,8517,8568,8765,8786,20802,23054,23172,23247,23355,23417,23446,23469,23475
CCIOSTT;23056,23405,23418
CCIPRTY;8292,23401,23461,23473,23474
CCIRSUY;23378
CCKMOOS;22938,23176
CCKMOSU;22938
CCKNOSU;5724
CCKOOSU;22934,22938,23482
CCKOPSU;
CCKOSTU;5724,5725,23482
CCLMSUU;
CCLOOOZ;
CCLOPSY;23462,23486
CCLOSTU;1834,8601,8792,8826,22917,23069,23300
CCMOOOR;8725,23409
CCNOOOS;22807,22823,23274,23379,23380
CCNOOPU;8809,8810,23317,23447
CCNOOTU;22937,23317,23340,23447
CCNOPUY;23299
CCNORSU;23185,23312,23412
CCNOSSU;23186,23188,23281,23298,23300,23318,23320,23323,23382,23470,23488
CCOOORS;8628,22823,23415,23460,23472
CCORSSU;
CCORSUU;8624,8819,23305,23307,23383,23444,23445
CCORSUY;1868,20815,23288,23378,23485
CCOSSTU;23452,23463
CCOSSUU;23470
CCSSSUU;8828,23384,23470
CDDDEEI;
CDDDEEO;8844
CDDDEEU;
CDDDELO;8844
CDDDELU;
CDDDERU;
CDDDESU;23493
CDDEEER;8855,23496,23498,23508,23517,23518
CDDEEES;23497,23502
CDDEEII;8866,8867,23520,23521,23524,23530
CDDEEIN;8155,20818,23503,23520,23525,23526,23529,23531
CDDEEIR;8856,8860,23521
CDDEEIS;23493,23525,23526,23539
CDDEEIX;
CDDEEKL;8844,23522
CDDEEKO;8844
CDDEENO;23509,23513,23534,23549
CDDEENS;20818,23493,23525
CDDEENU;8875,8878,8880,8881,8883,8884,23505,23510,23516,23547,23549
CDDEEOR;8864,22825,23498,23509,23534
CDDEEOS;23528,23539,23550,23553
CDDEEOY;22826,23540
CDDEERU;8855,8875,8878,8883,23519,23548,23554,23556
CDDEESU;1879,8880,8885,23493,23519,23539,23551,23553,23555,23556
CDDEEUW;
CDDEHIL;23563
CDDEHIN;1882,8897,8898,8899,20818,23527,23564
CDDEHIT;8898,8900
CDDEHNU;8886,23564
CDDEHOR;8864,23563
CDDEHOU;8889,23565,23567
CDDEHRU;
CDDEIIS;8896,23569
CDDEINU;23505,23558,23582
CDDEIOS;8161,8896,8919,8920,23494,23529,23535,23539,23542,23565,23573,23580,23583
CDDEISU;23493,23539,23578,23583
CDDELOR;23509
CDDELOS;23494,23528,23585,23586
CDDELOU;8911,23546,23548,23586
CDDELRU;23548
CDDELSU;23586
CDDENOU;23558
CDDENSU;8880,8936,8937,8938,23493,23551,23583
CDDEORS;8158,8920,8935,8936,8942,23559,23580
CDDEORW;
CDDERSU;23519,23555,23556
CDDESTU;1879,8885,8922,8938,23555,23556,23583,23586
CDDGINO;8946,23594
CDDHIOR;8943,23563
CDDIIIO;
CDDIIKN;
CDDIIOP;8952
CDDIIOS;8896,8950,8951,8952,8953,23529,23594
CDDIIOY;23598
CDDIIRU;
CDDIKOP;8946
CDDINSU;8955,8959,23493,23537,23583
CDDIORS;8920,8956,8958,23535,23542,23559,23573,23580,23592,23594
CDDKOPU;
CDDKORU;
CDEEEFL;715,8967,20825,22831,23617,23618
CDEEEFN;5738,8968,8969,22830,23601,23615,23621
CDEEEHK;23616,23629
CDEEEHL;8973,8975,23630
CDEEEHP;22833,23627,23628
CDEEEHR;23501,23616,23627,23628,23632,23633
CDEEEHS;5739,8165,8963,22832,23630
CDEEEIP;20829,23501,23617,23628,23642
CDEEEIV;5740,23642
CDEEEJT;
CDEEEKL;20834
CDEEELP;5742,8973,8983,8987,20829,20834,23617,23642,23676
CDEEELR;5736,5742,5743,8166,22831,23646
CDEEELT;5741,5743,8985,20825,20829,20830,23507,23618,23646,23672,23673,23679
CDEEEPR;5742,8983,8987,22829,22833,22834,23627,23628
CDEEERR;23506,23517,23602,23611,23622,23628,23636
CDEEERS;23623
CDEEERT;5743,8846,23506,23636,23646
CDEEESS;23638,23684
CDEEESX;
CDEEFFH;
CDEEFHL;9009
CDEEFHT;23704,23705
CDEEFII;9010,22830,22838,23520,23521
CDEEFKL;9009,23522,23722
CDEEFLT;9005,9006,20825,23618,23727
CDEEFOR;
CDEEFST;9018,9020,9023,23620,23719
CDEEGIR;9038
CDEEGKT;
CDEEGNO;1917
CDEEGOO;
CDEEHIP;
CDEEHIS;9054,9059,20836,20837,22832,23755,23763,23769
CDEEHIT;8173,23706,23754,23761,23764
CDEEHIV;
CDEEHKL;9066,23775,23776
CDEEHLP;
CDEEHLT;22824,22847,23754,23761,23787
CDEEHLW;23787
CDEEHMS;1910,9056,9059,20837,20841,22848,23703,23789
CDEEHNW;
CDEEHOR;8176,8864,9076,9082,9083,20844,22845,23757,23788
CDEEHPR;22833,23788
CDEEHRS;20836,20837,23779
CDEEHRT;23629,23706,23779
CDEEHRU;20844,23779
CDEEHST;20840,20841,22847,23789,23794,23795
CDEEHTT;5757,8975,9074,9075,9085,22850,23754
CDEEHTW;5750,5757
CDEEIIT;8866,8867,9096,22851,23818,23823
CDEEILN;5759,23850
CDEEILP;9125,9127,9128,20829,23617,23642,23845
CDEEILS;1914,8178,8970,9030,9036,9090,9105,9123,22862,23796,23803
CDEEIMN;9039,9060,9133,23647,23648,23867,23871
CDEEIMS;9056,23880
CDEEINO;22839,22861,23647,23850,23851,23854,23871,23883
CDEEINR;23701,23884
CDEEINS;9159,9160,20818,20838,20853,23493,23531,23663,23769,23799,23816
CDEEINT;8155,9133,9136,9160,23663
CDEEINV;23741,23749,23799,23816,23887,23894
CDEEIOS;9105,9161,23539,23909,23914,23916,23918
CDEEIOV;9124,23642,23883
CDEEIPR;9010,22856
CDEEIPT;1928,9128,20829,22851,23761
CDEEIRR;23718,23877,23879,23902
CDEEIRS;23711,23756,23763,23881,23884
CDEEIRT;5658,5769,8179,9140,9162,9163,22863,23744,23764,23917
CDEEIST;23620,23655,23663,23669,23880,23918
CDEEISV;
CDEEISX;8184,9166,9169
CDEEITV;1931,8867,9096,9110,9162,9174,23831,23832,23912,23915,23917
CDEEITX;8184,9128,9163,9164,9169,9175,9179,23665,23823
CDEEJNO;23833
CDEEJST;9100,23834
CDEEKKL;1933
CDEEKLR;22858
CDEEKLS;9066,20858,23775,23776
CDEEKNR;
CDEEKNS;23930
CDEEKOS;20858,23775,23776,23837
CDEEKPS;9103,23837,23838
CDEEKRS;23629,23776
CDEEKRT;23629
CDEEKRW;1934
CDEELMM;
CDEELOS;9036,9048,9105,9123,20858,22862,23528,23775,23953,23956
CDEELPU;
CDEELPY;8188,9125,9215,23722,23727,23851,23861,23943
CDEELRU;9198,23548,23729,23947,23954
CDEELSU;9048,9188,9201,23675,23729,23940,23942
CDEELUX;5773,9217,20847
CDEENOR;8864,9076,9223,23691,23788
CDEENOS;
CDEENOZ;23747,23850,23871,23888,23893,23899
CDEENRS;23804,23884
CDEENRT;23538,23715,23744,23857,23932
CDEENST;5781,9020,23675,23683,23942
CDEEOOY;23943,23955,23993
CDEEOPR;9076,9082,9184,9208,9209,9227,9232,9233,9248
CDEEORS;9225,23865
CDEEORV;9083,9253,23686,23691,23992
CDEEORW;9253,23992
CDEEORY;9248,23691
CDEEOST;23712,23758,23789,23817,23909,23993
CDEEOSX;23993
CDEEOTV;23898
CDEEPST;23676
CDEERRU;5783,9170,9226,22871,23879
CDEERSS;23707,23999
CDEERST;23779
CDEERSU;9225,9249,22874,23555,23794,23998
CDEERSW;1947,9260,23661,23884
CDEERTU;5783,9022,9226,9250,9258,23613,23700,23969,23998
CDEERUV;
CDEESSU;
CDEESSY;23684,23880
CDEESTT;8991,9053,23669
CDEESUX;
CDEFFHU;23557
CDEFFIL;24004
CDEFFIO;9264
CDEFFLO;8888,9268
CDEFFLU;9262,24001,24004
CDEFFOS;8888,9268,9269,9270
CDEFFSU;9270
CDEFHIL;9009
CDEFHIN;9263
CDEFHMO;
CDEFHOO;
CDEFIIT;9264,9286,24003
CDEFIKL;9009,9289,20863,23522
CDEFILT;8198,9289,9291,20825,22876,23618
CDEFINO;22875,22876
CDEFKLO;9302,23721
CDEFKOR;24007
CDEFNOR;24029
CDEFNTU;23615,23717,23720
CDEFORT;24029,24034
CDEFOSU;5789,9270,9272,9278
CDEFRTU;24003,24034,24036
CDEFSUU;9307,24036
CDEGGHU;
CDEGGLO;5790
CDEGGOR;
CDEGGOS;9310
CDEGGSU;24038
CDEGHLU;24041
CDEGHOU;20865,22878,24041
CDEGIIN;9032,9322,9324,9325,9326,9327,9330,9331,20866,24048,24060,24062,24064,24065
CDEGIKN;24049
CDEGILN;20867,23702,23740,23741,24068,24070,24071,24072
CDEGILU;9336,20867,23740,23741,24041,24070,24071
CDEGINO;9331,20865,20867,24073,24090
CDEGINR;1880,20866,24060,24064
CDEGINU;20865,20867,23740,23741,24059,24070,24071,24086,24090
CDEGIOR;9328,9347,23561,24066,24079,24095
CDEGKOR;23561
CDEGKOU;
CDEGKUW;
CDEGLSU;
CDEGNSU;9357,9358
CDEGOOS;8894,9338,24077,24078
CDEGORS;23746,23751,24091
CDEGOSU;5792,9051,9272,9357,9358,24009
CDEGSUW;
CDEHHIL;
CDEHHIT;24099,24100
CDEHHNU;22880
CDEHHOT;9364,9366
CDEHHTU;
CDEHIIL;5795,23754,24114
CDEHIIV;
CDEHIKN;8897,24123
CDEHIKO;24123
CDEHIKR;23616
CDEHIKT;24099,24123
CDEHILL;23760,24041
CDEHILO;9378,23761,24041,24126,24130
CDEHILP;9369,9381,24109,24110,24114,24127,24130,24131,24132
CDEHILR;23760,24132
CDEHILS;1978,1979,8203,9274,9379,9381,24042
CDEHILT;23754,23761,24108,24114,24129,24130
CDEHIMR;
CDEHIMT;1982,9370,9382,9385,9386,24115,24116
CDEHINN;9371,9388,22881
CDEHINO;1882,9263,9383,20865,22882,24045,24137,24138
CDEHINP;8897,9383,9389,23627,23767,24117,24138,24139,24140,24143
CDEHINS;22832,23755,23763,23769,24042,24043,24133
CDEHINW;1985,8899,9309,9392,24045
CDEHIOR;1986,23756,23757,24045
CDEHIOW;24045
CDEHIPP;9393,24109,24130
CDEHIPR;24100,24131,24132,24134,24138,24143
CDEHIPT;9393,23761,23772,24100,24114,24130,24139,24140,24143,24147
CDEHIQU;
CDEHIRR;9314
CDEHIRS;20836,23756,23763,24043,24122
CDEHIRT;23764,24100,24119,24143
CDEHIST;24039,24107,24115,24120,24129
CDEHISU;23769,24011,24042,24046,24122,24133,24135,24144,24146,24149
CDEHITT;20871,23754,24147
CDEHITW;
CDEHIVV;
CDEHIZZ;
CDEHKLO;23775,23776
CDEHKLU;728
CDEHKNU;23777
CDEHKOO;24106
CDEHKOS;9401,20775,23775,23776,24101
CDEHKOT;24123
CDEHKSU;9402,23779
CDEHKUY;23777
CDEHLMU;
CDEHLNU;20839,22846,22883,23630,23781,24155
CDEHLNY;8206,9410,24153
CDEHLOT;8175,9378,9412,23761,24108,24129,24130
CDEHLRU;9070,24112,24132
CDEHMMU;
CDEHMNU;24133
CDEHMOO;24126
CDEHMOP;9383,23788,24127,24134
CDEHMOR;5800,9416,9417,23788
CDEHMOU;9417,9419
CDEHMPU;
CDEHMTU;9417,9419
CDEHNOR;22882,23788,23792,24045,24138,24153,24161
CDEHNOT;9426,23792,24161
CDEHNPU;23777,24143,24163
CDEHNRU;24044,24143
CDEHNSU;23630,23769,24042,24046,24144,24155
CDEHNSY;9410,22849
CDEHOOP;9411,24145,24157,24158,24166
CDEHOPP;9393,9411,24109,24130,24157
CDEHOPR;9082,9364,9433,23788,24131,24134,24138,24157,24158,24166
CDEHOPT;9364,9393,9412,9426,23761,24130,24139,24140,24147,24163,24167
CDEHOPU;24147,24163,24167
CDEHORT;24161
CDEHORU;9417,9421,9432,20844
CDEHORW;22845,24045
CDEHOSU;5792,9272,9278,9428,23565,24167
CDEHOSW;9318,20842,23634
CDEHOTU;8208,9085,9317,9417,9418,9419,9432,9438,23789,24167
CDEHOUV;23565,24149
CDEHPSY;9420,9433,24166,24167
CDEHRRU;9319
CDEHRSU;5755,9439,23779
CDEHSSU;24011,24046
CDEHSTU;9439,23779,23794,24144,24167
CDEHSTY;9405,9414,24115,24167
CDEIIKR;20821,20863,24105
CDEIIKS;24106
CDEIILO;9460,9461,9462,9463,9464,20875
CDEIIMR;9323,9328,9451,9452,9470,9471,24174,24187,24207,24208,24211,24212
CDEIINR;20845,20874,22894,23524,23569,24014,24057,24060,24062,24064,24193,24197,24207,24208
CDEIINS;20879,22854,23531,23569,23637,23735,23737,23739,23755,23799,23800,23816,24006,24048,24053,24054,24056,24060,24063,24064,24065,24224
CDEIINT;20878,24048,24065,24108,24118,24170,24179,24183,24209,24222
CDEIIOR;5807,9328,9330,9461,9462,9476,9484,20869,22894,23563,23756,23757,23819,23821,24057,24105,24111,24113,24187,24193,24207,24208,24210,24211,24212,24227,24230
CDEIIOV;24212
CDEIIRT;24100
CDEIIRV;2009,23829,24057,24064,24212
CDEIIST;24039,24048,24063,24065,24107,24118,24120,24168,24173,24181,24183,24219,24222
CDEIISU;2005,2010,8218,9490,23816,23825,24006,24173,24175,24181,24192
CDEIJST;9100,23834,24048,24183
CDEIKLN;8221
CDEIKLP;9289,24185,24186,24242,24243
CDEIKLS;
CDEIKLT;8222,9289,20880,24185
CDEIKMS;
CDEIKNS;24189,24246,24248,24249
CDEIKNZ;23801,24013,24049
CDEIKOS;23837,24246
CDEIKOY;
CDEIKOZ;22900
CDEIKPR;8223,24188,24240
CDEIKRR;24050,24240,24247
CDEIKRS;5758,5793,5808,5813,9011,23559,24246,24248,24249
CDEIKRT;8223,9265,24247,24251
CDEIKRU;24247,24248,24249,24251
CDEIKRW;24249
CDEIKST;
CDEIKSU;5813,22899,24243,24248,24249
CDEIKSW;22843,23839,24249
CDEIKSY;24189
CDEILLO;8224,9333,9446,9496,20776
CDEILLU;5814,9501,9502,9503,20847,20873,24037
CDEILMO;20882,22859,24126
CDEILNU;24004,24071
CDEILOO;8226,20875,20880,22859,24072,24077,24125,24126,24128,24129,24255,24261,24267
CDEILOP;9369,22775,22893,23642,23753,23761,23851,24109,24130,24131,24185
CDEILOR;9528,24072,24193,24258,24267
CDEILOS;20875,24077
CDEILPP;9119,9125,24109,24130
CDEILPS;
CDEILPU;24132
CDEILQU;24255
CDEILRS;24075
CDEILRU;24004,24074,24075,24132,24265
CDEILST;22887,24107,24168
CDEILSU;2033,2035,9501,9502,9532,20881,22899,24268,24273
CDEILTU;8907,9291,20819,20882,23854,23857
CDEIMNO;23534,23576,23647,23762,23870,23871,23872,24082,24083,24123,24187,24208,24275,24276,24277,24278,24280,24281,24282,24283,24287,24288
CDEIMOR;24187,24208,24212,24257,24258,24281
CDEIMOS;22904,24274,24276,24280,24283,24288
CDEIMOT;8916,9136,9141,9467,9496,20882,22903,23836
CDEIMPR;9470,9556,24216
CDEIMPU;9470,24216,24275,24295
CDEIMSU;9146,23578,23844,23868,23873,23875,23876,24011,24021,24133,24135,24136,24175,24192,24276,24287,24288,24293,24294,24295
CDEINOS;23576
CDEINOT;20878,23579,23883,24085,24170
CDEINOU;9331,22908,23558,24275,24278
CDEINOZ;5824,9519,9577,23888,23893,24278
CDEINPR;8237,9567,24014,24061,24094,24138,24188,24197
CDEINRS;9387,9391,23763,23804,23884,24043,24054,24064
CDEINRU;1957,24004
CDEINRY;9477,23701,24119,24221,24300
CDEINSU;2005,2058,9297,9590,20853,20879,20889,23493,23664,23769,23816,24144,24308
CDEINSX;9457,9582,24056,24299
CDEINSZ;2028,9157,9391,23815
CDEINTT;24144,24206,24225,24297,24303
CDEINTU;24144
CDEIOOR;9567,22911,24026,24072,24095,24261,24281
CDEIOPR;2044,9556,9567,20885,24131,24138,24240,24258
CDEIOPT;9393,23761,23836,24130,24147,24250
CDEIORS;23559,23756,23865
CDEIORT;23821,23917
CDEIORU;22865,24016
CDEIORV;24312
CDEIORW;9528,9558,9574,20868,24045,24088
CDEIOSS;23570,24149
CDEIOST;1970,23712,23758,24039
CDEIPRS;
CDEIPRT;24061,24094,24100
CDEIPST;20870,24051,24063,24181,24186
CDEIRRU;5830,9170,23879
CDEIRST;
CDEIRSU;
CDEIRSV;5829,9466,9614,24064
CDEIRTV;2009,9162,9174,9588,9615,23912,23917,24312
CDEISST;2047,2064,9267,9287,9492,9495,9610,9611,9617,22902,23571,23663,23668,23814,23831,23862,23864,23880,23904,23922,23924,24015,24065,24190,24199,24217,24235,24239
CDEISSY;9292,9301,20889,22902,23880,23896,24081,24239,24319
CDEITUX;9179
CDEJNOU;9350,24322
CDEKKNO;
CDEKLNO;8926
CDEKLNU;9400,20857
CDEKLOW;
CDEKLPU;5837
CDEKLRU;5837
CDEKLSU;22899,24243,24245
CDEKMOS;5794,5838,9401,9621,24324
CDEKNOR;24187
CDEKNOS;9623,23837,24067
CDEKNRU;24247,24248,24249
CDEKNSU;23544,23928,24249,24326
CDEKOOR;2066,24323
CDEKORS;9621,9625,23776,24151
CDEKORT;9621,9625,20892,24251,24327
CDEKOST;
CDEKRSU;5813,9622,9624,24151,24248,24249,24326,24327,24328
CDEKRTU;20892,24247,24251,24327
CDELLOU;9046
CDELLSU;20881,23545,23750,23940
CDELMOP;23943,24333,24334
CDELMPU;
CDELMSU;23546,23844,23942,24192,24330,24335
CDELMTU;20882,24335
CDELNOO;22868
CDELNOU;9353
CDELNOW;2070
CDELNOY;22826,22861,23851,23949,24153
CDELOOR;9207,9626,23721,24267,24348
CDELOPP;9411,24109,24130,24157,24258
CDELOPU;
CDELORS;750,2083,5836,9268,9302,9304,9631
CDELORU;9353,9648,20895,24027
CDELORW;9528,9649
CDELOST;2083,9362,9409,9638,24338,24343,24349
CDELOSU;9532,23546
CDELOSW;22862
CDELOTT;2029,9194,9412,9533
CDELOTU;20864,20882
CDELOUY;9532,20895,24203,24351
CDELOWY;
CDELPSU;
CDELRRU;9648,20894,20895,23954
CDELRSU;20893,23940,24075
CDELRUY;20895,24027,24132
CDELSTU;22847,23675,23942
CDELTTU;2089,9305
CDELTUU;8246,9305,9643,22883
CDEMMNO;9542,24069,24082
CDEMMOO;
CDEMMSU;24276,24325
CDEMNNO;9658,20886,23647,24082,24083
CDEMNOP;23587,23788,23962,24275,24358
CDEMOOS;8249,8250,9663,20851,22904,23578,24256,24257,24282,24283,24291,24356
CDEMOPT;24285,24334
CDEMORS;22904,23865,23944,23961,23963,23966,23968,24213,24257,24354,24355,24356,24359
CDEMORU;9417,9661,23965,23969,24098,24358,24361
CDEMPRU;9470,23874,23969,24216,24358,24361
CDENNOO;20897,22868,24364
CDENNOT;23673,24085
CDENOOP;9567,9659,22906,23587,24280,24358,24362,24367
CDENOOR;8207,9223,9567,24026,24138,24281,24358
CDENOOS;8249,8894,9653,9659,9673,24366
CDENOPU;22908,23587,23589,24163,24275,24358,24362
CDENORS;
CDENORU;9421,24358,24362
CDENORW;9574,20868,24045,24088
CDENOSS;5845,9676,24035,24322
CDENOST;24372
CDENOSY;24093,24283,24366
CDENOTU;24371
CDENPUY;23777
CDENRUU;22880,23589,23931,24098
CDENRUY;8934,22871,24027
CDEOOPP;2102,9411,24157,24376
CDEOOPS;8939,22906,23553,23585,23952,23953
CDEOOPT;2102,24226,24348,24376,24377
CDEOORR;22911,22912,22921,24267,24281,24323
CDEOORV;23933,24026
CDEOOST;8256,23586,23993,24291,24355
CDEOOTV;8253,24344
CDEOPPR;9694,24157,24258,24376
CDEOPRS;
CDEOPRU;20885,24016,24358,24361,24362,24376,24377
CDEOPSU;8919,8939,9051,9597,23539,23553,23909,24167,24375
CDEOPSW;9675,9677
CDEOQTU;9695,24090
CDEORRS;20890,24314
CDEORRW;5847,9253,9528,9574,24323
CDEORSS;
CDEORSU;
CDEORSW;
CDEORTU;20892,23969,24361,24376,24377
CDEORUU;20844,22918,23589,24098,24263,24341,24365,24377
CDEOSSU;9597,9599,9676,24322
CDEOSTU;5789,9270,23909,23918,24167,24375
CDEOSTY;9625,9678,23993,24093,24167,24229,24291,24343,24372
CDEOSYZ;23899
CDEPRSU;8196,9606,23555,24232,24306
CDEPRTY;23861,24094,24300
CDERRSU;20899,24387
CDERSTU;23555,23700,23779,24036,24352
CDERSUZ;24237
CDFHIOS;
CDFIILU;24389
CDFIISU;20902,24006
CDFIJOR;
CDFILUY;9707,24019,24388,24389
CDFIOOT;24395
CDFIOSU;23592,24009,24021
CDFNOOU;
CDGHIIN;
CDGHILO;24041,24400
CDGIIKN;24049
CDGIINO;9330,9331,9725,22923,24399,24401
CDGIINS;5851,8945,9324,9726,9727,20866,23735,23737,23739,24006,24048,24053,24054,24056,24060,24063,24064,24065,24402,24407
CDGIINT;764,2118,9326,9726,9729,24048,24065
CDGIKNO;5852,8946,9731,22926
CDGIKNU;
CDGILNO;1673,5850,5852,9731,9735,24068,24401
CDGINNO;5853,9737,9738,9741,22923,24390,24412,24413,24414,24415
CDGINOO;9735,24390,24414,24416
CDGINOR;9725
CDGINOS;5853,9742,9743,24416
CDGINRU;
CDGINTU;9739,9741,22930,24059,24090,24399,24413
CDGNOOO;
CDGOOSY;
CDHIIMO;8261,22932,24397,24428,24429,24430
CDHIINT;22933,24108,24117,24119
CDHIIST;9376,24039,24104,24107,24115,24120,24419,24423
CDHIKSU;
CDHILLY;2132,9753,23597,24418
CDHILNU;24398
CDHILOR;8268,8269,24391,24400,24441,24443,24444
CDHILOS;9749,9750,9759
CDHINOR;22882,22933,24138,24432
CDHINSU;9704,23769,24046,24133,24144,24450
CDHIOOR;5858,24391,24400
CDHIORS;1678,1986,8266,9394,9765,23756,23771,24122,24141
CDHIORY;24400,24439,24443,24444
CDHIOTU;24399,24436
CDHIPTY;24114,24140
CDHIRTY;9772,24119,24443
CDHKOOR;
CDHORSS;9768,24431,24435
CDIIILP;24171,24402
CDIIIOT;9748,20909,22886,24170,24468
CDIIJRU;
CDIILLY;1681,5863,8278,9707,9792,9797,9800,24404,24418
CDIILMO;9801,20910,24397,24401
CDIILNY;5864,8211,8280,20874,23598,24052,24198,24389,24468,24476
CDIILOP;2152,9460,9801,9803,9804,22777,22893,23753,24110,24185,24195,24404
CDIIMOS;8283,8950,9793,9812,9813
CDIINOR;9330,9476,9725,9811,9817,22894,23598,24187,24193,24208,24429
CDIINOT;20878,24108,24170,24399,24468
CDIINOV;9822
CDIINOZ;
CDIINST;9790,9815,24048,24063,24065
CDIINTU;8162,9794,9814,9825,24059,24399
CDIIOPT;9748,9801
CDIIORS;9461,9805,23756,24111,24211,24491
CDIIORX;9807,9826
CDIIOSS;24180,24228,24393,24394,24431,24435,24436,24481,24486,24490
CDIIOSV;
CDIIOTY;
CDIIPRY;9486,9489
CDIIRSU;9808,23825
CDIKNNU;
CDIKNOR;9832,24187
CDIKNOW;
CDIKNPU;
CDILLOO;9838,9841,24255
CDILLUY;9707,9792,9800,24253
CDILMTU;20882
CDILNOS;20913,24500
CDILOTU;9518,9530,9533,9849,20882,23854
CDILOTY;24443
CDIMMOU;9853,24275,24277,24278
CDIMNOO;23870,23871,24256,24280,24281,24282,24283,24510
CDIMNSU;22936,23844,23868,23873,23875,23876,24133,24276,24286,24287,24288,24511
CDIMOOR;9755,9842,9858,24257,24281,24502,24504
CDIMOOS;20851,22904,23577,23578,23870,24125,24256,24257,24280,24282,24283,24289,24290,24291,24446,24499,24509,24511
CDIMOSS;9857,24393,24431,24481,24508
CDIMOSU;8950,9552,9843,9844,9858,22936,23578,23873,24287,24288,24294,24499,24511
CDIMSSU;20887,24011,24496
CDIMSTU;9146,22936,23876,24136,24175,24287,24293,24294,24295,24423
CDINOOS;24416,24417,24446,24450,24500,24511
CDINOOT;2175,9568,9735,9818,9819,9856,20878,23579,23600,24282,24416,24510
CDINOSY;9860,23896,23899,24262,24410
CDINOTU;9739,9741,9794,9814,9828,24399,24413
CDINSSY;9860,20889,23896,24433
CDINSTU;2178,9297,9590,9845,9866,24144,24308
CDIOOTT;24434
CDIOPRR;9526,9556,20912,22911,23907,24240
CDIOPSS;24228,24289,24453,24490
CDIORSV;24438
CDIOSST;24393,24435,24436,24481,24498
CDIOSTT;9824,24487,24491
CDIOSTY;24291,24454
CDIOTUV;22910,24312
CDIPRSY;8292,9718,9867,24512
CDIPSSU;9865,24492
CDIRSUY;9614,9763,24515
CDIRTUY;9825,9831
CDISSSU;9865,9866,24407,24489,24493
CDISSTY;9836,9851,9852,22902,23880,24239,24319,24449
CDJKMOO;
CDKMORU;
CDKNNOU;23929
CDKNOOR;
CDKNOSU;9623,9874,20907,24326,24455
CDLNOUU;9643,24263,24341,24412
CDLOOPY;9848,23943,24503
CDLOSTU;20921
CDMMOOO;24457,24509
CDMNOOS;8249,9659,9781,9872,9879,9885,9886,24256,24280,24282,24283,24356,24446,24460,24511
CDMNSUU;
CDMOOST;9663,9783,9856,24282,24291,24355
CDMOSUW;
CDNNOTU;9741,9828,22930,22937,24413
CDNOORS;24417,24446,24460,24463,24511,24512,24523,24527
CDNORSU;22939,23593,24406,24486,24511,24527
CDNORWY;24415
CDNOTUW;
CDOOOPT;24348
CDOOOST;20918,24463,24465,24466
CDOOPST;2195,9785,9847,9861,22941,24416,24452,24458
CDOORRY;9777,24103
CDOORST;22885,22935,22939,22941,24355,24417,24458,24463,24465,24523
CDOOTUW;
CDOPRTU;9250,9695,9849,23969,24361,24376,24377,24513
CDOSTUY;2188,9894,20923,24167
CEEEEGH;
CEEEEHL;
CEEEELT;24549
CEEEFIL;20825,20925,23617,23618
CEEEFLR;
CEEEFLS;22946,24532,24560,24562
CEEEFNR;
CEEEGNR;8971,9909,9911,23604,23625,23626,24563,24589,24601
CEEEGNS;9908,24610
CEEEGRS;
CEEEHIR;8298,9914,9917,23501,23627
CEEEHKS;8297,20928,23629,24539,24616,24617,24632
CEEEHLL;
CEEEHLS;5887,8974,9913,9919,9920,23630,23631,24614
CEEEHNR;20817,23627,23632,23633,24544,24621,24631,24639
CEEEHPR;22833,23501,23627,23628,24544,24621,24631
CEEEHRR;9924,23633,23636,24639
CEEEHRS;24650,24651
CEEEHSS;794,5661,8300,9926,24616
CEEEINP;24590,24591,24623
CEEEIPR;20934,23501
CEEEIRV;5891,22959
CEEEITV;24683
CEEEJRT;5893,20932,24593,24725
CEEELLU;20933,20938,23670
CEEELPY;9954,24736
CEEELRT;1687,2206,9960,24549,24739,24740
CEEELST;5895,8302,9949,9950,9953,24567,24752
CEEELSV;9913,9948,9958,24745
CEEEMNU;20771,20780,20835
CEEEMPR;2204,22970
CEEENRS;22975,24550,24766
CEEENSS;8115,22944,24641,24743
CEEEPRR;8987,24533,24731
CEEERRT;23506,23636,24739
CEEERSS;8304,9898,9979,20942,24693
CEEERST;9899,20935,20941,22962,24584,24587,24605,24649
CEEERSU;9004,22949,23515,23631,23687,23694,24579,24635,24650,24751,24763,24765
CEEERSV;24531,24584,24766
CEEERTX;
CEEETUX;5899
CEEFFNO;24787,24789
CEEFFOR;24789,24791
CEEFFOS;24793
CEEFFST;9990,9992,24559,24562,24790,24793
CEEFHIR;9996,23706,24795
CEEFHIT;23706
CEEFHLS;9985,9999
CEEFHRT;24805,24811
CEEFHST;
CEEFINV;23720,24576,24840
CEEFIRR;10014,10023,24574,24842
CEEFKLR;24846
CEEFLNU;10031,22980,24787,24803,24809,24848
CEEFLRT;10035,24846,24856
CEEFNNS;2209,10017,24568,24571,24572,24835
CEEFNNU;22980,24816
CEEFNOR;5906,10001,24789,24805,24858
CEEFNRS;9993,10009,10017,10019,10032,10036
CEEFPRT;24856
CEEFRST;2212,2213,9018,9023,10037,10039,10040,24581,24584,24859
CEEFSSU;24792,24850
CEEGHIN;22982
CEEGHOS;5907,24878,24880,24884,24886
CEEGIIP;10063,24871
CEEGINR;10068,24596,24788,24913
CEEGINT;20950,24590,24591,24598,24603,24872,24881,24916
CEEGINU;23740,23741,24801,24882,24883,24919
CEEGIRS;24879,24884,24915
CEEGIRZ;
CEEGKOS;24954
CEEGLLO;10069,10071,24904,24956
CEEGLNT;
CEEGLOU;
CEEGNOR;10118
CEEGNOS;9049,10080,20951,24932,24944,24945,24960
CEEGNRU;10116,22988,24563,24801,24803,24882,24883,24919
CEEGNRY;23626,24803,24913,24941,24953
CEEGORT;10095,10097
CEEGQRU;24883
CEEHHNR;24805
CEEHHSW;
CEEHIKM;
CEEHILN;2230,5912,10127,10141,10146,10147,10148,10149,10150,24997,24998,24999,25000
CEEHILS;24539,24540,24794,24971,24976,25002
CEEHILV;803
CEEHIMR;9914,10161,23762,25011,25018
CEEHIMS;10170,10171,22994,23703,24541,24619,24878,25020,25021
CEEHINR;10161,25013
CEEHINS;1689,8320,10140,10177,10180,20818,20838,22832,22996,22997,23755,24615,24616,24625,24976,24979,24988,25025
CEEHIOR;25003,25011
CEEHIOS;24880,24988,25002
CEEHIOZ;
CEEHIRT;23764,25022
CEEHIRW;8323,24542,24985,25032
CEEHIRY;20962,25018,25027,25049
CEEHISS;8325,10174,10177,10180,22951,22997,24616,24622,24625,25007,25010
CEEHIST;24541,25021
CEEHISV;24617,25021
CEEHISW;8323,22843,24542,24615
CEEHKLR;9995,10193,20955,22779,24986
CEEHKLS;5914,9066,22999,23775,24539,24987
CEEHKNP;23777,24631,24873,24972,25050
CEEHKNS;20928,24616,24988,24989,24990
CEEHKST;5914,8328,24987,24990
CEEHLNO;10205,20963,24874,24997,24998,25000
CEEHLNS;9068,10054,10147,10150,10206
CEEHLNU;5752,5918,5919,20839,22846,23781,24809,25000
CEEHLOW;
CEEHLRS;23783,23784,24614
CEEHLRW;10209,23787
CEEHLRY;23787,24808,25056
CEEHLSS;23707,25007,25009,25010,25060,25061
CEEHLST;22847,24971,24987,25010,25058
CEEHLSW;
CEEHLSY;5917,9072,23784,25058
CEEHMRS;25064,25067,25069
CEEHMRT;10223,10229,10231
CEEHMSS;5923,10225,20968,23004,25070
CEEHMSX;10227
CEEHNOP;10205,20969,23788,24997,24998,24999,25055,25073
CEEHNPU;23777,25050,25081
CEEHNRW;10209
CEEHNST;8331,10221,10238
CEEHNSV;8320,23782,24543,24979
CEEHNSW;24615,24637
CEEHNTU;8333,25015,25081
CEEHORR;5924,8334,20966,25063
CEEHORS;5907,5926,25069
CEEHORT;24811
CEEHOUV;10184
CEEHPRR;
CEEHPRS;24991
CEEHPRU;10208,10258,24882,24992,25050,25081
CEEHQRU;24646
CEEHQSU;
CEEHQUY;
CEEHRST;20972
CEEHRSU;5755,5926,9079,9987,10052,10190,10261,20930,20972,23779,24879,25069
CEEHRSV;10250,23001,24617,25069
CEEHRSW;810,8323
CEEHRSY;10253,10257,20971,23784,25033,25049,25088
CEEHRTU;5915,10258,10261,23779,25081
CEEHRTV;
CEEHSSS;10180,10239,10242,22997,25034,25066,25082
CEEHSSW;9088,25042
CEEHSTV;25021
CEEHSTW;8177
CEEIIKL;24813,25096
CEEIINR;10068,20845,22955,23013,23524,24788,24796,24887,24889,24892
CEEIINW;
CEEIIPR;9010,22955,23013,23015,23826,24887,24892,24895,24982
CEEIJOR;24823,25175,25178
CEEIKLT;10292,10293,10294,24824,24987,25180,25182,25184,25187
CEEIKNT;10292,24824,24972,25101,25180,25191
CEEIKPR;8337,24887
CEEIKSS;10298,10305,22842,23640,24616,24825,24993,25099,25103,25187,25189,25196
CEEILLM;20974,24663,25108
CEEILMX;
CEEILNO;10045,10069,10321,22861,23843,23850,24663,24874,25000,25217,25227
CEEILNR;24670,25227,25247
CEEILNS;24794,24976,25090,25110
CEEILNT;2230,5932,5944,10008,10267,24815,25247
CEEILNU;5941,5944,8339,10321,10335,20933,20980
CEEILPS;24540,24976,25002,25230
CEEILPT;5946,9127,10328,20829,20934,23010,23021,23761,24652,24999,25113,25175,25210,25215,25222
CEEILPX;5938,10313
CEEILRS;20590,23009
CEEILRT;2252,10289,10351,10352,25175,25256
CEEILRU;20955,24823
CEEILSS;5668,8346,10064,10272,10307,10316,10332,23864,24618,25010
CEEILST;8346,10272,10273,24812,24971,24987,25010,25119,25212
CEEILSV;9123,10317,23796,23803,25119,25212
CEEILTU;5944,10076,20819,23010,23029,23854,25113
CEEIMMS;10372,25124
CEEIMMT;5939,25125,25264,25266
CEEIMNO;2254,10079,10080,10319,10320,10321,10375,23534,23647,23762,23872,24663,24684,24912,25214,25216,25217,25218,25269,25272
CEEIMNT;2254,2255,9113,9136,10008,10274,10277,10320,23869,23872,24683,25015,25126,25130,25214,25216,25272,25278,25279
CEEIMRS;23009,24667,24684,24686,24832,24833,24834,24915,25137,25188,25223,25270,25271,25282,25283
CEEIMRX;9914,10168,23877,25019
CEEIMST;23880,24541,24833,24834,24878,24915,25020,25021,25282,25283,25284
CEEINNS;5892,10088,10372,22780,23032,24571,24696,24828,24922,24923,25090,25092,25124,25268
CEEINOS;10080,20785,20987,22780,23032,24684,24832,24840,24979,24988
CEEINPR;10016,23013,23041,25269
CEEINPS;24922,24976,25025,25092,25230
CEEINPT;23021,23042
CEEINPU;24922,25278,25328
CEEINRS;20987,24832,25271
CEEINRT;
CEEINRV;1927,10380,10418,10419,22963,23624,23662,23749,24576,24607,24686,25130
CEEINST;24841
CEEINSV;10088,10380,22963,23739,23799,23816,24573,24576,24658,24686,24840,24979,25144,25150
CEEIOPT;20979,23021,23042,23540,23761,23836,24999,25003,25016,25175,25178,25210,25222,25348
CEEIORT;10021,10095,10097,10312,22825,23911,25003,25175,25354
CEEIORV;10012,24791,25181
CEEIOST;23712,23918,25267
CEEIPPR;25027
CEEIPRR;25115,25134,25323
CEEIPRS;
CEEIPRT;20934,23015,25125,25134,25175,25178,25348
CEEIPRU;24882,24992,25278,25328
CEEIPSS;10166,23638,24622,24702,25025,25042,25135
CEEIPST;25020
CEEIPTZ;5946
CEEIQSU;22961,23051,24923,25137,25192,25350
CEEIRRT;9936,10023,10095,10384,10388,10440,23057,24604,24703,24914,24924,25134,25266,25323
CEEIRSS;24695
CEEIRST;
CEEIRSU;24842,24879,25137,25171
CEEIRSV;10380,10392
CEEIRTT;2263,2264,10286,10289,10361,10368,10440,10446,23015,25122,25260
CEEIRTU;815,8352,10446
CEEIRTX;5947,8352,10168,25046,25323,25339
CEEISSX;8353,10431,10433,24709,25166,25262,25315,25318
CEEISTU;9146,9168,10400,20978,23909,23918,24608,24724,24841,24900,25021,25321,25349,25364
CEEISTX;24724,25151,25349
CEEITTT;2263,10172,10417,25256
CEEITTZ;
CEEJNOS;20997,25368
CEEJORT;23059,24725,25175,25178
CEEJRST;25179
CEEKKLS;24727
CEEKKSS;
CEEKLNT;10193,10292,20999,24824,25180,25372
CEEKLPS;22999,24727,25375
CEEKLSS;817,10450,25187
CEEKLST;5914,8354,10450,23061,24954,24987,25182,25187,25374,25375,25377
CEEKNRS;818
CEEKOSS;23778,24955,25052,25190,25374
CEEKOSY;25377
CEEKPRS;2220,2270,10196,25379,25380
CEEKPRY;8355,24631,25050,25191
CEEKRRW;2269,10026,10458,24731,25376
CEELLLU;2274,9186,10460
CEELLNO;2276,10069,24663,24734,24956
CEELLOS;8358,9105,9191,9193,23062,23671,23775,25109,25212,25382
CEELLPU;5968,10029
CEELMNT;9113,9944,10008,10320,10451,10471,23672,24566,25214,25216,25220
CEELMOO;22859,23943,25214,25390
CEELMOS;10326,10479,23944,25054,25111,25218,25382
CEELMOT;8340,9918,10320,10451,10471,23064,23672,24668,24739,25214,25216
CEELMOW;
CEELMSY;5973,8313,10479,22994,25399
CEELNOS;25389,25391
CEELNOT;2276,5976,10451,10464,10471,20999,21003,23672
CEELNPS;24674,24727,25392,25401,25409
CEELNRS;24745
CEELNRT;8329,10193,24670
CEELNRU;24803,24809
CEELORS;24561,24614,25382
CEELORT;23064,24668,24725,24739,24846,25175,25256,25394
CEELORY;23027,23064,23066,25056,25235,25407
CEELOSS;20996,25374
CEELOSU;2289,8361,10207,10326,23546,25114,25391
CEELOTU;10464,21003,23029,25393
CEELOTV;10339,25222
CEELOTX;10352,23029,25398
CEELPRT;24856,25175
CEELPRU;8364,10208,10507,24856
CEELRRU;10360,23954,24755,24854
CEELRSS;23707,24745,24851,25060
CEELRST;
CEELRSU;10498,10511,20939
CEELRSW;10356,25233
CEELRTU;24856
CEELRTY;2293,23064,23787
CEELSST;20996,23028,23068,23864,25007,25010,25207,25236,25240,25374
CEELSUX;10496,10510
CEELTTU;2287,21003,25260,25372
CEEMMOR;10135,25264
CEEMNOW;10527,24637,24969
CEEMNRU;8372,23874,23965,25217,25278,25423,25427,25431,25434
CEEMNRW;
CEEMNST;22972,23683,23942,23964,24726,25392,25419,25422,25424,25426,25428,25429,25435
CEEMNSY;10111,10383,24636,25424
CEEMOOR;9223,10222,25273,25394
CEEMOPR;22970,24912,25269
CEEMOPT;22971,23073,25016,25438
CEEMRRS;23944,24762,25128,25265,25439,25442,25445
CEEMRRY;20787,24913,25018
CEEMRST;24833,24834,24859,24915,25188,25270,25282,25283,25396,25419,25422,25426,25429,25440,25444,25445,25446,25449
CEEMSTU;2281,8373,10232,10536,10539,22972,24738,24763,25021,25388,25395,25428,25444,25449
CEEMSTY;5989,8374,10383,23684,23880,25020,25399,25424,25445,25446
CEENNOU;22980
CEENNOV;5974,8375,8376,9972,23034,23036,25289
CEENNRT;
CEENOOT;23978,23981,24740,25055,25073,25074,25214
CEENOOZ;23850,25227
CEENOPT;22971,23021,23042,23073,24769,24999,25055,25073,25077,25461
CEENORS;22973,23072,24684,24759,25271,25419,25426
CEENORU;10406,22785,23048,23059,24789,25427,25431,25434,25476
CEENORZ;25227,25273
CEENOST;20997,23005,25078,25079,25419,25468,25470,25471,25473,25475,25477
CEENPRS;5991,10115,24860,24963,25401,25409,25430
CEENPRT;25073,25077,25081,25461,25478
CEENPSS;2284,10456,10530,10531,23979,24622,24641,24702,24961,25025,25190,25240,25295,25425,25459
CEENPST;9976,10238,10565,25435
CEENRSS;24851
CEENRST;20997,24584,25419,25426,25471,25473
CEENRSU;9993,10570,22949
CEENRSY;5996,9243,10488,10544,10570,23975,24941,24953,25033,25076,25335,25338,25457
CEENTTU;1695,2287,21003,23516,25015,25328,25339,25372,25476
CEEOPRU;25369
CEEOPST;10499,10573,10576,25375,25411
CEEOPSU;2289,9051,10542,23539,23553,23909,24690,25250,25349,25375
CEEOPTY;10136,23073,23540
CEEORRS;25265
CEEORRT;10095,10384,23911,24739,24760,24914,25266,25354
CEEORRU;10119,22785,25354,25369
CEEORRV;9185,9253,23992,24748,24936,25373,25378
CEEORRW;9253,10026,10458,23992,24731,24937,25376
CEEORSU;5926,9225,10040,10498,10522,10584,21006,21010,22874,23914,24751,25350,25415
CEEORSV;23001
CEEORTV;1697,10545,24959
CEEORTW;
CEEORTX;
CEEOTTT;25256
CEEPPRT;10507,24769,24856,25081,25410,25441,25461
CEEPPRU;10507,23793,24856,25081,25441
CEEPRRU;24586,25369,25478
CEEPRSS;21015,23070,24644,25060,25061,25083,25386,25437
CEEPRST;2311,10573,10576
CEEPRTX;24948,25046,25323
CEEPSTX;10510,10565,24754,24949,25151,25302,25349,25398
CEEPSTY;25020
CEEPSUY;10255,20971,25051
CEERRSU;20972,25171
CEERRSW;
CEERRUV;
CEERSSS;23988,24867,24962,25195,25305,25324,25332,25458,25505
CEERSST;23924,25078,25454,25473
CEERSSU;25168,25363
CEERSTT;10535,23080,24587,25370,25440,25446,25491
CEERSUX;24650
CEERTTU;22976,25260,25328,25339,25372,25447,25476
CEESSTX;8353,10433,24709,24754,24786,25166,25318,25486
CEESSUX;6000,25262
CEETTUV;10446
CEFFHRU;24789
CEFFIOR;21017,24791,25509
CEFFIOS;10601,10605,25511,25515
CEFFISU;10597,25512,25515
CEFFLOS;2315,8888,9268,24561
CEFFLSU;9991,24560,25506
CEFFORS;
CEFFORT;
CEFFRSU;9993,10607
CEFFSTU;25512,25514,25515
CEFGHIN;10611,25518
CEFGIKN;24007,25523
CEFGINN;20943,23081,25532
CEFGIOT;23081,25532
CEFHIIS;10625,25518,25519
CEFHILR;9995
CEFHILS;10628
CEFHILY;25521,25542,25543
CEFHINS;10623,25518
CEFHINT;
CEFHIRY;10637,25542
CEFHIST;
CEFHITT;10626,10631
CEFHITW;
CEFHLTU;10630,25541
CEFIILT;833,2325,10003,10599,24815,25524,25557,25563
CEFIIOR;10652,21022,23082,24818,25508,25509,25525,25562
CEFIITV;10599,25557
CEFIKLR;10617,20863
CEFIKLS;24825
CEFILNT;10008,10672,24815,25557,25558
CEFILNU;10672,23090,24004,25564,25581
CEFILRU;10617,10630,24004,24823,24827,25541
CEFIMOR;8399,21022,23082,25545,25582,25583,25594,25595
CEFIMRY;25526,25580,25583,25595
CEFINNO;23081,23092,25532
CEFINOR;25509,25525
CEFINST;23083,23719,24024,24790,24841,25511,25512,25555,25559,25560,25570,25572,25573,25574,25590
CEFIPSY;25527,25543
CEFIRSS;9301,10635,10637,10676,10691,24020,24575,24821,24844,25539,25604
CEFIRTY;25528,25542
CEFISSU;8400,24011,24021,25539,25540,25547,25596,25601,25604
CEFKLLO;
CEFKLOT;24846,25609
CEFKLRY;
CEFKRSU;10669,10697,10698,25539,25579
CEFLNOU;6015,22980,23090,23093,24787,24848,25564,25614
CEFLNTU;6015,10672,10699,23090,23093
CEFLNUY;10699,24019,24027,24028,25614
CEFMORY;10700,25583,25619
CEFNORS;24033,25618
CEFNORU;24789
CEFNOSS;10708,10710,25531,25598,25608
CEFNOST;10605,10708,23719,24024,24849,25511,25560,25570,25572
CEFNOSU;24840,25597
CEFNOTU;6015,23090,23093,25532
CEFOPRS;
CEFORRS;25577,25588,25591,25592,25611,25618,25624
CEFORRT;10645,10681,24034,25621
CEFORSS;10713,24020,25548,25627
CEFORSU;10716,24842,25592,25594,25595
CEFOSSU;6016,10608,10647,21019,24792
CEFRSUW;
CEFSSUU;6017,10705,23094,24035,25617,25622
CEGGHIR;10722,10724,10725
CEGGHRU;
CEGGIIS;25630
CEGGIKN;25631
CEGGIOR;10725,25633,25634
CEGGIOS;9310,25632,25635,25636
CEGGLOR;
CEGGLOS;25632
CEGGNOR;10046,10739,25633,25634
CEGGORS;
CEGGPSU;
CEGHILN;23100,24042,25660,25663
CEGHINO;6019,8404,10765,10775,20865,21031,22982,23100,25660,25662,25665,25674,25689
CEGHINP;25682
CEGHINS;1965,10776,24042,24046,25518,25669,25670,25679
CEGHINT;22982,24590,24872,24881,25641,25690
CEGHINW;9309,24045,25644
CEGHIOR;10725,10769,24877,24884,25673,25675,25699
CEGHIOS;10758,10760,10784,24880,25661,25698
CEGHIRS;10052,10785,24879,24884,25699
CEGHIST;10785
CEGHITU;10750,10774,25687
CEGHLSU;25661
CEGHNOS;8409,24880,25686,25689
CEGHORU;23096,25694,25696,25704
CEGHOST;1703,9318,10789,10794,10796
CEGHOSU;25661
CEGHRTU;
CEGIILN;9322,10805,10808,23100
CEGIINP;10747,25760
CEGIKKN;10832
CEGIKNN;6023,8411,10753,23099,23103,24049,24873,25642,25719
CEGIKNP;2358,8412,24873,24887,25523,25769
CEGIKNR;22981,24887,25523,25643,25718
CEGIKRU;10617,21042
CEGILLN;8413,21041,21045,24037,24068,24902,24903,25659,25660,25715,25726,25771
CEGILMP;10754,24871,25662,25771,25775,25776,25777,25778
CEGILNP;6029,10855,10858,10860,23114,25740,25771,25775,25776,25777,25785
CEGILNR;23113,24068,24072,25668,25785,25786,25791
CEGILNU;10868,20867,23740,23741,24070,24071
CEGILNW;21047,24903,25792
CEGILNY;10074,10757,10851,10868,10875,21046,23095,24052,24071,25521,25660,25734,25743,25793
CEGIMNO;23116,23117,24082,24083,25633,25674,25803,25804,25809
CEGIMNU;10764,25727,25778,25809
CEGINNR;24589,25678,25830
CEGINNS;23121,24922,24923,25679,25805,25812
CEGINOR;2375,25633
CEGINOS;20951,21043,23121,25812
CEGINOZ;6028
CEGINPR;23114,24074,24094,25778,25828,25857,25859,25860
CEGINRR;10724,10766,10907,24604,24913,24924,24936,24937,24938,25683,25786,25839
CEGINRS;25718
CEGINRW;24903
CEGINRY;10907,24913,25526,25528,25695,25828
CEGINSS;25794,25859
CEGINSU;10597,21040,21044,25679,25767,25816
CEGIORT;2369,10095,10096,10097,10887,24066,24884,25637,25699,25745,25779
CEGIRRS;10099,10829,10841,10917,25630,25747
CEGKLNO;6024,21041
CEGKLOR;10831,23561
CEGLNOO;10929,24870,24956,25638,25702
CEGLOOY;10786,10933,24870,25638,25773,25780,25870
CEGLOSU;25661,25746,25772,25782
CEGLOSY;10933,25780,25802,25870
CEGNNOO;9356,10734
CEGNOOS;8894,10936,10942,10943,20951,24930,24932,24960,25636,25684,25686,25706,25838,25840
CEGNORS;
CEGNORU;22988,23130,24919,25694,25696,25787,25809,25810,25818,25826,25841,25848
CEGNORY;10944,23130,25695
CEGNOST;24960
CEGNRUY;10941,10945,23130,24803,25834
CEGNSSU;2403,10059,10900,10911,10930,10945,25794,25859
CEGNSTY;10916,24093,24945,24953,25863
CEGOORS;24930,25684,25706,25806,25836,25838,25840
CEGORRS;2401,10791,10917,10934
CEGORRY;10792,25873
CEGORSU;24965
CEHHILS;10955,10958,25881
CEHHIOO;25883
CEHHIRS;10958,25639
CEHHIRT;10962,25882,25883
CEHHIST;25876,25881,25884
CEHHITU;25882
CEHHNSU;23138
CEHHOOS;23134,24101,24102,25889
CEHHOST;8432,9362,23136,25881,25885
CEHHSSU;23137
CEHHSTU;10971,10975,25891
CEHIIKN;23098,23099,24972,25642
CEHIIKS;24106
CEHIIKT;24972,24973,25642,25898,25900
CEHIILS;10977,10981,10982,10983,10984,10985,20791,24976,24977,25647,25899,25905,25906,25907,25908,25914,25917
CEHIINR;2412,9367,9372,10749,10995,23101,24119,25509,25628,25639,25651,25655,25908,25909,25919,25928,25931,25932,25935
CEHIINS;9371,9372,10749,10981,10995,23101,23145,23755,24615,24974,24976,24979,25518,25628,25639,25654,25902,25908,25931,25932,25933,25935,25937
CEHIINT;21030,22992,24117,24119,24872,24972,25641,25642,25655,25919
CEHIIPP;24109
CEHIIRT;22990,24119,25916
CEHIISV;24979,25929
CEHIITT;10626,10986,10996,25894
CEHIKNT;23155,24123,24972
CEHIKNW;25644
CEHIKOO;
CEHIKOR;11008,25538,25958
CEHIKOS;6043
CEHIKPS;10140,11006,24991,25955,25964
CEHIKRR;6044,11007,24986
CEHIKRS;22993,24617,24991,25643
CEHIKRT;6044,24973,24992,25875,25900
CEHIKRW;25644,25900
CEHIKST;
CEHIKSY;11005,23157,24124,25966
CEHIKTT;24973,25900
CEHILLR;8317,8445,11015,23158
CEHILMY;22786
CEHILNO;21031,22787,23100,25660,25666
CEHILNS;24042,24976,25663,25669,25670
CEHILNT;24999
CEHILPR;21064,23163,23164,24131,24132,25541,25542,25673,25970
CEHILPS;10142,10629,10760,10761,10982,24110,24127,24540,24976,25002,25669,25905,25912,25917,25975,25976
CEHILRT;6046,11004,11050
CEHILRV;
CEHILSS;10628,11026,11047,11051,23152,24618,25007,25009,25010,25880,25917,25956,25957,25975
CEHILST;24129,25906,25917,25956,25973
CEHILSU;10985,11016,24042,25544,25661,25670,25969
CEHILSZ;10145,11010,11025,25974
CEHILTY;25521
CEHILXY;
CEHIMMO;25011,25674,25958
CEHIMMS;
CEHIMNU;25015,26001
CEHIMNY;11056,25648,26001
CEHIMOR;10769,23082,23142,25011,25675,25921,25958,25970
CEHIMOS;11057,24127,25976
CEHIMOU;11060,11075,25016,25958,26001,26008
CEHIMRS;25977,26015
CEHIMRT;
CEHIMRU;24879,25977,26012
CEHIMST;24541,24619,25020,25021
CEHIMSU;10990,21068,24011,24879,25021,25547,25959,25977,26015,26017
CEHINNO;2449,11055,11056,23144,23146,25022,25649,25677,26020
CEHINOP;23156
CEHINOR;6051,25509
CEHINOT;21031,21071,22982,24881,25652,25664,25998
CEHINOX;21070,23156,25911
CEHINPR;11065
CEHINPS;20870,24976,25669,25912,25933,25934,25938
CEHINPU;11066,11104
CEHINQU;
CEHINRR;10632,10724,10766,23161,25683,25691,25997,26025,26026,26028
CEHINRS;24133
CEHINRT;24119
CEHINRW;11061,24045,25644
CEHINSS;24616,24622,24625,25025,25933,25961,25993,26002,26021,26029
CEHINST;26018
CEHINSU;2459,23160,24042,24046,24144,25931,25961,26022,26043
CEHINSV;8320,24979,25658,25671,25929,26039
CEHINSW;1985,8899,9392,10623,24615
CEHINSZ;2457,9391,10163,25038
CEHINTW;25999
CEHIOPS;6056,8442,10760,10784,24110,24127,25002,25905,25955,25976
CEHIOPT;9393,10963,23170,25886
CEHIOPU;
CEHIORR;6051,8466,23161,23164,25672,25683,26028
CEHIORS;1713,1986,24122
CEHIORT;
CEHIOST;24129,25881,25910,25942,26018
CEHIOTU;10184,25687,25991,26008,26014
CEHIOTV;10184,10994,21057
CEHIPPR;25027
CEHIPRR;6058,23164,26028
CEHIPRS;26015
CEHIPRT;24143,25541,25542
CEHIPST;20870,23148,25020,25912,25948
CEHIQSU;21074,25008
CEHIRRS;9314,10632,10634,11105,11127,23167,26062
CEHIRRT;2465,8470,9374,11131,25949,25950
CEHIRST;
CEHIRSU;21077,23133,24122,24133,24146,24879,25539,25699,25931,25964,25965,26012,26015,26022,26038,26062
CEHIRSZ;9391,11025,11117,26045
CEHIRTT;
CEHISSU;21061,23168,24011,24046,24135,24149,25539,25540,25547,25961,25993,26002,26012,26021,26062
CEHISTT;
CEHISTW;
CEHISZZ;2469,25953
CEHKKRU;
CEHKLMO;11139
CEHKLOS;2475,11141,23173,25956
CEHKLSU;
CEHKNOU;20963
CEHKNSU;10195,25051,25961
CEHKOOR;26068,26069
CEHKORS;2481,11143,20965,24151,25701,26066
CEHKOST;21078,23136,26069
CEHKOSY;11143,20775,23157,24124
CEHKPTU;24992
CEHKRSU;6065,21081,24151,25701,26066
CEHKRUY;25050
CEHKSTU;6070,25959
CEHKSTY;9405,11146,25966
CEHKTVY;
CEHLLMO;
CEHLLMU;
CEHLLNS;1991,9068,10054,11011,25053,25645
CEHLLOY;8444,11015,11149,23158,25660
CEHLLPU;
CEHLLSY;5917
CEHLMOR;11021,11139,25970,26073,26074
CEHLMSS;10144,11147,24995,25880,25904,25972,25975
CEHLMSU;2487,6072,11154,11157,25549,25969,25977
CEHLMSZ;11010,11025,25974
CEHLMUY;
CEHLNNU;20839
CEHLNOS;21082,21083,24156
CEHLNOT;1718,11153,21031,25664,25666,25668,25702,26063
CEHLNRU;24809
CEHLNRY;24153,24875,25056,25980
CEHLNSU;21083,24155,25969
CEHLNSY;25663
CEHLNTY;25056,25521,25702
CEHLOOS;8482,11155,25889,25891,26071
CEHLORS;23784,24614
CEHLORT;25890,26077
CEHLORU;24112,25704
CEHLOST;24129,25058,25881,25906,25956,25973,26071
CEHLPPS;25669,25987
CEHLPSS;24633,25007,25061,25917,25957,25975
CEHLPSU;24160,25977
CEHLQSU;25670
CEHLRRU;23132
CEHLRSU;
CEHMNRU;
CEHMNSU;6072,8487,10195,11154,11190,25549
CEHMNSY;11182,21086,24636
CEHMOOR;8480,8488,10222,11181,11191,23142,25545,25675,25970,25996,25997,26003,26073,26074,26082
CEHMOOS;11057,11155,21086,25889
CEHMOPR;2350,2498,6076,10769,11193,23788,24134,25675,25921,25970,25996,26073
CEHMORS;2481,11143
CEHMORU;9417,11060,11191,11194,20967,25958
CEHMOSS;9415,10225,10788,11159,11184,11195,11198,23004
CEHMOSU;
CEHMOTZ;26008
CEHMRTU;9417,11194
CEHMSTU;25021,25549
CEHNNRU;5801,8459,9421,24044,25676,25678,25681
CEHNOOP;20969,25055,25073,25665,25682,25996,26094,26095
CEHNOOR;8207,8488,9423,10222,11090,11181,20969,24138,24153,24161,25073,25074,25683,25685,25927,25996,25997,26026,26082,26094,26095
CEHNOOT;8493,11090,11153,24161,25055,25073,25074,25702,25998,26026,26063,26094,26095
CEHNORT;24161,26094,26095,26099
CEHNORV;11164,25696
CEHNOST;2504,11185,21071,25652,26018,26102
CEHNOSU;11204,21083,22884,24155,24156,24164,25931,26033,26096,26102
CEHNPRU;23187,25050
CEHNPST;2507,10238,20870,25912,25934,26093,26098
CEHNPSU;
CEHNRRU;25691
CEHNRSU;25701,25931
CEHNRTU;25081
CEHNSTU;23181
CEHNSTY;25033,26023,26098
CEHNSUU;23138,23181,24142,26072,26100,26102
CEHNTUY;
CEHOOPS;6056,6080,9431,10784,11216,24166,25002,25707,25884,26048,26071,26085,26105,26106
CEHOORS;24166,25707
CEHOORT;11090,23183,23190,24161,25073,25074,25685,25890,26003,26077,26094,26095
CEHOOSS;11217,26067,26106
CEHOOSY;21086,24124,24166,25707,26048
CEHOOTU;8208,9432,23190,25687,26008,26105,26106,26107
CEHOPPR;24157,26068
CEHOPRS;24160,26097
CEHOPRT;2498,6076,9364,9426,10744,10787,10793,10967,25073,25077,25890,26077,26094,26095
CEHOPRY;10643,21064,24131,24134,24158,25673,25980,26073,26086
CEHOPST;9431,10794,11216,11225,24167,26071,26093,26106
CEHOPSU;11216,11225,24160,24167,26097,26105,26106
CEHORRT;9436,10645,11207,26094
CEHORSS;26101
CEHORST;
CEHORSU;25931,26033,26066
CEHORSY;11078,11143,11158,23784,25088,25990
CEHORSZ;9427,11117,24981,25065
CEHORTU;23190,24811
CEHORTW;8126,11230
CEHORUV;25696
CEHOSSU;6067,10647,23188,26041,26067,26106
CEHOSSW;
CEHOSTU;24167,26014,26106
CEHOSUV;23565,24149
CEHPRSU;24160,25977,26015
CEHPRSY;8500,9420,10253,10257,11124,11125,20971,25937,25947,26015
CEHPRTU;10258,24143,24992,25081,25541
CEHPSSY;25698,26056
CEHQSTU;
CEHRRSU;6086,10261,10634,11127,11138,11227,11233,20972,25086,26087
CEHRSSU;21085,23137,23786,24634,25061,25062,25951,26090
CEHRSTT;24651,26109
CEHRSTY;25084,26081,26098,26108
CEHSSTU;10262
CEHSSTY;11146,23182,25010,25925,26044,26056
CEIIJRU;25714
CEIIKKR;
CEIIKLS;21095,23205,25096,25717,25899,26151
CEIIKMS;25718,26151
CEIIKNS;21033,23084,23206,25102,25556,25718,26159
CEIIKNT;23105,23106,24972,25101,25642
CEIIKPR;24188,24887,25098,25523,26154
CEIIKQU;25719
CEIIKRT;20931,23106,24973,25875,25900
CEIIKSS;
CEIIKST;23205
CEIIKSW;25899
CEIILLS;10263,11261,21095,24191,25109
CEIILNN;10648,10808,21091,25524,25563,25734,26118,26172
CEIILNP;10809,25740,26120
CEIILPP;10063,11294
CEIILPT;2518,2519,6096,9465,10653,10982,11280,11284,11296,11298,20975,24185,24186,24652,25113,25744,25917,26123
CEIILST;20975,21098,23802,24173,24186,24192,24655,24977,25091,25119,25120,25647,25746,25899,25917,26110,26178,26180,26182,26185,26186,26196
CEIILTV;10599,11286,24815,25107,25119,25123,25557,26110,26180,26186
CEIIMMT;11303,21092,25125,26197
CEIIMNR;2412,10804,10817,23207,24187,24889,25130,25526,25919
CEIIMNS;10004,10600,24656,25124,26204
CEIIMOT;11315,21092,21102,24210,24214,25132
CEIIMPR;2525,9470,11309,24216,25921,25922,26209
CEIIMPS;2526,11271,11310,11317,21097,25111,25905,26119
CEIIMRS;22792,23009,23736,23810,24174,25137,25747
CEIIMRV;24174,24212,25108,25130,26131,26132,26207
CEIIMSS;20796,21036,24890,25129,25904,25918,26128,26129,26173,26198,26201,26206
CEIIMST;26222
CEIIMTT;10276,10818,11303,11315,24206,24215,25126,26217
CEIINNO;10727,10808,26172
CEIINNR;2527,9477,11305,11324,24796,25554
CEIINOR;9330,11281,24187,25508,25509,25651,25757,25909
CEIINOS;20785,23084,23198,25511,25573,26111,26138,26160
CEIINOV;11281,23110
CEIINOZ;23146,25561,25736,25757,25909,26223
CEIINPS;23085,23206,23569,23637,25092,25149,25150,25151,25932,25934,25936,25937,26159,26161
CEIINRS;23101,23206,23569,25639,25643,25932,25937,26187
CEIINRT;26139
CEIINRZ;10068,10817,25651,25736,25757,25909,26248
CEIINSS;23012,23531,24015,24224
CEIINST;23083,23198,24048,24065,24183,24219,24222,25511,25560,25572,25712,25758,26111,26112,26138,26237
CEIINSU;2005,11335,21037,23085,23816,24006,25114,26168
CEIINTZ;22992,25094,25101,25561,25641,26223
CEIIOPZ;25112,25160,26123
CEIIPPR;8518,9486,11294,26209
CEIIPRR;2529,8518,25115
CEIIPRS;23206,23569,25932,25937,26159,26187
CEIIPRT;2525,2536,23015,23826,24061,24216,25125,25134,25750,26139
CEIIPST;1728,2518,2526,6096,9465,9491,10269,10283,10653,10982,11271,11297,11298,20975,23148,24120,24181,24219,25120,25150,25151,25572,25912,25948,26224,26250
CEIIRSS;872,2520,11287,11299,23829,24980,25918,26125,26198
CEIIRST;6102,10829,21093,25514
CEIIRSU;9484,10990,11304,21093,22792,23202,23226,24122,24231,25137,25514,25575
CEIIRUZ;
CEIISSS;21061,21109,23216,24224,24238,25135,26129,26239
CEIISVV;26195
CEIITUV;6100,9445,26145,26189,26207
CEIJKOR;
CEIJNST;6105,11361,21040,21094,21112,24048,24183,26144
CEIJRSU;10290,23835
CEIJSTU;20978,21024,21040
CEIKKNR;
CEIKKRS;21114
CEIKLMR;
CEIKLMS;
CEIKLNR;24824,25098
CEIKLNS;2541,25717,25766
CEIKLOW;
CEIKLPR;26154
CEIKLPS;8526,24186
CEIKLPU;6108,25183
CEIKLRS;10295
CEIKLRT;21118,24824
CEIKLRU;10295,10617,20955,21115,26275
CEIKLSS;5809
CEIKLST;25899
CEIKLSU;10295,21116,22899,25096,26155
CEIKLSY;23232
CEIKMRS;25188,25718
CEIKMRU;11371,25958,26275
CEIKMRY;10836
CEIKMST;11372
CEIKMSY;11005,23234
CEIKNOR;26295
CEIKNOT;11370,23155,24123
CEIKNPY;25191
CEIKNQU;25719
CEIKNRS;21033,23206,24246,25643,25718,26159,26295
CEIKNSS;24616,25190,25961,26294
CEIKNST;21044
CEIKNSW;23839,24249
CEIKOOS;26278
CEIKOPR;8337,11368,24240,25186,25769,26154,26285,26295
CEIKOPS;24243,25186,25198,25955,26295
CEIKORR;24240,26148,26274
CEIKORT;8130,11377,21118,24251,26149,26154
CEIKOST;
CEIKOTT;6113,24250,24251
CEIKPRR;24240
CEIKPRS;23206,26159,26295
CEIKPRT;8223,26154
CEIKPRY;25191
CEIKPST;
CEIKQRU;
CEIKRRS;11007,21021
CEIKRRT;6044,10603,10838,24247
CEIKRSS;6114,8529,23640
CEIKRST;25188
CEIKRSU;5813,10295,10301,25539,26155,26288
CEIKRSW;24249,25198
CEIKRSY;25966
CEIKRTU;11377,24247,24251,24992
CEIKRTY;10836,11377,25191,25966,26283
CEIKRUY;11377
CEIKSST;
CEIKSTT;25187,25724,26115
CEIKSTW;25899
CEIKSTY;6107,24189,25966,26283
CEILLMS;25772,26165
CEILLNO;1731,10670,11381,11391,11392,11393,21041,21045,23238,24068,24663,25659,25660,25771,26303
CEILLNU;2542,5814,6118,8533,11397,20873,20933,20980,24037,26168,26169
CEILLOR;21045,21115,25181,25897,26148,26275
CEILLOS;21116,23232,23236,25212,25661,25772,25881,26170
CEILLST;25182,25202,25212,26305
CEILLSU;2549,11016,20881,20983,21116,23236,25202,25209,25661,25772
CEILMOP;11267,25112,25222,25584,25878
CEILMOT;8340,8540,8541,9378,11431,21124,23241,24668,25222,25779,25973,26326,26327,26328,26331,26337
CEILMPR;2423,2566,10853
CEILMSU;21097,24192,25969,26165
CEILNNU;8225,10335,10857,11448,11449,11450,22881,23740,24070,24071,25783,26172,26345
CEILNOP;
CEILNOS;26344
CEILNOT;8227,8418,11283,11393,21031,23238,24170,25666,25668,25791,25793,26360
CEILNOX;11392,25777,25911,26314
CEILNPS;21128,24674,25669,26323,26368
CEILNST;26152,26283
CEILNSU;20625,21128,26168
CEILNTU;5944,10672,23090,23854
CEILOOS;8419,9338,10673,10848,11486,20875,20981,24077,25729,25780,26190,26305,26306,26326
CEILOOT;8540,10876,11042,11393,20880,21118,21124,23238,23245,24129,24267,24904,25210,25214,25779,25973,26190,26303,26305,26313,26316,26318,26326,26327,26328,26353,26378
CEILOPR;20885,21064,23163,23164,24131,25673
CEILOPS;10760,25002,26384
CEILOPT;24185,25210,25222,25744,26123
CEILORS;23240,25587,26155,26193,26335
CEILORT;21118,21124,24267,24668,25779
CEILORU;5680,6136,20799,21115,23211,23240,24823,25217,25587,25745,25787,26275,26335,26387
CEILOSS;26195,26309
CEILOST;23205,25119,25212,25567,25746,25881,25973,26326,26337
CEILOTT;2029,11283,25744,25894,26318
CEILPPR;2372,10353,10863,11294
CEILPRS;25739
CEILPSS;25975,26286,26347
CEILPSU;25230,26168,26319,26332
CEILPSV;24204,25258,26332
CEILPTU;11387,23010,25113,25541,25783
CEILQSU;25670,26151,26193
CEILQUY;10868,11492
CEILRRU;6131,25260
CEILRSS;23250,26125,26309
CEILRST;25565,26178
CEILRSU;24273
CEILRSV;26372
CEILRSY;11050,11412,11413,11514,11517,11518,23863,26329,26368,26383
CEILRTT;25118,25122,25247,25260,25742,25796
CEILRTU;23211,24270,25541,25745
CEILSSS;2594,2598,10156,10362,11416,11421,26289
CEILSSU;8400,11512,11522,20625,20985,23864,26188
CEILSTU;10985,11247,11292,25567,25746,26166
CEILTTU;10368,11040,11519,25260,25796
CEIMMOS;21096,23576,23577,23865,25265,25267,25774,26401,26403
CEIMMRR;26402
CEIMMRU;2604
CEIMNNO;23239,23647,24083,25568,25804,26172
CEIMNOR;23117,23207,23534,24281,25217,25273,25633
CEIMNOS;8557,11057,11527,11532,23234,23576,23873,24280,24283,24288,24988,26204
CEIMNOT;24123,25803,25804,26388
CEIMNRS;24667,24686,26426
CEIMNRU;23874,25217,25278,25581,25778,25809
CEIMNYZ;26204,26407
CEIMOOR;6142,21101,21124,23142,23214,23258,24210,24257,24281,25011,25271,25273,25545,25582,25675,25728,25779,25970,25996,25997,26003,26433,26436,26437
CEIMOPR;25269,25675,25921,25996,26209,26408
CEIMOPT;23260,25016,25222,26331,26401
CEIMOQU;11371,21102,26391
CEIMORR;9556,11430,21022,23215,23877,24212,24281
CEIMORT;6142,11385,11555,21124,25779,26209
CEIMORW;11061,25808,26431
CEIMOSX;6141,8544,11082
CEIMOTT;8916,9141,11081,11315,11549,11552,11555,11556,23264,24215,25132,25998,26177,26214,26217,26318,26331,26388,26418,26434,26444
CEIMOTV;11315,25222,26327,26336,26400,26444
CEIMOTX;25019,26333,26405
CEIMOUZ;
CEIMPRR;
CEIMPRS;24834,26426
CEIMPRU;2604,9470,11309,23874,24216,25278
CEIMPSU;11535,21097,23875,24690,26319,26323,26332,26401,26409
CEIMRST;24834,25188,26339
CEIMRSU;10082,10990,21136,22792,23091,24879,25137,25594,25595,26012
CEIMSSU;20887,21068,21136,24011,24021,24135,25547,25596,25959,26012,26017
CEINNOS;21043,21140,23882,24260,24296,25635,26448,26449
CEINNOV;
CEINNST;21133,24024,24279,24296,25960,26022,26293
CEINOOT;6034,9568,11090,11393,11587,20798,20878,21106,22798,22799,23092,23238,23265,23276,23277,23579,25841,26026,26303,26450,26476
CEINOPR;20852,25269,26408
CEINOPT;
CEINORR;895,6051,6148,11569,23161,26028
CEINORS;
CEINORT;
CEINORU;2609,23048,25217,25787
CEINORV;
CEINORY;11062,11462,11595,11603,23277,24221,24300,24941,25235,25312,25695,25980,26034,26035,26320,26360,26392,26408,26419,26458
CEINOSS;11099,11363,26029
CEINOST;25511,25560,26111
CEINOSV;
CEINOTT;21104,25849,25998,26229,26318,26388
CEINOTX;21106,24603,25911,26229,26470
CEINOUV;2635,11468,23048,25696,25826,25853
CEINOVV;11333,23050,23221,25313,25788
CEINPRS;224,2610,11540,11613,23206,25857,25858,26159,26187
CEINPRY;11065,11595,23013,24094,24300,25027,25191,25294,25828,26035,26408,26458
CEINPST;20870,25912,25934
CEINPTY;24094,24300,25191,25828,26458
CEINQSU;11618,22961,23051,24707,24923,26245,26463
CEINRRU;21120,23037,26487
CEINRSS;25604,26396
CEINRST;
CEINRSV;10380,10870,10912,22963,24576,24658,24686
CEINRSW;11622,23661,23884,24249,24577,25233,25304,25332
CEINRTT;21039,25655,25742
CEINRUV;23048,25696,25714,25826
CEINSST;24015,24065,25712
CEINSSU;20625,20789,20853,20889,20985,21128,23168,23280,23281,23885,24707,25604,25859,25961,25984,26021
CEINSTU;2459,2612,10400,11565,21040,21044,21133,24144,24308,24608,24841,25816
CEINSTY;25863,26283
CEINSWY;
CEINTTX;24689,25158,25339,25753,26229
CEINVVY;
CEIOOPR;6055,11629,21073,22801,22911,25675,25970,26047,26508
CEIOORS;8575,11586,23214,24930,25271,25340,25341,25806,25838,26251,26268,26436,26437,26454,26512,26513
CEIOOST;11634,24129,25340,25515,25884,26050,26051,26147,26190,26250,26251,26305,26505,26512,26513
CEIOPPR;24258,26209
CEIOPPS;11592,26029,26231
CEIOPRS;
CEIOPRT;25178,25348,26517
CEIOPST;26250,26401
CEIOPSU;8919,23539,23909,24690,25230,25349,26319,26332,26401,26409
CEIOPSW;11398,25198
CEIORRS;9600,24712,25345,26507,26515
CEIORRU;23215
CEIORRZ;6148,24938,25839,26509
CEIORSS;26198
CEIORST;
CEIORSU;6155,8349,8575,20799,23240,25587,25594,25595,26155,26193,26335
CEIORSV;25605,25967,26359
CEIORSW;20990,25198,25233,25304
CEIORSZ;6150,11572,24981,25300,26045,26203,26442
CEIORTT;9596,11348,11549,11555,11649,23264,26434,26444,26516,26517
CEIORTV;10688,11348,23228,24312,26336,26400,26444,26518
CEIORTW;10021
CEIORTX;11489,11649,26055,26405,26476,26517
CEIORVY;23027,23228,25235,26444
CEIOSSS;2647,6156,9603,11349,25578
CEIOSST;26147
CEIOSSU;21019,23280,23281,24021,24135,24149,24792,25596,26393
CEIOSSV;11099,11639,23049,23248,23281,23570,24149,26195,26287,26446
CEIOSTT;23056,25267
CEIOSTV;
CEIOSTW;9581,11118,11498
CEIOSTX;11082,25349,26192
CEIOSTY;11407,11498,11648,21027,21150,23263,24229,24291,25802,25887,25942,26254,26437,26443,26514
CEIOSTZ;11100,11576,25147,25162,25167,25657,26250
CEIOSZZ;
CEIOTTY;11649,23170,23264,23284,25312,25886,25942,26037,26360,26444,26486
CEIPPRS;25857,26528
CEIPPRU;24265,25857
CEIPPST;25120,26528
CEIPQTU;25760
CEIPRRS;
CEIPRSS;
CEIPRST;26528
CEIPRSU;9606,11125,25857,25859
CEIPRSY;11124,11125,20994,21145,25947,26015,26048,26329,26383,26433,26528
CEIPRTU;24992,25278,25328,25541,25860
CEIPRTY;23861,24094,24300,25191,25294,25542,25828,25944,25947,26330,26458,26528
CEIPRXY;26055
CEIPSSS;11119,20995,25135
CEIPSST;
CEIQRSU;25008,25137,25192,25329,25350,26193
CEIRRRU;11619,21120,23902
CEIRRSU;
CEIRRTT;25260,25949,25950,26516,26517
CEIRRTU;1750,10693,11131,11619,24247,25513,25761,25949
CEIRRTX;25323,26262,26517
CEIRRUV;11438,26518
CEIRSSU;24716,25539,25859
CEIRSSV;25762,26125
CEIRSTT;26528
CEIRSTU;23133,23202
CEIRSTW;11622
CEIRSUV;9614,25605
CEIRSUY;9614,11125,25595,25834,26015,26383
CEIRSUZ;10367,10445,11625,25286,26377,26442
CEIRTTU;25260,25949
CEIRTTX;10915,11609,11649,11656,25046,25339,26262,26517
CEISSSU;20995,21061,21109,21143,23058,23280,23285,25280,25540,25547,25596
CEISSTU;23864
CEISTTU;23918,24144,24225,24308,24841,25037,25574,26017,26043,26143,26222
CEISUZZ;
CEJKNOY;
CEJKOSY;26531
CEJNOOS;21112,25368,26268
CEJNORU;23059
CEJNOSU;8587,10923,11670,11671,21153,24322
CEJOORS;26268,26533
CEJOPRT;25175,25178,25369,25764,26269
CEKKLNU;
CEKKNOR;
CEKKOPS;
CEKLLOP;
CEKLLRY;24660,25371
CEKLMNO;
CEKLMRU;6162,26275,26536
CEKLMSU;11678,26536
CEKLNOS;2475,5503,10695,26278
CEKLNRU;6062,21158,25372
CEKLORS;25186,26155,26278,26279,26285,26537
CEKLOST;8354,8527,23061,23205,24245,24954,26537
CEKLOTY;23233
CEKLPRU;
CEKLPSU;11666,25375,25610
CEKLRSU;26155
CEKLRTU;21158,25372
CEKLSSU;11142
CEKMNOS;24988
CEKMNOY;22915
CEKMNRU;
CEKMORS;23176,23289,26538
CEKMORY;
CEKMRSU;6065,9622,11685,23928,26536,26538
CEKNNSU;
CEKNOOV;
CEKNORR;11683,26066
CEKNORS;908,10695,25701,25768,26066,26278,26295
CEKNORT;
CEKNOST;11676
CEKNRWY;
CEKNSSU;11142,21000
CEKOOPR;25769,26068,26541
CEKOOPW;23935,26541
CEKOORR;25373,25378,26068
CEKOORS;20965,23286,24326,26278
CEKOORY;23290
CEKOOSY;24124,26531
CEKOPRR;24240,24731,26068,26541
CEKOPST;
CEKORRS;26066,26546
CEKORRY;20966
CEKORST;9621,9625,10925,11685,26537,26546
CEKORTW;
CEKOSST;11668,11674,11677,21119,23179,26296,26540
CEKPRSU;9622,21161
CEKPRSY;11689,11691,21161
CEKPRUY;25050
CEKRRTU;8590,24247
CEKRSSU;9624,24733,26300,26532
CEKRSTU;21001,21164,26544
CEKRSUY;21161,23288
CEKSSTU;11686,21000
CEKSTTU;21001,21054,21164,25965,26544
CELLMOU;11695,26275
CELLNOO;6173,10845,11393,23238,24329,24956,26303,26549
CELLORS;23292,25382,26554
CELLOST;23671,25212,25384,25881,26071,26305,26551,26552,26555
CELLOSU;2549,10102,11016,11260,20953,21116,23236,25661,26170,26550,26553,26554
CELLOSY;11407,23232,23293,26552,26554
CELLRRU;
CELLRSU;11152,20983,23750,23940,26550
CELLRUY;11409,20631,24808,25517,25580
CELLSSU;
CELLSTU;25202,25209,25613,26166
CELMMSU;11678,24325,25388
CELMNOO;6182,8538,11153,11712,25214,25390,25775,26313,26314,26318,26557
CELMNSU;917,2677,6072,11154,11719,21122,23942,24330,24610,24738,25391,25549,25969,26319,26322,26561
CELMOOS;6186,11155,11714,24257,24324,24332,25582,25729,25889,26311
CELMOPS;9631,11156,25382
CELMOPX;25390,25584,25777,26314,26333,26557
CELMORS;23240,23944,24257,24259,25382,25582,26311,26335,26562,26568
CELMORT;2332,11385,11431,21124,23064,23295,23297,24668,24739,25216,25394,25779,26563,26564,26566
CELMPRU;
CELMPTU;6187,11387,25113,25393,26556
CELMSSU;
CELMSUU;
CELMSUY;2685,11724,24330
CELMTUU;21166
CELNNOU;11726,22980,25614,26172
CELNNSU;921,2677,2690,9201,9634,9635,10481,10482
CELNOOR;6173,22803,23113,24847,25616,25786
CELNOOS;
CELNORS;6193,8481,10927,11162,11163,11734,11739,26573
CELNOSU;21083,25391
CELNOTU;21003,23090,23093,25393
CELNRSU;20893,24346,25566,26561,26573
CELNRTU;2672,8599,21158,21167,23301,24340,24347
CELNSUU;9635,11719,11743,20893,21168,22784,22804,24346,25409,26561,26576
CELNSUW;
CELOOPR;6198,10932,23163,24157,24158,24348,25704,25890,25970,26077,26563
CELOORR;25373,25616,26549
CELOORS;6186,10498,11714,23292,26565
CELOOST;21127,23292,23296,24129,24338,24343,24349,25411,25550,25973,26071,26190,26305,26316,26328,26353,26551,26552,26565
CELOPPS;2699,23303,23956
CELOPRU;20885,23299,24270,25704
CELOPSU;
CELOPTU;25393,26556
CELOQSU;24742,26193
CELORRU;20895
CELORSS;
CELORST;23292,24338
CELORSU;20799,20804,23240,26155,26193,26335
CELORSV;11740,24350,25406,25967,26359,26372,26537
CELORSW;11046,25233
CELORSY;24262,26329,26562
CELORTT;24725,24846,26563
CELORTU;25394,25745,26584
CELORVY;23027,25235,25406,25407
CELOSST;20996,23068,23182,24747,25612,26080,26551,26569,26586
CELOSSU;21165,26569,26585
CELOSSX;11047,25253,25418,26364
CELOSTY;23243,23293,23296,24343,25238,25399,25802,26552,26555,26574,26587
CELOSUV;24350,25257,26332,26537,26587
CELOTTU;11744,21003
CELPRSU;
CELPSUU;10704,11767,23071,24346,25409,25617
CELPSUY;26384
CELRRSU;10511,24755
CELRSSY;9651,10107,10468,10676,24851,25371,26368
CELRSTU;
CELRSTY;9414,11050,11412,11518,26178,26283
CELRSUV;2705,6180,11740,24350,24635
CELRSUW;2712
CELRTTU;25260,25372,25796
CELRTUU;2597,2687,11504,11519,11520,21129,21158,21166,21167,23067,23301,26584
CELRTUV;10108,25248,25797,26189,26336
CELRTUY;8555,8599,11510,11521,21167,23301,26385
CELSTTU;2715,10706,25613
CEMMNOT;10519,11769,24353,25387,25803,26197,26310,26388
CEMMNOU;
CEMMOOT;26591
CEMMOOV;26400
CEMMORS;2676,6139,9654,9656,11714,24354,24355,26083,26403
CEMMOTU;6183,26556
CEMMRSU;10220,10522,21010
CEMNNOT;11716,11773,11775,25568,25803,25804,26197,26598
CEMNOOP;23308,23587,24280,24358,25390,25425,25775,25996,26314,26415,26557
CEMNOOS;8249,11057,11532,21086,21175,24280,24283,24356,25425,25426,25428,25706,26415
CEMNOOY;21175,22915,23308,24283,25619,26317,26558
CEMNOSU;11535,21122,21132,21175,25391,25428,25590,25805,25995,26319,26322,26409,26412
CEMNRSU;2336,2717,5694,26561
CEMNRTU;8372,21176,23965,25278,25423,25431,25809,26602
CEMNSTU;8373,11154,11190,11429,11541,11719,21133,22972,23683,23942,24738,25428,25435,25549,25590,26322,26394,26412,26429
CEMOOPS;
CEMOOPT;6209,24334,25438,25892,26004,26563,26564,26603
CEMOOTU;24361,25438,26008,26602
CEMOPRS;26568
CEMOPRT;23260,24285,26209,26330,26563,26564,26603
CEMOPST;2614,8607,11074,11781,26010,26331
CEMOPSU;9664,11192,11535,23259,24690,24765,25430,26409,26421,26438
CEMOPTU;6187,11075,25016,25393,25438,26556
CEMORRS;8251,23944,25439,25442,25445,25620,26087,26605
CEMORSS;24292,26198,26201,26213,26410,26422,26611
CEMOSSU;21165,24021,25420,25596
CEMOSSY;23004,23166,26267
CEMOSTU;6189,10536,10702,21125,25590,26322,26412
CEMPRRU;
CEMPRTU;24216,25278
CEMRRUY;
CEMRSTU;6191,10539,25449,26339
CEMSSUU;20805,21160,25420,25866,26002
CEMSTTU;10232,11190,11200,11560,11771,26017,26222
CENNOOR;8561,11793,11794,23290,23311,24918,26592
CENNOOS;2728,8610,11567,11727,23270,25598,26268,26448,26449,26558,26593
CENNOOT;11793,11794,23092,23265,26450
CENNORS;11727,11774,11791,11798
CENNOST;21153,25615,25635,25822,25960
CENNOTT;21104,26227,26229,26455
CENNOTV;24959
CENNRSU;2717,10481,11791,23312,26293,26614
CENOOPS;11802,22906,23274,23316,24280,24367,25401,26416,26471,26596,26617
CENOORR;11793,25378,25616,25621,26094,26549,26613
CENOORS;10942,21179,23286,23316,24930,25271,25806,26268,26617
CENOORT;24931,25073,25685,25841,26026,26094,26476
CENOOSS;8492,8612,11777,21179,23184,23318,24955,25368,26615,26622
CENOPRS;5991,22973,24367,24770,25401
CENOPRU;8615,11594,11733,21176,23065,23187,23299,23317,23589,24358,25431,26620
CENOPSU;26319,26409
CENOPSY;11182,21181,26486,26574
CENOPTU;2691,8597,21176,23317,25393,25431,26620
CENOPTY;2502,11809,21181,23073,24300,24372,25077,25432,25461,26098,26099,26458,26486,26574,26627
CENOQRU;9571,25818,25848,26487
CENORRS;2096,2401,5843,9679,9680,10703,10709,11808,21180,25624,26066
CENORRW;24937,25616,25820
CENORSS;20795,21179,26064
CENORST;20997,25419
CENORSU;23185,23312,26066
CENORTT;
CENORTU;21176,23059,23317,25431,25476,26620
CENORTV;10545,24959
CENORTW;
CENORUV;23048,23582,25427,25696,25826,25853
CENOSSY;24772,26365,26629
CENOSTT;24162
CENOSTU;10555,10923,21153,24960,25428
CENOSTV;26572
CENOSVY;6217,11671
CENOTTX;9583,11332,11609,11744,25476,26229
CENPRTY;10551,11595,24094,24300,25077,25191,25294,25432,25461,25828,26035,26099,26458
CENPTUX;25829,26459
CENRRTU;6219,8590,11619,24247,25761
CENRSSY;10945,11106,11603,11614,24851,25335,25457,26368,26427,26504,26629
CENRSTU;
CENRSUU;6220,23138,23256,24963,25409,26561,26576
CENRSUW;21177,24249,25833
CENRTUY;21167,23301,23322,26247,26627
CENSSTY;11742,11814,24372,24772,26629
CEOOPRS;11827,11831,21183
CEOOPRY;11803,11832,24158,24166,25873,26047,26048,26086,26433,26508,26582,26640
CEOORSS;8612,21179,21184,23318,24380
CEOORST;8620,11750,21185,23292,23327,24355,26399,26437,26565
CEOORSV;25341
CEOORTU;9432,11751,11794,23079,23190,23317,24361,24376,24377,25394,25841,26456,26476,26584,26620
CEOORTW;26051
CEOORVY;
CEOOSTY;11806,21185,23076,23326,24343,25802,26514,26531,26552,26587
CEOPPRR;11807,25460,26028,26068,26541,26604
CEOPPRS;25436
CEOPPRU;11219,24376,25441
CEOPPRY;6199,11807,21145,25461,25489,26646
CEOPRRS;2104,11747,21180,21183,24367,25591,26430
CEOPRRT;25873,26094,26509,26517,26518,26580,26603
CEOPRRU;8615,25369,26580,26613
CEOPRSS;2308,10574,11144,11688,24644,24770
CEOPRST;26627
CEOPRSU;21155,26105
CEOPRTT;25348,25847,26434,26516,26517,26563
CEOPRUU;23589,24377
CEOPRUV;24312,26518
CEOPSTY;10794,11225,11689,21181,23326,24167,24372,26081,26098,26108,26254,26486,26552,26574,26627
CEOQRTU;9695,25848,26487
CEOQSTU;26058
CEORRSS;8258,9699
CEORRST;26273,26299
CEORRSU;26066,26087,26542,26621
CEORRSW;11690,21135,26212
CEORRSY;11788,11843,21180,21183,26522,26646,26651
CEORRSZ;11804
CEORRTU;25369,26580
CEORRTY;9701,10717,11672,11737,11835,21075,23262,23322,23328,25489,25873,26385,26402,26640
CEORSSS;6210,9437,10558,10951,11786,11833,21179,24962,25578,25623
CEORSST;24648
CEORSSU;
CEORSSW;10951,25474
CEORSSY;11603,11845,23324,25874,26522,26534,26629,26634,26642,26646
CEORSTT;21185,21187,23080,25370,25440,25446,26109,26544
CEORSTU;21155
CEORSTV;
CEORTUU;23190,24365,24377,26461,26584
CEORTUV;10797,24312,26336,26518
CEOSSST;9603,10714,11224,11349,26296,26497
CEOSSSU;6156,6226,21143,21165,21169,23329,26567,26585
CEOSSSY;6226,25448,26040,26424,26497,26522,26555
CEOSTTT;23282,26109,26217,26478,26494,26499
CEOSTTU;21187,23918,26544,26653
CEPPRRU;
CEPPRSU;25857
CEPRRSU;26547,26630
CEPRSSU;24716,25168,25363,25859
CEPRSSY;9651,11614,11691,23324,25874,26368,26582,26634,26642,26646
CEPRSTU;20948,21155,23555,23986,24383,25480,26627,26639,26649,26653
CEPRSTY;8500,10257,10590,11124,11689,25947,26081,26108,26528
CEPRSUW;
CEPRUUV;11710
CEPSSTU;10509,23320,25435,25617
CERRSSU;26656
CERRSSY;11691,26522,26646
CERSSSU;23988,24000,24776,25458
CERSSTU;10719,10953
CERSSUZ;11213,26265
CERSTTU;21164,21187,21189,26109,26544,26653
CERSTUV;11847
CERSTUY;
CESSUZZ;
CFFFKOU;
CFFGINO;
CFFGINU;26659
CFFHINO;9263,11854,25509
CFFIIRT;11861,24003,25513,25514
CFFIKKO;
CFFIKOP;
CFFILSS;24002,26661
CFFINOS;10605,11856,11860,25511
CFFINSU;9704,10606,25510,25512
CFFKOOO;
CFFMOSU;
CFFNSUU;
CFFOSTU;25515
CFFRSSU;
CFFRSUY;
CFGIINO;11869,11870,11871,11879,26671,26674,26679
CFGIKNU;26681
CFGINOR;26684
CFHILYY;26665
CFHIMYY;26666
CFHINSU;9704
CFHIOSW;
CFHIRST;10638,10639,11892,11895,11897,11899,26690
CFHORTU;24811
CFIIIMR;11908,26670,26699
CFIIIVV;
CFIIKNY;11868
CFIILNT;11851,11907,24815,25524,25557,25558,25563,26669,26698
CFIIMNO;25568,26676,26677
CFIIMOT;25568
CFIIMRY;25526,26670
CFIINOT;8631,25561,26698,26710
CFIINOY;11870,11879,26671,26678,26679,26680
CFIINYZ;26672
CFIIOSS;24393,24394,26674,26708,26712
CFIKNNO;26681
CFIKOSS;26674,26715
CFIKTUW;
CFILMOY;8632,25583,25584,26718
CFILORS;2777,10674,11914,11930,23592,24020,25587,26704
CFILORU;11924,11927,23336,23337,23592,24823,25587,26706,26716,26717,26719
CFIMNOR;8634,9710,11854,26676
CFIMOST;24395,26709,26724
CFINORY;2783,26678,26680,26725
CFINOST;23719,24024,25590,26714,26720,26724
CFIORST;11899,11940,21027,24395,24820,24833,26690,26709,26724
CFIORSY;21027,25595,26680,26691
CFIRSTU;11922,26713
CFISSTU;26657
CFKLLOU;
CFKNORU;26681
CFKOTTU;
CFKPSUU;
CFLMRUU;10701,23337,25581,26716
CFLNORY;23725,24027,26730
CFLNOUX;
CFLNOUY;11946,24027,24028,25614,26730
CFLOOPW;
CFLOPRU;24848,26706,26717
CFLPSUU;10704,25617
CFMNOOR;26735
CFMNOUY;
CFMOORT;26685,26718,26725
CFNORTU;26736
CFOSSTU;6016,10608,25612
CFOSSUU;21191,24035,25622,26731,26734
CGGGINO;
CGGIINR;10729,11965
CGGORSY;
CGHHOSU;
CGHIILM;10746,24397,24871,26763
CGHIIMN;23098,25648,26666
CGHIINN;24398,25648,25650,26750
CGHIINR;23101,25628,25639
CGHIINT;10750,10751,11992,25641
CGHIINV;26782
CGHIKNO;6019,26785
CGHIKNU;26785
CGHILPY;2806,10761,25667,25673,26764,26770,26792
CGHILTY;10757,12004,12009,12014,25521,26760,26765,26770,26789,26795,26797,26798
CGHIMNO;11988,12022
CGHINNO;12017,25649,25677
CGHINOR;26804,26805,26806
CGHINOS;11985,11988,12022,25689
CGHINOU;
CGHINOW;12021,24045
CGHINRU;26753
CGHINSU;11978,12007,12026,24042,24046,25670,25679,26776
CGHINTU;10750,12012,25681,26777
CGHIOST;12016,12022,23332,26667,26767,26768,26798,26799,26811
CGHIOSY;11990,25698,26667,26784,26798,26808,26811
CGHLNOS;8409,8654,11985,26784,26812
CGHLOSU;25661
CGHOORT;25685,26797
CGHORUY;
CGIIJNU;9721,25714,26843
CGIIKKN;21198,26844
CGIIKLN;11965,26845
CGIIKMM;25708
CGIIKNN;12055,23359,25719,26824,26825,26852
CGIIKNP;23359,26825
CGIIKNR;11965,26845
CGIIKNS;8642,11983,12056,26674,26853
CGIIKNT;5510,8656,11868,23361,26825,26844,26854,26856
CGIIKNW;26856
CGIILLO;2117,6250,12061,12065,24404,26761,26762,26845,26857
CGIILNO;23100,24401,24405,25737,25738,26673,26741,26742,26744,26829,26845,26857,26861,26866,26867
CGIILNP;10809,12072,21199,25740,26764,26830,26871
CGIILNS;20632,26675,26737,26741,26817,26826,26829,26831,26866
CGIIMNN;2823,10815,12055,12090,24047,25648,25709,26824
CGIIMNR;2827,2828,9719,9725,10804,10816,10817,12087,12089,12090,12091,12094,25526,25718,26670,26676,26677,26875
CGIINNO;10808,12099,12103,21202,22923,23110,26671,26861
CGIINNR;10821,11875,11877,11878,12090,21197,21202,23371,24796,25710,25752,26875,26886,26887,26888,26892,26893
CGIINNW;
CGIINNZ;2825,11878,12049,12099,12103,26672,26820,26839,26861
CGIINOR;2832,8410,9330,9725,9728,10823,12075,12076,12078,12091,21202,23594,24406,24892,25756,25757,26845,26866,26867,26868,26875,26876,26877,26885,26886,26887,26896
CGIINOV;12081,12108,12112,23110,23370,26888,26894
CGIINPR;2832,2834,8659,11880,12075,26830,26868,26871
CGIINPS;2835,12092,12101,23372,26878
CGIINRT;23360,23364,23371,26840,26892,26893
CGIINSS;11996,12092,12095,12115,26674,26779,26780,26819,26879,26880,26886,26889
CGIKLNO;26847
CGIKLNU;
CGIKMNO;26785,26852
CGIKMNU;6254,12129,21207,23349,26785,26851
CGIKNNO;26852,26904
CGIKNOO;21203,26905
CGIKNOP;8412,8946,9731,12000,12140,25769,26847,26901
CGIKNOR;
CGIKNOS;21043,26674
CGIKNOT;21208,23361,26844,26905
CGIKNOW;
CGIKNOY;
CGIKNPU;23350
CGIKNRU;6254,12129,21209
CGIKNSU;25767
CGIKNTU;21208,26844,26854,26856,26905
CGIKNUY;26851
CGILLNO;244,12061,12143,21041,21045,21203,21204,24068,25659,25771,26747,26845,26857,26900,26908
CGILLNU;21204,24037,26747,26908
CGILMNU;
CGILMNY;2848,10851,12006,12159
CGILNNO;11885,11966,11972,12073,12143,12157,21192,22927,24070,24412,24905,26738,26744,26861,26918,26919
CGILNNU;22927,23363,23740,24070,24071,24412,25783,26738,26862,26863,26864,26919
CGILNOO;8661,9735,12143,12157,21192,21203,26747,26791,26857,26861,26865,26908,26918,26923
CGILNOS;26660,26741,26829
CGILNOT;25776,25793,26829,26865
CGILNOW;
CGILNOY;6258,6259,11870,21046,25793,26660,26795,26868
CGILNPY;2806,2853,23114,25740,26764,26792,26868
CGILNRU;23365,26830
CGILNSY;2854,6258,12002,12011,12014,12171,24410,26660,26784,26796,26831,26910
CGILOOO;21049,22928,23366,23374,24077,24411,24910,26766,26791
CGILORW;
CGILOTT;12176,25744,25801,26752,26873,26930,26931
CGILPSU;
CGILPTU;10866,25783
CGILPTY;2853,26770
CGIMMNU;26851
CGIMNOO;12185,23379,25775,26685,26853,26857,26936
CGIMNOP;26877
CGIMNOR;23117,25633,25809,26676,26677,26684,26685,26877,26936
CGIMNOS;23379,26879
CGINNNO;10888,12099,12198,23122,24083,24085,24413,24916,25804,25813,26842,26852,26883,26941
CGINNNU;24413,26843,26883,26941
CGINNOP;12101,12102,12103,25677,26885
CGINNOR;11972,21202,23381,26888
CGINNOS;5853,21043,25635,25827
CGINNPU;24922,25783,25829,26862,26863,26950
CGINNSY;12200,26679
CGINOOP;2866,12166,26901
CGINOOS;12184,12185,20951,21216,23379,23380,24930,25838
CGINOPP;
CGINOPS;9742,10860,10890,12101,12144,23372,25689,26794
CGINOPU;
CGINOPW;12112
CGINOPY;11879,12209,21196,24414,26739,26792,26806,26868
CGINORS;
CGINORU;24919,25810,25818,25826,26659,26677,26941
CGINORW;12021,26955
CGINORY;24415,24941,25695,26678,26680,26801,26806,26868
CGINOSS;12030,26674
CGINOST;
CGINOSU;12079,12147,12185,12190,21214,23382,26891
CGINOSV;9743,12213,24944,25812,26921
CGINOSW;12205,21216
CGINOSY;2868,6258,12171,12200,21216,23129,24093,24410,24941,24945,26660,26679,26680,26784,26808,26910
CGINOTT;6261,8665,12106,12111,12191,12203,12207,21208,21217,23361,25813,25849,26874,26897
CGINOYZ;6259,26808
CGINPPU;9740,23346,26862
CGINRRU;11888,12121,26940
CGINRSU;
CGINRSY;11881,12011,12124,26680,26796,26831
CGINRTU;23360,23371,26753,26840,26893,26950
CGINRUV;25696,25714,25826
CGINSSU;8670,10900,12190,23357,23382,23384,24407,26661,26926,26927,26935
CGINTTU;12119,12125,12206,21208,25849,26753,26893,26897
CGIOOOS;23366,23374,23379,23380,24077,24910,25798,25835,26951
CGIOOST;8663,12016,12175,12219,26767,26798,26873,26915,26931
CGIOTYZ;
CGKLNOU;21204,22926
CGLLOSY;2875,12227,23386,24410,26910
CGLLSYY;
CGLNOSU;2879,12079,12147,21214,26961
CGLOOSU;12229,21214,26924
CGNOOSU;10943,12185,12208,12229,21214,21219,22807,24960,25871,26924,26942,26954,26956,26961,26965,26966
CGOORRW;26943
CHHIIKS;
CHHIKOR;
CHHINOR;10962,12247
CHHINTU;8676,26974
CHHIRST;12245,26751
CHHISST;2889,12248,24420,25879,26968
CHHISTY;24419,26967,26968
CHHLOTU;
CHHNOOS;2890,24422,26975
CHHOSSU;
CHHRTTU;26753
CHIIKLM;
CHIIKMS;
CHIIKNN;
CHIIKSS;25901,26686,26988
CHIILLS;1787,6264,12264,12265,24418,24425,26989,26992
CHIILNT;12266,12268,26994,26997,26998
CHIILOT;6266,8682,26762,26994
CHIILST;24977,25647,25917,26771
CHIILTY;8684,24426,26760,26765
CHIIMST;1789,8686,12260,24423,26996,27003,27004,27005
CHIIMSU;10990,12276,12277,23595,24423,27005
CHIINNP;12281,12282,27008
CHIINOS;10981,11985,11988,12284,21225,23145,23395,24432,24979,25908,25910,25930,25931,26772,26775,26985,26991,26993
CHIINOT;6237,6271,8438,8689,10994,11992,12268,12280,12281,21193,21222,24117,24118,24399,25652,26994,26997,27008
CHIINST;21225,26985
CHIIOPT;9748,12281,23401,23402,27008,27012
CHIIOST;23402,23758,24118,24120,24419,24436,25942,26968
CHIIRRS;2899,10999,12295,23403,24983,25946,26769,27003,27015
CHIJKOS;
CHIKLLO;25897
CHIKLTY;25898,27019
CHIKNOO;
CHIKORS;
CHIKORY;
CHIKOST;23332,23405,27021,27022
CHIKPSU;12262,25964
CHIKRSS;
CHIKSST;6240,6274,12298,12301,26686,26988
CHIKSTY;25966,26967,27019
CHILLMU;12310
CHILLTY;2901,12004,12311,12319,26760,26989
CHILNOO;23392,25665,25666,26791,26994,26997,27030,27031,27032
CHILNOR;2902,11893,12334,26998,27032
CHILNSY;9759,12002,12011,12312,12335,25663,26784,26796,27027
CHILOOS;8694,8697,8702,12016,12242,12308,12326,22813,23351,26767,26786,27029
CHILORS;6275,12342,12343,26769,26786
CHILORT;24443,26797
CHILOST;2910,11035,12016,12243,12339,22813,24129,25881,25956,25973,25983,25991,26798,27019
CHILPSY;25976,26984,27028
CHILSTU;10985,21195,25544,25969,25983
CHILSUY;9757,26796,26970,26992
CHIMMOR;
CHIMMOS;26800
CHIMNPY;11065,26001
CHIMOPR;21224,24134,24448,25675,25921,25970,25996,26691,26971,27001,27002,27025,27041,27042,27043
CHIMORS;12279,12309,12367,23397,24448,26691,27001,27041,27043
CHIMRRY;2925,12246,12364,25018
CHIMRSS;23389,27040
CHIMSSS;25546,25547,26006
CHIMSTY;11070,11085,12330,25020,26010
CHINOOR;8712,24138,24451,25683,25927,26805,26806,27032
CHINOPS;22809,26794,26975
CHINOPY;2928,6277,12269,12314,21196,21223,24451,25980,26001,26739,26792,26806,27030,27031
CHINORS;11898,12306,21225,24432,26804,26985,27011,27052
CHINOST;21071,21225,24432,25652,25910,25960,26018,26985,27021,27052
CHINOSU;12378,23412,24450,25931,26033,27009
CHINPSY;24433,25937
CHINQSU;26776
CHINRSU;24133,25931,25982,26022,26038,27011,27017,27052
CHINSTY;2929,12381,25033,26023,27040,27052
CHINTUW;26777
CHINTYZ;
CHIOOPR;955,5704,5858,6055,8712,12032,12033,21073,21224,21235,23408,24138,24391,25675,25970,25996,26047,26805,26806,26971,27012,27057
CHIOORS;26786
CHIOORZ;11041,12033
CHIOPRT;21236,23401,27002,27012,27054
CHIOPST;2910,12243,12249,12339,26768,26794,27022
CHIOPXY;26055,27031,27060
CHIORST;23418,27052,27062
CHIORSW;9752,12306,20906,27024,27062
CHIOSST;24420,24436,24445,26774,26968,27036,27051
CHIOSSZ;24453
CHIPRRU;12035,26778
CHIPRRY;2935,6058
CHIPSSY;12286,21227,24433,25698
CHIQSTU;
CHIRRSU;10634,11105,23167
CHIRSTY;2937,12294,12385,12390,23418,26811,26990,27015,27040,27052
CHISSST;12344,12368,25034,25962,27063
CHISSTU;259,12360,23357,23417,24436,24445,27051,27061
CHISTTU;2938,23165,25544,25965
CHISTVZ;26782
CHISTWY;9774
CHISYZZ;
CHITTWY;
CHKLOOO;
CHKLOOT;12396,26063
CHKLOSS;6063,12394,12397,12398,21229,24437,25956,27018
CHKLOSY;21228,26784,26977
CHKMMOO;
CHKMMOU;25958,26785
CHKMOSS;27018
CHKMSSU;6284,25959
CHKMSUY;
CHKNNUU;
CHKNOOS;23177,24455
CHKOOST;6283,6287,21078,27022
CHKORSU;6245,12399,24151
CHKPTUU;
CHKSSTU;25959
CHLMOOS;8697,9756,11155,12308,12326,12406,25889,26993,27029,27066,27068,27070
CHLMORY;2946,12328,27025
CHLMPSU;
CHLOOSS;6246,9780,12398,12412,21241,24437,24440,26793
CHLOOST;11155,11169,12016,12404,22813,23419,24129,24458,25550,25891,25973,25986,26071,26695,26767,26798,26812,27070,27071
CHLOPST;2910,8719,8723,12243,12339,12404,12409,24458,26071,26768,26794
CHLORSS;25059,26799
CHLORTY;12338,24443,26797
CHLOSSS;12344
CHLOSUY;8485,20622
CHLOTYZ;
CHLSTUY;
CHMOORS;9781,12406,24446,24460,27001,27041,27043,27068,27070
CHMOOSS;12415,26802,27039
CHMOOST;6283,9783,11155,12362,12415,21242,25551,25973,26007,26085,27070
CHMOOSY;21086,27043,27075,27076
CHMOOSZ;26803
CHMOSUY;12416
CHMSTUY;26016
CHMSTUZ;
CHNNOOR;12351,27077
CHNNOSU;23412,24462,26775,27009
CHNOOPS;12352,12373,12420,26816,26975,27049,27075
CHNOORS;9781,24455,24460,27066
CHNOORT;9423,25073,25074,26094,26095,27077,27078
CHNORRS;8727,11898,12400,25075,26025,26066,26804
CHNORSU;23185,23412,25931,25982,27066
CHNORSY;12253,12408,23413,25076,26034,26098,27049,27052
CHNORTU;6291
CHNOSZZ;
CHNOTUU;26102
CHNSTUU;23181,26102
CHOOPPS;25072,26092,26093,26975,26976,27076
CHOORST;6279,24458,24465,26697,27034,27070,27080
CHOORSU;24455,26696,26697,27079,27081
CHOOSST;11217,12382,12412,12415,12419,12422,26080,26106
CHOPPTU;11219
CHOPSSY;12421,21227,25698
CHOPTUU;
CHORRSU;11227,25086,26066,26087,26696,26697,27081,27082
CHORSTU;23417,27005
CHOSSTU;12045,12412,12415,12423,23188,23417,24436,24445,24459,25070,26014,26041,26106,27051,27061
CHOSSTW;2145,12251,12401,27023
CHPSSTU;27051,27061
CHPSSUY;
CHRRSUU;
CHSSTUY;
CIIILLT;2963,12046,24168,27089
CIIILNV;21091,21244,25557,26121,26817,26818,27087,27093
CIIIMNR;9719,11908,26670,27090,27097,27098
CIIINPT;12431,26114,26120,26139,26825
CIIJLUY;9792
CIIKKLL;
CIIKKMS;8733,26822
CIIKLPY;9797,25898
CIIKMMM;26823
CIIKMNN;12055,26824,26852
CIIKNPS;12261,12262,23206,26159
CIIKNPT;24972,26825,26854
CIIKNSW;
CIIKNTU;26844,26854,26856
CIIKPUW;
CIIKSST;12450,23424,23425,26686,26988
CIIKSTT;12263,25724,26115,26160,26686,26755,26757
CIILLTY;6297,8737,12065,12461,26171,26760,26989,27089,27116
CIILLVY;
CIILNOP;2152,2895,12269,12476,12478,21223,26706,26997
CIILNOS;2970,2979,11856,12462,26741,26866,26993
CIILNPS;24475
CIILNUV;12086,26189,27093
CIILNVY;11286,26121,27087,27093
CIILOOT;6266,8682,26762,26767,26873,27125
CIILOPT;9801,11267,12486,25744,26123,27127
CIILORT;9806,12430,21245,27122,27127
CIILOST;12492,20636,23205,25119,25567,27125
CIILOTT;12486,12492,21245,25744,25894,26177,26873,26999,27116
CIILPRY;22791,25740,26868,27094,27127
CIILPSY;11297,12494,21248,24478,26984,27092
CIILSSS;8741,27129
CIILSSV;12470,12490,12491,12500,12501,26180,26195
CIIMMNO;26197,26874,27131
CIIMMRY;12087,21246
CIIMNNO;23395,23428,23429,25568,26172,26197,26200,27096,27135
CIIMNOS;23395,26204,26772,26876
CIIMNOT;26874,26994,27097,27131,27135,27136
CIIMNRY;2158,12087,12451,25526,26670
CIIMOST;27099
CIIMOTT;24215,25132,26177,26214,26217,26874,26995,27099,27138
CIIMOTV;11315,23438,24430
CIIMRST;
CIIMSSV;9475,26133,26180,27139
CIIMSTV;23438,26180,26222
CIINNOT;23439,23441,26698,26710,27008,27102,27135,27141
CIINNTU;6251,12109,12110,23371,25569,25754,26145,26750,26777,26839,26843,26854,26893
CIINOOT;8753,12111,12280,12521,12528,20798,20878,21106,21222,23441,26710,26894,27131,27141,27143
CIINOPR;2832,3000,12075,12476,12478,26706,26868,26877,26895,27136
CIINOPS;2993,8754,12101,23372,26878,27107
CIINORS;2979,11918,12076,12091,12104,12432,12454,12462,23369,26688,26699,26772,26866,26875,27095
CIINORT;12533,27097,27136
CIINPRS;12483,23206,23569,25116,25149,25932,25936,25937,26159,26161,26187
CIINQTU;25760,26840
CIINRST;2990,3005,3007,3008,12094,12123,12124,12442,12536,23347,26751,26892
CIINRSU;24486,27011
CIINSSV;24224,25762
CIINTUY;9825,12539,23431,26247,26897,27093
CIIORST;22935,23224,23227,23445,24491,26841
CIIOSTX;2991,23227,25758,26192
CIIOSUV;12490,24230,26891,27125
CIIPRSS;12515,12541,12546,21226,24490,24492,26712,27153
CIIPRTY;3006,9489,12294,23401,25944,25947,26253,26770,27015,27094,27127
CIIRSTV;3008
CIIRTTY;12272,12461,12498,23436,25122,25950,27094
CIIRTVX;
CIJKORS;
CIJNNOO;
CIJNNTU;26145,26843
CIJNOOS;21112
CIKKLLO;
CIKKOPT;20979,23231,27105
CIKKOTU;26844
CIKKPSU;
CIKLLOP;9795
CIKLLOR;21115,25181,25897,26148,26275,26845,26900
CIKLLOS;21116,23232,24408,26714
CIKLLOW;
CIKLLSY;6272,20813,21228,23232
CIKLLUY;
CIKLMSU;26846,27017
CIKLMSY;
CIKLMUY;
CIKLNOS;21117
CIKLNRY;26283
CIKLNSU;27017
CIKLOOO;
CIKLOPY;
CIKLOPZ;26847
CIKLORY;
CIKLPRY;
CIKLQUY;
CIKLRTY;12559,26283
CIKLSTU;12554,26902
CIKMNNO;26852
CIKMNSU;21207,23349,27017
CIKMOOS;26853
CIKMORR;8146
CIKMSSU;
CIKMSTU;
CIKNNOP;12558
CIKNNOW;
CIKNOSW;12306,27021
CIKNPSU;12262,26281
CIKNPSY;26754
CIKNPTU;23447,26854
CIKNSTU;26293
CIKOPPT;23231,24250
CIKORRS;27164
CIKOSTU;26291,26904
CIKOTUW;26856
CIKPPSU;
CIKPSTU;12555,25200,25964
CIKPUWY;
CIKRSST;978,5712,6274,9835,9836,12450,12553,12564,23425,24498,27159,27161
CIKRSTY;25966,26283
CILLNOS;24500,26714,27027,27111
CILLNOU;9837,12577,12578,12579,12580,12582,21204,23449,26703,26747,26908,27115,27170
CILLOOR;3024,12150,12153,12568,12583,12585,23449,26900,27166
CILLOPY;6325,12154,12314,12318,12569,22817,23427,23450,24404,27028
CILLRUY;6329,11409,11927,12156,12590,25580,26970
CILMNOP;27179
CILMNOS;20913,21122,21123,26993
CILMNSY;11384,12465,12606,21123,26317
CILMOOS;23374,24499,25729,25780,26326,26705,26915,26916,26993,27029,27109,27178
CILMSTU;2772,3038,3042,12468,12471,12606,21126,25220,25969,26334
CILNOOR;20810,21261,27188
CILNOOS;9709,12596,24474,24500,27178,27187
CILNOPR;11893,12075,12166,12476,12478,12627,26706,26868,26901,27188
CILNORY;5713,8743,12167,12334,12455,23598,25235,25980,26320,26360,26868,26998
CILNOSU;21214,27187
CILNOTU;3012,3032,12578,12603,12640,23090,23854
CILNOXY;12482,12629,27031
CILNPRU;6130,24074,24265,26345,26706,26830
CILNPSU;8955,11469,12315,12464,12624,24475,25230,26168
CILNPTU;3064,25783
CILNSTU;21195,22820,23431,26833,26902
CILOOPT;10876,12583,12608,12609,12628,12655,23450,23459,23461,25210,26303,26313,26923,26930,27188
CILOORU;9842,12585,26717,27166
CILOOSS;20914,24437,27190
CILOOST;5871,8663,8702,12016,21262,22813,24129,25973,26326,26767,26798,26873,26915,26931,27125,27172,27173
CILOPRW;
CILOPRY;2909,12318,21064,23393,23408,23461,24131,24441,25980,26381,27025,27127,27190
CILOPSU;3069,12661,12663,23599,25230,26332,26384,27120,27126,27174,27191
CILOPSW;11398
CILORST;24495,26925,27174
CILOSTU;1834,3038,3069,11292,12339,12663,12668,21262,25567,25746,26334,26337,26387,27125,27126,27172,27174
CILPRSY;2858,3076,26368,26381,26383,27190
CILPRTU;24270,25541
CILRRSU;3073,3079,12670,27128,27192,27194
CILRSUU;12177,12594,12604,12616,12617,26339,27191,27194
CILRSUY;12156,12178,23378,25246,26383,26796,26970,27167
CILSTTU;12497
CIMMNSU;12503,25993,26396,27197
CIMMOSS;20986,23464,24508,26198,26390,26393,26398,26403,27130,27196,27198,27200,27202
CIMMOST;11526,12593,25267,26401,27132,27199,27201
CIMMOTX;26405,27131
CIMNNOS;12677,12678,12681,23395,27096
CIMNNSU;11422,21133,23868
CIMNOOR;24281,25273,26936,27207
CIMNORS;24480,27095
CIMNOSS;24508,26802,27039,27196,27198
CIMNOSU;9552,11535,12185,12190,21122,23873,24286,26321,26421
CIMNRSU;21210,27017,27213
CIMOORS;9858,22904,23214,23258,23465,26430,26433,26722,27001,27041,27043
CIMOORT;998,5716,6142,6307,8803,12193,12361,12568,12598,12608,12685,12693,12695,21124,21231,21232,23437,25779,26003,26685,26718,26725,26936,27044,27166
CIMOOST;21263,21264,26915,26937,27199,27209,27212
CIMOPSY;12698,23465,24448,26010,26433,26691,26878,27043,27209,27213
CIMORSU;3037,3092,3096,9843,9858,12616,23240,23259,23339,25592,25594,25595,26012,26335,26403,26421,26423,26438,27005,27167,27203,27213
CIMOSST;21258,23452,25277,25284,26422,26425,27018,27039,27210,27215
CIMOSSY;12615,12676,23166,26267
CIMOSTY;6332,11973,12162,12681,12688,21264,23263,24291,26010,26437,26443,26915,27132,27209,27212
CIMOTYZ;
CIMPRSS;3091,12370,12515,12611,26426,26880
CIMPRSY;12698,23465,24448,26015,26433,26691,27043,27213
CIMRSSU;3098,11440,11544,11559,12469,20887,21136,21265,23389,26012,26206,26441,27185
CIMRSUU;12594,12604,12616,12617,23091,25594,26339,26423
CIMSSTU;6344,12360,12369,12514,21068,25281,26017,26429,27215
CIMSSTY;6334,12192,12618
CIMSSUV;12605,26446,27202
CINNNOU;12197,12706,24413,26941
CINNORU;12680,12713,23381,26941
CINNOSU;20801,21140,23242,23382,23455,23467,24260,26775,26891,27009,27187,27219
CINNOTU;
CINNSUU;12624,12715,26463,26864,27205
CINOOPR;26805,26806,26901
CINOOPS;3085,9861,12352,12373,12677,12721,22906,23274,24280,25296,26416,26471,26975,27112,27178,27206,27209
CINOORS;8290,11937,24298,24930,25600,25838,26268,26454
CINOOSS;12722,24508,27198,27210,27222,27225
CINOOSV;11567,26454,26474
CINOPPS;23372,26029,26231,26975,27206
CINOPRX;25301,26470,27147
CINORRT;26952,27136
CINORSS;27222
CINORST;
CINORSZ;6150,11572,11607,25300,25310,26203,26351,27050,27137
CINORTU;27097
CINORTY;23277,23400,24300,25312,25695,26035,26320,26360,26392,26419,26458,26725,26998,27052,27225
CINOSST;8766,8812,12644,12646,21253,21255,27189
CINOSSU;10900,11363,11596,12190,12729,23280,23281,23382,23470,24486,24489,26393,26726,27119,27144,27196,27219
CINOSTU;27230
CINOSUZ;26395,27137
CINOTXY;12482
CINRSTU;
CIOOPRT;3126,11629,12193,12218,12583,12608,12655,22801,23432,23459,23461,23473,26508,26711,26928,26930,27012,27122,27231
CIOOPSU;8816,23599,26510,26942,27178,27191,27208,27217,27224,27234
CIOOQTU;23245
CIOORST;3127,12219,22935,25340,26050,26051,26251,26512,26513,27152,27235
CIOORSU;8575,9858,11937,24298,26251,26436,26513,26727,26954,27152,27217,27224,27234,27235
CIOPRST;27174,27238
CIOPSTY;12662,12663,23462
CIOQRSU;1002,12544,25350,26193
CIORRSU;23339,23444,24515,26899,26957,27194
CIORSSS;12675,12702,12731,21259,24514,25578,27153
CIORSTT;23418,24491,27024,27062,27138,27233,27234,27235,27238
CIORSTU;3096,9829,12544,12741,23417,27005,27174,27232,27234
CIORSTV;3115,3130,12213,12726,12736,27186
CIORSUU;6155,8819,12177,12214,12616,23383,23444,25587,25594,25603,26382,26423,26727,27191,27194,27226
CIORTVY;23228,26443,26444,27127
CIOSSSY;12699,25316,26040,26424,26497,26522,27014,27151
CIOSSUV;3132,12490,23248,23281,24149,25257,26446,27202,27219
CIOTTUY;12691,26897,27145,27230
CIPRSST;12370,12379,12546,24492,27061,27153,27232,27236,27238
CIPRSSU;12250,24492,24716,25168,25363,25859,27061,27232
CIPRTTY;26528,27094,27231
CIPRUVY;
CIPSTTY;12386,26486,26528,27157
CIRRTTU;10693,11131,12742,25260,25949
CIRSSTU;5720,12446,12564,23417,24492,24493,24516,27061,27193,27195,27232
CIRSTUY;12447
CIRTUVY;11521,11627
CISSTUY;21150,26429
CJKNNOO;
CJNORUY;
CKKLNUY;
CKLLMOU;26275
CKLLOOP;
CKLLOOR;26900
CKLLORU;21115,26275
CKLNOSU;
CKLNOTU;
CKLNUUY;
CKLOOOY;
CKLOOPR;26901
CKLOORW;12302
CKLOOTU;
CKLOPSU;21159
CKLOPTU;
CKMMMOU;
CKMOPSU;
CKNOOOR;
CKNOOTU;23447,26905,26906
CKNOPUW;
CKNORSU;21218,24326,27240,27243
CKNOSTU;5724,9874,21239,27240
CKNSTUU;26284
CKOOOPT;21156
CKOOOTU;26905
CKOOPPS;23481
CKOORSU;24326,24455,26542
CKOORTU;26906,27245
CKOPTTU;
CKOPTUU;
CKORTUW;
CKOSSTU;20638,21271,21272,26545,27248
CKSSTUU;
CLLMOSU;24499,27109,27167,27168
CLLOOPS;8777,9876,12404,12405,12766,12769,26071,26305,26552,26907,27112,27249
CLLORSS;3140,12770
CLLOSUU;12227,23448,26554,26731,27168,27175,27250
CLMNOSU;12595,12773,21122,24330,25391,26321,27066,27067,27253
CLMOOPT;12608,12609,24334,26313,26563,26564
CLMOPTU;6187,25393,26556
CLMOSUU;6362,12616,21260,21273,27029,27168,27250,27253
CLMPRUY;27257
CLMSUUU;
CLNOORT;21261,27188
CLNOOSS;12398,27261,27262
CLNOOSU;12229,12773,12786,21214,23485,24155,24337,24474,24520,25391,26732,26924,27066,27178,27187,27253,27259
CLNOSSU;2187,12763,23457,27033,27119,27261
CLNOSTU;24520
CLNOSUW;21240,24520
CLNRSUU;11933,12604,12783,20893,24346,25409,26561,26573,26576
CLOOPPW;
CLOOPST;8600,12404,12766,12769,12790,24458,25411,26071,26583
CLOOPTY;9848,12609,12791,23450,23461,26564,26962,26964,27260
CLOORSU;10498,11949,12229,12746,12786,12790,12793,12794,26553,26732,26734,27257,27259,27267
CLOORUY;6357,8294,12786,23485,24351,26729,27257
CLOOSTY;11721,12776,12793,23296,23419,23484,24343,25802,26565,26587,26798,26915,26931,27171,27173,27263
CLOPTUY;11704,12663,12787,26556,27266
CLORSSW;27161
CLORSSY;6364,12615,12770
CLORSUY;6364,12178,12793,12794,21273,23378,23485,26730,27167,27257,27263
CLORTUY;3136,12551,26385
CLOSSTU;20638,24459,25612,26569,27258,27267
CLPRSUU;12617,12771,23071,23305,24346,25409,26536,26561,26568,26573,27191,27268
CLPSSTU;10509,25617
CMMNOOS;12799,26721,26932,27037,27130,27197
CMMOORS;9656,11714,12406,12592,12799,24354,24355,25064,26083,26721,26722,27201
CMMOOST;12799,27199,27201
CMMOPSY;3143
CMMRSUY;
CMNNOOS;9872,12677,24356,25268,25389,26312,26558,26593,27197
CMNOOOT;26912,27177
CMNOOPY;23308,27179
CMNOSSY;26601
CMNPTUU;
CMOOPRT;2953,3160,6209,12193,12608,12693,12806,12807,26563,26564,26603,26936
CMOOPST;12694,26937,27209
CMOORSU;9858,12803,26436,26600,27243,27257,27272
CMOOSTY;12688,12776,21264,26915,27209,27212
CMORSTU;3096,21266,27005,27211,27243,27272
CMORTUW;
CMOSSTU;12369,12415,12804,23452,27215
CMOSUVY;
CMPRSSU;
CMPRSUU;12617,24519,26536,26561,26568
CMPRSUY;26015,27213,27257
CNNOORS;11727,23487,26268,27217
CNNOPSY;
CNNORTU;12680,12713,12801,27274
CNNORUW;26941
CNNOSUY;
CNOOOPS;9890,23274,24526,25835,26092,26951,27206
CNOOPPR;12418,12810
CNOOPRU;8809,23317,24358,24513,26620,27223
CNOOPSU;24526,26942,27178
CNOORRW;25616,26943
CNOORST;22823
CNOORTT;12207,12718,26736,26946,27047,27078,27143,27216
CNOORTU;23317,24513,25841,26456,26476,26620,26736,26906,26947,26955,27223,27274
CNOOSST;11732,12419,12804,12808,25459,26420
CNOOSTT;9674,11796,11806,12527,23980,24162,26096,26471,26478,26965,27227
CNOOSTY;11806,12688,12814,21264,23076,23419,23458,23484,24343,26966,27209,27225,27252,27263
CNOOSUU;26956,27226,27253
CNOOSVY;
CNOOTTW;23981,24525
CNOOTTY;21217,27260
CNOOTWW;
CNOPRTY;11595,11809,12209,12637,12689,24300,25077,25432,25461,26035,26099,26458
CNOPSTU;3150,12409,12787,12816,27120
CNORSSU;300,3162,6370,8962,12733,12815,23488,24486,24522,27144,27229,27261
CNORSSY;11603,12734,12815,26629,27225
CNORTUY;23322,26627,27052,27263,27274
CNRSSTU;6370,12788,23488
CNRSTUY;26627,27263
COOORSZ;27079
COOPRRT;2194,3160,12655,12810,12818,12819,25873,26046,26094,26465,26508,26509,26580,26603,26711,26952,27223,27265,27276
COOPRSS;6356,8814,12820,24490,26712,27190,27261
COOPRTU;12791,12807,23317,24361,24376,24377,24513,26620,27223,27265
COOPSTU;8816
COOPSUY;24526,27266
COORSTU;21277,26697,27152,27235,27272
COORSUU;10948,26727,26734,27226
COORTUW;26955
COOSSTY;23326,23490,25486,26514,27225
COOSTTY;11806,26931,27227
COPRRSS;1867,12820,27236,27237
COPRRTU;12742,25369,26518,26580,27265
COPRSTY;11689,12231,12755,20923,24454,26081,26108,26811
COPRSUU;20922,27268
COPRTUU;12817,20922,24377,26655
CORRSSU;2960,3162,12826,21271,23491,24515,27082,27194,27239
CORRSUY;20815,24515,26651,27081
CORSSTU;21268,21271,27061,27229,27248
COSTTUU;11650,26102,27230
DDDDEIL;23492
DDDEEGR;27281,27286
DDDEEHL;1025,12831,12834
DDDEEHS;
DDDEEIR;8843,12839,27282,27290,27291,27292,27294
DDDEEKS;
DDDEELM;12834
DDDEELP;3174
DDDEELR;27286
DDDEELS;12838,20639,27280,27286
DDDEELU;12834
DDDEEMO;
DDDEENS;23493
DDDEENU;
DDDEERU;12836
DDDEEST;
DDDEFIL;27297
DDDEFLU;
DDDEGII;27300
DDDEGIR;21279,27300
DDDEGLU;
DDDEGRU;
DDDEHIW;
DDDEHLO;
DDDEHLU;12834
DDDEHTU;
DDDEIIK;
DDDEIIR;27300,27303
DDDEIIS;21282,27287,27296,27304
DDDEIIV;21282,27302
DDDEIKS;
DDDEILM;
DDDEILN;12849,21281
DDDEILP;3178
DDDEILR;3178,3179,12849
DDDEILS;12838,23494
DDDEILT;3179,12832
DDDEILW;27297
DDDEILY;
DDDEIMU;
DDDEIOR;6375,12846,21279,27291,27292,27294,27300,27303
DDDEIOS;6375,21280,23494,27287,27289,27291,27293,27296
DDDEIRS;6375,12839,12846,27290,27291,27293,27294,27304
DDDEIRU;
DDDEISU;21282,23493,27296,27304,27305
DDDELMU;12834
DDDELNO;12849,12851
DDDELOO;12851,27297,27306
DDDELOP;27306
DDDELOS;12844,20639,23494,27280,27286
DDDELOT;27306
DDDELPU;27306
DDDELRU;
DDDENOS;23494
DDDEOPR;
DDDEOQU;
DDDEORS;
DDDEORY;27307
DDDEPSU;12843
DDDERSU;12843,27295,27304
DDDERUY;
DDDESTU;
DDDGINO;27299
DDDIMSU;
DDEEEFX;
DDEEEGR;
DDEEEIR;6379,21287,27334,27347
DDEEELN;21289,23509,27321,27322,27327,27329,27351,27353,27354
DDEEELT;8850,12868,12876,12877,23497,23507,27351,27354,27357
DDEEELV;27328,27358
DDEEELW;
DDEEEMN;21289
DDEEEMR;21290
DDEEENT;12859,12868
DDEEENW;27330
DDEEEPS;12871,12875,23519,27326,27331,27360,27371
DDEEESS;12871,12883,23514,27347,27368,27374,27375
DDEEEST;12875,12877,23497,27360,27371
DDEEESX;27367
DDEEEWY;27330
DDEEFGL;
DDEEFII;12890,12891,23520,23521,27381,27382,27383,27385,27386,27387,27389
DDEEFIL;23522,27379,27382,27383
DDEEFIN;12890,12891,23520,23522,27381
DDEEFLU;12893,12894,27396
DDEEFNS;12897
DDEEFSU;12893,12899,27319,27396
DDEEFUZ;12894
DDEEGGL;
DDEEGIN;27405
DDEEGIS;27401,27413
DDEEGLP;
DDEEGLS;27280,27286,27321,27407,27409
DDEEGLU;
DDEEGNU;27410,27411
DDEEGRR;27412
DDEEGRS;27325,27401
DDEEHLS;23528,27428
DDEEHNU;27423
DDEEHRS;21296,27326,27331,27380,27417,27428,27430
DDEEILM;21299,27382,27383,27456
DDEEILR;27382,27456
DDEEILS;12838,12941,12947,21299,21300,27383,27407
DDEEILV;12946,27328,27434
DDEEILW;21300
DDEEILY;12940,23533,27407,27409,27458,27464
DDEEIMN;3184,3189,12869,12932,12933,12951,21301,21302,27384,27468
DDEEIMP;
DDEEIMS;12932,12941,21293,27383,27384,27390,27472,27474
DDEEINR;12955,27290,27480,27482
DDEEINS;12932,12954,20818,23493,23531,27289,27327,27419,27424,27439,27459,27468,27472,27483
DDEEINT;23503,27337,27479
DDEEINW;12869,27289
DDEEINX;12954,27343,27405
DDEEINY;23533,27407,27458
DDEEINZ;12891,12933,12945,12958,27322,27324,27345,27490
DDEEIOV;12946,12962,20640,21305,27346,27408,27484
DDEEIPR;23501,27317
DDEEIPS;12941,23539,27443
DDEEIRR;3190,12955,23506,27392,27486,27487,27495
DDEEIRS;27323,27390,27401,27439,27446,27469,27483
DDEEIRV;21305,27484
DDEEIRW;12964
DDEEIST;27452,27501
DDEEISV;27328
DDEEKKO;
DDEELLU;12972,23545,27502,27503
DDEELLW;
DDEELMO;12976,21289,21298,27350
DDEELMR;12942,27382
DDEELMS;6397,12941,12975,21299,27350,27383
DDEELNO;22826,23509
DDEELNS;12975,27321,27327,27353,27407,27419,27459,27509
DDEELOP;
DDEELOW;21300,27318,27414
DDEELOY;22826,27376,27393,27464
DDEELPR;12920,27455
DDEELPS;
DDEELRS;27358
DDEELRT;
DDEELRU;23548,27457,27460
DDEELSU;6400,12893,27419
DDEEMMO;27350,27466
DDEEMOT;12976,12987,27421,27422
DDEEMRU;3195,12989,27313,27340,27397,27437,27467,27471,27473
DDEENNU;8878,8880,12923,12992,27377,27515,27516
DDEENOP;12922,27479,27512
DDEENOT;12956,12995,23513,27479,27512
DDEENOV;12881,12926,12977,21305,27399,27482,27484
DDEENOW;27289,27330,27414
DDEENOZ;
DDEENPS;12957,12991,27360,27512
DDEENPU;12978,12992,12996,12997,27361,27485,27515,27517
DDEENRS;27439,27472
DDEENRT;
DDEENRU;27313,27340,27423,27457,27467,27471
DDEENST;12897,12991,27360,27512
DDEENSU;8880,23493,23551,27410,27411,27493
DDEENSY;27407
DDEENTU;21295,23510,23516,27504
DDEEOOR;12912,12979,27398,27403,27510
DDEEOPS;12987,23539,23550,23553,27371,27443,27512
DDEEORR;3188,13005,27356,27494,27495,27510
DDEEORV;12881,12912,12926,12928,21305,23508,27284,27315,27346,27370,27372,27395,27408,27484,27510
DDEEORW;27318
DDEEOTV;12946,12962,27346,27370,27372,27525
DDEEOTX;23513,27389
DDEEPRS;23519,23555,27326
DDEEPTU;12978,12990,27371
DDEERRS;27356,27511,27518,27522
DDEERSS;13001,23514,27374,27496,27523,27524
DDEERST;
DDEERSW;27439,27483,27521
DDEERTU;8855,12860,12887
DDEESST;8885,12877,27374,27375,27523
DDEETTU;6404,12887,12993,23516
DDEFGIR;13012,27529,27530
DDEFILR;
DDEFILS;13014,13018,27379,27531,27538,27543
DDEFILY;
DDEFIOR;8856,13022,23521,23559,27385,27541,27544
DDEFIRT;8887,13015,27380,27387
DDEFIRU;13012,13021,27391,27392,27530,27545,27546
DDEFISU;12893,13018,13021,27296,27530,27542,27545,27546
DDEFLNO;13013
DDEFLOO;13023,27297
DDEFLRU;27536
DDEFLSU;12893,13018,27527
DDEFNOR;12888,12896,27536,27544,27549
DDEFNOU;23558,27298,27377,27540,27549
DDEFNSU;13021,27319,27545,27546,27550
DDEFORS;13022,21314,21315,23559,27528,27532,27541,27548
DDEGGRU;13026,27401,27402
DDEGHIT;12903,27551
DDEGIIN;13011,13032,27405,27406,27558,27559,27561,27564,27567,27569
DDEGIIR;27300,27529,27530
DDEGIIS;13033,21317,27530,27558,27564,27565,27567,27568
DDEGILR;3205,23561
DDEGIMO;13039,23562
DDEGINO;13043,27299,27553,27564,27570,27580
DDEGINR;27553
DDEGINT;8892,13041
DDEGINW;13035,27552
DDEGINY;27407,27553,27566,27572,27573
DDEGIOR;6386,13043,13045,21279,23561,27300,27408,27412,27553,27556,27570,27580
DDEGIRR;3207,3209,6408,27412,27556,27570
DDEGKLU;
DDEGLOP;3210
DDEGLOS;6409,21323,27280,27286,27584
DDEGLSU;21323,27583
DDEGMOO;
DDEGMOS;13049
DDEGMSU;
DDEGNOO;27576
DDEGNOS;1881,8894,13049,13050,27564,27584
DDEGNOU;21294,27557
DDEGNSU;13051,21320,21321,27410,27411,27555,27581,27583
DDEGORS;13045,13050,27582,27584
DDEGORY;27553,27585,27586
DDEGOSS;21322
DDEGOST;13049
DDEGRRU;27556
DDEGRSU;3203,21320,27401,27530,27555,27582
DDEGRTU;13026
DDEHINS;6412,6413,8898,13057,13060,20818,27327,27416,27419,27424,27591,27593,27595,27598,27602
DDEHIOW;27596
DDEHIRS;27380,27417
DDEHIRT;13015,27601
DDEHIRW;27552
DDEHIRY;21325,27553
DDEHLNO;12904,13069,13070,21326,27536,27592
DDEHLOS;23528,27418,27420,27428,27597,27606
DDEHLRU;12921,27536
DDEHLSU;27419,27594,27597
DDEHNOS;1884,8902,13060,13073,27429,27430,27598,27602,27608,27609
DDEHNOU;13070,13073,23564,27536,27557,27609
DDEHNRU;3219,12835,12921,27423,27536
DDEHNSU;27595
DDEHNUZ;3219
DDEHOSW;
DDEHRSU;3203,27426
DDEHRSY;12931,27606
DDEIIKR;20821
DDEIIKS;
DDEIILN;13011,13032,13055,27415,27434,27564,27592,27593,27621
DDEIILO;23563,27592
DDEIIMS;21329,27384,27551,27591,27595,27614,27623,27627
DDEIINT;27561,27569,27616,27619
DDEIINV;8910,27434,27537,27560,27632
DDEIIOS;8896,21297,21329,27296,27542
DDEIIOX;27389
DDEIIOZ;13081,13089,13090,27441,27444,27632
DDEIIRT;3226,13093,27417,27617
DDEIIRV;8906,27560
DDEIIST;6411,13075,27416,27417,27450,27452,27616,27617,27618
DDEIISV;13085
DDEIISW;21297,23502,27439,27451,27562,27593,27626
DDEIITT;
DDEIIVV;
DDEIIZZ;13090
DDEIKLN;27638
DDEIKLS;27637
DDEIKNR;27639
DDEIKOS;27637,27640
DDEIKRS;23559
DDEILLO;13095,13096,13097,27574,27642
DDEILLR;13095,13096,13098,27454
DDEILLU;6420,13018,13098,27573
DDEILMP;13077
DDEILMR;12942,27382,27456
DDEILMS;12941,13057,13100,21299,27637,27643
DDEILNN;13025,13032,13058,27457,27458,27563,27638
DDEILNS;23494,27327,27419
DDEILNW;13035,27621,27638
DDEILOR;3232,12849,13095,13096,13107,27408,27456,27652
DDEILOS;13095,13097,21300,23494,23573,27644,27650
DDEILOT;3233,12892,12946,13101,13107,27464
DDEILPR;3178,3205,27455,27456
DDEILPS;12941,12947,13014,13078,27301,27594
DDEILPU;8913,27594,27597
DDEILQU;13079,27613
DDEILRR;3232,13107
DDEILRS;23573
DDEILRT;3179,13107
DDEILST;
DDEILSW;6423,13020,13097,21300,27644,27650
DDEILSY;27407,27641
DDEILTU;1886,3233,8870,8907,8913,13037,13079,20819,27460,27463,27464,27653
DDEILTW;8914
DDEILTY;12940,13029,13080,13102,27458,27464
DDEIMMU;27627
DDEIMNS;3227,6424,13057,13099,13100,13112,21293,23576,27384,27468,27472,27591,27598
DDEIMNU;12951,13056,13114,21302,21337,27340,27473
DDEIMOO;13059,20820,23575,23577
DDEIMOR;13110,21337,27544
DDEIMOS;27637,27643
DDEIMRU;21337,27340,27437,27467,27471,27473,27627
DDEIMSS;
DDEIMST;27551,27598,27637,27643
DDEIMSU;27437,27627
DDEINOP;27479,27592,27657
DDEINOR;21305,21337,23534,23582,27336,27470,27482,27544,27570,27657
DDEINOS;23494,23576,27564,27602,27631,27655
DDEINOT;13117,23579,27479
DDEINOW;27596,27638
DDEINPS;12957,23569,27558,27567,27660
DDEINRU;13124,23582,27340,27392,27471,27487,27545,27546,27657
DDEINST;27616
DDEINSU;13087,23493,27410,27419,27545,27546,27555,27581,27631,27658
DDEINSW;13112,27439,27546
DDEIOOS;21280,21322,23577,23578,27543,27576,27647,27648,27650
DDEIOPR;
DDEIOPS;8915,8919,23539
DDEIORS;23542,23559,27294,27446,27541,27582
DDEIORV;13022,21305,27346,27408,27484
DDEIORW;27663
DDEIORZ;13043,13063,13096,13110,27441,27447,27470
DDEIOSS;21309,21322,23570,23584,27448,27496,27542,27620,27659
DDEIOST;8920,12963,21339,21342,27421,27665
DDEIOSV;13022,13104,23542,23565,27650
DDEIOSW;13097,21297,21300,27582,27650,27663
DDEIOTT;8916,27665
DDEIOWW;
DDEIPPR;
DDEIPRS;23569,27617
DDEIPRU;12965,27471,27485,27657
DDEIPSU;8919,23539,27594,27597,27658
DDEIPUV;27485,27657
DDEIRRS;3241,27545
DDEIRRU;13118,27392,27413,27426,27486,27487,27545,27556
DDEIRSU;27304,27401,27413,27426,27437,27462,27530,27545,27546,27555,27581,27582,27627
DDEIRSW;23580,27439,27483,27546,27562,27582,27640,27663
DDEISSU;27539,27542,27622,27658
DDEISTU;27452,27463,27501,27618,27624,27665
DDEISUW;6423,27546,27582
DDEJRSU;12970,27304,27453
DDEJRUY;
DDEKMOU;
DDEKOOR;
DDEKORU;
DDELLOR;27349
DDELMOU;8911,21343,23546,27669
DDELMPU;
DDELMRU;
DDELMSU;23546
DDELNOO;21326,27667
DDELNOS;8931,13137,23494,27564,27584,27668
DDELNOU;
DDELNOW;3245,8930,8931,12851,13134,13135,13136,27414,27638,27667,27670
DDELNRU;
DDELOOR;27510
DDELOOS;21323,23528,23585,23586,27543,27647,27648,27650,27668
DDELOOT;3248,13133,23586,27306,27669
DDELOOW;8930,12851,13135,27297,27574,27667
DDELOPR;
DDELOPS;23585
DDELORT;13031,13107
DDELORW;13132,13134,13135,27318,27670
DDELOST;23586
DDELOTT;13140
DDELPRU;13142
DDELPSU;27594,27597
DDELRSU;27653
DDELSTU;23586,27463,27624
DDEMMRU;27627
DDEMMSU;3249,27627
DDEMNOS;3251,13144,23576,27655,27668
DDEMNOT;
DDEMNOU;21337,27397,27540,27628,27655,27656
DDEMORS;3251,12988,13131,13145,27528
DDEMRSU;3195,27437,27528,27627
DDENNOR;13061,13134
DDENOOP;23587,27479,27673
DDENOOS;8894,13119,13149,27576,27584,27599,27668,27675,27676
DDENOPS;1897,21344,27512
DDENOPU;13146,21344,23587,23589,27507,27517,27657,27658,27673
DDENOPW;13121,13136
DDENORS;3251,8935,13050,13137,13149,27584
DDENORT;8935,12995
DDENORU;21337,27549,27657,27673
DDENORW;13068,13134,13135
DDENOSS;13137,27602,27655,27659
DDENOSU;27631,27655,27658
DDENOSW;8931,13050
DDENOSY;6425
DDENOUW;
DDENPSU;21344,27515,27658,27660
DDENRSU;27545,27546,27550,27581
DDENSSU;27658
DDENSTU;13128
DDEOOPR;22828,27533,27662,27663,27673,27679
DDEOORU;22828,23548,23588,23590,23591,27673,27675,27679
DDEOORW;13135
DDEOOWY;27307
DDEOPPR;13004,13126,27673,27679
DDEOPRR;6403,13005,13126,23554,27369,27533
DDEOPRW;
DDEORSW;13050,13153,23580,27483,27521,27582,27640,27671
DDEPRSS;27674
DDEPRSU;23519,23555,27515,27681
DDERRSU;8937,12899,13151,27426,27431,27511,27518,27522,27545,27608,27646,27677,27681
DDERSSU;13052,27523,27524
DDFGOOO;
DDGGINO;13162,27685
DDGHINO;27553
DDGHOOO;
DDGIIKN;
DDGIILN;
DDGIILY;27566,27688,27689,27690
DDGIINR;8945,21345,23594
DDGIMNO;13162,13163,13167,13175,23562
DDGIMNU;
DDGINNO;13167
DDGINOP;8946
DDGINOR;13043,13175,27553,27570,27580
DDGINOS;13166,27564,27687
DDGINOT;21348,27580,27685
DDGINPU;
DDGINRU;
DDGINUW;
DDGIPUY;
DDGMOOS;
DDGOOOW;27698
DDHIIKS;
DDHIISS;
DDHIKSU;
DDHINOS;8948,13060,27598,27602
DDHIORY;27553
DDHIRSY;
DDIIIOO;
DDIIKKS;27704
DDIIKLS;
DDIIKSV;
DDIILOP;27592
DDIIOSX;
DDIIQTU;13079
DDIKNOS;27640,27687
DDIKOOS;27687
DDILMUY;27695
DDILNRS;13036,13099,13171,13172,27459,27697
DDILOSY;8163,20644
DDILOWY;
DDILRUY;27684
DDILTWY;27705
DDIMOOS;13187,23577,23578
DDIMOSY;
DDIMRSU;13187,21354
DDIMSSU;
DDINOST;8957,8958,8959,27697
DDIORTU;27664
DDIRRUY;
DDIRSSU;
DDLLMOO;
DDMMSUU;
DDMNOOR;
DDMRSUU;
DDNORSW;13050,13160,23580,23593,27483,27521,27640,27671,27676,27708
DDOOOOS;21355
DDORSTY;
DEEEEMX;
DEEEEWW;
DEEEFFR;27316
DEEEFLR;8967,12858,13192,13207,21368,22831,27318,27741,27748,27763,27764
DEEEFLT;20825,23618,27753
DEEEFNR;27740,27763,27773
DEEEFNS;13215,21364,27711,27749,27762,27772
DEEEFRS;13192,13211,23623,27714,27747,27767
DEEEFRV;13210
DEEEFSX;
DEEEGKL;
DEEEGKR;
DEEEGLP;6448
DEEEGLT;21371,27784
DEEEGMR;27786,27807
DEEEGNP;21372
DEEEGNR;23604,23625,23626,27806
DEEEGRR;27808,27814
DEEEGRS;27718,27811
DEEEGRT;21371,23604,23625,23626,27792
DEEEGST;27803
DEEEHIR;21377,23501,23616,23628,27744,27783,27824,27828
DEEEHKT;23629
DEEEHLS;8974,13246,13247,23630,23631,27327,27328,27823,27837
DEEEHLW;
DEEEHNS;8165,13240,13246,20826,22832,23630,27327,27830,27831,27837
DEEEHPS;13247,27326
DEEEHPW;27782
DEEEHPZ;27827
DEEEHRS;21377,27326,27837
DEEEHST;13240,13242,13255,23629
DEEEHTT;8975,13248,27838
DEEEHWZ;
DEEEIJL;
DEEEIMR;6453,13263,27748,27786,27851,27894,27895
DEEEINR;6455,13263,23662,27715,27828,27851,27900,27916
DEEEIPS;12871,21372,27794,27826,27860,27862,27873,27905
DEEEIRR;13264,20832,21393,23628,27885
DEEEIRS;20832,21377,21393,27335,27848,27883
DEEEIRW;23661,27858,27882
DEEEISV;21377,21380,27328,27335,27848,27883,27921
DEEEJLW;
DEEEJNU;13244
DEEEJRR;27779
DEEEJRS;
DEEEKLN;27719
DEEEKLS;20834,27803
DEEEKMS;13270
DEEEKNW;27787,27933
DEEEKRS;13211,27935
DEEEKRY;
DEEEKST;27803
DEEELLV;
DEEELMS;13259,21383,27727,27834,27860,27865
DEEELNR;12874,13226,13227,21378,21397,27763,27804,27939
DEEELNS;27803,27805
DEEELPS;13247,13288,20834,21402,27860
DEEELPT;13248,23679,27836,27875
DEEELRT;5743,6454,13202,21371,23646
DEEELRV;27358,27804,27947,27958
DEEELST;21404,27803,27823
DEEELSV;21357,21380,27328,27335,27358,27848,27878,27883,27958
DEEELSW;27722,27883
DEEELTW;13229,21398,27720
DEEELTX;6464,21386,23679,27354,27875
DEEEMMW;
DEEEMNR;13263,13294,13299,20835,21397,21406,27807,27851
DEEEMNS;23683,27711,27969
DEEEMNW;12869,27769
DEEEMRS;27946
DEEEMRT;27730,27894
DEEEMST;21405,23683,23684,27969
DEEENPR;22834,27353,27851
DEEENPS;21372,23637,23652,23656,27353,27360,27757,27794,27935,27985,27992
DEEENQU;27775
DEEENRS;27367,27718,27723,27935,27980,27991
DEEENRT;27828,27840
DEEENRV;6455,12874,12881,13281,23686,23691,27900,27914,27986,27987
DEEENRW;13254,13282,13314,23661,27733,27759,27763,27769,27843,27916,27933
DEEENRY;8971,22834,23626,23691,27840,28000
DEEENST;13240,13255,13284,13318,21405,27360,27803,27985
DEEENSV;13316,27969
DEEENSW;13282,13314,21374,23661,27710,27718,27951,27983,27985
DEEENSZ;27710,27790,27798,27870,27898,27915,27983
DEEENTT;27729,27961,27965
DEEENTU;12859,13319,13320,23516,23615,23693,23695,27359,27364,27962
DEEENTV;13295,13319,27965,27969,27986,27987,27997
DEEEORW;21292,21368,21396,27318,27733,27763,27765,27769,27933,27934,28011
DEEEOTV;13257,21412,27346,27730,27947,27965,27971,27986,27987,28011
DEEEPRS;27326,27935,27955,27992
DEEEPRT;23612
DEEEPRU;27922
DEEEPRV;13256,13324,27895,27924
DEEEPSS;12871,13241,13291,23638,27845,27944
DEEEPST;23656,27360,27371,27985,27993
DEEEQRU;27775,27922
DEEEQUU;
DEEERRS;27356,27841,27846,27885,27946
DEEERRV;13218,13236,13323,27284,27814
DEEERSS;13204,13258,13330,27374,27847,27980,28021
DEEERST;28021
DEEERSV;6466,13230,13281,21357,21377,27848
DEEERSW;8990,13282,13314,21393,23661,27718,27882
DEEERSY;13209,27358,27766,27958,28000,28019
DEEERTV;13202,13210,13257,27346,27730,27895,27900,27947,27971,27987
DEEERTW;
DEEERTX;6475,13196,28020
DEEERWY;
DEEESSX;27854
DEEESTV;23620
DEEESTW;21416,27985
DEEETTV;13319,27965
DEEETTW;
DEEETWZ;
DEEFFFO;
DEEFFIN;23520
DEEFFOR;13338,28028
DEEFFST;13336
DEEFFSU;
DEEFGGL;21418,28029
DEEFGIN;28029,28033,28039
DEEFGIP;28033,28041
DEEFGLS;
DEEFGRU;13340
DEEFHLS;13349,27379,28047
DEEFHLU;6476,28024
DEEFHRS;3278,3279,27380,27747,28044,28048,28050,28051
DEEFIIR;21419,23521,27382,27385,27387,27744,27748,28032,28036,28056,28070,28074,28077,28081
DEEFIIS;13352,27383,28045,28046,28052,28062,28064,28080
DEEFILN;21364,21423,23522,23713,27741,27745,27753,28029,28084,28090,28092,28093
DEEFILR;3280
DEEFILS;6443,13349,21364,21423,27379,27745,28025,28047,28052,28062,28086,28090,28091,28096
DEEFILT;9005,12832,13350,20825,23618,27753,28052,28068,28090,28096
DEEFIMS;27386,27390,27756,28072,28073
DEEFINR;23709,23715,23716,28056,28074,28077,28079,28093
DEEFINS;13352,21364,21423,27745,28091
DEEFINT;13359,13369,27753,27755,27758,28084,28093,28101
DEEFINX;28102
DEEFIRR;
DEEFIRS;
DEEFIRT;9015,13210,23619,27387,27744,27758,28056,28077
DEEFIRX;28102
DEEFIRY;23701,28077
DEEFIRZ;28070
DEEFIST;23620,27285,28045,28046,28052,28062,28080
DEEFLLU;21422,28112
DEEFLNS;21364,21423,27764,28090,28091,28092
DEEFLNU;27394
DEEFLOT;13380,23714,23727,28111,28113
DEEFLOY;23725,23727,27376,27393
DEEFLRU;21427,23729,27396,28022,28024,28095
DEEFLRY;1057,22831,23725,27393,27766
DEEFLSU;23729,27396,27767,28024,28064,28087,28088,28089
DEEFLTT;13213
DEEFMOR;20645
DEEFNRS;23731,28108,28120
DEEFNRU;21417,21428,23730,27775,28118,28121
DEEFNUU;21417,28121
DEEFORV;27395,27399,28028,28048,28085,28116
DEEFORZ;
DEEFRSU;9024,12899,13219,13396,27319,27396,27767,28087,28120,28129
DEEFRSW;13220,13383,23623,27714,27747,28051
DEEFRTT;13395,28124
DEEFRTU;27775,28118
DEEFSSU;13364,28023
DEEFSTT;13395,13397
DEEFSUZ;13365
DEEGGIS;13402,13406,13408,27780,28135,28136
DEEGGLS;28135,28136,28141
DEEGHIN;27781,28150,28151,28152
DEEGHIR;6384,6487,13340,13416,27783,28157
DEEGHIW;
DEEGHOW;28156
DEEGHRS;13222,13414,13418,13420,28146
DEEGHSS;3285,28160
DEEGIJS;13429
DEEGIKN;21433,27787,28188
DEEGIKR;9034,13400,28188
DEEGILN;13224,13425,28029
DEEGILR;13400,28175
DEEGILS;1914,9030,9036,13426,13430,28136,28171,28173,28205,28209
DEEGIMN;21370,28031,28176
DEEGIMV;9039,27786
DEEGINN;28039
DEEGINR;28228
DEEGINS;28176
DEEGINV;9039,23749,28035,28228,28229
DEEGINW;13464,28228,28231
DEEGINY;27407,28151,28230,28232,28243
DEEGIPW;27782,28133
DEEGIRS;21446
DEEGIRV;3289,13466,21447,23749,27786,28035,28166,28175,28228,28229
DEEGIRW;13464,28133,28180,28218,28228
DEEGIST;13408,28037
DEEGISW;
DEEGJRU;
DEEGKMO;
DEEGKRS;28188
DEEGLMU;13473,28252
DEEGLNS;3290,3291,6497,13469,13478,13481,27803,27805,27806,28249,28253
DEEGLNT;27784,28158
DEEGLOY;13485
DEEGLPR;13437,28134,28175
DEEGLPS;6497
DEEGLPT;
DEEGLRS;6485,12908,13230,13479,13484,27286
DEEGLRU;13474,13480,21448,28141,28159,28254
DEEGLRW;
DEEGLSS;3291,12909,13481,28252,28253
DEEGLSU;9048,21375,28141,28252,28254
DEEGMNU;
DEEGMRS;13492,23736,28216
DEEGMUW;
DEEGNNO;13453,28039,28218
DEEGNNR;
DEEGNOR;21435,28144,28218,28223
DEEGNRS;27718,27806,27812,28142,28259
DEEGNSU;13458,22841,27410,27809,28142,28241,28255,28256
DEEGOOS;13483,13501,13502,21450,28136,28171,28193,28196,28205,28206,28250,28256,28259,28260
DEEGORR;13503,21446,21447,27412,27814,28223,28263,28264
DEEGOSS;23752,27404,28160,28253,28260,28263,28265
DEEGOSY;28230
DEEGOTU;13473,28227
DEEGRRU;27796,27808,28237
DEEGRSW;27718,28259
DEEGSSU;28141,28142,28217,28252
DEEGSTU;
DEEHIKV;
DEEHILS;27823,28288
DEEHILT;13350,13537,13539,13545,23706,23754,23761,27820,28043,28277,28287,28291,28293
DEEHINR;13530,21453,28267,28281
DEEHIRR;6506,21459
DEEHIRT;23706,27744,27783,28157
DEEHIST;28045,28046
DEEHITV;28320
DEEHKLW;
DEEHLLO;13582,23775
DEEHLLS;6504,9066,9069,13575,21434,21454,23775,27832,28275,28283
DEEHLMW;13536,28325
DEEHLNU;20839,21461,22846,23630,23781,27329,27419,28286,28329
DEEHLOV;28276
DEEHLPW;
DEEHLSV;13246
DEEHLSW;13513,13547,13597,28147,28331
DEEHMNR;13602,23762,23788,27824,28267,28325
DEEHMNS;28332
DEEHMOR;13603,23762,23788,28050,28267,28324
DEEHMRU;13602,28325,28337
DEEHMUX;
DEEHNOY;22849,27840,28151,28334,28347
DEEHNPR;3307,9076,13602,23788
DEEHNRS;13418,27430,27431,27837,28271,28272,28328,28340,28347,28348,28350,28351
DEEHNUY;23777,27329,27432,28151
DEEHORS;21463,27837,28271,28273,28327,28340,28347,28352,28355
DEEHORT;13574
DEEHORV;28048,28349
DEEHOSY;22848,22849,23784,28345,28347
DEEHPRS;23785,28352,28353,28355
DEEHRRS;27841,28350
DEEHRSS;1920,3311,9088,13569,13576,23786,27847,28160,28273,28340,28347,28351,28355,28357
DEEHRSU;3313,5755,23779,27426,27431,28024,28286,28350,28358
DEEHRSW;28351
DEEHRTW;
DEEHSYY;
DEEHTTW;5757
DEEIINT;6522,13639,13643,13649,21474,28183,28402,28406,28419,28420,28427,28434,28435
DEEIIPR;9010,22856,23826,27851,27853,28133,28175,28365,28380,28444
DEEIIRW;13529,13653,28079,28133,28180,28434,28435
DEEIIST;13637,27450,27452,28045,28046,28062,28080,28366,28401,28452,28453,28454
DEEIJLL;
DEEIJMM;
DEEIJTT;28465
DEEIKLL;27719
DEEIKLN;13625,27719,28367
DEEIKMS;
DEEIKMW;
DEEIKNR;6479,28468
DEEIKNS;13626,13660,28474
DEEIKOV;
DEEILLR;
DEEILLS;6504,6523,6524,9108,9109,13354,13675,13682,21434,21454,21482,27859,28025,28086,28087,28164,28283,28479,28480,28482,28485,28488,28490
DEEILMS;27865,28375,28376,28495,28496,28503
DEEILNO;21491,22860,22861,23843,23850,23851,28517
DEEILNR;28281,28494,28517,28525
DEEILNS;
DEEILNT;21386,27753,27820,28491,28494,28506
DEEILNV;13634,13714,13719,27434,27867,28378,28517
DEEILNY;13439,13692,21492,22861,23533,23848,23851,27458,27820,28068,28367,28378
DEEILOR;13360,27456,28192,28391,28473,28497,28516
DEEILOS;9036,9123,13360,13361,13426,13430,22862,27463,28086,28136,28171,28173,28205,28209,28292,28390,28480,28536
DEEILPR;23845,27456,27459,28134,28175,28201,28368,28380,28473,28497,28538,28539
DEEILPS;27459,28173,28201,28205,28209,28368,28480,28514,28515
DEEILRS;21485,27865,27880,28368,28391
DEEILRT;21371,21471,28400,28494,28525
DEEILRV;9116,22858,28539
DEEILRW;13355,13536,27858,28473,28494
DEEILRY;6526,13670,23533,23861,28497
DEEILSS;21420,27865,27876
DEEILST;21388,27823,28376,28536
DEEILSY;23803,27409,28376,28490
DEEILTU;13539,13703,13737,13738,20819,21479,23854,28084,28095,28195,28388,28400,28506,28511,28535
DEEILTV;3317,3325,9110,12946,13634,13638,13728,21471,28529,28535
DEEILWY;13547
DEEIMMO;13744,21499,23866,27466
DEEIMMS;13687,21383,28088
DEEIMMW;
DEEIMNO;21302,21499,23647,28557
DEEIMNR;27851
DEEIMNS;21293,28360
DEEIMNT;21499,27753,27755
DEEIMOR;13694,13744,13763,13764,13765,27894,28470,28497,28580,28584
DEEIMPR;27851,27895,28497,28556,28580
DEEIMPS;9138,12941,13553,13554,13696,23875,27826,28408,28412,28503,28555
DEEIMPT;3331,9142,13553,13555,13769,23836,27895,28361,28408,28409,28546,28576,28580,28585
DEEIMRS;21505
DEEIMRT;22863,27894,27895,28576,28580,28584
DEEIMRX;6542,13263,13764,23877,27893,28406
DEEIMSS;21502,23880,27818,28295,28589,28590
DEEIMTT;28073
DEEINNP;3332,23648,23652,23867,27899,28053
DEEINNS;21488,27424,27468,28414,28415,28417,28591
DEEINNT;3332,13702,13703,13749,21474,21507,27755,28054,28404,28506,28511,28548
DEEINNU;6530,9148,13703,13750,21507,23713,23717,23740,28195,28506,28510,28511,28591,28605
DEEINNZ;28163,28178
DEEINOR;12955,13370,13777,20595,21305,21435,21491,27482,28102,28223,28229,28281,28517,28619,28620
DEEINPR;27471,27485,27851,27867,28134,28380,28468
DEEINPW;13707,13784,27819
DEEINRR;12955,13624,13795,23902,28619,28637
DEEINRS;
DEEINRU;13640,27340,27471,27796,27916,28468,28619
DEEINRW;27916,28079,28180,28383
DEEINRX;13263,28102,28181
DEEINSS;20838,23531,23885,27424,27854,27907,28437,28647
DEEINST;
DEEINSV;23739,23799,23816,28360
DEEINSW;13761,27289,28461,28466
DEEINSX;12954,13781,13788,21509,28091,28305,28615
DEEINTT;13455,13786,21366,28419,28427,28617,28627
DEEINTU;3334,13539,13564,13703,13794,21479,21507,28084,28153,28195,28231,28388,28427,28506,28511,28627
DEEINTV;13634,13643,13719,28058
DEEINVW;27484,28079,28228
DEEINVX;
DEEINWZ;13784,28435
DEEIOPS;9161,13406,13656,21457,23539,23908,28173,28205,28209,28315,28390,28440,28480,28651,28652,28657
DEEIOPT;23540,23836,27479,28419,28557
DEEIOPX;
DEEIORS;9161,13656,27293,28391,28651
DEEIOSV;13813,27921,28086,28448,28453,28454,28498,28501,28676
DEEIPPT;13720,13816,28389,28530,28629,28654,28658
DEEIPRS;28651,28657
DEEIPRT;3331,6549,13568,13733,13816,27895,28220,28373,28546,28679
DEEIPRV;23826,23887,27895,28175,28380,28426,28539,28658
DEEIPRX;9166
DEEIPSS;23638
DEEIPST;
DEEIQRU;21494
DEEIQTU;3334,3339,27452,28506,28581,28618
DEEIRRS;21393,21446,21476,21503,21510,27885,28463
DEEIRRT;13452,13763,21517,28671,28679
DEEIRRV;
DEEIRRW;6552,13373,13829,13831,21393
DEEIRSS;3322,6538,12948,21444,27496,28211
DEEIRST;
DEEIRSU;13746,27437
DEEIRSV;
DEEIRSW;12964,21393,27928
DEEIRSZ;9157,13571,13636,13659,13830,13841,23916,27497,28140,28242,28397,28399,28443,28451,28467,28500,28561,28611,28664,28683
DEEIRTU;13737,13738,21517,28322,28400,28679,28691
DEEIRTV;21471,27895
DEEIRVV;13650,28060
DEEISSU;13364,13739,13807,23864,23885,27492,27876,27907,28401,28528,28605,28649,28692
DEEISSV;23831,28187,28453
DEEISTT;6553,13408,13683,23918,27823,28154,28452,28536
DEEISTW;13512,13761,13766,28418,28466
DEEISTX;8184,9169,12963,13840,27921,27931,28080,28540,28675,28676,28690
DEEITTV;28320
DEEJNOS;23834,28461,28462,28463,28465,28466
DEEJNOY;
DEEJQRU;
DEEKKRT;28697
DEEKLLN;20857,27719,28698
DEEKLLV;28469
DEEKLPS;28368
DEEKLRS;3343,12841,13661,23776,28368
DEEKLTT;28699
DEEKMNS;13849,23928
DEEKMOR;13845,28470
DEEKMRS;3343,23928
DEEKNNS;27831,28474
DEEKNOT;
DEEKNSY;
DEEKORV;13846,13860,13861,21519,21520,28469,28470,28701,28702,28704
DEEKORY;6396,6557,28697
DEEKOVY;
DEEKPPS;13664
DEEKPRU;13850,28468,28695
DEEKRRS;13353,13851
DEEKRSU;13859,27935
DEEKRTW;27934
DEEKSTT;
DEELLMS;3349,6523,9188,13431,13668,13671,13864,27859,28706,28707
DEELLNS;3349,9189,13469,13675,13864,13873,27724,27762,28164,28479,28710
DEELLPS;21454,27862,28112,28480,28711
DEELLQU;
DEELLRU;27940
DEELLRW;13212,13355,27858
DEELLRY;3351,8874,13670,13682
DEELLST;9069,9193,13875,13877,23671,28707,28711,28713
DEELLSW;21425,28480,28713
DEELLUX;5773,20847,23670
DEELMNO;23672,23843,23941,28113,28192,28705,28714,28715
DEELMOR;27947,28192,28470
DEELMPT;13587,28714
DEELMPU;13885,28715
DEELMRS;21485,27727,27865,28720
DEELMRU;13890,28325,28699,28719
DEELMST;23942,28374,28375,28376,28496,28503
DEELMSU;9188,13358,13889,23942,28064,28088,28252
DEELMSY;13889,28376,28706,28720
DEELMTT;3353,3354,13589,13629,13890,21486,28699
DEELNOT;13590,13870,23672,23673,27836,28113,28158,28714,28717,28731
DEELNPU;27508,28695,28715,28726
DEELNRS;3358,3359,13478,13479,13864,13873,23946,27509,28328,28727
DEELNSS;3291,6572,9205,12909,13478,13481,13579,13873,13900,13903,13908,23950,28709
DEELNST;12975,13284,23942,23950,27949,28717,28731
DEELNSW;13282,13513,28147,28249,28479
DEELNSY;3359,13908
DEELNTT;
DEELOOS;13483,13594,20860,23528,23726,23783,23858,23952,23953,28115,28136,28171,28205,28206,28250
DEELOPP;13720,13910,28198,28330,28389,28733
DEELOPR;6568,6573,9208,13595,13895,28512
DEELOPS;23676,23956,28390,28480,28515,28711
DEELOPV;28199,28276
DEELOPX;
DEELORS;21496,27837,27948,28391
DEELORU;23548,23947,23954,28095,28109,28159,28726
DEELORV;27395,27510,28701
DEELORW;9213,13884,21496,21497,27933
DEELORY;27393
DEELOSU;9048,28390,28711,28713
DEELOTV;12946,13380,28111
DEELOTW;
DEELOVV;
DEELOVW;
DEELPRS;28368
DEELPRU;6535,13279,13895,27940,28159,28695
DEELPRY;23861,28720
DEELPST;28711,28736
DEELPTT;13248,13292,13725,13919,27957,28520,28738
DEELRRU;6567,13681,23954,27511,28541
DEELRSS;3322,3365,13635,13903,21485,23786,28092,28381,28391,28393,28486,28499,28507,28522,28709
DEELRSU;13889,21526,21531,27767,28024,28141
DEELRSV;21357,27358,27958
DEELRSW;28331
DEELRUV;27871
DEELSST;23950,27949,27959,27960,28725,28730
DEELSSW;3365,9218,13847,13921
DEELSTT;21530,23960,27823,28386,28536,28738
DEELSTU;3368,9216,13899,21529,23942,23950,28707,28711,28713,28717,28731
DEELSTW;13597,28713
DEELSUV;
DEELSVV;
DEELTUX;6579,9217
DEELVXY;23949
DEEMMOV;
DEEMMST;13687,13926,21405
DEEMNOR;21397,23788
DEEMNOT;23672,27961,27962,27965,28557,28714,28740,28751
DEEMNOU;23941,27962,28705,28715,28740,28751
DEEMNOV;27965,28751
DEEMNOY;3369,9224,13938,27963,28334,28714,28715
DEEMNRS;23928,28742,28749
DEEMNST;21405,21537,23682,23683,23942,27771,27968,27969,28247
DEEMNTU;21537,28751
DEEMNUW;23941,28325,28705
DEEMORS;23968,28764
DEEMORV;13958,27730,27947,27971,28470,28702,28760
DEEMORX;23877
DEEMOSS;13604,23967,23968,27973,28295,28410,28759
DEEMOST;21462,23789
DEEMOSY;13928,22848,28706
DEEMPRS;13603,13953,23968
DEEMPSU;23875,27826,28412
DEEMPTT;13303,13941,28557,28753
DEEMRRU;6567,6584,6586,9226,21505,23878,23879,28119,28549,28565
DEEMRSU;21505,21535,23928,27437,27506,27967,28120,28551,28764
DEEMSUY;13889,28720
DEENNOR;6543,13777,13930,13931,21408,21460,21539,28745,28770
DEENNOS;1077,6401,21488,27772,27831,28414,28591,28722,28768
DEENNOT;13453,13930,23673,27961,27962,28113,28740
DEENNOY;3369,27963
DEENNOZ;27963
DEENNPT;27899,27976,27977,28220
DEENNRU;21311,21539,27362,27515,27980,28767,28772
DEENNST;12897,13926
DEENNTZ;28598
DEENNUY;28724
DEENOOR;9223,13842,21449,23946,23947,27403,28271
DEENOPR;6568,9076,9149,9227,13895,13981,20852,22864,23745,23788,23886,23887,23888,23962,28609,28611,28745,28753,28773
DEENOPS;6588,13516,13882,28327,28768
DEENOPT;13590,13870,27479,27836,27984,28306,28419,28557,28608,28617,28714,28753,28784
DEENORS;28271,28327,28328,28787,28795
DEENORT;13310,13983,27986,27987,28770
DEENORW;13384,13884,27733,27763,27769,27933
DEENORZ;13476,23747,23888,23893,27903,28309,28611,28795
DEENOST;21544,28731
DEENPPR;23793
DEENPRS;13972,27935,27992,28787
DEENPRT;28220,28745,28753,28770,28773,28784
DEENPSX;13788,28305,28615,28768
DEENRRS;13795,13796,23609,27841
DEENRRU;3295,9235,13493,13500,13984,22871,23902,23983,27796,27808,27978,28237,28549,28619,28637,28694,28785
DEENRSS;23514,27764,27806,28351
DEENRST;3376,6592
DEENRSU;27809,27935,27989,28120,28328,28348,28741,28772,28787
DEENRSV;1946,9080
DEENRSZ;27798,27870,27915,28242,28561,28611,28795
DEENRTU;23932
DEENRTV;27986,27987
DEENSST;27993
DEENSSU;21536,27907,28528,28696,28703,28754,28796
DEENSSY;28239,28347,28730
DEENSTT;
DEENSTU;21537,21544,23942,23950,28731
DEENSTX;3376,14001,28615
DEENSUV;13893,23816
DEENSUW;13977,13995,21544,27521,28348,28616,28639
DEENSUX;14001,21509,27367
DEENUVX;
DEEOPPY;28003,28343
DEEOPRR;
DEEOPRS;13656,28611,28652,28787
DEEOPRW;23935
DEEOPSS;23967,28049
DEEOPSX;14008,28768
DEEOPTU;9250,23969,28666,28733,28773,28784,28809
DEEOPXY;28316
DEEORRR;13503,28007,28107,28223,28671
DEEORRS;12988,13762,13951,13954,27474,27494
DEEORRV;27284
DEEORST;
DEEORSV;13861,13958,14013
DEEORSW;21521,28826
DEEORSX;5530,28787
DEEORTT;13785,13983,21412,21543,27986,28011,28124,28811
DEEORTV;3378,13861,13958,14013,14014,27730,27971,27986,27987,28011,28760,28804,28808,28810
DEEORTW;13814,23795,28011,28747,28792,28811,28826
DEEORTX;9163,13310,27987,28264
DEEORTZ;
DEEORUV;28258,28693,28761
DEEORVY;13913,23955,28229
DEEORXX;
DEEOSTV;9254,13813,13861,13958,14011,14013,14014,23898,28448,28453,28454,28676,28760,28796,28808,28810
DEEOSTX;12963,23993,27921,28080,28676
DEEOTUW;13814,28792,28809,28811
DEEPPPR;13730,14016,28321
DEEPPST;13971
DEEPPSU;3375,28816
DEEPRRS;27841,27990
DEEPRRU;28041,28081,28679
DEEPRSS;28132,28827
DEEPRST;
DEEPRSU;27515,27935,27992,28772,28787
DEEPRTU;27977,28679,28773,28784,28809
DEEPRTY;13290,13987,23861,28130,28636,28679,28762
DEEPRUV;12997,13825,27485,27992,28681,28693,28761,28785,28815
DEEPSTU;9216,13899
DEEQSTU;3373,27452,28428,28581,28618
DEERRSS;6604,13313,13851,13862,14010,27511,28131,28823
DEERRUV;13996,27978,27997,28237
DEERSSS;13330,13852,23958,28351,28641
DEERSST;
DEERSSU;27524,28141,28814
DEERSTV;9254,13861,13915,13958,14013,14014,28760,28808,28810
DEERSTW;23795,28826
DEERSTX;3376,13840
DEERSTY;23906,28313,28569,28636
DEERSVW;14015
DEERTTU;3366,13599,13737,27844,27950,28646,28811
DEERTUX;6475,6579,13506,23613
DEESSTT;21518,21548,23924,27993,28452,28648,28692,28821
DEESSTV;3385,23831,27930,27960,28009,28187,28438,28453,28688,28796,28802
DEESTTT;28536
DEFFFLU;9262,24001,28828
DEFFGRU;
DEFFHIW;
DEFFHOU;
DEFFHOW;
DEFFIKS;
DEFFILP;
DEFFILR;9266,24004,28026,28834
DEFFILS;13334,21549,28025,28832,28835
DEFFIMO;
DEFFINS;
DEFFIOS;
DEFFIPS;
DEFFIQU;
DEFFIRS;
DEFFIST;
DEFFISU;21549,28832
DEFFKOS;
DEFFLMU;
DEFFLPU;
DEFFLRU;9262,24001,24004,28022,28024,28828
DEFFLSU;21549,28832
DEFFNOR;28829,28837
DEFFNOS;
DEFFNSU;
DEFFOPU;
DEFFORS;9268,9269,27528
DEFFOSW;
DEFFRSU;6605,27528
DEFFSTU;6605,9270
DEFGGIR;14034
DEFGGLO;21418
DEFGGOR;
DEFGGRU;
DEFGINN;28039
DEFGINR;6606,13012,14034,14038,14046,28829,28842,28847,28852,28862
DEFGINU;13012,24008,28033,28851
DEFGINY;9273
DEFGIOR;14046,14047,21553,28829,28859,28863
DEFGIRS;13343,14044,14050,21551,27742,28844,28849,28852,28861
DEFGIRT;21553,28862,28863
DEFGIRU;24008,28842,28863
DEFGIST;28040,28862
DEFGITY;
DEFGNOU;24009
DEFGRTU;3391,14055,28842,28863
DEFHIRS;9275,9276,28044,28048,28830,28874,28876,28877
DEFHIST;14058,14059,14061,14067,23704,28045,28046,28875,28879
DEFHLOO;
DEFHLSU;
DEFHOOW;
DEFHORT;14057,28882
DEFHRSU;28024,28876,28877
DEFIILM;6608
DEFIILN;28831,28885
DEFIIMS;28871
DEFIIMW;
DEFIINU;9284,14041,23558,28033,28851,28873,28910,28911
DEFIINX;
DEFIIST;14059,14077,21555,27752,28046,28052,28062,28069,28080,28888,28889,28894,28903,28905,28907,28909
DEFIKLS;5786,14087,28893,28894,28914
DEFIKRS;9011,13353,14077,14087,23559,28914,28915
DEFILLO;21422
DEFILLR;28895
DEFILMP;28884,28922
DEFILNR;23715,27741,28846,28847
DEFILNT;22876,27753,28067,28068,28084,28090,28093,28831,28885,28894,28920,28931
DEFILNU;6612,14099,23713,24019,28931
DEFILOO;14102,27297,28857,28932
DEFILOW;21560,27297,28928
DEFILPP;
DEFILPU;
DEFILRT;9266,28834,28903,28905
DEFILRU;28936,28937
DEFILSS;21420,24002,24020,28092,28887,28901,28902,28926,28929
DEFILST;8198,14061,14101,21561,27543,28052,28062,28069,28090,28096,28875,28888,28894,28903,28905,28907
DEFILSU;14044,14104,24019,28087,28088,28089,28096,28934,28935,28937
DEFILTT;3388,6613,14063,28907
DEFILTY;
DEFILXY;
DEFILZZ;
DEFIMOR;9293,14095,14096,28098,28830,28923,28924
DEFIMOW;
DEFINRS;27532,27545,27546,28849,28852,28862,28874,28909,28943
DEFINRU;24008,27545,27546,28842,28911,28940,28942,28943
DEFINRY;23701
DEFINST;14059,14061,14065,14101,14113,14115,24024,28862,28894,28909,28927
DEFINSU;24019,27545,27546,28910,28930,28943
DEFINSY;21423,24019,28850,28872
DEFINUX;
DEFINUY;24019,28851,28925
DEFIOOS;21559,21561,27543,28835,28908
DEFIOQU;
DEFIORU;24008,24016,24023,28859
DEFIOST;312,9299,13361,14049,14067,14101,21561,23712,23719,24024,27285,27543,28080,28090,28103,28862,28875,28889,28909,28941,28946
DEFIPRY;28919
DEFIRRT;27754,27758
DEFIRST;9299,14077,14113,14115,28862,28903,28905,28909,28941,28946
DEFIRTT;
DEFIRTU;5788,6616,14085,28093,28842,28905
DEFIRTZ;9300,28070,28942
DEFIRZZ;
DEFISTU;28888,28905,28907,28946
DEFISTW;
DEFKLNU;14117,28948
DEFLLOU;21422,28109,28110,28949,28950
DEFLLUW;28110,28949,28950
DEFLMOS;14095,28089,28922,28923
DEFLMPU;
DEFLNOO;28857,28954
DEFLNOP;
DEFLNOR;28954
DEFLNOS;14125,24028,28091,28916,28930
DEFLNOT;14117,22876,23714,23724,28113,28920,28951,28953,28956
DEFLNRU;
DEFLOOR;21566,23721,28857
DEFLOOT;13380,14033,14131,20864
DEFLOOZ;
DEFLOPP;28958
DEFLORS;9268,9302,9304,14095,14133,27548,28886,28899,28914,28917
DEFLORT;28834
DEFLORU;14124,21427,28109,28843,28958
DEFLOSS;13010,28049,28841,28887,28901,28902,28929,28933
DEFLOSU;14125,14128,24028,28089
DEFLOTU;14072,14117,14124,14128,14131,20864,21550,21564,28881,28951,28953
DEFLPRU;28958
DEFLRRU;28952,28958
DEFLRUU;14055,24001,28828,28843
DEFLUZZ;21565
DEFMNUU;27298,27549,28121
DEFMORS;9269,14095,14139,27528,28830,28922,28923,28959
DEFMPRU;
DEFNOOR;14109
DEFNORT;9296,13369,14047,14056,14126,23724,27774,28124,28837,28862
DEFNORU;14140
DEFNORW;13384,27763,27769,28966
DEFNOST;24024,28862,28909,28941,28962
DEFNOSU;14128,28123,28910,28930
DEFNPRU;14140,28121,28860,28911,28940,28961
DEFNRSU;9307,14053,14143,27319,27545,27546,27550,28943
DEFNSUU;9307,27550,28963
DEFOOPR;28959,28961
DEFOOPS;14144,28867,28959
DEFOORS;14139,14144,28867
DEFOORT;14057,21553,24029,28969
DEFOORY;28954
DEFORST;6618,9299,14036,14049,14147,28862,28909,28941,28946
DEFORTU;14124,28882
DEFSSUU;21554,28132
DEGGGIL;28971
DEGGGIN;14153,28972
DEGGGIR;21569
DEGGGLO;28970
DEGGGLU;28971
DEGGGOR;
DEGGHIL;14154,28973
DEGGHIN;9309,13398,21571,28973
DEGGHIT;14154,21571,28973
DEGGHIW;9309
DEGGHOS;28974
DEGGIJL;
DEGGIKN;
DEGGILN;3410,6406,13025,13401,14161,28973
DEGGILW;
DEGGINS;3414,6620,14158,14165,14169,21570,21573,28981
DEGGINW;9309
DEGGIOR;21279,28987,28990
DEGGIOS;9310,13402,13406,14163,14164,28136
DEGGIPR;28133,28134,28980,28983
DEGGIRS;3414,3416,14158,14162,14165,28977,28981
DEGGIRT;14167
DEGGIRU;
DEGGISW;
DEGGITW;
DEGGJLO;28992
DEGGJLU;28992
DEGGKOS;
DEGGKSU;
DEGGLOO;14171,21418,21430,21577,28136,28137,28984,28993,28995
DEGGLOR;21576
DEGGLOS;28136
DEGGLOT;21430,28992
DEGGLOV;
DEGGLPU;
DEGGLRU;21576,28141
DEGGLSU;28141
DEGGMSU;13410,21573
DEGGNOO;6626,21574,21577,28993
DEGGNOS;27404
DEGGNOU;28972,28986
DEGGNSU;14169,14170,21570,21573,28142
DEGGOPR;
DEGGORS;6625,14172,28974
DEGGORT;6627,13026,14167
DEGGORY;14155
DEGGOSS;27404
DEGGRRU;
DEGGRSU;14172,28141,28142,28994
DEGGRTU;6627,13026
DEGHHIT;14175,14178,27781
DEGHHOU;14179,22878,28145
DEGHILN;28840,28973
DEGHILT;28973,29001,29014
DEGHINN;14180,28149
DEGHINO;14183,14184,20865,21435,24045,27553,28150,28151,28840,29017,29022,29023,29024
DEGHINR;21578,24045,27552,27553,28840
DEGHINT;14178,21571,27781,28153,28973,29024,29025
DEGHINW;9309,24045,27552
DEGHIOT;21581,24039,24040,28154,28155,28156,29014,29024
DEGHIPT;
DEGHIRT;27783,28157,29009,29025
DEGHIST;14035,14178,14193,14194,24039,27551,29009,29025
DEGHITW;29014
DEGHLLO;9316,24041,29014
DEGHLOO;13027,13030,14197,28158
DEGHNOT;28158,29024
DEGHORR;14205,27556,29026,29028
DEGHORU;14155,14206,21582,28145,28159,28843,29031
DEGHOST;9318,24039,28154,28974,29032
DEGHOSU;5792,9272,14204,14206,29022,29023,29027,29035,29036
DEGHOTU;14199,21581,28156,29024
DEGIIKR;29059
DEGIILL;9320,9321,14214,14215,14216,14217,28164,29039,29057,29061,29062,29063,29065,29066
DEGIILN;
DEGIIMR;6634,9323,9328,14234,14236,14237,27786,29044,29084
DEGIIMS;23736
DEGIINN;13032,14180,29072
DEGIINR;21419,21578,21591,24062,28036,28980,29044
DEGIINS;6637,14041,24006,29053,29054
DEGIINT;28183,29104,29105
DEGIIPS;24051,24053,27567,28173,29062,29073
DEGIIRR;9332,21591,24050,27570,28978,29004,29063,29111
DEGIIRS;3426,6638,14229,28186,29110
DEGIISW;27562,29076,29110
DEGIJLN;
DEGIJRU;
DEGIKLO;23561,29060,29115
DEGIKNS;14256,28188,28189
DEGILLO;21603,24041,24068,27574,29014,29118,29121,29122,29123
DEGILLR;21603,24068,29063,29064
DEGILLU;14216,24041,28839,29039
DEGILLY;27572,27573,29065,29066,29121,29122,29123
DEGILMN;
DEGILMS;13431,28971,28998
DEGILNN;24071,29061,29071,29072,29130
DEGILNO;24068,28970,29042
DEGILNP;21584,29069
DEGILNS;
DEGILNT;29118,29142
DEGILNU;9336,20867,24071,29072,29130
DEGILNV;3433,3434,14274,27575
DEGILNW;
DEGILOP;14288,28174,29148
DEGILOR;21603,23561,24068
DEGILOS;24077,24079,28136,28171,28841,28984,29060,29145,29146
DEGILOU;20867,24073
DEGILRR;3435,14289,28847,29063
DEGILRS;21551,21583,24079,28984
DEGILRU;
DEGILRW;
DEGILTU;9336,14043,28839,29142
DEGILTZ;14212,28170
DEGILUV;23741
DEGIMNN;21606,24082,24083,29151
DEGIMNO;21606,24083,29079,29152
DEGIMNS;3439,21293,21573,28214,29019
DEGIMPU;14308
DEGIMSS;14312,28217,29015,29046
DEGIMST;28213,28214,28216
DEGINNN;9329,14267,24083,24084,24085,28039,28178,29058
DEGINNP;14239,21590,28149,28219,28220,29092
DEGINNR;28829,28856
DEGINNS;14165,14321
DEGINNT;14161
DEGINNU;21606,23740,24071,28851,29072
DEGINNV;
DEGINNW;
DEGINNY;24071,28851,29050,29071,29072,29130,29134
DEGINOP;14301
DEGINOR;21435,21592,27553,28829,29087
DEGINOS;27793,28230,29023,29177
DEGINOT;6651,9345,13436,13455,14047,14167,14221,14244,14276,14279,14327,14330,14333,21574,21592,24090,28862,29024,29042,29118,29172,29176,29177
DEGINOW;
DEGINRR;24050,28847,28978,29004,29063
DEGINRS;
DEGINRU;3449,14341,27796
DEGINRW;6606,13464
DEGINRY;21596,27553
DEGINSS;28845,29053,29054,29177
DEGINST;24067,24093,29118,29172,29177
DEGINSU;
DEGINSW;
DEGINSY;6643,13429,21593,27407,28230,28243
DEGINTU;3449,14260,24059,24090,28153
DEGINTW;13464,14344,14346,28153
DEGINUX;29158
DEGIOOR;21553,21607,24095,27300
DEGIOOS;9338,14287,14326,21280,21322,21600,24077,24078,27576,28136,28171,28193,28196,28205,28206,29060,29144,29145,29146
DEGIOPR;29148
DEGIORR;14289,14348,21446,21607,24095
DEGIORT;21553,21592,21603,24066,28863,29087
DEGIPPR;13416,14282,21612,27800,28219,29155
DEGIPRU;14339,24062,28860,28980,28983
DEGIPSY;14191,29182
DEGIQSU;
DEGIRRS;14050,21446,21616,27801,28853,29027
DEGIRRU;27413,27796,28237,28853
DEGIRSS;3426,3452,14347,21444,21602,27802,28186,28211,29114
DEGIRSU;9347,14050,27582,29027
DEGIRTT;3454,13345,14193,27783
DEGISST;14194,14312,29000,29025,29112,29150,29172,29178,29179,29183
DEGISSU;24080,28217,29010,29015,29183
DEGISTU;29112
DEGISTW;14344,14346,29181
DEGJLNU;14352,29184
DEGJRSU;
DEGKKOR;
DEGKLSU;
DEGKLUY;
DEGLMMO;24069
DEGLMOO;28193,28993,29115,29187
DEGLMOU;6656,13473,29126,29184,29187
DEGLNNO;28253
DEGLNOP;29030,29184
DEGLNOS;27584,27805,28249,28253
DEGLNOU;9353,24073,27586,29030,29184,29187,29192
DEGLNPU;29030,29184
DEGLNRU;3456,3460,9351,9353,13474,13480,21448,27586
DEGLNSU;27583
DEGLNUU;21443,27575,29030,29139,29189
DEGLOOP;14287,14288,28205,29144,29149
DEGLOPP;28198
DEGLOPR;
DEGLOPS;29194
DEGLORS;9352,9354,13484,24079,24096,27286,27584
DEGLORW;
DEGLOSS;14198,14230,14359,14361,21586,24080,24097,28253,28841,29145,29191
DEGLOST;3464,13484,14359
DEGLOTU;1972,6656,13473,14199,28992,29192
DEGLPSU;29194
DEGLSSU;24080,28252,29015
DEGLTTU;3466
DEGLUZZ;
DEGMNOO;14362,14365,28993,29152,29187,29188,29197
DEGMOOR;14362,21607,29115,29197
DEGMOOS;14358,14365,28193,29032
DEGMPRU;
DEGMRSU;9355,13492,14353,28994,29196
DEGMSSU;28217,28252,29015,29153
DEGNNOU;21606,24086,28972,28986,29151,29158
DEGNOOS;8894,14326,14358,14365,27576,28196,28256,29202
DEGNOPR;
DEGNOPS;29202,29207
DEGNORU;
DEGNORW;14369
DEGNOTU;9350,14376,24059,24090,29024,29151,29192,29206
DEGNRSU;27809,28142
DEGNRTU;3297,3449,13422,13495,13499,14201,14341
DEGNRUU;21615,29167,29189
DEGNSSU;3472,14376,28142,29200
DEGNUVY;
DEGOORV;29204
DEGOOST;14054,14379,28974,29032,29211
DEGOPRU;14381,21617,28159
DEGORRS;6501,13504,20649,21446,21616,28263,28867,29203
DEGORSS;14198,14347,14381,28263,29193,29200
DEGORST;28974,29032
DEGORSU;14206,14290,14381,27582,28994,29027,29210
DEGORTU;28863
DEGOSST;14312,14359,14361,14377,23752,28265,29100,29150,29172,29177,29178,29183
DEGOSTU;
DEGOSTW;9318,29181
DEGRRTU;3391,3468,9360,13499
DEGRSTU;6655
DEGSSTU;21554,29112,29178,29179,29183,29211
DEHHIPS;28268,29216
DEHHISW;14385,14387
DEHHMPU;
DEHHOOS;14392,24101,24102,28271,29229
DEHHSSU;6662,29225
DEHIIKO;24105,24106,29236
DEHIINN;14180
DEHIIPS;3483,13527,13528,14403,14409,14413,21618,24110,24120,27301,27594,28278,28279,28874,29245,29248,29249,29250,29255,29256,29257,29261,29262
DEHIIRS;3483,13528,14414,20836,21452,23756,24111,24122,28044,28278,28874,29237,29259,29260,29262
DEHIKRS;29013,29237,29268,29270
DEHIKSW;14416,22843,28869,29270
DEHILLO;24041,28281,29014,29236,29238,29272,29274
DEHILLS;14419,14422,21434,21454,28283,29273,29274
DEHILMS;9056,9379,28997
DEHILNP;27415,27592,27819,29240,29276
DEHILOT;3488,9380,13537,14427,23761,24108,24129,24130,27821,28277,28287,28875,29014,29214,29218,29241,29274,29279,29284
DEHILPR;13542,14384,14433,14434,14439,23760,24131,24132,29216,29217,29282
DEHILRS;6664,8203,9379,14384,14424,14429,14430,14433,14437,28876,29216,29243
DEHILRT;14425,14427,29279
DEHILRW;13536,29272
DEHILSS;14442,14443,24128,28999,29000,29274
DEHILTY;13029,24114,27820
DEHIMMS;29288
DEHIMMW;
DEHIMNS;8204,24133,29019
DEHIMNU;24133,29240,29252
DEHIMOP;9383,24134,29251,29293
DEHIMOR;14450,28267,29219,29251,29293
DEHIMOS;
DEHIMOT;21581
DEHIMRS;28877,29019,29220,29237
DEHIMRU;14450,24133,28877
DEHIMST;9382,9385,9386,13553,13556,14453
DEHIMUX;
DEHINNS;3492,9387,9388,14454,14455,27424,29289,29298,29299
DEHINNT;3485,9388,14425,14455,23764,29012,29021
DEHINOP;24117,24140,27592,28306,28307,29258,29306
DEHINOR;14410,21435,24045,28267,29269
DEHINOS;27602,29017,29023,29312
DEHINOY;24140,27553,28151,29257,29258,29305,29306,29313
DEHINPS;20870,28268,28279,28874,29249
DEHINRS;24133,28874,29234,29260
DEHINRU;23765,23767,24044,24133,24143,27423,27555,28286,28310,28311,28314,29252,29279,29304
DEHINUV;9064,14464
DEHIOOR;13065,14456,14473,14474,21619,21625,27599,29219,29269,29270,29293,29300,29315,29316,29317,29318
DEHIOOS;21625,24106,24124,27599,28301,29256,29270,29289,29300,29317
DEHIOOT;14473,14474,24145,27603,28287
DEHIORS;1986,3499,9394,14437,14479,24122,28876,29013,29270,29271,29317,29327
DEHIORT;3488,3500,14410,14427,29318
DEHIOST;9394,14067,14476,14481,23758,24039,24120,28154,28875,29274,29325
DEHIOSU;14457,21626,23565,24122,24146,27597,28292,28304,28876,29278,29283,29317
DEHIOSV;23565,24149,28048,29311,29312
DEHIOSW;14416,14422,21457,29270,29311,29320
DEHIOSX;13565,14435,27605,28305,29283
DEHIOTU;21581,28156,28320,29024
DEHIPPS;14432,14438,28288,29255,29303,29322
DEHIPPW;29322
DEHIRRS;6667,14414,14430,14487,21621,29300,29307
DEHIRRU;14192,27556,28311,28322,29026
DEHIRRW;
DEHIRST;29025,29220,29281,29316,29318,29326
DEHIRSU;14479,24122,24133,24146,27555,28286,28292,28310,28876,28877,29019,29317,29326,29327,29328
DEHIRSV;29311
DEHIRTV;14069
DEHIRTW;9399,14386
DEHIRTY;14488,24119,29220,29221
DEHISSW;27822,29260
DEHISTT;14194,27823,28154,29029
DEHISTW;14453,14481,29320
DEHISVV;
DEHIWZZ;
DEHKNTU;14496,29012
DEHLLOO;29236,29238
DEHLLOU;21632,24041
DEHLMOU;
DEHLMSU;
DEHLNOS;9408,9409,9410,14505,14506,21580,21632,23782,24156,27837,28327,28328,28329,29017,29223,29277,29278,29335,29337
DEHLOOS;13594,21631
DEHLOOT;28158,28287,29333,29342
DEHLOPP;9411,14402,14432,24109,24130,24157,28330,29282
DEHLORS;6679,9408,13071,14070,14433,21631,23776,23784,27837,28284,28289,28327,28331,29216,29271,29339
DEHLORW;29218,29272,29284,29342
DEHLOSS;13580,14198,14508,14509,20872,21633,28285,28841,29226,29274,29346
DEHLOST;9362,9409,13071,14506,21635,28875,28881,29241,29274,29277,29347,29349
DEHLPSU;9413,23785
DEHLRRU;
DEHLRSU;28024,28286
DEHLRTU;13599,14200,29279,29284
DEHLSSU;14443,24159,29015,29225,29334,29350
DEHLSTU;6678,21635,28881,29018
DEHMNOO;13059,28332,29289,29355
DEHMNPY;29354
DEHMNSU;24133,29019,29355
DEHMOPR;13603,14497,23788,28324,28335,29251,29293
DEHMOPW;29330
DEHMORU;9417,14450,28337,29352
DEHMOST;23789
DEHMOTU;6415,9417,9419,14074,14450,14513,21581,23789,24136,28337,29355,29357
DEHMPTU;
DEHMPUW;29330
DEHMSSU;14518,24135,29015
DEHNNSU;6681,9422,13072,14454,14455,14511,28873,29016,29033,29299,29363
DEHNOOR;8207,9423,21326,24138,24153,24161,27599,28271,28342,29224,29228,29269,29300,29336,29351
DEHNOOW;12925,27596,29269
DEHNOPU;21626,24163,28304,28307,28344,29030,29278,29304
DEHNORS;27837,28271,28327,28340
DEHNORT;6682,9423,9426,14410,14427,14494,14500,14521,21639,24161,29279,29304,29371
DEHNORU;6682,9421,21582,21639,23792,27536,28349,29031,29279,29304
DEHNOSU;21626,21632,21640,24155,28304,28341,28344,29023,29223,29278
DEHNOSY;9410,14501,21640,22849,29313,29337
DEHNOTZ;28306,28309,29306
DEHNRSU;28286,29019
DEHNRTU;21639,24143,27844,28314,28349,29279,29304,29371
DEHNSSU;24046,29023,29364
DEHNSSY;3523,28347,29292,29313
DEHNSTU;14505,21640,24144
DEHNSUZ;14204
DEHNSYY;
DEHOOPT;27603,29361,29366,29378
DEHOOPW;29037,29379
DEHOOST;14392,14528,28974,29361,29376,29383
DEHOOSW;6688,20842,23634,28051,29270,29320
DEHOOTT;28287,28342,29378,29381,29383
DEHOOTW;6688,29342,29381
DEHOPPS;14395,14432,14449,14531,28288,28315,28352,29255,29303,29322,29358
DEHOPPW;29322
DEHORSS;14198,14396,14508,14527,14534,27847,28340,28347,28357,29226,29346,29356,29367,29375,29380
DEHORST;3521,6516,6679,13071,14479,14494,14515,14528,14536,14537,21463,21636,22885,23795,28974,29032,29281,29318,29327,29347,29376
DEHORSV;9434,14529,14536,24151,28048,29311
DEHORSW;29035,29270,29311,29372,29380
DEHORSX;9365,14523,14537,27605,29376
DEHORTT;29310,29327,29371,29381
DEHORTW;14517,14536,23795,29342,29381
DEHOSTT;13616,21463,24162,28154,29029,29310,29327,29349,29383
DEHOSTU;9428,14397,21635,21640,23789,24167,28344,28881,29349,29383
DEHOSTW;23795,29320
DEHPPUW;
DEHPSSY;29266
DEHPTTU;24147,29385
DEHRRTU;14532,28322,28882
DEIIIRS;9280,28055,28886,29234,29398,29404,29412
DEIIIRZ;22890,29399
DEIIJMM;
DEIIKKL;28367
DEIIKLS;6695,21644,28893,29060
DEIIKNR;
DEIIKNS;13626,14538,14552
DEIIKST;14077
DEIILLR;28370,28895,29063,29064,29432
DEIILLS;1108,6695,9320,14078,14216,14217,24191,28164,28893,29057,29062,29426,29433
DEIILLW;27621,29039,29061,29427
DEIILMN;27621,29240,29437
DEIILMP;6697,9089,9450,13077,14218,14568,21584,28884,28975,29069,29240,29438
DEIILMT;9448,9450,13628,14398,14562,29040,29437,29441
DEIILNS;9457,14554,29395,29450,29451,29452
DEIILOS;14566,20875,21644,28171,29060,29077,29241,29440
DEIILOZ;28172,28174,29441
DEIILPS;6697,13078,13527,14568,14576,21618,27301,27594,28368,29062,29245,29248,29433,29455,29456
DEIILRV;14557,21642
DEIIMMX;
DEIIMNO;13081,24187,24208,27628,29068,29079,29251,29437,29463,29466
DEIIMRT;3481,3540,6609,14234,14406,14615,14617,21473,28413,29475,29477
DEIIMST;3538,14600,14605,14607,14610,29470,29471,29473,29476
DEIIMSZ;13642,13646,14567,14569,14608,21649
DEIIMVW;
DEIINOS;14083,14409,14544,27631,28908,29256,29257,29486
DEIINOT;20878,21474,28419,28420,29048,29233,29463,29482
DEIINOZ;13081,14544,14624,27632,27633,29049,29079,29258
DEIINRR;2003,13624,21591,24050,27570,28065,28424,28847,28978,29004,29063
DEIINRS;23804,27439
DEIINRT;28067,28434,28435
DEIINRU;21585,24055,24062,27571,28383,28911,28980,29252,29405,29421
DEIINRV;14635,14640,14642,21642,28078,28079
DEIINRW;27439,28079,28383,28433,28434,28435,29260
DEIINSS;13626,13641,14538,14552,20879,21328,23531,24224,27854,28417,28437,28845,29451,29486
DEIINST;29411,29439
DEIINSV;9099,23816,24224,28417
DEIINSY;9480,13084,14400,14552,14554,14610,21593,28437,28850,28872,29084,29245,29254,29257,29473
DEIINTV;24179,28058,29407
DEIIORS;9484,21329,21476,21477,23756,24122,24211,24227,24230,29110
DEIIORT;5807,23819,23821,24210
DEIIORV;14635,14645,14647,21477,24057,24212,24230,29516
DEIIORZ;23757,23821
DEIIOSS;9485,14648,23570,24180,27620,28446,28452,28453,29486
DEIIOSX;6702,28080,29448
DEIIOSZ;14544,28454
DEIIOXZ;6704,23823
DEIIPPR;9486,22856,24188,24197,28363
DEIIPRS;
DEIIPRT;14615,14656,14657,23826,24100,24216,24233
DEIIRRT;9374,22857,23819,24234,29004,29264
DEIIRST;
DEIIRTT;13649,13653,14406,14579,14656,21473,28082,28434,28444
DEIIRTX;28406
DEIIRTZ;8217,13655,14249,14585,14593,14657,21656,22890,23811,23813,23821,24233,24237,28070,28397,28400,28435,29009,29460,29505
DEIIRVV;28060
DEIIRZZ;29460
DEIISTT;14559,14595,21597,28364,28366,28386,28907,29391,29411
DEIISTV;14647,14655,23831,28448,28453,28454,29476,29512,29516,29518
DEIISVV;14641,29447
DEIISZZ;
DEIIVZZ;
DEIJLLO;
DEIJNOR;14252,14254,29520
DEIJNOT;24183,27619,28465
DEIJNPU;28983
DEIJNRU;
DEIJNSU;
DEIJORY;
DEIJOST;23834,24183,27619,28465,28466
DEIJRRS;28463
DEIJTTU;
DEIKKNS;13660,29420,29522
DEIKKRS;14087,21663,29420,29521
DEIKLLS;6695,28893,29057,29523
DEIKLNP;
DEIKLNR;14255
DEIKLNS;29523,29527
DEIKLNT;29527
DEIKLNU;14666,14668,29527
DEIKLNW;
DEIKLOP;14669,24185,24242,24243
DEIKLOR;14255,28470,28834
DEIKLOS;13430,14416,14550,14667,14668,14669,21643,21644,27637,29060,29268,29523
DEIKLRS;5808,13532,14087
DEIKLRT;28834
DEIKLST;27637,28189,29011
DEIKLTT;
DEIKMMS;
DEIKMPS;
DEIKMRS;29237
DEIKNNS;29523,29528
DEIKNOS;13660,14550,14667,14668,23837,27640,28915,29268,29522,29523,29528,29532
DEIKNOV;
DEIKNPR;24188,28468
DEIKNPS;23837,23838,29522
DEIKNRR;6639,13665,24050,24247,29530
DEIKNRS;14675,24249,28915,29116
DEIKNST;14674,28189,29527,29533
DEIKNSW;6721,14675,23839,24249,27640,28915,29528
DEIKNSY;24189,29525,29527
DEIKNSZ;
DEIKNTT;
DEIKNTW;
DEIKORR;21601,24240,29530,29534
DEIKORS;21663,23559,27640,28915,29013,29268,29521,29532,29534
DEIKOSY;29013
DEIKPPS;13664,14669,14672,29529
DEIKQRU;
DEIKRRS;13353,29534
DEIKRSS;6719,9495,13666,21602,23640,24190,24241,29237
DEIKRST;24190,29533
DEIKRSU;5813,21663,24248,24249,29116,29524
DEIKSTY;24189,29011,29527
DEIKSVY;
DEILLMO;13668,14678,21665,27859
DEILLMU;14678,29423
DEILLNW;27621,29272
DEILLOR;21668,29272
DEILLOS;13097,14422,14676,14678,14681,14683,21559,21666,21669,27531,27642,27859,28480,28916,29117,29118,29119,29120,29122,29123,29273,29274,29426,29523
DEILLOV;9499,13535,21481,21645,28469,29432,29542
DEILLPR;28919
DEILLPS;21454,27641,27642,27862,28480,29062,29273,29433
DEILLQU;3553,14691,24255
DEILLRR;13681,14686,14696,29063
DEILLRT;
DEILLRU;3556,13681,14687,14698,28488
DEILLRV;29064,29432
DEILLSS;6725,9501,13094,14091,14680,14688,21669,27622,28283,28478,28483,28486,29122,29274,29430,29435,29536,29537,29543
DEILLST;3555,9500,29118,29274
DEILLSU;20881,21669,28087,28488,28490,28893,29426,29433,29535
DEILLSW;21482,28480,28917,29545
DEILLTW;29014,29545
DEILMMP;28491
DEILMMS;21383,27643,28088,29546,29547
DEILMNS;3563,13099,14712,28493,28496,29549
DEILMNU;21319,29126,29240,29548,29551,29552
DEILMNW;21671,27621,28494,29128
DEILMOP;
DEILMOR;3566,13694,21647,21671,21674,24257,28921,29115
DEILMOS;27644
DEILMOY;21675,21676,28497,28921,29275,29547
DEILMPP;24258
DEILMPR;
DEILMPS;28884,29438
DEILMPW;
DEILMST;28496
DEILMSW;21484,21674,27644,28502,29128
DEILMWY;
DEILMXY;
DEILMZZ;
DEILNNS;23846,23847,24169,24194,24260,27866,28507,28508,28509,28510,28916,29243,29422,29523
DEILNNU;21490,22881,23713,23740,23847,24071,24260,28506,28510,28511,28925,29016,29130,29557
DEILNOO;8226,14183,14736,20648,21335,21677,24261,28197,29276,29558,29560
DEILNOS;28916,29523
DEILNOT;22876,29214,29558
DEILNOU;29539,29540,29557,29561
DEILNPP;3574,14282,29568
DEILNPS;24171,28514,28515,29424,29568
DEILNPU;28931,29240,29539,29552,29568,29569
DEILNRT;3578,14420,14425,23715,28067,28494
DEILNST;9514,9522,14061,29439
DEILNSW;
DEILNSY;3563,6643,6739,14400,14712,14755,24019,24076,27641,28872,29525,29527,29536,29543
DEILNTU;28388,28506,28931,29215,29453,29569
DEILNTW;3578,13707,28494,29214,29215
DEILNUV;27575,29557
DEILOOS;9338,24077,27543,27650,28136,28171,28193,28206,28835,28932,28984,29060,29145,29146,29571
DEILOPR;3533,14434,24131,28512,28530,29148,29217,29282
DEILOPS;28480,28514,28515
DEILOPT;24130,24185
DEILOPU;14404,29539
DEILORS;28835,28984
DEILORT;24267,24270,28834,29218,29279,29284
DEILORW;21497,21560,21668,21671,28473,28928,29218,29272,29284
DEILOSV;13104,14710,28498,29075,29447
DEILOSY;9532,21675,21676,24203,29123,29273,29448,29547,29578,29579
DEILOTU;3233,9530,9533,20882,21665,21670
DEILPPR;3574,3590,14282,29282
DEILPPS;13078,14432,14588,14669
DEILPPT;3551,3591,24130,28389
DEILPPU;
DEILPRT;24270
DEILPRU;24132,28539
DEILPSS;
DEILPSU;14691,29433
DEILPTY;3593,6706,14589,14761,14764,23861,24114,27875,28291,29449,29456,29552,29578,29579
DEILQTU;28506,29401,29459,29569
DEILRRU;13681,14696,14774,21495,29540
DEILRSS;3322,3535,13635,13700,13735,14442,21444,21485,24241,27865,27880,27882,28210,28486,28904,28936
DEILRSV;1122,14295,29582
DEILRSW;6745,13020
DEILRSY;21551,29436,29456,29570
DEILRTU;3556,6748,13738,14103,14593,14699,14768,14774,14777,24270,28095,28400,28535,29284
DEILRTW;3578,6747,9540,28494,29545
DEILRTY;28212,29436,29456
DEILRVY;
DEILRWY;21668
DEILRWZ;14591,21497
DEILRZZ;
DEILSST;3595,14442,29000,29242
DEILSTT;3581,13108,13545,13683,14559,14595,27823,28386,28907,29556
DEILSTU;3599,14298
DEILSTW;14595,21388
DEILSTY;21587,23863,28212,28376,29436,29456,29547
DEILSUV;21682,24204,29433,29535
DEILSZZ;29576
DEILTTT;13718,14560,14582,28536
DEILTTU;28907
DEILTTV;9541
DEILTTW;6747,8914,9540,13108,14595,27626
DEILZZZ;
DEIMMMU;
DEIMMOT;3601,13744,14780,21499
DEIMMPR;27466,28546
DEIMMRS;
DEIMMRT;9543,14234,14699
DEIMMRU;14699
DEIMMST;
DEIMMSU;14789,24276,28088,28544,29250,29589
DEIMNNU;13750,14092,14235,14300,14703
DEIMNOP;24275,24280,28555,29124,29152,29251,29465,29593
DEIMNOR;21337,21685,24187,24208,24281,29152,29251,29404,29419,29465
DEIMNOS;21685,24288,27655
DEIMNPS;14702,14712,23875,24280,24284,28555,29249,29465,29470,29593
DEIMNRS;21685,21687,24133,28985,29019,29043,29084,29125,29129,29404,29419,29465,29470,29471,29472,29604
DEIMNRU;20850,21337,24133,27340,29604
DEIMNSS;21685,29231
DEIMNST;29254,29439,29470,29471
DEIMNSW;13112,13761,28461,28568,29082,29128,29471,29528
DEIMNTU;2043,13114,14783,24277,29551
DEIMNUX;13750
DEIMOOR;21607,21619,21664,24210,24281,29115,29152,29219,29293,29607,29608
DEIMOOS;23577,23578,24125,28193
DEIMOPR;2044,9556,27436,27466,29152,29251,29293
DEIMOPS;8915,14164,14308,24280,24289,28555,29593,29610
DEIMORR;23877,24212,24281,27544,28097,28559,29219,29605
DEIMORS;28985,29125,29404,29419
DEIMORU;13765,14450,14819,14820,21337,27894,28584,29607
DEIMOSS;29591
DEIMOST;21339,28889
DEIMOSW;13766,21484,21674,28461,28502,28579,29128,29528
DEIMOTT;8916,9141,13550,28557,29551
DEIMOTV;14602
DEIMPPR;24258,28574,29293,29529
DEIMPRT;24216,27895,28373,28546
DEIMPRU;14727,24295,29529,29612
DEIMPSU;14308,23875,27826,28412,29250,29529,29610,29612,29616
DEIMPTU;14615,24216
DEIMRRS;21505,21687,23649,23878,27885
DEIMRSW;3237,13112,14803,21674,27756,28568,28579,29471
DEIMRSY;29084,29220,29294,29480,29588,29618
DEIMRUU;14727,14829,22776
DEIMSST;23880,28585,28589,28590,29618
DEIMSSU;14097,14451,14789,14830,24021,24135,24293,28897,29015
DEIMSTT;327,2048,14729,28566,28571,29556,29617,29618
DEIMSTU;24175,24293,24294,28573,29409
DEIMSTY;23880,24291,28376,28589,28590,29473,29480,29618
DEINNNU;21304,28504
DEINNOO;21599,27576,29276,29289,29520,29624
DEINNOP;9545,14834,29276,29624,29627
DEINNOR;6543,6647,13061,14316,14700,14790,22894,24193,28594,28829,28856,29520
DEINNOS;3492,13103,21506,23846,23882,24024,24178,24194,24260,24296,24297,27793,28414,28916,29481,29486,29487,29488,29489,29523,29624,29630,29631
DEINNOT;21474,21507,22905,23883,24296,24297,28890,29463,29487,29592,29630,29631
DEINNRS;24043,29491
DEINNRU;3618
DEINNST;14627,14628,14734,14832,14841,22905,24024,24279,24296,24297,29411,29481,29487,29488,29491,29592,29630,29631
DEINNSU;24260,28873,29299,29624
DEINNSW;14321,14835,14837,14839,23884,29162,29491,29528,29592,29621
DEINNSY;14793,14841,29630,29631
DEINNTU;21507,23717,28506,28511,28891
DEINNTW;14837,14838,29592
DEINOOZ;13120,28197,28990
DEINOPR;6735,8237,9149,9567,20852,22864,23888
DEINOPS;14083,24219,29424,29646
DEINOPT;24139,24140,28306,28419,28608,28617,29097,29172,29305,29306,29646
DEINOQU;9571,24090,28618,29483,29561
DEINORR;21491,27482,27544,27901,28097,28101,28102,28559,28594,28619,28620,29530,29540
DEINORS;21562
DEINORU;21337,28619,28942,29279,29540,29561
DEINORW;9574,29272
DEINOSS;27602,27655,29023,29486,29591,29623,29643
DEINOST;29631,29644,29646
DEINOSW;9582,13783,28461,28616,29528,29621
DEINPPS;9152,13664,13788,28607,29303,29507,29568,29646,29662
DEINPRS;
DEINPRT;24094,28220
DEINPST;20870,24139,24219,27660,29305,29495,29646
DEINPSU;3621,27660,29568,29665
DEINPUW;28616,29539
DEINRRU;13118,14112,14168,14869,27486,27545,27796,28237,28549,28619,28637,28943,29159,29540,29653
DEINRST;
DEINRSU;27545,27546,28943,29524
DEINRSV;29532,29628
DEINRSW;3496,6721,13112,14462,14467,14675,14839,14871,24249,27546,28943,29260,29471,29491
DEINRTT;
DEINRTU;28942
DEINRTX;
DEINRTY;6652,14841,14842,21596,24094,24119,24221,24300,28636,29176,29180
DEINRUW;24249,27546,27916,28383,28943
DEINSST;29025
DEINSSU;3579,14463,20879,20889,23885,27658,27907,28910,29451,29638,29643,29649
DEINSSV;24224,29108
DEINSSW;29260
DEINSSY;14552,14866,20889,23896,29292,29313,29525,29536,29543,29603,29630,29651
DEINSTT;21597,24144,24297,24308,29007,29391,29411,29439,29488,29644,29646
DEINSTU;24144,24308
DEINSTY;28313,28636,29176,29180,29254,29305,29313,29473,29527,29630,29631
DEINSUZ;
DEINUVW;
DEIOORS;28835,29317,29494
DEIOORW;14474,21694,29269,29607,29608
DEIOORZ;28990,29148
DEIOOSS;21322,24128,29145,29623,29675,29676
DEIOOST;6764,9592,14735,14845,22907,24299,27543,28653,29495,29512,29559,29644
DEIOOSW;27650,29571
DEIOOSZ;
DEIOOVV;
DEIOOWW;29608
DEIOPPP;
DEIOPPS;3630,14432,14449,14669,14877,28315,28574,28607,28655,28656,28657,29255,29303,29322,29609,29610,29646
DEIOPRS;
DEIOPRT;14879,29668
DEIOPRV;24312,28658
DEIOPRX;29096,29499,29637
DEIOPSS;24289,29222,29675,29676
DEIOPST;29305,29325,29495,29646
DEIOPSV;28498,28514
DEIOPTT;13725,14851,24147,24250,28419,28444,28557,28614,28617,29639,29646,29671
DEIOPTV;24312,28658,29668
DEIOQTU;24090,28618
DEIORRT;27901,28318,29605,29652,29668
DEIORRW;9574,13373,28594
DEIORSS;
DEIORST;
DEIORSV;29516,29532,29582,29628
DEIORSW;27582
DEIORSZ;9602,14477,14882,23916,28500,28561,28611,28664,29684
DEIORTT;21694,24251,28444,29544
DEIORTU;14744,14819,14820,14849,14858,29596,29607,29620,29629
DEIORTZ;9300,9395,9602,14480,14585,21656,28942,29505
DEIORVZ;23917,28659
DEIORWW;14821,28918,28928,29608
DEIOSTT;27665,28154,28465,28597,28614,28676,29029,29644,29646,29688
DEIOSTU;6764,21339,23909,23918,27665,28573,29590
DEIOSTV;23898,27921,28453,28454,28676,29476,29489,29516,29566
DEIOSTW;13766,14481
DEIOSTX;24299,27921,28080,28676,29626,29644,29660,29672
DEIOSTZ;21656,23916,28300,28454,28598,28664,29579,29631
DEIOSUV;21513,21682,23565,24149,24230,28674,29677
DEIOTUV;28320
DEIOTUW;13814,14819,14858,28156,29607,29629
DEIPPPU;14769,29616
DEIPPQU;
DEIPPRR;13126,28629,28654
DEIPPRS;28574,28655,28657,28934,29322,29529
DEIPPRT;13816,28629,28654,28658
DEIPPST;29609,29646
DEIPPSU;29529,29610,29616,29662
DEIPRSS;21614,29101,29517
DEIPRST;
DEIPRSU;28913,29648
DEIPRSY;14651,14866,14881,28636,29182,29262,29294,29324,29673
DEIPSSU;14664,14762,27658,28667,29574,29638,29649,29675
DEIPSSV;3638,13821,27924,28456,28681,29246,29690
DEIPSTT;9585,29646,29671
DEIPSTU;24181
DEIPSUV;24204,28538,28681,29433,29518,29648
DEIPSUZ;28467,28683,29684
DEIPSXY;
DEIPTTU;24147
DEIQRSU;29317,29398
DEIQRTU;1127
DEIQTTU;3625
DEIQUZZ;28892
DEIRRST;3546,3612,3639,6767,9349,9608,14350,14824,24234
DEIRRSU;6716,14812,21687,27581,29653
DEIRRSV;331,5829,14892,29532,29628
DEIRRUX;
DEIRSST;23571,24190,24217,29025,29055,29517,29603,29618
DEIRSSU;
DEIRSTU;
DEIRSTV;3453,14069,14655,29476,29516,29518
DEIRSTW;29471,29491
DEISSST;27897,28589,29319,29457,29613
DEISSSU;14661,14789,27661,29153,29643,29649
DEISSTU;
DEISSTV;23831,27930,28187,28453,28688,29566
DEISTTW;13108,14346,14595,27626
DEISWZZ;
DEITTTW;
DEJLOST;
DEJLSTU;1131
DEJOORY;
DEJOSTU;14900
DEKKLSU;
DEKKNRU;28468,28695
DEKKNSU;
DEKLLNO;6771,8926,28698,29523
DEKLLOS;5835,20891,23775,28698,29523
DEKLLSU;28893,29696
DEKLNOP;
DEKLNPU;28695
DEKLNRU;28695,29421,29526
DEKLRSU;29524
DEKNNOS;27831,29523,29528
DEKNNRU;23929,27547
DEKNOOS;14903,24326,28323,29522,29697,29702
DEKNOPP;
DEKNOPR;29699
DEKNOQU;
DEKNOST;14903,29702
DEKNOSW;6774,27640,28249,28915,29528,29702,29703
DEKNOSY;29697
DEKNOTT;14496,29700
DEKNOTU;14117,14496
DEKNOUY;28948
DEKNPSU;9623,27935
DEKNRRU;13848,13857,14354,24247,29533
DEKNRSU;9624,23544,23928,24248,24249,24326,27935,28475,29116,29524,29693,29703
DEKNRTU;6775,24247
DEKNSSU;28696
DEKOOPS;29522,29697
DEKOOST;14903,29702
DEKOOTW;29702
DEKOPST;14904,24242
DEKORST;1132,9621,9625,14118,14494,14904,24327,29702
DEKORWY;21701,29695
DEKOSSU;23778,24152
DEKOSVY;
DEKPRSU;27935
DEKRSUY;
DEKSSTU;
DELLMOO;
DELLOOW;21704,27574,29708
DELLOPR;6779,14497,14499
DELLORR;14916,14917
DELLORT;3647,9626,13868,13876,21706,24329,29333
DELLOSU;14678,14683,20655,21669,28707,28711,29186,29223,29426,29710
DELLOVW;
DELLRWY;14121,21668
DELLSTU;3653,14122,28707,28711
DELMMSU;20656,24325,28088,29546
DELMNOS;27668,29335,29549,29711
DELMOOS;13131,14358,14920,24125,24257,24324,24332,24333,27668,29712
DELMOOW;
DELMOPR;3663,14123,14497,14502
DELMORS;21647,21674,24257,27644,29125,29712
DELMORU;14124,21343
DELMOSU;20656,24335,29713
DELMOSY;14925,24330,24333,29335
DELMOTT;14926,24334,29551
DELMOTU;20882,21564,21665,21708,21709,24335,27669,28707,28717,28951,29551
DELMOUV;14726
DELMOZZ;28326
DELMPPU;
DELMPRU;14727,14927,28720
DELMPSU;6785,14928,29713
DELMTUY;27669,29552
DELMUZZ;21565
DELNNOY;29538,29716
DELNOOS;14196,14358,27584,27668,29337,29711
DELNORS;23674,27584,27837,27948,28727,29694
DELNORT;14126,14500,14923,14937,29717
DELNORU;21448,24263,28726,29561
DELNOSS;14361,14924,14934,29191,29714,29718
DELNOSU;14125,14128,14505,29223
DELNOSW;6778,6791,14932,28249,28955,29711,29722
DELNOSZ;28493,28515
DELNOTW;29214
DELNOTY;14745,21492,28708,28714,29190,29337,29538
DELNOUV;14127,14940,24344,29557
DELNOWY;13136,14940
DELNPRU;27940,28695,28726
DELNRSU;29524
DELNRTU;24347
DELNRUU;6793,13907,21336,21679,21714,28524,29189,29561,29725
DELNSSU;3579,23950,28528,29451
DELNUWY;14940,29716
DELNUZZ;29338
DELOOPP;9411,24157,28330,28733
DELOOPS;14946,21715,23585,23952,23953,24332,24333,28250,29194,29339,29340
DELOOPT;24348,27306,28733,29719,29726
DELOORT;6797,6799,9626,14923,24267,24348,24349,29333,29342,29544,29717,29719
DELOORW;6782,13135,14130,28116
DELOOSS;6798,14920,14934,20860,28725,29145,29191,29714,29718
DELOOST;14054,21713,23586,24338,24343,24349,27543,29559
DELOOSW;13483,27650,29571
DELOOTT;6799,14033,14131,28287,29195,29544,29558,29717,29726
DELOPPP;
DELOPPR;24157,24258,28958,29282
DELOPPS;14432,14669
DELOPPT;24130,28389,28530,28733
DELOPPY;
DELOPRS;
DELOPRT;24270,24348,28512,28530
DELOPRU;27507,28726,28958
DELOPRW;
DELOPSU;20657,21702,29194,29713,29727
DELOPSY;24333,27642,27651,29194,29335,29340,29578,29579
DELOPTT;9412,13725,14760,14952,14954,29726
DELOPTU;14931,27306,28733,29726
DELOPTZ;29341,29579
DELORRW;13132,14132,27670,27765
DELORRY;14289,20895,27652,28734,29343,29344,29728
DELORSS;27948,29346
DELORST;24338,29347
DELORSW;3672,14133,14932,28331,28955
DELORSY;5541,14133,14948,14949,27548,29694,29709
DELORTT;3673,6742,6799,14760,29195,29544,29717,29728
DELORTU;14103,14124,14768,14953,14956,28095,28535,29284,29728,29729
DELORUV;14768
DELOSSS;23958,28533,28901,29285,29345,29443,29573,29583
DELOSSU;14762,14765,21567,28933,29225,29334,29574,29727
DELOSTT;29349
DELOSTU;28707,28717
DELOSYY;
DELOSZZ;14957,28326,29576,29713
DELOTUU;9643,14199,21550,21564,21670,21714,22918,28992,29139
DELOTUV;
DELOTUZ;29192
DELPPRU;24265,28958
DELPPSU;3674,14941,29727
DELPRSU;3674,14958
DELPSSU;6785,9536,14762,29574,29715,29727
DELPSTU;
DELPSUY;14942,28112,28720,29194,29727
DELPUZZ;
DELRRSU;21526,21528,27511
DELRSTU;1142,14136,14956,29729
DELRTTU;3366,3466,3669,13599,13890,13905,27950,28699,28738,29728,29729
DELSSTU;
DELSTTU;28738,28907,29556,29729
DELUWZZ;
DEMMNOY;9655,21707,29351
DEMMRRU;
DEMMSTU;
DEMNOOR;24281,29152,29197,29351
DEMNOOW;14902,29197
DEMNORS;21685,28985,29125,29404,29419,29465,29693
DEMNORT;3682,9661,14500,14923,29737
DEMNORU;9661,14966,21337,21535,24098,28741,29031,29126,29737
DEMNORY;3682,9655,13938,28334,29351,29354
DEMNOST;3658,3681,14903
DEMNOSU;14365,27655,29468
DEMNOTU;27962,28740,28751,28951,29151,29463,29551,29596,29737
DEMNOUV;28751,29597
DEMNSTU;2090,13950,14898,21537,23683,23942
DEMOOPP;29293
DEMOOPR;24358,29293
DEMOOPS;28555,29697
DEMOORS;8250,9656,13131,13951,14139,24354,28702,28718,29712
DEMOORT;21664,24210,29227,29357,29607,29608
DEMOORV;27971,28702,28760
DEMOOSS;14920,14979,23967,29698,29734,29741
DEMOOST;
DEMOOTT;24334
DEMOOTU;21709,21717,24361,28337,29357,29607
DEMOPRT;13935,14123,14904,23969,28745,28753,28762,29744
DEMOPST;28959,29736,29743
DEMORRS;5542,6809,6810,8251,12988,13951,13953,13954,14139,14366,14977,21718,23944,27946,28758,28763,28764
DEMORRU;21343,28119,29554
DEMORST;
DEMORSW;21674,29733
DEMOSSU;21689,24021,24135,24293,29478,29591,29599,29614,29734
DEMOSTT;13957,14982
DEMOSTU;21339,28707,29478,29590
DEMOSTY;24291
DEMPRSU;14981,29358,29612,29742
DEMPRTU;14615,14927,24216,24361,29737,29740,29744
DEMPSTU;14928
DEMRRSU;21505,21687,23878,28763,28764,29554
DEMSTTU;14729,14827,14830,14898,14976,14982,28765,29409,29556,29615,29617
DENNORT;24365,28745,28747,28770,29748
DENNORU;6788,9421,14140,14985,21539,24030,24362,24365,28767,28960
DENNOST;29361,29481,29487,29488,29489,29592
DENNOTU;27962,28740,28951,28960,29151,29163,29463,29620
DENNOUW;13967,20897,28767,29621,29622
DENNOUZ;
DENNRSU;13072,13148,13972,13976,13977,14988,27515,27550,27809,27980,27981,28749,28776,29189
DENNSSU;3690,14324,24322,29164,29165,29364,29492,29531,29591,29632,29633,29715,29751
DENNSTU;
DENNTUU;9671,21722,29751
DENOOPS;28768,29202,29754
DENOOSS;13978,14934,14994,21690,21720,21727,23979,24154,28323,28725,28779,28780,29360,29496,29623,29640,29642,29643,29714,29718,29755
DENOOST;28332,28779,28780,29337,29361,29495,29496,29642,29644,29702
DENOOSW;9673,14995,14996,21719,27983,28259,29202,29203,29702
DENOOSZ;14993,14995,27983
DENOOTU;24371,28751,29206,29639
DENOOUW;20897,21724,28949,28964
DENOPPR;6813,14997,29737
DENOPPU;6813,14997,27673,29737,29762
DENOPRS;
DENOPRT;27984,28745,28753,28770,28773,28784,29737,29763
DENOPRU;13146,13895,14140,24358,24362,27507,27673,27984,28773,28784,28961,29737,29763
DENOPRV;13981
DENOPRY;6790,9670,14393,14504,29208,29228,29336,29354
DENOPSU;21344,21702
DENOPTY;3520,9678,24140,24300,24372,28714,28788,29305,29306,29366
DENOPUX;29158
DENORRS;
DENORRU;14985,21724,23983,27670,28619,28785,29540
DENORRW;21724,21728,27670,28966,29199,29701
DENORSS;14970,15002,15003,15004,28965,29755
DENORST;29702
DENORSU;13982,28741,28795,29693
DENORSV;21542,21725,28794,28795,29532,29628
DENORSW;6774,6791,6814,13050,14932,21719,27671,29702
DENORSY;14368,14939,15004,21562,23975,24262,29694
DENORUW;21724,21728,28767,28966
DENOSTT;14937,21721,24162,24297,24303,29310,29488,29503,29641,29644,29646,29745,29769
DENOSTU;14128,14505,21640,29769
DENOSUW;28616,29621
DENPRSU;27515,27935,27989,27992,28631
DENPRTU;27966,27977,27984,28773,28784,29737,29763
DENPSSU;3690,9676,14463,27658,28754,28967,29632,29638,29664,29715,29738
DENRSSU;28967
DENRSSY;3523,6819,14866,15004,28347,29209,29603
DENRSTU;
DENRSUU;27550,29189,29472,29604
DENSSTY;6819,24372,28730,29313,29603
DENSSUW;6820,13139,15011,28696,29364
DENSTTU;21721,24144,24308,29745,29769
DENTUVY;
DEOOPPS;
DEOOPRS;14144,14899,21715,27663,28806,28867,29147
DEOOPRT;14378,14983,24348,29668
DEOOPST;14370,28653,29340,29361,29495,29512,29754
DEOOPSW;27663,29202,29676,29754
DEOOPSX;28653,28768,29672
DEOORRT;22912,24267,29342,29605,29668
DEOORST;14528,22885,28779,28974,29181,29318,29376,29702
DEOORSZ;6822,14993
DEOORTU;9432,28337,29357,29775
DEOORTW;14130,21694,29342,29608,29702,29748
DEOOSTT;6823,9693,23980,24162,29383,29641,29644,29671
DEOOSTU;6764,6823,23586,24375,29383
DEOOSTZ;14993,14995
DEOPPPR;
DEOPPQU;
DEOPPRR;1152,13126,14004,28003,28654,28958
DEOPPRS;14877,29322
DEOPPST;14395,29609,29646
DEOPPSW;9675,28657,29322
DEOPRRS;20890,24367,28867,29534
DEOPRRU;28958,28961
DEOPRST;
DEOPRSU;28665,28806,28817,28913
DEOPRSW;6814,29207
DEOPRTU;9250,9695,14849,23969,28773,28940,29304,29596,29737,29744
DEOPRWY;29208,29379
DEOPSST;24372
DEOPSSU;9597,9676,14381,14664,14762,15016,27658,28968,29574,29638,29649,29675,29715
DEOPSTT;28614,28788,28816,28821,29646,29671,29683,29773
DEOPSTU;14900,24167,24375,29590
DEOPTTY;8257,28788,29378,29772
DEOPTUV;24312
DEOQRTU;9695
DEORRSS;29774
DEORRST;
DEORRSU;24314,28806,28813,28817,29554,29774
DEORRSV;9434,14147,15022,29532,29628
DEORRSW;13153,14909,27846
DEORRVY;29174
DEORSSS;3475,9437,13152,20900,21730,23958,28008,28357,28793,28818,28822,28825,29345,29384
DEORSSU;14381,14527,15016,28357,28814,28968,29380,29774
DEORSSW;14886,14907,27604,27847,29380
DEORSTT;3704,9683,9693,14992,15005
DEORSTU;
DEORSTW;13153,14528,14536,23795,27671,28826,29702
DEORSTY;9625,14537,14881,14948,29182,29347,29673
DEORSUV;24151,24230
DEORSVY;14524
DEORTTT;15023,27588,28969,29185,29775
DEORTTU;20892,24251,24382,28811,29381,29744,29775
DEORTUU;22918,24365,28789,28863,28960,29357,29744
DEORTUW;6804,9649,13814,14819,28826,29284
DEOSSSW;14509,28128,28781,29565,29656
DEOSSTW;14377,14481,14859,15006,28775,28812,29286,29756,29771
DEOSSYY;29346
DEOSTTT;9256,29769
DEOSTTU;21721,23918,27665,28816,29029,29349,29383,29745,29769
DEOSTTW;28826
DEOSTUU;23985,24360,27665,28265,29383,29688,29751,29766,29769
DEOSTUX;14860,14900
DEOTTUY;13140,29728
DEPRRSU;29761
DEPRRUY;6807,15019,28679
DEPRSTU;29385
DEPRSUU;13154,14958,15024,21683,28132,28935,29691
DEPRSUY;
DERRSTU;15025,24387
DERSSSU;21730,29113,29345,29384,29584,29731,29777
DERSSTU;14149,15025
DERSTTU;
DERSTTY;29480,29618
DERSTUU;14136,15024,15025,24036,24387,28117,28588,29385,29691
DERSTUY;27678,29180,29328,29767
DFFGINO;15026,15027
DFFGINU;
DFFIIMR;29779
DFFIIRT;14031,15029,28833
DFFIMOR;28830,29779
DFFLOOU;
DFFOSTU;9270
DFGGIIN;29781
DFGGINU;29782
DFGGOOS;
DFGHIOS;29783,29785
DFGIINN;13156,15032,29797
DFGIINY;9705,13156,15032,24389,29793
DFGILNO;5850,15033
DFGINNO;28039
DFGINNU;
DFGINOR;14046,14047,15033,15035,15036,21345,28829,28859,28862,29782,29783,29785,29796
DFGINOU;15035,24008,29782
DFGMOOY;
DFHILSU;28876
DFHIMSU;28871
DFIKRSU;
DFILLUY;9707,29810
DFILMMO;
DFILMNU;
DFILMOS;14095,28089,28922,28923,29790
DFILNOP;15052,29791
DFILNOS;9709,14101,15043,15054,21346,28090,28091,28916,28930,29816
DFILORT;15055,28834,29805
DFILORU;6830,15053
DFILOSX;28091
DFILOTW;
DFILSSU;29802,29812
DFILTUU;28931,29802
DFIMNUY;29795
DFIMOOS;24395,29817
DFIMORS;14095,24395,28098,28830,28922,28923
DFINOTU;14108,15047,15058,24025,28940,28942,29797,29820
DFIOOOR;
DFIOORW;
DFLMOOU;29811
DFLMOUW;
DFLNOSU;14125,14128,24028,28930,29808,29816
DFLOORU;28932,29823
DFLOOTU;14131,20864,28953
DFLOOTW;14130
DFLOPRY;29823
DFLOPSU;
DFLOTWY;28956
DFNNOOO;
DFNNOUU;24031,28960
DFNORUY;15068,24027,29820,29823
DFOORSX;
DGGGIIN;15070
DGGGINO;14153,28970,28972,29826,29828
DGGHIOS;29833
DGGIILN;28973,28975,29839
DGGIINN;1160,3720,29832,29847
DGGIINR;3719,14159,29836
DGGIINU;15074,29832,29848
DGGIJNU;29782
DGGILNO;15079,28970,29828,29839,29850,29851
DGGIMNO;1161,13162,13163,14153,29828,29839,29843
DGGIMNU;29828
DGGINNO;15079,28972,28986,28988
DGGINNU;15083,29830,29832
DGGINRY;27684,29829
DGGNOSU;29834,29854
DGHHOOO;
DGHIILN;14180,15091,21739,28973,29859,29860
DGHIINS;29783,29864
DGHILNO;14183,14184,15091,28840,29859
DGHILNY;15091,27686,29860
DGHILOS;29871,29872
DGHILPY;29862
DGHINOO;14183,29017,29865,29873
DGHINOR;21435,27553,28840,29783,29864,29865,29866,29873
DGHINSU;24042,24046,27555,29019,29023,29867,29869
DGHINTU;24399,28153,29012,29024,29832
DGHIOOS;15097,15105,29833,29857,29871
DGHIOPS;15094,29858,29869,29872
DGHNOOR;29865,29873
DGHOOPS;
DGHOOST;15105,28974,29032,29833,29857,29871,29876
DGHOOSW;15097,29871,29877
DGHORTU;
DGHOTUY;
DGIIKLN;29859
DGIIKNN;24049
DGIIKNR;15133
DGIIKNS;15129,15131,15133
DGIILLN;21745,27688,27689,29065,29066
DGIILMN;15121,15135,15137,15138,15139,21742,21743,24401,29790,29839,29843,29860,29885
DGIILNO;21746,24401,29042,29068,29839,29859,29897
DGIILNR;24403,29793
DGIILNS;20659,21743,29787,29885
DGIILNW;
DGIILNY;15091,15138,24389,27688,27689,27690,29793,29860,29905
DGIILRS;1164,14229,15120,20659,21583,29794
DGIILRY;15138,22879,27566,27690,29862
DGIIMMN;
DGIIMNN;13167,15032,15135,15150,15151,15154,15155,29795,29906
DGIIMNS;15121,21743,21751,29840,29842,29886,29901
DGIIMOP;29002
DGIIMOS;
DGIINNN;9329,15148,21752,28178
DGIINNR;21748,27691,29891
DGIINNS;29847,29861,29880,29882,29889,29890,29891
DGIINNT;21739,29797,29832,29915
DGIINNU;21748,21749,29072,29089,29093,29797,29832,29847,29891,29906,29911,29915
DGIINNW;
DGIINOS;29798,29867
DGIINOV;29865,29923
DGIINOW;
DGIINOX;29096
DGIINPP;15130
DGIINPR;6843,15133,15156,15160,15167,21318,21590,24061,24062,27571,28182,29894,29911,29917,29924,29925
DGIINPS;3745,15131,15133,15167,24053,27567,29847,29894,29917,29918,29924
DGIINPU;3745,6843,21750,24062,27571,28033,29104,29105,29847,29895,29901,29911,29924
DGIINRS;29799,29891,29894,29924
DGIINRT;
DGIINRV;29865,29923
DGIINRY;27566,27690,28036,29084
DGIINSS;28845,29053,29054,29899,29900
DGIINST;9726,9729,15124,15126,15143,15170,21740,27694,29837,29849,29884,29889,29893,29920
DGIINSV;29880
DGIINTT;6846,14251,15128,15170,21597,29092
DGIINTY;15154,29065,29071,29860,29895
DGIINVY;
DGIIORT;15095,24066,29789,29888
DGIJOSU;
DGIKMNO;3748
DGIKNNU;
DGIKNNY;29927
DGIKNOO;21599
DGIKNOS;29929
DGIKNOU;21757,22926
DGIKNSU;21757
DGILLNO;21758,29118
DGILLNU;21758,27695,29931
DGILLOY;15176,24404,29121,29122,29123
DGILMNO;15033,24401,29839
DGILNOR;15033,15079
DGILNOY;3756,15091,29927,29936
DGILNSU;29787,29801,29869,29931,29935
DGILNYY;14261,28848,29066,29905
DGILOPY;15176,24404,27696,29937
DGILOST;29870,29871,29872,29898,29939
DGILPUY;
DGILRUY;27684,29134,29829
DGIMNOO;29152,29907,29908
DGIMNPU;9740
DGIMOPY;
DGIMSTU;14307
DGINNNO;1165,14267,15179,21746,21752,21753,21764,24083,24084,24085,24086,24413,28039,28986,29941,29942,29943
DGINNNU;15159,15196,15197,21760,24413,29942
DGINNOP;9738,24414,29944
DGINNOR;23743,28829,28856,29852,29944
DGINNOS;15082,15199,27793,29861,29882,29889
DGINNOU;9741,15196,24086,24413,28972,28986
DGINNOW;29941,29946
DGINNRU;29830,29891
DGINNSY;
DGINNTU;22930,24413,29797,29832,29915
DGINNUW;
DGINNUY;14271,15034,15182,24071,29072,29130,29134,29935,29936
DGINOOW;29853,29941,29946,29948
DGINOPP;15081,28198
DGINOPS;3771,9742,15082,15199,15206,29858,29869,29917,29918
DGINORR;6836,6850,13175,15035,15036,15084,29949
DGINORS;29944
DGINORT;9345,14047,14167,14303,14327,14330,14333,15189,15195,15200,28862,29160,29176,29949
DGINORV;1167,29865,29923
DGINORW;6850,15036,15208
DGINOSS;15037,15192,29023,29177,29178,29866,29867,29874,29950
DGINOST;24067,24093,24416,24417,28225,28862,29118,29160,29172,29176,29177,29857,29858,29870,29889,29893,29920
DGINOSU;21757,24406,29023,29867,29869,29931
DGINOSW;15177
DGINOSZ;14278,14334,29908,29914
DGINOTT;13455,14279,14317,15206,29024
DGINOTU;9739,9741,15178,15196,22930,24059,24090,24399,24413,29024,29151,29797,29848,29915,29949
DGINPPU;3757,9740
DGINPSU;3745,15202,29847,29869,29924
DGINRSU;15204,21755,21756,21768,29799,29891,29924,29925,29931
DGINRSY;29896
DGINSSU;15108,29874
DGINSTU;21756,21768
DGIOPRY;14190,15176,29937
DGIOSTW;29181,29870,29871
DGIPRSU;29924,29925
DGIQSUY;
DGISSTU;29112,29183,29802
DGLNORU;9353,15216,21448,27586,29953
DGLNOUY;15216,21763,27586,29935,29936
DGLOOOW;28864
DGLOOST;14054,29871,29876,29898,29939
DGLOOSU;21323,28206,29194
DGLOPSY;15114,29194
DGLOSYY;
DGMNOOO;15215,28993,29187,29188
DGMOOUW;
DGMOPRU;9746
DGMORUU;24098,29031
DGNNORU;15221
DGNOOOP;
DGNOOOR;14369,15222,27698,29852
DGNOORS;24417,29944,29948,29957
DGNOOSS;29899,29907
DGNOOSW;3778,15205,28259,29202,29203,29877,29948
DGNOOTW;29946
DGNORSU;13164,15116,15221,24406,29834,29877,29955,29957
DGNOSSU;14375,14376,15117,15218,29023,29175,29178,29200,29867,29874,29950
DGOORTT;29940
DGOPRRU;29949,29956
DGOPRSU;21617,29207
DGOSTUU;28265,29955,29957
DHIILMS;15090,28997
DHIILNS;15235,24425,29966
DHIILOT;24108,28277
DHIILSW;24425,27593,29966
DHIIMMS;15238,24427,29968
DHIIMNO;3789,29251
DHIIMPS;29249,29250,29255,29963,29968
DHIINRU;27699,29252
DHIIOPX;
DHIIORZ;23757,24113
DHIIOST;23758,24039,24118,24120,24419,24436,29970,29971,29975,29977
DHIIPST;24120,28279,29261,29971
DHIKORS;15244,29268,29270
DHIKSSU;
DHILLOS;23597
DHILLPY;
DHILLSU;15098,29981
DHILMUY;29979
DHILNOP;9758,15233,27592,29276,29984
DHILOST;24129,28875,29277,29281,29870,29871,29872
DHILOSU;15236,15251,24440,24442,27597,28292,28876,29278,29283,29869,29958,29981,29982
DHILPSU;15236,29869,29981
DHILPSY;29985
DHILRTY;24443,29805,29862
DHIMOPR;24134,29251,29293
DHIMOPS;
DHIMORU;14450,24428
DHIMOSS;24431,29868,29990,29993,29994
DHIMPSU;27826,29250,29963,29992
DHIMRSU;24133,29019,29963
DHINNOS;3492,3796,3798,15257,29289,29298,29861,29864,29996
DHINNSU;14454,14455,15243,28873,29299,29997,29998
DHINOPS;3800,29858,29964,29971,29996,30001,30004
DHINOPY;24140,24451,29257,29258,29305,29306,29984,30004
DHINORS;15244,15265,21777,24432,29783,29864,29964,29996,30004,30005
DHINRSU;14465,24133,27555,28286,28310,29019
DHINSSY;24433,29292,29313,29990
DHINSTU;24144,27830,29970
DHIOOST;24421,29833,29857,29871,29970,29975
DHIOPSY;29257,29262,29294,29324,29985,29996
DHIOPTY;24140,28291,29306,29323,30007
DHIORSW;9752,15244,20906,29270,29311,29976,30005
DHIORTY;9772,24443,29805,30006,30010
DHIPRSU;28310,29963
DHIPRSY;29262,29294,29996,30004
DHJOPRU;
DHKMOOU;
DHKORSY;15273
DHLMOOU;
DHLOOTU;20908,21778
DHLOPSU;15114,15236,27597,29278,29283,29869,29981,30017
DHMMRUU;
DHMNOYY;9782
DHNNOOU;21779
DHNOOOS;15280,24450,24460,24462,24463,29365
DHNOOSU;6866,15226,15228,21638,21780,24155,24422,24450,24455,24464,28341,29034,29229,29368,29370,29808,29834,29877,29970,30014
DHOOOOS;
DHOOPRU;29873
DHOORST;8273,14515,14528,15262,21636,22885,24463,24465,28974,29032,29281,29301,29318,29369,29376,29876,29961,29975,30021,30023
DHOORSU;6866,15228,24146,24455,29034,29229,29317,29352,29368,29369,29370,29834
DHOPRSU;29358,30017
DHOPRSY;24166,29262,29996,30004,30017
DHORSSU;3809,14527,15288,21781,28357,29380,29874,29879,29994,30002
DHORSTU;29327,29328,29961,29977,30017
DHORSUY;29328,29989,29995,30017
DHORTUY;30006
DHORXYY;30010
DIIIMOS;29404,30026,30029,30031
DIIIMRU;9789,28870,29405,29888
DIIIMSV;15289,24174,24176,28360,29408,29886
DIIINPS;24171,24402,29414,29894,29964,30024
DIIJNOS;29882,29896
DIIKKNS;27704,29420
DIIKLNS;15305
DIIKLST;24186,29898
DIIKNOT;
DIILLST;29884
DIILLVY;29239
DIILMNS;15045,15121,15139,15289,15308,15310,21743,29790,29843,29885,29901,30026,30032
DIILMOO;29437,29440,29441,29811
DIILMOS;14566,14567,15045,15310,29067,29241,29440,29442,29790,29843,30026,30032
DIILMST;9802,15122
DIILMTY;24426,28376,29810,29860
DIILNNU;15317,21747,21748,21749
DIILNOT;21786,24468
DIILNWY;27705,29427
DIILNXY;
DIILOPS;9749,15236,15318
DIILOST;14566,14584,21787,27624,28392,29077,29431,29440,29898
DIILQSU;14590,15048,15330,29451,29459
DIILQUY;15048,15330,29459
DIILRSU;6708,9808,14592,15046,15322,21651,28395,29398
DIILRTY;6869,6882,9806,15307,15328,15329,24198,29436,29449,29456,29793,29862
DIILSST;21652,21788,24199,28384,28401,29000,29395,29962
DIILSTY;6870,15330,21587,24476,28376,29456,29459,30028
DIILVVY;29403
DIILYZZ;29905
DIIMNOR;3825,9725,9810,9811,14563,15293,15333,15334,24187,24208,24429,29251,29466
DIIMNSU;14564,15308,15336,21751,29468,29473,29840,29842,29901
DIIMORS;21329,21647,24211,28411,29476,30029
DIIMOSS;15340,24393,30031
DIIMSSS;6713,14618,15335,21654,29393,29408,29469,29887,30031,30040,30041
DIIMSTW;28375,29471
DIIMSUV;
DIINNOT;21474,28890,29463,29482,29487,29797,29915,30030
DIINNSW;29491
DIINOQU;29483
DIINORS;3829,15351,15352,15353,21731,29964,29972,30043,30045,30046
DIINORT;15293,15334,15344,15345,15351,30043,30045
DIINOSX;15347,27631,30026,30046
DIINRST;30039,30043,30045
DIIOOPS;29512,29926,29967,29974,30048
DIIOPRS;20660,24484,29917,29918,29926,29964,29976,30045,30046,30048
DIIORSV;14647,15323,15353,21477,29476,29516,29918
DIIORTX;9826,15334
DIIOSTV;14636,14647,15353,28448,28453,28454,29476,29489,29512,29516
DIIRSTX;
DIITUVY;
DIJMSSU;
DIJOSTU;9829,24494
DIKKLSU;
DIKKOPS;29522
DIKLNOR;14255
DIKLSTU;
DIKLSUY;29527
DIKMNSU;15243,21757
DIKNNOS;15364,29523,29528,29929
DIKNNSU;15243,15305
DIKNOOW;
DIKNORV;
DIKOORT;21664
DIKOOSS;24437,29899,29978
DIKORTU;24251
DILLMSU;3838,24499
DILLOSY;21352,23597,24410,27642,29120,29122,29123,30050
DILLPSY;14090,14695,27641,27642,30050
DILLRUY;14698,21790
DILMNRU;1178,14715,15172,21793,29126,29548
DILMOOY;21794,24411,24503
DILMORS;3837,3847,6890,15313,15315,15380,21647,21674,24257,27644,29125
DILMOSS;29868
DILMOST;
DILMOSU;
DILMOSY;21676,29547,30054
DILMPUY;24503,29552,29979
DILMTUY;29552,29810
DILNNSU;23847,24260,28509,28510,29016,29133,29935
DILNOOS;6878,9709,24474,24500,29816,30035,30055
DILNOPS;357,2168,28514,28515,29424,29445,30035,30052
DILNOPT;21786
DILNOQU;29561
DILNORT;21795,28505,28512,29279,29563
DILNOSU;3853,6893,15180,15251,15320,21353,21783,29816,29931,29935
DILNOWY;
DILNOXY;
DILNPSU;8955,24475,28519,29141,29568,30053
DILNPSY;14712,15144,15249,27641
DILNSTU;3853,9845,15251,15322,15387,29816
DILOPTU;9849,15393
DILORTU;3852,9530,9849,14103,14744,14768,15186,15381,15393,24270,28095,28535,29279,29284
DILORWY;21668
DILOSSS;15146,15184,28533,28901,29285,29573,29583
DILOSSU;9850,14762,14765,15320,20915,24080,24440,24445,24506,28933,29574,29987,30036,30056,30058,30059
DILOSTU;29816,30059
DILOSTY;21795,29547
DILOTTY;28293,29805
DILRYZZ;
DILSTUY;15330,30028,30037,30059
DIMMOST;
DIMNNOO;9854
DIMNNOS;
DIMNNOT;28920,29151,29463,30030
DIMNOOS;6900,15191,24446,24511,29907,29908
DIMNOPU;24275,30060
DIMNORS;15401,21354,21685,24446,24511,28985,29125,29989,30062
DIMNOTW;
DIMNOWX;
DIMNSSU;3866,3867
DIMOPSU;14308,15370,29590,29610
DIMORSW;8956,14803,15380,15404,21674,28579,29909
DIMOSST;21797,24393,24481,29868,29990,29993,30063
DIMOSSU;14451,21689,29478,29614,29994
DIMOSSW;
DIMOSTU;9844,15403,15404,24136,24293,24294,28573,29478,29590,30065
DIMRTUU;14829,15339,22778
DIMRUUV;14829,15405
DINNOOR;6849,15080,29520,29852,29853,29945
DINNOOT;22937,23600,27706,29946
DINNOPR;28592,28593,29627,29911,29944,29945
DINNOPW;14834
DINNOSS;3875,9562,9860,13778,23882,24296,28596,29486,29487,29623,29630,29947
DINNOUW;29621,29622,29629
DINNSUW;29621,29997,29998
DINOORS;8290,13119,24512,28989,29135,29170,29494,29635,29819,29948
DINOORT;24513,27707,29999,30069
DINOOST;5875,14845,22907,24299,24416,24472,29495,29559,29816,29833,29857,29970,30055
DINOOSZ;29908
DINOPSU;3800,24485,30045,30070
DINORSU;21354,24406,24486,29931,30062
DINORTU;21796,28940,28942,29279,29304,29596,29620,29629,29820,30006
DINORWW;28928,29912
DINOSSW;14859,15413,15416,29806,29821,30063
DINOSWW;29506,29567,30001,30033
DINOTUW;14858,15208,29629,29915
DINOWWY;
DINPSTU;15202,27660,28519,29665,30045,30070
DINPSUW;28616
DINRSSU;24486,29803,29874,29924,29950,30002
DINSSTU;9866,15358,15417
DIOOPPS;29572,29985,30042,30050,30054
DIOOPRS;27663,29147,29494,29944,29948,29974,29992,30068
DIOOPSS;21776,24289,24453,24490,29674,29675,29676,29875,29967,29978,30000,30056
DIOORST;21787,22935,27682,29181,29822
DIOORTT;21694,24434,29544,29940,30069
DIOOSTX;14845,15347,24299,28653,29626,29644
DIOPRST;24454,29818,29872,29917,30045,30068
DIOPRTY;29323,29673
DIOPSST;15379,29920,29978,30056
DIORRST;15351,15415,21777,24491
DIORSTT;24487,24491,29921,29977
DIOSSTU;15049,15418,24436,24445,29950,29987,30056,30074
DIOSUUV;
DIPRSTU;29925,30045
DIPSSTU;15417,30056
DIRSSTU;15358,15418,24493,24496,24516,29950,30058
DIRSTUY;29328
DJNNOOS;
DKNNRUU;27547
DKNOOPS;29522,29697
DKNOPSU;9623
DKOOOOS;
DKOOOSZ;
DKOSSUU;
DLLOOPS;9876,27308,27309,28250,30012,30050
DLLORWY;21668,29709
DLMNOOY;15215,29188
DLMNOSU;
DLMNOUU;29933
DLMOSUU;24335,30013
DLNOOWW;15432
DLNOPRU;27507,28726
DLNOPSY;29335
DLNORSU;3891,6893,6911,15433,30014,30079
DLNORUY;15216,21793,24027,29823,30079
DLNOSUY;14939,24028,24330,29935,30037,30078,30079
DLOOOTW;
DLOOPPY;
DLOOPSS;6798,29720,29967,30035,30056,30078
DLOOPSZ;
DLOOPTU;27306,28733,29719,29726,29953
DLOOPTY;9848,29341,29954
DLOOPUY;24503,29194,29823,30078,30080
DLOOPWY;
DLOORSU;15389,21715,28932,29722,30014,30079
DLOOSTU;15389,15427,21713,29559
DLOOTTU;14131,21778,29726
DLOPRUY;15393,15430,29823
DLORSTY;14948,15055,15253,15328,21795,28736,29347,30017
DLOSTUW;24520,30057
DMMOORU;
DMMRSUU;28742
DMNOOOP;30060
DMNOORS;21803,21804,24446,24460,24511,30039,30081
DMNOOTW;
DMNOSSU;24522,28754,29738,30077
DMOOOQU;
DMORTUW;
DNNOORW;29748,29853
DNNOOST;24363,24524,28721,29361
DNNORUU;24365,28960,29362
DNNORUW;28767
DNNOSUU;24031,24357,29732,29751
DNNOSUW;24524,29621,29997
DNNOUUW;
DNNRTUU;
DNNSTUU;29751
DNOORTU;6904,6919,9892,15068,21737,21779,21804,24513,29953,30019,30069
DNOOSUV;21725
DNOOTUW;15432,21806,28964
DNOOUUV;
DNOPRUU;
DNOPTUW;
DNOPUUW;
DNORSST;6816,9682,13188,14998,15002,15229,21807,28779,29749,29755,29759,29821,29950,30063
DNORSTU;22939,24527,29955,29957,30083,30086
DNOSSTU;20662,21738,21807,29950
DNOSSTW;13190,14377,14859,15006,15413,21807,28775,29756,29806,29821,30020,30049,30063,30085
DNOSSUW;21807,24522,30077,30085
DNOSSWW;29567,29947
DOOOOSV;
DOOOPSW;29202,29754,29825,30067
DOOORSU;29824
DOOORTU;30019
DOOPPRT;
DOOPRSU;21715,22922,28806,29742
DOOPRSY;9867,24166,24512,29673
DOOPRTU;24513,29953
DOOPSTU;24375,24528
DOORRSS;29774,30023
DOORRTU;6921
DOOSUUV;
DORSSTU;15288,15418,21807,29950,30058,30074
DORSUVY;
DORUVYY;
DPSSTUU;29766
EEEEFRR;30091
EEEEGTX;24536
EEEENTT;15463,27713,27729,30104,30107
EEEEPST;21362,24556,30110,30111,30128
EEEEPSV;24551
EEEEPSW;30140
EEEESTV;15462,30130
EEEESWW;27722
EEEFFFO;
EEEFFOR;27316
EEEFFRS;24530,24531
EEEFGRU;15464,15467,20664,24563,30160
EEEFHKR;23616
EEEFHRS;15469,15471,24564,27747,30092,30161,30162,30165
EEEFIRR;15474,30091,30158,30170,30180,30181
EEEFIRS;15469,15474,24564,30153,30154,30157,30170,30172,30176,30184
EEEFLRR;9900,30190,30192
EEEFLRS;21809,27764,30092,30153,30172,30188
EEEFLRT;24570,30151,30190,30193
EEEFLSS;15479,24532,27764,30172,30174,30175,30189,30191
EEEFMNR;15466,24581,30177,30178,30198
EEEFNRS;15469,21809,21822,30153,30159,30188,30198
EEEFNRV;30155,30160,30178,30181
EEEFORS;23623,27320,27747,30206
EEEFRRS;15471,15474,24585,30170,30187
EEEFRRZ;21823,30158
EEEFRSZ;30206
EEEGHNW;30215
EEEGIKR;
EEEGILN;9904,15495,30097,30215
EEEGILS;30228
EEEGILZ;15495,15498,30097
EEEGIMR;24596,27786,30208,30246
EEEGINP;21372,21811,24590,24591,30099,30230,30250,30251,30256
EEEGINR;24596,30213,30256,30259
EEEGIPR;30256
EEEGKLR;15504
EEEGKRY;
EEEGLMN;15507,30274,30276
EEEGLNT;13229,15509,27784,30096,30097,30104,30237,30238,30240,30277,30278,30279
EEEGMRR;30208
EEEGMRS;
EEEGNNO;24599,27793,30105,30247,30249,30280,30286,30287,30288
EEEGNPR;9909,30256
EEEGNPS;15514,15521,21372,27794,30099,30230,30244,30250,30251,30292
EEEGNRR;13232
EEEGNRS;27718,27806,30291
EEEGNRU;24563,30160
EEEGNRV;30107,30160
EEEGNSS;21830,21831,24597,27806,27813,30099,30105,30211,30223,30230,30236,30240,30247,30277,30278,30288,30290,30292,30294
EEEGNTT;30107,30214,30241
EEEGRRT;15511,24604,30210,30225,30253,30257
EEEGRSS;15528,30102,30224,30234,30271,30291,30294
EEEGRST;21833,30212
EEEGRSZ;15533,21833
EEEGRUX;
EEEHILW;27819,30215,30309
EEEHINS;15535,20927,21826,22832,24615,24626,27327,27745,27830,30217,30219,30311,30313,30330
EEEHIRX;9914
EEEHISZ;30308,30323,30329
EEEHLNW;27819,30215
EEEHLOY;27838,30349
EEEHLPS;9919,13247,15545,15547,24540,30301,30311,30312,30313,30346,30348
EEEHLPW;
EEEHLRS;8974,15547,21836,23631,24614,27837,30305,30312,30352,30353
EEEHLRW;15550,21837
EEEHLST;15545,24567,27823,30216,30301,30313,30341,30348,30353
EEEHLWZ;
EEEHNST;13255,15558,15561,15563,24626,24640,24643,27830,30111,30313,30317,30330,30341,30348,30356,30371
EEEHNSX;
EEEHNSY;24636,30346,30356,30371
EEEHPRS;15564,21839,27326,30337,30360
EEEHPSS;13241,27845,30111,30322,30338
EEEHPSZ;30323
EEEHRRS;21839,27841,27846,30165,30361
EEEHRST;6934,15492,15555,15558,15563,15572,23629,24640,24643,30353
EEEHRTT;9917,15472,15559,15562,24638,30364
EEEHRWZ;
EEEHSST;8300,9926,13242,13251,13255,15539,24645,27845,30111
EEEHSSV;9926,30331,30345
EEEHSTT;24567,24619,24626,27823,30330,30341
EEEHSWZ;30329
EEEIJLS;
EEEIKLL;21842,24660,27719,27858,30114,30304,30400,30401,30402
EEEIKLS;24539,30114,30235,30404,30405
EEEIKLY;24660,30403
EEEIKRR;6938,21842,30400
EEEILNS;30174,30311,30380,30399,30404,30417,30419,30425,30426,30430,30434
EEEILNY;27820
EEEILRR;6940,13262,15541,15573,15574,21842,30315,30400,30428,30435,30440
EEEILRS;15494,15573,21829,27788,27880,27882,30153,30172,30228,30441
EEEILRV;15540,15581,24570,30116,30117,30422
EEEILST;15578,21388,24677,27823,27873,30173,30301
EEEIMMS;30316,30446
EEEIMNS;15499,22957,24667,24684,24686,30148,30217,30219,30244,30416,30417,30446
EEEIMNT;15465,15589,24666,24683,27337,27753,27755,27889,30178,30218,30418,30456,30458,30461
EEEIMPR;15591,27851,27895,30115,30422,30423,30453,30457,30465
EEEIMRS;15588,24684,24686,30108,30316
EEEIMRT;21821,24668,27894,27895,30115,30178,30246,30310,30414,30418,30422,30423,30456,30461,30462,30465
EEEINQU;27795,30252
EEEINRS;15577,15588,20663,30416
EEEINRT;15501,15599,15600,21392,27759,27828,27908,30178,30210,30213,30259,30461,30495
EEEINRW;15600,27759,27916,30267
EEEINSW;21374,24615,30251
EEEINTW;15600,21857,24710,27759,30267
EEEIPRR;6942,30428,30435,30508,30510
EEEIPRS;6942,15576,15577,30482,30485,30518,30519
EEEIPRW;27782
EEEIPST;9928,23656,24657,24673,24698,27873,30250,30301,30313,30437,30468
EEEIPSU;24690,27923,30436,30518
EEEIPSW;30251
EEEIRRT;6938,15537,15541,21852,24604,24703,30210,30253,30428,30440,30458,30508
EEEIRRV;30181
EEEIRST;24723,30395
EEEIRSV;21377,30303
EEEIRSZ;24694,30521
EEEISTW;15542,21858,30187
EEEJLRW;
EEEJLYZ;
EEEJNPY;
EEEJPRS;
EEEJRRS;
EEEJSST;
EEEKKRS;15576,30273
EEEKLLU;13245
EEEKLMN;30274
EEEKLNR;30400
EEEKLNS;24727,27803,30235,30380,30399,30405,30535
EEEKLNX;
EEEKLPW;
EEEKLRS;15607
EEEKMNS;
EEEKMST;13270,15607,15610,30537
EEEKNPT;
EEEKNRS;6944,15505,15544,15577,15612,21862,27723,27935,30159,30273,30407,30532
EEEKNST;15612,27803,30532,30534
EEEKORV;
EEEKPRS;6945,13211,15505,15576,15577,21808,21863,24662,27935,30120,30305,30306,30337,30407,30543,30544
EEEKRRS;6945,15544,24733,30122
EEEKRSS;21859,21864,23640,24730,24733,30544
EEEKRST;15607,15612,30532,30537
EEELLRV;15619
EEELMNR;21397,30276,30340,30415,30416
EEELMNT;6948,9944,15507,15623,15624,15625,15628,21868,23672,24566,24666,27351,27753,27833,30126,30276,30340,30559
EEELMPX;30423
EEELMSX;30420
EEELNST;21873,24550,24744,27803,27949,30104,30128,30130,30277,30278,30279,30348,30534,30545,30547,30548,30550,30565,30575
EEELNSV;15506,21848,21869,30380,30405,30417,30425,30434
EEELPRS;3910,15547,30556
EEELPRT;1203,6951,6953,15490,15638,30340,30347,30410,30422,30423,30428,30533
EEELPRX;30423
EEELPST;15545,15645,24673,30128,30301,30313,30348,30437,30547,30557,30565,30568
EEELPTW;
EEELRRS;24755,27356,27946,30435,30578,30583
EEELRRV;30192,30574
EEELRSV;30131,30569,30581
EEELRTV;3911,21850,24570,27947,30116,30117,30422
EEELSSS;21875,24633,24729,24756,30124,30129,30189,30211,30314,30352,30430,30434,30438,30549
EEELSST;3905,12877,13251,21404,30125,30277,30278,30571
EEELSSV;30124,30125,30345,30413,30434
EEELSSY;15513,27832,27835,27941,30196,30444,30552
EEELSTU;9949,15645,24738,24751,27357,30173,30197,30353,30436,30580,30589
EEELSTX;24754,30437,30547
EEELSTY;9950,15635,30089,30421,30565
EEELTTX;30242
EEEMMSS;15649,21867
EEEMNRS;9963,9965,15499,15588,24667,24684,24759,30357,30416,30556,30599,30604
EEEMNSS;15479,15519,15651,15657,21830,24597,30236,30598,30599,30604
EEEMNST;21405,21878,22972,23683,24726,27969,30132,30282,30356
EEEMORT;15648,21821,27894,30364,30456,30462
EEEMOSY;30603
EEEMPRT;30115,30319,30422,30423,30462,30465
EEEMRSS;15664,30363,30598,30599,30611
EEEMRST;6934,6963,15607,15610,15665,15669,30127,30366
EEEMRTX;30423
EEEMSST;15556,15671,23684
EEEMSTT;6963,13300,15520,15556,15659,15661,15663,15665,15667,24619,24688,24726,27969,30127,30152,30341,30366,30468,30561
EEEMSTU;15656,21878,22972,23683,24738,24763,30152,30324,30594,30595,30607
EEENNPT;27899,27976,27977,30453,30474
EEENNRT;6965,9974,15611,24639,30220,30367,30368,30555,30616
EEENNSV;9908,24551,30254,30282,30425,30477,30612
EEENNTT;6965,8994,15559,15594,15611,27976,30325
EEENNUY;
EEENPRR;24533,24621
EEENPRT;6953,30347,30368
EEENPRV;9946,30262,30474,30490
EEENPSS;15521,15639,24622,24641,24702,30099,30230,30292,30294,30429,30430,30472,30483,30485,30546,30614,30618,30625,30627
EEENPST;9967,9976,23656,24673,27906,27985,30128,30313,30348,30547,30557,30568
EEENPSW;15677,27985,30140,30251,30566
EEENPSX;24674,30547
EEENQUU;30252
EEENRRS;15544
EEENRRT;30210,30253,30358,30367,30458
EEENRRV;30181
EEENRRW;27843
EEENRSS;6969,15640,15674,15684,15685,27806,30135,30141,30291,30599,30604,30619
EEENRST;20941,24550,30532
EEENRSV;6944,15685,30141
EEENRSZ;30620
EEENRTV;24607,27986,27987,30107,30178,30461,30490,30538
EEENRTW;15600,27759,30267
EEENRTX;15463
EEENRUV;15606,21846,30160,30398
EEENSSZ;30129,30329
EEENSTV;15688,21869,27969,30130,30282,30330,30572
EEENSTW;27985,30621
EEENSTX;15689,30547
EEENSVW;
EEENSWY;30535
EEEOPPS;30337,30426,30551,30566
EEEOPPT;24769,30374
EEEORSV;30131,30581,30633
EEEORSY;30138,30634,30639
EEEORVY;30192
EEEPPRS;15603,28012,30306,30337,30392,30509,30610,30634,30644,30645
EEEPRSS;9979,15528,24716,30102,30234,30294,30472,30483,30485,30518,30519,30544,30618,30625,30627
EEEPRST;3914,9981,24587,30206,30591,30609,30610,30639,30644,30655
EEEPRSV;27924,28006,30518,30519,30633
EEEPRSW;15677,30140
EEEPRSZ;30095,30206,30489,30521,30543
EEEQRRU;30204,30510
EEEQSUZ;6957
EEERRRV;24553
EEERRST;30194,30361
EEERRSV;
EEERSSS;6969,12886,13330,15640,15674,15680,15684,15685,15698,21875,27374,27929,28021,30094,30119,30135,30141,30184,30352,30377,30378,30449,30485,30498,30525,30541,30544,30599,30619,30625,30630,30638,30657,30658,30660
EEERSST;27374,28021,30660
EEERSTT;15612,15661,15663,15667,15679,15687,24587,30212,30639,30655
EEERSTV;6973,30303
EEERSTW;15542,15670,21858,30187,30443,30654
EEERSUV;24635,28019
EEERSUW;
EEERSVW;30581
EEERTTW;30193,30267,30440
EEERTWZ;15543
EEESSTT;15532,15659,15667,21880,30272,30571
EEESSTV;9926,27960,30125,30137,30345
EEESTTW;21416,30582,30621
EEESTWZ;
EEFFFNO;24787,30661
EEFFFOR;
EEFFGLU;15464,24558
EEFFINT;15465,30674
EEFFIRS;9984,15703,21886,30675,30678
EEFFKLS;
EEFFNOS;
EEFFORR;15702,28028,30665,30681
EEFFOST;6978,13338,15709,24793,30663,30678,30680
EEFFSSU;24792,30670
EEFFSTU;15707,30152,30666
EEFGILN;28029,30684,30701
EEFGILT;30706
EEFGINR;15712,15719,30708
EEFGINS;15720,30694
EEFGINZ;
EEFGIRR;
EEFGIRT;30708
EEFGIST;15720,28037,28040,30706
EEFGLLU;28038,30698,30718
EEFGLOR;30686,30717
EEFGLOS;15723,30706
EEFGORR;15713,15728,15729
EEFGORY;30722
EEFGRSU;15727,21886,21889,30666,30704,30707,30709
EEFHIRS;27380,28044,30161,30687,30688,30691,30726
EEFHIRT;15470,15710,15712,15731,15733,15734,23706,27380,27744,30161,30740
EEFHISY;30738,30744
EEFHLMN;24566,30684
EEFHLNS;15735,30685,30734,30747
EEFHLRS;9985,9999,30092
EEFHLSS;15735,28049,30692,30745
EEFHNRS;15469,28044,30162,30687,30688,30726,30739
EEFHORT;15739,24811
EEFHORW;
EEFHRRS;9986,10000,15471,15741,28050,30688,30691,30726,30740
EEFHRRU;
EEFHRSS;
EEFHRST;27380,30161,30691,30740,30752
EEFIIMN;
EEFIIRR;21895,24813,28065,28081
EEFIIRS;30763,30769
EEFIKLL;30791
EEFILLS;13354,15715,15746,28025,28062,28086,30173,30760
EEFILLX;
EEFILNO;23714,24829,30686,30701,30702,30798,30804,30807,30810
EEFILNS;21364,21423,24568,24830,27745,30812,30816
EEFILOR;10012,15751,24823,24829,28085,30686,30791,30807
EEFILPR;6988,15751
EEFILRR;1206,3280,6989,6991,21895,28065
EEFILRS;30176
EEFILRT;30807,30821
EEFILSS;13364,21420,21894,30764
EEFILST;24812,28052,28062,28090,28096,30173,30706,30753,30816
EEFILTY;28068,30700
EEFIMMR;
EEFIMNR;15718,15760,15761,28097,30177,30178,30708,30826,30828,30830
EEFIMRT;3917,15760,30177,30178,30708
EEFINNR;13368,24827,30177,30708,30710,30807,30834,30835
EEFINNS;10017,21898,24568,24571,24572,24828,24835,28100,30685
EEFINRR;6991,15748,15760,15769,21895,21896,30181,30834
EEFINRS;9996,10017,10019,15469,24832,24835,30739
EEFINRT;13344,13369,15476,15712,15719,15734,15760,15769,21896,27387,28030,28034,28056,28074,28077,28101,30177,30178,30708,30807,30834,30835
EEFINSS;15771,15772,21891,30676,30778
EEFINSX;10019,28091,30778,30808,30812,30838
EEFIPRR;30713
EEFIPRS;20947,24834,27757,28100,30739,30841
EEFIRRS;
EEFIRRT;10023,15760,15769,30834
EEFIRSS;24821,24844,28099,30171,30833,30841,30845,30847,30851,30852,30855
EEFIRST;30847
EEFIRSX;10019,30176,30806,30812
EEFIRSZ;30773
EEFISTV;15756,23620,24559
EEFLLOS;15723,21425,28086,30863,30864
EEFLLRS;13354,15478,15715,15746,15782,30172,30760,30863
EEFLLRU;6924,10030,15705,15780,21897,24808,30698,30795
EEFLLST;28062,30173,30733,30761,30857,30864,30865
EEFLLTY;30700,30862
EEFLMTU;21906,30719
EEFLNNO;13379,15777,22980,28113,30701,30807
EEFLNNS;15725,15778,24568,24828,30174,30685,30870
EEFLNOS;30747,30872,30873
EEFLNRS;9901,21809,24830,28066,30766
EEFLNSS;15479,21810,30745
EEFLNTU;15781,21906,30702,30719,30798,30810,30814,30870
EEFLOOV;27395,28116
EEFLORS;15783,23728,24853,30879
EEFLOTU;21906,30702,30798,30810
EEFLRRS;24853
EEFLRRU;10030,15705
EEFLRST;
EEFLRSU;15727,27396,30662,30879
EEFLRTT;10035,15758,24846,30193,30867
EEFLRTU;10035,24856,30821
EEFLRUX;
EEFLSTT;30857
EEFLSUY;15787,28112,30673,30879
EEFMNOR;
EEFMNRT;13347,13385,15466,15760,28118,30177,30178,30708
EEFMNRY;13385
EEFMORS;24832
EEFMOTT;15739,30867
EEFMPRU;
EEFMSTW;30868
EEFMTTU;
EEFNNRS;10017,15765,24572,28100,30198
EEFNORT;5906,13369,28074,28124,30681,30834
EEFNORZ;
EEFNRRY;30681
EEFNRSS;15790,23731,28027,28108,28125,30887,30891
EEFNRSU;9993,10036,22949,24583,24860,27319,28120,30159,30201,30666
EEFNRTV;24584,30178,30205,30813
EEFNSSW;28128,30768,30873
EEFNSSY;24851
EEFORRV;28028
EEFORRZ;
EEFORSX;30877
EEFOTTU;24811,30749
EEFPRRS;15796,24585,24865,30095,30207,30682,30885,30893,30895
EEFPRSU;15727,20948,24857,24860,30715,30783,30820
EEFRRST;24580,24585,30194
EEFRRSU;6998,12899
EEFRRTT;30867
EEFRRTU;10043,24586,30202,30204,30679
EEFRRTY;30194
EEFRSST;24844,30171,30833,30847,30851,30855,30891,30898
EEFRSSU;21892,21904,24850,30670,30742,30833,30847,30875,30881,30882
EEFRSTT;3922,3929,15740,24587
EEFRSTU;20948,21889,28129,30666,30847
EEFRSTW;3928,13220,13383,15741,30187,30897
EEFSSTU;15772,15800,30814,30822,30833,30840,30855,30870,30881,30882,30891
EEGGGIS;30900,30902
EEGGGLR;
EEGGHTU;
EEGGIKL;13400
EEGGILN;21908,28029,30908
EEGGILR;6999,13400,15803,30916
EEGGILS;30900,30916
EEGGINR;30901,30903
EEGGIPR;3932,15816,28133,28134
EEGGIPS;13406,15804
EEGGIRS;30683,30902,30906,30916,30925
EEGGIRV;30901
EEGGIST;13408,15805,15821,21910,30906
EEGGISV;27780,28135,30926
EEGGKRS;30936
EEGGLRS;20665,21912,28141,30936
EEGGLSS;28141,30920
EEGGMNY;15824
EEGGMSU;13410,30925
EEGGNNS;30922,30928
EEGGNOR;15816,30901
EEGGNOY;15824,15829,24870
EEGGORR;15807
EEGGORU;
EEGGORV;15828,30901
EEGGPRU;
EEGHIKS;30949
EEGHILN;15837,15840,30684,30955
EEGHINR;15839,30213,30689,30903,30945,30970,30982,30984
EEGHINT;10047,22982,24881,28153,30689,30945,30982,30984
EEGHINY;24875,28151,30964,30976,30984
EEGHINZ;30945,30972
EEGHIRW;30903
EEGHKRS;15856
EEGHLNU;
EEGHMNO;15840,15865,15867,30218,30972
EEGHMNU;30970
EEGHNRT;13422,15493,15867,24885,28144,30213,30220,30222,30689,30945,30982,30984,30993,31002
EEGHNRY;24875,30222,30984,31002
EEGHRTU;13422,13423,28157,31008
EEGHSSS;30223,30940,30977,31007
EEGHSTZ;30988
EEGIIRS;15887,28184,28186,30227,30228,30231,30234,30944,30946,31014,31016,31036,31043,31053,31055,31056,31059,31062,31065
EEGIJLN;31068
EEGIJNP;
EEGIJNR;31070
EEGIKKN;
EEGIKLL;
EEGIKLM;31013
EEGIKLN;30693,31076
EEGIKLP;15894,31014,31075
EEGIKMS;
EEGIKNN;15839,21925,24873,27787,31081
EEGIKNP;21811,24873,24887,31082
EEGIKNR;15839,15895,22981,24797,24887,30693
EEGIKNS;
EEGIKNT;21925,31076,31081,31082
EEGILLS;21434,21926,21927,28164,30226,30907,30950,31016,31084,31085,31092,31093,31094,31095
EEGILNP;15916,28134,28198,28199,30955,30956,31100,31106,31118,31125,31126,31128
EEGILNR;31125
EEGILNS;20670,21936,31124
EEGILNT;30097,31030,31076,31096,31098,31128
EEGILOS;9036,13426,13430,15809,15906,15940,28171,28205,28207,30238,30706,30965,30966,31031,31075,31092,31093,31119,31123,31124,31134,31140
EEGILPS;15717,15842,15924,28205,28207,30953,31014,31036,31092,31093
EEGILRS;31014,31016,31038,31093,31134,31135,31140
EEGILRV;27408,31078
EEGILST;30706,30953,30966,31010,31031,31038,31085
EEGIMMR;24596,31017
EEGIMNR;21938,24596,31018,31042,31044,31102,31154
EEGIMNS;13444,21293,21937,27791,30217,30244,30971,31099
EEGIMNT;30218,31096,31098,31145,31148,31151
EEGIMNX;15813
EEGIMRR;3945,10081,13445,15918,24913,24914,31017,31042
EEGIMRS;23736,24879,30709,30925,31160
EEGINNP;10049,10084,15916,24873,30976,31106
EEGINNR;15839,15973,22984,24918,24919,30970
EEGINNS;3946,30247,30249,31165,31179
EEGINNT;21887,21925,22985,24881,24905,24916,30976,31047,31081,31096,31098,31145,31148,31151
EEGINNU;23740,24919,28195,30970,31086,31151,31175
EEGINNV;30908,31020,31106,31146
EEGINNW;30215
EEGINNZ;21441,28163,28178,30156,30711,30913,31049,31171
EEGINOP;30955,31082,31100,31106,31183,31188
EEGINOS;10080,13444,15809,20670,21937,27791,27793,28200,30217,30249,30969,31124
EEGINPP;15992,28198,28219,31100,31118,31125,31156,31167,31168,31172,31183,31201
EEGINPR;28134,31044,31125
EEGINPS;30099,30230,30694
EEGINPV;28199,31106
EEGINPW;15977,31057,31154,31184,31188
EEGINRS;
EEGINRT;30213,30257,30259
EEGINRV;23749
EEGINSS;21909,30099,30230,31058
EEGINSW;
EEGINTV;24595
EEGINTW;28153,28231,31188
EEGINTX;24603,28183
EEGIOPR;7002
EEGIOST;30706,30966
EEGIOTZ;30967
EEGIRRV;15908,15970,21447,27412
EEGIRSS;21444,28186,28211,30102,30234,30271,30925,31083
EEGIRSV;3950,30709,30985,31160
EEGIRTT;27783,31037
EEGIRTU;15701,15823,28157
EEGISTV;
EEGKLRS;28188,30936,31014,31077
EEGKNOR;
EEGKNRU;
EEGLLNS;10054,13469,15506,15722,15902,15903,15904,16017,21926,21927,28164,30226,30907,30950,30991,31084,31228
EEGLLSS;3955,15722,31094,31230
EEGLLST;1214,15723,16018,31085,31089
EEGLMMU;
EEGLMOR;6496,10103,28192,30717,31102,31234
EEGLMSU;16013,16027,21945,24610,28252,31085,31104,31227,31233,31235,31236
EEGLNNS;15725,28253,30235,30275,30277,30685,30918,30950,31021,31108,31109,31233,31237,31238
EEGLNOR;15858,16036,16037,16038,30717,30993,31234,31241
EEGLNOT;21929,21947,28158,30702,30716,30993,31076,31098,31234
EEGLNOU;16036,16038,21947,30274,30702,31076
EEGLNOZ;
EEGLNRT;30993,31234
EEGLNRY;7031,15936,30276,31109,31241
EEGLNST;16018,27803,30277
EEGLNSU;21936,24610,24799,24804,30704,31104,31132,31235,31238
EEGLOSS;21946,28253,30278,31237,31242,31243
EEGLPSS;7029,16026,16032,31248
EEGLRRU;15511,15945
EEGLRST;10106,13479,13484,15863,16018,16031,16035,16040,24957,30994,31038,31240,31245,31247
EEGLRSU;28141,31227,31236,31241
EEGLRTW;7018
EEGLRTY;13485,15864,30276,30995,31247
EEGMMRY;
EEGMNOS;10080,13444,31099,31147,31233,31249,31252,31253,31254
EEGMNRS;31249,31252,31253,31255
EEGMNST;15520,28247,30282,30992
EEGMNSU;10111,16052,21945,21950,24610,28247,31233,31235,31251,31254,31255,31256
EEGMNTU;15962,15964,21950,30924
EEGMOST;24915,28216,31161,31257,31258
EEGMRRS;10081,13492,15968,16029,16057,31253
EEGMRTU;30924
EEGMRUZ;
EEGNNRU;22988,24919,30289,31175,31260
EEGNNST;16047,30277,30282,30289,31000,31238,31251
EEGNOPR;15858,16049,21919,31234,31252
EEGNOPS;30292,31252,31264
EEGNORS;7005,16014,21835,28259,30291,30293,30999,31249,31252,31253,31264
EEGNOSX;30249,31185,31243
EEGNPUX;7030
EEGNRSS;13411,13491,13494,16050,27806,28142,30291,30294,31255
EEGNRST;24964,30666
EEGNRSV;
EEGNRSY;3972,15995,24909,24953,28202,31056,31109
EEGNSSU;21952,28142,30294,31235,31254,31255,31256,31261
EEGNSTU;24804,24960,24964,30289,30666,31005,31238,31239,31244,31251,31268
EEGOOSS;16025,24955,28160,28260,30692,30920,31136,31246
EEGOPRT;31186,31234
EEGORTV;13466,15828,15988,16037,16043,16060,24959,30986,30993,31250
EEGOSSS;28244,28260,30288,31137,31237,31254,31275
EEGPPRR;15855,15992
EEGPRSU;21451,24963,30715,31204,31276
EEGPRUX;
EEGRRSS;28263,30269,31269
EEGRRST;
EEGRRSU;24950,30946,31204
EEGRRSV;
EEGRRUY;21432
EEGRSST;30271,31258
EEGRSSU;3975,7007,16008,24886,28141,28142,30294,30925
EEGRSSY;10107,16088,28211,30271
EEGRSTT;21954,24964,24965,27812,30212,30296,30721,31000,31240,31268,31274
EEGRSTU;21889,24964,30289,30666
EEGRSTY;21918,24953,28212,31218,31247
EEGSSSU;21952,28217,28252,30223,31132,31162,31235,31254,31256,31261,31275
EEHHORU;28145
EEHHRTT;10132,31291,31301,31303
EEHHRTW;13524,30300
EEHHSTW;13512,30941,31292
EEHIINS;16109,22991,23755,24615,24974,24976,24979,27416,28044,28278,28279,30726,30727,30943,30944,31304,31317,31319,31320,31321
EEHIKLN;15837,16111,31304,31327
EEHIKLO;
EEHILLR;8317,16107,16116,23760,28281,31333
EEHILMN;10141,15840,16119,24997,30684
EEHILNT;2230,10047,13537,13539,16119,24999,27820,31344,31348,31352,31355
EEHILOP;21961,23753,23761,25003,28276,31337,31357
EEHILPS;10142,13527,16135,24540,24976,30301,30311,30313,30314,30731,30953,31284,31334,31366,31367,31369
EEHILRS;30305,30315,31280,31304,31310,31360,31361,31366,31367
EEHILRW;13536,31283,31352,31355
EEHILST;7041,13545,16115,16117,16133,16143,24971,24987,27823,30301,30315,30725,30953,30966,31309,31310,31334,31343,31362,31364,31366
EEHILSX;16130,16133,31346,31361,31367
EEHIMMS;16144,21968,30316,31312
EEHIMNO;15840,16145,23762,24997,28267,30218,30972,31313,31327,31335,31376
EEHIMPR;30321
EEHIMPS;25012
EEHIMPT;20956,25016,31307
EEHIMRS;7042,16144,28284,30108,30316,31312
EEHINNR;9061,15839,23527,23765,24795,27423,28149,30970,31318
EEHINNS;16165,23755,30311
EEHINNY;30976,31344
EEHINOR;21435,28267,28281,31308,31335
EEHINRR;21915,30689,30982
EEHINRS;31304
EEHINRT;30213,30689,30943,30945,30984
EEHINRW;21917,30903
EEHINST;16114,16169,30330,30668,31285,31288,31330,31375,31408,31409,31412,31413,31414,31415
EEHIORS;16132,30965,30985,31280,31361,31383,31417
EEHIORZ;
EEHIPRT;
EEHIPSV;30989,31323,31383,31402
EEHIPTT;24623,30942
EEHIRRS;21975,30691,30946,31310,31312,31315,31324,31434
EEHIRSS;
EEHIRST;30691,30943,31310,31324,31330
EEHIRSV;24617,30303,30944,30985,31323,31383
EEHIRTW;24985
EEHIRWY;20962
EEHISST;31410,31411,31412,31413
EEHISTT;27823,30330,30939,31288,31309,31311,31320,31364,31412,31415,31430
EEHISTV;25021,30303,30330,31325,31343,31430
EEHKLOY;
EEHKLSS;13576,16196,16197,30336,30731,31438
EEHKOOY;31436
EEHKRSS;3990,13576,16196,16199,23000,31306,31443
EEHLLMP;28324,31446
EEHLLNS;10054,21977,25053,30950,30991
EEHLLOS;21836,21977,23775,25053,30991,31447
EEHLLOT;16116,21961,23780,31333
EEHLLRS;21836,31445
EEHLLRY;5916,15546,16205,24808
EEHLMMW;
EEHLMRS;7054,13584,13588,15547,16211,16217,28284,31445,31455,31457,31458
EEHLMRT;3993,10143,15857,16121,16124,16213,16214,30310,30340,30951,31337,31339,31340,31452,31454
EEHLMST;3305,3994,16099,16115,30341,30342,30952,30953,30992,31343
EEHLNSU;27419,28286,28328,28329,31464
EEHLNSY;21977,30346,30963,31293,31461
EEHLORY;25056,30995,31340,31454
EEHLPRS;3996,7054,9999,13592,15547,15737,16217,16227,16229,21982,28327,28331,30305,30352,31280,31359,31361
EEHLPRT;30340,30347
EEHLPSS;3996,7055,15737,16197,21455,28294,30731
EEHLQSS;
EEHLRST;30353,31310
EEHLRSV;
EEHLRSW;16208,16226,21956,28331,31439,31455,31457,31458
EEHLRSY;16217,16227,21982,23784,30738
EEHLSSU;20673,24634,30336,30670,30737,31350,31451,31464
EEHLSSV;30345,31460
EEHLSSW;6933,13583,16100,16125,16197,16209,27822,27834,31341,31353,31451
EEHLSTT;24567,27823,30341,30961,30996,31309,31364,31465
EEHLSTV;30345,31343
EEHMMRS;10219,10220,16144,16198,16211,21968,25064,30316,31312,31445
EEHMNNO;24969,31313,31469
EEHMNNS;3999,16236,16237,30992
EEHMNOP;16145,23788,24997,31446,31469
EEHMNOS;10201,13601
EEHMNRU;13602,16148,28325,30970,31335,31374
EEHMNRY;
EEHMNSS;30745
EEHMORS;13584,16248,21986,25064,25067,25069,28050,28284,30360,31383,31455,31457,31458,31482,31486
EEHMORT;7061,15739,16214,16245,16246,16249,30310,30364,31340
EEHMPST;31475,31478,31479,31483
EEHMRSS;21963,30318,31491
EEHMRST;30366,31490
EEHMRUX;
EEHMSST;25070,30745
EEHMSUV;25021,25069,31343
EEHMSUX;
EEHNNOS;16236,24880,27831,30999,31317,31390
EEHNNRS;13418,15558,15856,24640,28340,30999,31000
EEHNNRY;30368,31344
EEHNOOR;10222,16238,20969,21919,25073,25074,28342,31002,31442,31473,31496
EEHNOPT;25073,31391
EEHNORS;27430,27837,28327,28328,30162,30221,30999,31499
EEHNORT;15560,30222,30347,30358,31002,31442
EEHNORW;16240
EEHNOSX;16113,16259,21987,31507
EEHNPSS;16097,16263,24622,24641,25025,28339,30111,30328,31289,31293,31296,31321,31398,31405,31493,31504
EEHNPSW;13421,31402
EEHNRST;28272,28313,28350,30371,31330,31480,31515
EEHNSST;30111,30745,31394,31408,31411,31412,31413
EEHNSTU;31005,31478,31512
EEHNSTV;16241,30330
EEHNSTY;10238,16104,16270,25033,28313,30356,30371,30963,31412,31413,31415,31477,31479,31480
EEHNSWW;
EEHOOPW;
EEHOOST;16255,16272,28332,30966,30978,30994,30996,30997,31001,31297,31375,31416,31465,31474,31517,31522
EEHOPRU;28159,31468
EEHOPSS;10225,16200,16243,24641,24644,25025,25042,28339,30224,30338,30359,30375,31296,31398,31493,31504
EEHOPST;13616,28353,31297,31382,31416,31419,31422,31423,31483,31517,31522,31528
EEHORRV;31358,31437
EEHORSS;21988,27847,28160,30224,30375,30723,30751,31303,31443
EEHORST;6516,7067,15873,16201,21463,31008,31297,31303,31517,31524,31528
EEHORSU;5926,7050,7067,16248,21976,21986,25069,30221,31005,31424,31428,31486,31512
EEHORSW;16208,16226,30298,31300,31439,31455,31458,31466,31489,31520
EEHORTT;7061,10236,15739,16201,16242,16249,16284,25074,30364,31301,31303,31442,31481,31521
EEHORTW;16240,16283,23795,30300,30986,31283
EEHORVW;
EEHOSST;10251,15862,16277,16280,25052,25070,25087,30987,31008,31009,31303,31443
EEHOSSX;30375,31519
EEHOSTW;13597,16226,16283,23795
EEHOSTY;16274,25084,25085,25088,31477,31522,31528
EEHPPST;31501,31526
EEHPRRY;4012,7070,15875,21839,30365,31503,31525
EEHPRSS;31531
EEHPRST;28353,31297,31475,31483,31517
EEHPRTY;15864,16228,16230,25077,30365,30368,31301,31521
EEHQSTU;30353,31424
EEHRRSW;
EEHRRTW;30225,30300
EEHRSSU;7007,10190,10230,16185,16291,21892,23786,24634,25062,30379,30670,31433,31531
EEHRSSW;27847,28351,30363,31432,31489
EEHRSTT;21463,31000,31303,31511,31532
EEHRSTW;31292
EEHRSTZ;15572,16186
EEHRSVW;31323
EEHRTTW;4018,16192
EEHRVWY;30113
EEHSTUY;31389,31492,31509
EEIIKKS;
EEIIKRS;16295,21994,25102,25104,25106,28368,31014,31306,31546,31547,31548,31552
EEIILMS;9090,16303,21466,21841,21996,21998,22000,23009,25110,25111,27383,28063,28064,28371,28375,28376,30763,31010,31013
EEIILRV;6983,16317,16322,22005,31586
EEIIMNS;24656,25110,25124,28360,31536,31563,31565,31609,31612
EEIIMPR;16326,27436,27851,31042,31044,31611,31620
EEIIMRT;21473,28177,28403,28406,31045,31603,31617
EEIIMST;10066,16328,31010
EEIIMTZ;10277,15891,31011
EEIINNS;21475,22002,22012,23755,24653,24656,24891,25090,25092,25097,25124,28414,28415,28417,31319,31549,31632,31633,31634,31638
EEIINRT;27387,28056,28077,28406,31564,31603,31618
EEIINRV;13650,28035,28078,28079,30664,30912,31559
EEIINST;31537,31539
EEIINSW;31041
EEIINTV;13643,16338,25158,28058
EEIIPST;10269,10282,10283,16339,16341,16343,16344,25120,25149,25150,25151,25170,27450,28366,28455,28458,30301,30392,30393,31546,31591,31628,31630,31645,31649,31668,31676,31677
EEIIRRV;31586
EEIIRVW;28079,31323,31586
EEIISST;22009,23828,25170,28401,28446,28452,30171,30381,30393,30761,31065,31066,31306,31311,31541,31583,31591,31669,31670,31671,31679,31682
EEIISTV;16110,16328,23832,28448,31668
EEIJKLT;
EEIJKRR;
EEIJKRS;
EEIJLLS;
EEIJMMR;
EEIJMMS;
EEIJNNS;31069
EEIJRRS;28463
EEIJRTT;10289,31542
EEIJSSS;16352,31686,31690
EEIJSTT;25177,28465
EEIKKRR;22016
EEIKKST;7087,16356
EEIKLLS;25096,30114
EEIKLNP;16111,16357,16361,22018,25183,30399,31075
EEIKLNT;10292,16357,24824,31076,31694
EEIKLNY;28367
EEIKLOT;
EEIKLPS;22018,28368,30731,31014,31075
EEIKLPT;31700
EEIKLSS;16363,25187,30731,31080,31698
EEIKLST;24987,25187
EEIKMNP;31015
EEIKMPR;30115
EEIKMPS;31015
EEIKNOS;13660,16113,16356,16367,24988,31702
EEIKNPY;25191,31687
EEIKNRS;21994,22018,30407
EEIKNRT;24824,25191,31687
EEIKNSS;25190,25196,28474,28476,30792,30793,31692
EEIKNWY;
EEIKPRR;16294
EEIKPRS;15576,15577,15897,22018,28368,30305,30306,30407,31014,31710
EEIKPSW;25198
EEIKRRS;21994
EEIKRST;25106,25188,31711
EEIKRSY;
EEIKRUY;
EEIKSST;10305,16377,24993,25187,25189,28476
EEIKSTT;10304,16374,16379,24990,24993,24994,25106,25187,31552,31709
EEIKTTT;
EEILLMT;10308,21478,30304,31715,31717
EEILLNS;5935,7074,15746,15903,15904,21926,21927,21995,25201,25204,28164,28479,30226,30907,30950,31084,31557,31561
EEILLPS;21454,22024,22025,31093,31095,31334,31737
EEILLRS;25205,28479,28485,30760,31016
EEILLRT;30410,31333,31717,31730
EEILLRV;16397,16399
EEILLRY;13670,13682,15913,16395,16398,16399,31746
EEILLSS;10316,22028
EEILLST;22024,25202,30173,30761,31737
EEILLSV;4026,15903,15911,28282,28485,30114,31084
EEILLSW;15579,15904,21482,21927,22028,28479,31331,31746,31750
EEILMMT;31096,31553,31757
EEILMNN;10141,16409,23020,30684,30762,31096
EEILMNR;7097,16304,16409,28494,31018
EEILMNS;21845,22957,25110,28496,30420,31013,31099,31719,31752
EEILMNY;13692,16119,23020,30762
EEILMPT;10328,16121,16414,16426,24652,25113,25215,25222,30422,30423,31307,31337,31784,31785
EEILMRT;21478,24669,28494,30418,30422,30423,31757,31784,31785
EEILMRV;9116,25108,28470,30422,31018,31779,31784
EEILMST;21845,28375,28496,30237,30420,30952,31010,31343
EEILNNO;16126,24874,30701,31106,31725
EEILNNT;13702,13703,16441,16446,27458,28195,28506,28511,31096,31344,31694,31793
EEILNNV;7124,10335,21468,21490,22003,28378,30908,31020,31106
EEILNOR;7126,13704,16450,21491,25000,25227,25235,28505,30807,31348
EEILNOS;15809,16448,20670,22039,31119,31122,31124,31725
EEILNPS;24674,24976,25230,28514,28515,30311
EEILNPT;23021,24999,25215,30428,31128,31352,31793,31816
EEILNRS;30812
EEILNRV;15540,22005,28525
EEILNSS;31795
EEILNST;16459,30816
EEILNSY;10350,25238,30963,31109,31119,31122,31124,31127,31804,31819
EEILNTT;3941,16412,16446,30241,31128,31575,31759,31793
EEILNTV;24595,30418,31809
EEILNUV;7106,7124,10335,15497,31086
EEILOPT;15751,15941,16483,21961,23021,24999,25003,25175,25210,25215,25222,31281,31337,31357,31585
EEILORS;15940,16422,16480,16481,28292,30965,31134,31135
EEILORT;25175,30807,31809
EEILORV;8343,10012,23027,25235,31078,31779
EEILOST;13361,15578,15752,16133,22047,25119,27463,30706,30966,31031,31309,31364
EEILOTZ;7115,30967,31333
EEILPRR;25115,27455,30428,31742,31799,31842
EEILPRS;28368,31014
EEILPRT;20934,25175,28373,28530,30410,30422,30423,30428,31784,31785,31816,31838,31849
EEILPRU;4036,6535,31742,31849
EEILPSS;30731,31284
EEILPST;30301,30437,31839
EEILPWY;
EEILQRU;7142,7143,21494,30821
EEILRRS;20674,20678,22035,22037,25259,27435,28484,28541,30315,31016,31140,31310,31593,31594,31756
EEILRRV;7146,31024,31842
EEILRSS;21444,27880,28211,28391,31135
EEILRST;
EEILRSU;16141,16433,16508,31696,31756,31789
EEILRSV;
EEILRSX;10331,16457,16509,30176,30806,30808,30812,31361,31367
EEILRTT;25004,25122,30116,31757
EEILRVY;10370,16399,23027,25235,31779,31784,31849
EEILSSS;7120,10156,10349,10362,16139,16318,16418,16474,16475,16476,16507,16511,16512,21967,30404,30419,30433,30434,30438,30441,30672,30825,31110,31132,31565,31567,31595,31596,31701,31769,31794,31795,31852
EEILSST;31749,31858
EEILSSU;13364,16349,16475,16477,23864,28401,28528,30413,30737,30764,30814,30822,31097,31132,31580,31698,31699,31749,31795,31858
EEILSSV;22053,31781
EEILSSW;16125,22028,31341
EEILSSX;16443
EEILSTV;31343,31781,31789,31839,31856
EEILSTX;15752,16130,16133,16479,16509,30437
EEILSUV;30673,31749,31833,31839,31856
EEILSVW;
EEILSZZ;30815
EEILTTX;15758,30242
EEILTUX;23029,30810
EEILVWY;31834
EEIMMNS;10372,21937,22055,25124,30446,31040,31563,31752,31863,31865
EEIMMRS;16144,21968,21996,31535
EEIMMSS;20986,25263,31097,31563,31755,31863
EEIMMST;
EEIMNNO;23647,25269,31145,31146,31148,31313,31689,31881
EEIMNNT;10374,13749,15888,16323,16324,23869,24682,24683,25126,27755,28404,28548,30674,30708,30922,31096,31145,31148,31149,31151,31313,31606,31607,31689,31881,31884,31888
EEIMNOS;10080,21937,31099,31863
EEIMNOT;2254,9136,10320,21499,21929,25214,28557,30218,31145,31148,31689,31881
EEIMNRS;30675,30828,31536,31612,31918
EEIMNRV;31018
EEIMNRW;4041,21938,28494,28568,31154,31617,31703,31896,31921
EEIMNSS;25129,25263,25274,25281,31536,31614,31863,31887,31888,31909
EEIMNST;22055,31888
EEIMNSW;13761,16118,16150,16368,28461,28568,31041
EEIMNSY;10383,16530,28569,31864,31865
EEIMNTT;16324,16412,25015,25126,25279,30674,31045,31148,31151,31277,31606,31607,31608,31617,31759,31881
EEIMOPS;16547,24690
EEIMOPT;16516,16528,23836,25016,25222,28556,28557,28576,31608,31881,31893,31895,31930
EEIMORS;16422,21998,22034,22035,31160
EEIMOSS;20986,21502,21969,25133,25274,25284,28295,31378,31698,31863,31909
EEIMOTV;13767,25222,25284,31781
EEIMPRR;16426,25134,31042,31379,31928,31930,31932,31941
EEIMPRS;
EEIMPRT;3331,13753,15591,16326,16414,16426,16516,16528,25134,25278,27895,28373,28546,28556,28576,30115,30422,30423,30453,30457,30465,31784,31785,31893,31895,31910,31930
EEIMPRZ;31773
EEIMPST;
EEIMQRU;13770
EEIMRRR;3945,22061,24691,24692,31928,31930
EEIMRRS;21503,22035,25128,27474,31900
EEIMRRT;10384,13763,16158,16426,24914,25134,28576,31705,31930,31932
EEIMRRU;13770,15969,28549,31941,31944,31946
EEIMRRX;13764,23877
EEIMRSS;20957,21853,22062,25285,30828,30925,31918
EEIMRST;
EEIMRSX;16144,30460,30806,31616
EEIMRTT;16551,25132,31045,31617
EEIMSSS;21487,25135,28217,31162,31567
EEIMSST;23880,25281,25284,31887,31888
EEINNNP;
EEINNPS;16165,16438,16439,23652,24698,25092,28100,28415,28599,30311,31633,31634,31707,31726,31792,31884,31984,31986,31989
EEINNRS;22012,31633,31970,31972
EEINNRT;7093,30807,30834,30835
EEINNRU;10397,16573,23037,23039,24827,24919,25292,30835,30970,31175,31991
EEINNRV;23035
EEINNRW;16570,23884,28594,31636
EEINNST;22066,31884,31984
EEINNSV;28414,28417,28606,31889
EEINNTW;31636,31977
EEINNTZ;31049
EEINOPR;20852,22864,23041,23887,25269,31376,31642,31895,31896,32015
EEINOPS;25025,25230,31402,31708,31729,31802,32017
EEINORR;12955,21491,22016,27482,28097,28102,28558,28559,28594,28619,28620,30181,31703,31899,31900,31970,32006
EEINOSS;16583,30676,31378,31398,31725,31863,31909,32017
EEINPPS;9152,13664,13788,16109,16438,16453,28415,30482,31168,31172,31200,31201,31767,31984
EEINPRR;15748,16332,16454,24621,24703,25115,25323,30428,31799
EEINPRS;30482
EEINPRT;31642,31687,31893,31910,32002
EEINPRZ;15996,16331,28632,30489,31728,32002
EEINPSS;15978,15985,16583,24622,24702,25025,25190,30099,30230,30778,31187,31289,31398,31405,31634,31650,31690,31989,32017,32037
EEINPST;16114,31630,31984
EEINPSV;15994,16458,24573,25150,28514,30327,30482,30487,31205,31402,31649,32001,32008,32011,32014,32037
EEINQRU;30835
EEINQSU;16598,31990
EEINQTU;3334,16460,28506,30835,31047,31790,32005
EEINQUY;
EEINRRS;28463,31900
EEINRRT;21896,21915,24604,24703,25023,30210,30428,30931,31571
EEINRRV;30181
EEINRSS;31918
EEINRST;20680
EEINRSV;
EEINRSW;16368,16468,16569,16581,25233,25304,31807,31976
EEINRSX;10019,16457,24898,30808,31185,31196,31207,32012
EEINRTT;
EEINRTU;7155,16573,30835,31355
EEINRWZ;30503,31896
EEINSSS;21855,22076,22997,24625,24700,25031,25195,25196,25324,28437,28641,30119,30404,30434,30485,30498,31646,31663,31795,31989,32037
EEINSST;
EEINSSV;23049,30676,32037,32048
EEINSSW;16583,32017
EEINSTT;24990,25035,31412,31415,32039,32048
EEINSTU;4049,10400,22023,22055,24841,25209,25225,25321,30816,31539,31884,31984,31995
EEINSTV;30330,32048
EEINSTX;4043,16130,16479,25151,27906,28615
EEINSTY;30421,30963,31415,31865
EEIOPPT;13720,16483,25297,28389,28530,28654,28658,31183,31798,31893,31964
EEIOPSS;15985,16375,16583,16624,22964,23054,24702,25025,25042,25190,25346,25347,30841,31187,31398,31667,31708,31710,31827,32017,32049,32050,32056,32061,32065
EEIOPST;31052,31668
EEIOPSX;15854,16448,16482,22025,25041,25302,25349,31185,31361,31668,31898,31926,32012,32017
EEIOPTZ;
EEIORRS;13762,15602,15773,16422,21446,21476,21503,21901,21902,22035,22057,24712,24842,27293,27474,27494,28463,28558,30463,30902,31140,31900,32073
EEIORSS;16375,16480,23054,25347,27496,30841,31083,31142,31710,32049,32050,32061
EEIORST;32073
EEIORSV;15602,16625,21901,21973,22060,30743,31160,31383,32053,32055,32061
EEIORTZ;31907
EEIOSST;28452,31671,32051
EEIOSTT;22047,23056,23918,25044,25267,25359,28452,28676,30846,31223,31309,31364,31428,31430,31671,32073
EEIPPPR;13730,27800,31723,31910
EEIPPST;25120,31839,31984
EEIPPTT;30781,31798,32081
EEIPPTZ;
EEIPQRU;4052,30510,32082
EEIPQSU;16547,28412
EEIPRRR;30508,30510,30713,31675,31928,31930,32082
EEIPRRS;30915
EEIPRRV;31054,31206,31842
EEIPRRW;31184,31742
EEIPRRX;25323,30850
EEIPRRZ;16485,31842,31932
EEIPRSS;16375,22019,30102,30841,30852,31710,32049
EEIPRST;31676
EEIPRSV;15994,30482,31383,32001,32055
EEIPRSW;10356,12964,16581,25198,28579,28657,28662
EEIPRSX;16457,25041,30519,31185,31207,31361,31367,32012
EEIPRTT;16645,25348,31209,32081
EEIPRTY;23861,25191,28679,31687,31784,31785,31816,31849,31936,32015
EEIPRVW;31057
EEIPRZZ;
EEIPSSS;16154,20995,25135,25170,30491,31646,31650,31690,31897,31989,32037
EEIPSTT;23056
EEIPSTW;28662,31969
EEIQRRU;7142,16314
EEIQRSU;31681
EEIQRTU;4052,7143,30821,30835
EEIQSTU;30522
EEIRRRT;27908,30508,31675,31930
EEIRRSS;20668,30175
EEIRRST;20683,22082,31310,31324,31434,31594,31683,31840,32073
EEIRRSV;
EEIRRSW;31140
EEIRRTV;10023,10440,15970
EEIRRTW;30440
EEIRRVV;
EEIRSSS;7162,10024,10362,10389,10412,13798,16139,16318,16327,16345,16378,16536,16550,16604,16653,24722,25195,27880,27911,28641,30119,30441,30449,30497,30741,30825,31435,31567,31595,31623,31670,31701,31852,31861,31918,32042
EEIRSST;
EEIRSSU;16185,16634,24716,25168,30742,30852,30925,32049
EEIRSSV;3950,15822
EEIRSSZ;10414,16319,16354,16651,25358,31219,31599,31600,31855,31957,32013,32062
EEIRSTT;31542,31552
EEIRSTU;16141,16630,16644,32079
EEIRSTV;31789
EEIRSTW;20961,24985,30503,31292,31326
EEIRSTZ;5954,7160,10445,13841,16011,16186,16348,16371,16644,20680,24680,25154,25174,25338,30521,31657,31660,31748,31855,31879,31957,32104
EEIRSUZ;10367,10445,16469,16503,16636,16644,25169,25174,25286,28140,28467,31602,31681,31748,31848,32104
EEIRSVV;22084,25341,30756,31678
EEIRSVW;10392,27883,31659
EEIRTVV;10427,15599,16587,25313,30461,30490,31809
EEISSSV;23058,27884,30434,31356,32037,32065
EEISSTV;16376,22053,25364,31749,31781,32054
EEISSTW;23841
EEISSTX;25166,30272,31682,31877,31956,32103
EEISTTW;32097
EEISTTY;22086,25049,31067,31412,31415,31434,31796,32094
EEISTVX;16479,24724,27921,28676,30437,31668
EEITUXZ;
EEJKRRS;16659
EEJLLMU;
EEJLRWY;
EEJNNST;31069,32108
EEJNOOR;13842
EEJNORS;16014,16660,20997,25176,28463
EEJNORY;31070,32107
EEJNOSS;25368,31686
EEJNSUW;
EEJORST;16662
EEJPRRU;25369
EEJQRRU;
EEJQRSU;10290
EEJRSST;16353,16663,20998,31541
EEJRSSY;
EEKKNOS;
EEKKOTV;
EEKKRRT;
EEKKSSY;32112
EEKLLNV;31073
EEKLLSY;16666,24845,25371
EEKLLUU;
EEKLMPS;
EEKLMRZ;
EEKLNNS;4062,7172,10454,16671,30235,31074,31699
EEKLNOS;7172
EEKLNRS;22018,31077
EEKLPRS;4063,22018,28368,30120,30305,31014,31546
EEKLRST;23061
EEKLSSY;24845,25371
EEKLSTT;15609,25187,30857
EEKLSTW;
EEKMNOS;16367,24988,31702
EEKMPRS;
EEKMRSS;2272,3990,16199,16675,23000,32122
EEKNNRS;10454,16682,16684,21862,22091,30407
EEKNNST;16683,31550
EEKNNTT;15611,31081
EEKNORW;27933,31703
EEKNOSS;7177,16683,22091,24955,25190,28108
EEKNOST;16356,16367,16683,30859,31702,31704,32124
EEKNOTY;
EEKNRSS;22091,22092,24730,28108,30792,30793,31692,32115,32116
EEKNRST;15612,16676,16677,25379,30859,32124
EEKNSST;10457,16683,28476,30792,31692
EEKNSTU;13859,23930,25379
EEKOOPP;32118
EEKOPRS;21863,25198,25380,30337,30543,31710,31712
EEKOPTU;31082
EEKORRV;25373,25378,28704,31437,32117
EEKORST;23061,30537,31704,32123,32124
EEKORSV;13860,23001
EEKOSSS;23937
EEKOSST;16202,16683,25374,31438
EEKOSTV;
EEKPPSU;
EEKPRRS;4067,6945,16679,24662,25380
EEKPRSU;25379,27935
EEKRRSU;24733,30794
EEKRRUZ;
EEKRSST;
EEKRSSU;22019,24733,28475,30539,30793,31080,32116
EEKRSSW;7179,16380,16675,31083,31443,32119,32120
EEKRSSY;25371
EEKRSTY;16681,16686,32123
EEKRSYY;
EEKSSTW;15614,16380,23841,28476,31443,32120
EEKSSTY;
EELLLVY;32125
EELLMOR;7098,7185,30717,31717,32126
EELLMOS;13668,16204,16383,27859,28706,28707,31447,31718,32127
EELLMRS;10463,13864,15617,31445
EELLMRV;25108
EELLNOR;15779,16696,30717,32126,32135
EELLNOV;31695,31731,31733
EELLNRS;8357,13864,13873,15617,15746,25205,25206,28479,30545,30548,31557
EELLNST;4070,15477,15618,15778,16697,16699,25384,30545,30547,31089,31557,31561,31719
EELLNSW;15904,21927,28479
EELLNUV;7106,7188,13874,16701,16706,30718,30862,31086,31559,31688
EELLOPS;9191,16388,22024,22025,25053,25382,28711,30991,31095,31229,31721,31727,31729,31737,32141,32143
EELLORS;5966,6563,8358,21836,22087,32143
EELLORZ;15907,31333,31728
EELLPRS;25205,25382,31087,31727,32143
EELLPRT;2278,4071,16390,27943,30410,30533,31088,32135
EELLPST;4070,15545,16699,22024,28711,30547,31719,31729,31737,31738
EELLQRU;13878,16714
EELLRSS;10453,10468,15782,21865,25371,30548,30553,32149
EELLRST;16717,30548,30553,30865,32131,32148,32149
EELLRSU;7107,16717,20983,31227,31445,32146
EELLRSW;16208,32144
EELLRSY;10468,13682,15782,16716,25371,30552,31746,32146,32149
EELLSTV;16715
EELMMOP;25387,32150
EELMMPU;
EELMNNS;16725,25389,30275,30992,31233,32153,32154,32155
EELMNOO;22098,25214,25390,31232,31446,31453
EELMOPR;16726,31234,31337,32157
EELMOPT;16726,28714,31234,31337,32150,32157,32162
EELMOPY;7184,25383,32150
EELMORW;13884,16669,16728
EELMOST;4077,16099,22100,30746,32106,32114,32151,32155,32158
EELMPRS;31767
EELMPST;4075,10472,25388,32159
EELMPTT;
EELMRST;30127,30560
EELMRSU;13887,13889,16433,16749,16750,21002,22017,22094,22097,22101,25223,27506,28719,30763,30803,31227,31236,31445,31696,31756,31777,31789,32152,32163,32167,32168
EELMRSW;4081,16029,16435,16751
EELMSST;30745
EELMSSU;16744,16746,16749,21002,22101,22104,28252,31097,31235,31698,31755,32152
EELMSTT;16219,30127,30341,30561,32106,32158,32165
EELNNSV;13893
EELNOPV;28199,31106
EELNOPY;28715
EELNOSV;8362,10486,16017,16761,16765,23782,25406,31460
EELNOSY;21977,22100,25238,25406,31124,31228,31241,32127
EELNOTT;5976,20999,21003,31575,31759
EELNOTU;10464,13898,16036,20686,21003,21868,21906,21947,23854,25393,30702,30798,30810,31076,32172
EELNPSS;25240,30431,30546,31293,31802,32116,32134,32171,32184,32185
EELNPST;16030,16698,16699,16730,16769,16771,25392,30128,30545,30547,30557,30565,32159
EELNPSY;10488,16771,30346,30565,30573,31127,31293
EELNQUY;30874,32136
EELNRST;30545
EELNRSU;1260,7199,16767,21526,22101,27509,28328,28732,31241,32180,32184,32186
EELNRTT;13905,15638,16770,25372,27950
EELNRUV;30160
EELNSSS;6572,10213,10349,10474,13481,13908,15548,15634,15639,16418,16475,16476,16671,27872,28203,28495,28526,30129,30211,30434,31110,31132,31235,31464,31565,31769,31794,31795,32185
EELNSST;30277,30745
EELNSSU;13903,16463,16475,16477,25057,28709,31132,31235,31464,31699,31795,31817,32116,32132,32133,32184,32185
EELNSTT;16771,30341,30561
EELNSTU;13899,16459,16753,16756,16773,28510,28519,30816,31111,32159
EELNSTY;22100,25238,30421,30565,30963,31461,31804,31819
EELNSUV;13893
EELNSXY;31243
EELNTTU;2287,16446,16755,25372
EELOPPR;15736,16775,25410,31118,32118,32135,32157
EELOPPS;23956,30566
EELOPPZ;30427
EELOPRS;21982,25401,25411,25412,30580,32141,32190,32192
EELOPRX;7222
EELOPSS;13911,16026,31827,32171,32195
EELOPTU;10500,16775,25393
EELORSS;13911,16480,20599,20687,27948,28391,28499,31135,31142,31347,31753,31761,31791,32115,32119,32171,32180
EELORST;31245,31247,32197
EELORSV;22112,25406,30569,30879
EELORSY;15783,21982,22088,30879,30936,31236,31241,31247,31778,31834,32146,32166,32168,32169,32177,32180,32197,32200
EELORTT;24725,24846,25004,30193,30867,31829
EELORTV;
EELORVV;7191,15636,25407
EELOSSS;16741,21005,28533,31137,32187
EELOSST;16722,20996,23068,31438
EELOSTT;9953,21530,22047,22113,24752,25397,25413,30582,30996,31309,31364,31465
EELOSUV;16783,22112,25257,30879
EELOSVV;
EELOTUV;
EELPPRX;31125,31838
EELPPSU;2290,16767,28537
EELPQRU;
EELPRST;32163,32190,32192,32204
EELPRSU;30580,32163,32190
EELPRSY;10488,16217,16499,21982,32177
EELPRTY;23861,31784,31849,32162
EELPRTZ;27943,30410
EELPRUX;
EELPRVY;9954,10489,12982,13913,30584,31126,31784,31849
EELPSST;32207
EELPSTT;25413,28738,31465,31847,32204
EELPSTY;16771,30565,31294,31461
EELPSUX;
EELQRUY;30874
EELQSSU;22118,30822
EELRRSV;
EELRRVY;16780,22049,27879,30192,30574
EELRSST;
EELRSSU;20601,22101,22104,22118,28141,30670,30875,32152,32180
EELRSTT;23960,28738,32204
EELRSTV;25244,28396,31789
EELRSTW;1272,3928,4081,10217,15757,16435,16751,30575,32178,32201
EELRSTY;30089,31247,31819,32146,32197
EELRSTZ;4099,24680,25255,31748,32142
EELRSUV;22112,24635,30879,31789,31856
EELRSUX;7229
EELRSVV;16510
EELSSSU;16475,16512,21967,21981,28252,30438,31132,31235,31464,31795,31817,31850,32132,32152,32185,32202
EELSSSV;16507,16765,27884,28526,30124,30434,30587,31356,31596
EELSSSX;16512
EELSSTT;22052,31858,32203,32207
EELSSTU;23864,28401,30822,31858
EELSSTY;9220,16218,16233,23068,25010,30802,31371,31569,31724,32170,32207
EELSSUV;22053,30413,31745,31749,31846,31856,31857
EELSTUY;15787,23069,25377,31819,32146,32168
EELSTVV;30130,30445,31133
EELSTVW;31740
EELSTWY;31371
EELTVVY;
EEMMNOS;16719,21937,22121,23961,27465,28543,28544,28741,30446,30969,31863,31864
EEMMNOT;10519,21499,22122,25387,28740,32150
EEMMNSS;15649,16801,22123,25263,31563,31863
EEMMORS;16198,16798,16802,22097,22121
EEMMORY;16673,16800
EEMMOST;13927,16802,30537,30554,30591,32214
EEMMOSU;10522,21010,22097,28544,28741,31871,32151
EEMMOSV;
EEMMRST;25419,30537,30591
EEMMRSY;
EEMMSSS;32152,32215
EEMMSST;
EEMNNOV;13931,16808,31146,31250
EEMNNSW;28748,31041,31249
EEMNOOS;10525,16527,16814,25428,31147,31152,31252,31253
EEMNOOY;31232,31453,31473,32220,32224
EEMNOPR;16049,22970,23788,24912,28556,28753,30883,31154,31234,31893,31895,31896,32121,32157,32210,32220
EEMNORS;16823,22121,23072,31249
EEMNORV;25427,30538,30602,31250
EEMNORY;7233,13938,16673,16800,16824,21949,30602,32107,32121,32220,32224
EEMNOST;1278,16809,22100,22133,25392,25428,30557,30558,30663,32106,32108,32155,32158,32225
EEMNOSV;32233
EEMNPRU;13602,13940,28121,32210,32211
EEMNPTU;15625,25393,25435,31884,32159,32160
EEMNRTU;21877,28118
EEMNSYZ;16817,30603,32228
EEMOOSW;31472,31482
EEMOPRR;7035,16049,28757,31928,31930,31932,32210
EEMOPRT;16244,16516,28556,28576,28745,28753,31234,31468,31483,31484,31893,31895,31930,32121,32157
EEMOPRV;
EEMOPRW;31154,31896
EEMOPST;16244,16815,16837,30591,30597,30609,31475,31483,32241,32243
EEMORRS;12988,13762,13951,13954,15660,15791,16057,16422,16839,23944,25445,27474,27946,30285,30463,32123
EEMORRT;10384,15825,15965,16057,16245,16246,16806,16840,22057,22058,22130,24739,24760,24914,30867,31705,31930,31931,31932,32164,32230
EEMORRU;16820,28119,32210
EEMORRV;16246,16820,16841,16842
EEMORST;25445,32123,32214,32241,32243
EEMORSV;13958,22060,28718,28760,31160,31457,31482
EEMOSST;15966,25070,25133,25284,31485,32161,32216,32236
EEMOTTZ;
EEMPPRT;16826,25441,30465,31156,31893,31910,32157
EEMPRRT;25134,28546,28576,28757,31379,31930,31932
EEMPRSS;10533,10537,15870,16056,16243,23968,25437,25442,25443
EEMPRST;25396,25429,30591,30597,30609,31475,31484
EEMPRSU;24765,30320,30360
EEMPRTT;28753
EEMPRTU;7204,31468
EEMPSSU;13963,16746,25435,28754,30322,31372,31755
EEMPSTT;31478,31479,32217
EEMPSTX;25398,30609,30610,31898,32218
EEMRRST;22130,24762,25445,30200,30285,30884,32123,32164,32229,32230
EEMRRSU;32219
EEMRRUU;21532,28744,31941,32211
EEMRSST;31491,32235,32247
EEMRSSU;27967,28099,30539,30833,30925,31257,31489,31614,31706,32152,32239,32247
EEMRSUX;16848,16850,31952
EEMSSSU;25066,25280,28217,28252,30607,31162,31235,31254,31256,31959,32152,32215
EEMSSTU;30539,30833,31257,31706,32247
EEMSTTU;28765,31478,31570
EENNORT;16565,16754,16858,28770,30807,30834,31971,31977,32172
EENNORU;13777,16808,21539,28767,30886,32107,32172,32253
EENNOSS;10543,10546,10547,16683,16861,22064,22091,25291,25454,25456,30615,30887,31970,31972,31978,32255,32256,32257
EENNOSZ;22039,30887
EENNOTT;16221,21951,22122,27961,31148,31759,31881
EENNOTY;32256
EENNPRS;10115,10394,13972,15672,16439,16682,16810,16862,16863,25457,27515,28100,28599,28776,30975,31172,31633,31792,31986,32248,32250
EENNQUU;23790,30888
EENNRST;16862,16863,16864,28749,28776,31000,32258
EENNRUV;16573,16808,31991,32253
EENNSST;25454,27979,30137,30277,30595,30615,30870,31495,32216,32251,32255,32256,32258
EENNSSU;4104,7243,10398,10554,16237,16865,22040,25071,30531,30595,30613,30870,31150,31699,31888,31986,31990,32133,32258
EENNSSW;16062,16570,16865,28769,28775,31981,32133,32249
EENOPPR;16256,24769,25460,25461,31500,32135,32157
EENOPPT;24769,25297,25461,28770,31183,31798,31893,31964,32135,32157
EENOPRS;22973,25401,28327,30138,30162,30567,31264
EENOPST;30128,30557,31052,31729,31898
EENOPTT;28419,28557,31608,31881,32005
EENOPTY;23073,25432,25461,32121,32220
EENORRV;21541,23983,24936,25378,27482,28262,28620,28791,30181,31262,31437,31971,32023,32253,32265
EENORSS;22091,30291,30887,32115,32137
EENORST;20997,25468,25470,30620,32124,32266
EENORSY;10544,23975,25076,28347,30138,30889,31503,32177,32180,32263,32266
EENORSZ;28423,28795,30481,30620,30887,31808,31975,32228
EENORTV;23045,24959,25311,25313,27986,27987,30538,31250,31967,31971,32265
EENORVW;27484,28228
EENOSSW;7248,16583,16729,16759,16876,25474,28128,28622,28769,28775,28781,30873,31513,31810,31981,32017,32128,32139,32226,32249
EENOSSY;16071,24961,28347,30292,31187,31198,31266,31267,31493,31909,32232,32233,32264
EENOSTU;10555,10560,16068,16877,23005,24960,25321,25428,25450,25455,25468,25470,28123,28618,30478,30621,31005,31251,31268,31512,32019,32021,32252,32266,32270
EENOSTV;30572
EENOSTW;16072,21544,22124,22133,27985,28466,28748,28775,30620,30621,31810,31969,31981,32124,32178,32267
EENOSVZ;28795
EENOTTT;31575,31906
EENPPRT;24769,25081,25148,25297,25461,28629,28770,31156,31893,31910,31964,32002,32135,32157
EENPRST;16698
EENPRSY;10488,15995,16262,23901,25076,25457,28636,30138,30371,30488,30573,31056,31503,32177,32228,32263,32274
EENPRTV;30474,30490,31174,31206,31967,32260
EENPRTY;7212,10551,13987,25077,25191,25432,25461,28636,30368,30371,31687,31816,32015,32121,32220,32263
EENPSSS;10456,10530,13942,15639,25324,27734,30485,30546,30614,31504,31646,31650,31690,31897,31912,32274
EENPSTU;13899,23986,25379,25435,28519,28776,31884,31911,31984,32159,32272
EENPSTW;4066,27985,30140,31969,32178
EENPSTY;10238,16104,28636,30371,30488,30565,31479
EENQSTU;7249,7250,16756,25450,25468,32252
EENRRST;25451,25463,25470,30884,31480,32124,32186,32229,32230,32234,32266
EENRRSU;5578,7242,16881,31512,32109,32219,32234,32266
EENRRSV;
EENRRTY;5994,10492,13987,16462,16603,16664,30681,32230
EENRRUV;16701,16820,21541,23983,27486,28237,28262,28785,32253
EENRSST;
EENRSSU;22101,30875
EENRSTT;24964,31000,32105
EENRSTU;30289,30666,31005,31268,31512,32252,32266,32270
EENRSTV;
EENRSTW;4114,16613,32124,32178,32267
EENRSTX;2306,3376,14001
EENRSTY;4117,5996,30889,31480,32263,32266
EENRSVV;31806
EENRTUV;25248,30813
EENSSST;24777,25481,27777,28801,30134,30607,31515,31516,32110,32275
EENSSSY;4118,16618,22143,30290,31179,32047,32274
EENSSTT;2307,10457,16268,16270,21880,25035,27993,28648,31410,31412,32048
EENSSTV;4116,16895,16900,28802,30137,32048
EENSSTW;16062,28775,31513
EENSSUV;23989,28802,30613,30627,30629,32037,32048,32233,32257
EENSSUX;
EENSSVW;16619
EENSTTX;10532,10565,10571,15689,31507,32158
EENSTTY;4117,16270,25424,31412,31415,31479,31796
EENSTUW;16267,16613,21544,30621,30816
EENSTVY;30143
EEOOPRS;16080,25380,25401,28806,28807,30543,30841,31252,31710,32049,32277
EEOOSTT;22106,23980,30562,30996,31465,31522,32189
EEOPPRS;16906,30337,30634
EEOPPTT;31798
EEOPPTU;13910,16775,25441,31183
EEOPRRS;15564,16080,16271,30682,31264,32143
EEOPRRV;7221
EEOPRRW;16672,24731,31184,31525
EEOPRSS;2308,10533,10572,15776,16056,16243,16375,23054,24644,25347,25437,30224,30359,30841,31710,32050
EEOPRSX;10247,25041,31185,31528,32250
EEOPRTT;25348,30640,31301,31521
EEOPRTU;9250,10500,16775,25369,28809,30640,31468
EEOPSSS;28533,28612,30614,31137,31504,31708,31825,31897,32065,32187
EEOPSST;16081
EEOPSSU;16082,16868,30338,31398,31420,31667
EEOPSSX;28447,31827,32017
EEOPSTU;25349
EEOPSTY;31294,31362,31522
EEOPTUW;28809,31188
EEOQRTU;
EEORRST;7235,15660,22057,30463,32124,32229
EEORRSV;
EEORRSZ;16085,21974,25353,31426,31869,31900,32058,32071
EEORRTU;16870,25354,25369,30202,30679,32172
EEORRTV;
EEORRTW;5579,7245,28792,30300,32302
EEORSST;31524
EEORSSX;21988,25418
EEORSTT;6971,15873,16201,23080,25370,30212,30721,30846
EEORSTV;28760
EEORSTX;5580,16848,30609,31528,32169
EEORSTY;10584,16686,25088,25446,30889,31247,31778,32146,32166,32168,32169,32214,32240
EEORSUV;16783,16822,16873,22112,32055
EEORSVW;
EEORSXX;
EEORTUV;30640
EEORTVW;28011,30986
EEOSSSY;16843,25448
EEOSSTU;25070,25356,27523,28265,30376,31009,31275,31524,32027,32231,32269
EEPPPRS;16879,30634,30644,32284
EEPPPRY;
EEPPRST;30644
EEPPRSX;30610
EEPPRTY;16826,22148,25461,25489,32242
EEPPSST;16081
EEPPSTU;16637,31942,31984,32079
EEPPSUW;31201,32286
EEPPSUY;
EEPRRSS;24773
EEPRRST;22149,23919,30849,31840
EEPRRSU;16881,30715,30783,30849,31204,31276,32272
EEPRRSY;4124,7070,15875,20994,21839,30895,31276,31503,31840,32243
EEPRRTV;16680,31206
EEPRRVY;
EEPRSSS;21875,28827,30352,30544,30624,30899,32147,32202,32274,32307
EEPRSST;
EEPRSSU;3975,8388,16185,16937,22019,24716,25168,28682,28827,31531,32080,32307
EEPRSSV;2310,14007,16910,16932,16937,28786,30627,32310
EEPRSSW;16882,16937,16938,21514,28682,31432,32093,32226,32249
EEPRSSX;10431,15528,16827,16938,30519,30604,31207
EEPRSTT;24587,30655
EEPRSTU;20948,22149,24857,25200,25379,30644,31676,32079,32272
EEPRSTW;2311,4123,16915,28662,30140,30654,32178
EEPRSTX;3914,16087,16792,30609,30610,31528,32250
EEPRSTY;4124,10590,30655
EEPRSUV;16932,25361,25494,28815,32055,32194,32272
EEPRSXY;16938,31528,31532
EEPRTTX;25046,31209
EEPRTWY;16230
EEPSSTT;32203,32206
EEPSTTU;7228,15645,16501,16637,16785,28816
EEPSTTY;10590,16914,25085,25413,30639,30655,31479,31522,31532,32094,32295
EEPTTUW;
EEQRRUY;
EEQRSTU;7249,7263,16939,16941,16942,25449
EEQRSUU;7071,7262,16942,22080,25449,28684,31486,32247
EEQSSTU;16943,30522,30822,31682
EEQSUYZ;
EERRSST;31491
EERRSSV;16932
EERRSTT;23080,23923,25370,31434,31511,31552,32229,32238
EERRSTU;20683,20972,22149
EERRSTV;
EERRSTW;32124,32302
EERRSUV;16932,31841
EERRSVW;
EERRSVY;22049
EERRTTU;16506,16646,25260
EERRTTY;30722,32089
EERSSST;3979,16653,30378,31435,31652,32044,32045
EERSSSU;24867,25415,25505,30652,30899,32147,32152,32202
EERSSTT;
EERSSTV;2313,4116
EERSSTW;30654,31258
EERSSTX;16291,24786,30501,31877,31956,32103
EERSSTZ;25358,31657,31957,32062
EERSSUX;16291,32103
EERSSUY;16940,31531,32180,32200
EERSSVW;16937,32093
EERSTTT;22136,25336,30366,30528,30655,31542,31601,31788,32046
EERSTTU;16717,16750,16834,32105
EERSTTV;16949,25337,30205,30606,31221,32165,32299,32303
EERSTTW;3980,4126,16751,16857,28826,31658,31854,32097,32201,32302
EERSTTX;28675,32046
EERSTTY;4117,10590,16797,16914,25049,25088,25446,30639,30655,31434,31532,32094,32166,32240,32263,32295
EERSTUV;4100,16648,25179,31680,31789
EERSTUY;10584,16686,16940,31389,31492,31819,32146,32168,32266
EERSTVV;
EERSTWY;32094
EERTTUX;16878,25339,25476
EESSSTT;4111,15700,16268,16902,25500,28359,31671,31959,32296
EESSTTT;32311
EESSTTU;10262,10585,13508,16285,16943,16951,32203,32206
EESSTTX;16687,30272,31956,32103
EESSTTY;16270,25287,25485,31412
EESSTTZ;
EESTTTW;16857,30582,31414,32097,32302
EESTTTX;
EESTTZZ;
EFFFINO;
EFFFIRU;32315
EFFFLRU;
EFFFOOR;
EFFGIJN;
EFFGINR;
EFFGINS;32323,32326
EFFGIRS;21886,32320,32321
EFFGISU;21886
EFFGORS;32321
EFFGRRU;
EFFHILW;
EFFHIRS;9984,16962,28830,32315,32319,32320,32330
EFFHIRU;32315,32335
EFFHIRW;
EFFHITW;
EFFHLSU;
EFFHRSU;32315,32335
EFFIIJS;
EFFIIMR;
EFFIINR;25508,25509,32324
EFFIIST;4130,10601,32320
EFFIKLS;32330
EFFILLU;32343,32344
EFFILNO;
EFFILNS;16967,32336,32346
EFFILPR;
EFFILPS;
EFFILRR;
EFFILRS;10604,13334,15703,16969,22157,28835,32330
EFFILRY;
EFFILSS;4131,16960,16961,16969,24002,30667,32331,32332,32333
EFFIMOS;
EFFINRS;4132,4133
EFFINST;4133,10605,16959,16967,16970,22156,32326,32328,32350
EFFIOPR;28837,32325
EFFIORT;16973,28837,32324
EFFIORX;
EFFIOST;10601,10605,22158,25511,25515
EFFIPRU;32315
EFFIRRT;10603,14032,25513,28833
EFFIRST;2317,4133,10604,15703,16959,16962,16969,32320
EFFLLOS;
EFFLMRU;32354
EFFLMSU;32345
EFFLNSU;4134,9991,24560,32346
EFFLOPS;16982
EFFLOSU;32346,32355
EFFLRRU;15705
EFFLRSU;
EFFLRTU;
EFFNRSU;9993,30666
EFFNRUU;21417,32350
EFFNSTU;22156,25512,30666,32328,32350
EFFOORR;
EFFOPRR;32325
EFFOPSU;
EFFORRT;15702,30681
EFFORST;30680
EFFORSW;
EFFOSST;10608,30680,32357
EFFPRSU;10607,32315
EFFPRUY;
EFFRSSU;32335
EFFRSTU;6605
EFFSSUU;
EFFSTTU;16985,30152
EFGGIIR;32365
EFGGIOR;32368,32369
EFGGIRR;16990,32363,32365
EFGGIRU;
EFGGIRY;
EFGGLOR;
EFGGORS;30683,32318,32367,32368
EFGHIMS;32374,32388,32389
EFGHINT;
EFGHIRT;15710,16993,32385
EFGIIKL;25522,30693
EFGIKNR;25523,30693,32372
EFGILLN;17021,32402
EFGILMN;17023,17024,22154,22168,30684,32374,32428
EFGILNR;
EFGILNS;
EFGILNT;32428
EFGILNU;17022,24799,30702,32314,32384,32428
EFGILNX;15716
EFGILNY;4128,22165,25521,28848,32402,32404
EFGILRU;10617,17025,17034,30707
EFGIMNT;10612,30708,32409,32428
EFGINNN;17021,28039,30701,32362
EFGINNP;4140,28860
EFGINNR;4140,16954,16989,17018,28829,28856,30708,30710,32390,32440,32441
EFGINNS;28850,32399
EFGINOR;7275,14046,14047,17039,22166,28859,30157,32368,32369,32388,32408,32440,32445,32447,32448
EFGINPR;4140,5582,24800,25523,28860,30713,32325,32437,32444,32447,32450
EFGINRS;17013,17039,27532,28852,32367,32408,32422,32438
EFGINRU;13012,32441
EFGINSS;4141,17015,25531,25533,28040,28852,32327,32373,32442,32445,32449
EFGINTT;32326,32423
EFGINTW;
EFGIOOR;21553,32429
EFGIORV;7273,32385
EFGIRRT;17044,32418,32419,32440,32448
EFGIRRU;32365,32425
EFGIRST;32433,32436,32443,32453
EFGIRSU;30154,30707,30709,32394,32436,32453
EFGKOOP;
EFGLLSU;28855
EFGLNSU;14053,17050,24799,24804,30704,32384,32433,32456
EFGLNTU;14043,17031,17051,30702,30719,32428,32433,32434,32455
EFGLORS;4146,10620,32454
EFGLORT;32385,32455
EFGLOSS;17049,28841,32366
EFGMNOR;32388,32408
EFGNOOR;28866,32322,32429
EFGNOSU;24009,25534,28865,32368,32456
EFGOORR;28866,32398
EFGOORS;32367,32429,32454
EFGORRS;32406,32438
EFGORRU;15729,28866,32425
EFGORRY;30722,32448
EFGORST;
EFGORSU;25534,28865,32368
EFGORSW;30690
EFGORTU;32455
EFHIINS;10625,25518
EFHIIRS;32370,32462
EFHIJSW;
EFHILMS;32374,32459,32473
EFHILSS;10628,16960,22170,22172,32332,32333,32382,32459,32462,32473,32477,32480
EFHILST;4149,14061,28875,32382,32386,32387,32474,32475,32480
EFHILTY;25521,25542,25543
EFHINNS;28873,30685,30687,32383
EFHINST;14059,14061,14065,30668,32375,32471,32483
EFHIRSS;10633,10635,10636,10637,25539,28877,32462
EFHIRST;22176,32471,32475
EFHIRSY;10637,17000,17064,30738,32371
EFHISUW;
EFHLLPU;
EFHLLSY;17079,17081
EFHLNSU;17067,32383,32469
EFHLOOX;
EFHLOPU;
EFHLOSS;10628,17082,17084,22172,28049,28841,30723,30735,30747,32332,32460,32493
EFHLRSU;7279,17001
EFHLRSY;17064,30738,32371
EFHLSSU;6005,22177,32473
EFHLSTY;17081,25543,32387
EFHLTTW;14063
EFHNORT;6006,17002
EFHOORS;24810,25550,25551,30750,32489,32499,32500
EFHORRT;10645,28882,32498
EFHORSS;16957,17078,17084,17087,25548,25552,30166,30723,30747,30751,32492,32493
EFHORST;10640,10646,14036,25550,25551,32475
EFHRRSU;10634,32476
EFHRRTU;28882
EFHRSSU;17087,25539,25552,28877,30742,32335
EFIIKLN;25522,30693,30757,30758
EFIIKST;14077,25555
EFIILLS;1289,4155,22170,28062,28893,30761
EFIILMR;
EFIILMS;32374
EFIILRT;1290,7282,17103,32523
EFIILRY;7285,28895,28899,32529
EFIILSS;21420,22170,22183,24002,25553,28887,30667,30724,30761,30768,32337,32462,32521,32528,32531,32536
EFIIMRR;21022,32538
EFIIMRS;
EFIIMST;7286,28889,32513,32541
EFIINNR;17109,25554,32537
EFIINPV;
EFIINRT;20945,23709,24819,25528,27387,28034,32409
EFIINRU;28911,30767
EFIINSS;28852,30768,30778,30779,32519,32521,32543,32545,32547
EFIINST;23083,25555,30753,30779,32375,32461,32465,32515
EFIINSU;14041,17015,17113,17115,17116,23085,24006,25512,25573,25574,28873,28910,30694,32515
EFIINSX;32515,32527
EFIIPRT;30781,32380,32523
EFIIRRR;15743,17108,30787
EFIIRRT;
EFIIRST;32551
EFIIRTW;32549
EFIIRZZ;
EFIISSV;32462,32531
EFIISTW;32549
EFIJLLY;32402
EFIJLOR;24823
EFIJLOT;
EFIKLNU;30757,30758,32314
EFIKLOR;28834
EFIKLOS;
EFIKLOX;
EFIKLRU;10617
EFIKNRS;15745,25529,32372,32519
EFIKNRU;
EFIKORR;
EFIKRRS;6986,13353,15474,25577,25579,30794
EFIKRST;10650,10669,14077,24826,25579,30794
EFILLMS;32558
EFILLNY;14089,17123,22178,28895,32402,32559
EFILLOO;32559
EFILLOS;9290,22179,27531,28086,28916,32557,32558
EFILLOW;
EFILLRR;6989,30697
EFILLRS;13354,15715,15746,17127,30172,32342,32558
EFILLST;28062,30173,30733,30761,32382,32558
EFILLUW;17130,32561
EFILMNT;27753,28920,32343,32428,32505
EFILMNU;4160,17022,22154,22168,25581,30804,32343,32428
EFILMOT;17136,17140,28920,32567
EFILMRS;13357,17121,25582,28922,30803,30805,30806,32558
EFILMSS;14097,32473
EFILMST;
EFILNNO;25563,30701
EFILNOS;14101,17125,17144,17147,28916,32460,32560,32574,32575
EFILNOX;30810
EFILNSS;5583,17151,28926,28929,32521,32528,32561,32572,32573,32574,32575,32579
EFILOOS;10673,17144,21561,22185,25582,27543,28835,28932,30706,32435,32564
EFILOOZ;
EFILOPR;7289,15751,17032,25583,32580
EFILORR;10652,17135,17137,32529,32567
EFILORT;32385,32567,32580
EFILOSS;22172,28841,28887,28896,28929,30737,30796,32332,32460,32531,32575
EFILOSU;17156,25587,28089,30737,30817,32476,32477,32478,32530,32557
EFILOSX;15752,32478
EFILPPR;
EFILPPS;
EFILPPU;
EFILPRS;17096,28903,28935,32386,32403,32506
EFILPRY;17129,17159,25542,25583,28919
EFILQUY;32404
EFILRRS;10654,17135,21556,25577,32406
EFILRRT;32567
EFILRRY;32529,32567
EFILRST;32386,32433,32436
EFILRTT;32580
EFILRTU;21899,22182,28905,30821,30823,32433
EFILRTY;17034,25542,32567
EFILRVV;
EFILRZZ;
EFILSSS;30672,32572,32583
EFILSST;32337,32461,32474,32528
EFILSTT;
EFILSTU;21899,28888,28905,30173,30800,30816,30823
EFILSZZ;30815
EFILUVX;
EFIMMRU;
EFIMNOR;
EFIMNTT;30674
EFIMOST;28889
EFIMRRS;25591,25592
EFIMRST;7286,14045,16962,17161
EFIMRTY;32409,32567
EFIMSTU;17133,25590,32541
EFIMTTU;
EFINNOR;22166,28829,28856,28859,28939,30834,32390,32440,32441
EFINNRS;10017,10658,17169,24572,28100,32537
EFINNRU;17169,24827,30835,32412,32413,32441,32443
EFINNSU;17143,17169,24828,25597,28873,32348,32412,32572
EFINOPR;25571,32325,32444
EFINPRS;27757,28100,28874,32593
EFINRST;32328,32350,32433,32471,32586,32601,32611
EFINRSU;27545,27546,28943,32588,32611
EFINRUY;28925,32413,32450
EFINSST;30814,32442
EFINSSU;10606,15772,17015,17115,17151,21563,22174,28910,30814,32316,32348,32561,32572,32579
EFINSUX;32515
EFINSZZ;30815
EFIOOPR;14116,32444,32580,32594
EFIOORR;14109,14116,32613,32614
EFIOORS;22185,25582,28835,32367,32590,32602,32615
EFIOORT;10688,14102,17153,21553,32580,32594
EFIOORW;
EFIOOST;25515,27543
EFIOPRR;14116,32325,32444,32538
EFIOPRT;7289,15751,17032,21023,25571,32580
EFIORRT;4172
EFIORRW;13373
EFIORSS;16972,28944,30841,32445,32587,32600,32606,32609,32615
EFIORST;14049,21027,24820
EFIORTU;4172,22186,30679
EFIORTV;32385,32551,32604
EFIOSST;14067,16998,28103,32442
EFIOSTX;15752,17149,17164,28080
EFIOSTZ;10690
EFIPPRR;
EFIPPRT;30781
EFIPRST;4165,10684,17059,24834,32386
EFIPRTY;25542,32450
EFIRRRU;
EFIRRSU;17182,32613
EFIRRSZ;3402
EFIRRTT;7278,10693,17041,17177,32418
EFIRRTU;4172,6616,10693,17044,22186,30679,30824
EFIRRTY;17177,32419,32448,32567
EFIRRUZ;
EFIRRZZ;
EFIRSST;24844,30171,32542
EFIRSSU;17156,17184,21904,25539,30742,30852,32477,32568
EFIRSTT;
EFIRSTU;21899,28905,30800,32421,32433,32436,32443
EFIRSTW;30187
EFIRSTZ;10690,30773
EFIRSUX;23088,30812,32478
EFIRSVY;30738,32422
EFIRSZZ;
EFIRTTU;10693
EFIRTUV;30813
EFIRTUX;30850
EFIRUZZ;
EFISTTT;32467
EFISTTY;32423
EFJLSTU;32619
EFKLMNO;28948
EFKLMOR;
EFKLNRU;
EFKLNUY;28948
EFKLOPU;
EFKLPSU;10697
EFKNRSU;17192,30159
EFKORRS;25577,25611
EFKRSSU;25539
EFLLORU;25517,28109
EFLLOST;22194,32558,32619
EFLLOSW;17198,21425,30863
EFLLRSU;7279,7302,17204,22192,32342,32522
EFLLRUY;13024,14119,15780,24808,25517,32629
EFLLSSY;13378,15782,17195,24845,30797,30802,30860,32626,32628
EFLLSTU;4178,10642,15781,17080,17081,17128,17197,17204,17205,22194,25613,30173,30800,30857,30865,32563,32619
EFLMOSU;22195,28089,30746,32557,32565
EFLMPRU;
EFLMSUU;22192,22195,22196,32345,32565
EFLNNOS;4180,28916,32454,32527,32571
EFLNNOU;22980,25614,28951,32354
EFLNNSU;17143,17207,24828,30870,32572
EFLNORT;28953,32633
EFLNORU;32354
EFLNORW;21560,25616,28928,32495,32631
EFLNORY;17147,17186,23725,24027,28921,28954,32529
EFLNOST;17125,17149,17185,25615,32633
EFLNOSU;32456
EFLNOTT;17048,28956
EFLNPSU;17215,32456
EFLNPUX;
EFLNSSU;17050,17207,32572
EFLNSTU;4178,15781,17128,17133,17197,30816,32433
EFLNSUY;24019,24028,32627
EFLNTTU;32434
EFLNTUU;10672,16981,17051,17150,17219,30871
EFLOORR;21566,25616,28952,32495
EFLOORS;22185,25582,32454,32489
EFLOORT;7300,17153,25609,32580,32632
EFLOORY;10700,28954,32632,32637
EFLOORZ;
EFLOOST;14054,17220,21561,27543,30706,32435
EFLOOSZ;
EFLOPPR;15736,28958
EFLORRS;10703,17135,17221,24853,24854,25577,27548,30866,32355,32406,32476,32640
EFLORSS;32635,32639,32640,32641
EFLORST;24849,24853,30680
EFLORSU;22185,30817,32355,32476,32477,32478,32530,32638,32640,32641
EFLORSW;14133,17226,30863,32431,32479,32640
EFLORSX;17226,30808,30877,32478
EFLORTT;17103,24846,30193,30867,32580
EFLORTU;
EFLORTW;
EFLORVY;28954,30192,32432
EFLORWW;17194,28918,28928,32479,32578,32621
EFLORWY;32629
EFLOSSS;30872,32490
EFLOSSU;21567,24855,28933,32568,32640,32641
EFLOSTU;14072,22194,22195,25610,25615,28881,32497,32619
EFLOTTU;14131,17224,32494
EFLOTUW;
EFLPRRU;28958
EFLPRSU;24857,28934,32530
EFLPRUY;17159,28919,32629,32637
EFLPSTU;10704,15788,17215,24857,25610,25617
EFLRRSU;7302,14134,17222,32640
EFLRSSU;21567,24850,24855,30875,32568,32635,32640,32641
EFLRSTU;22182,28905,32433
EFLRTTU;
EFLSSUU;10705,22177,23094,25617,30875,30876,32641
EFLSTUZ;
EFLSUZZ;22196
EFMNOOT;17231,30883
EFMNORS;25618,27768,28120
EFMNOST;25590,30663,30827,32586,32592
EFMNRSU;25589,28120,30675,30830,32588,32590,32592,32593
EFMNRTU;28118,30830,32592
EFMOORZ;
EFMOPRR;32538,32594,32642
EFMOPRT;14123,17231,30883,32594,32642
EFMORRS;25592,25618,25620,30866,30884
EFMOTTU;32494
EFMPRUY;
EFMRRSU;25592,30866
EFMRTUY;
EFNNORT;30834,32390,32440
EFNNORU;14140,23730,24023,24030,28939,30886,32354,32441
EFNNOTU;14108,21900,24025,25532,28123,28951,32397
EFNNSTU;25615,28123,30870,32644
EFNOORW;24847,32631
EFNOOST;17172,17237,25599,28962,30859,30889,32356,32439,32499,32500,32633,32646
EFNORRT;1301,7295,17239,24034,25621,30202,30681
EFNORRU;30202,30886
EFNORRW;28966
EFNORST;32586,32605
EFNORTU;17002,17148,17176
EFNORTW;17239,28964
EFNORUZ;32608
EFNOSST;10708,17163,17216,28103,32607
EFNRSTU;30666,32328,32350,32421,32433,32443,32588,32611
EFOOPRR;17245,28961,32398,32444,32594,32642
EFOOPRS;32489
EFOOPRT;17245,32580,32594,32637,32642
EFOORRS;14139,17247,17248,21429,25618,25620,32499,32614,32643,32646,32649
EFOORST;7296,17237,30859,30889,32356,32499,32500,32649
EFOORSW;
EFOORTW;28964
EFOPPRY;
EFOPRSS;28944,32445,32581,32603,32639
EFOPRST;
EFOPRSU;28913,32530,32566,32595,32638
EFOPRTU;28940,32637,32642
EFOPRTY;32637
EFORRSU;10716,17182,17251,25592,32355,32476,32614,32616,32640,32649
EFORRSV;32647
EFORRTY;10717,32448,32567
EFORRUV;30894
EFORSST;15799,17200,25627,30166,30680,32357,32639
EFORSSU;17087,21567,21904,22197,28968,30742,30847,32357,32477,32568,32615,32635,32640
EFORSTU;13396,28129,32649
EFORSTW;
EFOSSTT;32645
EFOSTWW;17225
EFPRTUY;32450,32637
EFPSTUY;32451,32563
EFRRSSU;14149,17236,17242,17253,32640
EFRRSTU;7306,17242,17250,25626,32649
EFRRSUU;17182,17251,32611
EFRSSSU;17244,24867,30899,32624
EFRSTTU;
EFRSTUU;10720,21889,24036,32350,32453,32552,32611,32644
EFSSTTU;17227,17253,30881
EGGGIKN;32655
EGGGILN;21029,22198,32651,32654,32655
EGGGILR;16987,32654
EGGGILS;30900
EGGGINP;
EGGGINR;15801,16987,17255,17256,17259,30901,32654,32659
EGGGINV;17255,30901
EGGGLOR;
EGGGLOS;30900
EGGGLSU;
EGGGNOS;32659
EGGHILR;15803,30905,32666
EGGHILS;14154,32650,32677
EGGHINP;32668
EGGHIRT;15710,15803,30905,32358,32359,32666,32669
EGGHIRU;30906,32359
EGGHLOS;
EGGHORS;17274,28974
EGGHORY;14155
EGGHOST;17271,28974,32677
EGGHRSU;22202,30906
EGGIIJR;
EGGIILN;17280,17281,22206,28973,28975,30908,32361,32665,32681
EGGIILS;25630,32694
EGGIINS;14158,20689,28981,30914
EGGIINT;17281,17283,21571,22200,28973,30914,32666,32668,32674,32691
EGGIIPR;17277,28133,28980,32696,32701,32709
EGGIIPS;32701
EGGIIRW;15808,17256,28133,30903,32703
EGGIJLS;30916
EGGIJRS;17289,30916
EGGIKLN;
EGGILLN;24037,32710
EGGILMS;30900,30917,32717
EGGILNN;22206,24588,30908,32361,32664,32681
EGGILNR;
EGGILNS;22210,32710
EGGILNU;
EGGILNY;17258,23095,32361,32655
EGGILOR;17301,28984,32721
EGGILRS;28984,30916
EGGILRW;
EGGILST;14154,17303,32723
EGGILSU;4195,17302,30916,32714
EGGILSW;
EGGIMMN;25633,32728,32729
EGGIMNN;22206,30922,32696,32697,32715,32716
EGGIMNR;3413,7311,17304,17307,25633,32696,32728,32729,32732
EGGIMOS;13402,14163,14164,17267,17309,30900,30917,32678,32717
EGGIMRU;22211,30924,30925,32729,32731
EGGINNN;17295,28986
EGGINNR;32719
EGGINNS;10735,14165,17311,17314,22210,25635,30922,30928,32719,32730
EGGINNV;30908,32662,32681,32705
EGGINRS;20689,32318
EGGINRU;22211,32729
EGGINRV;30901,32745
EGGINRW;30903,32703
EGGINRY;
EGGINSS;21909,28982
EGGINTT;15820,17297,20690,32369,32671,32691,32704,32705
EGGINTW;
EGGIORS;15817,17301,17316,17322,30683,30902,32318,32659,32721,32722,32726,32736,32744,32749
EGGIOSU;4195,17302,17322,32678,32687,32749
EGGIPRR;32743
EGGIPRU;28980,28983,32743
EGGIPRY;
EGGIPSU;32714
EGGIRRS;17306,25630,30902
EGGIRRT;30210,30923,30931,32653,32737
EGGIRRU;
EGGIRST;25637,32689,32702,32709
EGGIRSW;17263,30927,32703
EGGIRTW;
EGGIRUV;32745
EGGIRWY;
EGGJLOR;
EGGJLOS;32751
EGGJLRU;32654
EGGJLSU;32750,32751
EGGJORS;
EGGLMSU;4204,32750
EGGLNOS;4203,15809,17298,17325,22210,25632,30919,32687,32710,32721,32722,32753
EGGLNSU;32750
EGGLOOS;14171,22213,28995,32753,32754
EGGLOOY;17324,17326,24870,25638,32753,32754
EGGLORS;17301,30936,32726
EGGLORT;7310,17326,21911
EGGLORV;
EGGLOST;32751
EGGLOSW;17325,21912,32726
EGGLPRU;32718
EGGLPSU;32714
EGGLRSU;
EGGLRTU;17299
EGGLSTU;32723,32751
EGGMRSU;22202,22211,30925
EGGNOOY;17324,17330,24870,25638
EGGNORS;14172,17331,32318,32722,32730
EGGNRRU;
EGGNRSU;7317,14169,14172,17331,22211,28142
EGGNRUY;32713
EGGNSTU;7317
EGGNTUY;
EGGOPRR;32743
EGGORRS;17322,32749
EGGORST;15832,25637,28974,30212,32749
EGGORSU;14172,17322,17331,17336,28994,32749
EGGORTY;15829,17326
EGGPRUY;17337
EGGRRSU;32749
EGGRSTU;7317
EGGSSTU;30935
EGHHHIT;
EGHHIMN;17341
EGHHIRS;32371,32760
EGHHIST;14177,17345,30939,32759,32760
EGHHOSW;
EGHHSSU;22214
EGHHSUW;
EGHIILL;
EGHIILN;14180,23100,28973,32665
EGHIINR;7318,7319,10749,17355,21578,23101,25639,32319,32782
EGHIINT;10750,17360,21030,21571,22200,22201,22217,22218,24872,25641,25642,28973,30942,32665,32668,32671,32798
EGHIINV;32662
EGHIKLO;32813
EGHIKNR;22981,25644,32768,32769
EGHIKRS;29013
EGHILLN;15837,17375,17376,32816
EGHILMN;15840,17378,17379,22220,22225,25662,25663,28997,30684,32374,32816,32825,32826
EGHILMP;10754,15836,24871,25662
EGHILNP;4211,17374,30955
EGHILNR;22226,25668,28840,32832
EGHILNS;25663,25670,32825,32829
EGHILNT;28973,32665
EGHILNV;
EGHILOU;10759,32813,32823
EGHILPT;10754,32838
EGHILRT;
EGHILSS;20692,28841,29015
EGHILST;30966,32376,32387,32759,32824
EGHILSU;14185,17377,17383,17389,17391,24042,25670,29016,30948,32383,32384,32650,32817,32847
EGHIMMN;4215,17368,25674,32816
EGHIMNS;4216,17369,22220,28997,29019,30217,30219,30971,32374,32678,32787,32825,32848
EGHIMNT;17379,17401,20693,22227,22228,30218,32668,32852
EGHIMPT;10754,22228,32668
EGHINNN;25676,32788,32789,32856
EGHINNT;22201,22218,22230,22231,24881,25642,25664,29012,29020,29021,30976,32390,32665,32671,32680,32783,32856,32857,32859
EGHINNU;10764,10774,17414,22231,23103,25650,25676,25678,25681,30970,32672,32680,32859
EGHINOS;4216,17369,24880,28150,29017,30217,30969,30971,32673,32830,32848,32866
EGHINPS;10776,17361,17421,32800,32860,32871
EGHINRR;21915,22233,25683,30689,30982,32857
EGHINRS;32782,32866
EGHINRT;30213,30984,32852
EGHINRW;16996,17386,24045
EGHINRY;10782,22226,24875,25695,27553,30984,32832,32870
EGHINST;
EGHINSW;17415,30949
EGHINSX;17432,32807
EGHINTT;25655,29024,32671
EGHINWW;
EGHIOOS;10758,17380,17398,22232,25684,25686,30966,30971,30978,32673,32822,32827,32829,32839,32842,32848,32865,32866,32867
EGHIOPS;25689,30979,32822,32830,32849,32868,32871,32881
EGHIORS;14189,17403,29013,30690,30985,32321,32809,32830,32866
EGHIORT;22238,24877,30986,32854
EGHIORU;17418,25694,25696,32679,32813,32869
EGHIOST;16998,17353,30966,32376,32677,32841
EGHIOSY;25698,29013,32855
EGHIOTT;29024
EGHIOTU;17418,21581,22227,25687,25694,29024,32680,32813,32859,32869
EGHIOTV;22238,30986,32854
EGHIRRT;4217,10780,14192,15850,29028,30982,32392,32852,32857
EGHIRSS;27554,32321,32803,32809,32874,32878,32880
EGHIRST;10785,21918
EGHIRSU;10052,22162,24879,30946,30948,32847
EGHIRSY;10782,17000,17436,21918,29013,32371,32780
EGHIRTT;17340,17440,25655,27783
EGHIRUV;25696
EGHISTW;10785,15805,17415,17430,20694,30941,30947,30949,30962,30968,32387,32811,32883
EGHISTY;29011,32387
EGHITWY;
EGHLLOU;32396
EGHLMPS;17444,17450
EGHLMPY;
EGHLNOR;15858,17385,17386,17453,22226,24885,25668,30993,32396,32832,32889
EGHLNPU;29030
EGHLNST;17445,17455,17457
EGHLNTY;10757,17394,17457,25521,30963
EGHLOOS;10758,17380,17459,17462,32822,32827,32829,32839,32887,32894
EGHLOOT;17446,28158,30967,32838
EGHLOSS;20692,28841,32833,32834,32845,32846,32891
EGHLPSU;17450,32839,32843,32847
EGHLTUY;14200,17470
EGHMMOS;17398,30969
EGHMNOU;22227,27557,29031
EGHMOSU;15806,32853,32855,32887
EGHNOOS;17455,17479,22232,22241,25684,25686,25706,30971,30978,32673,32829,32848,32865,32866,32867,32896,32897,32903,32904,32905
EGHNORS;7005,13420,14203,17479,17481,30999,32391,32858,32865,32866,32872,32876,32903,32904
EGHNORU;7006,17002,17418,21582,25691,25694,29031,32322,32396,32679,32869
EGHNOSU;14204,17485,32905
EGHNOTU;17418,25687,25694,29024,32680,32815,32859,32869
EGHNRSU;7334,17477
EGHOPRS;4229,4233,10743,10791,14189,17274,17459,17473,25707,32830,32849,32868,32881,32897,32903,32904,32908
EGHORRU;1312,17494,23096,27556,29026,29028,32762
EGHORTU;17418,17448,17494,17496,25694,32762,32813,32869
EGHOSTT;17463,17466,22243,32907
EGHOSUU;14206,17495,32763
EGHRSSU;4235,10795,10799,17469,17495,24886,31008,32880,32886
EGHRTUY;14200,17470
EGIIJKL;
EGIIJLS;
EGIIKLP;31014,32936
EGIIKLW;
EGIILLS;1313,15877,17505,17506,28164,29057,29062,30226,31016,32933,32949,32950,32951,32952,32954,32955,32957,32958
EGIILMT;10746,10807,15881,17351,17515,17520,17522,22221,22264,25727,29040,31011
EGIILNR;32947,32992
EGIILNS;17539,30226,31013,32949,32975,32976
EGIILNT;17522,17536,31030,32917,32918,32953,32978
EGIILNV;4239,32984
EGIILNX;10805,17525,17538,25743,32978,32987
EGIILPS;4243,17507,17554,31014,31036,32912,32967
EGIILRR;21038,23108,28847,29063,30909,31017,31022,31024,32916,32993
EGIILRS;4243,14229,15887,21583,30228,31014,31036,32370,32694,32912
EGIIMMS;17558,17559,17560,21588,28176,31039,31040,32910
EGIIMNN;10815,15888,17282,17503,17513,17515,17516,17517,17557,17561,22206,25648,25709,32399,32400,32696,32783,32919,32920,32938,33018,33019,33020,33021,33022
EGIIMNP;10747,17513,22262,32668,32962
EGIIMNR;25526,29044,31018,32947,32948,32960,33015,33020
EGIIMNT;15888,15891,17282,17515,17522,17561,25709,25727,29040,32668,33018,33022
EGIIMNV;9327,22272,31018,32698,32948,33020,33030,33031
EGIIMPR;17277,32912,32913
EGIIMPS;32912,32967
EGIIMRR;4246,17565,17570,25747,31017,33016
EGIIMSV;
EGIINNP;7342,14239,17513,17524,17525,17526,17576,24053,27567,29091,29092,32774,32792,33019,33038,33045
EGIINNR;32931,33020
EGIINNS;32399,32789,32919,33019,33038
EGIINNV;4247,14241,17285,17287,30912,32662,32705,32940,33020
EGIINOP;29073,32686,32962,32978,33038
EGIINPS;17361,22278,27567,30694,32800,33038
EGIINPZ;17362,17526,29105,31044,32801,32962,32990
EGIINRR;21591,27570,28978,29063,31022,31024,32916,32931
EGIINRT;32324
EGIINRV;15893,25714,30664,32940,33020,33031
EGIINRW;17256,22271,33028
EGIINRZ;10068,10817,14159,14237,25736,25757,29044,30913,30945,31044,31049,32692,32999,33015
EGIINSS;17015,17586,21909,30231,31062,32373,32770,32803,32949,33032
EGIINST;7346,24893,24899,24900,25724,32423,33080
EGIINSV;17599,33080
EGIINSW;
EGIINSZ;25738,29052,32990
EGIINTV;4247,17287,17569,17601,22272,32705,32969,33080
EGIINTX;17601,22217,28183,32978
EGIINVW;32984
EGIINWZ;32984
EGIIOPR;29111
EGIIPPS;32797,32943,32985,33067
EGIIPRR;29111,33050
EGIIPRW;28133,31057,32785,33028
EGIIPSS;24888,29008,30234,31032
EGIJKNR;
EGIJLLN;31068
EGIJLNR;
EGIJLNS;17607,33087
EGIJLNT;
EGIJNOS;17607,25713,33087,33091
EGIJNSS;17611
EGIJNST;17609,17612,21040,24048,31069,33085,33091
EGIJNTT;10830,33086,33091,33092
EGIKKLN;
EGIKLMU;
EGIKLNP;17620
EGIKLNR;14255,17018,22283
EGIKLNS;29057,32766
EGIKLNT;23105,31076
EGIKLNW;
EGIKLRS;17616,31014,33097
EGIKLRU;10617,21042,22283,32813,32934
EGIKLTU;31076,32813
EGIKMNP;2358
EGIKMNS;17369,17623,23102
EGIKNNN;31081
EGIKNNR;15895,17018,33102
EGIKNNT;7320,7349,17627,22218,25642,29012,31081
EGIKNOV;17618
EGIKNPP;10837,17620
EGIKNPR;15897,17628,22286,24887,25523,25769,32936,33107
EGIKNRU;17633,32934
EGIKNRV;
EGIKNRY;10835,22283
EGIKNST;17627,21034,25722,25723,32941,32944,33104,33105
EGIKNSW;30949,33104,33108
EGIKNSY;17621
EGIKNUY;22283
EGIKOOR;29115,31078,33100,33106
EGILLMN;10843,15899,17639,25771,27572,32816,32948,33111,33112
EGILLNO;4256,15898,17643,17644,17645,21041,21045,22289,24068,25771,33111,33123,33127,33129
EGILLNP;17374,25726,25771,33111,33112
EGILLNS;28164,29057,30226,31084,32712,32933,32955
EGILLNT;15905,28190,29065,30700,33121,33123
EGILLNW;24903
EGILLNY;25660,27572,27573,29065,29066,32956,33123,33129,33133
EGILLOR;4260,15907,17006,17643,17644,21045,21603,24068,33123
EGILLOS;4254,10848,10850,17294,17506,22290,25661,25772,27531,31092,31094,31095,32822,32824,33114,33134,33135
EGILLRR;7354,15908,29063,30697
EGILLRS;25765,32712,32773,32933,32954,32955,33130,33132
EGILLST;22290,31085,32824,33114
EGILLSU;17377,17637,17660,22290,25661,25772,31085,32712,32714,32819,33114
EGILMMN;17666,17667,22168,22291,31096,32816
EGILMMR;31017,32683
EGILMMY;
EGILMNR;31018,31102,32683,32911,32948,33146
EGILMNS;25663,31013,32374,32825,32961,33147
EGILMNT;25727,29040,31096,32428,33141,33150
EGILMNU;20696,21319,22154,22168,22296,25727,32816
EGILMNW;21930,29128
EGILMNY;21046,25663,27572,29069,32825,32826,32963,33150
EGILMOR;10852,17617,17672,22259,31102,33146
EGILMOS;4254,17024,17380,17678,22260,25729,32825,32827,32961,32965,32966,33147,33151
EGILMOU;17685,29126
EGILMPS;15924,17668,17678,32961,33147,33151
EGILMST;4266,4267,17687,17688,22299,30953,31085,33114
EGILNNS;22210,30235,30918,31109,33095
EGILNOP;4272,10858,10859,10860,17374,17531,17670,17709,22267,25662,25665,25771,25775,25776,25777,25785,25789,30955,31075,31106,31114,31119,32686,32710,32716,32961,32962,32978,33146,33167,33168,33169,33173,33174,33175,33177,33178,33179,33180
EGILNOS;30238,31119,31123,31124,32825,32829,32961,32977,33147,33169,33178,33179
EGILNOT;29042,29118,30238,30702,31076,31123,32430,32953,32978,33121,33123,33127,33129,33175,33178,33180,33190
EGILNPP;17620,22262,31125,33142,33191
EGILNPR;22293,25778,25785,25789,28134,31125,32718,33146,33174,33175
EGILNPS;
EGILNPT;25776,25783,32978,32987,33121,33141,33175,33176,33180
EGILNPX;17525,17538,17699,25777,31125,32978,32987
EGILNPY;14259,14268,22165,29069,31128,33150,33180
EGILNRS;20698
EGILNRT;25668,32434,33121,33175
EGILNRY;22226,22304,31109,32956,32963,33001,33124
EGILNSS;
EGILNST;33198
EGILNSU;4280,17377,17389,17637,30704,32990,33095,33191
EGILNSW;
EGILNSZ;25738,27790,31029,31117,31123,31124,32990,33003
EGILNTT;3941,10872,14279,14284,17379,17394,17552,25796,28190,30241,33127,33190
EGILNTU;4278,4286,14043,17300,17553,17709,22307,30702,31076,32434,32723,32917,32918,32998,32999,33002,33141,33175,33180,33185,33190,33191,33198
EGILNTW;
EGILNUY;10868,14271,22300,24071,27573,29072,29130,32404,32917,33129,33133,33180
EGILNVY;15939,17702,17732,31030,32693,32956,33000,33001
EGILOOS;7373,8419,9338,10758,10848,15940,17380,17555,22309,24078,25729,28171,28193,28205,29017,29060,29135,29136,30706,30966,31031,31092,31135,31136,32429,32435,32822,32829,32841,32842,32965,32966,32976,32977,33006,33007,33134,33169,33213,33214
EGILOPS;31075,31092,31093,31114,31119,32710,32726,32822,32830,32839,32843,32961,33135,33147,33151,33169,33173,33178,33179,33202
EGILORS;28984,31140,32726,33097,33215,33216
EGILOSS;20692,21586,24080,28841,29145,32366,32965,33152,33202
EGILOST;30238,30706,30966,31031,31123,32376,32430,32435,32824,32842,33007,33178
EGILOSU;33216,33218
EGILPPR;387,2372,31125
EGILPRU;25789,32718,33175,33207,33210,33219
EGILPST;17748,29150
EGILPSY;4213,10761,17678,17748,33208,33211
EGILRRU;
EGILRSS;21444,28211,32727
EGILRST;
EGILRSU;4280,7374,17389,17749,20698,22295
EGILRSY;21551,22298,22304,22309,31109,32371,32963,33136,33137,33194,33208,33216
EGILRTT;25796,31037,32434,33217
EGILRTY;
EGILRUV;17025
EGILRZZ;
EGILSSS;
EGILSST;17687,17755
EGILSSW;
EGILSTU;10078,14298,17676,17688,31085,31104,32723,33002,33198
EGILSTW;32387
EGILSTZ;31029,31123,33003,33013
EGILTTW;29001
EGIMMRR;10880,31017,33016
EGIMMRS;4292,17397,17760,17763
EGIMMRU;32729
EGIMMSU;33222
EGIMMTU;32729,33141,33223
EGIMNNN;32938,32959,33019
EGIMNNO;21606,23116,24082,25803,29078,29079,29151,31147,31148,32919,33021,33022,33099,33221,33226,33227,33228,33229,33230
EGIMNNR;22313,30243,30708,30970,31149,32696,32960,33020,33099,33227
EGIMNNS;22314,25805,32399,32919,32920,32938,33019,33021,33221,33222,33226,33228,33229,33230
EGIMNNW;17503,17773,33099
EGIMNOR;7311,10079,10852,14304,17023,17672,22259,23117,25633,31102,31154,32728,33015,33026,33027,33028,33099,33146
EGIMNOS;17024,17369,17756,30217,30244,30969,30971,31147,32848,33221,33226
EGIMNOT;7378,17561,22227,22272,25803,25804,30218,31145,31148,31153,32728,33018,33022,33026,33030,33236
EGIMNOU;7378,14301,17765,21606,22227,29126,29151,32731,33027
EGIMNOV;17618,22272,32698
EGIMNOW;25808,29128,31154,33028,33099
EGIMNPR;29124,29152,31154,32437,33146
EGIMNPT;22228,29083,32668,33026,33141,33223
EGIMNQU;15953
EGIMNRS;
EGIMNRT;22315,32728,32729,32852,33235,33236
EGIMNRU;32729,32731,32852,33023
EGIMNSS;33029,33032,33037,33145
EGIMNST;22318
EGIMNSU;29153
EGIMNSW;7380,29128
EGIMORR;21607,24914,32732,33146,33227,33245
EGIMORS;31160,33245
EGIMOSS;7382,17776,31155,32965,33029,33032,33145,33152
EGIMOST;4300,17309,17796,32814,33114
EGIMPSU;14308
EGIMPSY;17678,33147,33247
EGIMRSW;7380
EGIMSST;29085,32756,33037
EGINNNP;17804,33019,33038
EGINNNR;10889,15973,17690,17692,17802,17804,32856
EGINNNY;6033,32789
EGINNOO;10734,21599,32715
EGINNOP;31106,32716,32735,33045,33156
EGINNOR;14316,17802,28829,28856,28859,29131,29159,31070,33088,33089
EGINNOV;17803,23110,23125,31106,32968,32969,32970,33159
EGINNPR;4140,17311,17410,17690,17818,17820,17821,17824,25678,28860,29132,32861,32862
EGINNPU;17820,25678,25783,25829,32676,33041,33051,33142,33156,33223
EGINNRR;6648,14316,17807,17823,17824,28978,30098,30209,32440,32857,33227,33252
EGINNRS;32862
EGINNRT;17692
EGINNRU;17528,17765,17820,17835,22212,24919,25678,25818,25826,30970,32413,32441,32731,32934,32960,33089
EGINNRV;
EGINNRY;25828,25832,25834,29134,32413,32862,32971,33089,33161,33255,33260
EGINNSS;3946,15978,17615,22320,25531,25821,30247,31150,31165,33231,33248,33253
EGINNST;33085,33104,33105,33228,33258
EGINNSU;25767,33085
EGINNSW;25680,33104
EGINNSY;17608,31109,31179,32789,32862,33230,33260
EGINNTT;2379,17583,22285,22319,25753,25813,29092,31081,31148,31151,32671,32705,32783,33045,33086,33102,33233
EGINNTV;4247,17287,17803,23125,25814,32705,32969
EGINNVY;17702
EGINOOR;7389,17837,32429,32865,33106,33167,33265
EGINOOS;14326,17298,17756,17774,25684,25838,29017,29135,32429,32829,32848,32977,33167,33169,33265
EGINOPP;21612,31168,31183
EGINOPR;17315,22286,32325,32437,32444,32864,33146,33175
EGINOPS;10860,32710,33284
EGINORR;25683,25786,25839,32325,32440,32448,32857,32916,33064,33088,33146,33182,33227
EGINORS;
EGINORT;7020,14047,14167,14327,14330,15931,17027,21592,30257,30259,31153,32324,32447,32448,32728,33026,33121,33123,33236
EGINORV;17840,17850,22333,32708,32745,33066,33182
EGINORZ;22277,31197,33015,33066
EGINOSU;17842,17849,17854,24009,25534,25852,33091,33299
EGINOSW;33104
EGINOSY;21593,24093,24945,31122,31124,33087,33105,33188
EGINOSZ;22277,31123,31124,31199,32742,33066
EGINOTT;14279,22285,22319,22324,25813,25849,29024,31148,33092,33127,33190
EGINOTV;15991,17535,17803,22272,32969
EGINOTZ;4307,17536,31123,33022,33190
EGINPPP;17817,33300
EGINPPR;21612,25653,25759,28219,31125,31156
EGINPPS;31168,31201,32860
EGINPRS;
EGINPRU;17648,24062,28860,28980,28983,33041
EGINPRV;32864,32870,33173,33177,33283
EGINPRY;31056,32416
EGINPSS;23127,25861,30099,33251,33284,33304,33305
EGINPSU;17421,17632,25861,30694,31201,32451,32800,32990,33191,33300
EGINPSW;14340,17425,29171,32799,32868,33130,33131
EGINPSY;25527,32416,32451
EGINPTT;29092,30942,31209
EGINPYY;32871,33179
EGINQUU;32992,33052
EGINRRS;
EGINRRW;16996,17824,17855,22330,24937,25820,31184,31191
EGINRSS;20699,32327,32401,32770,32924
EGINRST;32328
EGINRSU;7395,17710,17842,17849,17867,17869,17874,20698,20699,22335
EGINRSV;
EGINRSW;
EGINRSY;31056,31109,32416,32422,32963
EGINRSZ;15957,17878,32742
EGINRTT;25655
EGINRTU;3449,4320,32729,32852
EGINRTV;
EGINRTY;21596,24953,25695,25832,30259,30984,33236,33255,33298
EGINRVV;17850,33270
EGINRVY;22333,23749,29174,30984,32693,32870,32956,33000,33001,33090,33283
EGINSSS;6035,17270,17308,29153,33242,33284
EGINSST;28040
EGINSSW;
EGINSSX;31155,31180,31198,31207
EGINSSY;28243,31122,31179,31198,32724,32806,33032,33188
EGINSTT;32423
EGINSTU;21040,21053,22156,22307,22318,22329,32328,32451,32807,33002,33091,33191,33196,33238,33258,33300
EGINSTV;25658,25671
EGINSTW;33104
EGINSTX;17432,17854,33196,33297
EGINSTZ;31123
EGINSVX;31180
EGINSWY;17731,31127,33110
EGINSZZ;17878
EGINTTV;25855,25864,32705
EGINTTW;
EGINTTX;7398,10915,16005,25753,31209
EGIOOPR;7328,17315,17795,22286,25675,29152,32444,32864,33244,33265
EGIOORS;7389,15940,17301,17774,17795,22274,22309,25684,25806,25836,25838,25840,31160,32429,32865,33100,33106,33235,33244,33245,33265,33267
EGIOOSS;17737,21322,29145,30920,31136,32366,32965,33004,33152,33202,33206,33213
EGIOOST;7373,17740,17796,30966,31031,32842,33007
EGIOPPS;31168,32853,33314
EGIOPRS;4287,10886,17795,32726,32881,33244
EGIOPRU;33027,33210
EGIORRS;17322,17742,21446,21616,22337,29027,30902,31139,31140,32406,32749,33097,33245
EGIORRU;17322,17797,17842,22337,32425,32745,33088,33182,33245
EGIORRV;24936,25853,32745,33182
EGIORST;10918
EGIORTU;25745,32813,33217
EGIORTV;30986,32854
EGIORTZ;14311
EGIORUV;22333,25696,25826,25853,32441,32745,33182,33289
EGIOSST;16998,17434,25656,29100,29183,33082,33084
EGIOSTT;25801,31161,32435,33007,33009
EGIOSTV;4312,17796,24944
EGIOTUV;
EGIPPRR;15855
EGIPPRS;33314
EGIPPSU;17421,17632,31201,32860,33191,33258,33300,33314
EGIPPSY;
EGIPRRS;10841,30715,30989,32967
EGIPRUU;
EGIPSSY;14191,25698
EGIRRRU;25700,29026
EGIRRST;1326,4323,9349,14350
EGIRRSU;22337,24950,25747,25852,25858,27413,27581,29027,30946,31204,32749,33053,33070,33073,33245,33286,33301,33302
EGIRRSV;4323,17750,17843,17872,33074
EGIRRTT;4324,30931
EGIRSST;29055,30271,32709,32946
EGIRSSU;10911,17753,17792,17869,17874,20699,22317,22335,25794,25859,29114,29165,30925,32327,32727,33162,33225,33239,33301,33309
EGIRSTU;17880
EGIRSTV;
EGIRSUZ;17754,22281,28140
EGIRSZZ;17264,17878
EGIRTTU;15823,33217
EGISSSU;17874,31132,31224
EGISTTU;15972,17345,17431,17438,17598,17688,22307,22310,22318,30934
EGISUWY;
EGJLNSU;17607,32750
EGJLSTU;32751
EGJOSTT;33091
EGKLORW;
EGKMSSU;25866
EGKNOSY;33105
EGLLORS;29186,31227,31231,33316,33317,33319
EGLLOSY;14356,29120,31226,31228,33087,33134,33318
EGLLRSU;14357,17892,17893,23750,29186,31227,32712,33319
EGLLRUY;10619,32713
EGLLSTU;17893,31085,33114
EGLLSUY;17893
EGLMMRU;33321
EGLMNOO;17670,17896,22209,22225,22291,22292,22339,25775,28993,32715,33144
EGLMNOR;2387,10103,10852,17023,17672,22259,22292,30717,31102,31234,33146,33324
EGLMOOR;22340,33324
EGLMSSU;28252,29015,31097
EGLNNSU;10928,22301,27583,29016,29189,31233,31238,33095,33328
EGLNOOV;17896,25788,31116,32977
EGLNOOY;7407,17324,24870,25638,25870,27585,31228,32829,33332,33333
EGLNOPS;10860,17884,17889,17906,30991,31075,31114,32456,32710,32830,32961,33147,33168,33169,33173,33178,33179,33331
EGLNORS;9352,10620,17890,17906,24957,27584,31240
EGLNORU;9353,16036,16038,21448,27586,32455
EGLNOST;29118,32430,33178
EGLNOSU;32456,33322,33331,33333
EGLNOSY;17906,22304,27805,31124,31228,31241,32753,32825,32829,33087,33147,33169,33178,33318,33331
EGLNOUV;33182
EGLNOUY;27586,31241,33129,33180,33181,33188,33331,33333
EGLNOXY;17645
EGLNOYZ;14281,31124,32826,33325
EGLNPRU;17648,22293,25778,25789,32455,32718,33175
EGLNPSU;17698,31107,32456,32990,33095,33191,33331
EGLNRSU;30704
EGLNRTU;16036,17051,32434,32455,32998,32999,33175,33185
EGLNSSU;10930,17908,17910,31242,32890
EGLNSTU;22307,24804,31104,31238,31239,31242,31244,32723,33002,33191,33196,33198
EGLNSUU;21936,27583,29189,33148
EGLOORS;9354,10934,14171,15940,17301,17459,17462,17912,22342,24096,27584,28984,28995,29135,30994,31245,32429,33316
EGLOOSY;10933,17900,25802,25870,29194,31228,31229,32753,32829,32894,33169,33318,33331
EGLOPRS;32726,32830,33173
EGLOPSS;16026,16032,17915,33008,33135,33202,33206,33337
EGLOPTU;17272,17709,33180
EGLORRW;33335
EGLORSS;14198,24097,33334
EGLORSU;28994,31227,33215
EGLORSV;32844,33005,33215,33216,33326
EGLORSW;17899,21912,32726
EGLOSSS;17468
EGLOSST;14359,14361,17049,17891,17908,24097,29191,30278,31242,33327,33334,33337
EGLOSUV;17467,33215,33216
EGLPRSU;32847
EGLPRUY;
EGLRSTU;
EGLRSUU;17918,29189
EGLRSUY;17470,17893
EGLRSYY;
EGLRTTU;25796,32434,33185,33217
EGLRUZZ;
EGLSSTU;17469,17908,31242,32723,32836,33002,33219
EGLSTTU;4339,17688,22307,22310,31238,31244,33163,33189
EGLSTUU;20700,32436,32751
EGLSUZZ;
EGMMORT;17471,32728
EGMMOSU;33222,33321
EGMMRRU;
EGMMRSU;33321
EGMMRTU;17921,32729
EGMNNOS;25805,29078,29196,30275,31147,31233,31251,32919,33021,33221,33222,33226,33228,33229,33230,33340
EGMNNOT;25803,25804,29151,31098,31145,31148,31250,33018,33021,33022,33228
EGMNNOW;16048,22339,33099
EGMNOOS;7413,7414,10936,17756,17774,17927,22312,25706,30971,31147,31152,31252,31253,32897,33221,33228,33230,33235
EGMNORS;31249,31252,31253,33338
EGMNORU;17765,17920,24098,29031,29126,32731,33027,33324
EGMNORY;17672,21949,33338
EGMNOST;
EGMNOSU;21945,31233,31251,31254
EGMNOSY;33318,33338
EGMNOYZ;32826,33325
EGMNSTU;21950,22318,31104,31251,33238
EGMNSUU;33148
EGMOORR;21607,29197,32732,33227
EGMOOSS;16025,32965,33145,33152,33327
EGMORST;4337,4356,17926,17929,17937,29032,31258
EGMORSU;4338,4360,7409,7416,21055,28994,33245,33319
EGMORTU;17448,17902
EGNNOOS;28256,30286,31259,33340
EGNNORT;
EGNNOSU;10928,17331,17940,25871,31233,31259,31260,33328,33340
EGNNPTU;25783,25829,33051,33223,33258
EGNNRSU;27809,29189,30281,30289,31260,32902,33328,33342
EGNNRUY;10941,17835,17941,23130,25834,29134,32413,33089,33161,33255
EGNNSYY;
EGNNTUU;32397,33052
EGNOOPS;14326,14370,17884,17942,22241,29202,31114,32905,33168,33169,33331
EGNOORS;22274,25684,25706,25806,25838,25840,30291,31253,32429,32865,33100,33106,33235,33317
EGNOORY;10944,17330,17943,21611,27585,31002,33090,33329
EGNOOST;10939,17455,17942,17944,33345,33346
EGNOOSY;22241,25870,31228,32829,32905,33169,33230,33318,33331,33332
EGNOOTU;17944,24960,25687,25841,29192,31239
EGNOOYZ;33325
EGNOPRS;17055,17473,17481,31264
EGNOPRY;17480,17482,29208,33329
EGNOPSS;7316,15985,16032,17416,17483,17776,17805,17942,23127,24961,30292,33029,33251,33284
EGNOPSW;16065,17889,29171,29202,32456,32868
EGNORRW;22330,24937,25820,29199,31184,31191
EGNORSS;4230,7418,16034,17898,30283,30291
EGNORST;
EGNORSU;17331,17842,17849,33250
EGNORSV;16069,17843,17848,17850,17890,30293,32876,33066,33348
EGNORSY;17945
EGNORUY;22333,22343,23130,27586,29208,33089,33181,33255,33298
EGNOSSY;24961,30292,31198,31266,31267,33032,33292,33350
EGNOSTU;10901,10923,14376,17854,17944,22329,24960,31239,31242,31244,33091,33299,33346
EGNOSXY;17485,33297
EGNPRSU;33344
EGNPSSU;4358,25859,25861,30294,33239,33301,33304,33347
EGNPSUX;
EGNRRTU;4342,7419,13499,16051,22334,31214,32852
EGNRSTU;21053,24964,30289,30666,32328
EGNRSUY;7395,10945,25834
EGNRSYY;29209
EGNRTTU;10946,24964,31006,31268
EGNSUVY;
EGOOPRS;9359,10124,14379,16080,17459,17795,17951,22344,28867,33244
EGOOPSY;10933,22241,29194,31229,32894,33169,33208,33331
EGOORRV;
EGOORSV;33005,33326
EGOORSY;21953
EGOORTU;22244,25841,32762
EGOORTV;22244,32906,33270,33345
EGOOSST;17942,22338,29211,32457,33327,33354
EGOOSSY;25874,33152,33332,33353
EGOOSTU;17740,17944,24960,30997,31239,33346
EGOPPST;22344
EGOPRRS;4233,10791,16080,16083,17923,17936,17937,17951,17955,25843,28867,31264,32908,33272,33275,33276,33330
EGOPRRU;17957
EGORRSS;7415,14347,17742,17841,25850,28991
EGORRST;
EGORRSU;17322,17797,17842,17930,33245
EGORRSW;17956,21616
EGORRTU;7419,17494,17957,32762
EGORRUY;17917
EGORSSS;33315
EGORSST;31258,33327
EGORSSU;14381,17495
EGORSTV;33345,33348
EGORSUV;33348
EGORTUW;17851,33296
EGOSSTU;22338,29183,31242
EGOSSTY;17800,17946,31266,33084,33334,33337,33350
EGOSSYZ;33084,33139,33341,33353
EGOSTTU;24965,31244,31268,31274,33346
EGOSTYZ;32909,33084
EGPPRSY;
EGPRRSU;17962,28248,30715,31276
EGPRSSU;3975,14381,17337,17962,25859,30294,32880,33239,33246,33301,33347,33352
EGPRSTY;17748,17865,17955,29182,33247,33280
EGPRSUU;33355
EGRRSSU;32755,33301
EGRRSUY;7421
EGRSSTU;4235,4364,10953,17469
EGRSSUY;10945,17337,22346,33309,33350
EGRSTTU;7336,10126,10946,14208,17005,17476,17497,21954,22245,24964,24965,31268,31274
EGRSTUZ;
EGRTTUY;33298
EGSSSTU;4237,10953,17948,17949,31275,33354
EHHIIMS;33358
EHHIKSS;29213
EHHILLS;7423,17966,25881
EHHINNS;17342
EHHIPRS;17059,17975,30297
EHHIPSS;10956,10959,25535,29222,33373,33377
EHHIPSY;10957,31284,33366,33382
EHHIRST;6661,17059,17975,17979,22347,32760,33359,33360,33374
EHHIRSU;10958,23133,33360
EHHIRTT;17340,17979,31291
EHHIRTW;14386,17977,29218,32757,33368
EHHISSW;
EHHISWY;33370
EHHNPSY;13518,16104,31293
EHHOOSS;33402
EHHORTT;7427,17994,31301,31303
EHHRSSU;23137
EHHSSSU;6662,17995,33384,33386,33405
EHIIIKT;
EHIIKLP;33415,33416
EHIIKLS;22357,25899,31304,33415,33416
EHIIKNR;31304,32768,32769
EHIILLR;16107,32773,33419,33423,33424,33425
EHIILNP;27415,27592,29240,31308,32775,33410
EHIILTT;1337,10986,22358,25894,29001,33435,33437
EHIIMSS;18015,29237,32459,33417,33418,33428
EHIINNS;17359,31320,32772,32774,32789
EHIINRS;7318,9372,10749,10995,17355,18020,18021,23101,25639,25931,25932,25935,25937,28278,29259,29260,32782
EHIINRT;3482,14410,17063,18018,24119,25919
EHIINRW;29260
EHIINRZ;7319,25909,30945
EHIINSS;21958,25935,32770,32803
EHIIPPR;18020,31318,32797,33450,33462,33463
EHIIPPS;16109,18009,18020,29255,32797,33450
EHIIPRT;17366,17367,21620,22361,29261,32380,32466,32775,32791,33426,33437,33452,33462,33463,33466
EHIIPTT;30942,33437
EHIIRSS;9375,18000,18016,21623,21958,25918,25935,29237,29259,31306,31316,31325,32462,32770,32803,32809,32810,33413,33417,33418,33423,33443,33446,33452,33460,33463
EHIIRST;20704,21960,22362,30303,31306,31325,33423,33452,33463,33464
EHIIRTW;17997
EHIISSS;17061,21061,29267,33418,33438,33447,33448
EHIISST;25656,25917,31306,31325,32810,33423,33463
EHIISTW;25899,30725
EHIJNNO;
EHIKKRS;
EHIKKSS;18028
EHIKLRU;20955,32813
EHIKLTU;32813
EHIKLTY;25898,29011
EHIKMNT;24123,31277
EHIKMSV;
EHIKNOS;16113,17369,23157,24988,25960
EHIKNRS;7434,8441,18031,18038,22993,31304,33476
EHIKNRT;32768,32769
EHIKNRU;
EHIKNSS;24616,25961,32373,32770,32812
EHIKNSU;25961,32469
EHIKOOR;18040,29269,29270
EHIKOOS;29270,33473,33479
EHIKOST;32471,32814,33480
EHIKPRS;11006,17371,24991,25964,30305,30306,33415,33476
EHIKRRS;4391,11007,18035,22365
EHIKRSS;18031,18038,18039,29237,31306,33418
EHIKRSU;25539,25964,25965
EHIKRSW;29270,31305
EHIKRSY;17064,25966,29013,33476,33478
EHIKSSS;18033,25540,25962,31328,31329,33418
EHIKSSU;25539,25540,25961
EHIKSTW;25899,30949
EHIKSWY;
EHILLMN;32816,33419,33484
EHILLNO;28281,29272
EHILLNS;
EHILLOO;11014,25903,29236,29238
EHILLOS;2420,11016,14422,17966,18042,18045,18046,18049,25661,25881,25967,29271,29273,29274,32472,32824,33420,33421,33487
EHILLRS;18051,32773,33425,33486
EHILLRT;31333
EHILLRU;8445,14421
EHILLTY;
EHILMMO;
EHILMPW;
EHILMSU;25969,31343,32473,32650,33409,33493,33498
EHILMTT;17379,22358
EHILMUW;
EHILNOP;27592,33474
EHILNOT;7445,13537,18078,29214
EHILNPS;7446,30311,30313,33508
EHILNSS;6665,14423,16129,18031,18032,18083,22370,33493,33508,33509
EHILNTY;16119,17394,18078,25521,27820,31344
EHILOOR;11041,18085,23163,25986,31357,31358,32821,33510,33511
EHILOOS;17380,18070,32827,32829,32839,33361,33364,33488
EHILOPT;21961,32838
EHILOSS;10628,11047,18027,28841,32332,33485,33496
EHILOST;8450,16133,17353,18008,21065,31309,31364,32376,32824
EHILPRS;30305,33415
EHILPRT;6046,25541,25542,33437
EHILPSS;25957,25984,30731,32473,33518,33521
EHILRRW;
EHILRSS;25957,32333,33370,33486
EHILRST;11004,11024,17996,18065,29281,30315,31310
EHILRSU;22373,28286,33430
EHILRSV;32844,33505
EHILRTU;4214,10630,10762,25541,29279,29284,31355,32813
EHILRTW;17997,31283,31352,31355,33368
EHILSSS;10156,16139,18076,18083,28283,33486
EHILSST;23152,25913,25985,29242,32461
EHILSSU;17391,18027,29015,30737,31350,32473,32834,33485,33501,33504
EHILSTT;27823,33369
EHILSTV;18060,18099,25671,31343,32779,32824,32844,33357
EHILSTW;16117,18053,30725,30962,32387
EHILSZZ;
EHILTTU;11040
EHILTTW;22358
EHILTWY;31371
EHIMMRS;16144,17397,18101,21968,30316,31312,32782,33528
EHIMMSY;25012,33525
EHIMNOS;4216,11057,17369,18108,32848,33525,33543
EHIMNPS;29249,33444,33445,33447,33538,33541,33543
EHIMNRS;32782,33529
EHIMNRU;29252,30970,31335,31374
EHIMNSU;22174,30219,33532
EHIMNTY;16119,33534
EHIMORS;17403,33529
EHIMORT;17382,18061,30310,31340,32854,33362,33426
EHIMORZ;28297
EHIMOST;18125,33527,33554
EHIMPPX;
EHIMPRU;22376,29252,30321,33526,33548
EHIMPRW;32785
EHIMPSU;29250,32473,33553
EHIMRST;11024,16962,18065,18101,33556
EHIMRSU;7461,10990,18101,24879,30108,30316,33528,33559
EHIMRTT;10991,14406
EHIMRTY;11083,16123,25924,31340,32854,33534
EHIMSST;29287,29297,33472,33475,33531
EHIMSSU;14451,17406,22174,24135,25547,25993,26002,29015,30322,31372,31378,32473,33485,33553
EHIMSTU;4414,4415,18101,25021,31343,33409,33528,33559
EHIMSTY;11085,18125,25020,26010,33363,33451,33495,33549
EHIMSWY;
EHIMTYZ;
EHINNNS;4218,26018,32788,32789,33560
EHINNRT;14425,18139,18140,22231,29021
EHINNSS;33530
EHINNSW;17415,25680,31395
EHINNSY;32789,33561
EHINOPR;7464,30739,31308,31390,31396,32864,32870
EHINOPS;30739,31390,32871,33444,33445,33538,33543
EHINOPX;7463,18003,21070,23156,33445,33577
EHINORR;6051,18109,18110,18143,23161,25683,25691,25997,26025,26028,29300,29307,33505,33567
EHINORS;18072,18143,32830,32866,33505,33529,33566
EHINOST;25960,26018,31288,33560
EHINOSU;21626,25931,26033,29278,33501,33504,33568
EHINPPS;4416,10776,16109,17409,17420,18020,18071,18142,25932,25934,32797,32860
EHINPSS;4419,18036,18037,22369,24622,25025,30328,31289,33373,33444,33447,33481,33538
EHINRSS;27554,29260,32770,32803,32878,33413,33460,33486
EHINRST;28313,33545,33591,33592
EHINRSV;29311,30327,32866,33505
EHINRSW;29260,29311
EHINRTV;11108,17429,18119,18140,30984
EHINRTW;33583
EHINRTZ;28309,30945,31393,32796,33575
EHINSSS;22378,22997,24625,25031,26040,27602,29291,29312,30940,31287,31328,31377,32334,33447,33448,33486,33509,33538
EHINSST;31410,31411,31412,31413,33546,33547,33592,33594
EHINSTW;30941,30949,30962,31414,33589
EHINSTZ;16179,31400,31413,31415,33580
EHINSUV;14464,18157,18158
EHINTUW;28314,29215,31355,33583,33586,33589
EHIOOPW;
EHIOORT;11090,14473,14474,18085,18167,25685,26003,31357,33511,33534
EHIOOST;22232,25686,30978,33560
EHIOPPR;29282,29293,33604
EHIOPRS;31390,31396,33566
EHIOPSS;14478,17076,31398,33382
EHIOPST;18125,29263,29325,33382,33527,33554
EHIORRS;3499,17403,18109,18143,22365,29300,29307,31417,32476,33505,33551,33595,33603
EHIORRT;3500,18090,18167,33516,33604,33607
EHIORSS;17978,32809,33600
EHIORST;20704,22362
EHIORSU;7469,24122,24146,25931,26012,26033,29317,33600,33609
EHIORSW;29270,29311,30690,30985,32479
EHIORSY;11078,14437,18177,27605,29013,33582,33587
EHIORTT;33435,33516,33607
EHIORTU;32813,32869
EHIORTV;22238,30986,32854
EHIOSST;14067,16998,17434,29287,33472
EHIOSTT;18179,25942,31288,31309,31364,31430,33369,33515
EHIOSTY;18125,18177,25942,29325,31362,33363,33366,33369,33495,33513,33515,33549,33582,33587,33606
EHIPPRS;30306,32797,33450,33462,33464,33497
EHIPPRW;
EHIPPST;
EHIPPTW;32798
EHIPRSS;22371,32878,33465,33481,33518,33521
EHIPRST;32466,33462,33591
EHIPRSU;11122,11125,16185,33465,33609,33611
EHIPRSW;14462,14483,17425,18155,31323,32799
EHIPSTT;4400,7454,26053,26057,32486,32881,32884,32885,33597
EHIPSZZ;33613
EHIRRRU;5592,25700,29026
EHIRRSS;21629,22175,22379,22381,26062,28878,29265,29307,32485,32487,33518,33558,33581,33605,33611
EHIRRSU;10634,11127,18171,23167,26062,30946,32476,33468,33556,33611
EHIRRSV;33505
EHIRRTV;2465,18149,22238
EHIRRTW;32802
EHIRSSS;7466,10635,11132,16139,17077,17427,18038,18116,18130,18162,26062,29267,29329,30741,30990,31435,32335,33383,33385,33418,33460,33486,33608
EHIRSSV;32803,32809,32882
EHIRSSW;27604,32874
EHIRSTT;22176
EHIRSTU;22176,23133,23169,25965,26022,33468,33528,33559
EHIRSTV;14069,17429,18099,18119,30303,31325,31370
EHIRSTW;
EHIRSTZ;2468,11117,16186,18065,18178,33376
EHIRSVY;18099,30738,33425,33436
EHIRTTW;33378
EHIRWZZ;
EHISSSU;17406,21061,25540,25547,26062,32335,33385
EHISSSW;31395,33448
EHISSTT;31410,31411,31412,33546,33547,33593,33594
EHISSTU;31410
EHISTTW;
EHISTWY;32387
EHISUZZ;33613
EHISWZZ;22383
EHJOPSS;
EHJORSS;
EHKLNOR;31437
EHKLNOS;2475,11141,23173
EHKLOOT;
EHKLPST;4389
EHKMOOS;23176,33617
EHKMOSY;11143
EHKNORS;14494
EHKNOSY;23157
EHKNRSU;
EHKNSSU;22384,25961
EHKNSUY;18186,25051,32469
EHKOORS;20965,21976,26069,29270,33479,33617
EHKOOSY;24124,33473
EHKORSS;7476,16196,16199,17078,18191,31443,33615,33618,33619,33620
EHKORSW;18187,18193,29270,31439
EHKORSY;11143,29013,33478
EHKOSSS;31328
EHKRSSU;33620
EHKRSTU;33360
EHLLNSU;17377,21632,22224,29223,32817,32819
EHLLOOS;18198,18199,21079,26071,32489,33387,33623,33624
EHLLORS;21836,22349,29271,32489
EHLLOSU;11016,21632,29223,33487
EHLLRSU;7279,11152,22385,31445,33626
EHLMMOW;
EHLMMSU;31445
EHLMMUW;
EHLMNOT;26063,33627
EHLMNOY;11149,18057,31453,31454,32826,33474,33627
EHLMNSU;11154,25549,25969,33493
EHLMOOS;17380,18207,25889,32827,32887,33361,33488
EHLMOPS;7440,10203,11156,18056,24127,25905,30344,33361,33490
EHLMSSU;29015,33485,33493
EHLMSTY;18205,18209,30342,33363,33389,33492,33495
EHLNOPS;4433,4437,18198,18214,18215,25053,28327,29335,30991,33632,33633,33634
EHLNORT;14500,18203,18219,24885,25056,30347,30993,31454,33628
EHLNPSY;29335,30346,31293,31461,33632,33633,33634
EHLNRTU;29279,31355,33503,33628
EHLNTTY;17394,18078,18084,18218
EHLNTYY;
EHLOOPT;25055,32838,33631
EHLOOSS;31460,33623,33625,33637,33640
EHLOOSY;32829,32894,33632,33634
EHLOPPR;15736,24157,29282,33390,33629,33641
EHLOPPS;14432,18071,25987,28288,32894,33364,33513,33632
EHLOPSX;14435,17465,29283,31346,31361,33634
EHLOPSY;4437,17464,17465,17984,21982,25058,26081,31294,31362,31461,32894,33366,33421,33478,33513,33515,33632,33634,33648
EHLORST;29281
EHLORSW;11046,28331,30298,31439,31457,31458,31466,32479
EHLORTW;29218,29284,29342,31283,33368,33646
EHLORTY;32895,33646
EHLOSSS;29285,29345,33506
EHLOSST;22389,31438,32497,33616,33625,33640
EHLOSSU;18027,18226,29225,29334,30336,31350,31451,32834,32846,32890,32891,33485,33487,33501,33507,33625,33636,33638,33640,33643,33647,33651
EHLOSSV;17084,20872,21965,22364,22368,31460,32491
EHLOSTT;21065,30996,31309,31364,31465,32842,33369,33387,33494,33515
EHLOSTW;1344,6680,13597,14506,17060
EHLOSTY;11177,17464,17984,18209,18221,33363,33366,33369,33495,33513,33515
EHLOTXY;
EHLPPSS;31365
EHLPPSY;16135,18009,18230,32894,33497,33513,33632
EHLPRSU;17450,18230
EHLPSSU;18226,29350,32496,33518,33521
EHLRRSU;30669,32476
EHLRSSU;11178,23137,23786,24634,25062,29350,32891,33636
EHLRSTU;18229,30353
EHLRSUY;17470,18230,18232,33626
EHLSSSU;17468,18212,29345
EHLSSTT;
EHLSSTU;33625,33640
EHLSTTU;4447,17080
EHMMRSU;7426,10220,30316,31445
EHMNNOO;31469,33396
EHMNOOR;8488,10222,11181,16238,22240,25997,26082,31473,33534,33662
EHMNOPS;18056,18108,29335,33397,33444,33445,33538,33541,33543
EHMNOST;28333,31475,31476,31477
EHMNOSW;18240
EHMNPSU;18234,31478,33532
EHMNPTY;11188,33627,33661
EHMNTTU;14513,18206
EHMOOSS;18239,32492,33665
EHMOOST;17986,18251
EHMOOSW;18240,31472,31482
EHMOOSX;18207,21984,33536,33666
EHMOOSZ;
EHMOPRW;
EHMORSS;17087,29356,32492,32493,33665
EHMORST;
EHMORTU;9417,11194,17448,31468,33628
EHMORTY;7489,11193,11197,15869,16249,18244,23183,26086,29359,30364,32854,32900,33395,33534,33661,33667
EHMOSWY;
EHMOTXY;
EHMPRSU;11192,17450,29358,30360,33614,33617
EHMPRTU;31468,33526
EHMRRSY;4456,18258,33673
EHMRRTU;11194,32852
EHMRSSU;4459,10230,14518,17087,26090,31489,33398,33665
EHMRSUU;18246,21081,22202,31486,33630,33658
EHMRTUV;
EHMSSSU;21981,25066,25547,32901
EHMSSUU;18259,26002
EHNNOOR;
EHNNOPR;18137,31391,32481,33676
EHNNOPY;33676
EHNNRSU;13072,17413,18236,22392,29363,32861
EHNNSTU;9422,14455,22392,26022
EHNNSUW;
EHNOORR;16238,25683,25927,25997,26026,26094,31496,32495,33567,33687
EHNOORS;20607,27599,29034,29301,29369,29370,32500,32865,32866,32903,32904,33479,33566,33678,33682,33684
EHNOPRS;4229,5594,17473,18072,18264,25979,26024,26033,26097,27600,28327,30162,30357,30739,31475,31499,32830,32903,33479,33566,33678,33683,33693
EHNOPRY;14393,14504,16256,17480,25980,26035,26099,29228,29336,29354,31500,32870,33571,33572,33575,33661,33676
EHNOPSU;11204,18267,21626,26033,26097,31499,32905,33568,33693
EHNOPSY;22241,31003,32871,32905,33543,33632,33634
EHNOPUY;18270,26001,31509,32905
EHNOPXY;31500
EHNORRS;18109,26066,27608,29307,30999,33505
EHNORRT;4450,11207,18243,26094,30358,33687
EHNORRY;6078,17480,31503
EHNORSS;20795
EHNORST;3521,14203,14494,33695
EHNORSU;11204,23185,25931,25982,26033,31499
EHNORSW;22394,29035,29311,29372,33695
EHNORSY;31477,33587,33639,33653,33695
EHNOSST;4463,7494,11209,14512,14519,18245,23188,33691
EHNOSSU;22395,23188,29364,31350,31378,31398,31505,32890,33501,33691
EHNOSTT;4009,4463,24162,26096,26102,31288,31474,31506,31507,31508,33692
EHNOSTY;26098,29313,31477,33587,33588,33695
EHNOSUU;26072,33542,33568
EHNOTUY;18270,32859,33628
EHNPRSY;4466,16262,25937,30371,33476,33591
EHNRSTU;33545
EHNRTWY;17977,18244,33676,33689,33695
EHNSSSU;22395,30223
EHNSSSY;22378,26040
EHOOOPS;22351,26092,29365,32903,33391,33397,33566,33678,33679,33697
EHOOPRS;6080,17459,17983,18264,18277,24166,25707,26024,26048,32489,32903,32904,33479,33566,33595,33617,33678,33683,33684,33697
EHOOPRW;29037,29379
EHOOPTY;
EHOORST;28974,29369,29376,30994,32499,32500,32907,33682
EHOORSV;14529,32866,33680
EHOORTV;22244,33646
EHOOSST;6687,17992,33616,33625,33637,33640,33691
EHOOSSW;33619,33620
EHOPPRS;28352,29358,30337,31499,33678,33683,33697
EHOPPRT;11219,18276,30374,33401,33571,33604,33685,33698,33702
EHOPPRW;31525
EHOPPSS;17993,31296,33407,33671
EHOPRRY;29323,29379,31525,33404,33572,33604,33607,33641
EHOPRST;31475,31483,32908
EHOPRSU;26033,26097,29358,33609,33614,33617
EHOPRSW;32908
EHOPRSY;6689,21982,33656
EHOPRTU;14532,29304,31468,32869,33526
EHOPRTY;17349,25077,29230,29323,31301,32765,32895,33571,33572,33575,33604,33607,33676
EHOPRUY;11223
EHOPSSS;11224,14478,17076,18289,18290,18291,31527,31529,31530,33405,33707,33709,33711,33712
EHOPSST;23179
EHOPSTY;4469,10794,11225,17464,17984,18125,18209,18221,18292,24167,25058,25085,29263,29325,31294,31362,32909,33366,33495,33513,33515
EHORRSS;7066,7484,14534,16260,16276,16278,17978,18169,21629,21972,22381,28878,29307,30751,31298,31425,31487,31502,31510,32487,33581,33605,33610,33619,33713
EHORRST;18274,33650,33714
EHORRTW;18295,29342,30300,33670
EHORSST;25052,31443
EHORSSU;14527,17087,17495,29380,32477,32880,33600,33609,33620,33665,33699
EHORSSV;13618,16278,16280,16282,17084,18175,18296,30743,31403,32809,32882,33610
EHORSSW;21990,27604,27847,29372,29375,29380,30363,31427,31443,31466,31489,32493,32874,33584,33615,33619,33620,33694,33713
EHORSTT;26109,32907,33705,33714
EHORSTU;33714
EHORSTW;7499,14528,18256,22394,32907,33695
EHORSTX;22362,29376,32501,33587
EHORSWY;33695
EHORTUY;33628
EHOSSST;11224,16250,17992,18128,18289,18290,18291,18294,31527,31530,33383,33663,33690,33707,33711
EHOSSSU;17995,18212,21989,22395,28357,29345,33405,33712
EHOSSTT;4463,7494,11209
EHOSTTT;18176,18179,18255,18282,26109,33692
EHOTTTW;
EHPRSSU;4424,16185,18298,22371,26097,31433,31531,32880,33465,33518,33609,33611,33647,33699,33708
EHPRSSY;4470,18224,18299,31531,32878,33612,33711
EHPRSYZ;
EHPRTTU;
EHPRTUW;
EHQRSSU;25062,33600
EHRRSSU;18298,32485,33518,33581,33611
EHRRSTU;20972,25086,31512
EHRRTTU;
EHRSSTY;18232,18285,18299,31491,33375,33389,33398,33470,33558,33612,33626
EHRSTTU;11228,17476,25965,26109,33528,33559
EHRSTTW;1352,32907
EHRSTUW;16267,21088,22394,33586
EHRSTUY;17470,18232,26016,31389,31492,33398,33559,33612,33626,33673
EHRTTTY;16232
EHSSSTU;4237,7487,26070,28359
EIIILRV;
EIIILST;4475,14540,17996,18310,18312,18317,18318,18320,18321,22401,22402,22405,24168,24172,24173,24812,25091,26110,26122,26124,28888,29386,29394,29395,29397,29401,30753,31010,32336,32910,32914,33408,33409,33411,33716,33722,33725,33726,33727
EIIINPR;18322,23192,24014,26114,26139,29405,29406,32911
EIIJMMS;
EIIJMPR;
EIIJSTV;18336
EIIKKLN;18340,28367
EIIKKNR;18340
EIIKLLP;18342,33760
EIIKLLS;4155,6695,21095,25096,28275,28893,29057
EIIKLMR;21993,33763
EIIKLMS;26151,31013
EIIKLNR;18340,31543
EIIKLNT;23105
EIIKLPS;24186,33416
EIIKLPT;24185,24186,26154,26156,31546
EIIKLRS;31547,31548
EIIKLSS;18345,32935,33755,33767
EIIKLST;23205,24186,25899,31546
EIIKLTT;
EIIKLVY;
EIIKMRR;33763
EIIKNNT;22218,25642,32518
EIIKNPR;24188,24887,33751
EIIKNPS;18303,23206,26159,31015,32936,32943,33416,33719,33774
EIIKNRS;21033,21994,22398,23206,25102,25718,32943,33778
EIIKNRZ;16296
EIIKNSS;31544,32373,32770,33755,33759,33767,33778
EIIKNST;31551,33776
EIIKNTW;
EIIKPRS;18000,23206,26159
EIIKPSS;18000
EIIKRRS;25102,31552,32944
EIIKRSS;18000,29237,32770,33417,33418,33757,33767,33778
EIIKRSV;18348,33767
EIIKSTT;18341,25724,26115,26160,29391,31551,31552,32945,33775,33776
EIILLMM;33782
EIILLMN;7073,26116,27621,33783,33785
EIILLMR;22414,25108,26117,28370,33720,33789
EIILLMS;26165,32771,33780,33790
EIILLMT;32950,33720,33783,33788,33789,33790
EIILLNV;4239,7512,15879,21645,31559,33784,33785
EIILLPS;17507,18369,18370,22219,26168,29062,29433,30759,33420,33421,33760,33790,33804,33806
EIILLRS;22413,25109,31016,31558,32773,32955,33425,33806
EIILLRT;11262,14557,16300,16301,18306,18362,18363,18368,18371,18372,18373,18376,26169,29432,32523,33720,33761,33789,33797
EIILLSS;1353,17092,18364,22170,22416,27622,31560,32521,32949
EIILLST;33790
EIILLSW;32958
EIILLTT;16300,18368,18371,18376,22258
EIILLTV;25107,29432
EIILMNV;31018,32948,33785
EIILMPR;22414,32911,32913
EIILMPS;21097,22421,22422,25111,25905,26119,28884,29438,29442,32507,33427,33428
EIILMPT;4488,24652,25113,29423,31307
EIILMRR;26175,31017,33763
EIILMRS;21996,23009,32963,33813
EIILMRT;10979,17351,17520,18311,18386,22221,22264,22426,26179,33720
EIILMSS;18400,21036,32965,33428,33820
EIILMST;18312,18404,33409,33787
EIILMSU;11274,11275,11277,18001,18404,26151,26165,30763,30764,33409,33780,33790,33825
EIILMSV;7526,18312,18402,18403,18404,21841,33813,33824
EIILMUX;33780,33825
EIILNNS;21650,22002,22429,29243,29422,32527,32528,33724,33764,33765,33829
EIILNOR;11281,14563,23193,23207,26183,31308,32529
EIILNOS;18002,18406,32527,32975,33429,33829
EIILNOT;7283,17097,17536,22415,32953,32978
EIILNOV;7512,11281,14572,21645,32969,32970,32980,32984,33785,33830
EIILNOZ;17536,32688,32962,32970,32984,33817
EIILNPS;7529,14570,18406,18414,18428,29438,30759,33819,33831,33836
EIILNPZ;17526,32962
EIILNRR;21895,23108,25115,28065,28847,29063,30909,31022,31023,31024,31571,31576,32529,32916,32993,33797,33832
EIILNRS;24654,25116,25117,25566,26187,32522,33819
EIILNRT;24198,26169,26189,29449,31564,31576
EIILNSS;21328,22002,22404,22429,29395,29451,31533,31544,31560,31579,31580,31581,32337,32528,32935,32973,33840,33841
EIILNST;22405,22420,29395,29452,32336,32337,32461,32528,33408,33411,33836
EIILNTT;414,7536,17101,17552,18433,18435,18436,25118
EIILNTU;1358,7284,17097,18362,22405,22415,25727,26169,26185,29452,29453,31564,32917,32918,32953,32996,32998,32999,33002
EIILOPR;3533,17531,18006,18007,31308
EIILORR;10652,18365,18418,21038,25562,26148,26175,31022,31586,32529,32916,33763,33797,33832
EIILORS;11287,11288,18344,18365,22179,26155,26193,32520
EIILORV;11281,18419,31586,32980,33005,33727,33728
EIILOST;14231,14566,17353,18008,18447,22401,22417,23205,25119,25567,25746,27624,29077,29241,29440,31031,31309,32376,32526,33007,33722,33805,33824
EIILPPR;11294
EIILPPS;13078,14568,14588,18009,18400,30385
EIILPST;2518,6096,9465,10269,10653,10982,11298,18369,20975,24186,25912,30301,33411,33836
EIILQSU;26151,26193,29444,29459,31547,32694,32991,33430,33724,33829,33842
EIILRST;33716
EIILRSV;22413,33005,33767,33813,33839
EIILRSX;4482
EIILSSV;18364,26195,29246,31560,31581,32462,32531,32973,32995,33767,33833,33841,33852,33854,33855
EIILSTT;14595,18320,18447,25091,33007,33009
EIILSTU;7517,10985,11247,11275,11292,18001,18378,18404,22359,22405,25567,25746,26166,26185,33409,33790,33836,33842
EIILSTW;7547,14595,22420,22440,25899,27626,33768,33769
EIILSZZ;29460,32535
EIILTUY;7540,22426,32407,32917
EIILTUZ;7518,32918
EIILTXY;11264,25743,26171
EIIMMRS;11304,17559,18471,21996,31312,31534,31535,33863,33871,33872
EIIMMSS;17558,18380,18471,31039,31534,31563,31604
EIIMMST;11265,17559,17560,18323,31040,32910,33731,33872
EIIMMSX;33872
EIIMNNS;4502,16323,17106,18475,18478,24656,25124,26200,32399,32511,32537,32919,32920,32938,33019,33021,33874,33876
EIIMNPR;11309,14604,18322,18468,18482,27851,29251,29252,29405,29406,31611
EIIMNRT;18350,18386,18468,21997,25130,25919,26207,31564,31603,31618
EIIMNRV;18490,25130,26207,31018,32948,33020,33030,33031
EIIMNST;22406,22420,29254,33886
EIIMNTV;25130,26207,29407,31607
EIIMNTY;14610,18392,18394,18486,29473,33808,33816,33817
EIIMOSS;32513,32541,32965
EIIMPRS;3539,18327,33450,33740,33741
EIIMPRW;32785,33028
EIIMPST;2526,11317,18327,29470,31628,33735,33740,33741,33887
EIIMPTY;33451,33788,33892
EIIMRSS;25918,29046,29086,29237,33417,33418,33443,33453,33871,33909
EIIMRST;29476,33740,33741,33871,33894,33904,33909
EIIMSSS;21654,22442,25135,31612,33024,33418,33447,33448,33771
EIIMSST;17567,32513,32541,33742
EIIMSSV;18500,26133,27615,33742
EIIMSSZ;22428,31625
EIIMSTT;26217,26222,33358
EIIMSTX;4504,30765
EIINNNP;33791
EIINNNS;18503,31631,32789,32921,32938,33042,33043,33773
EIINNOS;18381,18408,21650,29488,32919
EIINNPS;17524,18303,18513,24053,25092,25731,27567,32774
EIINNQU;11324,22444,25719,29483,31047,32923,33052
EIINNRT;31636,33455,33926
EIINNST;4492,7552,14627,18410,18478,18503,33455,33876
EIINNSW;
EIINNTV;22003,26145,32503,32705,32969,33830
EIINNTW;31636
EIINOPR;14408,29251,29499,31308,33793
EIINOPS;14083,14409,14570,17111,18002,18414,18416,28908,29073,29256,29257,32543,33429,33444,33445,33457
EIINORR;7553,21591,25755,27570,29098,31022,32916
EIINORS;17062,18479
EIINORZ;25757,33015,33936
EIINOSS;17111,17586,18304,32543
EIINOST;17587,18019,18480,23198,24893,25147,25652,25758,26111,26113,26138,26160,33776,33886
EIINOSZ;14544
EIINPPR;
EIINPRS;7529,18428,23206,25937
EIINPST;22278,25150,25151,25912,31630,33411,33735,33836
EIINPTT;2530,14638,18535,22278,28427,29092,30942,31606,33941
EIINQRU;11324,18482,32992
EIINQSU;
EIINQTU;14084,18528,18539
EIINQUZ;17540
EIINRTT;7556,14579,17063,17101,18433,18435,18436,18535,18541,18546,25655,33063,33072,33936,33949
EIINRTV;14635,14640,18421,18436,26189,26207
EIINRTW;28434,31617,31636,33926,33936,33949
EIINSSS;18470,21109,22442,24224,26163,26249,28437,30671,31578,31638,31646,31650,32338,32339,33447,33448,33461,33747,33773,33834,33840,33939
EIINSST;33841,33862
EIINSSZ;33943
EIINSTT;18019,23147,25724,25940,26115,26138,26160,29391,33776
EIINSTU;18525,22405,31539,32515,32807,33836
EIINSTV;26112,33080,33836
EIINSTW;22420,33884,33932
EIINSUZ;18393,22281,32990
EIINTUV;6100,17601,18533,18539,26145,26207,29407,33056
EIINTUZ;18527,22408,32918
EIIOPTT;18548,28444
EIIORRV;24212,31586,32538,33064,33896
EIIORST;18338,23224,23227,31626,32549,32550,33960
EIIORSV;14645,21477,24230,32809,33005
EIIORTZ;14585,33728,33750,33936
EIIOSTZ;25147,25167,25657,26250,33886
EIIPPPR;
EIIPPRR;4506,8518,24982
EIIPPRT;11294,11334,18548,18554,25148,25944,26139,26209,30392,30781,33463
EIIPPRZ;16331
EIIPPST;11350,16339,18549,18554,30392,33952
EIIPPSY;18009,33451,33806
EIIPRRS;31322
EIIPRRT;18557,18558,22361,25134,33050,33750
EIIPRRV;18556,18558,32538,33896
EIIPRSS;18000,33465,33802,33955
EIIPRST;30392
EIIPRSV;4512,16342,28456,31036,31627
EIIPRSW;31322,31323,32549
EIIPRWZ;
EIIPSTT;18369,22278,28366
EIIPTTT;18557
EIIPTTU;14638,18499,28427
EIIRRTZ;8521,18558,23200,30771,31594,33750
EIIRSSS;21657,22447,22451,26263,29113,29267,31567,31595,31596,31623,31670,32994,33418,33723,33757,33772,33828,33864,33963
EIIRSSV;14645,16342,18497,18500,23829,24236,25762,26252,28186,28430,28456,28460,29108,31062,31678,32462,32803,32809,32995,33767,33898
EIIRSTV;33716
EIIRSTW;29491,32549,32695,33768,33926
EIIRSVZ;18498,33066,33414
EIIRSWZ;14659,31660
EIIRTTW;13653,18571,28434,31617,31636,31684,33936,33949
EIISSSS;21660,29415,29514,31663,32532,33939
EIISSTV;26133,26180,33742,33743,33841,33854,33855
EIISSTX;18547,22009,25166,26216,26258,31682
EIISSTZ;7544,26265,30730,31066,31599,32810,32946,33003,33471,33968
EIISTTT;18377,18447,26217,31542,31601
EIISTUV;18378,18404,18459,26222,29518,32551,33836,33854,33855,33962
EIISTZZ;18566,25953,33013,33886
EIISVZZ;
EIJKKSU;
EIJKLRY;
EIJKNPR;31687,33751
EIJKNRS;
EIJKNRU;
EIJKNST;
EIJKNSU;
EIJKOST;
EIJLLNY;31688
EIJLLOR;
EIJLLOS;33087,33973
EIJLLST;
EIJLORT;25175
EIJLORW;
EIJLRST;
EIJLSTU;11247
EIJMPRU;
EIJMPST;
EIJNNOS;26144,26268,33754,33976
EIJNORS;18574,25713,26268,33976
EIJNORT;17610,18578
EIJNORY;31070,33089,33090
EIJNOST;6105,21094,21112,24183,26144,27619,28466,33975
EIJNPRU;28983
EIJNPSU;
EIJNRRU;32931,33088
EIJNRSU;18574,21662,30397
EIJNSTY;
EIJNTTW;
EIJOPST;
EIJORTT;
EIJRSTT;17120,22282,25177,26270,31542
EIJRTTU;
EIJRTTY;
EIJSSTU;18577,31541,33978
EIJSSUV;
EIJSTTU;22282,33091
EIKKLNR;18340
EIKKLNS;26272
EIKKLSY;
EIKKMNR;
EIKKNRS;
EIKKOOR;
EIKKRSS;31691,31693,33757,33972
EIKKRSY;
EIKKRUY;
EIKLLNW;33761
EIKLLOS;18344,18580,23232,29523,31695,33762
EIKLLOW;33758
EIKLLRS;17616,18582,25765,29524
EIKLLST;25182
EIKLMMN;18585
EIKLMNN;
EIKLMNR;
EIKLMRS;16360,17121,18582,22017,22453,31696
EIKLNNS;7562,17619,26277,29422,29523,30235,31074,31699,33095,33764,33765,33981,33982
EIKLNNU;7562,31694,31699,32932,32934,33095
EIKLNOS;20717,21117,29523,33755,33766,33981
EIKLNPR;
EIKLNRS;
EIKLNRT;10292,10834,24824
EIKLNRU;22283,29421,32934
EIKLNRW;
EIKLNSS;33755,33759
EIKLNST;20717,20718,22455,29527,33981
EIKLNSU;7561,7562,14668,20718,22455,29527,31074,31699,33095,33982,33984
EIKLNSV;2541,14256,30380,30405,31695,33767
EIKLNSW;
EIKLNSY;26283,29527,32469,32553,33476
EIKLNTT;
EIKLNTU;20718,22455,29527,31076,31694,33984
EIKLNTW;
EIKLOOP;
EIKLOPT;24185,26154
EIKLOPU;16361,25183
EIKLORY;33478
EIKLOTY;23233
EIKLPRY;4521,33478
EIKLPST;18584,24186,26156
EIKLPSU;33095
EIKLPSY;17621,33476,33478
EIKLRST;33360,33762
EIKLRSU;10295,18582,22017,26155,29524,31547,31696,33982
EIKLRTT;22454
EIKLSSS;
EIKLSSU;31080,31699
EIKLSTT;
EIKLSXY;
EIKMMRR;
EIKMMRS;17121,18585,31696,33098
EIKMNNS;17623,32938
EIKMNOR;31703,33099
EIKMNRS;22398
EIKMNSS;18034,26290,32470,33771,33985,33986
EIKMNST;
EIKMNSW;16368
EIKMORS;7564,22453,22456,31691
EIKMOSS;14671,31691,32470,33986
EIKMOSY;23234
EIKMPST;
EIKMPSU;29529
EIKMRRS;7564,11007,11372,16369,18035
EIKMRRU;
EIKMRSS;4520,6719,14671,29237,33418,33974,33986
EIKMRST;22456,25188,31704,33987
EIKMRSU;18582,22017,29529,31696,33098
EIKMSST;30406,33475
EIKMSSU;
EIKMSSY;
EIKMSTU;
EIKNNOR;32940
EIKNNOS;17623,20719,21043,22284,29523
EIKNNPS;17625,18303,26159,30407,33095,33719,33774,33988
EIKNNRS;11369,18598,26293,30407,33982
EIKNOOR;20652,29269,33993
EIKNOOS;18589,29522,33093,33992
EIKNOPS;17628,26295,29522,31075,33479,33719,33988
EIKNORV;
EIKNORW;31703,33993
EIKNOSS;20719,21117,26280,26296,26297,33755,33759,33985,33986
EIKNOSV;31695
EIKNPRR;33107
EIKNPRS;23206,26159,26161,26295,30407,32943,33479,33774,33988
EIKNPRU;7351,28468
EIKNPST;33988
EIKNPSU;17625,17632,33095
EIKNPSY;17621,33476
EIKNRSS;15745,17372,18601,32770,33778,33986
EIKNRST;
EIKNRSW;24249,27640,28915,33108,33996,33999
EIKNRTT;4523
EIKNSSU;18601,25961,31699,33778,33984
EIKNSTT;7437,24990,26115,29391,31551,33776
EIKNTTY;33999
EIKNTUZ;
EIKOORR;18040,33993
EIKOORS;
EIKOOST;
EIKOPPR;
EIKOPPS;14669
EIKOPRR;18600,22365,24240,29534,33107
EIKOPRS;11368,17628,25198,29534
EIKOPST;
EIKORRS;7564,22287,22365,29532,29534,33097,33108
EIKORST;31693,33762
EIKORSY;29013,33478,33998
EIKOSST;25956,26280,26286,26287,26296,31693,32556,34000,34001
EIKPPRS;14672,24991,29529,30306
EIKPPST;
EIKPRSS;22019,22458,25957,25963,26288,31710,33481,33482,33974,34000
EIKPRSY;33476,33478
EIKPSSS;11376,33991,33992
EIKPSTU;25200,25964
EIKRRSS;33983
EIKRRST;4391,18035,32944
EIKRSSS;16378,18351,25195,25578,26298,33418,33757,33772,34003
EIKRSST;
EIKRSSV;33767,33997,34001
EIKRSTT;10304,11379,25188,25965,31552
EIKRSTU;18598,18602,33360
EIKSSTT;25189
EIKSSTW;18605,23841,28476
EIKSSTY;32555
EIKSTUY;29527
EILLLOS;22459,23236,24252,25201,29271,33779,34006
EILLMNU;1375,2542,32343,32816,33112,33484
EILLMOS;4254,7571,13668,14678,18611,25772,27859,33779
EILLMOT;4532,31717,33783,33788
EILLMOU;14678,26275
EILLMRS;18582,18611,18613,22462,32558,34012,34015
EILLMSS;25880,29536,33485
EILLMST;18361,18620,32771
EILLMSU;14678,18582,25772,26165,33780,34013
EILLMTU;18621,18623,22171,23237,31715,32343
EILLNNP;18626,25726,26118,33119
EILLNOS;7574,14681,14683,21666,28916,29426,29523,31695,31725,31727,31731,31733,32560,34017,34020
EILLNSS;22464,29525,29536,29543,32521,32561,33759,33794,34017
EILLNST;
EILLNUV;31086,31559,31732
EILLOPS;16388,17966,18046,22024,27642,29273,31093,31095,31727,31737,32472,32710,32822,33420,33421,33804,34006,34020,34032,34033
EILLORS;18344,18365,18611,18640,32520
EILLORU;17643,18641,21115,26275,31732,32344,34034
EILLORW;21668,26309,29272,29545
EILLORZ;15907,31333,31728
EILLOST;1380,15578,18049,22024,22290,22467,25881,26305,31737,32824,33420,34006
EILLOSV;7574,11261,17506,18046,25967,32824
EILLOSW;11398,13097,14422,22028,22288,26309,29119
EILLPPR;31723,33120,33806
EILLPRS;25205,30409,31087,31093,31334,31727,33130,33806,34020,34032,34033
EILLPSS;21667
EILLPSU;14691,17660,18607,26168,26308,29433,31726,31737,32557,32563,32714,34013,34020,34026,34032
EILLQTU;
EILLRRT;4548,14686,18371,18372,34028,34029,34034
EILLRSS;29541,32521,33136,33486,34008
EILLRST;33132,34015
EILLRSW;15579,21482,28479,29545,33130
EILLRTT;4027,4548,4550,16300,16398,18368,18371,18376,31091
EILLSST;30411,30802,31749
EILLSSU;14091,18648,18651,21669,22416,22464,27622,30413,31743,31745,31749,32561,33485,33487,34013,34035
EILLSTT;34014
EILLSTU;17128,25202,25209,26166,30173,31737,31751,32563,34035
EILLSTW;
EILLSWY;29543,31741,31746,31750,32560,33110
EILMMNO;18655,22291,26310,34039
EILMMRS;21996,26311,34041
EILMMRU;14699,16404,18660,31757
EILMNOO;8538,17670,22209,22225,22291,22292,25214,25775,26313,26314,26318,33144,33489,33783,34039,34048
EILMNOS;21123,22260,34053
EILMNOT;4532,28920
EILMNPS;31719,31752,31767,33492
EILMNRS;33819
EILMNSS;33491
EILMNSU;34038
EILMNSY;17134,18392,18588,21123,25663,29536,32553,32963,33492,34055
EILMOOS;17380,18659,21673,25729,28193,30917,32827,32965,32966
EILMOOV;26327
EILMOPR;22367,22472,31337,33362,33489,34061
EILMORR;17136,18671,18689,26175,31339,32567,33763
EILMORS;23240,26334,26335,27644,32520,32558,34012
EILMORT;21124,22475,25779,32558,32567,33362,34056,34061
EILMOSS;16421,18398,18399,18690,18699,31341,31753,31782,32568,32965,33152,33485,33496,33814,33820,33821,33823,34042,34053
EILMOST;22401
EILMPPS;18400,18690,18701,31767,33497
EILMPPU;33142
EILMPRS;31767,33497
EILMPRU;29548,34061
EILMPRY;18360,18618,18682,31784,31785,34041,34059,34060
EILMPSS;22421,29553,32507,33820,33821,34042
EILMPST;33492
EILMPSU;21097,22422,26332,32557,34062
EILMPSW;
EILMPSX;33812,34062
EILMPSY;17678,18617,31772,31775,34057,34060
EILMPTY;29552,31784,31785,33150,33492,33495,33788,34051
EILMRRU;31756
EILMRRY;7116,32567,34059
EILMRSS;
EILMRST;32558,34056
EILMRSU;17683,18582,30763,33786
EILMRSV;4572,11433,18402,18403,18696,33813,34060
EILMRSY;22462,32963,33497
EILMRTY;4535,4564,7589,7595,11389,16123,18615,18676,18682,22426,31340,31779,31784,31785,32567
EILMRVY;18618,31779,31784,34060
EILMSSS;7120,9511,11421,11442,18708,21487,22478,34043
EILMSST;1390,6125,7443,11026,11435,17967,18699
EILMSSU;14097,28897,29015,30764,31097,31698,32656,33485
EILMSSY;4567,31775,33152,34042,34057
EILMSTT;22480,34046
EILMSTZ;11276,14569,18065,18713
EILMSZZ;
EILMUUV;11444
EILNNOR;14700,28505,28856,29131
EILNNPU;25783,26345,29132,32676,32718,33142,33156
EILNNRY;7367,7602,17123,17702,17703,18627,26345,28925,29134,31109,31344,32971,33161
EILNNSS;22002,22031,22429,25224,28507,29422,30174,31725,31791,32528,33765
EILNNST;2577,4492,9514,11279,18412,18665,18724,32528,33764
EILNNSU;7562,17143,28509,29016,33724,33829,33982,34038,34067
EILNNSW;33982
EILNNSY;22429,22482,31109,34016
EILNOOP;10858,17670,25775,26303,26313,26314,32559,34039
EILNOOR;4581,18731,21677,22292,23113,24261,25786,25787,33167,33170,33489,34018,34074,34075
EILNOOS;17298,18070,18589,32574,32829,32976,34067
EILNOOV;14736,25788,33170,34066
EILNOPP;30427,31798,34078
EILNOPR;22267,33146,33177,33489,33793,34087
EILNOPS;28514,28515,31075,31119,32710,33179
EILNOPT;32978
EILNORR;6736,18672,21491,23023,23161,25786,29540,31022,32529,32916,33146,33182
EILNORS;
EILNORT;26320,28505,31809,33123
EILNOSS;31725,32574,34053
EILNOST;20717
EILNOSU;18574,33829,34067
EILNOTU;4585,5606,17097,18746,23090,30702,30810,31076,31790,33190
EILNOTV;4589,14736,18745,31809
EILNOTW;29214
EILNOVV;
EILNPPS;2580,4276,11469,16438,16453,26187,29568,31767,32985,33191
EILNPRS;26187
EILNPRU;4538,6130,7611,17126,17648,18626,18747,22293,25778,32718
EILNPSS;
EILNPST;25912,33411,33492,33836,34095
EILNPSU;22485,25230,26168,26355,28519,29568,32990,33191,33836,34026,34080,34095
EILNPTY;29449,29552,31128,31793,31816,33150,33492,33837,34097
EILNPUV;18752
EILNRST;
EILNRSV;33505,33767,33813,33839
EILNRTY;26320,26360,33832,34027,34097
EILNRVY;17702,17732,25235,28525,32693,32956,33000,33001,34027
EILNSSS;14753,16475,16476,17068,18083,22370,26361,27872,28526,30433,30434,31794,31795,32572,32574,33486,33509
EILNSST;32337,32461,32528,33841
EILNSSU;26188,29451,30811,32316,32561,33509
EILNSSV;4284,11465,11482,17727,18083,18364,18576,18756,22404,32973,32995,33159,33767,33833
EILNSSW;7591,32561
EILNSSY;4567,4597,18004,18632,18757,18762,18764,26365,26368,29536,29543,31122,32724,33188,33194,33491,33838,34055,34098,34102
EILNSTU;30432,30816,33191,33196,33198,33836,34095
EILNSTV;25671,32779,33836,33839
EILNSTW;22420,30816,33431
EILNSTY;9522,10350,17134,18588,23243,25238,29527,30421,33198
EILNSUV;33836,33839
EILNSUX;4605,34077
EILNSUY;22482,22489,24019,25246,29527,31819,32469,32553,34092,34102
EILNSVY;26344,30405
EILNVXY;33432
EILOOPR;18085,23163,25970,31357,32580,33489,33511,34104,34105,34108
EILOORS;15940,16480,16481,17301,22185,22309,28835,28932,28984,29135,31135,34104
EILOORT;4581,14102,17153,18085,18689,18731,21124,24267,25779,26378,29544,31357,32580,33511,34018,34028,34029,34105,34108
EILOORW;34108
EILOOSS;16421,16480,17737,18589,21673,22473,29145,30920,31115,31135,31136,31797,32965,32976,33004,33152,33165,33202,33206,33213,34104
EILOOST;17740,27543,30706,31031,32435,33007
EILOOSW;22469,27650,29571,32564
EILOOTZ;11042,22471,29441,30967
EILOPPR;24258,28530,29282,34059,34078
EILOPPS;14432,14669,16482,18690,33364
EILOPPZ;18772,30427
EILOPRS;32726,34033
EILOPRT;28530
EILOPSS;18690,26384,33202,33820,34042
EILOPST;
EILOPSU;16131,22422,25230,26319,26384,32557,32839,32843,34062
EILOPSV;18046,18442,28498,28514,33847
EILOPTT;17658,18768,18782,25744,34051
EILOPTX;11489,15941,18417,26333,31585,32978
EILORRS;17742,18365,25577,27652,30435,31140,32406,32476,33097,34113,34114,34121
EILORRU;21495,29540,29554,33182,34114
EILORSS;22423,22473,22476,26309,31753,33809
EILORST;
EILORSU;18574,23240,25587,26155,26193,26335,30817
EILORSV;25967,26372,29582,33005,33505,33813
EILORSW;11046,18791,26309,32479,32577,32726,33097,34121
EILORTT;31829,33217
EILORTU;4608,9530,23211,24270,25745,29284,32813,33217,34061,34108
EILORTV;31779,31809,33728
EILOSSV;18399,18576,21965,22364,22368,23248,26195,26287,31781,33159,33833
EILOSTT;22047,31309,31364,32842,33007,33189,33369
EILOSTU;7624,11292,22047,22467,31364
EILOSTV;25119,31781,32824,33824,33847
EILOSTW;11498,34121
EILOSTZ;7624
EILOTUV;11491,22493
EILOTUW;33128,34061,34108
EILPPPY;
EILPPRR;16134,34059
EILPPRS;31767
EILPPRT;10353,11294,31838,34078
EILPPRU;18772,24265
EILPPSS;14588,18400,18690,32575,33820,34079
EILPPST;
EILPPSU;7578,11469,18607
EILPPSW;
EILPRSS;22371,33518,33521
EILPRST;
EILPRTT;4595,18723
EILPRTX;7140,11489,30423,31785,31816,31838,32987
EILPRUU;14727
EILPSSS;18801,33827,33851
EILPSST;
EILPSSW;
EILPSSZ;29575,31138,33439,34120
EILPSTT;22310
EILPSTU;22490,33836,34095,34099
EILPSUY;32563
EILPSUZ;18649,31848,33522
EILPSZZ;29576
EILPTTY;18782,18803,31128,31793,33150,34051
EILQRTU;30821
EILQRUU;18805,29561,30821,32992
EILQTUY;29459,33198
EILRRSU;20721,22037,22373,31756
EILRRTW;7145,30440,31829
EILRSST;
EILRSSV;32995,33767
EILRSSW;11513,17142,17160,33370
EILRSTT;29570
EILRSTU;
EILRSTY;11412,11517,23863,29436,34122
EILRSUV;7634,18463,32582
EILRSUW;18791,33982,34123
EILRSVY;33216,33436,34060,34117,34118,34122
EILRSZZ;
EILRTTY;25122,25247,29570
EILRTUV;31849
EILSSTT;31780
EILSSTW;22440
EILSSTY;18094,18609,18764,22487,25010,30802,31371,33807
EILSSVW;
EILSSZZ;30815
EILSTTT;2601,4603,7636,16513,17755,18711,18811,31601,31788
EILSTTU;18811
EILSTTV;18320,18457,30445,33824
EILSTTY;7458,7545,11052,31796,33369
EILSTVY;33357,33847,34117,34122
EILSTYZ;
EILSUVV;7634,26367,29555,33855
EILSWZZ;
EILSZZZ;
EILTWZZ;
EIMMMOS;18812,31860
EIMMMST;14597,16515,18812,31862
EIMMMSU;33220
EIMMNRS;4162,4292,4628,14782,17161,17397,17758,17760,18585,18819,18820
EIMMNRU;16404,18821,22054,31603,31859,32729
EIMMNSU;22468,25993,28544,29589,33222,34038
EIMMOPS;25994,26397,33863
EIMMORS;6139,14784,17763,26403,33863,34041
EIMMOST;26394,32586,33524
EIMMOSV;7585,33863
EIMMPRR;18100,28546
EIMMPRS;21968,25994,26127,26397,33863,34041
EIMMPRU;2604
EIMMRRS;
EIMMRRT;18100,26402,33016
EIMMRRU;18824,18827,18828
EIMMRSS;4629,17763,18471,18472,18814,18819,26398,29585,32587,33729
EIMMRST;22500,32586
EIMMRSU;
EIMMRSW;34124
EIMMRUY;18660,33868
EIMMSST;29287,34125
EIMMSSU;25263,25993,26393,27654,29461,29585,31097
EIMMSTU;
EIMMSTZ;16408,31879
EIMMSUY;29589
EIMNNOR;14700,14790,14791,14792,18839,18840,22313,28939,33020,33099,33227,33874,33875,34124,34139
EIMNNOT;25568,25804,28920,29151,29463,31145,31313,31689,33018,33022,33875
EIMNOOR;24281,25273,25996,25997,33489
EIMNOOS;4632,11057,11532,17756,18813,18834,22312,30971,31147,32848,33221,33226,33229,33230,33525
EIMNOOT;33783,34153
EIMNOOX;26314
EIMNOPR;18856,25269,26408,29124,29152,31154,31896,33027,33028,33146
EIMNOPS;18056,18108,18838,23119,26409,33445,33543
EIMNOPT;
EIMNORS;29404,29419
EIMNOSS;27655,29591,31155,31909,33985,34140,34141
EIMNOST;22406,32586,33886,34156,34162,34163
EIMNOSW;22469,28461,29128,32564
EIMNOTY;17782,18844,31865,34150
EIMNPRT;4648,13753,16146,18468,18596,18818,18846,18870,25278,30453,30457,31379,31380,31910,31913,31915,33034,33035
EIMNPSS;18485,18871,33373,33447,33771
EIMNPST;2611,29470,33887
EIMNPTU;22228,25278,33223
EIMNQSU;4649,18836,18858,29468
EIMNRRU;28549,34154
EIMNRST;32586,34156
EIMNRSU;28551,29472,30675,33786
EIMNRSV;11068,17786,18119,26428
EIMNRTU;32729,32852,34045
EIMNRVY;
EIMNSSS;22316,22442,26424,26426,33024,33242,33447,33448,33538,33771
EIMNSST;25014,31566,31887,33037,33547,33737,33862
EIMNSSU;31378,34140
EIMNSTT;18872,33547,34052,34152,34163
EIMNSTU;2612,4649,18850,25590,26412,33238
EIMNSTW;13761,16150,18679,22420,28568,29471,31921,33884,33891,34156
EIMNSUX;
EIMNSZZ;16526,18823,33886,34163
EIMNUZZ;22296
EIMOORR;18689,24281,25997,29219,29605,32732,33227,33245,33548
EIMOORS;17795,18879,23214,23258,26430,26433,31160,32595,33245,34129,34167
EIMOPPR;24258,25921,26209,29293,31893
EIMOPRR;9556,18837,33548
EIMOPRS;32595,34167
EIMOPRV;7594
EIMOPRW;18856,26431,31154,31896,33028,34061
EIMOPSS;14719,18690,24289,29553,34042
EIMOPST;2614,11074
EIMOPSX;31898,31926,33445,33812,34062,34167
EIMOPSY;17678,18124,18126,18617,18854,26433,29294,29610,31772,31775,33427,33541,33543,34057,34060
EIMORRW;18892,22457,26431,31703,31705,33902
EIMORSS;11314,26403,32568
EIMORST;
EIMORSU;21136,23240,23259,25592,25594,25595,26012,26335,26403,26438,32595,33245,34167
EIMORSV;11433,31160,33813
EIMORTT;23264,25132,26177,26418,26434,26444,31906
EIMORTV;26336,26400,26444,32854
EIMORVX;33031
EIMOSSS;17165,29291,29611,33372,33538
EIMOSST;25284
EIMOSSU;7382,14451,21136,21689,24021,24135,25596,26012,26393,26403,29591,29612,29614,31378,32568,33246,33485,33540,33553,34140,34181
EIMOSTT;16532,17309,18480,31892,34163
EIMOSTU;4300,18850,21339,24136,24287,25590,26394,26412,27656,28562,28573,33238
EIMOSTV;17796,18481,18843,18881,31781
EIMOSTX;33536,34058
EIMOSTZ;28300,31935,33886,33904,34136,34163,34175
EIMOSYZ;18845,26204,32855,33153,34142,34175
EIMOSZZ;33886,34163
EIMOTTU;4658,18884,18885
EIMPRRS;
EIMPRRT;25134,28546,31379
EIMPRRU;16533,18888,31941,33548,34154
EIMPRSS;
EIMPRST;33034,33741
EIMPRSU;29529,32595,34167
EIMPRTU;24216,25278,33526,34061
EIMPRTX;30423,30457,31785
EIMPSST;
EIMPSSU;30322,33553
EIMPSTU;
EIMPSTY;11085,18135,25020,33451,33492
EIMPSUY;26015,29610
EIMQSTU;4649,4661
EIMQTUZ;
EIMRRST;11319,11372,14823,18035,18706,18905
EIMRRSU;7461,14823,18828,29554,31952,33245
EIMRSST;33909
EIMRSSU;30833,30925,31706,31955,33871,33909,34181
EIMRSSV;21853,31947
EIMRSTT;
EIMRSTU;33909
EIMRSTY;22500,22511,29480,31879
EIMRTTU;4665,4666,18821,22454,28570,31757,34185
EIMRTUV;4665,14829,16541,18490,26336
EIMRTUX;26405
EIMRUZZ;
EIMSSST;
EIMSSSU;18687,18708,21654,22427,22442,22443,25280,25547,25596,34013
EIMSSSX;18708
EIMSSTY;17800,33742,33862,33906,34171
EIMSTTX;18712
EIMSTYZ;31879,34175
EIMUUVX;
EINNNOS;11562,18834,18910,18911,23032,23121,24084,25812,26448,26449,31961,33038,33560,33976
EINNNRS;11562,29619,31961,31962,33976,34132
EINNOOS;4632,11567,18813,18834,22512,22513,23270,23271,25268,25598,26268,26448,26449,26454,29624,33499,33500,33560,33976,33981,34067,34190,34194,34196
EINNOPS;26341,26409,29298,29624,33499,33561,33988,34068,34190,34191
EINNOPT;4577,18137,18910,18914,26020,26458,26459,32518,32735,33044,33045,33915
EINNOQU;18505,18918,22444,25818,29483,31790
EINNORS;33529,33976,34124,34190
EINNORT;22796,26458,30834
EINNORU;17765,22212,32441,32679,32731,33088,33089
EINNORV;
EINNOSS;13778,18841,23882,24920,25224,25531,25598,26448,29623,30247,31165,31725,34141
EINNOST;24024,25635,25817,29489,31166,33560,33561
EINNOSV;22513,22514
EINNOSY;26344,33105,33230,33561,34016,34141,34142
EINNOTT;21104,22285,22319,26229,33045
EINNOVW;
EINNPRS;28100,28599,29156,29298,30975,31172,31792,32861,34190
EINNPRT;2624,4674,16164,18137,18510,18511,18723,18846,24697,26458,30453,30474,33915,34206
EINNPRU;17820,18626,18722,25678,26345,31792,31986,31988,32861,33041,33051,34206
EINNPST;24698,26224,30250,31630,33561,34068
EINNPSY;18847,33561
EINNRRU;7654,11578,13118,18726,18919,23037,28549,28600,31991
EINNRSS;29165,29633,32537,32863,32924,33055,33162,33260,33925,33926,34070
EINNRST;29491,33764,33926
EINNRSU;33456,33982,34070
EINNRSW;23884,25680,25833,29491,31976,33263,33926,33982,34124,34198
EINNRTV;18140
EINNRUV;25826,31991,32441,33263
EINNSST;
EINNSSU;4638,16574,17169,23220,23885,28602,29165,29531,29633,31150,31990,32348
EINNSSY;8565,18841,18933,22429,22482,26230,31179,33260,34141
EINNSTT;
EINNSTU;434,10400,11565,18103,21133,30928,31995,33085
EINNSTV;18104,18503,22513,22514,28606,31889,33913
EINNSUW;29621,33982
EINNSWY;
EINNTUW;17833
EINOOPZ;
EINOORS;7389,11586,13119,18143,22274,24298,25600,25838,26268,26454,27599,29135,29300,33976
EINOOST;14845,17172,29495,29644,33560,33929
EINOOSZ;11532,18070,25275
EINOOTW;
EINOOTZ;34153
EINOOZZ;34153
EINOPPR;34078
EINOPPS;4416,18108,18142,18145,26231,29646,31168
EINOPRR;7659,18600,18837,26028,31184,31799,32325,32444,33107,33146,33567,33572,34154
EINOPRS;
EINOPRT;32002,32015,33283,33995
EINOPRV;7464,17840,31967,32864,32870,33177,33283
EINOPSS;23127,24702,25025,26236,31398,32003,33284
EINOPST;
EINOPSW;7657,13121,18958,26231,28616,29171,31969,33281,33932
EINOPSY;11598,26034,26486,29257,33543,34150,34222,34227
EINOPTT;14851,16585,18965,29639,32005,33995,34211,34214
EINOPTU;14851,18527,18965,29639,31082,31183,31188,32005
EINOQUX;
EINORRS;7293,16971,18143,18919,18972,22498,31900
EINORSS;32609
EINORST;32586
EINORSU;17710,17842,17849,18574
EINORSV;33505
EINORSW;16581,18958,25233,25304,31807,31976,32606,32609,33996,34198
EINORSX;5613,25756,30808,31185,31196,32012,32544,34084
EINORTT;33378,33936
EINORTU;7640,14858,17176,33583
EINORTW;14858,18958,29629,33936,34237
EINORTZ;28309,31907,32002,33575,33936
EINOSSS;17075,22378,27602,29291,29312,29594,29643,32334,32554,32574,33538
EINOSST;
EINOSSU;7666,10900,11363,11596,18867,18941,21691,22070,23280,23281,24305,26236,26393,26498,27655,27658,28910,29638,29643,31378,31398,33540,34161,34238
EINOSSZ;17715,22488,31766,31905,31909,31983,32013,34204
EINOSTT;18480,18532,29644,33776,34054,34163
EINOSTW;18958,31969,33287,33296,33884,33932,34156,34198
EINOSTX;28615,29644,33061,33536,33577,33799,33929,34077
EINOSUV;22514
EINOTTT;16585,18857,18965,31575,31906,33092,34214,34220,34237
EINPPRS;29662,30482,31767
EINPPSS;32575
EINPPST;29646,29662,31984,34080,34209,34221
EINPPSW;26231,31201,33459
EINPRRT;24703,25323,30428,31206,31799,33050,33068
EINPRRU;31812
EINPRSS;33481
EINPRST;
EINPRSU;32593
EINPRTU;
EINPSST;33304,33305
EINPSSU;25859,25861,26236,26244,26483,27658,29638,29665,31914,32037,32593,32603,33239,33301,33304,33888,33938,34164,34239
EINPSTT;
EINPSTU;25861,26244,27660,28519,29103,29665,32451,33191,33196,33300,33836,33938,34095,34239
EINPSTW;31969,33932
EINPTTY;26037,31128,31793,33150,33995,34051,34206
EINQRSU;3624,17867,18082,18157
EINQRUU;14869,28637,29561,32992,34231
EINQRUY;18988
EINQSSU;16598,17319,17726,18158,24707,27907,31211,31405,31990,32660
EINQSTU;
EINQSUU;18858,26463,31990
EINQSUZ;
EINQTTU;34096
EINQTUU;14749,33052,34231
EINRRSS;4166,17426,18160,21108,29106,33983
EINRRSU;7671,14112,17842,17871,18919,18970,18972,18989,18992,27545,27581,27646,28943,32611,33053,33073,33286,33302,34081,34234,34240,34242
EINRRTU;7654,7671,11619,18970,18989,18992,26487,32852,33583,34242
EINRSST;21692
EINRSSU;25859,33162,33309,33778,34070
EINRSSV;18756,33767,33944
EINRSTT;
EINRSTU;32328,32350,32611
EINRSTV;4696,18119
EINRSTW;28568,29471,29491,29661,30503,33884,33926,33996,34156,34198
EINRSTY;14468,18161,18996,18997,25832,26023,33591,33948
EINRSUW;17832,18934,24249,25833,27546,28639,28943,33078,33263,33982
EINRSVW;1421,14675,31659,31807,31976
EINRSWY;17731,33999
EINRTTU;28570,28646
EINRTTW;28434,31617,31636,33378,33936,33949,34237
EINRTUV;31991,33289
EINRTUW;17833,17851,31355,33583,34237
EINRTWY;17977,33949,33999
EINSSST;26163,26249,33057,33747
EINSSSU;16475,16574,16598,18687,23280,25280,26324,29153,29643,31132,31795,31817,31989,31994,32037,32348,32572,33509,33747,34238
EINSSSY;16618,18996,22378,22522,25316,26040,26424,26497,31179,32047,33242,33307,34201,34238
EINSSTU;33978,34218,34238,34239
EINSSTV;32048,32352,33743,33841,33944
EINSSTW;11622,14871,33926,34205
EINSSTY;18141,18762,18764,18765,18933,18996,22487,29313,32806,33547,33578,33594,33838,33841,33862,34098,34102,34238,34239
EINSSUW;32561
EINSSWY;29543,30507
EINSTTU;17431,24144,24308,24841,25574,30934,33091
EINSTTW;
EINSTTY;22524,31412,31415,31796,32423,33547,33593,33594
EINSTWY;22524,30507,33999
EINSUVW;33078,33263
EINSWZZ;17878
EINTTTW;33079,33949,34237
EINTTUY;18760,18988,33298,34206
EIOOPPR;29293,33567,34105,34245
EIOOPRR;11629,26046,26047,26464,26508,26509,32444,32594,32613,33379,33548,33567,33595,34245,34248
EIOOPRV;26469,29668,32864
EIOOPST;26250,26471,28653,29495,31666,33892,33929,34150
EIOOPSW;7657,29676
EIOORRT;6154,11587,11629,18167,18689,22530,22912,23276,24267,26508,26509,29605,29668,32594,32737,34018,34028,34029,34245
EIOORST;19002,25340,26251,29181
EIOORTZ;18769,34257
EIOORWZ;
EIOOSST;26147,33956,34255
EIOOSTT;18882,18883,22512,25801,26471,26478,29644,31892,33007,33776,33980,34152
EIOOSTZ;18166,25340,26250,31666,31711
EIOPPPR;18945
EIOPPPS;31999,33271
EIOPPRS;7676,14877,33314,34259
EIOPPRT;18548,18999,25297,25343,26209,28530,28654,28656,28658,31419,31821,31893,31964,32000,32002,33274,33552,33571,34221,34222,34245,34259,34260
EIOPPSS;3630,18690,28531,32575,33820
EIOPPST;34222,34260
EIOPQRU;3631,14757
EIOPRRS;22365,29534,33595,33603
EIOPRRT;22361,26509,26517,29323,33572,33607,33750,34245
EIOPRRU;14879,18888,32059,33548,34154
EIOPRSS;1423,16375,30841,31710,32049,33955,34269
EIOPRST;
EIOPRSU;28665,28913,32049,32595,33609,33955,34167
EIOPRSX;11111,25041,31185,31361,31926,32012,32544,34084,34167,34269
EIOPRTT;4701,18548,18887,19008,25348,26434,26468,26516,26517,28444,31642,33599,33915,34211
EIOPRTU;14879,18888,18889,33526,34061,34108
EIOPRTV;24312,25178,25348,26235,26469,28658,31967,33283
EIOPRZZ;
EIOPSSS;17076,31708,31897,32065,33251,33284,33538
EIOPSST;
EIOPSSU;14664,14762,18778,18941,18953,27658,29574,29638,29675,31398,31420,31667,32049,32603,33246,33540,33553,33609,33955,34269
EIOPSTT;4704,23056
EIOPSTU;23909,25349
EIOPSTX;7661,18526,25302,25349,31668,31898,33061,33929
EIOPSTY;11598,14881,18639,29182,29325,31362,33211,33280,33366,33606,33847,34222,34258
EIOPSZZ;29576
EIOPTUW;31188,34061,34108
EIOQRTU;4608,17154,22446
EIOQTUX;
EIORRRS;21146,33275,33895
EIORRRT;4609,18784,26049,30508,31930,32604,34245
EIORRRW;31713,33993
EIORRSS;
EIORRST;26273
EIORRSV;21901,21973,24712,29532,29628,33505
EIORRSW;25304,26212,31140,32074,33097,33108,33287,34121,34156,34178,34198
EIORRUV;17155,25853,26518,32745,33182,33289
EIORRVV;
EIORSSS;16550,17043,17165,18893,19016,22447,25578,30741,31623,31670,31938,32075,32615,33383,33757,33864,33963
EIORSST;34271
EIORSSU;19019,21904,22448,22531,22532,30742,30847,32049,32615,33600,33609,33955,34181,34255,34269,34271
EIORSSV;30743,32053,32061,32809,32882,34269,34276
EIORSSX;19019,34084,34235,34252,34269
EIORSSZ;11646,22449,25358,29659,32013,32062,32608,32609,33609,34253,34268
EIORSTT;
EIORSTU;22448,22531
EIORSTV;
EIORSTW;16630,18791,18958,19002,32074,33287,33296,34121,34198
EIORTTT;11555,11647,18176,22530,26378,26494,31906,33217,33435,34220,34237
EIORTTU;33217
EIORTTV;25311,25348,25855,26444,26475
EIORTUV;26518,33289
EIORTUZ;26442,33904
EIORTWZ;33936
EIOSSTU;30847,31222,32077,32607,33083,33922,33933,33978,34200,34218,34235,34238,34255,34271
EIOSSTV;11639,18881,26287,31781,32054,32077,32882,33743,34276
EIOSTTT;10920,11647,18176
EIOSTTU;22047,23918,27665,31364,31430
EIOSTTW;11118,18644
EIOSTUV;19013,22514,31430
EIOSTUZ;7624,18178,33904,33935
EIOSTVV;19020,26257,32028
EIPPPSU;14769,29616,32079,33300
EIPPQRU;
EIPPRRS;33551,33595,33602,33611
EIPPRRT;34245
EIPPRSS;32080,34183,34259
EIPPRST;33274,33463,33464,33552,34209,34222,34260
EIPPRSU;26479,29529,29662,31942,32079,32080,33314,33450,33464,33611
EIPPRSY;7676,18168,21145,24843,26528,34222
EIPPRSZ;
EIPPRTT;18548,26516,30781,32081,33966
EIPPSST;24319,33463
EIPPSTT;4615,11120
EIPPSUY;29610,34239
EIPQSTU;34095
EIPRRSS;33481,33983
EIPRRST;30849,31840,32088
EIPRRSU;30715,30849,31204,32087,33302,34240
EIPRRSZ;18170,18449,18776,19007
EIPRRTU;17044,18888,26518,30516,31946,32059,32087,34113,34262,34264
EIPRRTY;18797,19009,28679,29323,31840,32088,32089,33557,33606,33607,34173,34249,34265
EIPRRUV;26518,31842
EIPRSSS;4709
EIPRSST;
EIPRSSU;22019,22371,24716,25168,25859,30852,31986,32049,32603,32880,33465,33521,33609,33955,34083,34269
EIPRSSW;17184,21514,28682,32093,34205,34280
EIPRSTT;
EIPRSTU;17880,19030,32079
EIPRSTV;
EIPRSTX;4708,11656
EIPRSTY;22509,26528,29182,33280,33574,33591,33606,34173,34175,34222,34258,34277
EIPRSUU;19030,29691,33979,34279
EIPRTTU;16645,30516,32081
EIPRUVW;
EIPSSSU;11615,20995,31989,32037,33991
EIPSSTZ;34120
EIPSSUZ;33609,33613,34268
EIPSTTU;11126,16596,16637,17438,22310,32885
EIPSTTY;7681,26528,32094,34277
EIQRSSU;29614,32727,33600,33778
EIQRSTU;18903
EIQRSUV;16556,16648,17867,18157,31680,32055,32582,33071
EIQRTTU;18805,34185
EIQRUVY;
EIQRUZZ;
EIQSTUU;22411
EIQSUZZ;32516
EIRRRST;
EIRRSST;26261,33558
EIRRSTT;31552
EIRRSTU;17871,18905,18989,31946,31952,33073,33556
EIRRSTV;33074,34123
EIRRSTW;29680,33287,34156,34178,34198
EIRRSZZ;
EIRRTTU;10693,16506,25260,30516,30824,34185
EIRSSST;22447,31435,31670,33383,33963
EIRSSSU;22496,22540,29113
EIRSSTT;
EIRSSTU;33978,34218,34235,34255
EIRSSTV;32882
EIRSSUU;19037,19038,22083,22540,26526,28684,29633,33521,34070,34279
EIRSSUV;22335,22540,29677,29690,33309,34181,34261,34269
EIRSSUW;11661,14894,16647,17184,18934,22538,28682,34280
EIRSTTT;25336,26494,30528,31542,31601,31788,32046
EIRSTTU;
EIRSTTV;4326,11136,11355,18457,18545,18808,18993,25337,31221,33947
EIRSTTW;
EIRSTUV;7685,16648,17880,19030,29518,31680
EIRSUVV;7634,11626,19020
EIRSUVW;33078,33263,34123
EIRTTTW;33079,34237
EIRTTUV;4665,9615,10446,16645,18808,25864,28646,33969
EISSSSW;30504
EISSSTU;18810,19039,33747,34200,34238
EISSSTW;22508
EISSSTX;18810,32047
EISSSUW;31994
EISSTTY;11561,22536,24239,25287,26044,26266,29618,31412,33470,33547,33593,33594,34179,34184
EISSTUV;2654,4624,14896,18902,22053,22497,25364,30935,31749,32048,32352,33854,33855
EISSTUY;18764,21150,26429,34102,34180,34238,34239
EISSTVW;
EISSWZZ;22383
EISTTTU;22541,30523
EISTTUW;33951
EJJMNUU;
EJKMNNU;
EJKNRSU;29693
EJKNSTU;
EJKOORY;
EJKORUY;
EJLLORS;
EJLLORY;
EJLLOSY;14492,32619,33087
EJLORST;
EJLORSW;22542
EJLOSST;16661,20996
EJLOSSY;32620
EJLSSTU;16661
EJMNRUY;19041,32107
EJMOSST;4717,33472
EJMPRSU;22543,33614
EJNORRU;33088
EJNORUY;19041,32107,33089
EJNOSST;4717,11668
EJNOSTT;32106
EJOORVY;33090
EJOOSSY;34285
EJOPPRT;
EJOPRST;
EJOPRTT;
EJORSSS;
EJORSTT;16662,25370,26270
EJORSTU;7401,20726,21155
EJOSTTU;33091
EJPRRUY;
EJRSSTU;7688,20998,31541,32517
EJSSTTU;
EKKLOOY;
EKKLRSU;
EKKOPSU;
EKLLMSU;11678,18582,29696
EKLLNOR;6771,7692
EKLLRRU;
EKLMMSU;11678,24325,31696
EKLMSSU;31698,34289
EKLNOPR;
EKLNORS;10695,17185,17186,19051,26279,29268,29521,29694,32424,33094,33766
EKLNOSS;17187,18345,18589,33755,33759,34289
EKLNOSU;7696,14668
EKLNPRU;
EKLNPSU;33095
EKLNRSU;29524,33982
EKLNSST;
EKLOORS;19048,22087,22088,22453,34291
EKLOPST;7700
EKLOSTV;26537
EKLRRSU;
EKLRSSU;31080,32116
EKLSSSY;
EKLSTTU;30857
EKLSTUZ;33984
EKMMRSU;31696,33098
EKMNORW;11683,16669,19047,31703,33099,34296
EKMNORY;16673,32121
EKMNOSU;7696,18190,19058,26538
EKMNOSY;
EKMNPTU;
EKMOOPS;32623,33617
EKMORSS;7404,11684,13129,14671,16199,18191,19060,19063,22547,31691,32122,33986,34292
EKMOSSY;19063,34293
EKMPRRU;
EKMRSTU;4724,11685,26538
EKMSSTU;4729,7704,11686,19061,30539
EKMSSUY;
EKNNOST;16683
EKNOORS;19059,23286,24326,34298,34299
EKNOPSU;9623,34299
EKNORST;14494,17185,20728
EKNORSW;6774,27640,28915,29703,33108,34298
EKNORSY;17186,29694,33998
EKNORTT;34296
EKNORTW;33103,34296,34297
EKNORUY;22545
EKNORWY;29695,34290
EKNOSTY;22549,33105,33998,34294
EKNOSUY;22549
EKNPRSU;21161,25379,27935,34299
EKNPSTU;25379
EKNPSUY;21161,25051
EKNRSSU;7706,9624,18601,22547,28475,32116,33778
EKNRTUY;
EKNSSTU;19044,19061,33984
EKNSTTU;7707,22549,32105
EKOOPRT;19071
EKOOPRV;7699
EKOORRS;19059,19062,34298,34303
EKOORRY;19071,21701
EKOORST;19048
EKOORTW;34297
EKOPPSU;34305
EKOPRRS;22365,25380
EKOPRRW;7705,16672,24731,33107
EKOPRUY;
EKOPTTU;
EKORRST;7709,11690,18193,19065,19076,26273,26546,32123,32124,34303,34307
EKORRSW;6776,7709,10459,11690,14909,18193,19065,29703,32111,32119,32124,33097,33108,34298,34301,34303,34307
EKORRSY;14909,32111,32123
EKORSST;17885,18191,22458,34000
EKORUYY;
EKPPSUU;
EKPRSSY;11691
EKRRSSY;11691,19043,34005
EKRSSTU;30539
EKRSTUY;
EKRSUVY;
ELLLORR;7710
ELLLORS;1437,4736,6172,11148,11694,14910,29271,34282
ELLLOSZ;
ELLLRSU;32342
ELLMNOO;31446,33783
ELLMNOP;25771,31446,33111
ELLMNOT;4532,11695,16691,32126,33783
ELLMNSU;17197,29696
ELLMOOR;
ELLMORR;27938
ELLMOSW;16204,32128
ELLMOWY;19083
ELLMPSU;7713,22551,32557,34013
ELLMPUU;
ELLMRSU;18582,19084,19091,22192,22462,31227,31445,33319,33786
ELLMSTU;17197,18197
ELLMSUV;19091
ELLMSUY;17079
ELLNNOT;4745,15777,26167,29538,32126,33118,34312
ELLNOOW;28949
ELLNOPS;25053,30991,31727,32134,32710,34017
ELLNOPT;4176,19095,19097,29707,32135
ELLNORS;29186,33116,33317,33792
ELLNOST;16697,17196,34313
ELLNOSU;8591,14683,26304,26550,29186,29223,29426,32819,33117,34313
ELLNOSV;25204,26304,31695,31731,31733
ELLNOSW;2670,11698,17198,17889,19099,29119,32128,32139,32560,33126
ELLNOVY;11699,19097,29542,33785
ELLNOXY;17645
ELLNPSU;26168,31726,34026
ELLNSSU;7693
ELLNSUU;22552,29696,32627,34026
ELLOOSW;18199
ELLOOSY;22095,22554,26552,28706,31228,31229,32127,32628,33134,33318,33624,34010,34317
ELLOOTU;21704,22465
ELLOPRR;34028
ELLOPRS;25382,31727,32489,34033
ELLOPTU;11704
ELLORRS;18365,28482,31231,32562
ELLORRT;26549,30190,34028,34029,34034
ELLORSS;32626,33136,33615,33802,34008,34031,34035,34310
ELLORST;22349,23292
ELLORTY;11405,18048,18630,21706,33123,34034,34316
ELLORVY;4737,7719,21703
ELLOSST;11705,18195,19090,26555
ELLOSTU;7695,7718,22467
ELLOSTX;33799
ELLOSTY;22095,22554,23293,26552,26555,32138,32628,33624,34010,34016,34319
ELLOSVY;32125,32130,34317
ELLOSWY;29709,31226,32139,32560
ELLOTTU;14914,16709,20685,22465,33127
ELLOTUW;33128
ELLOTUY;11704,21706,29705,32136,33129,34025,34034
ELLOVWY;
ELLOWYY;
ELLPRSU;7713,11152,11709,14357,17892,19111
ELLPSSU;18648,34013
ELLPSTU;19079,19111,32563
ELLPSUW;33131
ELLPSUY;11709,17203,19102,28112,32563,32625
ELMMOPS;13879,14921,19080,33388
ELMMOPU;26556,34039
ELMMORT;3656,18655
ELMMPRU;19120
ELMMPSU;
ELMMPTU;26556,33141
ELMMRSU;31445,33321
ELMMRTU;14699,18660,31452,31757
ELMMSTU;20729
ELMNOOT;11153,17897,19124,25214,26063,26313,26318,29437,33323,33783
ELMNOOW;7725,11712,14902,19047,22098,22339,22469,32564,32631
ELMNOPW;
ELMNORS;34309,34324,34327
ELMNOST;22099,22100,25392,28717,30557,30558,32106,32153,32155,32158
ELMNOSY;14925,19129,19135,23294,24330,26558,34324,34325,34327
ELMNOTU;9629,11695,21708,21868,21906,25393,28717,34326
ELMNOTY;17897,19133,19135,28714,31454,33323,33627,33628,34326
ELMNPPU;33142,33149
ELMNPSU;
ELMNPUU;
ELMOOPP;33629
ELMOOPS;19123,19125,19145,24332
ELMOORT;18689,19144,21124,23295,25394,25779,26563,26564,26566,32632,34330,34331
ELMOOSS;14920,16025,16421,19116,25972,32161,32492,32965
ELMOOSY;17900,18659,28706,32127,33318,34325
ELMOPRT;22475,26563,31234,31337,32157,33362,34056
ELMOPRY;14502,19127,19147,22472,33629,34059
ELMOPSU;20730,22422,22551,29713,32163,32557,32566,34011,34062,34329,34332
ELMOPSY;
ELMORSS;19118,22423,22476,31753,33809,33823
ELMORST;3664,4337,19050,19152,32558
ELMORSU;20730,22097,23240,26335,26568,31227,31236,33319,33321,34327
ELMORTT;4741,10480,18211,19148,19149,26177,26563,30867
ELMORTU;25394,26566,33628
ELMOSST;26569,32161,33814,33823,34009
ELMOSSU;19119,19150,19151,21165,26569,31698,33485,34289,34323,34332
ELMOSSY;29553,32130,32626,34042
ELMOSTT;22560,25397,32106,32158
ELMOSTY;22100,23296,25399,26565,31778,32168,32169,33363,33495,34333
ELMOSUU;19150,22561,32565,33319,33630,34062,34327
ELMOSUV;2684,32167,34325
ELMOSXY;32169,33825,34058
ELMOSZZ;29713
ELMPPRU;19147
ELMPPSU;34322
ELMPRSU;17450,19120,19131,32163,34329
ELMPRUY;19147,34326,34329,34330
ELMRSTY;26565,33389,34333
ELMRTUU;2687,21166,22193,34045
ELMRTUY;22426,26566,31452,32168,33628,34326,34330
ELMRUZZ;
ELMSSSU;7736,18212,18687,18708,21981,22427,28252,31235,32152,33493,34013,34043
ELMSTUU;18197,19143,20700,20729
ELMSTUW;
ELMSUZZ;4761,22196,29713
ELNNOPU;7208,33156
ELNNORS;9633,11727,13891,14932,18214,19051,19093,19159,19162,19163,32153,33328
ELNNOSS;4770,11729,19161,26570,29714
ELNNRSU;21711,28509,29189,31792,33328,33982,34070
ELNNRTU;34045
ELNNSTU;25615,30870,31238,32155
ELNOOPT;17904,19126,25055,26303,26313,29719,33631,34337
ELNOOSS;18589,29714,29720,31115,31460,32134,32573,32574,32976,33165,33332,33623
ELNOOSU;25391,31239,33322,33331,33333,34074,34076,34077,34313,34325,34339
ELNOOSW;22469,22542,22562,29711,29722,32564,32622
ELNOOSY;19129,23294,24343,25870,26558,31228,32127,32753,32829,33169,33318,33331,33332,33333,33632,33634,34325,34338
ELNOOSZ;18070,31117
ELNOPRU;7740,11733,13895,19131,23065,23299,24848,27507,28726,32174,34326,34337,34340
ELNOPRY;6790,7605,14504,19127,23299,25980,29336,32889,33329,34087,34326
ELNOPST;25392,26574,30128,30557
ELNOPSY;4437,26574,29335,33169,33179,33331,33632,33633,33634
ELNOPTU;2691,8597,25393,29707,34326,34337
ELNORSS;6193,27948,32137,33334
ELNORST;4774,7742,11739,14126,17185,19051,19093,19162,19165,19167,19168,19169,19170,24338,32633
ELNORSU;26573,34327
ELNORTY;23066,25056,26320,28708,31454,33123,33186,33628,33639,33832,34326
ELNOSSS;11729,19136,32554,32574,34053,34072,34079,34335,34342
ELNOSST;4770,11742,14361,17049,17216,17908,22563,33334
ELNOSSU;17908,19140,19172,22563,34289,34342
ELNOSSV;31460,33159,33833
ELNOSSW;11698,16759,22341,25608,26570,32128,32139,33623
ELNOSTT;19141,33189,34054,34068
ELNOSTU;14505,21713,34313
ELNOSTV;26572,30572,34334
ELNOSUV;7714
ELNOSUZ;
ELNOSVY;
ELNOSZZ;
ELNOTTW;28956
ELNOTUZ;29192,33190
ELNOTVY;11699,19097
ELNPSST;
ELNPSTU;2693,4772,13899,14941,19173,22490,28519,32159,33191,33196,33836,34095,34099,34328
ELNPSTY;4749,4780,16771,26574,30565,31461,33492,33633,34328
ELNRSSU;4784,7749,16463,17217,18685,18756,18757,19175,22101,28709,30811,30875,32116,32184,32186,34070
ELNRSTU;32186
ELNRSTY;4780,11739,19104,19162,19168,19169,33639
ELNRSUU;20893,21711,24346,25409,26561,26573,26576,28524,29189,29725,30875,34070,34086,34339
ELNRSUZ;16469,22044
ELNRUZZ;
ELNSSSU;2697,16475,17910,18687,26324,31132,31235,31795,31817,32132,32185,32572,34335,34342
ELNSSSY;13908,33320,34342
ELNSTTU;19141,26576
ELNSUZZ;4761
ELOOPPS;23303,32187,32188,32894,33364,33632,34104,34106,34315
ELOOPRS;14946,17459,17983,19106,19125,19177,32141,32189,32489,32636,34291,34315,34336
ELOOPSS;6798,17737,18766,19116,29720,32134,32161,33202,34323
ELOOPST;4788,7700,8600,14946,17220,19106,25411,26552,26583,32141,32188,32189,32190,32191,32636
ELOOPSZ;17738,33209,33645
ELOORSS;34346
ELOORST;11169,11750,17912,19106,23292,24338,25411,30994,31245,31247,32141,32142,32191,34343
ELOORSW;18199,34291,34343,34346
ELOORTT;6799,17913,18731,26378,26563,29195,29544,29717,32580,34029
ELOOSST;31438,32161,33616
ELOOSSW;22341,26570,32634,34346,34347
ELOOSTT;4788,7482,17220,22106,25801,30562,30996,31465,32435,32842,33007,33387,33494
ELOOSTU;17740,21713,29559,30997,31239,32114,32188,33512,34077
ELOOSWY;14949
ELOOTUV;
ELOPPPS;
ELOPPRS;34315
ELOPPST;18221
ELOPPSU;32188,32638,34112,34322
ELOPPSY;2699,18771,19181,32894,33632
ELOPRRS;11747,25412,30435,33330
ELOPRRU;19180,26580,28958,34340
ELOPRRW;16672,19117
ELOPRRY;
ELOPRSS;32171
ELOPRST;25396,25411,25412
ELOPRSU;20730,22565,32638
ELOPRSV;34336
ELOPRSW;19181,28331,32726,34033
ELOPRSX;34084
ELOPRSY;11757,19181,21982,26582
ELOPRTT;4443,7758,19132,19148,19149,26563
ELOPRTU;16775,18738,24270,32637,34108,34337
ELOPRTW;
ELOPRTY;14761,19176,19189,32637,32895,33511
ELOPRVY;34060,34117,34118,34349
ELOPSST;
ELOPSSU;29574,32496,33643,34323,34332
ELOPSTT;25397,25413,31465,34318
ELOPSTU;33643
ELOPSTY;7616,7759,17464,17984,18209,18221,26552,26574,31294,31362,31461,33366,33495,33515,33847
ELOPSTZ;31584,33645
ELOPTUY;11704,26556,29705,32637,33180,34326,34330
ELORRSS;4791,7484,11759,17742,18774,20687,22114,26370,32115,32119,32137,32164,32640,34346,34350
ELORRSW;32119,32640,34121,34343,34346
ELORSSS;22559,23306,29345,34346
ELORSST;33334
ELORSSU;4791,19192,21567,32640,32641
ELORSSV;34063,34091
ELORSTT;
ELORSTU;
ELORSTV;26537
ELORSTW;1471,7701,18791,19050,19170,29545,32201,34121,34343
ELORSUV;2705,4796,11740,16783,17222,17223,19192,19193,26537,30879
ELORSUY;32180,32200,34118,34327
ELORSVW;3672,19170,29582,30569,31457,31807,31834,34121
ELORSWY;29709,31834
ELORTTY;18211,19149,29195,29728,32166,34333
ELORTUY;6805,17917,21706,26385,29728,32637,33628,34034,34326,34330
ELORTVY;7621,18792,19179,31779,33646,34117
ELOSSSU;11761,11762,17468,18212,19192,21165,21169,23306,26567,26585,29345,29583,34342
ELOSSTU;17908,19190
ELOSSTW;11764,19191,34347
ELOSSTY;22487,22546,22554,23068,26586,28730,32138,32628,33334,34036,34090
ELOSSVW;11764
ELOSSXY;31243,33332
ELOSSZZ;26076,31459,33496
ELOSTTU;22047,22113,31244,31364,33189
ELOSTTY;4798,25413,33369,33515,33848,34333
ELOSTUU;18229,23307,32751,34094,34339
ELOSTUV;26537
ELOSTUZ;14957
ELOSTYZ;33645
ELOSWYY;
ELOSWZZ;
ELPPRRU;19180,28958,34340
ELPPRSU;3674,4776,11765,16767,17914,32184,32202,32638
ELPPSSU;
ELPQSUU;14958,34095
ELPRRSU;4778,4801,19174
ELPRSSU;22371,33521
ELPRSTU;22372,22490,32847,34099
ELPRSUV;18800
ELPRTUU;11504
ELPRUZZ;
ELPSSSU;7736,32185
ELPSSUU;17918,21171,31248,33521
ELPSSUY;18226,19194,34332
ELPSTUU;10704,11758,11767,19079,21170,34095
ELPSUZZ;29713
ELRRSTU;4801,17916,30865
ELRRTTU;7627,16506,18786,18804,25260,29728
ELRSSSU;10516,11761,19192,23306,25415,26590,29345,32152,32583
ELRSSTU;34311
ELRSSTY;7767,14963,18232,33334,33389,33626
ELRSSUV;17223,19186,19192
ELRSTTU;30589
ELRSTTY;29570,32166,34333
ELRSTUY;17470,17893,18232,31819,33626,34099,34102
ELRSTWY;
ELRSUWY;
ELRSUWZ;
ELRTTUY;29728
ELRTUUV;11520
ELSSSTU;22109,22116,22438,31850,34043
ELSSSUU;6207,23094,26590,30876,32583,34342
ELSSTTU;4787,19190,32203,32206
ELSSTTY;7762,11711,11763,14137,16796,26586,32207
ELSSTYY;32207,33337,33649,34320
ELSUWZZ;
EMMMOST;18812
EMMMRSU;7412,33220
EMMMRUY;
EMMNNOS;22121,26593,29732,30446,33221,33222,34124
EMMNOOR;
EMMNOOT;
EMMNORY;9655,16673,26392
EMMNOST;32586
EMMNOTU;18817,24353,30590
EMMNOTY;
EMMOOTY;22570,26591,33395
EMMOPRR;19117,32210
EMMOPST;30591,34358
EMMORSS;26398,26403,32587,33655
EMMORSZ;32214
EMMOSST;19115,29287,29734,34125
EMMOSSU;19119,26393,26403,27654,29734,34130,34289
EMMOSYZ;32214
EMMPRSU;19120
EMMPSTU;
EMMRRSU;18824,18827,18828,33657
EMMRSSU;4810,22126,29461,29585,33871,34131,34356
EMMRSTU;34355,34357
EMMRSUY;33868,34357
EMMSSUU;19119,22569,25420,34356
EMNNOOR;22557,26592,33227
EMNNOSW;11715,21716,34124
EMNNOWW;34362
EMNOOPT;22501,30883,31471,34135,34359
EMNOORS;7413,19125,19129,31252,31253,32221,33317
EMNOORT;30883,31471,34368
EMNOOSS;11776,11777,18239,22572,26601,34292,34293,34370
EMNOOST;14903,25428,34362,34371
EMNOOSW;7414,22469,32564,32622,34362
EMNOOSY;19129,21086,21175,23294,24283,26558,33230,33318,33659,34324,34325,34375
EMNOOTY;17897,33323
EMNOPPR;29737,31893,32157,34376
EMNOPRT;21176,28745,28753,29736,29737,30883,31234,32121,32157,32220,33661,34326,34359,34366,34377
EMNOPST;3681,4355,10526,11781,19134,19135,25392,25429,30557,30597,31475,34377
EMNOPSU;11535,18838,19213,22574,25430,26409,26421,32227,34155,34377
EMNOPSY;11182,11781,14925,16817,18854,19135,29335,32228,33338,33541,33543
EMNOPYY;33543
EMNORRU;16820,28119,31902,32210,33662,34154,34368
EMNORSS;11777,14970,19060,19212,22547,22572,34292
EMNORST;32586,34156
EMNORTT;26418,31906,34296
EMNORTU;21176,29737,33628,33875,34296,34326,34360,34368
EMNOSST;4717,14512,18242,18245,22123,32216
EMNOSTU;25428,25590,26412,31251,32155,33238,33660,34162,34364,34371
EMNOSTY;11781,11783,17782,18844,19135,22100,32108,33238,34160,34375
EMNOSXY;22129,30603
EMNPSSU;4358,25435,31914,32593,33239,33888,34164
EMNRRSU;32219,32234,34365
EMNRRUY;32219
EMNRSSU;22101,22547,22572,27967
EMNRSTU;34357
EMOOPRS;7776,17795,19125,31252,32595,32623,33617,33666,34129,34145,34167
EMOOPRT;6209,7731,19144,26563,26564,34330,34331,34359
EMOOPRY;19127,22472,26086,29354,32220,32898,33629,33661,34330,34331
EMOORRS;11784,13951,14139,19062,25439,26430
EMOORST;23289,30608
EMOORSU;7732,19084,26087,26436,33245,33617,34129,34167
EMOOSSS;19146,22556,22559,28750,32221,32225,34171,34384
EMOOSTT;22560,30562,33494,33535,33669,34152,34358,34367,34372,34381
EMOOSTW;34362,34375
EMOOSTY;17900,19222,32240,33892,34169,34375
EMOOSXY;22129,34058
EMOOTUV;18884
EMOPPRS;25436,29358,29742,30563,34376
EMOPPST;34376
EMOPPSY;29610
EMOPPTU;25441,29737
EMOPRRS;7776,14366,17936,17937,22576,33666
EMOPRST;7777,16837,17937,27972,30591,30597,30609,31475,31483,31484,32163,32243,33672,34377,34388
EMOPRSU;4360,9664,11192,14981,19131,19213,22543,22574,23259,24765,25430,26421,26568,29358,29595,29742,30360,32163,32227,32566,32595,33614,33617,34167,34329
EMOPSSU;18208,33553,33671,34130
EMOPSSY;19088,19227,29553,29738,31485,33341,33541,33668,34042,34293
EMOQSSU;29614
EMORRRU;
EMORRST;22130,25445,30285,30884,32123,32229,32243,34377,34379,34388
EMORRSU;7778,11723,25592,26087,29554,33245,33657
EMORRSW;21135,26212,33902,34156,34178
EMORRWY;
EMORSSS;22559,25443,29606,29611,30599,31623,31903,32221,33864,33882,34157,34384
EMORSST;
EMORSSU;29614,31489,34181
EMORSTU;4724,5626,7778,34388
EMORSUV;16822,28764,32167,33900,34374,34388
EMORSUY;11724,21986,25595,31236,32168,34160,34180,34327
EMOSSSU;16838,17232,18212,18257,21165,25596,26445,26567,31254
EMOSSTT;22560,22573,31488,32236,32244,34389
EMOSSYZ;33341
EMOSTTT;16742,16845,18255,19156,22136
EMOSTVZ;
EMOTTTU;
EMOTUZZ;
EMPPRSU;14981,29358,29529,29742,31942,33450
EMPPSTU;31942
EMPRSTU;34377,34388
EMPRTTU;19148,29744,33241
EMPSSTU;13963,25435,26609
EMRRSTU;34377,34379,34386,34388
EMRRSUY;7779,19206,22063,31492,32219,33673
EMRSSTU;4364,4459,16059,26090,26292,26406,30539,30833,31706,32247,33398,33871,33909,34311
EMRSTTU;34355
EMRSTYY;33672,34333
EMSSSTY;19232,25448,32170,33906,34171,34363
ENNNOPS;18910,19234,25400,33038
ENNNOSW;19236,29621
ENNNRUY;19121,19237
ENNOOPR;22557,29746,29747,34190,34394
ENNOORS;11727,26268,29735,29746,29747,32643,33100,33529,33976,34190,34194,34298,34394
ENNOORT;11793,11794,14983,29748
ENNOORZ;
ENNOOTT;14833,26450,26455,34135
ENNOPST;26224,26596,29361,32248,32251,33561,33988,34068,34191,34392,34395
ENNORST;34395
ENNORSU;23185,23312,33328,34390
ENNORSW;14932,19163,27671,31249,31976,34124,34198,34298,34395
ENNORTU;32172,34360
ENNORUV;16808,25826,28258,32253,32441
ENNOSST;4770,16683,19200,19236,21720,31495,32216,32251,34361
ENNOSSU;24322,25622,29364,32257
ENNOSSW;18924,19236,26570,28769,28775,29364,31981,33565
ENNOSTU;21153,25450,25615,32155,34364
ENNOSTW;19236,22583,27671,28775,31969,31981,33104,34198,34395
ENNOSTY;18844,19240,32108,33105,33561,34395
ENNOSTZ;18927,34136
ENNOUVW;
ENNPRSU;13972,14988,18722,19237,27515,28776,31792,31986,32861
ENNPSTU;4772,11800,14984,14988,28776
ENNRRSU;7242,11578,18919,19206,25452,32219,32643,33053,33342,34365,34390,34396
ENNRSTU;13148,14988,18236,22392,27981,28749,28776,30289,30594
ENNRSUW;13977,16865,17832,18934,25833,33263,33982
ENNSSTU;7781,18261,22571,30595,30870,34283
ENNSTTU;4828,21721,29745,31995
ENNSTUU;11800,22392,22571,29751,32258,32598,32644,34143,34189,34283,34396
ENNSTYY;
ENNTTUY;34206
ENOOPPR;33567
ENOOPRS;18264,19125,19245,19246,19247,23316,25401,32248,34299,34336,34366,34392,34402
ENOOPSY;18263,22241,23316,26617,32905,33169,33331,33632,33634,33684
ENOORSS;7418,8612,11777,14371,19252,21179,23318,26615,26622,29755,30291,32221,34284
ENOORST;32356,32499,32633,33345
ENOORSU;19246,28963,29034,29229,29370,32602,32643,33344,33636,34194,34299,34401
ENOORSW;22542,22562,28259,29203,34298
ENOORSZ;11804,14993
ENOORTT;17837,18731,20732,28124,28342,29371,29717,32260,33689
ENOOSSS;16984,17939,19250,21179,25368,25623,28260,28750,28780,28781,29594,29643,31998,32221,32225,32259,32574,33663,33690,34285,34394,34399,34401,34405,34406
ENOOSST;19069,19252,21720,25459,26615,26618,26622,28780,29755,29756,29759,33675,33691,34300,34405
ENOOSSZ;
ENOOSTT;11806,17172,22106,23980,24162,26096,26478,29644,32867,33346,33535,33692,33776,34152
ENOOSTU;10555,17944,18850,24960,25428,31239,33346,34076,34077,34313,34371
ENOOTXY;17943,19211,19249
ENOPPRY;11807,16256,25461,31500,33571
ENOPPSU;18145,26479,29761,29762,31499
ENOPRRS;18264,21180,24367,31264,33330,33683
ENOPRRU;8615,11733,16870,26613,28784,28785,28961,29763,32210,34154
ENOPRRW;7659,7705,18949,31184,33107
ENOPRSS;26097
ENOPRST;26098,26627,34366,34377,34392,34395
ENOPRSU;7784,18267,19131,19213,22574,33344,33693,34299,34402
ENOPRSY;30138,32228,32263,34085,34227,34395,34400,34411
ENOPRTT;29763,33915,33995,34211
ENOPRTY;11595,11809,18962,19249,24300,25077,25432,25461,26035,26098,26099,26458,26627,32015,32121,32220,32263,33280,33283,33571,33572,33574,33575,33661,33685,33995,34222,34227,34326
ENOPSST;23320,24372
ENOPSTT;19240
ENOPSUX;
ENOPSWY;34395
ENOQTUU;7741,34231
ENORRSS;28965,32115,32137,34284
ENORRST;25463,25471,28790,29767,32124,32266,32267,34377
ENORRSZ;11804,17844,31900
ENORRTT;4775,11207,11601,17239,18742,18861,18948,26625,29763,29768
ENORRUV;16820,23983,25853,28262,28785,29204,32253,32745,33182,33681
ENORSSS;19136,21179,25623,33688,34394,34399,34410
ENORSST;29755
ENORSSW;17990,19060,19212,25474,28965,32226,32606,32609,32635,32874,33183,33293,33347,33573,33584,33694,34301
ENORSSY;11603,15004,17946,26629,28347,31266,31267,32180,33334,33350,34400,34411
ENORSTT;
ENORSTU;
ENORSTY;8618,11739,18268,19168,19169,26098,30889,33695,34375,34395
ENORSUV;21542,21725,28728,28795,34299
ENORSUW;19213,21177,22394,22548,32227,33296
ENORSUZ;7788,11820,28795,32608,32610,33921,33935
ENORSVY;6217,14524,18269,31267
ENORSZZ;
ENORTUW;17851,22548,33296,33583,33586,34237,34296
ENORTUY;18270,19215,23322,33255,33298,33628,34326
ENOSSST;14986,22585,34302,34405
ENOSSTT;4463,7494,7745,15006,30571
ENOSSTU;31242,31505,33691,34161,34238
ENOSSTW;11813,14377,15006,19236,25474,28775,29756,31513,33691,33694,34300,34301,34403
ENOSSTX;7747,25318,26629,31908,33577,34161,34235
ENOSSUW;22395,29364,33347,33589,33691
ENOSSWW;14525,29567
ENOSTTU;7495,17934,19141,21721,22523,22549,29745,29769,30621,31244,33091,33189,33257,33299,33346,34054,34162,34364
ENOSTUU;17944,22575,23985,24360,29739,29751,29766,29769,32644,33346,34339
ENOTTUW;30621,34237,34296,34364
ENPPRSU;26479,27989,29662,29758,29761,29762,32184
ENPRRSU;4778,16881,16885,19174,19260,22134,25322,26630,28631,28732,29663,31812,32234,32272,34240
ENPRSST;
ENPRSSU;7706,19257,25859,26097,26483,29601,29632,32593,32603,33239,33347,33888,34083
ENPRSTU;25379,25480,26627,32272,33693,34377,34402
ENPRSUU;18246,19174,22574,25409,26561,26573
ENPRSWY;34395
ENPSSSU;33991,34164,34335
ENPSSTU;23320,25435,25861,26244,29665,31505,33304,33938,34164,34239
ENPSTTU;11824,14868,19260
ENPSTUU;11617,11800,11824,15012,26100,27660,29374,29766,34095,34143
ENPSTUW;
ENPSTYY;11815,26574
ENRRSSU;17242,25872,26628,34284
ENRRSTU;4837,7306,7496,7671,17242,18970,18982,18989,18992,19214,19219,19260,29767,31512,32186,32234,32266,34240,34377
ENRRSUU;19174,20899,21641,32271,33302,33342,33351,34365
ENRRSUY;19206,29767,32109,32219,32266
ENRRTUU;7748
ENRRTUY;4834,6219,18754,19215,23322,29767,34097
ENRSSTU;
ENRSSWY;
ENRSTTU;24964,25480,32105
ENRSUZZ;
ENRSVWY;
ENRTTUY;11746,18760,18988,33298
ENSSSTU;6222,16902,17949,24777,30607,33747,34238
EOOOPRS;23309,26577,29365,29753,32623,32647,33566,33678,33697,34145,34336,34366,34381,34392,34413
EOOPPRS;7752,18275,22344,33701,34286,34420
EOOPPRU;24376,27673,27679,29757
EOOPPRV;28804,30577
EOOPPSS;27680,32187
EOOPRRS;7776,11747,11784,11831,16080,16271,18264,18277,19246,21183,22527,22576,24367,25380,26430,26464,28806,31518,32277,33330,33666
EOOPRRT;25873,26508,26509,29668,32276,34028
EOOPRSS;31710,32049,33353,33953,33955
EOOPRST;19106,19247,19269,22344,34392,34420
EOOPRSW;32277
EOOPRTU;19144,23317,26620,32637,34330,34337
EOOPRTV;4840,26469,28804,29668,32260,32276
EOOPRTW;
EOOPRVY;11803
EOOPRYZ;
EOOPSST;11834,14145,23326,24863,25459,32161
EOOPSSW;19072,24374,29675,29676,29720
EOOPTYZ;
EOORRSS;21184,22589,29774,30751,31298,33619,34284,34346
EOORRST;23327,25626,31245,32279,32280,32356,32499,32633,32646,32649,33345,33710,34303
EOORRVW;
EOORSSS;11786,11833,17334,18252,19146,25623,26636,26641,26643,26644,29606,31299,32221,32259,32615,32648,33354,33688,33707,33953,34217,34346,34384,34394,34399,34401,34417
EOORSTT;19269,19271,21185,23325,34358,34381,34420,34426
EOORSTZ;14993,19002,25340,31711,32142,34257
EOORSVW;14529
EOORTUW;
EOOSSST;17992,18286,19250,26641,26644,33354,33663,33690,33707,33709,34405,34406
EOOSSSU;18286,21169,23329,26567,26585,26644,29643,32615,33354,33405,33709,34285,34401,34406
EOOSSTT;7708,11834,25485,32236,34304,34415,34421,34426
EOOSSTZ;18281,32176,33550
EOOSTWZ;14995
EOOTTUV;18884
EOPPPRS;30634,31999,32284,33271,34286
EOPPPST;
EOPPRRS;19074,31417,32143,33272,33551,33602,33603
EOPPRSS;
EOPPRST;22344,32000,33274,34221,34222,34260,34420
EOPPRSU;4843,17914,18770,31499,32638,33314,33406
EOPPRSW;19074,19181,28657,32286,34305
EOPPRSY;18771,19181,21145,26646,30634,34111,34258,34286,34420
EOPPSSU;16082,31420,33553,33671
EOPRRSS;34350
EOPRRST;32908
EOPRRSU;19278
EOPRRSV;32647,33706,34388
EOPRRTU;16870,17957,18888,19272,25369,26518,32059,33277,34154
EOPRSSS;11833,19256,21186,26641,26654,33707,33711,33712,34394,34410,34431
EOPRSST;
EOPRSSU;28968,32603,32880,33352,33609,33699,33955,34414
EOPRSSW;11688,14907,19212,19277,32226,32249
EOPRSSY;18224,22145,23324,25874,26582,26634,26642,26646,33341,33353,33711,34400,34411,34425
EOPRSTT;29773,34358,34381,34420
EOPRSTU;21155,26627
EOPRSTW;16915,18958,19279,28662,29680,32549,32908,34395
EOPRSTX;19269,30609,32250
EOPRSTZ;14882,18960,30206,33899,34175
EOPRSUU;22543,22565,22574,32638,33314,33355,34430
EOPRSUV;4843,28815,34299,34388
EOPRSUW;17956,19213,19279,31520,32227,32286,33614,34305
EOPRTTY;19149,26640,30639,31301,31521,32263,32295
EOPRTUY;26627,32637,34116,34326,34330,34348
EOPRTVY;33283,34117,34265
EOPRTXY;26055,32015
EOPSSSS;22590,29685,31504,32065,32195,33284,34213,34228,34409,34431
EOPSSST;26641,33707,33711
EOPSSSU;21186,26652,33405,33712,34431
EOPSSTX;16912,19042,32294
EOPSTTU;22396,26653,28816,29773,34422
EOPSTTW;
EOPSTUV;19011,34260,34264,34388
EOPTTUW;
EOQRRTU;19251
EOQRSTU;
EOQRTUY;
EOQSTTU;19013,22113,26058
EORRRST;23327,26635,26649,34416
EORRSSS;13152,28008,28822,34346
EORRSST;
EORRSSU;22589,29653,29774,32072,32640,33581,33977,34284
EORRSTT;23080,25370,30721,32238
EORRSTU;34303
EORRSTV;14147,26546,26624,33345,33706,33710,34383,34388
EORRSTW;7709,11690,13153,19065,19076,19228,29680,32124,32302,33287,34121,34156,34178,34198,34303,34307,34343
EORRSTY;4846,17955,19169,19183,19229,19274,29767,33288,34089,34173,34249,34258
EORRSZZ;
EORRTTT;2741,22345,22530,22591
EORRTTU;22591
EORSSST;22447,33383,33608,33707,33711,33963,34157,34217,34225,34410
EORSSSU;19192,28357,28825,29345,29681,32075,32615,33315,33712,34431
EORSSTU;22448,30847,32357
EORSSTV;25627,26543,32357,32882,34276,34433
EORSSTW;18296,25474,31258,31427,31443,33584,34300,34347
EORSSTY;11845,16782,17946,18285,22147,26534,26629,26642,31266,32112,32305,33334,33350,33711
EORSSTZ;11646,22449,25358,32062,34268
EORSSWW;15021,19110,24380,26611
EORSTTT;22136,26109,26494,34404
EORSTTU;26109
EORSTTW;15005,19228,32302,32907
EORSTTX;11844,19269,34219
EORSTTY;18177,19229,21185,22536,25088,25446,30639,32166,32240,32295,33848,33964,34333,34420
EORSTUX;11846,16848,16877,32501,33960
EORSUVY;30879,32200,33216,34118,34349
EORTTTY;
EORTTUY;25447,29728,33298
EOSSSST;7258,7680,18553,18793,22590,30890,30898,32182,33349,34405
EOSSSSW;32183
EOSSTTU;19198,33651
EOSSUYZ;
EOSTTTW;30582,32302
EPPPSTU;19282,30644,32079,33300
EPPRRTU;19272,22148
EPPRRUU;31941
EPPRSSU;28012,31514,32184,33611,34183
EPPSSTU;26647,33938,34239,34407,34429
EPPSTUW;
EPRRRSU;22149,25502,28817,31276
EPRRSSU;15016,17236,18298,33352
EPRRSTU;30849,31946,32234,32272,33556,33673,34240
EPRRSUU;19174,26650,33302,33351,33519
EPRRSUY;26651,31276,33673
EPRRTUU;
EPRSSSU;11692,21186,26652,26654,28015,29777,30652,30899,34431
EPRSSTU;
EPRSSTY;22509,26642,31845,33711,34098,34184
EPRSSUU;19283,21171,32205
EPRSSUW;15011,16937,17184,28016,28682,30654,32093,34280
EPRSTTU;21189,26653,29773,34402,34422
EPRSTUU;15012,19030,29374,29385,29691
EPRSTUY;26627,33648,33673,34099,34116,34348
EPRSUVY;16288,34118,34349
EQRSTWY;
ERRSSTU;26261
ERRSSUU;23330,26656,29774,30611,34434
ERRSSUY;7779,22346,34427
ERRSTTU;6229,19219,19260,20734
ERRSTTY;19229,31434
ERSSSTU;10953,26070,29777
ERSSSTY;30632,31954,32045,32149,33307
ERSSSUU;19037,19286,19288,22540,29777,30899,32308,32583,34431,34434
ERSSTTU;
ERSSTTY;18299,22536,29618,33470,34179,34184
ERSSTUU;18908,19037,19038,19283,21172,22567,26656,33652,34279,34311,34352,34432
ERSSTUY;7767,16940,18232,33350,33398,33626,34102,34180,34427
ERSSTXY;26629
ERSSUVY;29690,32200,33309,34181
ERSTTTU;4718,7308,22587,26109,34404
ERSTTUX;
FFFGINU;
FFFILOT;
FFFLOSY;
FFGGINO;
FFGHINU;34441
FFGIIMN;11850,34443
FFGIINN;2746,11852,19292,32313
FFGIINR;11853,19292,19293,25508,26659,32324,34446,34447
FFGIINT;11851,32324,34446,34447
FFGIINV;30664
FFGILNU;34444
FFGIMNU;4856,34441
FFGINOR;19293,19294,19298,26659,34446
FFGINOS;32326
FFGINPU;
FFGINRU;4856,19292,26659,34441,34447
FFGLOOS;
FFGLRUY;
FFHHISU;
FFHIINS;19301,32319,34435,34436
FFHIISY;32329,34436,34453
FFHIKNU;
FFHILSU;
FFHILTY;19302
FFHILUY;19302
FFHIMSU;
FFHIOST;
FFHIOSX;
FFHOOSW;
FFHORSS;16957,32321
FFHOSTU;
FFIILMY;
FFIINST;11860,19305
FFIISUZ;
FFIKLSS;
FFILLLU;34444
FFILLSU;
FFILNSY;26660
FFILOST;4860,19307
FFILOUZ;
FFILPSS;
FFILPUY;
FFILRTY;34455
FFILSTU;16967,19296,19307,34451
FFILSTY;
FFIMNSU;19306,30675
FFINNSU;32348
FFINOOT;
FFINOPS;
FFINOPT;
FFINPSU;
FFINRSU;
FFIOPRS;
FFIOPST;
FFIORTY;29779,34446
FFIOSST;
FFIQSUY;
FFIRTUY;34447,34455
FFJMOPU;
FFKLORU;
FFLLOOU;
FFLMORU;32354
FFLNSUY;
FFLOOUZ;
FFLOSTY;
FFNORSU;
FFNORTU;
FFOOPST;24793
FFOPSTU;
FFRRSUU;
FGGGIIN;34458
FGGGINO;
FGGGINU;19318
FGGHIIS;
FGGIINT;4863,22593
FGGIISS;
FGGIISZ;
FGGIIZZ;
FGGILNO;
FGGILNU;19318,19320
FGGILOY;34467
FGGILUY;
FGGINOO;22593
FGGINOR;29782,32369
FGGINOW;
FGGINUU;
FGHHIOS;
FGHIINS;19332,19333,22594,25518,29783,32319,32374,34435,34436,34474
FGHIINT;34479
FGHIIPS;19333,34478
FGHILST;19330,22595,25520,32375,32376,32377,32378,32382,32386,32387,34473,34484,34485,34486
FGHILSU;22595,34486
FGHILTY;25521,34471,34480
FGHIMNU;34441
FGHINOO;34442,34460,34488
FGHINOU;29785
FGHINOW;
FGHIOSY;26667
FGHIRST;19334,34486
FGHNOOR;32322,34460
FGHORUY;
FGHOTUY;
FGIIKNN;
FGIIKNR;30693
FGIIKNS;26674
FGIILLN;26663,32402,34444,34499,34504,34505
FGIILMN;2750,19346
FGIILNO;11870,11871,19331,25525,26673,34467,34499
FGIILNR;11872,19331,26673,34467
FGIILNS;29787
FGIILNT;11851
FGIILNX;
FGIILNY;8626,11870,11872,19323,19349,19350,19351,22165,24389,26663,26665,28848,29793,32402,32404,34445,34461,34467,34471,34493,34499,34501,34504,34505,34508,34514
FGIIMNR;25526,26670,26677,29796,32408,32409,34518,34520
FGIINNN;32362,34462
FGIINNO;19332,22166,26671,26679,29797,32313,34495
FGIINNS;11874,11875,19322,19332,19333,19340,19344,26664,26679,32399,34464,34492,34495,34511
FGIINRR;19293,34476,34528
FGIINRS;22594,28852,29783,29796,32408,32416,32422,34474,34518,34526
FGIINRT;11876,25528,30695,32324,32409,32419,34446,34496,34498,34520,34524,34528
FGIINRY;11853,11872,11877,11880,11881,23333,26670,26678,26680,29793,34446,34447,34463,34467,34476,34479,34496,34498,34501,34508,34520,34524,34526,34528,34531
FGIINRZ;3711,11878
FGIINST;34497,34500,34521
FGIINSX;34527
FGIINSY;11881,19361,25527,26679,26680,28850,32416,32422,32423,34436,34445,34464,34497,34500,34501,34521,34526,34531
FGIINTT;4863,19357,19360,34529
FGIINZZ;
FGIKLNU;32314
FGIKNNU;26681
FGIKNOR;
FGIKNSU;34502,34532
FGIKNSY;34501,34532
FGILLNU;22599,34444,34505,34534
FGILMNU;17022,32428,34510,34535
FGILNOO;
FGILNOP;29791
FGILNOR;15033,19331,26673,34537
FGILNOT;
FGILNOU;7806,22596,34535
FGILNOW;7813,34537,34540
FGILNOY;11870,19366,26660,34467,34537,34541
FGILNPU;34466,34514
FGILNPY;19349,22165,34514,34541
FGILNRU;34482
FGILNSU;7810,24799,29787,30704
FGILNSY;26660,34445,34501
FGILNTU;32434,34482
FGILNTY;19350,19363,25521,29793,30700,34471,34508
FGILNUX;34535
FGILOOY;
FGILORY;7814,11886,19366,29794,34467,34537
FGIMNOR;15033,17023,19329,26677,26684,26685,34520
FGIMOSY;
FGINNNO;28039,30701
FGINNNU;32362
FGINNOY;26671,26678,26679,34537
FGINOOR;26684,26685
FGINOOT;22593,26685,34460,34488,34544,34545
FGINOOW;34539,34540
FGINOPP;
FGINOPU;
FGINORS;19375,27532,29783,29785,30157,30712,32445,34526
FGINORT;14047,17027,19294,32324,32369,32447,32448,34446,34520,34528
FGINOST;19377,19378,32326
FGINOSW;19375
FGINOSX;34527
FGINRRU;11888,15035,32365
FGINRSU;
FGINRSY;26680,32416,32422,34501,34526,34531,34532
FGINRTU;34482
FGINSSU;17015,19379,26661
FGINSTU;19378,32451,34475,34477,34478,34500
FGINTTU;19360,32434,34529,34545
FGINTUZ;
FGINUZZ;
FGIORST;32453,34522
FGIORTW;
FGISTUU;32436,32453
FGJLSUU;
FGLLNUU;
FGLLOWY;34547
FGLMSUU;
FGLNORU;32455
FGLNOSU;32456
FGLNPUU;
FGLOOUY;34546,34548
FGLORSU;
FGLORUU;10622,34548
FGLOTUY;34548
FGLSTUU;17053,32436
FGNOORU;28866,32322
FGNORSY;11890,26680,34526
FGNOSUU;29798,34513
FHHLSUU;
FHIILMS;32374
FHIILSY;28872,32329,34453
FHIILTY;34471
FHIINPS;19333,19384,28874,34478
FHIKLOS;32330,34549
FHILLSU;19389,22595
FHILOOS;29804,34484,34549,34552,34553,34555
FHILOSW;32472,32479,34552,34556
FHILPSU;19336,34486,34556
FHILPTU;25541,34486
FHILSUW;34556
FHINOSU;19392,22592,29785,34477,34557
FHINRSU;17067,19301,19392,29803
FHINSSU;22174,29803
FHINSTU;34473,34475,34477,34478,34557
FHIOOST;34484,34553,34555,34558
FHIOPPS;
FHIOPSX;
FHIORRY;34476
FHIOSST;14067,16998,19386,19391,19394,29806,32393,32487,34550
FHIOSTU;19392,32394,32488,34477,34557
FHIPPSU;
FHIPSTU;34478,34486
FHIRSST;34550
FHIRSTT;10638,11897,22176,32466,32467,32480,34489,34555,34559
FHIRTTY;29805
FHIRTUY;34479,34480,34551
FHISSSU;25540,25547,28879,32335
FHISSTU;
FHKORTU;
FHLNORU;27536,32396
FHLNSUU;34481
FHLOOSY;29804
FHLOPSU;34556
FHLPSUU;
FHLRTUU;34482
FHNOTUX;34487
FHOOORS;8628,26692,30750
FHOOORT;26693,34567
FHOOOTT;34488
FHOORSW;
FHORSTU;7817,19392,32394,32488,32500,32501,34490
FIIIKNN;
FIIKNRS;32519
FIIKNYZ;34491
FIILLMO;34504
FIILLMY;4882,11909,29810,34504
FIILLNS;22602,32521
FIILLPS;30759,34507
FIILLSU;19406,22605,28893,34507
FIILNOT;7283,17097,19411,25563,26698
FIILNST;30753,30766,32336,32337,32461,32528
FIILNTY;29793,34471,34573
FIILOST;19353,25567,32376,32526,34574,34575,34580
FIILPRS;11914,17096,28903,32403,32506,32530,34512,34579
FIILPTU;32523
FIILQUY;15048,19351,32404,34493
FIILYZZ;
FIIMMNU;34517
FIIMNRS;11917,19306,26699
FIIMSST;19358,24393,32513,32541,34570,34581,34588
FIINORS;11918,17062,17110,26688,26699,29783,32408,32544,32545,32546,34512,34525,34526
FIINOSS;17111,19386,26674,29780,29813,32460,32543,32545,34454,34495,34585
FIINRTY;19403,22598,25528,29793,32409,32417,32419,34446,34447,34479,34496,34498,34508,34520,34524,34528,34586
FIIOPST;32549,34525,34527
FIIPSTY;34497
FIIRTVY;34498
FIJLLOY;34499
FIJSTUY;21024,34500
FIKKLNO;
FIKLLSU;28893
FIKLLUY;
FIKLNOW;
FIKLNSU;
FIKLNUY;32469
FIKLRSU;
FIKLSTU;
FIKNNOS;
FIKNOSX;
FIKRSTU;10669,25579,30794,34502,34569
FILLLUW;
FILLMOY;15051,19419,34504
FILLNUY;11862,19404,22599,34505,34534
FILLOTU;11925,19420,30798,34534
FILLOTY;19363,34534,34597
FILLPSU;32563,34507
FILLSTU;17128,19389,19406,22595,30173,30800,32563,34598
FILMNOO;34536,34576
FILMOSU;19426,26705,28089,32557
FILMSTU;2772,17133,19389,19423
FILNNUY;15034,28925,34505
FILNORS;11930,17147,22180,26707
FILNORU;26706
FILNOSW;19424,32560,32564,32577
FILNOUX;19431,30810,34535
FILNSTU;25586,26720,29816,30814,30816,32347,34583
FILNTUY;
FILOOSU;10673,22185,26705,28932,29816,30817,34603
FILOOTW;34540
FILORST;5634,34555,34574,34595,34605
FILORSV;2777,19364,32569
FILORTU;19420,19425,26719
FILORTY;26718,32567,34577
FILOSSS;
FILOSTU;7824,19353,26720,29816,34583
FILPPUY;34514
FILPSTU;34486,34515
FILRRUY;
FILRSTY;34598
FILRYZZ;
FILSSUY;22608,34596
FILSTTU;
FILSTUW;30816
FILSTUY;7824,11934,22603,32563
FILSTWY;32387
FILTTUY;2780
FILUYZZ;
FIMMMUY;34517
FIMMORS;4892,19435,26704,26721,26722,32586,34606
FIMNORS;19437,19438
FIMNORU;19425,34510,34586,34607
FIMOORS;4893,19438,19439,24395,26721,26722,26723,26724,32590,32595,34543
FIMOORV;19441,32589
FIMORRT;19442,26709,26719,34522
FIMORTY;11896,26718,26725,29779,32567,34520,34577
FIMRTUY;34551
FIMSTYY;34521
FINOOSS;25598,26726,32482,32543,32573,32574,32600,32602,34610
FINOPRS;19444,29819,34512,34526
FINOPSU;
FINOPTY;29820,34523,34541
FINORSS;15037,16972,17074,19362,22611,28926,29813,29821,30837,32445,32458,32484,32573,32576,32600,32609,34452,34585,34604,34610
FINORST;19392,19437,19438,26724,32484,32586,32605,34559
FINORTY;2783,19430,26725,29820,34446,34520,34524,34528,34586
FINOSSU;19432,26726,28910,29780,32579,34454,34601
FIOORSU;11937,19439,22185,26727,29822,30817,32590,32595,32613,32614,34603,34612
FIOOSST;19446,21732,34542,34588
FIOPRST;11899,19393,26690,34605
FIOPRSY;26691,34526,34579
FIOPSTX;34527
FIORRTY;32448,32567,34528
FIORSUU;17180,17182,22188,25587,25594,25603,26727,32453,34603,34612
FIOSTTU;11921,19377,19380,26701,34557,34589,34612
FIOTTTU;34529
FIPPUYY;34530
FIRSSTT;15060,15062,17118,19412,19446,19447,32480,34604
FIRSSUY;34531,34532
FKLMOOT;
FKLORUW;
FKNOSTY;
FKOOORS;26692,32623
FKRSSUY;34532
FLLOOSW;15064,34533,34552
FLLOPTU;34620
FLLOSSY;32626,32628
FLLOSUU;7827,26731,32630
FLLOUWY;19451,34547
FLLSTUU;25613,34621
FLMMOUX;34535
FLMNOOU;
FLMNOSU;19426
FLMOOOT;32632,34536
FLMOORS;11944,15063,17209
FLMOORU;19454,26717
FLMORSY;11944,15783,17213,22607,32626,34579,34618
FLMORWY;
FLMSUUU;
FLNOORR;25616,28952,32495
FLNOOSU;26732,29808,34603
FLNOOSW;19424,29808,32564,32622,34533,34539
FLNRSUU;11933,30875,34603,34622
FLOOOTU;34538
FLOOPWX;
FLOORSW;34539
FLOOSUZ;
FLOOTUW;
FLOPSTU;17215,19455,25610
FLOPSUW;32456,34556
FLOPTUU;
FLOSUUV;
FLPRSUU;
FLRSSUU;10705,26734,30875
FLRSUUY;
FMNORSU;28120
FMRSTUU;
FNNNUUY;
FNNOORT;
FNOORRW;
FNOORSU;11937,19439,25600,26732,32500,32590,32643,34603
FNOPRTU;28940,29820
FNRSTUU;19339,19440,32350,32611,32644,34622
FNSSUUY;
FNSTTUU;17219,34622
FOOOPRT;
FOOOTTU;34545
FOORSSS;25623,32615,32648
FOORTTX;28969
FOPSSTU;34626
FORRSUW;7829,32616,32640,34608
FORRUWY;
FORSSTW;29821,34550,34616
FORSTWY;
GGGGIIN;19459,19460,34458
GGGHINO;29826
GGGHINU;22613
GGGIIJN;
GGGIILN;
GGGIINP;
GGGIINR;15070,17255,17256
GGGIINT;
GGGIINW;17256,19459
GGGIINZ;19460,34458
GGGIIST;
GGGIJNO;
GGGIJNU;
GGGILNO;29828,32655
GGGILNU;4897,19318,26738,29828
GGGIMNO;14153,19465,29828
GGGIMNU;22613,29828,32657
GGGINNO;26738,28972
GGGINNU;4897,19318,26738,28972,29830,34637
GGGINOR;29827,30901,32659
GGGINOS;
GGGINOT;17254,22199,29826
GGGINOU;22199,26738,28972,29828,34633
GGGINPU;15072
GGGINRU;34633
GGGINSU;
GGGINTU;22199,34633
GGHHIIN;
GGHHIOS;
GGHIIJS;
GGHIINN;11956,19468,29832,34459,34643,34648
GGHIINS;29831,32673
GGHIIPS;
GGHIIRS;34641
GGHIITT;32671,34640
GGHILOS;32677,34656,34657
GGHIMSU;32650,32678
GGHINNO;32679,34652
GGHINOS;32673
GGHINSU;11963,19470
GGHIOSW;34656,34659
GGHIPSU;34654
GGHLOSY;
GGHORSU;29834
GGHOSTU;34655,34660,34661
GGIIILN;19477,26742,29839,32681,34461,34664,34665
GGIIJJS;
GGIIKNN;
GGIILLN;4899,7831
GGIILMN;19484,28975,29839,29843,32683,34665
GGIILNP;28975,32686,34665
GGIILNR;34467,34665
GGIILNU;15074,22617,32690,32692,34631,34643,34670,34671,34673
GGIIMNN;17282,19325,32696,32697,34662
GGIIMNP;28975,32668,32696,32697,34665
GGIIMNR;3719,15076,19489,32696,34665,34678
GGIINNN;34670
GGIINNO;
GGIINNP;4901,4902,4903,22618,29845,29847,32696,32697,34685
GGIINNR;34648,34667
GGIINNS;29847,34464
GGIINNT;19327,29832,34648
GGIINNW;
GGIINNZ;30913
GGIINPP;34687
GGIINPR;22618,32696,34665
GGIINPS;4901,7833,29845,29847,34685
GGIINRS;20689,34678
GGIINRT;32682,32707,34667,34681
GGIINSU;32687,32690,34631,34673,34685
GGIINSV;17286,19484,19488,19496,34663,34689
GGIINTT;11968,19477,19479,20690,32671,32705
GGIIRRS;25630
GGIJNSU;
GGIKLNU;34652
GGIKNNU;34652
GGIKNOR;
GGIKNOS;
GGILLNU;24037,26747
GGILMUY;
GGILNNO;21192,26744
GGILNNU;4897,4909,19318,19486,19506,34670,34673
GGILNOS;15809,17298,19517,26741,30919,32687,32710,34656,34699
GGILNOV;
GGILNOW;22198,34701
GGILNOZ;26742,32688
GGILNPU;32686,34646,34695,34700
GGILNRU;19487,19518,29850,34695,34700
GGILNSU;22620,34673
GGILNUY;32724
GGILOOS;11967,19503,19521,34657,34699
GGILOST;19503,19521,34655,34656
GGILOSY;19505,19517,34693,34697,34699
GGILRWY;
GGIMMNU;4910,32729
GGIMNNU;34670
GGIMNOR;7311,19465,19523,25633,32728,34678,34695
GGIMNPU;19472
GGIMNPY;
GGIMNSU;19524,22211,22620,32678
GGINNNU;17310,19506,28986,32362,34670,34702,34704
GGINNOO;10734,19507,21192,32715,32733,32734,34679,34696,34703
GGINNOP;32735
GGINNOR;29852
GGINNOS;19522,25635,26748,29854,32730,34658,34659
GGINNOT;25635,32735
GGINNOW;
GGINNRU;22212,22618,29830,32719,32731,34702,34706
GGINOOP;17315,26739,34705,34707
GGINOOS;17298,34699
GGINOPR;15084,15816,17315,19523
GGINOPU;32686
GGINOQS;
GGINORS;7838,15817,19531,29827,32722,32730,34658
GGINORU;19504,29782
GGINORW;34708
GGINORZ;19493,32707
GGINOSS;19533,32746
GGINOUV;
GGINPPY;34677
GGINPRU;22618,28983
GGINRSU;22211,22620
GGINSTU;19533
GGINTTU;30934
GGIOORS;17301,19521,19525,28984,34657,34705
GGIPRSY;19520,34647
GGLLOOS;17294,19503,34710
GGLNSUY;32724,32750,34697
GGLOOOS;28995,32753,34699,34710,34712
GGMRSUU;22202
GGNOORS;19525,29834,34705
GGNOOSY;34699,34712
GGOORST;19521,19535,19536,28974,32740
GGRRSUU;
GHHHIIS;11975,34639
GHHHIST;34639
GHHIINS;25639,26751,34715
GHHINSU;7839,11978,23343,23344,34721
GHHIOPT;19539,34717,34722
GHHIRST;32760
GHHORTU;19552,34729
GHHOSSU;
GHHOTTU;19553,34469,34470,34727,34728,34729
GHIIIMN;34732,34733
GHIIKNO;29859
GHIIKNS;8642,11983,23345,32766
GHIIKNT;
GHIILLN;
GHIILNR;19331
GHIILNT;21739,29860
GHIILNW;34748,34750
GHIILRS;26769,26771,32370,34641,34647
GHIINNS;29861,32772,32774,32792,34735
GHIINNT;7840,11992,19559,19560,21739,22201,22624,26750,26777,29832,32671,32783,34459,34648
GHIINNW;
GHIINOS;7842,11985,11988,19332,19562,19573,26772,26775,29783,29861,29864,29866,29867,32673,34757,34762
GHIINPP;17360
GHIINPS;19333,19557,19564,19565,19573,19575,19578,22625,32774,32792,32800,34478,34762,34763
GHIINPT;17360,17362,30942,32791,32798,34478,34755,34763
GHIINRS;2801,7318,8646,10749,15093,17355,19573,20738,22594,23101,25639,29783,29866,32319,32782,34435,34752,34762
GHIINSS;32770,32792,34761
GHIINST;
GHIINSV;
GHIINSW;19565,19578,32799,34762
GHIINTT;17365,19559,30942,32671,34766
GHIINTW;32798
GHIINZZ;
GHIIOPR;6238,11989,19566,19573,19574,34438,34762
GHIIRST;19334,26771
GHIJNOS;
GHIKLNO;29859,34652
GHIKLNU;34652,34767
GHIKNNO;34652
GHIKNOO;
GHIKNOR;34768
GHIKNOW;32815
GHIKNST;12001,17266,19538,19581,30949,32812
GHIKNSU;7843,34738
GHIKNTY;19580
GHIKRTU;15096,19582,32813,34768
GHILLNU;19471,22224,22629,22630,32816,32817
GHILLSU;15098,17377,20740,22224,22595,22630,25661,32817,32819,34653,34718
GHILLTY;12004,19555,26760,34480,34642,34717
GHILNOS;26784,30957,32825
GHILNOT;34779,34780,34781
GHILNOW;34779
GHILNPU;4931,19472,34643,34646,34744,34772
GHILNRU;34744
GHILNSU;23348,24042,25670,29016,32817
GHILNSY;22630,25663,26784,26796,30963,32825,32829,34778
GHILNTY;10757,12009,12014,17394,25521,26760,26765,26795,27686,29860,30963,34471,34642,34745,34746,34772,34778
GHILOSU;
GHILPST;4934,4938,12010,19583,19596,19599,26768,26794,29872,34777
GHILPTU;19588,34646,34772
GHILPTY;34717,34772
GHILRTY;26797,34480,34745,34746,34791
GHILSST;12013,15087,19606,26799,29868,34719,34747,34790
GHILSTY;12014,19599,19607,30963,32387,34714
GHILSUY;22630,26796,34653,34718,34774
GHILTTY;17394,19607,34714,34791
GHILTWY;19604,26765,34746
GHIMMNU;32816
GHIMNNY;25648
GHIMNOS;4216,11988,12022,15101,17369,19581,19611,19612,30217,30969,30971,32678,32825,32848,34770
GHIMNPU;4931,19472,19609
GHIMNRY;12006,26801
GHIMNSU;19558,19609,23349,29019,30219,32678
GHIMRSU;24879,29019,34752,34792
GHIMSST;20743,26774,29868,30974,32756,34796
GHIMSTT;34720,34733
GHINNOO;20611,34798,34801
GHINNOP;12017,34802
GHINNOR;15102,25649,32679
GHINNOS;29861,34798
GHINNOT;22633,32859,34487,34797,34802,34805
GHINNTU;22231,22633,25681,26750,26777,26790,29021,29832,32680,32859,34487,34648,34797,34799,34802,34805
GHINOOP;7324,7847,19615,29873,30955,32864,34769,34776
GHINOOS;19611,30971,32673,32848,32866,34442,34798,34809
GHINOOT;6243,17384,34460
GHINOOV;29865
GHINOPP;7848
GHINOPS;19573,19611,25689,28150,29858,30979,32868,32871,34762,34763,34808,34812
GHINOPY;7847,21196,26739,26806,32870,32871
GHINORS;29783,32830
GHINORW;12021,24045
GHINOST;29858
GHINOSU;34798
GHINOSV;
GHINOSW;
GHINOTT;11962
GHINOTU;22633,32815,32859,32869,34768,34779,34797,34799
GHINOWW;
GHINPPU;19616,23346,32860,34760
GHINPPY;
GHINPSU;12031,17421,32800,32860,32861,34478,34763,34808,34812
GHINPSY;19599,19625,32871
GHINRSU;19470,34752
GHINRTU;19321,25681,25694,26753,32359,32392,32852,32869,34479,34648,34651,34755,34768,34799
GHINSTU;32807,34478
GHINTTU;26753
GHINTTY;17394
GHIOPSZ;17433
GHIORSU;19623,34813
GHIOSUV;
GHIPRST;4938,19576,19596,26811,29872,30980,32881,34650,34716
GHIPRTU;32869,34651,34755,34768,34810
GHIPSST;17434,17437,19577,34713,34790,34811
GHIPTTU;17438,32885
GHIQSTU;
GHIRSTW;10785,12037,15111,17430,19626,26771,32811,34716
GHISTTW;19626,26781,30947,32811
GHLMOOO;17446,32828,34773
GHLMOSU;19635,32887,34819
GHLNOSS;32890
GHLOOSY;22635,26815,32829,32894,34788
GHLOPSU;15114,22635,29869,32839,32843,34654,34821
GHLORUY;34791
GHLOSSU;32890
GHLOSTY;17464,19640
GHLOSUY;15114,22635,34718
GHLOTUY;26795,34791
GHMORSU;34490
GHMOSTU;19612,19635,34490,34720
GHMPRSU;17450
GHMPRUY;34774
GHNOOPS;4951,19611,22241,26816,32897,32903,32904,32905,34776,34777,34808,34821,34829,34831
GHNOPRY;17480,17482,19645,26806,32870
GHNORST;29876,31005,32902
GHNORUU;21582,29031,34726,34813
GHNOSSU;32890
GHNOSTU;
GHNOTUY;26795,32859
GHOOOSW;
GHOOPST;19648,19654,19656,19657,22634,34777,34808
GHOOQSU;34809
GHOORSS;19657,29879,34800,34832
GHORSTU;4955,19623,34490,34660,34813,34833
GHORSTW;32907,34833
GHORTUW;19552
GHORTUY;4956,19552,34791
GHORTWY;19552
GHOSTUU;
GIIIKNT;26825
GIIINRS;19683,21197,26831,26836,29043,29886,29890,29891,29894,32925,32928,34435,34734,34837,34863,34864,34865,34866
GIIJKNN;
GIIJLNT;7858
GIIJNNO;
GIIJNNX;34883
GIIKKNN;29897,32932
GIIKKNR;
GIIKLLN;4965,25715,26845,34884,34885
GIIKLMN;19346
GIIKLNN;
GIIKLNR;11965,26673,26845
GIIKLNS;32766,34895
GIIKLNT;34885
GIIKNNO;26852,29897,34897,34898
GIIKNNP;23359,26825,34901
GIIKNNR;4967,34892
GIIKNNS;34897
GIIKNNT;26825,26854
GIIKNNV;
GIIKNNW;17503
GIIKNNZ;34491
GIIKNPP;15130
GIIKNPS;4969,15133,32936,34886
GIIKNRS;4969,15133,32939,32943
GIIKNRY;34501,34889,34896,34904
GIIKNSS;15129,19701,26674,29899,32373,34739,34843,34902
GIIKNST;34902
GIIKNSV;12057
GIIKNTT;8656,23361,32945
GIILLLN;26758,34444,34905
GIILLMN;7831,26857,27688,32948,34668,34846
GIILLNN;7860,19482,19704,19705,20747,21745,22255,25715,25726,26743,29061,32772,32929,32951,32952,34505,34629,34668,34669,34845,34847,34848,34884,34906
GIILLNO;4971,7861,26857,34499,34847,34885,34906,34910
GIILLNP;4972,7860,25726,27689,34847,34905
GIILLNR;32933,32947,34742,34912
GIILLNT;4238,4899,4971,4972,7861,19348,19713,26760,29065,32953,34642,34669,34846,34884,34885
GIILLNW;
GIILLNY;20747,21745,22246,26663,26758,26760,27688,27689,27690,29065,29066,32402,32929,34499,34505,34508,34509,34846,34884,34908,34911,34913
GIILMNN;2823,4975,15135,17513,17514,17515,17516,17517,19664,19715,19717,29885
GIILMNO;15137,19716,19719,24401,26744,26857,29068,29839,32962,34906,34917,34920
GIILMNP;32962,34671
GIILMNS;21743,26859,28997,29885,34836
GIILMNT;4975,17515,17520,17522,19715,19716,19721,19724,25727,29860,34914,34917
GIILMNY;1499,15138,17516,27688,29860,34846,34914
GIILMPR;17277,32913
GIILMRY;15138,32963,34889,34914
GIILNNN;4977,4978,12072,19664,31020,34672,34928
GIILNNR;12073,19725,21748,27691,34890,34931,34935
GIILNNS;26664,26864,29792,29861,34511,34927
GIILNNT;4975,7864,19662,19669,19715,21739,26828,34851,34928
GIILNNY;23363,25734,26743,26764,26828,32929,32971,34445,34461,34505,34629,34668,34669,34851,34884,34894,34928,34932,34935,34936
GIILNOP;22267,29791,32686,32962,34847,34908,34930,34931,34943
GIILNOR;26673,26867,26868,34467,34852,34917,34931,34943
GIILNOS;25738,26741,32975,32977,32983,34927
GIILNOT;22640,29042,32953,34852,34885,34917,34928
GIILNPP;4984
GIILNPS;22625,34515
GIILNRS;26831,34837
GIILNRT;23364,34852,34914,34917,34935
GIILNST;
GIILNSV;4987,12062,12080,19484,19488,19675,19723,26817,29904,34837,34919,34927,34941,34951
GIILNSW;34437,34511,34915
GIILNTT;
GIILNTW;
GIILOSS;21586,22652,26872,31032,32965,33004,33010,34924
GIILOST;17353,19353,19755,19756,29077,29898,31031,32376,33007,34925,34953
GIILRST;19756,26771,26849,34503,34953
GIIMMNN;17557,19677,19715,34662,34664,34839,34840,34853,34854,34955
GIIMMNR;12087,33015
GIIMNNS;7868,11987,19344,19478,19558,19767,19768,22642,32399,32919,32920,32938,33019,33021,34839,34841,34853,34856,34857,34897,34898,34956,34958
GIIMNNT;7868,10815,15150,15154,15888,17282,17515,17561,17562,19559,19715,19717,19764,19767,25709,29081,32783,32920,33018,33021,33022,34753,34858
GIIMNPP;7869,22262
GIIMNPR;485,4991,15156,34858
GIIMNPS;12092,19564,19565
GIIMNPW;19565,32785,33028
GIIMNRT;19721,34520,34755,34858,34917,34957,34960
GIIMNRV;29886,31018,32948,33020,33030,33031
GIIMNSS;26880,33029,33032,34666,34844,34856,34859,34862
GIIMNST;
GIIMNSX;19678
GIINNNP;12072,19793
GIINNNR;34734,34756,34970
GIINNNS;4977,11874,12097,15148,21754,23367,26826,26882,34868,34927,34971,34975
GIINNNT;19793,19795,19796,26843,34870,34899
GIINNNW;34969
GIINNOP;12103,34847,34930
GIINNOR;19725,32940
GIINNOS;4995,19332,19726,19767,19768,19804,29792,29861,34511,34758,34759,34897,34898,34927,34973
GIINNOT;3741,4995,4996,15150,15162,17561,19726,19767,19804,29797,29915,33022,34753,34758,34759
GIINNPP;15130,19798,19805
GIINNPS;24053,27567
GIINNPU;19793,22618,29906,33041
GIINNRS;34890
GIINNRT;34496
GIINNRU;6842,7873,12090,15152,17528,19725,21202,21748,22618,24055,27691,32413,32934,32960,34519
GIINNSW;34511
GIINNTT;29092,32671,32705,32783,33045
GIINNTU;6251,12107,12110,15159,19494,19793,19795,19796,26750,26777,26843,26854,26883,29797,29832,29915,34683,34737,34870,34881,34883,34899
GIINNTV;4247,4996,12108,12110,19792,19796,19802,23370,26888,32705,32969,34933
GIINNTW;26777,29915
GIINOPS;19573,19818,23372,29918,34526,34762,34988
GIINORS;22663,26772,34518,34678,34762,34988,34990
GIINORT;32324,32784,33030,33063,33064,34446,34520,34528,34633,34852,34917,34994
GIINOSY;21593,26679,33032,34916,34967
GIINOTT;11968,12106,12111,19360,19670,19745,19746,19791,19825,20613,23361,26897,33063,34529,34766,34992,34994,34995,34997
GIINPPP;19826
GIINPPR;19805,19826,25653,25759
GIINPPS;7833,23372,34687
GIINPPT;7869,17360,19798,32798
GIINPPY;34530
GIINPPZ;4984
GIINPQU;17288
GIINPRS;29894,29918,34526,34762
GIINPRZ;19574,19734,19819,26877,29894,31044,34863,34877,34943,34991,35002
GIINPSS;12092,19564,19577,34859
GIINPST;2835,34478,34497,34515
GIINPSW;19565,19578,32799,34685,34762
GIINPTT;4997,5004,17576,19728,29092,30942
GIINPTW;32798,33068
GIINPTY;19749,19750,19830,29895,32417,34497,34523,34876,34877,34932,34992
GIINQRU;19489,32992
GIINQTU;
GIINRRS;6844,7877,12120,19752,34989,34990,35000,35002
GIINRRT;19481,19691,19692,19817,34528
GIINRRY;32419,32993,34476,34528,34949
GIINRSS;25762,30231,31062,34516,34741,35004
GIINRST;12124,34878
GIINRSV;34837,34866
GIINRSW;15157,29909,34678,34762,34900
GIINRTT;26893,29921,33063,33072,34986,34993,34994,34995
GIINRTW;34994
GIINSST;12115,15168,19693,19820,26889,29920,34878
GIINSSU;7874,17015,20751,22654,26858
GIINSSW;
GIINSSZ;
GIINSTT;12050,24899,25724,33080
GIINSTU;24900,32807,34477,34478,34500,34763,34903,34996,35001
GIINSTV;33080,34689,34941
GIINSTW;
GIINSVW;15166,19488
GIINTTT;5000,19696,33080,34529,34766,34996
GIINTTW;19825,34994
GIINVYZ;
GIINZZZ;
GIIORSV;33005,34953
GIJKNNU;
GIJKNOO;
GIJKNOS;7881
GIJKNOU;
GIJLLNO;
GIJLNOT;19838
GIJLNOU;19836,19838
GIJLNOW;
GIJLNSU;
GIJMNPU;35005
GIJNOTT;33092,35008
GIJNRUY;33089
GIJNSTU;17609,21040,33085,34500
GIJNTTU;33086,33091,33092,35008
GIKKNNO;29897,29927
GIKKNOO;7883
GIKKNOY;29927
GIKKNUY;35009
GIKLNOO;19841,21203,26900,26901,29859,35011
GIKLNOP;26847,31075
GIKLNOS;35012
GIKLNRU;7886,15172,22283
GIKLNSU;19849,31074,33095,34891,35012
GIKMNOS;7881,17369,17623,19581,19852,19854,34897,34898,35013,35014
GIKMNRU;6254,12129,15172,33098
GIKMNSU;21207,21757,23349,33098,35014
GIKNNNO;7888,26852,35013,35015,35017
GIKNNOO;19850,21599,35015,35018
GIKNNOP;
GIKNNOS;17623,19843,25768
GIKNNOT;35018
GIKNNOW;19851,35015,35018
GIKNNOZ;
GIKNNSU;12139,22284,25767,26855,26904,31074,33085,35016
GIKNOOP;22286,25769,26901,35019
GIKNOOR;19850,33100,33106,35015,35018,35019,35020
GIKNOOS;
GIKNOPR;12140,17628,22286,25769,33107,34768,35019
GIKNOPS;12000,17628,31075
GIKNOPU;31082,34768
GIKNORT;33102,33103,34768,35018,35019,35020
GIKNORW;19851,35015,35018,35019,35020
GIKNORY;
GIKNOST;34902,35012
GIKNOSU;21757,22284,26783,26904,34902,35012,35014,35016
GIKNOSY;26784,33105
GIKNOTU;19847,21208,22666,26844,26856,26905,26906,31076,31082,32815,34768,34885,34902,35011,35012,35014,35020
GIKNOUY;
GIKNRSY;19840,34501,34532,34889,34896,34904
GIKNSTU;19849,34502,34903,35012,35014
GIKNSTY;33105,34894,34896,34904
GIKRSTU;34502,34903
GILLLNO;7890,15898,34690
GILLLNU;34444,34905
GILLMNU;20752,22599,22629,22665,22668,22670,27695,32816,33112
GILLNNU;19705,19864,22619,31086,32427,33115,34505,34691,34845,34906,35023
GILLNOP;19861,25771,33111,34769,34847
GILLNOR;7897,17643,17644,21045,26900,34690,34692
GILLNOT;4256,4971,19363,19502,19586,32953,33127,33129,34534,34885,34910,35028
GILLNPU;17648,33112,34886,34905
GILLNSU;29931,32712,32819,34507
GILLNUW;7899,33128,34910
GILLNYY;14261,19860,29066
GILLOOS;10848,17294,19503,19875,19876,24408,26786,26907,31092,32822,33134,34533,35021
GILLORS;26786,35010,35021
GILMMUY;22668,35036
GILMNOO;5026,17670,19841,25775,26857,33144,34536,35036
GILMNOR;5026,15033,17023,17672,19719,22259,22292,31102,33146,34695,35037
GILMNOT;19716,19841,19881,19882,26912,34536,35039
GILMNOY;12141,17672,19882,21046,32826,35036,35037
GILMNPU;4931,19472,34671,34772
GILMNRU;12160,15172,19721,34510,34917,35037
GILMNSU;
GILMPSY;17678,19720,19888,33147,34774,34888,34916
GILNNOO;7896,12143,19507,19893,19894,21192,26861,26918,32715,34696,34930
GILNNOU;7904,19725,19836,26919,33156,34906,34931,35037
GILNNOW;34537,35049
GILNNRU;7904,17528,17693,17700,17701,19725,19836,19864,32718,32960,33161,34931,34935,35037
GILNNSU;20753,22632,26863,26864,29016,33095,34481,34673,34891,34934,35047
GILNNTU;2852,4909,12008,12133,15181,15182,19506,19592,19837,19877,19902,19903,34767,35047
GILNNUV;17701,17706,19903,31086
GILNOOP;10858,12166,17670,19878,19894,25665,25775,25785,26791,26792,26901,29937,30955,34769,34930
GILNOOS;29135,32977,34938
GILNOOT;7865,8661,17384,17695,19841,25666,34701,34779,35011
GILNOPP;
GILNOPR;22267,25785,26868,29937,33146,33167,33173,33174,33177,34780,34942,34943,35058,35059,35060
GILNOPS;31075,33173
GILNOPT;25776,26794,33121,33176,33178,34541,35058,35061
GILNOPU;32686,33156
GILNOPW;
GILNOPY;19890,19897,19898,26868,29937,33177,34932,34943,35060
GILNORS;20633
GILNORU;19504,19725,19836,35037
GILNORY;5038,12167,19706,19742,19899,19910,26868,33124,33181,33186,34537,34908,34943,35027,35037,35060,35062
GILNOSS;29928
GILNOST;30238,31123,33178,35050,35058,35061
GILNOSU;12079,12147
GILNOSV;26921,29075,29904,31116,32968,32977,33159,34919,34927,34941
GILNOSW;15177,29932
GILNOSY;3756,6258,7906,12171,19913,26660,26784,31122,31124,33188,34697,34784
GILNOTT;33127,33190,34781
GILNOTU;19838,19846,31076,32953,33127,33128,34779,34885,35011
GILNOTV;32969,34852,34941
GILNOTW;7813,34540,34701,34779
GILNOVV;26918
GILNOVW;32984
GILNOWY;29936,33186,34537,35027,35062
GILNPPU;3757,19907,33156
GILNPRU;5042,17648,26830,29938,32718,34744
GILNPSU;17698,31107,32990,33095,34886,34891,34948
GILNPUY;34514,34772,35065
GILNRSU;30704
GILNSSU;19870,19885,22650,26661,34636
GILNSTU;31104,33191,33196,33198,35047
GILNSTY;2854,5643,7906,12014,12171,19599,19881,19913,22674,30963,33178,33198,34778,35032,35047,35050,35056,35058,35061,35066
GILNSUY;8662,19913,20753,26796,29935,34697,34950,35047,35065,35066
GILNUVV;
GILNVYY;
GILOORS;23376,26786,28984,29135,34657,34953,35021
GILOOSS;17737,22652,29145,30920,31136,32366,32965,33152,33202,34924
GILOOST;8663,12016,12175,17740,19503,19521,19755,19876,19886,19887,22627,26767,26873,29898,30706,30966,31031,32435,32842,33007,34484,34925,34953,35077
GILOOTW;34540,34701,34779
GILORTT;17741,26752,26930,29940,33217,34781,34791
GILORTY;3759,4937,5038,19899,19910,19926,26797,34791,35050,35058,35070
GILOSTT;7914,19876,19886,25801,26873,26931,32435,32842,33007,33009,34484,35076
GILOTUY;34791
GILRSTY;22681,35032,35050,35058,35066,35070,35075
GILRTUY;5048,34480,34698,34791,34935,34950,35032,35066
GILRYZZ;
GILSTUY;22674,33198,34950,35032,35047,35066
GIMMMNU;
GIMMNOT;19716,19928,19929,25803,26874,32728,35083
GIMMNOV;
GIMMNPU;19929,33223
GIMMNRY;12087,34914
GIMMNSU;34853,35084
GIMMNUV;
GIMMORS;12179,15187,17763,19931,34518
GIMNNOO;19932,22683,31147,32715,33221,33226,33227,33228,33229,33230,34897,35013,35085,35088
GIMNNOR;15189,19851,19933,22313,26684,33099,33227
GIMNNOS;22642,22683,29078,31147,32919,33021,33221,33226,33228,33229,33230,34770,34841,34856,34857,34897,34898,34958,35013,35088
GIMNNTU;31151,32428,32657,33223
GIMNOOP;17670,19878,25775
GIMNOOR;5026,19610,26684,26801
GIMNOOS;12185,15191,17756,23379,26853,29908,30971,31147,32848,33221,33226,33229,33230,34897,35013
GIMNOOT;7887,19841,26912,34536,35085
GIMNOOV;32698
GIMNOOZ;29908,30972,33144,34960
GIMNOPP;31100
GIMNOPR;4991,17775,19523,19941,26877,29124,31154,32437,33027,33028,33146,34695
GIMNOPU;19941,33027,34695,34958
GIMNOPY;12181,26878
GIMNORS;
GIMNORU;26677,29126,33027,34510,34695,34917
GIMNORW;12021,19851,25808,31154,33028,33099
GIMNOSS;31155,33029,33032,34856,34859
GIMNOST;34770
GIMNOSU;12185,21757,22645,22683,34958
GIMNOSW;15177,19768,19852,29128,34898
GIMNPPU;9740
GIMNPRU;5059,19540,19941,19944
GIMNPSU;5059,19524,19609,19941,19944,34958
GIMNPTU;5060,33141,33223
GIMNPUY;34772
GIMNRSU;1511,3766,5059,19944,34752,34866
GIMNSSU;29153,33239,34636
GIMNSTU;31104
GIMNSTY;5064,15193,17772,17782,19881,19884,33238,35088
GIMNUZZ;
GIMORSS;35087,35091
GIMORSW;
GIMOSSY;17800,33032,33152,34924,34967,35042,35089
GIMOSTU;4300,19887,33114,34720
GIMRSSU;17792,19297,19889,22317,29086,29114,30925,33225,33239,33246,34926
GIMRSUU;22671,35084,35092
GIMSTUY;33238,33247
GINNNOO;12198,19932,21764,29941,34703,35015,35085,35093
GINNNOR;7383,12198,15195,17802,19933,26941,29942,32856,34703,34756,34799,34970,35015,35094
GINNNOW;15179,26941,29941,34703,34969,34974,35015
GINNNPU;19793,33041
GINNNRU;26941,29942,34702,34799
GINNNSU;7917,15974,33043,34975
GINNNTU;15159,15196,19506,19793,19795,19796,19877,19934,24413,26843,26883,34737,34797,34799,34870,34881,34899,35017
GINNOOS;22683,23380,35006
GINNOOW;26943,29853,29941,29946,34703,35015,35018
GINNOOZ;26861,29941,34930
GINNOPS;15199,35046
GINNOPY;19898,24414
GINNORS;15199,19951,29944,34705
GINNORU;17811,19526,19725,19836,19856,23381,24919,25810,25818,25826,26941,32441,32679,33088,33089,33255,34681,34799,35094
GINNORW;19851,33252,35015,35018
GINNORY;19508,24415,26678,31070,33089,33255,34524,34537,35037,35050
GINNOSS;29947,30247,31165,34495,34856,34873,35082
GINNOST;25635,30248
GINNOSW;7882,12205,19768,19951,34511,34659
GINNOSZ;7905,29914,34857,34872
GINNOTW;1514,12205,15200,19373,19527,22633,29915,29946,33103,33104,33252,34683,34974,35018
GINNPRU;17820,19952,22618,25678,28860,29132,33041
GINNPTU;15202,19729,19793,19808,25783,25829,26854,33223,33258
GINNRSU;5075
GINNRTU;34799
GINNSTU;30928,33085,33258
GINNTTU;26893,31151,33086,34802,34805,34899,35017
GINNTUW;17833,19373,19527,22633,26777,29915,34683
GINNTUY;15182,19592,19837,19902,19903,32859,33255,34698,34767,34935
GINOOPP;35108
GINOOPR;2866,12166,17315,19615,22286,26805,26806,26901,32864,34707
GINOOPS;
GINOOPT;35093,35108
GINOORS;19525,19959,22274,23353,25684,25838,29135,33100,34938,34989,34990,35006
GINOORT;22662,24931,25685,25841,26906,26946,33270,34460,34970,35106
GINOOSS;7920,26944,29899,34800,34809,34989,35112
GINOOST;5079
GINOOSW;15205,21216,33269,34533,34539
GINOOSY;15191,21216,26808,33230,35088,35089
GINOOTT;12111,12207,17837,19949,19960,21217,22324,34544,34545,35106,35108,35111
GINOPPP;35007
GINOPPS;23372,31168
GINOPPT;19798,31183,35108,35114
GINOPPU;19907,31183,35108,35113,35114
GINOPPW;
GINOPRS;15199,19573,19733,19906,34512,34526,34762,34942,35059
GINOPRT;12028,12209,23126,25764,32447,33044,33121,33283,34722,34780
GINOPRU;15106,29873,33027,35113
GINOPRV;32864,32870,33177,33283
GINOPRW;29948,34762,34810,35019,35117
GINOPRY;12209,19961,19965,26806,26868,29937,34526,34908,34942,34943,35027,35058,35059,35060
GINOPSS;12187,15985,17776,19880,23127,29928,29930,33029,33284,34859
GINOPST;3771,9742,26794,29858,34541,35061
GINOPSU;34958,35096
GINOPSW;29171,32868,33281,34709,34762,35117,35119
GINOPSY;19967,34526
GINOPTT;34722,34802,35108,35120
GINOPTU;19968,31082,31183,31188,34992,35108,35120
GINOQTU;10897,24090,25849,35111
GINORRT;4310,5078,7919,7921,14330,17807,17846,19691,19817,19957,22233,26952,26958,29949,30257,32440,32448,32737,32857,33064,34528,35114
GINORRV;24936,25853,29098,29174,32738,32745,33064,33182,33289
GINORSS;35112
GINORST;
GINORSU;22663
GINORSV;
GINORSW;19375,19951,34539
GINORSY;
GINORTT;26946,29921
GINORTU;19856,19957,19969,20750,34799,34882,35094
GINORTW;15200,15208,34994
GINOSSS;12189,17813,29919,33157,34688
GINOSST;29100
GINOSSU;23382
GINOSSW;33253,33293,35112
GINOSTT;
GINOSTU;33299,34689,34996
GINOSTV;4312,5079,5083,9743,19378,24944,25854,32876,33295,34689,34941
GINOSTW;12205,33104
GINOSTY;2868,7906,12171,17782,19881,24093,24945,33178,33238,34541,34778,34784,34967,35056,35061
GINOTTT;12191,33092,34529,34766,34997,35008,35120
GINOTTU;5056,19360,19825,19968,21208,25849,26897,33091,33092,33127,33189,33190,33257,33299,34529,34545,34992,34996,34997,35008,35017,35108,35111,35120
GINOTTW;19624,19825,34994,34997
GINOTUW;15208,17851,19373,19527,19825,19969,22633,26856,29915,31188,32815,33128,34540,34683,34701,34779,34974,34994,34997
GINOTUZ;34991,34995
GINOTWZ;
GINPPPU;33300,35100,35113
GINPPSU;17421,17632,19948,31201,32860,34760,35096
GINPPTU;31183,35108,35114
GINPRRU;26778,29949,34707,35114
GINPRSS;
GINPRSU;19944,19976
GINPRSY;31056,32416,33194,33280,34526,34876,35058,35059
GINPSSY;
GINPSTU;15202,19808,25861,32451,33196,34478,34515
GINPSTY;5085,19599,19749,32451,33178,33280,34497,34541,34876,35056,35058,35061
GINPSUW;19944,31201,33131,34685,34709,35119
GINPTTU;5060,35108,35120
GINPTUY;19965,29895,32450,32451,34772
GINPTUZ;29105,34991
GINQTUY;33198
GINRRSU;17842,17869,17871,19978,27581,33053,33073,33286,35121
GINRSST;34516,34686,34878
GINRSTU;
GINRSTY;24953,25832,34865,34876,34878,34904,35032
GINRSUU;5046,12214,17849,21615,22663,22686,23383,29167,35084
GINRTTU;5063,12125,26753,26893
GINSSSU;4922,17874,19976,23384,24407,29153,31132,34968,34985
GINSTTU;30934,33091
GINSTTY;19974,32423,34936
GINTTTU;33092,34529,34766,34997,35008,35120
GIOOPRR;12032,26952,32444,33266,34707
GIOORSV;31160,33005,34953
GIOPRRU;12035,29949,34707,35114
GIOPSSS;29919,31137,33082,33135,33284,34688,35116
GIOPSST;17434,19925,29150,29183,33008,33082,34790,35073,35091,35123
GIOPSSY;25698,29875
GIOPSTU;35068,35077
GIORRSU;17322,17797,17842,22337,25852,26899,29027,32452,32749,33286,35121
GIORSTU;19380,19983
GIORSUV;34981
GIOSSYZ;33084,33139
GIPRSTU;17880,33219
GISWWYY;
GJLMUUU;
GJNOOSU;35006
GJNRSUU;
GJOORTT;29185
GKKNOOS;
GKLOSWY;
GKMOOSU;35014
GLLLOOR;19990,34690
GLLOOPS;19992,26907,28250,31092,31229,32822
GLMMSUU;
GLMNOOO;17896,28993,33144
GLMNOOS;19987,26961,35127
GLMNUUU;
GLMOOOR;34773,34820
GLMOOYY;22340
GLMORUW;
GLNNOOR;34696
GLNNSUU;22632,26864,27583,29189,33328,34481
GLNOOOS;35053,35054
GLNOOOY;19534
GLNOOPR;12166,26901,29937,29953,35024
GLNOOPY;26792,29937,29954
GLNOOSU;12229,19905,20003,21214,26924,26961,31239,33322,33331,33333,34821,34938,34940,35127,35128,35129,35130
GLNORWY;33124,33186,34537,34547,35027,35062,35129
GLNOSUW;32456,34821,35129
GLNOTTU;19846,22679,33127,33190
GLNOUYY;35128
GLNPSUU;34785,35064,35065
GLOOORY;19534,26963,35041,35070
GLOOOTY;19995,34711,35070
GLOOOYZ;
GLOOPRS;7853,17459,19475,19543,19634,34657
GLOORUY;32754,34548,34725,35033,35078,35080,35129
GLOOSTU;17740,19635,19887,19905,19992,20004,30997,31239,34940,35068,35077,35130
GLOOTUW;34540,34701,34779
GLOPSTU;19992,35068,35077
GLORSSY;33136
GLPRSUY;20007,34774,35065
GMMOSUU;35083
GMMPUUW;33339
GMNNOOS;22683,31147,33221,33226,33228,33229,33230,33340,34897,35013,35088,35131
GMNOORU;33324
GMNOORW;25808,29197
GMNSTUU;35083
GMNSUUZ;
GMOOPRS;17795,19545,19634,19648,31252,32897,34543
GMOOSTU;5106,19635,19887,34490,35014
GMORSUU;7416,19998,20017,33319,35092
GMORTUW;
GMPSSUY;
GMRUYYZ;
GNNOORS;29944,33100,34705,34829,34830,35006,35097,35099
GNNORUW;22684,26941
GNNORYY;
GNNOSUW;29201
GNNOUUY;
GNNRUUW;
GNNSTUU;34804,34807
GNOOORS;10942,19955,26951,35133
GNOOOSS;33165,35053,35125
GNOOOYZ;35134
GNOORST;13176,17926,19300,20013,20019,21219,29876,29957,33345,35133
GNOPPSU;20018,35096,35101
GNOPRTU;29953,32455
GNOPRUU;34706,35110
GNOPRUW;34810
GNOPSTU;19652,20018
GNORTUU;19532,22688,26959,34726,34813,35094,35110
GNOSTUU;17944,26956,26959,29955,29957,33346,35083,35130
GNPSUUW;
GOOOORS;
GOOPRST;17951,19648,19654,19656,20019,22344,26953,33267,35109
GOORSTT;12219,20016,35074
GOORTUW;
GOORTUY;34548
GOPRSUW;17956,35124
GORRSTU;3785,5110,20017,35121
GORSTTU;4878,19380,19983,24965,31268,31274
GORSTUY;
HHIIPPS;
HHIISTW;26969,33358,34716
HHIMRTY;
HHINNSU;
HHINORS;12247,35136
HHIOPST;5127,12243,12249,20025,20027,20029,20032,25884,25885,33366,33382,35138,35141
HHIORSW;
HHIOSTT;7935,31288,33369,33374,34720,35141
HHISSTW;
HHMMSUU;
HHMOOPW;
HHMRSTY;5126,22694,33389
HHOOSTT;10972,22695,33387,35156
HHOPPTU;33406
HIIIKRS;20042,20043
HIIISTV;
HIIJKNS;11983
HIIKLMS;33415
HIIKMOS;20048
HIIKNNS;34738
HIIKNOS;19384,26991
HIIKNPS;12261,12262,17998,19384,22699,33416
HIILMTU;20051,31307
HIILNSY;28872,29245,33432,34453
HIILPST;10982,12237,12265,25912,26984,30301,33411
HIILPSU;15236,22625
HIILPTY;20022,29862,33437
HIILRTT;12272,33435,33437,35171
HIIMMSS;27000
HIIMNNO;34732
HIIMNSX;33445
HIIMPSW;19565,35177
HIIMRSU;10990,27005,29963,33450,34752
HIIMSSS;27006,32463,33418,33447,33448,35178,35179
HIIMSST;26774,27000
HIIMSTT;15239,33358
HIINNOT;5132,11992,12280,12281,20056,22696,27008,34756
HIINORS;15240,17062,19573,20735,25908,25931,26688,26772,29259,29783,29864,29866,29964,29972,34757,34762,35167,35181
HIINOSS;15240,19386,19562,27010,29259,29866,29867,32460,34743,35175
HIINPPS;16109,18020,25932,25934
HIINPSS;12286,24433,25935,26689,27010,29244,32792,33444,33447,34754,35175
HIINSSW;29260,33448,33459
HIINSTW;
HIIOPRS;3790,12291,15094,19573,20660,23397,27001,29261,29262,29964,29968,33449,35167,35182
HIIOPRW;
HIIOPRZ;18007,19574
HIIORST;20043,20048,20704,22362,29977,35182
HIIPPTW;32798
HIIPSSW;29976,33459,35177
HIIPSXY;
HIISTTT;18023,26757
HIJNSSU;
HIKLNOT;
HIKLSSU;
HIKLSUY;32469
HIKMNOS;12303,17369,19581,24988
HIKMOTV;
HIKMRSU;27017
HIKMSUZ;
HIKNNOR;
HIKNNTU;
HIKNOOU;
HIKNOSW;12306,15244,27021,35187
HIKNPSU;12262,22699,34738
HIKNRSS;12305,18031,18038,18039,19387,20047,32770,35186
HIKOORS;29270,33479,34549
HIKOPSY;25955,33473,33478
HILLOPT;2900,12319,19588,21961,34717
HILLOPY;12314,12318,12319,27028,34717
HILLPSU;12315
HILLRSS;7439,29965,33486,34741
HILLRST;7951,22703
HILLRSY;18051,26970,33425
HILLRTY;20073,34480,34551
HILMMOU;
HILMOPS;7440,18056,20075,22707,33361,33490,35166,35195
HILMOSS;12267,20079,20080,22368,25972,27018,28285,29868,31336,33485,33496,35199
HILMOSW;20078
HILMPSU;18064,20083,33498,35195,35197,35199
HILMSSY;12329,19590,20080,20084,20085,35165,35199
HILMSUY;9757,34554,34774,35197,35199
HILMTUU;
HILNNTY;12009,19592,31344,34767
HILNOPY;12269,12314,18057,20050,21223,25980,27030,27031,29984,33474
HILNORY;12334,20086,22226,25980,32832
HILNOTY;8701,11036,12324,18078,19586,26795
HILNPST;4934,12010,19596,19598,19599,20091,25912,26794,30313,33411,33492,34777
HILOOST;7954,8702,12016,22627,22813,26767,29871,34553,34777,34787,35138,35202,35203
HILOOTT;28287,35137
HILOOTZ;11042,20087,30967
HILOPST;26794,29872,34777,35138,35141,35202,35203
HILOPXY;27031
HILORSY;14437,15253,24439,29804,29988,33478,35202
HILORTU;20051,29279,32813,34791
HILOSST;7958,19391,20093,24420,24445,26799,27018,29868,29987,34790,35185
HILOSSW;32332,33506
HILOSTU;25991,31364,32759,32846,33487,33512,34655,34783,34784
HILOSTW;12345,29870,29871,34656
HILOSTY;7956,15241,15253,20027,31362,33363,33366,33369,33495,33513,33515,35141,35202
HILOSVW;
HILOSWY;20078
HILOTWW;33368,34789
HILPRUW;15248,34744
HILPSST;5144,20091,34790,35203
HILPSUY;34554,34774,35197,35199
HILSSTY;18098,20085,25010,31371,35161,35193
HILSTTY;7458,7936,18052,18084,33369,35141,35193
HILSTWY;31371,32387
HILSTXY;
HIMMPSU;29250,33527,34793
HIMMRSU;18101,20076,20095,30316,33528,34752,34792
HIMMSTY;
HIMNOOS;2916,11057,24446,26993,27037,30971,31375,32848,33488,33524,33525,33533,33535,33536
HIMNOPR;2917,12354,20028,35194,35208
HIMNSSU;20100,20105,22174,25993,26002,31378,33546
HIMNSTU;33532,33545,34557
HIMNSTY;
HIMOORS;20099,22709,24446,33529
HIMOPRS;23397,26691
HIMOPSS;20080,20101,35199
HIMOPST;26010,31382,33495,33527,33549,33552
HIMORST;5135,20048,20069,22694
HIMORSW;
HIMORTU;20051
HIMOTTY;27044,35196
HIMPRSS;5134,12370,30318,33452,34754
HIMPRSY;16153,24448,26015,26691,27043,29294,33497,34554,34774
HIMPRTU;20106,22708,33526,34755
HIMPTUY;20030,33557,34772
HIMRSTY;20069,22694
HIMSSTU;12369
HIMSTTY;
HINNNSU;
HINNORT;
HINNOST;3798,15257,18068,25960,26018,33500,33560,33561,33563
HINNPSU;14454,25978,27009,29299,32860,32861,33532
HINOOPS;7962,12373,20113,26975,27049,30001,34776
HINOOPT;7953,15259,29999,35213
HINOORT;20087,29999,33534,34460
HINOORZ;15261
HINOOSS;15263,20100,20116,29302,32482,33530,33569,33570,34800,34809,35180
HINOOST;7954,29970,31375,33500,33524,33533,33535,33536,33560,33570
HINOPPS;4416,18071,18108,18142,18145,35214
HINOPSS;11092,12376,18074,22369,25025,27010,27033,27051,31398,33444,33504,33540,35175
HINORST;21777,22706,22711,27052,30004,30005,34559
HINORSU;12378,19392,19623,20095,20099,23412,25931,25982,26033,26038,27011,27052,33585,34813,35181
HINORSY;15254,15265,20118,23413,26034,27049,27052,29989,29996,30004,33574,33582,34764,35187,35214
HINOSST;29806,35215
HINOSSW;29302,29806,33565,33584,33589
HINOSTW;22711,27021,30005,33589
HINPPSU;32860,34760
HINPSSU;20091,27010,27033,27051,35190
HINPSTY;5159,18081,19599,20114,20118,29971,30004,33492,33591
HINPTUW;34810
HINRSTU;5160,7963,19392,20108,20121,23169,26022,26038,27011,27052,33545,33585,33586,33592
HIOOPRS;15252,20113,29974,31396,31416,33479,33510,33566,33595,33598,34558,34657,35191,35192,35202,35216
HIOORSU;20099,29317,29974,29992,33600
HIOOSSV;
HIOOSSW;29302
HIOPPPS;
HIOPPSS;20122,20126,35145,35183,35217
HIOPRSU;26033,34556
HIOPRSW;33598,34556,35192
HIOPSST;12376,12382,17434,20117,20122,20123,23406,27023,29978,30009,34790,34811,35188,35217
HIOPSSY;15269,20080,20109,21227,25698,29324,29875,35145,35199
HIOPSTU;12339,20032,20088,31423,33512,33527,34763,34808,34812
HIORSSU;18174,21630,23417,26012,26809,27013,27056,27061,29326,29874,29994,30002,30742,32477,32880,33600,33609,35221,35223
HIORSTY;12385,18177,20069,20118,22694,23418,26054,26811,27052,33574,33582,33606,34764,35202
HIOSSTT;5157,7958,8716,12389,20093,34790,34811,34816,35215,35222
HIOSSTW;27023,29806,34816
HIOSTTU;18179,29977,31364,31430,34557
HIOSTUW;33586,34765
HIOTTUW;
HIPPSTU;33464
HIQSSUY;
HIRSSTT;34814,34816,35144,35220,35221,35222,35223
HIRSTTU;2938,15112,20121,25965,29977,33468,33592,35223
HIRSTTY;18177,23418,31434,33470,33559
HISSTUZ;
HJNNOOS;
HKKLOOS;
HKKLOOZ;35184
HKKOOSY;33473
HKKOSTU;
HKLOOYZ;
HKNOOSS;28323,30011,33618,35225
HKNOOSU;24455
HKNOOWW;
HKNSSUU;22384,22705
HKOOOPT;7950
HKOOPSU;33617
HKOOSST;20132,29331,29978,31438,33477,33616,35185,35188
HKOOSVZ;
HKOPSSY;
HKORSWY;15273,35187
HLLOOOS;22717,34817
HLLOOSU;
HLLOOSW;18199,33623,34552,35192
HLLOPSY;5171,12405,27028,30012,31448,33421,33624,35147
HLLPSUY;
HLMNOTY;12324,31454,33627,33628,35196
HLMNPYY;
HLMOOSS;25972,32492
HLMORRY;
HLMOSTY;18205,29275,33363,33495
HLMPSSU;5176,22718,35199,35232
HLMPSUY;34554,34774
HLMRTUY;31452,33628,34551
HLOOPSS;29967,34776,35203,35233
HLOOSTY;20147,23419,27071,35202,35203
HLOOTUW;34779
HLOPRTY;12338,20092,32895,33511,34823,35148
HLOPSTY;5178,17464,17984,18221,20027,20144,20147,20148,31294,31362,31461,33366,33495,33513,33515,35141,35203
HLORSTY;12413,15253
HLOTUYY;34562
HLPRSUU;33519,33522,34785
HMMMSUU;
HMMNOOY;27073
HMMOOSU;19643,29982,35236
HMMRTUY;31452
HMNOPSY;11182,29335
HMNOPYY;
HMNPSUY;18234,20154
HMOOPRS;19545,19634,19644,19648,20137,33617,33666,34566,35150,35153,35230,35240
HMOOPSW;
HMOORSS;22709,29356,32492,33665
HMOOSST;12415,20132,22709,27039,34794,35211,35241
HMOOSTY;
HMOOSUU;27029,30013,35241
HMOOSYZ;34827
HMORSUU;5168,20111,31486,33630
HMSTUYZ;
HNNOOPS;20039,20112,33499,34829,35207
HNNORSU;13180,20158,23185,23412,29363,35244
HNNOSTY;2956,15257,20160,33561
HNNOSUW;29997
HNOOPST;20039,26093,29361,33679,35245
HNOOPSU;32905,33568,34808,34821,34831,35245
HNOOPTY;35154,35213
HNOORSS;27065,34568,34800,34832,35155,35180
HNOORST;16255,29876,30021,31498,32499,33682,35246
HNOORSU;6866,15228,20099,24455,27066,29034,29229,29370,29834,29877,30014,33636,35239
HNOOSTU;21780,24464,29970,34721,34801,34808,35245
HNOPSSY;12421,34825,35226
HNOPSTY;5178,20118,20144,26098,29971,30004
HNORSTY;15265,15284,18268,20118,20166,26098,27052,30004,31477,33574,33639,33695,34764,35244,35246
HNORTUW;33583
HNOSSTU;20159,23188,31505,35244
HNOSTUU;21780
HNOSUWY;
HNOTTUU;34805
HNRTTUU;34564
HNSSTUU;33696
HOOOOPS;22719,35156
HOOOORS;27068,27079
HOOPPST;17991,18275,19654,20167,26093,33403,33679,35138
HOOPRST;19648,19654,19657,20170,20171,27034,27080,35191,35202,35240,35246
HOOPSSY;29875,29878,34825,35233
HOOPSTT;20124,20163,20170,27022,27080,35156,35245,35246
HOOPSTU;20170,20171,34808,35240,35245
HOOPSTY;12383,20143,27071,35202
HOOQSSU;33600,34809
HOORRRS;
HOORRST;6868,7976,18274,22712,26050,26697,30023,32499,33710
HOORSUZ;27079
HOOSTTU;20170,22396,26096
HOPRSTU;20032,20156,20170,20171,30017,35240
HOPRTTU;5187,34729
HOPRTUW;
HOPSSSY;18291,20127,33711
HOPSSTU;
HOPSTUU;19652,34812,35234,35241
HOPSTUY;18292,20144,30017,31509,33648
HORSTTW;22713,27024,27062,32907,35250
HORSTUU;18229,20111,26107,33585,34813,35223,35234
HOSSTTU;24459
HOSTTUU;
HPPSSUU;33671
HPRTTUU;34729
HRSSTTU;34814,35221,35223,35253
HRSSTUY;18232,33398,33612,33626,35244
IIIJJLN;
IIIKMNN;26824
IIIKMNS;26822
IIIMRST;18310,18324,20187,20190,20191,20192,26130,26131,33732,33736,33738,33740,33741,34570,34864,34865
IIIORRS;26841,33749
IIIRSTT;6872,7987,12442,18317,20190,20197,20210,23391,35272,35276
IIISTTW;34874
IIJKNPU;
IIJKOPR;
IIJLLNO;34499
IIJMMNY;
IIJMNOS;
IIJNNOT;27104
IIKKLNY;28367
IIKKNPS;
IIKKORS;33757,34879
IIKKSSS;33757,35281
IIKLLMY;
IIKLLSY;
IIKLMNP;
IIKLMRY;
IIKLNOS;33766
IIKLPSY;34895
IIKLRSY;3812,34896
IIKMNOR;24187
IIKMNPS;22699
IIKMNSS;2965,15129,19701
IIKNNOS;26991,27107,27108,34898,34900
IIKNOSS;18304,26674,29899,34902,35284
IIKNPPS;33774,33777
IIKNSSS;26163,33773,35281
IIKOSST;34902,35285
IIKOSTT;
IIKPSUW;
IILLLSY;33781,35290
IILLMNO;26116,26857,33783,33784,33785,34906
IILLMSY;12452,22701
IILLNOP;34847,34908
IILLNOZ;
IILLNST;3813,5201,7994,13183,35259
IILLNTT;530,20224,35163
IILLPSU;26168,29433,33790,34507,34886
IILMNOS;26993,30026,33813,35301,35304
IILMNSS;20254,20255,35305
IILMORS;12071,12462,15313,19718,20240,22607,22651,26704,27118,32520,33813,34579,35306
IILMOSS;18398,18399,22652,22731,32965,33820,33821,34923,34924,35283
IILMSTU;11275,12468,12471,18404,27623,29394,33790,34580,35280,35282,35291,35308
IILMSTY;12471,20192,27092,34922,35301,35304
IILNNOT;1562,5132,5207,15317,20193,20248,20266,26698,34928,35298,35313
IILNNSU;12473,20267,26863,26864,33724,34582,34673,34891,34934,35312
IILNNTY;7864,19350,25734,26828,29071,32508,33808,34573,34669,34675,34851,34884,34894,34928,34932,34935,34936,35313
IILNOPT;5200,5209,20194,20268,21786,26997,35168,35314
IILNORS;2979,5219,8009,12432,12454,12462,19410,26707,35136,35167,35169,35312
IILNOSV;29904,34919,34927
IILNOSY;6302,19739,20228,21248,27121,30027,30037,33816,34916,34942,35301,35304
IILNPPY;34578
IILNPTU;19729,20278,34646
IILNPUV;34905
IILNRST;5219,5222,5223,7994,8009,15235,15322,20256,20281,26707,26849,35136,35169
IILNRSV;5222,33767,33813,33839,34837,34951
IILNSST;5213,20276,28384,29395,31533,31566,31577,31579,31580,31581,32337,32461,32528,33814,33838,33840,33841,34572,35262,35263,35303
IILOPRT;8012,26154,27122,27127,35168,35314
IILOPST;
IILORTV;20230,20266,27127,33728,34852
IILOSTV;5220,25119,26186,27125,31574,33824,33847,35287,35308
IILPPYZ;
IILPRVY;27127,33436
IILPSST;21250,34945,34946,34947
IILPSTY;5228,12494,19749,26984,27092
IILPSWY;
IILRTYZ;
IILSTTT;18377,18447,22436,31601
IILTTUY;6305,8005,8011,20278,20288,20289,30028,35313
IILTTWY;
IIMMMNU;34517
IIMMNSU;12503,34752,34853
IIMNNOS;22642,26200,27096,32919,33021,34841,34856,34857,34898,34956
IIMNOSS;1568,19562,20305,22732,29813,34585,34856,34859
IIMNOSU;15336,18479,19774,20252,20303,29468,34918,34919,34963,35304
IIMNOTX;5230,15334,27131
IIMNPRT;5236,18468,20300,20301,27136,33035,34755,34858
IIMOPSU;7943,20303,22422,34958
IIMOSST;29478,32513,32541,34570,34588,34923,35268,35325,35326,35327
IIMOSSU;22734,26215,29478,32541,33815,33903,35300,35323,35326,35327
IIMRSST;23423,27100,30025,32542,33443,33453,33871,33909,34570,34581,34588,34907,34926,35256,35323,35325
IIMRSSU;12469,20254,20311,26206,26219,29086,29461,29479,31614,33826,33860,33871,33888,33903,33909,34926,35323
IIMRSTW;34864
IIMRTTU;20294
IIMRTUV;18490,26207,35320
IIMSSSZ;
IIMSSTT;27100,27101,35322
IIMSSTU;12514,19358,20309,26215,32541,33871,33873,33903,34867,34926,35323,35326
IINNOOP;18504,27141,34930
IINNOPS;27009,27107,35312
IINNOTU;8024,15317,18505,19494,29797,29915,33830,33910,34681,34683,34881,34882,34883,34974,35311,35313
IINNPSY;
IINNQSU;26776
IINNQTU;31047,32923,33052
IINOPSS;32543,33029,33444,33794,33931,34743,34859,34978,35293,35299,35300,35334
IINOPST;15348,20322,27107,27148,29971,30045,35338
IINORST;8009,8027,15351,15353,20334,30039,30045,35273,35338
IINORSV;5256,15353,20333,20334,35181
IINORTT;26986,31642,33063,33798,33936,34590,34994,34995
IINOSSV;20275,29904,30036,31644,33833,34873,35303,35334
IINOSUV;19824,20227,26891,32546,34689,34919,34981,35181
IINOTTU;6886,8024,12533,18528,19360,19825,20304,20337,26897,27145,34529,34590,34766,34992,34994,34995,34997,35302,35313
IINPPPS;
IINQRUY;
IINRSTU;26892,27011,29925,30045,34903,34950,34986,35001,35273,35276,35338
IINRTTY;20212,20338,31661,33949
IINSSST;12536,15355,20060,20279,22664,26163,26249,27151,32465,33057,33461,33840,34591,35275,35339
IINSTTU;12538,19417,22655,22659,25574,26881,33746,33941,33942,33947,35276
IINSTTW;
IIOOPPS;20329,30042,33952,34988,35333
IIOOSTT;12527,26873,33007,33748,33776,33957,35336
IIOPRSS;1575,12515,12541,15359,18550,20312,20331,20343,20344,21226,24490,26712,29815,29976,33802,33843,33897,33898,33931,33955,34584,35177,35183,35285,35334
IIOPSTY;29971,33892,35278,35347
IIORSSV;8020,20275,26252,33898,35334
IIORSTV;35343
IIOSTTU;8029,11921,29977,32550,33961,35349
IIOSTUV;27125,34689,35308
IIPPSUU;
IIPRRSU;35000,35001,35002,35338
IIPRSST;27153,29814,29815,34581,34584,35285
IIPRSTU;20307,29925,30045,34903,35001,35276,35338,35344
IIPRSTY;12294,20215,20353,27015,34876,35347
IIPRTVY;19830,20216,20353,27127,33969
IIQSTUV;
IIRRSTT;20314,20316,20347,24234,24491,26262,27138,31552,31683,33961,35272
IISSSTZ;
IISTTZZ;
IITTTZZ;
IJJMSUU;
IJJSTUU;
IJKLLOY;
IJKMOSU;
IJKMSUZ;
IJKNOSS;34880
IJLLLOY;
IJLLOTY;
IJLMPUY;
IJLNOQU;
IJLNOTY;27158
IJMNOPS;
IJMNOSS;
IJMOOST;35280,35350
IJMOSSS;
IJNNOTU;34881,34882,34883
IJNORSU;18574,20355,20356,21662,24494,26898,26899,35006
IJNOTUX;34883
IJRSSTU;12446,31541,32517,33978
IKKLOOY;
IKKMNOU;
IKKNNSU;
IKKNORT;
IKKNSUU;
IKKOOPY;33473
IKKOPYY;
IKKORRS;21256,26273
IKKSUUY;
IKLLOTU;34885
IKLLPSU;34886
IKLLSTU;12554,35282
IKLLSUY;35009
IKLMNPU;
IKLMOOS;22453
IKLMOPS;
IKLMOSY;
IKLMRUY;
IKLMSUY;
IKLNNSU;7562,15305,31074,31699,33095,33982,34891
IKLNOOS;18589,20218,33093
IKLNOOT;19841,35011
IKLNORT;7885
IKLNOSU;14668,26783,35012
IKLNOWY;
IKLNPSU;19849,33095,34886,34891
IKLNRWY;
IKLNTWY;27705
IKLOOST;22627,29898,33096,34595
IKLOOTT;
IKLOSSU;
IKLSSSU;
IKLSTTU;
IKMNNPU;
IKMNOOO;
IKMNOOR;19850
IKMNOOS;26853,31702,35013,35014
IKMNORS;
IKMNOSW;
IKMNPPU;27163
IKMNRSU;27017,33098
IKMNRTU;
IKMOOST;22456,31702,33987,35014
IKMOSSU;
IKMPRSS;33974
IKMSSTU;20359
IKNNNOS;35013,35016
IKNNPSU;
IKNNPTU;26854,34901
IKNNSTU;12139,26855,26904,33085
IKNOOST;
IKNOPRW;33107,35019
IKNOPST;5269,27107,33988
IKNORSW;8033,12306,15244,27640,35187
IKNORTW;33103,35018,35019,35020
IKNPSTU;19849,34903
IKOORTT;
IKORSTU;18602,26291,27164
IKOSSTU;34902
IKPRSSU;22019,26288,33482,33974
IKPRSSY;20068
IKPRSTU;25200,25964,34903
ILLLOWY;18606
ILLMNOU;9837,20223,22740,34906
ILLMNRU;22670,22740
ILLMOOR;12568,27166
ILLMOOT;12568,27166,33783
ILLMOPS;3836,5276
ILLMOSU;22461,22741,24499,25772,27109,27167,27168,32557,33114,34011,34012,34575,35291,35355
ILLMPUY;29979,33484
ILLMSUU;22671,27168,34015,35189,35353
ILLNOOY;9838,12565,20367,20376,20380,32559
ILLNOQU;12578,26908
ILLNORU;8038,12579,12580,17643,22740,22743,23449,29540,31732,35026
ILLNOST;26714,35358
ILLNPUU;35029
ILLNSUW;32561,33131
ILLNTUY;3023,8031,18635,19874,20385,22674,33129,33133,34022,34025,34027,34534,34694,35032
ILLOOPY;20367,20380,20764,23450,32559,34597
ILLOORZ;
ILLOOWY;
ILLOPRY;5291,12154,12318,12586,15176,27025,34032,34908,35027
ILLOPST;5283,5290,5292,8037,11926,22024,26305,26308,27174,31737,31738,33804,34006,34011,34909,35260,35294,35358
ILLOPSW;11398,19867,32472,33804,34033,34552,35288
ILLOPWY;
ILLOQUW;
ILLOSTU;20381,20383,22290,22461,22467,22727,22729,27172,31737,33114,34011,34575,35291,35355,35358
ILLOSUV;27168
ILLOSUY;12581,20377,27175,29981,34718,35353
ILLOSWW;19869,30033,33805
ILLOTUW;33128,34910
ILLOTXY;
ILLOUVV;27170
ILLOWWY;
ILLPPUY;
ILLPSUV;29433,34026
ILLQQSU;
ILLQSSU;35295
ILLRSUY;7580,12156,14698,22462,26970,34037
ILLSTUY;22674,22729,32563
ILMMRUY;18660
ILMMSSU;15371,20070,20394,31097,31755,34599
ILMMSUU;21260,22468,34038,34040
ILMNOOT;22745,25214,26313,26316,26318,26912,27177,29437,33783,34049,34536,35039,35365
ILMNOOY;20367,27179,35036
ILMNOSU;35304
ILMNRSU;26914,27017,33819
ILMNSSU;12605,19885,20254,22650,27181,34596,34601,34636,35300,35305,35369
ILMOORY;20413,22472,22678,26718,35041,35373
ILMOOSS;16421,21673,21794,22473,22652,22676,32965,33152,34923,34924,35035,35042,35354
ILMOOSV;27186,35306,35368
ILMORSW;15380,21674,22748,27644
ILMORTU;12613,15381,18675,19420,19425,20051,20371,20392,20402,20407,26719,27166,34061,34917,35044
ILMOSTY;5308,6332,12162,12612,19881,19888,20370,20399,29275,29547,33363,33495,35301,35374
ILMOSUY;7903,19426,26916,27167,33825,35197,35199,35353
ILMPSSY;22731,27184,29553,31775,34042,34057,35165,35199
ILMPSTU;5311,8046,20083,20412,35375
ILMRSSY;20085
ILMSSUY;19885,34596,35199
ILMSTUY;12471,12606
ILMUYZZ;
ILNNOOY;20376,27158,35049
ILNNOPS;5314,12621,18406,18714,20422,26341,33499,34068,34929,35046,35048,35312
ILNNORU;7904,19725,19836,34931,35037
ILNNSUY;17705,20377,20753,22482,29935,34697,35047
ILNOOPS;27112,30055
ILNOOPV;19894
ILNOORS;29135,33167,34074,34603,34938
ILNOOSS;18589,20218,32574,35379
ILNOOST;30055,35365
ILNOPPS;5217,5325,12477,35380
ILNOPRU;26706
ILNOPST;8037,26794,34541,34777,35056,35058,35061,35365
ILNOPSU;5328,25230
ILNOPSY;21248,35301,35360,35371,35383
ILNOPYY;15250,19898,27179,33179,34021,35057,35059,35060,35061
ILNOQSU;34067,35367
ILNORST;26707,35136,35169
ILNORSU;6335,6893,18574,20355,20406,20433,23456
ILNORTU;3852,8791,12632,12640,19425,20392,20402,20407,22743,35200
ILNOSST;3058,5039,5300,5318,5331,5332,8054,12169,12644,12645,12646,15377,19391,19432,19911,20273,20276,20361,20404,20430,27181,35262,35263,35303,35369
ILNOSSU;8054,12645,15320,19432,20434,23457,27119,27181,30036,34601
ILNOSTU;3853,5333,15251,20252,20274,20383,20435,34583,35304,35372
ILNOSTY;22489,23243,25238,30027,30037,34016,34541,35061,35301,35304,35372
ILNOSWY;20078,27027,32560
ILNOTUV;20229
ILNPRSU;
ILNPSST;20091,20430,20436,20437,26926,34945,34946,34947,35315,35369
ILNPSTU;22490,28519,33191,33196,34095,34099
ILNRSTY;5223,5338,5342,7955,20281,35032,35066
ILNSSTU;27181,35369
ILNSSVY;
ILNTTUY;7911,8011,8056,19902,20278,34694,35066,35313
ILOOORS;23460,34605
ILOOPST;15388,29939,30055,34605,34777,35040,35056,35068,35077,35138,35170,35202,35358,35365
ILOOPTT;18768,26923,26930,27035,29940,32580,34597,35137
ILOORST;34555,34595,34605,34953,35191,35202,35384,35386
ILOORTY;6895,12633,15368,19926,20092,20413,20439,23461,26718,26797,33511,35070,35202
ILOOSST;29987,35204,35354
ILOOSTY;15388,20370,20413,20439,27171,27173,35202,35203,35374
ILOOWYZ;
ILOPPSY;15324,18771,24478,30054,35055
ILOPRRY;34059,34114
ILOPRSY;15392,27190,34579,34942,35059,35383,35389
ILOPRUY;34032,34114,34116,34118,35389
ILOPSST;34790
ILOPSSX;31827,34073,34084,34088
ILOPSTT;35375
ILOPSTU;3069,8046,12339,12663,20412,20440,22751,27174,35068,35077,35375
ILOPSUY;12661,12663,26383,26384,29981,34032,34114,34118,35197,35199,35389
ILOQRSU;18783,26193,35351,35363
ILORRSY;20386,27652,34089,34114,35078
ILORSTU;35391
ILOSSTY;34036,35042
ILOSTTW;12345,18644
ILPPSSU;35173
ILPPSTU;
ILPRSUY;34554,34774,35065,35389
ILPSTTU;20440,20443,22310,31847,34948,35375
ILPSTTY;5228
ILPSUUV;
ILQRSSU;20094,32727
ILRSSTU;27195,30058,34602,34719,35045,35378
ILRSSTY;
ILRSTUY;5342,20281,20418,31819,34099,34102,34116,34122,34950,35391
ILRSUUV;20445,32582,35391
ILRTTUY;34791
ILSSTTU;8051,8061,20359,20421,34954
ILSSTTY;35161,35193
ILSTTUU;8064,19924,20435,35377
IMMMOSS;20446,20447,27196,31860,33856
IMMNOSS;12349,12672,20446,20447,22732,24508,26390,27130,27198,31863,33985,34125,34126,34585,35035
IMMNOSU;20095,27197,28544,29589,30061
IMMNOUU;18817,26391
IMMOORS;26722,27201,34129
IMMOOSS;23464,24508,26390,26398,27130,27198,27202,31863,34126,35035
IMMOPTU;19929,33526
IMMOSSU;26403,27202,27654,34599
IMMOSTU;5355,8041,29546,31871,33866,34600,35083
IMMOSTW;
IMMSSTU;15371,20394
IMNNNOU;19934,19935,34607,35086
IMNNOOR;12351,20077,20396,26684,33227,34607,34957
IMNNOSW;19768,29592,34124,35397
IMNNSTU;18103,21133,26412,27205,31884,31886,31888,32588,33532,33876,34044,34132,34143
IMNOOPP;27163
IMNOOPT;8802,20397,22501,34135
IMNOORR;20098,24281,25997,32589,32732,33227
IMNOORS;19439,20099,20455,20766,35401
IMNOORT;8803,12598,20249,20402
IMNOOSS;5359,12683,12686,20100,24508,27039,27198,27210,35402
IMNOOST;21263,21264,27199,27212
IMNOOSU;6900,12185,12687,18850,19439,20453,20457,20766,21263,22683,27197,30061,32590,33229,35014,35089,35297,35368,35401
IMNOOSY;15191,21264,22677,24283,27209,27212,33230,33525,34127,34150,35088,35089,35366,35403
IMNOOUX;
IMNOPPU;27163
IMNOPRW;18856,31154,31896,33028
IMNOPSU;11535,18838,19941,20303,26409,26421,27213,34155,34958,35195
IMNORRU;20098,31902,34154
IMNORTY;35196
IMNOSST;22754,27039,27210,30063,35369,35398,35402,35404
IMNOSSY;18841,20305,20405,20464,29292,31909,33032,33491,33541,33985,34141,34967,35089,35398
IMNOSVY;
IMNRRSU;
IMNRSTU;
IMOOPRX;31926,34167
IMOOSSS;26006,30040,34171,35406
IMOOSSU;20100,27185,27202,35089
IMOOSTV;17796,18881,20469,27186,33894
IMOPRSS;30066
IMOPRST;34962,35090
IMOPRSV;35324
IMOPRTT;12693,18887,26434
IMOPRTU;18888,18889,20371,33526,34061,35044
IMOPSST;35268
IMOPSTU;8046,20303,20412,34011
IMORRRS;33895,33902,34964
IMORSST;21797,27210,30063,34570,34588,35354
IMORSTU;3096,5368,8069,15403,15404,20448,20461,21266,34608
IMORSTY;22694
IMOSSTU;6344,12369,20474,22710,22754,23452,35326
IMOSSYZ;35198
IMOSTTT;5374,12519,20315
IMOSTUV;
IMOSTUW;15404,30065,34608
IMPRSSU;5310,5371,20375,20471,30066,35408
IMPSSTU;
IMQRSSU;3870,20311,29614,33909,34176
IMQRSUY;
IMRSSTU;26406,30833,31706,31875,31920,33871,33909,34131,34926,35045,35378
IMRTTUY;
INNNOOR;12198,34187,34188,34607,34703,34970,35015
INNNORU;25810,26941,29154,29942,34607
INNOOPS;12677,20112,26341,33499,34190,35207,35397
INNOORS;19525,23411,26268,26454,27217,33100,33976,34190,34194,34705,35006,35097
INNOOST;5357,20112,20205,20453,22512,22513,33500,33560,33981,34196,35270,35397
INNOPRY;
INNOPSY;33561,35207
INNORST;5378,19437
INNOSSU;23382,23467,26726,26948,27119,27144,27219,35082
INNOSTU;29997,35409
INNOSUY;20377,29935,34697
INNOSWW;20488,34973
INNQSUY;
INNRSTU;35409
INOOPRT;15259,27707,29999,35410
INOOPSS;30000,35334
INOOPST;12721,30055,35358
INOORSS;7920,12722,15410,20479,26944,27222,34800,34989,35087,35112,35334
INOORST;
INOORSZ;34990
INOORTT;26946,27047,27216,30069,35106
INOOSST;8075,20116,22733,35322,35330,35402,35414
INOOSUX;20499,34077
INOPPST;29646,34080,34209,34221,34222,35333,35412
INOPRSS;23468,30000,35334,35415
INOPRST;27148,30045,30070,35338,35352,35382
INOPRSU;5384,20455,22757,27208,27213,27224,30045,30062,30070,35338,35412,35413
INOPSST;5386,12376,20273,20404,23468,26482,28613,29647,31968,32010,34225,35209
INOPSSU;11596,12729,18941,18953,26483,27658,29638,30003,31398
INOPSTT;27148
INOPSTU;30045,30070,35338,35412,35413
INORSTT;34489,34559
INORSTU;35273,35338,35339,35409,35412,35413,35417
INORSUU;12214,17849,20508,22663,23383,25603,26423,26959,27226,27229,29972,30062,33585,34139,34234,34603,34813,35342,35382,35417
INORSUV;12736,20406,20433,20454,34981,35181,35401,35417
INOSSTT;22754,27160,34604,35262,35322,35330,35337,35340,35404,35415
INOSSTU;7666,8054,8077,18867,19432,20339,20431,20434,20449,20507,21691,22070,22754,22758,29657,32607,33933,33978,34159,34161,34218,34235,34238,35323,35339,35340,35404
INOSSUU;12729,22759,23470,26498,27229,34140,34202,34601
INOSTUW;33586
INPRSST;23468,29814
INPRSTU;30045,35382,35412
INPRSTY;5338,20118,20492,28636,30488,33280,33574,33591,34222,34227,34876,35058
INPRTUY;32450,34097,34099,34206
INQSSTU;19979,20342,34984,35004
INQSTUY;33198
INRSTTU;
INSSTUU;18763,19980,26498,27229,34189,35104
INSTTUW;19973,33951,34987,35119
INTTUWY;
IOOPRSS;8814,15410,20425,20438,20479,24490,26712,27232,30000,30841,31710,31924,32049,33206,33953,33955,34248,35073,35188,35418,35419
IOOPRSV;35316,35343
IOOPSTY;12383,15388,20114,27209,29817,33211,33549,33892,34106,34150,35056,35076,35203,35403
IOORSSS;22516,29606,30040,30073,32615,33953,34217,35406,35418
IOORSST;3127,22760,27232,33956,34255,34588,35069,35073,35354,35419,35420
IOORSTT;12219,22712,34555
IOORSTU;22531,22760,26251,27232,29822,32614,34212,34218,34251,34255,35344,35409,35412,35413,35419,35422,35423
IOOSSSS;22518,33213,34213,35414
IOOSSST;8075,30073,35414
IOPPPRT;18945
IOPPPST;
IOPPRST;5396,12660,12741,15390,20441,25343,28656,31419,31821,32000,33552,34209,34221,34222,34260,35393,35412,35422
IOPPSTT;27238
IOPRSST;21268,27061,27153,27232,35073,35123,35188,35285,35419
IOPRSSY;5385,15269,20109,27237,29324,30066,35347,35389
IOPRSTT;
IOPSSTU;30074,35419,35423
IOPSTTU;35119
IOPTTUY;19012,19968,34992
IOQRTTU;5387,34231
IOQSSTU;20474,22495,22532,34271,35326
IORRSTW;27164,29680,32074,33287,34121,34156,34178,34198,34608,35117,35352
IORRSZZ;
IORRTTX;19008,26517
IORSSTU;21268,22448,22531,22532,22758,22760,23417,25356,26526,27061,27229,27232,29950,30058,30074,30847,31222,32077,32607,33083,33933,33978,34218,34235,34255,34271,35331,35339,35419,35423
IORSTTU;27228,29977
IORSTTW;12703,22713,27024,27062
IORTTUW;34994
IOSSSTT;35205,35212,35416,35425
IOSSTTU;8061,8077,12738,19971,22754,23463
IOSTTUW;35119
IPPQSUU;
IPRRSTU;12670,30849,31946,32087,33556,34113,34262,34264,35422
IPRSSTU;27061,27232,35408,35419,35423
IPRSTUU;19030,20509,22692,29691,35103
IPRSTYZ;34175
IPSSSTY;5088,19984,20127,34119,35416
IPSSTTY;20465,34184
IPSTTTU;32885,34270
IPTTTUY;
IQRRSSU;12391
IQRSSTU;20342,35004
JJSTUUU;
JKNOOSU;
JLLOOPS;
JMOPTUU;35005
JNNORUY;19041,32107,33089
JNNOSTU;12223,21153
JNOORSU;35006
JOOPPSY;34286
JOSTTUU;
KKLMSUU;
KKLOOYZ;
KKMMSUU;8822,23479
KKMOOSU;
KKMSTUU;
KKNORSS;
KKNRSUU;
KKOOPSU;
KKOSTUU;
KKSSSTT;
KLLMOSU;
KLNOOPS;17884
KLOOOTU;35011
KLOOPSU;
KLOSTUU;35012
KLRSTUU;
KMOOORS;12750,32623
KMOSSUY;
KMPRSSU;33974,35428
KNNNOUW;
KNNOORW;34297,35015,35018
KNNOSTU;26904
KNOOPTT;29700
KNOPRTY;32121,33995
KNORRTY;
KNORSUW;22548,27240,29703,35427
KOOOTTU;22715
KOOPRTW;35019
KOORTUW;35020
KOOSSSU;
KOOSSUU;
KOOSTTU;
KOOSTWW;
KOPRSUW;34305,35124
KORTTUW;20528,34296
LLLMMUU;
LLLOOPS;34006
LLLOOPY;12758,19990
LLMMSUU;
LLMOOPR;
LLMPPUY;
LLNORSU;6911,26550,26730,29186
LLOOPRT;20379,22553,34028,35024
LLOOPSY;12405,26552,27309,30012,30050,31229,33624,35227,35429
LLOOPTU;
LLOORTU;22743,23483,27166,35026
LLOOSTU;20381,27172,35291,35355
LLOPRSU;17892,20138,27174,34620
LLOPTUU;35029
LLORSST;22738,22744,34035,34310,35030,35354,35430
LLOSTUY;7826,8090,20538,22729,22766,34561,34618,34620,35430
LLPPSUU;35429
LMMSTUU;20729,34040
LMOOOOS;27068,34819
LMOORSU;7732,19084,22741,27066,27257,35231,35306,35373
LMOOSTY;11721,12776,17900,19995,20370,20413,20540,23296,26565,35373,35374,35433
LMOPSUU;20544,26568,34062,35195,35370
LMORSSU;6361,8091,27185,27258,34599,34602
LMRSTUU;
LMSTTUU;20544,35377,35434
LMSTUUU;
LNNOOOW;
LNNOPSU;35046,35048,35312
LNOOPSU;33331,34821,35048,35127,35128,35436
LNOOPTU;12628,20424,29719,29953,34337
LNOOSST;20549,27262,34614
LNOPSTU;
LNOSSUU;19172,34342,34601
LNPSTUU;20551,34095,35370,35382
LNRTUUV;
LNRTUUY;15434,19452,20551,21167,23301,34314
LOOOORS;27068
LOOORST;12789,20553,21801,21802,23460,27267,34343,34605
LOOPTTU;29726
LOOSSTV;20427,34110
LOPPRSY;18771,19181,19638,20007,35438
LOPPSUU;32638
LOPPSUY;8094,20007
LOPRRSY;5443
LOPRSTY;34620
LOPRSUY;11757,20007,26383,30017,33648,34116,34118,34620,35389
LOPRTUY;15393,20442,20537,20541,20558,32637,33648,34116,34326,34330,34348,34620
LOPSSTY;7972,12777,12795,12797,20139,20535,35203
LORSTTY;12413,20389,32166,33848,34333,35376,35387,35440
LORSTUU;8097,14956,15433,18229,20921,23307,34339,35382,35391
LOSTTUY;4798,5444,5448,8090,8095,35376,35377,35387,35440
LPRSSTU;20284,20391,35234
LPRSSUU;21171,26589,27268,31248,32205,35064,35389
MMNNOOY;27251
MMNOSSU;34289
MMOOPPS;34322
MMOOSTT;22769,34358
MMOPSTY;
MMRRSUU;35084
MMSTUUU;
MMSUUUU;
MNNOOOS;33226,33340,33659,35131,35431,35441
MNNOORU;26592,34360,34607
MNNOSYY;
MNNOTUU;35086,35298
MNOOOPP;
MNOOOYZ;35134
MNOOPPS;
MNOOPST;
MNOOPTY;35132,35443
MNOORSU;3894,12773,12803,19439,20099,20455,20565,20766,21804,27066,27243,30081,35239,35401
MNOOSTU;5452,18850,20453,20457,20561,20564,20566,21263,25428,27243,27269,34371,35014,35441
MNOOSTW;20562,34362,34375,35350,35397
MNOOSUY;12803,20532,20565,20566,21175,34324,34325,35089,35127,35131,35134,35236,35432,35442
MNOOTTW;
MNORSTU;21804,27243
MNOSTTU;3158,5452,12805,17934,19141,34054,34162,34355,34364,34557
MNOTTUY;
MOOOPPS;
MOOOTYZ;32899
MOOPPSU;15445,29742,34322
MOOPRSY;5451,20565,23465,27043,27257,35153,35230,35407
MOOPSSU;35241,35408
MOOPSTT;12694,15444,18251,19222,32237,33669,34358,34367,34381,35403
MOORRSW;20569,30081
MOOSTTU;5452,5457,18883,20457,20568,35355
MOPPRST;20543,20572,33552,34376,35090,35393
MOPRSTU;5453,5458,20156,20572,32163,34377,34387,34388,35240
MOPSSSU;16838,20472,34378,35394
MOPSSUU;33671,35241
MOQRSUU;31486
MOQSTUU;34371
MORRSTU;7778,19214,20017,20461,21266,27272,34377,34379,34386,34388,34608
MORRSUU;20017,34379
MORSTUU;15403,16847,20017,20111
MOSSSTY;20419,25448,33906,34171,34363
MOSSTTU;19198,22754,27215,32244,34389
MOSSTUU;22710,26569,35152,35241
MOSTUUW;
MPSSTUU;35241
NNNSUUY;
NNOOOPR;
NNOOOPT;35093
NNOOPRS;20574,29746,29944,32248,34190,34393,34394,34705,34829,35097
NNOOPRU;20547
NNOOPSS;29360,29746,34391
NNOOPST;20039,20112,26596,29361,32248,35095,35098,35270,35397,35447
NNOORSY;21805
NNOOSTW;20562,22583,24524,34362,34830,35397
NNORSTU;5109,15408,20158,29955,30083,35244,35409,35447
NNORSUW;
NNOSSUY;15448,20159,35244,35442
NNOSTYY;35398,35399
NNRSTUU;5433,12715,32258,32644,34396
NOOOSUZ;35134
NOOOSVX;
NOOPRSS;27261,30000,34568,35334,35444
NOOPRST;32248,34392,34402,35246,35447,35448
NOOPSSY;30078,34825
NOOPSUY;20565,27224,32905,33331,33344,34831,35127,35128
NOORSST;29755,29759,33635,33675,34300,34398,34403,34568,34832,35155
NOORSTU;5463,8102,8103,21737,21804,29957,35409,35412,35413,35447
NOORTUW;
NOOSTTU;5452,20457,20495,20498,20499,26096,26965,33346,34402,34404,35130,35245,35336
NOOTTWY;33689
NOPPRSU;22757,26479,29761,29762,31499,35380,35412,35447
NOPSSTU;23320,31505,34407
NOPSTUW;35119
NORSTUU;15433,20504,26959,27229,29955,29957,30083,32644,33585,34339,34813,35382,35417
NORTTUU;12817,20463,34231,34590
NOSSTUW;21807,30085,33691
NPRSTUU;22692,29374,35103,35382
NRSSTTU;20567,23488
NRSSTUU;27229,35104
NRSTTUU;34622
OOOOPRT;
OOOOSZZ;
OOOPRTU;27265,34337
OOORTTU;35106,35237
OOPPSST;35107
OOPPSTU;19264,20579,22771,32188,35344,35412,35422,35423,35447
OOPRRST;5467,20511,20531,22771,35413,35422
OOPRSSU;26510,26607,27232,27261,28968,32049,33352,33955,34248,34370,34419,34626,35159,35408,35423,35437
OOPRSTU;22751,22771,35109,35344,35392,35408,35412,35413,35422,35423,35447
OOPRSTV;12813,35343
OOPRTTU;12807,26620
OOPRTUU;
OOPSSTT;3166,8105,11834,12824,20549,20582,34250,34421
OOPSTTU;7932,22396,35245
OOPSWWW;
OORRSSW;21184,30023,33619,34346,34616,35112
OORSTUU;7795,17953,22760,29957,34339
OORSTUW;29822,29961,30065
OORTTTU;4841,29775
OPPPRSU;20518,32284
OPPRRTU;19272,20571,35114
OPPRSTU;33406,34260,34348,35115,35344,35393,35412,35447
OPPRSTY;18287,19659,33701,34222,34258,34348,34420
OPPRSUY;20007,35251,35438
OPRSSTU;579,7933,20471,21268,27232,27248,30074,34626,35408,35419,35428
OPSSSTU;35425
OPSTTUU;
ORRSTTU;8106,20516,21277,27228,27235,35121
ORSSSTU;15418,30082,35339,35425
ORSSTTU;23488,27248
ORSSUUU;27268,34432,35235
ORSTTUU;19983
ORSTTUY;5448,35440,35451
RSSSTUU;19037,19280,19288,29777
