AAAADNP;26
AAAALTY;
AAAANRW;
AAAARRS;1,2,18
AAAASTT;0
AAABBCL;47
AAABBKL;
AAABBLS;50
AAABCCL;5,53
AAABCCR;5,52
AAABCHT;63,64
AAABCIR;47,60,72,74
AAABCLO;65,74
AAABCLS;66
AAABCLV;72,74
AAABCMR;
AAABCNR;67
AAABCNS;71,73
AAABCOR;65,74
AAABCSS;
AAABCTW;
AAABDFR;
AAABDGS;76
AAABDHS;
AAABDJS;
AAABDLM;77,79
AAABDNN;
AAABEGL;60,77,85
AAABFLL;
AAABGIL;60,77,85
AAABHLQ;
AAABILX;
AAABIPS;90,111,113,117
AAABISS;88
AAABITV;
AAABKKS;
AAABKLS;71
AAABKLV;
AAABKLW;
AAABKPS;
AAABKRS;
AAABKSY;
AAABLLW;
AAABLMT;53,79,97,98
AAABLPR;
AAABLQS;109
AAABLST;54,71,109,121
AAABMOS;
AAABMST;
AAABNNR;
AAABNNS;102,113,121
AAABORR;101
AAABRST;50,51
AAABRSX;
AAABRSZ;124
AAABSTT;106,109
AAACCCH;131,135
AAACCHM;162
AAACCIS;54,132,134,138,142,143,147,148,167,169,174,176
AAACCLM;11,53,146,162
AAACCLP;166,175
AAACCLR;5
AAACCRS;143,147
AAACDGS;189
AAACDIR;14,15,191,192
AAACDLU;197
AAACDMM;190,191,200
AAACDNS;189
AAACEHR;231,232,234
AAACENP;151,208,222,236
AAACGNT;
AAACHHL;
AAACHLZ;
AAACHNT;10,193
AAACHRY;235,287
AAACILM;53,146,162,229,268,278
AAACIMR;14,15,21,145,191,192,232
AAACINP;151,163,170,171,199,206,263
AAACINR;2,10,21,23,152,153,161,174
AAACIRS;147,176,238,244,273,301,307
AAACJMR;237
AAACJNS;258
AAACLLV;
AAACLMN;69,200
AAACLMR;
AAACLNT;198,292
AAACLPS;183,217
AAACLPT;12,63,287
AAACLRZ;
AAACMNP;200,236,289,300
AAACMRS;254
AAACNNR;153,224,289,293,312
AAACNPT;151,163,170
AAACNRS;174,258,309
AAACNRT;10,70,144,193,205,225,312
AAACNRU;283
AAACNRV;205,225
AAACNST;210
AAACNTT;10,151,163,170,175,312
AAACPRX;
AAACPST;277,286
AAACRWY;
AAACSST;274
AAACSSV;
AAACSTT;213,244,252
AAADDMO;315,317
AAADELM;79
AAADFRY;
AAADGGH;
AAADGGS;76,335
AAADGIL;77,180,315,322,323
AAADGRS;324,325,335
AAADHHS;
AAADHMM;
AAADHMR;
AAADHMS;
AAADHNS;341
AAADHWY;
AAADILX;
AAADIMN;141,190,336
AAADIRT;14,15,79,191,192,193,197,322,328,330,333,337
AAADJMR;
AAADKNW;
AAADLMN;141,182,200
AAADLMW;
AAADMNT;139,336
AAADMPP;
AAADMRS;25,78,317,324,345
AAADNNS;25,320,327,347
AAADNPS;188,347
AAADNRS;25,317,343,347
AAADNRT;330,333
AAADWYY;
AAAEGLT;146,216,348,352,353,373
AAAEGNP;27,224,353
AAAEHLT;382
AAAEIMN;33,141,227,357,384,398
AAAEKST;389,408
AAAELMP;228,398,410
AAAELSZ;
AAAEMRT;33,79,145,232,235,362,390,400
AAAENST;95,150,160,181,184,187,210,214,215,233,254,371,408,412
AAAERWY;
AAAFFLL;
AAAFHRT;
AAAFIRT;255,333
AAAFNRS;256,257,258,332,417,418
AAAFRWY;
AAAGGLN;27,35,348
AAAGHIP;263
AAAGHLN;
AAAGHNT;336,366
AAAGHPR;367,430
AAAGILN;35,37,263,322,431,433,434,441
AAAGINR;21,222,377,441
AAAGINZ;114,190,433,438
AAAGIPT;113,114,163,192,222,422,423,426,428,437,438
AAAGISS;435,436,439
AAAGJMU;
AAAGKNR;
AAAGLMM;352
AAAGLMN;35,37,352,353
AAAGLNO;37,353,434
AAAGLNS;
AAAGLRS;
AAAGMMT;352,379
AAAGMNR;
AAAGMNS;189,365
AAAGMTT;146,373,379
AAAGNNS;3,113,350,437,442,443
AAAGNPR;420,441
AAAGNRR;339
AAAGNRT;21,30,205,225,441
AAAGNRU;339
AAAGNST;3,113,432,437
AAAGNTY;225
AAAHHKL;
AAAHHLL;
AAAHHLV;
AAAHIKP;
AAAHIKW;
AAAHINR;10,382
AAAHIPS;117
AAAHIST;22,40,71,88,117,143,181,277,281,286,360,387,424,428,451
AAAHJKW;
AAAHKRS;277,389
AAAHLLS;168,217,453
AAAHLMR;228,235
AAAHLNN;6,165,206,382,447
AAAHLSW;168
AAAHMMT;229,449
AAAHMRS;
AAAHMST;454
AAAHNSV;
AAAHPRT;234,287,390
AAAHRTW;
AAAHTTT;
AAAIKKR;
AAAIKLT;
AAAIKRS;277
AAAILLS;54,66,125,132,217,219,290,432,456,470,471
AAAILMR;77,79,85,362,400,459
AAAILNX;242,243,401
AAAILPS;90,167,217,432,442
AAAILRS;142,301,343
AAAILRT;12,79,101,240,362,382,393,400,459,464,478
AAAIMNS;256,305,417,472
AAAIMNT;21,33,35,98,306,357
AAAINPS;90,113,117,432,437,442
AAAIPRX;316
AAAIPSV;
AAAIQRU;
AAAISST;22,88,118,123,129,137,209,246,274,346,360,370,469,480,483
AAAISTW;40,429
AAAISTX;349
AAAJKST;
AAAJMPS;347
AAAJMST;
AAAJMSU;347
AAAKKMR;
AAAKKNS;
AAAKKRS;
AAAKLMS;408
AAAKLMY;
AAAKLSS;
AAAKMMU;
AAAKNST;3,71,408,424
AAAKPPU;
AAAKPST;277
AAALLPT;287
AAALMPT;459
AAALMRS;0
AAALMSS;202,409,410,472,490
AAALNNT;97,122,127,198,292,293,297,352,401,431,434,447
AAALNPT;26,433
AAALPPS;108,411
AAALRRY;47,459,489
AAALWYY;
AAAMMNS;189,365
AAAMMPR;
AAAMNNS;25,256,305,327,347
AAAMNNT;306
AAAMNPS;347,410,414,472
AAAMNRT;33
AAAMNSS;7,80,202,410,436,445,472,480
AAAMNST;408
AAAMNSW;
AAAMNTY;236,295
AAAMORT;235,390
AAAMPPU;
AAAMPRT;192,390,459
AAAMRRZ;
AAAMRSS;129,436
AAAMRST;0,169
AAAMRTU;283,450
AAAMSTT;0
AAANNSV;443
AAANNSZ;451,463,476
AAANNTT;38,127,170,306,312,344,431
AAANORW;
AAANPPS;90,92,108,307,386,387,402,411,427
AAANPPY;104,108,307,416,486
AAANRST;40,51,387,482
AAANRSU;7,51,80,347,414,418,482
AAANRTT;10,312
AAANSTT;388,424,471
AAAOPRZ;
AAAPPRT;422,464
AAAPPSY;108,307,416,486
AAAPRSS;194,308,346,360,486
AAAPSST;118,129,209,274,308,346,360,467,469,483,490
AAAPTTU;
AAARSST;116,118,123,129,246,288,346,360,363,484
AAARSTV;214,304,389,421,443,485
AAARTTT;312,466
AAARTTU;177
AAARTXY;225
AABBBOS;
AABBCEG;
AABBCGY;
AABBCKR;
AABBCMO;508,510
AABBCOS;503
AABBCSU;494
AABBDGR;
AABBDHS;496
AABBEGN;
AABBEIS;
AABBELT;533
AABBERT;533,537
AABBGRT;
AABBHLS;496
AABBHST;538,539
AABBIJL;
AABBLLS;
AABBLOR;524,530
AABBLOS;518,542
AABBSST;514
AABBSSU;
AABBSTY;
AABCCEL;53,545,546,549,554,558,560
AABCCER;547,554,555,560,568
AABCCET;53
AABCCHH;554,574
AABCCIR;52,545,546,555,559,562,573,583
AABCDIM;655
AABCDIR;613,650
AABCEFR;
AABCEKR;613,635
AABCELN;682
AABCELP;
AABCELT;53,689,747,760,770
AABCEMR;670,732
AABCEMS;494,502,607,670,712,748
AABCEOS;494,711,712,745
AABCERR;60,622,643,667,721,766
AABCERT;622
AABCFKT;
AABCHHR;554,722,814,815
AABCHIR;814,836
AABCHKO;
AABCHMT;835,836
AABCHNR;
AABCHOR;65,551,555,619,621,622,686,722,735,738,739,816,836
AABCHSS;
AABCILM;580
AABCINR;74,649
AABCIOP;555,779,786,834
AABCITX;679,694
AABCKLY;652
AABCKNN;613
AABCKPY;
AABCKRR;584
AABCKRS;
AABCKSW;662
AABCKWY;
AABCLMU;
AABCLPY;554,714,738
AABCLSY;712,737,797,864
AABCMMU;69,701
AABCMST;835,843,847,853
AABCMSU;494,670,732
AABCNRR;584,721
AABCORR;510,622,862
AABCORT;585,586,622,813,836,851,862
AABCOTT;578,586,671,831,836
AABCRSS;635
AABCSUU;861
AABCTTU;770
AABDDEL;590,594,880
AABDDEN;880,881
AABDDER;590,594
AABDDIK;
AABDDIN;880,884
AABDDLN;591,880,881,887
AABDDNS;596,875
AABDEFL;
AABDEGM;77,614,931
AABDEGN;614
AABDEHS;496,621,933
AABDEIR;
AABDEIS;898,924,943,951,953
AABDEKW;594
AABDELL;
AABDELT;
AABDELW;881
AABDEMM;77,549,614
AABDEMN;614,619
AABDEMS;81,607,951,952
AABDENU;955
AABDERR;619,938
AABDERS;81,960
AABDERW;
AABDERY;621,622
AABDESU;924
AABDGHN;
AABDGHR;883
AABDGMO;614,931
AABDGNS;651,965,967,970
AABDGOS;646,963,964
AABDHMS;974
AABDHNT;616,935
AABDHNY;591
AABDHRS;496,551,621,932,974
AABDHRU;883
AABDIIS;924,933,937,965,966,967,978
AABDIKR;547,613,925
AABDILN;649,884
AABDIMR;
AABDINR;
AABDINS;596,656
AABDINT;926,935,981,984
AABDIOT;926,951,953,980,981,984
AABDIRS;978
AABDLLS;
AABDLMS;979
AABDLNS;
AABDLRW;
AABDMNN;
AABDMNR;
AABDNNO;59,650,884,985
AABDNOR;649,925
AABDNRS;
AABDNRU;629,920,955,959,985
AABDNSW;82,662,663,936
AABDORS;974
AABDORV;605,959
AABDORX;
AABDOTY;980,981,984
AABDRRS;1,55
AABDRRW;
AABDRST;78,595,620,647,658,878,939,967,983
AABDRSU;658,979,986
AABDRSY;55,621,660,974
AABDSTU;609,633,647,658,924,945,978,983,986
AABEELT;
AABEEMN;87
AABEEMO;1015,1049
AABEERZ;906,1027
AABEFFL;672,1005,1089
AABEFFN;665,672,920
AABEFGL;1007,1091
AABEFGU;
AABEFLX;
AABEFNS;675,709,710,711,712,713,1090,1094,1097,1101,1102
AABEGGG;
AABEGGM;1015
AABEGGR;597,676,1015,1105
AABEGLR;1091,1113
AABEGMR;77,85,1112
AABEGMS;1022,1118
AABEGRR;676,721,1091
AABEGSS;927
AABEGST;517,528,553,924,1013,1090,1118
AABEGSU;924,1013,1022
AABEHLT;934,1131,1138
AABEHNT;521,739,935,1008,1093,1109,1110,1111,1129,1133
AABEHRS;621,732,733,932,1146
AABEHSS;94,1092,1130,1138
AABEIKN;611,612,613,688,716,925,1105,1109,1110,1113
AABEIKS;
AABEILM;1009,1048,1148,1151
AABEILN;682,1149
AABEILS;
AABEILT;53,97,689,724,729,1042,1149,1164
AABEILX;530,908,1153
AABEIOR;530,531,630,732,776,783,925,926,1049,1099,1105,1112,1133,1136,1140,1141,1173,1188
AABEIRS;733
AABEIRZ;786,1027,1099,1133
AABEJLL;
AABEJMU;
AABEKLM;
AABEKLT;
AABEKNS;556
AABEKPR;1109
AABEKRS;1115
AABEKRY;
AABEKST;1170
AABELLL;
AABELLN;91,105,106,1066,1106,1149
AABELLO;48,558,744,745,1098,1099,1117
AABELLR;537,931,1099
AABELLS;
AABELMN;1100
AABELMS;525,712,998
AABELMT;79,97
AABELNO;560,1021,1070,1136
AABELNR;105,106,520,999,1012,1061,1070,1104,1197,1202,1204
AABELNS;
AABELPP;
AABELPR;
AABELPY;554,714,940
AABELRS;
AABELRT;530
AABELSS;1039,1041,1130
AABELST;
AABELSV;
AABELSY;712,1101
AABELTT;729
AABELTU;1106,1171,1176
AABELTV;
AABELTX;530
AABELWX;
AABEMNO;560,614,619,931,949,1100,1136,1141,1173
AABEMNS;525,712,998,1097,1142
AABEMOS;494,502,607,712,732,949,951,958,1049,1084,1101,1127,1142,1146
AABENNW;
AABENPR;722,798,995,1001,1074
AABENRT;
AABENTY;566,739,743,1149
AABEORT;1133,1140,1144,1147
AABEPRW;
AABERRW;
AABERSS;81,105,520
AABERST;993
AABERSU;495,568,634,732,737,950,1203
AABERSZ;805
AABERTT;1110,1129,1144
AABERTU;1147
AABESTZ;805,1029,1035,1177
AABETTU;960,1147,1192
AABETUX;
AABFFLY;672
AABFILU;811,1095
AABFLNO;920,921,1093,1096,1100,1211,1214
AABFLRU;920,1104
AABGGRS;646
AABGGRY;1216
AABGGSS;1108,1218
AABGHNR;
AABGHNS;
AABGHST;538,647
AABGHSW;1222
AABGIIL;816,823,1016,1113,1206,1207,1217,1221,1224,1226,1228,1229,1237
AABGILM;77,825,1207,1217
AABGIMS;
AABGINR;573
AABGINS;493,827
AABGINT;114,493,569,573,651,828,966,967,1090,1109,1111
AABGINZ;114,823,1018
AABGIRS;111,646,819
AABGMNS;1022
AABGMNY;
AABGOSZ;
AABGRST;647,966,967,1013,1090,1236
AABHHIS;539,1127,1128,1220,1245
AABHHKS;
AABHHRU;
AABHHSS;896
AABHINS;680,1137,1142
AABHINT;64,839,1008,1109,1133,1249
AABHISS;541,972,1028,1130,1247
AABHITT;540,729,833,836,1144
AABHJNS;
AABHKNR;1109,1110
AABHKSS;
AABHKST;71,647,1261
AABHLRS;1251
AABHLTY;550,833,900,1131,1208,1249
AABHMNR;619
AABHMRS;732,974,1146
AABHMSS;94,1243
AABHMTT;836,1111
AABHNSV;1137
AABHNSW;936
AABHSSW;
AABIILX;1153
AABIILZ;122,823,906,1231,1234,1237
AABIJMY;
AABIKLM;
AABIKNS;71,493,596,826,827,828,843,1288
AABILLN;99,125,509,579,844,1149,1216,1270,1291
AABILLR;84,992,1046,1099,1216
AABILLS;125
AABILMN;820,825,1018,1048,1217
AABILMS;1148,1151
AABILMY;1154,1174,1180,1207,1209,1272
AABILNS;71,125,128,827,1223
AABILOU;74,532,630,717,832,848,1140,1224,1250,1289
AABILRS;
AABILST;
AABILSU;99,125,692,853,1137,1270,1272,1288
AABIMMR;77,1141
AABIMNO;1136,1141,1173
AABIMOS;951,1127,1255
AABIMRS;
AABIMST;78,538,828,843,853,924,951,983,1009,1148,1151,1155,1189,1241,1255,1280,1281,1297,1298
AABINNS;121,968,1190,1191,1222,1281
AABINOU;74,532,717,832,848,984,1224,1284
AABINQS;692,1137,1191
AABINRS;128,1271
AABINRT;1268,1302
AABINST;493,828,853,1288
AABINSW;1115
AABINSZ;
AABIORS;111
AABIORT;530,531,1133,1140,1276,1284,1286,1302
AABIPUX;
AABIRST;658
AABIRSZ;1278
AABISSW;
AABISTT;583,711,953,1279
AABJMRT;
AABKLSU;1169,1288
AABKMST;843,1170
AABKNNS;
AABKNRS;501,937,1115
AABKNRT;584,585,911,1062,1109,1110
AABKOOZ;
AABKRST;595,647,793,993
AABKSSU;
AABLLNS;105,1066,1097
AABLLNT;98,697,743,1149,1176,1212
AABLLNY;509,579,743,844,981,1149,1212,1216,1230
AABLLOR;84,862
AABLLOS;744,745,1238,1291,1304
AABLLPT;
AABLLST;
AABLLSY;1263,1304
AABLLWY;
AABLMRS;990
AABLMRU;999,1061,1070,1193
AABLMSS;525,915,998,1242
AABLMST;843
AABLMSY;712,1304,1307
AABLNTT;106,127,586,796,863,1129,1197,1202,1221,1266,1267,1274,1307
AABLORT;530,580,586,761,862,1140,1276
AABLOSV;
AABLPRU;128,798,955,985,995,1001,1051,1199,1250,1296
AABLPYY;
AABLRST;
AABLRSU;1203
AABLRSZ;1035,1177,1181,1278
AABLRTU;584,839,1171,1176,1237
AABLRTY;550,864,1240,1307,1309
AABLSST;
AABLSSY;125,856,1242
AABLSTU;1272
AABLTTU;127,1274
AABLTXY;
AABMNOT;585,887,1214
AABMNOY;655
AABMNST;828,843
AABMORU;1070
AABMOSY;974,1304,1311
AABMRSS;7,80,81,129,785,840,1218,1242,1310
AABMRTU;
AABMSST;1310
AABMSSY;1242
AABNNOZ;122,1284
AABNNSY;102,1200,1201,1203
AABNORS;568,863,864,1204,1261
AABNOST;117,503,609,863,864,1126,1132,1168,1256,1261,1285,1287,1301
AABNOSY;863,864
AABNSST;988
AABNSYY;
AABORRS;516,1088
AABORST;
AABORSZ;124,805,1278
AABOTTY;578,586,980,984,1147,1210
AABQSUU;
AABRRST;1253,1285
AABRRSU;634
AABRRTU;522,584,883,1171,1176,1199
AABRRUV;522
AABRSTY;864,1279,1297,1307,1309,1311
AABSSSY;
AABSTTW;1126
AABSTUX;
AABTTTU;
AABZZZZ;
AACCDEI;545,547,548,1312,1334,1336,1337,1347,1354,1362
AACCDEM;549,1339
AACCDES;548
AACCDII;1330,1331,1353,1373,1374
AACCDIR;52,545,547,1330,1337,1374,1376
AACCDIS;548,1336,1345,1359
AACCDSU;1349
AACCEFT;1418
AACCEKR;547,1339
AACCELO;558,1433,1447,1452,1484,1485,1489,1490,1491
AACCENV;1525
AACCERS;568,1319,1413,1424,1468,1518
AACCEST;134,1319,1480
AACCESV;
AACCHHK;
AACCHIM;574,1388,1421,1460,1461
AACCHIN;1318,1323,1437,1541,1561,1563
AACCHIR;574,1421,1422,1424,1436,1456,1540
AACCHKS;
AACCHLN;1323,1392,1397,1437,1450,1465,1560,1561
AACCHMP;574,1388,1460,1572,1573
AACCHMS;1441,1461,1536
AACCHNN;6,1391,1392,1446,1470,1541,1563
AACCHNS;150,1429
AACCHOR;551,1577
AACCHPT;166,1450,1452,1456,1537,1544
AACCHRT;550,1456,1537,1567
AACCILM;11,558,580,1388,1548,1585,1604
AACCILS;132,142,174,548,1359,1420,1451,1570,1610,1613
AACCILU;579,1373,1609
AACCIMS;1441,1461,1480,1536
AACCIMT;139,145,169,1460,1461,1480,1505,1548,1554,1585,1604,1605
AACCINS;134,138,174,553,1312,1315,1320,1333,1336,1386,1419,1420,1513,1584,1616
AACCINV;
AACCIOR;1330,1488,1510,1511,1548,1552,1585
AACCIPT;163,170,1452,1484,1527
AACCIRT;9,130,144,545,559,1333,1363,1383,1390,1400,1488,1505,1533,1550,1552,1594,1595,1620
AACCITT;569,1331,1374,1434
AACCJKR;
AACCKLP;
AACCKRR;584,1339
AACCKRS;
AACCLLO;558,577,1378,1517,1539,1552,1553,1568,1602,1603,1621
AACCLLT;53,577,1329,1375,1482,1484,1552,1621
AACCLOP;1323,1330,1447,1452,1466,1490,1538,1544,1589,1608,1609,1623
AACCLOR;11,177,580,1330,1378,1548,1552,1585,1589,1623
AACCLOS;582,1467,1491,1584
AACCLPS;1606
AACCLPT;166,175,1544,1609,1623,1626
AACCLRS;1406,1420,1520
AACCLRU;584,1418,1519,1623,1626
AACCLSU;1622
AACCLTW;
AACCMOS;178,494,1368,1413,1433,1480,1491,1492,1556,1569,1584,1607,1622,1624
AACCNNS;1360,1369,1414,1502,1503,1520,1592
AACCNVY;1496,1597,1611
AACCORU;585,1519,1623
AACCOST;150,172,178,551,1333,1379,1410,1419,1480,1491,1505,1533,1584,1587,1592,1624
AACCOTT;578,586,1331,1374,1585,1623
AACCRRT;144,584,1382,1412,1550,1625
AACCRSS;544,1313,1328,1616
AACCRST;169,178,1324,1333,1379,1474,1535,1617,1624
AACDDEL;590,591,594,1631
AACDDER;589,590,594,595,1326,1638,1639
AACDDHR;
AACDDIN;1646,1656,1658,1659
AACDDRW;
AACDEEM;1339,1674
AACDEFL;1718
AACDEFS;
AACDEHM;1346,1748
AACDEHR;1723,1745
AACDEHT;1346,1347,1631,1747
AACDEII;616,623,1648
AACDEIL;600,612,630,1347,1718,1730,1738,1745,1795,1801
AACDEIN;
AACDEIR;630,1717,1718,1738,1745,1795
AACDEIS;
AACDELL;140,1645,1677,1730,1745,1795
AACDELN;
AACDELP;1730
AACDELR;590,594,630,1367,1650,1745,1778
AACDELS;
AACDELY;140,1731,1745
AACDEMY;140,1664,1759,1773
AACDENR;1339,1370,1630,1644,1721,1723,1765,1766
AACDENV;1819
AACDENZ;
AACDEPS;
AACDERS;607
AACDERV;630,1669,1701,1722,1812
AACDERY;622,639,641,1350,1370,1745,1758,1766,1778
AACDETU;
AACDETV;
AACDEUX;
AACDFIR;1344,1720
AACDFRS;
AACDGGI;
AACDGHI;1666,1722,1837,1841,1843
AACDGIS;189,646,1657,1844,1855,1856,1858
AACDHMR;
AACDHMS;
AACDHNR;1630,1723,1765
AACDHRS;551
AACDHST;143,551
AACDIIS;1890
AACDILR;1738,1851
AACDINS;661
AACDINT;139,199,1656,1696,1857
AACDINV;1819,1849,1872
AACDIOR;14,15,180,630,1333,1374,1376,1751,1786,1851,1862,1898
AACDIRS;1660,1844,1890,1899
AACDJKW;
AACDKPY;
AACDKSY;
AACDLNO;200,605,636,1675,1760
AACDLNS;
AACDLOR;605,630,1629,1851
AACDLOS;
AACDLPR;
AACDMPS;
AACDNOW;
AACDNRS;1904
AACDOOV;
AACDPRU;1765,1869
AACDRSS;1313,1830
AACDRSZ;186,1821
AACEEGK;
AACEEGR;597,676
AACEEHR;207,1393
AACEEHT;1389,1671,1673,1926,1956,1958,1973
AACEEKT;
AACEELN;665,672,682,701,1667,1684,1990
AACEEMR;670,1339,1393,1674,2026
AACEEMS;670,680,691,1413,1932,1946,1967,2018,2026
AACEENT;609,1684,1916
AACEERT;1916
AACEESS;1387,1941
AACEEST;
AACEETT;1314,1988
AACEFIS;1344,1416,1417,1420,2046,2047
AACEFLT;1418,1921,2062
AACEFLU;1418,2049
AACEFMN;
AACEFRR;1714,1918,2062
AACEFRS;1416,2046,2052
AACEGGR;676,2065,2066,2069
AACEGHN;1667
AACEGHS;217,1423,1424,1425,1428,1430,2083,2086,2087
AACEGIP;612,714,716,1388,1422,1424,1728,1738,1742,2038,2066,2075,2079,2103,2106,2113,2115
AACEGKP;
AACEGKS;501,1416,2116
AACEGLS;217,1425,1432,1905,2118,2120,2128,2150
AACEGNR;224,225,1317
AACEGNT;1728,1924,1944
AACEGRT;205,225,1427,2073,2092,2103,2105
AACEGSV;2150
AACEHIN;727,1462,1958,2171
AACEHIR;
AACEHKS;
AACEHLP;554,1466,2211
AACEHLR;554,738,1466,2211
AACEHLT;1347
AACEHNO;150,1334,1462,1667,1748,1760,2192
AACEHNP;1391,1760,2066,2171
AACEHNR;1630,1969
AACEHPP;65,207,231,1391,1744,1760,2074,2080
AACEHPS;1430,1947,2216
AACEHPU;1452,1765,1966,2090,2185
AACEHRT;739,2214
AACEHST;1973
AACEHTT;726,729,1314,1437,1958,1966,2167,2176
AACEHTU;1397,1418,1452,1958,1966
AACEILM;237,1388
AACEIMN;1393
AACEIMU;732,1473,1481,1494,1811
AACEINR;1393
AACEIQU;157,158,1738
AACEIRV;
AACEIST;
AACEJLS;2052
AACEJRS;1986,2052,2258
AACEKNP;716
AACEKNS;501,556,1384,1405,1515,2116,2340
AACEKOT;2262
AACELLN;2343
AACELLS;1516,1517,1518,2147,2345
AACELLT;53,689,2094,2224,2226
AACELMN;1465
AACELMR;237,1466,1519,1942,1965,2099
AACELMU;1473
AACELNP;1760
AACELNS;
AACELNT;
AACELNU;5,2348
AACELNV;1913,1914,2019,2022
AACELOR;180,237,1629,1726,2169,2211
AACELOV;242,558,2264
AACELPR;1399,1466,2211
AACELPS;2147
AACELPT;
AACELRS;
AACELRV;1914
AACELSS;202,2047,2345
AACELST;2338,2356
AACELSU;1473,1905
AACELSW;1518,2024
AACELTT;146,229,1988,2226
AACELTV;1913,1914,2019,2082
AACELTY;2019,2188
AACEMMR;1488,1796,2103,2105,2214,2282,2311
AACEMNP;
AACEMNS;615
AACEMNV;227,1980
AACEMOS;221,239,494,502,607,712,732,1360,1368,1433,1480,1491,1719,1733,1763,1797,1811,1909,1934,1946,1971,2053,2083,2120,2199,2216,2241,2285,2287,2288,2313,2359,2360
AACEMPR;1466
AACEMQU;
AACEMRS;502,607,670
AACEMSS;2145
AACENPS;
AACENRT;2214,2362
AACENSS;251,1524,1941
AACENST;
AACENTT;623
AACENTY;566,743,1340,1356,1465,1499,1794,2017,2019,2119,2267,2276,2322,2343
AACEOPT;1354,1484,2123
AACEORS;1763,1945,1946,1971,2216
AACEPRT;
AACEPRU;798,1765,2028,2090,2185,2275,2295
AACEPRV;1514,2337
AACEPSS;1439,2041,2147,2220,2354
AACEPWY;
AACERSS;
AACERST;2338,2356,2359,2360
AACERSU;495
AACERSZ;805,1983
AACERTT;2226
AACERTU;2215,2340,2358
AACERTV;225
AACERWY;
AACESTU;2356
AACESTV;1708,2297
AACESTX;800,2255,2324,2334
AACETTU;253,1434,1507,1958
AACETUV;1494,2238
AACFFIL;665,672
AACFILS;807,1420
AACFILU;811,2367,2385,2397
AACFINT;255,1528,1838,2038,2369,2372,2375,2378,2385,2387,2388,2389,2390,2403,2411
AACFISS;707,1417,1420,2035,2039
AACFLLT;708,2379
AACFLLU;
AACFLLY;
AACFLPT;2382
AACFLRT;259,813,2062
AACFLRU;259,811,2385,2397
AACFLSU;713,811
AACFLTU;259,811,813,2385,2397
AACFNST;713,2040
AACFRRU;
AACGGMS;2418,2422
AACGHNS;1536,2424,2427,2431,2434,2449
AACGILL;1540,2075
AACGILM;146,162,268,825,1388,1421,2075,2078,2098,2099,2120,2367,2424,2466
AACGILS;270,827,1856,2081,2424,2431,2432,2463,2485
AACGINT;493,573,828,1427,1541,1728,1837,2372
AACGIRS;147,646,1423,1424,1856,2104,2110,2125,2128,2423,2432,2463,2473,2486,2492,2501
AACGIRV;1849,2426
AACGISU;147,1856,1858,1939,2130,2143,2423,2485,2497,2506
AACGJNT;1656
AACGLOT;2076,2078,2096,2123,2437,2491
AACGLOU;
AACGLSY;830,1861,2422,2488,2509
AACGNOU;717,1723,2090,2367,2448
AACHHKR;
AACHHLL;
AACHHLS;2424,2510
AACHHTW;
AACHIKL;71,2431
AACHIKN;
AACHIKR;
AACHILO;165,818,1318,1323,1449,1560,1561,1862,1953,2415,2535,2536
AACHILR;1451,1560,2431,2523
AACHILT;71,726,833,1314,1347,1570,2535
AACHIMR;2438,2442,2446
AACHIMS;
AACHINT;166,575,1958
AACHIPR;135,231
AACHIPS;1556
AACHIPT;814,1537,2444
AACHIRS;
AACHIRT;814,836,1537,1567,2446
AACHITY;166,167,278,714,724,726,729,814,833,1347,1456,1537,1544,1564,2163,2176,2179,2183,2188,2189,2512,2522,2540
AACHKMN;2424
AACHKMP;
AACHKNS;556
AACHKPS;277
AACHKRS;
AACHKRT;
AACHKRY;
AACHKSW;2531
AACHLLN;164,263,1445,1576,1906,1925,2535,2552
AACHLLS;
AACHLMS;1664,1907
AACHLNS;71,281,1675,1907,2424,2431,2432
AACHLNT;71,166,839,1570,2515,2535,2536,2537,2538
AACHLPP;65,207,1744,1760,2074,2080,2439
AACHLPS;
AACHLPU;1452,1966,2185
AACHLST;71
AACHLSU;1759,2452
AACHMNP;289,2554
AACHMNS;615,687
AACHMPS;835,1947,2216,2455,2533,2547
AACHMST;
AACHMSY;1664,1752,1759,1947,2199,2216,2533
AACHNOP;289,1323,1760,2430,2525,2537,2541,2554
AACHNOU;283,1723,1765,1869,2090,2375,2448,2515,2535,2549
AACHNPX;
AACHNRS;
AACHNRV;1868,2426
AACHNRY;164,737,739,839,1350,1451,1564,1574,2089,2538
AACHNSS;1957,2513,2527
AACHNST;1968,1973,2427
AACHNSU;148
AACHNSZ;1543,1673
AACHNZZ;
AACHRRT;2092,2453
AACHRST;288
AACHRSW;2206,2432,2531
AACHRTU;731,1418,2446
AACHRWY;
AACHSSW;
AACHSTT;288
AACIILN;161,292,293,844,1863,2369,2378,2385,2395,2468,2510
AACIIMS;1473,1883,2573
AACIINP;570,742,844,1547,1841,2231,2418,2510
AACIINT;144,255,576,1550,1656,1659,2369,2378,2385,2395,2529
AACIITV;1648,1980,2248
AACIJLP;2174
AACIJMS;2052
AACIKLL;507,611,2224,2484
AACIKLR;2224,2484,2639
AACIKNN;613
AACIKNT;576,2262
AACIKRT;2224,2258
AACILLN;
AACILLS;132,1534,1602,1877
AACILMR;2099
AACILMS;2573
AACILNP;300,825,2272
AACILNR;2378,2385,2653
AACILNT;292,2378
AACILOS;745,1491,2583,2601,2668
AACILOX;242,2188
AACILPS;
AACILPT;240
AACILRR;47,60,293,766,2077,2380,2440
AACILTT;229,729,1988,2176,2179,2226
AACILTV;2679
AACIMMR;851,1488,1796,1898,2282,2311,2442,2686
AACIMNO;1555,2367,2689
AACIMNS;23,2573
AACIMNY;1555,1606,1615,1990,2144,2319,2417,2541,2686,2689
AACIMOR;510,732,812,2071,2442
AACIMPR;1573,2438,2442
AACIMSS;2270
AACIMTY;561,2144,2417,2613,2686
AACINNT;306,2693
AACINOR;
AACINPT;
AACINRS;2
AACINRT;21,1550,2378,2385,2653
AACINRZ;786,2243,2403,2628
AACINSS;824,1598,2513,2527,2672
AACINST;
AACIOPT;1484,2123,2337,2450,2502,2636,2639,2707
AACIOPV;1514,2264,2337
AACIOST;239,1325,1480,1491,1533,1568,1596,1890,2413,2531,2583,2637
AACIPPR;231,716,1786,1801,2068,2113,2250,2636
AACIPRS;845
AACIPRX;1961,2255
AACIQTU;157,2397,2657
AACIRSS;1322,2685
AACIRST;1596,1660,1890,2473
AACIRSV;2
AACISSS;20,2047,2191,2386
AACISST;137,274,824,1325,2527,2604
AACISTT;
AACISTX;2255,2324,2334,2635
AACJKLS;
AACJKMN;
AACJKSS;211
AACJOSU;1660
AACJPTU;
AACKLPS;2015,2638
AACKLTW;
AACKMNP;825,2262
AACKMRT;2224
AACKNRS;501,2116,2340,2486
AACKPRT;2639
AACKPSZ;
AACKPWX;
AACKPWY;
AACKRRS;2338
AACKSTT;829
AACLLNS;309
AACLLNT;1365,1621,1925,2343,2552,2708
AACLLNU;557,579,696,717,762,765,1621,2344,2708
AACLLOO;697,1378,1645,1730,1851,1852,2076,2096,2123,2211,2415,2437,2484,2491
AACLLOR;309,1378,1517,1602,1826,1851,2125,2126,2127,2484,2488,2492,2583,2651,2708
AACLLSU;1516,2345
AACLLVY;267,2344,2391,2648
AACLMNO;200,300,309,1489,1519,1622,2367
AACLMNT;684,1397,1409,1465,1908
AACLMRU;1623
AACLMST;1624,1861,2410,2507,2710
AACLMSU;1473,1622,1624,2018,2710
AACLNNO;299,2393
AACLNNU;
AACLNOS;251,260,270,301,309,712,863,864,1489,1515,1622,2133,2150,2231,2285,2509
AACLNPY;175,200,300,2554
AACLNRS;258,309,863,2712
AACLNRU;5,70,584,798,1519,1626,1801,2385,2471,2535,2598,2653
AACLNST;863,864,2558,2712
AACLNSU;1622,1905,2497,2678
AACLOPR;65,686,738,1538,2211
AACLOPT;1484
AACLORT;11,580,586,813,863,864,1548,1585,2492,2583
AACLORZ;2169,2441
AACLOST;864,1624
AACLOTT;253,1623,1762,1942,2149
AACLOTV;
AACLPRS;845
AACLPRT;1626
AACLPSS;1860,2147,2354,2672
AACLPSU;1606,1622
AACLPTY;2019
AACLRSS;288,2498,2685
AACLRST;595,2338
AACLRTY;864,2708,2714
AACLRVY;1496,1611,1778,1831,2309,2344,2601,2679
AACLSSU;251,2339,2345,2357,2685
AACLSTT;
AACLSTU;853,1881,2507,2674
AACLSUV;1992,2310
AACLTTU;177,252,253,2471,2491,2508,2515,2598,2653
AACMMOT;247,311,851,1381,1480,1488,1796,1898,1944,2214,2282,2311,2453,2502,2536,2587,2604,2686,2687
AACMNOR;585
AACMNRU;283,585,1644
AACMNSY;254,258,305,309,712,773,1606,1615,1622,2199,2269,2285,2319
AACMORR;510,1519,2071
AACMORS;502,732,1946,2455
AACMORT;585,1381,1623,1942,2149
AACMOSY;305,309,660,712,1556,1615,1622,1810,1861,2199,2216,2285,2422,2542,2638,2668,2669,2687
AACMRRT;2063
AACMRSS;
AACMRST;169,847,2473,2710
AACNNOZ;292,2389,2403
AACNOST;503,863,864,1414,1535,2072
AACNOTZ;292,823,2045,2243,2389,2395,2403,2421,2580,2595,2628
AACNPRT;1626,2711
AACNPST;
AACNRST;
AACNRTU;70,584,585,798,813,839,1550,1588,1626,2362,2385,2471,2653,2679
AACNSSV;2632
AACNSTT;2497
AACNSTU;853,2497
AACOPPR;2636
AACORST;1533,2492,2583
AACORTU;585,813
AACOTUV;
AACPRSS;657,792,801,1439,2041,2220,2354,2716
AACPSTW;
AACRRST;302,791,2029,2338,2361,2715
AACRRSU;2024,2352,2683,2715
AACRSTV;
AACRTTT;312,850,2529
AACRTUV;1363,2238,2333,2679
AACRTUY;1661,2679,2685,2708,2714
AACRTWY;
AACTUWY;
AADDDEN;869,2724,2725
AADDEGM;
AADDEHH;
AADDEIL;871,2733
AADDEMM;1327,2728,2756
AADDEMN;
AADDENP;
AADDEOR;313,589,871,1650,1655,2739,2740,2756
AADDEPR;2727,2740,2756
AADDEPT;1643
AADDERS;877,1326,1632,1633,1638,1639,1642,2722,2727,2732,2747
AADDERW;594
AADDESX;
AADDGNR;884
AADDHKR;
AADDHRS;2732
AADDIIK;
AADDIIV;1648
AADDILS;317,2764,2769
AADDIMS;317,596,2770
AADDIST;314,885,1333,1660,2761,2764,2765,2769,2770
AADDLNS;317
AADDMRY;
AADDNVV;
AADDOSU;1660,2746
AADDRST;1660,2764,2769,2770
AADDRSW;
AADDSST;1647
AADEEFR;2787,2788
AADEEGH;1667
AADEELT;1680,2822,2825
AADEEMM;1674,1684,2776,2806,2841
AADEEMT;916,2821,2822,2823,2833,2835,2848,2849
AADEENR;891,917,1630,1675,1676,1706,2801,2803,2827,2838,2840,2853,2857,2858
AADEERT;318,319,2871
AADEERW;2783
AADEFFR;
AADEFGL;1713,2874,2877
AADEFGR;1713,2787,2874,2877
AADEFHT;1714,2788,2879
AADEFIS;2872,2882
AADEFLU;1345,2873,2882,2885
AADEFNZ;
AADEFTW;
AADEGGR;2888
AADEGHR;1722,2740,2895,2896
AADEGLS;2727,2730,2746,2798
AADEGMN;
AADEGMR;77,2895
AADEGMS;1733
AADEGNS;2722,2747,2934,2935
AADEGOT;326,2790,2877,2889,2927,2936
AADEGRT;318,1713,2774,2775,2787
AADEGRV;
AADEGRY;1732,2914
AADEGST;
AADEGSV;76
AADEHIR;2788,2895
AADEHJR;1674
AADEHKS;
AADEHMN;619,1748,2807,2808
AADEHMS;
AADEHNX;1334
AADEHPS;
AADEHPW;
AADEHRW;934,2943
AADEHWY;
AADEIKK;
AADEILR;2733,2827,2830
AADEILS;943,2872
AADEILV;2832,2956
AADEIMR;2733,2895,3000
AADEIMS;
AADEINR;2803
AADEINS;331,2854,2947
AADEINZ;2751,2811
AADEIOR;180,330,630,925,926,1650,1718,1732,1786,2739,2877,2895,2927,2930,2940,2981,2985,3000,3002,3004,3012
AADEIPS;951,953,2947,2953
AADEIRS;
AADEIRT;3000,3012
AADEITV;1648
AADEITW;934,2943
AADEJMR;1674
AADEKKY;
AADEKLR;590,595
AADEKLS;890
AADEKMR;
AADEKMS;
AADEKPR;
AADEKPS;
AADELLP;1677,1795
AADELLY;140,879,1364,1745,1758,1773,1790,1795,1826,2954
AADELMN;
AADELMO;180,549,954,1346,1732,2790,2940
AADELMR;2790,2940
AADELMX;
AADELNR;2857,2858,2874,2964,2988,2989
AADELNT;
AADELNW;881
AADELNX;
AADELPR;2861
AADELPT;
AADELRT;2774,2894
AADELRU;630,920,955,1806,1807,2803,2857
AADELRY;1745,2719,2914
AADELSS;914,915,2730,2782,2798,3021
AADELTU;2873,2885
AADELTY;2885,2954
AADEMMN;614,1748,2776,2841,2993,3018
AADEMMS;1368,3026
AADEMNO;619,1748,1808,2993,3028
AADEMNS;
AADEMNT;3020,3028
AADEMRY;954
AADEMSS;3021
AADENNT;959,1361,1653,1815,2776,2867,2879,2889,2927,2959
AADENRV;959,2799,2863,2988,2989
AADENRW;635,925,2783
AADENST;331,608,869,1835
AADENSU;188,326,1654,1816,1820,1821,2741,2750,2875,2882,2886,2925,2934,2998,3014,3027,3029
AADENSW;82,1835
AADENWZ;
AADEPRR;24,1701,1761,2818,2898,2948,3003,3012
AADEPRS;
AADEPRT;597,916,2783,2861
AADEPSS;3024,3031
AADEPWW;
AADERRS;1825,2747,2819,2856,2876,3013
AADERRW;
AADERRY;621,622,897,900,1350,2898,2948,2966
AADERST;878,2800
AADERSW;
AADERSY;2800
AADERTU;959,2867,3027
AADERWY;2914
AADESSY;3021
AADFLTW;
AADFMSU;2886
AADFNRR;1714
AADFNST;
AADFRST;332,2878
AADGGHR;3039
AADGGLR;2790,2874,3044
AADGGOT;2790,2889
AADGGRS;646,3037,3042
AADGHIL;1722,3033
AADGHOR;883,1723,1840,2791,2895,2898
AADGHRS;2761,3048,3049,3052
AADGIIR;191,192,1726,1851,2726,2902,2907,3038,3057,3060
AADGIMM;2895
AADGIMO;180,336,1731,1732,1741,1857,2895
AADGIMR;2895
AADGIMS;924,3051,3055,3062
AADGINW;1658
AADGIOS;646,965,2794,2929,3043
AADGIOT;336,1855,1857,2762,2889
AADGIRV;1849,3057,3060
AADGJSU;
AADGLLW;
AADGLMY;1859
AADGLNO;
AADGLNR;339,1725,2726,2874,2902,3033,3044
AADGLNS;
AADGLRU;323,339,1670,1738,2907,3060
AADGMNR;
AADGMNS;189,3051,3055,3062
AADGMOT;336,1741,1857,2790
AADGMRS;
AADGNPR;
AADGNPS;3051,3063
AADGNRS;3037,3048,3049
AADGNRT;1713,1837,2787,3033
AADGNRY;
AADGOPR;1669,1840,3071,3072
AADGOPS;2794
AADGRSU;324
AADGRSY;1861,3052
AADGRWY;
AADHHPS;
AADHHRT;1840,2778
AADHILS;142,3083
AADHIMR;2895
AADHIMS;1672,2804,2805,3051
AADHINP;2808,2938
AADHJNR;
AADHKNS;
AADHKNY;591
AADHLRY;900,902,2719,2940
AADHMMS;974,2804,2805
AADHMNR;1864,3039
AADHMRS;974,3053
AADHNPR;1765,1766,1869,2898,3039
AADHNRS;2876,3049,3086
AADHNSW;
AADHNSY;2947,3053
AADHPRS;
AADHRSS;1313,3046
AADHRSZ;3049
AADHRWY;
AADHSWY;
AADIILR;1330,1650,1725,1776,1777,1851,1856,2726,2906,2907,2960,3060,3094
AADIILV;906,1778,2956,3060
AADIINO;316,344,655,1659,1782,1785,1857,1864,1871,1876,3092,3094,3109
AADIINR;316,598,626,937,1885,1889,2726,2910,2911,3037,3038,3048,3049,3050,3065,3094,3104
AADIIPS;2939,2953,3056,3063
AADIJMN;
AADIKLY;
AADILLO;84,1371,1792,1793,1875
AADILMR;2733,2827,2830,2940,3094
AADILMT;3060
AADILNP;612,2938
AADILNR;322,2874,2906,2920,2988
AADILPS;
AADILRS;
AADILRT;197,3060
AADILSS;3078,3100,3118
AADILST;977,1855,2872
AADILSY;1359,3083
AADILTV;198,977,3060
AADILWY;2914
AADIMNR;
AADIMNS;3051,3055,3112
AADIMNY;
AADIMOR;14,15,180,1812,2895,2940,3000
AADIMOT;14,15,951,1811,1812,3000
AADIMRS;
AADINNN;1332,1696,2760,2996
AADINNP;328,1841,2795
AADINPT;
AADINRR;
AADINRS;3037,3048,3049
AADINRT;3033
AADINRV;1849,1868,1872,2797,2906,2988,2989
AADINRW;
AADINST;331,3055
AADINSV;1657,1858,2854
AADINSY;937,1753,2945,2947,3083
AADIOPZ;1718,2795,2930
AADIPTX;3000
AADIQSS;1902
AADIRRW;
AADIRSU;324,634,653,971,978,1756,1806,1807,2750,2770,2897,2926,3013,3070,3113,3115
AADISST;966,972,978,3075,3106,3110
AADKMRY;2940
AADKMSS;
AADKNRT;911,2913
AADKNSS;635
AADKPSU;
AADKRWW;
AADLLLN;962,2857
AADLLMR;
AADLLNW;881
AADLLPU;2857
AADLLSS;914,1903
AADLMNN;3020
AADLMNO;200,887
AADLMNU;3094
AADLMOR;954,2940
AADLMPS;
AADLMSW;
AADLNOP;200,1760
AADLNOV;198,605,2863
AADLNOZ;887,2863,2951,2959,2964,3092
AADLNRY;626,639
AADLNSS;2782
AADLNSU;914,936,1704,2882,3067,3083,3115
AADLNSV;
AADLOPY;200,980,1894,2756,3076
AADLPPU;
AADLPRS;
AADLPYY;1829
AADLRRU;339,938,986
AADLRSU;979,1806,1807,3113,3115
AADMMRS;974,2770
AADMNNO;2993,3028,3122,3123
AADMNNS;1708,3027,3029,3051,3055,3062
AADMNOR;
AADMNOW;662,663,3122
AADMNRS;
AADMNRW;2783,3122
AADMNRY;
AADMNSY;3053
AADMNTU;922,2751,2867,3020,3028
AADMOPP;3000
AADMOQU;3094
AADMORT;1381
AADMOSU;518,983,1349,1759,1811,1900,3026,3113
AADMPPU;
AADMRRY;
AADMRSU;7,80,324,983,1349,1885,2750,2770,3027,3029,3113
AADMRSZ;186
AADMRZZ;
AADMSYY;
AADNNOT;959,3123
AADNNPS;2935,3022
AADNNRS;320,620,1369,1742,1904,2928,2935,3016,3022,3027,3029,3037,3042,3048,3049,3065
AADNOOT;199,336,643,887,981,984,3028,3091,3092,3096,3109,3123
AADNOPR;1370,1765,1766
AADNORT;918,959,1713
AADNORY;660,1350,1376,1891,2862,2863,2898,3122
AADNPRS;3022
AADNPRU;955,985,1765,1801,1869,2857,2858,3004
AADNRRW;
AADNRRY;1350,2898,3111
AADNRSS;1888,1902,2782,3075,3077
AADNRST;1904
AADNRTY;2817
AADNRVW;
AADNRWY;3122
AADOPRR;1761,2818,2898,3003,3071
AADOPRS;
AADOPRT;1374,1840,1894,3071,3082
AADOPRX;316,2866
AADOPSS;3046
AADOPSU;188,2936,3074,3113
AADOPTT;980,1374,1782,2866,3003
AADORWY;1839,3122
AADOSTT;3006,3026,3108,3120,3125
AADOWWX;
AADPSSW;3046
AADPSSY;194,1870
AADPSYY;
AADPTTU;1819
AADQRTU;
AADRRSS;1313,1709,2752,2869
AADRSTU;978,1706,1756,1904,2750,2770,2786,3027,3115,3125
AADRSTY;1379,1861,2800,3030,3084
AADRSVW;
AADRWWY;
AAEEFFR;
AAEEFGL;1007
AAEEFRT;1008,3157
AAEEGKL;
AAEEGLT;348,352,1390,1925,1942,3173,3178,3184,3190,3191,3194,3211
AAEEGMN;348,1018,1924,1926,3192,3200
AAEEGMT;348,354,1018,1924,1926,1942,3190,3200
AAEEGRV;205
AAEEGST;1389,3203
AAEEHRT;1008,2801,3233
AAEEINT;1008,1394,2801,2809,3163,3165,3166,3203,3280,3312
AAEEKKS;499
AAEEKLS;890,1040,1384,1405,3282
AAEEKRW;
AAEELMN;348,352,1397,1409,1990,3191,3192,3228,3229,3255,3327
AAEELMT;348,1397,1942,1965,3178,3190,3191,3229,3255
AAEELOR;524,686,871,1049,1629,1675,1934,3179
AAEELPT;1680,3178,3302
AAEELRT;3191
AAEEMNT;348,1409,3161,3190,3327
AAEEMRT;354,3219
AAEEMTX;2867
AAEEPPS;3289
AAEEPRT;597,673,676
AAEERST;3142,3321
AAEERSW;3258,3285,3340
AAEERTU;522,1013,2867,2871,3157,3243,3315,3321,3348,3350,3351
AAEERTW;2783
AAEERTX;908,2867,3163,3166,3205,3312,3339
AAEFFGR;
AAEFFIR;3353
AAEFFLL;
AAEFFNR;3353
AAEFFRS;3357
AAEFFTT;
AAEFGNS;2876,3154,3368,3369
AAEFGRS;3365,3368
AAEFGTW;
AAEFIRR;673,1091,1714,1918,3362,3382,3384
AAEFKLO;
AAEFLLV;
AAEFLPR;3361,3380,3383,3385
AAEFLRS;674,1098,1420,2046,2048,2052,2878,3365,3368,3379,3386
AAEFLRW;
AAEFLSV;2046
AAEFMOS;712,1101,2053,3392
AAEFMRT;
AAEFQRU;3384
AAEFRRW;
AAEFRWY;
AAEGGLS;2887,3168,3409,3412
AAEGGNO;1924,2889,3396,3398,3406
AAEGGOP;
AAEGGRS;
AAEGGRT;676,1107,3165,3393,3398,3401,3403,3408
AAEGGRY;3171
AAEGGSV;76
AAEGHLU;677,715
AAEGHLY;714
AAEGHNT;366,1109,1110,1111,3173,3360,3396,3398,3418,3423,3424,3426,3434,3443
AAEGILR;77,180,1007,1016,1091,1107,1421,1422,1732
AAEGILS;
AAEGINP;2066,3407
AAEGINR;
AAEGINV;
AAEGINW;1111,2135,3434,3484
AAEGIPR;1109,1112,1422,2066,2103,3393,3395,3403,3407,3473,3474,3475,3489,3492
AAEGIRR;1007,1091,3362,3473,3498
AAEGISS;927,2109,3421,3465
AAEGIST;349
AAEGISU;147,324,924,2122,2133,2908,2925,3405
AAEGITT;1111,2085,3200
AAEGITZ;1018,2105,3451,3455
AAEGJTU;
AAEGKNT;1109,1110,2913,3423,3478
AAEGKOS;1116,1940
AAEGLLR;931
AAEGLLT;3519
AAEGLMN;352,1018,1431,3490
AAEGLMT;146,352,373,1018,2075,2078,2900,3178,3190
AAEGLNN;86,93,352,677,715,1114,1119,1667,2100,2101,3183,3361,3362,3368,3482
AAEGLNR;
AAEGLNS;1126,2150
AAEGLNU;677,715,1114
AAEGLOP;2147,2148,2150,3179,3487,3524,3525,3526
AAEGLRR;218,721,1091,1107,2077,2774,3179,3196,3362,3498
AAEGLRS;2727
AAEGLST;1126,3412
AAEGLSV;
AAEGLSX;
AAEGMNO;931,3443
AAEGMNR;1431
AAEGMNS;
AAEGMNT;3443
AAEGMPR;2103,2148,3440
AAEGMRT;
AAEGMRW;
AAEGMSS;2145,2153,3130,3524
AAEGMTT;146,373,1942,2085,2108,2149,3200,3443
AAEGNNP;354,2038,2066,2106,2915,3361,3397,3403,3407,3489
AAEGNNS;350,923,1119,1938,2100,3411,3482
AAEGNNT;
AAEGNOP;2070,2148,2150,3436
AAEGNPT;
AAEGNPW;3484
AAEGNRR;721,1427,2093,3362,3446,3473,3498
AAEGNRT;30,225
AAEGNRW;2135,3434,3484
AAEGNST;
AAEGNSU;1022,2925,3442
AAEGNTV;30,205,225,3523
AAEGNTW;1111,2135,3434,3478
AAEGORS;874,1939,1940,2125,2934,3217,3365,3437,3522
AAEGPRR;380,676,2073,2077,3407,3471,3473,3498
AAEGPRS;369,1930,2727,2935,3181
AAEGPRW;
AAEGPSS;368,2124,2147,3487,3494,3524
AAEGPSV;1940,2150
AAEGPSY;3218,3412,3416,3485,3522
AAEGQUY;
AAEGRRV;3449
AAEGRST;
AAEGRSV;
AAEGRTT;2775
AAEGSSU;3524
AAEGSSV;927
AAEGSSW;2147
AAEGSTU;368,924,1013,1022,1122,2925,3215,3412,3442,3525,3532
AAEGSTW;
AAEGTTW;
AAEGTUX;3203
AAEGTWY;
AAEHHPR;554,722,2073,2156,3219,3395,3417
AAEHHPT;2073,2156,3219,3220,3534,3539
AAEHILP;3534,3543,3565
AAEHIRT;1008,1027,1109,3173,3233,3423
AAEHKNT;1109,1110,3423
AAEHKPS;734,3422,3552
AAEHKRY;
AAEHKST;389
AAEHKSW;
AAEHLLL;2175
AAEHLMT;1964,1965,3178,3256,3534,3558,3584
AAEHLNT;
AAEHLPS;3222,3533,3552,3557
AAEHLPX;3534
AAEHLRT;900,1027,3233
AAEHLST;3256,3545,3558,3584
AAEHLTT;229,729,1314,1437,2167,2176,2179
AAEHMSS;3126,3137,3156,3235,3570,3571,3577,3593
AAEHMST;3126,3137,3545,3584
AAEHMTT;1111,2217,3252,3428,3443,3576
AAEHNPR;207,1109,1141,1450,2066,3157,3397,3549,3560,3572,3590
AAEHNPS;1142
AAEHNSY;737,1451,2207,3246,3261
AAEHPRZ;1027,2169,2818,3549
AAEHPSW;3574
AAEHPSX;
AAEHRSY;621,733,737,897,1131,1451,1633,2181,2190,2208,2732,2800,2814,3174,3241,3261,3416,3559,3573,3589
AAEHSTT;388,3138,3139,3247,3428,3445,3553,3576
AAEIKLN;1105,1113,3362
AAEILLX;2126
AAEILMN;398,2827,2830,3490,3700
AAEILMS;1097,1148,1151,3230,3545,3552
AAEILNN;206,382,401,1392,3362,3554,3712,3715
AAEILNO;242,398,401,560,717,718,1105,1136,1173,1318,1496,1923,2045,2184,2272,2981,3195,3228,3490,3544,3622
AAEILNT;393,401,3384
AAEILOR;180,237,560,630,718,776,1099,1105,1136,1173,1188,1496,1732,2169,2184,2272,2940,2981,3377,3385
AAEILPX;383,3534,3700
AAEILRS;
AAEILRU;533,630,938,1171,3233,3385
AAEILRV;3377
AAEILSS;1041,2047,3136,3278
AAEILSV;1137
AAEILSX;383,1672,2836,3700
AAEIMMT;28,33,362,1488,1684,1796,2103,2105,3429,3543
AAEIMNS;1097
AAEIMNT;
AAEIMPY;1447,2178,2317,3682,3683
AAEIMRR;145,232,400,938,3272,3683
AAEIMRT;145,561
AAEIMRU;938
AAEIMTV;28,1812,2823,2847,2978,3270,3599,3654,3697
AAEINNO;377,718,1502,1646,1653,2322,2981,2993,3228,3406,3539,3580,3649,3656,3657,3750
AAEINPS;90,148,757,1440,2854,3727
AAEINPT;
AAEINST;
AAEIPPS;951,953,1128
AAEIPRR;1112,1162,1188,2948,3004,3395,3407,3473,3498
AAEIPRS;
AAEIPRT;3408
AAEIPTT;
AAEIRRT;33,232,3473
AAEIRSS;
AAEIRST;
AAEIRSX;350,2290,2836,2839,3013,3147,3205,3379,3655
AAEIRTT;
AAEIRTV;3283
AAEIRTW;934,2943
AAEIRVW;776
AAEISTT;1455
AAEISTV;2847,2953
AAEISTX;3147,3655
AAEITUX;
AAEJMST;2978,3014,3584,3602
AAEJNRT;1912
AAEJOPR;
AAEKKOR;
AAEKKPY;
AAEKKRY;
AAEKLMS;408,3476,3552,3669,3670
AAEKLNS;556,1384,1405,1515,3669
AAEKLNT;911,1062,3766,3767
AAEKLSS;792,2041,2339,2977
AAEKMNW;3478
AAEKMRR;
AAEKMRS;3422,3477
AAEKMSW;
AAEKNNS;394,556,1757,2340,2793
AAEKNSW;635,1115,2115,2116
AAEKNUW;
AAEKPRT;
AAEKPTU;
AAEKRSS;1387,1986,2016,2041,2339,2977,3142,3323
AAEKRST;389,595,791,793,993,2338,2340,3142,3415,3769
AAEKSSV;994,2339
AAELLLM;1442,2263
AAELLNV;2343,2344,2956
AAELLNZ;765,1045,1173,3451,3455,3586
AAELLPR;2211
AAELLPS;1485,2147,2261,2342,3668,3691
AAELLPT;3519
AAELLRT;537,2061,3774
AAELLRY;1758,2212,2344,3774
AAELLSW;3285
AAELLTV;
AAELMMR;1488,2174,2282
AAELMMT;229,247,1488,2282
AAELMNT;352,1409
AAELMNU;999,1070,2916,3014,3255,3700
AAELMOT;373,954,3178,3534
AAELMPT;3534,3543
AAELMRW;237,776,2943
AAELMST;2978,3545
AAELMSX;1672,1993,2229,2288,2290,3545,3700
AAELMSY;1773,2259
AAELNNS;102,411,915,998,1076,1200,1201,1203,1520,1757,3222,3331,3332,3368,3411
AAELNOP;398,410,779,1760,2148,2150,2272,3228,3390,3544
AAELNOV;242,1021,1070,1496,3195,3211,3523
AAELNPR;27,995
AAELNPT;
AAELNPU;27,955,2185,3498,3721
AAELNRS;
AAELNSS;
AAELNST;
AAELNSY;1405,1515
AAELNTT;
AAELNTY;566,743,1149,1356,1465,1498,1499,1794,2017,2019,2022,2152,2276,2885,2954,2989,3382,3523,3588,3674,3675,3687
AAELNTZ;1018,2045,3451,3455,3586,3637
AAELNWY;
AAELNYZ;
AAELORR;2062,2211,2272,2981,3017,3179,3293,3377,3382,3638,3639,3797
AAELORS;2878,3016,3017
AAELORU;630,920,954,955,1140,1199,1519,3766,3781,3782
AAELOTX;242,401,530,2126,2188,3534,3586,3588,3797
AAELPPR;
AAELPPS;
AAELPPT;
AAELPPU;91,104,762
AAELPRS;
AAELPRT;
AAELPRV;3383
AAELPSS;1707,2041,2147
AAELPST;
AAELPTT;3601
AAELPTU;552,566,798,1001,1966,3385,3543,3721
AAELPTY;714,1162,1163,1478,2019,2276,3519,3567,3603,3723,3730,3768
AAELRST;1522,2338,2356
AAELRTV;3523
AAELRTZ;79,1475,3455
AAELRVY;1134,1496,1778,1831,2309,2344,2989,3303,3383,3523,3648,3725
AAELSST;
AAELSTT;
AAELSTV;
AAELSTZ;1029,1477
AAELSUX;3278
AAELSWX;
AAELTUV;1182,1494,3715
AAELTVV;
AAELTZZ;
AAELWWY;
AAEMMMR;
AAEMMMT;3740
AAEMMNT;1409,1684,2842,2909,3018,3428
AAEMMNU;69,701,1409,2993,3018
AAEMMOT;1488
AAEMNNT;226,1182,2867,3027,3028,3800
AAEMNOR;398,1070,1136,1141,1173,3353,3572
AAEMNPP;398,3572
AAEMNPS;410
AAEMNPT;
AAEMNRT;
AAEMNRU;999,1061,1062,1070,1193,1519,1644,2867
AAEMNST;
AAEMNTU;1409,3028,3200,3443,3741
AAEMOTY;390,561,954,2149,2188,2267,3178,3443,3556,3588,3705,3741
AAEMOTZ;
AAEMPRT;390,3219
AAEMQSU;2924
AAEMRSS;3156,3374
AAEMRST;1764,2217,2359
AAEMRTU;1644,2867
AAEMSSS;381,3548,3570,3575
AAENNNT;1653,2111,2247,2927,2967,2996,3748
AAENNST;226,394,728,1520,3222,3332,3347,3535,3539
AAENNSZ;3199,3202,3242,3571
AAENNTT;
AAENNTV;959,1182,1361,1913,2019,2248,3280,3542,3715,3748
AAENOPS;188,1142,1509,1523,1963,2070,2150,2995,2997,3266,3664,3750,3802,3803
AAENOSZ;3202,3334,3633,3643
AAENPPR;1765
AAENPSS;211
AAENPST;
AAENPSV;757,2150,2854,3005,3727,3755
AAENPSX;3205,3313,3664,3750
AAENPTT;2817,3263
AAENRRT;33,1470,2021,2063,3446,3473
AAENRSS;416,1524,3662
AAENRST;
AAENRTT;
AAENRTU;414,2215,2358,2867,3027,3348,3778,3792
AAENRTV;205,225,529,531,959,1525,1984,2114,2333,2362,2906,2988,2989,3283,3383,3523
AAENRUW;2135
AAENRUZ;1045,2751
AAENSSU;99,251,704,914,1069,1076,1104,1192,1818,2060,3583,3722,3778
AAENSSV;927
AAENSSW;105,1079
AAENSTV;
AAENSTW;1835,2030,3574
AAEOPTZ;2818,3549,3551,3629
AAEORRT;390,1470,2062,2362,3252,3797
AAEORRU;1199,2364
AAEORST;389,3437
AAEPPRS;3417
AAEPPRT;
AAEPPRV;1985,3449
AAEPRRS;380,411,414,1930,2026,2032,3140
AAEPRSS;1439,2041
AAEPRST;
AAEPRSY;733,1752,2208,3416
AAEPRSZ;2055,3286,3309
AAEPRTY;390,1162,1163,1514,2073,2221,2336,3768
AAEPSTW;3574
AAEPTTW;
AAERRRS;644,767,1407,1823,1920,2010,2206,3140,3351,3508,3531,3765
AAERRRY;1091,2221
AAERRSS;380,2869,3531
AAERRST;2338,2819,3128
AAERRTT;232,234,400,1401,1457,1497,1762,2000,2221,3252,3473,3661,3752,3797
AAERSST;
AAERSSY;799,3134,3386
AAERSTU;2356,2786,3348,3532,3788
AAERSTW;2217,2338
AAERTTU;1147,3339,3385,3721
AAESSTV;363,994,2357
AAESSWY;3134
AAESTTT;3806
AAFFILN;665,672,2873
AAFFILX;
AAFFIMS;3354
AAFFINS;1836
AAFFINT;2758,2873
AAFFIRS;2365,2366
AAFFIST;2366,3354
AAFFLRS;3032
AAFFPRS;
AAFFRSY;
AAFFRSZ;
AAFGHIN;1837,3033,3360
AAFGHNS;2876
AAFGLMN;2367,3822
AAFGNRS;417,2876,3154,3368,3369
AAFGORR;1918,2368
AAFHIKL;
AAFHINR;808,1008,2788,3033,3360
AAFHLLS;2772
AAFHLWY;
AAFHMST;
AAFHSTW;
AAFIILR;
AAFIJST;
AAFIKLS;
AAFIKSS;
AAFILNT;1095,1211,1838,2038,2369,2378,2385,3033,3036,3358,3382,3383,3384,3828,3829,3832,3833,3836,3838
AAFILQU;2397
AAFINNT;1837,1838,2372,2388,2389,2403,2758,3033,3036,3821,3828,3832,3833
AAFINNU;2758
AAFINRS;257,332,417,418,1420,1530,3376,3379
AAFINST;
AAFINTT;255,418,2369,2384,2390,2411,3829
AAFIPRT;673,3380,3385
AAFIQTU;1095,2397,3384
AAFIRSS;1417,1420,2035
AAFIRSU;417,418,811,2875,3388
AAFIRUY;3831
AAFIRWY;
AAFISST;3034
AAFJLLW;
AAFJLOR;
AAFKNST;1090
AAFLLLS;2391,2407,3365
AAFLLTY;708,1209,1210,1212,2379,3366
AAFLMPR;
AAFLNOR;161,1211,1214,2062,3382,3818,3833
AAFLNRU;259,920,1214,2385,3384,3829
AAFLNUU;259,1214,1215
AAFLSTU;2886
AAFLWYY;
AAFMNRT;259,1214,2387,3360,3838
AAFMNST;1009,1102,2886,3392
AAFNRRT;255,418,1714,2063,2411
AAFNSTT;418,3154,3835
AAFNSTY;1716
AAFOSST;2059,2060,2413,3386,3389,3823,3840,3841
AAGGHNT;2417,3396,3398,3848
AAGGIJN;
AAGGILN;35,1217,2367,2759
AAGGJRY;
AAGGKSU;
AAGGLMO;2367,3872
AAGGLOS;3411,3412,3857
AAGGLRY;1216,3872
AAGGMNS;2418,3130,3845
AAGGNOY;261,2417,3849
AAGGNST;2894,3169
AAGGNSZ;
AAGGNTT;3819
AAGGNWY;
AAGGQSU;
AAGGRSS;3846
AAGGRST;
AAGHHRR;815,2071,2073,2425,3395,3417,3873,3874,3875
AAGHHST;2072,3415
AAGHILR;1421,1426,3033,3418
AAGHINN;1541,1837,1841,1927,2430,3878
AAGHJNS;3845
AAGHKNS;2424,3422
AAGHKNT;569,1109,1110,3423
AAGHLNT;1221,1925,2428,2436,3033,3173,3396,3418,3424,3426,3439,3876
AAGHLOS;419,2452,3877,3884,3885,3891,3893,3894
AAGHLSZ;
AAGHMNN;3051
AAGHMNU;3443
AAGHMNW;1111,3434
AAGHMRS;425,2452,2455,3053,3172,3430,3439,3445,3893,3896,3897
AAGHNRS;1429,2067,2761,2876,3049,3175,3176,3181,3420,3886,3896
AAGHNSS;3427
AAGHNST;538,2761,3051,3879,3880,3886,3888
AAGHQUU;
AAGHRSW;2432,3176,3420
AAGHSTY;3880,3889
AAGIINT;114,163,1221,1527,1541,1550,1656,1728,2369,2372,2428,2462,2470,2477,2759,2762,3393,3404,3469,3472,3876,3901,3914,3946
AAGIKNS;501,1116,1416
AAGIKNT;573,1110,3423
AAGIKNW;1658
AAGIKNZ;
AAGILMY;3882,3962
AAGILNN;431,434,441,443,884,1114,1119,1232,3054,3362,3482,3900,3901,3902,3903,3908,3930,3932,3970
AAGILNO;1224,3858,3963
AAGILNP;825,827,2726,3044,3850,3851,3858,3882
AAGILNR;441,2726,3033
AAGILNS;
AAGILNV;
AAGILNY;3882
AAGILOS;
AAGILOT;2076,2096,2491
AAGILPS;432,442,827,2461,3198,3487,3850,3877
AAGILRS;
AAGILRT;1016,1107,3033,3060,3885,3970
AAGILSV;2082,2485
AAGILTW;2135,3962
AAGIMNO;1857,2370,2417,2443,3914,3957
AAGIMNS;417
AAGIMNT;21,35,828,1857,2417,3907,3913,3914,3962
AAGIMNZ;190,3861,3914,3937,3940,3942
AAGINNS;219,350,443,1742,1938,2112,2478,2480,2928,3037,3063,3482,3513,3900,3902,3975
AAGINNW;
AAGINOS;424,1939,2373,2423,3436,3888
AAGINPY;1555,1658,3882
AAGINRR;1427,1550,2093,2426,3473
AAGINRS;
AAGINRT;21,573,1550,1837,2447,3033,3818,3848,3878,3946,3979
AAGINRU;1237,1550,2471,3423,3819,3979
AAGINRZ;3038,3455,3851,3858,3861,3906,3911,3918,3932,3937,3942,3946,3952,3977
AAGINST;538
AAGINSU;2122,2133,2485,2495,2925
AAGINSV;2485,3420
AAGINSY;
AAGINTY;1226,3483,3495,3507,3955,3962,3971,3982
AAGINWW;
AAGIOSS;2083,2086,2145,3516
AAGIOTT;373,831,2085,2132,2491,2499,3195,3888
AAGIPRS;3850
AAGIPRU;422
AAGIRRY;1091
AAGIRSW;223,1115,2116,2432,2919,3185,3420
AAGIRSY;894,2492,3174,3959,3973
AAGISTT;3888
AAGJNRS;
AAGJRSU;
AAGKKNO;
AAGKLSY;2486,3866
AAGKOOZ;
AAGKORT;3920
AAGLLNS;3480,3877
AAGLLNT;3519,3962
AAGLLVY;
AAGLMMS;3410,3487
AAGLMNS;2424
AAGLNOR;3194,3211,3523,3818,3822,3858,3909
AAGLNOS;2150,2509,3210
AAGLNOY;261,266,1021,1230,1731,2152,2509,3519,3523,3882,3960,3984
AAGLNPS;432,442,827,1223,2150,2461,2509,3850,3877,3910
AAGLNRS;
AAGLNRU;1236,1237,3930,3931,3932
AAGLNST;1126,3368,3900,3907,3930,3971
AAGLNSU;442,1236,2485,2497,3870,3871,3930,3931
AAGLNTY;1226,2152,3495,3519,3962,3971
AAGLORU;3985
AAGLRST;1861,2486,3893
AAGLRUU;339,2494
AAGLRVX;
AAGLSST;968,1225,3907,3933,3967,3971
AAGMMNS;2434,2501,3896
AAGMMRR;1125,2453
AAGMMRS;39,2104,2473
AAGMMST;39,2104,2434,2909,2921,3428,3464,3919
AAGMMTU;
AAGMMUY;
AAGMNNR;2915,3489,3906,3937
AAGMNOS;3896
AAGMNOT;1857,1924,1926,1944,2370,2417,3190,3443,3914,3968
AAGMNPR;2443,3874,3937,3957
AAGMNPY;1555,2503,3882,3957,3984
AAGMNRS;3896
AAGMNRT;21
AAGMNSW;3199
AAGMNSZ;
AAGMOPY;1555,2088,2438,2451,2503,3178,3440,3527,3882,3957,3984
AAGMORS;39,271,425,2455,2501,3893,3896
AAGMOSU;1022,2143,2454,3215,3442,3939
AAGMPRS;423,2455,3893
AAGMRRY;
AAGMRSY;1861,2744,3053,3527,3984
AAGNNOS;2478,3411
AAGNNRU;1723
AAGNNSW;3
AAGNOPR;649,1234,3072,3858,3957
AAGNORS;271,1939,3217,3896,3945
AAGNORZ;2930,3858,3946
AAGNOST;326,424,503,1126,2070,2072,2373,3436,3888
AAGNPRS;1930,3181,3850
AAGNRRS;2457,3896
AAGNRRY;2898,3849
AAGNRSS;445,3077,3984
AAGNRTV;30,205,225
AAGNSST;3077
AAGNSTU;1022,1236,2449,2925,3215
AAGNSUY;3218,3495,3521
AAGNSWY;3971
AAGOPRU;422,2090,2448,3438,3447
AAGOPSS;2124,2147,2460,3046,3077,3201,3444,3487,3494,3501,3524,3526,3899,3947,3953
AAGORSU;1939,2143,3532
AAGOSTU;326,1022,2460,2936,3215,3412,3525,3532,3885,3939,3983
AAGPPRS;2928,2929,3068,3073,3181,3421,3477,3513,3978
AAGRRSY;
AAGRSUV;324,3532
AAGTTUU;2446
AAHHIRS;932,3416
AAHHJJS;
AAHHLLS;
AAHHLSV;
AAHHMSZ;
AAHHNNT;3989
AAHHNPT;
AAHHNST;878,2072,3223,3415,3538
AAHHOPR;722,1219,1538,2156,2414,3395,3874,3875
AAHIIMT;423,449,450,835,836,2170,2526,3226,3543,3544,3987,3995,4000,4001,4002
AAHIJNR;
AAHIKMN;
AAHIKMS;
AAHIKOR;2940
AAHIKPS;4013
AAHIKRS;
AAHIKRT;1109,1110,2433,3423
AAHILLL;278,1565,2175
AAHILLN;164,263,447,1445,1925,2532,2535,3554,4012,4019
AAHILMR;2438,2940,3883,4022
AAHILMS;3533,3545,3552,4010,4015
AAHILMT;3543,3555,3558,3559,3883,4010,4022
AAHILNT;71,166,279,280,839,1221
AAHILPV;
AAHILSW;817,2432
AAHILSY;1131,1451,1570,2190,2945,3545,3558,3559
AAHIMNO;336,449,1136,1141,1748,3228,3572,4002
AAHIMNS;
AAHIMNZ;357,1136,2807,3571,4002
AAHIMSS;1243,3137,3235,3577
AAHINOP;1141,1323,2430,2525,2537,3228,3551,3580
AAHINPP;1841
AAHINPR;1109,1141,1450,2066,2185,3039,3572
AAHINST;424,451,2761,3845,3847,3886,3888,4006,4007
AAHINSW;
AAHINTW;1111,3434
AAHIOST;117,424,451,538,539,838,1128,1132,1245,1251,1255,1256,1455,1568,1754,2086,2524,3250,3553,3579,3879,3886,3888,4001,4010,4014
AAHIPRS;3174,3230,3421,3577,4017,4028
AAHIPRT;135,814,1027,1109,1450,1456,1537,3219
AAHIPTZ;2428,3549,3551
AAHIRRS;1258,3052,3241,3430,3563,3987,4007,4028
AAHIRSS;1130,1247,1328,3421,3562,3577
AAHIRST;451,2761,3987
AAHIRSV;
AAHIRTV;1868,3225,3233
AAHISTW;1255,2531
AAHJKNR;
AAHJKST;
AAHJNRS;
AAHJRRS;
AAHKKST;
AAHKLRS;1031,2432
AAHKLST;
AAHKLSY;3552
AAHKMSY;3552
AAHKNST;1261,4014,4033
AAHKNSU;
AAHKPSS;3253,4013,4034
AAHKPSU;
AAHKRSS;
AAHLLLS;
AAHLLNS;453,2772
AAHLLOS;1568,3584,3585,3877,3891,4010,4017,4018
AAHLLPS;453,1263,3585,3877,3891,4017,4018
AAHLLSS;1263,1568,2941,4021
AAHLLSW;
AAHLLWY;
AAHLMMS;
AAHLMRS;2452,3439,3893
AAHLMRU;2185,2943,3439,3555,3559,3995,4022
AAHLMSS;
AAHLMST;835,1559,1964,3256,3545,3558,3584,3893,4010
AAHLMSU;1759,2452,3891
AAHLNPX;
AAHLNRW;
AAHLPRS;419,1863,3894,4017
AAHLPST;
AAHLRSS;288,870,1034,1130,1247,3540,3562,3566
AAHLRST;288,2556,4037
AAHLRSW;3032
AAHMMMS;
AAHMMNS;2434,2804,3234,3428,3896,4000,4026
AAHMMSS;2083,2454,2543,3126,3137,3235,3568
AAHMNNU;1446
AAHMNRS;3053,3896,4013
AAHMNSS;4039
AAHMNST;3845
AAHMNTX;
AAHMOPR;289,3874
AAHMPRS;423,426,2547,4013
AAHMQSU;
AAHMRSS;1870,3156,3577,4013
AAHMSST;1243,1438,3126,3137,3235
AAHMSSU;2454,3570,3571,4039
AAHMSTZ;2203,3236
AAHNNOS;451,1467,2198,2199,2524,3086,3569,3579,3879,3886,4018,4026
AAHNNST;451,620,736,1973,2815,3051,3243,3569,3579,3847,3879,3886,3887,4000
AAHNNTX;
AAHNOPR;1141,3157,3572,3590
AAHNORT;739,1133,1470,1574,1928,2514,3157,3878
AAHNORV;1868
AAHNPSS;1257,2527
AAHNRTX;2514
AAHNRTY;739,839,1249,1564,1574,2538,2817,3573,3997,4037
AAHNSUW;936,3258
AAHNSZZ;
AAHORSU;389,653,732,1577,3258,3589,3592,4041
AAHOSTW;2531,3879
AAHPPRS;387,1577,2946,3084,3181,3227,3421,3577,3990,3999,4003,4005,4006,4042
AAHPRSY;1577,1752,2208,2732,3047,3084,3174,3589,3593
AAHPRTW;
AAHPTWY;
AAHRSSS;973
AAHRSST;288,544,1313,3540
AAHRSTY;143,1131,1564,1633,2556,2800,2814,3084,3261,3889,4037
AAHRTTW;
AAHSSST;381,452,2087,2191,3541,3825
AAHSSSY;2812,3246
AAIIKKS;
AAIIKSW;
AAIIKSZ;4073
AAIILMR;1421,1548,1585,2164,3060,3856
AAIILPR;464,816,1234,1250,1276,1330,1399,1422,1540,2074,2164,2169,2726,2907,3184,3380,3851,3858,3911,3993,4105
AAIILPT;83,120,464,980,1276,1478,3184,3380,3543,3629,3911,3926,4105
AAIILRZ;1037
AAIIMNT;3269,3622,3623,3653,3654,3861,3913,3914,3940,3942,4062,4090
AAIINNZ;114,122,292,438,463,1284,2372,2389,2403,3038,3049,3657,3828,3901,3903,3932,3937,3946,3952,4002,4050,4052,4065,4123,4133,4136
AAIINRT;67,255,393,725,1133,1268,1286,1550,1588,2378,2385,2529,3275,3393,3472,3546,3861
AAIINTT;255,460,461,623,1221,1274,2167,2369,2390,2470,2529,2608,2621,3109,3111,3269,3275,3551,3612,3622,3657,3667,4045,4051,4052,4054,4080,4090,4098,4106,4133
AAIINZZ;
AAIIRVV;
AAIJKRS;1986,2258
AAIJLNP;
AAIJMNP;
AAIJMNT;455
AAIJNRS;3266
AAIJNRZ;
AAIJNST;842,3845,3919
AAIJPPY;
AAIJRSW;
AAIKKKV;
AAIKLLN;507,820,825,826,3866,4012
AAIKLLS;3866
AAIKLMS;3476,3552,3669,3670
AAIKLNP;825,4012
AAIKLNS;3669
AAIKLPR;2639,3475
AAIKMNN;3822
AAIKMNR;688,2827,3822,3957
AAIKMOR;2940,3822,3920,3957
AAIKMOS;596,1480,3669,3670
AAIKMRS;
AAIKMTU;
AAIKNRS;501,937,942,1090,1115,1416,2116,2486,3185,4071
AAIKNST;942
AAIKORU;
AAIKOSY;1596,2638,3552
AAIKPPR;716,2068,3957
AAIKPRR;
AAIKRSS;1986,2977,3142
AAIKRST;942,1090,1596,2486,3142
AAIKRSU;
AAIKSTT;3553
AAIKTVV;
AAILLLP;395,1043,1443,2175,2264,2265,2572,2642,2643,3603
AAILLLT;278,294,395,440,577,1269,1375,1565,1579,1874,2175,2176,2263,2265,2572,2640,2643,3358,3603,3673,3675,3678
AAILLMM;1209,2573,3836
AAILLMN;820,825,2827,2830
AAILLMR;
AAILLMX;2466,4016
AAILLNT;3966
AAILLNV;2832,2956,3844
AAILLPP;2584,2649,4150
AAILLRX;2126
AAILLSV;3691,4152
AAILLSX;
AAILLUV;770,2831,2832,2955,2956,3691,3694,3923,3963,4152
AAILLXY;4016
AAILMMN;35,37,3832,3836,3837,3838,3856,3882
AAILMMR;362,1488,1796,2174,2282,3837,3838,4022
AAILMMS;1097,1473,2820,3487
AAILMMX;
AAILMNR;2827,2830
AAILMNS;317,2424
AAILMNT;35,37,4090
AAILMNU;2367,3836,3962
AAILMNV;4090
AAILMPS;1607,2533,2638,3230,3487,3552,4017
AAILMQU;3094
AAILMRT;580,1548,1585,3060
AAILMSS;1580,3967,4078
AAILMSU;1047,1179,1180,1181,1272,1473,1481,2978
AAILNNS;301,3902,4018
AAILNOP;298,649,1234,1323,2272,2439,3858
AAILNOT;3622,3836
AAILNOV;74,1224,1496,1611
AAILNPS;90,3727,3850
AAILNPT;
AAILNRU;2385,2471,2535,2598,2653,4114,4115
AAILNRY;470,626,1216,1230,1249,1266,1451,1496,1611,3675,4082
AAILNSS;659,1265,1598,3834,4011
AAILNST;
AAILNSY;301,1451,1599,1606,2945,3083,4015,4018,4144
AAILNTV;2679
AAILNTY;2768,2837,2954,3675,3687,3962,4148
AAILORS;142,1251,1278,2583,4017
AAILORU;74,630,1250,1289,3094,3385,3993,4115
AAILORV;74,630,776,1496,1611
AAILORZ;478,782,1099,1136,1140,1173,1234,1278,2169,2441,3858,4115
AAILOST;239,1491,1568,2583,3386,3558,3735,4010,4078,4151,4165
AAILPPT;3712
AAILPRS;1486,1991,3230,4017
AAILPRT;441,1276,3911
AAILPRY;300,459,854,1046,1162,1276
AAILPST;
AAILPTT;12,26,83,120,980
AAILPZZ;
AAILQWW;
AAILRRV;3233
AAILRST;3386,3826,3930
AAILRTT;12,177,382,400,1129,1497,1585,2226,2309,2653,3385,3607,3627,3673,4045
AAILRTV;2679,3060
AAILRWY;2914
AAILSSS;20,381,1118,1294,2047,2191,2386,3193,3988,4096
AAILSSV;1039,1054,1295,1500,2230,3100,3118,3725,4011
AAILSSW;3971,4143
AAILTTT;850,1952,2309
AAIMMMT;3740,4074
AAIMMNO;449,1141,2993,3836,3837,3838,3882
AAIMMSS;1178,2083,3101,3137,3235,3487,3740
AAIMNNO;306,2689,2693,2694,2993,3228
AAIMNNT;306,2693
AAIMNOS;317,2997
AAIMNOT;3914,3968
AAIMNPT;1572,2525
AAIMNRS;417
AAIMNRT;21
AAIMNST;3845
AAIMNSV;2246,2891,3464,3654,4014,4061,4062
AAIMNTX;3556,3606,3913,3914
AAIMRRS;3830,4028
AAIMRRT;145,400,2502,3272
AAIMRST;2473
AAIMRSU;
AAIMRTU;450,1289,3060,3961,3995
AAIMSST;1882,2270,2604,2696,3137,3235,3307,3740,4078
AAIMSSU;1272,2612,3294,3307,3700
AAIMSTT;1151,1255,2669,2687,3119,3740,3987,4078
AAIMSTU;924,1255,1272,1481,1811,2847,2978
AAIMSTV;376,2246,2320,2823,2847,2978,3354,3464,3697,4061
AAIMSUV;
AAINNPU;2993,3064,3065,3751,3864,3926,4086
AAINNRU;3065
AAINNRV;3295,3406,3748
AAINOPS;3266,3750,4071
AAINORR;1273,2628,2981,3004,3111,3353,3572
AAINORV;74,1611,3283,3314,3406,3725,3748,3757
AAINOST;117,424,483,1256,3553
AAINOSX;1462,2610,3913
AAINPPS;90,307,402,483,486,827,2633,2703,2853,3068,3073,3727
AAINPRS;486,3056,3850,4071,4084
AAINPSS;
AAINPST;117,1256
AAINRST;
AAINRSU;51,418,543,634,653,1320,4114
AAINRSV;2,3420
AAINRTV;322,2333,2679,2988,2989,3283,3383
AAINRTW;
AAINRTZ;333,2403,2628,3932,3942,3946,3952,4089,4110,4115,4123,4125,4133
AAINSST;3098
AAINSSY;1616,3011
AAINSTT;
AAINSTV;4014
AAINTTT;2529,3979,4135,4177
AAINTTU;100,127,935,984,1499,1819,1958,2235,2301,2653,2985,3109,3200,3721,3741,3819,3864,3979,4177
AAINTTX;1956
AAINTVX;3301
AAIOPRS;111,3266,3662,3750,4031,4071
AAIOPRT;330,422,1276,2639,3380,3385,3408
AAIOPRV;1276,1514,2337,3380,4138,4139
AAIORRS;1533,3144,3177,3508,3509,3602,4028
AAIORSU;285,653,971,1283,1939,3760,3981
AAIORTV;3283,3748,3757
AAIPPRS;427,428,486,3068,3073,3084,3114,3990,3999,4003,4005,4006,4028
AAIPPRU;422,3408,3990
AAIPPTT;2636
AAIPRST;
AAIPRSY;307,486,1618,1752,2208,3001,3084
AAIPRTT;1374,2549,2636,2707
AAIPSTY;1163,2189,2540,2680,2687,3001,3084,3220,3303,3567,3581,3723,3889,3973
AAIPSZZ;
AAIQSSU;1902,3307,4141
AAIQTUV;2988,3667,3715
AAIRSST;1882,2604
AAIRSTT;3987,4066
AAIRSTY;1279,1596,2413,2736,3001,3084,3303,3386,3567,3973,4097
AAIRSUW;2531
AAIRSWY;223
AAIRSZZ;
AAISTTV;2953,4056
AAISTUY;1270,1272,1279,1288,2319,3495,3559,3694,3760
AAITWXY;
AAJJMRS;
AAJKLWY;
AAJKMNR;3322
AAJKNSS;211
AAJMNPS;
AAJMNZZ;
AAJMORR;455
AAJMORT;455
AAJMPSY;
AAJNNOS;842
AAJNOSW;
AAJNOSY;
AAJNPRS;3266
AAJOPSU;
AAKKLPS;3668
AAKKLRU;
AAKKMOT;
AAKKMRS;
AAKKNSU;3669
AAKKOPS;3668
AAKKPSU;3668
AAKKSUZ;
AAKLMPU;
AAKLMRY;
AAKLMUY;
AAKLNOO;3767,4181
AAKLNOU;3766
AAKLOOP;3767,4181
AAKLOOT;3767,4181
AAKLRSU;
AAKLSSU;
AAKLSTU;1169,1288
AAKLWWY;
AAKMMNR;2433,3322
AAKMMOS;1480
AAKMMSU;
AAKMNSU;1169,1288,3669
AAKMORU;585
AAKMOSU;3669
AAKMRST;
AAKMRSU;
AAKMRUZ;
AAKMRWY;
AAKMSSY;
AAKNNTU;
AAKNORS;663,942,1116,1170,1261,2340,2979,3769,4033,4070,4071
AAKNPSY;
AAKNRST;2340,2486,3769,4033,4070
AAKNSST;3323
AAKNSTW;3,2435
AAKNSWZ;
AAKNTWY;
AAKOOPP;
AAKOPRS;1940,3768,4070,4071
AAKORST;389,1261,2340,2531,3769,4033,4070
AAKPRWY;
AAKRSTU;389,647,793,2340,2531
AAKRTUY;
AAKSSTT;563,3323
AAKSTTT;2258,3769
AAKSTUY;1288
AALLLNS;3370,3480
AALLLSS;
AALLMMS;456,1304,4075
AALLMPU;3891
AALLNOX;3586
AALLNPU;
AALLNSY;309,453,470,1405,1515,1599,1892,1903,2582,2652,3679,3681,3772,3773,4015
AALLNVY;1597,2343,2344
AALLORS;155,309,1602,1826,2488,2583,3016,3017,3585,3587,3777,3868,4017,4183,4184
AALLOSZ;45,745
AALLOTV;2343
AALLPPS;1066,2584,2860,3289,3691,4183
AALLPPY;2553,2584,2649,3066,3691
AALLPWY;
AALLRSV;4152
AALLRUY;2268,2279,2280,2344,3681,3689,3773,3774,3831
AALLRVY;1134,2344,4082,4152
AALLSTT;471,1067,1291,2859,3777,3983,4078,4151
AALLUVV;3963
AALMMMS;456
AALMMNO;37,200,2554,3832,3836,3837,3838,3882
AALMMNS;1097
AALMMNT;35,37,352,1195,1305,1409,1684,2282,2536,2587,3018,3327,3832,3836,3837,3838
AALMNOS;309,712,1622,4186
AALMNOY;200,300,309,489,655,1622,1731,2554,3523,3770,3838,3882,3960,3984,4076,4144,4146,4187
AALMNPS;410,1622,4186,4187
AALMNSU;1622,2018,3771
AALMORT;580,1488,1548,1585,1623,3872,3893,3985,4022,4183
AALMORY;300,1207,2756,2940,3122,3440,3523,3527,3872,3984,3985
AALMOST;39,178,311,1624,3893,4010,4183,4187
AALMPRY;300,459,489,2756,3440,3683,4046
AALMPSS;3078,3984
AALMRRU;938,1061,1193,1199,3684
AALMRSU;1624,2018,2452,2710,3439,3771
AALMSSU;445,3294,3493,3524,3700
AALMSTY;1272,1307,2259,2283,2291,2422,2814,3256,3545,3558,3559,3928
AALMTTU;1623,3892,3985
AALNNRU;955,985
AALNNSU;102,1076,1201,1305,3411,3870
AALNPRT;1626,2712,3910,3911
AALNPRU;27,798,955,985,1001,1626,2711
AALNPST;2712
AALNPUU;798,1626,3018,3498
AALNQTU;3255
AALNRRU;70,543,584,1051,1061,1176,1193,1519,1625,2021,2348,3384,4037,4114,4115
AALNRSU;543
AALNRSW;105,1115,2116,2919,3795
AALNRTT;586,863,1266,1307,2496,2653,2711,2712,4045
AALNRTU;70,393,584,798,813,839,1214,1237,1588,1626,2021,2385,2535,2598,2653,2679,2988,2989,3384,3932,3995,4115
AALNSST;1225,1265
AALNSTT;303,863,1267,2712
AALNSTU;1270,2558,3613,3636,4092
AALNSTY;863,864,1307,1308,2712,4037,4186
AALNTTU;100,127,1073,1077,1274,2515,2598,2653,2711,2885,3715,3721
AALOPPT;1484
AALOPRS;3113,3894,4017,4084
AALOPST;
AALOPSY;477,1622,2285,2509,2680,3412,3527,3552,3589,3723,3768,3973,3984,4186,4187
AALOPVV;
AALOPZZ;
AALORRU;986,1199,1296,1309,4037,4114,4115
AALORST;39,1624,2583,4037
AALORSU;1309,4037
AALORTX;530,2126,3797
AALOSTT;1126,4056
AALOSVW;1079
AALOTTY;578,586,980,1210,1621,2149,2399,2576,2655,3520,3892
AALPPRU;
AALPPRY;2355,3648,3895,3935
AALPPSU;
AALPRRS;43,411,957,1185,1296,2715,3113,3140,3787,3894
AALPRSW;3285
AALPRSY;
AALPRTY;459,1162,1276
AALPSTU;4092
AALQSWW;
AALRSST;
AALRSSW;105,2016
AALRSTT;0,46,288,1307,1522,1832,2712,3983
AALRSTU;4120
AALRSTY;3928
AALSSSV;
AALSSTU;1272,3278
AALSSUX;3278
AALSTUV;1295,2710,3970
AALSWYY;
AAMMMRY;
AAMMNRT;21,449,1898,2433,2686,3837,3838
AAMMNST;1305
AAMMOOS;974,1368,2454,3026,3896
AAMMOTY;311,2686,2687,3838,3872
AAMMRRS;4028
AAMMRST;39,247,1084,2104,2283,2473,2604
AAMMSUZ;1181
AAMNNNS;958,2003,2688,2995,3027,3799
AAMNNOY;1213,2689,2694,3122,3123,3741,3770,3800
AAMNOOS;408,662,2610,2980,3112,3257,3392,3441,3591,3802,3896,4173,4187
AAMNORR;1519,2443,3353,3490,3572,3874
AAMNORS;
AAMNORT;585
AAMNORZ;1136,1173,4089,4123,4125
AAMNOSZ;
AAMNOTU;283,585,1208,1213,1214,1305,2612,3215,3255,3442,3443,3741,3836,3995,4001,4002
AAMNOTY;2417,3443,3556,3588,3741,3838,4076,4146,4187
AAMNPRT;1572
AAMNPRY;489
AAMNPSS;410,3119,3984,4129,4169,4187
AAMNPST;4187
AAMNPTY;236
AAMNRST;
AAMNRUY;1193,1306,1307,2268,2319,2666,3800,3831,4148
AAMNSTU;
AAMOORS;974,987,1763,2455,3257,3592,3704,3805,3896,4041,4168
AAMOPRS;178,249,1084,3214,3526
AAMORRZ;
AAMORSV;2320,3697
AAMORTY;390,561,1297,1311,2149,2686,3030,3593,3872,3985
AAMOSSS;410,472,2360,2696,2716,3019,3807,4030,4096,4159,4170
AAMOSTT;2687
AAMOTTU;3892,3985
AAMPRRT;390,459,1199,2502,3590
AAMPSSY;1870,2547,3984
AAMRSST;1882,1921,2359,2604
AAMRSSU;7,80,3151
AAMRSTU;1624,2710,3897
AAMRTTY;1307,1311,1965,2149,3344,3928,3985,4045,4046
AAMRTWY;
AAMSSTU;1272,2612,3294
AAMSTTU;1241,3070,3505,3897,3941
AANNNOS;656,958,2321,2548,2698,2995,3579,3799,4071
AANNOTT;312,866,2508,2711
AANNPSS;1299,1860,2672,3201,3332,3347,3501,3503,3751,3810,3887,3921,3922,3947
AANNPSW;3340
AANNPUY;985,3776,3788
AANNRSU;1086,1904,2340,3027,3029,3348
AANNSYZ;476,4073
AANOQSY;3760
AANORST;3839
AANORTT;312,565,671,1525,2311,2390,2411,2508,2621,2711,3283,3757,3819,3979,4125,4177
AANOSST;469,483,484,3077,3105,4014,4062
AANOSTT;1126
AANPPSS;1066,2513,2527,3150,3347,3789,4005,4142
AANPRST;4042
AANPRSU;414,2032,2330,3218,3348,3759,4042
AANPSST;
AANQRTU;
AANRRSW;
AANRRSY;2361,2363,4037
AANRRTW;
AANRSSS;416,484,486,802,804,867,1059,1803,1915,2006,2530,3121,3132,3162,3281,3530,3658,3662,3732,3793,3795,3796,4008,4030
AANRSTT;4007,4066
AANRSTY;1307,2712
AANRSTZ;
AANRUWY;3122
AANSSTT;
AANSSTV;3075,4014,4062
AANSSTZ;
AANSSYY;
AANSTTT;4,160,1205,1308,1904,3336,3769
AANSTUV;1295,3970
AANSWYY;
AAOORRW;
AAOPSST;118,346,469,483,801,1257,1260,1614,1974,2460,2697,3077,3317,3494,3841,4021,4142,4174
AAOQSSU;1902,3307,3389,3840
AAORRSU;3509,3532,3759,4114
AAORRSV;516,2349,2991,3217,3350,3532
AAORSTT;3983,4056
AAORSVV;
AAOSTTV;2504,2637,3553,4033,4056
AAOTTUY;984,1147,1621,2613,2655,3443,3741,3892,4146
AAOTWWY;
AAPPSWW;
AAPRRSU;112,414,1296,2032,2715,3589,3759,3980,4042
AAPRRTT;234,2221,2636,2707,3003,3473,3661,3797,3812
AAPRSST;118,1260,1439,2550,2551,2715,2716,3841,4032
AAPRSTT;2712,3983
AAPRSTY;307,1297,1618,3084,3889
AAPRTUU;798,1626
AAPRTWY;
AAPZZZZ;
AAQRSSU;1902,2339,3010
AARRSSS;803,2013,2033,3155,3162,3531,3793,3986
AARRSTT;418,491,1595,3070,3975,3987,4066
AARRSUW;2024,2025
AARRSWY;
AARSSST;484,802,804,867,1627,3162,3658,3793,3795
AARSSTT;3031
AARSSTY;1526,2413,2717,3134,4189
AARSSWW;4034
AASSTTU;137,388,1192,1259,1325,2631,2713,3248,3840,4141,4165
AASTTUU;109,960,1205,1308,2678,3351,4176
ABBBDEL;
ABBBELR;4193,4197
ABBBELS;4191
ABBBELU;
ABBBITT;
ABBCDER;
ABBCDES;4204
ABBCEHI;4201
ABBCEHU;498
ABBCEIS;4204
ABBCELR;4193,4217
ABBCELS;4191,4215
ABBCERR;4217
ABBCGIN;507,4201
ABBCIIS;4215,4218,4220,4221
ABBCIKT;493
ABBCIRS;4218,4222
ABBCIRT;511,4218
ABBCKUY;
ABBCOST;503,511,512,4218,4221
ABBCOTY;
ABBCRYY;
ABBDDEL;
ABBDDER;4203
ABBDEFR;
ABBDEGL;517
ABBDEGR;
ABBDEHT;
ABBDEIT;517
ABBDEIY;4234,4235
ABBDEJL;
ABBDELR;4235
ABBDELS;4226,4232,4236,4237
ABBDELW;
ABBDERR;
ABBDERS;
ABBDERT;
ABBDEST;4233
ABBDESU;495,4226,4232,4233,4236,4237,4238,4239,4240
ABBDESW;
ABBDGIN;
ABBDHIJ;
ABBDIJS;
ABBDILR;4235
ABBDINR;
ABBDITY;
ABBDLRU;
ABBDMOR;
ABBDMOU;
ABBDNOX;
ABBEESU;4233,4256,4262
ABBEESW;4246
ABBEFIR;4267
ABBEFST;
ABBEGIR;
ABBEGLR;
ABBEGLS;517
ABBEGNO;4201,4269
ABBEGNU;
ABBEGRR;
ABBEGRS;502
ABBEGRU;4230
ABBEHLS;496,4191
ABBEILT;533
ABBEIRS;4225
ABBEIRT;530,533,4249,4267
ABBEIST;
ABBEISW;4271
ABBEISY;4234
ABBEJLS;
ABBEJRS;
ABBELLR;
ABBELMR;537,4197,4245,4250
ABBELNS;4248,4257
ABBELOR;524,530,4193,4217
ABBELPR;
ABBELRR;4217,4245,4260,4266
ABBELRS;
ABBELRU;533
ABBELRW;
ABBELSU;4226
ABBELSW;4246
ABBELUY;4241,4255,4266
ABBEMUZ;
ABBENRS;495,501,520,4199
ABBEORS;502,4200,4216
ABBEOTX;530
ABBERRS;
ABBERST;4248,4272
ABBERSW;502
ABBERSY;
ABBESSU;
ABBFIRT;
ABBGGIN;
ABBGHSU;4285
ABBGIJN;
ABBGINN;4269,4288
ABBGINR;
ABBGINS;
ABBGINT;4269
ABBGINU;
ABBGINY;4227,4281
ABBGKOO;
ABBGMSU;4285
ABBGOOU;
ABBGORS;502,4225,4253
ABBHIJS;
ABBHISY;4216,4286
ABBHJSU;
ABBHOOS;539
ABBHRRU;
ABBHTTU;
ABBIIMN;4290
ABBIJLS;
ABBIKNO;
ABBILLS;
ABBILOR;504,530,4222,4257,4259,4284
ABBILOS;542,4222,4257,4280
ABBILOT;4290
ABBILSU;518,543,4222,4226,4256,4289
ABBIMNO;4201,4290
ABBIMSU;518,4285,4297
ABBINOR;4227,4243,4281,4296
ABBINRS;543
ABBIORT;4296
ABBIRST;51,4248,4289
ABBIRTY;4289
ABBISTY;4286
ABBKLOU;
ABBLLOX;
ABBLLOY;
ABBLLTU;
ABBLMRY;4250
ABBLOOS;4291
ABBMOOR;
ABBMOOS;494,4291,4295
ABBMOST;50,4291,4295
ABBMOTU;
ABBNOOS;512,4279,4291,4295,4297
ABBOORU;4296
ABBORSS;4210,4292,4294
ABBORST;
ABBOSTY;4286
ABBQSUY;
ABBRSSU;4192,4278
ABBRSTU;51,536,4289,4297
ABBSSSU;
ABCCCHI;4300
ABCCEIR;547,555
ABCCEIS;548,553,4299,4307,4308,4310,4319,4322,4333,4335,4336,4346,4348,4350
ABCCEOS;494,568,4202,4322,4324,4329,4333,4335,4339,4344,4346,4350,4355
ABCCHII;574,575,4334,4335
ABCCHTY;550
ABCCILU;557,4301,4311,4349,4361,4368
ABCCIMR;4360
ABCCINU;557,579,4302,4349,4368
ABCCIOR;
ABCCIOS;582,4322,4335,4346,4348,4350,4365,4367,4369,4371
ABCCISU;4301,4346,4362,4365
ABCCKOW;
ABCCKTU;584
ABCCOOR;
ABCCOOT;4342
ABCCSUU;
ABCDDEU;495,590,592,4203,4377,4378,4380
ABCDEEH;4385
ABCDEEL;
ABCDEHT;620,622,4307,4308,4401,4428,4438
ABCDEHU;
ABCDEIK;547,611,612
ABCDEIN;4384,4391,4397,4434,4443
ABCDEIP;612
ABCDEIR;
ABCDEKL;590,594,4436
ABCDEKR;590,4380,4430
ABCDELO;630,640,4309,4389,4407,4452,4453
ABCDEOR;630,640
ABCDERS;620,4383
ABCDERT;620,622,4428,4438,4440,4441
ABCDERU;4428
ABCDESU;4452,4453
ABCDHIO;4309,4434
ABCDHOR;
ABCDHOS;
ABCDIIS;4310,4477,4479
ABCDILO;
ABCDILR;4312
ABCDINS;596,656,4429,4445
ABCDIRS;
ABCDIRT;
ABCDIRU;4478
ABCDIRW;
ABCDISU;4408,4442,4452,4453
ABCDNOS;596,656,4445,4475,4476
ABCDOOR;4431
ABCDORR;622,640,4304,4400,4428,4464
ABCDORU;4400,4478
ABCDSTU;647,658,4311
ABCEEHS;
ABCEEHU;677,682
ABCEELS;692,4213,4322,4539,4544
ABCEEMR;4526,4558,4565
ABCEEMS;4407,4422
ABCEENR;4484,4499,4518
ABCEENS;692,4514
ABCEERR;4330
ABCEERU;62,670,4395,4410,4499,4505,4556,4557,4558,4559,4569,4575,4576,4578
ABCEESS;706,4390,4412,4419,4501,4540,4564,4578
ABCEESU;62,670,692,704,4299,4319,4500,4505,4511,4551,4556,4557,4568,4569,4576,4578
ABCEFIS;707,709,4204,4481
ABCEGIR;4316,4331,4589,4596,4600
ABCEGMO;614,4201
ABCEGOR;4428,4587
ABCEGOS;4332
ABCEGSU;4332,4595
ABCEHIS;680,727,730,733,4317,4333,4335,4521,4610
ABCEHKL;
ABCEHKO;
ABCEHLO;4190
ABCEHLU;677,682,715,4621
ABCEHMR;619,4526,4612
ABCEHNR;4484,4526
ABCEHOS;4335
ABCEHRS;496,733
ABCEHRT;622,739,4526
ABCEHST;4622
ABCEHTW;
ABCEIIT;724,726,741,747,4535,4536,4627,4628
ABCEIKS;501,4320,4515,4610
ABCEIKT;688
ABCEILL;4507
ABCEILM;4349,4612
ABCEILR;4636
ABCEILT;
ABCEIMO;558,560,561,732,776,4201,4335,4349,4615,4641,4654
ABCEINR;4347,4434,4484,4658
ABCEINT;623
ABCEIOR;
ABCEIOT;
ABCEIRS;733
ABCEIRZ;4341
ABCEISS;4319
ABCEITT;
ABCEJST;4537
ABCEKLN;591
ABCEKLO;
ABCEKLR;4560,4617
ABCEKNR;547,4356,4380,4430
ABCEKOX;
ABCEKRS;4202,4209,4320
ABCEKRT;688
ABCEKST;
ABCEKSY;564
ABCEKTW;
ABCELLS;
ABCELLU;765,4603
ABCELMO;549,558,4349,4463
ABCELMR;4604,4612
ABCELMS;
ABCELOP;640,4463
ABCELOV;558,630,776
ABCELPS;
ABCELPU;4463
ABCELPY;554,714,766
ABCELRS;
ABCELRU;4499,4559
ABCELRW;594,776
ABCELST;4303
ABCELSU;4500
ABCEMRS;
ABCEMSW;502,4461,4462,4527
ABCEMSX;
ABCENOR;722,4193,4314,4321,4326,4347,4499,4559
ABCENOS;4329,4335,4445
ABCENOW;
ABCENOZ;4641
ABCENRU;70,696,4499,4559
ABCENSU;692,757,780,4299,4319,4500,4675
ABCEOOS;568,805,4322,4350,4512,4691
ABCEORR;4217,4661
ABCEORS;4202
ABCEORU;630,4330,4380,4430,4499,4559,4570,4688
ABCEORV;630,776
ABCERRS;
ABCERSU;670
ABCESSS;497,802,803,804,4689
ABCESTW;503
ABCFIKN;
ABCFIKT;
ABCFILO;4697
ABCFIOT;4697
ABCFIRS;811,812,4218,4698
ABCFKLY;
ABCFLOO;813,4426,4512,4700
ABCFNOS;675,809,810,4579,4698
ABCGHIN;4705,4706
ABCGHKO;
ABCGIKN;569,573,4300,4471,4701,4709
ABCGILN;649,823,4707
ABCGINR;573,4466,4518,4589,4596
ABCGKLO;4718
ABCGMSU;4723,4725
ABCHHII;574,834
ABCHILS;680,835,4215,4311,4361,4585,4605,4732,4735
ABCHIMT;835,836,4359,4709
ABCHIOT;836
ABCHKOU;
ABCHKSU;
ABCHKTU;
ABCHKUW;
ABCHNOR;619,722,739
ABCHNRU;839,4612
ABCHNRY;737,739,839,4434,4438
ABCHORT;551,622,739,836,4438
ABCHOSX;4529,4737
ABCHOTT;836,4489
ABCHPSU;4745
ABCIILL;742,844,4432,4440,4507,4530,4631,4632,4754
ABCIILN;508,598,626,655,742,820,841,844,4207,4530,4593,4632,4694,4702,4707,4754,4756,4760,4765
ABCIILS;4215,4218,4310,4627,4693,4731,4749,4760,4765,4768
ABCIILT;741,750,753,755,835,847,4301,4381,4440,4444,4534,4626,4627,4628,4702,4748,4749,4760
ABCIIMN;508,749,820,4633,4641,4750,4754,4758
ABCIIMS;748,835
ABCIIOR;510,648,4312,4469,4478,4589,4639,4707,4715,4755,4766
ABCIIOT;836,4365
ABCIJNO;
ABCIKLT;
ABCIKPS;4521
ABCIKSY;4731,4749
ABCILNO;4368,4718,4754,4781,4783
ABCILOU;783,4349,4368,4652,4655,4732,4734,4750,4764,4781,4783,4784
ABCILRS;857,4218,4361,4765
ABCILTU;832,848,4301,4311,4361,4362,4363,4697,4732,4750,4759,4760,4768,4780,4781,4783,4784,4788
ABCIMMS;617,748
ABCIMMU;4349,4368,4652,4781
ABCIMST;828,835,843,853,4301,4752,4770
ABCIMSU;4299,4354
ABCINOR;
ABCINOS;596,4335
ABCINOT;4704,4718,4724
ABCIOOR;650
ABCIORR;4658,4661,4794
ABCIORS;
ABCIORU;4734
ABCIOUV;74,630
ABCIRST;858,4717
ABCIRTY;814,850
ABCISSS;
ABCISSU;659,763,4192,4319,4442,4446,4447,4458,4538,4551,4664,4674,4728
ABCJOSU;
ABCKLLY;652
ABCKLOT;
ABCKMOT;585,4356
ABCKMRU;585,4356
ABCKMUZ;
ABCKNNO;
ABCKNRU;4559
ABCKNSU;4595,4675,4706
ABCKNTU;4709
ABCKORS;4202,4393,4717
ABCKORY;
ABCKOSW;4645
ABCKOTU;
ABCKPSU;4646
ABCKRSU;793
ABCKSTU;793
ABCKSUW;
ABCLLOS;4221,4477,4732
ABCLLOY;654,4347,4611,4696,4714,4754
ABCLMNU;4349,4368,4421,4463,4597,4604,4652,4655,4723,4750,4757,4781,4782,4783,4784
ABCLMOY;655,4696,4754
ABCLMSY;
ABCLMUU;4604,4612,4786
ABCLNOS;735,4475,4620,4730,4745
ABCLNOY;655,4368,4369,4754,4758,4776
ABCLNSU;692,853,864,4500,4620,4622,4675,4723,4745,4757,4760,4784
ABCLOOX;
ABCLOST;863,864,4218,4367,4732,4762,4767,4780,4784,4787
ABCLOVY;
ABCLRUY;652,864,4325,4337,4525,4680,4684,4710
ABCMOPS;4422,4681,4745,4746
ABCMORS;663,4366,4746,4752
ABCMOST;4653,4752,4770
ABCMRSS;785,840,4549,4739,4740,4746,4789,4790
ABCNORS;663
ABCORRW;
ABCORSS;4474,4746,4767,4772,4790
ABCORSX;4529,4555
ABCORSY;621,4216,4339,4476,4480,4525,4585,4710,4767
ABCOSSU;
ABCRSSW;635,4474,4608,4644
ABCSSTU;
ABDDDEL;587
ABDDDER;869
ABDDDOS;868
ABDDEEH;
ABDDEEJ;
ABDDEER;871,4802
ABDDEES;587,4814
ABDDEET;4374
ABDDEEZ;4376,4378,4801,4809,4811
ABDDEIL;4381
ABDDEIN;880
ABDDEIR;
ABDDEIS;
ABDDELN;591,880,881,4801,4813,4818,4822,4825
ABDDELR;590,594,871,4802,4809,4813,4817,4818
ABDDELU;590
ABDDENR;
ABDDEOR;871,4802,4821
ABDDEOY;
ABDDERW;594
ABDDEST;595,4830
ABDDESY;4803
ABDDHIS;885
ABDDHSU;
ABDDIMN;880
ABDDINS;
ABDDLLO;871,879,881,4817
ABDDMOR;
ABDEEFG;
ABDEEFL;4860,4862
ABDEEGL;889,894,4870,4871
ABDEEGR;4836
ABDEEGZ;
ABDEEHO;903,4304,4388,4389,4400,4802,4880
ABDEEHS;4880
ABDEEHT;
ABDEEHV;4389
ABDEEHW;903
ABDEEIR;
ABDEEJS;
ABDEEJT;
ABDEEKL;4878
ABDEEKR;
ABDEEKS;872,4405
ABDEELL;
ABDEELM;
ABDEELN;4801
ABDEELR;
ABDEELS;
ABDEELT;
ABDEELY;894,900,901,902,4801,4807,4864,4886
ABDEEMN;
ABDEEMR;4857
ABDEEMS;
ABDEEMT;916,4854,4857
ABDEEMY;
ABDEEMZ;
ABDEEPR;597
ABDEERR;4880
ABDEERS;
ABDEERT;
ABDEERW;
ABDEERY;
ABDEESS;4306
ABDEEST;
ABDEESZ;4417,4420
ABDEETT;4404
ABDEETX;908
ABDEFFL;4932
ABDEFLT;4861,4937
ABDEFLU;
ABDEFOR;4941,4944
ABDEFOS;4204,4379,4933,4936,4942,4946
ABDEFRW;
ABDEFST;4867,4935,4942,4946
ABDEGGL;
ABDEGGR;
ABDEGHI;4427
ABDEGHO;
ABDEGHR;4427
ABDEGIN;
ABDEGIR;
ABDEGLM;
ABDEGLN;4878,4957
ABDEGLR;
ABDEGLS;
ABDEGNO;614,4878,4957
ABDEGOS;874,4225,4947
ABDEGRS;874
ABDEHIL;899,934,4235,4309,4386
ABDEHIT;898,899,934,4307,4308
ABDEHLM;4959
ABDEHLR;934,4235,4309,4386,4388,4389,4431,4802,4959,4968
ABDEHLS;936
ABDEHNU;
ABDEHOW;903
ABDEHRS;4880
ABDEHRT;622,934
ABDEHSU;4947
ABDEIIL;938,4234,4235,4236,4237,4381,4402,4440,4443,4835,4838,4839,4861,4864,4932,4961,4980,4987
ABDEIKT;4307,4308,4405
ABDEILP;612,899,4839
ABDEILR;
ABDEILS;
ABDEILT;4381
ABDEILU;630,938,4309,4911
ABDEILY;4381,4987
ABDEIMO;951,4975,4997
ABDEIMR;
ABDEIMS;924,951
ABDEINR;
ABDEINS;
ABDEINV;4392,4906
ABDEINW;4953
ABDEIRR;
ABDEIRS;
ABDEIRT;926,4823
ABDEIRU;630,926,938,4309,4876,4890,4911
ABDEIRW;934,4953
ABDEIRX;908
ABDEISS;
ABDEIST;4307
ABDEISU;
ABDEISW;943
ABDEISY;937,4405,4460
ABDEJRU;910
ABDEKLN;591,4878,4957
ABDEKLU;590,911,4918
ABDEKNR;547,635
ABDEKNU;
ABDEKRS;
ABDELLS;
ABDELMM;549
ABDELMP;4463,4996
ABDELMR;931,954,4959
ABDELMS;
ABDELMW;
ABDELMY;879
ABDELNR;
ABDELNU;4396,4805,5000
ABDELOR;4431,4959
ABDELOS;4238,4933
ABDELOT;4975
ABDELOW;881,4878,4957
ABDELPU;955,4463,4805,4856
ABDELPY;
ABDELRR;594,640,4959
ABDELRS;
ABDELRT;4918
ABDELRU;916,938,4890
ABDELRW;
ABDELRY;
ABDELST;595,642
ABDELSU;
ABDELTT;4951
ABDELTU;4394,4395,4396,4918
ABDEMMO;549,614,4923
ABDEMNO;614,4463,4939
ABDEMNS;
ABDEMRU;938,4940
ABDENNR;620
ABDENOR;
ABDENOT;
ABDENOY;4957,4982
ABDENPS;4456,4849,4877
ABDENRR;547
ABDENRS;
ABDENRT;616
ABDENRU;80
ABDENRW;635,4953
ABDENSS;
ABDENSU;
ABDENSY;937,4864
ABDENTU;4920
ABDEOOT;5012
ABDEORR;
ABDEORT;
ABDEORV;605,4389
ABDEOST;951,953,958,4975
ABDEOTU;
ABDEQSU;
ABDERSS;81,4969
ABDERST;
ABDERSU;
ABDERSV;4851,4992
ABDERSY;4967
ABDERTY;622,639,641,4980,4984
ABDERUY;4946
ABDETTU;960
ABDFIRT;
ABDGGIN;4831
ABDGGOR;4821,4831
ABDGIIN;4397,4468
ABDGILN;
ABDGINN;4468
ABDGINO;964,4468,5019
ABDGINR;
ABDGINT;4244,4466,4468
ABDGINU;4831,4876
ABDGINW;925,4466,4953
ABDGIRT;4466,4836
ABDGLNO;649,884,931,4243,4878,4957,4958
ABDGLUY;652
ABDGNOS;964,5019
ABDGORS;4225,4947
ABDHHOS;4880,4947,5028
ABDHIIT;4466
ABDHILS;4311
ABDHJNO;
ABDHMOR;
ABDHMSU;
ABDHMTU;
ABDHNOR;619,4434
ABDHNSU;653
ABDHOSY;621,974,4438,4476,4967,5028,5030
ABDHRSU;4311,4947
ABDIINO;4243,4244,4397,4468,4469,4478,4821,4895,4938,5016
ABDIJRY;
ABDIKNW;
ABDIKRS;4448
ABDILMO;4997
ABDILOO;981,4470,5016
ABDILOR;4312,4911
ABDILOT;4244
ABDILRS;979
ABDILRW;934
ABDILRY;4312,5021,5022,5030,5038
ABDILUY;4987,5038,5041
ABDILWY;
ABDIMNR;
ABDIMOR;
ABDIMRS;
ABDIMRY;4996
ABDINOR;
ABDINOT;4244,5033
ABDINRS;
ABDINRT;616,629,4466
ABDINRU;4876,5015
ABDINST;5043
ABDIOSU;518,653,971,983,4238,4452,4453,4480,4985,4997,4999,5003,5013
ABDIPRU;
ABDIRRS;5013,5045,5047
ABDIRRW;
ABDIRSS;966,4474
ABDIRSU;971,979
ABDIRTY;4842
ABDKMNU;4920
ABDKNOO;
ABDKOOY;
ABDLLNY;981,4443,4957
ABDLLOR;84
ABDLNOR;649,4243,5049
ABDLORY;4312,5007,5022,5030,5049
ABDLOSU;986,4238,4453,4933,4985
ABDLOYY;4968
ABDLRUY;652,985,5021,5049
ABDLRYY;550,4967,4968
ABDLSUU;
ABDMNNO;4920
ABDMNOY;660,4434
ABDMRUY;954
ABDMSUW;
ABDNOOR;4227
ABDNOPR;
ABDNORS;
ABDNOSU;4960
ABDNOSX;5018,5019
ABDNOSY;660,4476,4480,5030
ABDNOYY;
ABDNRSU;
ABDNRTU;
ABDNSTY;5043
ABDOORW;
ABDOOWY;
ABDORRS;5047,5050
ABDORSS;4474,4969,4989,4991,5039
ABDORSY;621,660,974,4476,4480,4946,4967,5028,5030
ABDOSYY;
ABDRRSU;986,5045,5050
ABDRSSU;
ABDRSTU;647,658,4311
ABDRUZZ;
ABEEEGR;
ABEEELS;520,668,889,890,891,997,998,1000,1003,4223,4228,4246,4303,4313,4495,4803,4846,4852,4856,5054,5055,5072,5073,5075,5076,5083,5084,5086,5094,5097,5098,5100,5101,5102
ABEEELY;4250,4490,4493,4801
ABEEEMY;4250
ABEEERV;
ABEEFFL;
ABEEFLM;
ABEEFLO;5130
ABEEFLS;
ABEEFTU;
ABEEGGS;1013
ABEEGHR;
ABEEGHS;5137
ABEEGLL;
ABEEGLR;4518,4870
ABEEGLS;5140
ABEEGLT;4870,5140,5149
ABEEGNR;
ABEEGPW;
ABEEGRR;676,5151
ABEEGRS;
ABEEGRU;5156
ABEEGRW;
ABEEGSZ;5153
ABEEHJS;
ABEEHLR;4802,5179
ABEEHLW;
ABEEHMS;87,4200
ABEEHMT;4526,5068,5163,5179
ABEEHNN;677,4524,4526
ABEEHNS;87,89,687,4399,4884
ABEEHNT;521,4190,4487,4526,5188
ABEEHRT;4489,4490,4526,5179
ABEEHRV;
ABEEHSV;
ABEEHTY;900,4490,5179
ABEEIKR;
ABEEILS;4521
ABEEIMR;4900
ABEEINS;87,4319,4514,4896,4914,5137,5223,5258,5259
ABEEINT;679,688,1018,1048,4249,4861
ABEEIRT;673,679,4249,5090
ABEEIST;
ABEEJMS;
ABEEJRS;910,1040
ABEEKLR;911,4558,4560,4918,5066,5130,5272,5276
ABEEKLS;4521,5276
ABEEKNT;688,1062,4920
ABEEKNV;
ABEEKNY;
ABEEKOP;
ABEEKPR;
ABEEKPS;4521
ABEEKRR;1042
ABEEKRS;4199
ABEEKST;
ABEELLR;
ABEELLY;1046,4493,4507,4531,4807
ABEELMM;701,5095,5284
ABEELMS;
ABEELMT;4854,5284
ABEELMZ;681,1018,5284
ABEELNP;92,552
ABEELNR;524,1074,4325,4499,4518,5130,5135,5182,5289
ABEELNS;92,525,998,5101
ABEELNT;1018,4190,4562,5284
ABEELNU;91,92,677,704,1021,1076,4262,4499,4559,4805,5117,5156,5278,5283,5289
ABEELOR;524,4499,4518,4559,5059,5099,5130,5151
ABEELPR;
ABEELPS;4246,4521,4563
ABEELPT;5214
ABEELQU;4259,5056,5104,5291
ABEELRR;4245,5272,5276
ABEELRT;
ABEELRY;900,4323,4493
ABEELST;
ABEELSU;92,4521,5119,5197
ABEELSV;4246
ABEELSW;1079,4246,5185,5246,5273,5274
ABEEMNS;87,525,998,4328,4527,5131
ABEEMNT;4526,4562,4854,5105,5284
ABEEMRS;
ABEEMRT;4526,5105
ABEEMRV;999
ABEEMSS;
ABEEMST;
ABEENNO;1064,1074,4499,4541,4920,5099,5108,5146,5156,5284
ABEENNW;4249,5099
ABEENRV;4820,5124,5289
ABEENRY;1074,4325,5108,5182
ABEEORS;4393,5201
ABEEORT;903,4330
ABEEPST;1010,1084,5169,5214,5299
ABEERRS;873,1049,4914,4922,5259
ABEERRT;
ABEERSS;4576,5160
ABEERST;
ABEERSV;
ABEERSW;4914,5185,5258,5259
ABEERSY;4576
ABEERSZ;4417,4420
ABEERTT;
ABEERTU;522,4330
ABEERVY;5222
ABEERWY;
ABEESST;994,5160,5298
ABEESWX;
ABEETXY;
ABEFFIS;1089
ABEFFKO;
ABEFFLR;4266,4932,5304
ABEFFLS;1089
ABEFFOT;
ABEFGIL;1007,1091
ABEFGLS;
ABEFGRT;5306,5310
ABEFGST;
ABEFILN;1094
ABEFILR;1091,5306,5320,5321
ABEFILS;709,1089,1094,1097,4936,5312,5315,5316
ABEFILU;4268,4580,5320
ABEFILX;
ABEFINU;4580,4941,5310,5324
ABEFIRT;4506,5320
ABEFITY;708,4937,5303,5306
ABEFLLS;4512,4866,4936,5119,5125,5132,5312,5315,5316
ABEFLLU;
ABEFLLY;708,4507
ABEFLMS;712,1098,1101,5312,5325
ABEFLNU;1093,4580,5327,5328
ABEFLNY;4507
ABEFLRS;674,1012,4512,5325,5326
ABEFLRY;1091,4266,5306,5321
ABEFLST;709,1012,1089,5132,5311,5325,5326
ABEFMOS;712,1101,5325
ABEFMRS;5325
ABEFORR;4266,5321
ABEFORX;
ABEFORY;4266,5306,5308,5321
ABEFPRS;1010,4579
ABEGGIR;1105,5057,5330
ABEGGIS;923
ABEGGLR;1105,1107,5057
ABEGGMO;1015
ABEGGNU;1106,5333
ABEGGRR;676
ABEGGRS;
ABEGGRU;5057,5333
ABEGGRY;4869,5330
ABEGHNS;5342,5350
ABEGHOR;4585,5337,5342,5344,5345,5348,5349
ABEGHRU;4587,5336
ABEGIKL;611,612,1105,1113,4582,5355
ABEGILN;
ABEGILV;5374
ABEGIMN;
ABEGIMR;77,85,1112
ABEGIMT;1018
ABEGINN;4514,5329
ABEGINO;717
ABEGINR;
ABEGINS;4514,5137
ABEGINT;
ABEGINY;
ABEGIPP;5335
ABEGKLU;590
ABEGKOR;925,4872,5336,5355
ABEGKOS;
ABEGLLR;5352
ABEGLLS;4584,5331
ABEGLMR;77,85,4604
ABEGLMS;
ABEGLNR;4604,5388
ABEGLNS;1126
ABEGLOR;4958,5306,5337,5388,5389
ABEGLOT;1015,5349
ABEGLRR;721,1091,1107
ABEGLRS;
ABEGLRU;4596,5156,5388
ABEGLSS;1108,1124,5148,5149
ABEGLST;1118,1126
ABEGLSU;5357
ABEGMOR;1112
ABEGMOS;
ABEGMRS;
ABEGMRU;4604
ABEGMST;1022
ABEGNNT;
ABEGNOR;5388
ABEGNOS;1126
ABEGNRS;
ABEGNSW;503,1126
ABEGOPY;1117,5330,5337,5344,5370
ABEGORR;4430,5150,5151,5374
ABEGORS;874,4225,4253
ABEGORX;5365,5382
ABEGOSZ;5341
ABEGOTT;4269,4958,5348,5362,5365
ABEGOUY;1021,5388
ABEGRRU;721,4428,4430,4587,4876,5310,5336,5346,5384
ABEGRST;
ABEGSTU;924
ABEHILR;530,934,1140,4235
ABEHIMO;1112,5163
ABEHIMS;680,727,4961
ABEHIMT;5163
ABEHINS;680,727,1137
ABEHIRS;5392,5405,5422
ABEHISU;732,1137,4317,4387,4521,4615,5173,5408
ABEHITU;1140
ABEHITZ;1133,1140,5417
ABEHKLS;5066
ABEHKNT;1109
ABEHKRU;5336
ABEHKTU;5336
ABEHLMS;4333,5343
ABEHLNS;936,1135,1137,1138,4961,4963,5181,5339,5343,5398,5410,5412,5416
ABEHLNT;1129,4963,5339,5412
ABEHLNU;677,682,715,737,936,1137,4621
ABEHLPT;5179,5417,5425
ABEHLRS;
ABEHLRT;530,934,1129,1140,4490,5179
ABEHLSS;870,1130,4969
ABEHLST;4215,4963
ABEHMNO;1093
ABEHNOS;936,4438,4579,4620,4622,4623,4960,4964,5350,5398,5404,5409,5415,5416
ABEHNRY;739,4434,5182
ABEHPRS;733,4216,4880,5064,5183,5342,5349,5350,5392,5405,5421,5422,5423
ABEHRRS;496,5350,5426,5428
ABEHRRY;622,738,900,1032,1033,4339,5426
ABEHRSS;1130,4969,5340,5402,5423
ABEHRST;
ABEHRTY;622,739,900,4438,4490,5177,5186,5426
ABEIILL;48,708,724,742,743,747,1149,4214,4432,4507,4530,4632,5069,5352
ABEIILS;4226,4236,4237,4333,4961
ABEIINN;4269,4331,4514,4535,4536,4641,5329,5492
ABEIINT;97,623,1149,4269,4629,4861,5303,5314,5466,5475
ABEIJLL;
ABEIJLS;5227
ABEIJMR;
ABEIJNS;5227
ABEIKKS;5201
ABEIKLL;
ABEIKLN;
ABEIKLR;5453
ABEIKLS;
ABEIKLT;
ABEIKNR;688
ABEIKNT;688
ABEIKRR;1042,4209,4320
ABEIKWY;
ABEILLN;99,4347,4632
ABEILLO;761,1117,1173,4347,4611,5370,5459
ABEILLP;63,766,992,1046,1117,1175,4611,5238,5370,5455,5502,5504
ABEILLR;5352,5502
ABEILLS;
ABEILLV;5431
ABEILMN;4349,4612
ABEILMR;4612
ABEILMS;
ABEILMT;53,79,5163
ABEILMU;938,4349,4612,4939,4940
ABEILMW;
ABEILMX;5081,5432
ABEILMY;1154,1174,4996,5210,5321,5471
ABEILMZ;681,1099,1136,1173,5466
ABEILNP;5373
ABEILNS;
ABEILOS;4999,5343,5448
ABEILPT;
ABEILRS;
ABEILRT;1107,4341
ABEILRW;5344
ABEILRY;1016,1091,1162,4323,4599,4601,4636,5210,5216,5306,5320,5321,5344,5363,5514
ABEILSS;1130,5315,5316
ABEILST;
ABEILSW;1115
ABEILSY;
ABEILSZ;1130,1177,4237,5316,5399
ABEILVV;
ABEIMNP;1141,4633,4655,4900,4996,5080,5245
ABEIMNR;4612,5324
ABEIMNT;
ABEIMRR;1112,4353,5324,5516
ABEIMRS;
ABEIMSS;94,4644,4826
ABEIMSU;924,4299,5255
ABEINOT;4269
ABEINPT;1109,4606,5089
ABEINRR;1176,1185,4849,5091,5264
ABEINRT;4249
ABEINRW;4249,5085,5216
ABEINRZ;
ABEINSS;
ABEINST;
ABEINTT;623,1048,1129,5091
ABEIORS;5392
ABEIOSS;1041,5316
ABEIOST;951,953,1128,4975,4999,5169,5202,5413,5448
ABEIOTV;
ABEIPST;1128,5169
ABEIPTZ;5417
ABEIRRR;1007,1042,1091,5129,5252,5321,5514
ABEIRRS;1040
ABEIRRT;1042,1171,1176
ABEIRRW;
ABEIRRZ;
ABEIRSS;
ABEIRST;
ABEIRSX;4555
ABEIRSZ;5341,5399
ABEIRTT;1144
ABEIRTV;
ABEIRUX;
ABEISSS;
ABEISTT;953,5443,5448
ABEISTW;
ABEISUV;757,783,4226,4992,5226,5237,5496
ABEITUX;
ABEJLUY;
ABEJMNO;
ABEJMNS;
ABEJMRS;
ABEJMUX;
ABEJNOS;5227
ABEJNOW;
ABEJNST;5227
ABEJORS;
ABEJRRU;
ABEJRSU;910
ABEJSSU;1041,4319
ABEKKKU;
ABEKLLY;4957
ABEKLMS;
ABEKLNR;524,911,1061,1062,4918,5130,5174,5274
ABEKLNT;1062,5174
ABEKLOP;
ABEKLRS;890,1031,1115,4202,4560,4631,5066,5276
ABEKLRU;590,911,1061,1062,1193,4559,4918,5272
ABEKMNS;4461,4462
ABEKMRS;759,4462,5201
ABEKMSU;
ABEKNRS;
ABEKNRU;1061,1062,1193,4356,4559
ABEKNST;
ABEKNSU;4595
ABEKOOR;5130
ABEKOTU;
ABEKPRU;
ABEKRRS;4206
ABEKSST;994
ABELLMN;525,931,1064,1100,4562,5131,5278,5279,5526
ABELLMS;4676,5526
ABELLNT;
ABELLOS;5525
ABELLOV;
ABELLRS;
ABELLRU;1171
ABELLSS;4278,5006,5315,5316,5393
ABELLST;
ABELLTU;1106,1171,1176,5455
ABELMMR;1125
ABELMMS;5410
ABELMNT;684,4562,4854,5284
ABELMNU;4349,4604,5278
ABELMOV;558,776
ABELMRR;1199,4245,4250,4959,5272
ABELMRS;
ABELMRT;79,774,5454
ABELMSU;
ABELMSW;
ABELMTU;5272
ABELNOS;4257,4262,5150,5343,5506
ABELNOT;5284
ABELNOW;881,1079,5099
ABELNOY;1021,1074,4193,4347,4599,4684,4957,4982,5182,5278,5388,5417
ABELNRS;
ABELNRT;565,4351,4677,5510
ABELNRU;5389
ABELNRY;4193,4323,4347,4636,5182,5363
ABELNSU;5389
ABELNSY;4343,4584
ABELNSZ;5071,5354
ABELNTU;1106,4651,5475
ABELNTY;
ABELOOW;881,5130
ABELOPR;4658
ABELOPS;1094,5525
ABELOPT;5425
ABELORR;4217,4959
ABELORS;
ABELORT;4943,5272
ABELORU;4499,4559,5156,5309,5388
ABELORW;776,5099
ABELOSS;5315,5316
ABELOST;4975
ABELOSV;
ABELOSW;1079,5273,5274
ABELOTT;
ABELOTV;
ABELOTW;
ABELPRU;
ABELPTY;714,1162,1163,1175,4640,4664,5363,5417,5424,5425,5471
ABELQUY;4621
ABELRRS;1040,5276
ABELRRW;594
ABELRSS;1130
ABELRST;
ABELRSV;
ABELRSW;105,1115,5274
ABELRSY;4967,5387,5426,5533
ABELRSZ;1035,1130,1177,5399
ABELRTT;
ABELRTW;
ABELRUZ;1045,4909,5238
ABELRVY;5388
ABELSST;
ABELSSU;1108,5006
ABELSTT;5443,5446
ABELSTU;
ABELSTY;4560,5177,5533
ABELSUY;4525,5508,5509,5527,5528,5533
ABELSWY;
ABELTWY;5216
ABEMMOS;1084,4242,5410
ABEMMRS;617,1084,4242
ABEMNOS;712,4676,5463,5506,5526
ABEMNOT;4562,5279,5284,5360,5466
ABEMNRY;4434
ABEMNST;
ABEMNSU;4299
ABEMNSY;712,1101,5526
ABEMORT;
ABEMOSS;4988,4989,5489,5517
ABEMOTU;
ABEMRST;
ABEMRSW;502,4462,4527
ABEMSSY;
ABENNOR;5108
ABENNOS;
ABENNRR;4327,5286
ABENNRS;620,1078,1202,1203,4328,4354
ABENNST;620,728,736,958,4279,4329,5492,5537
ABENORS;
ABENORT;4314,4326,4330,4356,4570,4677
ABENORW;5099,5130,5259,5274,5380
ABENORZ;5108
ABENOST;503,4329,4690
ABENOSY;5187
ABENOTY;4982,5417
ABENPSU;757,4572
ABENQTU;
ABENRRS;4315,4483,4503,5259
ABENRRU;70,721,1051,1061,1176,1193,4327,4330,4353,4685,5133,5289,5324,5503
ABENRST;
ABENRSU;80,1200,1203,5389
ABENRSY;937
ABENRSZ;
ABENRUX;
ABENSST;5535
ABENSTT;106,804,1067,1205
ABENSTU;5492
ABENSTZ;5354
ABENTZZ;4854
ABEOORT;739,1144,4601,4677,4829
ABEOOST;4825,5132,5169
ABEOOTV;4665,5537
ABEOPRS;4216,5342,5392
ABEOPRT;1144,4688
ABEOQRU;4259,5484
ABEORRS;
ABEORRT;
ABEORST;
ABEORSU;4947,5383
ABEORSV;
ABEORSX;4529,4555,5003,5427
ABEORSY;621,4216,4339,4525,4585,4598,4830,4967,5186,5191,5387,5426,5505,5527,5533
ABEORSZ;805,5341,5399
ABEORTT;1144,4668
ABEOSTV;806
ABEPPSW;
ABEPRSU;4556,4576,4674,5349
ABEPRSW;
ABEPRTW;
ABEPRTY;940,1162,1175,4688,5210,5363,5540
ABEPSTU;4664,5349,5486
ABEQRSU;793,795,1191,5104,5219,5481
ABEQSSU;5104,5291
ABERRST;
ABERRSU;4277,4339,5067
ABERRSV;806,5505
ABERRSY;733,4339,4830,5426,5505,5533
ABERRSZ;
ABERRUV;522,4263,4911,5268,5289
ABERRVY;
ABERSSS;81,497,4574,5158,5386
ABERSST;
ABERSSU;4278
ABERSSZ;1130,4275,5399
ABERSTT;
ABERSTU;
ABERSTV;806,993,5052
ABERSTW;993
ABERSTX;800,4529,4555,5003,5427
ABERSTY;5177,5426,5533
ABERSUU;4575,4946,5488,5490
ABERSWY;
ABERTTU;
ABERTTY;642,5426
ABERUUX;
ABESSST;4497
ABESSSY;
ABESSTT;563,5277,5298
ABESTTU;5443
ABEZZZZ;
ABFFGIN;
ABFFIIL;4932,5303
ABFFINO;
ABFFLOO;
ABFFLOU;4266
ABFGILN;4694,5543,5544,5545,5548
ABFGINR;1090,5013,5310,5543,5545,5548
ABFGLSU;5307
ABFGOOT;
ABFHIST;
ABFHLSU;4933
ABFIILR;4218,4932,5015,5306,5311,5320
ABFIIMR;
ABFILRU;811,5015,5127,5320,5546,5548,5557,5561
ABFILSU;
ABFIMOR;1099,1207,5128,5129,5304,5321,5324,5556
ABFLLRU;
ABFLLSU;5119
ABFLOTU;1208,1213,5557
ABFLOTW;
ABFLOTY;1210,5306
ABFNOSY;712
ABFNSSU;1104,4699,4944,5327
ABFOORT;813
ABFOOTY;
ABFSTTU;
ABGGGIN;4701
ABGGIIT;4702,5562
ABGGILN;4702,4704,5569
ABGGILY;
ABGGINN;1217,4704,5329,5562
ABGGINR;4831,5329
ABGGIST;5564
ABGGISW;5569
ABGGNOS;76,4703,5332,5569
ABGGNSU;5567
ABGGORT;1015
ABGHHSU;4706,4947,5573,5574
ABGHILN;1221,4702,4707
ABGHINS;4706,5019
ABGHINT;
ABGHIST;4950
ABGHLOT;5578
ABGHLRU;4710,5349
ABGHMOO;
ABGHMRU;
ABGHNOR;5345,5348
ABGHOTU;
ABGHSSU;5566,5576
ABGHSTU;647
ABGIILN;820,4593,4694
ABGIINS;4514
ABGIINT;
ABGIINZ;823,4589,4593,5352,5568,5587,5595
ABGIJMN;
ABGIJOO;
ABGIKLN;1105,1113,5355
ABGIKNN;
ABGIKNO;925,1105,4357,4471,4717,4718,4720,4872,5020,5342,5355
ABGIKNR;573,4207,4471
ABGIKNS;5137
ABGIKNU;4706,4709
ABGIKST;493,826,828,829,1090,4695,4717,4720
ABGILLN;1216,4708,5563
ABGILMN;5591
ABGILMS;
ABGILNR;
ABGILNS;
ABGILNT;
ABGILNW;4708
ABGILNZ;823,1231,1234,5352,5568,5587
ABGILOR;816,1207,4284,5306
ABGILRT;1016,1107,5306,5546
ABGIMMN;
ABGIMRS;4725,5020,5609
ABGIMST;828,1238,1241,5609
ABGINNN;
ABGINNR;
ABGINNT;114
ABGINOS;1223,4280,4357,4703,4727,5019,5569,5599,5608
ABGINOT;
ABGINRR;
ABGINRS;
ABGINRV;
ABGINRY;4227,4281,4831,5545,5548
ABGINRZ;4518,4589,4599,5352,5568,5587
ABGINSS;5023,5148,5569
ABGINST;828
ABGINSU;5307,5366,5383,5567,5592,5608
ABGINTT;569,5610
ABGINTU;1106,4244,4288,5310,5544,5589,5591
ABGINTW;4466
ABGINTY;
ABGINZZ;
ABGIOPT;4718,5578
ABGIOSU;4332,5013,5378,5383,5594,5595
ABGKKNO;
ABGKNOS;1116,4357,4703,4719,4720,4955,5020,5342,5599
ABGKOOS;4719
ABGKORW;925
ABGLLMU;
ABGLMNU;4604,5584,5591
ABGLMOS;4280,5359,5372
ABGLMOU;5591
ABGLMSY;4722,5372
ABGLNOO;5374
ABGLOOT;
ABGLOPY;1117,4284,5337,5344,5370,5578
ABGLORS;
ABGLORT;1015,4958,5059,5144,5151,5306,5362
ABGLOSU;5595
ABGLRRU;721,5549
ABGLRSU;4723
ABGMNOY;
ABGMOOY;
ABGMORW;
ABGNOOR;
ABGNOOS;5019,5608
ABGNOPR;649,4281,4471
ABGNORS;4357,4727
ABGNOTU;832,4244,4288,4603,4958,5146,5589,5591
ABGNOWY;4957
ABGOORT;5380,5610
ABGOPST;
ABGORRU;883,4428,4430,4587,5336,5549
ABGORST;
ABGORTU;4958
ABGOTTU;4958
ABGSSTU;4728,5565,5594,5598,5600,5612
ABHHISS;5618
ABHHJSU;
ABHHKOT;5336
ABHHKTU;5336
ABHHSUW;
ABHHSUY;
ABHIINT;1249,4334
ABHIKLS;
ABHIKST;71,4731,5162
ABHIKTW;
ABHILNO;1136
ABHILOS;1251,4215,4731,4732,5619
ABHILTU;
ABHIMNR;4434,4612,5625
ABHIMRS;617,5032,5170,5171
ABHIMSZ;
ABHINST;4741
ABHIOOS;111,117,539,971,1127,1220,1245,4964,5019,5028,5030,5032,5169,5343,5392,5413,5420,5422,5423,5613,5617
ABHIOPS;117,1127,1128,1220,1245,4216,5169,5392,5422,5423,5617,5626
ABHIORS;1251,1258,5170,5392,5405,5420,5422,5423,5619
ABHIORT;836,1139,1140,1144,1258,5170,5345,5348,5405
ABHIOST;117,538,1128,1245,1251,1256,4286,5169,5170,5420,5422,5617
ABHIOSU;653,971
ABHISST;1243,4336
ABHISTT;5412
ABHISTU;575
ABHKLSY;4731
ABHKORU;5336
ABHKRSU;
ABHLMSY;5622
ABHLOUX;
ABHLRSY;737,4289,4525,4710,4735,4967,5177,5186,5426
ABHLRTU;521,731,839,1140,4197,4882,5179
ABHMNOS;538,4280,4285,4286,4745,4746
ABHMNSU;4745
ABHMRSU;
ABHMSUY;5622
ABHNOOS;117,1223,1261,4473,4475,4476,4579,4730,4746,4964,5019,5030,5343,5350,5420,5427,5616
ABHNOST;117,538,1256,1261,4285,4286,4438,4475,4622,4623,4741,5427
ABHNSTU;575,4285
ABHOOPS;111,117,539,1127,1220,1245,4729,4730,4746,5169,5350,5392,5422,5423,5424,5613,5617
ABHOPRS;4216,4730,4745,4746,4880,5183,5187,5349,5350,5392,5405,5422,5423,5626
ABHORRS;551,5350,5423,5426,5428
ABHORRU;883,5336
ABHORST;551,1251
ABHOTUY;1147,1208
ABHPSTY;4741
ABHQSSU;
ABHRSTU;647
ABHSSUW;
ABHSTUW;
ABIIINR;1227,1268,4589,5314,5352,5436,5543,5552,5582,5587
ABIIKKS;4711,5201
ABIIKKT;576
ABIILLS;4693,5547,5633
ABIILMN;97,820
ABIILMU;938,1114,1232,1264,5041,5455,5469,5584,5591
ABIILNQ;1095
ABIILNS;
ABIILOV;48,1224,4639,5217,5453
ABIILRY;1207,4234,4235,4284,4289,4312,4432,4639,4755,4888,5022,5038,5306,5320,5394,5396,5450,5453,5461,5470,5590,5656
ABIILST;835,4301,4731,4768,5646,5648,5654
ABIILTY;540,1206,4381,4628,4636,4639,4731,4748,4759,4987,5216,5306,5320,5394,5453,5461,5464,5469,5623,5630
ABIIMNR;5625
ABIIMSS;840,5400,5550
ABIIMST;835,843,1148,1151,4301,4975,5395,5432,5443,5490,5491
ABIINNS;121,656,728,842,1281,4220,4295,4445,4514,4535,4536,4716,4760,4770,5492,5621,5657
ABIINOR;1273,1282,1284,1286,4296,4478,4895,4938,5314,5662
ABIINRY;4895
ABIIOSS;744,4365,5315,5316,5319,5340,5399,5400,5406,5485,5594,5596,5619,5652,5663,5664
ABIJLNR;1113
ABIJLRU;
ABIJNOT;
ABIJRSU;
ABIKKSU;
ABIKLLY;
ABIKLMN;820,825,5355
ABIKLOR;1105,4470,5355,5453
ABIKLOS;4703,4731
ABIKMNR;688
ABIKMRS;5201
ABIKNST;71,493,826,828,843,1288,4695,4717,4720
ABIKOUZ;
ABIKRST;4717
ABIKRTZ;
ABIKSTT;829,4695,4749,5162
ABIKUUZ;
ABILLMN;4776
ABILLMU;1289,5041,5455,5667
ABILLMY;1154,1174,1209,4696,5457,5556,5645
ABILLNP;742,825,844,1043,4530,4632
ABILLOT;577,1210,1269
ABILLPY;120,766,845,1046,1117,1175,4611,5370,5504
ABILLSW;4647
ABILLSY;125,5645,5669
ABILLTT;120,831,975,1210,5553
ABILLWX;
ABILLWY;1269
ABILMMS;1097,5410,5670
ABILMNU;4612,5469,5584
ABILMOX;
ABILMRT;79,580,774,976,4786,5163,5454,5667
ABILMRY;854,1207,4696,4996,5321,5556,5672
ABILMST;843,853,1272,4291,4301,5636
ABILNOS;4257,5143,5150,5569,5652
ABILNOT;4370
ABILNOZ;122,823,1136,1173,1234,5417,5587,5637
ABILNRY;854,4323,5030,5512,5548,5561,5672
ABILOPR;1188,1250,4259,4284,4661,5128,5251
ABILOPY;1117,4284,4611,5344,5370,5417,5504,5514,5578
ABILORS;5619
ABILORT;580
ABILORV;776,5217,5374
ABILOST;4731,5413
ABILOTU;5557
ABILRRY;47,766,1046,1091,1240,5253,5321,5504,5505,5514
ABILRSS;840,1130,1247,4643,5619
ABILRST;4311,4748
ABILRSU;4311,4723,4765,4903,5567
ABILRSZ;1177,1181,1278,5399,5619
ABILSTU;853,4301,4760
ABILSYZ;
ABILTTY;83,120,127,540,975,1164,1206,1210,4370,4531,4628,4987,5449,5459,5471,5510,5553,5631
ABIMMRS;4725
ABIMMTU;
ABIMNRS;5675
ABIMNSU;4299
ABIMOSS;969,4739,4988,5017,5031,5046,5517,5603,5670,5676
ABIMPST;828,951,1297,5169,5395,5658
ABIMRSS;840,4615,4740
ABIMRST;50,1297,4752,5555,5657,5658,5675
ABIMRSU;
ABIMRTT;836,4668,5610,5625
ABIMTTY;5029,5171,5471
ABINNSU;1191,1283,4332,4354,4371,4480,4551,4723,4757,4760,4782,4915,5231,5255,5257,5307,5452,5474,5492,5608,5627
ABINOOR;808,4658,4756,5324
ABINOOT;837,984,4606,4665,5033
ABINORT;
ABINORW;5380
ABINOSS;969,4357,4727,4742,4778,5023,5031,5400,5569
ABINOST;
ABINOSU;5013,5409
ABINRST;
ABINRTV;4635
ABIOORR;1286,1302,4658,5324,5374
ABIORRS;5013
ABIORRZ;1286
ABIORSS;4357,4474,4727,4739,4742,5619
ABIORST;
ABIORTV;
ABIPRTY;814,1162,1163,1175,1302,4640,5001,5245,5253,5264,5363,5486
ABIPSTT;953,5154,5448,5644,5679
ABIRSTU;658,4992,5226,5495
ABIRTTY;4370,5553,5631
ABISSST;1254,1294
ABISTTU;536,583,1241,1252,1255,4371,5045
ABIZZZZ;
ABJJOOS;
ABJKMOS;
ABJLMOO;
ABJLMSU;
ABJOSZZ;
ABKLLNY;4957
ABKLOOW;5130
ABKLORT;5272,5453
ABKLOTX;
ABKLRUW;
ABKLSSY;
ABKLSTY;4560,4731,4749
ABKMNOO;662,4461
ABKMOOS;662,4461
ABKMOST;1170
ABKMSUZ;
ABKNNNO;
ABKNRSU;
ABKNRUU;
ABKOORS;1261
ABKORTU;
ABKSSTU;5600
ABLLLOW;
ABLLLUY;4241,4807,5645
ABLLNOO;697,4603,4754,4796
ABLLNOS;1291,4779
ABLLOOS;882,1238,4367,4722
ABLLOPR;84,4611,5502,5504
ABLLORR;862,4897,5503,5504,5556
ABLLORT;
ABLLORU;1289,5667
ABLLOST;
ABLLOSU;1291,1304,4346,4732,5602
ABLLOSW;
ABLLOTY;981,1210,1212,1269,4796
ABLLOVY;
ABLLPSU;4563,5283
ABLLRUY;4241,4325,4337,5669
ABLMMOU;4349,4368
ABLMNOU;1208,1213,1214,1305,4463,5133,5278
ABLMOOT;580,887,5591,5637,5649
ABLMOPS;4422,4681,4745
ABLMORS;
ABLMOSY;5387,5527,5622
ABLMOVY;
ABLMPSU;4681,5622
ABLMPUU;5371
ABLMRSU;4723
ABLMSTY;1272,1307,5630
ABLMTUY;1272,5041,5469,5508,5528,5672
ABLNOOP;779,4463,4658,5182
ABLNOSZ;
ABLNOTU;813,1208,1213,1214,5049
ABLNOTY;586,863,981,4370,4758,4796,5007,5049,5417,5510,5528,5561,5623,5624,5672
ABLNRSU;128,543,864,1200,1203,1239,1307,4620,4723,4765,5389,5567
ABLNSTU;4760
ABLNTUY;127,839,1240,4751,5034,5049,5561
ABLOORS;882,4398,4710,4730,5030
ABLOORT;580,813,5478
ABLOORY;4710,5022
ABLOPYY;
ABLORST;
ABLORSU;864,986,1309
ABLORSW;5185,5274
ABLORTW;
ABLORUW;
ABLOSST;5603
ABLOSTT;863,5593,5655
ABLOSTV;
ABLOSTX;800
ABLOSUV;1239,4262
ABLOTUW;
ABLPRSU;128,4765
ABLPSUY;108
ABLPSYY;
ABLRSWY;
ABLRTUU;1214,5049,5127,5557,5667
ABLRTUY;839,1240,4684,5049,5469,5546
ABLSTTU;4627,5239,5446
ABMMNOS;1280,1305,4242,5410,5670,5671
ABMNOSW;662,663,4461,4462
ABMNSTU;4285,4780,4784,5671
ABMNSUY;1288,1306,1307,4782,5645,5672
ABMOORR;5324
ABMOOSW;662,4461
ABMOOSZ;5050
ABMOPRT;1199
ABMOPST;951,5169,5395
ABMORTU;4356,4786,5667
ABMOSTU;1255,1305
ABMOSTW;1255
ABMRSSU;7,80,1310,4278,5006,5391
ABMRSTU;4568,5107,5285,5296,5491
ABNNOOT;126,1282,4293,5639
ABNOORS;1261,4279,4579,4730,5427,5537
ABNOORZ;1286,5662
ABNOOSS;4372,4699,4753,5048,5571,5596,5677
ABNOOST;1261,4475,5132,5427
ABNORST;1261
ABNORSY;4476,4480,5030,5187,5527
ABNORTY;1302,5049,5623
ABNOSSU;1076,1201,4690,4960,5291
ABNOTUY;984,1208,1213,4302,4688,5049,5509,5528,5561,5672
ABNRSTU;
ABNRSUU;5018,5490
ABNRTTU;
ABNSTUW;
ABNSTYZ;
ABOOPSX;
ABOORTW;
ABOOTTW;
ABOPSWY;
ABORRSU;4575
ABORRSW;5185,5259
ABORSST;118,1260,4474,5039
ABORSTU;
ABORSTW;
ABORSTY;1311,4946,5191
ABOSSUU;4575,4960,5011,5044,5598,5682
ABOSSWW;
ABOSTUU;4622,4683,4942,4946
ABOTTTU;
ABPRSTU;1296,4556,4566,4912,5001,5285,5486
ABPRSUY;4576,4674
ABRRSSU;
ABRRSUY;1309,4339,4578,5045,5533
ABRRTUY;4578,4680,4766,5533,5540
ABRSTUU;4946,5490
ABSSUWY;
ABSUWZZ;
ACCCILY;5731,5739
ACCDDEE;
ACCDDEI;5752,5755
ACCDEEN;1334
ACCDEER;4304
ACCDEES;5773
ACCDEHK;4304,5687
ACCDEHL;
ACCDEHN;
ACCDEHO;1334,1346,1349,5687,5750,5775,5812,5813,5814,5815,5816,5818
ACCDEHT;5687
ACCDEII;5752,5769,5823,5825,5828
ACCDEIO;5688,5790
ACCDEIT;1347,5839,5840
ACCDEIU;1362,1363,5748,5841,5843
ACCDEKL;
ACCDEKO;4304,5688,5818
ACCDEKR;547,1339,4304,5688,5751,5818
ACCDENS;138,1360,5690,5810,5833
ACCDENY;1340,1350,1370
ACCDEOT;1346,1370,5814,5840
ACCDEOY;1350,1370,5751,5818,5856
ACCDERU;1363,1367,4309,5828,5835
ACCDESU;5690,5773,5796
ACCDFIL;
ACCDHIL;5861
ACCDILS;132,548,4310,5760,5865,5866
ACCDINS;138,5810,5833,5865,5871
ACCDIOT;5790,5840,5859,5872
ACCDKNO;
ACCDKOW;
ACCDLOY;1378,5876
ACCDMOR;1381
ACCDORS;551,5764,5812,5856
ACCEEHL;1314,1388
ACCEEHO;1334,1393,1394,4304,5701,5935,5940,5950
ACCEELN;552,1409,5972
ACCEENR;1393,5925
ACCEERT;145
ACCEFIT;5808
ACCEFLU;1418
ACCEGIN;1431,4201,4300,4316,4331,5907,5916,6024,6030,6036
ACCEGOS;1433,5914,6033,6038,6047
ACCEHHI;1437,6025
ACCEHIL;1436
ACCEHIM;
ACCEHIN;4300
ACCEHIP;555,1424,1428,5750,5936,6033,6108,6111,6112
ACCEHLN;1465
ACCEHLO;5816
ACCEHLS;
ACCEHNO;
ACCEHNR;
ACCEHNS;
ACCEHNT;1465
ACCEHNU;
ACCEHNY;1445,1465,6070,6108
ACCEHOR;4304,5818
ACCEHOS;150
ACCEHPU;1452,1460
ACCEHRS;1424,5915,5944,6059,6060
ACCEHRT;
ACCEHST;
ACCEHTT;1437,6070
ACCEHTU;1418,1452,1460,5714
ACCEHXY;1347
ACCEIKP;6185
ACCEIKR;6185
ACCEILL;53,140,5705,6137
ACCEILN;4349,6036
ACCEILO;558,560,1496,4321,4347,4349,5724,6024,6149,6158,6199,6202
ACCEILS;1473
ACCEILT;
ACCEIMR;145,561,5688,5723,5970,6030,6053,6139,6149,6172,6216,6217
ACCEINO;4349,6024
ACCEINV;6032,6034,6182
ACCEIPR;1398,1399,1422,5922
ACCEIPS;134,148,1485,5820,5833,6047,6108,6130
ACCEIPV;6148
ACCEIQU;157,158
ACCEIRS;1420,5914,5931,5992,6059,6060
ACCEIRT;1488
ACCEIST;134,1315,5914
ACCEITT;146,1401,1434,1437,1499,1507,5972,5974,5979,6051,6070,6190,6216
ACCEKLR;6185
ACCEKLS;556,1515,4346,5773,5893
ACCEKMO;5688
ACCEKOP;6185
ACCEKOS;1515,4202,4346,5893,6183
ACCEKPU;
ACCEKRR;1339,4304,5751,5818
ACCEKRT;4356,6185
ACCELLY;4347,5705,6043,6044,6136,6137,6186,6187,6190,6192,6229
ACCELNO;141,560,1519,4347,4349,5724,5729,5809,6024,6190,6199,6200
ACCELNS;1520,6238
ACCELOR;5835,6237
ACCELOT;1354,5999
ACCELRS;1420,1468,1518,6059
ACCELSU;1473,5693,5764,5773,6049,6198,6211,6212,6240
ACCELSY;1501,5709,5725,5795,5838,5949,6203,6235
ACCEMNU;4349,5723,5729,5843,5997,6118,6196,6216,6233
ACCENOR;
ACCENOS;
ACCENOT;
ACCENOV;6032,6034,6182
ACCENPT;552,1370,5847,5936,5960,5972,5984,6178,6200,6246,6252
ACCENRS;1320,1420,6037,6254
ACCENST;134,6236,6238,6254
ACCEOPY;1447,1466,1514,1523,5715,5856,6086,6095,6108,6112,6116,6123,6192
ACCEORW;6097
ACCEOTT;567,1507,5995,6133,6190,6215,6235
ACCEPRY;554,1466,5856,6086,6116,6178,6180,6192
ACCEPST;134,5936,6254
ACCERRS;6207
ACCERRT;1382,1412,4330,5845,5848,5891,6053,6118,6169,6172,6217
ACCERSS;5683,5699,5700,5776,5789,5887,5888,5957,6009,6035,6060,6140
ACCERSU;4339,6231,6254
ACCERSW;1406,1518
ACCESSU;4319
ACCESSY;5952,6058,6108,6243
ACCFIIP;1527,1528,1530,5808,6022
ACCFILY;6021
ACCGHIN;
ACCGIKN;1547,6290,6298
ACCGNOS;4357,5757,6290,6302
ACCHHIS;1536,1556,6274,6307,6312
ACCHHKU;
ACCHIKS;
ACCHIMS;6284
ACCHINO;6311
ACCHINT;166,575,1561,1563,6311,6313,6320,6337
ACCHIOP;555,1447,1452,4358,5715,5731,5734,5750,5816,6026,6067,6095,6273,6279,6280,6282,6316,6321,6333,6336
ACCHIOR;
ACCHIOT;1563,6277,6311,6312,6337
ACCHIOU;4309,4360,6311
ACCHIRS;1424,4311,4361
ACCHJSU;
ACCHKOY;
ACCHKSU;5773
ACCHKSY;
ACCHLNO;
ACCHLTU;1397,1418
ACCHNOS;150,5949,6115
ACCHNRS;6332
ACCHNRU;
ACCHOPU;1452
ACCHORR;551,1350,1470,1545,1546,4304,5734,5891,6068,6109,6118,6272,6273,6276,6324
ACCHOSU;150
ACCHOTW;
ACCHOUY;1577,4339
ACCHPTU;1452
ACCHRRU;1418
ACCHRST;4311,4361
ACCHRSU;1577,4311,4361,5915
ACCHSSU;5702
ACCIILN;4318,4343,5732,5774,5777,5822,5928,5930,6020,6036,6070,6287,6288
ACCIINT;144,575,576,5930,6020
ACCIIST;4301,4362,6355
ACCIKRR;
ACCIKRS;1596
ACCILLU;6301,6377,6379,6380
ACCILMO;11,141,558,580,1358,1548,1585,1604,1605,4349,4360,4368,6139,6149,6265,6291,6292,6356
ACCILMU;4349,4360,4368
ACCILNO;141,4321,4349,4368,5833,5969
ACCILNY;175,1588,1606,1611,4368,4369,5739,6353
ACCILOR;1330,5743,5921,6291
ACCILOS;4367,4369,6294,6317,6352
ACCILOV;558,6148,6380
ACCILRU;6198,6369,6388
ACCILRY;4323,5835,5860,5974,6064
ACCILSS;1322,5700,6140,6141,6164,6194,6207,6288
ACCILST;167,4301,4311,4361,4362,4367,6296,6355,6383
ACCILSU;4311,4361,4362,6049,6206,6211,6296,6369
ACCIMOT;1480,1488,1604,1605,5716,5726,5745,5979,6139,6144,6149,6169,6197,6217,6277,6292,6356,6382,6392,6393
ACCIMOZ;162
ACCIMRU;5723,5727,6053,6150,6216
ACCINNO;1332,1555,4302,4369,5726,5744,5745,5872,6199,6200,6202
ACCINOP;555,1555,5750,5833,5834,5847,5869,5984,6033,6067,6108,6152,6168,6175,6200,6224,6270,6279,6340
ACCINOR;1616
ACCINOS;174,4357,6352,6364
ACCINOT;
ACCINRU;6390
ACCINSW;6037
ACCINSY;1451,1564,1599,1606,4369,5725,5865,6256,6283,6327,6332,6339
ACCIOPR;1330,1613,5731,5858,6270,6272,6273,6279,6280,6316,6368
ACCIORS;
ACCIORT;6227
ACCIOST;1480,4367
ACCIPRT;5734,6280
ACCIRRS;174,1533,5728,5931,6224,6344
ACCIRST;169,1324
ACCISTT;4361,6355
ACCISTU;575,1595,4301,4362,6296,6313
ACCKLOR;6185
ACCKLRY;
ACCKMOR;585,4356
ACCKOPR;
ACCKOSS;
ACCKOST;1480,6183
ACCKPRU;
ACCLOSU;1622,1624,5764,5838,6049,6092,6117,6198,6206,6210,6211,6234,6239,6240,6305,6369
ACCLOSY;1515,1570,1599,1602,1603,1622,4367,4369,5709,5725,5949,6047,6115,6203,6235,6240,6305,6331,6332,6334,6369,6383
ACCMNOY;4368,5745,5979,6187,6229,6321
ACCMOOT;1381,1604,5726,5745,6292,6356
ACCMOOY;5745,6187
ACCMOPS;1413,1556,1607,1622,5706,6004,6198,6232,6284,6338
ACCMOPT;1623
ACCMRUU;5998,6216,6265
ACCNNOO;1604,5726,5745,5872,6167,6196,6200,6202,6245,6329,6350,6360,6373,6381
ACCNOOP;5729,5750,5869,6200,6237,6246
ACCNOOR;1508,5707,6045,6057,6237,6246
ACCNOOS;
ACCNOST;
ACCNOTT;6190,6261,6262,6311
ACCNOTU;4302,4330,6176,6401
ACCOORT;1381,1508,1552,5684,5707,6106,6310,6346,6356
ACCOPTY;1370,5684,5999,6230,6321
ACCOQSU;1628,5962
ACCORSS;1616,4373,5776,6009,6035,6117,6347,6349
ACCORTU;1623,6390,6401
ACCOSST;4373,6058
ACCRSTU;1324,1595,6254,6296
ACDDDEI;
ACDDDEL;587,6403
ACDDDEU;6405
ACDDDKO;
ACDDEEF;6422,6423
ACDDEEL;6442,6453
ACDDEER;6423
ACDDEES;1633,4377,6423,6429
ACDDEEY;
ACDDEHR;6407,6425,6432
ACDDEHY;591
ACDDEIL;6407,6410,6412
ACDDEIN;6415,6442,6476
ACDDEIS;
ACDDEIU;592
ACDDELN;591,1649,6428,6443,6453,6459,6468,6474
ACDDELO;1645,1649,1650,6442,6465,6467
ACDDELR;590,594,1650,6460
ACDDELS;
ACDDELU;590,1643,6453
ACDDEMU;4203,6476
ACDDEOP;5750
ACDDERU;590,4203,4378,6460
ACDDESU;6435,6458
ACDDHHU;
ACDDHIS;6408,6430
ACDDHKO;5751
ACDDHOR;
ACDDHRU;6425,6460
ACDDIIS;1657,6423,6466
ACDDIKZ;
ACDDINS;6415,6476
ACDDIRS;55,1639,1660,6466
ACDDIRY;1661,6475,6491
ACDDIST;1660
ACDDISY;55
ACDDKMO;
ACDDKOP;
ACDDSSY;6454,6485,6489
ACDDSTU;4382,6435,6452
ACDEEES;4303,5760,6504,6512,6541
ACDEEFF;
ACDEEFN;6495,6565
ACDEEFR;5769,6554
ACDEEFS;6424
ACDEEFT;5770
ACDEEGL;6583
ACDEEGN;
ACDEEHL;1664,5771,6551,6591
ACDEEHP;6594
ACDEEHR;
ACDEEHT;6594
ACDEEIR;
ACDEEJT;
ACDEEKR;1674
ACDEELL;6595,6637
ACDEELN;
ACDEELR;
ACDEELS;5773
ACDEELT;
ACDEELV;
ACDEEMN;1339,1696,5780
ACDEEMO;4407,4422,6625,6647,6709,6710,6750,6754
ACDEEMR;1339
ACDEEMV;
ACDEENR;
ACDEENS;
ACDEENT;
ACDEENV;
ACDEEPR;
ACDEEPS;
ACDEERS;
ACDEERT;
ACDEERY;6570,6623,6670,6691,6695,6749
ACDEETU;5770
ACDEETX;
ACDEFFH;1712
ACDEFFS;1712,6495
ACDEFGO;1713,6768
ACDEFHU;6770
ACDEFIN;6780
ACDEFIR;5769,6563,6785
ACDEFKL;
ACDEFKR;
ACDEFRS;
ACDEFRT;5769,6556
ACDEGGL;
ACDEGGR;
ACDEGGS;6789
ACDEGHN;6790
ACDEGHR;1722,6569,6790,6791
ACDEGHT;1722,6569,6790,6791,6797,6798,6800
ACDEGHU;
ACDEGIN;1728,6814
ACDEGIR;1722,1738,6822
ACDEGIS;
ACDEGKO;1669,4380,4430
ACDEGLN;
ACDEGLO;180,1726,1732
ACDEGNO;4380,4397,4430,6814
ACDEGNU;
ACDEGOR;180,1669,1726,1732,1739,4380,4430,6568,6569,6815
ACDEGRS;
ACDEGST;6504,6588,6790,6800,6838
ACDEHHN;1630,6790
ACDEHHT;5812,6592,6790
ACDEHIN;
ACDEHIP;5750,5815,5816,6798,6865,6872
ACDEHIR;
ACDEHIX;1334,1347,6591
ACDEHKL;6460
ACDEHKR;1674,4304,5751,5818,6550,6859,6861
ACDEHKS;4385,6593,6861
ACDEHKT;
ACDEHKW;4436
ACDEHLN;5771,5775
ACDEHLR;4431
ACDEHLS;6792,6844
ACDEHLT;
ACDEHMP;5815,6872
ACDEHMR;
ACDEHMS;4437,6462,6882,6883
ACDEHMT;6852
ACDEHNR;
ACDEHNT;
ACDEHOP;1761,5687,5750,5815,6796
ACDEHOR;1349,6508,6841,6842
ACDEHOS;1349,5817,6462
ACDEHOT;5814,6594,6798
ACDEHPP;
ACDEHPR;1761
ACDEHPT;1761,6594,6798,6858
ACDEHPU;6863
ACDEHRR;6610
ACDEHRS;
ACDEHRT;
ACDEHSS;6845
ACDEHST;
ACDEHSY;621,1633,4438,5819,6616,6797,6800,6869,6878,6883,6888
ACDEHTT;4307,6553,6616
ACDEHTW;1647
ACDEHTY;622,1347,1758,1766,4438,6594,6616,6623,6797,6798,6800,6858,6862
ACDEHUV;
ACDEIIR;5781,5827,5828,6466,6644,6646,6647
ACDEILL;1645,1745,1795,4432,4440,6595,6863,6924
ACDEILM;
ACDEILN;
ACDEILR;6822,6893
ACDEILS;
ACDEILT;6783
ACDEILV;630,1722,1806,1807,6525,6695,6889,6890
ACDEIMT;6771
ACDEIMV;
ACDEIMY;4434,6870,6987,6989,7011
ACDEINO;6442
ACDEINR;
ACDEINS;6415
ACDEINV;6889,6890
ACDEINY;4434,6558,6563,7011,7021
ACDEIOS;4204
ACDEIPR;6785,6872
ACDEIPS;
ACDEIRR;1795,5688,5849,6945,7007
ACDEIRS;
ACDEIRU;1363,6726
ACDEISS;6946
ACDEIST;4405
ACDEISV;1806,1807,6466,6889
ACDEITT;4404
ACDEITY;4405,6715,7021
ACDEJLO;
ACDEJNU;
ACDEKKN;
ACDEKLM;6976
ACDEKLN;591,611,612
ACDEKLO;6666,6918,6977,7039
ACDEKLS;
ACDEKLT;595,6976,6977
ACDEKLU;590,4436,6460,6976
ACDEKMS;4462,6462,6847,6861
ACDEKNR;547,4462,6861
ACDEKNS;4461,4462,6540,6593,6803,6847,6861
ACDEKNU;
ACDEKOR;4304,4430,4448,4462,5688,5818,6586,6669,6977,7039
ACDEKQU;
ACDEKRS;6861
ACDEKRT;6976
ACDEKRW;594,635,4448,4462,6586,7039
ACDEKRY;5751,5818,6460
ACDEKST;
ACDEKSW;635,4308,4436,4448,4461,4462,6587
ACDELLS;6836,6838
ACDELMM;549,1796,5850,6985,6986
ACDELMP;5850
ACDELMS;6738
ACDELMU;
ACDELNO;6442,6515,6739,6740
ACDELNR;6893
ACDELNS;6889
ACDELNT;
ACDELNU;4426
ACDELOP;640,5850,6515,6641,6842
ACDELOR;640,4309,4431,6842
ACDELOS;
ACDELOT;5814,6739
ACDELOV;6515,6641
ACDELPP;640,1801
ACDELPS;
ACDELQU;600,1738,6684,6809
ACDELRR;594,640,5828,6945,7007,7047
ACDELRS;
ACDELRT;595
ACDELRU;1366,5764,5852
ACDELRW;594,6586,7039
ACDELSS;4452,5831,6788,6946,7001
ACDELST;595,6838
ACDELSU;4452,4453,5764
ACDELSW;4436
ACDELTT;5851
ACDELTU;
ACDELWW;
ACDEMMR;1674
ACDEMMS;1368,6738,6985
ACDEMNU;6608
ACDEMOR;
ACDEMPR;
ACDEMPS;4422
ACDENNS;188,624,1757,1769,1779,6540,6607,6635,6903
ACDENNT;
ACDENNU;188,4426,5854,7056
ACDENOR;4380
ACDENOS;188,4461
ACDENOT;
ACDENPR;1742,6503
ACDENPS;188,6503,6535,6845,6846,7034
ACDENPT;1370,6740,6752
ACDENPU;188,7034
ACDENRS;
ACDENRT;
ACDENRU;
ACDENRY;
ACDENSS;5797,6788
ACDENST;
ACDENSU;188,7034
ACDENTU;
ACDENUV;4392,6756
ACDEOPS;5687,5819
ACDEOPT;1370,5687,6752
ACDEORR;640,1786
ACDEORS;
ACDEORT;
ACDEOST;6709,6710,6838
ACDEOTT;4404,6623,6932
ACDEOUV;630,6756,7004
ACDEPPR;640,1786,1788,1801,6963,7060
ACDEPRS;
ACDEPSU;188,6535,7034
ACDEQSU;6657,6735
ACDERRS;
ACDERST;
ACDERSU;
ACDERSV;6466,6970
ACDERSY;6888
ACDERTT;
ACDERTU;
ACDESTT;1828
ACDESTV;1708
ACDFIIT;5808,5857,6771,6779,6780,6782,7065,7067,7068,7069,7070
ACDFIIY;5806,6558,6776,7070
ACDFILM;
ACDFIOT;5808,5857,6561,6771,6780,6783,7068,7070
ACDFOOT;5857,6779,7068,7070
ACDGGIN;7071
ACDGIIM;190,191,192
ACDGIKN;611,612,1658,4207,4471
ACDGINN;613,650,1837,1841,4468,4469,7086
ACDGINO;4397,4468,6814,7071,7076,7079,7086,7089
ACDGINR;4466,7086,7089
ACDGKLO;
ACDGNOT;1713,1724,4397,4468,5772,6502,6814,7071,7074,7079,7086,7089
ACDGORT;1713,1840,6569,6815,6817,7074,7077,7086,7089
ACDHIIL;5861,6595,6791,6840
ACDHIMR;7093
ACDHIOP;1869,5750,5816,6865,6872,7077,7112
ACDHIRY;1745,4432
ACDHLOR;1862,4388,4389,4431,6591,6623,6841,6842
ACDHMRS;4437,6861,6871,6883,6884
ACDHNOW;7071,7079
ACDHOOT;1868,7095,7108
ACDHOPR;1761,1869,6841,6842,7073,7077,7094,7103,7112
ACDHORR;1862,7073,7093
ACDHORS;5817
ACDHRUY;6885
ACDHRYY;550,6842,6858
ACDIIIN;6483,6487,7068
ACDIIJT;1656,1873,6483,6917
ACDIINN;625,1841,4402,4443,6935
ACDIINO;648,7076
ACDIINR;4207,4466,4469,4478,7103
ACDIIOS;656,1890,5691,5781,6647,7063,7076,7092,7099,7151
ACDIIRS;5781,5827,5867,6466,6647,7151
ACDIIRT;14,191,192,1873
ACDIITY;
ACDIKLS;6666,6977
ACDILLO;
ACDILMO;7088
ACDILMS;7152
ACDILNO;5784,6442,6515,7088
ACDILNU;6488,7128,7136
ACDILOP;6515,6641
ACDILOR;1862,4312,6591
ACDILOT;5814,5859,5861,6783
ACDILPU;7128
ACDILRT;197
ACDILRY;1862,4312,4432,5860,6670,6841,6900,6927
ACDILST;7116
ACDILTW;
ACDILTY;1859,7157
ACDIMMU;5841,6986,7165
ACDIMNO;6486
ACDIMNY;4434,6486,7108
ACDIMOO;15,6785,6817,6872,6931,7070,7153,7165
ACDIMOT;15,1898,7108,7165
ACDINNO;6442
ACDINRU;1801,1869,4478,7103,7112
ACDINST;7083,7084,7161,7168
ACDINSW;1793,7084
ACDINSY;4480,7111
ACDIOPR;1869,6785,6872,7094,7103,7112
ACDIORR;1786,1862,1886,5849,5875,6507,6704,6705,7073,7093
ACDIORS;
ACDIORT;14,15
ACDIOST;6668,7092,7124
ACDIOSZ;4417,4453,5792,6710,7126
ACDIOTY;1371,1859,5859,5861,6578,6862,7021,7108,7165
ACDIOXY;4312
ACDIPRS;1843,7117
ACDIPSS;657,1860
ACDIPTY;1794,7108
ACDIQRU;
ACDIRST;
ACDIRTU;197,1363,1756,1856,4311,5873,6492,6726,7164,7169
ACDISST;
ACDITUV;1363
ACDJNTU;1656,6483
ACDKLOP;7039
ACDKLSY;
ACDKMOO;662
ACDKMPU;
ACDKOPR;7039
ACDLLOR;1378
ACDLLUY;6471,6863,6927,7041
ACDLNOR;
ACDLNOT;5851,5876,6739,6740
ACDLOWY;
ACDLSTY;1379,1861,1877,5877,6838,7042,7048
ACDMMNO;200,614,6986
ACDMNOP;200,4463,5850,6740,6752,7108,7133
ACDMOOW;
ACDMORZ;1751,6951
ACDMPSU;7158
ACDMSTU;1885,1900
ACDNOOR;6402,7094,7112
ACDNORS;
ACDNORU;1765,1869,7103,7112
ACDOPST;4477,5687,5819,5877,6754,6949,7092
ACDORST;
ACDORSU;7091,7151,7164
ACDORSW;
ACDORUZ;
ACDOSTV;1890,6710,7122
ACDRSTU;647,1856,4311,7091
ACDRSUU;7006,7163
ACEEEPS;5890,7173,7189,7280
ACEEEUV;4392,6506,7271
ACEEFFR;
ACEEFFS;6495,7303
ACEEFHN;7308
ACEEFIN;5907,7308,7325
ACEEFLU;4508,5770,6562,7325,7326
ACEEFMN;5907,7307
ACEEFNS;6424,6495,6497,6564,6565,7174,7190,7191,7192,7306,7350
ACEEFNY;672,4507,6549,6558,6563,7332,7347
ACEEFPR;
ACEEFRS;675,4482,4512,5911,5912,7174,7192,7321
ACEEGIL;60,1388,5771,7200,7403,7405
ACEEGNR;
ACEEGNS;6587,7178
ACEEGNT;205,7442,7447
ACEEGOT;1936,1942,1944,5883,5917,5920,5923,5926,6502,6569,6584,7364,7372,7379,7380,7388,7393,7422,7423,7440,7442,7445,7447
ACEEGPS;1929,1932,4516,7352,7361,7368,7400,7415,7448
ACEEGSU;1905,1943,5693,5915,6574,7193,7209,7312
ACEEHHT;5927,6569,6592,7214,7453,7458,7459
ACEEHIP;1388
ACEEHIT;6595
ACEEHIV;
ACEEHKO;
ACEEHKS;4521,5773
ACEEHLR;207,6434,7214,7544
ACEEHLS;1664,6617
ACEEHLT;4190,4208,4487,7214
ACEEHMP;7474
ACEEHMR;7233
ACEEHMT;1908,1954,1956,1969,5950,7221,7458,7474,7475,7476,7504,7515
ACEEHNN;677,1391,4524,5916,7364
ACEEHNP;1391
ACEEHNS;5949
ACEEHOR;1393,1675,4304,4388,4400,6591,6601,6622,7366,7382,7473,7489,7496,7545
ACEEHPP;207,1391,5885,7234,7471,7491,7544
ACEEHPR;207
ACEEHPS;
ACEEHPT;
ACEEHRR;6624,7497
ACEEHRS;
ACEEHRT;
ACEEHST;
ACEEHTT;1956,1958,6553,6595,7372,7453,7504
ACEEHTX;1956
ACEEILP;1388,1399,7471,7683
ACEEIMT;7221
ACEEINR;1393,4484
ACEEINU;682,1958,4316,5972,5977,7221,7301,7305,7325,7574,7635,7640
ACEEIRR;60,673,1918,7226,7497,7683
ACEEISV;4550,5962,7266,7733
ACEEJKN;
ACEEJSY;
ACEEKNP;
ACEELLN;1950,4507,5967,7347
ACEELLS;7757
ACEELMP;5970,5998,7579,7582,7641,7761,7776,7777
ACEELMR;1965,4565,5998,7405,7777
ACEELNR;
ACEELNS;
ACEELNT;4190
ACEELNV;1913,2019,7640
ACEELPR;1398,1399
ACEELPT;
ACEELRR;1382,7214,7497
ACEELRS;
ACEELRT;
ACEELRU;5764,7502,7584
ACEELRV;
ACEELST;4324,7303,7596
ACEELSU;4521,5764,5773,7303,7596
ACEELSV;
ACEELVX;7258,7699
ACEEMNP;7442
ACEEMNR;1339,6513,7712
ACEEMNS;
ACEEMNT;1409,1644,1969,7221,7574,7640
ACEEMNV;1980,7389,7640,7656,7717,7723
ACEEMRR;1339,6624,7239,7442
ACEEMRS;
ACEEMRT;4558,5998,7442
ACEEMSS;5699,5797,6708,7706,7710,7800
ACEEMSZ;
ACEENNP;1316,1391,1913,2019,5983,5999
ACEENNR;7212
ACEENNT;5983,5999,7585,7656,7771
ACEENNY;2019,5926,5983,5999,7212,7643
ACEENOR;1393,2026,4210,4315,5901,6513,6554,6563,7473,7720,7740,7779
ACEENOT;1917,4190,5883,5917,5920,5926,7283,7305,7364,7388
ACEENRS;
ACEENRT;
ACEENSS;211,5797,6495,7178,7206
ACEENST;
ACEENSV;2031,7717,7733
ACEENTU;1316,1958,5896,5977,5984,7221,7301,7305,7342
ACEEORS;675,4210,4393,4418,4575,5912,6429,6764,7227,7740
ACEEORT;
ACEEOSS;1389,1922,4390,5702,5710,5776,5953,5961,6668,6708,6764,7178,7211,7448,7517,7518,7558,7706,7710,7740
ACEEOST;4324,4407,5968,6668,7768
ACEEOTV;7354,7399,7641
ACEEPRR;
ACEEPRS;7173,7801
ACEEPSS;
ACEEPST;
ACEEPSX;7298
ACEEPTT;7453,7761,7776
ACEERRS;
ACEERRT;
ACEERSS;
ACEERST;
ACEERSU;7801
ACEERTX;
ACEERVZ;
ACEESSS;
ACEESST;6495,7706
ACEESTT;
ACEFFFO;
ACEFFHI;
ACEFFHR;
ACEFFIN;7826
ACEFFIS;
ACEFFOR;
ACEFFST;5906,6495,7823
ACEFGIP;2038,7831
ACEFGLU;
ACEFGOT;7309,7313,7820,7842
ACEFHMR;
ACEFHOR;7831
ACEFHRS;1417
ACEFHRU;1418
ACEFHSU;7819
ACEFIIL;2045,7325,7326,7835,7859,7860,7862,7868,7872
ACEFILL;
ACEFILM;6019,7896
ACEFILR;
ACEFILS;
ACEFINN;4508
ACEFINR;6563,7826
ACEFINS;7834
ACEFINU;4508,4580,7301,7305,7325,7818,7872
ACEFIRS;5911
ACEFITV;6771,7326,7345,7346,7862
ACEFITY;708,6776,7304,7824
ACEFKLR;7857
ACEFKLT;7857,7867
ACEFKRR;
ACEFLRU;7869
ACEFLSU;6775,7189,7190,7827
ACEFNNO;2062,4426,7820
ACEFNRT;2062,7826
ACEFNRU;7818
ACEFOPR;6785,7349,7914,7915
ACEFORR;1918,6563,7313,7336
ACEFOTU;7305,7872,7876,7907
ACEFRRS;
ACEFRRT;2062,7313
ACEFRRU;
ACEFRSU;
ACEFRTU;7345,7865
ACEFSTU;7189,7346
ACEGGRR;676
ACEGHLO;218,1426
ACEGHNR;7946
ACEGHNS;7361,7996
ACEGHNU;677,715,7963
ACEGHOU;2090,7960,7963
ACEGHOW;7987
ACEGHRR;218,2073,2077,4428,4587
ACEGHRS;1423,1424,1428,7945,7989
ACEGHRT;218,2073,2092,7991,8002
ACEGHRU;
ACEGHST;2086,2087,7310,7996
ACEGHSU;
ACEGILL;2075,7203,7362,7964,8004,8064
ACEGILN;6036,7410
ACEGILP;612,714,1388,1422,1726,1738,2038,6036,6809,7176,7390
ACEGILR;180,1421,1422,1738,7831
ACEGILS;4595
ACEGILT;6817,7403,8048
ACEGIMO;180,1732,2085,6817,7405,7982,8068
ACEGIMR;2103,2105,7405,8068
ACEGIMT;146,2085,2110,6817,7980,8068
ACEGINO;6814,7928,8061
ACEGINP;612,1728,2038,6036,7175
ACEGINR;
ACEGINS;4595,8093
ACEGINV;6032,8098,8121
ACEGINY;8018,8092
ACEGINZ;4589,7958,7984,8015,8022
ACEGIOP;6815,7415,7838,7944,7962,7982,8062,8126
ACEGIRT;2103,2105,4601,6053,6817,7403,7944,7980,7991,8068,8078,8080,8126
ACEGIRU;147,1738,1939,2125,2128,2143,4316,4331,6042,6053,6456,6809,7426,7818,7849,8047,8099,8100,8107,8120
ACEGIRW;7987
ACEGIST;2086
ACEGJKL;
ACEGKLO;
ACEGKLR;590,6586
ACEGKMO;
ACEGKOR;
ACEGLLO;7438
ACEGLNO;
ACEGLNR;2151,4604
ACEGLNS;4595,8093
ACEGLOT;6817,8048
ACEGLOU;4597,6046,8073
ACEGLPS;2147,2150,7829,7996,8135
ACEGMOP;2085,2148,7442,7982,7998
ACEGNOR;7383,7946,8098,8121,8131
ACEGNOT;1944,6502,6814,7442,7447,7928,7946,8061
ACEGNSU;1905,2130,4595,5693,7314,7845,8043,8046,8093,8108
ACEGORS;2081,7838
ACEGORU;2090,4380,4430,4597,6830,8058,8073,8100
ACEGOSS;1941,2083,2124,2147,2153,6505,6580,7178,7211,7415,7417,7920,7993,8000,8032,8054,8083,8085,8103,8130
ACEGOSW;502,503,2147,6587,8128
ACEGOTT;
ACEGRTU;6042,6053,7422,7849
ACEGSTU;
ACEGTTU;1434,2151,7301,8055,8087
ACEHHLS;6059,6061
ACEHHLT;1437,5927,7214,7451,7458,7459,8150,8151,8155
ACEHHNS;226,615,2072,6593
ACEHHRT;6592,7214
ACEHHRU;8151,8169
ACEHHRX;
ACEHHST;226
ACEHHTT;1437
ACEHIKR;4583,6550
ACEHIKS;7466,7962,8173
ACEHILL;4432,6863,7952
ACEHILM;
ACEHILR;4612
ACEHILT;8251
ACEHIMN;
ACEHIMP;
ACEHIMR;
ACEHIMS;
ACEHIMT;
ACEHINN;7495
ACEHINR;4484,7495
ACEHINS;7819
ACEHINT;
ACEHINY;1445,7504,7830,7952,8209,8221,8225,8228,8229
ACEHIOT;7944
ACEHIPP;5816,5885,7491,8243
ACEHIPR;
ACEHIPT;8223
ACEHIRR;232,234,6794,6871,7226,8219,8260
ACEHIRS;
ACEHIRT;
ACEHIRV;
ACEHISS;6061
ACEHIST;
ACEHITY;1347,7504,7974,7982,8209
ACEHITZ;
ACEHKLR;
ACEHKLS;7919
ACEHKLT;
ACEHKMN;6030,6861,7361,7485,8217,8218
ACEHKNY;591
ACEHKOT;
ACEHKRS;4199,6593,8286
ACEHKRW;
ACEHKRY;5751,5818,6460
ACEHKUV;
ACEHLLP;63,1443,1906,2075,2077,2175,2211,2212,6863,7491,7965,8223
ACEHLLS;
ACEHLLT;1906,2212
ACEHLMT;1465,1908,1965,7458,8182
ACEHLMY;1465,1466,1965,5947,6062,7458,7543
ACEHLNN;677,715,1446,4524,4621,6464,8182,8224
ACEHLNO;1667,1760,2213,4190,7544
ACEHLNP;7544
ACEHLNR;207,1450,2213,7365,7458,7544
ACEHLNS;
ACEHLOP;1447,2169,2193,2211,4191,4605,5715,5815,6087,6841,6842,6865,7499,7500,7544,7547,8242
ACEHLOR;6842,7544
ACEHLOS;8220
ACEHLOT;4190
ACEHLPS;4191
ACEHLPT;8223
ACEHLPY;4191,8297
ACEHLRS;
ACEHLRT;
ACEHLRY;1745,1758,2163,2183,4337,4432,6062,6064,6460,7967
ACEHLSS;6061
ACEHLST;
ACEHLTT;4490
ACEHMNP;
ACEHMNR;
ACEHMNS;5951,6115
ACEHMNT;1908
ACEHMPR;8169
ACEHMRR;232,2088,6610,6794,7239,7475,7494,7509,7981,8238,8261,8306
ACEHMRS;
ACEHMRT;
ACEHMRU;2185,4612,8169
ACEHMSS;8308
ACEHMST;
ACEHMTT;
ACEHMTY;2178,7982,8178
ACEHMTZ;
ACEHNNR;1470,6464
ACEHNNT;8182,8224
ACEHNOP;1760,5750,7965
ACEHNPS;
ACEHNRR;
ACEHNRS;
ACEHNRT;
ACEHNSS;
ACEHNST;
ACEHNSU;
ACEHNSZ;
ACEHNTT;1437,1956,6070,7504,8182
ACEHNTU;1966,7221
ACEHNTY;739,8209
ACEHNZZ;
ACEHOOT;2214,6100,6111,6119,6122,6123,7980,7998,8169,8197,8210,8301,8313,8314
ACEHOPR;6842
ACEHOPS;4191,5815,5890,6878,7500,8145
ACEHORS;6462,7227,7945,8302
ACEHOSS;1389,1438,5702,6061,7945,8308
ACEHOTY;622,739,1758,8232
ACEHPPS;
ACEHPRS;
ACEHPRT;
ACEHPRU;7476
ACEHPRY;2216,7323
ACEHPSS;1439
ACEHPST;
ACEHQUY;4621
ACEHRRS;
ACEHRRT;2092
ACEHRRV;
ACEHRRX;
ACEHRRY;621,738,1350,2190,2216,4339,5751,5818,7323,8232,8291
ACEHRSS;
ACEHRST;
ACEHRSU;
ACEHRSV;4488
ACEHRSW;
ACEHRSX;4529
ACEHRSY;621,733,2208,2216,4216,4339,6883,7323,7359,7945
ACEHRTT;
ACEHRTW;6079
ACEHRTY;739,1758,2163,7967,8232
ACEHRXY;7977
ACEHSSS;4485,6060,6063,7179,8219,8315
ACEHSST;
ACEHSSW;4608,5888,7519,8219
ACEHSTW;
ACEHSTX;
ACEHSUV;7502
ACEHTTU;1966
ACEHTTW;6079,7459
ACEIILM;748,1473,1773,2224,2226,5721,6139,6147,6149,6150,6931,6932,7583,7584,8360,8378,8394
ACEIILS;1473,5721,6059,6147,7583,8361,8378,8423
ACEIILT;755,1478,2224,4628,5930,7325,7326,7862,8048,8421
ACEIILZ;2045,5930,7584,7589,8329,8402
ACEIIPS;5721,8145,8184
ACEIITV;7326,7862,8421
ACEIJKS;2258,4595
ACEIKLP;6891,6918
ACEIKLS;2261,6666,6891,6918,8064,8361
ACEIKLT;
ACEIKMR;2224,5688,6030,6976,8360
ACEIKNT;688
ACEIKOP;6185
ACEIKPR;
ACEIKPW;
ACEIKPX;
ACEIKRS;8361
ACEIKRT;688,8359
ACEIKRW;4448
ACEIKSS;4644,8219
ACEIKST;
ACEIKTT;6976
ACEILLL;152,557,2264
ACEILLM;
ACEILLS;
ACEILLX;2126,7203,8005,8006,8498
ACEILMN;
ACEILMR;237
ACEILMS;
ACEILMT;
ACEILMX;2164,2188,8150,8498,8541
ACEILMY;2291,8379
ACEILNN;5694,6201,7827,8241,8512
ACEILNP;6036
ACEILNR;1801
ACEILNS;
ACEILNU;6046,7325,7635,7963,8329
ACEILOR;237
ACEILOS;
ACEILOT;1649,1724,2045,7860
ACEILOZ;
ACEILPR;1399
ACEILPS;
ACEILPT;
ACEILPU;8329
ACEILRR;60,1795,4412,6207,7412,8423
ACEILRS;
ACEILRT;
ACEILRU;
ACEILRV;
ACEILRY;766,1451,1496,1745,1795,4337,4347,4432,6192,6924,8423,8576,8587
ACEILSS;
ACEILST;
ACEILSV;
ACEILSX;7303,8005
ACEILTT;146,5972,7247,7304,7635,8048,8369
ACEILVW;776,8075
ACEIMMS;1473
ACEIMNO;4335
ACEIMNP;6168,8608,8610
ACEIMNR;
ACEIMNS;5780
ACEIMNT;
ACEIMOR;237,561,732,1934,4615,6066,6149,7581,8238
ACEIMOV;558,7515,7641,7656,7717,7880,7979,8098,8454,8598,8616
ACEIMPR;
ACEIMPY;1447,2178,2317,5715,6637,6670,7011,7703,7968,7982,8106,8109,8178,8225,8451,8607,8608
ACEIMRT;561,2105
ACEIMRU;732,4615,8260
ACEIMSS;
ACEIMST;
ACEIMSU;732,8260
ACEIMSX;2241,8436
ACEIMTX;1956,2229,2290,8436
ACEINNP;2066,5983,6711,7259,7261,7703,8059,8608,8625
ACEINNR;
ACEINNS;1769,5694,6141
ACEINNT;5983
ACEINNY;2322,4443,5983,6935,6987,7011,8018,8604,8608,8625
ACEINOP;8610
ACEINOS;
ACEINOT;2045,7860
ACEINPR;1801,4484,4646
ACEINPS;
ACEINPT;8610
ACEINRR;2139,7712
ACEINRS;
ACEINRT;
ACEINSS;
ACEINST;
ACEINSU;148,757,1320
ACEINSV;757,7266
ACEINSY;
ACEINTT;7247
ACEINTU;7325
ACEINTV;
ACEINTX;2229
ACEINTY;743,1794,2119,2267,2276,5713,5926,6017,6136,6974,7934,8503,8514
ACEINTZ;6090,7511,8514
ACEINYZ;4599,8514,8608
ACEIOOZ;4641,8402,8514
ACEIOPT;
ACEIORS;147,5931,7989
ACEIORT;8486
ACEIOST;1480,7700
ACEIOTX;1655,2126,2255,2334,6975
ACEIPPR;1801,6963,8126
ACEIPPT;2322,7270,7491,7991,8126,8160,8243,8251,8272,8485,8586
ACEIPRR;766,1795,2077,6711,7683
ACEIPRS;
ACEIPRT;
ACEIPST;
ACEIPSU;148,757,7346,7754
ACEIPSZ;2055,7994,8010,8022,8653
ACEIPTV;7641
ACEIQRU;
ACEIQSU;7254
ACEIQTU;157,158,6684,7221,7325,7326,7862,8470,8568
ACEIQUZ;
ACEIRRR;1918
ACEIRRS;6098,6871
ACEIRRT;
ACEIRRW;6079
ACEIRRZ;6610,6705,7683,7984
ACEIRST;
ACEIRSU;
ACEIRSV;7266
ACEIRSZ;7450,8043,8332,8350
ACEIRTT;
ACEISSS;6060,8219,8435
ACEISST;
ACEISSV;8317
ACEISTT;7272
ACEISTV;
ACEISVV;7227
ACEITTV;7346
ACEITTX;4628,6784,7694
ACEITUX;6042,6176,6784,7414
ACEJKMN;
ACEJKOP;
ACEJKPT;
ACEJKRS;1986,2258
ACEJKST;2258
ACEJLOR;237,8488
ACEJLOS;2260
ACEJNOS;
ACEJNOT;6182,8488
ACEJNOY;
ACEJNSU;4319
ACEJNTU;5723,6182
ACEJPTU;
ACEJRTT;1912
ACEKKNR;
ACEKLLP;588,7039
ACEKLMS;8285,8489
ACEKLNR;
ACEKLNS;1515,8128
ACEKLOR;6185,8360
ACEKLPS;
ACEKLPT;2262,6185
ACEKLQU;
ACEKLRS;4209
ACEKLRT;
ACEKLRU;590,4559,6460,6976
ACEKLST;7757
ACEKLSY;1405,1515,7757,8489
ACEKMNP;7361
ACEKMOR;5688,8360
ACEKMOS;8217
ACEKMRS;
ACEKNOS;1515,4462,6587,7962,8128,8217
ACEKNPR;
ACEKNRR;1339,4430
ACEKNRS;6593
ACEKNRY;7867,8660
ACEKNST;
ACEKNSU;4595,4675,7962,8128
ACEKORR;4304,4430,5751,5818
ACEKOSW;4461,6587,8128
ACEKPPR;
ACEKPRS;
ACEKPST;2117,4646
ACEKQRU;
ACEKRRS;499,695,4206,4483,6593,6734,8219
ACEKRRT;
ACEKRSS;1387,8219
ACEKRST;
ACEKRSU;
ACEKRSW;635
ACEKRSY;564,4560,8489
ACEKRTT;6976
ACEKRTY;7867,8359,8660
ACEKSST;
ACEKSTT;7757
ACEKSTW;2338
ACEKSUW;8128,8659
ACEKTTY;7757
ACELLMO;558,6187,6229,6471,7760,7761,8494
ACELLMY;6229,7761
ACELLNU;154,557,765,2122,2276,4603,4651,5967,6046,6230,7347,7635,7640,7645,7963,8224,8228,8230,8367,8503,8519,8670
ACELLNY;743,1405,2017,2276,4347,4443,4507,4632,5832,5967,6187,6229,6230,6737,6980,7347,7378,7638,7643,7762,7764,7894,8129,8228,8494,8503,8514,8517,8670
ACELLOR;
ACELLOS;1515
ACELLOT;6229,8129
ACELLPS;1518
ACELLPY;2212,6229,7041,7438,7761,7762,7769,8129
ACELLRR;2061,2077,2344,4680,7870
ACELLRS;1518
ACELLRY;1745,4337,4347,4432,6064,6186,6192,6670,6924,7041,7637,7638,7894,8074,8076,8290,8671
ACELLST;6191,6980
ACELMMR;
ACELMNO;
ACELMNS;4676
ACELMOR;237
ACELMOT;6144,6149,6817,6931,6932,7913,8131
ACELMOU;7776
ACELMPR;2148,5970,5998,7777,8676
ACELMPS;4681,6232,8665
ACELMRS;
ACELMRY;1965,5947,7458
ACELMSS;8508
ACELMST;
ACELMSU;
ACELMSZ;775,8332,8535
ACELMTU;5997,6233,7771,7772,7775,7776
ACELNNO;4193,6145,6196,6233,6442,7771
ACELNNS;5694,5795,6141,7281,7827
ACELNNU;4426,4524,4621,6233,6236,7771,7827,8036,8039,8400,8513,8561,8681
ACELNNY;715,1520,2019,4193,4443,4621,5795,6236,6542,6935,6987,7281,8037,8494
ACELNOP;
ACELNOR;4193,6237,7544,8683
ACELNOS;
ACELNOT;7283
ACELNOZ;2045,6090,6805,7860,8402,8514
ACELNPS;5706,7763
ACELNPT;
ACELNPU;5729,8329
ACELNRS;
ACELNRT;4677,8676
ACELNRU;70,1801
ACELNRY;4193,4347,4598,4599,5947,6237,7638,8037,8074,8076,8134,8576
ACELNST;
ACELNSU;4675
ACELNTT;2213,5851,7002,8087,8235,8565,8676
ACELNTY;743,1340,1465,1499,1794,2017,2019,2119,2267,6136,6974,8503,8514
ACELNVY;2019,7281,8503
ACELOPR;65,640,686,738,2148,6237,6842,7544
ACELOPS;8145
ACELOPT;
ACELOPU;5729
ACELOQU;8568
ACELORR;4217
ACELORS;
ACELORT;7913
ACELORY;738,1411,1496,2341,4193,4599,4601,6095,6116,6192,6237,6822,6841,6842,6924,7041,7901,7976,7977,8074,8168
ACELOSS;
ACELOST;
ACELOSV;
ACELOTT;2132,2151,2293,7776,8235,8676
ACELOTU;253
ACELOTY;1411,2017,2267,2341,4601,5832,6578,6816,7402,7901,8026,8514
ACELOUV;630,7004,7876,8505
ACELPPR;6237,8251
ACELPPS;
ACELPRS;
ACELPRT;
ACELPRY;6192,6237,6670,6924,7041,8423
ACELPSS;
ACELPST;
ACELPSU;
ACELPSY;6878,8245,8423
ACELPTY;
ACELPUU;2342,4685,8551,8561,8665,8677
ACELQRU;1738,6809
ACELQSU;692,7254
ACELQUY;4621
ACELRRS;2190,2195,2352,6207,8423
ACELRRU;721,2195,2352,6207,7004,7214,7777,8423,8513,8669
ACELRRW;594
ACELRSS;
ACELRST;
ACELRSU;
ACELRSV;8680
ACELRSW;1518,7895
ACELRTT;8676
ACELRTY;4560
ACELSSS;2345,6788,6823,6824,8137
ACELSST;
ACELSSU;8589
ACELSSV;6156,6946,8317,8430
ACELSTU;8093
ACELSTY;4560
ACELSUU;8093,8096,8137,8138,8195,8420,8523,8561,8589
ACELSUX;7303,8572,8576
ACELSXY;5949,8576
ACELTUY;252,253,1499,2266,2281,4657,4679,4680,4684,6238,6927,6974,7304,7967,8357,8503,8506,8518,8567,8585,8667,8669,8672
ACELTXY;1347,7203,7258,7699
ACEMMRR;2139,8098,8690
ACEMMRS;7791,8691,8692
ACEMNOR;
ACEMNOS;2241,4335,4676,5951,6004,6115
ACEMNPS;8675,8677,8692
ACEMNRT;1644,7052,7442,8131,8676,8694
ACEMNRW;4462,7720
ACEMNSU;
ACEMOPR;
ACEMOPS;5815,6004,6022,6087,8145,8387,8665
ACEMORS;
ACEMORU;8169
ACEMOSS;1438,2145,6708
ACEMOST;1480,6022
ACEMOSU;494,6004
ACEMPRR;7777
ACEMPRS;
ACEMPRT;5998,7777
ACEMPRY;1466,2317,6670,7011,7799,8106,8109,8607,8608,8696
ACEMPST;
ACEMPSY;1947,7799,8109
ACEMRSS;5699
ACEMRST;8691
ACEMRSY;2190,7637,8266,8370
ACEMSSU;8662
ACEMSTT;4568,6006,6235,6753,6754,7758,7774,8108,8391,8509,8547,8553,8617,8691,8692
ACEMSTU;6243
ACEMSUX;2290
ACENNOS;188,5690,7049
ACENNOT;1944,2062,6233,7771
ACENNOX;2241,7394
ACENNOY;2322,4193,8464,8494,8604,8607,8608,8625
ACENNOZ;
ACENNRS;2361,6023,8702
ACENNRY;1520,4193,4684,6236,7052,8270,8680
ACENNST;1520,2361,6236,8702
ACENNSU;188,4328,4569,5690,8674,8681,8701,8702
ACENNTY;1520,2019,2322,2361,5795,5983,6236,6542,7052,7281,8469,8604
ACENOOR;722,2089,6032,6045,6237,6402,6405,7544,7733,7779,7983,8041,8073,8074,8132,8562,8637,8668,8701
ACENOPT;8610
ACENOPU;1765,2090,4463,4570,4688,6626,6627,6988,7764,7775,8294,8625
ACENORS;
ACENORT;
ACENOSS;
ACENOST;
ACENOSY;712,1515,1523,2285,5725,7894,8161,8164,8448
ACENOTT;
ACENOTV;2362
ACENPRR;2090,6152,6168,6856,6865
ACENPRS;7352
ACENPRU;4688,5730
ACENPST;6254
ACENPSU;
ACENPSW;2115,6743
ACENPTT;8676
ACENPTY;1370,1794,2019,6178,8451
ACENRRY;254,2344,7290
ACENRSS;
ACENRST;
ACENRSU;1320
ACENRSV;
ACENRSY;773,1451,1524,2208,4598,7894,8037,8076
ACENRSZ;8043,8332,8350
ACENRTT;7290
ACENRTU;70
ACENRTY;
ACENSST;
ACENSSU;
ACENSTT;
ACENSTU;6008,8051,8093
ACENSUU;2064,7819,8093,8142,8649
ACENSUV;757
ACEOOPP;6237,6872,6963,7060,7544,8126
ACEOOTZ;
ACEOPRX;7811,7831,7977
ACEOPSS;
ACEOPST;
ACEOPSW;2147,6743
ACEOPTU;
ACEORRS;
ACEORRT;1470
ACEORSS;
ACEORST;
ACEORSU;
ACEORSW;1835,2009,6998,7059,7895,8479
ACEORSX;
ACEORTU;8486
ACEORTV;
ACEORTX;1655,2126
ACEOSSU;5702,6239,7282,7920,8300
ACEOSTT;
ACEOSTU;
ACEOSTV;
ACEOTTV;1525,1785,1814,7026,8352,8468
ACEOTUU;4672,6835,7447,7796
ACEOTUX;6176,6975
ACEPPRR;201,640,2355
ACEPPRS;
ACEPRRS;
ACEPRSS;
ACEPRST;
ACEPRSU;
ACEPRTU;7865
ACEPSST;
ACEPSTU;7346
ACEQRTU;
ACEQSSU;2339
ACEQSTU;
ACERRRY;2221,5818,7561,7813
ACERRSS;4459,6248,8662,8671,8704
ACERRST;254,2361
ACERRSU;
ACERRSV;7184
ACERRSY;223,254,621,733,2190,2361,4339,6888,7323,7359,8316,8423,8587,8671
ACERRTT;7290
ACERRTU;6053
ACERRTY;254,4680,6057,6249,7290
ACERRUV;2362,6945,7004,7029,7892
ACERRVY;2344,7257,7337,7697,7889,7893,8507
ACERSST;
ACERSSU;
ACERSSV;
ACERSSY;799,4576,4674,7945,8671
ACERSTT;
ACERSTU;
ACERSTY;5856,6180,8109
ACERTTT;5940,7241,7810,8305,8427,8646,8703
ACERTTU;
ACERTTX;6784
ACERTTY;7290,8708
ACERTUV;8699
ACERTUX;6042,6176,6784,7414
ACERTUY;4578,4680,6053,6927,7711,7967,8316
ACESSTT;
ACESSTU;
ACESSTY;2153,6058,6243,7530,8000,8469,8635
ACESSUY;1526,4576,4578,4664,4674,6058,6238,6243,7790,7920,8300,8308,8589,8618,8666,8710
ACESTTU;4500
ACESTTY;6616
ACESTUY;252,2281,4578,6058,6238,6243,7780,8316,8357,8585,8618,8672,8693
ACFFHSU;7819
ACFFIIT;4506,7826
ACFFIKM;
ACFFILT;
ACFFINS;1836
ACFFINY;672
ACFFIRT;4506,7826
ACFFIRY;
ACFFLSS;7302,7825,7827,8718
ACFFLTU;
ACFFOST;2366,7306
ACFGHIN;807,7307,7308,7830,8724
ACFGINR;8724
ACFGINS;807,2373,4693,4695,6018,6256,6257,7834,8729
ACFHIIS;1344,1417,6769,8725
ACFHIST;2376,8743
ACFHISU;6019,6770,7819
ACFHLNU;
ACFHNOU;
ACFHRTU;1418
ACFHRTY;2368
ACFIILN;161,709,2369,2378,2385,4694,6775,6776,7325,7834,7835,8715
ACFIINS;1530,4481,4693,4695,6256,6257,6263,6775,7834,8716,8725,8756,8759,8765,8772
ACFIKNN;
ACFIKNU;
ACFIKTY;7867
ACFILNO;2367,2393
ACFILNY;672,1716,6776,7894,8778
ACFILOY;2399,2407,4696,7894,7901,7902,8742,8752,8762,8778
ACFILRY;4696,8742,8762
ACFILSS;707,7062,7832,8718
ACFIMOR;6785,7070
ACFIMRU;
ACFIMSS;
ACFINNS;256,6256,6257,6263,8743,8755,8787
ACFINNY;8778
ACFINOT;1528,2370,2375,2388,2389,5857,6261,6262,7068,8741,8746,8747,8748,8753,8758
ACFINOV;8745,8747,8748
ACFINRS;256
ACFINRT;255,2378,2385,7826
ACFINRY;6268,6558,6563,7894,8738,8786
ACFIOPY;1532,8758,8762,8763,8776
ACFIOSS;2413,4699,6267,7062,8717,8723,8727,8756
ACFIPRY;1532,8762,8776
ACFIRSY;1534,2413,6268
ACFISST;4699,6259,6267,8717,8723
ACFKLRU;
ACFKLSU;
ACFLLOY;2407,4696,7894,8742,8762,8778
ACFLNOS;8740
ACFLNSU;6564,6775,7190,7827,7845,8765,8783
ACFLOPW;
ACFLOST;7822
ACFLPSU;7189,7190,7829
ACFLRSU;7829
ACFLRTU;259,813,2385,2397,6265
ACFLRUU;259,6265,8780
ACFLTTU;6562,6784,7304,7900
ACFLTUY;6549,7304
ACFMSTU;2064,8781
ACFNNOT;2062,2388,2389,7335,7820,7868,8746,8747,8753
ACFNNUY;
ACFNRTU;259,813,2385
ACFNSTU;713,7852,8743,8783,8787
ACFORST;1531,1533,2366,2377,2412,2413
ACFORTY;1532,2368,2399,2413,6268,7070,8764,8776,8786
ACFRRTU;8774
ACFRSTU;
ACGGHIN;
ACGGHIS;8793
ACGGINR;
ACGGIOS;260,646,2070,2423,4703,5914,7356,7933,8798,8802,8804
ACGGRSY;
ACGHIKN;
ACGHIMO;162,1426,2083,2085,2417,2442,2444,4201,5918,6277,7079,7916,7968,7979,7982,8724,8832,8840,8841
ACGHINR;
ACGHINS;
ACGHINT;
ACGHINW;
ACGHIOR;2414,2442,6796,7077,7944,7945,7989,7990,7992,8811,8837,8853
ACGHIPR;6026,7831,7944,7990
ACGHIRS;1423,2082,6274,7956
ACGHLTU;
ACGHNRU;
ACGHOST;2072,2086,2460,6274,7985,7992,7996,8001,8834,8858,8863
ACGHOSU;2454,2460,7076
ACGHRRU;4428,4587
ACGHRSU;647
ACGHSSW;8833
ACGIILN;4207,4427,4694,4702,5732,6036,7952,8795,8796
ACGIITU;1550,1656,1856,2470,2477,6042,6483,6484,6812,7924,8029,8051,8055,8728,8866,8867,8898
ACGIJKN;8792
ACGIKLN;
ACGIKNP;612,825,1547,1658,4471,4694,4701,4718,6036,7175,8839
ACGIKNR;4207
ACGIKNS;
ACGIKNT;
ACGIKNV;2485
ACGIKNY;1658,4701
ACGILLN;4708,6275,7066,8006,8796,8842,8882
ACGILLO;6275,6292
ACGILMN;
ACGILMY;7088,8826,8926
ACGILNN;
ACGILNO;8842
ACGILNP;612,6036,8842
ACGILNR;8796
ACGILNS;
ACGILNT;
ACGILNU;
ACGILNV;6300,6301
ACGILNW;817,4708,8879
ACGILNY;261,266,267,1731,7088,8919
ACGILOS;4722,6294,6299,8934
ACGILOT;4715,5859,6292,6817,7087,7416,8048,8083,8095,8806,8819,8851,8901,8926,8934
ACGILRS;2492
ACGIMMN;190,6298,8097
ACGIMNO;2417,7079
ACGIMNP;
ACGIMNU;2143,4709,6298,8099,8100
ACGINNN;2429,8886,8903
ACGINNR;650,4472
ACGINNS;270
ACGINNT;
ACGINOR;4589,7089
ACGINOS;6290,7076
ACGINOT;6814,7071,7079
ACGINOX;6814,7394,7928,8061,8878
ACGINPP;1547,7175
ACGINPR;7089,8875
ACGINPS;
ACGINRS;
ACGINRT;21,7089
ACGINRV;1849,6032,8098
ACGINRZ;4518,4589,4599,5925,8039,8832
ACGINSS;
ACGINST;
ACGINSU;8108
ACGINSV;
ACGINSW;2482,7084,7090,7206
ACGINTT;163,8020,8097
ACGINUV;4596,6301,8063
ACGIORT;1546,1552,2450,4601,4715,6815,6817,7077,7089,7944,8068,8078,8080,8126,8806,8810,8901,8905,8925,8926
ACGIRST;2463,2473
ACGKLLO;2484,6836
ACGKMMO;
ACGKORV;
ACGLLPU;
ACGLNNO;1667,2508,6286,7088,8895,8927
ACGLNOR;8131
ACGLNOY;261,266,7088,8919
ACGLNSU;1905,5693,7314
ACGLNSY;4713,6581,7378,7413,8037,8076,8092,8733,8899,8900
ACGLOSU;4710,8934
ACGLOXY;
ACGMNOP;2148,7442
ACGNNOR;650,2508
ACGNOOT;7079,7089,7440,8090,8129,8938
ACGNORS;8813,8861
ACGNOSS;1941,2153,4357,4727,6505,6580,7062,7178,7211,7443,7948,8085,8727
ACGNOSU;7076,8906
ACGORRY;1845,6057,8121,8905,8926
ACGORSU;8947,8949
ACGORUU;7447
ACGOSWY;
ACGSTTU;2497,2506
ACHHIRS;273,2511,6274,6307,7097,7357
ACHHISV;
ACHHLOT;7459
ACHHMSU;5915
ACHHOST;2072,6274,7097,8953,8954,8957,8966
ACHHPPU;
ACHHTTT;6271,7453
ACHHTTY;8953,8958,8962
ACHIIKM;8978
ACHIILS;1440,2166,2510,7954,8189,8981,8988
ACHIIMS;8952,8953,8954,8996
ACHIINT;837,1541,1563,4702,6271,6326,8741,8795,8826,8827
ACHIIPS;1440,2427,2510,8145,8173,8184,8952
ACHIIRV;
ACHIJKS;
ACHIJNT;8795
ACHIKOR;9007
ACHIKOS;4731
ACHIKRS;
ACHIKRY;6460
ACHIKSS;
ACHILLO;2415,4214,7491,8819,8821,8822,8980,8981
ACHILLP;6863,7491,7492,8223,8226,8825,8971
ACHILLS;2534,8821,8981
ACHILLT;278,8819,8980
ACHILLX;
ACHILMO;2536,8980
ACHILMS;
ACHILOR;1862
ACHILOS;4215,4731,6061,6334,8220,8248,9020
ACHILPS;8844,9011,9020
ACHILRS;2431,2432,4311,4361,8989,9020
ACHILRY;1451,1567,1745,1862,2183,2190,2532,2538,4432,5860,6064,6332,7107,8742,8962,9008,9013
ACHILST;71,280,4311,4361
ACHILSY;1451,4585,4731,6331,6332,8220,8222,8979,9008
ACHILWY;
ACHIMNO;4201,7079,8221,8741,8840
ACHIMOS;6284,8853,8953,8954
ACHIMOX;2188,8150
ACHIMRS;6284,8853
ACHIMSS;
ACHIMST;8953,8954,8972
ACHINNU;8224
ACHINOP;5750
ACHINOY;2532,8221,8830,8840,8963,9015,9022,9033
ACHINPS;
ACHINRS;6332
ACHINRU;283,1869,2535,2549,7103,7112
ACHINRZ;8832
ACHINST;
ACHINTX;1956,2514,6310,7095,8963
ACHINUV;682,8187
ACHIOPS;2518,4216,7500,8145,8844,8853,9011,9021
ACHIOPT;8805,8963,8978,8999,9019
ACHIORT;836
ACHIOST;8953,8954,9021
ACHIPPS;2510,9021
ACHIPST;
ACHIPTU;7535,8147
ACHIPTW;8839
ACHIQRU;
ACHIQSU;
ACHIRRT;
ACHIRTU;283,731,2446,2535,2549,6605,7535,9007
ACHIRTY;814,1537,1567,1574,2183,6274,7107,7967,8962,9038
ACHISSS;2530,6060,6307,8174,8241,8838,8961,8995,9034,9040
ACHISST;274
ACHISTT;
ACHKKRU;
ACHKKSU;6617
ACHKLST;71
ACHKMMO;
ACHKOPS;
ACHKORS;
ACHKOSS;
ACHKOSW;2531
ACHKOTT;8978
ACHKRSU;2531
ACHKSTW;
ACHLLOO;2415,7078,7107,8819,8820,8822,8840,8841,8980
ACHLLOR;
ACHLLOS;2533,5890,8220,8981
ACHLLOT;2535,2552,4214,5946,6862,7107,7491,8232,8288,8819,8980
ACHLMOP;2554
ACHLMSY;2533,5947,6115,6331,8972,9014
ACHLMSZ;
ACHLMYY;1465,2555,7968,8239,8290,9014
ACHLNOS;4730,4745
ACHLNOY;2552,2554,6062,8830,8840,9015
ACHLNSU;4745,8981,8988,9018
ACHLNTU;839,1966,2515,8959
ACHLOPR;65,686,2211,7544
ACHLOPT;8991
ACHLORS;2452,2556,4710
ACHLORT;8860
ACHLOSW;7919
ACHLOTY;1544,2552,7107,7974,8168,8232,8830,8860,9015
ACHLPST;8991
ACHLTUZ;
ACHMNOR;
ACHMNOU;283,5701,6118,6864,8302,8741
ACHMNRU;2185,4612
ACHMOPR;289,8169
ACHMORS;1763,4437
ACHMORZ;8832
ACHMOST;
ACHMPTU;1460,7476,8147,8169
ACHMSSU;2454
ACHMSUW;
ACHNNOS;2558,6882,7075,8831
ACHNOOY;739,5863,7108,8840,8843,9015,9022,9033
ACHNORS;285,7545,8740,8813,8861,9018
ACHNORT;
ACHNOSS;4219,4523,4739,4742,4746,4747,7541,8255,8727,8740,8981
ACHNOST;
ACHNOSU;4745,7076,7962,8302,8981,9018
ACHNOSY;5951,6883
ACHNOTY;739,7946,8830,8963,9009,9015,9022,9033
ACHNOUY;2375,8228,9033
ACHNOVY;8188
ACHNPSS;194,4746,4747,7113,8303
ACHNPUY;8228,9033
ACHNRTY;739,1574,2538,4438,6333,8830,9022,9024
ACHNRUY;737,9047
ACHNSTU;8743
ACHNSTY;
ACHOOSS;2454,2459,2460,4743,4746,4747,6093,6260,6334,6342,6347,6348,6349,6875,7113,7552,8000,8314,8990,9002,9012,9028,9038,9047
ACHOOST;2460,2520,6320,6348,8281,8313,8957,9012
ACHOPRS;2456,2458,8813,8861,8862
ACHOPRT;
ACHOPRY;1845
ACHOPSY;1556,4191,5819,6108,6334,7500,8161,9000,9021
ACHORRS;8813,8837,8861,8992,9020
ACHORRT;622,1470,1546,2092,2450,2453,5734,7239,7561,8810
ACHORST;288
ACHORSU;653,1577,4745,9037
ACHPPSU;1577,2458,8862
ACHPRSS;1439,2041,4740,4746,4747,7096,7113,8303,8815
ACHPTUZ;
ACHRRTU;1418,7214
ACHRSST;288,544,1313,4474,6260,8968
ACHRSTY;2556,8863,9031
ACHRSUU;9018
ACHSSTU;2460,7377,8215,8817,8976,9001
ACHSSTY;274,6616,7456,7530,8000,8314,8858,8968,9038
ACHSSUW;7852,8299
ACHSTUW;2531,7852
ACHSTUY;4735
ACIIKNN;
ACIIKRS;4631,6037,6135,8361
ACIILLN;743,820,844,2419,7115,7128,7952,8006,8367,8796,8820,8882,8888,9098,9100
ACIILMM;2587,6356
ACIILMS;5721,6147,8364,9049,9055,9097
ACIILNR;293,1863,4207,7117,8796,9107
ACIILNS;9048,9117
ACIILNV;227,4635,6360,6641,7595
ACIILOV;2593,2595,4639,6126,6360,7585,7876,8008,8048,8421,8745,9051
ACIILPT;1478,8867
ACIILPU;2470,2597,2602,4363,4734,4765,6161,6369,6809,7130,8184,8195,8369,8423,8867,8898,8971,8988,9142
ACIILRY;626,754,1588,2379,2399,2602,4312,4432,4636,4639,4696,4755,6064,6369,6900,6924,7117,8037,8394,8399,8423,8429,8742,8762,9090
ACIILSS;2386,8990,8993,9142
ACIILST;2586,4301,4748,4749,6355,8867,9048,9049
ACIILSU;1473,2602,4627,4768,6369,7587,8423,8767,8988,9053,9139,9142
ACIILSV;7587
ACIILTY;1579,1583,1588,2419,2468,2584,2586,4362,4628,4636,4639,4748,4749,4759,5739,6314,8034,8048,8379,8394,8399,8421,8429,8801,8827,8972,9073,9076,9090,9109,9132
ACIIMMN;190
ACIIMMS;6647,7099,7606,8436,9150
ACIIMNR;
ACIIMOT;7474,8905,8999
ACIIMST;4301,8972
ACIINNO;2393,7395,8397,9000,9099
ACIINNS;1441,4535,5958,6141,6173,7587,7608,8327,8350,8364,8397,8721,9000
ACIINOS;656,6290,7588,7593,8406,8479,8725,9000,9091
ACIINOV;2595,6641,8008,8745,8747,8748,9051
ACIINPS;73,2418,8725,8952,8996,9164
ACIINTT;73,255,623,2529,6271,6661,9088
ACIINUX;6042,6176,6661,8415
ACIIORS;1423,2168,5931,7588,7869,8186,8361,8837,8989
ACIIPPR;275,1589,1786,1985,2636,6180,6280,6368,6963,7397,7471,8203,8212,8485,8837,8901
ACIIPRT;1985,5734,7865,8875,9089
ACIIRST;
ACIIRTT;255,2390,2475,2621,7892,8486,8754,8760,9088
ACIITTX;4628
ACIJOST;842,4537,6376,7631,8358,8761,8802,8917,9091,9168
ACIJUZZ;
ACIKLLY;2484
ACIKLNS;71,843,4366
ACIKLOR;4470,6185,8360
ACIKLTY;4731,4749,7867
ACIKLWY;
ACIKMOO;
ACIKMOT;9007
ACIKMPR;
ACIKMPW;
ACIKMSU;
ACIKNNP;
ACIKNPS;
ACIKNPY;1658,4701
ACIKNRS;4366,8777
ACIKNST;8777
ACIKNTT;4709
ACIKOPS;2638
ACIKORS;1596
ACIKPRT;8839
ACIKPSS;
ACIKPSZ;
ACIKRST;1596,8777
ACILLLY;4774,4775,7127,8762,8884,9054,9169
ACILLMS;290,853,2573,2575
ACILLRY;4432,4493,4721,6064,6670,6673,7332,7403,7637,7653,7967,8076,8077,8825,8884,8956
ACILLSS;8881
ACILMNO;4368,4750,4754,9186
ACILMNU;4349,4368,4783,4784,6377,8959,9189
ACILMOP;2466
ACILMOT;4784,6265,6817,8238,8926,9012
ACILMPS;1606
ACILMPY;300,1447,1606,2638,6637,6670,9054,9063
ACILMSU;2573,7152,8870,9189
ACILNNO;299,2393,4756,6145,6329,6357,6442,7088,7132,9099,9115
ACILNNU;6442,7645,7827,8513,9099,9115,9178
ACILNNY;4369,4443,4759,5739,6332,6935,8037,8919,9099,9131,9132,9195,9200
ACILNOR;
ACILNOS;
ACILNOU;2367,2535,4349,4368,4750,4783,6442,6488,7136,8728,8751,9099,9115
ACILNOY;261,266,298,300,655,854,1496,1611,1731,2532,4368,4758,4759,4764,4783,5739,6987,7088,7638,8221,8494,8752,9015,9132
ACILNOZ;292,2045,2395,2580,2595,6090,6941,7593,7860,8402,8514,9051,9127,9134
ACILNPS;9204
ACILNPY;175,300,1606,4632,4758,6999,8245,8763,8988,9015,9074,9103
ACILNRS;7117
ACILNST;9048
ACILNSU;2573,8988
ACILNTU;4750,6488,7128,7136,7325,8751,9107
ACILNTY;4759,5739,6136,6974,8503,9015,9073,9074
ACILNUV;4392
ACILOPT;9019
ACILORR;1862,2380,2440,5743,8742,8779,8926,9172
ACILORS;2588,8780
ACILORV;
ACILOSS;7062,8990,8993,9197
ACILOST;
ACILOTV;6360,8745,9019,9051
ACILOTX;242,2126,2188,6159,8150,8541
ACILPRT;8875
ACILPST;8867
ACILPSU;1606,4363,4788,8867,8988
ACILPTY;
ACILRSS;659,1322,8850,8899,8923,8993,9064,9112
ACILRST;4748,6355,8899,8900,9049,9112
ACILRSU;6388,8780
ACILRSY;301,773,2190,2602,4721,6475,6999,7117,7637,8399,8423,8428,8576,8587,8733,8899,8900,9008,9112
ACILRTU;2657
ACILRTY;4748,6383,7107,8926,8962
ACILRVY;1778,2309,2679,4639,6900,7902,8507,9103
ACILRYZ;8900
ACILSSS;20,2386,4662,6823,6824,7140,8961
ACILSSU;659,1377,4192,7140,8589,9205
ACILSUY;830,1534,1606,2407,2602,4362,4769,6369,6388,7159,7164,8222,8357,8423,8576,8587,8589,8930,8988,9110,9183
ACILTTY;2309,4628,7304,7697,7699,8048,9207
ACILTUV;
ACIMMNO;4368,6697,8098,8099,8935,9114,9210
ACIMNOP;6168,8610,9210
ACIMNOR;
ACIMNOS;
ACIMNPU;2185,4783,6988,9153,9210
ACIMNRS;257
ACIMNRT;21,23,2376,7120,8959
ACIMNRU;8959
ACIMNTT;4709,6216,8182,9186
ACIMOOS;812,5744,9150
ACIMOPT;8999
ACIMOSS;6490
ACIMOST;7700
ACIMOSV;2320,7717,8454,8598,8616
ACIMPRT;
ACIMPRY;2547,2638,6670,7703
ACIMPSS;6382,8940,9066,9081,9125,9222
ACIMPST;9062
ACIMRSS;6490
ACIMRST;23,257
ACIMRSY;773,1752,2547,4721,7521,7637,8370
ACIMRSZ;8332,8445
ACIMSST;23,7157
ACIMSTT;9031
ACINNOT;
ACINNOZ;292,2389,2403,8832,9085,9127
ACINNST;
ACINNSY;301,305,4369,4480,5744,6332,6339,7111,9000,9023
ACINNTU;2477
ACINOPP;8203
ACINOPT;8610,8963
ACINOQU;1869,7103,7112,7136,8470,8568,8751
ACINORR;4707,6068,6152,6168,7093,7308,8855
ACINORS;
ACINORT;
ACINORV;
ACINOSS;7062,8727
ACINOST;
ACINOSU;285,6340,7076,8906,9164
ACINOSY;305,660,1810,4480,6833,8448
ACINOTT;6311,9186
ACINOTU;2375,6311,7136,7305,8470,8751
ACINPRT;8875,9074,9230
ACINPRU;1801,1869,2275,2448,2549,4646,4765,6988,7103,7112,7162,8564,8569,9164,9202,9204,9210,9230
ACINPRY;298,6178,7094,7703,9074,9103
ACINPSS;2513,9227,9235,9239
ACINPST;
ACINQTU;6684,7136,7221,7325,8470,8568,8751
ACINRST;7120
ACINRSU;4496
ACINRTT;2529
ACINRTU;
ACINSTU;575
ACINSUV;757,6376,9164
ACIOPRS;
ACIOPRT;8757
ACIOPST;
ACIOPTT;2085,7982,8211,8340,8390,8758,8958,8978,9019,9067,9071,9158
ACIOPTY;6312,7685,7974,8758,8805,8963,9015,9239
ACIORRS;1533,5931,6344,8837,9035,9036
ACIORSU;285,2531,7163,7753,8576,8623
ACIORTT;8486
ACIOSST;9087
ACIOSSV;2632,6915,8727
ACIPRSS;657,4740,7096,7113
ACIPRSY;733,845,1752,2547,2602,2638,4216,4460,4640,4674,6180,6369,8423,8489,8587,9089,9111,9184
ACIPRTT;234,8875,9088
ACIPRVY;9103
ACIPSST;274,2527,2551
ACIPSTT;73,4495,6399,7005,7272,7346,7691,7694,8913,9067,9071,9158
ACIPTUY;7535,7711,8451,8776,9111,9184
ACIQRTU;2397,2657
ACIQSTU;
ACIRRSS;2702,4412,4740,6871,8976
ACIRRST;257,302,1533,1890,4716,7091,9209
ACIRRSU;285,859,4725,7091,7151,8775,8976,9037,9164
ACIRSST;
ACIRSSU;
ACIRSTT;
ACIRSTU;7091
ACIRSTW;2009,6614,8479
ACIRSTY;307,7164,7436,7521,7753,8428
ACIRSTZ;8900
ACIRTUY;2279,2280,2319,6053,6927,7164,7535,7653,7711,7753,7967,8506,8656,8884
ACISSTT;9239
ACISSTU;2702,4788,8717,8723,8976
ACISTTU;4361,6399
ACISTUV;6376,7346
ACITUVY;2679,6974,8421,8503,8510,8521,8656
ACJKKSY;
ACJKLOW;
ACJKNNO;
ACJKOPS;
ACJKOPT;
ACJLORU;6401,8358,9091
ACJMNTU;5723
ACJPTUU;
ACKKLOY;
ACKLLOP;7039
ACKLLOY;2484
ACKLLSY;1405
ACKLMNO;2262
ACKLMOR;8360
ACKLNOU;4559
ACKLNRY;9243
ACKLOOR;7039,9243
ACKLOPS;2638
ACKLORV;
ACKLORW;
ACKLORY;9243
ACKLOSS;4213,6837,8065
ACKMMMO;
ACKMNOS;596
ACKMNRU;
ACKMOST;
ACKMOTT;8978
ACKNNOW;
ACKNOSW;4645,6587,8128
ACKNPRS;
ACKNPSU;7962
ACKNRTU;
ACKNSTU;
ACKOPRR;
ACKOPSY;2638,8489
ACKORRT;
ACKOSTW;
ACKOWZZ;
ACKPSSY;
ACKPSTU;4646
ACLLLOY;654,2341,2640,2643,4678,4774,4775,7127,8762,9169
ACLLOOR;2211,2484,6045,6291,7039,7405,7542,8511,8663,8779,8820
ACLLOOS;4722,6294,6299,7130,7152,7155,9183
ACLLOPS;2533,4221,4775,7155,8844,9108,9177,9181
ACLLORS;309,2488,9176
ACLLORU;2535,6380,7542,8779,8971,9172
ACLLOSU;1903,8945,8981,9010,9110,9178
ACLLOSW;
ACLLOTU;1621,2491,2535,2655,6380,9109
ACLLOVY;2648,9010,9103,9110
ACLLRYY;287,2212,2553,2647,8956
ACLLSUY;4362,8357,8666,8945,9010,9110,9183,9244,9247
ACLMNOO;299,1604,2536,2537,2554,2658,4463,4681,4754,4776,5729,6381,7771,7773,8495,8497,8498,8530,8541,8840,8882,9114,9117,9118,9186
ACLMNPU;2185,4655,4783,5729,5997,6233,7775
ACLMNUY;1606,1622,4368,4782,4783,5967,6989,8503,8672,8959,9063
ACLMOPS;178,1622,4681,6232,8665
ACLMORS;178,309,2588
ACLMORU;
ACLMOSU;1622,4784
ACLMSTU;853,4301,8781,9062,9119,9122,9189,9250
ACLMSUU;
ACLMSUY;1606,1622,6989,7159,8672,9250
ACLNNOO;299,4756,5876,6196,6381,7771,9243
ACLNOOR;4700,6237,7544
ACLNOOT;2515
ACLNOOV;
ACLNORU;4499,4559,4700,9099
ACLNOSS;7062,7137,8740,9249
ACLNOST;863,9179
ACLNOSX;2351,5949
ACLNOUV;
ACLNPSU;8988,9204
ACLNRTU;70,584,1626,2385,2653,9107
ACLNSTY;863,864,2712,9251
ACLNSUV;
ACLOOPP;6237,7544,8901,9015,9207
ACLOOPR;2148,2441,4734,5684,6116,6237,7162,7544,8168,8294,8676,8901,9207,9243
ACLOORT;580,2709,5684,6356,7348,8168,8901,9207
ACLOOSZ;8372
ACLOPRT;5684,9243
ACLOPRU;4734,6369,7158,8934,8971,9137
ACLOPSU;1622,4363,4745,6369,7130,7158
ACLOPSY;2638,4191,5877,6047,6369,7500,8489,9108
ACLOPTY;1544,5684,5877,9015,9243
ACLORRS;
ACLORST;288,863,1624
ACLORSU;4710,6369
ACLORTY;296,586,863,864,1411,2149,2341,2399,2492,2640,2654,2714,4639,4766,4796,5684,5876,6002,6116,6383,7107,7164,7543,7901,8168,9014,9243
ACLORUV;6240,6380,6388,6690,7004,7876,8505
ACLORYZ;
ACLOSST;288,582,9042,9197,9249
ACLOSTU;1624,2507,4363
ACLOSTW;8490
ACLPRTY;5684,9184,9243,9244
ACLPRUU;1626,2715,4685,5998,7777,8677,9145,9172,9204
ACLRSSW;2016,6998
ACLRSSY;799,6349,8740
ACLRSTU;
ACLRSTY;864,1379,1861,2714,4560,4679,4748,4769,6236,6355,6383,6475,6491,7164,7413,7873,8092,8399,8428,8900,9244,9247
ACLRSWY;
ACLSSTU;2715,9205
ACMNOPR;289,6168,7442,7452,8951,9153,9210
ACMNOPY;200,2554,2689,4758,4783
ACMNORS;9248
ACMNORY;
ACMNOSS;4746,7443,9248,9249
ACMNOST;
ACMNSTU;4399,6753
ACMOOST;2507
ACMOPRT;1623
ACMOPSS;1614,1870,2145,6087,8387,9027,9066
ACMOPST;
ACMOPTU;1623,4783,5997,6233,7133,7776,8169,8606,8938
ACMORRS;
ACMORST;7791
ACMORTW;9254
ACMOSST;7800,8140
ACMOSSU;2454,2612,4739,6490,7129,9151,9185,9187,9191
ACMOSTT;6235,6754,7774,8691,8692,9046
ACMOSTU;2507
ACMPSSY;1870,2547,4740
ACMQTUU;
ACMRSSU;2358,4615,4739,4789,6490,8662,8678,9252
ACMRSSW;2217,4644,7759
ACMSSTU;8662
ACMSTUU;2064,4791,5853,6393,8617
ACMSUUV;
ACNNNOS;656,2548,2592,2617,2671,2698,9000,9068,9224
ACNNNUY;2699,6758,8625
ACNNORY;224,1574,2694,4193,4480,4684,5876,7052,8270,8464,8607,8608,8680,8969,9022,9023,9047,9099,9200,9243
ACNNOST;1369,2558,5690,5996,7049,7439,7795
ACNNOSY;301,305,4369,4480,4782,5744,6339,8942,9000,9023,9047,9131,9179
ACNNRSY;301,305,1520,2030,2361,4480,6236,7292,8037,8270,8680,8942,9023,9047
ACNOOPS;2456,2457,2509,2703,4579,4730,7999,8813,8861,8946,9120,9158,9177,9188,9220
ACNOORS;2456,2457,4579,7444,8813,8861,9045
ACNOORT;2704
ACNOPSW;6743
ACNORRS;2457,7937,8813,8861
ACNORRU;1519,1625,2090,2628,4700,4794,8513,8539,8774
ACNORRY;
ACNORST;
ACNORSU;
ACNORSY;301,1524,1616,1891,4480,7150,7894,8740,8946,9008,9047
ACNORTT;312
ACNORTU;585
ACNOSSZ;8873
ACNOSTT;
ACNOSTU;
ACNOSTW;503
ACNPRSY;2361
ACNRRSU;2352
ACNRRTU;70,584,1550,1625,2628,8774,9088
ACNRSTU;
ACNRSUY;4480,9047
ACNRSWY;2030
ACNRTUY;
ACNRUYZ;
ACNSSTU;2702,4728,6398,7172,8717,8723,9087,9205
ACOOPRR;8936
ACOOPRT;2450,5684,7998,8126,8168,8169,8172,8810,8901
ACOOPSU;2455,2459,2460,2560,4788,8862,8947,9220
ACOOPTT;6285,6843,7776,8172,8676,9019
ACOORTU;
ACOOSTV;
ACOPPRR;640,1786,2636,8855,9013
ACOPPRS;8862,9256
ACOPRRT;1546,2450,2502,5734,8810
ACOPRST;
ACOPSTU;2460
ACOPSTW;
ACORRST;1533
ACORRTT;1625
ACORRTU;2628,8774
ACORRTY;622,2654,2707,8232,8905,8926
ACORSST;9249
ACORSSU;9047
ACORSSW;4474,6631,6998
ACORSTT;
ACORSTU;
ACORSTV;
ACORSTX;9162
ACORSTY;1596,1602,2363,2492,6274,7651,8705,8863
ACORSUU;4575,6234,7163,7828,9018
ACORSYZ;
ACORTUU;4672,6265,6380,6401,7447,8486,9007
ACOSSZZ;
ACOSTTU;6399
ACOSUUV;8657,9018
ACPPRSY;307,1577,2208,2547,4460,6180,8266
ACPRSSW;2016,8856
ACPSSTU;1521,2460,4788,6400,7148,8934,9138
ACPSTUU;6254,8195,9145,9204
ACRRSTU;2715
ACRSSTU;1521,2357,2702,2715,8678,8976
ACRSTTU;1595,8761
ADDDDEL;9259
ADDDDOR;
ADDDEEN;
ADDDEER;
ADDDEFL;
ADDDEGL;
ADDDEIL;4799,6403,9271
ADDDEIS;2724,2725,9261,9264
ADDDEIW;
ADDDELN;
ADDDELP;6403
ADDDELR;
ADDDELS;9261
ADDDELW;
ADDDELY;2719,9271
ADDDENO;6402,9263,9272
ADDDENS;869,2722,2724,2725
ADDDENU;9270
ADDDEQU;
ADDDGIN;
ADDDHOY;
ADDDOOS;6405
ADDEEEM;6408,9282
ADDEEEY;1631,4801,4804,9277,9287,9290,9295
ADDEEFM;9276
ADDEEGR;
ADDEEHL;4195,4800,9282,9292,9315
ADDEEHN;4801
ADDEEHR;2728
ADDEEHS;9315
ADDEEIR;4375,4376,4377,4378,6423,9304
ADDEEIT;9304
ADDEEKN;6428
ADDEEKR;
ADDEELM;2733,2738,4814,9282,9316,9346,9366,9367
ADDEELN;
ADDEELP;9282,9292,9384
ADDEELS;4814,9299,9300
ADDEELT;4800
ADDEELY;2733,9295,9365,9369
ADDEEMN;9349,9374
ADDEEMR;4203,9316,9344,9350
ADDEEMS;4814,9350,9374
ADDEENR;
ADDEENS;9390
ADDEENV;9312
ADDEENY;9277,9287,9290,9295,9317,9332,9369,9374
ADDEEOT;9287,9304
ADDEERR;
ADDEERS;6423
ADDEERT;9359
ADDEERY;2719,9291,9350,9369
ADDEEST;
ADDEEVW;9351
ADDEEWX;
ADDEFHN;
ADDEFIR;2739,4806,6423,9321,9322,9326,9393
ADDEFLS;9318,9395
ADDEFLY;9277,9316,9317,9318
ADDEFNU;2739
ADDEFRT;2739,4806,9314,9329,9392
ADDEFRU;2739
ADDEFRW;9320,9328
ADDEGGL;
ADDEGGR;
ADDEGHO;2740,9281,9332,9402
ADDEGIL;4799
ADDEGIN;1646,2743,6455,9412
ADDEGJU;
ADDEGLN;2743,9412
ADDEGLR;590,2727,4799,9334,9335,9393,9407,9408
ADDEGRS;874,877,2722,2747,9397,9406
ADDEGRU;590,9393,9400,9401
ADDEHIR;2740
ADDEHIS;6408,6430,9420
ADDEHKS;6462
ADDEHLN;4801,6459,6464,9290,9348
ADDEHLS;6459
ADDEHOR;4802,9281,9316,9332,9402,9424,9425,9426
ADDEHRS;9397
ADDEHST;1647,6408,6409,9289,9345,9394,9397,9406,9420,9422
ADDEIIK;
ADDEIIM;9346,9354,9436
ADDEIIS;4226,9395,9396
ADDEILL;1645,6436,6471,6472,9271,9365
ADDEILP;9407,9408,9446
ADDEILR;1650,9408
ADDEILS;
ADDEILT;1650,4381,6465
ADDEIMR;2733,9344
ADDEIMS;4814
ADDEIMX;9358,9359
ADDEINO;1646,1653,9323,9354,9415
ADDEINP;5750,6415,6461,6468,6474,9443
ADDEINR;
ADDEINS;6415,9303
ADDEINT;
ADDEINU;880,4382,6461,6468,6476,6478,9412,9421,9445
ADDEINV;314,875,876
ADDEIOR;871,9304,9305
ADDEIOT;1653,6465,9264,9304,9305
ADDEIOV;875,876,9305
ADDEIPS;9435,9443
ADDEIRR;1655,2740,5747,9304,9308,9309
ADDEIRT;9304,9344,9359
ADDEISS;9396
ADDEIST;
ADDEISV;314,875,6466
ADDEISW;
ADDEISY;
ADDEITU;880,4382,9264,9323,9337,9366,9367,9412,9433,9437,9445
ADDEJLY;
ADDEJNU;
ADDEJRU;6441
ADDEKLR;590,594,595,2733,6460
ADDELLU;2746,6471,9347
ADDELMW;
ADDELNR;6464
ADDELNS;9382
ADDELNU;880
ADDELNW;881,6428,9383
ADDELPP;
ADDELPR;2756,6444,9381,9408
ADDELPS;9435
ADDELRS;
ADDELRT;1650,9424
ADDELRW;594,9383
ADDELRY;2719,2733,2756,6460,9277,9316,9317,9383,9424
ADDELSS;2730,4814,9278,9299,9438
ADDELST;
ADDELSW;
ADDELTW;
ADDELTY;4381,6472,6475,9295,9318,9346,9369,9371,9424,9441
ADDELYZ;4801
ADDELZZ;9292
ADDEMMR;2728,2756,6418,9343,9372
ADDEMMW;
ADDEMNS;9427
ADDEMNU;880,6476,9349,9412,9427,9445
ADDEMOP;2756
ADDEMRS;9449,9450
ADDEMRY;9316,9344,9426
ADDEMST;9447
ADDEMUW;
ADDENOR;313,6406,6418,6464,9280,9332,9453
ADDENOT;589,4825,6406,6473,9287,9332,9368
ADDENOU;6458,6476,9349,9421
ADDENPU;6435,6461
ADDENRS;9453
ADDENRT;
ADDENRU;
ADDENSS;5754,6476,9409,9451,9453
ADDENSU;4382,6458,6476,6478
ADDENSY;6458,9369,9427
ADDENTU;880
ADDEOPT;9368,9394,9443
ADDEORS;9397,9450,9453
ADDEOSS;1647,6454,9382,9389,9451,9453
ADDEPPR;9313
ADDEPRS;
ADDEPST;1643,9394,9435,9443
ADDEPTU;1643,6435
ADDERSS;5753,6423,9428,9453
ADDERST;4830,9397
ADDERSW;9453
ADDERSY;4830
ADDERTT;2749
ADDESST;1647,5753,9396
ADDESTU;4382,6452,9264,9329,9366,9397,9432,9437,9439,9444,9447
ADDFHIS;
ADDFIMS;
ADDFINY;6455,9457
ADDFIST;
ADDGGIN;4831
ADDGHIN;2761
ADDGIIR;2726,4821,9408
ADDGILN;9412
ADDGIMN;
ADDGINO;876,884,1646,2743,2760,2762,2765,4227,4821,4831,5757,9331,9413,9414,9415
ADDGINP;1658
ADDGINR;2761,2765
ADDGINS;314,1657,2744,2761,2765,6456
ADDGINU;4831,9337,9416,9417
ADDGINW;9418
ADDGIOS;2764,2765,5757,9334,9458,9462
ADDGIPY;1658
ADDGLNO;884,2743,2762,6428,9412
ADDGMNO;9415
ADDGMOS;9334
ADDGOOS;2746
ADDGOOW;
ADDGORW;
ADDHIKS;
ADDHILS;6459,9420,9458,9459,9464
ADDHIMS;6408,9420
ADDHINP;5750
ADDHISS;1328,9315,9403
ADDHITY;9344,9346
ADDHLOO;6464
ADDHOOS;9419
ADDHOTY;9332,9424,9426
ADDHPSU;6435,6461
ADDHSSU;886,9428
ADDIINS;1657,9464
ADDIIPS;2769,6438,6466,9363,9407,9435,9443
ADDIKPS;
ADDIKST;6459
ADDIKSZ;
ADDIKTY;
ADDIKTZ;
ADDILMN;880,9295,9412,9445
ADDILMS;9366
ADDILNY;2768,9295,9369,9457,9467
ADDILOS;2764,2769,6491,9446,9458,9464
ADDIMNO;6486,9354,9415
ADDIMOR;6486,9455
ADDIMRS;2770
ADDIMSS;5758,6490
ADDIMSY;
ADDINOR;316,4227,4831,9468
ADDINRY;4227,4831,6486,6491,9369
ADDIPRS;2769
ADDIQST;6452
ADDIQTZ;
ADDIRZZ;
ADDISTZ;2737,4811
ADDLLRU;4813
ADDLNRY;9277,9317,9383
ADDLOOS;2746,4825,6473
ADDLTWY;
ADDMNOS;9385,9427,9449
ADDMOOS;9449
ADDNNOR;313,6464,9280,9453
ADDOORS;6405,9419,9450
ADDOPSY;
ADDORST;2764,2765,2769,4827,4830,9397,9406,9422,9447,9460
ADDOSTU;9264,9397,9447,9460
ADDQSUY;
ADEEEFY;
ADEEELS;4223,4228,9564,9609
ADEEELV;
ADEEEMN;6513,9532
ADEEERR;4804,4832,4837,4847
ADEEERX;9311,9573,9574,9617
ADEEESW;
ADEEFGU;9661,9662
ADEEFHS;2772,6552,9319,9471,9667
ADEEFIR;
ADEEFKR;
ADEEFLN;888,6549,9277,9317
ADEEFLR;9277
ADEEFLS;1664
ADEEFLT;4861,6562
ADEEFMR;
ADEEFMS;
ADEEFNS;6565
ADEEFPR;9662
ADEEFRT;5769
ADEEFRW;9320,9669,9695
ADEEFST;
ADEEGGH;
ADEEGGL;2790,9331,9497,9498,9500,9701
ADEEGGN;9498,9701
ADEEGLL;9664,9718
ADEEGLM;9506,9774
ADEEGLN;
ADEEGLR;9506,9702,9718
ADEEGLT;
ADEEGLU;4230,9721
ADEEGLV;
ADEEGLZ;9498
ADEEGMN;
ADEEGMS;9506,9507
ADEEGNR;
ADEEGNT;9704,9735,9786
ADEEGNV;
ADEEGOT;4397,6502
ADEEGPR;9701,9702,9717,9718
ADEEGRR;
ADEEGRS;
ADEEGRU;9661
ADEEGRV;4836
ADEEGRW;6586
ADEEGSS;
ADEEHHS;5773
ADEEHIR;9666,9804
ADEEHJS;9801
ADEEHLR;6591,9666,9702,9718
ADEEHLS;1664,5773
ADEEHLX;6591,9666,9796
ADEEHMN;9532
ADEEHNN;9347,9704,9792,9833
ADEEHNS;
ADEEHNT;
ADEEHNV;
ADEEHPR;9718
ADEEHRR;4304,4388,4400,6590
ADEEHRS;
ADEEHRT;
ADEEHRV;2778
ADEEHRX;6591,9666
ADEEHSS;
ADEEHST;
ADEEHSV;
ADEEHSX;1672,2800,9538
ADEEHSY;897,901,1664,2800,2814,9350,9790,9807,9829,9835
ADEEIJT;
ADEEILM;6562
ADEEILN;2832,5784,9498,9866
ADEEILR;6591,9666
ADEEILS;
ADEEILY;2733,5784,6637,9494,9572,9577,9755,9797,9804,9849,9870,9903,9935
ADEEIMN;
ADEEIMT;
ADEEINN;2795,2841,9360,9580,9704
ADEEINS;
ADEEIRR;
ADEEIRS;
ADEEIRW;9970
ADEEISS;
ADEEIST;
ADEEISV;
ADEEITU;9323,9661,9704,9707,9817,9904,9915,9949
ADEEITV;
ADEEJSY;9985
ADEEKNP;
ADEEKNR;2827
ADEEKNS;9900
ADEEKNW;4878
ADEEKRS;
ADEEKRW;6586
ADEEKTW;
ADEEKWY;
ADEELLP;6637
ADEELLS;
ADEELLY;4807,6637,9718,9773
ADEELMM;1684,9506,9564,9824,9852
ADEELMN;
ADEELMP;2833
ADEELMR;
ADEELMS;1664
ADEELMT;
ADEELMU;9684,9991
ADEELMY;1664,2733,2814,6637,9316,9745,9824,9991,9992
ADEELNP;5774,5784,6515,6641,9701,9802
ADEELNR;891,2857,2858
ADEELNS;9989
ADEELNT;
ADEELOS;6505,6541,6680,9497
ADEELPR;9384
ADEELPS;
ADEELPT;
ADEELQU;600,4890,6684,9384,9866
ADEELRS;
ADEELRT;
ADEELRV;
ADEELRW;6586
ADEELRX;908,2866,6591,9384,9573,9574,9617,9666,9869,10002
ADEELRY;902,2719,2733,6623,9277,9316,9317,9804,9991,9992
ADEELST;
ADEELSV;
ADEELSW;
ADEELSZ;6527,9926
ADEELTT;6562,9577,9703
ADEELTV;9867,9919
ADEELTX;908,2866,9573,9574,9617,9869,10001
ADEELTZ;899,902,1680,9851
ADEELUV;4392,9866
ADEELYZ;902,4801
ADEEMNR;
ADEEMNS;
ADEEMNT;
ADEEMNY;9991
ADEEMOS;6709,6710,6754
ADEEMPR;
ADEEMRR;
ADEEMRS;
ADEEMRT;
ADEEMST;
ADEEMSU;2835,4232,9761
ADEEMSW;10011
ADEEMTW;
ADEEMWY;
ADEENNS;915,9347,9522,9833,9989
ADEENNT;4815,4920,9339,9360,9388,9704,9784,9885,9971,10017
ADEENNX;2867,9360,9784
ADEENPS;2794,9477,9517
ADEENRS;
ADEENRU;
ADEENRV;9312,9638
ADEENRY;2817,9277,9572,9991
ADEENST;
ADEENSV;2854,9312,9638,9891
ADEENSW;6587,9822,9833
ADEENTT;
ADEEOPT;6502,6594,6752,9887
ADEEORS;4859,5791
ADEEORW;903,6586,9328,9531,9695
ADEEPPR;
ADEEPRS;
ADEEPRT;
ADEEPRV;6716
ADEEPSS;9761,9812
ADEEPTT;6594
ADEEPTX;2866,6547,9617,10001
ADEEQRU;4400,6731,9384,10002
ADEEQTU;6657,6684
ADEERRR;
ADEERRS;2856
ADEERRT;
ADEERRV;9591
ADEERRW;
ADEERSS;
ADEERST;
ADEERSV;319
ADEERSW;
ADEERSX;319,2800,9538,9573,9617,10002
ADEERTT;
ADEERTV;318,319,2778
ADEERTW;
ADEERTX;318,319,2866,2867,9505,9538,9539,9573,9574,9617,9788,9961,9982
ADEERVW;
ADEERWX;
ADEESST;9630
ADEESSX;9883
ADEESSY;9374,9611,9638,9773,9900,9965,9966
ADEESTT;
ADEESTU;9838
ADEESTW;1671,4852
ADEESTY;2812,4405,6616,6754,9965,9966,10006
ADEESVY;
ADEESWX;
ADEETUX;2867,9784
ADEEWWX;
ADEFFFL;
ADEFFGR;4932
ADEFFIN;2873,4932
ADEFFIP;6766
ADEFFIR;4932
ADEFFIS;1712
ADEFFIX;
ADEFFLM;9650
ADEFFLO;9650
ADEFFLR;4932,4933,9650,10023
ADEFFLW;
ADEFFNY;6549
ADEFFQU;
ADEFFST;6495
ADEFFUW;
ADEFGGL;2874,10028
ADEFGGR;2874,2875,10027,10028,10029
ADEFGLN;1713
ADEFGNS;2875,2876,6765,9663,10030,10035,10038
ADEFGOR;9661
ADEFGOT;9661
ADEFGOU;6768,9661
ADEFGRS;4860,9471,9663,10031
ADEFGRT;1713
ADEFHIS;1344
ADEFHIT;2879,6553,9651
ADEFHLS;1664,2772,9318
ADEFHLU;9666
ADEFHRW;6554,10046
ADEFHST;9471,10039
ADEFIKL;
ADEFILL;4936,9391,10040,10041
ADEFILS;
ADEFIMN;
ADEFIMS;10024
ADEFINN;4941,10036,10048,10049,10061,10062,10064
ADEFINR;10029,10059
ADEFINS;4867,4942,10035
ADEFINT;2739,4384,4867,4942,6780,9392,10058,10059,10062
ADEFIRS;
ADEFIST;4942,10058,10060,10073
ADEFITX;6784
ADEFKLN;
ADEFKNR;6550
ADEFKNU;
ADEFLLN;921,5809,10076
ADEFLLW;9664,10041
ADEFLMM;
ADEFLNN;921,6774,10048
ADEFLOR;
ADEFLOT;9318,9667
ADEFLPP;
ADEFLRS;4933,10032
ADEFLRU;4933,9666,10052
ADEFLTT;4943,6562,10056
ADEFLTU;6783
ADEFMNU;922,4939
ADEFMOS;10058,10064,10073
ADEFNRS;2876,9314,10078
ADEFNSU;2882,4867,4942,6775,9314,9327,9691,10035,10039
ADEFNUZ;2882,4941,10066,10071
ADEFOOS;9668,10031,10055,10073
ADEFORS;4933,4935,4944,4946,10031,10078
ADEFORV;9680
ADEFORY;
ADEFOTU;2739,9323,9661,9690
ADEFPPR;
ADEFPRR;
ADEFRRT;
ADEFRRW;
ADEFRST;4935,4946,10039
ADEFRSU;4933,4946,9691,10039,10052
ADEFRSW;
ADEFRSY;4946,10032
ADEFRUY;10076
ADEFSTT;4935,6777,10056
ADEGGGL;
ADEGGHL;10080
ADEGGHS;923,9397,10079
ADEGGIR;10087
ADEGGIS;923,9697,10081
ADEGGIU;2890,9699,10028,10080,10087
ADEGGLN;2894,9497,9701
ADEGGLR;2790,9701
ADEGGLS;9497,10081,10089
ADEGGLW;
ADEGGMO;
ADEGGNS;76,923,2894,6789,9504,10081,10089
ADEGGOP;9701,10093
ADEGGPS;
ADEGGRR;
ADEGGRS;9397
ADEGGRY;4869
ADEGGST;9397,10031
ADEGGSW;
ADEGGTY;
ADEGHIN;
ADEGHIR;2895
ADEGHIS;6797,9706
ADEGHJU;
ADEGHLU;6573,9707,9721,10080
ADEGHMO;2895,9708,9709,9710,9719,10119
ADEGHNP;9711,9712,9725
ADEGHNS;6574,6799
ADEGHNW;
ADEGHOR;2895,2898,10104
ADEGHPR;2897,2898,6569,9712,9718,9719,9725,10103,10104
ADEGHST;6797,6800,9471,9507,9709,10108
ADEGHUW;
ADEGILL;
ADEGILN;
ADEGILO;
ADEGILR;77,10023
ADEGILS;
ADEGILT;6817,10215,10217
ADEGILV;1722,6791,6807
ADEGIMP;9708,10093,10172,10176
ADEGIMS;2793,2916
ADEGINN;2794,2795
ADEGINR;
ADEGINS;
ADEGINV;6807
ADEGINW;925
ADEGINY;
ADEGINZ;10107,10110,10212
ADEGIOT;4397,6825,10115,10169,10175,10217
ADEGIRS;
ADEGIRT;
ADEGIRU;2926,4954,6809,10088
ADEGIRZ;4949,9653,9741,10110,10165,10219
ADEGIST;
ADEGISU;10165
ADEGISV;10226,10234
ADEGIUV;2797,9661,9766
ADEGIUZ;1737,10107,10165,10166,10186,10217,10219,10232
ADEGJLN;
ADEGLLU;
ADEGLMM;77,9506
ADEGLMN;9774
ADEGLMR;77,2901,2902,2915,9506
ADEGLMU;2916,9412
ADEGLNN;1667,6573
ADEGLNO;4958
ADEGLNR;
ADEGLNS;
ADEGLNT;1713,4958
ADEGLNU;2916,9524
ADEGLNW;4878,4957
ADEGLOP;9702,9719,10101
ADEGLOT;6817,6818,6838,10101,10115,10118,10215,10216,10217
ADEGLPU;323,1738,2907,6809,10096
ADEGLRS;2727,2878,9506
ADEGLRU;323,1738,2907,6809,9721,10088,10096
ADEGLRY;1732,2914,6820,6822,9718,9773,10023,10125
ADEGLSS;1711,2730
ADEGLTY;4870,6578,6582,6816,6820,9476,10023,10215,10237
ADEGMNS;
ADEGMNU;10239
ADEGMOP;1741,6810,10172
ADEGMRU;
ADEGNNO;2794,2795,9415,9758,9784,10169
ADEGNNR;
ADEGNNU;9784
ADEGNOP;2795
ADEGNOR;
ADEGNOS;9530
ADEGNOT;326,4397,6502,6588,6814,6826,10115
ADEGNOV;2799,6807,10175
ADEGNOW;925,4878,4957
ADEGNPR;9786
ADEGNPS;2935,9740
ADEGNPU;9786
ADEGNRR;10127
ADEGNRS;
ADEGNRT;9786
ADEGNRU;
ADEGNRW;925
ADEGNST;
ADEGNSU;
ADEGNTU;9704,9784,9786,10166
ADEGNTW;
ADEGNUW;
ADEGNUZ;10107
ADEGORS;874,4947,9741
ADEGORT;
ADEGORW;925,6586
ADEGOSS;1711,10213,10214
ADEGOST;326,6800,6838
ADEGOTT;10216,10217
ADEGOVY;9755
ADEGPRS;2935
ADEGPRU;323,1738,2907,6809,10206
ADEGPUZ;
ADEGRRS;
ADEGRRU;
ADEGRSS;10111,10194
ADEGRST;
ADEGRSU;324
ADEGRTY;4870,6582,6820,9476,9529,9788,10023,10120,10125
ADEGRUU;10218,10219
ADEGRUY;9778,10131
ADEGRYZ;
ADEGSSU;
ADEHHKS;5773,6593,9789
ADEHHOP;6568,6594,6841,6842,6843,9702,10101,10103,10104,10253
ADEHHOT;6592,6594,6843,9402,9531,10101,10103,10251,10253
ADEHHRS;615,4947,10245
ADEHHSS;
ADEHIJS;
ADEHIKS;
ADEHIKV;
ADEHILN;10258
ADEHILP;899,2938,4386,5816,6866,9534,9702,9802,10259,10279
ADEHILS;5813,6844,10258
ADEHILY;1347,1745,4234,4235,4432,6848,6862,9346,9795,9797,9805,9807,10257
ADEHIMO;2895,9708,9710
ADEHIMR;2895,9532,9539,9708
ADEHINP;2808,2938,9711,9712
ADEHINR;
ADEHIPP;5816,10242
ADEHIPR;6872
ADEHIPS;
ADEHIPT;2808,2938,6798,10288
ADEHIRR;6609,6610,6871
ADEHIRS;
ADEHIRT;
ADEHIRW;934,2943
ADEHIRY;1745,4235,4432,6460,10023
ADEHISZ;1673,6846,9541,9545,9547,9815,10044,10110,10247,10304,10305
ADEHKNS;
ADEHKNT;
ADEHKOR;2940,4304,5751,5818
ADEHKOT;
ADEHKRS;
ADEHLLO;10124
ADEHLLP;9718
ADEHLMS;9289,9506,9507
ADEHLNR;
ADEHLNS;
ADEHLOS;936,4933,10040
ADEHLOT;5813,5814,6623,9318,9667,9824,10101,10124,10125,10251,10259,10260,10261,10283
ADEHLPR;1761,4386,6866,9702,9718,10101,10259
ADEHLPS;9507
ADEHLRS;10040
ADEHLSS;4969,10257,10307,10308,10309
ADEHLST;5813,6844,9318,9420,10260,10261
ADEHLSU;9721,10242
ADEHLSW;936
ADEHLTY;1347,10023,10032,10041,10125,10251,10283
ADEHMMS;9506
ADEHMMW;
ADEHMNR;9425,9532
ADEHMOP;9708,9719
ADEHMOR;2895,2940,9708,10251
ADEHMPR;2942,6872,10119,10266
ADEHMRS;1764
ADEHMSS;2949,10287,10308
ADEHNPS;6886
ADEHNRS;2876
ADEHNRU;
ADEHNSS;
ADEHNST;
ADEHNSU;
ADEHNTU;2879
ADEHOOP;5750,9802,10288
ADEHOPT;1761,2818,6594,6798,9830,10103,10118,10253
ADEHOPX;
ADEHORR;2818,2898,9817,10104,10251,10253,10259
ADEHOST;9422,9838,10292,10293
ADEHOSX;10321
ADEHOTW;903,9837
ADEHPPW;
ADEHPRS;
ADEHPST;9507
ADEHPSW;
ADEHQSU;10297
ADEHRRU;4401,6625,9816,9817
ADEHRSS;4969,10308,10309
ADEHRST;2876
ADEHRSY;2732,9319,10131
ADEHRTW;934,2943
ADEHRTY;622,902,1758,1766,2778,2817,6623,6858,9830,10023,10127,10251,10253
ADEHSST;1647,6463,10309,10313
ADEHSSW;4436
ADEHSTW;1671,4308
ADEHSYY;4967,5819,6888,10321
ADEHUZZ;9292
ADEIILR;546,626,6840
ADEIILS;4226,4236,4237
ADEIIMN;
ADEIINR;
ADEIINT;2873
ADEIINZ;625,4839,6890,6922,10107,10144,10156,10159,10256,10340
ADEIIPR;4949
ADEIIRS;
ADEIIRZ;4949,6590,6599,6782,10144,10255,10256
ADEIISS;1355,4236,4237,4439,4442,5782,6663,10053,10269,10328,10371
ADEIISZ;4237
ADEIJMR;
ADEIJNN;
ADEIKLN;2827
ADEIKLS;6891,6918
ADEIKLY;2733,2940,6460
ADEIKNS;2793,2979,6803,9901,10201
ADEIKRS;4448,6861,9741,10274
ADEIKRT;
ADEILLL;1745,2829,2914,6783,6848,9271
ADEILLP;6637
ADEILLR;1745
ADEILLS;
ADEILLT;2954,6595,6783,10041,10426
ADEILLU;6927,9902
ADEILLV;
ADEILLY;1745,1795,2914,4432,6848,6863,9271,9365,10041
ADEILMM;6986
ADEILMO;
ADEILMP;
ADEILMS;
ADEILMU;4903,6679,9902,10069
ADEILNN;6935
ADEILNP;
ADEILNS;
ADEILNU;10071
ADEILNV;6890
ADEILNX;9573,9574,10282,10433
ADEILOP;
ADEILOR;2981,4309,10244
ADEILOS;943,9391
ADEILOU;630,4309,4911,4939,4940,5835,6442,6467,6986,7004,9323,9445,9666,10069,10071
ADEILOZ;
ADEILPP;5816,9446,10242
ADEILPR;
ADEILPS;
ADEILPT;
ADEILQU;323,600,1738,2907,6809,9866
ADEILRR;2981,6945,7007,10244,10429
ADEILRS;
ADEILRT;
ADEILRU;938,4890,4911,9666,9902,10071
ADEILRV;1806,1807,9500
ADEILRY;1745,2914,6460,6822,6924
ADEILSS;5831,6860
ADEILST;
ADEILSU;
ADEILSV;
ADEILSY;
ADEILUZ;6646,6986,9576,10071,10217,10219
ADEILYZ;
ADEIMMR;77,1739,2895,9708,10347,10349,10370
ADEIMMS;
ADEIMMT;2806,10370
ADEIMNO;
ADEIMNR;
ADEIMNS;
ADEIMNT;
ADEIMNU;
ADEIMOU;1811,5003,6992,7014,10068,10069,10353,10387,10449,10450
ADEIMOW;
ADEIMPR;6872
ADEIMPV;9919
ADEIMRR;
ADEIMRS;
ADEIMRT;
ADEIMRY;
ADEIMST;
ADEIMSV;2847
ADEIMSX;1672,9538,10384
ADEIMTU;5841
ADEIMTY;6862
ADEINNN;1653,2967,2996,4953,6933,6956,7010,7017,9404,9949,10029,10372,10391
ADEINNR;9580
ADEINNS;923
ADEINOR;
ADEINOS;
ADEINOV;4906,10112,10410
ADEINOX;1334,3004,9542,9887,10381,10433
ADEINOZ;
ADEINPR;2930
ADEINPS;6415
ADEINPT;
ADEINRR;
ADEINRS;
ADEINRT;
ADEINRU;
ADEINRV;7026,10452,10473
ADEINSS;
ADEINST;
ADEINSV;
ADEINSW;1793
ADEINTT;
ADEINTU;10340
ADEINTV;9380
ADEINVV;
ADEIOPS;2794
ADEIOPT;3000,3012,10385
ADEIORS;10420
ADEIORV;
ADEIORX;1655,2895,3000,3004,5003,6975,9542,9982,10123,10381,10384
ADEIOSS;4966,10075,10420
ADEIOST;6668,9264
ADEIOSX;10123
ADEIOSZ;
ADEIOTX;3000,9542,9887,9982,10433
ADEIOVV;6508
ADEIOVW;
ADEIOWW;
ADEIPPR;6664,6726,6872,9982,10385,10427,10469
ADEIPPU;6726,10242,10469
ADEIPRR;
ADEIPRS;
ADEIPRT;3012
ADEIPRV;6466
ADEIPSS;
ADEIQRU;2988,4890,10363,10469
ADEIRRS;2991,3013,10429
ADEIRRT;3013,5823,6916,6945,7007,9700
ADEIRRV;1701,1812,2844,4911,6945,7029,9591,9772,10410,10441
ADEIRST;
ADEIRSU;324
ADEIRSV;1807,6466
ADEIRSX;2836,2839,3013,6975,9538,9573,10123,10384,10403,10412
ADEIRTT;
ADEIRTV;6791,6900,6970
ADEIRTY;2736,6715,9893
ADEISSS;952,4995,10190,10200,10236
ADEISST;
ADEISSV;10269
ADEISSZ;1692,1695,2755,2849,4237,4894,5792,6855,9579,9966,10091,10191,10304,10415
ADEISTU;3013
ADEISTV;
ADEISTW;
ADEISVV;4851,10346
ADEISWY;
ADEITUZ;2751,9576,10217,10219,10232,10333,10340,10466
ADEITWY;10041
ADEJMOR;
ADEJMRU;
ADEJNSU;10481
ADEJNTU;
ADEJOPR;
ADEJRRU;
ADEJRSU;
ADEJSSU;930,10307
ADEKKNS;6617,10274
ADEKLNP;612,9802
ADEKLNR;4918,9738
ADEKLNS;4852,9606,9663
ADEKLNY;591,4957
ADEKLOP;6666,6918,6977,7039,9802
ADEKLOS;6587,6666,6918,6977,9606,10238
ADEKLPP;10096
ADEKLRS;595,890,10238
ADEKLST;595,4852,9606
ADEKLSY;
ADEKLUW;
ADEKMNS;4461,4462,4952,6847,6861,9794,10274
ADEKMRS;6861,10274
ADEKNOU;4380,4430,4920
ADEKNPP;
ADEKNPR;
ADEKNPS;
ADEKNRR;547,2913,4430
ADEKNRS;10238
ADEKNRT;2913
ADEKNRU;
ADEKNSS;5831,9740,9900
ADEKNST;6847
ADEKNSU;10201
ADEKNSW;635,6587
ADEKNTW;
ADEKNUW;
ADEKNVY;
ADEKORT;
ADEKPRS;
ADEKPSY;
ADEKRST;
ADEKRSY;
ADELLMS;
ADELLMU;6471,10237
ADELLNR;921,2857,2858,4813,4897,10076,10342,10344,10423
ADELLNW;881,4957
ADELLOR;
ADELLOW;881
ADELLOY;879,1826,2954,4957,5832,6471,6472,6578,6816,6838,6848,6978,7041,10202,10342,10345,10422,10484
ADELLPS;10483
ADELLRS;877
ADELLRU;6927,7041,10076
ADELLST;6838,6983,6984,7042,9683,10124,10429,10483,10484
ADELLSU;914,9347,9609
ADELLSV;4841,6639,10081,10112,10346
ADELMMS;6738,9506
ADELMNN;6739
ADELMNR;6893,10077
ADELMNT;922,3014,5007,10077,10133
ADELMOR;954,2940,4959,10244,10251,10485
ADELMOS;
ADELMOZ;6986
ADELMPS;9507
ADELMRS;
ADELMRU;6679,6976
ADELMSS;2949,5006
ADELMST;2886,3014
ADELMSU;2886,2916,3014,4232,9684
ADELMSW;
ADELMYZ;
ADELNNP;955,3022
ADELNNU;
ADELNOR;2981
ADELNOS;9822
ADELNOT;5851,6740,10488
ADELNOY;639,2863,2954,4982,6987,9317,9348,9935,10342,10426
ADELNPT;
ADELNPY;1794,5784
ADELNRS;
ADELNRU;
ADELNRY;9277,9317,10342
ADELNSS;5763,5831,9382
ADELNST;
ADELNSU;
ADELNSW;10208
ADELNSY;4864,5795,9567
ADELNTU;
ADELNTW;
ADELNUW;9383,10485
ADELOPR;2756,9650
ADELOPS;
ADELOPT;
ADELORS;
ADELORT;10251
ADELORU;7004,10069
ADELOSS;5763,6505,10307
ADELOST;6838
ADELOSV;1831,10112
ADELOSW;
ADELOTT;1762,4943,4958,5851,6739,6740,10490
ADELOTU;10217
ADELPPP;
ADELPPS;2798,2860,10096,10242
ADELPRS;
ADELPRY;6924,7041,10480
ADELPST;
ADELPSU;10096,10242
ADELPSW;
ADELPSY;
ADELPTT;6740,10490
ADELPTW;
ADELPTY;
ADELRRS;2878,3017,10429,10483
ADELRRU;7004
ADELRRW;594,9383
ADELRSS;10424
ADELRST;10039
ADELRSU;10096
ADELRSW;
ADELRSZ;6527,10165,10316
ADELRTT;1762,5851
ADELRTW;934
ADELRTX;908,6784,9574,10433
ADELRTY;10251
ADELRWW;934
ADELRWX;
ADELRZZ;
ADELSST;948,5831,10443
ADELSTT;6844,10258,10350
ADELSTU;
ADELSUV;1831
ADELSWY;
ADELSZZ;
ADELTTT;6696
ADELTTW;
ADELTUV;4987
ADELTUX;6784,9617,10001
ADELTWZ;
ADEMMPS;2833,9780,10220,10446,10449,10450
ADEMMRS;9506,9780
ADEMMRT;10347,10349,10370
ADEMNNS;1708,7049
ADEMNNU;6607,6608
ADEMNOR;10077
ADEMNOS;
ADEMNOW;4461,4462
ADEMNPS;
ADEMNRS;
ADEMNRU;
ADEMNRY;5007,7052,9427,9829,9994
ADEMNSS;2949,3021
ADEMNST;5853,7049
ADEMNSU;
ADEMNSY;6883,9427,10317,10495
ADEMNTU;922
ADEMOOV;10378
ADEMOPS;
ADEMORR;9829
ADEMORS;
ADEMOSV;9629,10331,10386
ADEMOSW;4461,4462,10011
ADEMOSY;1810,3030,6754,6989
ADEMOWY;10485
ADEMPRS;9537
ADEMPRT;
ADEMPSS;4855
ADEMPST;
ADEMPSW;10011
ADEMRRU;
ADEMRST;1764
ADEMRSU;324,1349,10449
ADEMRSW;10011
ADEMRTU;
ADEMSST;9630
ADEMSSU;4232,9925,10092
ADEMTTU;10450
ADENNOY;1646,6987,9348,10485
ADENNPS;188,2794,3029,9724,10446
ADENNPT;
ADENNST;4963,9388,9522,10015,10017,10049
ADENNSU;188,9833
ADENNSW;82,2983,9453
ADENNWY;9664,10485
ADENOOP;1760,5750,6761,9802,10288
ADENOOT;3028,7008,7010,7017,9445,9803,10288,10372,10378
ADENOOZ;6922,10071
ADENOPR;10469
ADENOPS;
ADENOPT;
ADENORR;2799,9448,10127
ADENORT;
ADENORU;1765,6755,9689
ADENOST;326,958
ADENOSU;326,2986,5803,6723,10413
ADENOSY;9427,9530,10317,10410,10495
ADENOTT;
ADENOTV;326,959
ADENOTZ;2951
ADENPPR;1765,10427,10469
ADENPPS;10334
ADENPPW;
ADENPRR;
ADENPRS;
ADENPRU;10239
ADENPRW;
ADENPST;
ADENPSW;
ADENPSX;10282,10402
ADENPSY;
ADENPTU;
ADENPUV;1819,9637,10356
ADENQTU;2785
ADENRRS;
ADENRRW;5811
ADENRRY;1350,2898,4869,6558,6563,9572,9878,10127
ADENRSS;9453
ADENRST;
ADENRSU;
ADENRSW;82,635,6998,9453
ADENRSZ;1821,4240,10110,10198,10415
ADENRTT;
ADENRTU;
ADENRTV;959,2988,6970,10338,10452
ADENRTX;9505,9574,9587,10433
ADENRTY;
ADENRUY;6758,7021
ADENRUZ;1821,2751,10071,10295,10333,10363,10415,10466
ADENSSS;9482
ADENSSU;6478,7034,10072
ADENSSW;5010,9453
ADENSTT;1828,9693
ADENSTU;
ADENSTV;1708
ADENSTY;10125,10317,10495
ADENSUV;326,4908,10211
ADENSUW;
ADENSWY;
ADENSWZ;
ADENTTU;2890,10340
ADENTUV;6756
ADENTUX;6661,9784
ADENUWX;
ADENUWY;
ADEOORS;2856,4935,4991,5012,9605,9741,10123,10129,10252,10393,10417
ADEOORT;9402,10103,10252,10417
ADEOPPS;951,953,9313,9598,9641,10011
ADEOPQU;10469
ADEOPRR;
ADEOPRT;6914
ADEOPRV;
ADEOPSS;
ADEOPST;
ADEORRS;
ADEORRW;
ADEORRZ;2818,6705,7036,9817,10069,10189
ADEORSS;9428,9453,10420
ADEORST;
ADEORSU;10321,10420
ADEORSV;
ADEORSW;6998,9453
ADEORTT;10502
ADEORTU;10074
ADEORWY;10485
ADEORYZ;2863,4968
ADEOSTT;
ADEOTTU;10217,10490
ADEOWWY;
ADEPPRS;2860,9313,9641,10096
ADEPPRT;
ADEPPRW;
ADEPPST;951,953
ADEPPSW;10011
ADEPPTU;5805,6726,9644,10014
ADEPPUY;9999,10131
ADEPRRS;
ADEPRRY;2898,3001,6570,7041,10104
ADEPRSS;
ADEPRST;
ADEPRSY;4460,10131,10480
ADEPRTT;
ADEPRTU;
ADEPSTT;2953
ADEPSTU;
ADEPSWY;
ADEPSZZ;
ADEQRSU;
ADEQTTU;9433
ADERRST;3013,6916
ADERRSW;
ADERRSY;4830,9773,10498
ADERSSU;9645
ADERSSW;9453
ADERSTT;4935
ADERSTV;319,6970,10338
ADERSTW;
ADERSTY;3030,5856,7048,10484,10495,10498
ADERSUY;3030,4946,5001,9319,10131,10321,10449,10461,10480,10484,10498
ADERSVW;10488
ADERWWY;
ADESSTU;2785,4442,9389,9645,10492
ADESSTW;1647,4433,9630
ADESTTU;
ADESTTW;1671
ADESTUV;2847,6548
ADETTTW;
ADFFGIN;4932,10504
ADFFHNO;
ADFFILY;10023
ADFFIST;
ADFFLNO;920
ADFFLOO;9650
ADFFOOR;9650
ADFFORS;3032,4933,7064
ADFGGIN;2874,2875,10027,10028,10505
ADFGINN;1837,3033,7065,10036
ADFGINR;10029
ADFGINS;10035,10506,10508
ADFGLLU;7066
ADFHLNU;
ADFHLNY;9277,9317
ADFHLSY;1664,9318,9319
ADFHOOS;9456,9668
ADFHSSU;
ADFILLU;6783,9457
ADFIMNR;9656,10059
ADFIMNY;
ADFINRS;
ADFINRT;333,2884,10059,10074,10517
ADFIORS;332,7064
ADFIORZ;1718
ADFLLYY;
ADFLMOO;9650
ADFLMPU;
ADFLMTU;922
ADFLNOP;
ADFLNSY;1716,4864,6776,9457
ADFLORU;4943,9666,10066,10071,10509,10517
ADFMNOS;10058,10073
ADFMOSU;
ADFNNOT;9280,10048
ADFNOST;332,4942,6497,6773,9456,10058,10073,10078,10519
ADFOOPT;9695,10507
ADFOOTW;9695
ADFORRS;2878,3035,10031,10068,10078
ADFORRW;1839
ADFPRTU;9662,9690,10507
ADGGGIN;7071
ADGGHNO;7071,10027
ADGGILN;3044,10522
ADGGILR;3044
ADGGINN;10523
ADGGINO;2760,4831,7071,7072,9497,9498,10505
ADGGINR;3044
ADGGINU;2890
ADGHILO;5771,7078,9702,10101,10118,10533
ADGHINN;1837,1841,2761,3048,3049,3051
ADGHINS;961,2761,3049,3051,7076,10506,10528,10532
ADGHINU;7076
ADGHIPR;7073
ADGHIRR;7073
ADGHIRS;2761,3049,10528
ADGHNNU;
ADGHNOS;3053,6799,7076,9709,10532
ADGHNOW;7071,7079
ADGHOOR;7078,9402
ADGHORW;
ADGHRSU;4947,9721,10536
ADGHRTU;10507
ADGIILN;
ADGIILT;337,3060,6791
ADGIIMN;189,190,3062,10523,10545
ADGIINN;1841,10145
ADGIINO;
ADGIINR;10548
ADGIINS;6765
ADGIINU;10028
ADGIINW;4953
ADGIIPY;
ADGIJOS;
ADGIKNR;4471
ADGILLN;10532
ADGILMN;
ADGILNN;
ADGILNO;7088
ADGILNR;
ADGILNS;
ADGILNU;3067
ADGILOR;10509,10543
ADGILOS;
ADGILOT;2762,4244,5859,6817,7074,9755,10101,10115,10118,10215,10217,10509,10543,10554
ADGILOV;6806,6807,9755,10112
ADGILRY;2914
ADGILSU;3067,6583,9754,10088,10218,10534
ADGILUY;
ADGIMMN;9733
ADGIMNN;10523,10539
ADGIMNP;3039,10176
ADGIMNR;
ADGINNR;
ADGINNS;2793,2794
ADGINNT;
ADGINNW;
ADGINOR;3072
ADGINOS;7076
ADGINOT;7071,10505
ADGINPP;1841
ADGINPR;7089
ADGINPS;3063,4877,9517,9740,10506,10563,10564
ADGINRR;
ADGINRS;
ADGINRT;7089
ADGINRU;
ADGINRW;
ADGINRY;4227,4831
ADGINST;7084,10520
ADGINSU;3067,10211
ADGINSW;
ADGINTU;
ADGINTW;7071,7079,10529
ADGINWY;
ADGIORT;7089,10505,10572
ADGIPRU;323,1738,2907,6809,9662
ADGIRSU;324,2926,3070,4954,10088
ADGIRZZ;
ADGLLNO;3058,4243,10553
ADGLLOR;4243,7078
ADGLMNO;931,1731,7088,10145,10150,10205,10554
ADGLNOO;
ADGLNOR;4243,4958,7074,7081,9701,10509,10543
ADGLNOW;4878,4957
ADGLNOY;7088,10554,10568,10574
ADGLNRY;10125
ADGLOPS;10556,10557
ADGLOWY;4957
ADGMNOO;336,7079
ADGMNOR;
ADGNOOR;10127
ADGNOOS;5019,10547
ADGNOPS;3043,10530,10531,10556,10557,10563,10564
ADGNORS;
ADGNORU;
ADGNORY;2898,4227,4831,9529,10125,10127,10538,10573
ADGNRRU;339
ADGNRSU;
ADGNRUU;339
ADGOOPS;
ADGORSW;
ADGORTU;10507
ADGPRSU;
ADGRSTU;4954,4956,9504,10033,10038,10163,10559
ADHHIRS;9789,9790,10245
ADHHISS;10577
ADHHIST;7092,7097,10576,10578
ADHHISW;
ADHHKSU;5773
ADHHMOS;10245
ADHHOSU;4947,4960
ADHHOSW;
ADHHSWY;3047
ADHIIJS;
ADHIIJT;
ADHIIKS;6847,9794
ADHIIMS;5029,6854,6855,9420,10257
ADHIKNS;
ADHIKOP;9802
ADHIKRS;6859,6861,10274
ADHIKSU;
ADHILMO;340,10582
ADHILNY;5030,9795,9807,10589
ADHILOP;3082,5816,6865,6866,9702,9802,10101,10118,10259
ADHILOS;142,9464
ADHILOY;1371,1862,5860,5861,6848,6862,7078
ADHILRY;1862,4234,4235,5030,5860,9797,10533
ADHILSY;2945,4234
ADHIMNS;2804,3051
ADHIMPS;1752,2942,3051,5032,5815,9710,10119,10280
ADHIMRS;5032,10535,10581
ADHINOT;5033,7071,7108,9542,9709,10027,10285,10294,10295
ADHINPS;10506
ADHINPU;1869,7103,7112,10582
ADHINSS;
ADHIOOS;971,4964,5019,5028,5030,5032,5817,6873,7098,9459,9464,9706,9815,10117,10123,10245,10591,10593
ADHIORS;5817,10245,10581,10593
ADHIOST;1754,2809,7092,9709,9799,9815,10285,10593
ADHIRSS;1328,4474
ADHJKOS;
ADHKKSU;6617
ADHKLOS;
ADHKORW;
ADHKOSU;6462
ADHLLLO;6848,9820
ADHLLNO;5863
ADHLMOY;10590
ADHLMPY;10590
ADHLORS;3032,4933
ADHLOYY;4968,6842,7106
ADHMNOO;336,7079,7108
ADHMNSU;
ADHMORY;2940,9316,9455,9804,10251
ADHNNSU;3086,6607,6770,9347,9833,10289
ADHNNUY;9792,10310
ADHNOOS;4475,4476,4964,5019,5030,9459,9464,10591
ADHNORS;341,3053
ADHNORU;1765,1869,6622,7103,7112,10295,10582
ADHNOSU;7076
ADHNOTU;2879,10295
ADHNRSU;
ADHNRSY;3053,4476,5030,6883,7111,9829
ADHNRTY;1766,2817,10127,10538
ADHNRUY;
ADHOOPT;5033,7108,10103,10118,10288,10590,10595,10596
ADHOORR;6624,7093,10300,10584
ADHOORS;971,4398,4964,5030
ADHOPRT;1761,2818,9830,10103,10595,10596
ADHOPRU;1765,1869,6626,6627,7103,7112,10507,10582
ADHOPST;7092,10576
ADHORRU;883,9817,10507,10584,10598
ADHORSU;4933,9721
ADHOSSW;3046,4474,9822
ADHOSWY;
ADHPRSU;9728
ADHPSUU;
ADHRRSU;2819,4401,10536
ADIIILR;3089,4440,4971,4978,5038,6892,6893,7080,7081,7117,9839,9840,9844,9845,9846,10137,10325,10326,10542,10543
ADIIINR;5035,9466,10137,10256,10332,10333,10548,10616,10619,10621
ADIIKOS;5020
ADIIKOT;
ADIIKSY;937
ADIILLS;4310,4936,6921,9457,10512,10608,10624,10625
ADIILMS;979
ADIILNO;5016
ADIILNV;5016,6807,6890,6935
ADIILOS;343,963,3061,5866,5867,7063,7080,9391,9464,9559,9853,10257,10518,10623,10624
ADIILRW;
ADIILSS;3100,4236,4237,10053
ADIILST;
ADIILUV;3060,4987
ADIIMMS;189,10549
ADIIMNN;10539,10600,10632
ADIIMNS;189,1885,3087,5037,10557
ADIIMOS;4989,5039,5781,6647,7063,7099,9798,9853,9880,9881,10257,10263,10265,10581
ADIIMPV;3057
ADIIMRS;1883
ADIIMRU;938,3060,3094,10376,10582,10584,10630
ADIIMSS;5758,6490,6811,6854,6855,6953
ADIINPR;316,2726,2969,3039,7103,9466,10347,10548,10582,10619
ADIINST;3063,5043,10506,10520,10529
ADIINSU;
ADIINSV;9432,9891,10410
ADIINSZ;967,1854,3049,3099,7126,10531,10557
ADIIPRS;
ADIIPXY;10381
ADIIQRU;2907,3094,4890,6809,7103,10363,10376
ADIIRST;
ADIIRTY;3111,9455,9878,9893,10267,10615,10626,10633
ADIISSY;6485,7146,7150,10416
ADIITVY;
ADIJMSS;
ADIJNOS;
ADIJNOT;
ADIJSSS;
ADIKLNY;
ADIKLOR;2940,4470
ADIKLOS;6666
ADIKLPS;6977
ADIKMNN;
ADIKMOS;596
ADIKMOU;
ADIKMSS;6861
ADIKNOS;596,942,2979,4955,5020
ADIKNPS;
ADIKNRS;9789
ADIKOST;2979,6668,6669,6977
ADIKOTY;
ADIKPRS;6977
ADIKQRU;
ADIKSST;4994,5831,6668,6919,7125,9740
ADIKSSU;
ADIKSTT;4307
ADIKSTZ;7126
ADIKSUZ;
ADIKSWY;
ADILLMM;
ADILLRY;6673,6927,6983,6984,10344,10605,10622
ADILLSY;9365,9457
ADILLTY;196,1371,1375,1859,2768,2954,4842,5036,9849,9902,9903,10041,10344,10423,10426,10428,10566
ADILLVY;1790,10426
ADILLYY;1375,1874,1892,6980,7087
ADILMNO;10633
ADILMNR;3094,6893,10582,10633
ADILMNU;7128,10632
ADILMNW;
ADILMOP;10582
ADILMOS;7063
ADILMOU;
ADILMOY;655,1731,2940,9804,10342
ADILMPS;
ADILMSS;
ADILMSU;979
ADILMSY;5865
ADILNNS;5865,7116,7135,10513
ADILNOR;4243
ADILNOS;3083
ADILNRS;
ADILNRU;1801,3094,5015,5021,10071,10509,10517,10582
ADILNRY;4901,5030,9572,10344,10633
ADILNSS;1895,5037,5831,7157
ADILNST;968,6491,7157,9461,10568
ADILNSU;
ADILOOV;
ADILOOZ;3092,6922,10071,10115,10217
ADILOPR;10582
ADILORT;
ADILOSZ;3099,10557,10612
ADILOTU;5041,5873,6783,9323,9904,10217,10436
ADILPRY;5021,6924,7131,10207,10428,10533
ADILPSS;1860
ADILPST;10576
ADILPSY;
ADILPTU;7128
ADILPVY;
ADILQSU;979
ADILRSZ;6527,10165
ADILRTY;10626
ADILSTU;10534
ADILSTY;7157
ADILTUY;2989,4987,6927,6974,7164,10428,10518,10589,10626,10650,10651,10653,10654
ADIMNNO;
ADIMNOS;
ADIMNRS;7120,10614
ADIMNSS;
ADIMNST;3051,3119
ADIMOOS;5032,10245,10460,10641
ADIMORR;7093,10584
ADIMOST;
ADIMOSY;
ADIMOTT;1808,10600
ADIMPRY;
ADIMQSU;2847,10453
ADIMRSS;3069,3078,3101,6490,9470,10577
ADIMRSU;324,983,2770,3070,4903,7014,10449,10461
ADIMRSW;
ADIMRSY;7159,10535
ADIMRYY;6486,10535,10567
ADIMSSS;952,9581,9585,9665,9963
ADIMSST;5758,6489
ADIMSSU;6490,9947,10092,10371
ADIMSSY;9965,9966
ADIMSTU;983,1885,1900,2770,3070,10562
ADIMSWY;
ADINNNS;7166,10546,10591,10641
ADINNOP;2795,5869,6603,6711,6959,9466,10279,10288,10356,10466
ADINNOR;2981,4478,4941,7132
ADINNPS;6415,7116,9873,9951,10506
ADINNRS;7120
ADINNRW;
ADINNRY;1879,6715
ADINNSU;4480
ADINOOP;5750,5869,7112,9802,10279
ADINOPP;3072,4471
ADINOPR;7089,7103,7112,7162,9466,10469,10582,10619
ADINOPT;10619
ADINORR;1886,5875,7093
ADINORS;
ADINORT;
ADINORV;1868,6716,7026,9674,9912,10452,10473
ADINOSX;5019
ADINOTX;7095,9542,9887,10433
ADINPST;10506
ADINQRS;7169,10297,10362,10453,10624
ADINRRT;1714,3071,5875,10454
ADINRST;
ADINRSU;
ADINRSW;10046
ADINRTU;
ADINSTT;3108,3119,3120,7084,10607,10640
ADINSTU;5043
ADINTTY;984,3111,5871,7027,7139,10615
ADINWWY;
ADIOOPR;4991,6785,6872,7112,10123,10567,10655
ADIOOSW;4448,5019,9462
ADIOPRR;7073
ADIOPRS;
ADIOPRT;3000,3012
ADIOPRV;
ADIOPSU;3074,3113,7091,7130,7155,7158,10446,10564,10628,10638,10647,10655
ADIORST;
ADIORSU;971,5817,7151,10581
ADIORSV;1890,7151
ADIORTU;6726,9661,10584
ADIOSTU;7124,9264,10647
ADIOSVW;7090
ADIPRSS;
ADIPRST;
ADIQSTU;2847,3013,7169
ADIRRSS;4412,4419,4459,4966,7096,10075,10364,10477,10652,10655
ADIRRST;932,3013,3070,4950,5045,6916,10301,10418,10429
ADIRRSZ;2753,2893,4420,9921,9940,10110,10189,10365
ADIRSSU;
ADIRSSV;3069,3075
ADIRSSW;4474,6998
ADIRSTY;2736,9893,9964,10573,10626,10651
ADIRSUY;4480,7159,7164,10449,10461,10534,10573,10626,10650,10651,10653
ADIRSVZ;1807
ADIRSWZ;
ADIRSZZ;
ADISSST;7141
ADISSTU;3075,4442,7124,10647
ADISSYY;5014,7001,7150,7157
ADISTTY;5029,5045,5871,6616,9964,9965,9966,10303,10305,10578
ADJKOSU;
ADJLMOR;
ADJLUUW;
ADJNORS;2856,9605
ADJNORU;
ADJOPSY;10480
ADJORRU;
ADJSSTU;930
ADKKLOY;
ADKLMRU;6976
ADKOOOW;
ADKOPSU;
ADKORWY;
ADKRSWY;
ADLLMOW;
ADLLMOY;879,10342,10622,10649
ADLLNOW;881,4878,4957
ADLLNOY;4957,5832,10202,10422,10426,10574,10589,10608,10625,10649
ADLLOPR;84,7039,7041,10622
ADLLOPS;9609,10594
ADLLORS;10623,10624
ADLLRWY;
ADLLTUY;1364,5041,6927,9902,10237,10423,10428,10484,10566,10589,10626,10650,10651
ADLMNOS;
ADLMNOY;200,655,1731,6989,10649
ADLMOOR;4959,9650
ADLMORU;954,3122,10485
ADLMOSW;
ADLMSTU;3014,10636
ADLNNOR;884,921,985,2981,3122,9413,9414,10533
ADLNNSU;2886,10310
ADLNOOR;5049,10595
ADLNOOS;
ADLNOPU;4463
ADLNORS;
ADLNORT;639,1676,1713,5851,5876
ADLNORU;3094,3122,10509,10517,10639
ADLNOSS;5763,6505,9822
ADLNOST;
ADLNOSU;10310,10624
ADLNOSX;10282
ADLNOSY;3083,5030,10574,10608
ADLNOTU;5873,7162,10436
ADLNOTY;639,5851,5876
ADLNPSU;5043,7083
ADLNRSU;
ADLNRUU;339,1366,2865,3020,5015,6747,7163,9994,10209,10211,10212
ADLNRUY;985,5021
ADLNSSU;914
ADLNTUU;10640
ADLOPRU;
ADLOPSU;7130,10594,10628
ADLORRW;
ADLORSS;7156,9470,10569,10652,10654
ADLORSU;7164,10624,10639,10654
ADLOSSS;973,7140
ADLPSSU;1707,3024,4856,4919,10594
ADMMNOS;4242,10004
ADMMNSU;6985,10446
ADMMOST;6738,7049,10006
ADMNOOR;
ADMNOOW;7079
ADMNOOZ;887,3103,10374
ADMNOQU;2998,3094,3124
ADMNORS;
ADMNORT;7009,10077
ADMNORY;9427,9829,10615
ADMNOSS;
ADMNOSU;518,983,3124,10311,10658
ADMNOSY;660,1810,3053,6869,6883,6989,9427,9829,10004
ADMNSTU;4399,5853,10550,10562,10658
ADMOORT;15,1381,7070,10584
ADMOORY;7070,10567
ADMOPPU;
ADMORRS;607,1763,5050,6883,9628,9629,9829,10012,10497,10498
ADMORST;10623
ADMORSU;983,3124,5050,9629,10449,10581
ADMORTW;
ADMORTZ;
ADMRSTU;983,1885,2770
ADNNOOS;1899,2992,5689,5842,5844,9462,10641
ADNNOOT;3028,7052,10596
ADNNOOY;3123,5869,5876,6987,7052,10288
ADNNORS;320,9453,9553,9832,10015,10500,10501
ADNNORT;10596
ADNNOST;958,1369,3016,7049,9522,10015
ADNNOSU;188,6541
ADNNOTU;
ADNNRTU;2758,3020,5854,7056
ADNNRUW;3122
ADNOOPR;3071,6761,7089,7112,7162,10572,10595,10596
ADNOORS;2856,9605,10393
ADNOORT;10595,10596
ADNOOSW;5019
ADNOPPR;1765,3072,4471,6963,9632,10018,10427,10469
ADNOPRS;
ADNOPRU;1765,1869,3004,6626,6627,6755,7103,7112,9690,10239,10469,10619
ADNOPRV;6716,9752
ADNOPST;10537
ADNOPWY;
ADNORRW;
ADNORSW;82,6743
ADNORTU;9452
ADNORTY;10615
ADNORWY;10598
ADNOSSU;5803,6723,9691
ADNOSTT;3108,10607
ADNOSTU;326
ADNPRUW;
ADNPSTU;3074,5043,7083,10564,10638
ADNRSST;988,3075,3077,5026,5051,7172,10569,10597,10659
ADNRSSU;7172,10597
ADNRSTU;
ADNRSUW;7059,9460,10241
ADNSSTY;334,10583
ADNSTYY;
ADOOPRS;4991,5012,5856,7171
ADOOPSU;10311
ADOOPSW;
ADOORSS;982,3116,4969,4991,10042,10319,10463,10560,10569,10597,10644
ADOORTW;9695
ADOORWY;
ADOOSTT;3026,5012,5691,10216,10593
ADOOSUV;7151
ADOOWWX;
ADOPRRW;9695
ADORRSU;3113,5050,7151,10068,10655
ADORSTW;
ADORSUU;3124,4946,5018,7163,10655
ADORSWY;
ADORTUW;
ADOUUVX;
ADPRSTU;3074,7091,10575,10599
ADPRSUW;
ADRSSUW;
ADSSTUW;
AEEEFLR;9277,9494
AEEEGGN;9502,10708,10713,10715
AEEEGKL;
AEEEGLT;10764
AEEEGNT;5883,10764
AEEEGPR;10725,10747,10751
AEEEGPS;10709,10710,10766
AEEEGRR;667,10726
AEEEGRT;
AEEEHLS;668,3127,3140,4223,4228,4488,5066,5884,5886,5890,6512,7180,7196,7218,7220,7230,7232,7235,7236,9291,9506,10678,10708,10780,10785,10788,10820,10822,10823,10824
AEEEILN;665,4247,4392,5057,5059,5074,5080,5081,5085,5885,6407,6498,6515,6523,7200,7247,9500,10689,10839,10842,10843,10856,10857,10858
AEEEIRT;1383,3129,4249,4493,5059,5089,6507,6516,6525,6533,9296,9490,9499,9505,9542,10718,10725,10843
AEEELRS;7196,7277
AEEELTV;1383,1913,1914,7257,7258
AEEERVW;
AEEERWY;
AEEFFLL;
AEEFFNS;5116,5117,6495,10688
AEEFFRS;10688
AEEFGLN;10958,10970
AEEFGNR;7308,10970
AEEFGNT;10959,10970
AEEFGRS;7312,9471,10983
AEEFGSU;10980,10981
AEEFGTW;
AEEFHRT;1008,3157,11001,11002
AEEFILR;9666,11006
AEEFILW;11014
AEEFIRS;5912
AEEFISW;11014
AEEFKRS;3160,9663
AEEFLLT;7332
AEEFLMN;5133,11036
AEEFLMS;1664
AEEFLRT;7348
AEEFLRU;9666,10983,11044
AEEFLRW;5130,11001
AEEFLRY;7332,7337,9277,9316,9317,9494,10961,10982
AEEFLRZ;5121
AEEFLSU;5119,6564,7189,7190,9319,9327,9684,11000,11014,11015,11035,11040,11042,11044
AEEFLTX;
AEEFMNR;10697
AEEFMRR;10962,11006
AEEFMRT;
AEEFOTV;10972
AEEFPPR;7349,11006
AEEFRRS;7174
AEEFRRT;1008,10979
AEEFRST;
AEEFRTU;3157,7341,7345,10995
AEEFRWY;
AEEFSTT;3160,7185,9693,10698,10983,11042
AEEGGLL;10964
AEEGGLR;9331,9701,11065,11067
AEEGGLS;1905,10965
AEEGGLT;348
AEEGGNR;9701
AEEGGNS;1905,10708,10709,10710,10965,11057,11063,11074,11086
AEEGGOP;9701,11055
AEEGGRS;5914,7356
AEEGGRU;
AEEGGST;3169,5914,7356,10710,10713,11082,11083,11092
AEEGGSW;
AEEGHIR;1666,6498,7351,7363,9702,9708,9717,10720,11096,11097,11115
AEEGHNT;7197,9704,11095
AEEGHNW;
AEEGHSZ;10727
AEEGILL;1006,7203,7405,11163,11172,11216
AEEGILM;1388
AEEGILN;5771
AEEGILP;7176,7200,7390,7415,10737,11110,11181,11208,11220,11230,11232
AEEGILT;1006
AEEGILW;7365
AEEGIMR;
AEEGINP;7175,7200,7372,9735,9740,11208,11230
AEEGINR;
AEEGINS;10709
AEEGINU;3192,3197,3200,5146,5147,7422,7433,9704,9748,9753,9766,11207,11226,11236,11283
AEEGINZ;11095
AEEGIPP;7175,7397,11283
AEEGIPR;9708,9717,11097
AEEGIRU;3192,7433,9748,9766,11115,11207,11283
AEEGISS;7415
AEEGJRS;7437
AEEGJSY;
AEEGKLL;4878
AEEGLLR;7405,11134
AEEGLLS;7310
AEEGLLZ;11292
AEEGLMN;348,11292
AEEGLMR;11292
AEEGLMT;348,1018,3178,7404
AEEGLNR;
AEEGLNT;348
AEEGLNU;86,348,677,1021,3192,3197,4230,11292
AEEGLNV;
AEEGLOR;3179,7405,9331,9701,9702,11096,11139
AEEGLPR;3179,9701
AEEGLPS;3183,3209,7415,9507,10737,11181,11208,11220,11232
AEEGLRR;2774,3179,7379,9776,11096,11139
AEEGLRS;
AEEGLRU;3192,4230,5156,7412,11115,11292
AEEGLRW;6586,11292
AEEGLRY;4870,9718,9773,10669,10982,11081,11137
AEEGLRZ;4518,11067,11167,11292
AEEGLSS;7415
AEEGLST;
AEEGLSU;
AEEGLSV;
AEEGLTT;1942,7380,9703,10744,10966,11173
AEEGLTU;348,5146
AEEGLTV;
AEEGMMT;10769,11076,11106,11224,11297
AEEGMNR;11292
AEEGMNS;7361,10709,11092
AEEGMNT;348,3215,9265,11092
AEEGMPR;
AEEGMRR;85,5158,11145
AEEGMRS;
AEEGMRU;3192,11292
AEEGMSS;
AEEGMST;9342
AEEGNNP;354,5147,5157,9711,9712
AEEGNNR;7382
AEEGNNS;4514,7178,7206,7211,10715,10733,11057,11071,11074,11171,11211,11266
AEEGNOP;7371,7383,9701,10747,10751
AEEGNPP;7175,7397,9701,9711,11283
AEEGNRS;
AEEGNRT;11149
AEEGNRU;11292
AEEGNRV;205,11149
AEEGNSS;
AEEGNST;
AEEGNSV;
AEEGNTT;7301,9735
AEEGNTU;348,3200,5146,9704,9784
AEEGNTV;205,11149
AEEGOPS;1940,9705,11113,11114,11158,11240
AEEGORV;11242
AEEGOST;10724
AEEGPRS;
AEEGPRU;7433,11283
AEEGPST;3198,3215,4877,7437,9507,9728,10710,11132,11148
AEEGRRS;
AEEGRRT;
AEEGRRU;7212,7412,7433,10671,11079,11115,11236
AEEGRRW;11139
AEEGRSS;
AEEGRST;11296
AEEGRSV;
AEEGRTU;
AEEGRUZ;11292
AEEGSSW;
AEEGSTT;11148
AEEGTTZ;11165
AEEHHNT;10783,11095,11099,11311,11312,11327
AEEHHRT;6569,7214,7459,10782,11099,11325,11327
AEEHHSS;11058
AEEHHST;10780,11098,11318
AEEHHSW;1671,3223,11098,11316
AEEHINR;1393,1666,6506,6550,7351,7363,9532,9711,10804
AEEHIPR;3219,10804,11096,11097,11315,11417
AEEHIRV;3225,3233
AEEHIST;
AEEHISV;
AEEHITZ;11095,11103
AEEHKMS;11421
AEEHKNR;11422
AEEHKNT;7466,10786,11422,11423
AEEHKRT;11422,11423
AEEHKRU;
AEEHLMS;1664,9506,11135,11430,11434
AEEHLNT;10708,11310,11311,11314
AEEHLOR;686,1629,3179,4388,4802,4882,5176,6434,6591,7544,9317,9666,9702,10961,11096,11312,11315,11324,11325,11425,11435
AEEHLPT;
AEEHLRS;11434,11436
AEEHLRT;11325
AEEHLRV;3225,3233
AEEHLSS;
AEEHLST;9318,11310
AEEHLSW;5185
AEEHLSX;1672,5949,7499,7500,9796,10823,11101
AEEHLSY;1664,3174,4525,5949,7368,7378,7500,7501,9807,11137,11310,11436
AEEHLTT;1314,6595
AEEHMNT;1908,11428
AEEHMRS;
AEEHMRT;3219,3252,5163,7233,7475,7476,7515,11001
AEEHMST;11148
AEEHMSU;3258,9350,10828,11000,11434
AEEHNPS;10688,11436
AEEHNPT;2808,3157,3263,10832,11327,11397
AEEHNRS;
AEEHNRT;11099
AEEHNST;
AEEHNSV;7222,11349
AEEHNSX;5949,11349
AEEHNTW;
AEEHPRS;10688
AEEHPRT;10782
AEEHPSS;4228,9315,9812
AEEHPUV;
AEEHQSU;361
AEEHRRS;
AEEHRSS;
AEEHRST;
AEEHRSV;
AEEHRSW;5185
AEEHRTT;3219,3252,10665,10831,11321,11330,11377
AEEHRTV;2778,3225,3233
AEEHRTW;
AEEHSST;3182
AEEHSSV;
AEEHSTV;
AEEHSWY;11098,11451
AEEIIRS;3266,4520,5161,5201,5218,5781,5931,5957,6647,6662,7583,9896,10681,11056,11101,11104,11344,11479,11534,11536
AEEIKLP;9802,11208
AEEIKLR;
AEEIKLT;7574
AEEIKLX;
AEEIKNT;7388,7466
AEEIKPR;11210,11331
AEEIKSV;
AEEILLR;1398,7405,11357
AEEILMR;11336
AEEILMS;
AEEILNP;
AEEILNR;5085
AEEILNS;11310,11314
AEEILNT;5227,5930,7325,11310,11314
AEEILNX;5081,5147,7414,7675,11644
AEEILPT;7641
AEEILRR;11115
AEEILRS;
AEEILRT;
AEEILRV;
AEEILRZ;1399,4518,7648
AEEILTT;1314,4391,4531,5972,7247,7304,7635
AEEILTV;9867
AEEIMNN;2841,3228,5907,5916,7712,9580,10795,11004,11064
AEEIMNR;1393
AEEIMNS;87,1932,5704,10709
AEEIMNT;11004
AEEIMNX;
AEEIMPR;5128,5210,11006
AEEIMRR;
AEEIMRS;
AEEIMRT;
AEEIMSS;
AEEIMST;
AEEIMSZ;3199,3309,10801,11470
AEEIMTT;3269
AEEINPR;10804
AEEINRT;3312,4249
AEEINST;
AEEINTT;6553,6661,7247,7301,7305,7635,9904,11644
AEEINTV;3283,9380
AEEINVW;5085
AEEIORT;3166,3312,5940,9542,10979,11321,11377,11383
AEEIPRR;673,7737,10899
AEEIPRS;
AEEIPRT;673
AEEIPSV;2854,3289,5077,5237,7253,7266,7272,7346,7717,7733,9891,10805
AEEIPTX;5983
AEEIRRR;1042,5155,5259,7375,11205,11651,11729,11743
AEEIRRS;
AEEIRRT;145,673,10979
AEEIRRW;
AEEIRST;
AEEIRSW;3185,3285,11260
AEEIRTT;5940
AEEIRTV;3283
AEEISST;
AEEISVV;11542,11551
AEEITTV;3200,3283
AEEITUX;7414
AEEIUVX;
AEEJKSS;211,1986
AEEJLLV;
AEEJMSS;
AEEJNST;5227,7630,9342,11561
AEEJNTU;9986,11207,11560,11561
AEEJRSV;11751
AEEJSVY;
AEEKKNO;
AEEKKOO;
AEEKLLT;
AEEKLMN;1061,1062,2827,7485,7574,11477,11753
AEEKLNS;9663,10762,11073,11477,11753
AEEKLNT;1062,5174,7574
AEEKLPS;4521,5276,9663,11073
AEEKLRS;890,1031,5066,5275,5276,9663,10916,11565
AEEKLSV;5275
AEEKMNS;10709,10762,11477
AEEKMNW;
AEEKMPR;
AEEKMRR;
AEEKMRS;5201,7187
AEEKMRT;
AEEKNNN;
AEEKNNP;
AEEKNRS;11289
AEEKNRT;1062,3322,11289,11422,11423
AEEKNRW;
AEEKNSS;211
AEEKNSW;6587
AEEKNSY;1405,9900,11331,11563
AEEKORW;
AEEKPRS;7173,9663,10817,11331
AEEKPRT;
AEEKRRT;1042,11423
AEEKRRW;
AEEKRST;
AEEKRSU;6734,11289,11753
AEEKRSW;
AEEKRTW;
AEEKSSS;1063,1986,7179,9482,10694,10786,11332,11354,11565
AEEKSTW;4852
AEELLLS;9609,11011
AEELLMS;3254,5119,7275,9848,11760,11761
AEELLOV;7641
AEELLPR;1398,7276,7648,11357,11762
AEELLSS;1066,3167,3284,10919,11769
AEELLST;11761
AEELLWY;11425
AEELMNP;5278,11355
AEELMNR;5947,11037,11292,11295,11433,11753
AEELMNS;
AEELMNT;348,1397,1409,3255,5284,7771
AEELMNV;999
AEELMNY;1990,5278,5967,9991,9992,10689,11759,11770
AEELMPR;5970,5998,7579,7777,10840
AEELMPS;
AEELMPX;
AEELMRS;11433,11753
AEELMRT;5998,7777,11001,11325
AEELMSS;
AEELMST;
AEELMSU;5119,7209,9684,10762,11000,11035,11753
AEELMSZ;11470
AEELMTU;348,1397,3255,4558,5272,5997,5998,7574,7771,7772,7775,7776,7777,11592
AEELNNP;1074,1913,2019,5147,5157,5999,10994,11355
AEELNOS;4257,6541,6671,7593,7663,7763,7780,9862,10923,11506
AEELNPR;2857,2858
AEELNPS;7763
AEELNRR;1061,5133
AEELNRS;
AEELNRT;
AEELNRW;5130,6586,9383,11292
AEELNSS;914,5101,9611
AEELNST;11314
AEELNSV;
AEELNSW;1079,4852,5273,6587,7765,9822,11031
AEELNTY;2017,5216,5999,10669,10689,11435,11507,11770
AEELOPR;3179,3302,9650,9820,10962,11039,11096
AEELOPX;5251,11529
AEELORS;10923
AEELORU;4259,11115,11647
AEELOST;7593,7596,7663,7685,7780
AEELOSW;5185,11044
AEELPRR;10962
AEELPRS;
AEELPRT;
AEELPRU;2857,2858,4259,5998,9381,9384
AEELPSS;11220
AEELPSU;92,4521,9609
AEELPTT;1999,5972,11655,11659
AEELPTU;
AEELQRU;4259,5056,9384
AEELQSU;11802
AEELRRT;1382,10682
AEELRRV;4911
AEELRRX;2021,5251
AEELRSS;
AEELRST;
AEELRSU;9319
AEELRSV;
AEELRSX;7499,10002,11101,11240
AEELRSY;5947,10763,10923,10982,11091,11137,11436,11765
AEELRTX;908,3339
AEELRUV;11115
AEELSST;
AEELSSV;
AEELSSW;5246,9611
AEELSSY;1034,7685,7790,9365,9611,9900,11436,11802
AEELSSZ;1692,1695,11635
AEELSTU;2859,5231,11314
AEELSTV;
AEELSTX;349,7567
AEELSTY;7685,7790,11570
AEELSTZ;1035,10873
AEELSWY;
AEELTTY;4531,6640,6695,6749,7304,7697,7699,9577,9858,10744,11172,11655,11659,11793
AEELTVW;
AEEMMMR;4565
AEEMMMS;7700,7791
AEEMMNT;1409,5095,5105,7760
AEEMMPY;7703
AEEMMRT;3322,11106
AEEMMSY;7637,11358
AEEMNNO;1064,3161,3190,3229,4920,5284,11592
AEEMNNP;11355
AEEMNOX;11689
AEEMNPR;
AEEMNPS;10709,10880,11691
AEEMNPT;6752,10880
AEEMNRS;
AEEMNRT;3322
AEEMNSS;5699
AEEMNST;
AEEMNSX;
AEEMOPT;3178,3215,3305,9719,9830,9995,10014,11036,11318,11360,11362,11428,11781
AEEMORT;7461,10665
AEEMOSW;11754
AEEMPRS;
AEEMPRT;5210,5998
AEEMPRY;
AEEMPST;10880,11148
AEEMPSW;3340,10011,10933,11690,11691
AEEMPTU;5997,5998,7476,7711,7775,7776,10010
AEEMQRU;5105
AEEMRRS;11299
AEEMRSS;5699,11295
AEEMRST;
AEEMRSU;
AEEMRTX;2867,6704,9961,11449,11684
AEEMRTY;3191,5210,7642,7711,11214,11503,11572,11762
AEEMSSS;
AEEMSST;9630
AEEMSTT;6754,11148
AEEMSTX;9961,10006,11449,11684
AEENNOT;1944,3161,3190,3229,3312,4920,5146,5284,5883,5926,5999,6742,7364,7656,7771,9775,9784,10018,10892,11230,11360,11422,11592
AEENNOV;5156,7585,7656,9872,11231,11806,11821
AEENNPT;1316,1913,2019,5983,5999,11507,11706
AEENNRS;3340,3348,10933
AEENNRX;350,3312,7394,10749,10879,10892,11180
AEENNST;4815,9269,9387
AEENNSX;350,11707,11714
AEENNTU;1316,2870,3161,3203,3346,6756,7771,9339,9631,9704,9784,9792,9971,10963,11561,11592,11803
AEENOPR;5108
AEENOPU;2851,3157,5278,5289,5997,6626,6627,6720,7764,7775,11435,11725
AEENORS;3258,5912,7473,10828,10923
AEENOSS;1922,3346,5710,7178,7211,7525,10724,10730,10733,10998,11171,11726,11818,11822
AEENOSU;609,1022,1076,3346,4505,4569,4928,5248,5255,5291,5292,5803,6008,6534,6541,6683,6723,7209,7663,7795,9389,9977,10719,10762,10946,11022,11047,11092,11143,11259,11461,11672,11679,11713,11714,11722,11751,11803,11811,11812,11821,11822
AEENPRS;10688
AEENPST;11761
AEENPSU;92,5283,6435,9386,9810,9951,11761
AEENPSW;
AEENPSX;3205,11341
AEENRRS;6565
AEENRRT;11423,11442
AEENRRV;
AEENRRY;3325,4869,6558,6563,7290,7730,9878,10669,10776,11397,11423,11814
AEENRSS;
AEENRST;
AEENRSW;
AEENRTT;
AEENRTV;205
AEENRUV;
AEENSST;
AEENSSU;1069,1076,4319,11047,11307,11780,11812,11822
AEENSSV;2031,9312,9638,11459
AEENSSW;1079,5246,7765,9611,9822,11031,11455
AEENSTT;1067,9693
AEENSUV;1069,7254,11349,11713,11741
AEENSWZ;3199
AEENTTV;
AEENUVW;5085
AEEOPRT;
AEEOPTZ;2818
AEEORRS;3177,4393,5158,9563,10989,11131,11299,11413
AEEORSS;10988,11093
AEEORST;9838,11053
AEEORSV;5901,5912,7733
AEEORTV;
AEEORVW;
AEEOSUU;4575,5803,7807,11794,11822,11830
AEEOSVV;
AEEPPRR;
AEEPPRS;7173
AEEPPRT;11157,11330
AEEPPRV;1985,7397,11791
AEEPRRS;
AEEPRRT;
AEEPRRV;
AEEPRSS;
AEEPRST;
AEEPRSV;5901,7266,7733,11810
AEEPRSZ;3242,3286,11470
AEEPRTU;3157
AEEPRTY;2817,5115,7711,7813,11319,11539,11833
AEEPRTZ;
AEEPSSS;1080,5249,9482,9812,10947,11220,11764
AEEPSST;
AEEPSSW;2016,11801
AEEPSTT;11148
AEEPSVY;3303,7537,7763,11810,11833
AEEQRSU;
AEEQSTU;361,2785,5291
AEERRRS;4253,4858,5276,9694,9985,11299,11729,11743
AEERRSS;
AEERRST;
AEERRSU;
AEERRSV;
AEERRSW;
AEERRTT;
AEERRTV;
AEERRTW;11050
AEERRVW;
AEERSST;
AEERSSU;10992
AEERSSV;363
AEERSSY;1034,3134,4578,5160,9638,9726,9773,11081,11384,11436,11454,11563,11700,11790,11826
AEERSTT;
AEERSTU;9838
AEERSTW;
AEERSTX;2800,3205,9961,10914,11684,11707,11826
AEERSUV;9642,10980
AEERSUX;10002,11830
AEERSVW;11264
AEERSWX;
AEERTTX;3339,7811,9788,10831
AEERTWW;3259,10829
AEERTWX;
AEESSSW;1063,3182,5246,7300,7765,11031,11743
AEESSSY;2812,10835,11322
AEESSTT;
AEESSTX;363,11449,11783,11795,11797,11798,11826
AEESSUX;7282,11783,11795,11797
AEESTTT;
AEESWXY;
AEFFFIR;
AEFFFLR;
AEFFGIR;11840
AEFFGNR;
AEFFGRS;
AEFFGRU;7818,11839
AEFFHST;11836
AEFFINS;9392
AEFFIPR;
AEFFIPS;
AEFFIRX;
AEFFIST;3354,5906,7823
AEFFISW;
AEFFISX;7303,11841,11849
AEFFKOP;
AEFFKOR;
AEFFKOT;
AEFFLLY;7824,11847
AEFFLMW;
AEFFLNS;5117,7817
AEFFLRR;4266,10961,10962
AEFFLRS;10025,11846,11848,11850
AEFFLRU;920,4266,4933,10958,11848
AEFFLRW;
AEFFLSW;
AEFFLSY;11850
AEFFLTU;
AEFFMRU;
AEFFNST;6495,9392,11851
AEFFOVW;
AEFFQRU;
AEFFRST;3354,7823,11851
AEFFRSY;11850
AEFFRSZ;
AEFFTTY;7304
AEFGGGO;11852
AEFGGIR;2875,10029
AEFGGLR;
AEFGGMO;
AEFGGRY;
AEFGILN;2038,7835
AEFGILO;3363,7831,11852,11879
AEFGILR;7831,7838,10023
AEFGINN;10959,11859,11879
AEFGINR;10029,11889
AEFGINS;6018,7840,10030,10035
AEFGINT;10959
AEFGINZ;9653,11871
AEFGIRT;3364,7842
AEFGIRU;7818,11865
AEFGITU;
AEFGLLU;
AEFGLMN;7834
AEFGLNR;3361
AEFGLNS;
AEFGLOT;7313
AEFGLOW;
AEFGLPU;
AEFGLRS;2878,3365,7312,7829,10983
AEFGLRU;10958,11865
AEFGLUZ;
AEFGMOR;
AEFGMSU;
AEFGNRR;3362,7308,11889
AEFGNRT;
AEFGOOT;
AEFGORR;7313
AEFGORS;11859
AEFGORT;7313,10979
AEFGORV;7842,10972,11843,11889
AEFGRRT;7313,10979
AEFGRSU;7312,7829,10983,11857
AEFHIRT;1008,10966
AEFHIRW;
AEFHISZ;10044
AEFHLLS;3370,11904,11905
AEFHLOR;9316,9317,10961
AEFHLRS;9319
AEFHLRT;1418
AEFHLRZ;
AEFHLSS;
AEFHLTU;1093,1418,10995
AEFHRRT;1008,1418,11001,11002,11901,11907
AEFHRST;2876
AEFHRSY;7323,9319,10032
AEFIILT;3380,5320,7326,7862,11867,11918
AEFIIRR;3373,3377,11006
AEFIIRS;
AEFIJLO;
AEFIJOS;
AEFIKLN;7857,7867
AEFIKLR;7857
AEFIKLS;7844
AEFIKLT;7857,7867
AEFIKST;1090
AEFILLM;11840,11873,11918
AEFILLS;4866,4936,5125,5315,5316,9391,11877,11937,11938
AEFILMN;
AEFILMR;2052,2883,3377,5128,5129,5304,5321,11936
AEFILNN;2038,4508,11939
AEFILNS;
AEFILNT;2038
AEFILNU;2873,2882,2885,4580,6019,6775,7827,7898,9323,11877,11952
AEFILNV;3383,5124,5309,11923,11951
AEFILOT;
AEFILPT;2038,3380,3383,7896,10695,11926,11949,11951
AEFILRR;3372,3373,3381,3384,5129,5321,9675,11006,11908
AEFILRU;9666
AEFILRV;3383,7337,9494,11867,11912,11921
AEFILRW;11882
AEFILRX;6784,9666,11866
AEFILRZ;5121,10071
AEFILSS;
AEFILST;
AEFILTT;6562,7304,11918
AEFILVY;3383,7337,7824,7902,9494,11867
AEFILWY;10041
AEFIMNR;3360,5324,10697,11837,11959
AEFIMNS;
AEFIMOR;5304
AEFIMRR;11006
AEFIMRS;11883,11936
AEFINNS;11859,11887
AEFINNT;5310,7820,10061,10959,11871,11915,11939,11946,11959
AEFINNZ;4941,11871
AEFINPR;
AEFINRR;3362,7308,7826,11889
AEFINRS;
AEFINRT;2739,3364,10074,10697
AEFINRW;10046,11014
AEFINRX;11866
AEFINST;4867,4942
AEFINSW;10046,11014,11877
AEFINTX;11841,11866
AEFIQRU;3384
AEFIRRR;7849,11884,11943
AEFIRSS;3389,11929
AEFIRST;3389
AEFIRTT;3360,3364,3388,11837,11934
AEFISST;3389,11842
AEFISTT;3388,7346,7891
AEFISTX;
AEFJNST;
AEFKLNN;
AEFKLNR;5130,7857,7867
AEFKLNS;11902
AEFKLOS;
AEFKLRS;
AEFKLRT;7857,7867
AEFKLST;
AEFKLUW;
AEFKNRR;
AEFKORS;
AEFLLNN;921,1100,3361,7868
AEFLLOT;
AEFLLRS;4512,7866,7869,7894,9683,10982,11846,11908,11968,11970
AEFLLSY;6021,7894,11970
AEFLLTT;10041,11876,11918,11922
AEFLLTU;11918
AEFLLUZ;
AEFLMNS;1102,2886
AEFLMOR;2883,3377,7348,9316,11038
AEFLMRS;2052,5325,11038,11846
AEFLMUW;
AEFLMUZ;10066
AEFLNNN;4580,11879
AEFLNNS;3368,10963
AEFLNOV;5309,11923,11951
AEFLNRS;
AEFLNRU;
AEFLNSU;2882,2886,6775,7190,7827,11000,11042,11902,11903,11941
AEFLNTT;3390,11036
AEFLNUU;
AEFLOOV;
AEFLOPW;
AEFLORS;
AEFLORT;7313,7348,7913,10961
AEFLORY;3366,3382,4266,5306,5321,7901,10961
AEFLOST;9318,11895
AEFLOSW;7895
AEFLPPR;
AEFLPRS;
AEFLPRU;3385,5322,11039
AEFLPRY;3383
AEFLRSS;527
AEFLRST;3368
AEFLRSU;
AEFLRSY;9319
AEFLRTT;7348
AEFLRTU;
AEFLRZZ;
AEFLSST;527
AEFLSTU;
AEFLSUV;11941
AEFMNOR;5324,10077,11959
AEFMNRT;7896,10077,10697,11959
AEFMNRU;5133,5324,11923,11959
AEFMORR;10962
AEFMORS;
AEFMORT;7913
AEFMOUW;
AEFMRRS;
AEFMRRY;5321
AEFNNRS;320,3368,3369,6023,6770,7192,7846,7854,7904,10704,10986,11859,11880,11883,11887,11979
AEFNNST;3368,3369,7192,10704,10986
AEFNOPR;
AEFNOPY;
AEFNORR;4944,5133,6563,7308,11889
AEFNRRS;675,4944,6565,7174
AEFNRSS;7174
AEFNRSU;
AEFNRSW;11014
AEFNSST;
AEFNSTT;9693
AEFOPRW;
AEFORRV;7889
AEFORRY;3382,4266,5308,5321,10961
AEFORSW;7895
AEFORSY;
AEFORTV;
AEFOSST;2059,2060,3389,7891,7910,10057,11051,11052,11895,11925,11933
AEFOSTU;3389,3392,11857,11963
AEFPPRS;
AEFRRST;
AEFRRTY;3382,7337,7870,7893,10961,11893
AEFRSSS;3155,5118,10026,11850
AEFRSST;527,3368,3389,11875
AEFRSTU;3389,4946,11857
AEFRSTW;
AEFRTTU;7341,7345
AEFRTUW;
AEFRWYZ;
AEFSSTT;7329,7891,7912,10707,10960,11024,11042
AEFSSUV;9691,10075
AEFSTTT;
AEGGGLS;11986,11987
AEGGGLU;216,11055,11984
AEGGGRS;
AEGGGRY;11986,11987
AEGGHLR;2065,10080,11853,11992
AEGGHLS;7919,10708,11990,11998
AEGGHMO;3398,7916,11989
AEGGHRS;3399
AEGGHSW;7919
AEGGIJR;
AEGGIJS;
AEGGILN;
AEGGIMS;10709,10713,11082
AEGGINR;
AEGGINS;923,10709
AEGGIOS;5914,7356
AEGGIRR;11989,12038,12041
AEGGIRS;
AEGGIRT;1107,2874,3129,3408,7354,7927
AEGGIRU;3408,5333,10028
AEGGIST;
AEGGISW;
AEGGJRS;
AEGGJRY;
AEGGLNO;1105,2069,9701,11852,11985,11998,12009,12010
AEGGLNR;9701
AEGGLNS;10708,11998
AEGGLRR;1107,11079,12015
AEGGLRS;3410
AEGGLRW;
AEGGLRY;
AEGGLSW;7919
AEGGMNY;7934
AEGGMOW;12037
AEGGMSS;10098,11058
AEGGNNU;
AEGGNRR;11989,12038,12046
AEGGNRS;
AEGGNSU;9504,10719,11089,11092,11995,12014,12020,12029,12043
AEGGOST;3169,3399,3412,5914,7193,7356,7926,7937,9397,10031,10086,10713,11082,11092,11998,12044
AEGGRRY;3171,4869,12036
AEGGRSS;
AEGGRST;9397,10031
AEGGRSU;3410,10096,10097
AEGGRSW;
AEGGRSY;12026
AEGGRTY;3171,7934
AEGGRWY;
AEGGSWW;
AEGHHIT;6026,7942,7944,11095,12052,12055
AEGHIJR;
AEGHIKL;
AEGHILN;
AEGHILR;1421,1422,2074,2077,7831,7976,10720
AEGHIMT;366,2085,7982
AEGHINP;3425,3427,9712,12096
AEGHINR;12077
AEGHINT;366
AEGHINV;
AEGHINZ;7955,7984,10107,12077
AEGHIOS;1423,2083,4585,5918,7945,9709,10112,10722,10724,11119,11862,12101,12111,12125
AEGHIRS;1423,1424,1428,12053,12056
AEGHISS;5137,10724,11119,12111,12125,12133
AEGHISZ;5341,7994,10727
AEGHLNO;12135
AEGHLNT;3439,10124,10125,10708,11135
AEGHLOS;5349,11862,12073,12093,12138
AEGHLRU;
AEGHLSS;2087,2730,7310
AEGHLST;7310,9507,10124,10125,10708
AEGHLSZ;12100,12107
AEGHLTW;7365,11139,12067
AEGHMNN;5916,7382,10106,10107,12075,12076,12077,12136
AEGHMNO;11989,12135
AEGHMOR;2895,3440
AEGHMOS;2083
AEGHMSU;3439,3441,3442,10106,11135,11143,11147,12076,12094,12117,12145
AEGHNOX;
AEGHNRS;2876
AEGHNRU;11135,11152,12077
AEGHNRY;2089,7382,7830,10120,10127,11109,12147
AEGHNSS;3427
AEGHNST;
AEGHOPY;10104,11160
AEGHORS;1423,1428,2081,4585,4947,6799,7945,10129,12109,12139
AEGHOSS;2083,3444,5340,6035,7945,9726,12149,12158
AEGHOST;2072,6031,9709,12095
AEGHPRS;369,1424,1428,2081,3174,7368,7829,10129,11101,11158,12053,12056,12109,12139
AEGHPST;368,2079,9507
AEGHRST;2876,9471
AEGHSST;2087,7194,7310,7377,12134
AEGIIMN;5907
AEGIKLN;612,1105,1113,4582,5355,6036
AEGIKLT;
AEGIKNP;612,6036,7175
AEGIKNR;
AEGIKNS;12179
AEGIKPP;7175
AEGIKPR;
AEGIKRW;
AEGIKSW;6037
AEGILLL;1006,2914,7403,11840,12002
AEGILLM;373,7405,8004,8068,8070,11163,11172,11840
AEGILLN;8006,11216
AEGILLP;5370,8028
AEGILLR;11840
AEGILLS;
AEGILLT;11163,11216,12186
AEGILLU;8069,12090
AEGILLV;
AEGILLY;1117,2914,5370,6043,7929
AEGILLZ;3451,3455,5352,12164
AEGILMN;
AEGILMR;180,1732,6817,8068,12308
AEGILMS;8083
AEGILNN;
AEGILNP;6036
AEGILNR;
AEGILNS;
AEGILNT;
AEGILNU;11841,12104,12328
AEGILNV;
AEGILNY;6024
AEGILOS;
AEGILOU;717,6046,7963,11984,12303
AEGILPS;3198
AEGILRR;60,1107,2077,11096,12052
AEGILRS;
AEGILRZ;4518,12098
AEGILSS;
AEGILST;370
AEGILSV;11081
AEGILTU;3495,11841,11984
AEGILTY;714,8048,10744
AEGIMMR;2895,3429,10220
AEGIMNN;
AEGIMNP;12075,12232,12237
AEGIMNR;
AEGIMNS;10709
AEGIMNT;
AEGIMOS;10735,12179
AEGIMPR;1112,2103,12308
AEGIMPS;10709
AEGIMPT;2085,2103,2106,7982,12237
AEGIMRR;
AEGIMRS;
AEGIMRT;8068
AEGIMRU;6053,12285
AEGIMRY;1732,6053,7934,12308
AEGIMSS;
AEGIMST;
AEGIMSV;324,376
AEGINNO;12023,12121
AEGINNP;2066,3407,12027
AEGINNR;
AEGINNS;923,11057
AEGINNT;
AEGINNU;12077,12262
AEGINNW;12037
AEGINNY;7424,8018,12124,12266
AEGINOR;10747
AEGINOS;
AEGINOZ;
AEGINPP;7175
AEGINPR;3407
AEGINPS;12232
AEGINPZ;7984,8010,8022,10144,10156,12027,12217
AEGINRR;
AEGINRS;
AEGINRT;
AEGINRV;
AEGINRW;
AEGINRZ;10110,11982,12027,12077
AEGINSS;
AEGINST;
AEGINSU;4595,7988,11877,12014,12246
AEGINSY;
AEGINSZ;
AEGINTU;3165,6042,9704,12262
AEGINTV;
AEGINTZ;5379,8015
AEGINVW;
AEGIORT;3408,3429,3437,4601,5345,7944,7980,7991,7992,8024,8068,8078,8080,8126,10722,10979,11985,12052,12098,12118,12130,12132,12277,12340,12349
AEGIOST;3508,8024
AEGIPPR;12331
AEGIPPS;12050,12133
AEGIPRR;2077,3407,12350,12377
AEGIPRS;12056,12109
AEGIPST;10710
AEGIRRZ;11167,11871,11982,12015
AEGIRSS;
AEGIRST;
AEGIRSV;
AEGIRSW;223,11117,11132,12056
AEGIRSZ;5341,9741
AEGIRTV;1722,6791
AEGIRUY;6053,7967,11223,11865,12282
AEGIRUZ;5379,10166,10186,12015,12077,12273
AEGISST;
AEGISSU;5155,8047,11089,11877,11890,12133,12333
AEGISSV;12364
AEGISTU;1122,11176
AEGISTY;8030,12031,12055,12132
AEGISTZ;7994
AEGISUZ;5153,10225
AEGISYZ;7994,12276
AEGJLNR;
AEGJLNS;4595
AEGJLSS;
AEGJLST;
AEGKKNO;
AEGKLOU;
AEGKLRS;1115,9663,9738,10096,10238,12086,12178
AEGKMRY;
AEGKMSS;11209
AEGKNOR;925,1105,3438,4380,4430,4872,5355,6586,12279
AEGKNRS;9663
AEGKRSW;1115,2116,3185,6037,12086
AEGKSST;7377,9740
AEGLLLY;2914,3208,3366,6043,7402,7403,7929,8067,12282
AEGLLNO;11216,12010
AEGLLNR;931,3361,7850,11892
AEGLLNS;
AEGLLNT;4603,7966,10237,11216,11892,12186,12379
AEGLLNY;4957,7850,9664,10237,11892
AEGLLOR;11840,12010
AEGLLOT;3519,4603,5144,11134,11878,12186
AEGLLRY;2914,3208,9773,10982
AEGLLST;7310,7312,10983
AEGLLSU;2122,2129,3521,8069,12090,12288,12291,12294
AEGLLSY;3522,6047,8030,10982,11091
AEGLLTU;4603,7312,10237,10983,12379
AEGLMMR;1125,9506
AEGLMNR;931,3211,3523,4604,11292,11293
AEGLMNS;
AEGLMOR;7405,8068
AEGLMOU;11055,12135
AEGLMPU;11055,12382
AEGLMRS;
AEGLMRU;3192,4604,11292
AEGLMSV;
AEGLMSY;10147,10763
AEGLNOS;
AEGLNOT;3523,4958
AEGLNPR;27,2148,9701
AEGLNPS;2150
AEGLNPT;
AEGLNRS;
AEGLNRT;4958,8131
AEGLNRU;4604,5156,11292,12015
AEGLNRW;3484,11292
AEGLNRY;10669
AEGLNSS;5390
AEGLNST;
AEGLNSU;4595
AEGLNSW;6587,10767
AEGLNSY;12385
AEGLNTT;3486,7835,10133,11173,12003,12096
AEGLNTU;
AEGLNTW;12186
AEGLNUU;3498,4604,5157,5371,8137,10209
AEGLNUW;2135,11292,12320,12321
AEGLOOZ;
AEGLOPR;1726,2148,3179,9701,12313,12315
AEGLORS;
AEGLORT;6817,8068,8078,10101,12052,12098,12169
AEGLORV;5374,5388,7932,8031,12219,12313
AEGLOSS;3524
AEGLOST;3412
AEGLOSU;2746
AEGLOSV;6050,10112
AEGLOTV;3195,8048
AEGLPPR;5337,7976
AEGLPRS;
AEGLPRU;27
AEGLPSS;2147,3526,7832
AEGLPSU;3412
AEGLPUY;3527,5373,10207,10982,12282,12288,12382
AEGLRRU;721
AEGLRSS;3526
AEGLRST;
AEGLRSV;
AEGLRSY;5387,8138,9773,10763,10982,12387
AEGLRSZ;
AEGLRTU;
AEGLRTY;9476,10669
AEGLRVY;3523,9755,11081,11867
AEGLSSS;2087,3409,5386,8137,10668,12378
AEGLSST;8130,10213
AEGLSSU;8047,12328,12333,12335,12336,12386
AEGLSTT;8095,12035,12332
AEGLSTW;
AEGLTUV;
AEGLUUY;7850,11892
AEGLUVY;1021,11223,11867
AEGMMNS;8013,12179,12280
AEGMMRS;9506,10763
AEGMMRU;
AEGMMSS;2083,3413,3465,3487,10770,12234
AEGMNNO;7382
AEGMNOR;5355,8131
AEGMNOS;7209,10667,10719,10735,10762,10770,12179
AEGMNOT;5360,7442,8131,10769,11297,12168
AEGMNPY;11291,11301,12059,12301,12382
AEGMNRS;
AEGMNRT;8131
AEGMNST;
AEGMNSW;3199,11249,12117
AEGMNTU;
AEGMOOR;2148,3490,6817,7405,7440,7980,7998,8068,12046,12137,12241,12308
AEGMORS;
AEGMOSW;502,11249
AEGMOSY;5387,9758,11148,12280
AEGMOXY;
AEGMRSU;324
AEGMSUY;3527
AEGMSUZ;10225
AEGNNOS;3411,7178
AEGNNOT;6835,9784
AEGNNOW;12037,12125,12186,12287,12351
AEGNNPS;
AEGNNRT;2722,2747,2894,3368,3369
AEGNNRU;5388,12077
AEGNNST;
AEGNNTT;8018
AEGNNTU;3165,7197,7445,9704,9784,10671,12262
AEGNOOR;2089,2146,2148,3490,5374,5380,5712,6032,6045,7423,7440,8073,8074,10037,11149,11269,11889,12046,12098,12147,12241,12324,12352
AEGNOPT;7442
AEGNORR;4430
AEGNORS;
AEGNORT;7440,11149,11985,12098
AEGNORW;925,5380,6586,10747,11882
AEGNORY;224,2089,7382
AEGNOST;326
AEGNOSY;4955,6833,9758,12280,12290,12291,12294,12356,12385
AEGNOWY;4957
AEGNPRS;
AEGNPRT;7442,9786,11099,11149
AEGNRRS;
AEGNRRT;3434,3446,3478,3492,6057,10127,12046
AEGNRSS;
AEGNRST;
AEGNRSU;
AEGNRSW;
AEGNRTU;6042
AEGNRTW;
AEGNRTY;225,3367,9476,10669,11892
AEGNSSY;
AEGNSTT;12390
AEGNTTU;3200,5384,7301,7445,11283
AEGOORT;2146,4601,5380,6815,6817,7423,7440,7935,7980,7998,8068,8078,8126,9402,10103,11139,11149,12046,12098,12137,12147,12241,12352
AEGOPPR;8126,12252
AEGOPRS;1428,1940,11158,12126,12397
AEGOPRT;2092,7980,7991,7998,8002,8126,11149,12052,12147
AEGOPST;3412
AEGOPTT;2085,7372,7982,8114,10751,12237,12255
AEGORRT;5336,6057,7991,11139,12052
AEGORSS;10988,12149
AEGORST;
AEGORSU;4947,5383
AEGORTT;10665,10729
AEGORTU;5336
AEGORUV;11115
AEGORVY;3523,8121,9755
AEGOSST;2153,8083,8130,12230
AEGOSSU;5383,8047,10092
AEGOSTU;326,3412
AEGOSTW;503,1126,4271,11864,12287
AEGOSTX;
AEGOSVY;
AEGOTTU;
AEGOTTV;
AEGOTUV;326,7960,8063,12327
AEGOTUZ;5379
AEGPPRS;369,3181
AEGPRRS;369,12011,12057,12139,12155,12350,12376,12377,12397
AEGPRRY;2073,10104,12377
AEGPRSS;
AEGPRST;
AEGPRSU;12056,12397
AEGPRSW;9724,11132,12056,12271
AEGPSSU;7386
AEGPSTU;3412,12261,12358
AEGPSUZ;12273
AEGRRSS;2155
AEGRRST;8096
AEGRRSU;
AEGRRSV;5063,9697,10761,12079,12392
AEGRRSZ;
AEGRRUU;721,3498,7447
AEGRRUV;
AEGRSSS;
AEGRSST;
AEGRSSU;5376,7377,8047,11890,12185
AEGRSSW;3531,12134
AEGRSSY;3134,7945,11081,12031
AEGRSTT;
AEGRSTV;10132,12396
AEGRSTY;3522,11893,12132,12387
AEGRSUV;324,10229,11247
AEGRSVY;11081,12031,12377
AEGRSYZ;
AEGSSSU;7199,8137,11086,11256,12211
AEGSTUU;
AEGSTUV;3532,10132,10229,10980,11303,12396
AEGTTTU;11858
AEHHIKS;3415,9789
AEHHINS;5064,9789,12413
AEHHIRS;3416,5064,5392,6059,7357,9789,11894,12053,12056,12406,12409,12410,12415,12416,12419
AEHHIST;1128,11098,11318,12055,12404,12408,12409,12410,12416,12419
AEHHLST;2777,3222,3540,10780,11310,11317,11895,12404,12422,12423,12425
AEHHLTY;7458,8151,10251,11310,11324
AEHHNRS;615,878,5064,10039,10781,12413
AEHHPRS;3416,3417,4605,4880,5064,5392,7359,7454,7829,9793,10674,11894,12053,12056,12060,12064,12406,12409,12410,12416,12431
AEHHRRS;3417,4880,6593,7359,9789,10674,12057,12064
AEHHRSS;4608
AEHHRST;3415,12410
AEHHSSS;3541,6060,6063,12417
AEHHSST;723,1438,11895
AEHHSTY;1947,2800,7464,8164,8170,9790,10248,11098,11310,12055,12409,12410
AEHIILR;1025,1130,1131,1422,1436,2074,2164,2168,3225,3419,4234,4235,5394,5396,5399,5714,6059,6791,7938,7953,8192,8194,9797,10720,11333,11337,11338,12073,12442,12445,12449
AEHIIRR;2801,4520,5329,5931,6068,7471,7939,7959,8214,9797,11104,11337,12081,12450
AEHIJRS;11350
AEHIKLT;
AEHIKNS;7466,7962,11105,11331
AEHIKPS;3552,7962,11331,12087
AEHIKRS;10274,12087,12464
AEHIKSS;8219
AEHIKST;5162,10784
AEHIKSW;8219,12086
AEHIKSY;3552,11331,12087
AEHILMN;5410,5412,9803,11311,11312,11355,12070,12094,12476,12479
AEHILMO;1136
AEHILMS;
AEHILMY;2940,9346,9804,11336
AEHILNR;382,1450,7495,11312,12402
AEHILNS;1137,5410,5412,10258,11371,12479
AEHILNY;3554,5417,8228,8229,11109
AEHILOR;1136,10244,12402
AEHILPR;11060,11315,11374
AEHILPT;3173,3534,3543,3544,3560,5417,10283,11060,11315,11360,11374,12052
AEHILRS;
AEHILRT;382,1129,5714
AEHILRU;1140,3233,6460,6605,8231,9666
AEHILSS;6061,12472,12479
AEHILST;4963
AEHILSW;12086,12102
AEHILTT;382
AEHILTY;1347,5417,7974,9346
AEHILUV;682,3233,8187,11115
AEHILVY;1134,8188,11376
AEHILWZ;
AEHIMMR;1141,2895,3429,8253,11106,11377,12490,12492,12493
AEHIMMS;12491
AEHIMNR;384,1141,3572,9532,11312,11378,11383,11989,12405,12439,12492,12495
AEHIMNS;
AEHIMNT;12492
AEHIMNY;7504,12439,12503
AEHIMPS;1127,1142,3552,5815
AEHIMRS;
AEHIMSS;
AEHIMST;
AEHINPR;1141,3397,3572,9711,9712,10804,12405
AEHINPS;
AEHINPT;5417,10288,11360,12124
AEHINRS;
AEHINRT;382
AEHINSS;
AEHINST;
AEHINSV;1137,3553,7222,11349
AEHINSW;
AEHIORR;3572,5931,6068,6865,7308,7990,10300,10301,11383,11397,11854,12492
AEHIPPR;3572,10804,11336,11417,12403
AEHIPPS;10242,12050
AEHIPPT;7491,7991,8160,8272,12124,12403
AEHIPRS;12056
AEHIPSS;
AEHIPST;
AEHIPSW;3574,12538
AEHIPTZ;3549,3551,5417
AEHIQSU;1137,5173,10297,12499
AEHIRRR;2896,3435,10300,11097
AEHIRRS;
AEHIRSS;
AEHIRST;
AEHIRSV;
AEHIRSW;
AEHIRTW;934,2943
AEHIRWY;5344
AEHISST;
AEHISSV;10269
AEHISTT;12463
AEHISTY;11098,12055,12463
AEHISTZ;
AEHISVY;6112,7537,11376,12463
AEHITTW;1111,6079,10808,11321
AEHJLOW;
AEHKMSS;6861,7231,8217,8285,8286,10274,11351,12464
AEHKNRS;8218,12464
AEHKNRT;1109,1110,3423,11422
AEHKNSZ;
AEHKOOR;11422
AEHKOSS;
AEHKPRS;10817,11331,12087
AEHKPSU;4521,7962
AEHKRRS;2813,5067,5944
AEHKRSS;7377,10999
AEHKRSW;12086
AEHKSSY;
AEHKSWY;
AEHLLLS;6878,8220,8222,8289,12546
AEHLLOS;3587,4967,5890,6878,8220,10040,10112,10124,10277,10278,11862,11905,12093,12441,12467,12546,12547,12549
AEHLLOV;1134,10112
AEHLLRS;3585,3587,4967,8234,10277,11107,12091,12093,12441,12442,12466,12467,12545
AEHLLST;3587,10784,11862,12091,12467
AEHLLUV;
AEHLLYZ;4968,5425
AEHLMNO;1136,6062,12135,12550
AEHLMNY;1465,6062
AEHLMOR;1136,2940,3440,4959,6062,7494,8238,10244,10251,11001,11312,11425,12421,12550
AEHLMPS;3230,3552,5815,6087,11431,11434,12091,12422,12480,12552,12553
AEHLMPW;
AEHLMRS;5947,9506
AEHLMRT;684,7233,10251,11001,11312,12421
AEHLMRU;4197,5179,12550
AEHLMST;4963,12423
AEHLNOS;936,12546
AEHLNOT;2213,3586,8294
AEHLNRT;8294,12403
AEHLNSS;5410
AEHLNST;10708,11902
AEHLNSU;1137,3439,11135,11902,12101,12104,12474
AEHLOPR;686,2168,2193,2211,3585,7499,7544,7547,7831,7976,7977,8231,12073,12093
AEHLOPT;5417,5425
AEHLORS;
AEHLORT;10251,10961,11324,12548
AEHLOSS;2941,3562,4969,6061,10040,10307,10308
AEHLOST;9318
AEHLPRS;6620,12545
AEHLPSS;
AEHLPST;
AEHLPSY;2189,2732,3552,4191,5424,6878,7500,7501,8194,8250,8289,11361
AEHLRSS;870,4969
AEHLRST;
AEHLRSU;9319,10039,10823,10824,11436,11906
AEHLRSV;
AEHLRSW;5185,12086,12102
AEHLRTY;1758,5426,8291,10251,12548
AEHLRWY;5344,11425,12548
AEHLSSS;381,10793,11371,12479
AEHLSST;
AEHLSSY;1034,2730,3566,6606,6867,7378,11436,11904
AEHLSTT;
AEHLSTW;4881,11317
AEHLSWY;
AEHLTWY;12548
AEHMMNS;2804,3234,3428,10285,10794,11444,12491
AEHMMRS;617,8166,8253,9506,11444,12490,12491,12493
AEHMMSS;12560
AEHMMSY;6869,11358,12491
AEHMNOR;384,9425,11989,12492,12550
AEHMNOS;5951,12496
AEHMNOT;3398,3443,5701,12141,12492
AEHMNOY;6062,9427,9829,11426
AEHMNPY;12059,12439,12503,12551,12552
AEHMNRU;3258,4612,6118,8302,10828,12550
AEHMNST;
AEHMOPT;11360,11428
AEHMORT;9425,10251,10831
AEHMPRR;1112,3572,3590,6794,7981,8261,12059
AEHMPRS;3585
AEHMPTY;2178,3593,5179,7982,8178,9830,10787,12439
AEHMRRS;1146,2813,4970,10126
AEHMRSS;
AEHMRST;
AEHMRTU;4197,5179,8169,12561
AEHMRTW;2943,3434,10286
AEHMSSS;9827
AEHMSST;
AEHMSTT;3428,10827,11430
AEHMSTU;
AEHMSUW;3258,10828,12117
AEHMUZZ;
AEHNNTU;736,2879,3243,7197,7524,8224,9704,9792,11903,12562
AEHNNWY;
AEHNOPT;3544,3551,5417
AEHNOPW;
AEHNOPY;3580,5182,5417,8227,8228,9348,10288,11426
AEHNORS;4620,7545
AEHNORT;9425,10127,11152,12562,12569
AEHNOSX;1462,5427,5949,10282,12478,12482,12519
AEHNPPS;386,387,1968,1973,3181,10805,10817,11394,12145,12427
AEHNPRS;10688
AEHNPRT;10782
AEHNPSS;
AEHNPST;
AEHNPSU;3441,11127
AEHNPTY;2817,3580,10288,12439
AEHNRSS;
AEHNRST;878,2876,12569
AEHNRTU;
AEHNRTX;9505,9542,12510,12561
AEHNSSS;9480,10673
AEHNSST;
AEHNSSU;3583,4586,11900,12459
AEHNSSZ;
AEHNSTY;3261,9727,9835
AEHNSUW;3258,10828
AEHNSUY;737,9427,10310,12104,12503,12562,12567
AEHNTTW;1111,3576,10286,10808,10827,12415
AEHOORT;739,1144,6116,7980,7998,8168,8169,8172,8238,8294,9402,9425,10103,11139,11855,11856,12065,12098,12137,12147,12154,12407,12421,12424,12456,12548
AEHOPRT;1144,2092,7991,10103,10253,12065,12154,12432
AEHOPST;
AEHORRS;3595,5426,12060,12146,12152
AEHORST;
AEHORSX;3585,10123,10129,10321,11158,11413,12109,12139,12565
AEHORTU;1147,4197,5336
AEHORTX;530,3546,9542,10831,12510,12561
AEHORUV;
AEHORUW;1147
AEHOSTU;
AEHOSTW;5945,11416,12415,12419,12461
AEHPPRS;
AEHPPRW;
AEHPPSU;10242,12145,12426
AEHPRRS;3595,10129,12057,12152
AEHPRSS;
AEHPRST;
AEHPRSW;3574,12056,12538
AEHPRTT;391,1468,2221,3595,8316,9728,9830,11327,11330,11439,11464,12421,12430,12432
AEHPRTY;2817,3593,5179,10248,10253,10787,11320,12432,12439,12505
AEHPSST;
AEHPSSW;
AEHPSTY;3593,5424,10248,11148,11373,12055,12410
AEHQRSU;361,7502,10297
AEHQSSU;
AEHRRSS;10128
AEHRRST;1146,2876,10126,12146,12152
AEHRRTU;
AEHRSST;
AEHRSSV;4969
AEHRSSW;4608
AEHRSTT;
AEHRSTV;389,10132
AEHRSTW;
AEHRSVW;3420
AEHRSWY;
AEHRSXY;2800,10321,11413,12109,12139
AEHRTUU;10295
AEHRTWY;1147,12548
AEHSSST;2087,3541
AEHSSSW;2087,4618,9833
AEHSSTW;
AEHSTTU;3442,3592,3594,9838,10824,11314,11418,11453,12404,12463,12517,12532
AEHSTUX;12423,12463,12533
AEHSTVW;11098
AEIIKLR;2224,7857,8360
AEIIKNT;12162
AEIIKSS;6919,8362,11170
AEIILLT;3609,3610,6595,8369,10148,11163,11172,11918,11920,11922,12067,12186
AEIILMP;5455,5471,6145,7200,9852,12675
AEIILMR;3377,4837,4888,6144,6149,6931,7584,8394
AEIILNN;12679
AEIILNR;
AEIILNX;3606,9558,10843,11866,12710
AEIILRR;1436,3372,3373,3377,3625,6157,7471,7583,7584,8378,8423,11006,11472,11490,11491,12656
AEIILRS;6059,8423,11101,12073
AEIILRV;3225,3377,3627,5069,9870,11183,11503,11867,11921,11923,12646,12670
AEIILRZ;4341,7584,8402
AEIILSS;3601,4237,12230,12586
AEIILST;3601
AEIILSW;
AEIILTZ;11165
AEIIMNT;5466,12719
AEIIMPR;32,3226,3655,7476
AEIIMRT;2969,2971,5470,6149,6172,8388,8394,10330
AEIIMRV;5470,11923,12245,12735
AEIIMST;924,1148,5432,12743
AEIIMTT;6172
AEIINNS;728,1441,2241,4535,6173,11836,12716
AEIINOP;1094,2231,2250,2969,2974,3266,3549,3551,3653,3660,3662,5401,6152,6168,6175,6963,7588,7589,8149,8203,10381,11536,12727,12758,12768,12773
AEIINQU;8063,8470,10376
AEIINRR;11541
AEIINRS;3266,11845
AEIINRT;
AEIINST;
AEIINSX;2241,5211,8005,8415,11341
AEIINTX;3606,4636,5213,6042,6176,6661,9558,10843,11866
AEIIPRR;1038,1162,6152,6157,7471,7939,8485,12636
AEIIRRV;3377,5069,7889,7892,7893
AEIIRST;
AEIIRSW;3420,6037,10193
AEIITTV;3269,11529
AEIJKLM;
AEIJKLW;
AEIJLNV;6974
AEIJLNW;
AEIJLRS;2052,8358
AEIJLSZ;
AEIJMMR;2052,2174
AEIJMMS;2052
AEIJMNS;12278
AEIJNNS;
AEIJNRS;3266
AEIJNRT;5963
AEIJNST;7630
AEIJNTU;6182
AEIJRSV;
AEIJRZZ;
AEIJSSV;
AEIKKLO;
AEIKKPS;3668
AEIKKST;6183
AEIKLLW;11208
AEIKLLY;
AEIKLMN;1169,2827,5355,7485,7574
AEIKLMP;
AEIKLMR;2224,2940,5355,6976,8360,12279,12781
AEIKLNO;1105,5355,9802
AEIKLNP;6036
AEIKLNR;2827,12279,12629
AEIKLNS;
AEIKLNT;
AEIKLNU;12629
AEIKLNV;
AEIKLOR;1105,2940,5355,5453,6185,7844,8360,12279,12781
AEIKLOT;
AEIKLRR;1042,4209
AEIKLRS;1115
AEIKLRT;
AEIKLRV;
AEIKLRW;
AEIKLRY;2733,2940
AEIKLSS;
AEIKLST;
AEIKLSW;
AEIKLWX;
AEIKMMS;1480,12179,12280
AEIKMNP;
AEIKMNR;688,2827,7485
AEIKMNS;2793,10709,12179
AEIKMPR;
AEIKMRW;12781
AEIKMSS;6861,9901,10274,11351,12464
AEIKMST;
AEIKNNT;7388
AEIKNPR;
AEIKNRR;
AEIKNRS;
AEIKNRT;7857,7867,8359
AEIKNRW;
AEIKNSS;
AEIKNST;
AEIKNSW;
AEIKNSY;11331,12280,12281
AEIKNSZ;
AEIKNTU;3423
AEIKNTY;7867,8359
AEIKNYZ;
AEIKOST;1480,3553,6183,10853,11567
AEIKPRR;
AEIKPRS;
AEIKPRW;
AEIKQRU;3423
AEIKRRS;4206,8219
AEIKRSS;10274,11563,12464
AEIKRST;
AEIKRSU;4646,5408,12632
AEIKRSW;4448
AEIKRSZ;9741
AEIKSSS;1986,8219,11354
AEIKSTT;3553,11567,12783
AEILLMN;2827,2830,8495,8496,8497,8498,11355
AEILLNR;152,153,2827,2830,10857,11573
AEILLNS;8519,12649,12797
AEILLNU;99,154,557,2276,3613,5967,7635,8228,8229,8230,8519,12629
AEILLNY;3687,4507,7643,8514
AEILLOV;2264,10112
AEILLPR;5504,10857,11573,11580,12636,12646,12784
AEILLPS;3668
AEILLPU;1485,2276,5455,8228,8521,10242,11355,11580,12090,12288,12636,12646
AEILLPY;1046,1117,3603,3682,5370,5504,9365,11357,11878
AEILLQU;
AEILLRR;2830,8504,8513,11580,12583,12784
AEILLRS;11846
AEILLRT;5502,11878,11922,12784
AEILLRU;8229,8513
AEILLRW;2914,3285,3484,8075
AEILLSS;
AEILLST;
AEILLSW;3285
AEILLUV;5238,8507,8510,8521,11223
AEILLVX;
AEILMMN;
AEILMMR;
AEILMMS;1473
AEILMNN;
AEILMNO;1048,3490
AEILMNP;
AEILMNR;
AEILMNS;
AEILMNT;
AEILMNU;4349,11311
AEILMOR;237,2940,3377,6066,10244
AEILMPR;5970
AEILMPS;
AEILMPT;3534,3543,10840,12674
AEILMRR;400,3373,3377,3683,6149,10244
AEILMRS;
AEILMRT;
AEILMSS;
AEILMSZ;3375,8332,8535,11470
AEILMTY;1154,2179,2263,2266,3705,8503,8510,11172
AEILNNY;3554,6935,6987,8494,12634,12787
AEILNOP;
AEILNOR;12402
AEILNOS;5725
AEILNOT;242,401
AEILNPR;
AEILNPS;
AEILNPT;
AEILNPW;3484
AEILNPX;5147,5373,8498,8541
AEILNQU;
AEILNRR;101,2272,2981,8513,8539,12402
AEILNRS;
AEILNRT;
AEILNRV;5074,5085,5124,5230,5501
AEILNRW;3484,5085,6998,10208,10442,11014,11882,11985,12102,12293
AEILNRX;243,3606,4533,4636,5081,7675,10433,11644
AEILNRY;626,1496
AEILNSS;
AEILNST;11310
AEILNSU;
AEILNSV;
AEILNSW;1793,6998
AEILNSX;2229,8005,11841,12104
AEILNSY;4864,9567,12795
AEILNTU;5475,7635,11311,11984
AEILNTV;12582
AEILNUV;11923,12705
AEILNUW;2135,5085,12320,12321
AEILNVY;1496,3725,12844
AEILOPP;5159,5816,9446,12301
AEILOPR;4259
AEILOPS;7500
AEILORV;
AEILOSS;
AEILOST;
AEILOTV;
AEILPPR;3712,8251,11336
AEILPPS;9446,10242
AEILPRS;
AEILPRT;
AEILPRV;
AEILPSS;
AEILPST;
AEILPSY;383,3552,3648,8423,8489,8587,11363,12109,12795
AEILQTU;157,7326,7862
AEILRRS;
AEILRRT;
AEILRSS;
AEILRST;
AEILRSV;
AEILRSW;1115,6998,10208
AEILRTT;
AEILRTU;12674
AEILRTW;2135,11882,11985
AEILRTY;3689,5210,12852
AEILRVV;
AEILRVY;1134,1496,2309,5501,5504,5514,8507,11651,11867
AEILRWY;2914,5344
AEILSSS;381,12806
AEILSST;
AEILSSU;8589,11222,11663,12185,12333,12336
AEILSSV;8317
AEILSSW;6998
AEILSTU;8248,8430,8585,11176
AEILSTV;12853
AEILSTW;11117,11317
AEILSTY;
AEILSTZ;1029,1177,3537,10791,10873
AEILSVV;10346,12653
AEILTVY;10744,11651,11867
AEILUVX;11376
AEIMMMS;3740,7700,8252,8528,12182,12490
AEIMMNS;8013
AEIMMOS;3487,3740,9564,10220,10449,12471,12490,12493,12856,12857
AEIMMPS;10446
AEIMMRR;33,2139,2841,3429,8098,9580,11377,11491,12492,12656
AEIMMRS;
AEIMMRT;33,3429,11377,11665,12492
AEIMMSS;
AEIMMST;7700
AEIMMZZ;
AEIMNNT;1182,8224
AEIMNOR;384,1141,3572,5324,11989,12038,12492,12722
AEIMNOS;
AEIMNOT;12168
AEIMNOU;3502,3741,4349,4597,5324,5333,6196,7422,8499,8537,8539
AEIMNPR;6168,9532,11894,12406,12439,12790
AEIMNRR;4353,5324,6168,6169,8442,8539,12492
AEIMNRS;
AEIMNRT;12492
AEIMNRV;11923,12620,12669,12738,12875,12877
AEIMNRW;11690
AEIMNSS;
AEIMNST;
AEIMNSW;3199,11690
AEIMNTX;2229,3606,5081,8541,10384,10433,10858,11689
AEIMNTY;3507,3741,5979,7504,8055,8451,8503,8544,8618,10689
AEIMNUV;1182,3623,8503,11923,12582
AEIMOOP;2312,3743,4668,6785,6872,7474,7980,8497,8498,8538,8541,8546,8610,10454,11381,11961,12308,12405,12495,12810,12815
AEIMOPR;12038
AEIMORR;3572,6149,6168,6169,7712,8539,11377,11383,11677,12492,12883
AEIMORS;
AEIMOST;1480,5169,7700,11318
AEIMOTX;10433,11689
AEIMOTZ;
AEIMPRR;1112,3683,5128
AEIMPRS;
AEIMPRT;
AEIMPRV;7515
AEIMPSS;
AEIMPST;10880
AEIMPSV;
AEIMPSW;
AEIMPSY;8109,8489,8621,12856,12857
AEIMPTX;3534,8150,8541,10858
AEIMRRR;5129,5321,7981,11943,12038
AEIMRRS;
AEIMRRV;1812,3377,12883
AEIMRSS;
AEIMRST;
AEIMRSU;10449,11697,11848
AEIMRSV;11247,12341,12342
AEIMRSW;2206
AEIMRSY;
AEIMRTU;
AEIMRTV;1812,8505,12883
AEIMRTW;
AEIMRUZ;2751,7584,8532
AEIMSSS;
AEIMSST;
AEIMSSV;3599,3654
AEIMSSW;4644,7519,11690
AEIMSSY;5508,8379,11692,12737,12856
AEIMSTT;
AEIMSTZ;3309,10801
AEIMSUV;5403,11697,12745
AEIMSXX;
AEIMTYZ;
AEINNNS;2003,2004,4535,6218,7330,7505,8350,12122,12491,12595,12610,12622,12748,12887,12888
AEINNOT;
AEINNPR;328,2066,3397,3407,5089,6959,7259,7261,7351,7703,7839,8625,10466,10804,11706,11717,12027,12207,12890
AEINNPT;2038,2106,5089,5983,11230,11706,11717,12810
AEINNRS;
AEINNRT;4249
AEINNRU;3717,8513,11626,11717
AEINNSS;
AEINNST;5231
AEINNSW;
AEINNSZ;3199,3202,7507,8350,10136,11511,12685
AEINNTT;5477,8018,8182
AEINOPS;4270,10143
AEINOPZ;2930,10144,10156,12217
AEINORS;3266
AEINORT;
AEINOSS;
AEINOST;
AEINOSV;10112,11941
AEINOSZ;3633,5725,7593,8372,8535,12584
AEINOXZ;
AEINPPP;7621,8203,9593,12371
AEINPPR;10804
AEINPPS;90,3727,8161,10334
AEINPRS;
AEINPRT;
AEINPSS;
AEINPST;
AEINPSW;
AEINPTT;
AEINPTU;1819,12262
AEINPTY;5983,6178,10288,12439
AEINQTU;158,7221
AEINRRS;
AEINRRT;33
AEINRSS;
AEINRST;
AEINRSV;1059,7266,12738,12877,12913
AEINRTT;
AEINRTU;
AEINRTW;4249
AEINRUV;5074,5085,5124,5230,5501,11923
AEINRUW;2135,5085
AEINRUZ;2751,8532,10071,10166,10186,10295,10466,12015
AEINRVV;11889,12177
AEINRWY;5216
AEINSSS;
AEINSST;
AEINSSV;8317
AEINSTT;
AEINSTU;
AEINSTV;
AEINSTW;
AEINSTX;10884,10910,11267,11841,12803
AEINSTZ;3537,10807,10873
AEINSVV;
AEINSWY;
AEINTUV;2831,3200,12582
AEINTVW;12692,12693
AEINTVY;11693,12776
AEINTXY;3730,5510,12104,12266,12412,12710,12904
AEIOPRS;3266
AEIOPSS;3676,3745,10796,12133
AEIOPST;5169,11318
AEIOQSU;5962,8655,11672,11695
AEIORRR;593,1918,2896,5129,5252,5321,5514,6157,7943,7981,7990,8121,10095,10979,11097,11943,12038,12367
AEIORST;
AEIORSV;
AEIOSST;
AEIOSTT;953
AEIOSTZ;3633,7593,7994,8478,12685,12764
AEIOTZZ;
AEIPPPR;1188,7270,7621,8203,12371
AEIPPPS;12050
AEIPPRS;
AEIPPRT;6726,8251
AEIPPRY;2336,3648,6180,8250,8251,8266,11336,11357,11417,11655
AEIPPRZ;10804
AEIPPSS;
AEIPPST;
AEIPPSY;2208,2947,3416,3648,8161,12475
AEIPRRR;2896,3407,5514,6157,7943,7981,7990,12038,12784
AEIPRRS;
AEIPRRT;
AEIPRSS;
AEIPRST;
AEIPRSU;12056
AEIPRSV;7266,10805
AEIPRSW;12056
AEIPRTT;4668,8651,11655,12674
AEIPRTV;
AEIPRTW;5380
AEIPRXY;10381,11417
AEIPSSS;4674,5249,11220
AEIPSST;
AEIPSSV;10269
AEIPSSW;
AEIPSTT;
AEIPSTU;5486,7346,12533
AEIPSTV;3289
AEIPSTW;
AEIPTXY;3730,5983,12412
AEIQRUV;2988,7502,12798
AEIQSSU;5269,10053
AEIRRRT;5482,9877,10095,10300,10979,11717,12231,12367,12784
AEIRRRV;2337,5252,5514,8121
AEIRRSS;2977
AEIRRST;
AEIRRSV;9697,12377,12853
AEIRRTT;
AEIRRTW;
AEIRRTY;535,11728
AEIRRVV;7226,11889
AEIRSSS;8219,10907,11743,12527
AEIRSST;
AEIRSSU;12185
AEIRSSZ;2755,3745,10091,10191,12616,12869
AEIRSTT;
AEIRSTV;
AEIRSTW;
AEIRSUZ;
AEIRSVV;8654
AEIRSVW;
AEIRTTT;3720,5940,11644,11723
AEIRTTV;12364,12877,12913
AEIRTTW;6079,10808,11321
AEIRTTX;400,3607,3757,6784,10892,10904,11644,11723,11866,12510,12904
AEIRTUY;2279,2280,2319,3689,5001,5320,5487,6053,6927,7535,7653,7711,7967,8656,11223,11655,11659,12377,12852,12883,12922
AEIRTUZ;2751,5379,10186,10466
AEIRTVY;535,9371,9494,9870,11651,11867,12883
AEIRWWY;
AEISSSS;10420,11623,11720,11733,11900,12296,12399,12454,12511,12539,12774,12909
AEISSST;
AEISSSW;5246,10852,11743
AEISSSZ;3311,8201,11702,12542
AEISSTV;
AEISSTX;2334
AEISSUV;11089,11587,11663,12246,12853,12923
AEISSUX;10072,12133,12361
AEISSVV;10269,11929,12920
AEISTTT;
AEISTTU;11176,12463
AEISTTV;
AEISTTW;
AEISTTX;1153,3664,3746,7272,12463
AEISTTY;3507,6475,12463,12847,12856,12857
AEISTVW;11098,12692
AEISTWX;
AEISTWY;11098,12538
AEITTTU;1958,8209,11644,12674
AEITTTV;12913
AEJJLNU;
AEJKMNR;3322
AEJKNRS;
AEJKPTU;
AEJLNUV;6974
AEJLOSU;
AEJLOUZ;
AEJLSSW;
AEJMMRS;2052
AEJMNZZ;
AEJMRST;10481,12278
AEJMSST;
AEJMSSY;
AEJMSTY;2259
AEJNNOS;10481
AEJNNSY;
AEJNORZ;
AEJNSST;7630
AEJNSSU;4319
AEJPRSS;
AEJPRSY;10480
AEJRSVY;
AEJRSZZ;
AEJSTWY;
AEKKNRS;
AEKKRSY;11563,12628
AEKLLTU;
AEKLMOU;3766,5272
AEKLNPP;
AEKLNPR;
AEKLNRS;10238,12629
AEKLNRV;
AEKLNST;11902
AEKLNSW;4852,5273,5274,6587,8128,11753
AEKLNSY;1405
AEKLORY;2940
AEKLOST;408,7757,9606,11420
AEKLOVZ;
AEKLPPT;
AEKLPRS;
AEKLPSS;
AEKLPSY;3552,5276,8489
AEKLRRS;523,791,890,1031,1040,2338,4206,4209,4560,5228,5944,8659,10916,11420,11754,11968
AEKLRSS;
AEKLRST;1031,5066,10916,11420
AEKLRSV;
AEKLRSW;1115,10916,11420
AEKLRUW;
AEKLSST;
AEKLSTU;11903,12632,12926
AEKMMNR;3322,8660
AEKMNOS;408,8661,10762,12179
AEKMNRU;1061,1062,1193,3766,4356,8660
AEKMNSU;3669,10762
AEKMOOT;
AEKMOST;1480,10917,11755
AEKMPRU;
AEKMPSU;
AEKMRRS;8286,8661,12281,12464
AEKMRSS;10274,11351,11755,11756,12464
AEKMRST;8286
AEKMRSU;6462
AEKNNOP;3767,12924
AEKNNRS;1757,7330,11917
AEKNNST;11903
AEKNNTU;11903
AEKNOSW;4645,5274,6587,8128
AEKNPPR;
AEKNPRS;
AEKNPSU;7962,12926
AEKNPTU;4646,12926
AEKNRRS;3769,4483,5093,8661
AEKNRSS;
AEKNRST;3769
AEKNRSU;10238,11289,11851,12632,12926
AEKNRSW;
AEKNRSY;937,4955,11331,11563,12281,12628
AEKNRSZ;
AEKNRVY;
AEKNSSU;8065
AEKNSWY;
AEKOPRS;10817,12087
AEKORRS;1116,3769,5067,5093,10917
AEKORSS;5274,6837,10275,11563,12628
AEKORST;3769,6482
AEKOSTV;3553
AEKOTTU;
AEKPPSU;10096,12926
AEKPRRS;6734
AEKPRSS;
AEKPSSY;
AEKPSTU;4646,12926
AEKQRSU;
AEKQSSU;2339
AEKQSUY;
AEKRRST;3769,11851
AEKRSST;
AEKRSSY;4994,11563,12628
AEKRSTY;11424
AEKRSUW;
AEKSSSV;
AEKSSTT;
AEKSWYY;
AELLMNU;3679,3771,5131,5278,5967,8663,10237,11292,11355,11761,12379
AELLMRS;11846,12790
AELLMRT;537,3673,3774,7249,11427
AELLMST;12642
AELLMSU;3679,3681,3684,3771,3772,3773,5119,11215,11761,11936,12090,12285,12547,12642,12790
AELLMSY;5526,11291,12547
AELLMTY;1154,2259,2263,2266,3774,5457,8004,8508,11172,12642,12785
AELLMWX;
AELLNOP;2272,3519,5278,6229,6230,7648,8225,8228,8498,9565,11290,11356,11426,12787
AELLNOR;921,931,3770
AELLNOV;10343,10426,12798,12800
AELLNOY;2017,2267,2954,3687,4347,4957,5278,5526,5832,6187,6229,6230,7638,7762,7764,7894,8067,8227,8228,8229,8494,8514,8517,8669,8670,10202,10342,10422,10426,11291,11426,11759,11970,12290,12291,12294,12787,12795
AELLNPY;5278,6229,6230,7347,7762,7764,11291,11426
AELLNRT;395,3771,3777,3778,9610
AELLNSS;7378
AELLNSW;105
AELLNTT;3454,3486,3610,3612,7247,7635,8501,11173,11427,12379,12800
AELLNUU;5280,5283,7347,7850,8499,11969,11970,12790
AELLNVY;11759
AELLOPX;8498,11762
AELLORS;
AELLORT;3689,12583
AELLORV;5504
AELLORY;1134,1758,3689,4347,6924,7638,7894,8290,10342,10482,11425,11765,11970
AELLOSS;11905
AELLPPS;1066,2860,3289,10242,11761,12546,12586,12931,12932
AELLPRS;
AELLPRU;7041,9683,10919,10982,12549,12636
AELLPSS;
AELLPST;
AELLPTU;5455,12549,12636,12932
AELLPTY;2212,3603,10428
AELLQUY;3687,3689,11582,11583
AELLRRU;1171,1176,2061,2344,3774,4680,5503,7041,7542,8504,8513,8669,11580
AELLRST;9683
AELLRSU;3521,3771,3772,3773,3778,3780,10919,10982,11970,12549
AELLRSW;105,3285
AELLRSY;4967,8671,9773,10482,10982,11091,11765,11970
AELLRTY;3689
AELLRVY;8507
AELLSST;3779
AELLSSU;914,3326,3694,3778,3780,4278,5006,10425,10919,11768,12641,12653,12802,12931
AELLSSW;
AELLSTT;7042,12420
AELLSTW;
AELLSTY;4679,8357
AELLSVY;5505,7763
AELLSWY;
AELLTUU;2061,2280,5127
AELLUVV;
AELMMNO;5284,7760,11939,12135
AELMMNS;
AELMMNT;352,1409,5095,5284,7760,8292
AELMMOY;2756,8494,9824,9907,11425,11770,12930
AELMMRS;5527,9506,10763
AELMMRT;
AELMMST;
AELMMSY;1180,7637,10763,11358,12633
AELMNNS;998,10765,10921,11430
AELMNOR;3490,3523,5133,10077,12550
AELMNOS;
AELMNOT;4562,5360,7760,8131,11770,12168
AELMNPR;
AELMNRS;5947,11433
AELMNRU;10077,11292,12550,12934
AELMNSS;5006
AELMNST;
AELMNSU;11000
AELMNTT;3390,3622,8182,8235,10133,10323,12003,12168,12379
AELMNTU;1409,3255,5469,10077,11311,11770,12670
AELMOPR;2756
AELMOPU;1199,4463,5278,5729,6988,7776,11039,11055
AELMOPY;1447,1466,2756,5715,6229,7761,7968,11426,12382
AELMORS;
AELMORU;8532,8537,12550
AELMORV;3377,3523,11923
AELMOSS;3487,3524
AELMOST;
AELMOSY;5526,6115,6989,12547,12820
AELMOTT;373,2149,3622,6932,7913,8235,10323,11918,12168,12663
AELMPRS;
AELMPRT;5970,5998,7579,10840,11503,12674
AELMPRY;1466,2756,3683,4996
AELMPSS;
AELMPST;11761,12423
AELMPSU;8677,11615,11761,12552,12826
AELMPTU;3525,3543,5998,7776,7777,8552,11039,11615,11761,11777,12423,12674,12675,12826
AELMRRS;10763,11040,11434,11754
AELMRSS;4278,5006,11753
AELMRST;
AELMRSU;1181
AELMRSV;12669,12791
AELMRTT;7913,10682,12421
AELMRTU;4558,5998,7777,12674
AELMSST;
AELMSSU;5006,9684,11000,11753,11772,12807,12935
AELMSTU;
AELNNPR;955,2915,3361,3712,3767,7970,10206,10207,12207
AELNNPS;3535
AELNNPU;955,4805,5157,6233
AELNNRS;
AELNNRT;2062,3785
AELNNRU;12321
AELNNST;394,3222,3535,4963,5795,6000
AELNNTU;5475
AELNOOS;408,2980,3496,4322,4350,5143,5343,6201,7410,8134,8512,10311,11494,11927,12385,12654,12682,12692,12925,12935,12936
AELNOPS;
AELNOPT;
AELNOPU;955,4463,5278,5729,7764,8294
AELNORS;
AELNORU;1519,11923,12550
AELNORV;3523
AELNOST;
AELNOTV;3523,12798,12837
AELNOTY;2017,2267,2954,3687,4982,5832,7283,8514,8670,9935,10426,11759,12663,12680,12687,12695,12930
AELNOUZ;3637,5475,6941,10071
AELNPPR;9999
AELNPPY;104,9999,12224
AELNPRS;
AELNPRT;5288
AELNPRY;5182,6237,11436,12552
AELNPSS;
AELNPST;
AELNPSU;
AELNPTU;1001,3792,12939
AELNPTX;5213,8541,10843,10858
AELNPTY;2019
AELNQUU;4621,8568,12679
AELNRRS;411,3787,10487
AELNRSS;
AELNRST;
AELNRSV;
AELNRSY;5947,6236,10923,11436,11765,11970,12552
AELNRSZ;8332,12215,12330,12584,12704,12925
AELNRTT;
AELNRTU;
AELNRTV;3523
AELNRUU;1103,2301,3020,3717,8499,10209
AELNRUV;11923
AELNSSU;914,1069,1076,3778,5390,11753
AELNSSW;105,1079,3795,4926,5273,5274,10488,11753
AELNSSX;3301,7282,8412,10868,11526,11604,11642,11643
AELNSTT;9382,10258,10820
AELNSTU;11902
AELNSTV;
AELNSTY;
AELNSTZ;10873,12100,12925
AELNSUW;936,11753
AELNTUV;2955,12582,12705
AELOORS;794,1516,4398,4637,5717,5837,6092,6231,7778,8132,8134,8138,8361,11140,11296,11645,12044,12387,12467,12846,12847,12937,12938
AELOOXZ;3586
AELOPPR;5337,12424
AELOPPX;5251
AELOPRR;640,686,1188,1761,2272,3179,3797,5251,7547,11096,11792
AELOPRS;
AELOPRT;
AELOPRV;
AELOPST;
AELOPSX;12482
AELOPTT;3797
AELOPTU;1199,11039
AELORRT;4943,5272,9776,10251,10961,11001,11139
AELORSS;
AELORST;
AELORTT;4943,7913,12421
AELORTU;4943
AELORTV;
AELORTY;7901,7913,10251,10961
AELORTZ;
AELORUU;1103,4659,4685,7045,8499,10077,12550
AELORVX;
AELORVY;1134,1496,3523,5388,12837
AELORWY;5344,11425,12548
AELOSSS;2345,3409,4662,5328,8137
AELOSST;
AELOSSV;3798
AELOSSW;
AELOSSZ;3790,4663,6061
AELOSTV;
AELOSTZ;3633,7593,12685
AELOSUZ;2138,6941,8535,11945,12334,12825
AELOSVY;12712
AELOTTU;11918
AELOTUV;7876,8376,8421,11791,12837,12942
AELOTVV;
AELOTVY;3523,8680,9935,10426,11759,12659,12687,12712,12837
AELPPRS;
AELPPRY;3648,5337,6237,7976,8250,8251,11336,11357,11655
AELPPSS;
AELPPST;7781,7788,9615,11761,12938
AELPPSU;10096,10242,11761,12601
AELPPTU;11761
AELPQSU;11044
AELPRRS;411,957,11999,12057,12139
AELPRSS;
AELPRST;
AELPRSU;
AELPRSW;11044
AELPRSY;7368
AELPRTT;7276,7451,10840,11655,11659,12421,12674
AELPRTY;1162,12714
AELPRUY;7041,12282
AELPSSS;11220
AELPSST;
AELPSTT;
AELPSTU;
AELPSTY;3412
AELPSTZ;3537,3784,12603,12925
AELPUUV;
AELQRRU;5484
AELQSSU;8420,8589,10053,12479
AELQSUZ;
AELQTUZ;3637
AELRRSS;3562,10424,11419,12676
AELRRSU;11973
AELRRSW;11968
AELRRTT;1762,4943,10682
AELRRTW;11001,11139
AELRSSS;2738
AELRSST;
AELRSSU;12185
AELRSSV;3798
AELRSSW;105
AELRSSY;8671,9773,11081,11765
AELRSTT;
AELRSTU;
AELRSTV;
AELRSTW;11316,11317
AELRSTY;4679,6236
AELRSUV;
AELRSVV;7277,11296
AELRSVY;
AELRSWX;
AELRSWY;
AELRSZZ;
AELRTTT;2309,3327,3339,3720,5176,7674,8427,11644,12674,12714
AELRTTU;3627,3673,12674
AELRTUV;11791,12942
AELRTWY;12548
AELRTWZ;
AELSSST;2087
AELSSTT;9382
AELSSTU;12333,12653
AELSSTV;2357,12826,12853
AELSSTW;
AELSSTX;3301,8412,10868,11526,11604,11642,11783,11795,11797,11798
AELSSTY;1034,11802
AELSSUV;2357,3798,10872,11663,12853
AELSSVY;11081
AELSSWY;9611,10491,11801
AELSTTT;10258,10350
AELSTTW;10916
AELSTTY;
AELSTUX;8572,10823,11787,11849,12423,12649,12943
AELSTWZ;
AELSUVY;11376,12642
AELSWZZ;
AELTTTW;
AELTTUX;
AELTUVV;10346,12653
AEMMMRS;7791,12182,12388,12490
AEMMMST;3740,7049,7700,7791,8252,12490
AEMMMSY;
AEMMNOT;5284,7760,8292,8301,11803,12944
AEMMNSS;10770,11443
AEMMNTU;1195,1409,4652,11311
AEMMOPR;1141,2756,6785,7793,8597
AEMMORS;2001,3410,6647
AEMMORW;
AEMMPRS;10685
AEMMRRS;12388
AEMMRST;
AEMMRSY;1180,5527,7637,10449,12491
AEMMRSZ;186,12658
AEMMSST;12560
AEMMSTU;
AEMMSTW;
AEMNNOR;8537,12579
AEMNNOS;1502
AEMNNOT;
AEMNNOU;3502,3741,11803,11960,12733
AEMNNOZ;4641,5284,10374,12724
AEMNNRS;3340,4328,10933
AEMNNRT;
AEMNNSW;3199,3340,10827,10933,12813
AEMNNTU;2867,3741,10010,11803,12733
AEMNOPP;398,3572,6752
AEMNOPR;6168,12038
AEMNOPS;12390,12727
AEMNOPZ;3802,8608,11382,12947
AEMNORR;3572,5133,9620
AEMNORS;
AEMNORT;
AEMNORU;4940,5133,5324,5333,12550
AEMNORV;11923,12944
AEMNORY;7011,7382,7638,8608,10342,10381,12059,12787
AEMNOSS;3021,10240,12143,12952
AEMNOST;
AEMNOTT;1048,3028,3390,3622,11036,12168,12663
AEMNOTU;3255,3741,5701,7771
AEMNPSS;
AEMNPST;3476,10880,12390
AEMNPSU;4681,9809,9810,12935
AEMNPTU;12561
AEMNPTY;8451,12382,12439
AEMNQSU;11476,11811,11812,12479,12499,12952
AEMNRRU;1061,1519,2063,4327,4353,5133,5324,8539,12550
AEMNRST;
AEMNRSU;
AEMNRTU;
AEMNRTV;3523,12944
AEMNSSS;410,10240,12952
AEMNSST;12143
AEMNSSU;11000,11812,12935,12952
AEMNSTU;
AEMNSTY;3261,3344,3507,8448,8618
AEMNTTU;6005,12379
AEMNTWY;
AEMOORT;7980,7998,8068,8169,10939,12137,12407
AEMOORW;6097
AEMOOST;11494
AEMOOSV;8454,12392,12739
AEMOPPR;231,3572,6872
AEMOPSZ;11610,12857,12947
AEMORRR;5129,5321
AEMORRS;1763
AEMORRV;3377,10939,11806,12883
AEMORRW;
AEMORSS;3577,3745,5402
AEMORST;
AEMORSU;10449,11147
AEMORSW;
AEMORSX;3585,3747,5003,10384
AEMOSST;1438
AEMOSSV;3654,5402,5489,10830,10940,11386
AEMOSTT;8692
AEMOSTW;11249
AEMOSUZ;8535,10225,11945,12825
AEMOSWY;11451
AEMOTTZ;3622,11665,12724
AEMPPRS;3340,9624,10933
AEMPPRY;
AEMPRRS;9386
AEMPRRT;3590
AEMPRRW;
AEMPRST;
AEMPRSU;3151,10449,11697
AEMPRSV;9626,10830,11810,12392
AEMPRSW;3340,10933
AEMPRTT;4668,8546,12421,12674
AEMPRTU;1199,5998,8169,12561
AEMPSSU;3151,3524,9809,11697,12855,12935
AEMPTTT;5471,12674
AEMPTTU;7775,7776,8369,8451,12674
AEMQRSU;3808
AEMQSSU;
AEMRRRS;3808,9782,9985
AEMRRRY;3808,5321,11814
AEMRRST;1764
AEMRRSU;4277
AEMRRSV;
AEMRRSW;2206,4527
AEMRRTU;6053,8394
AEMRSST;
AEMRSSU;4278,12185
AEMRSTT;1764,8170
AEMRSTU;
AEMRSTW;
AEMRSTY;3030,3808,8170,8304,10498
AEMRTTX;400,3607,3804,10433,10831
AEMRTTY;2149,3344,7799,7913
AEMRTUU;5529,5998,7777,12944,12953
AEMSSSU;8450,10354,12047,12743,12952
AEMSSTU;
AEMSSUW;11753
AEMSSYZ;
AEMSTTU;
AEMSTUV;2847,2978,7660,8552,11774,11816,12499,12791,12792,12875
AEMSTVZ;
AEMSUZZ;
AENNNOS;958,2995,3411,3799,4279,5537,6039,9553,10015,10390,11672,11703,12341,12353,12389,12610,12622,12748,12887,12888
AENNNPT;6103,7289,11230
AENNOPS;188
AENNORT;1470,2062,4326,11422
AENNORY;224,3770,3800,4193,4684,5108,7052,8464,8607,8608,8625,10357,11446,12147,12678,12794,12890
AENNOSS;3598,9453,9528,10318,10395,11030,11455,11711
AENNOSV;5537,6050,10501,11821,12341,12342,12354,12827,12895
AENNOSY;1201,5528,12356,12411
AENNOTU;3741,6182,6233,7771
AENNPRS;3029,3340,3348,7801,9724,10933
AENNQTU;158,1815,3715,12303
AENNRST;2722,2747,3347,3348,3369,9388
AENNRSV;4569,5537,8558,10501,11821,12625,12827,12895
AENNRTT;5854,6245,11422
AENNRTV;959,5537,10501,12625,12944
AENNRTY;3712,3770,3785,3800,4684,5397,5464,12678
AENNSSW;9453,11455,11969
AENNSTT;
AENNSTW;2030,10827
AENOOTZ;
AENOPPR;1765,5730
AENOPRS;5347
AENOPRT;
AENOPST;
AENOPSU;3441,12145,12906
AENOPSV;2150,5901,7717,11810
AENOPSW;6743
AENOPSY;1523,7763,11291,12290,12795
AENOPTU;4688,7764
AENORRS;2349
AENORRT;1470,2062,3446,9632,10018
AENORRV;2349,2362
AENORSS;9453
AENORST;
AENORSU;
AENORTU;10295
AENORTV;2362,3523,12796,12798,12837,12944
AENORWZ;
AENORXY;3750,8576,10381,11787,11826,12565,12904
AENOSSS;3530,9454,9613,9774,10174,10190,10382,10770,10947,11300,11812,11818,12496,12615,12939,12952,12955
AENOSST;12143
AENOSSW;9453,9822,11455,11823,12127
AENOSTT;12390
AENOSTU;326,10413
AENOSTV;326
AENOSVW;12692
AENOUUV;1103,12911,12944
AENPPRS;
AENPPRT;
AENPPRU;1765,5730,11725
AENPPST;1968,1973,11761,12427
AENPRRT;3446,3590,11099
AENPRRW;
AENPRST;
AENPRSW;
AENPRSZ;3242,3802,10807,12925,12947
AENPRTT;
AENPRTW;2783,5380,9486
AENPRUV;12274,12646,12773
AENPSST;
AENPSSY;6108,11384,11436
AENPSTT;12390
AENPSTU;
AENPSTW;
AENPSTY;
AENPSTZ;3537,3802,7726,8279,10807,12925,12947
AENQSTU;2785
AENRRSS;8218,12464
AENRRST;
AENRRSW;10121,10193
AENRRSY;2361,12281,12328,12565,12569,12844,12958
AENRRTT;6245
AENRRTY;5264,6057,6249,7290,7730,7741,8632,10127,11728,11826,12569,12904,12958
AENRSSS;416,3530,4273,5389,8701,12615,12955
AENRSST;
AENRSSW;105,5010,9453
AENRSSY;416,1524,8710,9638,11384,11436,11563,11765,11826,12569
AENRSTT;
AENRSTU;
AENRSTV;
AENRSTW;
AENRSTY;11826,12569
AENRSUW;10828
AENRSUY;1200,1203,3218,3788,5305,5512,11436,11522,11787,11970,12554,12562,12709,12958
AENRSWY;
AENRTTU;
AENRTTY;391,12708,12776
AENRTUV;959,2362,12944
AENRTUW;2135
AENRUWY;
AENSSST;
AENSSTU;
AENSSTX;
AENSSTY;2153,8469,8618,8635,8710,12276
AENSSTZ;10811
AENSSWY;9611
AENSSXY;
AENSTTT;160,1205,3336,3769,5326,7808,10820
AENSTTU;11902,12517
AENSTTX;3664,11267,11714,12577
AENSTUX;3203,5896,8572,11267,11349,11444,11714,11841,11849,12266,12649,12710,12803
AENSTWY;
AENTTTU;1192,1205,5005,7808,8209,8646,8703,9915,10339,10340,11644,11740,12707,12896,12897,12905
AEOOPPS;5012,10047,12331,12485,12932,12941
AEOOPRS;5012,5392,5856,6122,6123,6224,7950,7989,8132,10047,10129,12392,12485,12925,12947
AEOPPPS;3596,3764,7788,12050,12906
AEOPPRS;
AEOPPRV;11791,12627
AEOPPSS;5961,6663,11630,11726,12133,12763
AEOPQRU;4259,11044
AEOPQSU;11044,12906
AEOPRRS;11158,12057
AEOPRRT;
AEOPRRV;
AEOPRSS;
AEOPRST;
AEOPRTT;1144,3797,3812,12421,12430,12432
AEOPRTV;11149
AEOPRVY;1514,12922
AEOPRWY;5344
AEOPSSS;3518,10947
AEOPSST;
AEOPSTT;
AEOPSTY;3412,3593,5819,5856,6123,8109,10498,11046,11301,11728,11809,11810,12055
AEOPSTZ;7994,8279,8419,8478,8619,8653,12685,12764,12857,12925,12947
AEOQRTU;5484
AEOQRUV;12798
AEOQSUU;11695,12952
AEORRRS;644,3217,3531,4253,9694,10953,12155,12397
AEORRSS;3531,8671
AEORRST;
AEORRSU;10321
AEORRSV;
AEORRSZ;10365,11219,12780
AEORRTU;3752
AEORSSS;4574,8701,9454,11743
AEORSST;
AEORSSU;
AEORSTT;
AEORSUV;
AEORSVW;
AEORSVY;
AEORTTU;3385,3752
AEORTUV;11560,11791,12773,12837,12944
AEORTUW;
AEORTVX;3757,5267,8645
AEOSSTV;6915,10341
AEOSTTU;
AEOSUVZ;
AEPPPRU;
AEPPRRS;411,3417,12155,12553
AEPPRRT;9644,11157
AEPPRRW;
AEPPRSS;
AEPPRST;
AEPPRSU;10096
AEPPRSW;12271
AEPPRSY;416,2208,3416,3648,4460,6180,8250,10131,12138,12155,12917
AEPPRSZ;
AEPPSTT;5012,11831,11832,12568,12838,12862,12926,12938,12941
AEPPSTU;2786,3809,6016,7294,10014,11761,11832,12261
AEPQRTU;
AEPRRRS;644,3140,7385,9694,11158,12155,12397
AEPRRSS;
AEPRRST;
AEPRRSU;
AEPRRSW;
AEPRRSY;7323,12397
AEPRRTU;12154,12636,12942
AEPRRTW;
AEPRRTY;1162,2073,2221,2355,3682,7535,11397,12714,12922
AEPRSSS;3518
AEPRSST;
AEPRSSU;3151
AEPRSSY;
AEPRSTT;
AEPRSTU;
AEPRSTY;5856
AEPRSTZ;8619,8653,12530,12925,12947
AEPRSUX;10002
AEPRSUY;3218,4576,4674,10449,10461,10498,12397
AEPRSWY;12056
AEPRSYY;11769,12376,12410
AEPRTXY;5538,11762
AEPSSTU;
AEPSSZZ;
AEPSTTT;8711
AEPSTTU;7346,7908,12517
AEPSZZZ;
AEQRRSU;
AEQRRTU;24
AEQRSSU;
AEQRSTU;361
AEQRSUV;
AEQRTTU;
AEQRUVY;8656
AEQSSSU;3530,9942,10947,10956,11660,11812,12743,12952
AERRSST;
AERRSSU;
AERRSTT;
AERRSTV;12377
AERRSTY;4830,6249,9893,11893
AERRSUZ;
AERRSWY;223,11451,12538
AERRTTY;3812,5115,5426,5540,7290,8708,9788,10502,11793,12940,12958
AERSSST;
AERSSSU;12955
AERSSSW;3518,3531,7300,9454,11743
AERSSTT;
AERSSTV;363,2357
AERSSTW;
AERSSTY;1034,3134,10313
AERSSUV;2357,3583,10459,10476,12853,12923
AERSSVW;10488,11264
AERSSWY;3134
AERSTTT;
AERSTTU;
AERSTTV;
AERSTTW;
AERSTTY;
AERSTTZ;805
AERSTUU;1522,2064,2356,3321,3348,3351,3778,3792,4946,5293,5529,6254,7785,8523,8593,10493,10496,11794,11830,11979,12852
AERSTUY;3030,3218,3559,3788,4946,5001,10461,10484,11453,11971,12387,12554,12557,12562,12709,12852
AERSTVY;
AERSTWY;
AERTTTY;1166,2309,3344,3812,8305,8427,12714,12958
AERTTUV;2238,2333,7892,12274,12773,12883
AESSSTT;3795,8356,9693
AESSTTT;
AESSTTU;
AESSTTV;363
AESSTUV;2357,7814,10955,11161,11657,11663,12853,12923
AESSTUY;1526,3694,4578,4664,6058,6238,6243,7790,8618,8710,11802,12395,12503,12562,12567,12826
AESSVVY;
AESTTTU;
AESTTTW;
AFFFGIN;
AFFFLLO;
AFFGGIN;8715
AFFGINN;7820,8715,10504,10959
AFFGINW;
AFFGINY;
AFFGSUW;
AFFHILN;
AFFHIRS;7817,12963
AFFHIST;11836
AFFIITX;
AFFIKRS;7823,8716
AFFILMN;10689
AFFILOR;5304,11840,12967
AFFILPS;
AFFILSY;5305
AFFIMRS;3354,11846,11848
AFFIMST;3354
AFFINRU;2758,7818,11839
AFFINTY;10689,12967,12969
AFFIORR;
AFFIRRU;
AFFIRST;3354
AFFIRSU;11848
AFFIRSZ;
AFFLOPY;
AFFLOSY;
AFFMOPR;
AFFNORS;
AFFNORT;
AFFOPSY;
AFFRSST;12972
AFGGGIN;
AFGGINN;12976
AFGGOST;10031
AFGGOTY;
AFGHHIS;12981
AFGHINS;8725,12963
AFGHINT;11838
AFGHIRS;8725,12963
AFGHLSU;7829
AFGHLTU;
AFGHRTU;10507
AFGIIKN;4694,12982
AFGIILN;4694
AFGIINN;6018,10029,12998
AFGIINR;3821,7842,8735,10029,12979,12992
AFGIINT;1527,2373,6765,7842,8735,11869,12979
AFGIINW;12979
AFGIJMS;
AFGIKLN;
AFGIKNN;
AFGILLN;
AFGILMN;7834,12977
AFGILNN;2038,3033,11879,12967
AFGILNO;11852,11879
AFGILNR;3033,3818,3822,8726
AFGILNS;
AFGILNT;2038,12978
AFGILNU;2367,11877,12985
AFGILNW;8726,11877,11882
AFGILNY;5545,12967,12978
AFGILRU;12991
AFGIMNO;8724,12988
AFGIMNR;3360,3822,8724,11837
AFGIMNY;13004
AFGINNN;10029,11879,11886,12984,12988
AFGINNS;6018,10508
AFGINNW;
AFGINNY;11873,12974,12996
AFGINOT;2370,2373,3364,3821,6257,7820,11838,11868,11886
AFGINPR;4281,11852,11860
AFGINRR;3362,7308,8724,11889,13003
AFGINRS;
AFGINRT;
AFGINRY;
AFGINST;2373,4695
AFGINTT;8735,8738,11837,11838,12984
AFGINTU;12989,12990,12999
AFGINTW;8726,11882,12979
AFGIOTT;3364,3819,3821,8738,11838,11886
AFGIRTY;8738,10023,10032,11878,12967
AFGKNOP;
AFGKORT;
AFGLLLY;3366
AFGLLUY;12993
AFGLNOS;
AFGLNSU;5307,11877,12985
AFGLRYY;8733,12978
AFGMNOR;3822,8724
AFGMORS;
AFGOOTT;11856
AFGORRS;13003,13004,13005
AFGOSTU;7848,10980,11857,13002
AFHIIRS;1344,1417,8725,12982
AFHIISW;
AFHIKLS;
AFHIKRS;
AFHIKUY;
AFHILLN;12969
AFHILSS;
AFHILTW;8726
AFHIMNU;8741
AFHIMSY;
AFHINOS;4280,8725
AFHINPS;2376,8725
AFHINTU;2375,2879,8741,10995,11838
AFHIORS;7320,8725
AFHIRSS;10046
AFHIRST;
AFHISST;11897
AFHISSW;
AFHISTT;
AFHISWY;
AFHKORY;
AFHKRTU;
AFHLMRU;
AFHLMSU;
AFHLOOS;9456
AFHLOTY;1208,10961
AFHLSTU;
AFHMOST;
AFHOOPT;10507
AFHOOTW;11002
AFHOPTU;3157,10507
AFHORSS;6260,8740
AFIILNS;10512
AFIILNT;1211,1838,2378,2385,3829
AFIILOR;1207,3377,4938,5556,8742,11923,12991,12992
AFIILRT;3829,5320
AFIILRY;1207,2379,2399,3833,5320,8742,8762,8764,11865
AFIIMOS;2392,3816,5555,6022,7063,7871,7881,8765,11845,12987,13008,13018,13019,13023,13024,13025
AFIJNNS;
AFIKLLY;
AFIKLOT;
AFIKMNR;
AFIKNRT;7857,7867
AFIKNSU;
AFIKRSS;
AFILLMS;13028
AFILLNP;8763
AFILLNS;2409,5125,7894,9457,10512,13007,13017
AFILLNY;3831,7332,7894,9457
AFILLPT;11878
AFILLPU;
AFILLRY;2379,7332,7894,8742,8762,8764,11847
AFILLTY;708,1209,1210,2379,5553,7332,7824,10041,11878
AFILLUV;
AFILLUW;11877
AFILMNT;2392,3832,3836,3838,12977,13028
AFILMOR;1207,2380,5129,5304,5321
AFILMOY;1207,4696,5321,5556
AFILMPY;
AFILMSS;3374,8718,10064,11007
AFILNPU;5322,5561,10994,11952
AFILNSV;2409
AFILNTU;2885,3036,3836,7325,8751,9323
AFILNTY;3382,3383,3838,5561,10689,12967
AFILORW;
AFILOTX;
AFILQUY;
AFILRRY;1091,3382,5308,5321,7337,7901,8742
AFILRSZ;
AFILRTY;5320
AFILSSY;3386,5014,10518
AFILSTU;
AFILSTY;6776,7873,10032,10518,12993,12997
AFILTTY;5320,5553,7304,7900,8752,8767,10041,11876
AFIMNRS;256,257,2056,3830,5555,11845,13033,13034
AFIMOOS;7063,11957
AFIMORV;11923
AFIMRST;257,2056,2376,3354,3381,5555,11936,13033
AFIMSSS;11020,11960
AFIMSSV;
AFIMSTT;2410,7903,11883,11936,11957
AFIMSUV;11941
AFIMSUZ;11945
AFIMTTY;
AFINNNS;7330
AFINNOR;3364,3821,3822,3833,4941,10074,11946,12994,13010,13020
AFINNOS;10064,11960
AFINNOT;2388,2389,3364,3821,7335,7820,8746,8747,8753,11886,11915,11930,11939,11946
AFINNST;
AFINORS;332,3816,5555,8725,13033,13034
AFINRSU;417,418
AFINRTU;418,10074
AFINSSU;6775,8727,9676,10035,10067,10072,10510,11014,11877,11890,11900,11960,12985
AFINSTU;4867,4942,12990
AFIORST;332,1531,1533,2366,2412,2413,3816,5555,11025,13022,13033
AFIORTU;2397,2739,3819,5557,5561,6265,10074,10517,13020
AFIORTZ;333,2403,5314
AFIQRSU;417
AFIRTTU;3385,3388,3819,3829,5320,6784,7341,7345,7900,8735,8738,8761,8774,10063,11881,11936,11938
AFISSTT;2413,3840,5558,7912
AFISSTY;2413,3386,10518
AFISTTT;
AFISTUV;7346
AFITTUY;2885,5320,7304,7900,8738,8767
AFJLRSU;
AFKLNRY;7867
AFKLNTU;
AFKLOWY;
AFKMNRU;
AFKRRTU;
AFLLMPU;
AFLLMSU;5119,5131,11936
AFLLNOS;5132,7894,11905,11970,13028
AFLLNSU;9457,10512,11902,11905,11970,12985,13007,13017,13028
AFLLOOY;
AFLLORS;1098,4512,7894,11968,11970
AFLLORU;8779,12991,12992
AFLLOSW;7895,11968
AFLLOTU;3836,5557,8778,11918,11920
AFLLPSU;10982
AFLLPUY;10982
AFLLUWY;
AFLMNOU;1093,1208,1213,2367,3836,4939,13028
AFLMORS;5325,11038
AFLMORU;
AFLMORW;
AFLMOST;5325
AFLMRSU;9684
AFLMSTU;1102,13028
AFLMSUU;1102,13019
AFLNORT;813,1214
AFLNOTT;7859,8752,10056,11036,11038,11946,13011
AFLNOTU;813,1093,1208,1213,1214,3036,3836,8728,8751,9323,9456,10077,13020
AFLNPSU;7190,13028
AFLNRTU;813
AFLNSTU;1102,2886,7852,9456,11042,11043
AFLNTUY;1208,1213,2885,5561,6549,7900
AFLOOST;5325,9456
AFLOOTW;
AFLOPTT;3385
AFLORSS;6260,8740,13022
AFLORSU;
AFLORSV;
AFLORUV;7876,11923
AFLORVY;7902
AFLORWW;
AFLOSSU;5017,10518,12964
AFLPRTY;3383,11878
AFLPSTY;
AFLRTUU;2061,5127,5557,6265,13019
AFLRTUY;5561
AFLSSTU;12964
AFLSTUV;
AFLSUWY;
AFLSWYY;
AFMNNOR;3822
AFMNOOT;3390,7068,11036,11939
AFMNORT;1214,10077
AFMNOST;3392
AFMNRSU;417,12963
AFMNRTU;259,1214,10077,11022,11869,11959
AFMOOSS;11978
AFMORST;
AFMORSU;
AFMORTU;11959
AFMOSTT;2410,7881,11957
AFMOSTU;3392,8781,13018,13028
AFMSSUU;5559,5560,11842
AFNNNOS;12987
AFNORRW;
AFNORTW;8726,11882
AFNOTUW;
AFNPRSY;11046
AFNSSTU;
AFOOPPR;
AFOORST;11051,11967
AFOORTZ;
AFOOTWY;
AFORRSW;
AFORRSY;13004
AFORSSY;2413,8740
AFORSTU;11053,11857
AFORSUV;9691
AFORTTU;3385,4943,8774
AFOSSSU;5327,5328,7910,11900,13035
AFOSTTU;3835,8787
AFOSTUU;
AFPSTUW;
AGGGGIN;3842
AGGGHIN;7071
AGGGIJN;8792
AGGGILN;
AGGGIMN;13038
AGGGINN;5562
AGGGINR;11982
AGGGINS;
AGGGINT;5562,7071,11984
AGGGINU;5563,8791,11984
AGGGINV;
AGGGINW;7071
AGGGINZ;11982
AGGHHIS;8793
AGGHIIL;8715,8796
AGGHIMN;3039
AGGHINN;3396
AGGHINS;3040,8793
AGGHISW;13063
AGGIIJJ;8792
AGGIILS;
AGGIIMN;3856,13038,13076
AGGIINN;
AGGIINT;
AGGIINV;
AGGIJJO;8792
AGGIKNS;4703,8793,8799,10709,11073,13051
AGGIKNW;
AGGILLN;8796,13069
AGGILNN;
AGGILNO;1105,13037
AGGILNR;13040,13086
AGGILNS;3871,4703
AGGILNT;35
AGGILNZ;2421,3851,3858,5568,10522,11069,13046,13076
AGGILOS;419,2422,3868,4703,5569,12036,13058
AGGIMMN;
AGGIMNN;13060
AGGIMNS;10709,10713,11082,11083
AGGIMNU;12020
AGGINNN;2760,3852,3862,3863,7931,11057,12006
AGGINNP;
AGGINNR;
AGGINNT;
AGGINNU;
AGGINNW;
AGGINOT;2417,7071
AGGINPP;420,2068,3397,12979
AGGINPR;3851,3858,11852,12979,13038
AGGINPS;2070,10709,10710,11073
AGGINPU;3848,3864
AGGINPW;3044,12979
AGGINRR;420,3040,8724,8796,11989
AGGINRS;
AGGINRT;10714
AGGINRU;5563
AGGINRV;13069,13073,13079
AGGINRY;4831,4869,12026
AGGINRZ;10718
AGGINSS;
AGGINST;
AGGINSW;5569,13063
AGGINSZ;13072
AGGINUV;11089
AGGIORS;335,419,421,646,2423,3043,3857,3868,5332,5914,7072,7356,8798,10086,12009,12980,13063
AGGISWW;13063
AGGISZZ;
AGGLOST;2422,3168,3412
AGGMNOS;3169,10713,10719,11082,11083,11092
AGGMORR;8724
AGGMOST;3169,10713,11082,11092,13090
AGGMOTY;2417,3872,7934
AGGMRSU;3410,3814,13077
AGGNOSU;2423,3411,7072,8798,8802,10719,11092,13044,13077,13082
AGGNOSW;5569,13063
AGGNOSX;
AGGNOSY;
AGGNPSU;
AGGNRSU;9504,10097,13044
AGGPRSY;12026,13041,13043,13065
AGHHIMN;2424,11989,13095
AGHHINS;4706,8793,12981,13095
AGHHIWY;13091
AGHHOSW;
AGHHSSU;5574,8817,11058
AGHHTUY;13104,13105
AGHIILN;1221,2428,3418,4427,7952,8796,8826,12069,13091
AGHIINN;5329,9704,11095
AGHIINR;3049,3050,3873,5329,11860
AGHIJRS;
AGHIKNN;5916
AGHIKNR;1110,3423
AGHIKNS;424,11105
AGHIKNW;
AGHIKSU;4706,7962,11105
AGHIKSW;
AGHILLN;263,4708,8796,13091
AGHILNO;3882
AGHILNR;3033,8796
AGHILNS;
AGHILNT;1221,3876
AGHILNU;13123
AGHILNV;
AGHILNW;4708,7365,8726,13091
AGHILNY;3882,13091
AGHILOT;1544,5578,8819
AGHILRS;13059
AGHILRT;3033,3885,13059
AGHILST;
AGHIMMN;3882,8852
AGHIMNR;11989,13123
AGHIMNS;5918,7361,7362,10532,12963,13111,13112,13119
AGHIMNW;7079,8833
AGHIMPS;423,3051,6284,13095,13112,13119
AGHINNO;5579,12121
AGHINNT;3033
AGHINOR;3873,3878,5345,13061,13096
AGHINOX;5019,13057
AGHINPP;3436,3888,5335,13121,13130
AGHINPR;13096
AGHINPS;7361
AGHINPT;426,3051,3847,3848,3887,12096,13061,13093,13130
AGHINRS;3049,12963
AGHINRU;9404,13127
AGHINSS;
AGHINST;
AGHINSU;4706,7819,7962,12963,13049
AGHINSV;7076
AGHINSW;
AGHINSY;3880,13050,13118,13119
AGHINSZ;1543,3049,10531,13119
AGHINTT;1221
AGHINTW;1111
AGHIOST;6274,8858,13092,13099,13142
AGHIPSW;11132,12056
AGHIQSU;
AGHIRRS;
AGHIRST;3885,6274,13059,13099,13129
AGHIRSU;3437,3885,11127,12056,12963,13100
AGHIRSY;3052,3889,6274,7945,8811,10535,12056,12132,13101,13142
AGHISUV;7076
AGHJMNO;
AGHKOSW;7919
AGHLMPU;11055
AGHLMSU;2452,3439,11135,12094
AGHLNSU;3439,11135
AGHLNUY;715,8797
AGHLOOS;3885,3891,3894,7919,8844,9706,9720,13058,13094,13145
AGHLOSU;2452,3885,3891,4710,5349,13058,13094,13145,13148
AGHLSTU;3885,10534,13094
AGHLSTY;10125,12072,12104
AGHMORY;8860,12137
AGHMRRU;
AGHNNOU;5579,7963,8848
AGHNNSU;
AGHNOOW;7079
AGHNOTU;3443,7960,8848,11838
AGHNPSU;3050,3898,13104
AGHNRST;1429,2741,2876
AGHNRSU;11152,12145,12963,13044
AGHNRUY;
AGHNSTU;2741,12981,13049
AGHNSUY;13104
AGHNTUY;3443,13104
AGHOORT;1840,2453,3883,3885,5574,7975,8808,8860,9402,9720,11139,11140,11147,11149,11855,11856,12097,12098,12137,12147,13059,13123,13137,13154
AGHOQSU;
AGHORTW;7987,8726,8839,11139
AGHPTUY;13104,13105,13134
AGHRRSU;112,5573
AGHRSTU;3885,11147,11152,13044,13134
AGHRSTY;3889,6274,6283,9727,10125,11160
AGHSTUW;9460
AGIIJLN;1113,5732,8795,13197,13198
AGIIKLN;820,1113,4207,4694,4702,5732,6036,8795
AGIIKLT;3920,4702,8795,8879,13199
AGIIKNP;1547,2418,4591,4694,4701,6036
AGIIKNR;1113,4207,4591,6037
AGIILMN;12965,13159
AGIILNN;431,3903,5582,5585
AGIILNR;
AGIILNS;
AGIILNT;3876,13165,13201
AGIILNV;
AGIILNW;
AGIILOV;1224,8008,8031,8048,13079
AGIILPT;8028,8806,8825,8901
AGIILTY;1016,1206,2419,2468,3928,5590,8801,8827,8874,11172,12231,12993,12997,13179,13216
AGIIMMN;190,3856,12965
AGIIMMS;2473,2474,12074
AGIIMNN;8903,10145,13184
AGIIMOR;1207,8905
AGIIMST;
AGIINNP;1841,3937,7839,8903,10170,12027,12998
AGIINNR;12998
AGIINNS;11171
AGIINNW;3952,4953,13231
AGIINNZ;114,438,3049,3903,3932,3937,3952,4593,7955,8038,10186,11095,11184,11871,12162,12213,12262,13164,13170,13198
AGIINPR;2726,3039,3851,3937,6270,6278,7397,7839,11180,12027
AGIINRS;6037
AGIINRT;
AGIINRW;3951,3952,4953,6037,12979
AGIINRZ;3049,3932,3937,3942,3952,4589,8900,10110,10144,12077,13194,13198
AGIINSV;
AGIINTW;4466,12186,12979,13231
AGIINTX;3418,3880,3913,3914,6042,7928,8061,8878,12266
AGIINVV;12177
AGIINVW;
AGIINVZ;11069,13164
AGIIRST;423,2473,2474,2764
AGIJKNU;
AGIJLLN;
AGIJLNS;
AGIJMMN;
AGIJNPP;
AGIJNPR;10199
AGIJNPS;10143,10199
AGIJNPU;10199
AGIJNRR;
AGIJNSW;10549
AGIJNZZ;
AGIJSSW;
AGIKKNR;500,573,4717,8880
AGIKKNY;
AGIKLNN;3902,3903
AGIKLNO;5355
AGIKLNR;12279
AGIKLNS;
AGIKLNT;3920
AGIKLNW;
AGIKLWY;
AGIKMNR;3822,3957
AGIKMNS;10709
AGIKNNR;
AGIKNNS;3902
AGIKNNT;
AGIKNNU;
AGIKNNW;
AGIKNNY;
AGIKNOS;5020,5599,6290,12179
AGIKNOY;3957
AGIKNPR;3957,4471,8839
AGIKNQU;3423
AGIKNRR;13244
AGIKNRS;
AGIKNRT;
AGIKNRW;13244
AGIKNRY;3957,13244
AGIKNSS;
AGIKNST;
AGIKNSW;13244
AGIKNUW;4706
AGILLLN;266,267,507,8067,8882,8919,12002,13201
AGILLMN;8882,12965
AGILLMU;
AGILLNP;825
AGILLNU;4708
AGILLNW;3484,3962,4708
AGILLNY;
AGILLOR;5144,11840,11878,12991
AGILLOT;373,2491,4715,5590,6292,8819
AGILLRU;2494,12991
AGILLSU;8867,12993
AGILLYZ;3965,8921,13249
AGILMMN;37,3882
AGILMMS;3487
AGILMNO;5355,5359,5360,5591,10145,10203,10205,10735,12168,12279,12305,13111,13122,13123,13169,13170,13172,13253,13255
AGILMNP;3882
AGILMNR;13123,13159
AGILMNS;13253
AGILMNT;35,37,3962,5591,13055,13122,13123,13159,13247
AGILMNU;13123,13255
AGILMNY;3882,13076,13253
AGILMOS;3487,3494,6299,6302,8069,8083,8885,8892,10203,10735,13111,13169,13253
AGILMPS;3487,3494,13257
AGILMPU;3926,13084,13255
AGILMST;1118,1238,3494,6038,8083,8885,12201
AGILNNO;434,884,4288,5146,5585,5589,6286,8895,8927,13160,13170
AGILNNP;
AGILNNR;441,3033,3906,3932,5582,10533,12986,13261
AGILNNS;442
AGILNNT;431,434,3033,3054,3876,3932,10553
AGILNNW;3971
AGILNOP;3882
AGILNOR;3822
AGILNOT;
AGILNOV;1224,3195,3963,5374,6300,6301,7409,7411,7932,8008,8031,11231,12313,12315
AGILNOZ;10205,10543,10557,13046,13076,13170,13172,13176,13198,13218,13249
AGILNPP;
AGILNPR;441,2726,3851,3911,5021
AGILNPS;442
AGILNPT;
AGILNPW;3044,3484
AGILNPY;3882,10533
AGILNRT;441
AGILNRW;3484
AGILNRY;5545,13179
AGILNSS;
AGILNST;
AGILNSU;442,3067
AGILNSV;
AGILNSW;
AGILNSY;4713,13253
AGILNTY;12997,13179,13216
AGILNUV;6301
AGILNUW;2135,3962
AGILNVV;3963
AGILNWW;13091
AGILNWY;3962
AGILNYZ;8900,13076,13249
AGILOPT;5578,8901
AGILORS;13129
AGILORW;8075,11985,12279
AGILOST;
AGILRSS;13260
AGILRWX;
AGILSSY;
AGILSTY;8030,8883,12993,12997,13216
AGILUYZ;
AGIMMNR;3856
AGIMMNS;12280
AGIMMSS;2083,3487,13269
AGIMNNN;8903,12006,12175,12183,12300,12987,12988,13116,13117
AGIMNNO;12988,13170
AGIMNNR;3822,3975
AGIMNNS;3051,3975,4220,10562,13163
AGIMNNW;
AGIMNOR;3822
AGIMNOS;5343,13253
AGIMNOT;2370,2417,5591,7079,13055,13084,13122,13123,13130,13247,13255
AGIMNOV;8031
AGIMNPP;3957,12301,13130
AGIMNPR;3937,3957
AGIMNPT;13130
AGIMNPV;
AGIMNRR;
AGIMNRS;
AGIMNRT;13159,13247
AGIMNRW;12279
AGIMNRY;13213
AGIMNSS;
AGIMNST;
AGIMNSU;417,3062,3939,3941,10562,12963,13049,13226,13228
AGIMNSY;13050,13119,13248,13249,13253,13273
AGIMNTT;1111,5610,8097
AGIMORS;
AGIMORU;
AGIMOSY;2488,4722,8941,9758,13004,13075,13244,13248,13249,13253,13273
AGIMRRT;
AGIMRSU;324,417,3070,3941,12285,12963
AGIMRTY;2503,3883,3928,6053,7934,8941,11214,13213,13247
AGIMSST;8940,13243,13260,13269,13271,13276
AGIMSWW;
AGINNNP;3937,8903,12121,13186
AGINNNT;3852,3944,3968,12006,12984
AGINNNV;3852,6054,12313
AGINNNW;4953
AGINNOS;5599,6290
AGINNOT;
AGINNOZ;438,12988,13170,13176,13191,13198
AGINNPP;1841,12301,13277
AGINNPS;442
AGINNPT;
AGINNPW;
AGINNRS;
AGINNRT;
AGINNRW;11200
AGINNRY;10533
AGINNST;
AGINNSU;
AGINNSW;
AGINNTU;2477,4288,5589,12262,13191
AGINNTW;11200,12186,12287
AGINNWY;
AGINNWZ;3952
AGINNYZ;12027
AGINOOO;5610,7089,10572,13271
AGINOOP;4281,5380,6278,7983,8807,8842,8855,12096,12324,13040,13083,13255
AGINOPR;2930,3072,3957,4270,4281,4471,4719,6270,6278,7089,10037,11122,12126,13096
AGINOPS;3953,3954,4270,5599,8937,10143,13190,13226
AGINORR;8855
AGINORS;5599
AGINORT;
AGINORZ;3977,10543,13198
AGINOSS;
AGINOST;
AGINOSU;7076
AGINOTU;3948,4244,4288,5589,5591,10553,13083,13191,13229
AGINOTV;
AGINOTZ;438,823,2421,3863,5379,7927,10541,10543,12338,13046,13168,13191
AGINOVW;
AGINPPP;3072,12371,13130
AGINPPR;3957,13096
AGINPPS;
AGINPPT;4718,13130
AGINPPW;
AGINPPY;
AGINPPZ;2930
AGINPRR;420,2443,3072,3407,8855,10037
AGINPRS;
AGINPRT;7089
AGINPRW;5380,8839
AGINPRY;4281,13056,13057,13096
AGINPSS;
AGINPST;10710
AGINPSU;442,5604,11250,12358
AGINPSV;
AGINPSY;13095,13118,13119,13273
AGINPTT;163
AGINPTU;3864,13083,13191
AGINPUY;13268
AGINPWY;1658
AGINRRT;1550,3434,3478
AGINRRW;12102
AGINRRY;12328
AGINRST;
AGINRSU;12963
AGINRSV;
AGINRSW;
AGINRSY;4713
AGINRTT;
AGINRTW;12979
AGINRTY;2496
AGINRUW;2135
AGINRVY;
AGINRWY;
AGINRZZ;
AGINSSS;4283,8739,13139
AGINSSU;5565,5576,5600,11877
AGINSSV;969,3069,13284
AGINSSW;
AGINSSY;6485
AGINSTT;
AGINSTU;13049
AGINSTV;2504
AGINSTW;
AGINSTX;3203,3205,3913,7429,11267,11841,12266,12356
AGINSTY;4286,10520,13050,13095,13118,13119,13273
AGINSUX;11841,12266,12361
AGINSVW;
AGINSWX;5019
AGINSWY;
AGINTTT;6271,12255
AGINTTU;7301,10548,11283
AGINTTV;3200,11284,11285,12327,12364
AGINTTW;1111,13231
AGINTUV;2797,3200,7960,8063,12274
AGINTVW;7987,11200,11279
AGINTXY;12266
AGINTYZ;8900,12276,13119
AGINVYZ;
AGINWWX;
AGINWZZ;
AGIOPPT;4718,12124,13130
AGIOPSS;2145,3516,3953,5025,6306,8854,8858,8934,8940,8943,12133,13136,13143,13208,13269
AGIORST;3437
AGIORSU;3437
AGIORSV;
AGIOSTU;7091,8934,13094
AGIOSUY;12036,12291,12993,13134,13268
AGIOUUY;3982
AGIRSTU;1122,2423,2897,3070,3437,3981,6296,7091,10573,13280
AGIRTVY;8905,9755,12031,12377
AGISTTW;
AGISTUV;
AGJLMOS;
AGJLRUU;
AGJNOOR;
AGJNORS;
AGJNORY;
AGJSTTY;
AGKLNNO;3822
AGKLNNU;
AGKLNOS;6587,10238,10762
AGKLOOS;7919
AGKLOST;13240
AGKLOSU;13240
AGKMNOP;3957
AGKMPRU;
AGKNOPT;4718
AGKNRSU;10201,10238,11289,13240
AGKORRW;
AGLLNOO;4603,6301,8803,8882,13083,13146
AGLLNOS;13205
AGLLNTU;3058,3962,3966,4603,5589,10237,10553,11892,12379,13083,13165
AGLLOOR;13146
AGLLOOT;444,1229,1552,2123,2436,2437,2489,2491,4603,4715,5590,6292,6816,7401,8068,8080,8819,13146,13247
AGLLOPS;2147,6047,8844,11291,12290,12296,13208,13248,13249
AGLLOPU;
AGLLORS;3983
AGLLOSS;5569,8923,13166,13208,13248
AGLLOSU;2125,2746,5602,8029,8069,8945,12291,12294,12993,13239,13246,13289
AGLLOSW;
AGLLOTT;831,2491,3983
AGLLPTY;8825,11878
AGLLRSY;2488,2492,3522,3959,8945,9773,10982,11091,13289
AGLLRYY;2493,3964,3965,8076
AGLMMSY;10763,12299,13290
AGLMOPY;2451,3178,3882,12301,13076
AGLMORS;39,3893
AGLMORU;3985,12992,13123,13212,13255
AGLNNOS;3411,9522,12384,13291
AGLNNSU;442,3411,3870,3970,13291
AGLNOOO;12135,12380
AGLNOOS;2150,2509,8132,8946,12385,13292
AGLNOPS;2150,2509,8946
AGLNOPU;13083,13084,13221,13255
AGLNORU;4958,5156,5388,13123,13221,13255
AGLNOSS;
AGLNOST;13292
AGLNOSU;13290
AGLNOSW;8128,8849
AGLNPSY;2509,3984,8946,11291
AGLNPUY;
AGLNRSU;
AGLNRUU;339,4604,12386,13127
AGLNTUY;3962,7408,10237,11892,13202,13213
AGLOOPS;2150,2509,3891,3894,8844,8946,13058,13108,13254
AGLOOPY;2509,3076,3895,12983,13149
AGLOORS;3894,9720,11140,11296
AGLOOST;2507,3496,3885,7933,8088,9720,11296,12385,13124
AGLORSU;8934
AGLOSSS;3409,5386,5389,6823,6824,8083,8137,8933,9774,11295,12296,13147,13208
AGLOSSW;5023,5569
AGLOSUV;1239,8897,10558,13219
AGLOSWY;
AGLRSSU;8047,8934,11222,12185,12336,12386,13260
AGLRSUU;8096,8138,12140,12387,13127
AGLRSUV;13181,13219
AGLRUUV;
AGLSYYZ;
AGMMNOS;374,2501,8935,10719,10770,12179,12280,13089,13183,13268
AGMMNSU;10719
AGMMORY;3872,11297
AGMNNOR;7382,13210
AGMNNOS;
AGMNNOT;13270
AGMNNOW;
AGMNORS;
AGMNORU;
AGMNOST;13292
AGMNRSU;417,3941,12963
AGMNSSU;
AGMNSTU;1241,3939,3941,10562,13049,13226,13228,13292
AGMNSTY;4286,13004,13050,13095,13112,13119,13273,13292
AGMNSYY;2154
AGMOOYZ;
AGMOPRR;1112,2502,3874,8936,12059,13103
AGMOPRU;13084,13255
AGMORRU;
AGMORRW;
AGMORSS;13067
AGMORSY;1861,2488,3960,3984,5387,13004,13244
AGMOSYZ;13249
AGMPRSU;
AGMPSUZ;
AGMRSSU;445,3069,5391,12185,12234,12340,13230,13260,13275,13276
AGNNNOO;8903,12352,13186
AGNNOOR;5712,12046,12147,12998,13149,13153,13154
AGNNOST;
AGNNOSY;9758,12280
AGNNSSU;439,5565,5566,5600,10510,13052
AGNNSTU;
AGNNSUW;8128
AGNOOSZ;3977,12100,12215,12338,12370,12980,13218
AGNOQSU;
AGNORRS;2457,3896,8813,8861
AGNORRT;6057,10127,12046
AGNORSS;3984,7443
AGNORST;
AGNORSU;13044
AGNORTU;
AGNOSSS;3530,3949,5389,5611,8137,9774,10174,10545,10770,11295,11300,12394,13139,13144
AGNOSST;2153,10730,12143
AGNOSTU;326,13292
AGNOSZZ;
AGNOTUW;
AGNPRSS;3077,3984
AGNRSSU;
AGNRTUY;11892,12319,13202,13213
AGOORSV;7090,13236
AGOPPST;3893,3898,13105
AGOPRST;3893,3983,6306,8947,13059,13293
AGOPRSU;8862,8934,12397,13100
AGORRST;5573,7091,8947,13293
AGORRTW;11139
AGORRTY;3171,3875,3955,3982,9776,9788,10776
AGORSSU;5574,8047,8934,10575,11890,12127,13230,13238,13275,13276,13283,13284,13286
AGORSTU;3983,8934,8947,13002,13044,13280,13293
AGORTUY;
AGOSTTU;3983
AGOSUYZ;
AGRRSTU;1122,5573,7091,8096,8947,11090,12377,13280,13293
AGSSTUU;5598,13222,13232,13260
AHHHISS;
AHHIIMS;1536,8952,8953,8954,13295
AHHIJRS;
AHHIKKR;
AHHIKSS;
AHHIKSW;4706
AHHIMNU;8959,11311
AHHINST;12981,13303,13309
AHHIPRS;2511,3416,5064,5392,7357,8960,12053,12056,12409,12410,12416,13099,13100,13101,13296,13306,13309
AHHISSS;3988,4283,6060,6307,8961,11322,12417,13299,13308
AHHISSV;1243
AHHISTT;3987,8153,8159,8164,8953,10249,10578,12404,12408,12415,12416,12419,13309
AHHKOOS;
AHHKSSY;
AHHLLOT;11324,12400,13298
AHHLRSY;8740,13041
AHHMPRU;8169
AHHOORS;4609,4730,4947,5028,5392,5573,5574,7460,7950,8167,8813,8960,8966,10245,12054,12064,12413,12431,13100,13296,13303,13306
AHHOPRS;4730,4880,5028,5392,7462,8813,8960,9793,10579,12060,12064,12409,12416,13041,13043,13100,13296,13306,13309
AHHPPSU;10242
AHHPTUZ;
AHHRRSU;5573
AHHRSTY;273,2800,6274,8170,9790,11320,12409,12410
AHHSUZZ;
AHIIKPS;5621,11331
AHIIKRS;5621,11331,12982
AHIILPS;835,1558,2518,2521,2523,3999,5161,5396,5622,8184,8994,11101,11335,11993,12073,12445,12446,13295,13319,13321
AHIILRY;4234,4235,4284,4432,5396,6064,8742,11336
AHIILST;4289,10520,13112,13319
AHIIMNT;450,8826
AHIIMSS;5400,5402,10257,10264,10527,11340,13329
AHIIMST;835,8953,8954,8972,13295
AHIINPR;2416,3039,3549,6270,6278,7103,7830,8149,8203,8951,10582,12439,12453,13317
AHIINST;10267,10520,13045
AHIINTU;450,6308,8187,8741,9704
AHIINTZ;2428,4002,13046,13048,13315,13317
AHIIPRS;423,1253,3226,3227,3999,5161,5392,5396,5405,10266,10581,11101,12073,12445,12446,13319,13321
AHIIRTW;4466,6079,11103
AHIKKSS;4011,13332
AHIKLPS;
AHIKLRS;
AHIKLSS;4011,8216,11351,13333
AHIKLST;4731,5162,10784,12086
AHIKLSY;3552,4731
AHIKMNO;4014
AHIKMNS;5621,6847,9794
AHIKMRS;3422,5621,12087
AHIKMSV;4014
AHIKMSW;2435
AHIKNRS;9789
AHIKNSS;4011
AHIKNSV;3553,4014,13051
AHIKNTT;569,3553,4709,7466
AHIKORS;5342,12087,12088
AHIKOSW;
AHIKPPS;
AHIKPRS;12087
AHIKRSS;
AHIKRSW;12086
AHIKSSS;11354
AHIKSST;4014
AHILLNO;447,2532,2535,4012,4019,5863,6329,7106,11356,13336
AHILLNP;263,3554,4012,4019,11355,11356
AHILLNT;447,4012,4019,12969
AHILLOS;2533,4010,4017,4020,8220,11862,12093,12441,13298,13335
AHILLRT;13337
AHILLSS;5393,8981,10040,13297
AHILLST;4010,10784,11862,13298
AHILLSZ;
AHILLTT;6330,6595,8958
AHILLTY;278,4016,4019,7107,8825,8979,8982,10589,13336
AHILMMO;2536,3882,4022,5410,10590,11359,12471,13298,13335
AHILMMS;11358,11359,13298,13319,13335
AHILMMY;3882,10590
AHILMNS;279,2424,4015,6019,6082,7362,7468,7488,8183,12068,12094,13111,13112,13124,13338
AHILMOP;3882,10582
AHILMOS;4280
AHILMOT;8841,8980,13055,13122
AHILMOU;4022,6864,10582,13123
AHILMSU;6019
AHILNOS;9464,13312,13338
AHILNPS;5627
AHILNRS;6332,9018,13338
AHILNRT;382,731,1129,1450,3033,7485,7495,8959
AHILNSS;11368,11371
AHILNSU;1137,4965,5627,6019,8230,8981,8988,9018,12474,12479,13303,13312,13338
AHILNSY;3083,4015,5030,5624,5627,6332,8988,9008,10589,13338
AHILORY;1134,1567,1862,2532,2538,3997,4284,5344,5623,5860,6086,6332,7106,8742,8982,9008,9010,9013,9014,9017,10533,11315,12109,13057,13304,13336,13338
AHILOTY;1544,2540,3997,4016,4731,5578,5623,7974,8830,8979,8982,9014,9017,10589,11315,13336
AHILOTZ;13046
AHILPPS;2510,3999,8189,8250,9020,10242,10576,12073,12093,12468,12485,13113,13343
AHILPPY;6336,9013,9015,10576,11336,11357,13304,13343
AHILPRT;1027,1450,3082,3560,4023,8251,8825,10283,11060,11315,11374,12403,13059,13129,13304
AHILPSY;5627,11361,11363,11373
AHILSST;13115,13126
AHILSSV;4011
AHILSTU;2196,10534,11376,12981
AHILSTY;167,4731,6331,8950,8972,8979,10589
AHILSWY;
AHILSYZ;2945
AHIMMRS;617,4013,6319,12491,13319
AHIMNNS;1441,2198,3051,3237,3569,3570,3571,3886,4000,4026,5621,6096,7505,9023,9421,10285,10794,12473,12491,12496,12497,12498,13054,13306,13307,13328,13350
AHIMNNU;13307,13327,13350
AHIMNOT;336,7079,9803,11312,11383,12492,13055,13122,13123,13130
AHIMNPS;5401,5621,9810,11341,13307
AHIMNRS;4013,12963
AHIMOPR;1112,1141,3572,4022,4023,10582,12495,13060
AHIMORS;5170,10797,11387
AHIMORZ;9804
AHIMOSS;4014,5031,10796,13333
AHIMPSS;4024,13307
AHIMPST;13307
AHIMPSV;11386
AHIMPSW;3574
AHIMRSS;3881
AHIMRST;
AHIMRSW;12117
AHIMSSU;3578,12507,13349
AHIMSTV;7222
AHIMTUZ;4002
AHIMTVZ;
AHINNST;451,3569,4000,10267,10285,11897,12437,12497,13307,13314,13328
AHINNSW;10121,11061,12454,12496
AHINNTX;8963
AHINORT;449,3878,13061,13317
AHINOTZ;1133,2807,3549,3551,4002,5417,10256,10295,11346,11382,12456,13046,13315,13317
AHINPRS;
AHINPST;117,1256,13307,13360
AHINRSS;4013,4739,4742,9023
AHINRST;13328
AHINRSU;1258,12527,12963,13127,13303
AHINRSV;5626,9018
AHINRTY;1574,2538,3997,6333,8830,9022,9024,11109,12439,13304,13336,13340
AHINRVY;
AHINSST;
AHINSSW;13334,13339
AHINSTU;1258
AHINSYZ;8279,13119
AHINTUU;935,8848,10295,12976
AHIOOST;117,539,4010,5169,5422,6100,6320,6323,8197,8248,8281,8957,10593,11318,11359,11407,12095,12118,12400,12408,12532,13124,13131,13138,13298,13314,13348
AHIOPRU;1250,3993,4022,4734,8971
AHIOPSS;10796,12133,13135,13136,13360,13362
AHIOPXY;8963,12412,13057
AHIORSS;3562,4031,4966,5402,5619
AHIORST;1251,10593
AHIORSV;7227
AHIORSW;8849,12415,12419,12461,12538,13063
AHIORUV;9007,11115
AHIPRSS;4740
AHIPRST;
AHIPRSU;7492,11127,11418,12056
AHIPRSW;40,3574,11132
AHIPRWY;5344
AHIPSSW;
AHIPSWW;
AHIPSWY;
AHIRRSS;3040,4740,13332
AHIRRST;1253,1258,10593,13328
AHIRRSW;
AHIRSST;13115
AHIRSTT;10578,10580,10593,13309,13337,13354
AHIRSTW;40,13063
AHISSTT;972,4021,13346,13352
AHISSTU;8976,13313,13349
AHISSTW;
AHISTTW;1255
AHISTUZ;
AHITTWW;
AHJOOPS;
AHKKSSU;
AHKLOOS;7919
AHKLPSU;4521
AHKMNSU;
AHKMORR;3252
AHKMOSS;4014,8217,13333,13334
AHKMOSW;
AHKMPTU;
AHKMRTU;
AHKNPSU;7962
AHKPSUU;
AHKRSST;544,8216,8286,9819,10999,11419,12433
AHKRSSU;
AHKRSTU;389,647,2531
AHLLMOS;3891,4010,4017,12547,13145,13298
AHLLMSU;12547
AHLLNOS;
AHLLNOY;1576,2552,4019,5863,7106,8229,8840,11426,13146,13336
AHLLNSU;2180,2534,5409,8230,8981,9347,10589,11902,11905
AHLLOOS;3584,3891,4010,10277,12400,12467,12547,13145,13298,13337
AHLLOPS;3891,4017,5890,6620,8844,12093,12441,12546
AHLLOST;4010,5946,10124,13298
AHLLOSU;3891,5409,8981,9010,12441,12547
AHLLOSW;
AHLLOTY;2552,4016,5425,7107,11134,11324,11429,12548,13146,13336
AHLLPSU;10242,12441
AHLLPSY;453,1263,8289,8950,12546
AHLLPYY;1263,8223,9009,10594
AHLLRST;3587,4020,5946,8234,8291,10784,11107,12091,12442,12466,12467,13337
AHLLSTU;2534
AHLMMSU;3555,13319,13366
AHLMNPY;453,2554,3882,11426,12551,12552,13112,13340
AHLMNSY;453,4015,6115,12552,13112,13124,13338,13367
AHLMNUY;1208,8959,13338,13340
AHLMOOS;4437,9012,13124,13298,13338
AHLMORU;4022,4197,4360,10281,10582,12550,13123,13148,13338
AHLMOSS;1145,4035,4613,5410,5628,6087,9043,10308,10818,13110,13333,13339,13368
AHLMSTZ;
AHLMSUU;11434,12552
AHLNOPR;2439,3082,4023,5182,6333,7544,8294,8951,10533,10582,10595,13040,13056,13057,13064,13093,13149,13150,13304
AHLNOPT;8294,10595,13150,13365
AHLNORT;1676,2213,4882,5174,10595
AHLOOPS;3894,4730,5419,5424,6334,7098,8297,8298,8844,9020,9706,10047,11110,11993,12434,12485,13058,13108
AHLOOPW;
AHLOOTW;8292,11139,12548
AHLORST;288,1251,2556,13313
AHLOSST;288,6260,13126
AHLOSTU;3992,4037,10823,12423,12426,13366,13367
AHLOTUU;
AHLPRSY;2523,2732,3174,7368,7501,8194,8250,8289,11436,12483,12552,13065,13347
AHLPRUY;3589,5179,8231,8289,11436,12552,12983,13340
AHLPSSU;4738,10594,11436,12058,12964,13370
AHLPSSY;10594,11436,13065
AHMMMOT;
AHMMMUU;
AHMMOSS;2454,4035,11443,12560,13067
AHMMOSW;
AHMMOTY;9824,10590
AHMNNSU;13327,13350
AHMNNTU;8224
AHMNNUU;13116,13117,13350
AHMNOPS;3053,4745,4746
AHMNOPT;3398,3544,4023,11360,11428,12141,13130
AHMNORY;3573,9427,9829,12059,13338,13371,13372
AHMNOSS;3547,4014,4219,4739,4746,5031,5400,5410,5411,7101,8255,9023,11119,12111,12143,12144,12476,12496,12497,13320,13352
AHMNOSW;3258,10828
AHMNRSU;3258,9427,10828,12963
AHMNRYY;13152
AHMOOPS;1127,5032,5169,13306,13372
AHMOOSS;2454,5413,8847,12143,12144,13110
AHMORRU;10584,12550
AHMORST;3893,13354
AHMORSZ;
AHMOSSY;1870,5628,8255,8303,9023,9428,13067
AHMOSTU;1255,3992,4040,13312,13349,13353,13366,13367
AHMOSTZ;2203,8954,13367
AHMOSWY;4036,11451
AHMOTTZ;
AHMPSSU;3578,4738,8975,9809,12503,12507,13307,13349
AHMRRSU;11434,13328
AHMRSTU;3897,13328
AHMRSTW;
AHMRSTY;8266,12410
AHMSSSU;
AHNNSSU;886,4039,5566,9047,9833,11903,13052,13307,13358
AHNOOPR;722,808,4023,7112,8271,8294,10595,10596,13040,13064,13149,13153
AHNOPRS;5342,5626,13309,13311
AHNORSS;4739,4742,4746,4747,8740,9023,9047,10597,13311
AHNORST;5427,10317,12562,12569,13311,13372
AHNORSX;5427,11401,12519,12565,13372
AHNOTTW;
AHNPPSS;
AHNPPUU;
AHNPPUY;
AHNPRSU;2560,3050,4042,4745,6879,10579,11436,12563,13311
AHNPRXY;13057,13372
AHNPSSU;4738,8975,13307,13311,13358,13360,13362
AHNRSVY;
AHNRVYY;
AHNSSTU;368,4039,11458,11461,11903,11905,12567,13311
AHNSTUW;9460
AHNSTUY;4037,10589,12104,12503,12567,13104,13362,13367
AHOORSS;1260,2459,3562,3899,4029,4747,4969,5423,5574,5629,6117,6260,6347,6349,6875,9002,9028,9038,9047,10042,10319,10597,12431,12518,12563,12570,12571,13065,13155,13332,13351,13359,13363,13368
AHOORSY;4476,4710,5028,5030,9008,9045,9047,10579,12505,13065,13338,13372
AHOPRSS;3899,4031,4034,4746,4747,5629,8993,13065,13067,13368,13370
AHOPRTY;390,3593,3875,12432,12505,13304
AHOPSTW;12538
AHOPTTW;
AHORRSW;3032
AHORSTT;288,1251,1261,2377,2559,4033,4038,9046,10593,13309,13311,13337,13354
AHORSTU;13044,13311,13313,13337,13358
AHORSTW;2531,5945,11416,12419,12461
AHORTTY;1147,4038,5186,5426,6325,9038,11324,11330,11439,12432,12548,13371
AHOSTUU;10294,13044
AHOSTUW;2531
AHPRRTY;2073,2221,3875,3889,4038,7535,7561,8316,10253,11100,11397,13373
AHPRSST;5629,13311,13368,13370
AHPSSUW;
AHPSTUZ;
AHPSXYY;
AHQSSUY;
AHRRSUY;3589,4037,4339,7323,10321,10536,13347
AHRSSSU;2530
AHRSSTT;288,4039,5629,13155,13311
AHRSSTW;13155
AHRSTTW;
AHRSTWY;
AHRTUWY;1147,10598
AHSSSTU;7559
AIIILMT;4290,4750,5634,5635,5637,5638,8004,8868,9063,11163,11165,13159,13172,13390
AIIILNT;431,1221,1246,1838,2462,2767,3088,3089,3542,3876,4051,4052,4054,4290,5582,5637,5639,8868,9063,10514,12574,13046,13159,13172,13179,13376,13390,13397
AIIILVX;
AIIIMRS;4752,5555,6634,6903,6906,7120,8013,9078,10254,10503,10580,10614,12166,12609,13158,13183,13185,13406
AIIKKSW;8879
AIIKMMS;
AIIKMNN;
AIIKNNT;
AIIKNST;843,4070,8879
AIIKPST;4070,8362,12433,12630,13200
AIIKRRU;
AIIKRTT;8880
AIILLLP;3603,5455,8762,8818,9054,12636
AIILLMN;42,290,820,2573,2575,3831,4077,7128,12965,13201
AIILLMS;456,1580,2573,2574,4077,5119,5312,8364,9055,9097
AIILLMW;
AIILLNV;2955,2956,11921,12582,12646
AIILLQU;8376,8888,9100,9109,12648,13438
AIILLUV;9107,9110,9113
AIILMMN;2587,3832,3856,9852,10347,12965,13390
AIILMNN;1232,5738,6357,9115,10632,13213,13439
AIILMNO;2517,3094,5738,6357,8951,9115,10582,13076,13170,13439
AIILMNS;
AIILMNT;13159
AIILMNV;227,3269,3623,4090,4095,7389,8031,11923,12582,12659,12669,12670,13390
AIILMRS;
AIILMRT;3060,5207,10347,13159
AIILMRY;1207,4888,5396,11336
AIILNNS;121,462,463,4047,4049,4050,7116,8721,10512,13383
AIILNOS;343,463,4050,5866,6365,7588,7593,8987,9091,10624,12584,13460
AIILNPT;464,4105,10514
AIILNPU;2470,2597,3613,3623,4983,5021,5043,8898,8988,12207,12597,12646,13221
AIILNRY;3831,3833,3931,3997,4081,4082,7117,7139,8037,11865,12978,13079,13179,13401,13459
AIILNTU;393,848,1270,1274,2235,2385,2470,2961,3460,3613,3932,4114,4115,4288,4293,4635,4697,4759,4983,5034,5043,5475,5544,5554,5589,6484,7325,8395,8409,8416,8728,8866,8898,8987,9091,9107,9461,10166,10504,11473,11525,12573,12597,12598,12632,12689,12706,12707,12710,13020
AIILNTV;3269,3542,4051,4054,4635,8745,9050,9051,9072,9073,9107,10638,12582,13375,13376,13390,13454
AIILNTY;1249,2419,3997,4081,4759,5623,5739,6363,8827,9073,12680,13426
AIILOPP;1589,5159,8901,13221
AIILORV;3377,9560,11923,13079,13376,13397
AIILOSS;2386,3100,4292,5319,5619,8990,8993,9142,10257,10518,11492,12230,13022,13208
AIILPRU;1250,2907,3993,4734,5021,5487,6161,6809,8971,9670,10582,12207,12636,12646,12674,13221
AIILQSU;979
AIILRST;4289,4748,13313,13460
AIILRTV;3060,3225,3627,9107,9113,11174,11183,11921,12222,12646,13162,13182,13376,13397
AIIMMNS;12716,13378
AIIMMNX;
AIIMMSS;5456,11340,11492,12588
AIIMNNV;10140,13164
AIIMNOR;3094,3649,5625,9798,10265,10370,10582,12615,12616,12719,12722,12735,13023,13024,13327,13406,13470,13471,13472
AIIMNPS;5401,5704,8952
AIIMNPT;12439,13408
AIIMNRT;450,3942,5625,12439,13159,13472
AIIMNSS;12615,13329,13380
AIIMNST;
AIIMNTT;5625,13472
AIIMNTU;450,4000,10550,13465
AIIMNTV;13164,13390
AIIMNTY;9795,9878,10615,12439,12659,13118,13119
AIIMPRS;32,423,457,1558,3226,3655,4077,13319,13321
AIIMPSS;3378,9066,9081,11007,11340
AIIMRST;
AIIMSST;10328,11007
AIIMSSY;1272,4097,5037,5630,6489,8379,9438,10257,12676,12737
AIINNOP;5869,6357,6373,8903,9115,9466,12998,13189,13191,13317
AIINNPS;5211,5621,7116,9873,10334
AIINNQU;10376,10632,12071,12996
AIINNSZ;463,752,3049,3633,4050,4065,4073,8350,11511,11911,12213,12685,13419
AIINNTY;1249,3833,3997,5397,5464,5477,10357,10514,12659,12678,12680,12687,13492
AIINOPS;1094,3043,3266,3954,5401,7588,8952,9164,10143,10564,12768,13407,13493
AIINOTT;460,3109,4052,5639,13229,13468
AIINPPR;4005,4006,7397,8203,12205,12222,12252,12762,12979,13196,13233,13420
AIINPRS;3266,3355,9164,12768,13393,13493
AIINPST;10564,13488
AIINRSS;3101,4083,13027,13380
AIINRSY;1564,3931,6327,7117,7150,13401,13424,13459
AIINRTV;5215,7883,9107,12735,13162,13182,13376,13397
AIINRTZ;333,1231,1284,1286,2403,2628,3861,3911,3932,3942,3952,4089,4105,4110,4115,4123,4125,4133,4139,5662,9134,10543,13048,13159,13162,13194,13317,13376,13472
AIINSST;462,4047,4141,9087,12971,13166,13222,13489
AIINSSX;10617,12971,13027
AIINSTT;13401
AIINSTV;9050,9057,9072,10638,13377
AIIPRST;
AIIPSTW;12271,13223
AIIPTTU;2470,2597,3864,5638,8369,8451,9056,9088,10548,10619,11556,12674
AIISTUW;
AIJJMMS;
AIJLORS;8358
AIJLORT;1873,8358,8488,11559
AIJLSTW;
AIJLYZZ;
AIJMNSS;10550
AIJMORS;12278
AIJNORT;455,13317
AIJORSW;
AIJPRSU;6665,10199
AIJPSTU;6665,10199
AIKKLOO;
AIKKLSU;3668,3669
AIKKMNR;6135
AIKKMOT;
AIKKNOS;4717,8799,11563,12628
AIKKOOW;
AIKKOPY;
AIKKSUZ;
AIKLLNY;3866,9900
AIKLMMN;
AIKLMNN;3822
AIKLMNS;2424,3476,13199
AIKLMPU;
AIKLMSS;11209,11351,12631,13333,13380
AIKLMSU;1169,1288,3669
AIKLNOS;4366,8777
AIKLNSY;1288,3866
AIKLPWY;
AIKLQUY;
AIKLRSY;
AIKLRTT;6185
AIKLSSU;5576
AIKLSSY;3866,9900,13241
AIKMMRS;
AIKMMSS;
AIKMNNS;11566
AIKMNRS;
AIKMNSS;11566
AIKMNSW;12781,13244
AIKMOOS;11567
AIKMOQT;
AIKMPRS;4013
AIKMQTU;
AIKMRSU;
AIKMSST;13243
AIKNNNS;7330,11211
AIKNNPS;5621,13425
AIKNOST;4014
AIKNPRS;4071
AIKNPSS;469,4013,4142,13334,13425
AIKNRST;
AIKNSTU;1288,13199
AIKOORT;
AIKOORW;13242
AIKOPST;3670,4070,4720,13240
AIKORRS;13244
AIKORST;1596,2531
AIKOSTW;2531,4645,12781
AIKRRSS;2977,4993,5497,5601,8219,12464,13332,13380
AIKRSST;
AIKRTUZ;
AILLLNO;266,5742,8221,13037
AILLMNU;2573,2575,3679,3831,3836,4077,4145,4148,5967,6377,7128,11355,13028
AILLMNY;4776,5645,9096
AILLMOT;373,1875,3836,4043,5667,6292,11918,13374
AILLMPT;5455,7128,7641,8178,8496,8497,13028
AILLMPU;5455,7128,11355
AILLMSU;1481,2573,2575,3679,3681,3684,4145,6377,8364,8509,11936,12642,13430,13432
AILLMSW;
AILLMSY;5645,9054
AILLNNO;5589,6329,9099,10553,13382,13429,13434
AILLNOP;298,2272,7648,8498,9565,11356,12787
AILLNPY;9103
AILLNST;10650,12649,13007,13017,13381
AILLNSV;10112,11579
AILLNSW;1793,12797
AILLNVY;1597
AILLORT;3689,10429,11878
AILLORZ;1099,1173,12010,13336
AILLPRS;4017,8844,13335,13502
AILLPRU;3993,8971,9172,11580,12636,12646
AILLPSU;1485,2261,3668,7130,7155,8867,12288
AILLPUV;5238,8521,12646
AILLQSU;
AILLRSU;1534,4145,5669,8780,9010,9176,10651,13007,13017,13207,13337
AILLRVY;1134,5501,5504,5505,8507,9010,9103
AILLSTT;471,10607,10650,13203,13205,13383,13386,13435,13507
AILLSTY;1583,3694,4362,8357,11570,12642,12785
AILLSUZ;
AILLTVY;1790,3694,7824,8503,8510,9849,10426,11570,11583,12642,13426
AILLTWW;
AILMMOR;
AILMMSS;3967,5559,5670,5671,9185,9187
AILMMSY;8534,11358,11940
AILMMUU;
AILMMUW;
AILMNNO;299,2517,6357,9115,13170
AILMNOP;
AILMNOS;
AILMNOY;655,1731,2532,3960,4146,4368,4776,4782,6187,6989,7638,8221,9096,9174,12663,12820,13253,13338
AILMNPS;
AILMNPT;
AILMNPU;1606,5604,6988,10582,11355,13254
AILMNRS;4366,13393
AILMNRU;10582,12992,13212,13441
AILMNSS;5559,7157,9064,13380
AILMNSU;
AILMOOV;4090
AILMOPS;
AILMOPT;
AILMORS;
AILMOST;
AILMOSY;4782,6331,12820,13253
AILMPRS;13393
AILMPRU;10582,13084,13255
AILMPST;6359
AILMPSU;1606,5622,8552,11615,12826
AILMPSY;1606,2638,5396,8489,9054,11363
AILMRST;
AILMRSU;979,1047,1181
AILMSSS;381,1118,3193,3988,5507,12591,12806,13299
AILMSST;1559,3967,5542,5603,10555,13009
AILMSSX;
AILMSSY;
AILMSTU;1272,4301
AILMSTY;3928
AILMSUV;
AILNNOS;
AILNNOT;5585
AILNNPU;9115
AILNNSU;7827,11628,11629
AILNOPS;
AILNOPY;298,9103
AILNOQU;8568,12303,12798
AILNOSS;
AILNOST;13377
AILNOTU;2535,3836,3995,4115,8728,9323,9904,13083,13518,13522
AILNPRW;3044,3484
AILNPSS;
AILNPST;
AILNPSU;1606,8988
AILNPSX;
AILNPTU;5561,11580,13083,13522
AILNPTY;166,841,10514,13340
AILNPUV;10356
AILNQTU;
AILNRST;
AILNRSU;
AILNRTT;1266,4045,5641
AILNRTY;470,1266,4082,4148,5035,5545,5561,13179,13304,13336,13401,13459,13522
AILNSST;3098,7157
AILNSSV;1295,3725,4011,8317
AILNSTT;303,10258,13507
AILNSTU;1270
AILNSTY;9567,11310
AILNSUV;1295
AILNTTY;
AILNTUV;1295,2679,2831,2955,6375,9107,10638,12582,12705,13390,13454
AILNTWY;3962,5216
AILOORS;5717,5837,6092,8361,8780,12846,13502
AILOORW;
AILOPRT;
AILOPST;10628
AILOPSY;2638,6047,6334,7500,7685,8489,8851,9108,10278,12109
AILOPSZ;10557,13176,13218,13249
AILOPTT;26,6330,8155,8958,8978,9019,9070,9199,9207,13093,13508
AILOPTV;6148,7641,9019,9919,10628,11529
AILOQTU;2397,5484,8568,12303
AILORSS;5619,8993
AILORST;
AILORSU;6092,7163,7869,8576,8780,12827
AILORTY;2654,3689,11651,12678,12837,13336
AILORUW;
AILORUX;8576,9666
AILORVY;1134,5504,5514,9103,9755,11651,12837
AILOSSS;2386,4662,6823,6824,8933,8961,11606,12296,13208,13299,13323
AILOSTT;8767
AILOSTU;6211,12845
AILOSTX;3563,6159,12478,12482,12645,12835,13377
AILOSWY;
AILOTVY;9755,9935,10426,11651,12659,12687,12712,12837,13426,13517,13525
AILPPRU;4765,7689,10206,13220,13221
AILPPSU;4765,9446,11613,11654,12601,13220
AILPPSY;2680,3648,5654,13263
AILPPTY;2584,2649,2668,2680,3712,5632,5654,6336,9015,9074,9203,9207,10576,11516,11655,12223,12224,13129,13263,13304,13343
AILPQSU;
AILPRSS;2650,6387
AILPRSU;
AILPRSY;7368,7501,8423,8851,11363,12109,13129
AILPSST;
AILPSTU;4363,4788,5613,8867,13094
AILPSTY;167,5654,8851,13129
AILPSWY;13223
AILQSSU;8589,12479,12824
AILQTTU;1164,3715,5449,12705
AILQTUY;9076
AILRRVY;5504,5505,5514,7257,7337,7697,8507,11487,11585,11651,12844
AILRSTT;
AILRSTU;
AILRSTY;4748
AILRTTU;3627,3673
AILRTTY;2496,2651,4370,9207
AILRTUV;3060,3970,13181,13182
AILSSSY;6824,7134,7141,8544,8983,8995,10366,10444,10570,10654,10875,11652,11850,12806,13262,13324,13461
AILSSTU;1272,4538,5239
AILSSTX;3301,5673,8412,10868,11526,11604,11642
AILSSUV;1295,3100,10606,10872,11587,11663,12853
AILSSVY;3725,7902,9110,11081
AILSSVZ;4663
AILSTTY;13428,13507
AILSTUW;12813
AILSVVY;13463
AILTTTY;303,1166,2309,2496,5471,5643,12714
AIMMMSU;
AIMMMUX;
AIMMNTU;3836,4652,6390,8433,11311,13390,13468
AIMMORS;2001,2140,4168,6647,7099,8099,8599,8600,10449,13268
AIMMOSS;3487
AIMMOST;1480,4075,7700,8599,8600,9021,9147,12490,12493,12857,13298,13348,13378
AIMMSUX;
AIMNNOR;2694,3822,4756,5625,7132,7712,8537,8539,8602,12579,13210,13327,13350,13406,13425,13470
AIMNNOS;5744,6391,11672,13306
AIMNNSS;846,3101,4826,7506,10527,10555,11020,11379,11566,11683,12715,12717,13009,13070,13307
AIMNNSY;3679,4026,4144,5744,9023,12491
AIMNOOR;3744,4029,5324,5610,11381,12241,12492,12719,13351,13471,13472,13473,13533
AIMNOOT;336,3743,5610,7068,7079,8610,11381,12241,12492,12719,12724,13130,13229,13315,13408,13472
AIMNOPR;1141,3572,6168,7452,9210,13060
AIMNOPS;5401
AIMNOPT;13130,13408
AIMNOPZ;8608,10557,11382,13076,13172,13249,13408
AIMNORS;317,5555,10614,13406,13470,13471
AIMNORT;5625,13406,13470,13471,13472
AIMNORU;4940,5324,10582
AIMNOST;
AIMNOTU;3836,5591
AIMNPRT;2376,7261,12439
AIMNPST;10880
AIMNPSW;3574,11690
AIMNPSY;1606
AIMNPTY;12439,13340,13505,13514
AIMNRRU;4353,5324,8539
AIMNRST;
AIMNRSU;417
AIMNRTU;8959
AIMNRTV;
AIMNRUU;3961,4612,8499,9210
AIMNSST;
AIMNSTT;3119
AIMNSTU;11476
AIMNSUV;
AIMNSUZ;8535,8870,10225,12621
AIMNSVY;11693,13517
AIMNSYZ;8448,13119,13249
AIMOPST;
AIMOPSY;1556,2638,8489,12857,13273
AIMORRU;8539,10584
AIMORST;5555,13530
AIMORTT;2691,5610
AIMORUZ;8532,13078,13212
AIMOSTT;1255
AIMPPSS;
AIMPPST;951,2668,3747,8266,9021,9192,10880,11613,12350,12673,12741,12862,12881,13353,13354,13355,13484
AIMPRRY;3001,3682,3683,11319,11363
AIMPRST;
AIMPRSY;2547,2638,8489
AIMQRSU;417
AIMRSST;
AIMRSTU;
AIMRSTW;
AIMRSTY;3928
AIMRSTZ;3274,3309,9884,10801,12621
AIMSSSY;8544,8983,9026,12806
AIMSSTT;1243,3119
AIMSSTU;1272,5542,13259
AINNNOW;
AINNNST;482,2003,2004,4535,7505,10431,12595
AINNOPS;4026,4144,5599,8937,9177
AINNOPT;6373
AINNOSS;3598,10395,11711,12895
AINNOST;
AINNOSW;3879,5024,5599,6290,9462,12496
AINNPSS;1860,3922,11705
AINNPST;7116
AINNPTU;3864,6373,8606,11717,12262,13191,13277
AINNQTU;158,3715
AINNRSU;4480,9228,13327,13350
AINNRTT;
AINNRTU;11626,11717
AINNSTT;4061,13011,13383,13440
AINNSTU;4000
AINNTUY;127,2699,4302,4657,4759,5477,9132,9200,11626,13492
AINOOPR;3744,4029,4138,4139,4281,11594,12126,12324,13040,13351,13473,13493,13533
AINOORR;3490,5324,5374,5875,7093,7712,10392,11269,11889,12492,13270
AINOORT;4139,12492,12719,12796,12837
AINOOTV;4139,11951
AINOPPT;13130
AINOPRS;3266,4270,5347,5599,11122,13493,13502
AINOPRT;8757
AINOPSS;9239,13352
AINOPTT;3551,8758,9887
AINOPTU;13083,13191
AINOQSU;4134,11672,13413
AINORST;
AINORSW;8849,12293
AINORTU;4177,13522
AINORTW;5380,7987,8726,11882,11985
AINORTX;2514,6310,7095,9542,10433,10892,11689
AINOSSU;6174,6392,6476,8533,9087,9151,9185,9947,10067,10072,10371,12807,12897,13474
AINOSTT;
AINOSUX;5506,8743,10282,11714,11941
AINOSVY;11729
AINPPRS;307,2633,4006
AINPQTU;3660,6684,8568
AINPRSS;4013
AINPRST;
AINPRSU;9164
AINPRSW;
AINPRTT;2549,5641,9088,9230
AINPRTU;2549,7162,9230,10619,13522
AINPRTW;5380,12979
AINPSST;9239,13352
AINPSSV;3499,11736,13456
AINPSTU;
AINQRST;
AINQRTU;
AINQRUY;11865
AINQSSU;1902,4141,9087
AINQSTU;
AINQSUY;5509,11582,12820
AINRRTY;1300,1302,3111,3680,4081,4148,5264,7730,7741,8632,9238,11728,12904,13364,13492
AINRRUY;3982,4148,8632,10573,12328,12844,13492
AINRSST;
AINRSTT;
AINRSTU;
AINRTTT;2529,3720,3979,4177,5005,8646,11644,11723
AINRTUY;2319,3982,4148,10573,13522
AINSSTT;
AINSSTU;3075,4141,5598,9087,13283
AINSSXY;
AINTTVY;9935,10870,11693,13525
AIOORRW;10300
AIOORSS;481,982,1260,1616,3562,3744,3745,4029,4174,5423,5517,5678,6347,6875,9028,9038,9222,9241,10644,10655,11722,12126,12349,12879,13140,13141,13269,13276,13283,13284,13286,13332,13351,13359,13363,13473,13474,13534,13539
AIOPPRR;1188,1786,3072,3572,4028,5251,7684,7990,7991,8485,8586,8855,9020,9035,10418,10911,11724,12762,12880,12881,12916,12918,13482,13519
AIOPRRT;5734,8810,13482
AIOPRRX;3004,5251,5267,5382,5520,12916
AIOPRST;
AIOPRSV;5666,13493
AIOPRTT;1144
AIOPRTY;1302,11728,12132,12505
AIOPRUV;12773
AIOPSTU;10628,12533,13094,13353
AIORRRW;
AIORRSU;285,1296,7091,7151,9037,9164,10438,11722,12918,12919,13347
AIORRTT;12883
AIORRTX;1655,5267,5382,5520,11689,12904,12916
AIORSST;2413
AIORSSU;
AIORSSV;
AIORSTU;
AIORSTV;
AIORSTY;1596,2413,6274,7753,9038,11728,12132,13364
AIORSUV;12827
AIOSSTT;972,2413
AIOSSYZ;13143,13462
AIOTTUW;
AIPPRRS;36,286,427,428,4028,9020,9035,13498
AIPPRSU;3990,4765,12906,13220,13355
AIPPSST;469,9239,13537
AIPRRTT;234,3473,3889,4007,5268,7527,9088,10899
AIPRSST;
AIPRSSW;11690,12375
AIPRSTU;3437,7091,8775,12533
AIPRSUY;2602,4674,8423,10449,10461,11658,12056,12377,13134,13262,13268
AIPRTVY;4152
AIPSSTT;2551,13316,13402
AIPSSTW;8856
AIPYZZZ;
AIPZZZZ;
AIRRSST;1218,2702,9235,9241,13022,13458
AIRRSZZ;
AIRRTZZ;
AIRSSSU;3121,4298,11026,11660,11719,11746,12527,13035,13224,13464,13496,13538
AIRSSTT;
AIRSSTU;8976
AIRSTTT;5656
AIRSTTU;1595,4992,5045
AIRSTTY;9038
AIRSTTZ;
AIRSTVY;2677,4152,13424,13517,13525
AIRTUVX;
AISSSST;4025
AISSSTX;13361
AISSTTT;
AISSTTU;4141,13259,13266
AISTTVY;2637,11693,12463,12776,13424,13525
AISTUVY;3694,4152,11376,11570,12377,12463,12826,13517,13525
AJKMNNU;
AJKMNTU;
AJKNSSY;
AJLLRUY;9090
AJLMORY;
AJLNORU;6401
AJLOORS;10480
AJLOPPY;
AJMNRUY;
AJMOPST;7437
AJMRSTU;9986,10481
AJNORST;10481,11751
AJNRSTU;9168,9986,10481,11751
AKKKOOS;
AKKKORU;
AKKLRSY;
AKKLSWY;
AKKMOOT;
AKKNRSU;
AKKOOPS;
AKKOQSU;
AKKORSU;
AKLMMSU;
AKLNOSU;10238,10762,12629,13240
AKLNOSX;
AKLOPRW;
AKLOSST;13241
AKLOSTW;
AKLOTTU;
AKLOTUW;
AKLPRSY;5276
AKLPSTU;12926
AKLPSUW;
AKLRSTY;2486,4560
AKLRSVY;
AKMNORW;12279,13244
AKMNRTU;1062,3766
AKMNSSU;
AKMOORT;
AKMOOSS;13333
AKMORST;10917
AKMPRSU;
AKMQTUU;
AKMRSTU;
AKMSTUU;
AKNNOOS;13540
AKNORSU;10238
AKNORSY;4955,11563,12628,13244
AKNORTU;585,3766,4356,8660
AKNOSTU;
AKNPSYY;
AKOOPRT;3767,9243,12924
AKOORRS;11968
AKOOSTU;11289
AKOPRRU;3438
AKORRTW;
AKORRWW;
AKORWWX;
AKOSSTU;
AKOSTTU;
AKOSTWY;
AKQRSSU;2339
AKQSSUW;
AKQSUWY;
AKRSSTU;8736,11758
AKSSWYY;
ALLLOST;4324,8288,8492,8883,8979,13245,13428,13503
ALLLOYY;4774,4775,5525,5742
ALLMNOP;489,4144,4562,5278,6229,7760,8225,8496,8497,8498,9565,11290,11291,11426,11428,12787,12789,13028,13248,13249
ALLMNOT;295,1212,2645,3770,3836,4043,4146,4562,6229,7404,7760,8495,8496,8497,9096,9173,9245,11428,12283,12930,13028,13203,13247,13374,13505
ALLMNOY;295,1212,2267,4146,5278,6187,6229,11426,11759
ALLMNPU;5278,7128,11355
ALLMOOS;1238,2120,2487,3112,3584,4010,4183,4722,4776,6299,6377,7152,8027,8069,8885,10656,12400,12547,12639,13145,13246,13287,13298
ALLMORS;309,2488,3868,3960,4017,4183,4184,9176,10623,10656,13432
ALLMORY;8290,9176,10622,11425
ALLMOSS;4035,9470
ALLMOST;4183,5680,7274
ALLMOSW;
ALLMPUU;
ALLMSUV;12642,12791,12792
ALLNOPS;13310
ALLNOTY;4796,6229,6230,7762,7764,8669,8670,10202,10426,10589,11759,12294,12930,13146,13336,13426
ALLNOYZ;8514,13249,13336
ALLNRUU;2653,3778,5280,5283,7850,8502,9107,9245,11970,12790,13289
ALLNSTY;453,470,1892,2645,2652,4679,7762,9179,9181,10589,10650,13310,13505,13507
ALLNTUU;2653,8744,9107,9245,12969,13006
ALLOOPS;45,487,3891,4183,7130,7154,7155,8844,9108,13145,13287
ALLOOST;3017,3091,3112,3584,4010,4183,10429,10651,12400,12467,12932,13298,13337,13433,13435,13436,13507
ALLOOTX;3586,4016
ALLOPRS;3983,4017,4183,8844,13502,13541
ALLOPRY;489,6924,8762,9103,10622,13504
ALLOPSW;2147
ALLORSS;1242,4035,6349,8923
ALLORWY;11425,12548
ALLORYY;2553,4184,4967,4968,5680,7106,8290
ALLOSSW;11752
ALLOSTT;471,1291,3983,4079,5602,7042,10607,12420,12585,13203,13205,13383,13386,13435,13507
ALLOSTU;471,1291,3690,3983,4151,5602,10484,10628,10651,12294,12804,12932,13430,13432,13437
ALLOSTV;9057,10628,13167
ALLOSTW;
ALLOSWW;
ALLOSWY;
ALLOTTY;1210,1621,2651,2655,4146,6330,7757,7761,8670,8958,9106,13428,13507,13508
ALLOTWY;1269,12548
ALLOTYY;1212,5680,9179
ALLPRSU;9683,10919,13502
ALLPSSY;1263,13248
ALLQSSU;
ALLQSUY;9183,11582
ALLRRUY;2344,2656,3774,4148,4680,7041,8669,9184,9247,13511
ALLRSTU;3771,3778,4145,6269,9683,10626,10650,10651,13007,13017,13207,13337,13432,13437
ALLRSUY;1534,3772,3773,5669,8945,9010,10482,10651,10656,10982,11970,11971,13289,13511
ALLSUUY;5669,9183,10574,11970,13288,13289
ALMMSUW;
ALMMSUY;1304,1306,5527,8672,13290,13366
ALMNNUY;93,1213,1232,3679,4782,5528,11873
ALMNOOP;2554,3390,5729,11036,11428
ALMNOOT;887,3390,3588,7771,7773,9245,11036,11428,12936,13543
ALMNOOW;6381
ALMNOPS;1622,4745
ALMNOPW;
ALMNORS;309,4366,9190,9248,13291,13544
ALMNORU;10582,12550,12934,13212,13254,13291,13338,13441
ALMNORY;3984,10923,13338
ALMNOSS;9248,9249
ALMNOSU;1305,1622,13290,13291,13292,13367,13543,13544
ALMNOSY;712,1622,3984,4187,4782,5527,5528,5672,6989,8672,10923,12820,13253,13290,13292,13338,13367,13517,13543,13544
ALMNOWY;
ALMNPSU;5285,5604,11777,12552,13254,13292,13544
ALMNRSU;1307,13291,13544
ALMNSUU;4147,4998,6234,8677,9994,10434,12552,12790,13543
ALMOOPY;2554
ALMOORS;
ALMOPPT;
ALMOPRT;1623,4022,13341
ALMORRU;1199,5272,11598,12550
ALMORSS;1242,3526,3984,4035
ALMORST;39,1624,5325,5680,8293
ALMORSU;
ALMORTU;4022,5667,13084
ALMOSST;3967,5603,9187,9191,9249
ALMOSTW;
ALMOSXY;1304,9097,12478,12547,13367
ALMOTTU;1623,3892,3985,5649,7776,11918,13518
ALMRSTY;1307,3928,5680,6383
ALMRSUU;4147,9994,11434,12552,12790
ALMRTUU;259,1214,3020,4156,4786,5529,5667,5998,6265,7777,10077,13019,13449
ALMSSUY;5508,12826
ALMSTUU;1102,5529,13019,13449,13543
ALNNOOR;8984,9196,10355,12681,13020
ALNNOPY;985,5999,6357,9243,9348,10533,11426,12301,12680,13149,13504,13514
ALNNRSU;4723,13291
ALNNSUU;4760,5414,5627,12384,12828,13512
ALNOOPR;5182,12324,13040,13064
ALNOOPT;3390,11036,11428,13365
ALNOOPV;11951,12324
ALNOORT;5049,5623,10355,12837,13397,13545
ALNOOSS;3021,3789,3790,4187,5048,6201,7043,8371,8512,9248,9249,12935
ALNOPPY;2649,9015,9203,13056,13304,13343,13369,13522
ALNOPRS;
ALNOPSS;5530,5605
ALNOPTU;4783,7764,13083
ALNOPYY;9009,13064,13149,13508
ALNORST;
ALNORSU;4037,13338,13544
ALNORUY;985,1200,1306,3122,4037,4684,4763,5388,5561,8518,8669,9099,9200,11787,11970,13338,13522
ALNORUZ;4115,8532,10071,13078,13198,13212,13221
ALNOSST;2350,3790,6366,7766,9249,13458
ALNOSUZ;6941,8535,13367,13400
ALNPRUY;985,3788,5021,5561,11436,12282,12552,13262,13340,13522
ALNPSTU;3792,5285,6879
ALNPTUY;3730,3776,3788,5043,5561,13340,13522
ALNPTXY;3730
ALNRSUY;1200,1203,1306,1307,3788,4037,5305,5512,5527,5672,6236,8246,11436,11787,11970,12552,12554,13289,13338,13544
ALNSSTU;5291,5390,7852,11788,11903
ALNSSVY;
ALNSTUW;7852,11043,12813
ALNSUUU;8093,8677,9190
ALOOPSS;3524,4187,4788,6239,6334,7043,8686,8990,9042,9997,11792,11895,11954,11972,12935,13065,13346
ALOOPYZ;5425,12381,13151
ALOORRS;986,3894,13293,13541
ALOPPRS;13343
ALOPPRU;12832,13221
ALOPPRY;6237,9013,12557,13263,13304,13343,13369
ALOPPST;5654,7781,7788,9136,9203,9615,10576,13113,13129,13263,13343,13346
ALOPRRS;957,3894,7547,7548,8992,11792,11999,12057,12138,12139,13541
ALOPRRU;1199,5288,5289,11039,12942,12983
ALOPRST;
ALOPRSU;13148,13544
ALOPRSY;3984,8489,8946,10480,13065
ALOPSST;
ALOPSSU;12964
ALOPSSW;2147,11752,12927,13339
ALOPSUV;10638,11794,13463
ALOPTUY;2655,4783,5561
ALOQRRU;5484
ALOQRSU;345,10624,11044
ALOQSTU;5291
ALORRST;986,1309,4037,6383,13021,13022,13251,13293,13458,13459,13527
ALORRSW;5185,8659,11968
ALORSST;9043,9249
ALORSSU;10652,10654,12851,13313,13510
ALORSSV;3798,8993,13516,13524
ALORSTU;1309,1624,4037
ALORSUV;1239,4262,5281,11794,12827
ALORTWW;
ALORTYY;3338,5680,7044,8131,8962,9014,13066
ALORUVY;5388
ALOSTTU;8767,9251
ALOSTUW;12813
ALOSTUY;1603,2646,4037,7164,7170,10651,10653,12993,13367,13511,13527,13543
ALOSTXY;10315,11787,12478,12482
ALPRRSU;2715,8423
ALPRSSU;
ALPRSSW;2016
ALPRSTY;9244
ALPRSUU;4147,8677,11434,11955,12552,12790,13526
ALPRSUW;11044
ALPRSWY;13223
ALQSTUY;5509,11582,11802
ALRSSUU;2713,4182,13032,13260
ALRSTTY;1307,2712,9247,9251
ALRSTUU;1522,2356,2603,3778,7785,8096,8523,8593,9146,12387,12851,13019,13449,13460
ALRSTUW;
ALRSUUV;413,2710,6388,9018,9146,11794,12850,13449
AMMMNOS;8528,12388
AMMMOSU;
AMMNOOR;9045
AMMNOOT;8292,11803,11939
AMMNOPS;4026,6232,8692,10446,13089,13268
AMMNRUY;1306,8660,9253,11770,13268
AMMOORR;8690,8936,11442,12492
AMMOPTU;4022,7793
AMMORST;39,2604,7099,13348
AMMOSXY;1304
AMMPSUW;
AMMRRSU;4725,5296,8378,8600,12721,13528
AMMRSUY;1306,5527,9253,10449,13268
AMMSSTU;9252,13349
AMNNOOX;
AMNNORS;9248,13306,13327,13350,13406,13425,13470,13530,13532
AMNNOSW;
AMNNOSY;4782,5744,5951,10310
AMNNOTT;2608,4085,5625
AMNNOTY;1213,3123,3770,3800,7052,11446
AMNNOUW;6381,9254
AMNNSTU;1305,3392,7795,7798,8051,11803,12017,12389
AMNOOOS;5675,8302,9044,9045,10203,12390,12935,12936,12947,12948,13253,13271,13471,13533
AMNOOPP;6337,13130
AMNOORS;3591,3744,4029,4168,5658,9045,9248,12500,13306,13351,13471,13473,13475,13476,13533
AMNOOST;3392,11803,12936,13292
AMNOOTT;3390,5610,8235,9255,11036,12663,13229,13371,13408,13472
AMNOOTZ;887,3103,4089,4123,5637,13229,13315,13408,13472
AMNOPPR;289,3068,3572,3957,10011
AMNOPRT;13152,13371,13372
AMNOPRY;489,12059,12787,13371,13504
AMNOPST;4186,8675,12390
AMNOPTU;4783,7133,8606,8938,13084,13255
AMNOPTY;4758,4783,9214,11301,13273
AMNORRS;13244
AMNORSS;1292,3984,4083,4739,4746,9248,9470
AMNORST;13406,13471
AMNORSY;3960,13244,13338
AMNORTU;585,1214,9245
AMNOSST;
AMNOSTU;1305,10658
AMNOSTV;4014,4062,4095,7717,8598
AMNOSYZ;8448,13249,13367
AMNOTUY;1208,1213,4783,8660,11770,12930
AMNPSTY;453,4186,4187,13292,13372,13447,13505
AMNPTYY;12551,13152
AMNQTUU;
AMNRRUY;4148
AMNRSTU;
AMNRTTU;6005,6216,7723,9953
AMNSTTU;10658
AMNSTUU;1102,2064,4171,4791,4998,5490,5529,5853,6393,10493,10496,11816,12348,13478,13528
AMNTUUY;13468
AMOOORS;5032,5675,8302,9011,9045,9449,12558,12947,12948,13148,13291,13471,13533
AMOOPRS;9450,12392,13306
AMOOPRT;4023,8169,10939,11977,12407,12421,13255,13341,13371,13482
AMOORSU;3592,3805,5050,9450,11147,11807
AMOORSV;8454,12392,13483
AMOORXY;4149,13372
AMOPPSY;2668,9021,12475,12553,12817,13043,13356
AMOPSTT;454,5106,8692,9067,12390,13257,13294,13354,13407,13531,13532,13533,13546
AMORRST;
AMORRSU;5050,8697,10497,10498
AMORRSW;
AMORRTY;6383,10251
AMORRUY;
AMORRWY;11451
AMORSST;2716,2717
AMORSSY;1242,1870,2717,3984,9023,9249,13067
AMORTTU;8
AMORWWX;
AMOSTUW;1255,12813
AMOSTUZ;12825,13367
AMOSUYZ;13367
AMPRSST;2716,9043
AMPRSUW;
AMRRSTU;4171,8947,13293,13328,13484
AMRRSTY;1311,3808,6383,10498,11451,11809,13004,13546
AMRRSUY;3808,10498,10536
AMRRTYY;8306
AMRSSTU;9252
AMRSTTU;3897
ANNNOSY;2548,9000,9195,10591
ANNOPRS;5599,7801,8102,8937,10464,11394,11703,13358
ANNOPSS;10318,11455
ANNOPST;
ANNOPTY;2322,3519,5999,12680,13514
ANNORST;451,13358,13470,13530
ANNORSW;82,5024,5599,9453
ANNOSST;
ANNOSTW;3879
ANNOSTY;2673,9131,9179,12411,12830
ANNOTTY;3580,3741,9132,9200,12794,12830,12890,13492,13547
ANNPSSU;1299,13307,13358
ANNPSTU;3348,8679,11819
ANNRTYY;2647
ANNSSTU;
ANNSSTY;334,475,3971,4072,4189,7146,8734,9227,12999,13216
ANOOPRS;13493
ANOOPRT;4139,10596,11149
ANOORST;
ANOORTT;8703,11422,13371
ANOPRRS;2026,2457,2545,6224,7384,8120,8813,8861,9164,11122,11364,12216,12267,12768,13493,13541
ANOPRSS;3984
ANOPRST;
ANOPRSW;5599,6743
ANOPRTV;11149
ANOPSTT;7774,7996,8675,9256,10766,12390
ANOPSTU;3898
ANOPSUY;1523,1622,3083,8930,10439,10579,12567,13104,13268,13292,13362
ANORRSW;
ANORRWW;
ANORSSV;3333,5290,6009,8704,11459,11821,13284,13516,13524
ANORSTT;
ANORSTU;13044
ANORSTY;11728,11787,11826,12569,13364
ANORSUU;3124,3981,4182,6234,7163,7807,9018,11816,11970,11979,12828,12911,13044,13460
ANORWWY;
ANOSSTZ;13445,13462,13489
ANOSTTU;11811,13547
ANPPSUW;
ANPRSSU;11823
ANPRSTU;
ANPRSUW;
ANPRSUY;3218,10579,11436,12552,12554,13262,13268
ANPSSUW;
ANPSTUU;4163,5000,12939,13478,13503
ANRSSTU;988
ANRSSUY;4189,8710,9047,11436,12562,13262
ANRSTTU;13547
ANRSTTY;1307,2712,3125,13547
ANRSUWY;
ANSSTTU;4141,4373,5600,13311
AOOPPRS;2456,3899,4041,5012,8862,9256,12500
AOOPRTT;3797,12421,13420
AOOPSTT;13257,13294,13346
AOORRST;987,6344,9036,13251
AOORRSY;4476,6249,8705,11893,13493,13526,13527,13546
AOORRTT;2411,2621,2704,4106,5849
AOORRTU;10507,10584,10598,11855,12154,12942
AOORRTY;2654,6249,9238,9257
AOORSTT;2559,4165,4935,6335,9038,9046,11140,11241,12035,13337
AOORSTU;3592,4297,11147,12467,13303,13337,13547
AOORSTV;4033,5537,11296,13236
AOOSTTT;2700,3806,4111,4173,13539,13547
AOOSTUZ;12334,12370
AOOTXYZ;
AOPPPSU;12906,13098,13353
AOPPRRT;9632,10018,10911,11157,11724,13482,13519
AOPPRST;9256,13369
AOPRRST;
AOPRRSU;7091,8775,8947,9037,9164,10599
AOPRRSW;
AOPRRTY;11397
AOPRSST;3841
AOPRSSU;10588
AOPRSTU;7091,8775
AOPRSTW;
AOPRSUV;11794
AOPRTTU;3385
AOPRTUY;5561
AOPRUVY;12922,12942,13463
AOPSSTU;2460,6400,10575,10588,12395,12964
AOPSTTX;3337,3664,5295,7298,7739,7806,12771
AOPSTUY;12567,13104,13105,13362
AOPSTWY;12538
AOPTTUU;
AOQRSTU;1628,7169,13280,13417
AORRSST;3841,4189,9235,10659,13022,13370,13458
AORRSSU;4189,6347,10655,10660,13370
AORRSTW;
AORRSWY;11451
AORSSST;867,1627,2716,4798
AORSSTT;
AORSSTU;
AORSSUV;9691,11161,11821
AORSSUY;1526,4189,5669,8710,8968,9047,9428,10482,12562
AORSTUW;2531
AORSTUY;864,1309,1311,4037,5533,11453,11787,11971,13511,13525,13527
AORSUVY;
AORTUVY;8656,12883,12922
AORUVVY;
AOSSTTT;4173,8817,9163,13237
AOSSTUY;1526,4189,6058,6243,7170
AOSTTTW;12419
AOSTTUY;7164,7753,8693,8767,9251,10653,11453,11971,13511,13525,13527
APPRRUU;
APPRSTY;13369
APPRSUW;
APPRSUY;1577,9208,10131
APRSSSU;865,3151,3813,4576,4674,5299,8601,8713,12955,13496
APRSSWY;
APRSTTU;9145,13321
APRSTTY;2712,3889
APRSUWY;12056
APSSTUY;10648,12395,12503,12555,12567,13362
APSSUWY;
AQRTUYZ;
AQSTTUY;1628,11802
ARSSSTU;3345,11660,12933,13464
ARSSTTU;
ARSSTTY;3890,9112,11699,11700,13401
ASSTTUY;8618,11802
AVYYZZZ;
BBBDELO;
BBBDELU;
BBBEILS;
BBBEIOS;13550
BBBEIRS;4192,13549,13550,13552
BBBEIRY;
BBBEISU;
BBBELOS;4191,13550
BBBELRU;4197
BBBELSU;
BBBEORS;13550
BBBEORY;4193
BBBGIIN;
BBBGINO;
BBBHIOS;
BBBHSUU;
BBBINOS;13551
BBBIOTT;
BBCCIKO;
BBCDEHI;13559
BBCDEIR;
BBCDELO;13558
BBCDELU;13556,13559
BBCEEHO;4190,4208
BBCEEIR;4205,4209,4210,4211,13563,13565,13566
BBCEHIN;4201,13559,13569
BBCEILR;
BBCEIOR;504,505,4210,13550
BBCEIRR;
BBCEIRU;
BBCEISU;13550,13565
BBCEKKO;
BBCEKKU;
BBCELOR;4217
BBCELOS;4191,4215,13577
BBCELRU;13556
BBCEORS;502,4200,4210,4216,13548,13578
BBCEOSW;502,503,13548,13577
BBCGINO;4201,13581
BBCGINU;
BBCHISU;13563
BBCINOU;13570,13582
BBCRSUY;
BBDDEIL;
BBDDEIR;
BBDDERU;495
BBDEEIR;4205,4229,4231
BBDEEIS;4204,4224,4229,4231
BBDEELP;
BBDEENO;
BBDEENS;4224,4231,4233,13587
BBDEEOR;513
BBDEFLO;
BBDEFLU;
BBDEGIL;517,13559
BBDEGLO;13588,13590
BBDEGRU;
BBDEGSU;
BBDEHLO;
BBDEIIM;
BBDEIKL;
BBDEILN;13559
BBDEILO;
BBDEILR;4235
BBDEILS;517,4224,4226,4236,4237,13591,13592
BBDEILW;
BBDEINS;517,4224,13561
BBDEIOS;4204,4225,4238,13592
BBDEIRR;
BBDEIRS;
BBDEKNO;
BBDELMO;
BBDELMU;4232
BBDELNO;13558
BBDELNU;4230,13556,13559
BBDELOO;13588,13590
BBDELOS;4238,13585
BBDELOW;
BBDELRU;13556
BBDELSU;4226,4232,4236,4237,13591
BBDEMSU;4232,13587
BBDENSU;495,4233,4239,4240,13561,13587
BBDEORS;13585
BBDEOST;4238,13558
BBDEOSW;
BBDERRU;
BBDERSU;
BBDESSU;4232,4236,4237,4239,13587,13591
BBDESTU;4233,13560
BBDFLUU;
BBDGIIN;
BBDGINO;4227,4243,4244,13586
BBDGINU;4244,13559,13586
BBDIKSU;
BBDILRY;4234,4235
BBDINOS;13593
BBDINSU;518,4239,4240,13561
BBDIOOR;4227
BBDIRUY;
BBDKSUY;
BBEEEES;4246
BBEEERR;4245,4250,13557,13562
BBEEERU;4251,13557,13562
BBEEIKS;4204,4209,13600
BBEEIRS;13552,13565,13566,13596,13598,13601,13604
BBEEIRW;4249
BBEEISW;13548,13603
BBEEKLS;4209,4213,13555
BBEELPS;4246,13595
BBEELSS;515,520,4213,4224,4228,4252,4258,13553,13568,13601,13603
BBEENSS;520,525,4211,4212,4213,4224,4231,4252,4258,13568,13587,13598,13601,13603
BBEERRS;499,4253
BBEFILR;
BBEFIRS;4267
BBEFIRU;
BBEFIRY;
BBEFLRU;4266
BBEFRUY;4266
BBEGIKN;
BBEGILR;13569
BBEGINN;4269
BBEGINW;
BBEGIOR;
BBEGIOS;4225,13595,13608,13611
BBEGIRS;4225,13608
BBEGIST;
BBEGLOR;
BBEGLOS;13595,13611
BBEGLRU;13569,13570
BBEGNSU;
BBEGOST;503
BBEGRRU;
BBEHIKS;
BBEHINS;13609,13610,13616,13617
BBEHIOS;4215,4216,13609,13614,13616,13617
BBEHISU;
BBEHLOR;530,4197
BBEHLOS;4191,4215,13589,13614,13616
BBEHMTU;4197
BBEHORS;4200,4216,13609
BBEIIKL;
BBEIILR;4235
BBEIILS;4215,4226,4236,4237,13595,13611,13612,13614
BBEIIMR;
BBEIIMS;
BBEIIRR;
BBEIIRS;
BBEIJOS;
BBEIJRS;
BBEIKLS;4206,4209
BBEILNR;
BBEILNS;517,4224,13616,13621
BBEILOS;13592,13595,13611,13614,13616,13621
BBEILOT;
BBEILPR;
BBEILQU;
BBEILRS;
BBEILRT;530,533,4260,13569,13599
BBEILSS;13584,13601,13616,13621
BBEILST;
BBEILSW;
BBEILSY;4234,13565,13585,13613
BBEIMOS;13550,13592
BBEINOR;
BBEINRU;
BBEIOOS;13592,13604,13611
BBEIOOT;
BBEIORY;535
BBEIRRS;
BBEIRRY;535
BBEIRSU;
BBEIRTU;522,533,4260,13569
BBEISSU;13601,13621
BBEISTU;
BBEJORS;
BBEJORY;13575
BBEKLNO;524
BBEKLNU;
BBEKLOS;4202,13555
BBEKLUU;
BBEKNOR;
BBEKNSU;
BBELLOY;
BBELLSU;13565,13601,13613
BBELLTU;
BBELMOS;4276,13550,13592
BBELMOT;4197
BBELMRU;537,4197
BBELMSU;
BBELNOR;524,4193
BBELNOS;13610,13616,13622
BBELNSU;13601,13622
BBELNSY;13613,13622
BBELORS;
BBELORU;13570
BBELORW;
BBELORY;4266
BBELOST;13622
BBELOSW;13577
BBELRRU;4266
BBELRSU;
BBELSTU;
BBEMNSU;13587
BBEMORS;502,4200,13550
BBENOTW;
BBENRSU;495
BBENSSU;13587
BBEOOSY;13575,13577,13589
BBEORRS;
BBEORRY;535,4266
BBEORSS;13574,13609,13618,13623
BBEORSW;502,13548
BBEORYY;
BBEPRUW;
BBERRSU;536
BBERRUY;4266
BBERSTU;13623
BBFGIIN;
BBFGINO;4281,13624
BBFGINU;
BBFILSU;4282
BBGGIIN;
BBGGINO;
BBGGINU;
BBGHINO;4201,13625,13628
BBGIIJN;
BBGIILN;
BBGIINN;4269
BBGIINR;
BBGIJNO;
BBGILLU;
BBGILNO;
BBGILNU;13586
BBGIMNO;4201,13624,13628
BBGINNU;
BBGINOO;4227,4281,13581,13624,13625,13628,13629
BBGINOR;4227,4243,4281,13624,13625
BBGINOS;13593,13625
BBGINPU;
BBGINRU;13629
BBGINSU;
BBGINTU;4244,4288,13559,13569,13629
BBGIOSU;13582
BBGIOSW;
BBHHIOS;539,13625
BBHIMOS;4280,13626
BBHIOOS;539
BBHIOST;4215
BBHIOSY;4216
BBHIRSU;
BBHISTU;
BBHJOOS;
BBHKOOS;
BBHNOOS;13625
BBHOOUW;
BBHRSUY;
BBIIILM;4290
BBIIKTZ;
BBIILST;4215,4218,4221,4272,4282,4287,4289,4291,13612,13630,13632
BBIIRST;4218,4289
BBIISUU;
BBIJMOO;
BBIJNOS;
BBIKOSS;541
BBIKTUZ;
BBILLSU;13565,13601
BBILLUU;
BBILNOY;
BBIMMOS;
BBIMOSY;
BBINNSU;
BBINORS;13625
BBINORY;4227,4281,13625
BBIORTU;4296,13629
BBIRTUY;4289
BBJLOOW;
BBKLNOY;
BBKLNUY;
BBKLOOU;
BBKNOOT;
BBKOOOO;
BBKOOSS;13574
BBLLSUU;
BBLOSUU;
BBLOSWY;13577
BBLSTUY;13622
BBMOOOX;
BBMOSUY;
BBNNOOS;4279,4295,13593,13604
BBNOOOS;
BBNOORU;4296,13629
BBNRUUY;
BBOOOOS;13631
BBOOSSY;
BBOOSUU;
BBORSTU;
BBOSSUY;13594
BBRSSUU;4278
BCCEEHS;4200,13555,13642,13644
BCCEIIS;4343,13633,13648
BCCEILO;558,560,4349,4351
BCCEILU;557,4349
BCCEILY;
BCCEIOS;
BCCEMOR;560,561,4356,13643,13655
BCCILOU;
BCCILUY;4368
BCCINOO;4355,13650,13651,13652,13660
BCCISUU;13660
BCCMOOX;
BCCMSUU;
BCCNOOR;13650,13651
BCDEEHL;
BCDEEHN;
BCDEEIL;13680
BCDEEKS;587,4385,4393,4405,13676
BCDEENU;13557,13713
BCDEHIR;
BCDEHIT;4307,4308,13559
BCDEHNU;13559
BCDEHOR;
BCDEHOT;622,4428,4438
BCDEHOU;4309
BCDEIIO;4397,13692
BCDEIKR;4448,13726
BCDEIKS;
BCDEIKT;
BCDEILM;4429,4449
BCDEILO;630,4309,4407,4452,4453,13699,13717,13727
BCDEIOS;633,4204,4407,4448,4452,4453,13683,13699,13727,13731
BCDEIRS;
BCDEKLO;13675
BCDEKLU;590,4436
BCDEKOR;4304,4380,4430
BCDEKOS;4204,4461
BCDEKOY;
BCDEKSU;4436,13726
BCDELOU;630,4309,4421,4426,4463,13722
BCDEMOR;619,4462
BCDEMRU;
BCDENOU;4380,4426,4430,13713
BCDEORU;630,4309,4380,4400,4428,4430,13713
BCDEORW;
BCDEOSU;
BCDESUU;13710,13723
BCDHIOR;4309,4434
BCDHIRU;4309
BCDHOOU;
BCDIIRU;4478,13715,13718,13722
BCDILOO;4470,13740
BCDINOW;
BCDIORW;
BCDIOSU;653,4452,4453,4480,13731,13738,13742
BCDIRSY;55,660,4460,4480
BCDKORU;
BCDNOSU;653,4480,13687,13731,13734,13738,13742
BCDSTUU;13735
BCEEEHN;666,4487
BCEEEHS;4385,4485
BCEEFIN;4510
BCEEFKL;13679
BCEEGIR;60,679,4316,4518,13746,13751
BCEEHIP;4386,13783
BCEEHIT;
BCEEHLR;13643
BCEEHLS;
BCEEHNR;4526,13765
BCEEHNS;13564,13774,13781
BCEEHOS;4398,4488,4528,13782
BCEEHOU;
BCEEIMR;
BCEEIPS;4516,4521,4556,13798
BCEEIRS;4317,4496,4545,4550,13548,13563,13760
BCEEIRT;673,679,13566,13650,13693,13750,13770
BCEEKNS;4213,13796
BCEEKNU;4559
BCEEKRS;499,683,4199,4393,4560,13555,13676
BCEEKST;4405,4560,13676
BCEEKSZ;
BCEEKUY;
BCEELOS;4213,4322,4411,4488,4539,4544,4545,13555,13647,13747,13767,13769,13796
BCEELOU;702,4421,4499,4541,4559,13698,13821
BCEEMOS;4200,4422,13641,13687,13689,13712,13771,13772,13797,13800,13810,13811,13826
BCEENOS;609,4213,4329,13640,13641,13687,13689,13747,13771,13774,13796,13813,13818
BCEENRU;696,4395,4499,4559,13556
BCEEQSU;670,692
BCEERSU;
BCEFIIS;707,709,4481,13678,13766,13834
BCEGIKN;611,612,4300,4582,13635
BCEGLOS;13769,13843,13847
BCEHINR;4434,4610,13651,13839,13855
BCEHINT;64,13559,13652,13856
BCEHIOR;555,4309,13651
BCEHIOT;13652
BCEHIRS;733,4610
BCEHIST;
BCEHITW;4308
BCEHLRU;4612,13569
BCEHNRU;
BCEHNSU;4622,13774,13860
BCEHORS;
BCEHORT;13765
BCEHORW;
BCEHOSS;13784,13853,13858
BCEHOST;13687
BCEHOSU;13654,13862
BCEHRSU;13745,13862
BCEHRTU;731
BCEHSTU;4622,13860
BCEIIKR;
BCEIIKS;
BCEIISV;757,4630,13647,13719,13720,13788,13789,13791,13867,13870,13871,13877
BCEIKLM;
BCEIKLO;
BCEIKLR;
BCEIKNR;547,688,4610,4646,13726
BCEIKRS;501,4515,4610,13726
BCEIKST;
BCEIKSU;4521,4595,4646,13726
BCEILMO;558,560,776,4539,13550,13800,13835,13882
BCEILMR;4612,13835
BCEILMS;13797
BCEILNO;13799,13801
BCEILOR;13801,13835,13884
BCEILOS;13717,13769,13843,13852
BCEILOU;630,4580
BCEILRS;13688,13700,13779,13790,13874
BCEILSY;773,4584,4585,4598,13565,13749,13794,13852,13880,13882
BCEIMNO;4641,13799
BCEIMOR;776,13835
BCEIMOS;4333,13797
BCEINOR;4321,4347,4658,13650,13651,13721,13750,13801,13832
BCEINOS;
BCEINOZ;4641
BCEINRU;
BCEIORS;13548,13892
BCEIRRS;733,767,13633,13760
BCEIRSS;13859,13872,13877,13882
BCEIRSU;783,13633
BCEIRTU;13718,13884,13886
BCEISST;13571,13673,13758,13766,13783,13786,13792,13793,13853,13866,13867,13869,13870,13877
BCEJOST;
BCEJSTU;13871
BCEKLLO;
BCEKLOR;13643
BCEKLRU;590,4559
BCEKLSU;13818
BCEKMOS;4461,4462
BCEKNOS;4461,4462,13818,13860
BCEKORT;
BCEKORU;4380,4430,4559
BCEKOSU;13818,13847
BCEKOTY;
BCEKRSU;793,4646,13726
BCEKSTU;793,4646,13860
BCELLOW;
BCELLSU;13797,13798,13820,13880,13895
BCELMNU;4421,4463,4604
BCELMOS;13550,13797,13822,13895,13896
BCELMRU;4604,4612,13821
BCELMSU;13797,13895
BCELNOW;
BCELORS;13642,13896,13897
BCELOSU;4620,13895,13896,13897
BCELRSU;13709,13874,13897
BCELSSU;13719,13898
BCEMNTU;4652,4655,13641,13726,13899
BCEMOOS;13712,13797,13810,13888,13895,13899
BCEMORS;13712,13826,13896,13900
BCEMRRU;
BCEMRSU;670
BCENOOS;568,4350,4355,4456,4461,4579,4616,4681,13578,13640,13653,13734,13827,13839,13860,13873,13888,13897,13899
BCENORU;4330,4356,4380,4430,4499,4559,4570,4685,4688
BCENOSU;13641,13687,13774,13818,13860,13899
BCEORSS;13574,13767,13882,13894
BCEORSU;13550,13654,13896
BCERRSU;13707,13744,13745,13902
BCERSTU;
BCESSTU;13571,13673
BCFKMUU;
BCFSSUU;
BCGIKNO;4357,4471,4717,4719,4720,13581,13635,13918,13919
BCGIKNU;4709
BCGIMNO;13914
BCGINNU;13842,13846
BCGINRU;
BCGORSU;4710,4725
BCGORSY;4585,4598,4710
BCHHORS;4609,4730,13642,13850,13851,13923
BCHIIOP;834,4733,13583,13927
BCHIIOT;836,837,13927
BCHIIRR;4707
BCHIIRS;
BCHIKOU;
BCHIKOY;
BCHIKSU;4521,4706
BCHILMY;13928
BCHILOS;4215,4585,4605,4732,13657,13852,13924
BCHIMOR;13925
BCHINOR;
BCHIOPR;555,13927
BCHIOPS;4729,13657
BCHLOTY;
BCHLSSU;4738,13716
BCHNOOR;722,739,808
BCHOORS;4710
BCHORST;551,13923
BCIIKLN;820,4207,4694,4702,13736
BCIILMU;
BCIILOR;4312,4639,4707,4715,4755,4766,13721,13722,13736,13905,13912
BCIILSY;4731,4749,13852,13913,13932
BCIINOS;656,4335,4479,4588,13664,13671,13689,13737,13742,13837,13873,13907
BCIINOT;13740,13914
BCIIOPS;4479,13690,13935
BCIIOPT;4633,4733,13740,13914,13935
BCIIOST;4365,13690,13717,13793,13843,13932
BCIISTU;658,758,4627,4732,4760,13678,13741,13789,13868,13874
BCIKKOX;
BCIKNOS;596,4357,4366,4719,4720,13581,13737,13919
BCIKORT;4717,13918
BCIKOTT;
BCILMPU;4655,4783
BCILOOR;13908,13928
BCILPSU;4521,4788,13798,13880
BCIMNOU;4368,4750,4757,4781,4782,4783,4784,13656,13914,13938,13939
BCIMSSU;13810,13867
BCINOOR;650,756,808,4355,4456,4470,4479,4552,4658,4719,4756,13650,13721,13873,13918,13919,13920,13933
BCINOOS;661,858,4350,4355,4369,4456,4473,4479,4616,4719,4777,13581,13660,13742,13839,13873,13888,13911,13916,13918,13919,13941
BCINORS;13737,13918,13919,13941
BCINORU;13933
BCINRSU;583,4765
BCINSUU;
BCIOORT;4601,4715,13650,13884,13908,13933
BCIORSS;4357,4459,4472,4727,4742,13674,13716,13767,13859,13882,13892,13919
BCIORST;811,4717,13940
BCIOSTY;4367,4731,4767,13852,13891,13926,13932,13936,13939,13941
BCIRRSU;857,13633,13707
BCIRTUY;839,13886,13943
BCISSTU;4458,4538,4551,4728,13673,13732,13893
BCISTUU;13883
BCJKMUU;
BCKLLOO;
BCKLLOU;
BCKLNOU;4559
BCKLOOX;
BCKMMOU;
BCKMOSU;
BCKNNOO;
BCKNSUU;
BCKOTTU;
BCKOTUX;
BCLMOOU;4463
BCLMRUY;13822
BCLOOSU;4710,13798,13880,13932
BCLORTU;13722,13830
BCLSTUU;4622,4760,4787,13883,13921
BCMMRUU;
BCMOOST;4653,4770,13863,13888,13899
BCMORSY;13822,13854,13882,13923
BCMOSTU;13641,13899,13939,13940
BCNOORS;858,4456,4479,4719,13578,13734,13742,13827,13873,13897,13918,13919,13941
BCNOSTU;609,4622,4690,13641,13687,13860,13899
BCNRSUU;861,4773,4787,4791,13831,13900,13921,13922,13940,13945
BCOOOOS;13913
BCOOPYY;
BCOOSWY;13577
BCOOTTU;13933
BCOOTTY;13658,13928,13943
BCTUUZZ;
BDDDEIU;
BDDDELU;
BDDDEOR;513
BDDEEER;4374,4802,4804,13663,13958
BDDEEES;4223,13664
BDDEEEW;
BDDEEIL;13946,13950,13955,13968
BDDEEIR;
BDDEEIS;4803,4811,4815,13664
BDDEEIT;
BDDEELN;4801,13950,13952,13967
BDDEENO;13664
BDDEERS;
BDDEESU;
BDDEETU;4816,13952
BDDEGIN;
BDDEGIR;
BDDEGLU;590
BDDEIIR;4824,13665,13959,13960
BDDEIIS;4382,4808,4810,4811,13664,13665,13959,13975,13976,13977,13978
BDDEILN;880,4825,13950,13967
BDDEILR;871,4809,13968
BDDEILU;13967
BDDEINR;
BDDEINU;880,4382,13967,13982,13983
BDDEIOO;
BDDEIRR;
BDDEIRS;4822
BDDEIRU;4816
BDDEISU;
BDDELNU;880,13952,13967
BDDELOO;881
BDDELOR;871,4817
BDDELOS;
BDDELOU;
BDDELSU;13585
BDDENOU;
BDDEOOR;4830,13973
BDDEORU;
BDDEOTU;
BDDERSU;495,13585
BDDESUU;13982,13983
BDDGIIN;13586,13984
BDDGINU;13986
BDDGIOR;
BDDISSU;
BDDOOUW;
BDEEEFL;13952
BDEEEIS;4229,4387,4803,4851,13954
BDEEELL;
BDEEELP;
BDEEELR;4388,4389,4802,13998,14006
BDEEELT;888,4843,4844,4846,4853,4854,13675,13952,13955,14006
BDEEELV;4389
BDEEEMN;13950,13952,13996,14006,14011
BDEEEMT;4843,4844,4845,4854,13952,13996,14002,14006,14013
BDEEENS;891,4852,4858,14016
BDEEEPS;4223,4303,4838,4849
BDEEERR;4388,4804,4832,4837,4847,13557,14002
BDEEERV;
BDEEERZ;
BDEEEST;4303,4383,4843,4851,4852,4859,13673,13676,13956,13957,14007,14010,14016
BDEEFIR;
BDEEFOX;
BDEEGOR;14034
BDEEGOY;
BDEEGSU;13962,14030
BDEEHOV;4389
BDEEHRT;
BDEEIKL;13679
BDEEIKN;
BDEEILL;599
BDEEILS;13992,14044
BDEEILV;
BDEEIMR;
BDEEIMT;14042
BDEEIMX;
BDEEINR;
BDEEINZ;4839
BDEEIRR;13679,14025
BDEEIRS;14023
BDEEIRT;13702
BDEEISS;14017,14050
BDEEIST;
BDEEIVV;
BDEEJLS;910
BDEEJMS;
BDEEKMO;4920
BDEEKRU;
BDEELLS;603,14022,14035,14062
BDEELMR;
BDEELMS;
BDEELMU;
BDEELNR;
BDEELNS;14044
BDEELNT;13669,13670,13675,13680,14006,14041,14042
BDEELOV;605,4389,4911
BDEELOW;13946
BDEELRT;
BDEELSS;4228,14050,14063
BDEELTT;13675
BDEELZZ;
BDEEMOS;4422
BDEEMOW;
BDEEMOX;
BDEEMRU;
BDEEMSU;
BDEENOR;13996,14000
BDEENOS;609,14016
BDEENPR;
BDEENRR;14025
BDEENRS;
BDEEORR;14025
BDEEORS;
BDEEORV;
BDEEORW;
BDEEOSX;14039
BDEERST;
BDEERSU;
BDEERUW;
BDEESSU;
BDEFFLU;
BDEFILR;
BDEFLMU;922,4939,4940,13952
BDEFLOU;4426,4939,14071
BDEFOOR;
BDEFOOT;
BDEGGLO;13588,13590,14073
BDEGGOR;4821,14075
BDEGHIT;
BDEGHOU;14078
BDEGILN;13559,14072
BDEGILO;
BDEGILS;
BDEGINN;613
BDEGINO;13635,14077
BDEGINR;14077,14089
BDEGIOO;14077,14093,14095
BDEGIOR;925,4821,14077,14089
BDEGIOS;4225,4948
BDEGIOT;4397,14093
BDEGIRS;13997,14023
BDEGIRU;4954,13997,14024
BDEGISU;924,4954,13997
BDEGLNU;13559,14030,14072
BDEGLRU;14072
BDEGLSU;14030
BDEGNOW;925,4878,4957,14089
BDEGNSU;4879,13963
BDEGOOY;13590
BDEGORS;874,4225,14076
BDEGORU;4380,4430,4958,14078
BDEGRSU;
BDEGSTU;924,4954,14096
BDEHINS;13978,14038,14102
BDEHIRT;934
BDEHLMU;
BDEHLOS;936,4437,4933,13589,14097,14102,14103,14106
BDEHLSU;936,14097,14102,14106
BDEHMTU;14107
BDEHORY;622,4968,14037
BDEHOST;4438,14097,14099,14102,14106
BDEHRSU;
BDEIIRS;937,4948,4952,4991,13977,14023,14087,14111,14116
BDEIIVV;
BDEIJLR;
BDEIKLN;
BDEIKLU;
BDEIKMO;
BDEIKNO;13635
BDEIKRS;4448
BDEILLU;
BDEILMO;
BDEILMP;4996
BDEILMS;
BDEILMW;14006,14042
BDEILNN;624,625,4402,4443,4963,13994,14019
BDEILNR;13721,14069,14089
BDEILNS;13723,14044
BDEILNY;14072
BDEILOP;
BDEILOR;4309,14087,14089,14116
BDEILOS;4453,13585,13717,14102
BDEILOX;
BDEILPP;
BDEILRR;13970
BDEILRS;14036,14103
BDEILRT;13702,14006
BDEILRU;4309
BDEILSS;13591,13719,14109
BDEILST;13717
BDEILTT;4951,4987,14093
BDEILTZ;79,899,4844,13702
BDEIMMR;77
BDEIMNR;13715,13726
BDEIMOR;
BDEIMOS;951
BDEIMRU;938,4940
BDEIMTU;924,14117,14118
BDEINOR;13721,14077,14089,14101,14115,14125
BDEINOU;4941
BDEINPR;14101
BDEINRR;547,4415,13721,13970
BDEINRS;
BDEINRY;937,4434,4869,4895,4901,4984,14072,14092,14110
BDEINST;13726,13978
BDEINSU;
BDEIOOR;14077,14095
BDEIOOS;
BDEIORR;
BDEIORS;
BDEIORT;
BDEIORV;
BDEIORZ;4941,4949,14037,14089
BDEIOSY;14103,14111,14124
BDEIPRS;4460,4948,4991,14036,14103
BDEIRRS;13997
BDEIRST;
BDEIRSU;
BDEIRSV;4851,4992,14112
BDEIRTU;4890,13700,13701,13702,13718,14024
BDEIRTY;4842,4895,4901,4979,4980,4984,5001,14110,14111,14119
BDEISST;13957
BDEISSU;13591,13719
BDEISTU;13726
BDEITUY;4984,4987,5001,13666,13718,14119
BDEJLMU;
BDEJORU;
BDEKLNU;911,4918
BDEKNOO;
BDEKNOU;4380,4430,4920,14061
BDEKNSU;
BDEKOOR;
BDELLOR;
BDELMMU;
BDELMOO;549,4463,4959
BDELMPU;4463
BDELMRU;938,954,4940
BDELMTU;13952,14013
BDELNOR;13721,14064,14069,14087,14089,14115
BDELNOS;
BDELNOU;
BDELNRU;14013
BDELNSU;945,4983,5000,13723,14102
BDELNTU;4983,4984,5000,13559
BDELOOP;4463,14073
BDELOOR;4431,4959
BDELOOS;
BDELORS;14115
BDELORU;
BDELORW;14089
BDELOST;4975,13717
BDELOSU;
BDELOSW;
BDELOTT;4943,13675,14093
BDELOTU;
BDELOWZ;14089
BDELRRU;4413
BDELRTU;4984,13718
BDELSSU;4236,4237,4436,4965,5006,13591,13711,13719,13733,14122
BDELSTU;
BDELSWY;
BDELTTU;4396,4943,14065
BDEMNNO;4920
BDEMNOU;4939,4940
BDEMNOY;4434,14063,14121,14124
BDEMOOR;13996,14098,14107
BDEMOOS;4461
BDEMORS;4462,13974
BDEMSTU;924,13705,13726,14057,14117,14118
BDENNOU;4941
BDENNSU;4408,4915,13587,13976,14068,14122
BDENORR;4944,13721,14098,14125
BDENORS;14076
BDENORU;4430,4941,14013,14125
BDENORW;14061,14087,14089
BDENORZ;4941,14089
BDENOST;958,13695,14016
BDENOSU;
BDENOSY;14063,14064,14124
BDENOUW;
BDENOUX;
BDENRSU;58,80,495
BDENRTU;13713
BDENSSU;13714,13982,13983
BDENSTU;13687
BDENSUY;14064
BDEOORR;13713,14078,14098,14107
BDEOORS;4947,5012
BDEOORY;14127
BDEOOST;5012,14096,14099
BDEOOTX;
BDEOPRS;868,4456,4991,5012,14103
BDEOPRT;14127
BDEOPST;951,953,5012,13690
BDEORRS;
BDEORRU;
BDEORSS;
BDEORST;14099
BDEORSU;
BDEORSW;
BDEORTU;14127
BDEORUV;
BDEPSTU;
BDERRSU;
BDERSSU;13714
BDERSTU;
BDERSUU;
BDERSUY;4946,5001,13585,14064
BDESSTU;
BDESSUU;930,4960,13982,13983,14071
BDESSUW;4436
BDFIILY;4864,4937,13680,13985,14019
BDFIIMU;4939,14129
BDFIIOR;4938
BDFIISU;13678,14068
BDFILOS;4936
BDFIORS;5013
BDGGINO;4821,4831,13736,14074,14075,14131
BDGGINU;4831
BDGGLOU;
BDGIINN;4468,4469
BDGIINR;
BDGIINS;14027,14028,14074,14082
BDGIIOO;4468,5022
BDGIIOS;964,4948,14074,14090,14139
BDGILNO;649,963,4243,13736
BDGILOO;14135
BDGIMNU;13715,13986
BDGINNO;4468,4469
BDGINNU;14068,14141
BDGINOS;5019
BDGINOY;4831,13635
BDGLLOU;
BDGLOOT;14034,14073,14093
BDGMSUU;
BDGOOOW;
BDGOOSY;
BDGORSU;5013
BDHIINS;933,4961,14133,14134
BDHINOP;5033,14101
BDHIOSU;653,971,14038,14102
BDHIRSY;5028,5030,13980,14036,14103,14146
BDHMOOO;14098,14107
BDHNSUU;4960,14038
BDHOOOY;14135
BDIIKNO;13736
BDIILMS;4961
BDIILOR;4243,4312,4938,5022,13721,13722,13736,13985,14088,14089
BDIILOS;13717,14139,14148,14153
BDIIMNS;4961,13689,13715,13737,13975,14074,14090,14134
BDIIMRS;979,13715,13737,13741,14004,14031,14134
BDIIMSU;13715,14074,14118,14134
BDIISTT;5029,5045,14137,14151
BDIKNOR;4470,4471,13736
BDIKNOS;596,13738,14102
BDILLNY;981,14092,14149,14153
BDILNNU;14129
BDILNUU;13724,14129
BDILOOS;14146
BDILPUU;13724
BDILRUY;5021,5038,14072,14092
BDILTUY;4987,5041,13666,13739
BDIMNPU;
BDIMNUU;13986,14129
BDIMOOZ;
BDIMORS;
BDINNOU;4478,4941
BDINNSU;4915,13976,14068,14141
BDINOOR;13721
BDINOOW;
BDINOSU;653,5013,13742,14151,14153
BDINOUY;13586,14149,14153
BDINPSU;5043,13707,13723,14122,14133
BDINRSU;13742,14134,14151
BDINSTU;5043,13726,14151
BDIOOOV;5016
BDIOORU;14132
BDIOOST;14124,14146
BDIORSW;
BDIOSSY;13594,13989,14128,14153
BDIOSTU;14151
BDIOSUU;14038,14116
BDIRSTU;658,4311,4917,13700,13701,13705,13726,13741,14151
BDISSUY;13594,14128,14153
BDKLOOS;13738
BDKNOOU;
BDLNOOS;4475,5030,14155
BDLOOOX;
BDMOOSS;13712
BDMORUW;
BDNNOOY;14124
BDNNOUU;4478,13986,14150
BDNOORU;
BDNOOSS;5048,13989,14063
BDNOOWW;
BDNOPUU;
BDNORTU;13713,14013,14101
BDNORUW;
BDNOSTU;13687,14071
BDOOOWW;
BDOOOWX;
BDORSWY;
BEEEEFR;14158
BEEEEKS;
BEEEEMT;14156,14165
BEEEENP;
BEEEFIR;14158
BEEEFLR;
BEEEFLS;14168
BEEEFTW;
BEEEGIS;5062
BEEEGKL;
BEEEGNR;13746,13750,13751
BEEEGRR;667
BEEEHIV;
BEEEHNS;5064,13753,14183
BEEEHPS;4223,4228,5064,13753,14160,14180
BEEEIKL;5072
BEEEILL;992,13746,13751,13953
BEEEILN;665,13748
BEEEILV;
BEEEIRR;992,5069,5091,13755,13757,13758,13760,13997,14004,14158,14160,14170,14177,14200,14209,14210
BEEEJLW;
BEEEJLZ;
BEEEKLL;
BEEEKLS;890,4852,5066
BEEELPR;
BEEELRT;13955,14006,14196
BEEELRV;4389
BEEELST;1000,4303,4495,4500,4803,4852,5098,5100,5102,14184,14199,14216,14217,14218
BEEEMOS;5097,5106,13641,13954,14175,14176,14203,14214,14216,14219,14220
BEEEMRS;670,4504,5052,13956,14175,14176,14219
BEEEMSS;
BEEEMST;1000,5098,13641,13956,14001,14010,14216,14219
BEEENNZ;14161,14187,14205
BEEENTW;4249,14006
BEEEPRS;5064,13753,13757,14160,14223
BEEEPSW;4246
BEEERSS;520,4390,5058,14212,14223
BEEERSZ;5111,13668
BEEERTV;993,5089
BEEFGIN;
BEEFGIT;1006
BEEFILR;
BEEFILS;
BEEFILY;672,4507,13680,13748
BEEFINT;1008,4861,5126,13680
BEEFIRR;673,1008,5128,5129,13679,14158
BEEFIRS;
BEEFLTY;13680,13748
BEEFNRU;5116,5117,5124,5133,13744,14224
BEEFORY;
BEEFRST;674,1005,1012,5134,14233
BEEGGNU;
BEEGIIR;1016,5135,14031,14032,14225,14226,14237,14239,14254
BEEGILL;1006,5143,14240,14256
BEEGILO;4518,5135,14239,14256,14257,14259
BEEGILR;60,85,1007,1016,4518,5118,5135,14239,14257,14258,14259
BEEGILS;5118,13749
BEEGILU;5146,5147,14250
BEEGIMR;85,14257
BEEGINN;
BEEGINP;4877,5154,14261
BEEGINR;
BEEGINS;5137,5143,14255
BEEGINT;679,13961
BEEGINU;5146,5147,14250
BEEGIST;1014,5063
BEEGISY;894,13749,14175,14258,14263
BEEGLNO;1021,14256
BEEGMNO;14256
BEEGMOU;
BEEGNOO;
BEEGNOS;4877,4879,13683,14033,14243,14262,14263,14264
BEEGNRS;
BEEGNRU;5156
BEEGNSU;
BEEGNTU;5146
BEEGORS;4253,4879,13683,13772,14033,14227,14228,14243,14258,14260,14262,14264
BEEGRSU;13745
BEEGSUY;14263,14265
BEEHINS;87,680,13964,14038,14183,14238,14243,14280
BEEHIOP;5159,14240,14272,14273
BEEHIRR;13563,13599,14158,14160,14239
BEEHIST;14038
BEEHKSU;
BEEHLRT;684,5179,13599,14283
BEEHLST;89,13686,14001
BEEHMRY;5179,13599
BEEHNNO;13765,14026,14187
BEEHNOS;13645,13646,13687,14038,14039,14183,14241,14269,14274,14280,14281,14284,14286
BEEHOOV;
BEEHOPS;4880,5169,5183,5187,14180,14240,14272,14285
BEEHORS;13555,13642,13644,14039,14241,14284,14285,14286
BEEHORW;14283
BEEHOST;4528,5183,5186,5191,14278,14284,14285,14286
BEEHOSV;4488,14286
BEEHPSU;4521,5165,13783
BEEHRST;14039,14284,14285
BEEHRSW;4527,14023
BEEHRTY;900,4490,5177,5179,5186,13599,14283
BEEHRWY;14283
BEEHSST;
BEEHSTY;14270,14282,14285
BEEIJLU;
BEEIKKR;
BEEIKLW;
BEEILLR;
BEEILLS;4873,14240,14303
BEEILLV;
BEEILMP;13799,14256,14273
BEEILMS;
BEEILNR;5057,5135,14259
BEEILOS;4322,5202,13647,14180
BEEILOZ;4518
BEEILRS;13992
BEEILRV;14257
BEEILRY;894,1016,1046,4842,5210,5222,5253,13565,13599,13953,14196,14258,14304,14305,14315
BEEILTT;13799
BEEIMRS;
BEEIMST;13780,13785,14163,14203,14242,14303
BEEIMSX;14168
BEEINNS;909,4550,4815,4914,5257,13604,13636,13648,13671,13695,14047,14206
BEEINNZ;14205,14317
BEEINOS;5150,5259,13604,14175,14197,14224,14243,14255,14263
BEEINOT;1048
BEEINOZ;4518,14205,14317
BEEINPR;5080,5089,5213,5245,14261
BEEINRT;679,688,5264,14200
BEEINRZ;14205
BEEINSW;5246,5258,5259,13780,14162,14163
BEEINWZ;
BEEIORS;4550,13604,14175,14208,14224,14232
BEEIOST;4910,5202,13649,13690,14201,14208,14232,14303
BEEIQUZ;14317
BEEIRRS;1040,4545,4868,4896,4914,5150,14160,14177,14210,14288
BEEIRRV;5069,5252,14170
BEEIRST;1020
BEEIRSY;5171,5222,13565,13760,13815,14175,14210,14258,14263,14299,14304,14315,14316
BEEIRTY;1016,4842,4901,5171,5210,5222,5245,13599,14196,14210,14299,14305,14316
BEEISST;13758,13792,14210,14291
BEEISTT;
BEEISTW;14162,14163
BEEISVV;4851
BEEISZZ;
BEEJNSU;4319,13770
BEEJSSU;1041,4319
BEEKMOS;5201
BEEKNOT;4920
BEEKOPS;
BEEKORS;872,4393,5274,5277,13555,13676
BEEKRRS;13676
BEEKRRU;1061,5272
BEEKRSU;14321
BEELLMN;525,1064,4562,5131,5278,5279,14192,14238,14256,14322
BEELLOT;14213
BEELMMS;14265,14308
BEELMNT;684,1018,1048,4562,4854,5284,13566,13799,13952,14042,14156,14165
BEELMOW;13946
BEELMRS;
BEELMRT;14193,14305
BEELMSS;14063
BEELNNO;4541,5146
BEELNOZ;4518,5284
BEELNRT;13566,13801,14006,14013,14259
BEELNSU;92,604,5117,5283
BEELOST;5183,14201,14216
BEELOSV;1079,4488,5275,5290,13647,13747,14197,14236
BEELOSY;4525,13589,13822,14063,14258,14304
BEELOTY;13801,14196,14213,14283,14305
BEELPST;5214,13686,14201,14265,14272
BEELRSS;520,13711,14323
BEELRST;14323
BEELRSY;13565,13822,14233,14258,14304,14315,14322,14323
BEELRUZ;5238
BEELSSS;
BEELSSW;1079,4926,5246,5273,5274
BEELSZZ;
BEELTTU;
BEEMMRS;1084,14215,14219,14299,14308,14316
BEEMNPT;4562,5080,5245,13799
BEEMNRY;4901,5245,14175,14322
BEEMORW;
BEEMOSS;13771,13810
BEEMOSX;
BEEMRRU;14002
BEEMRSU;670
BEEMRTU;1062,4558,5272,13821,14193,14305
BEEMSSU;704,5131
BEENNRS;1078,4328,4550,4569,4913,4914,5258,13604,14047,14206,14318
BEENNST;4329,4815,13695,13957,14010,14047,14189,14199,14206,14216
BEENOOT;697,13973,13996,14217,14246,14325,14328
BEENORR;4330,5151,5288,5289,13650,14000,14239,14319
BEENORS;13604,14175,14224
BEENORY;1074,4895,5108,5182,13801,14064
BEENOST;608,4329,14216
BEENRRT;13650,14200,14319
BEENRTU;
BEENSTU;
BEENSUV;4262,4505,4569,5281,14286
BEEOOST;14328
BEEOPPS;5166,5294,14180,14201
BEEOPRR;686,5251
BEEOPRS;4566,5235,5295,14201
BEEORRS;1088,4545,5277,14177
BEEORRU;5133,5289
BEEORSV;4488,14197,14236
BEEORSY;4525,5187,13822,13829,14175,14258,14263,14285,14304,14316,14323
BEEORTV;
BEEORWY;13812,14283
BEEOSST;
BEEPRRV;5268
BEEPRSU;5107,13828
BEEQSTU;5197,5219,14208
BEERRST;13676,14209
BEERRSU;4578,5302,13744,13745
BEERRSV;
BEERRSW;913,4527,4896,4914,5185
BEERRWY;13812,14283
BEERSST;13792,14331
BEERSSU;14331
BEERSTT;
BEERSTV;993,5052
BEERSTW;993
BEERSUX;14039
BEERTTU;
BEESSTT;5277,5298,14016,14230,14287,14291,14328,14331
BEESSTU;13793,14230,14331
BEETTUV;5268
BEFFIIS;1089
BEFFIRS;5116,5305,14224
BEFFIRU;5116,5305,14224
BEFFLRU;920,4266,13830
BEFFOSU;13831,14224
BEFFPSU;
BEFFRSU;13831,14224
BEFFSTU;13831
BEFGIIL;4932,5306
BEFGIRU;14070
BEFGIST;1090,14227,14335
BEFGLSU;14335
BEFHOOS;4579
BEFILMS;1009,1097,5312,14338
BEFILNO;1096,4939,5308,5322
BEFILNU;4580
BEFILOS;4936,5315,5316
BEFILOU;4268,4580,4939,4940,5322
BEFILPY;
BEFILRT;14339
BEFILRY;1091,5321,14339,14343
BEFILSU;
BEFINOR;4941,5309,5314,14158,14226
BEFIOOR;5324,14224,14337
BEFIORS;14232,14337
BEFIORX;
BEFIRST;13834
BEFIRSU;5305,5323,14347
BEFIRVY;
BEFISTU;4867,4942,13678,14232
BEFITUX;
BEFLLTY;708
BEFLLWY;
BEFLMRU;4940,5133
BEFLMSU;5119,5131,14338
BEFLOOS;4512,5132,5325,14228,14349
BEFLOSU;5328,14071,14349
BEFLTUU;13830
BEFOORR;
BEFOOTW;
BEFRRSU;4944,13744,14231,14232,14233,14342
BEFSSUU;5328,14071
BEGGGIN;14350
BEGGIIS;5331,5332,14023,14074
BEGGINO;
BEGGIOR;4821,5330,14075
BEGGIRU;14024,14170
BEGGIST;
BEGGISU;
BEGGITY;
BEGGLOR;
BEGGLOS;13610
BEGGORS;874
BEGGRSU;
BEGGRUY;14072
BEGHHIT;
BEGHINT;13559
BEGHISS;5137,5339,5340,14241,14333,14355
BEGHITT;1110,1111
BEGHLOO;14073,14359
BEGHRRU;4428,4587,5336,5346,14078,14361
BEGIILR;1016,5306
BEGIIMT;924,14370
BEGIINN;1114,4269,4331,14371,14372,14380
BEGIINR;4331
BEGIINS;528,13977
BEGIINU;1114,4331,13948,14250,14352,14371,14372,14380
BEGIKMN;
BEGIKNR;
BEGILLN;14093,14256
BEGILLY;1117,5370
BEGILNO;717,720,14256,14359
BEGILNR;
BEGILNS;13749,14367
BEGILNT;13559,13836,14359
BEGILNU;5057,5147,5373,13559,13848,14250,14371
BEGILNY;13749,13836,14069,14082,14359
BEGILOR;5306,5344
BEGILOS;
BEGILRS;1115,5307,5351,14357,14367
BEGILRT;1016,1107,4601,5306
BEGILRU;5368,14357,14371
BEGILST;1118
BEGIMNR;
BEGIMRS;
BEGINNU;1114,5147,5371,5373,14250,14358,14371,14380
BEGINOS;
BEGINOY;4599,5308,13635,13833,13838,14359,14389
BEGINRR;
BEGINRS;14357
BEGINRV;529,5309,5374,13570,14075,14088,14095,14375
BEGINRW;
BEGINRY;14369
BEGINSS;929,1121,5137,5376,13845,14333
BEGINST;
BEGINSU;14393
BEGINTT;
BEGIOOS;14177,14240
BEGIORV;5374,13570,14075,14088,14095,14226,14257,14375
BEGIOSS;14177,14241
BEGIOSU;4332,13847,14074
BEGIRSU;4956,5155,14357,14378,14393
BEGISSU;5155,5367,5376,13597,14254
BEGKMOS;
BEGKNSU;4595,5142
BEGLLOU;
BEGLMOO;
BEGLMRU;4604
BEGLMUU;4604,5371
BEGLNOS;1126,5385,5389
BEGLNRU;4604,5057,5156,5309,5388,14371
BEGLNSU;
BEGLOOS;5375,14228
BEGLOOT;4601,14073,14093,14359
BEGLOST;1126,5349,14178
BEGLOSU;5349,13847,14096
BEGLOSW;1126,14228
BEGLOUV;1021,5156,5309,5388,13570,14088
BEGLRSU;14335
BEGLRTY;1016,4601,4870,5306,5363,14339,14390
BEGLSTU;14096,14265
BEGMNOY;
BEGNNUU;5157,5371,13846,13949,14068,14079,14360,14386,14391
BEGNOOS;5350
BEGNORU;4380,4430,4597,5156,5309,5333,5388,13570
BEGNOSY;4955,14175,14263
BEGNOTT;4269,4958,5365,14093
BEGNOTU;4603,5146,13847
BEGNRSU;14334,14378,14393
BEGNSUY;13613,14263,14384
BEGOORS;13839,14076,14177,14227,14228,14382,14392
BEGOOSY;14337
BEGORSU;
BEGOSTU;1022,13847,14096
BEGOSTW;503,1126
BEGRRSU;13962,14091,14393
BEGRSSU;5155,5376,13714,14254
BEHHKOT;5336
BEHIIST;728,933,1131,5405,13978,14397
BEHIITX;
BEHIKLO;
BEHIKNT;
BEHIKRS;4610,5162,5342,13755
BEHILMS;680,4961,5410,14398
BEHILMT;5163,14273
BEHILOS;4215,13852,14180,14356,14405
BEHILRT;530,934,1129,13599
BEHILST;4215,13686,13852,14102
BEHILSU;1137,1138,4965
BEHILSW;4881,14001
BEHIMOR;1112,1136,1141,5163
BEHIMOY;4434,13838
BEHINOP;555,1141,5417,14101
BEHINST;13856,13978,14038,14280,14282,14397,14400
BEHIOST;1128,1132,1139,5404,5405,5422,14038,14102,14282,14400,14402,14405
BEHIOTW;14402
BEHIRRT;13599
BEHIRST;5405,5422
BEHIRSU;4387,14235
BEHISSU;
BEHISTT;933,4307,4336,13780,14242
BEHISTZ;14402
BEHKKOO;
BEHKORS;13555,13755
BEHLLOP;4611,5425
BEHLLOX;
BEHLMOW;
BEHLMRU;4197,4612,5179
BEHLMSU;
BEHLOOT;14073,14273,14359
BEHLORT;530,1140
BEHLOSW;
BEHLRRU;
BEHLRSU;5349,14106
BEHLSSU;
BEHLSTU;13644,13860,14102,14106
BEHMNSU;13687,14397
BEHMOOY;
BEHMORS;1146,4200,14284,14285
BEHMOTU;14107
BEHMPTU;5179
BEHNNOT;13765
BEHNORS;4579,4620,4964,5350,13609,13653,14183,14274
BEHNORT;739,1133,5164,13765,14101,14246,14268
BEHNOST;4622,5398,5415,5416,13619,13687,13856,13860,14038,14102,14395,14400
BEHNRTU;521,731,14101,14361
BEHOORT;739,1144,14078,14107,14246,14361
BEHOOSX;
BEHOPRT;1144,14246
BEHOPSU;5349
BEHORRT;622,4428,4587,5336,13765,14078,14107
BEHORST;
BEHORSU;1139,5349,13644,13654
BEHORTT;1144,1147
BEHOSTU;5407,13644,13654,13860,14102
BEHRRSU;5067,14286
BEHRSSU;
BEHRTTU;1147
BEIIKKS;5201
BEIIKLN;14294,14430
BEIIKLR;4631,5453
BEIIKRR;
BEIIKRS;937,5201
BEIILLN;742,743,1149,4507,4530,4632,14417
BEIILLS;13611,13614,14168
BEIILMR;748,4491,5396,5454,14289
BEIILMX;5432,14168
BEIILRS;14190,14297,14425
BEIILSV;4226,5317,13647,14190,14297,14356,14421
BEIINOT;531,1133,4269,4895,5314,5365,5466,5475,13876,14101
BEIINRR;13721,13841,13844,14091,14226,14239,14334,14375
BEIINRS;
BEIINST;13978,14189,14430
BEIIOTT;4269,5365,13876
BEIIRRS;13633,13757,14091,14190,14254,14288,14297,14334,14342,14426,14441
BEIIRST;5496
BEIIRTT;4642,5495,13876,14181,14302,14442
BEIISTT;13871
BEIISTV;4992,5496,13788,13789,13867,13870,13871,13877,14111,14112,14415,14421,14429,14443
BEIISTW;5200,13754,14162,14402
BEIISVV;
BEIISZZ;4986,14402
BEIJLRS;
BEIJLSU;
BEIJMSU;13867
BEIJNSU;4319
BEIJSTZ;13787,13789
BEIKLMS;5228,14430
BEIKLNR;
BEIKLNS;13847,14102,14430
BEIKLOR;1105,5355,5453
BEIKLOS;
BEIKLOW;
BEIKLOX;
BEIKLRS;
BEIKLRU;
BEIKLSY;
BEIKLTU;
BEIKNRS;13726
BEIKNSU;1169,4595,4646,5142,14430
BEIKOOR;
BEIKOOS;14255
BEIKORS;5342
BEIKORT;5453
BEIKOSY;4955
BEIKRRS;1040,4896
BEIKRST;
BEIKRSW;1115,4448,4645
BEIKRTU;
BEILLMN;14192,14238,14256,14345,14417
BEILLPR;766,992,1046,1175,4611,5238,5502,5504,14444
BEILLRR;
BEILLRS;13613,14345
BEILLRU;1171,1176,5238,5503,14345,14431,14444
BEILLST;13649,14270,14303
BEILLSU;14346
BEILMNR;13566,14006
BEILMNS;14398
BEILMOR;14193,14196,14305,14444
BEILMOS;4649,5372
BEILMRS;
BEILMRT;79,774,5163,5454,13968,14006,14193,14305,14444
BEILMRW;14006
BEILMSU;14174
BEILMSW;14001
BEILNOO;4350,4658,4825,5143,5374,5465,5466,5478,13721,14359,14371,14389
BEILNOS;4257,13616,14197
BEILNOW;
BEILNRS;
BEILNRY;4347,4599,4636,4984,5363,14069,14110
BEILNST;
BEILNSU;
BEILNSY;13749,14044
BEILNSZ;14356,14419
BEILNTZ;1018,5360,5417,5466,5475
BEILOOR;1187,4601,4637,5478,14371,14389,14446,14452
BEILOOS;4322,4350,5143,13880,14240,14385
BEILOPR;772,1188,4259,4661,5128,5251,5502,14444
BEILOPY;1117,5344,5370,5417,5504,5514,13728,13880,13881,13882
BEILOQU;
BEILORR;13835
BEILORS;
BEILORT;13801,14444
BEILORW;776,5344
BEILORY;1134,4585,4599,4601,5306,5308,5321,5344,5459,5504,5505,5514,13728,13801,14069,14196,14304,14305,14343,14389,14431,14452
BEILOST;4649,4999,5202,5448,13649,13717,13852,14421
BEILOSW;
BEILOSX;14251,14373
BEILRRS;1040,14288,14426
BEILRRU;13886,13970,14390
BEILRSS;14313,14315
BEILRST;
BEILRTT;
BEILRTU;1171,13718,13886
BEILRTY;1016,4601,4636,4842,4984,5210,5216,5363,13655,14110,14305
BEILRTZ;79,1027,4341,5121
BEILRUY;4337,4984,5320,5487,13886
BEILRUZ;5238
BEILSSS;1118,4236,4662,5118,5315,5462,5507,13602,13616,13621,13727,14313,14398,14433,14447
BEILSST;14415
BEILSTU;
BEILSTW;
BEILSTZ;1029,5079
BEILTTU;100,770,1164,4987,5449,13886
BEIMMOS;13864,14203,14316
BEIMMRR;
BEIMNOR;1141,5324,14125,14391
BEIMNTU;4652,4655,14125
BEIMOOR;5334
BEIMOOS;13797,13810
BEIMORS;
BEIMORW;776
BEIMORZ;1099,1136,1173
BEIMOSS;13866
BEIMOSZ;
BEIMOTV;
BEIMPRU;14444
BEIMRST;
BEIMRSU;13633,14176,14235
BEIMRTU;14193,14305,14444
BEIMRTY;5171,5210,5457,13599,14299
BEIMSST;4826,4902,4989,5078,5243,13866,14159,14271,14424
BEIMSTU;924
BEINNOP;5364
BEINNOR;4455,4550,4941,13801,14205,14319
BEINNOS;13604,13671,14197
BEINNOZ;14205,14317
BEINNSU;1191,4354,4551,4915,5257,5452,5492,13868,13889,14122,14206,14300,14453
BEINNSZ;752
BEINOOS;4350,13604,14224,14453
BEINOOT;4606,5466,13652,14093,14359
BEINORT;14101,14391
BEINORW;
BEINOSS;13621,14343,14355
BEINOST;
BEINOSV;4257,4550,4554,4906,5261,5263,5317,13647,13803,14197,14355,14356,14453
BEINOSX;4555,5506
BEINOSZ;14356,14419
BEINOTT;1048,4269,13799,13881,14093
BEINRRS;1161,1185,1186,1189,5256,5259,5261,5516,5519,13572,14200,14206,14274,14342,14441
BEINRSU;14224,14357
BEINRSY;937,13815
BEINRTT;1129
BEINRTU;14319,14361
BEINSSY;13815
BEIOOPT;779,1144,4668,13652,14273
BEIOORZ;
BEIOOST;
BEIOPPR;1188,5166,5251,5502,14201
BEIOPTY;5417,13881
BEIORRS;14177
BEIORRT;13650
BEIORSS;13892
BEIORST;
BEIORSU;732,4581,13892,14224,14442
BEIORSY;4216,4585,5505,13585,13892,13980,14103,14304,14337
BEIORUV;5309,13570,13876,14095
BEIOSSS;13729
BEIOSSU;1041,14191,14453
BEIOSSW;13879
BEIOSTT;953,4537,4999,5515,14405
BEIOSTX;4555,5003,14373
BEIOSTY;13852
BEIPPSU;
BEIPSST;13783,13877,13891,14210,14291,14314,14394,14401,14404,14407,14409,14445
BEIPSSU;4447,5515,13877,14122,14313,14314,14401,14445
BEIQRTU;5484
BEIQSSU;14300,14427
BEIRRRU;5155
BEIRRSU;13633
BEIRRTU;522,1171,1176
BEIRSSS;13694,13729,14195,14207,14244,14433,14447
BEIRSST;790,14210,14211
BEIRSSU;
BEIRSTT;
BEIRSTU;
BEIRTTU;
BEIRTTY;
BEIRTVY;535,14110
BEIRUZZ;
BEISSTU;4551
BEISTTU;13871
BEITTWX;
BEJJSUU;
BEJKOUX;
BEJLMRU;
BEJLMSU;
BEJLOSS;1041
BEJORSU;
BEKKNOS;13818,14255
BEKLNRU;911,1061,1062,1193,4559,4918
BEKLOOT;
BEKLRSU;
BEKMNOO;4461
BEKMOSS;4993
BEKMOST;1170
BEKNNOW;5273
BEKNOOT;
BEKNORS;1170,4645,5274,14382
BEKNORU;4356,4380,4430
BEKNOST;
BEKNRSU;13726,14321
BEKOOPR;
BEKOORS;
BEKOPRU;
BEKORRS;4393,5067,5093,5277,13676
BEKORRY;
BEKORWW;
BEKOSST;5277,13576
BEKOTTU;
BEKRRSU;793
BEKRSSU;5497,14191,14321
BEKSSTU;
BELLLMU;
BELLNPU;91,995,5278
BELLORR;4897,5236,5503,5504,5505
BELLOSU;
BELLOSW;
BELLOUV;14421
BELLRRU;1171,1176,4680,5503
BELLRSU;13613,14322,14335,14345,14349,14384
BELLSTU;13820,14349
BELLSUY;4679,13613,13880,14456
BELMMOO;549,4565,13821
BELMMRU;13821
BELMMSU;14265
BELMNOS;4676,5410,5463,5468,14214,14216,14385
BELMNOU;4463,5133,5278
BELMNOY;5278,14458
BELMNSU;14338,14430
BELMOOR;4959,13643
BELMOOS;4676,4681,5526,13797,13895
BELMOOT;14273
BELMOPR;1199,4900,4996,14444,14458
BELMORT;954,1015,14013,14196
BELMOSU;13550,13797,13895
BELMOSY;14270
BELMPRU;1199,14444
BELMRRU;1199
BELMRSU;
BELMRTU;4197,4558,5272,13821,14013,14193,14305,14444
BELMRTY;954,5007,5210,5457,13599,14196,14305
BELMSTU;
BELNNOU;4499,4559,4580,5146,5156,5388,5475,13848,14358,14371,14459
BELNNTU;736,1202,14459
BELNOOR;4658,5130,5374,5478,13721,14371,14389,14458
BELNOOY;5182,14069,14359,14389,14458
BELNOST;13860,14178,14216,14217,14325
BELNOSZ;14356,14419
BELNOYZ;4599,5417
BELNRTU;13830,14013,14296
BELNSSU;1108,5006,5328,5389
BELNSTU;13860,13897
BELNSYZ;14044
BELOOPR;5182,14458
BELOORS;794,4637,5513,14446,14452
BELOOSS;14245,14348,14451
BELOPSU;4566,4681,5349,5409,13798,13880,14349
BELORSS;5294,5385,13767,13861,14241,14245,14274,14343
BELORST;
BELORSU;
BELORSW;5185
BELORSY;4450,4585,4967,5186,5426,5505,5533,14103,14304,14343,14452
BELORTT;4943,4958,14459
BELORTU;4197,13821,13830,13884,14193,14305,14444,14459
BELOSSU;14451
BELOSSW;1079,5273,13879
BELOSTT;14405
BELOSTU;13860,14421
BELOSWZ;
BELRRSU;14342
BELRRTU;13886,14390
BELRSTU;
BELRSUU;5488,13883,14347,14386,14425
BELRSUY;1203
BELRTUY;4680,4684,4984,13718,13886,14305,14390
BELSSTU;
BELSTTU;14096
BELSTUU;
BEMMNOS;4242,5410,14203,14308
BEMMOOS;14316
BEMMORR;1125
BEMMRRU;13993
BEMMRSU;
BEMMSTU;1195,5296,13809,14265
BEMNORW;
BEMNORY;14458
BEMNOST;13641,13899,14203,14216,14377
BEMNOSU;1022,13641,13899,13900
BEMNOSW;4461,14377
BEMNPTY;5245,13881
BEMNRSU;58,80,1197,1198,13900,13974,14057,14378
BEMNSTU;13641,13687,13899
BEMNSUU;5490,13974
BEMNTTU;14125
BEMOOPR;13712,14458
BEMOORS;
BEMORRS;
BEMORSS;
BEMORST;
BEMORSU;13550,13826,13896,13974,14176,14347
BEMORSW;502
BEMORSY;13854,14285,14316
BEMORUX;5003
BEMORWW;
BEMOTUY;954,14305
BEMPRSU;5107,13826
BEMRSTU;
BEMSSTU;
BEMSSUU;13819
BEMSTUW;
BENNORU;959,1200,4499,4569,4620,5156,5388,13623,14319,14358,14371,14391,14459
BENNORW;5099,14319
BENNORZ;5108,5379,14205
BENNOST;958,4279,4329,5537,13623,13899,14216
BENNOSU;4569,13623,13899,14321,14453
BENNSSU;1076,1201,5376,5497,14122,14300,14321,14453
BENNSTU;736,1191,5452,5492,13623,13846,13899,14206
BENOORS;4279,4456,4579,4616,5350,5537,13604,13653,14227
BENOOST;4279,5132,5537,13578,13897,13899,14217,14325,14395
BENOPRR;786,4658,4685,5288,5289
BENOPRU;4570,4685,4688,5288
BENORRW;
BENORRZ;
BENORST;
BENORSU;4262,5281
BENORSZ;
BENORWY;
BENOSSU;1201,14453
BENOSSW;14377
BENOSTT;4329,13619,14016,14284,14395
BENOSTU;4622,13860,13899
BENOSUX;5506,14039
BENOSUZ;14419
BENOSWY;
BENRRSU;634,13572,13744,14091,14393
BENRSSU;80,4586,5006,13714
BENRSTU;
BENSSTU;1192
BEOORSS;5010,5423,14060,14177,14245
BEOORST;13578,13897
BEOORSZ;805
BEOORTY;739,4601,14127
BEOPPRS;5012,5166,5294,14201
BEOPRRS;4687,5423,5539
BEOPRRV;
BEOPRST;14201,14221
BEOPSST;13784,14394
BEOPSTU;4566,5301,5349,5539,13899,14349,14442
BEOQSSU;
BEOQSTU;
BEOQSUY;5509,14451
BEOQTUU;
BEORRSS;13607,13645,13861,13894,14177,14287,14330
BEORRSW;5185
BEORRWY;14283
BEORSST;
BEORSSU;
BEORSSW;
BEORSTT;
BEORSTU;13654,14442
BEORSTV;806
BEORSTW;
BEORSTZ;782,805
BEORSUU;14347
BEORSUZ;
BEORSVV;
BEORSWY;
BEORUVY;5388
BEOSSST;13901,14410
BEOSSTT;5277,5298,5517,13853,13865,13869,14016,14287,14394,14435
BEOSSTW;14402
BEOSSWY;14399
BEPRRTU;
BEPRSUY;
BEPRTUY;4688,5540,14127,14390
BEPSTUY;14265
BEQRSUU;14425
BEQSTUY;5509,14326
BERRRSU;1122,4858,5155,5302,13826,14306
BERRSTU;
BERSSTU;
BERSSUU;
BERSTTU;14096
BERSTUV;4992,5496,14112
BERSUZZ;
BERTTUY;13886
BESSSTU;14410
BESSTTU;
BESTTUX;
BFFGIIN;4932
BFFGINO;
BFFGINU;
BFFIINS;
BFFILOO;
BFFINOS;14224
BFFINOY;
BFFLLUY;
BFFLOOW;
BFFNOOU;
BFFORSU;13831,14224
BFFOSUY;
BFGIOOT;
BFGIORT;5306
BFGOOSW;14228
BFHILSU;
BFHIOSX;
BFHIRSU;
BFHISTU;
BFHLSUY;
BFIILMO;
BFIILRS;4218,5123,5311,13903,14336,14466,14467,14469
BFIINOR;1211,5314,5552,13904,14226
BFIINRS;4865,5123
BFILMRU;4940,14347
BFILOTY;1210,5306
BFILSUY;5305,14344
BFIMOYZ;
BFINNSU;5307,13987,14068,14338
BFINOSW;
BFIORSS;14128
BFIORSU;811,4581,5013,14224,14232,14337,14347
BFIRTUY;5320,5546,5561,14339,14344
BFKLOOU;
BFKLOOY;
BFKSSUU;
BFLLOUW;
BFLLOWY;
BFLOSUX;
BFLOSYY;
BFLSTUU;
BFOOOTY;
BFOUXZZ;
BGGGIIN;4701,5562,14350
BGGGINO;
BGGGINU;5563
BGGHIIS;14023,14462
BGGHIOS;13610
BGGIILN;5331,5567,5568
BGGIINN;
BGGIINS;5331,5332,14074,14462
BGGIISW;14023,14470
BGGIITY;
BGGILNO;5569,14471
BGGILNU;1106,14463
BGGINNO;14131
BGGINNU;
BGGINOS;4703,5569,13610,13988,14074,14472
BGGINOU;4831
BGGINSU;14462,14472
BGGNOOS;14472
BGGNOSU;14074,14130,14472
BGHHIOY;
BGHIILS;13610,13626,14355,14356
BGHIINS;13626,13906,14134,14355,14356,14462
BGHILST;5577,14476
BGHILTY;714,5578,13836,14359,14479
BGHINOO;5019,13625,13628,13629,13838,14077,14359,14361,14478
BGHINOR;
BGHINSU;4706
BGHIPSU;
BGHIRST;
BGHLRUU;
BGHMORU;
BGHMSUU;
BGHNORU;
BGHOORU;13629,14078,14132,14361
BGHORSU;
BGHORTU;14132
BGHOSTU;
BGIIKLN;820,1113,4694,4702,5355,13736,13909
BGIIKNS;4590,4693,4695,13593,13906,13909,13911
BGIILLN;820,13984,14463,14475,14488
BGIILMN;
BGIILNO;823,1224,5585,13586,13984
BGIILNR;
BGIILNS;
BGIIMNR;
BGIIMNU;1114,1232,5358,5584,5588,5591,13914,14074,14483,14484
BGIINNN;4514,4953
BGIINNR;14225,14372,14380
BGIINRR;4707,4716,5329,5567,5568,13682,13841,13844,13910,14091,14225,14226,14239,14334,14375
BGIINRS;
BGIINRT;
BGIINST;13909,13911,14491,14494
BGIINTT;4269
BGIKLNU;
BGIKNNO;4872
BGIKNNU;
BGIKNOO;
BGIKNOR;925,1105,4471,4872,5355,13736
BGIKNRU;
BGIKNSU;
BGILLNO;5143,5569,13984,14093,14256,14350
BGILLNU;4708,14463,14475
BGILLPU;14475
BGILMNO;14256
BGILMNU;5584
BGILMOU;4597,5333,13848
BGILNOO;720,4724,5143,5374,5375,5606,13908,13920,14359,14371,14389,14471,14478,14494
BGILNOS;1223
BGILNOT;14359,14471,14492
BGILNOW;13908
BGILNOY;14359,14471
BGILNRU;5021,5307,14357,14371
BGILNRY;5021,5363,5545,13579,14140,14369
BGILNSU;5567
BGILNTU;14463
BGILOOR;4470,5022,5374,13908,13920,14135,14371,14389
BGILOOY;1117,4714,4722,5370,5578,13912,13913,13920,14135,14359,14389,14471,14479
BGILRSU;1239,5307,5368,5567,14335,14357
BGIMMNU;13627,14374
BGIMNNU;1114,4723,5357,5358,5583,5584,5588,13986,14338,14483,14484,14497
BGIMNOO;13628,13838,13914
BGIMNOR;14375,14391
BGIMNOT;5359,5360,5591,13628,13914,14377,14491,14492
BGIMNOW;14490
BGIMNPU;13914
BGIMOSY;4286,4722
BGINNOS;5564,5609,13771,14487
BGINNOU;
BGINNOW;14490
BGINNRU;
BGINNTU;14484
BGINOOS;1223,5019,13625,14472
BGINOOT;13628,13629,13908,13914,14093,14359,14492
BGINOOZ;14492
BGINOPP;4471,4718,4720,5335
BGINOPR;649,4281,4471,13624
BGINORS;4727
BGINORZ;1234,4518,4589,4599,5587,14089
BGINOSS;969,4357,4727,5569,13919,13989,14241,14355,14489
BGINOSU;5013,14074
BGINOSW;5019
BGINOSX;5019
BGINOTT;4269,5365,13629
BGINOUY;4831,5548,13586,13627,13656,13920,14263,14389
BGINOWW;
BGINPRU;14372
BGINRRU;5013,13656,14361,14393
BGINRSU;5013
BGINRTU;
BGINRUX;
BGINRUY;4831,5548,5563,13656,13920,14140
BGINSSU;
BGINSTU;
BGINSUY;14140,14263
BGINSWY;
BGINTTU;13629,13922,14137,14498,14502
BGINUZZ;
BGIORSU;4725,5013,5592
BGIORTY;5306
BGIOSSS;14500
BGIUWZZ;
BGKLOOO;13588,13590
BGKORSY;4955
BGLMOOS;1238,4722
BGLMRUY;5387
BGLNOOS;13911,14494
BGLNOOW;13908
BGLNOUW;
BGLOOSU;4710,5375,5606,14096
BGLOSSU;
BGLOSUY;4710,5387,14499
BGLRSUU;13921,14386
BGMOORS;13839,14176
BGMOOTU;5591,13914
BGMSSUU;
BGNOOWY;
BGNOSSU;5598,13594,14128,14143
BGOORSU;14096,14472
BGORTUU;
BGORTUW;
BGOSSUW;
BGOSTUU;14139
BHHIIST;13923,14462
BHHIKSU;4706
BHIIINN;1248
BHIIINT;1221,1246,1248
BHIINRS;14134,14357
BHIIPSS;5340,5541,14401,14504
BHIISST;5575,13926,14504
BHIKLOS;
BHIKOOS;
BHIKSSU;5576
BHILLOY;1134,4611
BHILLSU;5409
BHILOTU;1140,14478
BHILPSU;4521,5613,5622,5627,14505
BHILSUY;5622,5627
BHIMOOR;4359,13839,13925
BHIMOOS;13626
BHIMOPR;1112,1141
BHIMOPS;1127,1142,5169,5401,14272,14405
BHIMORT;836,4359,5163,5170,13854,13925
BHIMORU;4360
BHIMSTU;1255
BHINRSU;653,1258
BHIOOPR;1219,1250,4734
BHIOORS;971,4964,5420,13625,13839,13980,14280
BHIOOST;117,539,1245,1256,5169,5413,5420,5613,5617,14146,14272,14280,14405
BHIOPPS;1128,1220,1245,5166,5615,5617,14180
BHIOPSS;4743,5340,5423,5618
BHIOPST;117,1128,1245,1256,5169,5613,5617,14272,14405
BHIOSWZ;
BHIRSTU;1258,4311,5407,13560
BHIRTTU;5348,13629
BHISTTU;1252,1255,14476
BHKNOSU;13860,14102
BHLOSTU;13644,13860,14106
BHLOSUW;936
BHLRSUU;
BHMOORS;13631
BHMORSU;4745,13631,14508
BHMUUZZ;
BHNOTUW;
BHOOOOS;13631
BHOOPST;117,539,1245,1256,5169,5424,5613,5617,14272,14395,14405
BHOOPSY;5028,13659,14144,14395
BHOOSTW;
BHOOSWX;
BHORSST;118,1257,1260,5574,5629,14287,14396,14504
BHPRSUU;
BIIIKNS;13909
BIIIMNS;542,4220,4752,4961,4974,5037,5555,5583,5636,13689,14353,14483
BIIKLOT;5453
BIIKNRU;
BIILLMS;5119,5312,14168,14238
BIILLNO;4243,13984,14350,14510
BIILLOU;5041,5589,14510
BIILLTW;1269
BIILNNR;1249,1273,4756,5015,5207,5397,5436,5464,5582,13998,14371,14372
BIILNQU;1095
BIILNTU;848,1274,4244,4288,4293,4635,4697,4750,5475,5544,5554,5589,5591,13722,14372,14463,14510
BIILNVY;
BIILOSU;4282,4757,4761,5474,5595,5622,5646,5648,5650,13741,13907,13932,14139,14516,14517
BIILRSY;1279,4234,4289,4979,5038,5396,5457,5656,13579,13931,14140,14297,14343,14344,14369,14431,14466,14467
BIILSTW;5200,14515
BIILSVY;14297,14432
BIILTTY;83,120,540,975,1164,1206,1210,4531,4628,4987,5320,5394,5449,5459,5471,5553,5631,14368,14480
BIIMNOU;4750,5591,13914,14510
BIIMNSU;1271,5490,14430,14483
BIIMOSS;13866,14399,14474,14518
BIIMOSZ;
BIIMPRS;5396,5467,5621,5658
BIIMSTU;924,5490,5491,14483
BIINORV;14075,14088,14226,14375
BIINOST;1283,1285,1287,5644,14138,14139,14148,14151,14470,14487,14494,14496,14520
BIINOSU;1252,1283,4761,4771,4773,5474,5595,5650,13742,13868,13907,13935,14151,14153,14295,14418,14419,14486,14520
BIIORSV;4630,5666,14111
BIIOSUV;5403,5407,14421
BIIRSTU;658,1279,4289,4769,5045,5491,5496,5656,13741,14442,14516
BIISSTV;5226,5406,5476,13786,13788,13866,13867,13869,13870,13877,14415,14429,14443
BIISTTT;5643,5656,14498,14520
BIJNOSU;
BIKLLUY;14488
BIKLNOT;
BIKLNOY;
BIKLRSY;
BIKMNOO;
BIKMNPU;
BIKMNSU;1169,1288,13726
BIKMOSS;14191
BIKNSSU;5497
BIKORRW;
BIKSUUZ;
BILLNOS;1172,4776,5569
BILLNOU;14510
BILLOOY;1117,4367,4714,4722,4754,4776,4777,5370,5590,13880,13920,13930
BILLOPX;
BILLORS;5669,14499,14521
BILLOSW;943,5569
BILLOSY;4367,4775,5505
BILLOUV;14421
BILLOWY;1269
BILLRUY;1289,4337,5563,5669,13565,13613,13920,14092,14304,14384,14431,14499,14521
BILLRWY;13953
BILMNOR;854,4756
BILMOSU;5622,13550,13797,14347,14505
BILMPUY;5622
BILMRSU;979,1271,14505
BILMRTU;1289,4786,5667,14193,14305,14444
BILMSUU;1271,14347,14425,14516
BILNNOY;4369,4657,4759,4782,13801,14043,14142,14358,14466
BILNOTU;13722,14510
BILNTUU;4651,14142
BILOOPT;779,5578,14273,14479
BILOOYZ;
BILOPSU;1296,4363,4761,4788,5409,5604,5613,5622,13798,13880,14505
BILORST;
BILOSSU;1041,5017,5670,14451
BILOSSY;856,4778,5669,13924
BILOSTX;14373
BILPTUU;5000,13884,14314
BILRSTY;14140,14146,14506,14521,14522
BILRTTY;4370,5553,5631,13928,14146
BILRTUY;839,1240,1289,5546,5561,13886,14305,14339,14344,14384,14390,14431,14452,14521,14522
BIMMOOS;4653,5241,5646,14316
BIMMORS;4725,13864,14308,14316
BIMNOOY;4754,4776,5675,13838,14121,14124
BIMNORS;4752,5555,5657,5658
BIMNORW;
BIMNOSS;969,5017,5031,5046,5410,5411,5670,5671,14501,14518
BIMNOST;4780,5255,5671,13940,14203,14377
BIMNOSU;13938,13939
BIMNOSY;660,4776,4782,13975,14175
BIMOSSS;14523
BIMOSTW;1255
BIMOSTY;
BIMRSTU;13940
BIMRSUX;1290
BIMSSSU;4298,5614,13602,14438,14450,14523
BIMSSTU;5542,5560
BINNOSU;1283,4371,4757,4782,5474,13868,13889
BINOORS;13604,13625,13919,14224,14472
BINOORT;13629,13650,13908,13933
BINOOST;
BINOOSU;13660,13742,13810,14224,14472
BINORST;13940,14151
BINORSU;5013,14151,14224
BINORUW;14319
BINOSSS;13621,13660,13729,13782,13929,14055,14152
BINOSST;14489,14518,14520
BINPSUY;5043,5627
BINRSTU;13940
BINRTUY;13943,14339,14390
BINSTTU;583,1241,1252,4371,5653,13922,13945,14137,14151,14498,14502,14520
BINSTUU;4867,4942,5490,14038,14393,14497
BIOOORS;5032,5422,5607,5661,5675,5679,13661,13919,14382,14449,14504,14505
BIOORSZ;971
BIOOSST;1260,4365,4372,4660,4699,4753,4788,5522,5558,5677,13661,13936,14394,14440,14504
BIOOSUV;
BIOPRST;5644,13661,13891,13941,14201,14487
BIOPRTY;1302,13891,13936
BIORRTU;4794,14132
BIORRTW;14319
BIORSST;118,1260,5039,14504
BIORSTT;5679,14473
BIORSUU;861,4791,13940,13945,14116,14232,14347,14472,14516,14521
BIORTTU;4794,13629,13915,13933
BIOSTUW;1255
BIRSTTU;583,1241,5045,14137
BISSSTU;1294,13743,14523
BISSTTU;14498,14520
BISTUUU;13921,13940
BJMOOSU;
BJNOORU;
BJNOSTU;
BKLNUUY;
BKLOTUU;
BKMNSUU;
BKNNOOO;
BKNOOTW;
BKNORSY;
BKOOOOS;
BKOORWX;
BKORSWY;
BKRSTUU;
BLLNTUY;1270,14511
BLLOOOS;13592,13895
BLLOSUU;5669,14457,14499,14521
BLLOSUY;1304,14508
BLLOUVY;
BLMMPUU;
BLMNPUU;
BLMOOOT;14492
BLMOORW;
BLMOOSS;14515
BLMOSSY;
BLMOUXY;1304
BLMRSUY;1306,1307,5672,14508
BLMSTUY;1288,1307,5508,5528,5672,14265
BLNNOUW;
BLNOORW;5130,13908
BLNOOSS;5048,5605,14515
BLNOOSU;4681,5375,13860,13897,14155
BLNOPUW;
BLNORSY;5007,5030,5672,14343,14466,14467
BLNOSTU;13860,13897,14071,14155
BLOOOTX;
BLOOPTX;
BLOOPWY;
BLOOQUY;14451
BLOORWW;
BLOOSWY;13577
BLOOTUW;
BLOPSTU;1296,4363,4566,4761,5349,5613,14349
BLOPSUW;
BLORSTU;986,5681,14516
BLOSSTU;
BLRTUYY;
BMNNTUU;14391
BMNOOOW;
BMNOOSU;4681,13899,14155
BMNORUW;
BMNOSTU;1022,1305,4780,4997,5671,13641,13687,13899,13939,13940,14155
BMOOORX;
BMOORSY;974,5675,5680,14258,14316,14388,14411,14506
BMOOSTT;5648,14155,14405,14493
BMOOSTY;5675,5680,13863,14124,14316,14388,14411,14455
BMORSST;4790,5039
BMORSUU;13974,14347,14516
BNNRSUU;14386,14472
BNNRTUU;14459
BNOOSST;4372,4699,4753,5048,5677,13784,14217,14325,14440,14525
BNOOSTU;13578,13734,13827,13860,13899
BNOOTTY;984,13943,14395
BNORSSU;14143,14525
BNORSTU;
BNORSUU;5018,14472
BNORTUU;
BNOSSUW;14525
BNOSTTU;1252,4371,5653,13889,13945,14151,14155,14520
BNOTTUY;4794,13943
BNSTUUU;4690,13921,13940
BOOOPRX;
BOOPSTW;
BOOPSTX;
BOOPSTY;5424,5654,13941,14395
BOORRSW;
BOORRTY;13943
BOOSTUW;
BOOSWWW;
BOPSSTU;
BORRSUW;
BORSSTW;4474,14525
BORSTTU;14096
BORSTUU;14516
BORSTXY;800
BOSTUUY;14517
BPRSTUU;
CCCDIOO;
CCCDIOS;1312,14533,14535,14536
CCCNOOT;5726,5745
CCCOOSU;5720,14529,14551,14563
CCDEEER;14593
CCDEEHK;4304,14532,14589
CCDEEIM;5780,13634,14611,14612,14613,14614,14616,14621,14622
CCDEEIO;1334,5771,14628
CCDEEIR;5769,5791,5792,14628
CCDEEIS;
CCDEEKL;14589
CCDEENO;1334
CCDEENY;1340,14574,14597,14603
CCDEEOR;5764,5791,5792,14578,14616,14620,14627
CCDEEPS;5760,5768,14589,14606
CCDEESU;5773,14599
CCDEFLO;
CCDEHIL;14637
CCDEHIN;13635,14633,14639
CCDEHKO;4304,5687,5751,5818,14532,14535,14637
CCDEHKU;
CCDEHNO;1334,5750,5771,5775,13635,14590,14633,14639
CCDEHOU;14590
CCDEHTW;4308
CCDEIIL;5820,5827,5828
CCDEIIT;139
CCDEIKL;14637
CCDEIKR;547,5688
CCDEILR;545,546,1358,5827,5828,14650
CCDEIMO;141,1346,5688,5808,5815,5841,14579,14611,14612,14613,14614,14616,14621,14635,14639,14645,14650
CCDEIOS;14535,14656
CCDEIOT;1346,5813,5814,5840,14535,14613,14614,14615
CCDEKLO;14637
CCDEKLU;
CCDEKOR;5688,5751,5818
CCDELOU;
CCDENOO;14657
CCDENOS;14643
CCDENOU;
CCDEOST;14613,14614
CCDHIIL;
CCDIILO;1330,1373,4312,14665
CCDIILU;5828
CCDIIOR;1330,4312,14610
CCDILOY;14646,14651,14653,14666
CCDILYY;1375,5859
CCDKLOU;
CCDNOOR;14657,14667
CCDNOTU;
CCEEGNO;5771
CCEEHIK;5916
CCEEHIV;
CCEEHKR;4304,13638,13643,14544
CCEEHOR;1393,4304,5940,5950,13643,14544,14779
CCEEHOU;5701,14544,14779
CCEEHRS;5915,14675
CCEEILN;
CCEEILS;14719,14761,14767,14846
CCEEINR;5748,5957,5960,14622,14798,14821,14853
CCEEINS;1403,5895,5896,5905,5936,5984,14540,14692,14728,14754,14782,14786,14798,14821,14847,14849,14859
CCEEIOR;5927,5940,14543,14620,14628,14827,14842,14843,14845
CCEEIRS;14761
CCEEIRV;14853
CCEEKOY;
CCEELNU;552,1397,1409,4325,5972,5997,14547,14617,14839
CCEELRY;14543,14827,14845
CCEENRY;4325,14741,14742,14821,14839
CCEEORR;4304,4330,13650,14620,14763,14842,14878
CCEEORS;14526,14696,14870
CCEEORT;14842,14843,14845
CCEERSY;6012,14741,14752,14820,14821
CCEFHRU;1418
CCEFNOT;14763
CCEGINY;5806,13635,14603,14768,14882,14903
CCEGNOY;13635,14695,14768,14882,14903
CCEHHIS;14778
CCEHIKN;
CCEHIKO;13635
CCEHIKU;
CCEHILS;
CCEHILU;1446,1452,14923
CCEHIMS;14778,14784,14941,14942,14943
CCEHINO;13635,13652,14783,14923
CCEHINS;
CCEHINT;13652,14555,14783,14895,14929,14936,14944
CCEHINZ;
CCEHIOR;14635,14778
CCEHIOS;14778
CCEHIRS;1424,5720,14778,14931
CCEHIST;14931
CCEHKLU;
CCEHKMS;
CCEHKNU;14544
CCEHKOR;4304,5751,5818,14544
CCEHKPU;
CCEHKRU;14544
CCEHLOS;14637,14899,14920,14951
CCEHLRU;1418,14779
CCEHLSU;
CCEHNOS;5949,6115,14643,14709,14920,14957
CCEHOOS;1462,5717,14527,14883,14899,14920,14933,14951
CCEHORS;14920
CCEHORT;1470,5950,14544,14955
CCEHORU;14544,14779,14955
CCEHOSS;5702,6061,6087,6108,14790
CCEHOSU;14527,14952
CCEHRSU;
CCEHSTU;
CCEHSTW;4308,5945
CCEIILS;1473,4310,4343,5721,5820,5824,6141,14631,14645,14885
CCEIIMS;138,1473,5704,5721,5780,5781,5955,6022,6038,6135,6150,13648,14645,14692,14712,14714,14759,14885,14886,14958,14963,14974
CCEIIPS;1424,1440,5704,5721,5820,5824,5961,6130,6146,6175,14636,14811,14820,14931,14976,14981
CCEIIRT;
CCEIIST;14894,14925
CCEIKLR;6185,14908
CCEIKLT;
CCEIKOR;5688,6185
CCEIKOS;4346,5893,14719
CCEIKRT;6185
CCEIKRY;
CCEILMO;141,558,560,1358,1492,4349,14557,14616,14645,14723,14828,14963,14996
CCEILNU;557,1446,4349,5833,6019,6046,6206,6207,14888,14918,14936,14994
CCEILOT;1354,1358,1488,5724,6158,6199,6200,6202,13655,14543,14637,14723,14781,14827,14842,14843,14844,14934,14958,14963,14964,14965,14995
CCEILRR;6204,14924,14934,14967
CCEILRS;1420,14761
CCEILRT;1358,1454,1457,1488,6185,14557,14888,14934,14966,14972,14996
CCEILSU;1473,6206,14645,14761,14846,14988,15002
CCEILSY;1501,6021,6047,6188,14719,14767
CCEILTU;14888
CCEILYZ;
CCEIMNO;141,560,1458,4201,4335,4349,5843,5918,5979,6052,6168,6169,6170,14555,14579,14639,14726,14728,14783,14847,14848,14850,14900,14994,15005
CCEIMOS;14616,14645,14778
CCEIMOT;1458,1488,5726,5808,5979,6052,6167,6169,6170,6172,6197,6217,14555,14557,14726,14783,14848,14850,14934,14996,15005
CCEIMST;5727,5981,14553,14692,14727,14851
CCEINOR;
CCEINOS;
CCEINOT;14547,14783
CCEINRT;14798
CCEINSS;1420,4343,6141,6156,6207,14560
CCEIOPP;14914
CCEIOPT;1452,14535,14805,14926,14946,14958,15006
CCEIORS;147,155,14656,14959,15014
CCEIORT;1488,6158,14557,14720,14827,14845,14996
CCEIOSS;5776,5961,14642,14656,14946,15013,15014
CCEIPST;134,1315,5895,5936,14535,14559,14931,14937,14942,14943,15006,15011
CCEIRST;
CCEISSU;6134,6194,14548,14560,14755,14806,14940,15003,15007
CCEJNOT;
CCEKLOR;6185,14889
CCEKLOS;1515,4346,5893,14637,14719
CCEKLRU;14889
CCEKNOT;4356,14544
CCEKNOY;13635
CCEKOPS;14698,14782,14988
CCEKOPT;6185
CCEKORS;
CCEKORT;4356,6185,14544
CCEKOST;
CCELLOT;6229,6230,14965,14990
CCELNOY;4347,6044,14839,14890,15017
CCELNUY;566,4325,6230,6238,14890,15017
CCELPUY;566,6230
CCELRSY;14920
CCELRYY;
CCENNOR;1470,5854,13651,14638,14900,14955
CCENNOT;1470,5726,5854,6088,6103,6167,6233,14547,14726,14746,14783,14850,14955
CCENOPT;1370,5999,6246,14955
CCENORT;14955
CCENORW;6097
CCENOSS;5697,5763,5898,13640,14597,14658,14687,14695,14871,14950,14956,14957,15018
CCENOTV;6126,14980
CCEOOTT;5849,5995,14558,14989,14995
CCEOPRT;14796,14955
CCEORRT;1470,6149,6158,6172,6217,14924,14934,14947,14967,14996
CCEORRU;1519,6217,14878,14996
CCEORSS;6009,14655,14656,14687,14736,14749,14836,14858,14959,15014
CCEORTW;
CCEOSSU;5702,6239,14748
CCERTUW;
CCESSSU;5804,6015,6238,14560,14747
CCFIRUY;1534
CCFLOSU;6269,14688,15034,15035
CCGHINO;14663
CCGIINS;1536,5757,5810,6018,6037,6256,6287,6288,14564,14662,14692,15030,15048
CCGIINT;14692,14894,14895,15051
CCGIKNO;6290,14882
CCGIKNU;6298
CCGILNY;
CCGKOOR;14908,15042
CCHHIIS;1536,6060,6307,14662,15060,15061,15062
CCHHIIT;5733,6271
CCHHILS;13657
CCHHINY;6308
CCHHOOS;13657,14920,15065
CCHHRUY;6308
CCHIIST;14634,14894,14896,14925,14926,14931,15060,15061
CCHIKMS;
CCHIKOS;
CCHIKST;
CCHILOR;14666,15059
CCHIMOR;13658,14778,14934,14943,15063,15064,15065,15076,15077
CCHIMSY;14567,14784,14928,14941,14943,15060,15061,15065,15073,15076,15077
CCHINOR;14663,14667,15042
CCHINOS;15040,15074,15079
CCHINSU;575,6019,6313,14527,14786
CCHIORY;1567,1574,5860,6086,6095,6274,6325,6333,6336,6338,13658,14928,14943,14947,15065,15070,15076,15077,15081,15082
CCHIOST;14567,15060,15061,15076,15080
CCHIOTW;15042
CCHIPSU;
CCHIPSY;1556,6339,14668,14930,14931,15065
CCHIPUY;14788
CCHIRST;143,4311,4361,14669,14931,15076,15077,15081
CCHKLOS;
CCHKMOS;
CCHKMSU;
CCHKOOS;
CCHKOSY;
CCHKPUU;
CCHKSTU;
CCHLSTU;
CCHLTUY;14952
CCHNOOS;13659,14527,14568,14643,14883,14920,14933,14957,15073,15074,15079
CCHNRSU;15029
CCHNRUY;
CCHOORS;5717,6284,13659,14883,14920,14933,14951,15065,15073
CCHOOST;6348,15079,15080
CCHOSTU;13644,13654,14608,14921,14952,15076,15080
CCIIILS;1578,4310,5737,5777,5820,6059,6287,6288
CCIILNO;14663,14665,15044,15045
CCIILNS;4318,4343,5777,5865,6141,6287,6288,14712,14713,15089
CCIILOT;577,578,1373,1561,5861,6292,14801,14802,14805,14963,14964,14965,15037,15058
CCIILPR;1330,1398,1399,1422,1540,6152,6157,6161,15059
CCIILST;4301,6296,15089,15091
CCIINPS;14760,14819,14820,14886,14974,15048,15068
CCIIRST;169,1586,1590,15092
CCIIRTU;1550,14570
CCIISTY;1564,1583,5871,6180,6370,14566,14928,14931,15060,15061,15091
CCIKLOW;
CCIKLOY;14719
CCIKOPT;6185
CCILNOO;1323,1604,1609,5872,6046,6199,6200,6202,6264,6275,6301,6329,6350,6358,6360,6381,14724,14834,14993,15044,15067
CCILNOU;4349,4368,14653,14839,14923
CCILNSY;1451,1570,1599,4343,4369,5865,6332,6385,14634,15073
CCILOOP;1323,1609,5816,6200,6358,14620,14805,15059,15067
CCILSTY;167,1501,1570,6191,6331,6383,14567,15091
CCIMNOU;1605,4349,4368,5843,5868,6377,6390,6392,13656,14569,15005,15033,15048,15103,15104
CCIMOTY;1615,5979,6188,6321,13658,14784,14847,14850,14854,15060,15061,15071,15076,15077,15099
CCINOOT;13652,14903
CCINORY;1496,1511,1574,1611,5835,6333,13656,14651,14838,14839,15047,15053,15054
CCINOTV;6126,14671,14980
CCIOORS;1613,1617,6344,6345,6374,6396,15073,15076,15081,15095,15106
CCIOPTU;1452,5834,14672,14788,14805
CCIORSS;4357,5776,6338,14736,14787,14836,14959,15070
CCIOSTT;14561,14706,14789,14854,14927,14946,14964,15060,15080
CCIPRTY;1537,6178,6180,14930,15077,15078,15081,15082
CCIRSUY;1534,6369,6388,15002,15076,15091
CCKMOOS;
CCKMOSU;
CCKNOSU;14664,14870,14988
CCKOOSU;
CCKOPSU;14698
CCKOSTU;
CCLMSUU;1624,6234,14885,15034
CCLOOOZ;
CCLOPSY;1622,5877,6334,6369,14668
CCLOSTU;1624,4363,14952,15003,15091,15108
CCMOOOR;1381,15063,15064
CCNOOOS;6372,6378,6395,13659,14568,14899,15043,15105
CCNOOPU;5729,14672
CCNOOTU;14763,14936
CCNOPUY;1523,1622,6230,15011
CCNORSU;14569,14688,14732,14870,14974,14988,15031,15033
CCNOSSU;6386,14748
CCOOORS;6122,6231,13659,13661,14951,15035
CCORSSU;6347
CCORSUU;1624,6234,14951,15015,15020,15033
CCORSUY;1577,4339,6002,6240,6369,6388,14529,15002,15076,15091
CCOSSTU;15080,15108
CCOSSUU;5702,5803
CCSSSUU;
CDDDEEI;15110,15111
CDDDEEO;6402,14572,15110,15111,15112
CDDDEEU;15112
CDDDELO;1629,15114
CDDDELU;6403
CDDDERU;6405
CDDDESU;6405
CDDEEER;4374
CDDEEES;13664,15134
CDDEEII;1635,15146
CDDEEIN;6404,6413,6430,6433,6451,14576,15111,15115,15126,15155,15158,15159,15160
CDDEEIR;1635,4378
CDDEEIS;1640,1641,6451,14576,15111,15152,15155,15159
CDDEEIX;
CDDEEKL;587,6428,15145
CDDEEKO;6428
CDDEENO;15112,15122,15125,15166
CDDEENS;
CDDEENU;6420,6435,6443,15112,15134,15152,15155,15156,15168
CDDEEOR;4376,15122
CDDEEOS;6448,15110,15147,15148
CDDEEOY;14574,15169
CDDEERU;4203,4377,4378,6452
CDDEESU;4377,6435,6452,15155
CDDEEUW;
CDDEHIL;6407,6459,15174,15185
CDDEHIN;5750,6407,6430,6431,6432,6456,15123,15185
CDDEHIT;15183,15184
CDDEHNU;6435,6456,6461,15142,15187
CDDEHOR;15125,15143,15144,15174,15187
CDDEHOU;15142,15143,15144,15187
CDDEHRU;6460,15144,15187
CDDEIIS;1326,6466,15176,15182,15183,15191,15193
CDDEINU;592,6476,6478,15155,15156
CDDEIOS;4379,6479,14576,15110,15158,15159
CDDEISU;15152,15155,15198
CDDELOR;15118,15143,15187
CDDELOS;15142,15202
CDDELOU;6467,15178,15198
CDDELRU;590,15143
CDDELSU;
CDDENOU;6458,15189
CDDENSU;495,4382,6420,6435,6456,6458,6461,6478,15134,15152
CDDEORS;4379,15176,15177,15188
CDDEORW;
CDDERSU;14580
CDDESTU;4382,6435,15139,15165
CDDGINO;15204,15206
CDDHIOR;15174,15208
CDDIIIO;6465,6487,6488
CDDIIKN;
CDDIIOP;1330
CDDIIOS;15110,15148,15176,15183,15191,15193,15194,15206
CDDIIOY;
CDDIIRU;15207
CDDIKOP;
CDDINSU;1654,4382,6461,6476,6478,6481,15152,15155
CDDIORS;1660,4379,15176,15177
CDDKOPU;
CDDKORU;
CDEEEFL;
CDEEEFN;1662
CDEEEHK;4385,14589
CDEEEHL;1631,14589
CDEEEHP;15237,15241,15244
CDEEEHR;15241
CDEEEHS;4385,14590
CDEEEIP;
CDEEEIV;
CDEEEJT;
CDEEEKL;13675,14589,15215,15256,15278,15279
CDEEELP;4303,5760,14589,15215,15217,15278,15283
CDEEELR;15215
CDEEELT;1631,13675,15212,15284
CDEEEPR;
CDEEERR;13557,14593
CDEEERS;
CDEEERT;14593
CDEEESS;15305
CDEEESX;
CDEEFFH;15308
CDEEFHL;1664,15308
CDEEFHT;6553
CDEEFII;6558,15223,15307,15309,15310
CDEEFKL;
CDEEFLT;5770
CDEEFOR;
CDEEFST;6424
CDEEGIR;
CDEEGKT;
CDEEGNO;
CDEEGOO;
CDEEHIP;15347,15349,15355
CDEEHIS;
CDEEHIT;15238,15241,15355
CDEEHIV;
CDEEHKL;14589,15359
CDEEHLP;14589
CDEEHLT;15351,15360
CDEEHLW;
CDEEHMS;15346
CDEEHNW;
CDEEHOR;4304,4400,6554,6591,6624,15308
CDEEHPR;
CDEEHRS;15344,15345
CDEEHRT;15241
CDEEHRU;
CDEEHST;
CDEEHTT;6553,6616,15244,15355
CDEEHTW;1671
CDEEIIT;13692
CDEEILN;
CDEEILP;13698,14620,15215,15313,15334,15368
CDEEILS;
CDEEIMN;1696,15407,15408
CDEEIMS;
CDEEINO;1334,6515,6641,15347,15408
CDEEINR;
CDEEINS;13684,15400
CDEEINT;6501
CDEEINV;15331,15378,15400,15434
CDEEIOS;4204,6666
CDEEIOV;4404,6641,13692,15328,15331
CDEEIPR;
CDEEIPT;15334,15355
CDEEIRR;
CDEEIRS;
CDEEIRT;
CDEEIST;1699
CDEEISV;
CDEEISX;1672,15376
CDEEITV;1701,13691,13692
CDEEITX;15355
CDEEJNO;15450
CDEEJST;6665,13691,15117
CDEEKKL;
CDEEKLR;15215,15279
CDEEKLS;587,5773
CDEEKNR;
CDEEKNS;14597,15278
CDEEKOS;4204,4393,6666,14532,14597
CDEEKPS;6734,15405
CDEEKRS;14532
CDEEKRT;
CDEEKRW;
CDEELMM;1684,15283,15284,15407
CDEELOS;
CDEELPU;
CDEELPY;1705,6637,6670,6749,15454
CDEELRU;5764
CDEELSU;5764,6564,13709
CDEELUX;
CDEENOR;605
CDEENOS;
CDEENOZ;15347,15349,15434
CDEENRS;
CDEENRT;14622
CDEENST;1704,13558
CDEEOOY;15169,15433,15434,15465,15477
CDEEOPR;6569
CDEEORS;5791,5792
CDEEORV;
CDEEORW;15396
CDEEORY;6563,15434,15465
CDEEOST;6710,13691
CDEEOSX;15376
CDEEOTV;13691,13692,15382
CDEEPST;15138,15222
CDEERRU;4203,13557
CDEERSS;14532
CDEERST;
CDEERSU;
CDEERSW;15245
CDEERTU;
CDEERUV;
CDEESSU;15305,15445
CDEESSY;6616,14607,15305,15395,15416,15454
CDEESTT;6583,6616,6696
CDEESUX;
CDEFFHU;
CDEFFIL;15308
CDEFFIO;
CDEFFLO;15308
CDEFFLU;6549
CDEFFOS;6767
CDEFFSU;
CDEFHIL;15174,15308
CDEFHIN;6553
CDEFHMO;15482
CDEFHOO;15174,15308,15482
CDEFIIT;5808,6779,6780,6782
CDEFIKL;
CDEFILT;1716,6561,6783,6784,15479
CDEFINO;6780
CDEFKLO;
CDEFKOR;
CDEFNOR;
CDEFNTU;1721
CDEFORT;
CDEFOSU;15485,15490
CDEFRTU;15485
CDEFSUU;
CDEGGHU;
CDEGGLO;
CDEGGOR;
CDEGGOS;15323
CDEGGSU;
CDEGHLU;
CDEGHOU;
CDEGIIN;1729,4427,5806,6765,15494,15495,15504,15505,15508,15509,15514
CDEGIKN;611,612
CDEGILN;13559,15331,15333,15494,15495,15521
CDEGILU;1737,1738,6809,13559,15333,15503
CDEGINO;
CDEGINR;1742
CDEGINU;13559
CDEGIOR;180,1726,1732,6796,6815,6817,6822,15326
CDEGKOR;1669,4380,4430,6586
CDEGKOU;4380,4430,15518
CDEGKUW;
CDEGLSU;
CDEGNSU;6574
CDEGOOS;6800,15499,15508,15516
CDEGORS;15326
CDEGOSU;
CDEGSUW;
CDEHHIL;6591,6840,6841,15532
CDEHHIT;6592,15533
CDEHHNU;
CDEHHOT;5812,6592,6594,6790,6843
CDEHHTU;
CDEHIIL;6791
CDEHIIV;
CDEHIKN;6550,6861,13635,15542
CDEHIKO;13635,15542
CDEHIKR;6460,6550,15542
CDEHIKT;15542
CDEHILL;1745,1746,6863,15558
CDEHILO;5771,5816
CDEHILP;5816,6865,6866,15174,15538
CDEHILR;
CDEHILS;6792,6793
CDEHILT;13559,14634,14637,15350
CDEHIMR;15238,15239
CDEHIMT;6408,6854,6855,15238
CDEHINN;14633,15324
CDEHINO;1334,4434,5750,6865,13635,15559,15560
CDEHINP;5750,5774,6461,6845,6846,6856,6865,15186,15346,15347,15351
CDEHINS;15182
CDEHINW;
CDEHIOR;6508,15572,15573
CDEHIOW;
CDEHIPP;5816,6872,14635,15538
CDEHIPR;6856,6865,6872,14635,15174,15534,15537
CDEHIPT;6798,6858,14535,15186,15238,15241,15355,15533,15549
CDEHIQU;
CDEHIRR;1714,6794,6865,6871,15574
CDEHIRS;15344,15345,15539,15572,15573
CDEHIRT;14640,15238,15241,15571
CDEHIST;
CDEHISU;13560,15354,15563,15565,15566
CDEHITT;6553,15355,15531,15571
CDEHITW;
CDEHIVV;6508
CDEHIZZ;
CDEHKLO;14637
CDEHKLU;6460
CDEHKNU;
CDEHKOO;
CDEHKOS;6462,14532
CDEHKOT;14535,14637,15542
CDEHKSU;
CDEHKUY;6460
CDEHLMU;6864,15360
CDEHLNU;15359,15362
CDEHLNY;591,14634,15352,15359,15544
CDEHLOT;5813,5814,14637,15360
CDEHLRU;4309,6460,15565
CDEHMMU;
CDEHMNU;6607,6608,15546
CDEHMOO;6624,6872,14640,15482,15559,15560
CDEHMOP;6872,6885,14635,15346,15347
CDEHMOR;1349,6885,15482
CDEHMOU;6864
CDEHMPU;6885
CDEHMTU;
CDEHNOR;15559,15560
CDEHNOT;4438,6790,14590
CDEHNPU;15186
CDEHNRU;
CDEHNSU;13687,14590,15142
CDEHNSY;1753,4438,6869,6870,6883,14634,14639,14643,15188,15352,15359,15544,15572,15573
CDEHOOP;6872,15174,15355
CDEHOPP;14635
CDEHOPR;1761,6796,6842,14635,15174,15534,15537
CDEHOPT;1761,5687,6594,6797,6798,14535,15186,15244,15355
CDEHOPU;1765,6626,6627,6885,15186
CDEHORT;15570,15571
CDEHORU;1765,4400,6627
CDEHORW;
CDEHOSU;14590
CDEHOSW;
CDEHOTU;14590
CDEHOUV;
CDEHPSY;5819,6797,6800,6878,15534,15549
CDEHRRU;4400,4401,4428,6625
CDEHRSU;13560,15566
CDEHSSU;13714
CDEHSTU;4401,6887,13560,15354,15566
CDEHSTY;1633,4438,5819,6797,6800,6888,14634,14643
CDEIIKR;
CDEIIKS;
CDEIILO;
CDEIIMR;5781,6647,6893,6903
CDEIINR;13685,13721,15119,15223,15224,15309,15396,15504,15505,15514,15550,15551,15552,15613
CDEIINS;13723,15182,15224,15314,15514,15532,15544
CDEIINT;
CDEIIOR;5781,6467,6513,6647,6840,6901,13721,14610,15504,15505,15551,15552
CDEIIOV;6771,13692,15401
CDEIIRT;
CDEIIRV;6964,6970,14592,15378,15396
CDEIIST;
CDEIISU;13678,13715,13720,15327,15329,15510,15603
CDEIJST;5830,6665,6917,6975,13678,13691,15580
CDEIKLN;611,612
CDEIKLP;612,6666,6891,6918
CDEIKLS;
CDEIKLT;
CDEIKMS;6847,6861
CDEIKNS;6847,6861,13726
CDEIKNZ;
CDEIKOS;4204,4448
CDEIKOY;13635,15542
CDEIKOZ;
CDEIKPR;15310
CDEIKRR;5688
CDEIKRS;4448,13726
CDEIKRT;13726
CDEIKRU;13726,15518
CDEIKRW;4448
CDEIKST;
CDEIKSU;
CDEIKSW;4308,4448
CDEIKSY;4405
CDEILLO;
CDEILLU;
CDEILMO;
CDEILNU;13559
CDEILOO;6931,6987,6994,6996,13727,15189,15190,15408,15516,15625
CDEILOP;6641,14620,15174,15328,15334,15595
CDEILOR;6822
CDEILOS;
CDEILPP;5816,15334,15538,15595
CDEILPS;
CDEILPU;
CDEILQU;600,1738,6684,6809,15592
CDEILRS;15113,15182
CDEILRU;
CDEILST;
CDEILSU;13719,13720,13727,15113,15563
CDEILTU;6783,13559,13666,13702,14653,15625
CDEIMNO;14639,15347,15506
CDEIMOR;
CDEIMOS;15569
CDEIMOT;1741,5808,6771
CDEIMPR;6785,6872,14635
CDEIMPU;6988,15429,15579
CDEIMSU;1811,6992,13634,14645,15374,15427,15569,15603
CDEINOS;
CDEINOT;
CDEINOU;
CDEINOZ;
CDEINPR;6856,6865
CDEINRS;4429,15182
CDEINRU;
CDEINRY;1749,4434,6558,6563,6715,6870,7009,7011,7021,15239,15434,15572,15573
CDEINSU;6461,6478,7034,13634
CDEINSX;14652,15376,15569,15605
CDEINSZ;1673,1821,6930
CDEINTT;13670,15506,15612,15633,15636
CDEINTU;13559
CDEIOOR;6785,6822,15434,15518,15527
CDEIOPR;6785,6872,15174
CDEIOPT;14615,15186,15355
CDEIORS;
CDEIORT;
CDEIORU;
CDEIORV;
CDEIORW;15396,15527
CDEIOSS;15639
CDEIOST;13691
CDEIPRS;
CDEIPRT;
CDEIPST;15533
CDEIRRU;7004,7007,13728
CDEIRST;
CDEIRSU;15603
CDEIRSV;1806,1807
CDEIRTV;1338,1363,1701,1722,1812,6715,6791,6900,15593
CDEISST;4439,4442,6946,15175,15587
CDEISSY;6606,6867,14607,14639,15395,15416,15544,15549,15561,15572,15596,15600
CDEITUX;6784,6975
CDEJNOU;
CDEKKNO;
CDEKLNO;
CDEKLNU;
CDEKLOW;7039
CDEKLPU;
CDEKLRU;590
CDEKLSU;
CDEKMOS;4462,6462
CDEKNOR;15542
CDEKNOS;4461,14597
CDEKNRU;13726
CDEKNSU;13726
CDEKOOR;4448
CDEKORS;14532
CDEKORT;6977,15542
CDEKOST;
CDEKRSU;13726
CDEKRTU;13726
CDELLOU;
CDELLSU;15374,15406
CDELMOP;4422,5850,15454
CDELMPU;15374
CDELMSU;14645,15360,15374
CDELMTU;15284,15360,15625
CDELNOO;
CDELNOU;
CDELNOW;
CDELNOY;639,1731
CDELOOR;6931
CDELOPP;640,15595
CDELOPU;15651
CDELORS;7048
CDELORU;15530
CDELORW;6586,7039,15653
CDELOST;6838
CDELOSU;
CDELOSW;
CDELOTT;1762,1827,5851,6739,6740,6932,13675,14637,15284
CDELOTU;
CDELOUY;1831,6471,7041,15632
CDELOWY;
CDELPSU;
CDELRRU;4413,5785,6745,7004,7007,13698,15653
CDELRSU;
CDELRUY;6460,7041,15530,15651
CDELSTU;
CDELTTU;4396,15284
CDELTUU;6821,7002
CDEMMNO;614,15506
CDEMMOO;549
CDEMMSU;
CDEMNNO;15190,15203
CDEMNOP;4463,5850,6740,6752,15283,15347,15407,15408
CDEMOOS;1811,15177,15202,15498
CDEMOPT;1741,6949
CDEMORS;15177
CDEMORU;
CDEMPRU;
CDENNOO;15500
CDENNOT;
CDENOOP;4463,5850,15196,15331,15408,15613,15639
CDENOOR;15280,15434
CDENOOS;
CDENOPU;4463,6626,6627,6720,6755,15186,15609,15643
CDENORS;
CDENORU;
CDENORW;6586,15396
CDENOSS;15639
CDENOST;
CDENOSY;14643,15188,15573
CDENOTU;
CDENPUY;15287,15651
CDENRUU;15656
CDENRUY;6758,7021,15530,15628,15651
CDEOOPP;6872,6963,7060
CDEOOPS;15639
CDEOOPT;15186,15244,15355
CDEOORR;14657
CDEOORV;6546,6716,6964,15280,15434,15469
CDEOOST;1368,1811,6668,6919
CDEOOTV;6964
CDEOPPR;640,1786,6963,7060,14635
CDEOPRS;
CDEOPRU;
CDEOPSU;15305,15445
CDEOPSW;6743,15557
CDEOQTU;
CDEORRS;14656
CDEORRW;15574
CDEORSS;14532
CDEORSU;
CDEORSW;
CDEORTU;
CDEORUU;7045,15187,15460,15643,15656
CDEOSSU;15305,15445,15616
CDEOSTU;
CDEOSTY;1826,4438,5819,5856,6472,6737,6754,6800,6838,6868,6888,6978,7042,7048,14643,15281,15477
CDEOSYZ;15573
CDEPRSU;
CDEPRTY;1370,1766,15241,15632
CDERRSU;
CDERSTU;
CDERSUZ;1807,1821,4420,15415
CDFHIOS;
CDFIILU;
CDFIISU;13678,15487
CDFIJOR;
CDFILUY;15488,15662
CDFIOOT;5857,6779,7068,7070
CDFIOSU;15487
CDFNOOU;
CDGHIIN;1841,15659
CDGHILO;5771
CDGIIKN;4207
CDGIINO;648,4468,4469,7086,15500,15505,15667
CDGIINS;189,1657,1846,1854,1858,6765,7084,15481,15494,15496,15673
CDGIINT;4468,6765,7086
CDGIKNO;4471,15681
CDGIKNU;
CDGILNO;649,14663,15328,15331,15667
CDGINNO;4468,4469,7075,15675
CDGINOO;4468,7079,13738,15206,15331,15337,15508,15661,15670,15680
CDGINOR;7081
CDGINOS;15682,15687
CDGINRU;14537
CDGINTU;13559,15333,15526,15686
CDGNOOO;7089,15681,15683
CDGOOSY;6458,6800,15508
CDHIIMO;15689
CDHIINT;
CDHIIST;7092,15180
CDHIKSU;
CDHILLY;1371,1745,4432,5861,5863,6848,6862,6863,7078,7107,15208,15558,15669
CDHILNU;6864,13559
CDHILOR;1862,14666,15208,15662,15667,15691
CDHILOS;
CDHINOR;14667,15551,15552
CDHINSU;653,6456,6461,6607,6770,14662,15354
CDHIOOR;7112,14667,15208,15662,15671,15691
CDHIORS;
CDHIORY;14640,15208,15571,15574,15662,15689
CDHIOTU;
CDHIPTY;6798,6858,7108,15241,15668
CDHIRTY;6858,7107,14640,15241,15571,15574,15668,15689
CDHKOOR;
CDHORSS;1866,4474,7096,14532,14642,15551,15561,15562,15564,15572,15575,15703
CDIIILP;5778,5820,6891,7116,7117,13740,15537,15538,15668
CDIIIOT;6487,7124
CDIIJRU;6917,15580,15706
CDIILLY;654,1773,1850,4432,4443,6637,6848,6924,6925,15669,15710
CDIILMO;15663
CDIILNY;655,4443,6776,6896,6935,7115,7139,13739,14634,15366,15377,15544,15583,15663
CDIILOP;1330,6641,15313,15328,15382
CDIIMOS;1883
CDIINOR;648,4469,4478,6513,6856,6963,7103,13721,14610,14663,15387,15396,15505,15550,15659,15663,15667
CDIINOT;14671,15146
CDIINOV;14671
CDIINOZ;7081,15667
CDIINST;1885,7083
CDIINTU;1656,1885,1889,6483,6484,6488,6661,6913,7136,13739,14671,15706,15717
CDIIOPT;4477,7092
CDIIORS;1890,6647
CDIIORX;4312
CDIIOSS;15402,15664,15680,15690,15698,15708,15709,15713,15714,15719
CDIIOSV;1890,7151
CDIIOTY;7070,14671,15720
CDIIPRY;6924,7131,15383,15668,15720
CDIIRSU;15603
CDIKNNU;
CDIKNOR;4470,4471,15542,15671,15681
CDIKNOW;
CDIKNPU;
CDILLOO;1645,1852,6922,15189,15208,15558,15669
CDILLUY;6863
CDILMTU;15625,15723
CDILNOS;15721
CDILOTU;5872,5873,6488,7136,13722,14653,15723
CDILOTY;1371,1859,1894,5832,5859,6578,6862,14651,14653,15334,15521,15632
CDIMMOU;7165
CDIMNOO;15190,15408,15661,15680
CDIMNSU;13634,13715,13726,15569,15682
CDIMOOR;6785,6872,15635
CDIMOOS;15498,15569,15680,15682,15695
CDIMOSS;7121,15680,15698
CDIMOSU;1811,1900,14645,15427,15682
CDIMSSU;15712
CDIMSTU;1811,1885,1900,6812,13705,15427,15485,15717,15725
CDINOOS;13738,15670,15682,15702,15721
CDINOOT;5875,7079,7095,7161,15337,15431,15633,15636,15670
CDINOSY;1753,4480,6869,7111,14639,14652,15430,15572,15573
CDINOTU;
CDINSSY;1895,6485,7150,7157,14639,15352,15395,15544,15572,15645,15665,15713
CDINSTU;1802,6461
CDIOOTT;199,5691,5849,5875,6958,6965,7013,15355,15633,15636,15718,15727
CDIOPRR;1786,6711,6856,7073,13698,13728,15340
CDIOPSS;657,14642,15389,15436,15442,15445,15637,15639,15680,15714,15719
CDIORSV;1890,7090,7151
CDIOSST;1888,4474,7121,7124,7147,15698,15708
CDIOSTT;5691,7124,15687,15702
CDIOSTY;
CDIOTUV;14671,15160,15606,15622,15720
CDIPRSY;
CDIPSSU;7148,15704,15712
CDIRSUY;4480,7159,7164,15596,15603,15628
CDIRTUY;7021,7164,15720,15727
CDISSSU;5874
CDISSTY;1877,7157,15395,15549,15600
CDJKMOO;
CDKMORU;
CDKNNOU;
CDKNOOR;4470,15280
CDKNOSU;13738,14664
CDLNOUU;
CDLOOPY;15651
CDLOSTU;
CDMMOOO;1381
CDMNOOS;662,15569,15680
CDMNSUU;
CDMOOST;1368,1811,6873,15360,15453
CDMOSUW;
CDNNOTU;5854,6742,6756,7056,14673,15463,15649
CDNOORS;13742,15699
CDNORSU;13742
CDNORWY;
CDNOTUW;
CDOOOPT;6843,15705
CDOOOST;7161,7168,15652,15701,15725
CDOOPST;5877,15726
CDOORRY;1378,15691,15692
CDOORST;15726
CDOOTUW;
CDOPRTU;15705,15720,15723
CDOSTUY;7164,7170,15477,15652,15696,15717
CEEEEGH;
CEEEEHL;
CEEEELT;1382,7176,15212,15748,15766
CEEEFIL;665,15794
CEEEFLR;
CEEEFLS;7189
CEEEFNR;
CEEEGNR;5882,7197,13746,13751,15814,15817
CEEEGNS;7199,7211,14695,15811
CEEEGRS;13745
CEEEHIR;6407,6498,15237,15241,15840
CEEEHKS;4385,4485,7230,13755,14589,14684,14685,14698,14707,15740,15833
CEEEHLL;1906,6511,15840
CEEEHLS;668,5884,7218,7230,7235,7236,13749,14708,15833,15859
CEEEHNR;4487,7197,15125,15745,15814,15834,15857,15860
CEEEHPR;4386,7233,15125,15237,15241,15742,15745,15840,15843,15857,15864
CEEEHRR;667,4487,5891,7214,7239,13638,15745,15864
CEEEHRS;14675,15787
CEEEHSS;4385,6409,15778,15809
CEEEINP;5885,7200,14701
CEEEIPR;15750,15840
CEEEIRV;
CEEEITV;
CEEEJRT;1912
CEEELLU;15794,15890,15949
CEEELPY;
CEEELRT;7214
CEEELST;7189,15956
CEEELSV;7254,7275,7277,7281,13747,14713,15289,15900,15902
CEEEMNU;7221,13761,15794
CEEEMPR;7233,15728
CEEENRS;14526
CEEENSS;5897,5898,7211,13640,14695,15811
CEEEPRR;201,1385,15728,15745
CEEERRT;14593,15951
CEEERSS;13757,15765
CEEERST;14675
CEEERSU;7193,14675,15787,15836,15851,15914
CEEERSV;7277,15746
CEEERTX;
CEEETUX;
CEEFFNO;1917,7305,15779,15994
CEEFFOR;
CEEFFOS;
CEEFFST;5906,6495,7303
CEEFHIR;7308,7309,7315,7320,7321,15786
CEEFHIT;6553,7309
CEEFHLS;1664
CEEFHRT;13765,16013
CEEFHST;
CEEFINV;15779,15798
CEEFIRR;673,1918,6558,7315,7317,15735,15784,15800
CEEFKLR;
CEEFLNU;15794
CEEFLRT;7348
CEEFNNS;4509,6424,7192,13636,14758,15318,15992,15998,16041
CEEFNNU;16042
CEEFNOR;14756
CEEFNRS;6565,7311,15998,15999,16046
CEEFPRT;
CEEFRST;4482,7192
CEEFSSU;7190,13766,14755,15314,15778,15991,16001,16010,16011,16039,16045,16046
CEEGHIN;
CEEGHOS;1929,7366,7367,7381,7384,15737,16062,16065,16069,16080
CEEGIIP;
CEEGINR;16082
CEEGINT;16075
CEEGINU;4316,7301,7422,7433,15141,15333,15820,15995,16003,16077,16082
CEEGIRS;16063
CEEGIRZ;
CEEGKOS;1940,6587,15821,16064,16101
CEEGLLO;7438,16083
CEEGLNT;
CEEGLOU;15820,16003
CEEGNOR;7383
CEEGNOS;6505,6587,7209,7211,7410,7439,15810,15811,16058,16059,16060,16101,16107
CEEGNRU;4316,7197,7212,7412,7414,7433,15141,15333,16077,16082
CEEGNRY;15311,15813,15999,16000
CEEGORT;1942,6569,7379,16070
CEEGQRU;7412,16082,16116
CEEHHNR;1630,1666,6550,7452,7458,15831,15834,16133,16134,16138,16141
CEEHHSW;1671,6429
CEEHIKM;5916,7485
CEEHILN;682,7485,7486,7495,16180
CEEHILS;
CEEHILV;
CEEHIMR;1393,15742
CEEHIMS;6408,13780,14784,16196
CEEHINR;7467,7495
CEEHINS;6551,16160,16164,16212
CEEHIOR;5927,6591,14543,15308,16179
CEEHIOS;5918,5932,7500
CEEHIOZ;16066,16193
CEEHIRT;16061
CEEHIRW;14691,15854
CEEHIRY;7535,15241,16216
CEEHISS;15809,16164
CEEHIST;
CEEHISV;15837
CEEHISW;
CEEHKLR;13643
CEEHKLS;4521,5773,6617,7486,15833,16172
CEEHKNP;
CEEHKNS;16174
CEEHKST;16172,16218
CEEHLNO;
CEEHLNS;1962,7232
CEEHLNU;677,682,1397,6573,15856
CEEHLOW;7459
CEEHLRS;16136
CEEHLRW;
CEEHLRY;5947,16227
CEEHLSS;14607
CEEHLST;15360,16135
CEEHLSW;
CEEHLSY;1664,4525,5947,5949,7378,14708,15855,16223
CEEHMRS;16016,16080,16136,16139
CEEHMRT;1969,7458,15860
CEEHMSS;
CEEHMSX;1672
CEEHNOP;1394,7372,15244,16072,16075,16208
CEEHNPU;
CEEHNRW;
CEEHNST;1968,1973,16218
CEEHNSV;7222,15848
CEEHNSW;13780
CEEHNTU;1958,1966,7197,14544,15856,16077,16171
CEEHORR;4304,4400,6624
CEEHORS;
CEEHORT;
CEEHOUV;
CEEHPRR;15864
CEEHPRS;
CEEHPRU;14779,16225
CEEHQRU;4400
CEEHQSU;
CEEHQUY;16223
CEEHRST;
CEEHRSU;4317,7559,13563,13745,16010,16063,16080
CEEHRSV;15837
CEEHRSW;16221
CEEHRSY;1633,4525,7368,16071,16080,16238
CEEHRTU;7197,7214,7559,14544,15787,16225
CEEHRTV;
CEEHSSS;13564,13646,13781,15991,16159,16164,16174,16204,16209,16212,16235,16248
CEEHSSW;1976,7519
CEEHSTV;
CEEHSTW;1671
CEEIIKL;7574,14676,16270
CEEIINR;15119,15223,15309,15396,15749,15817,16082
CEEIINW;15396
CEEIIPR;1398,1399,1677,1979,1985,4534,15396,15749,15817
CEEIJOR;
CEEIKLT;7574,16172,16267,16269,16270,16344
CEEIKNT;688,7202,7574,15868,16171,16267
CEEIKPR;
CEEIKSS;13796,16010,16149,16173,16174,16346,16350
CEEILLM;15794,16274,16351
CEEILMX;14761,15313,15408,16020,16281
CEEILNO;1950,5771,16035
CEEILNR;
CEEILNS;
CEEILNT;7325,7574,16386
CEEILNU;682,7325,7574,14547,15794,15820,16267
CEEILPS;13798,16101
CEEILPT;14842,15334,15368,15895,16144,16294,16375
CEEILPX;15313
CEEILRS;
CEEILRT;16294
CEEILRU;7584,16277
CEEILSS;6422,6557,14545,16273
CEEILST;13785
CEEILSV;1993,13794
CEEILTU;5972,7304,7325,7326,7574,14547,15995,16003,16267
CEEIMMS;7655,15111
CEEIMMT;14783,15892,16129,16395
CEEIMNO;1393,1950,5979,7452,7468,7473,7488,7701,7720,13771,14769,14783,14848,15111,15335,15387,15820,15907,16274,16303,16393,16401
CEEIMNT;7221,7574,7640,14549,14622,14783,14848,14853,15238,16253,16274,16393
CEEIMRS;16405,16408
CEEIMRX;
CEEIMST;13705,13785,14624,15427,16251,16408
CEEINNS;4514,16160
CEEINOS;
CEEINPR;
CEEINPS;13804,16160,16164,16347,16435
CEEINPT;
CEEINPU;16420
CEEINRS;
CEEINRT;
CEEINRV;7266,13759,13815,14622,14821,14853,15372,16420
CEEINST;
CEEINSV;7222,7266,13759,13791,13815,14865,15400,15754,15758,15848,16256
CEEIOPT;1394,6726,7372,7453,7491,14615,14788,15334,15355,16072,16075,16294,16375
CEEIORT;5927,6726,14543
CEEIORV;
CEEIOST;7596,7700
CEEIPPR;16154,16343
CEEIPRR;673,7683
CEEIPRS;
CEEIPRT;14843,16294
CEEIPRU;1999,7271,7535,7711,16208,16343,16344,16420
CEEIPSS;15445,16164,16204
CEEIPST;
CEEIPTZ;1979,7511,16403
CEEIQSU;
CEEIRRT;145,673,15735
CEEIRSS;
CEEIRST;
CEEIRSU;16010
CEEIRSV;
CEEIRTT;
CEEIRTU;7711
CEEIRTX;
CEEISSX;15426
CEEISTU;5896,7346,13678,13766,13793,14540,15405
CEEISTX;1993,7303,7518,7567
CEEITTT;1958,5940,7453
CEEITTZ;16193
CEEJNOS;15450,16450,16451
CEEJORT;
CEEJRST;6665
CEEKKLS;5893,5964,6617,13818,14719
CEEKKSS;15944
CEEKLNT;7574,16267
CEEKLPS;2015,4521,15833,16101
CEEKLSS;16454
CEEKLST;7757,16135,16172
CEEKNRS;4199,15945
CEEKOSS;4213,4523,7541,13796,14532,14790,14870,15341,15765,15838,15944,16149,16173,16346,16349
CEEKOSY;7757,16453
CEEKPRS;7173
CEEKPRY;
CEEKRRW;
CEELLLU;696,15794,16008
CEELLNO;1950,4321,4562,6560,7331,7638,7647,7648,7760,14766,14826,15166,15375,16274,16351
CEELLOS;5890,5968,7277,7489,7757,7768
CEELLPU;15890,16352
CEELMNT;702,1397,1409,7574,7640,7771,13566,15212,16015,16274
CEELMOO;4565,7405,16103,16366,16460
CEELMOS;13822,14682,15454,15822
CEELMOT;702,4421,6739,16103,16274,16460
CEELMOW;
CEELMSY;1664,5947,7637,7639,13822,15377,15454,16105,16365
CEELNOS;13747,13818
CEELNOT;702,4421,7283
CEELNPS;5706,13804,15217,15278,15285,15731,15768,15948,16101,16361
CEELNRS;15217,15285,15945
CEELNRT;
CEELNRU;13556
CEELORS;16136
CEELORT;14843,15955,16103,16460
CEELORY;1411,7543,7638,7642,7652,13801,14543,14827,14842,14843,14845,15959,16179,16227,16337,16366,16388
CEELOSS;
CEELOSU;5764,15859,16036,16040,16376
CEELOTU;702,14547,15856,16003,16048,16267
CEELOTV;16374
CEELOTX;7283,16294
CEELPRT;14843,16294,16388
CEELPRU;1999,5998,7777,16286,16343
CEELRRU;7584,13698,13699,16286
CEELRSS;
CEELRST;
CEELRSU;5764,13709
CEELRSW;2024,2025,15752
CEELRTU;
CEELRTY;6749,15959
CEELSST;14545,16273,16283,16454,16459
CEELSUX;7303,14761
CEELTTU;5972,6562,7304,7635,7775,7776,14845,15856
CEEMMOR;7793,15955,16179
CEEMNOW;
CEEMNRU;7422,7723,14549,14622,14853,16343
CEEMNRW;
CEEMNST;13687,15965,15967,15968,16015,16476,16482
CEEMNSY;5951,14709,14847,14851,15377
CEEMOOR;4565,7405,7712,13643,16103,16366,16460
CEEMOPR;
CEEMOPT;
CEEMRRS;13811,14624,14828,15729,15862,15972,16016,16050,16080,16139,16182,16226,16237,16367,16408
CEEMRRY;13812,16080
CEEMRST;13566,13705,14828,16367,16368,16406,16408,16482
CEEMSTU;7795,7798,15836,15914,15956,15968,16015,16450,16482
CEEMSTY;1947,6754,14851
CEENNOU;7771,14547,15856,15919,16003,16035,16171,16267
CEENNOV;7585,7656,13795,15779
CEENNRT;15464,15979
CEENOOT;697,5707,7734,7771,14762,14763,14826,14834,14855,14857,14861,14863,15169,15244,15994,16141,16338,16411,16423,16491,16494,16496
CEENOOZ;16066
CEENOPT;15244,15895,16072,16075,16375
CEENORS;1413
CEENORU;6005,14544,14878,16077,16208
CEENORZ;
CEENOST;13641,15747
CEENPRS;7801
CEENPRT;
CEENPSS;211,5897,5898,15137,15222,15278,15957,16164,16166,16167
CEENPST;1973,6435,15222
CEENRSS;
CEENRST;
CEENRSU;
CEENRSY;2030,7292,7741,14741,14742,14820,14821,15285,15999,16326,16467,16490,16493,16500
CEENTTU;1958,5972,7635,7775,15333,15463,15856,16386,16421,16491
CEEOPRU;4570,7737,16208,16494
CEEOPST;
CEEOPSU;7768,13798,13814,14698,15305,15445,15903,16211,16293,16435
CEEOPTY;6752,16072
CEEORRS;
CEEORRT;15951,16054,16460
CEEORRU;14878,16048,16054,16270
CEEORRV;
CEEORRW;16494
CEEORSU;1943,7193,13772
CEEORSV;
CEEORTV;
CEEORTW;7459,16077,16494
CEEORTX;
CEEOTTT;5940,7241,7453,7810
CEEPPRT;2028
CEEPPRU;2028,6726,14779,15928,16343
CEEPRRU;16494
CEEPRSS;
CEEPRST;7437
CEEPRTX;
CEEPSTX;15222
CEEPSTY;15906,16049,16134
CEEPSUY;7323,7768,7790,14752,15305,15445,15477,16049,16354,16391,16500
CEERRSU;
CEERRSW;7236
CEERRUV;14853,16370
CEERSSS;13646,13694,13772,14870,16046,16055,16397
CEERSST;
CEERSSU;16010
CEERSTT;214,16455
CEERSUX;14761,16327
CEERTTU;14845,15955,16421,16491
CEESSTX;7518,15222,15426,15936,16291
CEESSUX;7282
CEETTUV;
CEFFHRU;
CEFFIOR;
CEFFIOS;7821
CEFFISU;7303
CEFFLOS;7821,7822,15990,15993
CEFFLSU;7303,16517
CEFFORS;
CEFFORT;
CEFFRSU;7828,13831
CEFFSTU;7303,13831,15479,16519
CEFGHIN;7308,7830,7833,14756,15996
CEFGIKN;1416,14756,14882
CEFGINN;14882,15995
CEFGIOT;7309,7820,7842,13833,16525
CEFHIIS;1344,1417,6769,15996,16514
CEFHILR;7831,15174,15308
CEFHILS;
CEFHILY;
CEFHINS;14684,15781,15996
CEFHINT;1714
CEFHIRY;
CEFHIST;
CEFHITT;
CEFHITW;
CEFHLTU;1418
CEFIILT;2045,7325,7326,7835,7859,7860,7862,7872
CEFIIOR;2050,7842,7876,7883,13832
CEFIITV;6771,7326,7862,15790,15791,16030,16545
CEFIKLR;7857
CEFIKLS;
CEFILNT;7325,7900,13748,14888,16536
CEFILNU;4580,7325,7900,15488,15794,15798,16536
CEFILRU;7876,7900,15798,16548
CEFIMOR;6785,15177,16528
CEFIMRY;16547
CEFINNO;14882,15779
CEFINOR;14756
CEFINST;16041
CEFIPSY;6021
CEFIRSS;2054,16012,16026,16034,16528
CEFIRTY;16030
CEFISSU;2060,6775,7877,7882,7910,13766,15314,16001,16034,16039,16528,16533,16550
CEFKLLO;
CEFKLOT;
CEFKLRY;
CEFKRSU;
CEFLNOU;4580,13830,16035
CEFLNTU;7872,7900,13830,14888,16536
CEFLNUY;7347,7900,14890,15178,16014,16040,16517,16536,16543,16546
CEFMORY;
CEFNORS;4579,6023,7854
CEFNORU;
CEFNOSS;1922,2059,6788,14552,14687,16033
CEFNOST;711,1719,2059,4509,6424,7339,7881,15228,16041
CEFNOSU;
CEFNOTU;7872
CEFOPRS;7350,7914
CEFORRS;
CEFORRT;2062,13765,16013,16548
CEFORSS;2054,7902
CEFORSU;7828
CEFOSSU;15778
CEFRSUW;7895,16556
CEFSSUU;16520,16557
CEGGHIR;16563
CEGGHRU;16563
CEGGIIS;6789,7923,7925,15180,16564
CEGGIKN;4582,16563
CEGGIOR;14893,16563
CEGGIOS;2070,7923,15810,16058
CEGGLOR;
CEGGLOS;7919,7923,15810
CEGGNOR;14893,16563,16569
CEGGORS;7193
CEGGPSU;
CEGHILN;14899,16576,16587,16591,16593
CEGHINO;4201,7960,7962,13635,13838,14899,16574,16586,16587,16602
CEGHINP;
CEGHINS;7819,7962,14899,16586,16603
CEGHINT;
CEGHINW;
CEGHIOR;4585,6796,7831,7939,7943,7944,7945,7989,7990,7991,7992
CEGHIOS;1423,1428,2083,4585,5918,6796,7945,7962,14899,16586,16587,16588
CEGHIRS;1423,1424,1428,2081,2082,4585,7368,7940,7956,7989,7992,16063,16608
CEGHIST;15180
CEGHITU;13559
CEGHLSU;
CEGHNOS;2072,7962,7996,14899,16574,16586,16587,16602,16603,16611
CEGHORU;2090
CEGHOST;2072,7996,8001
CEGHOSU;16602
CEGHRTU;
CEGIILN;5806,6036,7200,7952,15495,16616
CEGIINP;6036
CEGIKKN;500,4300,6030,16660
CEGIKNN;5916,7388,14882
CEGIKNP;612,6036,7175
CEGIKNR;
CEGIKRU;15518,16082,16563
CEGILLN;8006,13746,13751,15816,16002,16057
CEGILMP;1388,14898,16616
CEGILNP;612,2038,6036,16616
CEGILNR;16569,16591
CEGILNU;717,6046,7963,13848,15820
CEGILNW;
CEGILNY;1731,13836,15520,15521,16057,16671,16674
CEGIMNO;14900,16524
CEGIMNU;15820,16694
CEGINNR;
CEGINNS;
CEGINOR;
CEGINOS;
CEGINOZ;16616
CEGINPR;
CEGINRR;2139,8098,16709
CEGINRS;
CEGINRW;
CEGINRY;7934,16511
CEGINSS;16607
CEGINSU;16622,16707
CEGIORT;4601,7944,7991,7992,8024,8078,15326,16578,16595,16599,16644,16688
CEGIRRS;7436,8096,16063,16608,16697,16698
CEGKLNO;15820
CEGKLOR;6586
CEGLNOO;2148,7440,8129
CEGLOOY;6043,7929,8067,8138,14767,14910,16107,16715
CEGLOSU;13847,16639,16680,16683,16716
CEGLOSY;4585,6047,8030,8138,14767
CEGNNOO;15518,16719
CEGNOOS;7446,7937,8141,16124,16526,16582,16611
CEGNORS;
CEGNORU;2090,2151,4597,8100,13570
CEGNORY;224,2089,7382,7934,7946,8121,15530,15813,15829
CEGNOST;16716
CEGNRUY;7212,7850,15530,16593,16675
CEGNSSU;4586,7314,13714,13752,14697,16607,16715
CEGNSTY;8092,8135,8136,16643,16660
CEGOORS;14777,16124,16526,16609,16697,16716
CEGORRS;7937,7947,14777,15812,16124,16608,16609,16697
CEGORRY;6057,8121,15813,16080,16593,16605,16698
CEGORSU;
CEHHILS;6059,6061,8153,14918,15532,16127,16128,16571,16574,16724,16725,16731
CEHHIOO;13652,14917,16733
CEHHIRS;6059,14918,16731
CEHHIRT;6592,7944,16131,16729,16739
CEHHIST;15830,16128,16574
CEHHITU;8147
CEHHNSU;13774,14918,16731
CEHHOOS;7950,13851,16139,16744
CEHHOST;2072,8153,8159,8164,13642,14700,14921,15830,16126,16128,16574,16725,16727
CEHHSSU;2158,4608,16730,16731
CEHHSTU;
CEHIIKN;16757
CEHIIKS;
CEHIIKT;15542,16757
CEHIILS;1440,2166,4215,8189,16579,16725,16764
CEHIINR;4427,4520,6840,14780,15550,16576
CEHIINS;1440,4520,15532,15544,16160,16764
CEHIINT;16757
CEHIIPP;
CEHIIRT;
CEHIISV;15837
CEHIITT;16757,16759
CEHIKNT;15542,16757
CEHIKNW;
CEHIKOO;16757
CEHIKOR;13755,15542,16064,16563,16789
CEHIKOS;7962,13755
CEHIKPS;7962,8173,14535,15740,16789
CEHIKRR;8219,13755
CEHIKRS;13755,15740
CEHIKRT;15542
CEHIKRW;14691
CEHIKST;
CEHIKSY;
CEHIKTT;16757
CEHILLR;
CEHILMY;16154
CEHILNO;16180,16797
CEHILNS;13749
CEHILNT;16180,16729,16797,16798,16799
CEHILPR;15174,16154,16179,16796
CEHILPS;7500,15538
CEHILRT;8251,13569
CEHILRV;1722,6791
CEHILSS;4613,6061,6072,7941,8193,14607,15538,15561,15564,16766
CEHILST;
CEHILSU;2180,8248,16808
CEHILSZ;6061,6073,16587,16598
CEHILTY;
CEHILXY;1347,2188,7500,7977
CEHIMMO;14783,16191,16193,16812
CEHIMMS;
CEHIMNU;
CEHIMNY;1445,7504,8221,8225,13838,14701,16797,16818
CEHIMOR;231,1426
CEHIMOS;5918,16587
CEHIMOU;
CEHIMRS;
CEHIMRT;
CEHIMRU;8260
CEHIMST;
CEHIMSU;
CEHINNO;14638,14783,16563,16759,16777,16797
CEHINOP;5750
CEHINOR;
CEHINOT;14703,14783,15847,16791
CEHINOX;
CEHINPR;1450
CEHINPS;16160
CEHINPU;
CEHINQU;
CEHINRR;6865,6871,8218,16818,16825,16826
CEHINRS;15182
CEHINRT;
CEHINRW;7987,16605
CEHINSS;15809,16586,16607
CEHINST;
CEHINSU;14527
CEHINSV;7222,15848,16203,16824
CEHINSW;16803
CEHINSZ;13777,16133,16158,16582,16587
CEHINTW;
CEHIOPS;5932,7500
CEHIOPT;15355
CEHIOPU;
CEHIORR;6865,7939,7943,7990
CEHIORS;
CEHIORT;
CEHIOST;
CEHIOTU;7960,16171
CEHIOTV;
CEHIPPR;
CEHIPRR;234,2077,6794,6865,7943,7981,7990
CEHIPRS;
CEHIPRT;
CEHIPST;
CEHIQSU;
CEHIRRS;8219,13560
CEHIRRT;232,234
CEHIRST;
CEHIRSU;13560,14948,16063,16600,16786
CEHIRSZ;7229,16133
CEHIRTT;
CEHISSU;15853,16786
CEHISTT;
CEHISTW;
CEHISZZ;16587
CEHKKRU;
CEHKLMO;13643
CEHKLOS;13858,14637,15833
CEHKLSU;16135
CEHKNOU;14544,16171
CEHKNSU;
CEHKOOR;16789
CEHKORS;6462,13755,16221,16789
CEHKOST;
CEHKOSY;16788
CEHKPTU;
CEHKRSU;16221
CEHKRUY;6460
CEHKSTU;13860
CEHKSTY;
CEHKTVY;
CEHLLMO;
CEHLLMU;8224
CEHLLNS;1962,2180,4584,6065,6115,6792,7232,7964,8180,14933,15358,15543,16223,16749,16760,16792
CEHLLOY;1758,6848,6862,15558,16793,16795
CEHLLPU;6863,8228,8231,14923
CEHLLSY;4584,7378,7493,8181,8234,8289,15855,16223
CEHLMOR;8238,15482,15559,15560,16179,16225,16227,16530,16531,16723,16729,16796
CEHLMSS;6850,15561,16730
CEHLMSU;6019,15360
CEHLMSZ;16587
CEHLMUY;
CEHLNNU;677,715,4524,4621,6573,8224
CEHLNOS;14920,16609
CEHLNOT;2213,16729,16797,16798,16799
CEHLNRU;13569
CEHLNRY;6062,7458,8229,16014,16593
CEHLNSU;16764
CEHLNSY;4584,7378,13749,16223
CEHLNTY;1465,7458,13836,16797,16798,16799
CEHLOOS;16529
CEHLORS;
CEHLORT;
CEHLORU;14779,16225,16531,16807,16809
CEHLOST;14637,16579,16596,16725
CEHLPPS;8189,16810
CEHLPSS;14607,14950,16597,16794
CEHLPSU;4521,8195,15566,16810,16843
CEHLQSU;2195,16764,16805
CEHLRRU;1418,7214,8244,16531,16593,16809
CEHLRSU;
CEHMNRU;
CEHMNSU;4399,13687
CEHMNSY;5951,6115,6883,14709,16845
CEHMOOR;6872,8238,14934,15482,15559,15560,16530,16733,16743,16775
CEHMOOS;16196,16736,16769,16846
CEHMOPR;231,6872,7452,16227,16770
CEHMORS;4200,6883
CEHMORU;8169,16013,16225,16770
CEHMOSS;1438,8285,8303,15835,16240
CEHMOSU;
CEHMOTZ;16820
CEHMRTU;16013,16225
CEHMSTU;
CEHNNRU;7197,14638,16563
CEHNOOP;722,2089,6106,7544,7983,8156,8294,16722,16757,16798
CEHNOOR;722,739,2089,6032,6402,6464,7544,8294,15834,16141,16722
CEHNOOT;739,2214,4606,6089,6090,8156,8294,8301,13652,14936,15186,15834,16141,16757,16797,16798
CEHNORT;
CEHNORV;6032,16576
CEHNOST;13687,14703,15747,15847
CEHNOSU;8302,13687,14527,14883,16600,16850
CEHNPRU;14955,16851
CEHNPST;1968,6435,15863
CEHNPSU;
CEHNRRU;16831,16851
CEHNRSU;
CEHNRTU;
CEHNSTU;
CEHNSTY;14643,14930
CEHNSUU;7819
CEHNTUY;8209
CEHOOPS;6111,6123,7950,7997,8210,8298,13850,14915,14946,16610,16789,16837,16846,16853
CEHOORS;7950
CEHOORT;739,2214,6116,8172,8294,8301,14936,15834,15864,16141,16741,16743,16775
CEHOOSS;8000,13784,15778
CEHOOSY;6123,8298,8304,8314,14643,14952,14957,15188,16196,16238,16596,16603,16610,16611,16820,16853,16854
CEHOOTU;8169,8294,14936,14952,15186,16225,16765,16807,16831
CEHOPPR;14779
CEHOPRS;
CEHOPRT;1761,2092,7233,14796,14955,15864
CEHOPRY;738,1466,6842,16722,16770,16796
CEHOPST;14915,16846
CEHOPSU;14698,16843,16850,16853
CEHORRT;622,1470,2092,16743
CEHORSS;16748
CEHORST;
CEHORSU;16221
CEHORSY;621,1753,4339,4525,4585,6883,7945,13854,14643,14708,14928,15188,16071,16080,16238,16820,16829
CEHORSZ;16133
CEHORTU;16225
CEHORTW;7459,16077,16605
CEHORUV;
CEHOSSU;5702,7920,15778
CEHOSSW;
CEHOSTU;
CEHOSUV;
CEHPRSU;16789,16843,16853
CEHPRSY;733,2208,7368,8289,8316,16134
CEHPRTU;14955,16225,16851
CEHPSSY;6108,6606,6867,7920,8000,8206,8245,8300,8303,14607,14950,14957,15549,15855,16610,16745,16748,16841,16853
CEHQSTU;
CEHRRSU;13560,13745,16063,16080,16221,16854
CEHRSSU;13783,16730
CEHRSTT;
CEHRSTY;14643,14708,16238
CEHSSTU;
CEHSSTY;6616,8000
CEIIJRU;6917,8321,8358,15580
CEIIKKR;6135,8359
CEIIKLS;14896,16880
CEIIKMS;6135,16149
CEIIKNS;6037,6135,8322
CEIIKNT;15542,16267,16627
CEIIKPR;16575
CEIIKQU;
CEIIKRT;8359
CEIIKSS;
CEIIKST;
CEIIKSW;6037,16575
CEIILLS;745,1773,4310,4631,8361,16084
CEIILNN;4508,6145,15816,16536,16876,16886
CEIILNP;2234,6036,7200,8329,13724
CEIILPP;742,2074,7471,16154
CEIILPT;16269,16863,16886
CEIILST;13785,13843,13874,16612,16645,16859
CEIILTV;1478,2042,6126,6148,7326,7585,7862,8048,8421,14802,14963,14964,14965,14969,15867,15869,16083,16876
CEIIMMT;2103,2105,6901,8147,8433,8434,14925,15506,16646,16906
CEIIMNR;6810,8380,14900,15601,15870,16087,16253,16278,16298,16301,16646,16867
CEIIMNS;13648,14886,16149,16303
CEIIMOT;6172,6596,6771,6901,16775
CEIIMPR;6810,16770,16890,16893,16906
CEIIMPS;727,5721,6146,8328,14886,16860
CEIIMRS;14885
CEIIMRV;14808,15593,15791,15873,16311,16313,16861,16890,16913
CEIIMSS;14806,16023,16279,16303
CEIIMST;13785,16612
CEIIMTT;1977,15506,15748,16274,16304,16573,16612,16617,16726,16769,16773,16892
CEIINNO;4641
CEIINNR;7922,15223,15309,15749
CEIINOR;4589,6467,6513,6840,13721,13844
CEIINOS;16126
CEIINOV;8008
CEIINOZ;2045,4589,4593,4641,7589,7613,7927,8402,16616,16873
CEIINPS;16160
CEIINRS;
CEIINRT;
CEIINRZ;2101,4589,7589,8039,8043,8402,16327,16873
CEIINSS;
CEIINST;
CEIINSU;757,6941,13648,13723,13756,15327,15546,15581,15591
CEIINTZ;16614,16873
CEIIOPZ;2169,7589,16616,16621
CEIIPPR;1786,1985,6180,8485,15226,15792,15873,16334,16335,16933
CEIIPRR;6152,6157,8473,8485,16259,16917,16924
CEIIPRS;
CEIIPRT;1985,15873
CEIIPST;
CEIIRSS;7449
CEIIRST;
CEIIRSU;
CEIIRUZ;7584,8039
CEIISSS;6060,6559,6961,8457,13694,15514,15616,16768,16786
CEIISVV;
CEIITUV;2238,2248,7326,7862,7865,7876,7892,7960,8063,8376,8421,8468,8470,13788,13789,13867,13870,13871,13876,15593,16330,16858,16861,16890,16924,16930,16935
CEIJKOR;
CEIJNST;7630
CEIJRSU;
CEIJSTU;
CEIKKNR;
CEIKKRS;5964
CEIKLMR;6976,16343
CEIKLMS;8489
CEIKLNR;
CEIKLNS;
CEIKLOW;
CEIKLPR;
CEIKLPS;6666,6891,6918
CEIKLPU;16269
CEIKLRS;
CEIKLRT;
CEIKLRU;
CEIKLSS;
CEIKLST;16172
CEIKLSU;4595
CEIKLSY;14719,16880,16937
CEIKMRS;
CEIKMRU;6976,16343,16344
CEIKMRY;16788
CEIKMST;
CEIKMSY;8489,16788
CEIKNOR;8359,14823,15542,15887
CEIKNOT;
CEIKNPY;
CEIKNQU;
CEIKNRS;
CEIKNSS;
CEIKNST;
CEIKNSW;2115,4645
CEIKOOS;4448,6666,6668,6919,8361,15404,15516,16664,16880,16937,16938
CEIKOPR;6185,15886,15887,16344,16789
CEIKOPS;14988,16789
CEIKORR;16270
CEIKORT;8359,15542
CEIKOST;16937
CEIKOTT;14989
CEIKPRR;
CEIKPRS;16789
CEIKPRT;6185
CEIKPRY;
CEIKPST;2117
CEIKQRU;
CEIKRRS;8219
CEIKRRT;
CEIKRSS;
CEIKRST;
CEIKRSU;
CEIKRSW;4448,4645,8490
CEIKRSY;
CEIKRTU;6976
CEIKRTY;8359,15542,16660,16788
CEIKRUY;6460,16882
CEIKSST;
CEIKSTT;
CEIKSTW;
CEIKSTY;16880
CEILLMS;14645,14963,16547,16749,16860,16945,16946
CEILLNO;2267,5832,6187,8494,8496,8498,16351,16793
CEILLNU;154,557,765,2276,4596,4651,5967,7650,8224,8367,8503,15406,15794,16546
CEILLOR;14720,14766,15840,16275,16548
CEILLOS;14767,14963,14964,16084,16633
CEILLST;6191,6980,13649,15891,16669,16943,16949
CEILLSU;2128,2129,2180,2281,7492,7650,7895,8509,8523,13797,13798,13880,16177,16792,16949
CEILMOP;8150
CEILMOT;1358,1488,1796,8150,8238,14934,16670
CEILMPR;240,5970,16154
CEILMSU;15374
CEILNNU;6442,7963,8039,8513,13848,15488,15503,15594,16286,16536,16667,16675,16678,16876
CEILNOP;
CEILNOS;
CEILNOT;242,1649,1724
CEILNOX;242,7675,14651
CEILNPS;
CEILNST;16856
CEILNSU;
CEILNTU;7325,14653,16536,16876
CEILOOS;239,4653,4660,8583,8585,13880,14992,15001,15516,15903,16293,16937
CEILOOT;239,4601,4653,4660,6089,6199,6200,6202,6816,6931,8078,8154,8237,8238,8247,8555,8583,8585,14805,14934,14967,14989,14995,15625,16269,16379,16549,16670,16797,16937
CEILOPR;14620,15174
CEILOPS;7415,7500,15903
CEILOPT;
CEILORS;16533,16535
CEILORT;14720
CEILORU;783,2125,7869,7876,8047,8231,8358,13550,13884,13885,16533,16675,16970
CEILOSS;13879
CEILOST;13852
CEILOTT;2132,2293,8048,8155,13881,14558,14965,14989,16274,16276,16759
CEILPPR;8251,15905,16154,16343
CEILPRS;16859
CEILPSS;14992,16597,16954,16955
CEILPSU;13798,13880
CEILPSV;7253,7690,15382,15906
CEILPTU;
CEILQSU;2195,8420,8589,8593,16683,16805,16808
CEILQUY;8589,16352,16675,16808,16882,16970
CEILRRU;7412,8513,13886,16277,16286,16370,16593,16902
CEILRSS;15113,16533,16730
CEILRST;
CEILRSU;15113
CEILRSV;14997,16661
CEILRSY;773,2190,6475,7637,8576,13565,16547,16962
CEILRTT;13886,14966,14972,16893
CEILRTU;13884,13886,14972,16970
CEILSSS;14846,15733,16731
CEILSSU;4192,13719,15113,15596,16881
CEILSTU;8585
CEILTTU;5972,7304,7635,8369,13886,14558,14845,14966,14972,14989,16809,16893,16961
CEIMMOS;14847,16394
CEIMMRR;2139,8098,16812
CEIMMRU;7711
CEIMNNO;14726,14848
CEIMNOR;
CEIMNOS;
CEIMNOT;14783,14848
CEIMNRS;15734,15757
CEIMNRU;14549,16343
CEIMNYZ;8608
CEIMOOR;4648,6785,6872,7013,7405,8238,8454,13835,14934,14967,14995,15177,15559,15560,15625,16366,16408,16549,16733,16978,16988
CEIMOPR;16770
CEIMOPT;
CEIMOQU;
CEIMORR;2139,5688,6168,8098,8539,13835
CEIMORT;
CEIMORW;237
CEIMOSX;2241,2288,15569,16020,16888
CEIMOTT;2085,7982,8553,13799,13881,14854,15913,15914,16274,16401,16617,16694,16726,16736,16737,16867,16892
CEIMOTV;1812,6148,6529,6771,7515,7656,7880,7979,14848,15005,16401,16565
CEIMOTX;
CEIMOUZ;
CEIMPRR;
CEIMPRS;16194
CEIMPRU;1460,7711
CEIMPSU;8328,15374,15427,16860
CEIMRST;14553
CEIMRSU;
CEIMSSU;13867
CEINNOS;
CEINNOV;8008
CEINNST;13888,14560,15638,16938
CEINOOT;756,4606,6089,6958,7017,13652,15186,16659
CEINOPR;
CEINOPT;
CEINORR;2139,2272,6152,6168,8513,8539,13841,13844
CEINORS;
CEINORT;
CEINORU;
CEINORV;
CEINORY;1496,4347,6563,7638,7894,7934,8121,8229,8359,8576,8625,13801,14999,16183,16541,16660,16770,16928,16962,16983
CEINOSS;
CEINOST;
CEINOSV;15848,16942
CEINOTT;15506,15633,16274,16276,16617,16623,16759
CEINOTX;14651
CEINOUV;7960,8063,8468,8470,13876,15005,15919,16924
CEINOVV;16119
CEINPRS;
CEINPRY;6178,7703,15239,16917
CEINPST;
CEINPTY;1794,2276,6178,8451,16289,16541,16862,16917
CEINQSU;692,1683,6829,7254,15896,16683
CEINRRU;14549,14853,15005,16386,16924,16961
CEINRSS;
CEINRST;
CEINRSV;7266,15758
CEINRSW;4645,7720,15912,15933,16441
CEINRTT;
CEINRUV;13876,16420,16924
CEINSST;
CEINSSU;14865,16435,16607
CEINSTU;
CEINSTY;
CEINSWY;
CEINTTX;16623
CEINVVY;14741,14821,14969,15583,16947
CEIOOPR;6785,6872,7683,15174,15558,16366,16733,17006
CEIOORS;2334,8127,16408,16446
CEIOOST;4660,6668,6919,8127,8248,15013,15851,16446,16937
CEIOPPR;1786,8126
CEIOPPS;8111,16620,16621
CEIOPRS;
CEIOPRT;
CEIOPST;
CEIOPSU;13798,13880
CEIOPSW;
CEIORRS;
CEIORRU;8513,8539
CEIORRZ;6705,7984,15800
CEIORSS;
CEIORST;
CEIORSU;147,732,2125,13550
CEIORSV;14997
CEIORSW;7895,13548
CEIORSZ;16429,17008
CEIORTT;8651,16878
CEIORTV;7889,16878
CEIORTW;7987,16077
CEIORTX;1655,2126,14651
CEIORVY;1496,1514,4639,7889,8121,8487,8656,15632,16337,16388,16878,16972
CEIOSSS;13793,13892,15013,15445,16262,16786
CEIOSST;
CEIOSSU;15398,15616
CEIOSSV;6915,13866,13869,13879
CEIOSTT;16736,16737
CEIOSTV;
CEIOSTW;
CEIOSTX;16633,16645
CEIOSTY;7753,8585,13852,13854,15003,15013,16534,16545,16808,16892,16937,16946
CEIOSTZ;6073,7994,8448,8478,13787,14784,14941,15548,15599,16619,16820,16968,17008
CEIOSZZ;16587
CEIOTTY;5979,6215,7027,7753,7982,8048,8164,8487,13881,14558,14827,14843,14845,14854,14947,14965,14980,14989,15008,15571,15574,15620,16192,16193,16388,16617,16623,16658,16677,16808,16878,16892,16928,16958
CEIPPRS;15603
CEIPPRU;6726,7689,8591,15928,15939,16343,16714,16810
CEIPPST;15006
CEIPQTU;8568,16970
CEIPRRS;
CEIPRSS;
CEIPRST;
CEIPRSU;
CEIPRSY;733,4216,6180,8423
CEIPRTU;1460,7345,7711,7865,16259,16420
CEIPRTY;15241,16134,16216,16289,16337,16388,16541,16657,16682,16686,16878
CEIPRXY;7977,15241
CEIPSSS;14733,14976,15259,15445,15939,16204,16209,16954
CEIPSST;
CEIQRSU;16683,16805
CEIRRRU;6163
CEIRRSU;
CEIRRTT;13886,14947,14972,16191,16418,16421,16809,16819,16902,16961,16997
CEIRRTU;13886,14972,16902
CEIRRTX;
CEIRRUV;6945,7004,7029,7271,7892,14853,15005,16370,16902
CEIRSSU;16730
CEIRSSV;
CEIRSTT;
CEIRSTU;
CEIRSTW;15933,16934
CEIRSUV;
CEIRSUY;8423,8576,13565,15603,15628,16698,16962
CEIRSUZ;13808
CEIRTTU;13886,14972,16893
CEIRTTX;6784
CEISSSU;16292
CEISSTU;
CEISTTU;13870,13871,13889,15008,15011,16935,17003
CEISUZZ;
CEJKNOY;
CEJKOSY;13575
CEJNOOS;
CEJNORU;
CEJNOSU;
CEJOORS;
CEJOPRT;16878
CEKKLNU;
CEKKNOR;8359
CEKKOPS;16341
CEKLLOP;7039
CEKLLRY;16523
CEKLMNO;2262,15820
CEKLMRU;6976,16343,16344
CEKLMSU;
CEKLNOS;1515,13818,15833,16031
CEKLNRU;4559
CEKLORS;
CEKLOST;8490,14637
CEKLOTY;
CEKLPRU;
CEKLPSU;
CEKLRSU;
CEKLRTU;
CEKLSSU;16454,16937
CEKMNOS;4462
CEKMNOY;8660
CEKMNRU;16343
CEKMORS;
CEKMORY;8660,16788
CEKMRSU;6462
CEKNNSU;8128,13818
CEKNOOV;
CEKNORR;4430,15648
CEKNORS;14823,14870,14909,14988
CEKNORT;8359,15542
CEKNOST;
CEKNRWY;
CEKNSSU;16452
CEKOOPR;
CEKOOPW;7039
CEKOORR;
CEKOORS;8361
CEKOORY;13575
CEKOOSY;13575,16453,16454,16880,16937
CEKOPRR;
CEKOPST;
CEKORRS;14685,15648,16221
CEKORRY;
CEKORST;
CEKORTW;
CEKOSST;
CEKPRSU;16789
CEKPRSY;8489
CEKPRUY;
CEKRRTU;16013
CEKRSSU;15200
CEKRSTU;
CEKRSUY;16882
CEKSSTU;13576,14949,16454
CEKSTTU;14562,16135
CELLMOU;6471,15625,16941
CELLNOO;697,4603,8129,8498,8663,15016,15189,16793
CELLORS;
CELLOST;15543,16033,16633,16760,16943,17012,17013
CELLOSU;13798,13880,16792
CELLOSY;1515,1826,4678,6047,6737,6925,7042,7757,7762,7763,7894,8071,13577,13880,14767,14887,14991,15202,16534,16547,16884,16945,16946,16947
CELLRRU;2061,2344,4680,7041,8504,8513,8669,16548
CELLRSU;2128,7650,16885
CELLRUY;2279,2280,4337,4680,6927,7041,7653,7769,7967
CELLSSU;14891
CELLSTU;16669,16885,16949,17013
CELMMSU;1473,8378,13822,15956
CELMNOO;5729,7771,8495
CELMNSU;
CELMOOS;239,1491,2120,4653,6147,8069,8548,13895,17012
CELMOPS;6232,17012
CELMOPX;8150
CELMORS;13550,13822,15454,16535
CELMORT;1358,1488,1796,2149,7913,8131,8238,8529,14934,15955,16460,16729,16741,17016
CELMPRU;
CELMPTU;6233,7776
CELMSSU;
CELMSUU;14885
CELMSUY;8672,13822,16892,16945,16946
CELMTUU;
CELNNOU;4499,4559,4580,6233,7771,7772,8513,8539,13848,15017,16035,16667,16675
CELNNSU;6236,8681
CELNOOR;6237,7544
CELNOOS;16453
CELNORS;16555,16557
CELNOSU;
CELNOTU;13830,15017
CELNRSU;16555
CELNRTU;70,13830,15187
CELNSUU;2353,8137,14892,15489
CELNSUW;7852,8128,13897,16556,16716
CELOOPR;2148,6116,6237,7544,15174,15651
CELOORR;4217,15482,16460,16530
CELOORS;794,1516,6231,8138
CELOOST;16050,16137,16226,16371,16379,16456,16469,17012,17014,17017
CELOPPS;7349,7781,7788,15948,16471
CELOPRU;15651,16890,16972
CELOPSU;13798,13880,16792
CELOPTU;
CELOQSU;15859,16462,16683,16805,16808
CELORRU;6745,8513,8669,15017,16593
CELORSS;
CELORST;17017
CELORSU;13550
CELORSV;6240,8680,14997,15900
CELORSW;7895
CELORSY;14999,16547
CELORTT;565,2149,5851,7913,15766,15959,16460
CELORTU;13830,16048
CELORVY;1496,1831,6240,7902
CELOSST;14699,16459
CELOSSU;
CELOSSX;799,7282,8300
CELOSTY;13852,15003,16462,16534,16643,16673,16677,16725,16760,16808,16884,16892,16946,16958,16965
CELOSUV;16552
CELOTTU;253,14558,14989,15856
CELPRSU;
CELPSUU;8195,8561
CELPSUY;13880,16945
CELRRSU;
CELRSSY;16391,16730
CELRSTU;
CELRSTY;6475,7873,8092,8399,8428
CELRSUV;14997
CELRSUW;2024,4617,6880,7895,8299,8659,8689,13897,16556,16716
CELRTTU;14966,14972,16893
CELRTUU;2061,5998,7777,13830,13884,13886,14972,16548,16809,17016
CELRTUV;15593,15632,16370,16861,16972
CELRTUY;4680,4684,7967
CELSTTU;
CEMMNOT;1944,8292,14746,14783,15506,15633,16646
CEMMNOU;
CEMMOOT;7008,8292,8495,8596,8690,13821,15633,16670,16743
CEMMOOV;
CEMMORS;2140,8166,8692
CEMMOTU;16670
CEMMRSU;
CEMNNOT;1944,6233,7771,14726,14746,14783,14848,14850,16797
CEMNOOP;2148,4463,5729,14563,14849,14886,16978
CEMNOOS;14563,17028
CEMNOOY;
CEMNOSU;6004,13641,13899,14563,15968,16053,16304,16772,17028
CEMNRSU;58
CEMNRTU;1644,14549,14888,14966,16906,17016
CEMNSTU;4399,13899,15968,17028
CEMOOPS;14563,14849,14886
CEMOOPT;
CEMOOTU;8169,15169,15625,16054,16549,16694,17027
CEMOPRS;
CEMOPRT;
CEMOPST;8104
CEMOPSU;6004,13826,14563
CEMOPTU;6233,16694
CEMORRS;1763,13826,15862,15972,16016,16080,16139,16226,16237,16744,16849,17012
CEMORSS;15958
CEMOSSU;13819
CEMOSSY;2153,8263,8308,14871
CEMOSTU;13641,15968,16053,16304,16772
CEMPRRU;6734,7777,8697
CEMPRTU;1460,7711
CEMRRUY;6053,8394,16080,16698
CEMRSTU;14553
CEMSSUU;5797,13900
CEMSTTU;4568,7903,8108,8391,8509,8553,8617,8618,15914,15956,16762,16892,17028
CENNOOR;6244,7712,8701,14823,14858,16491,16559,16637,16719
CENNOOS;6023,8701,16973
CENNOOT;5726,6167,7771,16491,16719,16797
CENNORS;4620,8701,16555
CENNOST;16829
CENNOTT;15633,15856,16276,16401,16418,16491,16560,16759
CENNOTV;
CENNRSU;4328,6236,8674,8702,15638,15804
CENOOPS;1523,6479,14563,14849,14886,17028
CENOORR;6057,6246,14657,15535,16141,16722
CENOORS;16492
CENOORT;16141,16719
CENOOSS;7805,8701,15470,16498,16721,17024
CENOPRS;15536,15948,16492
CENOPRU;2090,4570,4688,5730,6626,6627,8625,14955,15609,15643,16494,16906,16924
CENOPSU;14563
CENOPSY;1523,2285,8161,14937
CENOPTU;4570,4688,7764,16494,16561
CENOPTY;1370,7946,16375,16541,16917
CENOQRU;
CENORRS;2349
CENORRW;13844,16494,16605
CENORSS;17025
CENORST;
CENORSU;
CENORTT;
CENORTU;
CENORTV;2362,16457
CENORTW;7987,16077,16494,16605,17027
CENORUV;2362,13876,15005,15622,15643,16924
CENOSSY;14695,15811,16217,16245
CENOSTT;16453
CENOSTU;13641,15968
CENOSTV;15965,16498
CENOSVY;2363,16928
CENOTTX;16623
CENPRTY;1370,6178,16289,16541,16657,16682,16686,16917
CENPTUX;
CENRRTU;70,14549,14853,15784,16259,16386
CENRSSY;1524,8303,13815,14820,14836,14957,16245,16428
CENRSTU;
CENRSUU;2064,8649
CENRSUW;7059,13897,15648,15657,16441,16556,16716,17010
CENRTUY;16467
CENSSTY;2153,6238,8710,14658,16245
CEOOPRS;7950
CEOOPRY;2089,6116,6237,7951,8133,8168,8172,15651,16682,16722,16732,16853,16970
CEOORSS;15470,17024
CEOORST;794,4691
CEOORSV;
CEOORTU;8169,14936,15625,16719,17027
CEOORTW;16494,17027
CEOORVY;16545
CEOOSTY;4678,6249,7780,8314,8585,13575,14643,14873,15003,16454,16490,16545,16880,16937
CEOPPRR;640,1786,16709
CEOPPRS;15948
CEOPPRU;6726,14779
CEOPPRY;2336,6237
CEOPRRS;15534,16744
CEOPRRT;16561
CEOPRRU;2090,4570,4688,16494,16851
CEOPRSS;16140
CEOPRST;17013
CEOPRSU;
CEOPRTT;14843,16306,16316,16878
CEOPRUU;13884,14955,15643,15656
CEOPRUV;16890
CEOPSTY;5819,16986,17013
CEOQRTU;8486
CEOQSTU;
CEORRSS;13861
CEORRST;
CEORRSU;
CEORRSW;8659
CEORRSY;621,4339,8671,15534,15988,16080,16698,16825,16826,16853
CEORRSZ;
CEORRTU;
CEORRTY;622,6057,8232,14796,14947,15951,15962,16141,16743
CEORSSS;13646,15229,15946
CEORSST;
CEORSSU;
CEORSSW;
CEORSSY;7945,13829,13892,16245,16428,16439,16486,16748,16840,16853
CEORSTT;
CEORSTU;
CEORSTV;
CEORTUU;4659,7447,8486,13884,17016
CEORTUV;7876,13876,15005,15622
CEOSSST;14973,15641,16868,16990
CEOSSSU;2345,6723,8137,8641,15305,15398,15445,15473,15616,16435
CEOSSSY;6788,6824,8308,8671,13829,13892,15305,15445,16990
CEOSTTT;
CEOSTTU;
CEPPRRU;
CEPPRSU;15603
CEPRRSU;
CEPRSSU;
CEPRSSY;13882,16745,16748,16840,16841
CEPRSTU;
CEPRSTY;6180,8316,15906,16049,17013
CEPRSUW;
CEPRUUV;15949,15979,16420
CEPSSTU;
CERRSSU;4682,8662
CERRSSY;4578,7740,8671,13861,14752,16245,16439,16721,16825,16853
CERSSSU;15776
CERSSTU;
CERSSUZ;2307,2332
CERSTTU;14562,16562
CERSTUV;2034
CERSTUY;8316
CESSUZZ;16607
CFFFKOU;
CFFGINO;
CFFGINU;7301
CFFHINO;
CFFIIRT;4506,7823,7826
CFFIKKO;
CFFIKOP;
CFFILSS;7062,7302,7825,7827,8718
CFFINOS;1836
CFFINSU;
CFFKOOO;
CFFMOSU;
CFFNSUU;7819,13831,16518
CFFOSTU;13831,16519,16520
CFFRSSU;17035
CFFRSUY;
CFGIINO;2373,6257,8728,13833,15028,15660,16522,17040,17041
CFGIKNU;
CFGINOR;7308,8724,15029,17036
CFHILYY;
CFHIMYY;
CFHINSU;15029,17039
CFHIOSW;
CFHIRST;2376,15786,17039,17051,17052
CFHORTU;16013
CFIIIMR;2387
CFIIIVV;7324,8748
CFIIKNY;16523,17037
CFIILNT;1838,2369,2378,2385,7325,7835,16536
CFIIMNO;7068,8741,8746,15661,15663,17058
CFIIMOT;2370,2392,5808,6022,6771,7068,8741,8746
CFIIMRY;4696,7070,15663,17058
CFIINOT;2370,2389,5857,6261,6262,7067,7068,8741,8746,8747,8748,8753,13833,15028,17041
CFIINOY;6262,8752,8758,13833,13904,15663,16541,16543,17046,17058
CFIINYZ;
CFIIOSS;2047,2386,7302,7891,8718,8756,14552,15664,16023,16025,16522,17059
CFIKNNO;14882
CFIKOSS;
CFIKTUW;
CFILMOY;4696,15663,16547,17047
CFILORS;7869,7895,7902,8765,8780,13903,15034,15035,15799,16533,17044,17052,17060
CFILORU;811,2397,7869,7876,8779,8780,13905,15035,15662,16533,16548,17051,17060
CFIMNOR;8724,15663
CFIMOST;2392,2410,8781
CFINORY;6268,6563,7894,8738,8764,13904,15663,16541,17046
CFINOST;16041,17052
CFIORST;1531,1533,2366,2412,2413,16545,17052,17062
CFIORSY;2413,6268,7894,7902,16545,16547
CFIRSTU;17051,17062
CFISSTU;2060,4699,7882,7910,8717,8723,13766,15664,15665,16001,16550,17059
CFKLLOU;
CFKNORU;
CFKOTTU;
CFKPSUU;
CFLMRUU;259
CFLNORY;13904,15663,16541
CFLNOUX;
CFLNOUY;8720,14890,15178,16040,16543
CFLOOPW;
CFLOPRU;
CFLPSUU;16553
CFMNOOR;16560
CFMNOUY;17061
CFMOORT;7070,7913,16560
CFNORTU;813,17061
CFOSSTU;2060,4699,7910,8717,8723,15664,15665,16550,17059
CFOSSUU;16520,16557,17060
CGGGINO;7071,8792
CGGIINR;2416,8796,17064
CGGORSY;
CGHHOSU;
CGHIILM;1421,8826,15205,17075
CGHIIMN;15205
CGHIINN;15205,15659,17071,17073
CGHIINR;14662
CGHIINT;1541
CGHIINV;16576,16583
CGHIKNO;
CGHIKNU;4709
CGHILPY;714,1544,6282,7968,7974,8826,8845,14898,17069,17088
CGHILTY;714,1544,7967,7974,8826,8830,8851,15037,15669,16067,16599,17069
CGHIMNO;2417,4201,16587,17075
CGHINNO;13838,15659,17073
CGHINOR;
CGHINOS;16587,17085
CGHINOU;7963
CGHINOW;7071,7079,7987,8726,8839,13908,15042,16077,16605
CGHINRU;
CGHINSU;7819
CGHINTU;
CGHIOST;6274,8858,17085
CGHIOSY;4585,6274,7945,8811,8858,16071,17081,17088,17095
CGHLNOS;7996,15666,16587,16609,17072
CGHLOSU;2452,4710
CGHOORT;1840,2450,2453,7998,8808,8810,8860,13908,15042,16070,17076,17077,17083
CGHORUY;4710,16080
CGIIJNU;1656,6483
CGIIKKN;1547,5732,6036,17042
CGIIKLN;820,4207
CGIIKMM;
CGIIKNN;
CGIIKNP;1547,4701
CGIIKNR;
CGIIKNS;4705,13906
CGIIKNT;
CGIIKNW;
CGIILLO;2415,2466,6275,6292,6293,8888,8890,16631,17108
CGIILNO;13910,14663,14664,14665,15044,15666,15667,16643,17073,17075,17076,17108
CGIILNP;7200
CGIILNS;17044
CGIIMNN;5907,15205,16087
CGIIMNR;14537,14564,14900,15030,15044,15046,15509,16087
CGIINNO;
CGIINNR;4331,15818,16087,16093,16094,16095,16654,16655,17070,17071,17072,17073,17074,17084
CGIINNW;
CGIINNZ;4593,7922,7955,8038,8039,8832,14895,16614,16655,17071
CGIINOR;648,4589,13844,13910,15044,15047,15509
CGIINOV;
CGIINPR;8875,17046,17124
CGIINPS;15680,17102,17120
CGIINRT;
CGIINSS;1542,8734,8833,13906,17102
CGIKLNO;15820
CGIKLNU;15820
CGIKMNO;15820
CGIKMNU;4709,6298,15820
CGIKNNO;7388,14882,16586
CGIKNOO;16659
CGIKNOP;4471,4718,4719,4720,8839,16101,17038
CGIKNOR;
CGIKNOS;6290
CGIKNOT;4718,16659
CGIKNOW;
CGIKNOY;13635,14882,16660
CGIKNPU;
CGIKNRU;16082
CGIKNSU;
CGIKNTU;4709,16659
CGIKNUY;16659
CGILLNO;6275,8842,17126,17128
CGILLNU;4596,4708,17127
CGILMNU;13848,15820
CGILMNY;1731,7088,8826,15520
CGILNNO;6286,8895,16667,17073
CGILNNU;13842,15995,16004,16667
CGILNOO;2436,6275,6301,8822
CGILNOS;17044
CGILNOT;15052,15053,15521,16627,16636,16682,17048,17098,17126
CGILNOW;8075,8726,13908,14663
CGILNOY;1731,8930,13910,16674
CGILNPY;8826,8930,16638
CGILNRU;
CGILNSY;8733,8899,8900,8930,13579,17115,17132
CGILOOO;6822,13912
CGILORW;8075,8726,13908,14663
CGILOTT;831,8048,8095
CGILPSU;2128
CGILPTU;8928
CGILPTY;714,1544,8826,15334,16599,16686
CGIMMNU;6298,15046
CGIMNOO;13914,15044,15047,15206,15661,16694
CGIMNOP;15047,17137
CGIMNOR;14900,15044,15047,15053,15335,17137
CGIMNOS;
CGINNNO;8903,15038,15041,17049
CGINNNU;15038,17049
CGINNOP;16109,16110,16114,16115
CGINNOR;15038,17073
CGINNOS;
CGINNPU;15511,15512,16708
CGINNSY;8942,17115
CGINOOP;15047,17046
CGINOOS;7090,16526
CGINOPP;4720,8062,8111,16620,16621
CGINOPS;2070,4720,8062,16101,16620,16621,17085
CGINOPU;
CGINOPW;8839
CGINOPY;15047,17046,17064,17093
CGINORS;
CGINORU;8100
CGINORW;8726,13908
CGINORY;13656,13910,13920,15047,15053,15054,16660,17046,17064
CGINOSS;
CGINOST;15052
CGINOSU;8906
CGINOSV;2504,6050,7090
CGINOSW;2482,6290,15687
CGINOSY;7424,16660,17132
CGINOTT;6814,8020,8097,13915,15055,15056,16075,16617,16623,16658,16694,17096
CGINOYZ;
CGINPPU;14914,16696,16714
CGINRRU;1550,15046
CGINRSU;
CGINRSY;2486,4713,4721,13579,17084,17115,17125
CGINRTU;
CGINRUV;4596,13570,16526
CGINSSU;16607,17102,17131
CGINTTU;4709,7301,8055,16694
CGIOOOS;8804,13916,13919,15685,16588,16697,17094,17118
CGIOOST;2487,6306,8800,8857,8858,8885,8940,17113,17134
CGIOTYZ;
CGKLNOU;15820
CGLLOSY;2488,4722,6047,8030,8071,8883,8945,14767
CGLLSYY;2493
CGLNOSU;16009,16716
CGLOOSU;2133,2452,2495,2507,4710,7416,8138,8897,8929,14911,16716,17113,17131,17132
CGNOOSU;2133,2505,6458,8897,14911,16526,16716,17131,17136
CGOORRW;
CHHIIKS;4705,8793,13906
CHHIKOR;
CHHINOR;2514,6270,6310,7093,7094,7095,7452,8807,8808,14667,15038,15691,16133,16729,17150,17152
CHHINTU;2375,6311
CHHIRST;273,6274,7097,8964,8966,8967,17148
CHHISST;274,8968,14916,15693
CHHISTY;6274,6312,7097,8950,8953,8954,15060,15061,15062,16134,16725,16737
CHHLOTU;2515,17156
CHHNOOS;4730,8813,15039
CHHOSSU;8817,8968
CHHRTTU;
CHIIKLM;8978,17075
CHIIKMS;16149,17075
CHIIKNN;
CHIIKSS;4705,13906,14916,16149,16756,16758
CHIILLS;4732,8824,8979,8981,8982,17166
CHIILNT;
CHIILOT;5861,15037,15058
CHIILST;
CHIILTY;5861,6314,8827,15669
CHIIMST;835,2526,5862,6319,6323,7099,8954,8972,15061,15071,17169,17170
CHIIMSU;8184,8975,15836,16762,16772
CHIINNP;16777
CHIINOS;2524,4335,6074,7075,7473,8834,8981,15040,15666,16126,16514,16769,17072,17166,17175
CHIINOT;837,1561,1563,2525,6326,6852,8741,15028,16126,16514,16757,16769,17075,17085,17173,17174
CHIINST;17169,17173,17175
CHIIOPT;5734,6280,6326,7077,8149,16583,16757,17038,17064,17085,17148,17173,17174
CHIIOST;2524,8834,8953,8954,14925,15060,15061,16126,16514,16726,16769,17085,17173
CHIIRRS;2526,5931,8214,8837,8976,8992,15068,15837,16063,16727,16779,17177
CHIJKOS;
CHIKLLO;
CHIKLTY;
CHIKNOO;16757
CHIKORS;13755,16789
CHIKORY;15542,16788
CHIKOST;4731,15670
CHIKPSU;4521,7962,16789,17178
CHIKRSS;17086
CHIKSST;
CHIKSTY;
CHILLMU;4360,8224
CHILLTY;278,7107,15669,16795
CHILNOO;13908,15067,15691,16180,16797,16798,17076,17150
CHILNOR;2439,8820,14663,15667,15691,17073,17087,17150
CHILNSY;1451,6332,8988,9008,13749,14634,14937,15073,16571,16760
CHILOOS;2520,9012,9020,13657,15066,17180
CHILORS;2518,2539,8989,9011,9020,17180
CHILORT;17149
CHILOST;281,14567
CHILPSY;14668,17088,17168,17181
CHILSTU;4311,4361,4732,4735,8248,16808,17181
CHILSUY;8988,15696,16808,17181
CHIMMOR;2442,16191
CHIMMOS;15074
CHIMNPY;14701,15239,17087
CHIMOPR;14778,15063,15077,15078,15692,16789,16816,17087,17147,17149,17188
CHIMORS;1569,2518,6284
CHIMRRY;2190,9013,15077,15692,16818
CHIMRSS;15693
CHIMSSS;16159,16189,16202,16790,16817,17171,17183
CHIMSTY;2542,6331,8954,8972,9021,9031,14567,14784,14941,15061,15076,15077,16196,17170
CHINOOR;808,6032,7112,8807,8820,8855,14667,15671,15691
CHINOPS;14568,15074
CHINOPY;
CHINORS;285,17177
CHINOST;14703,15847,16791,17085
CHINOSU;281,285,653,6340,9018,14527,14883
CHINPSY;16134
CHINQSU;
CHINRSU;15844,16731
CHINSTY;14634
CHINTUW;16077
CHINTYZ;8279,15554
CHIOOPR;4734,6872,7112,8807,14667,15063,15067,17147
CHIOORS;2520,8846
CHIOORZ;16591,16775
CHIOPRT;15078,15082,17149,17162
CHIOPST;
CHIOPXY;7500,8963
CHIORST;
CHIORSW;2531,8849
CHIOSST;15080,15698
CHIOSSZ;6061,16582,16740,16754,16781,16828,17094
CHIPRRU;16831
CHIPRRY;1845,15692,16216
CHIPSSY;
CHIQSTU;
CHIRRSU;285,2196,13560,13563,16063
CHIRSTY;6274,9038,15076,15077,17084,17191
CHISSST;8838,13857,16159,16515,16755,16790,17165,17195
CHISSTU;8976,9001,17181,17186,17192
CHISTTU;4361,13779,17190
CHISTVZ;5943
CHISTWY;8972
CHISYZZ;
CHITTWY;15574
CHKLOOO;
CHKLOOT;15670
CHKLOSS;13858
CHKLOSY;4731,16788
CHKMMOO;
CHKMMOU;
CHKMOSS;8217,15838,16149,16173
CHKMSSU;
CHKMSUY;
CHKNNUU;
CHKNOOS;13860,16218
CHKOOST;15670,16218
CHKORSU;2531,6462,16221,16789
CHKPTUU;
CHKSSTU;
CHLMOOS;4437,9012,17088
CHLMORY;2538,6062,6086,7543,9013,16179,16227,16796,17149
CHLMPSU;4745
CHLOOSS;6260,6334,6349,8990,9012,9042,9043,17088,17091,17181
CHLOOST;2520,9012,9016,9017,15043,15066,15360,15670,16065,16137,16226,17052
CHLOPST;
CHLORSS;13861,15561,15738
CHLORTY;1567,2538,7107,8860,9014,9017,13928,17149
CHLOSSS;8285,8961,13858,15185,15563,16184,16231,16742,16803,16844,17050
CHLOSUY;4525,4710,14952,15696,16808,16843,17157,17181,17197,17198
CHLOTYZ;
CHLSTUY;4735,15696,17181,17198
CHMOORS;9045,15701
CHMOOSS;2454,4746,8847,9012,9027,9043,15075,15698,17088,17187
CHMOOST;9012,13863,15076,15360,15567,15570,15701,15862,16226,16237,16238,16736,16774,16820,16846,17190,17199
CHMOOSY;8304,9045,9046,13863,15076,16196,16238,16610,17081,17088,17170
CHMOOSZ;
CHMOSUY;6885,15076,16080,16845,17197
CHMSTUY;15076,16845
CHMSTUZ;
CHNNOOR;6464,8969,15671
CHNNOSU;2558,8743
CHNOOPS;2456,2457,4730,4746,8813,8861,13659,14568,15074,17081,17095,17159
CHNOORS;2456,2457,8813,8861,9045
CHNOORT;739,8294,15834,16141
CHNORRS;285,2457,2545,8813,8861,9016,15068,16232,16242,16244,16609,16727,16826,16850,17052,17177
CHNORSU;285,7545,8302,9018,14883
CHNORSY;1753,4438,4476,6883,9008,9017,9045,13659,14643,14920,15073,15188,16845,17177,17188
CHNORTU;
CHNOSZZ;
CHNOTUU;
CHNSTUU;
CHOOPPS;2456,2458,7989,8862,9020,15576,16846,17180,17193
CHOORST;2520,17148
CHOORSU;2458,2459,8862
CHOOSST;2460,6260,6348,7552,8000,8314,9012,9038,13784,15080,15698,16137,16224,16233,16236,17079,17090,17091,17181,17196,17200
CHOPPTU;15705
CHOPSSY;1870,6108,8300,8303,14950,14957,15070,16610,16745,16748,16841,16853
CHOPTUU;
CHORRSU;7546,8260,9037,16080,16221,16784,16838,16850
CHORSTU;15076
CHOSSTU;2460,8817,15080,15357,17186,17192
CHOSSTW;4474
CHPSSTU;2460
CHPSSUY;7920,8300,16853
CHRRSUU;16810
CHSSTUY;8968,15696
CIIILLT;2379,4440,4625,7566,7567,8004,8007,8326,8866,8867,13909,16861,16862,17053
CIIILNV;15583,16856,16858
CIIIMNR;2387,14900,15044,16253,16867
CIIINPT;841,1527,1528,1770,2223,2388,2462,2464,2567,6908,8757,8758,8875,9063,9074,9088,13740,16259,17098
CIIJLUY;8357,9090,16876
CIIKKLL;
CIIKKMS;4711
CIIKLPY;
CIIKMMM;
CIIKMNN;
CIIKNPS;8322
CIIKNPT;17038
CIIKNSW;
CIIKNTU;7574,16267
CIIKPUW;
CIIKSST;7125,15083
CIIKSTT;4749,17210
CIILLTY;1579,1583,2379,2419,2468,2582,2584,2586,4362,6314,8884,8979,8982,9090,9096,9102,9109,9111,13930,14965,15669,16534,16760,16884,17212
CIILLVY;747,2391,7824,9103,9110,14965
CIILNOP;6357,8951,9115
CIILNOS;15666,17044,17206
CIILNPS;
CIILNUV;8897,9107,16876
CIILNVY;6935,14969,15583,16876
CIILOOT;4715,4755,6292,6356,7127,8800,8885,13930,13932,14967,15037,17216
CIILOPT;16294,16541,16890,17098
CIILORT;1873,2397,4715,4755,4766
CIILOST;14964,17053
CIILOTT;578,1585,4638,4768,8048,8340,8390,8418,8767,9067,9075,14781,14964,14965,15058,16274,16276,16288,16759,16892,16896,17054,17216
CIILPRY;6924,8762,9103,15383,16289,16541
CIILPSY;2584,6021,6925,8950,8988,9054,9108,9142,16638,16767,16880,17217,17222
CIILSSS;6287,7134,7140,8983,17222
CIILSSV;2230,6160,8993,15596,16881
CIIMMNO;15661,16906
CIIMMRY;8436,15600
CIIMNNO;15190,16278,16297,16886,17058,17214,17225
CIIMNOS;16615
CIIMNOT;13914,17058,17225
CIIMNRY;6649,15047,15377,15663,16298,16770,17058,17169,17214,17227
CIIMOST;15060,15061,15086,15087,17217
CIIMOTT;15060,16274,16304,16617,16726,16769,16775,16867,16892,17083,17216,17225,17227
CIIMOTV;2566,6148,6771,7880,8905,14963,16565,16890,17216,17217
CIIMRST;
CIIMSSV;2230,13866,13867,14809,15874
CIIMSTV;13867,14963,16284,17217
CIINNOT;17225
CIINNTU;2248,2477,7924,8395,13933,16267,16521,17231
CIINOOT;837,2525,6326,6373,8470,8753,9156,13914,14961,17058,17174,17225
CIINOPR;6270,6278,6279,7103,8757,15047,17038,17046,17064
CIINOPS;
CIINORS;15031,17072
CIINORT;
CIINPRS;6327
CIINQTU;7136,7325,8470,8751,9100
CIINRST;4716,17084,17169
CIINRSU;13742,13935,15031,15706
CIINSSV;2254,2632,6970,7616,14809,15587,15589,16256,16257,16319,16324,16330,16871,16874,17176
CIINTUY;1588,4751,4763,4764,6308,6353,8055,8209,8451,9063,13739,14671,15717,16517,16536,16543,16876,16884
CIIORST;
CIIOSTX;2255,4737,8472,16633,16645,16899,16927,17118
CIIOSUV;5962,8410,8897,9139,14968,16930,17176
CIIPRSS;657,9089,13936,15070,15092
CIIPRTY;1532,6178,6180,8776,9089,13936,15383,15720,16150,16289,16298,16541,16657,16878,16917,17064,17168,17227
CIIRSTV;9146
CIIRTTY;754,1591,2399,9006,17227
CIIRTVX;16097,16294
CIJKORS;
CIJNNOO;
CIJNNTU;
CIJNOOS;13581
CIKKLLO;
CIKKOPT;
CIKKOTU;
CIKKPSU;
CIKLLOP;
CIKLLOR;8360
CIKLLOS;
CIKLLOW;
CIKLLSY;
CIKLLUY;
CIKLMSU;
CIKLMSY;2638,8489,16788
CIKLMUY;
CIKLNOS;15404,15721,16346
CIKLNRY;16523
CIKLNSU;
CIKLOOO;
CIKLOPY;2638,2639
CIKLOPZ;
CIKLORY;16788
CIKLPRY;2638,2639
CIKLQUY;16882
CIKLRTY;16788
CIKLSTU;
CIKMNNO;
CIKMNSU;13726,16939
CIKMOOS;
CIKMORR;
CIKMSSU;
CIKMSTU;
CIKNNOP;
CIKNNOW;
CIKNOSW;4645
CIKNPSU;14988
CIKNPSY;
CIKNPTU;
CIKNSTU;13726
CIKOPPT;4718
CIKORRS;
CIKOSTU;
CIKOTUW;
CIKPPSU;15405
CIKPSTU;17210
CIKPUWY;
CIKRSST;8736
CIKRSTY;1596,2486,16660,16788
CILLNOS;
CILLNOU;2535,8720,9099,13920,17127
CILLOOR;1552,2484,2654,4648,4715,6291,7405,8779,8803,8820,13920,15208,15558,17126,17128
CILLOPY;262,298,4775,5825,6192,6282,6924,6925,8762,9103,13880,15558,16351,16352,16665,16793,16795,16945,17239
CILLRUY;2279,2280,6927,7653,7967,8884,9010,13565,13920,16669,16949,17241
CILMNOP;
CILMNOS;15073,15261,17044,17075,17214
CILMNSY;773,1606,2285,4776,6989,7157,8534,8542,8544,9096,9097,15073,15377,16887,16952,17214
CILMOOS;13797,15086,15087,15722,17215
CILMSTU;853,4301,9062,14553,16284,16892,17217
CILNOOR;13721,15067,15691,17150
CILNOOS;17218
CILNOPR;298,300,649,854,2439,8951,17087,17126,17150
CILNORY;298,300,854,1496,1611,2532,7106,7638,13904,13910,13920,15053,15663,15691,16541,17087
CILNOSU;
CILNOTU;2535,4750,6488,13722,14653
CILNOXY;8576,14651
CILNPRU;2185,2275,7162,7970,16286,16343
CILNPSU;1606,8988
CILNPTU;7128,8928
CILNSTU;13921,15089
CILOOPT;779,2658,6200,9207,17126
CILOORU;8779,15662,16970
CILOOSS;6334,7415,8990,13924,14992,15001,15516
CILOOST;239,4653,8248,8585,13932
CILOPRW;
CILOPRY;298,300,854,2638,6924,8762,9103,14843,16337,16388,16541,16732,17168
CILOPSU;1485,4363,4788,6369,7130,7155,7158,8934,13798,15035,15087,15903,16293,17180,17217,17222,17246,17249
CILOPSW;
CILORST;17238
CILOSTU;4363,4732,7416,8248,8553,13932,15091,16808,16892,17053,17054,17217
CILPRSY;6999,9184,17249
CILPRTU;13884,15723,16344,16970,16972
CILRRSU;
CILRSUU;8096,8523,9018,9204,15113,16885,16949,17238,17240
CILRSUY;1534,2602,6369,7159,8423,8576,15628,16962,17214
CILSTTU;4361,7164,8767,17054,17210
CIMMNSU;2573,9058,13938,15716
CIMMOSS;15598,16023,17224,17252
CIMMOST;1480,2542,2604,4653,7099,7700,7706,8902,9021,9147,14847,15209,16394,17252
CIMMOTX;
CIMNNOS;270,282,2692,5744,6391,15074
CIMNNSU;4354,4723,7608,13648,14722,14727,14851
CIMNOOR;15044,15047,15053,17137
CIMNORS;
CIMNOSS;17253
CIMNOSU;6377
CIMNRSU;14564,15104
CIMOORS;812,9150,16697
CIMOORT;8238,8784,8926,13925,14934,14967,14995,15053,16549
CIMOOST;15086,15087,15103,17223,17250
CIMOPSY;1556,15004,15077
CIMORSU;15034,15100,15104,16698,17252
CIMOSST;16690,17242,17243,17252
CIMOSSY;6394,14625,14854,17101,17253
CIMOSTY;2144,2542,6188,6331,6383,6394,6978,8368,8534,8953,9014,9096,14567,15060,15071,15077,15099,15209,16788,16887,17101,17188
CIMOTYZ;8604,9175,16193
CIMPRSS;2547,4740,8940,9081,9222,15070,15092,16194,17187,17243
CIMPRSY;1752,2547,15004,15070,15077,15603,16983,17188,17227
CIMRSSU;6490,15104,16034,16362,16730,16980,17252
CIMRSUU;4791,13705,13940,15034,17240
CIMSSTU;13867,16980,17252
CIMSSTY;4790,6394,6489,7157,17101,17243
CIMSSUV;13867
CINNNOU;9115,15038,17049,17251
CINNORU;15038,17061
CINNOSU;15896,16376,16792
CINNOTU;
CINNSUU;4760,9224,9231,13846,14998,15089,15638,16518,16708
CINOOPR;14667,15047,15067,17046,17137
CINOOPS;6340,9120,9158,9177,9220,14849,14886,15074,15103,17159
CINOORS;1616,7090,13742,13919,14565
CINOOSS;13919,13944,15107,17035,17257
CINOOSV;7090,7733,16372,16661,16942
CINOPPS;16620,16621,17193
CINOPRX;
CINORRT;15727,17150
CINORSS;17060
CINORST;
CINORSZ;16327,16429
CINORTU;13933,17061
CINORTY;13801,13904,13943,14651,14838,15053,15727,16183,16541,16657,16660,16682,16829,16928,16983,17064,17152,17172,17188,17191,17227,17247
CINOSST;17226
CINOSSU;1902,6174,6476,16435,17060,17131
CINOSTU;
CINOSUZ;6941,16327,17094
CINOTXY;8963,14651,16623
CINRSTU;
CIOOPRT;2450,8810,15694,17006
CIOOPSU;6340,7098,7130,7155,8236,9220,13798,15087,15103,15703,15704,15903,16293,16680,16789,16804,16838,16971,16989,17131,17142,17180,17210,17246
CIOOQTU;7136,8470,9100,16970
CIOORST;15851,16446,17062
CIOORSU;13742,15106
CIOPRST;17249
CIOPSTY;17135
CIOQRSU;7169,8655,16683
CIORRSU;285,7151,9037,9164,15100,17036
CIORSSS;7143,8782,13892,17057
CIORSTT;15099,17135,17163
CIORSTU;2531,15076,17190,17252
CIORSTV;17062
CIORSUU;9018,16996
CIORTVY;14838,14844,15632,16337,16388,16545,16972,17221
CIOSSSY;6824,13892,15013,15445,16990,17109,17183,17222
CIOSSUV;7743,8727,13893,15672
CIOTTUY;2613,4794,7753,8738,13943,14558,14671,14788,14845,14989,15008,15011,15720,15727,16808,16892,17054
CIPRSST;2551,9089,13936,15688,17133,17209,17243,17248,17249
CIPRSSU;8934,9240,15440,17133,17249
CIPRTTY;14843,15720,16388,16686,16878,16983,17135,17227
CIPRUVY;15632,15720,16354,16391,16972
CIPSTTY;13941,17008,17135,17193
CIRRTTU;4602,4794,6217,8735,8774,9088,13886,14628,14972,15727,16421,16809,16902,16961,16997
CIRSSTU;8976,17252
CIRSTUY;15076
CIRTUVY;2679,8656,15632,15720,16949,16972,17221
CISSTUY;15003,15665,15696,16935,16937,16965,17181,17212
CJKNNOO;
CJNORUY;
CKKLNUY;
CKLLMOU;
CKLLOOP;7039
CKLLOOR;2484,7039
CKLLORU;
CKLNOSU;
CKLNOTU;16267
CKLNUUY;
CKLOOOY;
CKLOOPR;9243
CKLOORW;7039
CKLOOTU;14989,16269
CKLOPSU;
CKLOPTU;16269,16344
CKMMMOU;
CKMOPSU;16789,16939
CKNOOOR;
CKNOOTU;16659
CKNOPUW;
CKNORSU;14870,14988
CKNOSTU;
CKNSTUU;
CKOOOPT;
CKOOOTU;
CKOOPPS;16218
CKOORSU;16789
CKOORTU;
CKOPTTU;
CKOPTUU;
CKORTUW;
CKOSSTU;
CKSSTUU;
CLLMOSU;
CLLOOPS;7130,7154,7155,8668,8844,9108,9177,13798,13880,17239
CLLORSS;6349,7156,8923,9042,9246,17063,17258
CLLOSUU;2342,7155,8665,8780,9174,9176,9183,15592,16946,17240,17258
CLMNOSU;1622,4745,8765,17110,17214
CLMOOPT;2537,2658,2709,7776,16225,17156
CLMOPTU;1623,6233,7133,7776,15723,16225,16344,16890,17016,17156
CLMOSUU;1624,17240
CLMPRUY;17156
CLMSUUU;2710,8677
CLNOORT;13908,17076,17126,17150
CLNOOSS;9248,9249
CLNOOSU;2133,4681,8897,9117,17131,17218
CLNOSSU;7140,9185,15714,17060,17131,17259
CLNOSTU;
CLNOSUW;8128,13897,16556,16716
CLNRSUU;4787,7163,8931,9018,9204,13921,16466,17015,17060,17238,17247,17259
CLOOPPW;
CLOOPST;8686,8687
CLOOPTY;2709,5684,6116,8133,8168,9207,9243,16970,17156
CLOORSU;
CLOORUY;4710,7159,8138,13920,15002,15651,15662,16962,17011,17063,17157
CLOOSTY;4678,7780,8585,9017,9102,13932,17132,17221,17245
CLOPTUY;2655,15632,16970,17156,17181,17249
CLORSSW;
CLORSSY;6349,8740,9249,17063,17241
CLORSUY;4710,6369,7159,7164,9010,17063,17157,17214,17221,17258
CLORTUY;864,2347,2714,4684,4763,4766,6002,7164,9200,14845,15017,15091,15632,16467,17249
CLOSSTU;15108
CLPRSUU;2715,9145,9204,17249
CLPSSTU;2715,8686
CMMNOOS;8902,9045,9147,9212,15074,17119
CMMOORS;7791,9045,9150,17119,17158,17252
CMMOOST;8902,9147,9211,9212,17223,17250,17252
CMMOPSY;9021
CMMRSUY;9253,13822
CMNNOOS;1899,5744,5842,6023,8674,9117,9248,15074,16978
CMNOOOT;8610
CMNOOPY;2554,2689,8694,15047,17081,17087,17129,17260
CMNOSSY;2153,8303,9249,14871,17101,17253
CMNPTUU;17016
CMOOPRT;17156
CMOOPST;15103
CMOORSU;16475,17252,17260
CMOOSTY;6394,8949,9253,15076,15099,17260
CMORSTU;1624,4791,9122,9194,13940,15076,17190,17260
CMORTUW;9254,17027
CMOSSTU;15108,17113
CMOSUVY;16945,17217
CMPRSSU;
CMPRSUU;
CMPRSUY;8949,15603,17260
CNNOORS;1899,6023,8701,9228,14823,14858,15094,15106,15726
CNNOPSY;6339,9000,15079,15726,17115
CNNORTU;13933,14673,15718,17061,17231
CNNORUW;9254,15204,17027
CNNOSUY;4480,4782,8666,9131,13774,15008,15489,16462,17214
CNOOOPS;8861,9177,9256,9257,13659,14568,15536,15613,15685,16463,16850
CNOOPPR;6237,7544,17137
CNOOPRU;7112,8294,16494,16561
CNOOPSU;4681,9220,13899,17028
CNOORRW;16494
CNOORST;
CNOORTT;2411,2621,2691,2704,8773,15727,17152
CNOORTU;13933,15718,15727,16719,17027,17061
CNOOSST;16459,16498,17031,17226
CNOOSTT;2700,6384,6391,8611,8787,9198,9212,9220,9223,13916,14774,15826,16453,16592,16769,16896,17031,17166,17173,17193,17199,17232
CNOOSTY;6268,7780,8929,9017,9102,9253,13941,14643,15079,16453,17132,17191,17193,17245,17260
CNOOSUU;6393,13660,14563,15020,15103,17015,17220
CNOOSVY;2509
CNOOTTW;
CNOOTTY;5746,9033,9251,9255,13943,15727,16453,17152,17172,17174,17193,17225
CNOOTWW;
CNOPRTY;1370,1766,2625,7946,9243,16541,16657,16682,16686,16917,17064,17152
CNOPSTU;2560,13935,17142,17246
CNORSSU;1902,7172,17060,17259
CNORSSY;1524,1616,7150,9249,14836,15101,16428,16439,17247
CNORTUY;13943,15727,16467,17061,17260
CNRSSTU;7172
CNRSTUY;9253,16467,16845,17260
COOORSZ;
COOPRRT;2450,8810,16494,16561,17150,17151,17189
COOPRSS;2459,4747,15703,17255
COOPRTU;8169,8938,15705,16494,16561,17156
COOPSTU;9220,15087,15103,17210
COOPSUY;1523,8298
COORSTU;15076,17062,17190
COORSUU;14951,15724,16996,17240
COORTUW;9254,16494,17027
COOSSTY;6394,8000,8858,9227,14658,17200
COOSTTY;8304,8693,9141,9251,17008,17193
COPRRSS;4747,7096,9039,9222,9235,9241,9258,17187,17229,17255
COPRRTU;4570,4688,16494,16561,16851
COPRSTY;8863,14529,15072,17013,17135,17168,17249
COPRSUU;17249
COPRTUU;7807,13884,14659,14955,15643,15686,15723,17016,17249
CORRSSU;17255
CORRSUY;4339,16080,16698
CORSSTU;15688,17234
COSTTUU;2678,7061,8783,8788,9194,9231,13735,13945,15024,16929
DDDDEIL;
DDDEEGR;
DDDEEHL;1629,2719
DDDEEHS;
DDDEEIR;2721,9268,17262
DDDEEKS;
DDDEELM;13946,17262
DDDEELP;6403
DDDEELR;13946
DDDEELS;9261,17267
DDDEELU;6403,9261,9262
DDDEEMO;9265,13946,15111,15112,17265
DDDEENS;17263
DDDEENU;17270
DDDEERU;17263
DDDEEST;9265,9269
DDDEFIL;
DDDEFLU;9261,9262
DDDEGII;
DDDEGIR;
DDDEGLU;
DDDEGRU;
DDDEHIW;17273
DDDEHLO;1629
DDDEHLU;
DDDEHTU;
DDDEIIK;17277
DDDEIIR;
DDDEIIS;
DDDEIIV;
DDDEIKS;
DDDEILM;13946,17262
DDDEILN;17262,17267
DDDEILP;6403
DDDEILR;13946,17262
DDDEILS;9261
DDDEILT;6403,17262
DDDEILW;13946
DDDEILY;9271,17277
DDDEIMU;17264
DDDEIOR;13946
DDDEIOS;17273
DDDEIRS;2724,2725
DDDEIRU;15113
DDDEISU;9261,15113
DDDELMU;
DDDELNO;
DDDELOO;15114
DDDELOP;
DDDELOS;868,17268,17271
DDDELOT;
DDDELPU;6403
DDDELRU;
DDDENOS;17271,17273
DDDEOPR;
DDDEOQU;
DDDEORS;17271
DDDEORY;17268
DDDEPSU;
DDDERSU;15113,17263,17271
DDDERUY;
DDDESTU;9269
DDDGINO;17273
DDDIMSU;
DDEEEFX;
DDEEEGR;
DDEEEIR;9306,9307
DDEEELN;13950,15134,17309,17323,17325
DDEEELT;1631,4800,6412,13955,15118,17289,17311
DDEEELV;
DDEEELW;13954
DDEEEMN;13950,17313
DDEEEMR;
DDEEENT;13957,17302,17303,17304
DDEEENW;
DDEEEPS;4223,9275,17308,17309,17315,17317,17320,17332
DDEEESS;15117,15137,17281,17282,17288,17290,17295,17297,17303,17304,17313,17314,17329
DDEEEST;9289,17281,17282
DDEEESX;9299,9300,17282
DDEEEWY;13953
DDEEFGL;
DDEEFII;6422,6423,13960,15110,17264,17337,17338,17339
DDEEFIL;13950,17339,17341,17342
DDEEFIN;13950
DDEEFLU;9327
DDEEFNS;9314,9324,9330,17335
DDEEFSU;9264,9314,9319,9327,9330,17335,17338
DDEEFUZ;17342
DDEEGGL;9281,9331,17289
DDEEGIN;17294
DDEEGIS;15140
DDEEGLP;9282
DDEEGLS;2727,2730,6427,9334,15140,17289,17347,17349
DDEEGLU;
DDEEGNU;15141,17286
DDEEGRR;17336
DDEEGRS;13963,15140
DDEEHLS;
DDEEHNU;17360
DDEEHRS;13964,17345,17358
DDEEILM;2733,9366,9367,13968,13969
DDEEILR;13968
DDEEILS;1640,1641,15152,17379
DDEEILV;17267,17308,17309,17381
DDEEILW;
DDEEILY;2733,9295,9346,9365,9369,13953,17268,17307,17371
DDEEIMN;6413,9374
DDEEIMP;17266,17308
DDEEIMS;17266,17315,17338,17369
DDEEINR;17387
DDEEINS;6430,13967,15152
DDEEINT;17364
DDEEINW;17367,17384
DDEEINX;9360,17294
DDEEINY;9295,9369,9374,15126,17293,17294,17307,17345,17346,17363,17364
DDEEINZ;9284,9325,13960,17294,17304,17346,17364
DDEEIOV;17308
DDEEIPR;
DDEEIPS;17266,17369
DDEEIRR;9268,9304,9309,15161
DDEEIRS;
DDEEIRV;
DDEEIRW;17315
DDEEIST;
DDEEISV;17308
DDEEKKO;
DDEELLU;9347
DDEELLW;
DDEELMO;
DDEELMR;2733
DDEELMS;9289,9366,17369,17378
DDEELNO;15166,17309,17355,17380,17390
DDEELNS;9382,13967,15134,15142,15152,17306,17309,17325,17347,17349,17378,17379,17380,17381,17390
DDEELOP;
DDEELOW;13946
DDEELOY;9291,9317,9318,17268
DDEELPR;
DDEELPS;17356,17369,17379,17390
DDEELRS;
DDEELRT;13968,15118,15143,15166
DDEELRU;
DDEELSU;9299,9300,9366,17348,17371,17381
DDEEMMO;9343
DDEEMOT;6448,9265,13968,15147,15148,17347,17384
DDEEMRU;9350,9375,13969,17337
DDEENNU;9347
DDEENOP;14573,14574,15112,15168,17327,17364
DDEENOT;6406,9265,9280,9287,9323,9368,14577,15166,17283,17327,17347,17363,17364,17384
DDEENOV;13958,15160,17283,17333,17350
DDEENOW;17384
DDEENOZ;4376,15122,17294,17333,17346,17364
DDEENPS;6435,15168,17369
DDEENPU;4805,6435,15112,15123,15151,15164,15168,15172,17392,17393
DDEENRS;9340,17285
DDEENRT;15166
DDEENRU;
DDEENST;17281,17282,17326,17391
DDEENSU;15155,15168,17372
DDEENSY;9369,9374,17293,17325,17345,17363,17381,17390
DDEENTU;
DDEEOOR;6402,9320,9326,13973,15171,17319,17336
DDEEOPS;
DDEEORR;9304,17370
DDEEORV;9313,17283,17292,17373
DDEEORW;9320,9328,9351
DDEEOTV;15160,17283,17386
DDEEOTX;9287,17283
DDEEPRS;
DDEEPTU;1643,6435,17392
DDEERRS;15139,15171,17284,17326
DDEERSS;6423,17288,17314
DDEERST;
DDEERSW;17315
DDEERTU;4816
DDEESST;6454,15117,17281,17282,17391
DDEETTU;4816,6443,9337,9349
DDEFGIR;9393,17286,17395,17396
DDEFILR;9322,15174
DDEFILS;9391,17398
DDEFILY;
DDEFIOR;2739,9322,9326,15174,17339,17343,17395
DDEFIRT;2739,9392,15177
DDEFIRU;2739,9393,17337,17341,17342,17396,17397
DDEFISU;9393,17338,17341,17342,17397
DDEFLNO;
DDEFLOO;15174,15178
DDEFLRU;
DDEFLSU;
DDEFNOR;313,2739,6406,9280,9326,17288,17400
DDEFNOU;2739,17400
DDEFNSU;9314,9324,9327,9330,17335,17397,17400
DDEFORS;4379,9320,17288,17339,17343,17395,17400
DDEGGRU;9400,9401,17401
DDEGHIT;17394
DDEGIIN;2743
DDEGIIR;9407,9408
DDEGIIS;9411,13975,13977,15140
DDEGILR;9408
DDEGIMO;9335,9412,9415
DDEGINO;876,2743,4821,9331,9412,9415,13975,17293,17294,17350
DDEGINR;
DDEGINT;9412,17411
DDEGINW;9418,17411
DDEGINY;1646,6455,13975,17293,17294,17402,17409
DDEGIOR;2740,4821,9331,9335,9407,9408,15122,17395
DDEGIRR;2740,4799
DDEGKLU;590
DDEGLOP;9408
DDEGLOS;2746
DDEGLSU;2746,9393,9400,9401,17348,17402,17413
DDEGMOO;
DDEGMOS;
DDEGMSU;9416
DDEGNOO;17273,17336
DDEGNOS;13975,17293,17403
DDEGNOU;9412
DDEGNSU;2741,13963,17405
DDEGORS;874,9397,9407,17395,17403
DDEGORY;9332
DDEGOSS;
DDEGOST;9397,9406
DDEGRRU;17336
DDEGRSU;9397,9400,9401,13963,17405
DDEGRTU;
DDEHINS;6430,6431,13964,13978,13979,15182,17356,17363,17366,17397,17398
DDEHIOW;17273
DDEHIRS;13964,13979,15180,15182
DDEHIRT;
DDEHIRW;
DDEHIRY;6460,9344
DDEHLNO;6464,9317,9348,15142,15143,15185,15187,17355,17421,17424,17425
DDEHLOS;15142,15185,17275,17403
DDEHLRU;4802,6460,15143,15187,17296,17425
DDEHLSU;9347
DDEHNOS;15142,15188,17273,17363,17398,17403,17424
DDEHNOU;9349,9421,15142,15187,17359,17360,17424,17425
DDEHNRU;15187,17296,17425
DDEHNSU;
DDEHNUZ;17360,17425
DDEHOSW;
DDEHRSU;
DDEHRSY;2732,9291,15188,17403
DDEIIKR;
DDEIIKS;
DDEIILN;1649,2743,9440,15146,15189,15190,17355,17429,17432
DDEIILO;1649,1650,6467,15189,17431
DDEIIMS;13975,15183,15191,17338,17399
DDEIINT;13978
DDEIINV;17373
DDEIIOS;9409,9410,9411,9431,13975,13977
DDEIIOX;9360
DDEIIOZ;9411,15148,15184,15192,17419
DDEIIRT;9358,9359,17354
DDEIIRV;
DDEIIST;13978,17426
DDEIISV;
DDEIISW;17420,17430,17433
DDEIITT;4824,17354
DDEIIVV;
DDEIIZZ;
DDEIKLN;6459
DDEIKLS;6427,6459
DDEIKNR;17406
DDEIKOS;
DDEIKRS;6427
DDEILLO;871,9391
DDEILLR;13953
DDEILLU;6471,15189
DDEILMP;17369
DDEILMR;2733,13968
DDEILMS;17378
DDEILNN;9336,13955,15152,15190,17348,17379,17408,17409,17421,17431
DDEILNS;13967,15152,15185,15197,17306,17381,17429
DDEILNW;
DDEILOR;871,9331,9407,9408,9413,9414,13968,17395,17410,17421,17431,17434
DDEILOS;
DDEILOT;1649,1650,6465,9412,9445,13968
DDEILPR;9296,15174,17421
DDEILPS;
DDEILPU;9446,15198
DDEILQU;
DDEILRR;17305,17431
DDEILRS;
DDEILRT;6412,6444,9371,13968
DDEILST;
DDEILSW;
DDEILSY;
DDEILTU;880,9323,9337,9367,9412,9445,13666
DDEILTW;17344
DDEILTY;4381,9295,9346,9371,13666,17307
DDEIMMU;
DDEIMNS;6431,13975
DDEIMNU;880,9412,9445,17360
DDEIMOO;9445,13968,15177,15183,15184,15190,15192,17399,17436
DDEIMOR;17406
DDEIMOS;17399
DDEIMRU;9375,17337,17404,17406
DDEIMSS;
DDEIMST;15177,15183,15191,17399,17426
DDEIMSU;17338
DDEINOP;5750,15186,17319,17364,17421
DDEINOR;15122,17319,17350,17431
DDEINOS;13975,17293
DDEINOT;1653,9323,17360,17364
DDEINOW;17411
DDEINPS;6461,17316
DDEINRU;
DDEINST;13978,17430
DDEINSU;6478,9324,13982,13983,15152,17335
DDEINSW;17433
DDEIOOS;4825,6473,6479,9442,15183,15197,17273,17399,17436
DDEIOPR;15174,17421
DDEIOPS;17436
DDEIORS;17395
DDEIORV;17292,17373
DDEIORW;17411
DDEIORZ;4376,6447,9408,15122,17346,17419
DDEIOSS;
DDEIOST;6448
DDEIOSV;875,13977
DDEIOSW;
DDEIOTT;5749,9304,15159,17354,17374
DDEIOWW;
DDEIPPR;
DDEIPRS;
DDEIPRU;9307
DDEIPSU;15198,17436
DDEIPUV;
DDEIRRS;2752,2753
DDEIRRU;2748,9393,17269,17385
DDEIRSU;13585,17342
DDEIRSW;17433
DDEISSU;15152,15198,17335
DDEISTU;
DDEISUW;17433
DDEJRSU;
DDEJRUY;
DDEKMOU;17406
DDEKOOR;
DDEKORU;4380,6482,15165,17406
DDELLOR;15201
DDELMOU;
DDELMPU;
DDELMRU;
DDELMSU;
DDELNOO;17355,17421,17431
DDELNOS;9382,15142,15185,15196,17309,17380,17398,17408
DDELNOU;15189
DDELNOW;881
DDELNRU;17325
DDELOOR;17421,17431
DDELOOS;2746,4825,6473,15197,15202
DDELOOT;4825,6473,9328,9445,13968,15166,17355,17410
DDELOOW;881
DDELOPR;2756,9408,15174,17421,17434
DDELOPS;17390
DDELORT;1650,9424,13968,15118,15143,15166,15187
DDELORW;9328
DDELOST;17390
DDELOTT;9382
DDELPRU;
DDELPSU;1643
DDELRSU;9400,9401,13585
DDELSTU;1643,9447
DDEMMRU;
DDEMMSU;
DDEMNOS;9427,13975
DDEMNOT;
DDEMNOU;9416,9417,9421,9427,17382,17383,17406
DDEMORS;9449,9450,15136
DDEMRSU;2750,9375,9386,9416,9450
DDENNOR;313,6464,17276,17421,17431
DDENOOP;5750,15186,17319,17421
DDENOOS;4825,6405,6473,9442,15188,15197,17273
DDENOPS;17403
DDENOPU;15186,17393,17400
DDENOPW;
DDENORS;15188,17403
DDENORT;6406,9280,15166,17283
DDENORU;
DDENORW;9453
DDENOSS;5754,9453
DDENOSU;
DDENOSW;9453
DDENOSY;6458,9422,9427,13975,15188,17293,17345,17363
DDENOUW;
DDENPSU;6435,6461,15164,17332,17400
DDENRSU;
DDENSSU;6478,9451,13982,13983
DDENSTU;
DDEOOPR;15173,15174,17319,17421
DDEOORU;4829,6405,9402,9450,13973,14580,15173,17336,17400,17413
DDEOORW;9328
DDEOOWY;
DDEOPPR;9313,17280,17321
DDEOPRR;17331,17393
DDEOPRW;
DDEORSW;9453
DDEPRSS;
DDEPRSU;17332,17400
DDERRSU;4377,9386,9387,13947,13979,14580,15139,17284,17385
DDERSSU;
DDFGOOO;
DDGGINO;4821,4831,9331
DDGHINO;17273
DDGHOOO;
DDGIIKN;
DDGIILN;13586
DDGIILY;13586,13985
DDGIINR;2765,17439
DDGIMNO;9415
DDGIMNU;9416,9417,17404,17406
DDGINNO;1646,9415
DDGINOP;
DDGINOR;2760,9331,15122,17350
DDGINOS;17293
DDGINOT;2765,17411
DDGINPU;
DDGINRU;
DDGINUW;9418,15204
DDGIPUY;
DDGMOOS;15206
DDGOOOW;
DDHIIKS;
DDHIISS;1328,9403,13990,17356,17357,17397,17417,17418,17420
DDHIKSU;
DDHINOS;9458,9459,9464,17273,17363,17398,17438
DDHIORY;6486,9455,15208
DDHIRSY;
DDIIIOO;
DDIIKKS;
DDIIKLS;
DDIIKSV;
DDIILOP;1330,2767,9408,9436,9463
DDIIOSX;
DDIIQTU;9433
DDIKNOS;596
DDIKOOS;
DDILMUY;6471
DDILNRS;317,6491,9369,9459,15196,17306,17349
DDILOSY;
DDILOWY;
DDILRUY;6460,17402,17434
DDILTWY;
DDIMOOS;15177,15183,15206,15209,17399,17436
DDIMOSY;15209
DDIMRSU;2750,2770,9375,13969
DDIMSSU;
DDINOST;
DDIORTU;6492,9468
DDIRRUY;
DDIRSSU;
DDLLMOO;
DDMMSUU;
DDMNOOR;9426
DDMRSUU;
DDNORSW;9460
DDOOOOS;
DDORSTY;4830,6491,9422
DEEEEMX;17461
DEEEEWW;
DEEEFFR;17481
DEEEFLR;9277
DEEEFLT;888,13952
DEEEFNR;
DEEEFNS;
DEEEFRS;
DEEEFRV;17491
DEEEFSX;
DEEEGKL;
DEEEGKR;17511
DEEEGLP;
DEEEGLT;17289,17496,17505,17506
DEEEGMR;17451,17485,17527
DEEEGNP;6503,9519,9520,17444,17499,17512,17525,17527
DEEEGNR;17485,17496
DEEEGRR;17529
DEEEGRS;17500
DEEEGRT;17451,17496,17503,17520,17527
DEEEGST;9530,15236,17484,17505
DEEEHIR;4386,4387,6407,6498,6507,6508,9505,9548,15237,15241,17496
DEEEHKT;
DEEEHLS;4223,9291,9506,14589
DEEEHLW;
DEEEHNS;9545,14581,14590,15240,17504,17534
DEEEHPS;4223,4228,17500,17534
DEEEHPW;
DEEEHPZ;9292,9534,9537,9547,17538
DEEEHRS;17500,17504,17533
DEEEHST;14590,15245,17504,17533
DEEEHTT;9540,9541,9544,9545,15244
DEEEHWZ;
DEEEIJL;
DEEEIMR;6513,9557,9580
DEEEINR;6513,9505,9518,17511,17521
DEEEIPS;4838,17308,17309,17316,17534,17537,17584
DEEEIRR;4832,4837,4847,14004,17613,17614
DEEEIRS;889,4387,13997
DEEEIRW;15215,17315
DEEEISV;4841,17308,17309,17540,17544,17574
DEEEJLW;
DEEEJNU;
DEEEJRR;
DEEEJRS;
DEEEKLN;9606,13675,15278,17569,17570
DEEEKLS;890,4852,9606,14589,15278,17615
DEEEKMS;9608
DEEEKNW;
DEEEKRS;890,4393,17492
DEEEKRY;4804
DEEEKST;4852,9606,17615
DEEELLV;
DEEELMS;9506,9507,14007,17505,17507,17574,17623
DEEELNR;9277,17485
DEEELNS;17615,17620,17622
DEEELPS;4223,4228,4838,5760,9609,14589,15217,15285
DEEELPT;9558,15283
DEEELRT;17311
DEEELRV;17624,17625,17629
DEEELST;17505,17615,17622
DEEELSV;17574,17622,17624
DEEELSW;13954
DEEELTW;
DEEELTX;9558,9573,9574,9617,17547
DEEEMMW;
DEEEMNR;2783,6513,9486,9557,15239,17451,17619
DEEEMNS;17620,17622,17623
DEEEMNW;2783,9486,14006,17296
DEEEMRS;17494
DEEEMRT;14002,17451
DEEEMST;17620,17622,17623
DEEENPR;4849,6503,15253,15285,17525
DEEENPS;4838,4849,5760,6503,6535,6544,15285,17309,17317,17534,17537,17578,17584,17620,17623
DEEENQU;2785
DEEENRS;17452
DEEENRT;
DEEENRV;6536,9638,14592,17625
DEEENRW;14006,15245,17296,17443,17552,17602
DEEENRY;9277,9476,9529,9572,9638,15239,15285,17307,17325,17573,17580,17619,17627
DEEENST;4852,9522,17615,17620,17622
DEEENSV;9312,9543,9638,14008,17285,17309,17560,17620,17622,17625
DEEENSW;15245,17552,17608,17636,17637
DEEENSZ;9514,9545,14010,15247,17333,17524,17570,17642
DEEENTT;15244
DEEENTU;
DEEENTV;17624,17643
DEEEORW;9531,17602
DEEEOTV;6525,6529,15270,17503,17602
DEEEPRS;17500
DEEEPRT;
DEEEPRU;9496,9617,9644
DEEEPRV;9313,17540,17611
DEEEPSS;15305
DEEEPST;6544,17534,17584
DEEEQRU;
DEEEQUU;
DEEERRS;
DEEERRV;
DEEERSS;
DEEERST;
DEEERSV;
DEEERSW;17552
DEEERSY;9291,9638,15281,15285,17548,17551,17572,17575,17580,17583,17618
DEEERTV;2778,17503
DEEERTW;
DEEERTX;9539,17568
DEEERWY;13953
DEEESSX;17282,17523
DEEESTV;
DEEESTW;17637
DEEETTV;
DEEETTW;17476
DEEETWZ;
DEEFFFO;
DEEFFIN;
DEEFFOR;9650
DEEFFST;6495
DEEFFSU;
DEEFGGL;
DEEFGIN;17658
DEEFGIP;15310,17444
DEEFGLS;4860,9652,9654,9663
DEEFGRU;9661,17286,17336,17656,17661
DEEFHLS;1664,9318
DEEFHLU;9666
DEEFHRS;6552,9471,17655
DEEFIIR;15223,15309,15310,17337
DEEFIIS;17338
DEEFILN;13950
DEEFILR;9666,15308
DEEFILS;17669
DEEFILT;4861
DEEFIMS;17338
DEEFINR;
DEEFINS;
DEEFINT;9323
DEEFINX;
DEEFIRR;13679,17690,17691
DEEFIRS;
DEEFIRT;
DEEFIRX;9666
DEEFIRY;17685
DEEFIRZ;
DEEFIST;
DEEFLLU;5770
DEEFLNS;17697
DEEFLNU;
DEEFLOT;5770
DEEFLOY;9317,14021
DEEFLRU;
DEEFLRY;9277,9317,9494,17698
DEEFLSU;9319
DEEFLTT;6562,15227
DEEFMOR;
DEEFNRS;9663,17701
DEEFNRU;
DEEFNUU;4867,6565,17265
DEEFORV;9661,9674,9680,17684,17694,17701
DEEFORZ;
DEEFRSU;9319
DEEFRSW;
DEEFRTT;2787
DEEFRTU;17656,17661
DEEFSSU;15314,17695
DEEFSTT;9693
DEEFSUZ;
DEEGGIS;9697,14023,15323
DEEGGLS;9497,17289
DEEGHIN;5771,9709,17703,17724
DEEGHIR;9705,9708,9710
DEEGHIW;
DEEGHOW;
DEEGHRS;6574,6575,9471,9506,9705,9710,9721,9723,9728,14023,17500,17504,17655
DEEGHSS;2730,9722,9726,17715,17722,17724,17725,17727
DEEGIJS;17758
DEEGIKN;2793,9739,9740,15310,17511,17720,17759
DEEGIKR;9739,9741,15310,17511
DEEGILN;
DEEGILR;
DEEGILS;
DEEGIMN;17347,17509,17751,17758,17759,17763,17777
DEEGIMV;
DEEGINN;2795,17711
DEEGINR;
DEEGINS;
DEEGINV;17783
DEEGINW;17789
DEEGINY;9758,14603,17659,17740,17762
DEEGIPW;17789
DEEGIRS;14023
DEEGIRV;4836,9717,17449,17783
DEEGIRW;17789
DEEGIST;
DEEGISW;14023
DEEGJRU;14024
DEEGKMO;
DEEGKRS;9663,9741
DEEGLMU;17717,17735
DEEGLNS;6505,9663,17798
DEEGLNT;
DEEGLOY;6578,15334,17714,17736,17762,17766
DEEGLPR;9718,17768
DEEGLPS;17718
DEEGLPT;9719,15334,17743
DEEGLRS;9506,9721
DEEGLRU;4230,9721,17769,17775
DEEGLRW;
DEEGLSS;2730
DEEGLSU;6583,9721,9777,17798
DEEGMNU;17515,17735,17751,17777
DEEGMRS;9710,9723,9780
DEEGMUW;
DEEGNNO;2795,4872,14025,17515,17748,17767,17779,17783,17800
DEEGNNR;17800
DEEGNOR;17664
DEEGNRS;13963,14606,17452
DEEGNSU;13962,17452,17724,17777,17778,17781,17786
DEEGOOS;9741,17782,17797
DEEGORR;6568,9732,9770,14025,17449,17531,17783,17790
DEEGOSS;6505,17531,17724
DEEGOSY;9530,9758
DEEGOTU;1670,9524,9661,9775,9784,17665,17775
DEEGRRU;
DEEGRSW;14023,17726
DEEGSSU;9761,17352,17530,17724,17778,17799
DEEGSTU;
DEEHIKV;
DEEHILS;17669
DEEHILT;898,899,9346,9795,9807,15350,17355,17535,17717,17803,17830
DEEHINR;
DEEHIRR;
DEEHIRT;
DEEHIST;17804,17805,17807,17808,17809
DEEHITV;17503,17535,17536,17803
DEEHKLW;
DEEHLLO;17669
DEEHLLS;14035,14589,17669
DEEHLMW;17344
DEEHLNU;15324,15359
DEEHLOV;
DEEHLPW;17669
DEEHLSV;
DEEHLSW;4881,17669,17855
DEEHMNR;9532,15239
DEEHMNS;
DEEHMOR;6624,9350,9708,9829,17540,17802,17821,17839
DEEHMRU;9350,17337,17820
DEEHMUX;
DEEHNOY;9829,9835,15359,17721,17812
DEEHNPR;
DEEHNRS;17504
DEEHNUY;9792,15359
DEEHORS;17500,17533,17856
DEEHORT;9531,17503,17803
DEEHORV;17540,17821
DEEHOSY;9291,9318,9350,9835,13589,14036,15359,17807,17808,17809,17839,17856
DEEHPRS;
DEEHRRS;14040
DEEHRSS;14532,17533,17727,17801,17854,17856
DEEHRSU;9319,13964,15354,17726,17834,17835
DEEHRSW;
DEEHRTW;
DEEHSYY;
DEEHTTW;1671,9481,9837
DEEIINT;9704,17704,17748
DEEIIPR;1677,6645,6664,9898,15310,15396
DEEIIRW;15396
DEEIIST;9850,9851,17733
DEEIJLL;
DEEIJMM;17758
DEEIJTT;4404
DEEIKLL;
DEEIKLN;9802
DEEIKMS;9794
DEEIKMW;
DEEIKNR;17377,17511
DEEIKNS;9794
DEEIKOV;
DEEILLR;17761
DEEILLS;14035,15376,15406,17761
DEEILMS;17306,17369,17378,17932
DEEILNO;6515,6601,6641,9802,9911,15408
DEEILNR;
DEEILNS;
DEEILNT;
DEEILNV;
DEEILNY;2837,6638,6673,9572,9903,17307,17573,17762,17768,17929,17943
DEEILOR;9331,9730,9731,17688,17729,17730
DEEILOS;6666,9796
DEEILPR;14620,15215
DEEILPS;17369,17731
DEEILRS;13992
DEEILRT;17577
DEEILRV;
DEEILRW;15215,17803,17937
DEEILRY;2733,4842,6673,9804,9907,13953,14037,17307,17833
DEEILSS;
DEEILST;
DEEILSY;17765
DEEILTU;4890,9323,9707,9904,9915,13702,17571,17717,17775,17937
DEEILTV;9371,9867,9870,17803
DEEILWY;
DEEIMMO;9708,15335,15407
DEEIMMS;17932
DEEIMMW;
DEEIMNO;9565,9803,15407,15408,17762
DEEIMNR;
DEEIMNS;
DEEIMNT;
DEEIMOR;9708,17904,17937
DEEIMPR;
DEEIMPS;2833,15427,17266,17369
DEEIMPT;
DEEIMRS;
DEEIMRT;
DEEIMRX;9538,9539
DEEIMSS;17814
DEEIMTT;17717,17831,17932
DEEINNP;2795,6603,15115,15126,15213,15251,17379,17538,17718,17767
DEEINNS;
DEEINNT;
DEEINNU;4915,17515,17711,17778,17924
DEEINNZ;1686,2795,6608,9861,15339,15371,17383,17515,17538
DEEINOR;9331,9752,14000,17712
DEEINPR;17461
DEEINPW;15396,17789
DEEINRR;4415
DEEINRS;
DEEINRU;
DEEINRW;
DEEINRX;
DEEINSS;
DEEINST;
DEEINSV;
DEEINSW;17378,17384
DEEINSX;
DEEINTT;
DEEINTU;9704,9904
DEEINTV;
DEEINVW;15396,17602
DEEINVX;
DEEINWZ;
DEEIOPS;6666,15356
DEEIOPT;14615
DEEIOPX;15313,15408
DEEIORS;
DEEIOSV;17544
DEEIPPT;6726,14615,15334,17600
DEEIPRS;
DEEIPRT;
DEEIPRV;17611
DEEIPRX;
DEEIPSS;
DEEIPST;
DEEIQRU;
DEEIQTU;
DEEIRRS;
DEEIRRT;9662,17904
DEEIRRV;
DEEIRRW;
DEEIRSS;
DEEIRST;
DEEIRSU;
DEEIRSV;
DEEIRSW;
DEEIRSZ;9896,15345,17835
DEEIRTU;9707,14024
DEEIRTV;
DEEIRVV;6508
DEEISSU;15314,15357,15406,17376,17778,17881
DEEISSV;
DEEISTT;6583,17932
DEEISTW;17378,17384
DEEISTX;9538,9961,17719
DEEITTV;
DEEJNOS;2856,9605,15450
DEEJNOY;
DEEJQRU;
DEEKKRT;
DEEKLLN;2827,4878,9606,9900,17870
DEEKLLV;
DEEKLPS;9663
DEEKLRS;890,9663,17686
DEEKLTT;13675,15279
DEEKMNS;9794,17759,17991
DEEKMOR;
DEEKMRS;6734
DEEKNNS;17615
DEEKNOT;4920
DEEKNSY;9900,14597,15359
DEEKORV;
DEEKORY;
DEEKOVY;
DEEKPPS;15405
DEEKPRU;
DEEKRRS;6734,13676,17467,17686,17922,17990,17991,17992
DEEKRSU;17990,17991,17992
DEEKRTW;17870
DEEKSTT;
DEELLMS;14035,17322,17507,17572
DEELLNS;914,2859,6671,6736,9989,15376
DEELLPS;14589
DEELLQU;17929
DEELLRU;17573
DEELLRW;
DEELLRY;9718,9773,17572
DEELLST;9683,14062,17797
DEELLSW;
DEELLUX;
DEELMNO;15407,17485,17762
DEELMOR;17937
DEELMPT;916,2861,9719,9995,17623
DEELMPU;
DEELMRS;
DEELMRU;6679,9684,17937
DEELMST;13969,14001,17623,17932
DEELMSU;2835,4232,9684,9924,17932
DEELMSY;1664,2814,9567,14051,14063,15377,15454,17322,17572,17618,17765,17995,17996
DEELMTT;6562,6739,6740,9915,14042,15284,17717,17831,17932,17936,17937
DEELNOT;6739,6740,6742,13675,17994
DEELNPU;
DEELNRS;
DEELNSS;915,9989
DEELNST;2816,2864,6496,17620,17622,17994
DEELNSW;4852,6743,17855
DEELNSY;9994,17325,17627
DEELNTT;
DEELOOS;6666,9720,9825,13589,17698,17797
DEELOPP;14021
DEELOPR;15237
DEELOPS;17390
DEELOPV;6641,9867
DEELOPX;
DEELORS;17729
DEELORU;14617
DEELORV;
DEELORW;13946
DEELORY;2863,9317,9804
DEELOSU;9609,10001
DEELOTV;9867
DEELOTW;
DEELOVV;
DEELOVW;
DEELPRS;
DEELPRU;2857
DEELPRY;17577,17583,17891,18000
DEELPST;
DEELPTT;2861,6645,6740,10001,17744
DEELRRU;17627
DEELRSS;17679
DEELRSU;
DEELRSV;
DEELRSW;
DEELRUV;
DEELSST;17994
DEELSSW;
DEELSTT;15417,17744,17932
DEELSTU;
DEELSTW;
DEELSUV;
DEELSVV;
DEELTUX;15287,17547
DEELVXY;
DEEMMOV;
DEEMMST;2804,2805,6738,9871,10006,17830,17932
DEEMNOR;
DEEMNOT;17812
DEEMNOU;15112,17383,17515
DEEMNOV;9872,14612
DEEMNOY;9758,9829,14063,15169,17762,17812,17955,17995
DEEMNRS;
DEEMNST;17623
DEEMNTU;17392
DEEMNUW;
DEEMORS;
DEEMORV;
DEEMORX;17592
DEEMOSS;9630,17839,17959
DEEMOST;
DEEMOSY;6754,9350,9758,9829,14051,14063,15454,17322,17618,17765,17839,17955,17995,17996
DEEMPRS;
DEEMPSU;9761,9809,9810,15427,17952
DEEMPTT;2808,6740,6754,9688,9830
DEEMRRU;6734,14045
DEEMRSU;15457
DEEMSUY;9350,10006,17995
DEENNOR;14025
DEENNOS;
DEENNOT;6742,9280,9360,9784,17812
DEENNOY;14043,17812
DEENNOZ;2795,15339,17383,17515,17538,17748
DEENNPT;
DEENNRU;
DEENNST;9388,17282
DEENNTZ;9861,15371,17909
DEENNUY;17348,17798,17929
DEENOOR;6402,14058,15470,17319,17349
DEENOPR;9752
DEENOPS;6743
DEENOPT;6740,6752,14600,15244,15283
DEENORS;
DEENORT;9280
DEENORW;6586
DEENORZ;2863,15434
DEENOST;
DEENPPR;
DEENPRS;
DEENPRT;
DEENPSX;
DEENRRS;9985,17677
DEENRRU;17860,18011
DEENRSS;14531
DEENRST;
DEENRSU;
DEENRSV;9312,9638,17285,17701
DEENRSZ;
DEENRTU;
DEENRTV;17624
DEENSST;17281,17282
DEENSSU;17777,17863,17923,17969,17994
DEENSSY;14063,15395,17740,18014
DEENSTT;9693
DEENSTU;17994
DEENSTX;14039,17719,18015
DEENSUV;
DEENSUW;9833,10022,17476,17726,17992,18005
DEENSUX;14039,17606,17719,18015
DEENUVX;
DEEOPPY;14021,17852,17945
DEEOPRR;
DEEOPRS;
DEEOPRW;
DEEOPSS;
DEEOPSX;
DEEOPTU;2851,4930,15444,15475,17700
DEEOPXY;
DEEORRR;
DEEORRS;
DEEORRV;
DEEORST;
DEEORSV;
DEEORSW;
DEEORSX;
DEEORTT;
DEEORTV;18002
DEEORTW;903,9837,10021,17503,17602
DEEORTX;15465,17568
DEEORTZ;2818,15282
DEEORUV;17611
DEEORVY;2863,6691,9755,15434,17684
DEEORXX;
DEEOSTV;6709,6710,13691
DEEOSTX;9530
DEEOTUW;17937
DEEPPPR;9972,17393,18011
DEEPPST;
DEEPPSU;15405,15427
DEEPRRS;
DEEPRRU;
DEEPRSS;
DEEPRST;
DEEPRSU;
DEEPRTU;15475
DEEPRTY;2817,9830,10010,15241,17577,17685,17768,17845
DEEPRUV;9642,15444,15476,17611
DEEPSTU;6435
DEEQSTU;2785,15265,15405,17544
DEERRSS;896
DEERRUV;
DEERSSS;1691,6559,13694,17998
DEERSST;
DEERSSU;
DEERSTV;319
DEERSTW;
DEERSTX;319,2800
DEERSTY;17501,17551
DEERSVW;
DEERTTU;
DEERTUX;2867,17547,17941
DEESSTT;14016,15403,17814,17920
DEESSTV;17792
DEESTTT;
DEFFFLU;
DEFFGRU;
DEFFHIW;
DEFFHOU;4933
DEFFHOW;
DEFFIKS;
DEFFILP;6766
DEFFILR;4932,10023
DEFFILS;
DEFFIMO;
DEFFINS;1712,6765,6767,9392,18021
DEFFIOS;6767,9391
DEFFIPS;
DEFFIQU;
DEFFIRS;1712
DEFFIST;15479,18018
DEFFISU;10024,17651
DEFFKOS;
DEFFLMU;
DEFFLPU;
DEFFLRU;920,4933,18022
DEFFLSU;
DEFFNOR;920
DEFFNOS;6767
DEFFNSU;9314,9392,17651,17652,17654,18021
DEFFOPU;
DEFFORS;
DEFFOSW;
DEFFRSU;4933,18022
DEFFSTU;9392,10024,15479
DEFGGIR;2874,2875,10027,10028,10029,18023
DEFGGLO;
DEFGGOR;10027,18023
DEFGGRU;2875,10028,18023
DEFGINN;10036,17482,18044
DEFGINR;2875,18028
DEFGINU;
DEFGINY;14069,18046
DEFGIOR;9661
DEFGIRS;2875,4860,17660,18035
DEFGIRT;18036,18038,18045
DEFGIRU;18028
DEFGIST;
DEFGITY;15311,17663,18024,18036,18041,18046
DEFGNOU;
DEFGRTU;6768,9661,9662,10038,17661,18045
DEFHIRS;1344,10040,10046
DEFHIST;
DEFHLOO;15174,15308,15482,17394
DEFHLSU;
DEFHOOW;
DEFHORT;10043,18052,18053
DEFHRSU;4933,9319,10039,17655
DEFIILM;
DEFIILN;
DEFIIMS;
DEFIIMW;
DEFIINU;2882,6775,10028,14068,17397,18051
DEFIINX;18039,18058
DEFIIST;17399
DEFIKLS;
DEFIKRS;
DEFILLO;
DEFILLR;10040
DEFILMP;15313
DEFILNR;
DEFILNT;17671,18027
DEFILNU;2882,2885
DEFILOO;10071,15174,18058
DEFILOW;17669
DEFILPP;
DEFILPU;
DEFILRT;2874,10023,10032
DEFILRU;
DEFILSS;15175
DEFILST;1716,10032,15225
DEFILSU;
DEFILTT;2885,6562,10056
DEFILTY;9494,10041,17687
DEFILXY;
DEFILZZ;
DEFIMOR;
DEFIMOW;
DEFINRS;18052
DEFINRU;18049
DEFINRY;6558,6563
DEFINST;10049,10073,18029,18041,18052
DEFINSU;2882
DEFINSY;1716,6776,17659,18037,18041
DEFINUX;
DEFINUY;2885,15488,18037,18046,18049
DEFIOOS;10055,10073,15177,17398,17399,18052,18058,18062
DEFIOQU;
DEFIORU;4941
DEFIOST;4942,6767,10060,10073,15177,15487,17399,18052,18053,18062
DEFIPRY;17685,18061
DEFIRRT;
DEFIRST;10073,15177,18018
DEFIRTT;
DEFIRTU;6784,9392,10038,17661,18049
DEFIRTZ;9656,10059
DEFIRZZ;
DEFISTU;15485
DEFISTW;9681
DEFKLNU;
DEFLLOU;6783
DEFLLUW;
DEFLMOS;
DEFLMPU;
DEFLNOO;17697,18058
DEFLNOP;
DEFLNOR;
DEFLNOS;6788,10064,17697
DEFLNOT;10077
DEFLNRU;
DEFLOOR;9650,15174,15482
DEFLOOT;
DEFLOOZ;10071
DEFLOPP;14021
DEFLORS;
DEFLORT;
DEFLORU;4943
DEFLOSS;1711,6788,10045,14071,18065
DEFLOSU;14071,18059,18060
DEFLOTU;14071,17698
DEFLPRU;15490
DEFLRRU;4943
DEFLRUU;
DEFLUZZ;
DEFMNUU;922,1721,10077
DEFMORS;10073,18048,18052
DEFMPRU;
DEFNOOR;6779
DEFNORT;1713,10078,13996,18053
DEFNORU;4941
DEFNORW;
DEFNOST;4942,6767,10060,10073,10078,15487,18048,18052,18053
DEFNOSU;4942,14071
DEFNPRU;9690
DEFNRSU;10039
DEFNSUU;18020
DEFOOPR;6785,9650,15174
DEFOOPS;10047,17399,18062
DEFOORS;
DEFOORT;6779
DEFOORY;17698
DEFORST;4946,18018,18048,18053
DEFORTU;4943
DEFSSUU;18067
DEGGGIL;
DEGGGIN;
DEGGGIR;2789
DEGGGLO;
DEGGGLU;14072
DEGGGOR;
DEGGHIL;10080,17496
DEGGHIN;10027,10080,17496,17703,18069
DEGGHIT;9698,10027,10080,17496,18069
DEGGHIW;
DEGGHOS;9397
DEGGIJL;
DEGGIKN;
DEGGILN;18075
DEGGILW;
DEGGINS;15323,18076
DEGGINW;
DEGGIOR;
DEGGIOS;9497,14074,18074
DEGGIPR;10093
DEGGIRS;9697,18076
DEGGIRT;2874,10080,10087,18069
DEGGIRU;14024
DEGGISW;14023
DEGGITW;
DEGGJLO;
DEGGJLU;
DEGGKOS;
DEGGKSU;10096
DEGGLOO;13588,13590,14073,18070,18071,18074,18075
DEGGLOR;
DEGGLOS;9497,10089,18074
DEGGLOT;2790,14073
DEGGLOV;
DEGGLPU;10096
DEGGLRU;9699,10028,10080,10088,10096,10097
DEGGLSU;10088,10096
DEGGMSU;
DEGGNOO;18075
DEGGNOS;76,9497,10089,15323
DEGGNOU;
DEGGNSU;9504
DEGGOPR;9701,10093
DEGGORS;874,9397,10031
DEGGORT;
DEGGORY;
DEGGOSS;10098
DEGGRRU;
DEGGRSU;10096,10097
DEGGRTU;9699,10080,10087,14024
DEGHHIT;18080,18081,18082,18083
DEGHHOU;9402,14078,18082
DEGHILN;18086
DEGHILT;17717,18091
DEGHINN;
DEGHINO;9709,10112,13635,14077,17273,17703,17720,18080,18081,18086,18089
DEGHINR;14077
DEGHINT;9704,9709,10114,10115,18024,18081
DEGHINW;17273
DEGHIOT;6797,6798,9709,10101,10114,10115,10117,10118,10119,18080,18081,18083,18086,18089,18090,18091,18092
DEGHIPT;6798,18081
DEGHIRT;18083,18092
DEGHIST;15180,18083
DEGHITW;
DEGHLLO;17394,18086
DEGHLOO;10118,14073,17394,18071,18091
DEGHNOT;9709,10114,10115,18080,18081,18086,18089
DEGHORR;2740,2896,2898,4428,6568,6794,9717,10104,14025,14078
DEGHORU;9721
DEGHOST;6797,6800,9709,10114,10117,17655,18080,18083,18090,18092,18095
DEGHOSU;6799,9397,10132,17655
DEGHOTU;18089
DEGIIKR;18121
DEGIILL;10145,10147,10148,14084,17733,18105,18122,18124
DEGIILN;18075
DEGIIMR;
DEGIIMS;15498,17507
DEGIINN;
DEGIINR;
DEGIINS;
DEGIINT;18024,18081
DEGIIPS;17718,17731
DEGIIRR;9732,10170,15330,15511,15513,18137
DEGIIRS;14023,17507
DEGIISW;10193,14023
DEGIJLN;
DEGIJRU;14024
DEGIKLO;15516,17759
DEGIKNS;2793,4955,17759,18148
DEGILLO;14093,15515,15516,17733,18086,18122,18124
DEGILLR;14092,15515,17761,18105,18122,18150
DEGILLU;10088
DEGILLY;2914,6578,14092,18026,18150
DEGILMN;
DEGILMS;17507
DEGILNN;
DEGILNO;18075,18086
DEGILNP;
DEGILNS;
DEGILNT;14093,15521,18151,18157,18158
DEGILNU;18153
DEGILNV;15523
DEGILNW;
DEGILOP;1726,10101,15334,17736,17743
DEGILOR;14089,17730,17775,18092
DEGILOS;15516,18031
DEGILOU;17775,18153
DEGILRR;10152,15330,17508
DEGILRS;18031,18092
DEGILRU;323,1738,2907,6809,17775
DEGILRW;2914
DEGILTU;1736,1737,2890,6583,10216,10217,15333,17775
DEGILTZ;10115,10118,10166,10217,10219,17766,18091
DEGILUV;
DEGIMNN;17406,18044
DEGIMNO;
DEGIMNS;
DEGIMPU;
DEGIMSS;14094
DEGIMST;17501,17518,17764,17765,18090,18092,18151
DEGINNN;2888,6827,14086,17762,17767,18032,18072,18073,18108
DEGINNP;
DEGINNR;
DEGINNS;
DEGINNT;
DEGINNU;17515
DEGINNV;
DEGINNW;
DEGINNY;15520,15521,17762,18032,18046
DEGINOP;18081
DEGINOR;17730
DEGINOS;17782
DEGINOT;10115,14093,17410,17770,18081,18086,18157,18158
DEGINOW;
DEGINRR;18160
DEGINRS;
DEGINRU;
DEGINRW;
DEGINRY;18036
DEGINSS;
DEGINST;18151,18157,18158
DEGINSU;
DEGINSW;
DEGINSY;17659,18041
DEGINTU;
DEGINTW;17411,18111,18113,18139
DEGINUX;17719
DEGIOOR;6815
DEGIOOS;15499,15508,15516,18074
DEGIOPR;1726
DEGIORR;
DEGIORT;17411
DEGIPPR;2928,2929,2930,18162
DEGIPRU;323,1738,2907,6809,18134,18145,18148
DEGIPSY;6797,6833,17409,17773,18125,18145
DEGIQSU;2924,2925,6829
DEGIRRS;9697,13997
DEGIRRU;9748,14605,17786,18160
DEGIRSS;14094
DEGIRSU;
DEGIRTT;14024,15497,15526,18083,18159
DEGISST;17407
DEGISSU;
DEGISTU;
DEGISTW;18095,18113
DEGJLNU;
DEGJRSU;
DEGKKOR;
DEGKLSU;10096,10238
DEGKLUY;
DEGLMMO;
DEGLMOO;6817,15498
DEGLMOU;9412,15530
DEGLNNO;1667,9775,17412,17798
DEGLNOP;18099
DEGLNOS;17798,18099
DEGLNOU;15530,18099
DEGLNPU;18099
DEGLNRU;15530
DEGLNSU;17798,18099
DEGLNUU;1743,6821,10209,10211,10212,15530,18027,18096
DEGLOOP;14073,17743,18099
DEGLOPP;15334,17743
DEGLOPR;1726,10101
DEGLOPS;18099
DEGLORS;2878,14096,17395,18031
DEGLORW;14087,14089,18070
DEGLOSS;1711,6505,9774,18031
DEGLOST;6504,6838,14096,17797
DEGLOTU;10216,10217,17775
DEGLPSU;18099
DEGLSSU;
DEGLTTU;2890,4958,10216,10217,10218,10219,17717,17775
DEGLUZZ;
DEGMNOO;6825,15508,18044,18069,18100
DEGMOOR;6817,18044,18100
DEGMOOS;15498,15508,18090
DEGMPRU;10239,18148
DEGMRSU;18048
DEGMSSU;2916,10092
DEGNNOU;9784,17515
DEGNOOS;15499,15508
DEGNOPR;
DEGNOPS;17403,18099
DEGNORU;
DEGNORW;6586,18070
DEGNOTU;326,9784,18046
DEGNRSU;17452
DEGNRTU;9786
DEGNRUU;13949,15526,18160
DEGNSSU;13714,17352
DEGNUVY;18145,18164
DEGOORV;
DEGOOST;6800,9720,10031,14096,17797
DEGOPRU;2936,10233,10239,18129,18148
DEGORRS;874,2878,10031,17531
DEGORSS;10167,14094,18031
DEGORST;
DEGORSU;9721,17530
DEGORTU;17775
DEGOSST;17407
DEGOSTU;326,1736,10216
DEGOSTW;18095,18102
DEGRRTU;14078
DEGRSTU;
DEGSSTU;930
DEHHIPS;15533,15534,17415,17802,17804,17805,17807,17808,17809,18080,18169
DEHHISW;17806
DEHHMPU;
DEHHOOS;4947,10252,13589,14099,15342,15536,18181,18182
DEHHSSU;4960,14097,18180,18183
DEHIIKO;15542
DEHIINN;6852,9704,10107,14633
DEHIIPS;4948,15346,15533,17718,17802,17821,18080,18169,18185,18190,18200
DEHIIRS;4948,9403,10111,10265,10268,14023,15345,15552,17397,17802,17816,17821,18051,18185
DEHIKRS;10274
DEHIKSW;4308
DEHILLO;15350,18086
DEHILLS;6792,10112,17669
DEHILMS;15182
DEHILNP;2938,9802
DEHILOT;5813,5814,10101,10114,10115,10117,10118,10259,10260,10261,10284,14637,15350,17355,17830,18086,18089,18189
DEHILPR;4386,9702,14037,15174,15537,17421,18096,18185,18207,18208
DEHILRS;4234,15182,18092,18096
DEHILRT;10023,10080,18092,18093
DEHILRW;
DEHILSS;13716,15565,18094
DEHILTY;1347,9797,10023,10041,18026,18093
DEHIMMS;18211
DEHIMMW;
DEHIMNS;
DEHIMNU;17359,17360,18189
DEHIMOP;10279,18168
DEHIMOR;2895,2940,9708,18069
DEHIMOS;
DEHIMOT;18069,18091,18172,18189
DEHIMRS;17501
DEHIMRU;2943,10281
DEHIMST;2804,4963,6408,9538,9811,14001,17535,17541
DEHIMUX;
DEHINNS;6607,9421,10285,10289,15572,15573,17537
DEHINNT;2879,4963,6852,9704,9713,10108,10267,10285,10288,18174,18186
DEHINOP;15347,17538,17703,18081
DEHINOR;14077,18214
DEHINOS;
DEHINOY;13635,15542,15554,15572,15573,18214,18216
DEHINPS;
DEHINRS;15182
DEHINRU;14638,18049,18096,18214
DEHINUV;
DEHIOOR;10123,14077,17543,17837,18176,18177,18194,18211,18212,18214
DEHIOOS;13980,15569,17423,18176,18177,18211
DEHIOOT;9803,10115,10118,10288,14640,15186,15355,17355,17394,18091,18189,18196,18201,18224
DEHIORS;
DEHIORT;15570,17354,18083
DEHIOST;5813,6797,10260,10261,10302,10303,10304,10305,14535,14637,17807,17808,17809,18083
DEHIOSU;
DEHIOSV;10112,15562,17540,17544,17821,18207
DEHIOSW;17669
DEHIOSX;10123,15569,18200,18220
DEHIOTU;2879,17360,18089,18174,18189
DEHIPPS;2947,10242,15538,18190,18204,18223
DEHIPPW;
DEHIRRS;6871,18207
DEHIRRU;
DEHIRRW;15574,18213
DEHIRST;
DEHIRSU;15565,18096
DEHIRSV;15562,18207
DEHIRTV;1722,6791,17536,17803,18175
DEHIRTW;
DEHIRTY;6858,10023,10032,18049,18093
DEHISSW;
DEHISTT;10303,10305,17808
DEHISTW;
DEHISVV;
DEHIWZZ;
DEHKNTU;14105,17720,18089
DEHLLOO;15558,17394,18179
DEHLLOU;18204
DEHLMOU;6864,9824,18189
DEHLMSU;
DEHLNOS;936,6512,14106,15142,15185,15350,15543,17398,17424,17830,17855,18099,18205,18226,18228,18229,18230
DEHLOOS;10311,13589,18228,18229
DEHLOOT;17355,17394,18179
DEHLOPP;18190,18204
DEHLORS;10040,17275,17856
DEHLORW;9531,18070
DEHLOSS;2941,9791,9819,10040,10257,10308,10309,15185,15341,15561
DEHLOST;5813,10124,10125,10260,10261,14102,14106,14637,15543,15545,18230
DEHLPSU;18099,18226
DEHLRRU;9707
DEHLRSU;10039
DEHLRTU;2943,4882,9707,9821,10039,10080,10284,14097,15187,17547,18093,18230
DEHLSSU;9722,10307
DEHLSTU;10039,14102,18230
DEHMNOO;6624,9425,9803,10279,10311,14098,15559,15560,15568,18052,18069,18189,18228
DEHMNPY;15239
DEHMNSU;15569,18228,18231
DEHMOPR;9708,9719,10119,10266,14635,17540,17802,17821
DEHMOPW;
DEHMORU;1349,6885,10281,14002,14107,18194,18231
DEHMOST;18231
DEHMOTU;6864,9824,14107,17359,17360,18189,18194,18231
DEHMPTU;
DEHMPUW;
DEHMSSU;18232
DEHNNSU;6607,6770,6799,9347,9833,10106,10289,15142,15354,17416
DEHNOOR;4964,6402,6464,6624,9425,10127,14077,14098,15551,15552,15559,15560,15568,17276,17421,18070,18100
DEHNOOW;
DEHNOPU;1765,6626,6627,18219
DEHNORS;
DEHNORT;9425,10295,15187
DEHNORU;1765,6627,10295,17425
DEHNOSU;13687,14590,15142,18099,18226,18228
DEHNOSY;15359
DEHNOTZ;2807,10115,10256,10295,15554,17360,18081,18088,18196
DEHNRSU;
DEHNRTU;15187
DEHNSSU;13714,17397,18051,18180,18236
DEHNSSY;10318,15352,15544,15572
DEHNSTU;
DEHNSUZ;17850
DEHNSYY;17424,18101,18220
DEHOOPT;9814,9815,10288,15186,15244,15355,17804,17805,18181,18195,18196,18200,18201
DEHOOPW;18099
DEHOOST;14099,18181
DEHOOSW;17553
DEHOOTT;6843,15355,18179,18224
DEHOOTW;18175,18183,18235
DEHOPPS;2946,2947,10047,17500,18190,18204
DEHOPPW;
DEHORSS;4969,9428,10308,10309,14532,15575,17533,18232
DEHORST;4935,15567,15570,17275,17533,18083
DEHORSV;10132,14608,17540,17553,17821
DEHORSW;18070
DEHORSX;10123,10129,10321,14039,17543,18101,18220
DEHORTT;15571,15574,18083,18224,18231
DEHORTW;903,9531,9837,18183,18235
DEHOSTT;1754,6615,9831,9834,9835,9838,10303,10305,14637,15364,17533,17808,17829,18083
DEHOSTU;6887,9397,10132,14590
DEHOSTW;17855,18102,18183,18235
DEHPPUW;
DEHPSSY;17807,17846
DEHPTTU;9728
DEHRRTU;14078,14107
DEIIIRS;1771,2880,6635,6892,6903,6907,9839,13684,15537,15539,17864,17866,18018,18169,18246
DEIIIRZ;2881,6893,9840,9845,10255,10256,10330,10333,13685,17867
DEIIJMM;
DEIIKKL;
DEIIKLS;
DEIIKNR;17874,18121
DEIIKNS;
DEIIKST;18248
DEIILLR;15375,17870,18122
DEIILLS;4310,5820,6891,10081,14084,14645,15592,17507,18122,18252,18253
DEIILLW;14084,17870
DEIILMN;14042,15190,15212
DEIILMP;9852,15313,17369,18168
DEIILMT;2900,6931,10347,14042,15212,17717
DEIILNS;624,13723
DEIILOS;
DEIILOZ;5814
DEIILPS;4838,4885,4977,17369,17718,17731
DEIILRV;4980,15593,15596,18260
DEIIMMX;
DEIIMNO;6513,9354,10381,15190,15387,15506,15507,17897
DEIIMRT;9561,9881,10266,10348,10349,10353,10385,17559,17864,17904,18194,18254
DEIIMST;
DEIIMSZ;6855,14118,15548,15599
DEIIMVW;
DEIINOS;
DEIINOT;17748,18081,18196
DEIINOZ;18081,18196
DEIINRR;10170,13721,15511,15601,17431,18137
DEIINRS;
DEIINRT;14110,17870
DEIINRU;13948,15594,17401,17742,18057,18134,18137
DEIINRV;15387,15396,15622
DEIINRW;15396,17433,17870,18199
DEIINSS;13982,13983,14113
DEIINST;
DEIINSV;
DEIINSY;937,4864,9893,10267,10393,10410,14019,14044,15366,15377,15508,15544,17429,17430,17433,17659,17663,18035,18041,18118
DEIINTV;15371
DEIIORS;5781,6647
DEIIORT;6901,17354,17904
DEIIORV;9559,9560,14088,14111,15378,15387,15396,15401,15622,17684
DEIIORZ;4949
DEIIOSS;10269,18202
DEIIOSX;10402,15376,15605,18200
DEIIOSZ;14118,15548,15599
DEIIOXZ;18201
DEIIPPR;1788,6664,9895,9896,14635,15226,18258
DEIIPRS;
DEIIPRT;
DEIIRRT;5823,6916,6945,9563,9897,9898,10259,10385,10418,14045,14119,15330,15601,17567,17568,17904,18116,18139,18143
DEIIRST;
DEIIRTT;1788,5769,6599,6664,6932,15401,15531,17354,17862,17874,17904
DEIIRTX;
DEIIRTZ;2822,2825,2971,6599,6782,6951,9861,10059,10255,10256,10330,10333,15541,15554,17564,17568,17867,18088
DEIIRVV;
DEIIRZZ;
DEIISTT;
DEIISTV;13691
DEIISVV;
DEIISZZ;
DEIIVZZ;
DEIJLLO;
DEIJNOR;
DEIJNOT;
DEIJNPU;10199,15151,18271
DEIJNRU;15151,18271
DEIJNSU;18271
DEIJORY;
DEIJOST;5830,6917,6975,13691
DEIJRRS;18271
DEIJTTU;14024
DEIKKNS;10274,17922
DEIKKRS;10274,17922
DEIKLLS;6891,6918,18248
DEIKLNP;612,9802
DEIKLNR;
DEIKLNS;14102
DEIKLNT;17569,17570,18089
DEIKLNU;18188
DEIKLNW;
DEIKLOP;6666,6918,9802
DEIKLOR;2940
DEIKLOS;14102,17569,17570,17759
DEIKLRS;
DEIKLRT;17870
DEIKLST;
DEIKLTT;6976
DEIKMMS;
DEIKMPS;
DEIKMRS;6861,10274,13726
DEIKNNS;
DEIKNOS;15404,17759,18148
DEIKNOV;
DEIKNPR;15310,17511,18148
DEIKNPS;18148
DEIKNRR;547,2913,17377,18149
DEIKNRS;2979,13726,18148
DEIKNST;9740,13726
DEIKNSW;17430
DEIKNSY;17430
DEIKNSZ;17570
DEIKNTT;
DEIKNTW;17720
DEIKORR;5688,18149
DEIKORS;18148
DEIKOSY;4955
DEIKPPS;15405
DEIKQRU;
DEIKRRS;17686
DEIKRSS;
DEIKRST;
DEIKRSU;13726
DEIKSTY;4405,17430
DEIKSVY;
DEILLMO;6471,14645,15625
DEILLMU;6471,14645,15374,15625,17571,18248
DEILLNW;
DEILLOR;
DEILLOS;943,10345,13592,17733,18124,18252,18253
DEILLOV;10343
DEILLPR;15558
DEILLPS;17687
DEILLQU;15592,17929,18252,18253
DEILLRR;2830
DEILLRT;
DEILLRU;6927,10088,10423,14005,14092,17573,17761,18150
DEILLRV;
DEILLSS;6983,10276,10425,15406,17572,18065,18252
DEILLST;6983,6984
DEILLSU;14005,15374,18204,18252,18253
DEILLSW;
DEILLTW;10041,17870
DEILMMP;2833,10347,17369,18273
DEILMMS;17574,17830,17932,18273
DEILMNS;15261,17306,17378,17830
DEILMNU;18153,18274
DEILMNW;14042,18172
DEILMOP;18168
DEILMOR;2940,10244,15559,15560,18092
DEILMOS;
DEILMOY;2883,2940,9804,9805,9907,10257,10342,17762,17765,17766,18091
DEILMPP;
DEILMPR;17577
DEILMPS;17369
DEILMPW;
DEILMST;14001,17306,17378
DEILMSW;14001,17378
DEILMWY;
DEILMXY;
DEILMZZ;
DEILNNS;13994,14019,14044,17378,17379,17933,17938,17939
DEILNNU;14122,15488,17348,18174
DEILNOO;6994,6996,9802,10071,10355,10358,10436,13721,15189,15331,17355,17431,18075,18188
DEILNOS;
DEILNOT;14093,14651
DEILNOU;18153,18188
DEILNPP;18107
DEILNPS;
DEILNPU;13724,17435
DEILNRT;328,14041,15262,17870
DEILNST;
DEILNSW;
DEILNSY;14634,14652,15197,15544,17429,17430,17435,18255,18273
DEILNTU;
DEILNTW;10442,14042
DEILNUV;14088,15523,17434,18241
DEILOOS;15516,18252,18253
DEILOPR;14620,15237,15631,17421
DEILOPS;
DEILOPT;15595
DEILOPU;
DEILORS;
DEILORT;15631
DEILORW;14089,17937
DEILOSV;15382,18207
DEILOSY;6925,6978,6982,9805,10257,10345,10422,14652,17765
DEILOTU;1737,10217,17775
DEILPPR;
DEILPPS;15538,18107
DEILPPT;15334,15595
DEILPPU;
DEILPRT;15629,15630,15631,17577,17947,17948,17949,18154,18159
DEILPRU;
DEILPSS;
DEILPSU;
DEILPTY;1794,10428,15334,15595,15632,17435,17577,17687,17768,17948,18171,18258
DEILQTU;15265,17943
DEILRRU;4413,5785,7004,7007,9707,13728
DEILRSS;10424,14114
DEILRSV;1806,1807,2917,18207
DEILRSW;
DEILRSY;
DEILRTU;4890,13702,15593,17775
DEILRTW;17870,17937
DEILRTY;
DEILRVY;17434
DEILRWY;2914,13953
DEILRWZ;14089
DEILRZZ;
DEILSST;15175
DEILSTT;948,2749,4444,6475,6844,9869,9913,10258,15417,17932,18106
DEILSTU;
DEILSTW;
DEILSTY;14051,17765,17944,17948
DEILSUV;13720,18260
DEILSZZ;
DEILTTT;6696,17775
DEILTTU;17717,17775,17932,17937,18254
DEILTTV;4987
DEILTTW;14042,17937
DEILZZZ;
DEIMMMU;17932
DEIMMOT;10369,10370
DEIMMPR;6785,9708,10220,10347,10449,18211
DEIMMRS;
DEIMMRT;10347,10349,10370
DEIMMRU;
DEIMMST;
DEIMMSU;10446,17574
DEIMNNU;
DEIMNOP;15346,15347,15408,17537,17538,18040,18125,18211,18273
DEIMNOR;15559,15560,17406
DEIMNOS;
DEIMNPS;9810,15346,17369,18125,18211,18273
DEIMNRS;13715,15182,18132
DEIMNRU;
DEIMNSS;
DEIMNST;
DEIMNSW;17378
DEIMNTU;
DEIMNUX;
DEIMOOR;6785,6817,15559,15560,15625,17694,18044
DEIMOOS;15498,17436
DEIMOPR;9708,14635
DEIMOPS;17436
DEIMORR;15601,17904
DEIMORS;
DEIMORU;14125,17383,17406,17904
DEIMOSS;
DEIMOST;
DEIMOSW;18213
DEIMOTT;1808,14125,15571,17897,17904,17937,18172
DEIMOTV;1812,6709,6710,6771,10452
DEIMPPR;3000,9808,10385,14635
DEIMPRT;15238,17460,17461
DEIMPRU;4903,10449,15429
DEIMPSU;9810,10449,17436
DEIMPTU;15429
DEIMRRS;
DEIMRSW;18213
DEIMRSY;15377,15600,15603,17501,17572
DEIMRUU;13703,15593,18279
DEIMSST;
DEIMSSU;10092
DEIMSTT;17932
DEIMSTU;
DEIMSTY;14051,14124,15600,17765
DEINNNU;10391,15317
DEINNOO;6987,14070,14095,15190,15499,15500,15518,15522,15559,17431,17938,18044,18214,18265,18266
DEINNOP;6603,6711,17538
DEINNOR;2981,15559,17431,17482
DEINNOS;13671,15269
DEINNOT;
DEINNRS;
DEINNRU;
DEINNST;2973,4963,10049
DEINNSU;
DEINNSW;2983,17378,17939
DEINNSY;14019,14044,14124,15395
DEINNTU;
DEINNTW;17411
DEINOOZ;10071,10115,10232,10336,10374,18075,18196,18266
DEINOPR;
DEINOPS;
DEINOPT;18081
DEINOQU;2998,10469,18161,18214
DEINORR;14125,17431,17867
DEINORS;
DEINORU;14125
DEINORW;
DEINOSS;
DEINOST;
DEINOSW;1793
DEINPPS;
DEINPRS;
DEINPRT;17461
DEINPST;
DEINPSU;7034
DEINPUW;17789
DEINRRU;3004,10438,18021,18160
DEINRST;
DEINRSU;
DEINRSV;
DEINRSW;10046
DEINRTT;
DEINRTU;18049
DEINRTX;10433,14651,18285
DEINRTY;6715,9893,17433,18216
DEINRUW;
DEINSST;
DEINSSU;1816,6478,6723,15398,17582,17881
DEINSSV;
DEINSSW;
DEINSSY;14121,14123,15395,15572,15645,17465,17523
DEINSTT;
DEINSTU;
DEINSTY;14051,14082,14124,17381,17429,17430,17433,17435,17465,18041,18118,18128,18282
DEINSUZ;1821,2882,4240,6930,6941,10165,10225,10415,13983,18060
DEINUVW;
DEIOORS;10393,17543,17938,18058
DEIOORW;15527,18175
DEIOORZ;10071,10232,15434
DEIOOSS;15442,15516,15604,18202,18252
DEIOOST;15197,17987
DEIOOSW;
DEIOOSZ;9815,17805,18253
DEIOOVV;
DEIOOWW;
DEIOPPP;3012,9972,10469,15595
DEIOPPS;951,953,7037,9598,10418,15427,17436
DEIOPRS;
DEIOPRT;3012
DEIOPRV;17611
DEIOPRX;3000,3004
DEIOPSS;18202
DEIOPST;18200
DEIOPSV;
DEIOPTT;953,1782,6780,7005,10303,10305,10401,10450,15355,17744,17808,17810,18224
DEIOPTV;15270
DEIOQTU;18161
DEIORRT;17568,17867,18143,18224,18284
DEIORRW;
DEIORSS;
DEIORST;
DEIORSV;
DEIORSW;
DEIORSZ;15235,15573,17723,18220
DEIORTT;15571,17354,17775,17852,17904,17937,18224
DEIORTU;3002
DEIORTZ;15541,15554,15631,18088,18258
DEIORVZ;15434,17890
DEIORWW;
DEIOSTT;953,10303,10305,17808
DEIOSTU;1811,9264
DEIOSTV;6709,6710,6915,13691,14111,17544,18143,18245
DEIOSTW;
DEIOSTX;18200
DEIOSTZ;15541,15548,15599,17570,17805,17809,17847
DEIOSUV;2986,10413,17544,17946
DEIOTUV;
DEIOTUW;
DEIPPPU;10469
DEIPPQU;10469
DEIPPRR;
DEIPPRS;15226,15603
DEIPPRT;1788,3000,3012,6664,6726,10385,17600,17852,18284
DEIPPST;951,953
DEIPPSU;15405,15427,15603,17436,17959
DEIPRSS;18055
DEIPRST;
DEIPRSU;18219
DEIPRSY;17583,17773,17891
DEIPSSU;18065
DEIPSSV;10269,18202
DEIPSTT;953,2953,10303,10305,10401,15533
DEIPSTU;
DEIPSUV;17605
DEIPSUZ;9602,9810,9896,10415,14118
DEIPSXY;
DEIPTTU;
DEIQRSU;
DEIQRTU;2988,10363,18161
DEIQTTU;9433
DEIQUZZ;
DEIRRST;2991,6916,10429,18116,18143
DEIRRSU;18136,18138
DEIRRSV;2991,10410,10441
DEIRRUX;3004,3013
DEIRSST;
DEIRSSU;
DEIRSTU;
DEIRSTV;18143
DEIRSTW;
DEISSST;18247
DEISSSU;2990,18051,18059
DEISSTU;
DEISSTV;17792,18240
DEISTTW;15533
DEISWZZ;
DEITTTW;
DEJLOST;17429
DEJLSTU;2978,3014
DEJOORY;10480
DEJOSTU;5830,6917,6975,10481,18048
DEKKLSU;6617
DEKKNRU;17922
DEKKNSU;6617,17922
DEKLLNO;4878,4957,9606,18188
DEKLLOS;6836,6918,9606,15515,15516,15528
DEKLLSU;18079,18248
DEKLNOP;9802,18289
DEKLNPU;18289
DEKLNRU;911,4918,18289
DEKLRSU;10096,10238,17990
DEKNNOS;15404,15519,17615
DEKNNRU;
DEKNOOS;15404,15647,17615
DEKNOPP;
DEKNOPR;18148
DEKNOQU;
DEKNOST;
DEKNOSW;
DEKNOSY;4955,14597,15359
DEKNOTT;14105
DEKNOTU;4920,14061,14105,17720,18089
DEKNOUY;15359,18289
DEKNPSU;18148
DEKNRRU;4430,13557,17377,17922
DEKNRSU;10238,17922,17990,18148
DEKNRTU;15279
DEKNSSU;
DEKOOPS;6666
DEKOOST;6668,6919,17615
DEKOOTW;
DEKOPST;5687,14535
DEKORST;
DEKORWY;
DEKOSSU;4919,9987,13733
DEKOSVY;
DEKPRSU;10096
DEKRSUY;
DEKSSTU;
DELLMOO;15625
DELLOOW;881,7039
DELLOPR;7039,15558
DELLORR;3017
DELLORT;1758,18179,18227
DELLOSU;2746,9609,10482,10484,18204,18252,18253
DELLOVW;
DELLRWY;2914,13953,18227
DELLSTU;9683,10484
DELMMSU;6985,17574,17932
DELMNOS;
DELMOOS;10311,15498,18228
DELMOOW;
DELMOPR;2756
DELMORS;
DELMORU;954,10485,14013,15530
DELMOSU;
DELMOSY;15454,17618
DELMOTT;6739,6740,6932,10323,10433,15284,17831,17937,18172,18254
DELMOTU;14013,15284,15360,18189,18274
DELMOUV;
DELMOZZ;
DELMPPU;
DELMPRU;
DELMPSU;
DELMTUY;954,9824,9902,9908,9992,10237,10423,17995,18056,18241
DELMUZZ;
DELNNOY;9348,10310,10357,10485,14043,15178,15489,15651,17390,17409,17412,17762,17798,18127,18156,18290
DELNOOS;18070,18290
DELNORS;14076,17618
DELNORT;639,1713,5007,5851,10124,10125,10487,10488,14115,14651,17410
DELNORU;15530,18289
DELNOSS;3021
DELNOSU;
DELNOSW;936,18070
DELNOSZ;17570,18060
DELNOTW;15653
DELNOTY;639,2954,4982,5007,5832,5851,9935,10125,10202,10426,14126,14651,14653,15521,18230,18290,18292
DELNOUV;6622,10356,17434,18289
DELNOWY;4957,10485
DELNPRU;15651,18289
DELNRSU;17325,17627
DELNRTU;
DELNRUU;2865,3020,9994,10209,10211,10212,17412,17887,17943,18096,18230
DELNSSU;17881,18249
DELNUWY;9383,10485
DELNUZZ;
DELOOPP;10358,10436,10490,17743,17940
DELOOPS;10480,15490,18290
DELOOPT;10490,17743,18274,18290
DELOORT;6817,6931,10355,18179
DELOORW;7039,10486,18175
DELOOSS;3021,13727,15516,17799,18252
DELOOST;14096,17698,17797,17996,18290
DELOOSW;
DELOOTT;10216,10217,10490,14034,14093,18159,18179
DELOPPP;15595
DELOPPR;18258
DELOPPS;
DELOPPT;15334,15595,18258
DELOPPY;14021
DELOPRS;
DELOPRT;15237
DELOPRU;15651,18289
DELOPRW;
DELOPSU;
DELOPSY;17390,17403,17409,18290,18292
DELOPTT;6740,10490,17744,18159
DELOPTU;
DELOPTZ;6944,9917,10118,10261,15631,18258
DELORRW;17466
DELORRY;7047,9776,9778,10251
DELORSS;
DELORST;17629,17996
DELORSW;
DELORSY;1826,5007,7048
DELORTT;1762,2985,4943,4958,5851,6932,10433
DELORTU;9996
DELORUV;14650,15632,17434
DELOSSS;18191
DELOSSU;10307,18065,18252
DELOSTT;
DELOSTU;
DELOSYY;6838,14652,17797,18290
DELOSZZ;
DELOTUU;10077,10490,15187
DELOTUV;
DELOTUZ;1737,10217,17890
DELPPRU;10096,10206
DELPPSU;10096,10489,18000
DELPRSU;
DELPSSU;1707,3024,4856,4919,15243,15406,18000,18065
DELPSTU;
DELPSUY;10480,18000,18226,18292
DELPUZZ;9292
DELRRSU;17627,17990
DELRSTU;5852,9447,14096
DELRTTU;4943,4958,17769,17936,18254,18275
DELSSTU;
DELSTTU;3014,14096,17932,18254
DELUWZZ;
DEMMNOY;
DEMMRRU;10239
DEMMSTU;
DEMNOOR;13996,14098,15560,17694,18100
DEMNOOW;
DEMNORS;
DEMNORT;10077
DEMNORU;14125,17383
DEMNORY;4434,7011,7052,10381,18100
DEMNOST;958,7049
DEMNOSU;
DEMNOTU;18189,18274
DEMNOUV;
DEMNSTU;4399,17623
DEMOOPP;
DEMOOPR;6785
DEMOOPS;17399,18062,18273,18293
DEMOORS;17494,17993
DEMOORT;14107,15625
DEMOORV;15457,17694,17956,18002
DEMOOSS;
DEMOOST;15453
DEMOOTT;3026,3028,7013,10378,10494,15633,17634
DEMOOTU;3028,14107,15625,17700,18189,18274
DEMOPRT;9688,9719,9830,9995,10497,10498
DEMOPST;
DEMORRS;1763,6883,9628,9829,10012,10497,10498,15291,15294,17326,17993,18231
DEMORRU;14107,14125,18231
DEMORST;
DEMORSW;18213
DEMOSSU;10092,10240,18003
DEMOSTT;3026,6754,10494,10495,17634,18231
DEMOSTU;14118
DEMOSTY;3030,6754,10006,10317,10495,10498,14124,18282
DEMPRSU;3029,9450,10449
DEMPRTU;
DEMPSTU;17623
DEMRRSU;18231
DEMSTTU;3026,9954,10450,17631,17634,17932,17953,18231
DENNORT;
DENNORU;959,5854,9689,10485,14657,15649
DENNOST;958,14090
DENNOTU;15649
DENNOUW;
DENNOUZ;4941,10466,15339,17383,17515
DENNRSU;10016
DENNSSU;2983,6478,10425,10492,18135
DENNSTU;
DENNTUU;
DENOOPS;
DENOOSS;6875,10319,15470,15551,15604,17697,17701,18022
DENOOST;17630,18006,18290
DENOOSW;
DENOOSZ;
DENOOTU;3028,7017,15169,15186
DENOOUW;18099
DENOPPR;
DENOPPU;17600,18219
DENOPRS;
DENOPRT;14600,17619
DENOPRU;6626,6627,6755,10239
DENOPRV;
DENOPRY;1370,1766,2898,15651,17619,18289
DENOPSU;
DENOPTY;1370,10288,10472,17390,18046,18216,18282,18290,18292
DENOPUX;3004
DENORRS;
DENORRU;3004,17860
DENORRW;
DENORSS;9453
DENORST;
DENORSU;
DENORSV;17701
DENORSW;82,9453,18070
DENORSY;10410,14064,15433,18166
DENORUW;9689
DENOSTT;
DENOSTU;326
DENOSUW;936,18099
DENPRSU;18145
DENPRTU;
DENPSSU;15406
DENRSSU;13714
DENRSSY;9638,9938,10318,10416,14123,15572,15645,18014,18166
DENRSTU;
DENRSUU;10211,18020
DENSSTY;14123,14658,15395,15645,17465,18014,18128,18292
DENSSUW;17881,18005
DENSTTU;
DENTUVY;2989,6974,14653,15650,18241
DEOOPPS;
DEOOPRS;10123,10129,14103
DEOOPRT;
DEOOPST;9814,9815,10468,17399,17804,17805,18062,18181,18200,18290
DEOOPSW;
DEOOPSX;10123,10129,10402,18167,18200
DEOORRT;14078,14107,17670,18216,18224,18284
DEOORST;14062,17275,18006
DEOORSZ;
DEOORTU;9402,14078,14107
DEOORTW;9695,18175
DEOOSTT;3026,5012,10216,14062,17987,18006
DEOOSTU;10216
DEOOSTZ;9815,10460,15548,15599,17805
DEOPPPR;3012,9972
DEOPPQU;10469,17611
DEOPPRR;1786,3012,7060,9632,9783,10018,10385
DEOPPRS;
DEOPPST;951,953,9443,18181
DEOPPSW;10011,15576,17647
DEOPRRS;15534,18167,18203,18255
DEOPRRU;
DEOPRST;
DEOPRSU;17530
DEOPRSW;6743,10011,15576
DEOPRTU;
DEOPRWY;14127
DEOPSST;
DEOPSSU;18065
DEOPSTT;17744,17808
DEOPSTU;
DEOPTTY;6594,6754,10303,10305,15290,17808,17810
DEOPTUV;15476
DEOQRTU;3030,18161
DEORRSS;
DEORRST;18143
DEORRSU;10321,17530
DEORRSV;10410
DEORRSW;
DEORRVY;10410
DEORSSS;9454,9616,10008,15229,15295,17481,17492,17550,17632,18294
DEORSSU;9428,17530,18232
DEORSSW;9453
DEORSTT;4935
DEORSTU;
DEORSTW;17855
DEORSTY;1826,3030,4830,4946,5856,6888,7048,10498
DEORSUV;
DEORSVY;1831,10410,14111
DEORTTT;18285
DEORTTU;
DEORTUU;10077,10295,15460,15643,18103,18161,18279
DEORTUW;17937
DEOSSSW;9454,10021,17637,18294
DEOSSTW;1647,9630
DEOSSYY;
DEOSTTT;
DEOSTTU;
DEOSTTW;17476
DEOSTUU;4942,17961,18286
DEOSTUX;
DEOTTUY;
DEPRRSU;18136,18167
DEPRRUY;7041,9999,13728
DEPRSTU;
DEPRSUU;
DEPRSUY;5001,6885,10131,10449,10461,10480,10498,15603,18061
DERRSTU;
DERSSSU;
DERSSTU;
DERSTTU;
DERSTTY;642,1832,6475,7048,9835,9964,10495,15417,17548
DERSTUU;10218,17928
DERSTUY;3030,4946,5001,10461,10498,17433,17702,18260
DFFGINO;
DFFGINU;10504
DFFIIMR;
DFFIIRT;
DFFIMOR;18018
DFFLOOU;
DFFOSTU;
DFGGIIN;
DFGGINU;2875,10028,18023,18299
DFGGOOS;10031
DFGHIOS;18300
DFGIINN;7065,10504,18307
DFGIINY;13985
DFGILNO;13985,18303
DFGINNO;10036,17482,18044,18300,18304,18307
DFGINNU;
DFGINOR;10509,15204,15659,18302,18303,18305
DFGINOU;18303
DFGMOOY;15661,18301
DFHILSU;17438
DFHIMSU;
DFIKRSU;
DFILLUY;9457,17687,18026
DFILMMO;
DFILMNU;
DFILMOS;7063
DFILNOP;
DFILNOS;
DFILORT;10509,10517
DFILORU;10509,10517,15662,18303
DFILOSX;
DFILOTW;
DFILSSU;5017,10518
DFILTUU;18027
DFIMNUY;18037
DFIMOOS;7063,10073,17399,18052
DFIMORS;10073,18052
DFINOTU;2739,6768,9323,18045,18046
DFIOOOR;18043
DFIOORW;
DFLMOOU;
DFLMOUW;
DFLNOSU;9456,14071,18059,18060,18302
DFLOORU;10517,15490,15662,17698
DFLOOTU;3036,10517
DFLOOTW;
DFLOPRY;18061
DFLOPSU;15490,18061
DFLOTWY;
DFNNOOO;15491
DFNNOUU;
DFNORUY;
DFOORSX;5018,18058
DGGGIIN;
DGGGINO;7071,10505
DGGHIOS;
DGGIILN;2759,10522,18075
DGGIINN;10523
DGGIINR;10087
DGGIINU;10028,10087,18299
DGGIJNU;
DGGILNO;9331,9498,14131,18075
DGGIMNO;10524,10525,14074
DGGIMNU;
DGGINNO;15323,18313
DGGINNU;18299,18313
DGGINRY;4831,4869
DGGNOSU;7072,14130
DGHHOOO;14077
DGHIILN;18086
DGHIINS;3049,14134,18297
DGHILNO;5771,7074,14663,15667,18086,18089
DGHILNY;10533,18093
DGHILOS;
DGHILPY;17714
DGHINOO;5019,14077,17273,18301
DGHINOR;14077,18301
DGHINSU;14133,14134,14662
DGHINTU;9704,18313
DGHIOOS;5019
DGHIOPS;18318,18320
DGHNOOR;10127,14077,15671,18069,18100,18301
DGHOOPS;18099
DGHOOST;6800,9720,10117,10537,15670,18090
DGHOOSW;5019,17273,18070,18099
DGHORTU;883,10507,14132
DGHOTUY;
DGIIKLN;4207,14665
DGIIKNN;
DGIIKNR;
DGIIKNS;
DGIILLN;13984,18086
DGIILMN;10554,18325,18326
DGIILNO;13586,14665,15500,18086
DGIILNR;
DGIILNS;15673
DGIILNW;14663
DGIILNY;13586,13985,14140,18316
DGIILRS;1856,2764,3061,7080,15140,15666,17395,17507,17731,17745,18031,18302,18335
DGIILRY;5021,10161,10164,14136,14140,15330,17745
DGIIMMN;190,15506,15661
DGIIMNN;10539,15205
DGIIMNS;
DGIIMOP;6810,10172,17736,18040
DGIIMOS;15498
DGIINNN;15676,18032,18072,18073,18108,18298,18299,18330,18331
DGIINNR;
DGIINNS;15673,18327,18330
DGIINNT;18300,18311
DGIINNU;13948,14068,18134,18137,18322,18334
DGIINNW;
DGIINOS;10564,18297
DGIINOV;
DGIINOW;14089
DGIINOX;
DGIINPP;1841,10154
DGIINPR;2726,3039,3050,3056,3065,10530,10531,10548,15310,18134,18137,18307,18332
DGIINPS;3056,3063
DGIINPU;10184,10192,10548,14133,18129,18134,18136,18137,18141
DGIINRS;
DGIINRT;10548
DGIINRV;1849
DGIINRY;13985,15659,18035,18145
DGIINSS;
DGIINST;3063,7084,10506,10520,10529,14139,15660,18297,18300,18325
DGIINSV;
DGIINTT;4951,9735,10137,10548,10559,14137,15497,18106
DGIINTY;14082,18024,18041,18316
DGIINVY;18035,18036,18145
DGIIORT;337,6815,15326,18333
DGIJOSU;
DGIKMNO;
DGIKNNU;
DGIKNNY;
DGIKNOO;13738
DGIKNOS;4955
DGIKNOU;13738,17720
DGIKNSU;
DGILLNO;3058,10532,10553,13984,14093,18086
DGILLNU;
DGILLOY;315,1850,1859,6578,7078,7087,15669
DGILMNO;7088,10554,18326
DGILNOR;
DGILNOY;
DGILNSU;3067
DGILNYY;
DGILOPY;10533,10567,15334,17714,17736,18335
DGILOST;14139,18325,18338
DGILPUY;18335
DGILRUY;5021,17402,18335
DGIMNOO;336,7079,15206,18044,18069,18325,18326
DGIMNPU;
DGIMOPY;10567,17736,18040
DGIMSTU;924,2926,3070,10024,10550,10562,17764
DGINNNO;2760,17762,17767,18108,18330,18331
DGINNNU;15684,18299
DGINNOP;
DGINNOR;17482
DGINNOS;2794,9758,10089,15675,18327
DGINNOU;
DGINNOW;
DGINNRU;
DGINNSY;18318
DGINNTU;
DGINNUW;
DGINNUY;17348,18046,18310
DGINOOW;5019,7079,15527,17273,18307
DGINOPP;10154,10210,17703
DGINOPS;3043,10531,10557,10564,18320
DGINORR;3071,3072,10573,18301
DGINORS;
DGINORT;10505,10572,17411
DGINORV;
DGINORW;
DGINOSS;969,13594,13989,17523,18339
DGINOST;15236,15337,15660,15670,15687,17770,17782,18151,18157,18158,18162,18320,18325,18338
DGINOSU;3067,10558,14074,15687,18141
DGINOSW;15687
DGINOSZ;928,10531,10557,15235,17524,17723
DGINOTT;14093,18158,18338
DGINOTU;10553,18046
DGINPPU;10192,10206,10210,17521
DGINPSU;3074,14133
DGINRSU;18302
DGINRSY;14140
DGINSSU;3067,3069,10571,13594,14128,15672
DGINSTU;
DGIOPRY;10567,17714,18040,18333,18335
DGIOSTW;15687
DGIPRSU;18096,18129,18136,18145,18148
DGIQSUY;
DGISSTU;10561
DGLNORU;4958,9524,9775,10509,15530,18303
DGLNOUY;10574,13586,15530,17798,18166
DGLOOOW;
DGLOOST;9720,15670,17797,18325,18337,18338
DGLOOSU;2746,3067,10216,13738,14096,15677,17413,17798,18099,18152,18335
DGLOPSY;17403,17409,18125,18324,18335
DGLOSYY;6838,17797,18324
DGMNOOO;18100
DGMOOUW;
DGMOPRU;10239
DGMORUU;
DGNNORU;
DGNOOOP;7089,10572
DGNOOOR;7089,10572,14077,15681,15683,18043,18100
DGNOORS;
DGNOOSS;3067,3077,10569,13989,18339
DGNOOSW;5019,17273,18070,18099
DGNOOTW;7079
DGNORSU;
DGNOSSU;3067,13594,14128,14143,15672,17352,17727,18141
DGOORTT;
DGOPRRU;10239,10507
DGOPRSU;18129
DGOSTUU;14139
DHIILMS;4961,10257,14035,15182
DHIILNS;1863,9464
DHIILOT;340,2766,5814,6849,7074,10259,15669,17355,18086,18171,18189
DHIILSW;10526
DHIIMMS;14134
DHIIMNO;6852,10582
DHIIMPS;15346,15695,17802,17821,18320,18349
DHIINRU;7103,10582,14101
DHIIOPX;18201
DHIIORZ;4949,10256,15554,15667,18088
DHIIOST;7092,10587,17823,18080,18195,18200,18297,18300
DHIIPST;7092,10261,10506,10587,18080,18169,18195,18200,18320,18349
DHIKORS;
DHIKSSU;15672
DHILLOS;9458,10112,17669
DHILLPY;6863
DHILLSU;10242,10589
DHILMUY;
DHILNOP;3082,6865,9802,10582
DHILOST;14102,14146,14637,15670,17830
DHILOSU;3083,10281,10284,14102,17438,18342,18352
DHILPSU;
DHILPSY;14668
DHILRTY;9797,14146,17833,18093,18171
DHIMOPR;9708,10582,15692
DHIMOPS;18320,18349
DHIMORU;10582,10584
DHIMOSS;
DHIMPSU;9809,9810,10280
DHIMRSU;14134
DHINNOS;9421,9458,10285,10591,17438,17537,18187,18318
DHINNSU;6607,6770,9421,10289,15354,17416
DHINOPS;18318,18320
DHINOPY;18318,18319
DHINORS;341
DHINRSU;
DHINSSY;15352,15544,15572,17722
DHINSTU;
DHIOOST;10593,14146,15670,18349,18354,18356
DHIOPSY;14036,14103,18318,18342
DHIOPTY;6798,17810,17852,18171
DHIORSW;18357
DHIORTY;9455,15689
DHIPRSU;1756,18050,18096
DHIPRSY;14036,14103,18324,18343,18355
DHJOPRU;
DHKMOOU;
DHKORSY;
DHLMOOU;18189
DHLOOTU;18189,18360
DHLOPSU;3083,10311,10594,18099,18226,18228,18342,18358
DHMMRUU;
DHMNOYY;
DHNNOOU;
DHNOOOS;10537,10592,15188,18195,18228,18356
DHNOOSU;10311,15569,18099,18226,18228
DHOOOOS;18233
DHOOPRU;7112,10507,15705
DHOORST;6887,10593,14099,14146,18194,18212,18356,18357
DHOORSU;971,3086,18194
DHOPRSU;
DHOPRSY;14036,14103,14144,17403,18342,18355
DHORSSU;9428,10597
DHORSTU;18194,18346,18357
DHORSUY;6885,10131,10321,14144,18342,18346,18352
DHORTUY;18346
DHORXYY;
DIIIMOS;10581,13689,14080,15695,18108,18295,18304,18329,18347
DIIIMRU;10333
DIIIMSV;
DIIINPS;3056,6845,6846,6910,7116,10334,14133,17439,18305,18318,18329
DIIJNOS;10143
DIIKKNS;
DIIKLNS;
DIIKLST;
DIIKNOT;15542
DIILLST;
DIILLVY;
DIILMNS;1878,5865,10557,10634,18325,18371
DIILMOO;10633,15190,15498,17736,18168,18325,18326
DIILMOS;9853,10623,17878,18254,18325,18371
DIILMST;3095,10623,10634,18325,18371
DIILMTY;976,9346,9795,9858,18056,18241
DIILNNU;10504,10632,14129
DIILNOT;18326
DIILNWY;
DIILNXY;
DIILOPS;18341
DIILOST;10623,10628,17744
DIILQSU;979,15329,17816
DIILQUY;
DIILRSU;979,1856,14140,17816,18260,18315
DIILRTY;10626,10633,14110,14136,14140,14670,15330,15383,15384
DIILSST;15175,18239
DIILSTY;5043,6776,10164,10520,14140,14147,14634,15384,18056
DIILVVY;9870,15583
DIILYZZ;
DIIMNOR;3094,6513,10059,10582,15387,15663,17897
DIIMNSU;1885,10332,10550,13715,14074,14134,17751,17863,17878,18295,18371
DIIMORS;5781,6647,9853,10348,10623,14004,17864
DIIMOSS;10585,15698,18295,18350
DIIMSSS;6854,7144,13694,14085,15391,17879,17880,18264,18348
DIIMSTW;18371
DIIMSUV;
DIINNOT;14090,17747,17748,18078,18300,18311
DIINNSW;
DIINOQU;7103
DIINORS;341,343,10587,10624,14151
DIINORT;10517,10634,14151
DIINOSX;3108,10412,13742,15376,15605,18058
DIINRST;14151,18366
DIIOOPS;4991,7098,7130,10417,17399,18062,18200,18333,18341,18347,18349,18374
DIIOPRS;18333,18374
DIIORSV;1890,9559,14111
DIIORTX;
DIIOSTV;1890,6915,10558,10628,10638,13691,14111,17889,18143,18245
DIIRSTX;
DIITUVY;4987,14671,15720,18241,18260
DIJMSSU;
DIJOSTU;
DIKKLSU;
DIKKOPS;
DIKLNOR;4470
DIKLSTU;
DIKLSUY;
DIKMNSU;13726,18148
DIKNNOS;13593,15404,15519
DIKNNSU;17922
DIKNOOW;
DIKNORV;
DIKOORT;
DIKOOSS;6668,6919,7125,15516,15721
DIKORTU;
DILLMSU;15374,18248
DILLOSY;
DILLPSY;6925,17687
DILLRUY;6863,6927,9902,10651,14092,17573,18150,18375
DILMNRU;3094,10582
DILMOOY;6987,7159,10567,10590,10633,10649,15722,17736,17765,17766,18090,18091,18273,18337
DILMORS;10623,18337
DILMOSS;
DILMOST;18325,18337,18371
DILMOSU;18371
DILMOSY;14051,15722,17765,18337
DILMPUY;
DILMTUY;18056,18241
DILNNSU;17348
DILNOOS;3067,15670,18338,18352
DILNOPS;10556,10557,17380
DILNOPT;7162
DILNOQU;
DILNORT;13722,14115,14651,15262,15263,15627,18154
DILNOSU;518,3067,18302
DILNOWY;
DILNOXY;14651
DILNPSU;5043,7083,14133,17435
DILNPSY;3083,5043,6999,17409,17435,17773,18125,18255,18273
DILNSTU;5043,7083,9461,10568,18315,18316
DILOPTU;15723
DILORTU;5873,15723,17775,17941
DILORWY;
DILOSSS;7140,18191,18365
DILOSSU;3067,3100,10518,10561,10652,10654,14153,18065
DILOSTU;
DILOSTY;14051,14146
DILOTTY;980,4982,7139,7164,9935,10653,14146
DILRYZZ;
DILSTUY;10518,10568,10589,15696,18309,18316
DIMMOST;15209,15717,18366
DIMNNOO;6987,10279,15559,15633,18044
DIMNNOS;18304
DIMNNOT;18279
DIMNOOS;18353
DIMNOPU;7133,10582,18274
DIMNORS;317,983
DIMNOTW;7079
DIMNOWX;
DIMNSSU;10550
DIMOPSU;6992,14118,15427,17436
DIMORSW;
DIMOSST;
DIMOSSU;10092
DIMOSSW;18350
DIMOSTU;1811,15427
DIMRTUU;15593,15723,18279
DIMRUUV;
DINNOOR;15431,15559,15636,15718,17421,17431,18044,18045,18214,18278,18307
DINNOOT;
DINNOPR;6699,6711,6959,7011,9466,10466,15607,15609,18279,18307,18332
DINNOPW;
DINNOSS;5023,5864,10395,15572,15604,15665,15675,15708,17437,17925,18187
DINNOUW;
DINNSUW;2983
DINOORS;15196,15433,18058
DINOORT;15431,15718,18045
DINOOST;15670,17770,18157
DINOOSZ;3107,7126
DINOPSU;3074,10564
DINORSU;18302
DINORTU;17600,17941
DINORWW;
DINOSSW;
DINOSWW;18371
DINOTUW;
DINOWWY;
DINPSTU;3074,5043,10638,17952,18276,18282
DINPSUW;18219
DINRSSU;18340
DINSSTU;18296,18363
DIOOPPS;17436,18341
DIOOPRS;5028,10123,10655,14103,17938,18333,18342,18347
DIOOPSS;15442,17804,18062,18202,18354
DIOORST;17543,18333
DIOORTT;5849,5875,15718,18224
DIOOSTX;17543,18200
DIOPRST;18333
DIOPRTY;17852
DIOPSST;10585,10627,10647,15690,18354
DIORRST;7168,10429,10441,18143
DIORSTT;14151
DIOSSTU;7124,10561,10636,10648,10652,14154,15711,18296,18363,18370
DIOSUUV;
DIPRSTU;3074
DIPSSTU;7148,10647,10648,15712
DIRSSTU;3075,10636,15711
DIRSTUY;10461
DJNNOOS;
DKNNRUU;
DKNOOPS;
DKNOPSU;18148
DKOOOOS;
DKOOOSZ;
DKOSSUU;
DLLOOPS;7130,7154,7155,10277,10483,18226
DLLORWY;18227
DLMNOOY;10649
DLMNOSU;518,18371
DLMNOUU;6990,10077,15530
DLMOSUU;
DLNOOWW;
DLNOPRU;
DLNOPSY;3083,17390,17403,17409,18125,18226,18255,18273,18290
DLNORSU;10624,10639,18352
DLNORUY;985,3122,14064,15530,15628,15651,18156,18289
DLNOSUY;1903,3083,7170,10310,10574,14064,15359,15628,15652,17424,17798,17995,18166,18226,18229,18230,18292,18352
DLOOOTW;
DLOOPPY;
DLOOPSS;7043,9997,17799
DLOOPSZ;
DLOOPTU;7162,10436,10490,18274
DLOOPTY;10590,17833,18359
DLOOPUY;10480,15651,18226,18289,18335,18342
DLOOPWY;
DLOORSU;986,10480,10489,14096,17698,17990,18229,18335,18342,18352
DLOOSTU;10216,14096,14155
DLOOTTU;10216,10217,10490
DLOPRUY;985,7041,10480,13728,15632,15651,17434,18061,18289,18342
DLORSTY;1379,1826,1861,1897,3117,5007,6491,7048,7164,10125,10651,10653,10654,14146,15281,17548,17996,18257,18324,18337,18375
DLOSTUW;18371
DMMOORU;
DMMRSUU;
DMNOOOP;
DMNOORS;18353
DMNOOTW;7079
DMNOSSU;
DMOOOQU;
DMORTUW;17937
DNNOORW;17800,18307
DNNOOST;18006,18290
DNNORUU;15656
DNNORUW;3122,9689,10485,15204
DNNOSUU;14150,15452,17961,18135,18250
DNNOSUW;
DNNOUUW;
DNNRTUU;
DNNSTUU;17961
DNOORTU;10517,10598,15718,15725
DNOOSUV;15457,15642
DNOOTUW;10598
DNOOUUV;
DNOPRUU;15686
DNOPTUW;
DNOPUUW;
DNORSST;1888,3077,5026,7147,7172,9469,10020,10312,10569,10597,10603,10644,10659,14066,14143,17633,17727,18014,18015,18339
DNORSTU;
DNOSSTU;14143,18296,18363
DNOSSTW;18206
DNOSSUW;
DNOSSWW;
DOOOOSV;
DOOOPSW;
DOOORSU;14144,15703
DOOORTU;14107,14672,14673,15705,18376
DOOPPRT;
DOOPRSU;15635
DOOPRSY;5028,5856,10480,10579,14103,14144,15477,17856,18208,18333,18335,18342,18343,18345,18346
DOOPRTU;10507,15705
DOOPSTU;
DOORRSS;982,10655,10659,10660,15461,18017
DOORRTU;10507,10584,10598,14078,14107,14132,15475,15640,15727,17700,18376
DOOSUUV;
DORSSTU;7172,9469,10575,10588,10597,10636,10652,14143,14154,15711,18370
DORSUVY;1831,14064
DORUVYY;
DPSSTUU;10647,15712
EEEEFRR;14158
EEEEGTX;
EEEENTT;7183,14162,14167,17471,17476,17477,18423,18424,18429,18434,18443,18445
EEEEPST;7180,10664,10681,10684,10685,15756,18380,18429
EEEEPSV;4246,10684,18425
EEEEPSW;4246
EEEESTV;5052,5053,15732,15754,15755,18409,18413,18414,18438
EEEESWW;18414,18415
EEEFFFO;
EEEFFOR;
EEEFFRS;10688,18456
EEEFGRU;15784,17286
EEEFHKR;
EEEFHRS;2771,3127,10688,15225,15781,15787,18456
EEEFIRR;14158,14686
EEEFIRS;18460,18479,18487,18491
EEEFLRR;
EEEFLRS;18472,18487,18488,18500
EEEFLRT;5056,15796,18480
EEEFLSS;9278,18463,18470,18472,18477,18481,18487,18488,18499,18500
EEEFMNR;10705
EEEFNRS;10688
EEEFNRV;15798,18486
EEEFORS;
EEEFRRS;18494
EEEFRRZ;15800
EEEFRSZ;18502
EEEGHNW;18384
EEEGIKR;7202,14691,17511,18549,18550
EEEGILN;9509,18550
EEEGILS;10734
EEEGILZ;18507
EEEGIMR;10720,18516,18537
EEEGINP;6503,7175,7195,7200,9520,10725,10737,10747,10751,15817,15827,17444,17499,17512,18517,18545,18559,18564,18582
EEEGINR;5057,5059,9499,9505,13746,13751,15814,18582
EEEGIPR;10725,10747,10751,15817,15827,18564,18582
EEEGKLR;18550
EEEGKRY;
EEEGLMN;10667,17485
EEEGLNT;10708,18506,18507
EEEGMRR;
EEEGMRS;990
EEEGNNO;7211,10747,15829,17515,18395,18466,18512,18525,18528,18588
EEEGNPR;10725,10747,10751,15728,15817,15827,17291,17444,17511,17512,17521,17527,18564,18582,18588
EEEGNPS;10709,10710,10730,10766,18517,18536
EEEGNRR;
EEEGNRS;
EEEGNRU;15814,18549,18582
EEEGNRV;18525
EEEGNSS;14695,14697,15809,15811,17290,18400,18470,18504,18527,18533,18542,18558,18574,18593
EEEGNTT;10746,10764,10769
EEEGRRT;
EEEGRSS;990,10726,14697,18400,18533,18561
EEEGRST;18535
EEEGRSZ;18535
EEEGRUX;15814
EEEHILW;
EEEHINS;7222,10794,14703,17534,17535,18517,18633
EEEHIRX;9505,9542,15241,15814,18620
EEEHISZ;7217,10791,18631
EEEHLNW;18384
EEEHLOY;
EEEHLPS;3140,4223,5890,10780,10820,10824,14589,14707,15833,18602
EEEHLPW;
EEEHLRS;668,3127,3140,7235,9291,10678,10823,10824,14707,14708,15787,18472,18625
EEEHLRW;
EEEHLST;3127,7180,7235,10678,10708,10780,10820,10823,10824,14708,15787,18519,18604
EEEHLWZ;
EEEHNST;7222,7242,9288,10708,10730,10807,10820,10835,14590,14703,17504,18473,18527,18529,18531,18532,18633,18660
EEEHNSX;17551,18641
EEEHNSY;14709,18661
EEEHPRS;3140
EEEHPSS;10730,18528,18532,18605,18614,18630,18659
EEEHPSZ;10791,18631
EEEHRRS;14160,18378,18405,18529,18635,18638,18642,18661
EEEHRST;3127,15787
EEEHRTT;4489,4490,10665,10825,14181,15860,15861,18520,18534,18619,18656
EEEHRWZ;
EEEHSST;7180,10730,14699,18527,18532
EEEHSSV;5887,10788,10830,15848,18409,18411,18475,18623
EEEHSTT;18633
EEEHSWZ;
EEEIJLS;18700
EEEIKLL;5072,18477,18550,18664
EEEIKLS;5072,5893,14719,18477,18707
EEEIKLY;14719
EEEIKRR;
EEEILNS;18415,18474,18477,18481,18485
EEEILNY;10689,13748,18621
EEEILRR;992,9577,13992,14200,14723,15267,15752,15904,17305,18672,18674,18675
EEEILRS;889,13992,18555
EEEILRV;1383
EEEILST;4803,17505
EEEIMMS;9561,9564,10794,10855,10877,14203,15756,17574,18557,18627,18713
EEEIMNS;10709,10838,13639,15838,18482,18511,18543,18752
EEEIMNT;6413,7221,10746,10856,14204,14726,15212,15892,18539,18619,18708
EEEIMPR;5080,10787,18601
EEEIMRS;7262,10883,13639,14714,18752,18755
EEEIMRT;14193,15791,18601
EEEINQU;15890
EEEINRS;18752
EEEINRT;9505,17287
EEEINRW;4249,5085,10747,14006,18384
EEEINSW;
EEEINTW;4249,10746,14006
EEEIPRR;992,10726,14160,14209,14210,17613,17614,18674,18675,18696,18791,18792
EEEIPRS;18791,18792
EEEIPRW;10747,15215,15750
EEEIPST;4495,5895,7272,10710,10880,15756,17316,17534,17584,18536
EEEIPSU;14209,15903,17605,17606,18517,18545,18625,18642,18668,18695,18696,18707,18749,18751,18767,18771,18791,18792
EEEIPSW;
EEEIRRT;18788
EEEIRRV;14000,14170,17449,18395,18512
EEEIRST;18535
EEEIRSV;3147,18460
EEEIRSZ;18535,18694
EEEISTW;13754
EEEJLRW;
EEEJLYZ;
EEEJNPY;
EEEJPRS;
EEEJRRS;10851
EEEJSST;4497,7273,15117
EEEKKRS;
EEEKLLU;
EEEKLMN;
EEEKLNR;
EEEKLNS;1384,4852,9606,10785,17615
EEEKLNX;
EEEKLPW;15215
EEEKLRS;890,5066,10916,14707
EEEKMNS;10709,18536
EEEKMST;18536
EEEKNPT;15868
EEEKNRS;4483,7246,10694,14684,15740,15888,18379,18473,18615,18665
EEEKNST;4852,5093,9606,10853,15821,15839,17615,18473,18665,18703
EEEKORV;
EEEKPRS;5894,7173,14707,15740,15886,15887,18379,18380,18551,18552,18615
EEEKRRS;890,989,4393,4483,5067,14685,17467,18379
EEEKRSS;6540,7246,10694,15765,15888,18407,18615
EEEKRST;993,5066,7230
EEELLRV;15949,18468
EEELMNR;14006,14195,17485,18715,18813
EEELMNT;1908,4853,4854,5095,9566,10689,13952,14156,14165,15212,15892,18708,18715
EEELMPX;
EEELMSX;14168
EEELNST;15780,17615
EEELNSV;1003,5083,7254,7281,10788,14008,14713,15902,17325,17574,17627,18470,18700,18714
EEELPRS;5878,14707,15217
EEELPRT;10787,10840,10843,18402,18676,18715,18725,18731,18806
EEELPRX;10843,17547
EEELPST;4495,7189,10780,10820
EEELPTW;
EEELRRS;13992,14200,15904,18674,18675,18825
EEELRRV;
EEELRSV;
EEELRTV;1383,4840,6525,7257,7258,9494,10768,14720,17311,18676
EEELSSS;15733,15769,18386,18463,18472,18481,18488,18500,18819,18825
EEELSST;
EEELSSV;1003,5083,10788,18470,18700
EEELSSY;10875,14695,15811,15855,15952,17572,18798,18804
EEELSTU;3149,7189,9617,10684,10823,14174,15787,15802,15956,18387,18703,18811
EEELSTX;14742,15802
EEELSTY;4803,9289,14708,14745
EEELTTX;
EEEMMSS;10770,17631,18440
EEEMNRS;7262,10828,10883,10933,14195,14714,15757,18752,18755
EEEMNSS;5699,10667,14674,18422,18482,18593,18678
EEEMNST;15968,18455
EEEMORT;10829,10831,17471,17549,18656
EEEMOSY;10923,14175,14709,17322,17618,18527,18594
EEEMPRT;15791,18601,18832
EEEMRSS;5699,7262,10883,14674,18612,18678,18755
EEEMRST;
EEEMRTX;
EEEMSST;9630,18608
EEEMSTT;10880,15972,17631,17634,18394,18633,18655
EEEMSTU;5107,10889,10941,14174,15914,15956,15968,17623,17631,17634,17635,18457,18521,18657,18749,18753,18754,18811
EEENNPT;18449
EEENNRT;10671,15979,18449,18656
EEENNSV;14681,18714
EEENNTT;7290,9631,13995,14181,15856,18682
EEENNUY;7212
EEENPRR;201,1385,15728
EEENPRT;
EEENPRV;15880,15949,15979
EEENPSS;5070,5897,5898,7190,10690,10947,18425,18435,18453,18605,18614,18630,18654,18771,18817,18820,18821
EEENPST;15756,17623,18677
EEENPSW;10933,18827
EEENPSX;15930,18641
EEENQUU;
EEENRRS;
EEENRRT;
EEENRRV;
EEENRRW;17331,17466
EEENRSS;520,18435
EEENRST;
EEENRSV;9638
EEENRSZ;17333
EEENRTV;15979
EEENRTW;2783,4249,9486,14006
EEENRTX;10749,10843,10904,18581,18775,18788
EEENRUV;996,999,15798,15949
EEENSSZ;5086,10871
EEENSTV;7222,15965,17620,17643,18541,18677,18714,18809
EEENSTW;
EEENSTX;
EEENSVW;17608,18413,18541,18690
EEENSWY;
EEEOPPS;9313,9598,9641,10953,15302,15739,15935,15987,17321,17500,17647,17648,18662,18796,18833,18841,18845
EEEOPPT;7297,9598,9615,9632,10911,14201,15895,15935,17321,18662
EEEORSV;4488,7227,7277,18460
EEEORSY;9291,10777,10923,14175,14221,14708,14745,17548,17575,17618,18465,18594,18661
EEEORVY;
EEEPPRS;2786,7173,9313,9641,10953,14209,15226,15302,15739,15792,15935,15939,17321,17500,17647,17648,18662,18845
EEEPRSS;13757,15765
EEEPRST;
EEEPRSV;3147,9313,10684,10830,10888
EEEPRSW;10933,18827
EEEPRSZ;18675
EEEQRRU;
EEEQSUZ;
EEERRRV;
EEERRST;
EEERRSV;
EEERSSS;10875,10919,14195,14212,18472,18494,18500,18502,18755,18766
EEERSST;
EEERSTT;10681,18535,18836,18839,18840
EEERSTV;993
EEERSTW;993,13754,18456,18624
EEERSUV;10684,15942,18416,18460,18844
EEERSUW;10828
EEERSVW;18413
EEERTTW;10808,18520
EEERTWZ;
EEESSTT;10951,14016,18836
EEESSTV;994,17643,18414
EEESTTW;14162,14163,18739
EEESTWZ;
EEFFFNO;
EEFFFOR;
EEFFGLU;10958
EEFFINT;1917,7305,10959,15779
EEFFIRS;5116,14224,15990,18456,18457,18460
EEFFKLS;
EEFFNOS;14224,18458
EEFFORR;15994
EEFFOST;
EEFFSSU;14755,15778,15993,18459,18850,18861
EEFFSTU;10957
EEFGILN;18878
EEFGILT;1006,10966,10972,18869
EEFGINR;14756,18864,18887
EEFGINS;7307,15996,18853,18886
EEFGINZ;17658,18854
EEFGIRR;
EEFGIRT;18867,18869,18887
EEFGIST;7307,17651,18464,18886
EEFGLLU;10982,18889
EEFGLOR;10970,18892
EEFGLOS;18890
EEFGORR;1918,7313,10979
EEFGORY;18866
EEFGRSU;7312,7314,10980,10983,10984,10985,16009,18874,18894
EEFHIRS;18473
EEFHIRT;1008,2788,7320,7321,10693,10966,10991,14230,15786,18867,18869,18903
EEFHISY;18871
EEFHLMN;
EEFHLNS;10996,18871
EEFHLRS;3127,18874
EEFHLSS;
EEFHNRS;10688,18874
EEFHORT;
EEFHORW;
EEFHRRS;7317,14685,18378
EEFHRRU;10995,16013
EEFHRSS;
EEFHRST;17655,18473
EEFIIMN;16024,18878
EEFIIRR;6558,11006
EEFIIRS;
EEFIKLL;
EEFILLS;5119,7333,11011,14168,17669
EEFILLX;
EEFILNO;9323,10970,11008,11012,16035
EEFILNS;1386,11011
EEFILOR;5128,5129,9666,10970,11008,11012,15308,15800,18913
EEFILPR;15801,18913
EEFILRR;5129,17690,17691
EEFILRS;
EEFILRT;18869,18913
EEFILSS;6422,6557,7302
EEFILST;
EEFILTY;7304,9494,10689,13748,18934
EEFIMMR;
EEFIMNR;17482,18881,18918
EEFIMRT;
EEFINNR;11026,15309,17676,17681,18486,18491,18887,18916
EEFINNS;13636,18490,18890,18920
EEFINRR;1008,10995,14158,18936
EEFINRS;5912
EEFINRT;1008,2788,18867,18887,18936
EEFINSS;10690,14755,16001,18886
EEFINSX;14169,18890
EEFIPRR;673
EEFIPRS;10969,10991,17343,17696,18876
EEFIRRS;17686
EEFIRRT;673,1008
EEFIRSS;
EEFIRST;10991
EEFIRSX;14761
EEFIRSZ;9672
EEFISTV;7346,10980,15802,18873,18886,18950
EEFLLOS;4512,5132,11031,14022,14228,14542,16033,17493,17669,18874,18952,18954
EEFLLRS;4512,14228,17493,18888,18911
EEFLLRU;16048
EEFLLST;15787,16033,16049,18929
EEFLLTY;16008,16049,18863
EEFLMTU;6562,13952,16015,18933
EEFLNNO;16003,16035,18461,18486
EEFLNNS;4863,9673,11035,13994,14019,16015,17681,18470,18914,18935,18960
EEFLNOS;11031,11037,14542,17697,18956,18961
EEFLNRS;9663
EEFLNSS;202
EEFLNTU;11042,11043
EEFLOOV;
EEFLORS;17698
EEFLOTU;5770,9323,16048,18904
EEFLRRS;16031,18871
EEFLRRU;5133,10995,16048
EEFLRST;
EEFLRSU;9319
EEFLRTT;7348,15227,16022,18480,18869,18904
EEFLRTU;16048
EEFLRUX;
EEFLSTT;11042
EEFLSUY;9319,16040,16049,17698,18857,18951,18952
EEFMNOR;18918,18955,18956,18964
EEFMNRT;
EEFMNRY;
EEFMORS;18918,18956
EEFMOTT;7348,11036
EEFMPRU;
EEFMSTW;
EEFMTTU;6562
EEFNNRS;7192,10986,11026,17653,17675,17681,18503,18916
EEFNORT;
EEFNORZ;18948,18949
EEFNRRY;
EEFNRSS;16055,17701
EEFNRSU;9691,13744
EEFNRTV;9680,9686,17684
EEFNSSW;11014,11031,11032,18927,18947,18949
EEFNSSY;18893,18951
EEFORRV;
EEFORRZ;15800
EEFORSX;
EEFOTTU;7305
EEFPRRS;1010,9694,18966
EEFPRSU;7323,11009
EEFRRST;
EEFRRSU;13744
EEFRRTT;
EEFRRTU;10995,14763,15784,15994,16013,16048,16054
EEFRRTY;17685
EEFRSST;14690,18503
EEFRSSU;10960,10984,10992,16010,18503
EEFRSTT;7185
EEFRSTU;14230,17655
EEFRSTW;18456,18884
EEFSSTU;11042,11043,13766,14230,14690,16001,16011,17695,18503,18886
EEGGGIS;11057,18967
EEGGGLR;
EEGGHTU;
EEGGIKL;
EEGGILN;
EEGGILR;11081,17289
EEGGILS;11081,14236
EEGGINR;
EEGGIPR;7351,11060,18975
EEGGIPS;10709,11073
EEGGIRS;14236
EEGGIRV;14170,18970
EEGGIST;
EEGGISV;11068,14236
EEGGKRS;
EEGGLRS;14236,17289
EEGGLSS;11081,18982
EEGGMNY;
EEGGMSU;10719,11092
EEGGNNS;3169,15323,18506,18513
EEGGNOR;5135,18512,18864,18970,18977
EEGGNOY;14764,15811,15813,16060
EEGGORR;18512
EEGGORU;17712
EEGGORV;18512,18970
EEGGPRU;
EEGHIKS;5137,7361,11105,18517
EEGHILN;18992
EEGHINR;18516,18867,19029
EEGHINT;9704,16066,16077,19029
EEGHINY;11109,16067,16075,17721,18514
EEGHINZ;11095,16066,18516
EEGHIRW;10720,14691,18384
EEGHKRS;
EEGHLNU;677,6573,11135,15324,15325,16068
EEGHMNO;19008
EEGHMNU;
EEGHNRT;7197,11099,11149,14246,18867,19029
EEGHNRY;7382,11109,17721,19045
EEGHRTU;7197,9707,11135,11147,17656,18987,18988,19042,19049
EEGHSSS;3182,11063,11112,11129,17724,18463,19041
EEGHSTZ;10727,19049
EEGIIRS;11056,11101,11104,14031,14254,17507,17660,18852,18881,18993
EEGIJLN;
EEGIJNP;
EEGIJNR;11207,18549,19058
EEGIKKN;
EEGIKLL;
EEGIKLM;
EEGIKLN;
EEGIKLP;11208
EEGIKMS;
EEGIKNN;5916,7388,9739,16082,17511,18549,18867,18887
EEGIKNP;7175,17511
EEGIKNR;7202,9739,16082,17511,18549,18867,18887
EEGIKNS;5137
EEGIKNT;7202,9739,18549,18887
EEGILLS;14767,16084,16101,17507,17733,18888,18993,19007,19062,19109
EEGILNP;11230,17742,18878,18992,19064,19069
EEGILNR;
EEGILNS;
EEGILNT;19118
EEGILOS;18888,19013
EEGILPS;3174,3198,7368,11101,11113,11240,19124
EEGILRS;14258,18888
EEGILRV;11115
EEGILST;18868,18989,18993
EEGIMMR;14769
EEGIMNR;14257,14769,19008
EEGIMNS;
EEGIMNT;19118
EEGIMNX;18878
EEGIMRR;85,18881,18999,19028,19141,19146
EEGIMRS;
EEGINNP;5147,11230,14250,17767,19069
EEGINNR;16082
EEGINNS;11057,11071
EEGINNT;15816
EEGINNU;4316,4876,5146,5147,14250,17511,17515,17521,17711
EEGINNV;
EEGINNW;
EEGINNZ;5925,11069,11095,15339,17515,17748,18507,18854,19058,19069
EEGINOP;7372,11230,14256,16072,16075,19069
EEGINOS;893,18890
EEGINPP;7175,7397,11283,17703,17757,18552,19013,19069,19073,19166
EEGINPR;17444
EEGINPS;
EEGINPV;
EEGINPW;
EEGINRS;
EEGINRT;
EEGINRV;
EEGINSS;19182
EEGINSW;
EEGINTV;
EEGINTW;
EEGINTX;
EEGIOPR;9708,9717,11096,11097,16070
EEGIOST;
EEGIOTZ;19118
EEGIRRV;9717,11115,14170,17449,18999
EEGIRSS;19050
EEGIRSV;
EEGIRTT;14024,18520,18869
EEGIRTU;14024,17775
EEGISTV;11098
EEGKLRS;9663
EEGKNOR;4872,6586,14756,18887
EEGKNRU;16082,17511,18549
EEGLLNS;4873,5143,11075,11105,11291,14238,16101,18554,18874,18889,19062,19109
EEGLLSS;1941,3167,7310,19007,19059,19063,19108,19109,19115,19185
EEGLLST;3209,6504,7310,7312,10983,14247,17733,17797,18993,19007,19062,19109
EEGLMMU;
EEGLMOR;7405,14257,16103,19008,19186
EEGLMSU;11135,19119
EEGLNNS;17798,18470,18590,18994,19040,19068,19188
EEGLNOR;18588,18590,19040,19186
EEGLNOT;17767,18892,18979,19011,19118,19127
EEGLNOU;1021,19127
EEGLNOZ;19069
EEGLNRT;19041
EEGLNRY;10669,11137
EEGLNST;10985
EEGLNSU;13552,18470,18589,18889
EEGLOSS;14695,15811
EEGLPSS;3209
EEGLRRU;7412,9707,9748,11079,11115,11236
EEGLRST;11296,18868,18993,19041
EEGLRSU;16009,18874,19042
EEGLRTW;11139,18520,18869
EEGLRTY;3208,9476,10669,11134
EEGMMRY;11297,19043
EEGMNOS;9774,17759,19187
EEGMNRS;19040,19046
EEGMNST;
EEGMNSU;1022,3215,10719,11092
EEGMNTU;3215,11092,11143,14179,17516,17751,18521,19046
EEGMOST;16104,19067
EEGMRRS;5158,9723,9780,11299,17749,18881,19145
EEGMRTU;17516,17665
EEGMRUZ;11292,18516
EEGNNRU;16082,18398,18469,18595
EEGNNST;
EEGNOPR;9701,11099,11149,18400,18588,18590,18596,18597,19186,19193
EEGNOPS;18400,18590,18596,18597,19193
EEGNORS;3217,19040
EEGNOSX;18890,19134,19177
EEGNPUX;14250
EEGNRSS;14697,14776,18875,19041
EEGNRST;13963,17796
EEGNRSV;
EEGNRSY;9782,19113
EEGNSSU;17352,18398,18470,18595,18986,19185,19193
EEGNSTU;
EEGOOSS;7415,10988,11093,11154,11155,14245,14776,17774,17799,18556,19017,19108,19115,19125,19187
EEGOPRT;6569,11149,14246,16070,16110,18883,19011
EEGORTV;11149,17779,18581,18999,19127,19163,19172,19174
EEGOSSS;10770,16108,18463
EEGPPRR;3179,9783,11156,11157
EEGPRSU;19140,19150
EEGPRUX;
EEGRRSS;14177
EEGRRST;
EEGRRSU;13745,19191
EEGRRSV;
EEGRRUY;7212,9778
EEGRSST;19041,19050
EEGRSSU;7314,18398,18505
EEGRSSY;3134,9773,11081,18562,19104
EEGRSTT;18533,19041
EEGRSTU;
EEGRSTY;7436,11160,16071,18594,19043,19049,19104,19113,19139
EEGSSSU;11086,11256,11307,17724,17746,19177
EEHHORU;14779,18987,18988
EEHHRTT;3219,7459,11324,11327,16135,18987,19221
EEHHRTW;3223,7459,9531,18988
EEHHSTW;1671,3223,11098,11316
EEHIINS;7468,7478,9794,9799,11059,11094,11331,11334,11341,11345,11349,14238,15996,16062,16126,16147,16149,16160,16163,16165,17356,17666,17667,17719,17815,17816,17817,17823,17825,18515,18611,18897,18991,18994,18996,18998,19000,19005,19198,19230,19231,19233,19234,19236,19238,19239,19240,19241,19243,19244,19246,19247,19252,19254,19255
EEHIKLN;7485,7486,9802,14269
EEHIKLO;9802
EEHILLR;7467,11357,15840
EEHILMN;1950,3228,3229,6601,7485,9803,11312,11360,18619,19008
EEHILNT;3229,7467,7485,7495,11311,11312,11360,16066,16144,17355,18619,18621,18992,19199,19201,19266
EEHILOP;5159,7491,14273,16179
EEHILPS;4521,9315,11361,15842,18991
EEHILRS;19239
EEHILRW;18869
EEHILST;11376
EEHILSX;1672,7500,9796,11101,11376
EEHIMMS;3234,10794,11358,11359,19196
EEHIMNO;1393,1950,2807,3228,3229,7452,9803,11312,11360,11378,11383,14783,17360,17820,19008
EEHIMPR;9708,15742,19245
EEHIMPS;87,11361,19234,19246,19288,19293
EEHIMPT;14273
EEHIMRS;14235
EEHINNR;1927,7351,7363,10804,14026,15343
EEHINNS;11361,16160
EEHINNY;17721,18621,18639,19273,19296
EEHINOR;14158,18864,18970
EEHINRR;1008,10808,14158,14239,19029,19245,19303
EEHINRS;
EEHINRT;19231,19254
EEHINRW;11061,18384,19008,19205
EEHINST;19198,19231
EEHIORS;3230,11130,11413,19196
EEHIORZ;19012
EEHIPRT;18870
EEHIPSV;7537,11123,11412,16203
EEHIPTT;14788,15355
EEHIRRS;
EEHIRSS;17801
EEHIRST;
EEHIRSV;
EEHIRTW;
EEHIRWY;18606
EEHISST;15357
EEHISTT;18633,19255,19265,19304
EEHISTV;17535,17544,18643,18873,19036,19037,19198
EEHKLOY;
EEHKLSS;4523,7486,10999,11351,11419,14269,15341,16217,19229
EEHKOOY;11423
EEHKRSS;3221,10999,11419,14532,16010,16220,18407,18615,19233,19322
EEHLLMP;11355,11426,19216,19217
EEHLLNS;1962,3254,7232,11105,14238,15358,18874,19230
EEHLLOS;3254,5890,7488,14240,17669,18874,19218
EEHLLOT;5176,7491,11134,11324,11428,11429,15840,18649,19199,19216,19219
EEHLLRS;1962,3127,7232,14707,15358,15787,18857,18874,19218
EEHLLRY;9718,11324,11357,11425,18857,18896,19218,19219
EEHLMMW;11425
EEHLMRS;3230,5947,6602,7489,9506,11431,11433,11434,16127,16136,19040,19230
EEHLMRT;684,5163,7233,11001,11312,11325,13599,16225,18619
EEHLMST;14001,15360,17535,19324
EEHLNSU;11105,11135,11314,11369,19239,19240
EEHLNSY;5949,7378,9807,11137,11310,11436,13749,15352,16223,18871,19238,19273
EEHLORY;4525,5186,7543,9291,9316,9317,9804,10961,11134,11137,11315,11324,11425,11429,11435,11439,14283,14543,16179,16227,17548,17714,17833,17856,18904,19218,19219,19325
EEHLPRS;2732,3140,6620,7547,11431,14707,17856
EEHLPRT;16225,19219
EEHLPSS;9315
EEHLQSS;19240
EEHLRST;
EEHLRSV;
EEHLRSW;5185,17855
EEHLRSY;2732,3174,4525,5947,7368,9291,9319,11137,11436,17856,18857,18871,18896,19218
EEHLSSU;9722,11142,13553,16011,16217,17811,19229,19240,19263
EEHLSSV;
EEHLSSW;
EEHLSTT;14278,16135,17829,17857,19325
EEHLSTV;10822,11376,19324
EEHMMRS;9506,11444
EEHMNNO;3229,5950,7382,9827,11378,14783,16138,17549,17812,18656,19040,19332,19334
EEHMNNS;3237,11430,19040,19243,19333
EEHMNOP;7452,19216
EEHMNOS;3254,5951,9827,14709,18653
EEHMNRU;17820,18516,19245,19332
EEHMNRY;15239,18619
EEHMNSS;9827
EEHMORS;4200,7489,9350,14778,16016,16080,16127,16136,16139,17802
EEHMORT;3252,5163,10831,18656
EEHMPST;9828
EEHMRSS;17801,18476,18505,18612,19250
EEHMRST;
EEHMRUX;
EEHMSST;18476,18608,19338
EEHMSUV;
EEHMSUX;
EEHNNOS;9553,14702,14703,14709,14786,15142
EEHNNRS;2815,5181,9553,11430,16228,19326
EEHNNRY;7382,11446,16138,17721,19296,19334
EEHNOOR;5180,6402,15834,16141,19303,19346
EEHNOPT;1394,3263,10832,15244
EEHNORS;18874
EEHNORT;11099,11328,14246
EEHNORW;6554,18864,18970,19008
EEHNOSX;5949,11401,14039
EEHNPSS;9809,16167,17822,18630,18650,19284
EEHNPSW;19032,19253
EEHNRST;13964,17353,17825,19231,19254
EEHNSST;19041
EEHNSTU;18521,19003,19335,19337
EEHNSTV;7222,11349,18643,19324
EEHNSTY;3261,9727,9807,9835,11310,18527,19026,19032,19048,19238,19273
EEHNSWW;19310
EEHOOPW;11002
EEHOOST;3264,7498,11318,11359,16175,16207,16218,18531,19047,19048,19049,19352,19358
EEHOPRU;14779,16225
EEHOPSS;5175,17813,18630,19284
EEHOPST;5169,11318,19352
EEHORRV;18410,18999
EEHORSS;
EEHORST;19049,19352,19358
EEHORSU;11147,11453,16080,16221,18874,19042,19049,19341
EEHORSW;
EEHORTT;3252,5176,5186,7459,10825,10831,11321,11324,11327,11377,11416,11439,11464,14278,18648,18656,19345
EEHORTW;903,11002,11321,14283
EEHORVW;17803
EEHOSST;1389,14699,15357,18608,18900
EEHOSSX;7518,18637,18648
EEHOSTW;17855,18900,19358
EEHOSTY;5191,9727,9835,11451,11453,16076,19048,19049,19341
EEHPPST;1968,1973,10819,16218,19354
EEHPRRY;11100,11319,11397,19223,19228,19339
EEHPRSS;
EEHPRST;
EEHPRTY;2817,5179,10787,11319,14796,15241,16150,16216,17833,17852,18652,19219,19223,19334,19339
EEHQSTU;361,2819,17544
EEHRRSW;18378
EEHRRTW;14283,18988
EEHRSSU;7377,9722,10679,11142,15853,18505,18850,19240
EEHRSSW;19205
EEHRSTT;19041,19227,19345,19352
EEHRSTW;
EEHRSTZ;1035,7483,19049
EEHRSVW;
EEHRTTW;7459,9837,10808,18520,19303
EEHRVWY;18606
EEHSTUY;11376,11453,19048,19049,19337
EEIIKKS;5201
EEIIKRS;5201,11331,19362,19365,19386
EEIILMS;7389,7468,11334,11335,14238,14249,14289,14712,17369,18610,18668,18671,19234
EEIILRV;3225,5217,11503,15790,16022,16294,18676,19402
EEIIMNS;7468,7577,11334,13648,16149,16279,16303,19234,19246,19247,19384,19427
EEIIMPR;5210,10840,11006,11336,18913,18975,19245
EEIIMRT;17820,17862,17897,17904,18880,18999,19423,19434
EEIIMST;13785
EEIIMTZ;11495
EEIINNS;3183,4514,5211,7587,9856,9874,11071,11171,11181,11185,11506,11542,13671,14300,16160,16256,16285,18858,18920,19068,19071,19252,19380,19388,19451
EEIINRT;17870
EEIINRV;5124,19058
EEIINST;
EEIINSW;14162,18541,19420
EEIINTV;
EEIIPST;3226,9846,11007,18671,18677,19238,19362,19392,19450,19453,19461,19465
EEIIRRV;5069
EEIIRVW;15396
EEIISST;13766,16273,17376
EEIISTV;13789
EEIJKLT;
EEIJKRR;
EEIJKRS;1040,1986
EEIJLLS;14303
EEIJMMR;
EEIJMMS;
EEIJNNS;11561,19057
EEIJRRS;1040,10851
EEIJRTT;7631
EEIJSSS;1986,9801,11561
EEIJSTT;4537,5227,7631
EEIKKRR;
EEIKKST;4405,16341
EEIKLLS;
EEIKLNP;9802,11208,16343,16347
EEIKLNT;7574,16267,17870
EEIKLNY;
EEIKLOT;16267
EEIKLPS;4521,11208,16347,18707,19383,19480
EEIKLPT;
EEIKLSS;11351,18707,19383
EEIKLST;16172
EEIKMNP;7361,11210,11477,16343,19384
EEIKMPR;11210,11477,16343,16344
EEIKMPS;1932,7361,10709,11477
EEIKNOS;11171,14255,18517
EEIKNPY;
EEIKNRS;19386
EEIKNRT;18549,18867,18887
EEIKNSS;16149,16174,17923,19260,19365
EEIKNWY;
EEIKPRR;
EEIKPRS;11331
EEIKPSW;11208,19480
EEIKRRS;17686,17922
EEIKRST;
EEIKRSY;11331,11563,16032,18615,19233
EEIKRUY;
EEIKSST;16272,17873,19481
EEIKSTT;5162,11567,16018,19482
EEIKTTT;17874,17926
EEILLMT;689,1988,7249,9902,14192,14193,14305,18708
EEILLNS;6671,11075,14238,14677,15376,19062
EEILLPS;5077,5237
EEILLRS;15752,19391
EEILLRT;14720,14827,15840
EEILLRV;
EEILLRY;1046,4493,4842,5966,6673,7636,7637,7638,7642,7649,7652,10856,11357,11572,11576,13953,14305,14827,17572,18896
EEILLSS;16273
EEILLST;13649,14247,19062
EEILLSV;
EEILLSW;3285,15752,18888,18927,19110
EEILMMT;18708
EEILMNN;18537,18539
EEILMNR;18619,18715
EEILMNS;17369,17759
EEILMNY;1990,5967,7658,10689,16351,17307,17762,18619,18878
EEILMPT;5970,7579,10840,11360,14273,16344,18715,18913,19387,19393,19506
EEILMRT;14721,16370,18619,18715
EEILMRV;3192,9912,14257,19008
EEILMST;13785,14001,17378,18714
EEILNNO;5921,7409,11231,16035,19068,19069,19128,19512
EEILNNT;17672,18539,18621,18725,18934
EEILNNV;15378,16374,18539,19127,19402
EEILNOR;11008,15378,19513,19520
EEILNOS;
EEILNPS;17369,19480,19512
EEILNPT;15895,16144,16375,18715,18725,18731,18992
EEILNRS;19239
EEILNRV;18732
EEILNSS;
EEILNST;
EEILNSY;11310,11516,11527,14840,16040,18871,19238,19518,19529
EEILNTT;1048,5972,14192,18621,18708
EEILNTV;16374,18725,18731,18732
EEILNUV;682
EEILOPT;7491,7684,11230,11360,14273,14842,15895,16375,18913,19506
EEILORS;
EEILORT;14720,14827,14843,16388,19127,19513
EEILORV;7409,14257,14831,16294,16337,16388,18486,19127
EEILOST;7596
EEILOTZ;9845,11495,14273,14802,15368,15800,19118
EEILPRR;13698,14620,14842,16186,19506
EEILPRS;
EEILPRT;14842,14843,16344,16388,18676,18715,18725,18731,18913,19506
EEILPRU;4259,9670,11647,13698,16344,18402
EEILPSS;
EEILPST;
EEILPWY;19273
EEILQRU;4259,7412,18402
EEILRRS;13992,14274,14312,15752,17691,19116,19239
EEILRRV;16370
EEILRSS;
EEILRST;
EEILRSU;
EEILRSV;
EEILRSX;2836,2839,11101,11240,14761,18479,18736,19524
EEILRTT;14827,14843,14845,16388,18520,18676,18869
EEILRVY;5215,11651,16022,16337,16388
EEILSSS;3193,5118,10965,11239,11660,13602,14846,15733,16292,18386,18488,18626,19066,19074,19076,19413,19481,19508
EEILSST;16273
EEILSSU;3294,9925,10872,11313,14548,15152,15314,16011,16273,17881,17883,18700,18927,18982,19229,19263,19388,19389,19481
EEILSSV;18982
EEILSSW;
EEILSSX;11220,14169,18625
EEILSTV;
EEILSTX;349,1993,2839,16281,19415
EEILSUV;18982
EEILSVW;
EEILSZZ;
EEILTTX;908,7699,11529,11644,14259
EEILTUX;7414,11644
EEILVWY;
EEIMMNS;14203,15756,18557,19544
EEIMMRS;
EEIMMSS;16023
EEIMMST;
EEIMNNO;10795,11242,14726,14769,14783,14848,14850,15335,17383,17482,17515,19422
EEIMNNT;2842,4815,10745,11004,11020,11566,14726,14727,14783,14848,14850,14851,18539,18907,19054,19243,19419,19422
EEIMNOS;16303,19427
EEIMNOT;1048,5977,5979,7701,9803,14783,14848,15907
EEIMNRS;13639,18752
EEIMNRV;3192
EEIMNRW;7720,11690,15912,19008
EEIMNSS;14807,14809,15908
EEIMNST;
EEIMNSW;3199,7720,11249,13780,14163,15912,17378,17384,17759,18739,19420
EEIMNSY;9374,9758,11692,11693,14175,14851,16196,17659,19026,19204,19432,19548
EEIMNTT;357,1048,3269,13799,14192,16274,18619,18708,19422
EEIMOPS;
EEIMOPT;11360,14273,18913,19506
EEIMORS;5201,14176
EEIMOSS;13771,14807,14809,14854,15838,16023,16149,19260
EEIMOTV;7656,7717,9872,14848
EEIMPRR;5128,11006,14261,19245
EEIMPRS;19140
EEIMPRT;5210,16253,16298,18913
EEIMPRZ;
EEIMPST;
EEIMQRU;
EEIMRRR;5129,16408,18763,18764,18881
EEIMRRS;14616
EEIMRRT;145,3272,11472,16370
EEIMRRU;16370,17904
EEIMRRX;11689,18420,18760
EEIMRSS;
EEIMRST;
EEIMRSX;
EEIMRTT;
EEIMSSS;13694
EEIMSST;14159,15908
EEINNNP;11230,11356,17767,19364
EEINNPS;3237,5211,11361,17534,19451
EEINNRS;13604,18490,19451
EEINNRT;3312,14319
EEINNRU;4316,5230,11590,11717,14319,16082,16286,16420
EEINNRV;5230
EEINNRW;4249,14319,17377,17964
EEINNST;
EEINNSV;15269,16256,18425,19252
EEINNTW;4249,11200,14319,19056
EEINNTZ;11095,18507
EEINOPR;
EEINOPS;19461
EEINORR;11722,14158,17269,18922
EEINOSS;19235,19260
EEINPPS;90,2853,7400,16160,18552
EEINPRR;14861,18420,18688,19245
EEINPRS;
EEINPRT;
EEINPRZ;3242,10804,17444,19012
EEINPSS;18425,18859
EEINPST;
EEINPSV;2854,7266,7717,7733,9891,11736,14735,15758,15916,16203,16341,17784,17980,18425,18677,19162,19431,19453,19461,19512
EEINQRU;
EEINQSU;692,16292,19469
EEINQTU;6684,7325
EEINQUY;
EEINRRS;
EEINRRT;
EEINRRV;
EEINRSS;
EEINRST;
EEINRSV;
EEINRSW;5259,7720,16441
EEINRSX;350,3131,18641
EEINRTT;
EEINRTU;
EEINRWZ;18949
EEINSSS;13564,14865,17883,18772,19469
EEINSST;
EEINSSV;14865,18425,18459
EEINSSW;
EEINSTT;
EEINSTU;14540
EEINSTV;
EEINSTX;
EEINSTY;9807,11310,11516,14051,17381,19032
EEIOPPT;6726,7491,7684,10911,14615,15334,15895,16306,16375,17600,17852,18913,19506
EEIOPSS;15903,16293,18707,18937,19383
EEIOPST;
EEIOPSX;7500,11240,11413,16020,16281
EEIOPTZ;14273
EEIORRS;5931,18915
EEIORSS;
EEIORST;14208
EEIORSV;18460
EEIORTZ;11665,15800
EEIOSST;3307,18900
EEIOSTT;4537,6727,7356,7631,11410,11744,14302,14854,16446,18648,19378
EEIPPPR;7270,7621
EEIPPST;
EEIPPTT;16306,16335
EEIPPTZ;
EEIPQRU;4259,18402,19102
EEIPQSU;
EEIPRRR;18764,19102
EEIPRRS;
EEIPRRV;19466
EEIPRRW;
EEIPRRX;5251,5267,11417,18420,18760
EEIPRRZ;18870
EEIPRSS;
EEIPRST;
EEIPRSV;
EEIPRSW;3285,19140
EEIPRSX;11240,18641
EEIPRTT;14843
EEIPRTY;5210,5245,6729,7535,7711,10787,11315,11374,11397,11576,14842,14843,15241,16337,16388,17685,17833,18676,18866
EEIPRVW;15396,19160
EEIPRZZ;
EEIPSSS;14733,19206,19212,19293,19461,19581,19598
EEIPSTT;
EEIPSTW;19032
EEIQRRU;
EEIQRSU;
EEIQRTU;18402
EEIQSTU;17544
EEIRRRT;1042,7375,9877,11651,14863,16414,18764,19172
EEIRRSS;14288
EEIRRST;
EEIRRSV;
EEIRRSW;17686
EEIRRTV;16370
EEIRRTW;
EEIRRVV;7226,16119
EEIRSSS;1030,1986,5082,5118,5265,11743,13694,14195,19262
EEIRSST;
EEIRSSU;18850
EEIRSSV;
EEIRSSZ;1692,16153,17827,18949,19209
EEIRSTT;
EEIRSTU;
EEIRSTV;
EEIRSTW;16441
EEIRSTZ;2737,7483,13808,18535,19094
EEIRSUZ;11415,15415,16327,16410,17835
EEIRSVV;14680,14741,18460
EEIRSVW;
EEIRTVV;7324
EEISSSV;15848,16346,18459,19128,19490
EEISSTV;3294
EEISSTW;
EEISSTX;15426,18637,18648,18693
EEISTTW;
EEISTTY;5171,7493,7753,9964,11693,14775,15417,16326,17580,18789,19171,19259,19432,19509,19529,19605
EEISTVX;1993,3147,7272,10914,19477
EEITUXZ;
EEJKRRS;1040
EEJLLMU;
EEJLRWY;
EEJNNST;11561,16263,16450,19609
EEJNOOR;16338
EEJNORS;11751,16450,16451
EEJNORY;16340
EEJNOSS;11558,15450,18951,19232,19610
EEJNSUW;
EEJORST;11751
EEJPRRU;
EEJQRRU;
EEJQRSU;
EEJRSST;
EEJRSSY;
EEKKNOS;14255
EEKKOTV;
EEKKRRT;
EEKKSSY;11563
EEKLLNV;
EEKLLSY;1405,7757,9900
EEKLLUU;
EEKLMPS;11477
EEKLMRZ;
EEKLNNS;5141,13818,17615,19060,19381,19382,19480
EEKLNOS;13818
EEKLNRS;5274,5275,9663,11753,19612
EEKLPRS;5276,9663,14707
EEKLRST;1031,5066,5275,10916,16135
EEKLSSY;9900
EEKLSTT;5066,5162,7757,7758,10916,16135,16172,16453
EEKLSTW;4852,10916
EEKMNOS;17759,17991
EEKMPRS;19614
EEKMRSS;7759,11755,11756,11757
EEKNNRS;6540,7330,10853,14823,18665,19365,19381
EEKNNST;5141,10853,11212,11566,17615,18665,19365,19381
EEKNNTT;11422,17874,17926
EEKNORW;19612
EEKNOSS;7541,11030,11171,14597,14870,15838,16149,16219,19006,19615,19616
EEKNOST;10853,11289,15821,15887,16064,16175,16218,16341,18551,18901,19614
EEKNOTY;
EEKNRSS;15945,16219,18665,19365,19386,19612,19615,19616
EEKNRST;11289,19614
EEKNSST;3323,15257,16219,16342,18665,19365,19616
EEKNSTU;11289,14061,17991,18703,19381
EEKOOPP;
EEKOPRS;1940,11424
EEKOPTU;16269,16344
EEKORRV;
EEKORST;15821,18551,18901
EEKORSV;1940
EEKOSSS;11030,14212,14870,15946,17492,17545,19612,19615
EEKOSST;7541,16454
EEKOSTV;
EEKPPSU;15405
EEKPRRS;695,5276,17467,18379,18380
EEKPRSU;
EEKRRSU;6735,16221,17467,17922,17990,17991,17992
EEKRRUZ;
EEKRSST;
EEKRSSU;7377,9987,11753,11757,11758,14191,14321,16010,18407,19322,19386
EEKRSSW;5965,7759,19322,19612,19616
EEKRSSY;11563,16220
EEKRSTY;4560,11424,16032
EEKRSYY;
EEKSSTW;994,7759,19616
EEKSSTY;16454
EELLLVY;11570,11759,14825
EELLMOR;7405,7638,7642,11134,11290,11429,11762,14193,14305,18800
EELLMOS;1065,3254,7274,7275,7488,14270,14303,14682,17322
EELLMRS;
EELLMRV;
EELLNOR;
EELLNOV;16457,17616,18803
EELLNRS;
EELLNST;1065,3324,5132,16456,19062
EELLNSW;19110,19113
EELLNUV;2831,2832,7640,15949
EELLOPS;5890,7763,9609,11291,15948,16101,16458,18984,19218
EELLORS;11091,19218
EELLORZ;
EELLPRS;14707,15948,19218
EELLPRT;7276,11762,15840,19219
EELLPST;17687
EELLQRU;
EELLRSS;
EELLRST;
EELLRSU;
EELLRSW;3285,15752,18888,19113
EELLRSY;7637,9773,10982,11091,11765,11769,14322,17572,18798,18857,18863,18896,18952,19218
EELLSTV;
EELMMOP;16179,16357
EELMMPU;19621
EELMNNS;915,998,5996,7439,10765,10920,10921,11035,11430,11774,14216,16015,17618,18807,18809,18811,19040
EELMNOO;7440,7771,11036,11495,11592,14257,19118,19186,19625
EELMOPR;10962,18913,19186
EELMOPT;3178,9719,11036,11360,11428,14273,18913,19216
EELMOPY;3178,7658,11426,19216
EELMORW;13946,17937
EELMOST;14214,14216,19626
EELMPRS;16282,18479,18713,19392,19400
EELMPST;14265
EELMPTT;13799,15748,19393
EELMRST;
EELMRSU;7583,9684,11135,11753,11774,14289,14761
EELMRSW;11753
EELMSST;
EELMSSU;704,3294,9925,11753,11772,11780,16283,19185,19263,19623,19626
EELMSTT;14215,19324
EELNNSV;6000,7281,7770,11774,13747,18470,18498,18809
EELNOPV;5289,6641
EELNOPY;1074,5182,5278,9348,11426
EELNOSV;1079,7770,19324
EELNOSY;3254,5709,5949,7780,10923,11787,16040,16058,16453,16462,16467,18465
EELNOTT;1048,3195,5279,6739,9904,9935,16274,16276
EELNOTU;702,5146,5288,6742,7771,7772,9323,9904,11435,11592,11598,14547,15856,16267,16373,18904,19266,19513,19625
EELNPSS;15278,15858,15957,16465,17994,18435,18654,18817,18821,18963,19630,19631,19634
EELNPST;15731
EELNPSY;9807,11361,11436,11516,11574,19273,19480
EELNQUY;16223
EELNRST;18813
EELNRSU;5293,11135,11436,11753,11789,17990,18813,18818,19239,19240,19327,19516,19517,19633
EELNRTT;4251
EELNRUV;15949,17324
EELNSSS;1080,2023,11239,15365,15769,16292,19041,19074,19076,19411,19413,19481
EELNSST;
EELNSSU;11753,11789,15152,15406,16292,16452,17881,19112,19185,19229,19240
EELNSTT;1067,10698,10820
EELNSTU;5285,11135
EELNSTY;16453,16467
EELNSUV;
EELNSXY;5949,11787,14742
EELNTTU;5972,7635,11644,15856,16386,18904,19513
EELOPPR;3179,5251,7544,11647,14779,16227,18913,19506
EELOPPS;
EELOPPZ;11647,19069
EELOPRS;16231,18817
EELOPRX;
EELOPSS;4919,15903,16293,18707,18817,19383,19541
EELOPTU;7776,11435,19621
EELORSS;17856,19052
EELORST;
EELORSV;
EELORSY;10923,11091,11137,11765,14258,14304,18465,18863,18952,19139,19218,19525,19535
EELORTT;14827,15766,15959,16460
EELORTV;
EELORVV;
EELOSSS;11606,19541
EELOSST;14699
EELOSTT;
EELOSUV;9721,17946
EELOSVV;
EELOTUV;
EELPPRX;5251,16227
EELPPSU;92,11646
EELPQRU;4259,9384,9670,18402
EELPRST;
EELPRSU;
EELPRSY;3174,10982,11137,11436,17891,18000,19218,19400,19525,19535
EELPRTY;14842,14843,16289,16337,16388,18652,18676,18715,18725,18731,18806,19219
EELPRTZ;
EELPRUX;
EELPRVY;3303,15383,16337,16388,16391,17583,17891,17948,18676,18725,18731,18736,19400,19525,19526,19535
EELPSST;
EELPSTT;18929
EELPSTY;7790,14265,17390
EELPSUX;
EELQRUY;17943
EELQSSU;11802,14326,17883,19240,19418,19527
EELRRSV;
EELRRVY;7257,7337,7697,11487,11585,11790,14844
EELRSST;
EELRSSU;
EELRSTT;16135
EELRSTV;14290,19366
EELRSTW;
EELRSTY;14233,14327,19139
EELRSTZ;1035,13808,15954,18704,19019
EELRSUV;
EELRSUX;10823,11787
EELRSVV;
EELSSSU;11780,13602,14846,16292,16452,18816,18825,19389,19481
EELSSSV;11483,11587,14846,15769,16346,17625,18803,18812,19071,19128,19389,19490,19530,19541
EELSSSX;3193,11220,19134,19524
EELSSTT;11802,14291
EELSSTU;16011
EELSSTY;15416,19125
EELSSUV;3294,18982
EELSTUY;7768,7780,11376,11570,13794,14265,14327,16049,16467,17698,19139,19510
EELSTVV;11296
EELSTVW;19282
EELSTWY;19273
EELTVVY;9870,10744,18731
EEMMNOS;2001,10719,10770,18557
EEMMNOT;1944,5284,5977,14746,14783,15907
EEMMNSS;7655,7705,10770,11443,11589,11667,16023,18440,19284,19543
EEMMORS;1084,11299
EEMMORY;9907,11425,16179,18806
EEMMOST;1084,10006
EEMMOSU;10006,11803,13809,15956,16357,16475,19624
EEMMOSV;11773,19624
EEMMRST;14215,14219
EEMMRSY;7637
EEMMSSS;10770,19331
EEMMSST;
EEMNNOV;7656,9872,11806,14848,16401
EEMNNSW;3199,3340,10827,10933,17378,18739,19420
EEMNOOS;11092,19553
EEMNOOY;15169,17812,19045
EEMNOPR;7452,15387
EEMNORS;
EEMNORV;
EEMNORY;11814,17619,18806,19045
EEMNOST;13641,14216,15967,15968,16053,16476,19324
EEMNOSV;7275,7717,17620,19324,19427
EEMNPRU;
EEMNPTU;3215,19561,19621
EEMNRTU;
EEMNSYZ;
EEMOOSW;
EEMOPRR;10962,18443
EEMOPRT;7461,7799,9719,9830,10014,15972,16486,18913,19644
EEMOPRV;7515,10939
EEMOPRW;
EEMOPST;3215,19644
EEMORRS;11754,14624,14828,17993
EEMORRT;14828,15972
EEMORRU;5133,19332
EEMORRV;
EEMORST;
EEMORSV;
EEMOSST;3307,9630,15320,17391,18608
EEMOTTZ;11665,16193
EEMPPRT;5970,16253,16306,18913
EEMPRRT;17392
EEMPRSS;
EEMPRST;
EEMPRSU;19140
EEMPRTT;16306,18443
EEMPRTU;5998,7711
EEMPSSU;9809,17923,19293,19623
EEMPSTT;6754,11148
EEMPSTX;
EEMRRST;17326,18441
EEMRRSU;
EEMRRUU;7777,16370,17392
EEMRSST;
EEMRSSU;16034,18003,18505,19224
EEMRSUX;14761
EEMSSSU;14747,16484,17880,18717,19293,19331,19488,19640
EEMSSTU;18003,19224,19438
EEMSTTU;15914,15956,17634,17932,17953,18634,18754,18811,19503
EENNORT;3312,14319,19402
EENNORU;5156,9689,11560,14319,19127,19332,19513,19625
EENNOSS;3346,11030,11711,11822,18491,19641,19649,19651
EENNOSZ;3202,18631
EENNOTT;11422,15856,16276,16491,18656,19422,19443
EENNOTY;5926,5999,9784,11446,13801,14043,14213,14833,14850,16138,16183,16374,16375,16413,16462,16490,17390,17812,19154,19296,19334,19489,19576,19621
EENNPRS;3237,3242,3340,3347,3348,7801,9724,10933,15217,15285,17706,19157,19451
EENNQUU;4524
EENNRST;3347,3348,9269,9387,10016
EENNRUV;5156,5230,5280,16420
EENNSST;16459,16478,16488,17281,18503,19609,19642
EENNSSU;1076,11629,14321,16360,16377,18398,18470,18503,18570,18589,18700,19151,19388,19491,19514,19515,19642,19649
EENNSSW;5273,7206,17881
EENOPPR;7544
EENOPPT;6752,15895,16375,17600,17940,17966,17970
EENOPRS;
EENOPST;3215
EENOPTT;15244
EENOPTY;6752
EENORRV;14226,17616,17694,18775,18882,19172,19174,19463,19520
EENORSS;
EENORST;
EENORSY;7740,7741,11563,11728,11729,11765,11787,11826,14064,14221,16326,16439,16467,16490,16493,17702,19525,19526,19576,19649,19656
EENORSZ;3334,11187,11515,11547,17723,18948,18949,19053,19373
EENORTV;17684,17779,17897,18581,19172,19174,19463
EENORVW;15396,18970,19160
EENOSSW;1079,5273,11823,18451,19148,19616,19630,19652
EENOSSY;7211,11563,11826,16245,18014,19307,19308,19559,19576,19649
EENOSTU;3215,5984,6008,7795,11092,11143,11461,15968,17375,18005,19351
EENOSTV;6000,17620,18809,19324
EENOSTW;17855,18827,19106,19310
EENOSVZ;3334,7745,16429
EENOTTT;5279,11723,11805,17926,19422,19575
EENPPRT;15928,17600,17940,18582,19073
EENPRST;
EENPRSY;11137,11331,11436,14221,14820,16134,17702,18615,19180,19222,19233,19432,19525,19656
EENPRTV;11149,15979,16420
EENPRTY;2817,3325,11328,11397,11435,11576,16134,16289,17619,18652,18806,19432
EENPSSS;1080,11764,14733,15278,15456,15978,18435,18453,18859,19152,19157,19178,19461,19467,19581,19600
EENPSTU;3215,6435,11367,16502,17981,18938,19453,19465,19561,19598
EENPSTW;18827,19032,19273
EENPSTY;9807,11516,11574,16134,19032,19273,19432
EENQSTU;11811
EENRRST;14777,16124,19633,19648,19653
EENRRSU;18955,19194,19633
EENRRSV;
EENRRTY;3325,7290,7730,7741,9878,9893,10776,11397,11423,11790,11826,16000,16141,16340,16439,16490,19576
EENRRUV;5289,17860
EENRSST;
EENRSSU;
EENRSTT;
EENRSTU;
EENRSTV;
EENRSTW;2030,17855
EENRSTX;
EENRSTY;2030,16467,16490,17702
EENRSVV;7744,10907,14680,14741
EENRTUV;15979,16420
EENSSST;18377,19041
EENSSSY;18430,19530,19598
EENSSTT;9693,14016,14328,18411
EENSSTV;2031
EENSSTW;19630
EENSSUV;9691,11552,14865,15764,16330,16479,18459,18886
EENSSUX;7282,18015
EENSSVW;1079,11264,18451
EENSTTX;18445
EENSTTY;9835,11527,11693,14775,16326,16453,16467,17580,18885,19432,19529
EENSTUW;11043,16441,17726,18005,19351
EENSTVY;18643,19526
EEOOPRS;9694,19132
EEOOSTT;3264,11029,11241,11407,11410,14774,15826,16379,16425,16445,16446,16455,16456,16464,16505,17987,18591,18647,18839,18840,18945,19227,19295,19304,19345,19352,19569,19584,19586
EEOPPRS;7560,15739
EEOPPTT;7297,11330,16306,17852
EEOPPTU;6726,11725,16208,17970
EEOPRRS;11158
EEOPRRV;
EEOPRRW;
EEOPRSS;
EEOPRSX;11158,11413
EEOPRTT;16306
EEOPRTU;15475,17700
EEOPSSS;7525,11606,15456,16248,16262,16308,18937,19152,19206,19212,19461,19581
EEOPSST;
EEOPSSU;7417,15903,16293,18707,19383,19623
EEOPSSX;11795
EEOPSTU;3215,5984,13814
EEOPSTY;17944,19124,19415
EEOPTUW;16494
EEOQRTU;
EEORRST;
EEORRSV;
EEORRSZ;11219,14054,15413,19373,19538
EEORRTU;16048,16270,18988
EEORRTV;18410
EEORRTW;903,18988
EEORSST;10992
EEORSSX;11449,11783,11797,11798
EEORSTT;7356
EEORSTV;
EEORSTX;11798,18648
EEORSTY;11453,14316,14708,14745,16071,16326,16353,16467,18863,19049
EEORSUV;4262,5281,11259
EEORSVW;
EEORSXX;
EEORTUV;11560
EEORTVW;17803
EEOSSSY;11652,13829,15305,15445,19212,19356,19359,19539,19541
EEOSSTU;3307,9389,13793,15357,17375,17391,18003,18005
EEPPPRS;2860,7788,19629,19636
EEPPPRY;19346
EEPPRST;
EEPPRSX;11742,19659
EEPPRTY;11328,11330
EEPPSST;3150,16488
EEPPSTU;15405,19465,19598
EEPPSUW;
EEPPSUY;18000,19598,19627
EEPRRSS;
EEPRRST;16502
EEPRRSU;19374
EEPRRSY;11413,11421,14752,17853,19656
EEPRRTV;17685
EEPRRVY;
EEPRSSS;
EEPRSST;
EEPRSSU;
EEPRSSV;9312,10830,11153
EEPRSSW;2016,11801,19652
EEPRSSX;
EEPRSTT;18380
EEPRSTU;
EEPRSTW;17635,18624,18827
EEPRSTX;17551
EEPRSTY;
EEPRSUV;9642,15476,18844,18846
EEPRSXY;11413,17551,19477
EEPRTTX;7811,15985
EEPRTWY;
EEPSSTT;
EEPSTTU;7346,18929
EEPSTTY;6754,11148,16485,19325,19432
EEPTTUW;
EEQRRUY;
EEQRSTU;361
EEQRSUU;3321,10002,11695,14208,18752,19557
EEQSSTU;
EEQSUYZ;
EERRSST;
EERRSSV;
EERRSTT;14822,17987
EERRSTU;14209
EERRSTV;
EERRSTW;
EERRSUV;
EERRSVW;
EERRSVY;13760
EERRTTU;5942,11541,16421,16491
EERRTTY;5115,7290,7697,7730,9577,9788,11793,15417,15959,15962,16340,19228
EERSSST;1030
EERSSSU;
EERSSTT;
EERSSTV;363,11153
EERSSTW;
EERSSTX;363,9883,10800,11449,11604,11642,11643,11783,11797,11798,16312,18637,18648,18693
EERSSTZ;19313
EERSSUX;11643,11783,11797,18015
EERSSUY;4578,11436,11658,11799,11801,13815,14315,14322,14323,14752,16220,16391,18014,19548,19649
EERSSVW;11264
EERSTTT;17787,17917,19377
EERSTTU;
EERSTTV;14327,17987,19378,19476,19577
EERSTTW;
EERSTTX;18648,19569
EERSTTY;7753,9835,9964,11453,11693,14745,15417,15953,16326,16467,17548,17580,19432
EERSTUV;10684
EERSTUY;3218,4578,11453,14233,14327,16049,16467,16500,17698,17702,19048,19049,19139,19154,19337,19510,19548
EERSTVV;
EERSTWY;2030
EERTTUX;3339,11644,19434
EESSSTT;1063,9693,10802,11531,14016,14167,14328,16159,16248,16389,17477,18835,18836,19041
EESSTTT;19642
EESSTTU;
EESSTTX;363,7755,18648
EESSTTY;11802,15416
EESSTTZ;
EESTTTW;17917,19377
EESTTTX;
EESTTZZ;19560
EFFFINO;
EFFFIRU;
EFFFLRU;
EFFFOOR;
EFFGIJN;
EFFGINR;19662
EFFGINS;6765,18853
EFFGIRS;
EFFGISU;
EFFGORS;19663
EFFGRRU;
EFFHILW;
EFFHIRS;7817,17652,19663
EFFHIRU;17652,19663
EFFHIRW;
EFFHITW;
EFFHLSU;
EFFHRSU;17652
EFFIIJS;
EFFIIMR;18018
EFFIINR;4506,7826,15119,15223,15309,19662,19665
EFFIIST;2036,5906,7823
EFFIKLS;
EFFILLU;19672
EFFILNO;15990
EFFILNS;16517
EFFILPR;
EFFILPS;
EFFILRR;
EFFILRS;11846,11850
EFFILRY;5305,10023,11847,11850
EFFILSS;11850
EFFIMOS;7821,11845,11848,18457
EFFINRS;
EFFINST;9392
EFFIOPR;
EFFIORT;
EFFIORX;
EFFIOST;11849
EFFIPRU;
EFFIRRT;7826,16519
EFFIRST;3354,18456
EFFLLOS;9391
EFFLMRU;
EFFLMSU;
EFFLNSU;16517
EFFLOPS;
EFFLOSU;11848,19663
EFFLRRU;4266
EFFLRSU;
EFFLRTU;13830
EFFNRSU;9314,11851,13831
EFFNRUU;7818
EFFNSTU;9314,9392,11851,13831,17651,17654
EFFOORR;10962
EFFOPRR;10962
EFFOPSU;
EFFORRT;
EFFORST;
EFFORSW;
EFFOSST;16520
EFFPRSU;
EFFPRUY;
EFFRSSU;18850
EFFRSTU;11851,13831
EFFSSUU;11842,16520,19673
EFFSTTU;10957,19672
EFGGIIR;10028,18864,19676
EFGGIOR;11852,18023,18864
EFGGIRR;
EFGGIRU;
EFGGIRY;18866,19676,19677
EFGGLOR;11852,19676,19677
EFGGORS;10031
EFGHIMS;19680
EFGHINT;11838,18024,18027,19680
EFGHIRT;10966
EFGIIKL;
EFGIKNR;18867
EFGILLN;
EFGILMN;7834,14338,18878,19693
EFGILNR;
EFGILNS;
EFGILNT;18027
EFGILNU;11841,19713
EFGILNX;11841,11866,18039,18878
EFGILNY;11873,18878,19713
EFGILRU;
EFGIMNT;3360,10959,11837,11884,11885,16525,18024
EFGINNN;10029,10035,11886,14757,17396,18023,18032,18044,18880,19664,19687,19711
EFGINNP;2038,18046,19700,19701,19703,19716
EFGINNR;3364,11879,18887,19711
EFGINNS;10035,14068
EFGINOR;3364,11859,19702,19706
EFGINPR;11852,11879,17444,18040
EFGINRS;
EFGINRU;7818
EFGINSS;7311,7833,7843,10035,10690,11860,11890,16001,18886,19683
EFGINTT;11838,19674,19680
EFGINTW;
EFGIOOR;14337,16512,16526,19711,19715
EFGIORV;
EFGIRRT;16525
EFGIRRU;19716
EFGIRST;
EFGIRSU;18894
EFGKOOP;
EFGLLSU;14335,18889
EFGLNSU;11841,11877,18470,18889,19713,19717
EFGLNTU;11841,19713
EFGLORS;19708,19717
EFGLORT;7313,18038,18892,19677,19695,19697
EFGLOSS;18031,19678,19717
EFGMNOR;
EFGNOOR;16512,16526
EFGNOSU;10034,16009,18048,18466,18890,19667,19698,19717
EFGOORR;11855
EFGOORS;14337,16526,19679,19715
EFGORRS;
EFGORRU;19716
EFGORRY;11893
EFGORST;
EFGORSU;10034,14337,18466,19698
EFGORSW;11864,14228,18888,19691,19708,19717
EFGORTU;
EFHIINS;11836,15996,16514,19680
EFHIIRS;1344,1417,19719
EFHIJSW;
EFHILMS;19724
EFHILSS;19719
EFHILST;3370,10043,19663
EFHILTY;10023,10032,18026,19723
EFHINNS;6770,11836,11859,11897,16513,17667,19669,19682
EFHINST;3370,11836,18052,18473,19680,19721
EFHIRSS;1417,10046,19719
EFHIRST;18473
EFHIRSY;10032,18871,18896,19723
EFHISUW;
EFHLLPU;
EFHLLSY;11904,18857
EFHLNSU;10039,11902,11903,11905,11906
EFHLOOX;
EFHLOPU;
EFHLOSS;1092,10040
EFHLRSU;7829,9319,10039,15787,19732
EFHLRSY;9319,10032,18857,18871,18896,19723
EFHLSSU;
EFHLSTY;10032,11904,19723,19730
EFHLTTW;18869
EFHNORT;
EFHOORS;4579,7854,11907,19679,19732,19733
EFHORRT;
EFHORSS;
EFHORST;4935,10043,17655,19679
EFHRRSU;19719,19732
EFHRRTU;1418,16013
EFHRSSU;10992,11861,18850
EFIIKLN;18477
EFIIKST;
EFIILLS;5119,5312,5315,5316,6021,14168,16534
EFIILMR;3377,11923,18913
EFIILMS;16020,19693,19737
EFIILRT;3380,11867,18913
EFIILRY;7870,11867,14343,15997,16523,16541,19699,19740
EFIILSS;14343,16540,17681,18477,19692
EFIIMRR;3373,3377,11006
EFIIMRS;
EFIIMST;6022,17399,18062
EFIINNR;15223,15309,17676,17680,17681,18050,18057,19736
EFIINPV;
EFIINRT;18880
EFIINRU;5124,11923
EFIINSS;14343,14552,16001,16540,16542,18477,18886,19692
EFIINST;18886
EFIINSU;2882,6775,14068,14884,19664
EFIINSX;3379,11927,18039,18058,18915
EFIIPRT;18913
EFIIRRR;18881
EFIIRRT;
EFIIRST;14341,16545
EFIIRTW;18869,19695,19697
EFIIRZZ;
EFIISSV;11929,18886,19683
EFIISTW;18884
EFIJLLY;
EFIJLOR;
EFIJLOT;
EFIKLNU;
EFIKLOR;
EFIKLOS;
EFIKLOX;
EFIKLRU;
EFIKNRS;1090,1416,7330,11917,14684,19736
EFIKNRU;
EFIKORR;
EFIKRRS;5911,18473
EFIKRST;1090,11917,19736
EFILLMS;14168,16547
EFILLNY;11873,16523,16546,19709
EFILLOO;17394
EFILLOS;1098,5315,5316,7869,7894,10040,16033,16534,18928,19751
EFILLOW;
EFILLRR;16548
EFILLRS;7894,11846,11936,11938,14335,14345,16547,18020,19672,19723,19751
EFILLST;11936,11937,11938,14335,16033,18929,19672
EFILLUW;
EFILMNT;14888,16536,18906,19724
EFILMNU;11923,15794,16536
EFILMOT;2883,11939,16549,18913
EFILMRS;2052,11846,11936,14553,14761,18930
EFILMSS;10064,14338,19750
EFILMST;14553
EFILNNO;11879,11925,11939,11947,16003,16035,16036,16550,18486,19693,19711
EFILNOS;7897,14887,17398
EFILNOX;
EFILNSS;14343,14346,16540,19753
EFILOOS;10055,11927,17398
EFILOOZ;10071
EFILOPR;3380,3385,11852,11879,11926,11951,16541,19697
EFILORR;5129,5321,15799,15800,16021,16539,18892,18926,18936
EFILORT;15800,18892,18913,18936,19677
EFILOSS;1092,10064,10067,16039,18065
EFILOSU;11955,16533,19741
EFILOSX;16020
EFILPPR;
EFILPPS;
EFILPPU;
EFILPRS;
EFILPRY;3383,11878,15801,16541,18061,19740,19751
EFILQUY;
EFILRRS;3372,16535,16539,17686,18871,18891
EFILRRT;3384,16548,16549
EFILRRY;1091,3382,5321,7337,7901,18871,19699
EFILRST;14553
EFILRTT;18869
EFILRTU;14888
EFILRTY;7870,7900,7901,9494,10023,11878,14339,16541,18934,19677,19699,19709
EFILRVV;
EFILRZZ;
EFILSSS;14346,15733,15793,18386,18481,18485,18488,18911,18927
EFILSST;
EFILSTT;
EFILSTU;14553,15802,16517
EFILSZZ;
EFILUVX;
EFIMMRU;
EFIMNOR;11959
EFIMNTT;3360,11837,11885,11930,11959
EFIMOST;17399
EFIMRRS;
EFIMRST;2056,3354,3381,11883
EFIMRTY;
EFIMSTU;18056,19727
EFIMTTU;3388,6562,11918,11936,11959,18933,19727
EFINNOR;3364,4941,11018,11879,17676,18486,18882,18887,19701,19711
EFINNRS;17675,17681
EFINNRU;16521,19716
EFINNSU;7827,11960,14068,15804,18466,18872
EFINOPR;19697
EFINPRS;
EFINRST;18052
EFINRSU;
EFINRUY;5305,7900,11865,16546,18049,18879,18934,19685,19689,19709
EFINSST;16001,18464,18886,19692
EFINSSU;2060,11960,14338,14755,16001,16039,18459,18886,18889,19727
EFINSUX;
EFINSZZ;
EFIOOPR;6785,15174
EFIOORR;7906,11954,11967,16539,18021,18936,19725
EFIOORS;14224,14337
EFIOORT;10074,11922,16549,18936
EFIOORW;11029,19711,19722
EFIOOST;10055,11927
EFIOPRR;
EFIOPRT;3380,3385,18913,19697
EFIORRT;15800,16548
EFIORRW;
EFIORSS;10075,18491,19756
EFIORST;
EFIORTU;
EFIORTV;16545,17684,18950,19667
EFIOSST;2060,7891,7910
EFIOSTX;
EFIOSTZ;11932
EFIPPRR;11006
EFIPPRT;18913
EFIPRST;10971
EFIPRTY;3383,11878,15801,19751
EFIRRRU;11943
EFIRRSU;
EFIRRSZ;17691
EFIRRTT;7826,7893
EFIRRTU;3384,9675,16548,16549
EFIRRTY;3382,7870,7893,7901,17685
EFIRRUZ;17691
EFIRRZZ;
EFIRSST;
EFIRSSU;14348,16528,18850
EFIRSTT;
EFIRSTU;14335,18387
EFIRSTW;18884
EFIRSTZ;
EFIRSUX;14761
EFIRSVY;7902,16545,16552,19740
EFIRSZZ;
EFIRTTU;7345
EFIRTUV;18950,19667
EFIRTUX;
EFIRUZZ;
EFISTTT;
EFISTTY;14344,19723
EFJLSTU;
EFKLMNO;
EFKLMOR;
EFKLNRU;
EFKLNUY;
EFKLOPU;
EFKLPSU;
EFKNRSU;
EFKORRS;14685
EFKRSSU;
EFLLORU;16048,16548
EFLLOST;14349
EFLLOSW;17493
EFLLRSU;14335,14345,18020
EFLLRUY;10982,18468,18857,18952
EFLLSSY;11904,14891,18065,18863,19692,19751
EFLLSTU;14335,14349,15787,18902,18929,19729
EFLMOSU;11941
EFLMPRU;11039
EFLMSUU;1102,14347,14885
EFLNNOS;7897,10064,19693
EFLNNOU;4580,15178,16035
EFLNNSU;2886,7827,11903,11969,16015,18470,18960
EFLNORT;13830,19758
EFLNORU;13830
EFLNORW;
EFLNORY;2884,3382,9317,11970,14343,16541,18904
EFLNOST;19729
EFLNOSU;
EFLNOTT;3390,7859,11036
EFLNPSU;7190,17689,18938,18963,19713,19762
EFLNPUX;
EFLNSSU;14338,14892
EFLNSTU;1102,2886,19713
EFLNSUY;16040,16517,16543,19713
EFLNTTU;2885,7900,18904
EFLNTUU;13830,14888,18959,19730
EFLOORR;10962,11949,15482,16048,16530,16531,16549,18936
EFLOORS;
EFLOORT;7348,7913,11922,11926,11949,11951,18936
EFLOORY;14069,16547,17698
EFLOORZ;10071
EFLOOST;5132,10055,11927
EFLOOSZ;
EFLOPPR;
EFLORRS;2878,14342,16535,16537,18915,18926
EFLORSS;
EFLORST;
EFLORSU;16533,19732,19741
EFLORSW;11044
EFLORSX;
EFLORTT;3385,4943,7348,7913,15227
EFLORTU;4943,13830,18904
EFLORTW;
EFLORVY;
EFLORWW;
EFLORWY;
EFLOSSS;5327,5328,6788,11031,17697,18463,18962
EFLOSSU;16533,18065
EFLOSTU;14071,19729
EFLOTTU;3385,4943,11918,18904,18933
EFLOTUW;
EFLPRRU;11039
EFLPRSU;14349
EFLPRUY;
EFLPSTU;14349,19762
EFLRRSU;
EFLRSSU;16555,19760
EFLRSTU;14335,14553
EFLRTTU;
EFLSSUU;5328,9676,11969,14071,18889,19760
EFLSTUZ;
EFLSUZZ;
EFMNOOT;3390,11036,11939,13996,16525,16544,16560,18052
EFMNORS;18048,18955,18956,19758,19760,19761
EFMNOST;3392,16041,16053,18048,18052,19727,19742,19745
EFMNRSU;16034,18048,18496,18918,19724,19761
EFMNRTU;10077,11869,14888,19724,19758,19761
EFMOORZ;
EFMOPRR;10962
EFMOPRT;7896,16024,18913
EFMORRS;
EFMOTTU;11918,11959
EFMPRUY;
EFMRRSU;
EFMRTUY;
EFNNORT;2062,3364,13765,18887,19701
EFNNORU;9689,19716
EFNNOTU;11947,18046
EFNNSTU;16015,16053,18503,19764
EFNOORW;19711
EFNOOST;3392,5132,10055,10070,10073,11927,11962,14227,18052,19710
EFNORRT;2062,13765,14763,16561
EFNORRU;5133,14763,15994
EFNORRW;
EFNORST;
EFNORTU;
EFNORTW;
EFNORUZ;10066,10071
EFNOSST;2060,14071,15486,16025,19730,19742,19744
EFNRSTU;19721
EFOOPRR;10962,16561
EFOOPRS;10047
EFOOPRT;
EFOORRS;7911,17494
EFOORST;
EFOORSW;
EFOORTW;
EFOPPRY;19759
EFOPRSS;2054,7914,18963
EFOPRST;
EFOPRSU;
EFOPRTU;3157,3385,7907,9690,11039,16042,16561
EFOPRTY;11878,18866,19748
EFORRSU;7828
EFORRSV;
EFORRTY;3382
EFORRUV;
EFORSST;19678
EFORSSU;3389,4945,10075,10992,11980,19761
EFORSTU;4946,11053
EFORSTW;
EFOSSTT;7891
EFOSTWW;
EFPRTUY;16049,19748
EFPSTUY;16049,17702,19748
EFRRSSU;4944,4945
EFRRSTU;11851,19764
EFRRSUU;14232,18067,18955
EFRSSSU;10984,16555,18500,19766
EFRSTTU;
EFRSTUU;2064,4946,13831,14232,16519,16520
EFSSTTU;10707,10960,11042,19731,19763
EGGGIKN;4582
EGGGILN;14350
EGGGILR;14072
EGGGILS;
EGGGINP;3393,11852,19674
EGGGINR;
EGGGINV;14350
EGGGLOR;
EGGGLOS;
EGGGLSU;
EGGGNOS;3394,14351
EGGHILR;2065,10080,11853
EGGHILS;19769,19780
EGGHINP;2066,3397,7351,11060,17703,19675,19771
EGGHIRT;18069
EGGHIRU;10080,11995,14235
EGGHLOS;7919,11998,11999,13610,19772
EGGHORS;3399
EGGHORY;18071
EGGHOST;3399,9397,11998,19772
EGGHRSU;11995
EGGIIJR;
EGGIILN;3400,7924,18075,19773
EGGIILS;7923,19768
EGGIINS;12020,12029,12030,14074,19785
EGGIINT;3404,7928,12020,12028,12030,16565,19674,19785
EGGIIPR;3393,3404,12027,16568,19675,19779
EGGIIPS;11993
EGGIIRW;
EGGIJLS;
EGGIJRS;
EGGIKLN;4582
EGGILLN;
EGGILMS;19783,19795
EGGILNN;16564
EGGILNR;16569
EGGILNS;
EGGILNU;
EGGILNY;
EGGILOR;12036,19676,19677,19795,19796
EGGILRS;14236,17289
EGGILRW;
EGGILST;2887,19768
EGGILSU;10088,12036,18982
EGGILSW;
EGGIMMN;
EGGIMNN;14353,17705,18511,19775,19776
EGGIMNR;7934,11989,19813
EGGIMOS;10713,11082,14074,19775
EGGIMRU;5333,14235
EGGINNN;7931,11057,18979
EGGINNR;
EGGINNS;923,7936
EGGINNV;
EGGINRS;
EGGINRU;
EGGINRV;
EGGINRW;
EGGINRY;4869,7934,12027
EGGINSS;19785
EGGINTT;7928,12003,19674
EGGINTW;11985
EGGIORS;5332,12009,14236,19805,19806
EGGIOSU;14074,18078
EGGIPRR;3395,3407,10093,12038
EGGIPRU;3408
EGGIPRY;5330,12026,12027,18866
EGGIPSU;19786
EGGIRRS;9399,11981,13997,18076
EGGIRRT;1107,19804
EGGIRRU;14170
EGGIRST;
EGGIRSW;
EGGIRTW;11985
EGGIRUV;11089,14170
EGGIRWY;
EGGJLOR;
EGGJLOS;
EGGJLRU;
EGGJLSU;
EGGJORS;
EGGLMSU;
EGGLNOS;3411,5332,10089,11998,12009,13610,14351,17709,18074,19772,19795,19797,19798,19799,19815
EGGLNSU;
EGGLOOS;7919,11998,11999,12044,18984
EGGLOOY;7929,13590,16570,18071,19782
EGGLORS;3410,11077,11999,12009,19795
EGGLORT;2069,11985,16569,19677,19774
EGGLORV;
EGGLOST;3412,11998
EGGLOSW;7919
EGGLPRU;27
EGGLPSU;3412,19786
EGGLRSU;10088
EGGLRTU;
EGGLSTU;3405,3412,18982
EGGMRSU;
EGGNOOY;
EGGNORS;5332,12009,14076,19805,19806
EGGNRRU;
EGGNRSU;9504,10097,18077,18986
EGGNRUY;14072
EGGNSTU;9504,11092
EGGNTUY;
EGGOPRR;10093,12038
EGGORRS;874,7937,10031
EGGORST;7193,9397,10031
EGGORSU;3410
EGGORTY;3171,7934,18866,19677
EGGPRUY;
EGGRRSU;
EGGRSTU;1013,7193
EGGSSTU;
EGHHHIT;19819
EGHHIMN;11989,16573
EGHHIRS;3416,7357,7945,12053,18083,18989,18990
EGHHIST;11098,12055,16574,18080,18083,18989,19769
EGHHOSW;
EGHHSSU;11058,18504,19821,19825
EGHHSUW;12056
EGHIILL;7952,7953,12067,16576
EGHIILN;7952,13836,18086,18992,19770,19771,19773
EGHIINR;18515,18516
EGHIINT;9704,18024,18081,18992,19770
EGHIINV;16576
EGHIKLO;
EGHIKNR;1110,3423,6030,19829
EGHIKRS;12087
EGHILLN;1925,18027,19770
EGHILMN;7362,12070,19770,19837,19838
EGHILMP;1388,7916,7968,14898
EGHILNP;19771,19829
EGHILNR;13569,16591,16593,18093
EGHILNS;14899
EGHILNT;19770
EGHILNV;
EGHILOU;11115,16593,16594
EGHILPT;714,7974
EGHILRT;18093,18520
EGHILSS;16597,19017,19845
EGHILST;
EGHILSU;14335,17402,18096,19780
EGHIMMN;3427,3428,12111
EGHIMNS;19839
EGHIMNT;366,18024,19770
EGHIMPT;2085,7982
EGHINNN;14234,14360,19832,19883
EGHINNT;14895
EGHINNU;12077
EGHINOS;5918,13610,14899,17273
EGHINPS;18080,19894
EGHINRR;16074,17502,19887,19895
EGHINRS;
EGHINRT;
EGHINRW;18384,19008
EGHINRY;10120,11109,12103,16511,16571,17402,17721,18093,19829,19837,19864
EGHINST;
EGHINSW;17273,19032
EGHINSX;
EGHINTT;
EGHINWW;
EGHIOOS;14899,16596,19860,19886
EGHIOPS;16608,19865,19879,19886,19893,19894
EGHIORS;1423,1428,2081,7945,7989,12053,12073,12093,12131,19886
EGHIORT;3429,3435,6026,7944,7980,7991,18999,19819
EGHIORU;11115,19819,19899
EGHIOST;
EGHIOSY;7945,12055,12131,12132,16071,16596,16608,19028,19845,19886
EGHIOTT;2085,7982,11838,12096,18086,19819
EGHIOTU;7960,11838,14361,18089,19819
EGHIOTV;7960,18999
EGHIRRT;7991,11854,12052,12110,19819
EGHIRSS;17715,17722,18522,18990,19024,19779,19822,19828,19866
EGHIRST;
EGHIRSU;14235,14335
EGHIRSY;3174,3416,7368,7945,10032,12056,12103,12132,16071,16571,16608,17402,17501,18871,19028,19837,19886
EGHIRTT;12110,18520,19819
EGHIRUV;11115,18082
EGHISTW;11098,18095,19032,19769
EGHISTY;7971,10032,12055,12103,12104,12132,16596,16608,18092
EGHITWY;16605,19007
EGHLLOU;
EGHLMPS;9507
EGHLMPY;3178,3440,7968,14898
EGHLNOR;12098,16591,16593,19774
EGHLNPU;
EGHLNST;3439,7996,10124,10125,10708,11135,19041
EGHLNTY;10125,11109,12104,13836,16067,18093,18514,19864
EGHLOOS;7919,14899
EGHLOOT;14073,17394,19773
EGHLOSS;14241,14355,18875
EGHLPSU;7829,11141
EGHLTUY;7967,12104,12137,18026,18093
EGHMMOS;2083,7381,12111,19043
EGHMNOU;3443,12135
EGHMOSU;11147,16080
EGHNOOS;3441,7999,14899,18531,19044,19046,19047,19048,19823,19860
EGHNORS;18530,18533
EGHNORU;2090,3438,3447,19899
EGHNOSU;
EGHNOTU;3443,7960,18089,19899
EGHNRSU;11135
EGHOPRS;1428,2081,5342,6033,9723,10129,11122,11123,11158,12053,12126,16608,19043,19828,19865,19879,19886,19893
EGHORRU;2090,3438,3447,4428,4587,5336,11115,14361,18987,19819,19824
EGHORTU;
EGHOSTT;2072,11864,11998
EGHOSUU;
EGHRSSU;7377,10130,13714,18505,19902
EGHRTUY;7967,12137,18093,19048,19049,19824
EGIIJKL;1113
EGIIJLS;
EGIIKLP;6036,19829
EGIIKLW;
EGIILLS;10147,13611,16084,16633,17507,17733,18122,18124,19063,19691,19942,19947,19948
EGIILMT;12168,17344,17717
EGIILNR;
EGIILNS;
EGIILNT;19773
EGIILNV;14350
EGIILNX;3418,8005,8006,11866,14250,18039,18878,19944
EGIILPS;7838,11101,12073,19845,19848
EGIILRR;
EGIILRS;11101,12073,15140,17507
EGIIMMS;2909,3464,12074,12179,12182,19965
EGIIMNN;5907,14353,14554,14900,16629,16647,18537,18539,19693,19776,19795,19796,19910,19942
EGIIMNP;7200,18878
EGIIMNR;14900,18516,19796
EGIIMNT;18024
EGIIMNV;8031,10140,10175,14375,16565,18539
EGIIMPR;2103,12200
EGIIMPS;12200
EGIIMRR;10084,11194,12184,18881,19686,19920
EGIIMSV;11194
EGIINNP;12075,12262,14083,14250,18543,19970
EGIINNR;19058
EGIINNS;6018
EGIINNV;10140,18882,19058,19088
EGIINOP;10154,18141,19068,19069,19959
EGIINPS;
EGIINPZ;8010,10144,10156,12027,12273,16621,18992,19069,19094,19924
EGIINRR;14375
EGIINRT;
EGIINRV;14226,14375,18882,19058
EGIINRW;19697
EGIINRZ;10144,11982,12024,12027,12077,18516,19058,19796,19924,19952
EGIINSS;
EGIINST;16622
EGIINSV;
EGIINSW;
EGIINSZ;14356,16621,19798
EGIINTV;19785
EGIINTX;19944
EGIINVW;
EGIINWZ;11103,14089
EGIIOPR;1726,6815,7938,7939,16572
EGIIPPS;2911,3421,12050,12073,12075,16620,16621,18107,18140,19068
EGIIPRR;7939,11104,12277,18870,19102
EGIIPRW;19697,19924
EGIIPSS;3421,11104,19845
EGIJKNR;1113,18549
EGIJLLN;
EGIJLNR;
EGIJLNS;4595
EGIJLNT;
EGIJNOS;
EGIJNSS;
EGIJNST;19689
EGIJNTT;16100
EGIKKLN;
EGIKLMU;15820
EGIKLNP;612,6036,19829
EGIKLNR;1105,3475,12279
EGIKLNS;
EGIKLNT;16627,18089,19906
EGIKLNW;17759
EGIKLRS;
EGIKLRU;
EGIKLTU;13847,18089,19830
EGIKMNP;
EGIKMNS;
EGIKNNN;
EGIKNNR;18549,18887
EGIKNNT;19832,19934
EGIKNOV;
EGIKNPP;7175
EGIKNPR;16575,17511,18148,18551,19829,19834
EGIKNRU;3423,16082,18549
EGIKNRV;
EGIKNRY;19829
EGIKNST;19832,19934
EGIKNSW;17759,19788,19860
EGIKNSY;19788
EGIKNUY;16659
EGIKOOR;9741,18887,19997
EGILLMN;19770,19789,19995
EGILLNO;5144,11216,14093,19995
EGILLNP;
EGILLNS;19948
EGILLNT;11216,14093,15816,19770
EGILLNW;3484
EGILLNY;16523,16665,18150,19709,19995
EGILLOR;5144,11840,11878,14766
EGILLOS;6047,8025,12090,13611,14767,16084,16633,17733,18124,19810,19811
EGILLRR;2077
EGILLRS;13613,14335,14383,17507,18993
EGILLST;14247,14335,16633,17733,18124,19811,19862
EGILLSU;2129,11877,12090,12291,14335,19948
EGILMMN;
EGILMMR;
EGILMMY;16670,19950
EGILMNR;19008,19796,19813,19909,19952,19995,20001
EGILMNS;19693,19910
EGILMNT;
EGILMNU;15820
EGILMNW;12279
EGILMNY;15520,16671,17762,18878,19693,19789,19995,20001,20006
EGILMOR;180,1732,12279,19796,19909,19952,20001
EGILMOS;221,374,1433,3487,3494,19693
EGILMOU;4597,5333,9412,12303,13848,15820,16670
EGILMPS;3476,19124,19910
EGILMST;221,1118,1433,1733,3494,8083
EGILNNS;
EGILNOP;11230,11852,11879,12096,12313,12315,19771,19815,19914,19915,19959
EGILNOS;
EGILNOT;14093,15521,16674,17767,18892,18979
EGILNPP;12223,12224,18107
EGILNPR;
EGILNPS;
EGILNPT;14372,14390,16682
EGILNPX;5147,5373,14250,18878,19944
EGILNPY;5373,12224,18878
EGILNRS;
EGILNRT;
EGILNRY;
EGILNSS;
EGILNST;
EGILNSU;11841
EGILNSW;
EGILNSZ;14356,17739,19053,19798,19915,20006
EGILNTT;3486,10133,12003,12298
EGILNTU;14030,19073,19713
EGILNTW;2135,13836,19963
EGILNUY;5373,11873,13848
EGILNVY;20011
EGILOOS;15516,19017,19845
EGILOPS;16639,19845
EGILORS;
EGILOSS;16597,19845
EGILOST;
EGILOSU;
EGILPPR;
EGILPRU;14372,14390,19955
EGILPST;3198
EGILPSY;6047,12109,19845
EGILRRU;19139
EGILRSS;18562
EGILRST;
EGILRSU;
EGILRSY;18465,18562,18871,19708,19767,19814,19961
EGILRTT;18520,18869
EGILRTY;
EGILRUV;11115
EGILRZZ;
EGILSSS;17746,19061
EGILSST;370
EGILSSW;
EGILSTU;3405,9754,18982
EGILSTW;11117,18989
EGILSTZ;16642,19126,19871,19915,20006
EGILTTW;18520,18869,19963
EGIMMRR;2139,3429,8098,10220,14375
EGIMMRS;10220
EGIMMRU;12340,19021,19140
EGIMMSU;19140,19949
EGIMMTU;16670
EGIMNNN;12006,12175,12183,14353,16087,18032,18109,18880
EGIMNNO;13771,14900,17406,17515,19775,19776,19970
EGIMNNR;14769,14900,17406,18511,18537,19686
EGIMNNS;14353,19693,19910
EGIMNNW;12037
EGIMNOR;12038,12197,14900,15335,16646,17406,18977,19952
EGIMNOS;10735
EGIMNOT;3502,18977
EGIMNOU;3502,4597,9412,12303,15820,16694,17406,17515,19716
EGIMNOV;10175,16565
EGIMNOW;12037,12117,12279,19008,19967
EGIMNPR;
EGIMNPT;
EGIMNQU;2924,2925,12303
EGIMNRS;
EGIMNRT;
EGIMNRU;
EGIMNSS;16690
EGIMNST;
EGIMNSU;12246
EGIMNSW;11249,12117,14377,19860,19967
EGIMORR;13835,16698,19028
EGIMORS;14176,16697,16698,19886
EGIMOSS;2083,3487,3488,8082,19884
EGIMOST;
EGIMPSU;19922
EGIMPSY;8109,16693,19124,19884,19886
EGIMRSW;19021,19140,19860,19967
EGIMSST;14159,19054,19144
EGINNNP;10178,12121,17767
EGINNNR;7363,10723,18550
EGINNNY;6054,7969,8084,15520,15521,16673,16674,17762,18032,19687,19883,19980,19998
EGINNOO;19771,19776,19883,19998
EGINNOP;11230,12121,12301,19069
EGINNOR;
EGINNOV;6050,8008
EGINNPR;2066,3397,3407
EGINNPU;12262,14250,14261,16667,19129,19156,19716
EGINNRR;3362,18121,19088,19887
EGINNRS;
EGINNRT;
EGINNRU;12077,14358,14371
EGINNRV;
EGINNRY;14358,16511,16675,19702,19767,19814,19980,20001,20011
EGINNSS;
EGINNST;
EGINNSU;
EGINNSW;
EGINNSY;12266,12356,19032,19154,19687,19702,19767,19855,19856,19857,19858,19973
EGINNTT;8018,15526,19974
EGINNTV;10140
EGINNVY;19980
EGINOOR;12126,12214,12215,20015,20043
EGINOOS;8041,12215,17273,19860
EGINOPP;16620,16621,17703
EGINOPR;11852
EGINOPS;16620,16621
EGINORR;19887
EGINORS;
EGINORT;
EGINORV;
EGINORZ;14089,14366,19952
EGINOSU;16622,19177
EGINOSW;11249,12125
EGINOSY;7424,12291,12294,12356,19155
EGINOSZ;14356,17723,19053,19798,19915,20006
EGINOTT;12096,14093,15506,16075,16617,16623,16694,19974
EGINOTV;
EGINOTZ;12338,16619,19118,20006
EGINPPP;
EGINPPR;16714
EGINPPS;16620,16621,18107
EGINPRS;
EGINPRU;
EGINPRV;20014
EGINPRY;
EGINPSS;19144
EGINPSU;
EGINPSW;2115,12271,19993
EGINPSY;18145,19032,19180,19993
EGINPTT;16075
EGINPYY;16658,19713
EGINQUU;18161
EGINRRS;
EGINRRW;
EGINRSS;
EGINRST;
EGINRSU;20015,20043
EGINRSV;
EGINRSW;
EGINRSY;19969,19993
EGINRSZ;5153,12330,19025
EGINRTT;
EGINRTU;
EGINRTV;
EGINRTY;17721,19969,19980
EGINRVV;11889
EGINRVY;19980
EGINSSS;
EGINSST;
EGINSSW;16607,19965
EGINSSX;3131,12361,19134,19177
EGINSSY;16685,19026,19692,19797
EGINSTT;
EGINSTU;16622,19922
EGINSTV;
EGINSTW;
EGINSTX;11841,12356
EGINSTZ;20006
EGINSVX;19162
EGINSWY;19032,19113,19788,19843,19993,20011
EGINSZZ;
EGINTTV;12327,20014
EGINTTW;
EGINTTX;6814,7928,8061,9735,11866,16623
EGIOOPR;7989,10123,12126,12130,19023,19160,19162,19816,19886,20028
EGIOORS;7989,8127,12126,12130,12349,16697,19860,19886,20028
EGIOOSS;15516,18556,19810
EGIOOST;8127
EGIOPPS;7989,12050,12055,12073,12093,12130,12131,12132,12133,12331,16620,16621,19017
EGIOPRS;1428,7989,12093,12130
EGIOPRU;
EGIORRS;14177,16608,16697,16698,19028
EGIORRU;11115,16698,19984
EGIORRV;11115,14375,18395,18512,18579,19101,19984
EGIORST;12277
EGIORTU;
EGIORTV;
EGIORTZ;19869
EGIORUV;5309,11115,13570,18082,20029
EGIOSST;
EGIOSTT;18467,19811
EGIOSTV;
EGIOTUV;18082
EGIPPRR;7990,7991,16709
EGIPPRS;
EGIPPSU;8111,12133
EGIPPSY;3416,12055,12131,12132,12223,12331,19961,20017
EGIPRRS;12376,12377,16123,16608
EGIPRUU;3498,16714,18097
EGIPSSY;3516,12120,19845
EGIRRRU;19102
EGIRRST;8096
EGIRRSU;13997,14091,14393,17526,19145
EGIRRSV;12079,12377,14392,16697,19893,19984,20046
EGIRRTT;12110
EGIRSST;
EGIRSSU;5376,12185
EGIRSTU;1122
EGIRSTV;19104
EGIRSUZ;10225,12273,12337,12370,16625
EGIRSZZ;
EGIRTTU;12110,19819
EGISSSU;11256,12211,13598,17791,19155,19176,19177,19184,19991,20015,20039,20044
EGISTTU;3405,9754
EGISUWY;12056,20011
EGJLNSU;4595
EGJLSTU;
EGJOSTT;12278
EGKLORW;6586,12279
EGKMSSU;19185
EGKNOSY;4955,12280
EGLLORS;14228,15528,20049
EGLLOSY;8030,8071,11091,12291,12294,14767,17797,19708,20000
EGLLRSU;3521,5385,7312,10982,10983,13613,14335,14383,14384,16669,18079,19947,19948
EGLLRUY;3521,10982,12282,13613,14092,14384,16669,18079,18150,18166,18468,19709
EGLLSTU;2129,7312,8029,10983,11176,12285,14335
EGLLSUY;3521,10982,12288,12291,12294,13613,14383,14384,16669,18079,18166,19999
EGLMMRU;
EGLMNOO;2148,3490,7440,19186,19813
EGLMNOR;931,3211,3490,3523,8131,11293,12197,15530,19008,19186,19796,19813,19909,19952,20001
EGLMOOR;2148,7440,19186
EGLMSSU;13597
EGLNNSU;3411,17798,18470,18589,19717
EGLNOOV;2150,15331
EGLNOOY;8067,12291,12385,16107,17798,19998,20049,20053
EGLNOPS;2150,12216,17403,18099,18590,19815,19914,19915,19959
EGLNORS;14076,18590
EGLNORU;2151,4958,5156,5388
EGLNOST;16716,20051
EGLNOSU;16715
EGLNOSY;12291,12294,12385,17403,17798,18465,20006
EGLNOUV;1021,5156,5309,5388,13570
EGLNOUY;1021,5388,12291,12382,12385,13848,15530,16593,16715,17798,18156,18166,20050
EGLNOXY;
EGLNOYZ;4599,19798,19952,20006
EGLNPRU;27,3498,7970,14372,14390,19955,20052
EGLNPSU;19786
EGLNRSU;
EGLNRTU;19073,19830
EGLNSSU;5390,18470,18589
EGLNSTU;14030,18589,19713
EGLNSUU;8137,14386,18096,18889
EGLOORS;11296,14228,16716,18591
EGLOOSY;12291,12385,14767,16058,16107,17797,17798,19845
EGLOPRS;19951,20017
EGLOPSS;2147,3524,12058,16597,16717,19845,19881,20017
EGLOPTU;12382
EGLORRW;11139
EGLORSS;
EGLORSU;14096,19042
EGLORSV;
EGLORSW;14228,16716,18888,19691,19708,19717
EGLOSSS;3409,18463
EGLOSST;8130,12140,19678
EGLOSUV;
EGLPRSU;
EGLPRUY;10207,12282,14390,19955,20052
EGLRSTU;19042
EGLRSUU;8096,12386,14386,18096
EGLRSUY;
EGLRSYY;
EGLRTTU;4958,12110,17769
EGLRUZZ;
EGLSSTU;3493,12336,12386,18589,18982
EGLSTTU;
EGLSTUU;
EGLSUZZ;
EGMMORT;10769,11297,16646,19966
EGMMOSU;3410,8099,12297,19949,20028,20054
EGMMRRU;
EGMMRSU;19140,20054
EGMMRTU;
EGMNNOS;13771,19040,19187,19693,19775,19970
EGMNNOT;
EGMNNOW;12037,17800
EGMNOOS;19775,19816,19823,19860,19884
EGMNORS;
EGMNORU;4597,5333,19716
EGMNORY;3523,7382,7934,8106,8131,11297,11301,12059,14175,15530,15829,19864,19951,19952,20001
EGMNOST;18048
EGMNOSU;7209,10719
EGMNOSY;11301,18527,19823
EGMNOYZ;19952
EGMNSTU;14179,17751,18521,19022,19046,19922
EGMNSUU;12348,14386
EGMOORR;3490,12046,12241,13835,16525,19975
EGMOOSS;3524,12143,12349,19027,19187,19816,19822,20031
EGMORST;16124
EGMORSU;16698
EGMORTU;19824
EGNNOOS;19187,19191
EGNNORT;19818
EGNNOSU;3411,18398,18595,19717
EGNNPTU;12262,16708,18046,18097,19156,20038
EGNNRSU;18398,18595,19717
EGNNRUY;5388,7212,14358,16675,17412,19188,20011,20052
EGNNSYY;
EGNNTUU;14360,14391,15526,16678,18097
EGNOOPS;2150,3441,12390,14255,16611,18099,19823,20030
EGNOORS;14387,16683,16716,19825,19860,20015,20043,20049,20053
EGNOORY;10127,20049,20053
EGNOOST;8141,16716,19825,20049,20051,20053
EGNOOSY;6458,8134,12291,12356,12385,16603,16611,17798,18101,19121,19823,19884,20006,20049,20053
EGNOOTU;4603,8090,11092,11143,11289,12144,12382,14361,16659,16694,16719,18045,18531,19046,19048,19817,19825
EGNOOYZ;19121,20006
EGNOPRS;18590
EGNOPRY;224,20052
EGNOPSS;16611,16620
EGNOPSW;18099
EGNORRW;12372,13844
EGNORSS;
EGNORST;
EGNORSU;19931
EGNORSV;3217,19989
EGNORSY;
EGNORUY;5388,15530,16593
EGNOSSY;16611,16721,17722,18527,19026
EGNOSTU;326,16622,19922
EGNOSXY;12356,18101
EGNPRSU;17796
EGNPSSU;368,16720,17352,19112
EGNPSUX;12358,12374,18167
EGNRRTU;7447,10671
EGNRSTU;14179
EGNRSUY;
EGNRSYY;17795
EGNRTTU;2151,4958,7445,12386
EGNSUVY;
EGOOPRS;7950,7989,7997,10123,10129,12130,12392
EGOOPSY;12395,16603,16610,16611,19823,19845,19884
EGOORRV;3449,12154
EGOORSV;
EGOORSY;11893,14337,18101,19048,19049
EGOORTU;9402,12137,12154,14361,16719,18045,20029
EGOORTV;11149,12154,16704,19163,20014,20029
EGOOSST;6839,8000,11154,12143,12144,12153,12395,19678,19825,20049,20053
EGOOSSY;8000,12395,16597,16603,16610,16611,16685,16715,16721,19845,19884,20049,20053
EGOOSTU;3525,11092,11143,12144,12395,16718,19817
EGOPPST;
EGOPRRS;11158,12057,12138,12139,12155,16608,18594,18596,19893
EGOPRRU;2090,3438,3447,10239
EGORRSS;14094,14177,20031
EGORRST;16608
EGORRSU;19191,19194,19931,19984,20054
EGORRSW;3531
EGORRTU;5336,19824
EGORRUY;12036,16080,16593,16698,19139,19194,19824
EGORSSS;
EGORSST;19678
EGORSSU;
EGORSTV;3532,10132,12396
EGORSUV;
EGORTUW;16077
EGOSSTU;
EGOSSTY;2153,6058,7993,8000,8130,12395,16584,16685,18527,18532,19026,19035,19125,19870,20009
EGOSSYZ;
EGOSTTU;14096
EGOSTYZ;6058,7994,16718,19049,19126,19871,20006
EGPPRSY;3416,10131,12108,12131,12132,12138,12155,12157,12331,19961,20017
EGPRRSU;12377
EGPRSSU;7386,16720,19902
EGPRSTY;3218,3522,8109,8135,11301,12132,12376,12377,16608,18594,19043,19137,19993,20022
EGPRSUU;
EGRRSSU;13714,14091
EGRRSUY;12036,12328,12377,12397,16698
EGRSSTU;
EGRSSUY;12328,16721,18166
EGRSTTU;
EGRSTUZ;12273,12337,12370,16625,19049
EGRTTUY;19824
EGSSSTU;3216,11255,19184
EHHIIMS;17802,19196,20059
EHHIKSS;14916
EHHILLS;10242,12400,18602,20055
EHHINNS;3535,3539,8159,12411
EHHIPRS;3416,5064,7454,12410,16134
EHHIPSS;12401,20070
EHHIPSY;3416,8161,10248,12055,12056,15534,16737
EHHIRST;10248,12416,17415,18169,19768,20065,20068,20069,20071,20076
EHHIRSU;14918,16731
EHHIRTT;3219,15531,18049,18169
EHHIRTW;
EHHISSW;3538,16728
EHHISWY;11098,12056
EHHNPSY;8161,14395,19222,19823
EHHOOSS;
EHHORTT;2159,3540,7459,8170,8172,11324,11327,12421,12430,12432,14396,14921,18179,19221
EHHRSSU;4608,16730,17811
EHHSSSU;16742,19821,20070
EHIIIKT;
EHIIKLP;19829
EHIIKLS;2160
EHIIKNR;11331,19233,19829
EHIILLR;11333,19230
EHIILNP;18992,19771,19829
EHIILTT;2165,2167,5394,8182,16759,17717,18086,18869
EHIIMSS;5402,10257,14035,19249,19250,20116
EHIINNS;728,1441,11836,12438,14894,16160,18611,19858,20101
EHIINRS;10268,11331,11341,18515,19233,20117,20121
EHIINRT;3546,3549,12439,14101,14181,14780
EHIINRW;
EHIINRZ;1133,3549,10256,11346,11992,12069,12077,12456,18516
EHIINSS;19233,19828,20117,20121
EHIIPPR;3227,3421,11336,12073,19245,20110,20116,20125
EHIIPPS;12050,12073,12075,18190,20058,20110
EHIIPRT;3226,3227,3549,5405,12433,12439,12445,12453,18169,18171,19197,19242,19251,19256,19848,20107,20111,20123,20124,20126
EHIIPTT;2171,3551,12453,16757,20107,20111
EHIIRSS;1130,1417,3421,4267,5340,5399,5402,6060,7449,8148,11104,16766,17801,19233,19250,19779,19828,20099,20116,20117
EHIIRST;19242,20102
EHIIRTW;10273
EHIISSS;6060,8174,10111,11343,15532,15544,16152,16165,16764,16768,16780,17817,18898,19241,19668,19836
EHIISST;20089
EHIISTW;18900
EHIJNNO;16171
EHIKKRS;
EHIKKSS;
EHIKLRU;6460,19830
EHIKLTU;18089,19830
EHIKLTY;
EHIKMNT;7485
EHIKMSV;
EHIKNOS;3553,7962,14782,18517
EHIKNRS;6861,10274,11331,15740,18615,19233
EHIKNRT;1109,1110,3423,15542
EHIKNRU;3423
EHIKNSS;17417,19229,19832,19835,20095
EHIKNSU;11105
EHIKOOR;16789,20093
EHIKOOS;19860
EHIKOST;3553,12088,14102
EHIKPRS;11331,15740,18615,19233
EHIKRRS;
EHIKRSS;17417,18615,19233
EHIKRSU;
EHIKRSW;12086,19860
EHIKRSY;11331,12087,16788,18615,19233
EHIKSSS;8219,11354,15741,16586,16790,20095
EHIKSSU;19229
EHIKSTW;12086
EHIKSWY;
EHILLMN;1445,7362,7488,8221,8224,8225,11355,14238,19230,19234,19770,19861,20096
EHILLNO;11356,14923,16759,16793,18188,19199
EHILLNS;16749,19230,20096
EHILLOO;12440,15558,16793,17394
EHILLOS;7489,8220,8233,10040,11862,12093,12441,17829
EHILLRS;12093,12441,19722
EHILLRT;15840
EHILLRU;6863,7492,7967,8229,8231,12467
EHILLTY;18026,19007
EHILMMO;5410,11359,12471,16179,16796,17830,20129,20130
EHILMPW;19840
EHILMSU;6019,10280,10281,12474,19724,20096,20101
EHILMTT;229,2165,2179,8182,16729,17717,18172
EHILMUW;2943
EHILNOP;
EHILNOT;16797,17355,18189
EHILNPS;
EHILNSS;5412,14404
EHILNTY;5417,13836,14359,16797,16799,18093,18514,18619,18621,19199,19201,20133
EHILOOR;5717,6092,12098,12402,12440,12467,16807,19280,20131,20133
EHILOOS;5419,12485,19017,19280,19845
EHILOPT;3534,14273
EHILOSS;6061
EHILOST;4215,13852,14637,16808
EHILPRS;
EHILPRT;1450,8251
EHILPSS;15842,18625
EHILRRW;19281
EHILRSS;
EHILRST;
EHILRSU;17402
EHILRSV;18207,19725
EHILRTU;2943,3233,6605,8244,9707,10080,11853,12110,16594,16809,18093,19266,19830
EHILRTW;19281
EHILSSS;8241,13616,15185,15532,15544,16152
EHILSST;
EHILSSU;19229
EHILSTT;
EHILSTV;7956,11376,17535
EHILSTW;19273
EHILSZZ;
EHILTTU;3426,12110,16594,16807,16809,17717,20131
EHILTTW;
EHILTWY;19273,20133
EHIMMRS;617,12490,12493,18211,19196,20059,20064,20067,20068,20110,20129,20137
EHIMMSY;6869,11358,16192
EHIMNOS;
EHIMNPS;1142,5401,9810,19234
EHIMNRS;15182
EHIMNRU;18516
EHIMNSU;20096,20101
EHIMNTY;1749,7504,12439,16797,16818,18619
EHIMORS;20137
EHIMORT;3429,3435,5163,19869,20111
EHIMORZ;9804,19869
EHIMOST;
EHIMPPX;
EHIMPRU;1460,2185,19245
EHIMPRW;
EHIMPSU;9810,19234
EHIMRST;20115
EHIMRSU;5403,20137
EHIMRTT;232,384,3360,10286,11837,20111
EHIMRTY;12439,19869,20066
EHIMSST;
EHIMSSU;
EHIMSTU;18521,19022,20145
EHIMSTY;3545
EHIMSWY;18213
EHIMTYZ;16193
EHINNNS;7505,7954,8241,12122,12123,12491,16160,18629,19022,19243,19832
EHINNRT;382,5397
EHINNSS;16803
EHINNSW;10121,11061,12496,16803,19032,19273
EHINNSY;7971,11361,19032,19273,19858
EHINOPR;11122,18642
EHINOPS;
EHINOPX;10282,12412,12510
EHINORR;3572,6865,7308,11989,14158,14239,16074,16825,16826,19887,19893
EHINORS;
EHINOST;14703
EHINOSU;11900,14527,14883
EHINPPS;386,387,1755,2208,10805,16160
EHINPSS;
EHINRSS;17417,18055,19779
EHINRST;19724
EHINRSV;16824,18475,19241,20121
EHINRSW;19205
EHINRTV;3583,18643,19854
EHINRTW;20133
EHINRTZ;1133,3549,7511,10256,10295,11346,11382,11992,12069,12098,12456
EHINSSS;13616,13617,13840,15532,15544,16586,18205,18406,18475,19836
EHINSST;
EHINSTW;19032,19273
EHINSTZ;3537,19857,19858,20119
EHINSUV;1137,3583,11349,12499,20121
EHINTUW;
EHIOOPW;
EHIOORT;12098,12407,12492,12495,14361,14936,19281,19869,19895,20093,20148
EHIOOST;
EHIOPPR;17852,20127
EHIOPRS;19893
EHIOPSS;10269,18202
EHIOPST;
EHIORRS;17853,18203,18207,18635,19248,19893,20067,20125,20167
EHIORRT;3429,3435,12052,18224,20107,20111
EHIORSS;
EHIORST;
EHIORSU;732,5720,14883,16786,16789,20125,20137,20167
EHIORSW;19722,20135
EHIORSY;1753,3573,7945,13854,13980,14928,16071,16820,16829,18220,19028,20076
EHIORTT;17354,20111
EHIORTU;
EHIORTV;17803,18175,18999,19281
EHIOSST;
EHIOSTT;14637,20098
EHIOSTY;3573,12055,12132,13852,13854,14784,14928,16071,16192,16596,16820,19028,20076,20109
EHIPPRS;19301
EHIPPRW;
EHIPPST;
EHIPPTW;
EHIPRSS;19779
EHIPRST;18169
EHIPRSU;20167
EHIPRSW;19722
EHIPSTT;14405,14946,16736,16737
EHIPSZZ;
EHIRRRU;
EHIRRSS;19719,20141
EHIRRSU;2196,8215,19239,19719,20167
EHIRRSV;18207,19725,19893
EHIRRTV;3233,18082,18606,18999,19281,19895
EHIRRTW;
EHIRSSS;1030,3251,6060,9811,11354,12539,14948,16515,16753,16790,18898,19241,19321,19779,20077
EHIRSSV;16785
EHIRSSW;15815
EHIRSTT;
EHIRSTU;13560
EHIRSTV;3583,18643,19854
EHIRSTW;
EHIRSTZ;12530,16820
EHIRSVY;7537,18643,20167
EHIRTTW;10808,19303
EHIRWZZ;
EHISSSU;16202,19293
EHISSSW;18406,19253
EHISSTT;
EHISSTU;
EHISTTW;
EHISTWY;12538,18213
EHISUZZ;
EHISWZZ;
EHJOPSS;19232
EHJORSS;
EHKLNOR;5174
EHKLNOS;
EHKLOOT;20093
EHKLPST;
EHKMOOS;
EHKMOSY;3552,12087,16788
EHKNORS;10817
EHKNOSY;
EHKNRSU;
EHKNSSU;19229
EHKNSUY;
EHKOORS;16175
EHKOOSY;
EHKORSS;5175,18407
EHKORSW;16221
EHKORSY;11424,12087,16788
EHKOSSS;8285,14410,16586,16791
EHKRSSU;18407
EHKRSTU;389
EHLLNSU;5409,16177,16792,18226,19234
EHLLOOS;3584,12545,12547,16529,20169
EHLLORS;3585,3587,4967,10040,10124,10277,10278,11862,12093,12441,12442,12466,12467,12545,12549,19218
EHLLOSU;5409,11905,12441,12547,12549,16177,16792,19729,20055,20169
EHLLRSU;12441,12467,12549,14335,15787,18857
EHLMMOW;8292,11425
EHLMMSU;3555,20130
EHLMMUW;
EHLMNOT;16729,16797,18172
EHLMNOY;6062,11426,16797,19216
EHLMNSU;3439,6019,10280,10281,10310,10311,11000,11135,12094,12474,12552,18228,19724,20096,20101
EHLMOOS;4437,10311,12136,12473,12474,12545,18228,20171,20173
EHLMOPS;11431,12422,12480,14405,18228,19865,20102,20129,20130,20172,20173
EHLMSSU;11000,16730,19724
EHLMSTY;2189,3545,3559,14411,16788,19864
EHLNOPS;7996,8295,12546,12551,15833,16229,17403,18526,18654
EHLNORT;1676,2213,4882,5174,8294,15187,15834,18904
EHLNPSY;8295,11137,12546,12551,17403,18226,18526
EHLNRTU;521,731,3426,4882,8244,8294,9821,10080,11853,13569,14936,15187,16594,18093,18904,19266,19830
EHLNTTY;6070,18514,18619,18621,18904,19201,20133
EHLNTYY;1465,18649,19217
EHLOOPT;11428,14273
EHLOOSS;3562,5413,20128
EHLOOSY;8298,12547,13589,14952,16596,17856,18190,18208,18226,18229,19845,20132,20171
EHLOPPR;5337,7544,7976,14779,16227
EHLOPPS;18190,19013,19017
EHLOPSX;3585,3587,12422,12423,12425
EHLOPSY;4191,5416,14937,16843,18190,19218,20132
EHLORST;17275
EHLORSW;5185,19722,20135
EHLORTW;12548,14283,19281,20133
EHLORTY;10961,11324,12548,18227,18904,19219
EHLOSSS;13616,15185,19821
EHLOSST;14699
EHLOSSU;10307,20108,20135,20169
EHLOSSV;4969,14355,15562
EHLOSTT;14637,16574,16808,19842,20097,20098,20106
EHLOSTW;19324
EHLOSTY;13852,16596,16808
EHLOTXY;3564
EHLPPSS;3565,3566,12472,19017,19881,20089
EHLPPSY;18190,19218
EHLPRSU;12552,16843,19732,20173
EHLPSSU;12058,20135
EHLRRSU;19239,19719,19732
EHLRSSU;
EHLRSTU;10823,13644,15787,19042
EHLRSUY;737,3559,3589,4525,8246,8289,9319,11436,12552,16843,17402,17424,18229,18857,20135
EHLSSSU;16742,16844,19329
EHLSSTT;
EHLSSTU;
EHLSTTU;14952
EHMMRSU;
EHMNNOO;12136,13838,16797,19040,19332,19334,19776,20178
EHMNOOR;9425,12492,14098,15560,18069,18100,19332
EHMNOPS;19823
EHMNOST;13687,16845,18231,18527
EHMNOSW;12117,12476,12496,19860
EHMNPSU;9810,19234,20096,20115
EHMNPTY;12439,18652,19216,19217
EHMNTTU;3443
EHMOOSS;
EHMOOST;16846
EHMOOSW;
EHMOOSX;15569
EHMOOSZ;
EHMOPRW;
EHMORSS;1469,3444,8285,9428,10308,20181
EHMORST;
EHMORTU;4197,14002,16013,19824
EHMORTY;390,12061,16818,19824
EHMOSWY;11451,18213
EHMOTXY;
EHMPRSU;11434,20173,20176,20183
EHMPRTU;1460,5179,8169,12561,16225
EHMRRSY;2190,6883,9829,11363,12553,16080,16849
EHMRRTU;14107,16013,19266,19824
EHMRSSU;1469,8307,10679,18232,18505,19224,20181
EHMRSUU;3445,11434,19341,20181
EHMRTUV;
EHMSSSU;13862,16202,16848,19293,19331,20181
EHMSSUU;
EHNNOOR;5180,6464,8309,11422,12136,12147,17276,17421,18100,19332,19334,19887,20185,20186
EHNNOPR;6626,11446,12147,12405,14955,16777,19334,20185
EHNNOPY;9348,11426,11446,12147,19334
EHNNRSU;3243,18025,18050,19682,19891
EHNNSTU;736,11903
EHNNSUW;19778,20155,20187
EHNOORR;5180,12492,14098,15535,16141,16722,17276,18216,19303
EHNOORS;4964,5347,12515,18101
EHNOPRS;16850,18185,19893
EHNOPRY;5182,16722,16770,18652
EHNOPSU;16850,18219,20189
EHNOPSY;19823,20132
EHNOPUY;8228,12555,12567,18226,20132
EHNOPXY;
EHNORRS;13645,16825,16826
EHNORRT;3446,6118,11099,11442
EHNORRY;1350,9829,12565,15745,16593,16722,16825,16826,18229,19045
EHNORSS;
EHNORST;10317,18233
EHNORSU;3258,4620,7545,8302,10828,14883,16228
EHNORSW;
EHNORSY;3573,12562,14920,16829,16845,19048,19333,19864,20076
EHNOSST;
EHNOSSU;8230,11900,11905,19729,20189
EHNOSTT;3442,11998,13619,14395,20098
EHNOSTY;4438,9422,9727,9835,14643,18527,20076,20109
EHNOSUU;
EHNOTUY;3443,18904
EHNPRSY;2208,11320,11331,11436,12552,16134,18615,19233,19238
EHNRSTU;19721
EHNRTWY;16605
EHNSSSU;19349,20181
EHNSSSY;8245,15352,15544,16611,18659
EHOOOPS;5422,14409,16846,18200,18228,19879,20123,20161,20189
EHOOPRS;7854,7950,7989,10047,12126,14957,16853,18207,18208,19886,19893,20191
EHOOPRW;11002
EHOOPTY;
EHOORST;17275,18531,19047,19048,19049
EHOORSV;16824,19725
EHOORTV;11149,18175
EHOOSST;
EHOOSSW;
EHOPPRS;17500
EHOPPRT;3446,8002,10103,11157,11330,12432,17852,19339
EHOPPRW;
EHOPPSS;16610
EHOPRRY;14796,15745,16722,19339
EHOPRST;
EHOPRSU;3589,12145,12563,16843,16853,18219,20087,20125,20191
EHOPRSW;
EHOPRSY;
EHOPRTU;12154,14955,16225
EHOPRTY;390,12432,14796,17852,18171,18652,19219,19339,20127
EHOPRUY;3589,8231,10131,16770,16853,20135,20167,20191
EHOPSSS;3541,12119,12156,12539,16235,16248,17826,19293,20077,20184
EHOPSST;
EHOPSTY;5819,12055
EHORRSS;3444,3562,10128,11438,12149,12563,13861,14287,16853,18203,19209,19328,19734,19902,20125,20141,20167,20191
EHORRST;12060,20177
EHORRTW;903,11002,14283
EHORSST;
EHORSSU;9428,10130,18232,20087,20125,20191
EHORSSV;4969,5402,10830,11386,12521,15562,16785,18636,19249,20121
EHORSSW;
EHORSTT;16855,19352,20177
EHORSTU;
EHORSTW;18183
EHORSTX;14039,16215,17543,18637,18648
EHORSWY;18213,20135
EHORTUY;1147,12137,18904,19824
EHOSSST;3541,6063,20184
EHOSSSU;11900,19293,19331,19349,19821,20181
EHOSSTT;13619,18608
EHOSTTT;9838,14284,14789,19354,19900,20108
EHOTTTW;19900
EHPRSSU;12058,12563,15853,16853,18407,18850,20191
EHPRSSY;3593,8206,8303,11384,11436,12537,14276,14406,14407,14957,16745,16748,16840,16841,16853,18615,19233,20099,20135,20152,20153,20167,20175,20191
EHPRSYZ;14277,19211,19886,20100
EHPRTTU;16807
EHPRTUW;
EHQRSSU;
EHRRSSU;9836,10128,10837,11142,12563,19322,19328,19355,19719,19902,20167,20191
EHRRSTU;16838,16854
EHRRTTU;16851,18987,19820,19824
EHRSSTY;1034,3593,10313,12562,14407,14411,19723,20152,20153,20175
EHRSTTU;3592,11453
EHRSTTW;2217
EHRSTUW;11906,17726,18102,18183,18235,19021,20187
EHRSTUY;3559,8246,8316
EHRTTTY;8305,19201
EHSSSTU;19329
EIIILRV;4980,5450,6900,16861
EIIILST;2872,3601,11908,12586,12601,12603,12604,13612,13785,14082,14247,14289,14290,14340,14414,14415,14420,14421,14428,16532,16859,16863,16865,17427,18105,18106,19363,19366,19736,19783,19826,19913,19915,20196,20197,20199,20202
EIIINPR;8348,12439,14711,16254,16259,18876,19828,19924,19928
EIIJMMS;
EIIJMPR;
EIIJSTV;13788,13789,13867,13870,13871,15580,19363
EIIKKLN;
EIIKKNR;6135,8359,12628
EIIKLLP;6891,6918
EIIKLLS;6891,6918
EIIKLMR;5355,20093
EIIKLMS;
EIIKLNR;
EIIKLNT;16267
EIIKLPS;6891,6918,16880
EIIKLPT;16269
EIIKLRS;
EIIKLSS;
EIIKLST;16880
EIIKLTT;
EIIKLVY;16882
EIIKMRR;
EIIKNNT;7388,16267
EIIKNPR;11331,16575,19233,19362,19834
EIIKNPS;4591,11331,16575,19233,19834,20225
EIIKNRS;19233,19940
EIIKNRZ;12162
EIIKNSS;19233
EIIKNST;
EIIKNTW;19935
EIIKPRS;4591,11331,16575,19362,19834
EIIKPSS;17417
EIIKRRS;19834,19932,19933,19940
EIIKRSS;16881
EIIKRSV;
EIIKSTT;
EIILLMM;
EIILLMN;16274,19770
EIILLMR;
EIILLMS;5119,5312,8025,8027,12642,14168,14645
EIILLMT;11918,12642
EIILLNV;2956,14350
EIILLPS;3613,3614,5312,5430,11479,13614,19234,20055
EIILLRS;13596,18122,19063,19391,19948,20230,20231,20232
EIILLRT;11922,15375,16275,16861
EIILLSS;5315,5316,19063
EIILLST;
EIILLSW;14084,19691,19947
EIILLTT;2226,3607,3612,4531,6595,6640,8369,11163,11172,11918,11922,14965,15869,16274,16276,16759,18086,20227
EIILLTV;14421,14802,14963,14964,14965,16861,16885
EIILMNV;227,3269,3623,7389,12582,12659,12669,12670,14249,18241,18539,20227,20242
EIILMPR;19952
EIILMPS;14398,16860,17369,19234
EIILMPT;3543,5455,5471,9852,12675,19387,19393,20238
EIILMRR;938,3272,3372,3373,3377,3625,4837,4888,6150,7582,7584,8378,8393,8394,11006,11472,11491,12184,12196,12197,12655,12656,14426,14528
EIILMRS;14425,15182
EIILMRT;5464,8394,12670,16861
EIILMSS;
EIILMST;16749
EIILMSU;1473,6150,7583,8184,8378,14885,16283,16284,16634,19394,20101,20200,20228,20237,20239
EIILMSV;14249,14963,20194,20237,20242,20247
EIILMUX;16888,19944
EIILNNS;13994,14019,14044,17681,19380,19388,20101,20225
EIILNOR;6068,6152,6467,6840,13721,14610,17431
EIILNOS;
EIILNOT;2045,3609,3637,7860,19773
EIILNOV;8008,12219,14350,14969,16576,19774
EIILNOZ;2045,3637,7860,12683,12693,19069,19773
EIILNPS;1094,5211,17369,17432,19392,20225,20239
EIILNPZ;7589,8329,10156,12217,13724,18992,19069
EIILNRR;13721,13873,14610,16021,16539,17431,18480,18672,19239,19932,19933,19961,20249
EIILNRS;
EIILNRT;14110,14966,17887
EIILNSS;
EIILNST;16856,16858
EIILNTT;1129,12574,15869,18480
EIILNTU;2873,4983,5474,5475,7574,7924,8033,8385,8395,8400,8416,10148,12598,12666,12710,14372,14430,16267,16517,16536,16763,19073,19830,20199,20238,20239,20249
EIILOPR;3380,11513,11926,19697,19952,20107
EIILORR;3377,3625,5484,6068,6152,6157,6158,9732,11337,11490,11491,12196,12197,12216,12217,12218,12219,12655,12656,13721,13873,14610,16021,16270,16539,17370,17431,19741,20107,20249
EIILORS;2162,5399,7869,16533,19741,20200,20231,20232
EIILORV;3377,9559,9560,12219,14088,16294,16576,16640,16890,18130,19698,19740,19741,19774,19945,19960,20200,20244,20253
EIILOST;5202,13843,13852,14373,14421,14964,16633,16645,16725
EIILPPR;2074
EIILPPS;18190,18251,20056,20058
EIILPST;4885,4977,5430
EIILQSU;14425,15592,20228,20241
EIILRST;
EIILRSV;15596,19740,19741,20237,20244,20253
EIILRSX;3379,6159,8415,11101,18039,18058,18479,18671,18673,18915,20254
EIILSSV;15596,16881,20229,20253
EIILSTT;
EIILSTU;5474,8046,14421,16858,20228,20239,20242
EIILSTW;17430
EIILSZZ;
EIILTUY;5320,5477,8394,8421,12231,12675,16536
EIILTUZ;3637,5475
EIILTXY;4628,4636,12710,14267,19415,20254
EIIMMRS;748,12074,12609,20110
EIIMMSS;1355,9855,12588
EIIMMST;3464,12609,14416,14925,20193
EIIMMSX;
EIIMNNS;1441,2241,7608,11916,12726,12727,14353,16297,16629,16647,17416,19243,19420,19693,19795,19800,19910,19942,20101,20113,20205,20206,20260,20263
EIIMNPR;6168,8380,10381,12439,15387,15870,16024,16253,16298,16301,16770,16906,19245
EIIMNRT;12439,12719,15870,16024,16253,16278,16298,16301,16906
EIIMNRV;12735,14375,15387,17862,17897
EIIMNST;
EIIMNTV;17862,18539
EIIMNTY;5464,5469,8055,8448,8451,9878,12439,12659,12670,12737,16565,16617,16773,18241,19393,19432,20263
EIIMOSS;14399,20246,20268
EIIMPRS;32,3655,20059
EIIMPRW;
EIIMPST;32,3655,17426,18677,19432,20206
EIIMPTY;5210,5471,8178,8451,11503,12439,12675,12737,15549,17426,19393,19432,19437,20213
EIIMRSS;
EIIMRST;18194
EIIMSSS;8450,13694
EIIMSST;
EIIMSSV;13867
EIIMSSZ;11340,14813,15392
EIIMSTT;
EIIMSTX;2229,3545,5432
EIINNNP;12183,19364,20238
EIINNNS;1779,4535,5463,6173,6651,8350,12595,12716,14086,18108,18109,18112,18249,18265,18482,19243,19664,19687
EIINNOS;10393
EIINNPS;5211,9873,12075,14083,15249,15577,15581,17534,18543,18611,20239
EIINNQU;10376,19443,20259
EIINNRT;14181,18665,19243,19365,19423,19454
EIINNST;
EIINNSW;19451
EIINNTV;14980,18539
EIINNTW;12186
EIINOPR;
EIINOPS;1094,5401,19959
EIINORR;6152,6168,12023,12024,12197,12217,12219,13721,13844,14375,14610,17431,19088
EIINORS;20265
EIINORZ;1133,3549,4589,5314,7613,11346,11538,12024,12719
EIINOSS;
EIINOST;16126,20109
EIINOSZ;12764,20119
EIINPPR;
EIINPRS;
EIINPST;18611,18677,20096,20239
EIINPTT;9735,15880,16254,18244,18677,18684,18687,19409,19428,19430,19432,19452,19466,20206
EIINQRU;11865,18879,19685
EIINQSU;
EIINQTU;8470,19443
EIINQUZ;3637
EIINRTT;1129
EIINRTV;531,12735
EIINRTW;5216,17433,19697
EIINSSS;13982,14400,14440,15532,15544,15616,16764,17883,20283
EIINSST;
EIINSSZ;13983,17822,18060
EIINSTT;
EIINSTU;11349,12710,19664,19778
EIINSTV;19785
EIINSTW;8479
EIINSUZ;2882,6941,11523,12213,13983,14419,16327,18060
EIINTUV;2248,7960,8063,8468,8470,11349,16930,18886
EIINTUZ;3637
EIIOPTT;11529,20107,20111
EIIORRV;3377,6158,7888,7889,12023,12218,12219,12267,14226,14375,15401,16933,18882,18999,19088,19101,19458,19462,19463,19476,19741,19984,20121,20126,20274
EIIORST;20124
EIIORSV;9559,19741,20200,20237,20253
EIIORTZ;1133,2971,3549,5314,8402,10256,10330,11346,11538,12719,15554,16775,20091
EIIOSTZ;3633,6073,8448,8478,12618,12685,12764,15548,15599,16619,19915,20119
EIIPPPR;7621,8203,20235
EIIPPRR;19245
EIIPPRT;6180,12205,12222,12252,15873,16335,18913
EIIPPRZ;9896
EIIPPST;6180,12741,16334,16933
EIIPPSY;3648,6180,11516,12223,12694,12712,15603,16783,18190,18251,19961
EIIPRRS;
EIIPRRT;1162,3473,3625,5823,6954,8388,11202,12636,15868,16917,20107,20111
EIIPRRV;12768,15837,16334,16933,17685,18688,18698,19458,19476,20126
EIIPRSS;
EIIPRST;
EIIPRSV;18689,20253
EIIPRSW;15557,17420
EIIPRWZ;19924
EIIPSTT;2953,18677
EIIPTTT;2171,5471,12255,12695,12750,20107,20213
EIIPTTU;8369,8451,19443
EIIRRTZ;3639,11472,11871,12656,12702,18870
EIIRSSS;13694,16152,16753,19086,19259
EIIRSSV;16881,18689,20253
EIIRSTV;
EIIRSTW;17433
EIIRSVZ;
EIIRSWZ;
EIIRTTW;
EIISSSS;16786,16787,18686,18858,18859,19074,19385,19405,19669
EIISSTV;13867,14415,18240,19785,19926,20229
EIISSTX;6177,8412,15877,16291,16899,16927,18693,19005,19442,19448,19477
EIISSTZ;11489,19857
EIISTTT;10388,12744
EIISTUV;5407,5496,11349,12463,12745,13789,13867,13870,13871,14421,14429,14443,16858,16930,16935,19363,19379,20222,20242,20247,20250
EIISTZZ;
EIISVZZ;
EIJKKSU;
EIJKLRY;
EIJKNPR;19362
EIJKNRS;
EIJKNRU;18549
EIJKNST;
EIJKNSU;4595
EIJKOST;
EIJLLNY;
EIJLLOR;
EIJLLOS;
EIJLLST;2259,8357
EIJLORT;8358,8488,11559
EIJLORW;237
EIJLRST;8358
EIJLSTU;2260,2978,13794,19363
EIJMPRU;
EIJMPST;
EIJNNOS;14987
EIJNORS;
EIJNORT;
EIJNORY;16340
EIJNOST;
EIJNPRU;15151
EIJNPSU;
EIJNRRU;
EIJNRSU;13770
EIJNSTY;17429,19689
EIJNTTW;
EIJOPST;
EIJORTT;7631,16878
EIJRSTT;2258,7631,12278
EIJRTTU;
EIJRTTY;16340,16878
EIJSSTU;18147
EIJSSUV;13867,13870,13878,15589,18700
EIJSTTU;13870,13871
EIKKLNR;
EIKKLNS;3669
EIKKLSY;14719
EIKKMNR;6135,10274,12464
EIKKNRS;
EIKKOOR;
EIKKRSS;
EIKKRSY;11563,12628
EIKKRUY;
EIKLLNW;
EIKLLOS;6918,16101
EIKLLOW;
EIKLLRS;
EIKLLST;
EIKLMMN;
EIKLMNN;
EIKLMNR;2827,5355,7485,12279,16343,19995
EIKLMRS;5228
EIKLNNS;394,19480,20225
EIKLNNU;16267
EIKLNOS;
EIKLNPR;
EIKLNRS;
EIKLNRT;3475
EIKLNRU;5408,12629
EIKLNRW;
EIKLNSS;
EIKLNST;
EIKLNSU;1169,3669,4595,11105,12629
EIKLNSV;16346,16661
EIKLNSW;18415,19480,20225
EIKLNSY;17430,19788,20225
EIKLNTT;
EIKLNTU;16267,17873,18089,19830
EIKLNTW;
EIKLOOP;6666,16269,18707,19383
EIKLOPT;6185,20093
EIKLOPU;16269
EIKLORY;2940,19995
EIKLOTY;
EIKLPRY;
EIKLPST;
EIKLPSU;
EIKLPSY;3552,8489,16880,19480,20225
EIKLRST;
EIKLRSU;12629
EIKLRTT;5162
EIKLSSS;
EIKLSSU;16881
EIKLSTT;
EIKLSXY;
EIKMMRR;
EIKMMRS;
EIKMNNS;11566,16629
EIKMNOR;5355,12279,17406,19995
EIKMNRS;13726
EIKMNSS;6861,8218,9901,10274,11209,11566,12464,15838,16149,17923,19260
EIKMNST;14430,18536
EIKMNSW;12781,17759,19860
EIKMORS;5201,11567,12087
EIKMOSS;15838,16149
EIKMOSY;3552,12087
EIKMPST;2117,3476,3670,14430
EIKMPSU;14430,16789,16939,18148
EIKMRRS;
EIKMRRU;
EIKMRSS;10274
EIKMRST;
EIKMRSU;18148
EIKMSST;
EIKMSSU;
EIKMSSY;
EIKMSTU;1169,14430,18248
EIKNNOR;18887,19681
EIKNNOS;15404,16586
EIKNNPS;7400,14367,19480,19834,19932,20225
EIKNNRS;7330
EIKNOOR;18887,19997
EIKNOOS;14255,19750
EIKNOPS;7962,14255,14988,16939,18148,18517,18551,19938
EIKNORV;
EIKNORW;12279,12781
EIKNOSS;14381
EIKNOSV;3553,12179,16341,16346
EIKNPRR;15868
EIKNPRS;15740,15887,16575,18551,19362
EIKNPRU;17511
EIKNPST;15887,16341,18551,19261
EIKNPSU;
EIKNPSY;20225
EIKNRSS;
EIKNRST;
EIKNRSW;19860
EIKNRTT;1110
EIKNSSU;5497
EIKNSTT;3553
EIKNTTY;
EIKNTUZ;
EIKOORR;
EIKOORS;8361
EIKOOST;
EIKOPPR;
EIKOPPS;20223
EIKOPRR;
EIKOPRS;14988,18148
EIKOPST;
EIKORRS;
EIKORST;
EIKORSY;4955,11563,12087,12628
EIKOSST;
EIKPPRS;3477
EIKPPST;15405
EIKPRSS;17417,19941
EIKPRSY;8489,11331,12087,18615,19233
EIKPSSS;11354,12465,16883,19061,19485
EIKPSTU;
EIKRRSS;2977
EIKRRST;
EIKRSSS;1986,8219,11354,16010,16790,16883,19485,20292
EIKRSST;
EIKRSSV;12089,16881,17925
EIKRSTT;5162,11567
EIKRSTU;
EIKSSTT;
EIKSSTW;
EIKSSTY;4994,16937,19994
EIKSTUY;
EILLLOS;943,3671,8025,8220,8222,8491,8492,10422,13649,16666,16942,16943,19671,19691,19708
EILLMNU;5967,11355,11873,15794,16546,18708
EILLMOS;1098,5368,6138,7489,8025,8027,13592,13797,14645,16547
EILLMOT;373,11918,16944,20227,20294
EILLMOU;6471,11918,14645,16945,16946,20228
EILLMRS;1098,3681,3684,5368,5500,11846,11936,12091,12285,12466,12790,12791,14345,16547
EILLMSS;
EILLMST;12091
EILLMSU;14645,15374,16945
EILLMTU;2266,3673,8510,11918,16861,18708,20294
EILLNNP;3554,11356,11573,11574,12787,14083
EILLNOS;20230
EILLNSS;14346
EILLNST;18616
EILLNUV;20227
EILLOPS;3668,10277,13614,20055
EILLORS;
EILLORU;3689,8229,8231,8499,8513,16548
EILLORW;
EILLORZ;1099,1173,12010
EILLOST;5202,13649,14421,14964,16633,17733,18124,19811
EILLOSV;14421,14963,14964,16942,20229
EILLOSW;943,1793
EILLPPR;19111,20127,20235,20298
EILLPRS;19722
EILLPSS;
EILLPSU;1485,2261,3668,10242,12090,13798,13880,15374,16177,16792,16945,18929,19234,20055
EILLQTU;17929,19387,19489,20294
EILLRRT;1171,1176,8504,11580,12784,16548
EILLRSS;14345,20230,20231
EILLRST;16949
EILLRSW;3285,15752,19110,19113
EILLRTT;2226,3607,3673,7249,8077,8501,10857,11573,11876,19709
EILLSST;
EILLSSU;3694,10425,11587,12185,12641,12653,12802,13601,14346,14403,18065,18902,18929,19380,19388,19389,19491,20230
EILLSTT;19811,19999
EILLSTU;2281,8357,11176,12803,18929,19672,20298
EILLSTW;
EILLSWY;19113,19708
EILMMNO;11939,15892
EILMMRS;18713,19392,20129
EILMMRU;6195,8532
EILMNOO;3490,19813
EILMNOS;
EILMNOT;1048,18172
EILMNPS;17369
EILMNRS;15182
EILMNSS;
EILMNSU;20101
EILMNSY;6989,8544,12820,14383
EILMOOS;2120,8069,13592,13797
EILMOOV;14257,19813
EILMOPR;19952
EILMORR;3377,5321,8504,8539,10244,13835,14723,14934,14996,16549
EILMORS;20306
EILMORT;14388,14934,15627,18092,19864,19868,19869,20005,20130,20303,20304,20306,20308
EILMOSS;3487,18932
EILMOST;
EILMPPS;12475,20129
EILMPPU;
EILMPRS;18713
EILMPRU;
EILMPRY;3682,3683,6670,10787,11363,12308,12787,12789,18715,19400,19952
EILMPSS;
EILMPST;
EILMPSU;
EILMPSW;
EILMPSX;3700,20295
EILMPSY;19124,19400,19510
EILMPTY;18715,19124,19393,19506
EILMRRU;11590,11598,14528,14996,16370,16538,16549,19266
EILMRRY;2190,3680,3682,3683,3705,5321,8394,11363,11572,13599,14426
EILMRSS;18173,19866,20007
EILMRST;
EILMRSU;
EILMRSV;12791,20194,20247
EILMRSY;15377
EILMRTY;2883,3705,5210,9907,13599,14196,14305,17307,18715,19506,19869,20001
EILMRVY;5470,8507,20194,20247
EILMSSS;381,1118,2191,3193,5507,13602,19511,20309
EILMSST;
EILMSSU;
EILMSSY;14432
EILMSTT;20309
EILMSTZ;19126,19871,20006
EILMSZZ;
EILMUUV;15593,16370,16941
EILNNOR;12579,13801,14358,14371,14617,14638,15559,16183,16373,16675,17421,17431,18486,19127,19513,19711,19796,20001
EILNNPU;14250,14372,15594,16286,16667,19129,19955,20238
EILNNRY;3712,5397,5464,8037,8084,8399,10357,11234,11507,11626,12678,12787,13801,14358,16675,18715,18724,18725,18934,19767,19814,20001,20011
EILNNSS;5476,8241,14198,17933,17939
EILNNST;394,3535,4963
EILNNSU;12827,20101
EILNNSW;2983,17378,17881,17939,19131,19273,19403,19480,20011,20225
EILNNSY;14019,14044,17348,17740,19480,19767,20011,20225
EILNOOP;779,12324,12680,12691,15331,18274,20299
EILNOOR;3490,5374,10355,12402,13721,14371,17421,17431,19133,19513,19813,20015,20133
EILNOOS;
EILNOOV;5374,6202,11951,12324,12683,12693,14257,15331,15523,19133,19813,20014
EILNOPP;3706,15895
EILNOPR;17421,19952
EILNOPS;
EILNOPT;
EILNORR;2272,2981,3490,5308,5374,6152,6865,7252,7411,8513,8539,11231,12217,12219,12402,13721,16593,17431
EILNORS;
EILNORT;14651
EILNOSS;
EILNOST;
EILNOSU;12629
EILNOTU;5146,5475,11984
EILNOTV;242,11951,14838,14969
EILNOTW;12693
EILNOVV;12687,14969
EILNPPS;90,402,3727
EILNPRS;
EILNPRU;2185,3498,7970,12646
EILNPSS;
EILNPST;
EILNPSU;19493,19786
EILNPTY;16289,16862,17435,18715,18725,18731,19273,19713
EILNPUV;10356,17434,19530
EILNRST;
EILNRSV;20011
EILNRTY;
EILNRVY;1496,3725,5501,12844,14110,17434,17573,18725,18731,18732,20011
EILNSSS;13616,14346,15365,15532,15544,15733,16292,16764,17883,18386,18851,19411
EILNSST;
EILNSSU;14725,19240,19389
EILNSSV;
EILNSSW;
EILNSSY;8544,16685,16965,17740,18128,18893,19692,19797,20293
EILNSTU;19713
EILNSTV;16856,16858
EILNSTW;17378,19273
EILNSTY;8544,15197,16958,16965,17381,17435,19713
EILNSUV;
EILNSUX;3700,20101
EILNSUY;15628,16517,16543,16884,16965,17381
EILNSVY;17381,20011
EILNVXY;
EILOOPR;11594,11950,12440,12846,15002,15174,15558,16365,16366,16889,16956,17421,17938,18208,19269,19518,19722,20129,20253
EILOORS;12485,12846,19280,20231,20232,20253
EILOORT;4601,6931,8078,10215,10355,11922,13968,14934,14967,14995,15625,16549,18936,19513,19869,20133
EILOORW;18175,19281,19282,19711,20133
EILOOSS;3562,3676,14381,14451,14992,15001,15516,15903,16293,18173,18556,18707,19017,19383,19810,19845,20253
EILOOST;
EILOOSW;
EILOOTZ;5466,8402,8514,11495,12683,12693,19118,19773
EILOPPR;
EILOPPS;9446,14180,19017
EILOPPZ;19069,20058
EILOPRS;
EILOPRT;14444
EILOPSS;15903,16293,18707,19383
EILOPST;
EILOPSU;1485,13798,13880,15903,16293,16792,19786,20055,20132
EILOPSV;15382
EILOPTT;
EILOPTX;3534,8150,8541
EILORRS;12036,15545,18066,18207,19116,19280,20313
EILORRU;8513,8539,11115,12036,12844,16593
EILORSS;
EILORST;
EILORSU;
EILORSV;
EILORSW;8490,12781,20135
EILORTT;
EILORTU;13884,16970
EILORTV;14720,14831,14838,14844,16294,16337,16388,17803
EILOSSV;13879,14355
EILOSTT;19811
EILOSTU;8248,8585,16808
EILOSTV;14963,14964
EILOSTW;8490
EILOSTZ;3633,12685,16642,19915
EILOTUV;8376,8421
EILOTUW;
EILPPPY;15595
EILPPRR;1188,5251
EILPPRS;
EILPPRT;1120,3712,5502,8251,12222,12403,15905,16289,18722,18913
EILPPRU;
EILPPSS;15538
EILPPST;
EILPPSU;
EILPPSW;7688,18624
EILPRSS;
EILPRST;
EILPRTT;7451
EILPRTX;10843,20254
EILPRUU;3498
EILPSSS;
EILPSST;
EILPSSW;
EILPSSZ;11635,12448
EILPSTT;
EILPSTU;
EILPSUY;13880,16945
EILPSUZ;
EILPSZZ;
EILPTTY;2182,5471,8342
EILQRTU;16970,17943,18402,18934
EILQRUU;
EILQTUY;16808,16970,17929,18934,19489
EILRRSU;19116,20237
EILRRTW;
EILRSST;
EILRSSV;
EILRSSW;14448,20135,20314
EILRSTT;
EILRSTU;
EILRSTY;16949
EILRSUV;
EILRSUW;7895,11014,18272,19947,20011,20020,20135
EILRSVY;20011
EILRSZZ;
EILRTTY;15417,17936
EILRTUV;15593,16370,16861
EILSSTT;
EILSSTW;20291,20314
EILSSTY;15003,16685,16937,16965,19692
EILSSVW;13879
EILSSZZ;
EILSTTT;10258,10350,20023
EILSTTU;17932
EILSTTV;14429,14964,15867,16903,20247,20250
EILSTTY;6475,12847,15417,16677,16808,19999,20018,20023
EILSTVY;16949
EILSTYZ;19126,19871
EILSUVV;11929,14997
EILSWZZ;
EILSZZZ;
EILTWZZ;
EIMMMOS;3740,7700,8528,12490,16394,20136
EIMMMST;3740,7700,8252,12490,16394,17932
EIMMMSU;17932
EIMMNRS;
EIMMNRU;6195,8433,8531,8532,9946,16395,16906
EIMMNSU;10446,17574
EIMMOPS;3487,7707,10220,10446,12471,19196,19285,20059,20064,20067,20110,20129,20136
EIMMORS;10220,12490,12493,20064,20067,20110,20129,20136,20137
EIMMOST;1480,12340,14416
EIMMOSV;8598,12179,19545,19967,20237
EIMMPRR;20111
EIMMPRS;20059,20064,20129
EIMMPRU;7711
EIMMRRS;20237
EIMMRRT;33,3429,12492,12656,16812,16813,20111
EIMMRRU;
EIMMRSS;
EIMMRST;
EIMMRSU;20137
EIMMRSW;19140
EIMMRUY;1180,7711,10449,19548
EIMMSST;
EIMMSSU;10092,12807
EIMMSTU;
EIMMSTZ;3236,12658,12857,15599,19969
EIMMSUY;1180,10449
EIMNNOR;12579,12722,12861,17382,17383,17406,18278,19553
EIMNNOT;14848
EIMNOOR;5324,15560
EIMNOOS;
EIMNOOT;3743,19118
EIMNOOX;
EIMNOPR;6168,12038,18040,19952
EIMNOPS;
EIMNOPT;
EIMNORS;
EIMNOSS;
EIMNOST;
EIMNOSW;
EIMNOTY;3741,5979,8448,8604,14124,16196,16565,16617,18282,19026,20109,20263
EIMNPRT;12439,15238,16253,16298,17460,19432,20092,20115,20206
EIMNPSS;
EIMNPST;20206
EIMNPTU;16694
EIMNQSU;12479,12499,16772,20240,20241,20265
EIMNRRU;4353,8539,15005
EIMNRST;
EIMNRSU;18752
EIMNRSV;2891,3697,8616,12791,12875,12877
EIMNRTU;14888,14966
EIMNRVY;11693
EIMNSSS;16817
EIMNSST;14159,15908,18720,19054
EIMNSSU;
EIMNSTT;8252
EIMNSTU;18521,19022
EIMNSTW;11249,14163,17378,18739,19420
EIMNSUX;3700,5506,11941,15569,16888,16973,20101,20115
EIMNSZZ;
EIMNUZZ;
EIMOORR;3490,7712,8599,14934,14967,16408,16988,18212,18756,20067,20148
EIMOORS;16697,20064,20067,20116,20136,20137
EIMOPPR;231,398,16696,18913
EIMOPRR;1112,6168,7981,10093,12038
EIMOPRS;
EIMOPRV;7515,16890
EIMOPRW;
EIMOPSS;3487
EIMOPST;
EIMOPSX;16020,16281,20264,20295
EIMOPSY;3552,10449,19886
EIMORRW;12037,18213,20292
EIMORSS;
EIMORST;
EIMORSU;732,5403,13550,14176,16698,16789,20137
EIMORSV;16697
EIMORTT;16867,17897
EIMORTV;20029
EIMORVX;
EIMOSSS;12819,12882
EIMOSST;
EIMOSSU;10092,10371
EIMOSTT;
EIMOSTU;5255,15427,18282,18521
EIMOSTV;19499,20242
EIMOSTX;20295
EIMOSTZ;14784,14941,15599,19126,20006
EIMOSYZ;12857,14784,14941,16820,19886
EIMOSZZ;
EIMOTTU;3502,3741,11918,16694,17904,17937,19422
EIMPRRS;
EIMPRRT;
EIMPRRU;19245
EIMPRSS;
EIMPRST;20206
EIMPRSU;
EIMPRTU;14444
EIMPRTX;3655,20115
EIMPSST;
EIMPSSU;
EIMPSTU;
EIMPSTY;12410
EIMPSUY;10449,12503,12826,15603,16945,16986,18282
EIMQSTU;12499
EIMQTUZ;
EIMRRST;5500,12640,12745,19920
EIMRRSU;12721,12745,20237
EIMRSST;
EIMRSSU;
EIMRSSV;17590,19551
EIMRSTT;
EIMRSTU;
EIMRSTY;
EIMRTTU;3673,14045,17904,17937,19434
EIMRTUV;12883,15593,16370,16861,20029,20034
EIMRTUX;
EIMRUZZ;
EIMSSST;
EIMSSSU;8450,8457,17880,18717,19293
EIMSSSX;3193,16894
EIMSSTY;20263
EIMSTTX;3655,3746
EIMSTYZ;19126,19969,20006
EIMUUVX;
EINNNOS;2995,6218,11672,11703,12887,12888,13604,15268,15269,15318,15430,16358,16372,20010,20317,20318
EINNNRS;1779,2004,7330,8350,12491,12595,12746,12809,12827,12886,12887,12888,13604,15268,15430,16992,18629,19243,20317
EINNOOS;5842,6218,10393,11619,13604,14453,14823,16973,16978,17938,18265,19295,19512
EINNOPS;14559,16792,16824
EINNOPT;3539,3751,11230,12315,14559,20276
EINNOQU;12303,14317,18161,18214,19443
EINNORS;13604
EINNORT;13801
EINNORU;14358,14371
EINNORV;18486
EINNOSS;19260
EINNOST;
EINNOSV;
EINNOSY;7424,12356,14124,15008,19154,19155,19973
EINNOTT;
EINNOVW;
EINNPRS;16824
EINNPRT;328,6959,11717,16420
EINNPRU;7426,11717,12207,14261,16286,16420,19129,19156
EINNPST;17316,17534,18611,19032,19273
EINNPSY;11361,11574,12288,16638,17409,20225
EINNRRU;3752,4353,8513,8539,11541,11590,11677,11717,14319,15319,16286,17377,17680,17922,18215,19452,20275
EINNRSS;16871,19696
EINNRST;
EINNRSU;
EINNRSW;19451,20155
EINNRTV;
EINNRUV;5230,5501,12827,12895,16420,18770,19573,19574,20272,20273,20332
EINNSST;
EINNSSU;5497,15921
EINNSSY;7424,19797,19814
EINNSTT;
EINNSTU;13846,14727,14851
EINNSTV;18714
EINNSUW;
EINNSWY;20011,20225
EINNTUW;14319
EINOOPZ;16403
EINOORS;10393,13604,14224,18021
EINOOST;20075
EINOOSZ;20241
EINOOTW;5380,12693,19163,19303,19895,20133
EINOOTZ;5466,10336,11495,12683,12693,12719,19118,19773
EINOOZZ;
EINOPPR;
EINOPPS;16620,16621
EINOPRR;786,2272,3572,6152,6168,12217,17585,20275
EINOPRS;
EINOPRT;
EINOPRV;20014
EINOPSS;14552,16620
EINOPST;
EINOPSW;
EINOPSY;2947,8161,14999,15004,16986,18282,19518,20132
EINOPTT;19575
EINOPTU;
EINOQUX;
EINORRS;
EINORSS;
EINORST;
EINORSU;18555
EINORSV;
EINORSW;16441
EINORSX;17428,18039,18058,18220,18641,20264,20335
EINORTT;
EINORTU;10295
EINORTW;10474
EINORTZ;15554,18278
EINOSSS;
EINOSST;
EINOSSU;2060,6723,7910,10371,11900,15398,17375,18286,19177,19464
EINOSSZ;18706,19313
EINOSTT;
EINOSTW;8479,16441
EINOSTX;
EINOSUV;10413,11713,14453
EINOTTT;2328,3720,8646,12695,16867,17926,19422,19575,20262
EINPPRS;19301
EINPPSS;
EINPPST;20075
EINPPSW;12271
EINPRRT;18420,18688
EINPRRU;18642,19245
EINPRSS;
EINPRST;
EINPRSU;
EINPRTU;
EINPSST;
EINPSSU;15440,17003,17980,18493,18787,19590
EINPSTT;17003,18244,20206
EINPSTU;17003,18938
EINPSTW;19032,19273,19993
EINPTTY;16658
EINQRSU;12527,16683,16805
EINQRUU;18161,19557,20265
EINQRUY;17943,18214,18934
EINQSSU;10227,12479
EINQSTU;
EINQSUU;10289,10453,18752,19557,20265
EINQSUZ;
EINQTTU;
EINQTUU;1815,10061,18161,20294
EINRRSS;1143
EINRRSU;14342,14441,18021,20249
EINRRTU;3752,15005,16961,20249
EINRSST;
EINRSSU;
EINRSSV;2254,3733,12738,12877,12913,16871
EINRSTT;
EINRSTU;
EINRSTV;12877,12913
EINRSTW;
EINRSTY;17433
EINRSUW;
EINRSVW;7720,15912,16441,17608
EINRSWY;17433,19113,19843,19993,20011
EINRTTU;18788,19434
EINRTTW;10286,20133
EINRTUV;16924
EINRTUW;2135,14319
EINRTWY;16605,17433
EINSSST;14560,17003
EINSSSU;2990,12246,12777,14560,14865,15398,16292,17003,17880,17883,18459,18772,18851,18927,19177,19389,19464,19465,19469,19598,20283
EINSSSY;8245,8544,18430,19530,19598
EINSSTU;
EINSSTV;12738,13878,16871
EINSSTW;
EINSSTY;12276,12503,12737,18128,19692,20293
EINSSUW;11014
EINSSWY;
EINSTTU;12517,15008,15011,16622,16870
EINSTTW;
EINSTTY;3507,16677,16958,19999
EINSTWY;17430,17433,19032,19113,19273,19788,19993
EINSUVW;16441,17608
EINSWZZ;
EINTTTW;
EINTTUY;1499,2885,3741,5477,8055,8209,8451,8618,12671,12705,14339,15008,15011,17936,18049,19709,19999
EIOOPPR;8126,19133,20148
EIOOPRR;5423,16709,19160,19582,19893,20067,20148
EIOOPRV;6716,11706,11951,12324,16709,16824,19133,19160,20014,20332
EIOOPST;
EIOOPSW;
EIOORRT;10187,10215,10300,14361,14967,16549,18224,18775,18936,19163,19281,19520,19895,20148
EIOORST;2334
EIOORTZ;8402,12098
EIOORWZ;
EIOOSST;
EIOOSTT;12251,12723,14774,15826,16896,19811,20003,20250
EIOOSTZ;15599
EIOPPPR;8203
EIOPPPS;12906,20235
EIOPPRS;
EIOPPRT;3408,6726,8126,10911,12132,12416,12673,12711,16696,17600,17852,18913,20160,20304
EIOPPSS;12880,16620
EIOPPST;
EIOPQRU;3660,4259,16970
EIOPRRS;15534
EIOPRRT;18224,20275
EIOPRRU;3004,5523,17970,20275
EIOPRSS;
EIOPRST;
EIOPRSU;
EIOPRSX;3750,11637,12109,18641,20264,20295
EIOPRTT;1144,8651,16306,18224,20111
EIOPRTU;3385,14444
EIOPRTV;16294,16878,16890,20014
EIOPRZZ;
EIOPSSS;
EIOPSST;
EIOPSSU;18065,18707,19383,19534,19573,19590,20135
EIOPSTT;16736
EIOPSTU;
EIOPSTX;12358,18200
EIOPSTY;12055,12132,17988
EIOPSZZ;
EIOPTUW;
EIOQRTU;8486,16970
EIOQTUX;
EIORRRS;16698,18064
EIORRRT;12367,14863,16414,19172
EIORRRW;
EIORRSS;
EIORRST;
EIORRSV;14392
EIORRSW;15889
EIORRUV;7004,7029,12883,15005,18082
EIORRVV;7226,11889,16119,19463
EIORSSS;11743,16202,16786
EIORSST;
EIORSSU;
EIORSSV;
EIORSSX;20153,20264,20335
EIORSSZ;3745,16754,16828,19209,19313,20079
EIORSTT;
EIORSTU;
EIORSTV;
EIORSTW;
EIORTTT;3738,5940,12756,16867,17926,20262
EIORTTU;
EIORTTV;16878,17897,19440,19575,20014
EIORTUV;11560,12883,15005,16704,20029
EIORTUZ;5379
EIORTWZ;
EIOSSTU;19464
EIOSSTV;6160,6915
EIOSTTT;6183
EIOSTTU;13889,15008,20201,20250
EIOSTTW;
EIOSTUV;10413,11713,17544
EIOSTUZ;2138,12370,19417
EIOSTVV;9600,12845,18790,19462,19499
EIPPPSU;12906,20045
EIPPQRU;
EIPPRRS;
EIPPRRT;
EIPPRSS;15792
EIPPRST;16836,16840
EIPPRSU;15603,18219,18695,19301,19550,20147
EIPPRSY;2208,3416,4460,6180,8266,15603,16823,16840
EIPPRSZ;20256
EIPPRTT;11282,11724,11725,16306,16335,17852
EIPPSST;
EIPPSTT;
EIPPSUY;15603,20063,20298
EIPQSTU;
EIPRRSS;
EIPRRST;
EIPRRSU;14209
EIPRRSZ;
EIPRRTU;5268,12636,14209,18696
EIPRRTY;1162,3001,3682,7535,11374,12377,12714,14210,17685,20316
EIPRRUV;5268,7271,19156,20034
EIPRSSS;
EIPRSST;
EIPRSSU;18850,20135
EIPRSSW;12375,20314,20343
EIPRSTT;
EIPRSTU;
EIPRSTV;
EIPRSTX;3655,20115,20295
EIPRSTY;
EIPRSUU;18271,19550
EIPRTTU;3385
EIPRUVW;
EIPSSSU;
EIPSSTZ;11411,12418,12448,14439,16740,16752,19207,19214
EIPSSUZ;14439
EIPSTTU;7346,17003,18929
EIPSTTY;
EIQRSSU;3010,16881,20231
EIQRSTU;
EIQRSUV;7502,8655
EIQRTTU;
EIQRUVY;8656,16882
EIQRUZZ;
EIQSTUU;
EIQSUZZ;
EIRRRST;16934
EIRRSST;14428
EIRRSTT;
EIRRSTU;
EIRRSTV;12377
EIRRSTW;
EIRRSZZ;
EIRRTTU;10904,11541,14972,16421,16902,17964,18788,19434
EIRSSST;16515
EIRSSSU;
EIRSSTT;
EIRSSTU;
EIRSSTV;
EIRSSUU;12851,12923,13807,15113,15624,16392,16901,16966,17388,20334
EIRSSUV;
EIRSSUW;10876,11014,12127,19601,20135,20155
EIRSTTT;
EIRSTTU;
EIRSTTV;4992,5496,12364,12745,12877,12913,14112,16903,20247
EIRSTTW;
EIRSTUV;5496,14112
EIRSUVV;14997,18460
EIRSUVW;16441
EIRTTTW;
EIRTTUV;2238,2333,4992,7892,12875,12883,14112,20247
EISSSSW;14309,17939,17976,18947,19131,19205,19247
EISSSTU;
EISSSTW;20292
EISSSTX;15926,16904
EISSSUW;2990,18927
EISSTTY;8125,8469,8635,12737,16875,16935,19182,19856
EISSTUV;13867,13870,13878,14429,14443,15589,16935,18240
EISSTUY;3694,5508,12503,12826,14311,14452,15003,16935,16937,16965,17950,18982,19548,20313
EISSTVW;18414
EISSWZZ;16607
EISTTTU;
EISTTUW;
EJJMNUU;
EJKMNNU;
EJKNRSU;20344
EJKNSTU;
EJKOORY;13575
EJKORUY;
EJLLORS;
EJLLORY;
EJLLOSY;
EJLORST;8358
EJLORSW;
EJLOSST;
EJLOSSY;
EJLSSTU;
EJMNRUY;
EJMOSST;13866,20345
EJMPRSU;17796
EJNORRU;
EJNORUY;
EJNOSST;19232,20345
EJNOSTT;16451
EJOORVY;
EJOOSSY;
EJOPPRT;
EJOPRST;
EJOPRTT;16878
EJORSSS;
EJORSTT;12278
EJORSTU;5830,6917,6975,8358,10481,15015,16450,18048
EJOSTTU;
EJPRRUY;20290
EJRSSTU;
EJSSTTU;13870
EKKLOOY;
EKKLRSU;
EKKOPSU;3668
EKLLMSU;18248
EKLLNOR;
EKLLRRU;
EKLMMSU;
EKLMSSU;11753,20224
EKLNOPR;3767,12924,18289
EKLNORS;5275,10238,12781,18703,18704,19106
EKLNOSS;14381
EKLNOSU;3669,8128,10238,12629,13818,13860,17990
EKLNPRU;18289
EKLNPSU;
EKLNRSU;10238,11753,12629,17990
EKLNSST;
EKLOORS;8361,12925,14791,17990
EKLOPST;
EKLOSTV;
EKLRRSU;8659,17990
EKLRSSU;11753,20224
EKLSSSY;
EKLSTTU;11902,12632,12926,16135
EKLSTUZ;
EKMMRSU;
EKMNORW;12279
EKMNORY;8660,19995
EKMNOSU;
EKMNOSY;
EKMNPTU;14430
EKMOOPS;
EKMORSS;11755,11756,14191
EKMOSSY;
EKMPRRU;
EKMRSTU;17991
EKMSSTU;8662,11757
EKMSSUY;
EKNNOST;17615
EKNOORS;15647,20344
EKNOPSU;7962,14988,16939,18148,18517
EKNORST;
EKNORSW;5274,19612,19860,20344
EKNORSY;11563,12628
EKNORTT;
EKNORTW;12279
EKNORUY;18289
EKNORWY;
EKNOSTY;
EKNOSUY;
EKNPRSU;
EKNPSTU;12926
EKNPSUY;
EKNRSSU;5497,11758,14321
EKNRTUY;8660
EKNSSTU;11903
EKNSTTU;11902,12632,12926,14562
EKOOPRT;3767,12924,20093
EKOOPRV;
EKOORRS;11968,17990,19611,20344
EKOORRY;
EKOORST;
EKOORTW;
EKOPPSU;
EKOPRRS;
EKOPRRW;
EKOPRUY;18289
EKOPTTU;
EKORRST;912,3769,5093,8661,10917,15648,16936,17991,19611
EKORRSW;8659,16221,20344
EKORRSY;11424,20344
EKORSST;
EKORUYY;
EKPPSUU;
EKPRSSY;
EKRRSSY;
EKRSSTU;11757,11758
EKRSTUY;
EKRSUVY;16882
ELLLORR;
ELLLORS;8491,8492,12545,12929,14304,16943,18888,19671,19691,19708
ELLLOSZ;
ELLLRSU;12929,14304,17011
ELLMNOO;19995
ELLMNOP;4562,5278,6229,7760,8225,8496,8497,8498,9565,11290,11291,11426,12787,12789,16351,19216,20196
ELLMNOT;4562,7760,8495,8496,8497,11428,19758,20227,20294
ELLMNSU;3771,3772,3773,5131,11761,14322,19758
ELLMOOR;4648,7405,8068,8663,11290,15201,15625,19995
ELLMORR;18800
ELLMOSW;
ELLMOWY;11425
ELLMPSU;12090,15374,16860,19234
ELLMPUU;19387
ELLMRSU;3681,3684,3771,3772,3773,11936,12285,12790,12791,14322,14345,18952
ELLMSTU;3771
ELLMSUV;12642,12791,12792,16945,18416
ELLMSUY;3679,3681,3772,3773,12547,12642,14322
ELLNNOT;8667,12930,14213,15016,15649,19489,20297
ELLNOOW;881,19998
ELLNOPS;15948,16101,16792,17994,18226,19618
ELLNOPT;3519,3777,6229,16458,17994,18649,19216,19618
ELLNORS;19758,20230
ELLNOST;3015,7274,9606,13622,13820,16458,19758
ELLNOSU;2122,3772,11970,12291,12629,16792,18226,18555,19758,20346
ELLNOSV;16942,18803,19617,20229
ELLNOSW;9822,19110
ELLNOVY;11759,14213
ELLNOXY;8670
ELLNPSU;16177,16792,18226,19234,19493,20096
ELLNSSU;99,763,1069,3778,11587,12802,13601,14322,16452,19389
ELLNSUU;3778,5283,11969,11970,12649,12790,18889,19758,20346
ELLOOSW;13577
ELLOOSY;4678,5526,10422,12290,12291,12547,12795,12931,12932,13577,13880,14767,14887,15202,16547,17797,18226,18251,20049,20169,20346
ELLOOTU;4603,11920,16048
ELLOPRR;2211,2272
ELLOPRS;15948,19218
ELLOPTU;
ELLORRS;5236,5505,11091,11968,17493
ELLORRT;700,8232,8504,8669,15951,16048,16548,18227,18800
ELLORSS;14456,14457,19996,20049,20230,20231
ELLORST;
ELLORTY;1758,2341,3366,3689,14305,14827,18227,19219
ELLORVY;1134,5504,5505,20296
ELLOSST;6463,8130,10309
ELLOSTU;13820,14421
ELLOSTX;3587,16633,20295
ELLOSTY;19486
ELLOSVY;5505,16945
ELLOSWY;19708
ELLOTTU;8670,11918,18800,20227,20294
ELLOTUW;
ELLOTUY;3687,3689,8667,8670,12930,14305,14890,14990,20296
ELLOVWY;
ELLOWYY;
ELLPRSU;9683,10982,19487,19947
ELLPSSU;18065,18929,20169
ELLPSTU;16049,18929
ELLPSUW;
ELLPSUY;3776,10982,12288,12793,13880,16049,18226
ELMMOPS;3487,19498,20129,20171
ELMMOPU;14444,19621
ELMMORT;1488,5461,6144,11770,13821,14444,15955,18806
ELMMPRU;
ELMMPSU;
ELMMPTU;3018,3543,14444,19621
ELMMRSU;3410
ELMMRTU;11770,13821,14444,15955
ELMMSTU;15956
ELMNOOT;3390,3588,7771,11036,11428,18274,19118,19625
ELMNOOW;14993
ELMNOPW;
ELMNORS;17014,17015,19758
ELMNOST;14216
ELMNOSY;10923,12820,17618,17995,18807
ELMNOTU;10077,17016,19758,19761
ELMNOTY;3523,5007,5528,17995
ELMNPPU;16343
ELMNPSU;2018,5285,11777
ELMNPUU;5371,20238
ELMOOPP;
ELMOOPS;3524,4422,12545,17012,20051
ELMOORT;6931,7348,7913,12421,14934,14967,15625,16460,16549,16741,19625,20093
ELMOOSS;3524,18173,19622,19623,19626
ELMOOSY;5526,12547
ELMOPRT;18408
ELMOPRY;1466,2756,4996,19952
ELMOPSU;19627,20173,20304
ELMOPSY;
ELMORSS;
ELMORST;18092,19864
ELMORSU;13550,19119,19627,20173
ELMORTT;2149,7913,12421,14995,15766,15955,15959,16460,18800
ELMORTU;14013,15955,18800,19266
ELMOSST;19626
ELMOSSU;3524,11772,19623,19626
ELMOSSY;20303,20307,20308
ELMOSTT;19324
ELMOSTY;14411,14455,16788,19486
ELMOSUU;3528,5387,5506,12820,18955,19760,20300
ELMOSUV;
ELMOSXY;12547
ELMOSZZ;
ELMPPRU;
ELMPPSU;
ELMPRSU;12552
ELMPRUY;3527,12552
ELMRSTY;14411
ELMRTUU;5998,17016
ELMRTUY;14305,19510,20247,20303,20308
ELMRUZZ;
ELMSSSU;10354,11000,11035,11780,12933,13602,17880,18717,19761,20309
ELMSTUU;1102
ELMSTUW;12813
ELMSUZZ;
ELNNOPU;955,10356,15651,16667,20050,20052
ELNNORS;12937,15960,17014,17546,17618
ELNNOSS;
ELNNRSU;14122,16228,16555,19717,19760
ELNNRTU;14372,14459,15017,15649,16678,18093,19830
ELNNSTU;16015,16462,18589,18811,18816
ELNOOPT;779,3390,3767,3785,6200,8090,8294,11036,11428,12382,12680,12691,18274,19625,20299
ELNOOSS;3789
ELNOOSU;12385,20132,20241
ELNOOSW;12692,13897,16716,17997
ELNOOSY;7780,8132,10422,12291,12385,12795,14887,14920,14999,16058,16453,17798,18226,18290,18807,19518,19629,20049,20053,20132
ELNOOSZ;12215,20241
ELNOPRU;955,5288,7779,15651,18289,18963,19625,19633,20052,20348
ELNOPRY;5182,14458,14999,15651,17619,18652,18806,19951,19952,20013,20052,20348
ELNOPST;17390
ELNOPSY;14999,17019,17403,17409,18226,18255,18290,18292,20132,20348
ELNOPTU;
ELNORSS;2350,3790,18817
ELNORST;2040,10487,12925,17014,17017,20051
ELNORSU;
ELNORTY;13801,14126,14651,15017,17619,17995,18806,20346
ELNOSSS;5328,6788,13616,16555,20347
ELNOSST;2350,14071
ELNOSSU;5530
ELNOSSV;14355,18130
ELNOSSW;1079,5273,19781
ELNOSTT;7996,12384,16574,16677,17014,17018,20003,20348
ELNOSTU;
ELNOSTV;17017,17620,18809,19324
ELNOSUV;
ELNOSUZ;6941,8535,14419,18060,20004,20241
ELNOSVY;
ELNOSZZ;
ELNOTTW;18172,20133
ELNOTUZ;3637,5475
ELNOTVY;3523,8188,8680,9935,11759,12659,12687,12837,14213,14653,14833,14838,14969,19526
ELNPSST;3024,15957,19630,19631,19634
ELNPSTU;3792,5285,6879,17435,18938,19407,19713
ELNPSTY;1828,17019,17390,17435,18290,18292,19273,19713,20348
ELNRSSU;159,3778,8681,11753,18957,19240,19327,19763
ELNRSTU;18813
ELNRSTY;1520,4679,5007,6236,16467,17019,17995,20346,20348
ELNRSUU;14386,14994,16466,18096,19633,20349
ELNRSUZ;12330,12704,17886
ELNRUZZ;
ELNSSSU;2990,5389,10097,14346,14892,16292,16452,16466,16555,18816,19389,19619,19763,20347
ELNSSSY;6238,6788,8245,8544,10444,15352,15544,18804,18951,19530,20053
ELNSTTU;17018,20348
ELNSUZZ;
ELOOPPS;12485,12846,12932,12941,18796,19017,19280,19636,20347
ELOOPRS;3784,10047,12485,12545,12846,12925,12937,18207,19269,19280,20129,20171
ELOOPSS;3524,9997,11972,17799,18556,18707,18796,19383,19622,19623,19630
ELOOPST;8686,8687,11792,12932,12941,12943,17012,19636
ELOOPSZ;3784,12925
ELOORSS;20231
ELOORST;794,11296,12044,14791,17017,17275
ELOORSW;
ELOORTT;3783,5995,7348,7913,11922,12421,12548,14834,14995,16460,16961,18179,19513,20014,20133
ELOOSST;
ELOOSSW;19630,19781
ELOOSTT;12941,16379,16896,19811,20003,20106,20250
ELOOSTU;3525,12385,12936,12941
ELOOSWY;13577
ELOOTUV;11791,12942
ELOPPPS;7788,12846,18796,19629,19636,20235
ELOPPRS;
ELOPPST;
ELOPPSU;20173
ELOPPSY;12932,19218,19535,19637
ELOPRRS;957,7547,11792,11999,12057,18207,19280
ELOPRRU;1199,5289,12942,13698,13728,16972
ELOPRRW;
ELOPRRY;5514,13728
ELOPRSS;
ELOPRST;
ELOPRSU;
ELOPRSV;
ELOPRSW;6743,11044,19722,20135
ELOPRSX;3585,3587,12109,12139,20254,20295
ELOPRSY;10480,19218
ELOPRTT;3797,12421
ELOPRTU;3385,16972
ELOPRTW;
ELOPRTY;14843,15632,16337,16388,16970,18171,19219
ELOPRVY;15632,16337,16388,16972,19535
ELOPSST;
ELOPSSU;18065,18707,19383
ELOPSTT;
ELOPSTU;
ELOPSTY;17390,18290
ELOPSTZ;3784,8419,11610,12685,12925,19915
ELOPTUY;12382,15632,16970,16972,19621
ELORRSS;946,3562,12779,13861,14274,15564,15961,15964,16230,17020,18926,19122,19328,19536,19637,20313,20314,20350,20351
ELORRSW;5185,8659,11968
ELORSSS;18291
ELORSST;
ELORSSU;3780
ELORSSV;
ELORSTT;
ELORSTU;
ELORSTV;17017
ELORSTW;8490
ELORSUV;4262,5281,6240
ELORSUY;3772,14304,14456
ELORSVW;
ELORSWY;19708,20135
ELORTTY;3768,5186,5426,6623,7913,11439,11793,11798,12940,14327,15959,17548,20351
ELORTUY;3689,4684,11770,12137,14305,14845,15017,15632,18904
ELORTVY;3523,12837,17996
ELOSSSU;5328,8137,16742
ELOSSTU;
ELOSSTW;20291,20314
ELOSSTY;15003,15416,16454,16685,16937,16965,18863,19125,19486,19620,20009,20293
ELOSSVW;1079,10488,13879,18824
ELOSSXY;799,8300,10314,11798,18209
ELOSSZZ;
ELOSTTU;14096,20108,20201,20250
ELOSTTY;3768,11439,11798,11971,12420,12830,12838,12847,13622,14327,14455,14745,15953,16467,16677,16808,16892,16958,20018,20312,20348,20351
ELOSTUU;12387,12828,12941,19633,19715
ELOSTUV;
ELOSTUZ;2138,12334,12825,19417
ELOSTYZ;10316,15954,19126,19871
ELOSWYY;
ELOSWZZ;
ELPPRRU;19627,20350
ELPPRSU;5294,10096
ELPPSSU;
ELPQSUU;12852
ELPRRSU;
ELPRSSU;
ELPRSTU;
ELPRSUV;18260
ELPRTUU;5998,13884,16893
ELPRUZZ;
ELPSSSU;18821
ELPSSUU;8561,19628
ELPSSUY;7790,11436,11799,11801,18292
ELPSTUU;8195,20239
ELPSUZZ;
ELRRSTU;11973
ELRRTTU;4943,13886,14972,16809,16902,16961,18800
ELRSSSU;2306,3780,16555,18291,18500
ELRSSTU;
ELRSSTY;10313,14411
ELRSSUV;2357,18795
ELRSTTU;
ELRSTTY;14745,15417,15953,15963,17548,19529,19723,20000,20018,20312
ELRSTUY;3559,3788,12852,18260,19510
ELRSTWY;
ELRSUWY;1203,20011,20135
ELRSUWZ;
ELRTTUY;17936
ELRTUUV;9686,15593,16370
ELSSSTU;16904,18497,18816
ELSSSUU;3780,12933,13823,14324,16466,16964,17999,19516,19628,19763,20300,20306,20347,20349
ELSSTTU;19626
ELSSTTY;11802,14455,19620,20175,20351
ELSSTYY;3338,7001,8508,10313,19634,20308
ELSUWZZ;
EMMMOST;3740,7049,7700,7791,12490,16394,20352
EMMMRSU;
EMMMRUY;
EMMNNOS;7049
EMMNOOR;
EMMNOOT;7008,8292,8495,8596,11939,15633
EMMNORY;18806
EMMNOST;4242,19742,20204
EMMNOTU;8660
EMMNOTY;
EMMOOTY;7051,16670
EMMOPRR;20111
EMMOPST;1084,8692,11445,12558,12559,15655,19043
EMMORSS;20138,20140
EMMORSZ;12658,14423
EMMOSST;10447,12111,19812,20138,20140
EMMOSSU;12807,17021
EMMOSYZ;12857
EMMPRSU;
EMMPSTU;12559,15655
EMMRRSU;20054,20237
EMMRSSU;
EMMRSTU;
EMMRSUY;10449,19548
EMMSSUU;
EMNNOOR;5334,7712,12136,16559,16978,17800,18100,18964,19040,19186,19332,19553,19639
EMNNOSW;
EMNNOWW;19997
EMNOOPT;3390,3743,11036,11428,19625
EMNOORS;
EMNOORT;
EMNOOSS;17024,17025,20181
EMNOOST;3392
EMNOOSW;
EMNOOSY;5526,10317,10495,12945,12948,14124,19823,19884
EMNOOTY;14124
EMNOPPR;398,3572,10011,16692,16696,19553,19556
EMNOPRT;17016,19625
EMNOPST;
EMNOPSU;3803,13899,14563,17028,19922
EMNOPSY;11046,11291,11301,11809,11810,15004,16983,16986,18807,19222,19823
EMNOPYY;12551,14458,18282
EMNORRU;1519,5133,8539,14125,15005,19332
EMNORSS;10240,17025,20181
EMNORST;
EMNORTT;16393,16560,16646,16867,18656
EMNORTU;15005,17016
EMNOSST;
EMNOSTU;13641,13899,15968,16053,18521,19727,20323
EMNOSTY;1101,5528,8448,14124,14941,15004,16845,16986,18282,18527,19026
EMNOSXY;12478,12948
EMNPSSU;
EMNRRSU;
EMNRRUY;
EMNRSSU;19760,20181
EMNRSTU;
EMOOPRS;12392
EMOOPRT;
EMOOPRY;11977,12308,12407,14458,19223,20148
EMOORRS;17494,17993
EMOORST;
EMOORSU;14176
EMOOSSS;18808,19066,19120,19187,19640,19912,19954,20008,20323,20324
EMOOSTT;16736,16774,16907,16909,17014,20003,20267,20268
EMOOSTW;
EMOOSTY;10317,10495,12948,14124,17858
EMOOSXY;12547,12948,17023
EMOOTUV;
EMOPPRS;19627,20172,20173
EMOPPST;16846,19638,20172
EMOPPSY;12475,12553,12817,16610,16823,19627,19823
EMOPPTU;16696
EMOPRRS;12142,16744,16849
EMOPRST;
EMOPRSU;10772,12145,20173
EMOPSSU;
EMOPSSY;3593,8303,12560,16486,17839
EMOQSSU;20240
EMORRRU;16054,17699
EMORRST;15972,16849,17326,18231
EMORRSU;20237
EMORRSW;18213,20292
EMORRWY;11451,13812,18213,19045
EMORSSS;16817,18264,18956,20292,20331
EMORSST;
EMORSSU;
EMORSTU;
EMORSUV;5403,19438
EMORSUY;3030,3527,3772,5387,5527,6885,10449,10461,10498,11453,13822,14456,16080,16698,18952,19337,19341,19627
EMOSSSU;11812,12047,12743,12952,14438,16848,19293,19640
EMOSSTT;16486,18447,18608
EMOSSYZ;
EMOSTTT;16476
EMOSTVZ;
EMOTTTU;
EMOTUZZ;
EMPPRSU;12145,15603,19550,20147
EMPPSTU;
EMPRSTU;
EMPRTTU;12674,16893
EMPSSTU;
EMRRSTU;
EMRRSUY;3808,10498,16080,16698,18952,19627,20145
EMRSSTU;10679,20224
EMRSTTU;15970,18231
EMRSTYY;12410,16241,20308
EMSSSTY;12047,20060
ENNNOPS;2995,7801,11703
ENNNOSW;18005
ENNNRUY;6758,8625,19955
ENNOOPR;17421,17938,18588,18964,19186,20052
ENNOORS;6023,6244,8701,10393,11084,12354,13604,14823,14858,17701,17938,18294,18471,19191,19617,19649,19765,20357
ENNOORT;3785,12147,16719
ENNOORZ;16637,18278
ENNOOTT;3028,11422,12383,12724,12750,12890,15633,16491,16560,19513,20185
ENNOPST;14559,15975,18290,18590,18834,20038,20051,20276
ENNORST;
ENNORSU;
ENNORSW;20187
ENNORTU;19625
ENNORUV;959,4569,5156,5388,8699,10501,11259,11560,12827,12895,12944,14095,19127,20029,20186,20272,20273
ENNOSST;18815
ENNOSSU;14748,17021,19651
ENNOSSW;
ENNOSTU;13899,15968,16053
ENNOSTW;19342,20187
ENNOSTY;12356,15008,16490,16829,16974,19154,19973,20187
ENNOSTZ;3633,12685,16619
ENNOUVW;20186
ENNPRSU;3029,3348,3788
ENNPSTU;3348,11819,18834,19648
ENNRRSU;8702,9387,9969,11262,11819,12363,14206,15525,16916,17786,17922,18872,19145,19151,19191,19567,19648,19649,19764
ENNRSTU;1086,3027,3348
ENNRSUW;1078,1203,19717,20155,20187
ENNSSTU;18589,18816
ENNSTTU;3714,7905,11713,11714,13889,15008,16870,20201
ENNSTUU;3348,3716,10493,10501,12828,15015,15638,16518,17030,17961,18001,18726,20319,20334
ENNSTYY;12830,16829,18290,20263
ENNTTUY;3741,5477,11626,15008,19999
ENOOPPR;12062,12148
ENOOPRS;3802,4579,8668,12925,16850,19614,19653
ENOOPSY;1523,12565,12795,16493,17019,18807,19222,19518,19629,19823,20132,20348
ENOORSS;8701,10946,15470,16721,17024,17701,18022,18986,19649,20357
ENOORST;
ENOORSU;17413,18021,18022,19517,20015,20043,20044,20332,20335,20357,20359
ENOORSW;13897,16716,20344
ENOORSZ;3802,12925,12947
ENOORTT;12735,19513,20014
ENOOSSS;8701,9454,15470,16474,16498,16611,16780,16995,17297,17545,18294,18399,18599,18965,18986,19640,19765,20053,20181,20188,20335,20347,20357
ENOOSST;10319,16498
ENOOSSZ;15467
ENOOSTT;14774,15826,16453,16896,20003,20250
ENOOSTU;3392,11092,12936,13899,15010,16498,19817,20323
ENOOTXY;3588,12904,15465,18234
ENOPPRY;5730,14914
ENOPPSU;5530,6004,8111,12906,18219,19590,20332,20347,20359
ENOPRRS;
ENOPRRU;2090,3004,3438,3447,4688,5289,6627,10239,15172,16494,16851,16924,17331,20275
ENOPRRW;12372,16494,17331
ENOPRSS;
ENOPRST;20051
ENOPRSU;3803
ENOPRSY;17702,19525,20348
ENOPRTT;
ENOPRTY;1370,10472,11728,16657,16917,17619,18652,18806,20348
ENOPSST;
ENOPSTT;7996
ENOPSUX;12358,12374
ENOPSWY;
ENOQTUU;8568,20294
ENORRSS;19649,19765
ENORRST;17326,17624,19648
ENORRSZ;12780,16826,19298,19373
ENORRTT;3752,6245,14125,16851,16997,20275
ENORRUV;
ENORSSS;9454,19765
ENORSST;
ENORSSW;11823,18451
ENORSSY;1524,3333,10482,11563,11765,11826,12562,12569,12628,14957,16245,16428,18014,18166,19634,19649,19896
ENORSTT;
ENORSTU;
ENORSTY;2363,11826,14221,16490,16493,20352
ENORSUV;
ENORSUW;3258,10828,13897,16441,16716,17010,19351,20187,20344
ENORSUZ;10225,12370,16327
ENORSVY;2363,11729,11810
ENORSZZ;
ENORTUW;14319,17027,20186,20187
ENORTUY;4684,4688,8669,8708,11770,14126,18904
ENOSSST;
ENOSSTT;9382
ENOSSTU;20199,20323
ENOSSTW;18451
ENOSSTX;16899,18794
ENOSSUW;11823,12127,18005,19351
ENOSSWW;9453
ENOSTTU;3754,12733,12845,20201,20250
ENOSTUU;12939,13735,13831,14659,15015,15020,17028,17030,19758
ENOTTUW;19351
ENPPRSU;13763,18016,18219,18813,19590,20332,20359
ENPRRSU;414,17467,19374
ENPRSST;
ENPRSSU;
ENPRSTU;13763,15021
ENPRSUU;3348,5283,12790,19633,19653
ENPRSWY;19843,19993
ENPSSSU;20347
ENPSSTU;14404,16377,17031,18938,19453,20189
ENPSTTU;3714,12597,12926,17003
ENPSTUU;3348,3792,5000,12939,17028,18271,19633,19653
ENPSTUW;
ENPSTYY;12551,18282,18290,19713
ENRRSSU;10128,12957,13714
ENRRSTU;414,11851,11973,18231,19648,19764,20145,20249,20310
ENRRSUU;10000,13572,18955,19191,19194,20359
ENRRSUY;12328,12844,12958,17627,18229,19194,19649,19656,20145,20344
ENRRTUU;2063,16386
ENRRTUY;8632,8708,12958,16997,19705
ENRSSTU;
ENRSSWY;
ENRSTTU;15970
ENRSUZZ;
ENRSVWY;20011
ENRTTUY;12958,16467,17936,18049,18904
ENSSSTU;3216,6015,8642,8648,12777,14560,17003,18497,18816,19465,19598
EOOOPRS;5422,10417,11645,14449,15613,17400,18223,19645,20161
EOOPPRS;20172
EOOPPRU;11791
EOOPPRV;3449,11791,16709,19133
EOOPPSS;15442,16610,18796,19017,19622,19623,20347
EOOPRRS;7950,10129,11999,12057,12392,16139,16744,16843,16850,18004,18844,19893,20067
EOOPRRT;
EOOPRSS;
EOOPRST;12925
EOOPRSW;
EOOPRTU;8169,11791,12561,19625,20185
EOOPRTV;11149,11706
EOOPRTW;
EOOPRVY;18289
EOOPRYZ;12000,16366
EOOPSST;12395
EOOPSSW;19630
EOOPTYZ;
EOORRSS;3798,10946,19649,19765
EOORRST;
EOORRVW;
EOORSSS;8701,9454,15470,16056,16235,16780,16995,17638,18294,18599,18940,18961,18965,18986,19165,19632,19657,19765,19766,20015,20044,20053,20077,20087,20181,20335,20342,20357,20360
EOORSTT;5012,14396,19352,20177
EOORSTZ;805,12370,12761,19019,19049
EOORSVW;
EOORTUW;17027,20186
EOOSSST;19766,20184,20355
EOOSSSU;2345,8701,11155,13862,15470,15473,16056,16498,16742,16844,16848,16995,18294,18986,19640,19766,20008,20015,20044,20181,20233,20323,20335,20347,20357
EOOSSTT;6839,12395
EOOSSTZ;3801,15467,19207
EOOSTWZ;
EOOTTUV;
EOPPPRS;3596,3764,7788,12906,19629,19636,20235
EOPPPST;7788,18181,19636
EOPPRRS;3417,12138,12155,12553
EOPPRSS;
EOPPRST;14221
EOPPRSU;12906
EOPPRSW;10011
EOPPRSY;17945,19535,19637
EOPPSSU;12133
EOPRRSS;
EOPRRST;
EOPRRSU;
EOPRRSV;
EOPRRTU;1199,4688,20275
EOPRSSS;3518,3813,6124,19766
EOPRSST;
EOPRSSU;
EOPRSSW;10491,20343
EOPRSSY;3593,3596,13829,15454,16748,16840,16841,16853,19896,20152,20153
EOPRSTT;20361
EOPRSTU;
EOPRSTW;18827,20343,20361
EOPRSTX;3587,12425,20295
EOPRSTZ;8419,12925,20256
EOPRSUU;19633,20361
EOPRSUV;18844
EOPRSUW;11044,18219,20361
EOPRTTY;3812,5540,8172,8708,11793,12432,16486,19325,20348
EOPRTUY;4688,5540,7813,8708,12922,14127,15477,20348
EOPRTVY;1514,12942,15632,16878,16972
EOPRTXY;
EOPSSSS;8641,10478,12296,12539,12540,12909,16407,16925,18205,19596,20035,20048,20269,20331
EOPSSST;16248,20355
EOPSSSU;
EOPSSTX;11795
EOPSTTU;2936,3594,5301,5539,11832,11834,19352
EOPSTTW;
EOPSTUV;8712,15476,19507,19574
EOPTTUW;
EOQRRTU;
EOQRSTU;
EOQRTUY;3030,3689
EOQSTTU;17031,20268
EORRRST;15022,19764
EORRSSS;11459,11743,11820,19765
EORRSST;
EORRSSU;18013,18922,19322,19649
EORRSTT;16249,18655,20177
EORRSTU;19764
EORRSTV;
EORRSTW;15648,15657,20361
EORRSTY;4830,5533,10498,12958,20316
EORRSZZ;
EORRTTT;3812,19706
EORRTTU;16491,18800,19820,19824
EORSSST;14447,20331,20342
EORSSSU;
EORSSTU;
EORSSTV;
EORSSTW;18451
EORSSTY;1526,3593,6242,12562,14411,16748,18863
EORSSTZ;3341,16754,18198,19313,19549
EORSSWW;9453,11975,18932
EORSTTT;
EORSTTU;14921
EORSTTW;
EORSTTX;3337,4529,7298,8127,11798,18445,18648,19426
EORSTTY;5426,11798,14745,15953,16855,17548
EORSTUX;2351,10823,12533,12943,20295
EORSUVY;1831,6240,16552
EORTTTY;3812,8305,12958
EORTTUY;1147,5540,8708,12883,12922,14845,18904,19824
EOSSSST;10020,10478,12540,14222,14329,16328,16349,16390,16791,17793,18286,19464,19592,19596,20269,20331,20349
EOSSSSW;17976,18947
EOSSTTU;19626
EOSSUYZ;6058
EOSTTTW;12419,19900
EPPPSTU;
EPPRRTU;9644,14209
EPPRRUU;
EPPRSSU;19661
EPPSSTU;19659,19661,20356
EPPSTUW;
EPRRRSU;5539,7385,12397,16502,16509,20361
EPRRSSU;
EPRRSTU;18696,19374,19407
EPRRSUU;4687
EPRRSUY;7323,8316,10498,16854
EPRRTUU;
EPRSSSU;3151,3813,19766
EPRSSTU;
EPRSSTY;16748,16840,20153
EPRSSUU;
EPRSSUW;11801
EPRSTTU;20361
EPRSTUU;3348
EPRSTUY;3218,3788,10498,12852,15477,16049,16854,17013,17702,18260
EPRSUVY;11658,16391,19510
EQRSTWY;
ERRSSTU;
ERRSSUU;4575,8688,13572,16392,16506,17690,17963
ERRSSUY;4578,10458,12328,16721,18014,19649
ERRSTTU;8702
ERRSTTY;5115,5191,5426,8316,12958,14233,15417,16249,16485,20286
ERSSSTU;
ERSSSTY;19766
ERSSSUU;4273,5192,12933,14460,18016,18500,19331,19516,19641,20181,20306,20327,20335,20340
ERSSTTU;
ERSSTTY;19723,20175
ERSSTUU;2357,8678,20306
ERSSTUY;12562,18014,19548
ERSSTXY;19477,20153
ERSSUVY;13815,14315,15596,16391
ERSTTTU;
ERSTTUX;12943
FFFGINU;17033,17651
FFFILOT;
FFFLOSY;
FFGGINO;
FFGHINU;
FFGIIMN;10959,12965,18853,18854
FFGIINN;8715,10504,18854,20362
FFGIINR;19662,19665
FFGIINT;10504,19662
FFGIINV;16512
FFGILNU;10504,12968
FFGIMNU;
FFGINOR;
FFGINOS;
FFGINPU;
FFGINRU;7818,11839
FFGLOOS;
FFGLRUY;
FFHHISU;
FFHIINS;11836,16514
FFHIISY;
FFHIKNU;
FFHILSU;19663
FFHILTY;10023
FFHILUY;
FFHIMSU;
FFHIOST;16514,19663
FFHIOSX;
FFHOOSW;
FFHORSS;
FFHOSTU;19663
FFIILMY;
FFIINST;3815,3816,12970,18296
FFIISUZ;
FFIKLSS;
FFILLLU;
FFILLSU;3356,18020,19672
FFILNSY;
FFILOST;7822
FFILOUZ;
FFILPSS;5541,7825
FFILPUY;
FFILRTY;10023,12967,20364
FFILSTU;7303,15479
FFILSTY;
FFIMNSU;18295
FFINNSU;7827,12970
FFINOOT;
FFINOPS;
FFINOPT;
FFINPSU;
FFINRSU;
FFIOPRS;
FFIOPST;
FFIORTY;12967
FFIOSST;8717,8723,12971,16520,18296
FFIQSUY;
FFIRTUY;
FFJMOPU;
FFKLORU;
FFLLOOU;
FFLMORU;11848
FFLNSUY;
FFLOOUZ;
FFLOSTY;18863
FFNORSU;14224,15993,17036,18021,18022
FFNORTU;11839,15994
FFOOPST;3817
FFOPSTU;3817
FFRRSUU;
FGGGIIN;19674
FGGGINO;19674
FGGGINU;
FGGHIIS;
FGGIINT;19674
FGGIISS;20369
FGGIISZ;
FGGIIZZ;
FGGILNO;2367
FGGILNU;2367,10028,14463
FGGILOY;19677
FGGILUY;12974
FGGINOO;20367
FGGINOR;18023,18864
FGGINOW;18864
FGGINUU;12976
FGHHIOS;
FGHIINS;8725,15996
FGHIINT;18024
FGHIIPS;8725,15996,20379
FGHILST;19663,19684
FGHILSU;19663
FGHILTY;10023,10032,18026,20370
FGHIMNU;
FGHINOO;18301
FGHINOU;15029
FGHINOW;8726,18300,18864
FGHIOSY;20374
FGHIRST;
FGHNOOR;18301
FGHORUY;12983
FGHOTUY;20371
FGIIKNN;18867
FGIIKNR;18867
FGIIKNS;4695
FGIILLN;13984,14463,20363
FGIILMN;12965
FGIILNO;13985,18303,20363,20364,20377
FGIILNR;13985,18303,20377
FGIILNS;
FGIILNT;
FGIILNX;11866,18039,18878
FGIILNY;5545,12978,13985,15997,16523,18877,18878,19699,20364,20377,20385,20386
FGIIMNR;15030,18880,18881
FGIINNN;10029,12984,12987,12988,18032,18298,18299,18880,19664,19687,20378
FGIINNO;3821,6257,11868,12987,12988,17040,17041,18300,18882
FGIINNS;6018,19693,20384
FGIINRR;8735,17046
FGIINRS;15030
FGIINRT;7842,18880
FGIINRY;13985,17046,20374
FGIINRZ;18303
FGIINST;
FGIINSX;18039
FGIINSY;17037,17659,19687,19693,20374,20385
FGIINTT;12984,19674
FGIINZZ;
FGIKLNU;
FGIKNNU;
FGIKNOR;3822
FGIKNSU;
FGIKNSY;17037
FGILLNU;6258,12985,12992,14463,20375,20380,20385
FGILMNU;2367
FGILNOO;
FGILNOP;11852,11879
FGILNOR;3822,8726,12967,13985,20364,20377
FGILNOT;18038,18892,19677,19695,19697,20364,20386
FGILNOU;2367
FGILNOW;8726
FGILNOY;12967,13985,20364,20377,20386
FGILNPU;
FGILNPY;18877,18878,19713
FGILNRU;
FGILNSU;11877,12985,18889
FGILNSY;18465,18871,19693,20385
FGILNTU;14463,18027
FGILNTY;5545,12967,12978,14339,15997,17048,19677,19699,19709,20364,20380,20386
FGILNUX;11841
FGILOOY;14069,17047,17048
FGILORY;1207,5306,11878,12967,13985,20364,20370,20377,20386
FGIMNOR;3822,8724,13624,18301,20382
FGIMOSY;13004
FGINNNO;11879,11886,12987,12988,14757,17049,18023,18044,19711,20390
FGINNNU;10035,17049,17396,18023,18299,19664,20378,20390
FGINNOY;12967,14882,17047,18046,19702
FGINOOR;16512
FGINOOT;20382
FGINOOW;18307,19711
FGINOPP;
FGINOPU;18046,19716,20392,20393
FGINORS;11859,15029,18047
FGINORT;3818,18892,19706
FGINOST;
FGINOSW;18300
FGINOSX;18039,18890
FGINRRU;19716,20390
FGINRSU;10511,18302
FGINRSY;18465,18871,19689,20374
FGINRTU;
FGINSSU;10035,11877,12985,12989,12999,14338,16001,18886,18889,20373,20393
FGINSTU;12989,12990,12999,18886
FGINTTU;3819,7301,8735,8738,11838
FGINTUZ;12990
FGINUZZ;
FGIORST;18467,18894,20389
FGIORTW;8726,11882,19695,19697
FGISTUU;20389
FGJLSUU;
FGLLNUU;7850,11892,18027,20362,20380
FGLLOWY;
FGLMSUU;
FGLNORU;
FGLNOSU;
FGLNPUU;
FGLOOUY;12983
FGLORSU;19663
FGLORUU;
FGLOTUY;12993,20371
FGLSTUU;20389
FGNOORU;
FGNORSY;18465,20374
FGNOSUU;13002,15029
FHHLSUU;
FHIILMS;
FHIILSY;
FHIILTY;
FHIINPS;8725,15996,20379,20395
FHIKLOS;
FHILLSU;18902,20375,20381
FHILOOS;17052,17398
FHILOSW;
FHILPSU;
FHILPTU;
FHILSUW;
FHINOSU;14883,15029,17039,20397
FHINRSU;14883,20397
FHINSSU;20373
FHINSTU;17039
FHIOOST;10043,17052,18052,20394,20395
FHIOPPS;
FHIOPSX;
FHIORRY;8742,15662,18301,20370
FHIOSST;20394,20395
FHIOSTU;7320,8743,17039,17051,20394
FHIPPSU;
FHIPSTU;
FHIRSST;20379
FHIRSTT;
FHIRTTY;19723,20370
FHIRTUY;
FHISSSU;
FHISSTU;20394
FHKORTU;16013
FHLNORU;18904
FHLNSUU;
FHLOOSY;
FHLOPSU;
FHLPSUU;20397
FHLRTUU;17051
FHNOTUX;
FHOOORS;19732
FHOOORT;
FHOOOTT;
FHOORSW;
FHORSTU;11857,17655,19679,19718
FIIIKNN;19736
FIIKNRS;11917,16019,19736
FIIKNYZ;
FIILLMO;5556,12992,14461,14468
FIILLMY;1209,2374,4696,5556
FIILLNS;9457,10512,13007,13017,17056
FIILLPS;5312,6021
FIILLSU;5119,7869,9457,10512,12993,13007,13017,16534,17053,17056,20375,20385
FIILNOT;1211,18038,19695,19697,20364,20386
FIILNST;14465
FIILNTY;13904,14465,20386
FIILOST;4282,7822,8767,14469,17053,17054
FIILPRS;16540
FIILPTU;
FIILQUY;
FIILYZZ;
FIIMMNU;
FIIMNRS;3816,3830,5555,8765,13025,15030,15033
FIIMSST;17059,18062,20394
FIINORS;332,3816,13025,15031,15033,17668,18039,18058,18302,19739,20374
FIINOSS;7886,8756,13609,14333,14343,14464,14467,14552,16540,16542,19683,20369,20376,20379,20395,20402
FIINRTY;3833,8764,13904,16541,17058,19689,20374
FIIOPST;1531,6022,8772,8775,17399,19748
FIIPSTY;
FIIRTVY;7889,7893,11867,16022,16030,16545
FIJLLOY;
FIJSTUY;
FIKKLNO;
FIKLLSU;
FIKLLUY;
FIKLNOW;
FIKLNSU;
FIKLNUY;
FIKLRSU;
FIKLSTU;
FIKNNOS;
FIKNOSX;
FIKRSTU;
FILLLUW;
FILLMOY;4696,5556,16547
FILLNUY;3831,16546,18057,19709,20365,20380
FILLOTU;3836,5557,8778,11920,12993,13028,16534,16548,17053,17056,18928,20405
FILLOTY;1210,8778,11878,12993,16534,19751
FILLPSU;18929,20381
FILLSTU;11936,11937,11938,12993,13007,13017,13028,16534,17053,17056,18309,18902,18929,19672,20375,20381,20405
FILMNOO;11939,17047,17048
FILMOSU;8765,11941,15034
FILMSTU;11936,14553,18056,19724
FILNNUY;8778,11873,12974,12996,15488,16536,18934
FILNORS;14466,14467,17052
FILNORU;
FILNOSW;20397
FILNOUX;
FILNSTU;14465,16517,17056,19724,19753
FILNTUY;2885,5561,7900,14339,14465,16517,16536,16543,18934,19709,19713,20365,20375,20380
FILOOSU;8780,13029,15035,17056,20405,20407
FILOOTW;
FILORST;14469,17052
FILORSV;19712,19740
FILORTU;2397,5557,5561,6265,10509,10517,12994,13020
FILORTY;16541,19677,20364,20386
FILOSSS;2386,8782,13022,17050,17057
FILOSTU;4282,10518,17053,17054,17056
FILPPUY;
FILPSTU;13028
FILRRUY;15662
FILRSTY;20381
FILRYZZ;
FILSSUY;10518,18065,18309
FILSTTU;
FILSTUW;
FILSTUY;10518,12993,16534,16543,18056,18309,19713,20375,20381,20383
FILSTWY;
FILTTUY;2885,7304,7900,14339,19709
FILUYZZ;
FIMMMUY;
FIMMORS;
FIMNORS;3816,5555,13033,13034
FIMNORU;11923,11959
FIMOORS;14469,18052,18930,19710,20405
FIMOORV;
FIMORRT;8770,13003,13004,13033
FIMORTY;7070,9455
FIMRTUY;
FIMSTYY;
FINOOSS;4699,6267,8723,8756,11966,17035,18492,19750,19752,20395,20402
FINOPRS;8725,20397
FINOPSU;7908,11952,13028,20388,20397
FINOPTY;8758,8763,18046,20393
FINORSS;6267,11931,11966,12972,13027,13032,13033,13034,13036,13609,14128,14343,14467,17035,17036,17060,18491,19683
FINORST;332,3816,5555,13033,13034,17052,18052
FINORTY;3833,3838,6268,8738,8764,12967,13004,13904,20374
FINOSSU;2060,4699,5017,7910,10067,10072,11960,13036,14128,15665,16039,16550,17060,20402
FIOORSU;8780,14224,14337,15035,19715,20405
FIOOSST;4699,5558,6267,8723,8756,13030,20393,20394,20395
FIOPRST;1531,8775
FIOPRSY;18061,19748,19751,20396
FIOPSTX;
FIORRTY;3382,7901,8776,13004,19748,20370
FIORSUU;11955,11956,13019,14232,14347,15029,15033,15034,16520,17051,17060,18067,19739,19741,20397,20405
FIOSTTU;3835,7903,7905,7908,8787,15487
FIOTTTU;
FIPPUYY;
FIRSSTT;2413,3388,3840,6259,7912,13034,14464,18055,19753
FIRSSUY;14128
FKLMOOT;
FKLORUW;
FKNOSTY;
FKOOORS;
FKRSSUY;
FLLOOSW;
FLLOPTU;13028
FLLOSSY;11904,17063,18863
FLLOSUU;8780,11970,19758,19759,20385,20405
FLLOUWY;20396
FLLSTUU;18309,20405
FLMMOUX;
FLMNOOU;
FLMNOSU;8765,8781,11941,13018,13028,18496,18955,19758,19760,19761
FLMOOOT;
FLMOORS;5325,14469,16050,18930,19710
FLMOORU;16531,16549
FLMORSY;16547,18952
FLMORWY;
FLMSUUU;15034
FLNOORR;11949,18936
FLNOOSU;20406
FLNOOSW;
FLNRSUU;11970,17060,20397
FLOOOTU;
FLOOPWX;
FLOORSW;
FLOOSUZ;
FLOOTUW;
FLOPSTU;13028
FLOPSUW;11044,18963
FLOPTUU;
FLOSUUV;19741
FLPRSUU;20397
FLRSSUU;13032,19760
FLRSUUY;11974
FMNORSU;18048,18496,18955,19758,19760,19761
FMRSTUU;2064,19758
FNNNUUY;
FNNOORT;13020,18045,18887
FNOORRW;
FNOORSU;14224,20406
FNOPRTU;3157,5561,7907,8757,9690,16042,16561,19747,20392
FNRSTUU;2064,8788,13831
FNSSUUY;19730
FNSTTUU;8783,8788,11979,19714,19731,19763
FOOOPRT;
FOOOTTU;
FOORSSS;8782,16056,17057,18940,18961,18965,19765,19766
FOORTTX;
FOPSSTU;11972,12964
FORRSUW;
FORRUWY;
FORSSTW;3841
FORSTWY;
GGGGIIN;
GGGHINO;7071
GGGHINU;20408
GGGIIJN;8792
GGGIILN;13038,14350
GGGIINP;4701,19674
GGGIINR;
GGGIINT;19674
GGGIINW;
GGGIINZ;3038,11982
GGGIIST;
GGGIJNO;8792
GGGIJNU;
GGGILNO;
GGGILNU;11984
GGGIMNO;
GGGIMNU;
GGGINNO;5562,11984
GGGINNU;
GGGINOR;
GGGINOS;3394
GGGINOT;7071,19674
GGGINOU;11984
GGGINPU;
GGGINRU;
GGGINSU;
GGGINTU;11983
GGHHIIN;
GGHHIOS;15036,20413
GGHIIJS;3845,8793,13049,13050
GGHIINN;8715
GGHIINS;8793,20417
GGHIIPS;11993
GGHIIRS;14023,15180,19768
GGHIITT;20419
GGHILOS;419,13058,13610,20419
GGHIMSU;14235,20408
GGHINNO;13060
GGHINOS;13610
GGHINSU;19780,20408
GGHIOSW;13063,20421
GGHIPSU;13058
GGHLOSY;13041,13065
GGHORSU;13044
GGHOSTU;9397,13044,20368
GGIIILN;2759,3851,10522,13046,13068,18075,19784,20409,20426
GGIIJJS;
GGIIKNN;
GGIILLN;14463
GGIILMN;3856,12977,20417,20418
GGIILNP;3851,3858,13076
GGIILNR;
GGIILNU;5567,5568,10028,13077,13078,20432,20433
GGIIMNN;14353,17705,19775,19776,19800
GGIIMNP;3039,3861,13076
GGIIMNR;3856,18977,19796
GGIINNN;3852,3863,18298,18299
GGIINNO;20429
GGIINNP;12027,18311
GGIINNR;
GGIINNS;
GGIINNT;
GGIINNW;
GGIINNZ;18073,18507,19776,19796,19798,19802,20429,20431
GGIINPP;
GGIINPR;2416,3039,3404,3851,3858,3861,12027,13048,17064,19675
GGIINPS;
GGIINRS;
GGIINRT;19804
GGIINSU;20432
GGIINSV;10081
GGIINTT;12020,19674,20419,20430,20431
GGIIRRS;3402,5567,9399,10084,11981,12014,18076,18509
GGIJNSU;8802,13049
GGIKLNU;
GGIKNNU;16563
GGIKNOR;1105
GGIKNOS;4703,8799
GGILLNU;14463,20425
GGILMUY;
GGILNNO;14131,20429
GGILNNU;
GGILNOS;4703,13610,16570,20419
GGILNOV;13079
GGILNOW;
GGILNOZ;2421,3858,12010,13046,13076,18075,19773,19796,20418,20429,20431
GGILNPU;
GGILNRU;
GGILNSU;3870,3871,5567,13077
GGILNUY;8797,18316
GGILOOS;13058,20367,20437,20438,20439
GGILOST;2422,20367,20419,20430,20437,20438
GGILOSY;2422,12036,16058,16060,16570,19797,19798,19814
GGILRWY;11987
GGIMMNU;20415
GGIMNNU;
GGIMNOR;7934,8724,10525,11989,12019,18976,18977
GGIMNPU;
GGIMNPY;13075,13076
GGIMNSU;3814,12017,12020,13049,13077
GGINNNU;7931,15492,18299
GGINNOO;14893,19771,19776,20416,20429
GGINNOP;18311
GGINNOR;
GGINNOS;
GGINNOT;14893,18979
GGINNOW;
GGINNRU;
GGINOOP;
GGINOOS;20413,20439
GGINOPR;2416,3858,17064
GGINOPU;13083
GGINOQS;
GGINORS;335,421,12009,13086,14473
GGINORU;4831
GGINORW;18864,18970
GGINORZ;3858,12010,19796
GGINOSS;5571,13989
GGINOUV;
GGINPPY;13056,13062
GGINPRU;
GGINRSU;18077
GGINSTU;3870,3871
GGINTTU;3819,3864,12020,18313
GGIOORS;646,12980,14472,14473,20413,20439
GGIPRSY;12026
GGLLOOS;18984,19810,19811,20437
GGLNSUY;18316,20411
GGLOOOS;8804,12013,12033,13058,13086,18980,18984,19799,19810,19811,19815,20367,20417,20428,20437,20438,20439
GGMRSUU;
GGNOORS;7937,12980,13086,14076,14472,14473,18986,20413,20439
GGNOOSY;
GGOORST;7937,10031,12980,14473
GGRRSUU;
GHHHIIS;5572,17068
GHHHIST;17068
GHHIINS;1536,12981,13906,14662,16573,17068
GHHINSU;4706,12981,14462,20413
GHHIOPT;6026,7942,7944,8805,8809,8810,17069,20412
GHHIRST;6274,13099,18989,20441,20442
GHHORTU;5336,18082,18988,20412
GHHOSSU;5574,8817,19821,19825
GHHOTTU;20444
GHIIIMN;15205,19770
GHIIKNO;19833
GHIIKNS;13906
GHIIKNT;
GHIILLN;14463,14475,19770
GHIILNR;20377
GHIILNT;1221,3876,18992
GHIILNW;14475
GHIILRS;11101,12073
GHIINNS;
GHIINNT;9704,11095,14895,17071,18311
GHIINNW;
GHIINOS;10526,13120,13610,13626,14355,14356,15040,15666,17072,17081,20417
GHIINPP;
GHIINPS;15996,17081,18991,20379,20458,20465
GHIINPT;18080,18081,18320,18991,18992,18996,20379,20465
GHIINRS;3050,14662,18321,18515
GHIINSS;1542,13906,16582,19828
GHIINST;
GHIINSV;
GHIINSW;
GHIINTT;1221
GHIINTW;
GHIINZZ;
GHIIOPR;2414,2416,4284,6270,6272,6278,6280,7938,7939,8806,8837,12073,16572,16583,17038,17064,17077,17083,19828,19849,20379
GHIIRST;
GHIJNOS;
GHIKLNO;18089
GHIKLNU;18089,19830
GHIKNNO;16585,16586,19833
GHIKNOO;
GHIKNOR;8839,14756,15042,15671,16563,17038,19833,20468
GHIKNOW;8839,15042,20468
GHIKNST;424,2434,3415,12086,12088,15670
GHIKNSU;11105,18517
GHIKNTY;17037
GHIKRTU;3423,19830
GHILLNU;4708,14463,14475,14476,20375,20380
GHILLSU;12090,14476,20375,20381
GHILLTY;7967,8825,18026
GHILNOS;17072
GHILNOT;14478
GHILNOW;
GHILNPU;14475
GHILNRU;
GHILNSU;
GHILNSY;13749,16571,18871,19837,20446
GHILNTY;8830,11109,14359,16067,18093,18514,19864,20380
GHILOSU;3885,13058
GHILPST;13059,13109,13113,20462,20471
GHILPTU;20412
GHILPTY;714,1544,5578,7974,8845,14479,16067,17069,19882,20462
GHILRTY;18093,19864,19868,19869,20370
GHILSST;13115,17091,18323,20451,20459,20461,20462,20469,20472
GHILSTY;12072,19864
GHILSUY;17402,20381
GHILTTY;18514,20370
GHILTWY;19007
GHIMMNU;
GHIMNNY;13838,19883
GHIMNOS;538,3886,4280,5918,10532,13111,13626,17075,20417
GHIMNPU;19885
GHIMNRY;18301,19837,19864
GHIMNSU;12117,18321
GHIMRSU;12076,12117,14235,16600,17039,18321,18515,19021
GHIMSST;19870,20472
GHIMSTT;13111,18320
GHINNOO;3424,13135,13838,14478,19775,19776,19883,19888,20416
GHINNOP;12121,18311
GHINNOR;5579,14358,15038,15659,17073
GHINNOS;17438
GHINNOT;14478
GHINNTU;14478
GHINOOP;12126,13040,19023,19884
GHINOOS;12126
GHINOOT;2436,14359,14361,17076,19773
GHINOOV;
GHINOPP;5335,12121,13062,13096,13130,17703
GHINOPS;15039,17081,18517,19893
GHINOPY;13095,13096,17081,17093,17095,19884,20465,20480
GHINORS;
GHINORW;18864,18970
GHINOST;
GHINOSU;
GHINOSV;13120
GHINOSW;
GHINOTT;7372,16075,18086
GHINOTU;18089
GHINOWW;
GHINPPU;
GHINPPY;17093
GHINPSU;3050,7962,11127,18517
GHINPSY;3880,13095,13118,13119,19032,19884,20446,20465,20480
GHINRSU;
GHINRTU;20478
GHINSTU;
GHINTTU;3426,4709
GHINTTY;16075,18514
GHIOPSZ;5341,7994,10531,13100,13143,16598,19886,20477
GHIORSU;3885,8853,13134
GHIOSUV;19890
GHIPRST;423,426,3847,13059,13099,13137,13142,20441,20471
GHIPRTU;3848,20412,20478
GHIPSST;3433,7832,8854,8858,13135,16584,17091,18996,19881,20451,20455,20459,20461,20462,20465,20469,20480,20483
GHIPTTU;
GHIQSTU;
GHIRSTW;
GHISTTW;
GHLMOOO;13055,13122,20418
GHLMOSU;2452,3891,13145,13148,20487,20488
GHLNOSS;11136,11138,18875,19781
GHLOOSY;4710,13065,13145,17088,19845,20440,20486,20487,20488
GHLOPSU;3891,13058,13094,13125,13145,13148,13907,20440,20487
GHLORUY;4710,12137,12983
GHLOSSU;12964
GHLOSTY;10125,18324,19864
GHLOSUY;4710,13145,20486,20487,20488
GHLOTUY;3892,12137,20371
GHMORSU;2452,2455,8853,11147,12117,12145,13134,13148,16080,16600,17039,18321,19046,20490
GHMOSTU;3442,11143,11147,13134,17039,18521,19046
GHMPRSU;2455,12145,13148,20490
GHMPRUY;13134,20490
GHNOOPS;1223,3441,3898,13104,13108,13135,15039,16603,16611,17095,19893,20443
GHNOPRY;3849,8814,10533,10538,13056,13057,13064,13096,13149,13150,13154
GHNORST;18102,18530,18533,19825
GHNORUU;5579,15029,20413,20466
GHNOSSU;
GHNOSTU;
GHNOTUY;3443,13627
GHOOOSW;
GHOOPST;2460,3898,8858,10537,12084,13059,13094,13104,13105,13135,13137,15039,19879,20443,20462,20471,20480,20483
GHOOQSU;
GHOORSS;2459,3899,5574,13155,14245,17079,17092,18323,18530,18990,19024,19027,19034,19822,19825,19866,20454,20476,20479
GHORSTU;3885,13044,17039,17096
GHORSTW;
GHORTUW;
GHORTUY;19824
GHORTWY;
GHOSTUU;
GIIIKNT;12161,12162,13909,17037,19906
GIIINRS;7921,8013,14137,14564,15181,17070,18076,18105,19904,19913,20423
GIIJKNN;
GIIJLNT;8795
GIIJNNO;
GIIJNNX;
GIIKKNN;
GIIKKNR;
GIIKLLN;820,14488,16523
GIIKLMN;820
GIIKLNN;3903
GIIKLNR;4207
GIIKLNS;
GIIKLNT;3920
GIIKNNO;6290,7388,11171,16629
GIIKNNP;
GIIKNNR;
GIIKNNS;13593
GIIKNNT;
GIIKNNV;13051
GIIKNNW;
GIIKNNZ;3903,12162
GIIKNPP;1547,4694,17042
GIIKNPS;
GIIKNRS;
GIIKNRY;19829
GIIKNSS;13906
GIIKNST;18536
GIIKNSV;12179,13051
GIIKNTT;8880
GIILLLN;8882,12001,12002,13201,19836
GIILLMN;820,10145,12965,19770,19789
GIILLNN;2467,3902,3903,5582,5589,10552,10553,13984,14083,14488,15816,18123,19908,20362,20425,20491
GIILLNO;6293,8888,8890,10553,13984,17108,20363,20425,20491
GIILLNP;14475,18877,20363,20447
GIILLNR;13579,19948
GIILLNT;8888,10148,10553,13165,13168,13201,14463,15816,16083,19770,19944,20425,20491
GIILLNW;14475
GIILLNY;2468,7952,13579,14369,14488,16523,18877,20385,20447,20509
GIILMNN;14490,15205,18537,18539,19064,19693,19909,19910,19942,20498,20499,20511,20512
GIILMNO;10145,12168,13076,13170,13172,15044,18326,19796,19909,20416,20418,20429,20499,20512
GIILMNP;20512
GIILMNS;
GIILMNT;5591,13201,14492,20386,20416
GIILMNY;2374,20386,20499
GIILMPR;
GIILMRY;1207,3928,13213,13912,19789,19952,20386
GIILNNN;3876,7954,7955,8827,8886,12183,13174,16564,18968
GIILNNR;3905,3906,3931,3932,5582,12986,13069,13215,17072,17073,17115,20453
GIILNNS;14490
GIILNNT;434,3054,3876,5582,20491,20499
GIILNNY;17115,20498,20499
GIILNOP;19069,19771,20363,20447
GIILNOR;15044,17073,17076,20364,20377
GIILNOS;
GIILNOT;14492,16083,18326,20364,20386,20491,20499
GIILNPP;
GIILNPS;
GIILNRS;
GIILNRT;
GIILNST;
GIILNSV;18327
GIILNSW;14490
GIILNTT;
GIILNTW;
GIILOSS;13208,18031,19059,19845
GIILOST;
GIILRST;2764,3928,20492
GIIMMNN;13225,14374,19965,20384
GIIMMNR;3856,17043
GIIMNNS;4220,13163,14353,14490,19693,19800,19910,19942,20384,20498,20511,20517,20519,20520
GIIMNNT;18539,20498,20499,20502
GIIMNPP;
GIIMNPR;3039,3937
GIIMNPS;
GIIMNPW;18543
GIIMNRT;3942,13159,20502
GIIMNRV;8031,14375,14376,19967
GIIMNSS;20519
GIIMNST;
GIIMNSX;3913
GIINNNP;3937,8903,12183
GIINNNR;2429,3937,8886,13225,17084
GIINNNS;10552,14086,18108,18330,20519,20520
GIINNNT;3852,3944,12006,12984
GIINNNW;
GIINNOP;19069
GIINNOR;18882
GIINNOS;13120,13593,14490,14494,14496,20519,20520
GIINNOT;14494,18300
GIINNPP;1841
GIINNPS;18543
GIINNPU;13191,15511,18137
GIINNRS;
GIINNRT;17071
GIINNRU;4331,13948,14352,14371,18137
GIINNSW;
GIINNTT;19974,20431
GIINNTU;
GIINNTV;18539
GIINNTW;3952
GIINOPS;3043,16620,16621
GIINORS;
GIINORT;
GIINOSY;8874,10564,16643,18318,19693,19797,19798,19973,20383,20385,20446,20498,20519,20520
GIINOTT;13196,14897,16623,20431
GIINPPP;20363
GIINPPR;7397
GIINPPS;16620,16621
GIINPPT;
GIINPPY;
GIINPPZ;16621,19069
GIINPQU;3064
GIINPRS;
GIINPRZ;3851,3861,3911,3937,10144,12027,13048,13194,17124,19924,20424,20458,20497
GIINPSS;20465
GIINPST;
GIINPSW;18543,19947
GIINPTT;163,1728,8875,9735,13189,13196
GIINPTW;12979,19697
GIINPTY;3880,8826,16638,16657,16658,17064,18877
GIINQRU;11865,18879,19685
GIINQTU;
GIINRRS;
GIINRRT;1550,3952,3955,8735,17124,20497
GIINRRY;13179,13910,17046,19676,19961,20515
GIINRSS;
GIINRST;
GIINRSV;
GIINRSW;
GIINRTT;14137
GIINRTW;3952,12979
GIINSST;
GIINSSU;13906,17102,20373
GIINSSW;
GIINSSZ;20414,20495
GIINSTT;
GIINSTU;16622,17033
GIINSTV;
GIINSTW;
GIINSVW;
GIINTTT;6271,12255,14498,17085,20502
GIINTTW;13231
GIINVYZ;
GIINZZZ;
GIIORSV;
GIJKNNU;
GIJKNOO;13581,16659
GIJKNOS;4703,13581
GIJKNOU;16659
GIJLLNO;
GIJLNOT;
GIJLNOU;
GIJLNOW;
GIJLNSU;4595
GIJMNPU;
GIJNOTT;16100,16626
GIJNRUY;19689
GIJNSTU;13049
GIJNTTU;
GIKKNNO;
GIKKNOO;13918,15681
GIKKNOY;
GIKKNUY;
GIKLNOO;4470,13738,15670
GIKLNOP;
GIKLNOS;
GIKLNRU;
GIKLNSU;
GIKMNOS;12179,13244,19860
GIKMNRU;17406
GIKMNSU;13199
GIKNNNO;
GIKNNOO;15518,16663,18887,19997
GIKNNOP;
GIKNNOS;11171,16586
GIKNNOT;
GIKNNOW;
GIKNNOZ;
GIKNNSU;
GIKNOOP;
GIKNOOR;18887,19997,20468
GIKNOOS;
GIKNOPR;3957,4471,8839,17038,18148,18551,19938,20468
GIKNOPS;18148,18517,19938
GIKNOPU;7962,13240,18148,18517
GIKNORT;18887,19833
GIKNORW;925,12279
GIKNORY;3957,13244
GIKNOST;
GIKNOSU;7962,13582,13738,13847,14664,18517
GIKNOSY;
GIKNOTU;13582,13847,16659,18089
GIKNOUY;16659
GIKNRSY;2486,4713,13244
GIKNSTU;
GIKNSTY;2486,19788
GIKRSTU;13240
GILLLNO;266,3363,8067,8882,8919,10532,13037,16665,19809
GILLLNU;13201
GILLMNU;16667
GILLNNU;3923,5589,7963,10148,10553,10566,11873,12188,12974,14092,14488,16667,18123,18150,19105,20362,20425,20531
GILLNOP;20363
GILLNOR;19995
GILLNOT;10553,14093,20425,20491
GILLNPU;14475,19944
GILLNSU;18555,18889
GILLNUW;3962,4708,11877,14475
GILLNYY;5547,7952,8076,18150
GILLOOS;1238,1553,2487,4722,5143,5369,6294,6299,8824,8885,12290,12291,13108,13246,13250,13611,13630,14767,16084,16633,16666,17733,18124,18554,19109,19810,19811,20437,20528
GILLORS;14499,20528
GILMMUY;
GILMNOO;13255,15044,17126,18326,20512
GILMNOR;3822,15044,17047,19008,19796,19813,19909,19995
GILMNOT;37,6295,13171,13172,14492,17075,18325,18326,20498,20499
GILMNOY;1731,15520,17762,20001,20386,20499
GILMNPU;3926
GILMNRU;13123,13212
GILMNSU;
GILMPSY;13249,19124
GILNNOO;4724,14371,14478,17129,19711,19771,19956,19998,20416,20429,20531
GILNNOU;7963,14358,14371,16667
GILNNOW;14490,19711,19998
GILNNRU;3932,12321,14371,14372,15054,16675
GILNNSU;442,3870
GILNNTU;3970,8928
GILNNUV;3970,20011
GILNOOP;12324,15331,17129,19133
GILNOOS;18074,20439
GILNOOT;720,2436,4704,14359,14471,14492,19118,19773
GILNOPP;
GILNOPR;
GILNOPS;
GILNOPT;17767
GILNOPU;
GILNOPW;
GILNOPY;
GILNORS;
GILNORU;
GILNORY;6304,8830,15053,15054,20001,20364,20377,20386
GILNOSS;
GILNOST;
GILNOSU;
GILNOSV;18327,20492
GILNOSW;
GILNOSY;20383
GILNOTT;20431
GILNOTU;
GILNOTV;3195,16083,20491
GILNOTW;8726,13908
GILNOVV;3963
GILNOVW;19008
GILNOWY;
GILNPPU;
GILNPRU;5021,7970,14372,19955
GILNPSU;442
GILNPUY;
GILNRSU;
GILNSSU;
GILNSTU;
GILNSTY;15052,17132,20006
GILNSUY;13216,17132,18316,20383
GILNUVV;3963
GILNVYY;
GILOORS;18337
GILOOSS;15516,16597,17088,18556,19017,19845
GILOOST;2487,8885
GILOOTW;13908
GILORTT;13093,20370
GILORTY;2492,6304,8830,8851,8926,13129,15053,17048,18337,20364,20370,20386,20427,20534
GILOSTT;
GILOTUY;16670,20427
GILRSTY;18337,20534
GILRTUY;6304,7967,8884,13202,14339,14390,19139,19709,20427
GILRYZZ;
GILSTUY;3495,10534,13216,18309,18316,18982,19713,19999,20381
GIMMMNU;
GIMMNOT;13225,19966,20510
GIMMNOV;
GIMMNPU;12339,13268,17120,20028
GIMMNRY;13268,19789,19837,19968,19969
GIMMNSU;
GIMMNUV;
GIMMORS;7420,13183,13268,17119,20477,20501,20536
GIMNNOO;3974,14490,18044,19775,19776,19883,19997,20428,20429,20511,20512
GIMNNOR;3822,14769,15335,17137
GIMNNOS;13771,14490,15822,19693,19970,20428,20498,20511,20517,20519,20520
GIMNNTU;17516
GIMNOOP;8903,13628,13914,16694,17129,20512
GIMNOOR;15044,18301
GIMNOOS;15206
GIMNOOT;336,5591,7079,13130,13229,13628,13914,14492,16694,18326,19118
GIMNOOV;
GIMNOOZ;12338,13229,14492,18326,19121,19776,20006,20418,20429,20512,20518
GIMNOPP;3068,3957,13130,16692,17137
GIMNOPR;3068,3957,18040,18148
GIMNOPU;5604,19716,20028
GIMNOPY;2503,3957,8106,13095,13268,13273,15047,16693,18040,19884,20465,20480
GIMNORS;
GIMNORU;
GIMNORW;12279,19008
GIMNOSS;20519
GIMNOST;
GIMNOSU;
GIMNOSW;11249,14377,14490
GIMNPPU;
GIMNPRU;
GIMNPSU;
GIMNPTU;
GIMNPUY;13268
GIMNRSU;3941,14564
GIMNSSU;
GIMNSTU;
GIMNSTY;3507,4286,13004,13095,13273,19026,19864,20006,20480
GIMNUZZ;
GIMORSS;17112,20476,20528
GIMORSW;
GIMOSSY;8854,12120,13133,17088,19026,19884,20480,20519
GIMOSTU;17113,18894
GIMRSSU;3069,10571,12185,12234,12284,12340,13230,13275,13276,13597,18566,19142
GIMRSUU;12348,14235,14386,15030,18321,19140,20536
GIMSTUY;13134
GINNNOO;12352,17049,17129,18044,19711,19883,19998,20531
GINNNOR;2760,8886,8910,11879,12313,12352,15038,15683,17049,17067,19802,19905,20390,20466
GINNNOW;19998
GINNNPU;20531
GINNNRU;15038,17049,20390
GINNNSU;
GINNNTU;3944,8927,14902,20390,20531
GINNOOS;
GINNOOW;13242,18307,19711,19997,19998
GINNOOZ;18331,19776,20429,20518
GINNOPS;8937,13278
GINNOPY;12301,17129
GINNORS;
GINNORU;3948,15038,19127
GINNORW;10747
GINNORY;14358,15054,16675,17047,17721,19814,19980,20001,20453
GINNOSS;19155,20464,20519
GINNOST;
GINNOSW;3879,12125
GINNOSZ;3202,13176,16619,19798,20520
GINNOTW;3879,12125,17411
GINNPRU;12207,14261,15511,17511,17521,18137,19129,19156
GINNPTU;12262,16708,19156
GINNRSU;
GINNRTU;
GINNSTU;16708
GINNTTU;15526,16678,17769,20431
GINNTUW;
GINNTUY;14142,17114,18046,18093
GINOOPP;5335,8807,8855,13130,16709,17093,19133
GINOOPR;6278,8807,8855,12324,19133,19160
GINOOPS;
GINOOPT;
GINOORS;12214,12215,13625,13919,14472,14565,20015,20043,20413,20439
GINOORT;13629
GINOOSS;13284,13919,13989,17035
GINOOST;
GINOOSW;14565,15687,20439
GINOOSY;12356,13273,13625,15508,16603,16693,17081,17095,19884,20393,20480
GINOOTT;13229,16694
GINOPPP;13130
GINOPPS;16621
GINOPPT;2447,13062,13130,13196,13277,17093
GINOPPU;13221,14914,16696
GINOPPW;12372
GINOPRS;
GINOPRT;15819,16657,20497
GINOPRU;
GINOPRV;16583,17512,19133,20014
GINOPRW;8839,18307,20468
GINOPRY;3957,4281,13096,13268,15047,17046
GINOPSS;
GINOPST;
GINOPSU;
GINOPSW;5599
GINOPSY;13095,13268,13273,20393,20465,20480
GINOPTT;16694
GINOPTU;
GINOQTU;12303
GINORRT;3955,5151,10970,18892,20390,20497
GINORRV;8889,14000,14226,14375,16679,17790,18395,18512,18579,18580,18581,18882,19101,19163,19172,19173,19174,19887,19895,19984
GINORSS;
GINORST;
GINORSU;
GINORSV;
GINORSW;
GINORSY;13268,13625
GINORTT;
GINORTU;3948
GINORTW;
GINOSSS;10174,10545,16586,17095,20494
GINOSST;
GINOSSU;13594
GINOSSW;
GINOSTT;
GINOSTU;
GINOSTV;2504,18143,18580,19166,19173,19936,19939,19989,20492
GINOSTW;
GINOSTY;4286,13095,13273,15052,16643,17132,20006,20480
GINOTTT;8895,12255
GINOTTU;13229,16622,16694,20430,20431
GINOTTW;13231
GINOTUW;
GINOTUZ;3940,5379,13191,13229,20504
GINOTWZ;
GINPPPU;18582,20045
GINPPSU;
GINPPTU;16696,16714,18582,19073
GINPRRU;
GINPRSS;
GINPRSU;
GINPRSY;16693,17125,19993
GINPSSY;13118,17095,17143,20393,20465,20474,20480,20515
GINPSTU;
GINPSTY;13095,13273,16638,17125,19032,19962,19993,20393,20480
GINPSUW;
GINPTTU;16694
GINPTUY;14390,18046,20393
GINPTUZ;12262,12273,13191,13194
GINQTUY;
GINRRSU;3981,10573,13280,14091,14263,14393,17526,17786,19151,20043
GINRSST;
GINRSTU;
GINRSTY;17084,19969
GINRSUU;13284,14386,14472,15030,15524,18321,20378,20413,20466
GINRTTU;10548
GINSSSU;11256,12211,18566,19150,19179,20500
GINSTTU;
GINSTTY;3507,13273,14775,16677,19973,19999
GINTTTU;13256,16656
GIOOPRR;3071,8936,16709,17046,19160
GIOORSV;7090,13236,20505
GIOPRRU;
GIOPSSS;13208,17095,20027
GIOPSST;2145,3494,3516,6306,8854,8858,13133,13140,13141,16584,17091,19138,19881,20451,20459,20461,20462,20469,20529,20532
GIOPSSY;3516,8854,8858,13143,13248,17088,17091,17095,19845,20393,20462,20465,20474,20480,20529
GIOPSTU;13094
GIORRSU;3981,4725,6305,10573,12335,13280,16698,17036,19931,19984
GIORSTU;
GIORSUV;
GIOSSYZ;13143
GIPRSTU;
GISWWYY;
GJLMUUU;
GJNOOSU;5597,8917
GJNRSUU;
GJOORTT;
GKKNOOS;13918,14255
GKLOSWY;
GKMOOSU;
GLLLOOR;8920
GLLOOPS;3891,8081,8844,12290,13108,13145,13287,18984,20528
GLMMSUU;
GLMNOOO;19186,19813,20418,20429,20512
GLMNOOS;
GLMNUUU;4604,12379,13256
GLMOOOR;8860,12308,13912,16103,19186
GLMOOYY;10567,13287,20541
GLMORUW;
GLNNOOR;13261
GLNNSUU;12384,14386
GLNOOOS;14494,16609,17413,20439
GLNOOOY;
GLNOOPR;13064,13149,13150,13255,13261,17087
GLNOOPY;17129
GLNOOSU;8897,12385,13254,13290,13291,16716,17131,17132,17413,17798,20486
GLNORWY;
GLNOSUW;8128
GLNOTTU;2151,2508,4958,8087,8927,12298,20372,20431
GLNOUYY;20052
GLNPSUU;5604,8930
GLOOORY;3076,5022,8920,13912
GLOOOTY;
GLOOOYZ;8921,12381,13151,20488,20489,20542
GLOOPRS;3894,8844,13293,18335,20440,20528
GLOORUY;3985,4710,8138,12137,12387,12983,18335,20427,20440
GLOOSTU;2507,3525,12385,12387,13094,13292,13293,14096,17113,17132,20540
GLOOTUW;
GLOPSTU;3983,8934,13094,13125,13292,13293,20540
GLORSSY;18166,18323,19814,20017,20528
GLPRSUY;13262,18335,20381,20440,20515
GMMOSUU;
GMMPUUW;
GMNNOOS;3974,12136,13291,14490,19040,19187,19775,20051,20428,20443,20511,20513,20517
GMNOORU;13123,13255,20478
GMNOORW;13242,19997
GMNSTUU;12348,14497
GMNSUUZ;
GMOOPRS;2455,6284,7997,8853,8947,8949,12392,13293,17119,19816,19865,19886,20028,20051,20477,20490,20528
GMOOSTU;3525,8947,8949,11092,11143,11147,12144,13228,13271,13292,13293,16718,17113,17139,19046,20005,20510,20513,20522
GMORSUU;12348,20536
GMORTUW;
GMPSSUY;
GMRUYYZ;
GNNOORS;14472,18471,19191
GNNORUW;15204,19717
GNNORYY;13149,20052
GNNOSUW;8128,19717
GNNOUUY;14142,17412,19188
GNNRUUW;
GNNSTUU;
GNOOORS;8861,14382,16590,16609,17089,19072,19892,20439
GNOOOSS;13271,17131
GNOOOYZ;
GNOORST;7937,8141,10537,16716,19825,20049,20051,20053
GNOPPSU;3898,8111
GNOPRTU;
GNOPRUU;
GNOPRUW;
GNOPSTU;3215,3898,13104,13292
GNORTUU;3948,7447,12348,13285
GNOSTUU;3981,12348,13285,19990
GNPSUUW;
GOOOORS;
GOOPRST;3978,8947,8949,13234,13293,18333,18596,20051
GOORSTT;13274,14473,17080,20389,20516
GOORTUW;
GOORTUY;20427
GOPRSUW;
GORRSTU;5573,7091,8947,10573,13280,13293,20392
GORSTTU;3983,14096,20389
GORSTUY;
HHIIPPS;2510,7092,8952,12050,13092,17148,18341,20056,20057,20058,20543,20545,20547
HHIISTW;19769
HHIMRTY;11319,20066
HHINNSU;13307
HHINORS;10100,12406,12413,13296,13303,13306,13309,13625,15036,16133,16727,18990,20069,20074,20076,20413,20442
HHIOPST;539,1245,5613,5617,7097,8964,8965,10248,10578,11318,12404,12408,12409,13302,13309,15062,16737,17148,17415,18343,20068,20071,20544
HHIORSW;12419
HHIOSTT;8153,8159,8164,8953,10578,12404,12408,12416,12419,13309,15060,16574,16726,16736,16737,18083,20076,20441
HHISSTW;3538,16728
HHMMSUU;
HHMOOPW;
HHMRSTY;8170,16746
HHOOSTT;12408,14395,19227,20076
HHOPPTU;3990,12426,13105,20063,20551
HIIIKRS;12433
HIIISTV;6313
HIIJKNS;
HIIKLMS;17075
HIIKMOS;16149,17075
HIIKNNS;5621
HIIKNOS;20450
HIIKNPS;5621,11331
HIILMTU;17717,18189
HIILNSY;5624,8988,13112,14634,15544,16571,16760,19238,19837,20375,20446,20565
HIILPST;835,2427,2523,3999,13112,13319,13321,19238,20096
HIILPSU;8988,20457,20458,20544,20548,20567
HIILPTY;5624,13112,18171,19238,20462,20546
HIILRTT;1025,1129,2165,5394,14781,18869
HIIMMSS;20571
HIIMNNO;20416
HIIMNSX;11341,20101,20115
HIIMPSW;
HIIMRSU;5403,13319,13321,15836,18321,18515,19251,20115
HIIMSSS;16159,16768,17171,18348,20060,20103,20114,20570
HIIMSST;15071,17169,20394,20559
HIIMSTT;3987,5029,10580,13295,13321
HIINNOT;1248,1563,5625,13315,13317,17172,18311,20416
HIINORS;341,7102,10268,13296,13327,15068,15539,15666,17072,17668,20117
HIINOSS;8981,8986,12435,12457,13320,13322,13329,13609,14355,14400,17823,19232,19683,19828,20117,20118,20121,20395,20464
HIINPPS;2510,4005,4006,8952,16160
HIINPSS;12435,12457,17822,19828,20117,20379,20395,20559
HIINSSW;18612
HIINSTW;
HIIOPRS;2168,2518,4003,5392,5735,7102,8186,8989,10268,10586,10587,12073,12444,12445,12446,13296,14538,15068,15072,15537,16155,16168,16169,16724,16776,17148,17168,17802,19196,19242,19256,19828,20059,20102,20104,20116,20117,20120,20124,20126,20379,20548,20567,20573,20574
HIIOPRW;20564
HIIOPRZ;3549,5735,13317,20548
HIIORST;1251,3419,11333,11337,12442,12445,12446,12461,18610,19242,20102,20124,20460,20560,20569
HIIPPTW;
HIIPSSW;16728
HIIPSXY;3880,4004
HIISTTT;17085,17163,20560,20569
HIJNSSU;20467
HIKLNOT;4012,18089
HIKLSSU;5576,19229
HIKLSUY;
HIKMNOS;4014,17075,19860
HIKMOTV;4014,9007
HIKMRSU;
HIKMSUZ;
HIKNNOR;15671,16563,19833
HIKNNTU;16171
HIKNOOU;18188
HIKNOSW;19860,20468
HIKNPSU;17178
HIKNRSS;4013,10275,13334,16758,17086,17417,18615,19233
HIKOORS;16175,16789,19860,20468
HIKOPSY;3552,12087
HILLOPT;4012,4019,15840,16795,19199,20127
HILLOPY;4019,20396,20446,20447
HILLPSU;5409,7492,10242,12090,12441,16177,16792,19234,20055,20096,20544,20562
HILLRSS;3881,10040,20099
HILLRST;20381
HILLRSY;8234,8982,9008,9010,12466,18896,19723,20381,20396
HILLRTY;1567,7107,8825,8956,8982,13336
HILMMOU;4022
HILMOPS;19838,19865,20129,20130,20545,20562
HILMOSS;4613,5410,13110
HILMOSW;
HILMPSU;10280,12474,14505
HILMSSY;16730
HILMSUY;3559,5622,13338
HILMTUU;
HILNNTY;1249,3997,4019,5397,16797,18093,18621,19273
HILNOPY;16799,19199,20546
HILNORY;2532,6332,7106,9008,10533,13056,13057,13338,15691,16593,20377,20453
HILNOTY;14359,16067,16797,16799,19199
HILNPST;279,13109,13686,15351,17160,19237,19238,19273,20096,20419,20559,20567
HILOOST;9012,14506,15043,15066,15670,17052,20567,20578
HILOOTT;9019,12096,14478,16807,20131
HILOOTZ;14273,19773
HILOPST;
HILOPXY;13057
HILORSY;6332,8982,9008,9010,9014,9017,13338,13347,15073,18208,18342
HILORTU;6605,8244,13123,14936,16594,16809,19266
HILOSST;
HILOSSW;20135
HILOSTU;16808,17181,20063,20108,20544,20551
HILOSTW;19282
HILOSTY;4731,13852,14146
HILOSVW;19282
HILOSWY;20135
HILOTWW;
HILPRUW;20412
HILPSST;20469
HILPSUY;3083,5622,5627,8988,13347,17181,20132,20135,20440
HILSSTY;10583,13115,19723
HILSTTY;14146,19723
HILSTWY;8972,19273
HILSTXY;3545,11376,12104,12478,12482
HIMMPSU;13319,13349
HIMMRSU;13319,19021,20137
HIMMSTY;9021,11358,16192,20109
HIMNOOS;13314,13626,15569,18353,20417
HIMNOPR;4023,10582,20553
HIMNSSU;4738,4739,8975,14408,14940,17186,19724,19726,20554
HIMNSTU;17185,17186,17359,18193,19724,20096,20115,20145
HIMNSTY;
HIMOORS;6323,8846,14280,15073,15701,18052,18194,18212,18353,18632,19203,19244,20137,20144
HIMOPRS;
HIMOPSS;20467
HIMOPST;16736,18320,18349
HIMORST;
HIMORSW;12117,19860
HIMORTU;283,4022,9007,10584,13123,20478
HIMOTTY;6325,7982,8953,15060,15078,15571,16192,16193,16737,17831,20152
HIMPRSS;2547,4013,4024,4740,16194
HIMPRSY;1752,2547,5396,8266,9031,12410,15070,15077,17188,18355,19294,19839,19886,20152,20477
HIMPRTU;1460,20478
HIMPTUY;13340
HIMRSTY;15076,15077,18355
HIMSSTU;13349,17186,20394
HIMSTTY;5029,9031
HINNNSU;
HINNORT;1574,5625,13317
HINNOST;14703,14786,15079
HINNPSU;5627,13342,18050
HINOOPS;1223,6340,13108,13296,14568,17095,20585
HINOOPT;4023,5033,20546,20553
HINOORT;4023,5623,12492,12495,13061,13123,13629,14361,19303,19895,20131,20133,20478,20546,20553
HINOORZ;12456,16591,19012
HINOOSS;13359,20395,20576,20577,20584,20587
HINOOST;13314,20113,20563
HINOPPS;13343
HINOPSS;13320,13322,20395,20584
HINORST;17188
HINORSU;285,1258,9018,13303,14883,20144,20397,20442,20567
HINORSY;1753,3573,7111,9008,9017,13338,13364,13625,15073,17177,17188,18220,19864,20076,20453,20588
HINOSST;17167,20395,20576,20577,20584
HINOSSW;10275,12476,13334,13339,18206
HINOSTW;12476
HINPPSU;
HINPSSU;4738,8975,13360,13362
HINPSTY;5624,6327,11320,14930,16134,18639,18643,19032,19238,19273
HINPTUW;
HINRSTU;1258,13303,13325,13328,13344,13358,15844,17185,17192,18634,19309,19724,20144,20145,20567
HIOOPRS;10123,11113,12051,12126,12514,12515,12533,13100,13296,18207,18208,18342,19893,20165,20440,20442,20468,20548,20567,20573
HIOORSU;971,3885,11396,12467,12532,12533,13100,13303,13337,13345,13348,13355,14505,18194,18342,18357,19725,20137,20144,20413,20440,20442,20548,20567,20573,20578
HIOOSSV;15562,18202,20573
HIOOSSW;13332,13333,18350
HIOPPPS;4031,13092,13098,13353,18341,20585
HIOPPSS;4743,8990,10585,20461,20545,20547
HIOPRSU;14505,16789,17180,20125,20135,20167,20440,20442,20573,20574
HIOPRSW;20468
HIOPSST;13135,20395,20469,20584
HIOPSSY;14276,14406,15070,18209,19845,20135,20167
HIOPSTU;5613,12404,12533,13094,13134,13348,13353,13355,20063,20544,20551
HIORSSU;4739,8968,10588,13313,13358,13363,13859,20125,20167,20476,20573,20574
HIORSTY;3573,6274,9014,9017,9038,12132,12409,12505,13129,13142,13364,14506,15076,15077,16071,16820,17188,17191,19211,20076,20460
HIOSSTT;972,4021,13300,13330
HIOSSTW;4474,18350
HIOSTTU;1252,12404,12517,13337,17190
HIOSTUW;2531
HIOTTUW;
HIPPSTU;3990,8967,13353,13355,20063,20551,20578
HIQSSUY;
HIRSSTT;
HIRSTTU;7536,13337,18357
HIRSTTY;3889,5029,5171,9038,10578,13142,14146,19723,20076
HISSTUZ;19313
HJNNOOS;
HKKLOOS;
HKKLOOZ;
HKKOOSY;
HKKOSTU;
HKLOOYZ;
HKNOOSS;19261,20094
HKNOOSU;13860
HKNOOWW;
HKNSSUU;
HKOOOPT;13365
HKOOPSU;
HKOOSST;19261,20094,20591
HKOOSVZ;
HKOPSSY;
HKORSWY;
HLLOOOS;8957,9041,16529,20593
HLLOOSU;3891,12547,13145,13337,18358,20055,20169,20544,20592
HLLOOSW;16529
HLLOPSY;12546,14508,20396,20446,20592,20594
HLLPSUY;8289,14508,18358,20169,20592
HLMNOTY;1208,16797,19216,19864
HLMNPYY;12551,19217
HLMOOSS;5413,8847,9012,9043,13110,13333,13368,18173,20128,20545,20566,20597
HLMORRY;9013,10251
HLMOSTY;2556,6331,9014,11904,12466,13367,14567,16788,19864
HLMPSSU;20597
HLMPSUY;12552
HLMRTUY;5179,8959,12137,13340,17156
HLOOPSS;5629,6334,8990,9042,9043,13065,13128,13346,13368,17088,17179,20451,20459,20461,20469,20545,20547,20597
HLOOSTY;9017,14146,14952
HLOOTUW;
HLOPRTY;13066,13304,17156,18171,18652,19219,20127,20174,20546
HLOPSTY;12482,20597
HLORSTY;2556,4037,8982,9014,9017,14146,14506,20460
HLOTUYY;17198
HLPRSUU;11434,13344,20397
HMMMSUU;
HMMNOOY;
HMMOOSU;2454,13349,13366
HMMRTUY;
HMNOPSY;3053,13372,19222,20593
HMNOPYY;13152
HMNPSUY;12503,12552,20593
HMOOPRS;13372,13631,16139,20599
HMOOPSW;
HMOORSS;9043,13368,14145,17092,18173,19024,19822,19866,20181
HMOOSST;8847,9012,9043,13349,13352,13368,15698,18350,18354,20394,20472,20566,20583,20600
HMOOSTY;8304,9046,10317,13372,13863,15076,16196,16238,16820,17170,17858,18355,20109,20480,20482,20600
HMOOSUU;
HMOOSYZ;19886,20477,20482
HMORSUU;19341
HMSTUYZ;13367
HNNOOPS;7854,8309,8310,10591,13296,13306,15074,15079,16824,19295,20443
HNNORSU;3086,13327,13350,13358,16228
HNNOSTY;9032,15079,20187
HNNOSUW;20155,20187
HNOOPST;3898,10537,18233,19348,20443
HNOOPSU;16804,16850,18226,18228,20562,20593,20599
HNOOPTY;18361,20546
HNOORSS;4029,4746,4747,13351,13359,17200,20476,20479
HNOORST;1261,4033,10317,10537,12564,13372,18233,18345
HNOORSU;3086,7999,8302,14883,16600,16804,20181,20413,20599
HNOOSTU;2558,3898,13104
HNOPSSY;
HNOPSTY;4004,5624
HNORSTY;3573,4037,4438,9017,9727,9835,10125,10317,13364,13372,14643,16845,17177,17188,17191,18345,19048,19864,20076
HNORTUW;20186
HNOSSTU;11905,13311,19729
HNOSTUU;13344
HNOSUWY;20187
HNOTTUU;
HNRTTUU;
HNSSTUU;
HOOOOPS;13631,16846,18349,18354,20083,20557,20584,20601,20602
HOOOORS;13631,17158,19330,20083,20137,20557,20601,20602
HOOPPST;3898,16846
HOOPRST;13059,13372,15072,20573,20591
HOOPSSY;13065,14950,14957,16610,16611,16745,16853,17856,18208,19845,20169,20191
HOOPSTT;17173,20602
HOOPSTU;3898,10599,13104,13105,13348,13353,13355,18346,20602
HOOPSTY;15072,18343,18346,18355,20589
HOOQSSU;20394
HOORRRS;8313,9036,12413,16016,19358
HOORRST;3264,6887,8313,9016,10301,10593,14099,15701,15862,16226,16232,16237,16238,16244,17052,17858,18212,18657,20177,20569
HOORSUZ;971,3086,9037,13100,19049,20548
HOOSTTU;2559,3592,4040,8248,12517,13337,14952,20144
HOPRSTU;10599,13134,13348,13355,18346,20602
HOPRTTU;13311,15705,16807,19352,20190,20602
HOPRTUW;
HOPSSSY;13147,18659,19212,20082,20184,20600
HOPSSTU;12964
HOPSTUU;13344
HOPSTUY;3992,12426,12567,13104,13105,13134,13362,13366,18346,20063,20597,20600
HORSTTW;
HORSTUU;13044,13344,17051,19341
HOSSTTU;8817,13311,14949
HOSTTUU;
HPPSSUU;
HPRTTUU;
HRSSTTU;4039,13311
HRSSTUY;8968
IIIJJLN;
IIIKMNN;
IIIKMNS;
IIIMRST;4060,4752,5039,5555,6634,6906,7120,9078,10254,10580,10614,12609,13158,13183,13185,13406,14289,15369,17864,18018,18244,18366,19366,20194,20206,20504,20619
IIIORRS;13903,17034
IIIRSTT;4055,9075,10254,10580,11169,12609,13106,13401,13403,13424,14137,14151,17163,18169,18535,19378,19379,20222,20560,20622,20623,20624,20625
IIISTTW;5643,19377,19826
IIJKNPU;
IIJKOPR;
IIJLLNO;
IIJMMNY;
IIJMNOS;14962
IIJNNOT;13317
IIKKLNY;
IIKKNPS;
IIKKORS;5201,12628
IIKKSSS;
IIKLLMY;
IIKLLSY;
IIKLMNP;
IIKLMRY;
IIKLNOS;13911,14664,17075
IIKLPSY;16880,20225
IIKLRSY;16882
IIKMNOR;3920,5355
IIKMNPS;
IIKMNSS;12180,16149
IIKNNOS;4071,6290,13425,13593,20450
IIKNOSS;4072,7125,12628,13425,20507
IIKNPPS;
IIKNSSS;20095
IIKOSST;4072,6919,7125,17105,20094,20223,20507
IIKOSTT;17210
IIKPSUW;
IILLLSY;2391,5645,8883,8979,9054,9434,12633,13427,13428
IILLMNO;14510,16274,20227,20610
IILLMSY;1773,2574,5645,8368,9054,9096,9097,12633,12642
IILLNOP;20363,20447
IILLNOZ;2580,3092,17108,20447
IILLNST;13007,13017,13381
IILLNTT;2578,3612,4043,4080,4082,9106,13374,13438,15869,16274,16276,16759,20227
IILLPSU;3613,5633,7130,8867,12441,15374,19234,19947,20055,20544,20562
IILMNOS;17214,18371
IILMNSS;9064,13380,20603
IILMORS;2518,4084,6138,6147,12580,13903,16761,17044,17206,17214,19739
IILMOSS;20246,20545,20637
IILMSTU;9053,15087,16283,16284,17113,17217,20228
IILMSTY;3928,4097,5630,8972,9096,13112,17217,20387,20498,20637
IILNNOT;434,460,461,3088,4051,4052,5585,13160,13454,20491,20499
IILNNSU;7587,8364,11919,15089,19381,20101,20201,20239
IILNNTY;1249,1879,3833,3997,4759,5397,5464,5477,5739,6920,8399,9131,10357,10514,11507,12643,12659,12678,12680,12687,13216,14043,15707,16536,16876,16887,19393,20498,20499
IILNOPT;464,4105,16541,20546
IILNORS;343,5866,6365,8985,8987,9091,9137,10624,10637,10639,13459,13460,14466,15068,17206,17214,20567,20640
IILNOSV;18327
IILNOSY;2574,2582,4117,5624,8874,9096,9097,9102,10625,12694,13436,13459,14149,14153,14343,14466,14467,14511,16543,16643,16760,16884,17214,17429,18255,19693,19797,19798,20252,20383,20385,20446,20453,20498,20509,20565,20618,20639,20640
IILNPPY;844,9074,16289
IILNPTU;7128,9063,14372,19073,19944,20238
IILNPUV;10356,10638,12207,17742
IILNRST;4055,6365,8973,8985,8987,9091,9137,10637,13017,13375,13393,13459,13460,20492,20567,20639,20640
IILNRSV;2228,12669,12708
IILNSST;462,3098,4047,14115,14424
IILOPRT;464,3380,4105,11513,11926,16294,16541,16763,17077,17162,19697,20107,20546,20568
IILOPST;10628,13632
IILORTV;13376,13397,16294,16890,19402,19774,19958
IILOSTV;9139,10558,10628,10638,14421,14963,14964,17217
IILPPYZ;12224
IILPRVY;3648,9103,11503,12191,13463,15383,17891,18260,18676,19400,19740,20244
IILPSST;9144
IILPSTY;2584,5043,5633,8950
IILPSWY;13223,19843,20225
IILRTYZ;8900
IILSTTT;4120,5643,5656,10258,10350,12605,12606,12707,13386,17163,20560,20569
IILTTUY;1164,2586,4987,5449,5487,12671,12675,12705,20247,20514,20613,20640
IILTTWY;5643
IIMMMNU;
IIMMNSU;4000,13325,17223,20642
IIMNNOS;14490,16297,18304,19693,19795,19800,19942,19970,20205,20263,20384,20428,20498,20511,20519,20520
IIMNOSS;20519
IIMNOSU;3939,13228,13465,13477,17120,17201,18321,18371,20265
IIMNOTX;3914
IIMNPRT;9153,12439,15870,16024,16253,16298,16301,16906,18975
IIMOPSU;8184,13474,15048,15087,19922
IIMOSST;18350,20246,20268,20394
IIMOSSU;2612,6490,7129,10371,10636,12743,13026,13230,13465,15711,16634,17113,17229,20200,20246,20268,20394
IIMRSST;17169,20619
IIMRSSU;12185,13474,14114,14434,20200
IIMRSTW;
IIMRTTU;3942,13441,14045,14119,17904,19434,20403,20621
IIMRTUV;3060,3627,15593,16861,16890,20621
IIMSSSZ;
IIMSSTT;17224,20607
IIMSSTU;8333,9053,10550,12641,12677,13465,14810,15712,16283,17059,17113,19368,20246,20394,20420,20606
IINNOOP;5869,6373,8903,12998,16886,17231,18307
IINNOPS;
IINNOTU;4293,5475,5554,13454,16267
IINNPSY;9000,12026,12726,13215,16638,17115,18318,19702,20225,20565
IINNQSU;
IINNQTU;19443
IINOPSS;14489,19828,19959,20117,20379
IINOPST;13416,13935,17176
IINORST;13023,13024,13460,20648
IINORSV;8759,9161,9164
IINORTT;19463,19707
IINOSSV;2632,4634,14355,17176,18269,20229
IINOSUV;8897,9139,9161,9164,10413,14968,16930,17176,20250,20272,20635
IINOTTU;3109,3940,4296,8468,9156,10408,10619,12773,13229,13468,13876,14671,15622,19422,19443,20227,20431,20621
IINPPPS;
IINQRUY;11865,18879,19685
IINRSTU;15706,18315,20567,20648
IINRTTY;1266,3111,3955,4045,4082,5641,10344,11539,12700,12708,12776,13179,13401,13424,13459,17172,17227,19432
IINSSST;2406,2634,4140,7141,9167,13416,13461,14400,14440,16898,17228,18369,18372,20283,20435,20638,20649
IINSTTU;4055,14137,14397,14498
IINSTTW;
IIOOPPS;5654,18190,18251,18341,20056,20057,20058,20116,20543,20545,20547,20651
IIOOSTT;4111,5640,5648,5691,10547,13398,13435,13481,13498,13916,14442,16774,16896,17166,17173,17210,20106,20124,20250,20267,20268,20285,20516,20569,20647
IIOPRSS;4003,4292,4294,11536,15070,17209,19256,19457,19474,19475,20116,20117,20126,20379,20571,20574,20636
IIOPSTY;4004,5666,18333,19437,20120,20286
IIORSSV;20200,20253,20574
IIORSTV;
IIOSTTU;5648
IIOSTUV;9139,10413,10558,10628,10638,14421,16930,17176,17217,20242,20250,20635
IIPPSUU;20648,20651
IIPRRSU;2602,8775,9164,18374,20574
IIPRSST;20571
IIPRSTU;13193,13484,18374,20388,20434,20521,20523,20525,20526,20567,20650
IIPRSTY;13936,15072,17125,17168,17227,18333,20641
IIPRTVY;11503,15383,15720,16878,17685,18260,18676,19477,20213
IIQSTUV;18240
IIRRSTT;1594,1595,5045,13498,14822,16934,17177,18672,19096,19428,19433,19445,19459,19476,20266,20286,20569
IISSSTZ;
IISTTZZ;
IITTTZZ;
IJJMSUU;
IJJSTUU;
IJKLLOY;
IJKMOSU;
IJKMSUZ;
IJKNOSS;
IJLLLOY;
IJLLOTY;
IJLMPUY;
IJLNOQU;
IJLNOTY;
IJMNOPS;
IJMNOSS;20467
IJMOOST;4010,14303
IJMOSSS;
IJNNOTU;11560
IJNORSU;9168,17238
IJNOTUX;
IJRSSTU;17238
IKKLOOY;
IKKMNOU;
IKKNNSU;17922
IKKNORT;8359
IKKNSUU;
IKKOOPY;
IKKOPYY;
IKKORRS;
IKKSUUY;
IKLLOTU;
IKLLPSU;2261,3668
IKLLSTU;
IKLLSUY;
IKLMNPU;16343
IKLMOOS;
IKLMOPS;2638,3552,3670,8489
IKLMOSY;2638,3552
IKLMRUY;
IKLMSUY;1288
IKLNNSU;18249,19381
IKLNOOS;13738,19750
IKLNOOT;
IKLNORT;3920,12279
IKLNOSU;3669,12629,13240,13582,13738,14664
IKLNOWY;
IKLNPSU;14988
IKLNRWY;
IKLNTWY;
IKLOOST;
IKLOOTT;14989
IKLOSSU;
IKLSSSU;
IKLSTTU;12632,17210
IKMNNPU;
IKMNOOO;
IKMNOOR;19995,19997
IKMNOOS;
IKMNORS;4366
IKMNOSW;12781,13244,17759,19860
IKMNPPU;16343
IKMNRSU;
IKMNRTU;
IKMOOST;11567
IKMOSSU;
IKMPRSS;4013,12631,13334,13425
IKMSSTU;
IKNNNOS;4071,20450
IKNNPSU;
IKNNPTU;
IKNNSTU;
IKNOOST;
IKNOPRW;
IKNOPST;4070,15887,16341,16939
IKNORSW;
IKNORTW;12279,15042
IKNPSTU;
IKOORTT;
IKORSTU;2531,13240,18703
IKOSSTU;
IKPRSSU;
IKPRSSY;18615,19233
IKPRSTU;13240
ILLLOWY;1269
ILLMNOU;3836,4146,12992,14510,20610
ILLMNRU;3831,3961,4148,12992,16546
ILLMOOR;4149,4648,6291,7153,7405,13247,13431,13504,14468,17126,19995
ILLMOOT;4016,6292,8495,8497,9175,13247,13431,13930,16944,17126
ILLMOPS;2533,4015,4017,4144,13028,13249,17239,20562
ILLMOSU;2646,5368,13797,16945,16946,20228,20405,20654
ILLMPUY;
ILLMSUU;4147,8509,9176,12790,16946,17240,20228,20405,20654
ILLNOOY;981,1599,2648,4754,4776,4777,6187,8514,9008,9102,10422,10426,12290,12291,12795,13336,13426,13431,16793,19998,20293,20297,20509,20652,20653
ILLNOQU;3609,3687,12798,15890,16352,19489,20294
ILLNORU;2535,8229,8513,9099,12992,13206
ILLNOST;20652
ILLNPUU;
ILLNSUW;18272
ILLNTUY;1270,3687,3962,3966,4148,6353,7408,8503,10566,10589,10626,10650,11582,11583,13202,14511,17929,19489,19709,19999,20365,20375,20380
ILLOOPY;1117,7154,9108,9182,12290,12795,13880,15558,16793,17239,20528
ILLOORZ;13336
ILLOOWY;19998
ILLOPRY;298,5504,6192,6924,8762,9103,10278,10622,12787,12789,13504,15558,17239,20396,20528
ILLOPST;4221,4477,9108,9180,9181,10628,13028,13503,13505,13507,13632
ILLOPSW;20396
ILLOPWY;20396
ILLOQUW;
ILLOSTU;471,1291,1601,1603,2646,5602,10628,12993,13028,13430,14421,17053,20228,20544,20614,20654
ILLOSUV;9010,9110,14421,19491,20653
ILLOSUY;1603,2407,2646,9110,12291,12294,12993,14991,16534,16884,16945,16946,16947,17212,20385
ILLOSWW;
ILLOTUW;
ILLOTXY;4016
ILLOUVV;3963,16947
ILLOWWY;
ILLPPUY;3066,5632,20298
ILLPSUV;16945
ILLQQSU;
ILLQSSU;
ILLRSUY;1534,13613
ILLSTUY;1270,2646,3694,4362,5633,8357,11570,11582,12294,12642,12803,12993,16534,16884,16946,17212,18309,20375
ILMMRUY;20403
ILMMSSU;1179,5559,5670,5671,8533,9185,9187,12807
ILMMSUU;
ILMNOOT;14492,14515,15053,17048,17126,18274,18325,18326,19118,20005,20006,20242,20510,20513,20633,20634,20635,20652,20658
ILMNOOY;4754,4776,6987,9170,10633,12663,13253,13431,16797,20299,20652
ILMNOSU;17214,18371,20634
ILMNRSU;17214,19724,19739,20005,20303,20656,20658
ILMNSSU;4738,5017,5559,5670,9185,20527,20533,20603,20655
ILMOORY;3705,3883,4149,7159,10567,10633,12308,13247,13338,13341,13431,13504,13655,13928,14258,14506,14995,15099,16365,16366,16547,17239,18337,19868,19869,19995,20528,20549,20575,20636,20656
ILMOOSS;14515,18173,20528,20545,20566,20631,20632,20634,20636,20637,20655
ILMOOSV;20635,20656
ILMORSW;
ILMORTU;1289,4022,5667,6265,9171,13084,19266
ILMOSTY;6188,6331,6978,8368,9096,14270,14567,19486,20498,20637,20652
ILMOSUY;4782,6989,7159,12820,15722,16945,17214
ILMPSSY;13882,19400,20550,20636,20637
ILMPSTU;15087
ILMRSSY;14506,17179,17243,20528
ILMSSUY;1272,5508,12826,16730,20303,20307,20308
ILMSTUY;1288,3559,12642,18056
ILMUYZZ;
ILNNOOY;4369,4777,6987,8919,8922,9170,12680,13504,13514,16797,17047,17129,19998,20297,20299
ILNNOPS;4084,4144,9177,11619,11620,13433,16792,17115,17408,17409,17578,17938,19068,19512,19514,20565
ILNNORU;2660,7132,8513,8537,8539,9099,9200,13020,14358,14371,14617,14638,15054,16373,16675,19127,19513
ILNNSUY;3679,3931,4782,5627,14477,17214,17348,19999,20011,20453
ILNOOPS;9177
ILNOOPV;11951,12324,15331,19133,20014
ILNOORS;18352,19863,20406,20439,20656,20658
ILNOOSS;20402,20631,20655
ILNOOST;
ILNOPPS;9203,13343
ILNOPRU;
ILNOPST;20438
ILNOPSU;
ILNOPSY;18255
ILNOPYY;9009,9181,9203,13508
ILNOQSU;15896,16683,19527,20240,20241,20618,20631,20634,20655
ILNORST;17052,17089,20492
ILNORSU;7163,9018,9190,13338,18352,20656
ILNORTU;2535,2598,3995,4115,5561,9200,10517,13020,13522
ILNOSST;13222
ILNOSSU;5017,5670,9185,13399,20631,20655
ILNOSTU;20614,20618
ILNOSTY;14511,16543,16673,16884,17429,20383,20498,20618
ILNOSWY;
ILNOTUV;6375,13454
ILNPRSU;
ILNPSST;9205,14489,17167,20376,20438,20559,20576,20577,20661
ILNPSTU;17435,18938,19713
ILNRSTY;470,10650,13401
ILNSSTU;17238,17247
ILNSSVY;
ILNTTUY;127,1499,2885,12671,12705,14339,17936,19709,19999,20514,20640
ILOOORS;9011,11645,12846,13345,14449,14505,15035,15724,17180,18066,18930,20406,20578,20656
ILOOPST;20578
ILOOPTT;8546,8565,8580,9019,9207,12096,12691,12815,12834,13508,17161,20014,20299,20568
ILOORST;18337,20534
ILOORTY;1275,2654,3117,3705,3883,5623,8926,10215,10633,12837,13247,13336,13431,13655,13928,14146,14506,14995,15053,15099,16970,18337,19868,19869,20133,20254,20427,20534,20546
ILOOSST;5558,20566
ILOOSTY;3117,13932,14146,14506,17212,20663
ILOOWYZ;
ILOPPSY;2668,2680,5654,9203,19535,20017
ILOPRRY;5504,5514,10622,13526,19536,19538,20636
ILOPRSY;2638,17239,18335,18342,20396,20440,20528,20636
ILOPRUY;17434,18061,18335,18342,20135,20396,20440,20641
ILOPSST;
ILOPSSX;20577
ILOPSTT;20659
ILOPSTU;4363,5613,13094,15087,17210,20544,20663
ILOPSUY;3083,8930,16945,17222,18061,18335,18342,20013,20132,20135,20396,20440,20641,20663
ILOQRSU;345,10624,16683,18352,20231,20232
ILORRSY;5505,6383,10653,12036,12844,13347,13459,13511,13526,13527,18255,19139,19496,19536,19538,20313,20636
ILORSTU;15091,17249
ILOSSTY;19486,19509,20307,20308,20313,20637
ILOSTTW;
ILPPSSU;
ILPPSTU;
ILPRSUY;2602,13262,17239,18335,20381,20396,20440,20515,20641
ILPSTTU;9145,13321,13402,17210,18929,20311,20659,20663
ILPSTTY;12700,19529
ILPSUUV;
ILQRSSU;14427,16881,19240,20231
ILRSSTU;17238,17247,17249
ILRSSTY;14506,14521,14522,18323,18375
ILRSTUY;3559,19139,19510,20308,20639
ILRSUUV;6388,9018,9146,12850,16885,16903,16949,19741
ILRTTUY;13886,14339,14845,17936,19709,20403
ILSSTTU;13259,13266,20532,20657,20659
ILSSTTY;13401,13428
ILSTTUU;2310,13267,19672,19714,20389,20407,20640,20659,20663
IMMMOSS;3740,3967,5670,8528,20136
IMMNOSS;1292,4027,4083,4169,13033,13467,19284,20507
IMMNOSU;10446,12339,13268,18276,20028,20642
IMMNOUU;9210,13468
IMMOORS;18347,19285,20064,20067,20129,20136,20137,20477,20549,20552,20575
IMMOOSS;7706,10447,12471,13269,13349,15598,17224,17252,19285,19812,20136,20138,20139,20140,20580,20631
IMMOPTU;4022,14444,16906
IMMOSSU;
IMMOSTU;8600,13809,18366,20510,20642
IMMOSTW;
IMMSSTU;
IMNNNOU;8537,9115,13887,17251,18261
IMNNOOR;4756,7712,17058,17061,17137,18044,18278
IMNNOSW;12496,12813,14490
IMNNSTU;4000,13307,14727,14851,17250,20319
IMNOOPP;6337,13130
IMNOOPT;2661,3743,4023,13130,13408,13628,13914,18274
IMNOORR;3490,5324,7093,7712,13270,18301,20553
IMNOORS;4029,18353
IMNOORT;13472,20621
IMNOOSS;4172,4173,17253,20665
IMNOOST;17250,20634,20635,20652
IMNOOSU;6377,9117,13529,17136,20241,20242,20265,20513
IMNOOSY;4168,4776,5744,13253,14124,16196,16693,17081,18353,19884,20480,20652
IMNOOUX;
IMNOPPU;
IMNOPRW;
IMNOPSU;5604,13532,15048
IMNORRU;8539,14125,15005
IMNORTY;
IMNOSST;20665,20666
IMNOSSY;17253,19260,19559,20293,20303,20519,20632,20665
IMNOSVY;13517,20635,20653,20656
IMNRRSU;
IMNRSTU;17039
IMOOPRX;20264
IMOOSSS;2696,8782,9012,12868,13299,14500,14976,15098,16954,17057,17111,17130,17138,19066,19120,19500,19912,20008,20072,20323,20324,20555,20570,20664
IMOOSSU;6392,13349,13810,17113,17255,20476
IMOOSTV;13483,16988,19554
IMOPRSS;20528
IMOPRST;
IMOPRSV;
IMOPRTT;15078,16306,17083,20111
IMOPRTU;4022,8938,9153,13084,13255,14444,20478
IMOPSST;20529,20637
IMOPSTU;6992,8552,13353,13531,15087,15103,15427,18282
IMORRRS;6702,13811,14012,16698
IMORSST;20619
IMORSTU;13530,13940
IMORSTY;15077
IMOSSTU;13259,13271,14518,14519,17113,20533
IMOSSYZ;
IMOSTTT;4173
IMOSTUV;
IMOSTUW;1255,12813,18371
IMPRSSU;13394,13474
IMPSSTU;
IMQRSSU;18678
IMQRSUY;
IMRSSTU;19724,19726
IMRTTUY;17936,20403
INNNOOR;8511,9155,10616,12722,12861,14855,15683,16411,18044,19711,20317
INNNORU;8537,8625,15038
INNOOPS;9177,10591,11619,14849,15074,15079,16398,16824,17938,19295,19512,19544
INNOORS;9228,11880,12354,13604,14472,14823,14858,20406
INNOOST;4160,11619,13487,19295
INNOPRY;13504
INNOPSY;4026,4144,6339,9000,10591,15079
INNORST;13470
INNOSSU;17102
INNOSTU;
INNOSUY;4480,4782,9131,15008,17214,19154,19155,20453
INNOSWW;
INNQSUY;
INNRSTU;15106
INOOPRT;4139
INOOPSS;
INOOPST;
INOORSS;481,1616,4029,13919,20479
INOORST;
INOORSZ;3977,4109,12980
INOORTT;13629,17152,19513,20014,20621
INOOSST;13489,20645
INOOSUX;13742,20335
INOPPST;16920,16921,17235,20075
INOPRSS;13935,17209
INOPRST;13935
INOPRSU;9164,13935
INOPSST;1614,13416,17209
INOPSSU;19590
INOPSTT;
INOPSTU;15103
INORSTT;
INORSTU;
INORSUU;861,3981,4787,5652,9018,12828,13284,13285,13460,14472,19557,19739,20265,20397,20413,20466,20648,20658
INORSUV;9018,9164,20406,20658
INOSSTT;14520,20626
INOSSTU;1303,14519,14520,17375,18286,18363,19464,19597,20199,20323,20341
INOSSUU;5044,5598,5652,5673,9191,10519,12821,13032,13222,13284,13621,13937,14518,14520,16964,17060,17220,17236,17978,18135,18286,18340,18373,19177,20527,20537,20655
INOSTUW;12813,16441
INPRSST;
INPRSTU;17246,20567
INPRSTY;307,1297,1618,5264,6327,6385,8483,11320,11728,13447,13941,14930,15004,16134,17125,17188,17191,17227,19432,19993,20588
INPRTUY;13340
INQSSTU;4141,9087,18363,20608,20634
INQSTUY;5509,11582,20618
INRSTTU;
INSSTUU;9191,10519,12911,13032,13232,15624,16708,16966,17220,17388,17978,18373,19673
INSTTUW;15687
INTTUWY;
IOOPRSS;481,1260,3745,5423,9241,10655,11954,13140,13141,15703,17248,20672
IOOPRSV;16824,20258,20267,20332
IOOPSTY;13505,13507,15013,15079,20393,20480,20663
IOORSSS;8782,13265,16780,16969,16995,17057,17144,17171,17195,17967,18940,19161,19165,20015,20077,20164,20165,20335,20342,20534,20555,20570,20590
IOORSST;6306,6394,13661
IOORSTT;
IOORSTU;11396,12533,15851,16838,18374
IOOSSSS;16407,17969,20586
IOOSSST;13139,13361,15098,17138,17144,17195,18369,20590,20620,20649,20651,20664
IOPPPRT;4180
IOPPPST;13092,13353
IOPPRST;3084,3747,3990,12416,12673,13484,14571,20304
IOPPSTT;13142,13346,13354,13498,20525,20581,20647
IOPRSST;17209
IOPRSSY;4031,15070,18789,19605
IOPRSTT;20441
IOPSSTU;20651
IOPSTTU;20663
IOPTTUY;12922,14788,15011,15720,20629,20663
IOQRTTU;8486
IOQSSTU;3389,3840,9087,15357,16332,18363,18370,20608
IORRSTW;18213,19310,20343
IORRSZZ;
IORRTTX;11689,12904,19174
IORSSTU;17192,18370,20155
IORSTTU;
IORSTTW;18357
IORTTUW;18357
IOSSSTT;8933,9167,13265,13461,17165,20638,20659
IOSSTTU;1325,2500
IOSTTUW;15687
IPPQSUU;
IPRRSTU;1296,8775,13484,14209,18696
IPRSSTU;
IPRSTUU;9145,12852,13127,14971
IPRSTYZ;17008,19211
IPSSSTY;9089,11322,12512,13331,15013,18348,19212,19598,20060,20082,20165,20236
IPSSTTY;10648,13305,19182,19529,20583,20629
IPSTTTU;11418,11615,20526,20650
IPTTTUY;
IQRRSSU;
IQRSSTU;18370
JJSTUUU;
JKNOOSU;20344
JLLOOPS;
JMOPTUU;
JNNORUY;
JNNOSTU;10481,16450
JNOORSU;9168
JOOPPSY;
JOSTTUU;
KKLMSUU;
KKLOOYZ;
KKMMSUU;
KKMOOSU;
KKMSTUU;
KKNORSS;11563,12628,19994
KKNRSUU;
KKOOPSU;
KKOSTUU;
KKSSSTT;
KLLMOSU;
KLNOOPS;12925,13540
KLOOOTU;
KLOOPSU;17210,18707,19383
KLOSTUU;
KLRSTUU;
KMOOORS;
KMOSSUY;
KMPRSSU;11757
KNNNOUW;
KNNOORW;13242,19997
KNNOSTU;
KNOOPTT;
KNOPRTY;9243
KNORRTY;
KNORSUW;17010,20344
KOOOTTU;
KOOPRTW;
KOORTUW;
KOOSSSU;
KOOSSUU;
KOOSTTU;17210
KOOSTWW;
KOPRSUW;
KORTTUW;
LLLMMUU;
LLLOOPS;45,487,13502,17155
LLLOOPY;
LLMMSUU;
LLMOOPR;11290,13504
LLMPPUY;
LLNORSU;3772,5281,5385,8945,10482,11970,13289,13820,14022,18954,19758,20346
LLOOPRT;
LLOOPSY;7154,9108,12290,12795,12931,12932,13145,13287,13436,13507,13880,17239,18226,20169,20528,20593,20674
LLOOPTU;
LLOORTU;12796,16048,20427
LLOOSTU;17212,20539,20654
LLOPRSU;3983,12441,13502,14508,17239,17258,20396,20594
LLOPTUU;
LLORSST;20049
LLOSTUY;1603,2646,4151,10651,12993,13511,17212,20539,20540,20673,20674
LLPPSUU;19759
LMMSTUU;
LMOOOOS;13253,16588,20675
LMOORSU;14505,19119,19624,20005,20173,20596,20656,20658
LMOOSTY;4187,5680,13292,13543,14455,15099,20541,20635,20637,20652,20675
LMOPSUU;20304,20597,20659
LMORSSU;15711
LMRSTUU;13019,14516,17240,20405
LMSTTUU;14155,20659
LMSTUUU;2710
LNNOOOW;
LNNOPSU;9130,13125,13342
LNOOPSU;13544,20132,20593
LNOOPTU;8294,13255,18274,19625
LNOOSST;4187,5048,9249
LNOPSTU;
LNOSSUU;4182,5328,5530,5652,5673,8137,9191,12821,12939,13032,13222,14071,14324,16465,16466,16557,16953,16964,17060,17220,17238,17259,17999,18180,18292,18373,19730,19760,20300,20347,20349,20527,20655
LNPSTUU;3792,4163,5000,9204,12939,13127,13503,17435,18292,19633,20239
LNRTUUV;2679,9107,9686
LNRTUUY;2679,13522,14126,17943,18230,18959,20346,20365,20380,20640,20662
LOOOORS;
LOOORST;5681,8789,11645,13345,14413,14524,16469,16969,17017,18930,19042,20172,20578
LOOPTTU;7776
LOOSSTV;3116,20229
LOPPRSY;12553,17945,19535,19637
LOPPSUU;
LOPPSUY;9208,12426,20063
LOPRRSY;13347,20636
LOPRSTY;
LOPRSUY;3527,14508,17258,20396,20594
LOPRTUY;5561,15632,16970,17156,17249,20348,20641
LOPSSTY;4187,13301,13305,17167,17243,17249,20529,20597,20637,20661
LORSTTY;5186,5426,5655,7048,7164,9251,10653,11439,11798,11971,12847,13459,13525,14146,14327,14745,15099,15953,15963,16467,17135,17548,18337,20000,20018,20312,20348,20351,20535,20640
LORSTUU;1624,4787,9194,12828,12850,13019,13267,13449,13460,14516,15091,17051,17240,18230,19633,19715,20389,20405,20640,20658
LOSTTUY;7164,8767,9251,10653,11971,13511,13525,13622,14327,14952,16467,16808,16892,17054,20348,20351,20539,20540,20640,20663,20673
LPRSSTU;2715,14524,17133
LPRSSUU;14524,16465,16901
MMNNOOY;17251
MMNOSSU;9252,17021
MMOOPPS;20129,20575
MMOOSTT;3026,8691,8693,9212,20177
MMOPSTY;311,9021,12857,13366,19043,20541
MMRRSUU;13528,19550
MMSTUUU;
MMSUUUU;
MNNOOOS;20428,20443,20511,20517
MNNOORU;3800,9254,17027,19332,19625
MNNOSYY;20520
MNNOTUU;7796,12944,14391
MNOOOPP;20558
MNOOOYZ;
MNOOPPS;19638,19823
MNOOPST;20443
MNOOPTY;18361,20558
MNOORSU;17260,18353,20599
MNOOSTU;3392,11092,11807,12936,13271,13292,13899,15103,17015,17223,17250,17260,20323,20510,20513,20633,20634,20635,20642
MNOOSTW;14515
MNOOSUY;13290,17260,18353,19337,20486,20593,20667,20675
MNOOTTW;
MNORSTU;17039,17260
MNOSTTU;10658,11811,14155,16053,16304,16477,16845,17199,18231,20605,20677
MNOTTUY;20667
MOOOPPS;15006,16846,20172,20173,20487,20581,20596
MOOOTYZ;9175,20482
MOOPPSU;4041,13353,13355,17436,20147,20173,20668
MOOPRSY;8949,9219,13372,13546,17260,20477,20528,20549,20668
MOOPSSU;13349,17255
MOOPSTT;13257,13294,13354,13407,13475,13531,13533,13546,14405,16736,16907,17028,19638,20267,20530,20581,20582
MOORRSW;
MOOSTTU;2559,3026,5648,8693,10658,14155,17190,17199,19626,20268,20667
MOPPRST;3747,3893,12673,13354,13355,13356,13484,20172,20243,20581,20668
MOPRSTU;8947,8949,17260
MOPSSSU;8457,12393,12882,14438,14523,16484,16984,19293,19564,20659
MOPSSUU;18293,20327,20659
MOQRSUU;3124,11695,19557,20265
MOQSTUU;11695,20228,20654
MORRSTU;8947,10498,13293,13484,14516,18231,20668
MORRSUU;13528,14516,15100,18955,19341
MORSTUU;1624,9194,13019,13449,14516,19341
MOSSSTY;12047,20600
MOSSTTU;10492,12824,19626,19727,20246,20268,20354,20657,20659
MOSSTUU;9191,12821,14518,20246,20319,20659
MOSTUUW;
MPSSTUU;12953,14445,15712,20659
NNNSUUY;
NNOOOPR;8969,10572,10596,13153,13154,13261,17137,19186
NNOOOPT;10572,10596,13154,13261,13365,13514,18361
NNOOPRS;17938,20051,20505
NNOOPRU;19625,20052,20185
NNOOPSS;17025
NNOOPST;8310,9158,13531,15079,18290,19295,19544,20051
NNOORSY;4168,10393,19333,19649
NNOOSTW;
NNORSTU;4176,13358,13532
NNORSUW;19717,20155,20187
NNOSSUY;1201,4189,8666,15665,19649
NNOSTYY;9179,12830,16829,18290
NNRSTUU;3348,4171,4176,12828,15015,20334,20625
NOOOSUZ;17094
NOOOSVX;
NOOPRSS;
NOOPRST;17260,18345,18596,18839,19614,19631,19653,20051
NOOPSSY;4187,9227,13362,15075,15101,17095,17143,20393,20474,20576,20577,20587,20661,20665
NOOPSUY;1523,12567,13104,13362,17019,17260,20132,20348,20393,20593
NOORSST;
NOORSTU;13547,20650
NOORTUW;9254,10598,16494,17027,20186
NOOSTTU;6384,8787,9198,9229,9251,10658,13547,14155,15010,15106,15687,16464,16896,17199,17232,18268,20250,20667
NOOTTWY;
NOPPRSU;4042,12906,18219,19590,20332,20359
NOPSSTU;16495,16499,17031,20189
NOPSTUW;
NORSTUU;3981,12828,13044,13285,13460,14659,15015,15020,20648
NORTTUU;
NOSSTUW;14525,18005,19351
NPRSTUU;18271,19633,19653,20648
NRSSTTU;7172,13311
NRSSTUU;13032,17133
NRSTTUU;
OOOOPRT;10595,10596,16847,20542
OOOOSZZ;
OOOPRTU;14672,15705,20185
OOORTTU;4177,15705,18376,20185,20444
OOPPSST;20651
OOPPSTU;3898,12932,12941,13105,13353,13355,19658,19659,20551,20578,20651
OOPRRST;13293
OOPRSSU;16853,18232,20573
OOPRSTU;20573
OOPRSTV;
OOPRTTU;15705,20185
OOPRTUU;13884
OOPSSTT;
OOPSTTU;6399,17028
OOPSWWW;
OORRSSW;5010,13155,13332,14525,19616,19652,19734,19765
OORSTUU;5682,17062,19715
OORSTUW;
OORTTTU;3979,4177,8703
OPPPRSU;12906,20045
OPPRRTU;
OPPRSTU;16470,20578
OPPRSTY;3084,13356,13369,14221,15027,16823,16840,16855,19637,20668
OPPRSUY;1577,9208,10131,20596,20641,20668
OPRSSTU;10575
OPSSSTU;20600,20651,20659
OPSTTUU;17028,20361,20659,20663
ORRSTTU;13494,13497
ORSSSTU;4798,13035,13538,17144
ORSSTTU;
ORSSUUU;
ORSTTUU;7061,9194,20361
ORSTTUY;1311,1628,3125,9251
RSSSTUU;12933,13538,14460,17032,19329,20306
